fold,phase,condition,target,target_short,features,scaler,model,n_train,n_test,n_features,CCC,MAE,RMSE,Pearson_r,R2,Spearman_r
1,latency,ALL_CONDITIONS,phq_8,PHQ8,full,StandardScaler,Ridge,200,50,5,-0.0304,5.6502,6.4797,-0.045,-0.1945,-0.0614
1,latency,ALL_CONDITIONS,phq_8,PHQ8,full,StandardScaler,Lasso,200,50,5,-0.0319,5.6963,6.5583,-0.0447,-0.2236,-0.0514
1,latency,ALL_CONDITIONS,phq_8,PHQ8,full,StandardScaler,ElasticNet,200,50,5,-0.0289,5.6115,6.4302,-0.0445,-0.1763,-0.0611
1,latency,ALL_CONDITIONS,phq_8,PHQ8,full,StandardScaler,SVR,200,50,5,-0.0444,5.5599,6.4869,-0.0668,-0.1971,-0.0496
1,latency,ALL_CONDITIONS,phq_8,PHQ8,full,StandardScaler,KNN,200,50,5,-0.0915,5.7511,6.7812,-0.1246,-0.3082,-0.1315
1,latency,ALL_CONDITIONS,phq_8,PHQ8,full,StandardScaler,RF,200,50,5,-0.0051,5.4452,6.4457,-0.0072,-0.182,0.0056
1,latency,ALL_CONDITIONS,phq_8,PHQ8,full,StandardScaler,ET,200,50,5,-0.0304,5.4786,6.4181,-0.0471,-0.1719,-0.0579
1,latency,ALL_CONDITIONS,phq_8,PHQ8,full,StandardScaler,GB,200,50,5,-0.0036,5.4681,6.5391,-0.0049,-0.2165,0.0049
1,latency,ALL_CONDITIONS,phq_8,PHQ8,full,StandardScaler,XGB,200,50,5,0.0192,5.3739,6.4339,0.0263,-0.1776,0.0188
1,latency,ALL_CONDITIONS,phq_8,PHQ8,full,StandardScaler,MLP,200,50,5,0.0054,5.4334,6.5083,0.0071,-0.205,0.0018
1,latency,ALL_CONDITIONS,phq_8,PHQ8,full,StandardScaler,LGBM,200,50,5,0.0072,5.5553,6.5609,0.0091,-0.2246,0.0097
1,latency,ALL_CONDITIONS,phq_8,PHQ8,full,StandardScaler,CatBoost,200,50,5,-0.0122,5.45,6.4147,-0.0179,-0.1706,-0.0352
1,latency,ALL_CONDITIONS,phq_8,PHQ8,full,MinMaxScaler,Ridge,200,50,10,-0.0697,5.5931,6.5771,-0.109,-0.2307,-0.0944
1,latency,ALL_CONDITIONS,phq_8,PHQ8,full,MinMaxScaler,Lasso,200,50,10,-0.07,5.6516,6.6403,-0.1039,-0.2544,-0.0956
1,latency,ALL_CONDITIONS,phq_8,PHQ8,full,MinMaxScaler,ElasticNet,200,50,10,-0.0684,5.5523,6.5253,-0.1123,-0.2113,-0.0982
1,latency,ALL_CONDITIONS,phq_8,PHQ8,full,MinMaxScaler,SVR,200,50,10,-0.089,5.7178,6.6587,-0.1315,-0.2614,-0.1348
1,latency,ALL_CONDITIONS,phq_8,PHQ8,full,MinMaxScaler,KNN,200,50,10,-0.1572,6.056,7.0167,-0.2125,-0.4007,-0.2074
1,latency,ALL_CONDITIONS,phq_8,PHQ8,full,MinMaxScaler,RF,200,50,10,-0.0865,5.4384,6.6244,-0.1341,-0.2484,-0.1368
1,latency,ALL_CONDITIONS,phq_8,PHQ8,full,MinMaxScaler,ET,200,50,10,-0.1589,5.6879,6.8633,-0.2384,-0.3401,-0.2139
1,latency,ALL_CONDITIONS,phq_8,PHQ8,full,MinMaxScaler,GB,200,50,10,-0.2108,5.9184,7.493,-0.2476,-0.5973,-0.2314
1,latency,ALL_CONDITIONS,phq_8,PHQ8,full,MinMaxScaler,XGB,200,50,10,-0.1364,5.5413,6.9394,-0.184,-0.37,-0.1747
1,latency,ALL_CONDITIONS,phq_8,PHQ8,full,MinMaxScaler,MLP,200,50,10,-0.0623,5.6203,6.6503,-0.0898,-0.2582,-0.0829
1,latency,ALL_CONDITIONS,phq_8,PHQ8,full,MinMaxScaler,LGBM,200,50,10,-0.0989,5.6806,7.0546,-0.1204,-0.4159,-0.0955
1,latency,ALL_CONDITIONS,phq_8,PHQ8,full,MinMaxScaler,CatBoost,200,50,10,-0.0827,5.4596,6.6091,-0.1285,-0.2427,-0.1616
1,latency,ALL_CONDITIONS,phq_8,PHQ8,full,RobustScaler,Ridge,200,50,10,-0.0421,5.423,6.3562,-0.0758,-0.1494,-0.1152
1,latency,ALL_CONDITIONS,phq_8,PHQ8,full,RobustScaler,Lasso,200,50,10,-0.0817,5.8533,6.7749,-0.1151,-0.3058,-0.1067
1,latency,ALL_CONDITIONS,phq_8,PHQ8,full,RobustScaler,ElasticNet,200,50,10,-0.0265,5.2447,6.1802,-0.0618,-0.0866,-0.1074
1,latency,ALL_CONDITIONS,phq_8,PHQ8,full,RobustScaler,SVR,200,50,10,-0.0699,5.4742,6.4948,-0.1125,-0.2001,-0.0975
1,latency,ALL_CONDITIONS,phq_8,PHQ8,full,RobustScaler,KNN,200,50,10,-0.1932,6.1143,7.1263,-0.2602,-0.4448,-0.2194
1,latency,ALL_CONDITIONS,phq_8,PHQ8,full,RobustScaler,RF,200,50,10,-0.041,5.2715,6.3959,-0.0683,-0.1638,-0.0682
1,latency,ALL_CONDITIONS,phq_8,PHQ8,full,RobustScaler,ET,200,50,10,-0.0815,5.4228,6.5192,-0.136,-0.2091,-0.1487
1,latency,ALL_CONDITIONS,phq_8,PHQ8,full,RobustScaler,GB,200,50,10,-0.1278,5.5554,6.9479,-0.167,-0.3734,-0.126
1,latency,ALL_CONDITIONS,phq_8,PHQ8,full,RobustScaler,XGB,200,50,10,-0.1143,5.3404,6.7827,-0.1639,-0.3088,-0.1603
1,latency,ALL_CONDITIONS,phq_8,PHQ8,full,RobustScaler,MLP,200,50,10,-0.1251,5.7791,7.0385,-0.1644,-0.4094,-0.0815
1,latency,ALL_CONDITIONS,phq_8,PHQ8,full,RobustScaler,LGBM,200,50,10,-0.106,5.6623,6.9343,-0.1353,-0.368,-0.1312
1,latency,ALL_CONDITIONS,phq_8,PHQ8,full,RobustScaler,CatBoost,200,50,10,-0.0678,5.3598,6.5271,-0.1078,-0.212,-0.1276
2,latency,ALL_CONDITIONS,phq_8,PHQ8,full,StandardScaler,Ridge,200,50,10,0.1488,5.4512,6.5934,0.1614,-0.2358,0.197
2,latency,ALL_CONDITIONS,phq_8,PHQ8,full,StandardScaler,Lasso,200,50,10,0.1551,5.5403,6.7156,0.1644,-0.282,0.1701
2,latency,ALL_CONDITIONS,phq_8,PHQ8,full,StandardScaler,ElasticNet,200,50,10,0.1543,5.5272,6.698,0.1641,-0.2753,0.1771
2,latency,ALL_CONDITIONS,phq_8,PHQ8,full,StandardScaler,SVR,200,50,10,0.1711,4.9719,5.7954,0.2608,0.0452,0.1932
2,latency,ALL_CONDITIONS,phq_8,PHQ8,full,StandardScaler,KNN,200,50,10,0.1617,5.0911,5.8785,0.2476,0.0176,0.1595
2,latency,ALL_CONDITIONS,phq_8,PHQ8,full,StandardScaler,RF,200,50,10,0.1071,5.4235,6.1283,0.1552,-0.0676,0.1272
2,latency,ALL_CONDITIONS,phq_8,PHQ8,full,StandardScaler,ET,200,50,10,0.1228,5.3364,6.0907,0.1797,-0.0546,0.1627
2,latency,ALL_CONDITIONS,phq_8,PHQ8,full,StandardScaler,GB,200,50,10,0.101,5.4694,6.4194,0.1284,-0.1715,0.1009
2,latency,ALL_CONDITIONS,phq_8,PHQ8,full,StandardScaler,XGB,200,50,10,0.1439,5.3308,6.2452,0.1846,-0.1087,0.1579
2,latency,ALL_CONDITIONS,phq_8,PHQ8,full,StandardScaler,MLP,200,50,10,0.0946,6.4398,9.1561,0.0975,-1.3832,0.094
2,latency,ALL_CONDITIONS,phq_8,PHQ8,full,StandardScaler,LGBM,200,50,10,0.1304,5.6481,6.4533,0.1593,-0.1838,0.117
2,latency,ALL_CONDITIONS,phq_8,PHQ8,full,StandardScaler,CatBoost,200,50,10,0.1294,5.4473,6.152,0.179,-0.0759,0.1396
2,latency,ALL_CONDITIONS,phq_8,PHQ8,full,MinMaxScaler,Ridge,200,50,5,0.1328,5.247,6.2784,0.1607,-0.1205,0.2205
2,latency,ALL_CONDITIONS,phq_8,PHQ8,full,MinMaxScaler,Lasso,200,50,5,0.1381,5.3925,6.5217,0.1533,-0.2091,0.2063
2,latency,ALL_CONDITIONS,phq_8,PHQ8,full,MinMaxScaler,ElasticNet,200,50,5,0.1247,5.1528,6.1472,0.1637,-0.0742,0.233
2,latency,ALL_CONDITIONS,phq_8,PHQ8,full,MinMaxScaler,SVR,200,50,5,0.2266,5.2609,6.1113,0.2676,-0.0617,0.204
2,latency,ALL_CONDITIONS,phq_8,PHQ8,full,MinMaxScaler,KNN,200,50,5,0.1706,4.9933,5.9298,0.2453,0.0004,0.1923
2,latency,ALL_CONDITIONS,phq_8,PHQ8,full,MinMaxScaler,RF,200,50,5,0.1492,5.1491,5.988,0.2188,-0.0193,0.1945
2,latency,ALL_CONDITIONS,phq_8,PHQ8,full,MinMaxScaler,ET,200,50,5,0.2069,4.9257,5.8365,0.2937,0.0316,0.2616
2,latency,ALL_CONDITIONS,phq_8,PHQ8,full,MinMaxScaler,GB,200,50,5,0.1942,5.2711,6.2325,0.24,-0.1042,0.2012
2,latency,ALL_CONDITIONS,phq_8,PHQ8,full,MinMaxScaler,XGB,200,50,5,0.1948,5.236,6.1784,0.2496,-0.0851,0.2149
2,latency,ALL_CONDITIONS,phq_8,PHQ8,full,MinMaxScaler,MLP,200,50,5,0.1941,5.2671,6.1889,0.2261,-0.0888,0.2475
2,latency,ALL_CONDITIONS,phq_8,PHQ8,full,MinMaxScaler,LGBM,200,50,5,0.1463,5.5872,6.5958,0.1709,-0.2367,0.1575
2,latency,ALL_CONDITIONS,phq_8,PHQ8,full,MinMaxScaler,CatBoost,200,50,5,0.1785,5.1815,6.0708,0.2316,-0.0477,0.2155
2,latency,ALL_CONDITIONS,phq_8,PHQ8,full,RobustScaler,Ridge,200,50,10,0.1102,5.2036,6.2189,0.1421,-0.0994,0.2053
2,latency,ALL_CONDITIONS,phq_8,PHQ8,full,RobustScaler,Lasso,200,50,10,0.1321,5.289,6.3836,0.1539,-0.1584,0.2184
2,latency,ALL_CONDITIONS,phq_8,PHQ8,full,RobustScaler,ElasticNet,200,50,10,0.1315,5.3157,6.4039,0.1522,-0.1658,0.2072
2,latency,ALL_CONDITIONS,phq_8,PHQ8,full,RobustScaler,SVR,200,50,10,0.1659,5.2131,6.0244,0.2136,-0.0317,0.1319
2,latency,ALL_CONDITIONS,phq_8,PHQ8,full,RobustScaler,KNN,200,50,10,0.0779,5.3178,6.2288,0.1208,-0.1029,0.0773
2,latency,ALL_CONDITIONS,phq_8,PHQ8,full,RobustScaler,RF,200,50,10,0.1352,5.2496,5.9643,0.206,-0.0112,0.167
2,latency,ALL_CONDITIONS,phq_8,PHQ8,full,RobustScaler,ET,200,50,10,0.1237,5.2692,6.0301,0.1879,-0.0337,0.1457
2,latency,ALL_CONDITIONS,phq_8,PHQ8,full,RobustScaler,GB,200,50,10,0.0952,5.4778,6.312,0.1321,-0.1326,0.1013
2,latency,ALL_CONDITIONS,phq_8,PHQ8,full,RobustScaler,XGB,200,50,10,0.1775,5.1964,6.0493,0.2486,-0.0403,0.2587
2,latency,ALL_CONDITIONS,phq_8,PHQ8,full,RobustScaler,MLP,200,50,10,0.1221,6.6102,10.4847,0.1359,-2.1249,0.1192
2,latency,ALL_CONDITIONS,phq_8,PHQ8,full,RobustScaler,LGBM,200,50,10,0.2184,5.3052,5.9619,0.2917,-0.0104,0.2629
2,latency,ALL_CONDITIONS,phq_8,PHQ8,full,RobustScaler,CatBoost,200,50,10,0.1183,5.3637,6.0968,0.1777,-0.0567,0.1371
3,latency,ALL_CONDITIONS,phq_8,PHQ8,full,StandardScaler,Ridge,200,50,10,0.0726,4.6878,5.6485,0.1617,0.0111,0.2129
3,latency,ALL_CONDITIONS,phq_8,PHQ8,full,StandardScaler,Lasso,200,50,10,0.1327,4.597,5.5145,0.2597,0.0574,0.2892
3,latency,ALL_CONDITIONS,phq_8,PHQ8,full,StandardScaler,ElasticNet,200,50,10,0.0532,4.7028,5.6315,0.1578,0.017,0.2156
3,latency,ALL_CONDITIONS,phq_8,PHQ8,full,StandardScaler,SVR,200,50,10,0.1342,4.5454,5.4923,0.2586,0.065,0.2896
3,latency,ALL_CONDITIONS,phq_8,PHQ8,full,StandardScaler,KNN,200,50,10,0.2122,4.5289,5.4294,0.3114,0.0863,0.2865
3,latency,ALL_CONDITIONS,phq_8,PHQ8,full,StandardScaler,RF,200,50,10,0.1757,4.6096,5.5786,0.2581,0.0354,0.2689
3,latency,ALL_CONDITIONS,phq_8,PHQ8,full,StandardScaler,ET,200,50,10,0.2055,4.7308,5.5818,0.274,0.0343,0.2907
3,latency,ALL_CONDITIONS,phq_8,PHQ8,full,StandardScaler,GB,200,50,10,0.2095,4.5848,5.6632,0.2712,0.0059,0.2526
3,latency,ALL_CONDITIONS,phq_8,PHQ8,full,StandardScaler,XGB,200,50,10,0.2273,4.4628,5.5636,0.2974,0.0406,0.3234
3,latency,ALL_CONDITIONS,phq_8,PHQ8,full,StandardScaler,MLP,200,50,10,0.2361,4.6156,5.5031,0.3102,0.0613,0.2803
3,latency,ALL_CONDITIONS,phq_8,PHQ8,full,StandardScaler,LGBM,200,50,10,0.2401,4.7855,5.5786,0.2986,0.0354,0.2992
3,latency,ALL_CONDITIONS,phq_8,PHQ8,full,StandardScaler,CatBoost,200,50,10,0.2021,4.4709,5.4203,0.3152,0.0893,0.324
3,latency,ALL_CONDITIONS,phq_8,PHQ8,full,MinMaxScaler,Ridge,200,50,5,0.1296,4.5343,5.5122,0.2518,0.0582,0.2915
3,latency,ALL_CONDITIONS,phq_8,PHQ8,full,MinMaxScaler,Lasso,200,50,5,0.1347,4.6134,5.5707,0.2265,0.0381,0.2623
3,latency,ALL_CONDITIONS,phq_8,PHQ8,full,MinMaxScaler,ElasticNet,200,50,5,0.1216,4.554,5.5028,0.259,0.0614,0.3067
3,latency,ALL_CONDITIONS,phq_8,PHQ8,full,MinMaxScaler,SVR,200,50,5,0.1667,4.6307,5.6391,0.2362,0.0144,0.2378
3,latency,ALL_CONDITIONS,phq_8,PHQ8,full,MinMaxScaler,KNN,200,50,5,0.0275,5.08,5.9271,0.0464,-0.0889,0.091
3,latency,ALL_CONDITIONS,phq_8,PHQ8,full,MinMaxScaler,RF,200,50,5,-0.0453,5.0545,6.222,-0.0734,-0.1999,-0.0614
3,latency,ALL_CONDITIONS,phq_8,PHQ8,full,MinMaxScaler,ET,200,50,5,-0.0019,5.0264,6.201,-0.0028,-0.1919,0.0169
3,latency,ALL_CONDITIONS,phq_8,PHQ8,full,MinMaxScaler,GB,200,50,5,0.0076,5.146,6.1279,0.0124,-0.1639,-0.0103
3,latency,ALL_CONDITIONS,phq_8,PHQ8,full,MinMaxScaler,XGB,200,50,5,0.0097,5.0449,6.1088,0.0153,-0.1567,0.0342
3,latency,ALL_CONDITIONS,phq_8,PHQ8,full,MinMaxScaler,MLP,200,50,5,0.1055,4.556,5.4854,0.2669,0.0673,0.3557
3,latency,ALL_CONDITIONS,phq_8,PHQ8,full,MinMaxScaler,LGBM,200,50,5,-0.0224,5.2145,6.3683,-0.0297,-0.257,-0.0411
3,latency,ALL_CONDITIONS,phq_8,PHQ8,full,MinMaxScaler,CatBoost,200,50,5,-0.0051,5.1006,6.0872,-0.0084,-0.1485,0.0437
3,latency,ALL_CONDITIONS,phq_8,PHQ8,full,RobustScaler,Ridge,200,50,10,0.0541,4.7021,5.6859,0.1279,-0.0021,0.2066
3,latency,ALL_CONDITIONS,phq_8,PHQ8,full,RobustScaler,Lasso,200,50,10,-0.0134,4.7641,5.7741,-0.0593,-0.0334,0.0335
3,latency,ALL_CONDITIONS,phq_8,PHQ8,full,RobustScaler,ElasticNet,200,50,10,-0.0022,4.7392,5.7501,-0.0089,-0.0248,0.1452
3,latency,ALL_CONDITIONS,phq_8,PHQ8,full,RobustScaler,SVR,200,50,10,0.0288,4.729,5.6187,0.2276,0.0215,0.2571
3,latency,ALL_CONDITIONS,phq_8,PHQ8,full,RobustScaler,KNN,200,50,10,0.1982,4.928,5.7568,0.2395,-0.0272,0.2526
3,latency,ALL_CONDITIONS,phq_8,PHQ8,full,RobustScaler,RF,200,50,10,0.1757,4.6096,5.5786,0.2581,0.0354,0.2689
3,latency,ALL_CONDITIONS,phq_8,PHQ8,full,RobustScaler,ET,200,50,10,0.2055,4.7308,5.5818,0.274,0.0343,0.2907
3,latency,ALL_CONDITIONS,phq_8,PHQ8,full,RobustScaler,GB,200,50,10,0.2095,4.5848,5.6632,0.2712,0.0059,0.2526
3,latency,ALL_CONDITIONS,phq_8,PHQ8,full,RobustScaler,XGB,200,50,10,0.2273,4.4628,5.5636,0.2974,0.0406,0.3234
3,latency,ALL_CONDITIONS,phq_8,PHQ8,full,RobustScaler,MLP,200,50,10,0.1789,4.8099,5.8089,0.227,-0.0459,0.1662
3,latency,ALL_CONDITIONS,phq_8,PHQ8,full,RobustScaler,LGBM,200,50,10,0.238,4.8414,5.6449,0.2873,0.0123,0.3237
3,latency,ALL_CONDITIONS,phq_8,PHQ8,full,RobustScaler,CatBoost,200,50,10,0.2021,4.4709,5.4203,0.3152,0.0893,0.324
4,latency,ALL_CONDITIONS,phq_8,PHQ8,full,StandardScaler,Ridge,200,50,5,0.0006,5.1771,6.14,0.0008,-0.19,0.0405
4,latency,ALL_CONDITIONS,phq_8,PHQ8,full,StandardScaler,Lasso,200,50,5,-0.0002,5.1788,6.1399,-0.0002,-0.1899,0.034
4,latency,ALL_CONDITIONS,phq_8,PHQ8,full,StandardScaler,ElasticNet,200,50,5,-0.0017,5.184,6.1437,-0.0023,-0.1914,0.0352
4,latency,ALL_CONDITIONS,phq_8,PHQ8,full,StandardScaler,SVR,200,50,5,0.148,4.6828,5.5602,0.2362,0.0241,0.2425
4,latency,ALL_CONDITIONS,phq_8,PHQ8,full,StandardScaler,KNN,200,50,5,0.1174,4.8622,5.95,0.1555,-0.1175,0.2021
4,latency,ALL_CONDITIONS,phq_8,PHQ8,full,StandardScaler,RF,200,50,5,0.0914,5.0883,5.9967,0.1168,-0.1351,0.0808
4,latency,ALL_CONDITIONS,phq_8,PHQ8,full,StandardScaler,ET,200,50,5,0.079,5.0079,6.0045,0.104,-0.1381,0.0868
4,latency,ALL_CONDITIONS,phq_8,PHQ8,full,StandardScaler,GB,200,50,5,0.0863,5.3427,6.355,0.0968,-0.2748,0.0477
4,latency,ALL_CONDITIONS,phq_8,PHQ8,full,StandardScaler,XGB,200,50,5,0.0704,5.3738,6.3444,0.0801,-0.2705,0.0269
4,latency,ALL_CONDITIONS,phq_8,PHQ8,full,StandardScaler,MLP,200,50,5,0.0773,5.0924,6.2805,0.0885,-0.2451,0.1377
4,latency,ALL_CONDITIONS,phq_8,PHQ8,full,StandardScaler,LGBM,200,50,5,0.1315,5.1526,5.9959,0.156,-0.1348,0.1156
4,latency,ALL_CONDITIONS,phq_8,PHQ8,full,StandardScaler,CatBoost,200,50,5,0.0178,5.4373,6.4927,0.0206,-0.3306,-0.0147
4,latency,ALL_CONDITIONS,phq_8,PHQ8,full,MinMaxScaler,Ridge,200,50,5,-0.0025,5.1821,6.1309,-0.0035,-0.1865,0.0287
4,latency,ALL_CONDITIONS,phq_8,PHQ8,full,MinMaxScaler,Lasso,200,50,5,-0.0154,5.2154,6.1496,-0.0219,-0.1937,-0.001
4,latency,ALL_CONDITIONS,phq_8,PHQ8,full,MinMaxScaler,ElasticNet,200,50,5,-0.0174,5.1993,6.1034,-0.026,-0.1758,-0.0301
4,latency,ALL_CONDITIONS,phq_8,PHQ8,full,MinMaxScaler,SVR,200,50,5,0.0824,4.8457,5.7976,0.1327,-0.061,0.0896
4,latency,ALL_CONDITIONS,phq_8,PHQ8,full,MinMaxScaler,KNN,200,50,5,0.0666,4.9667,6.0233,0.0926,-0.1452,0.1036
4,latency,ALL_CONDITIONS,phq_8,PHQ8,full,MinMaxScaler,RF,200,50,5,0.091,5.0865,5.9943,0.1162,-0.1342,0.0664
4,latency,ALL_CONDITIONS,phq_8,PHQ8,full,MinMaxScaler,ET,200,50,5,0.0575,5.1954,6.2406,0.0702,-0.2293,0.0409
4,latency,ALL_CONDITIONS,phq_8,PHQ8,full,MinMaxScaler,GB,200,50,5,0.1056,5.3134,6.3259,0.1171,-0.2631,0.0796
4,latency,ALL_CONDITIONS,phq_8,PHQ8,full,MinMaxScaler,XGB,200,50,5,0.0757,5.3912,6.3117,0.0863,-0.2575,0.0415
4,latency,ALL_CONDITIONS,phq_8,PHQ8,full,MinMaxScaler,MLP,200,50,5,-0.018,5.1792,5.9422,-0.0329,-0.1146,0.0014
4,latency,ALL_CONDITIONS,phq_8,PHQ8,full,MinMaxScaler,LGBM,200,50,5,0.0938,5.2398,6.1717,0.1099,-0.2023,0.0624
4,latency,ALL_CONDITIONS,phq_8,PHQ8,full,MinMaxScaler,CatBoost,200,50,5,0.0213,5.3609,6.419,0.0249,-0.3006,0.0159
4,latency,ALL_CONDITIONS,phq_8,PHQ8,full,RobustScaler,Ridge,200,50,15,-0.0089,5.2016,6.141,-0.0126,-0.1904,0.0178
4,latency,ALL_CONDITIONS,phq_8,PHQ8,full,RobustScaler,Lasso,200,50,15,-0.0193,5.2244,6.1532,-0.0277,-0.1951,-0.0005
4,latency,ALL_CONDITIONS,phq_8,PHQ8,full,RobustScaler,ElasticNet,200,50,15,-0.0184,5.2237,6.1469,-0.0264,-0.1927,0.0052
4,latency,ALL_CONDITIONS,phq_8,PHQ8,full,RobustScaler,SVR,200,50,15,0.0853,5.1698,6.3049,0.1014,-0.2548,0.0809
4,latency,ALL_CONDITIONS,phq_8,PHQ8,full,RobustScaler,KNN,200,50,15,0.0471,5.2,6.3756,0.0557,-0.2831,0.0755
4,latency,ALL_CONDITIONS,phq_8,PHQ8,full,RobustScaler,RF,200,50,15,0.0776,5.115,6.0945,0.0982,-0.1724,0.0538
4,latency,ALL_CONDITIONS,phq_8,PHQ8,full,RobustScaler,ET,200,50,15,0.0356,5.2476,6.4509,0.0422,-0.3136,0.0274
4,latency,ALL_CONDITIONS,phq_8,PHQ8,full,RobustScaler,GB,200,50,15,0.0451,5.4258,6.4215,0.0516,-0.3016,-0.0058
4,latency,ALL_CONDITIONS,phq_8,PHQ8,full,RobustScaler,XGB,200,50,15,0.0337,5.4742,6.4159,0.0388,-0.2993,-0.0
4,latency,ALL_CONDITIONS,phq_8,PHQ8,full,RobustScaler,MLP,200,50,15,0.0429,5.4408,6.7553,0.0466,-0.4405,0.0416
4,latency,ALL_CONDITIONS,phq_8,PHQ8,full,RobustScaler,LGBM,200,50,15,0.0856,5.297,6.1477,0.1025,-0.193,0.0782
4,latency,ALL_CONDITIONS,phq_8,PHQ8,full,RobustScaler,CatBoost,200,50,15,0.0271,5.3431,6.3841,0.032,-0.2865,-0.0133
5,latency,ALL_CONDITIONS,phq_8,PHQ8,full,StandardScaler,Ridge,200,50,10,0.1064,5.1295,6.0418,0.1609,-0.0391,0.0971
5,latency,ALL_CONDITIONS,phq_8,PHQ8,full,StandardScaler,Lasso,200,50,10,0.1279,5.4011,6.3357,0.1543,-0.1427,0.0773
5,latency,ALL_CONDITIONS,phq_8,PHQ8,full,StandardScaler,ElasticNet,200,50,10,0.076,5.0615,5.9289,0.1573,-0.0006,0.0617
5,latency,ALL_CONDITIONS,phq_8,PHQ8,full,StandardScaler,SVR,200,50,10,0.0559,5.0836,6.092,0.0931,-0.0564,0.0959
5,latency,ALL_CONDITIONS,phq_8,PHQ8,full,StandardScaler,KNN,200,50,10,0.0714,5.0622,6.2002,0.1031,-0.0943,0.0585
5,latency,ALL_CONDITIONS,phq_8,PHQ8,full,StandardScaler,RF,200,50,10,0.0038,5.1756,6.3021,0.0063,-0.1305,0.0384
5,latency,ALL_CONDITIONS,phq_8,PHQ8,full,StandardScaler,ET,200,50,10,0.0865,4.8859,5.9975,0.1455,-0.0239,0.1272
5,latency,ALL_CONDITIONS,phq_8,PHQ8,full,StandardScaler,GB,200,50,10,0.0662,5.2924,6.4008,0.0851,-0.1662,0.1156
5,latency,ALL_CONDITIONS,phq_8,PHQ8,full,StandardScaler,XGB,200,50,10,0.089,5.2598,6.2722,0.1154,-0.1199,0.1342
5,latency,ALL_CONDITIONS,phq_8,PHQ8,full,StandardScaler,MLP,200,50,10,0.0203,5.725,6.8433,0.0237,-0.3331,0.025
5,latency,ALL_CONDITIONS,phq_8,PHQ8,full,StandardScaler,LGBM,200,50,10,0.0223,5.1698,6.5748,0.0282,-0.2305,0.034
5,latency,ALL_CONDITIONS,phq_8,PHQ8,full,StandardScaler,CatBoost,200,50,10,0.0879,5.0174,6.0876,0.1315,-0.0549,0.1337
5,latency,ALL_CONDITIONS,phq_8,PHQ8,full,MinMaxScaler,Ridge,200,50,20,0.1632,5.0275,5.9413,0.224,-0.0048,0.1921
5,latency,ALL_CONDITIONS,phq_8,PHQ8,full,MinMaxScaler,Lasso,200,50,20,0.0696,4.9987,5.8789,0.1687,0.0162,0.1251
5,latency,ALL_CONDITIONS,phq_8,PHQ8,full,MinMaxScaler,ElasticNet,200,50,20,0.1483,4.9769,5.8928,0.2216,0.0115,0.1791
5,latency,ALL_CONDITIONS,phq_8,PHQ8,full,MinMaxScaler,SVR,200,50,20,0.2126,4.9419,5.9089,0.2622,0.0061,0.2318
5,latency,ALL_CONDITIONS,phq_8,PHQ8,full,MinMaxScaler,KNN,200,50,20,0.1078,4.9756,6.057,0.1693,-0.0443,0.1285
5,latency,ALL_CONDITIONS,phq_8,PHQ8,full,MinMaxScaler,RF,200,50,20,0.0715,4.9041,5.9661,0.1381,-0.0132,0.1523
5,latency,ALL_CONDITIONS,phq_8,PHQ8,full,MinMaxScaler,ET,200,50,20,0.0996,4.8104,5.8941,0.1832,0.0111,0.1629
5,latency,ALL_CONDITIONS,phq_8,PHQ8,full,MinMaxScaler,GB,200,50,20,0.1146,4.8094,6.0043,0.1718,-0.0262,0.1486
5,latency,ALL_CONDITIONS,phq_8,PHQ8,full,MinMaxScaler,XGB,200,50,20,0.171,4.6314,5.971,0.2229,-0.0149,0.2179
5,latency,ALL_CONDITIONS,phq_8,PHQ8,full,MinMaxScaler,MLP,200,50,20,0.0749,4.9971,5.9414,0.1528,-0.0048,0.0758
5,latency,ALL_CONDITIONS,phq_8,PHQ8,full,MinMaxScaler,LGBM,200,50,20,0.1629,4.6543,6.0552,0.2066,-0.0437,0.208
5,latency,ALL_CONDITIONS,phq_8,PHQ8,full,MinMaxScaler,CatBoost,200,50,20,0.1747,4.6924,5.7436,0.2724,0.0609,0.2576
5,latency,ALL_CONDITIONS,phq_8,PHQ8,full,RobustScaler,Ridge,200,50,15,0.1672,5.2156,6.1455,0.2028,-0.0751,0.1935
5,latency,ALL_CONDITIONS,phq_8,PHQ8,full,RobustScaler,Lasso,200,50,15,0.169,5.1576,6.0601,0.2128,-0.0454,0.2086
5,latency,ALL_CONDITIONS,phq_8,PHQ8,full,RobustScaler,ElasticNet,200,50,15,0.171,5.1488,6.0506,0.2155,-0.0421,0.2185
5,latency,ALL_CONDITIONS,phq_8,PHQ8,full,RobustScaler,SVR,200,50,15,0.1364,4.972,6.0835,0.1791,-0.0535,0.1764
5,latency,ALL_CONDITIONS,phq_8,PHQ8,full,RobustScaler,KNN,200,50,15,0.137,4.7511,5.9949,0.1992,-0.023,0.2245
5,latency,ALL_CONDITIONS,phq_8,PHQ8,full,RobustScaler,RF,200,50,15,0.0683,4.945,6.041,0.1212,-0.0388,0.1135
5,latency,ALL_CONDITIONS,phq_8,PHQ8,full,RobustScaler,ET,200,50,15,0.1363,4.7758,5.782,0.2574,0.0483,0.2377
5,latency,ALL_CONDITIONS,phq_8,PHQ8,full,RobustScaler,GB,200,50,15,0.1896,4.7661,6.0855,0.2438,-0.0542,0.2616
5,latency,ALL_CONDITIONS,phq_8,PHQ8,full,RobustScaler,XGB,200,50,15,0.1675,4.86,6.0342,0.2154,-0.0365,0.2376
5,latency,ALL_CONDITIONS,phq_8,PHQ8,full,RobustScaler,MLP,200,50,15,0.0809,5.5705,7.124,0.0874,-0.4447,0.1273
5,latency,ALL_CONDITIONS,phq_8,PHQ8,full,RobustScaler,LGBM,200,50,15,0.2324,4.5841,5.8355,0.289,0.0307,0.266
5,latency,ALL_CONDITIONS,phq_8,PHQ8,full,RobustScaler,CatBoost,200,50,15,0.1985,4.6624,5.7331,0.2943,0.0644,0.2742
1,latency,ALL_CONDITIONS,ads.1,CES-D,full,StandardScaler,Ridge,199,50,5,0.0428,9.6909,11.9157,0.1019,-0.0586,0.1478
1,latency,ALL_CONDITIONS,ads.1,CES-D,full,StandardScaler,Lasso,199,50,5,0.026,9.7158,11.9727,0.0697,-0.0688,0.1312
1,latency,ALL_CONDITIONS,ads.1,CES-D,full,StandardScaler,ElasticNet,199,50,5,0.0303,9.7021,11.9348,0.0811,-0.062,0.1444
1,latency,ALL_CONDITIONS,ads.1,CES-D,full,StandardScaler,SVR,199,50,5,0.0696,9.7002,11.738,0.1483,-0.0273,0.1551
1,latency,ALL_CONDITIONS,ads.1,CES-D,full,StandardScaler,KNN,199,50,5,-0.054,10.8649,13.1444,-0.0848,-0.2882,-0.1123
1,latency,ALL_CONDITIONS,ads.1,CES-D,full,StandardScaler,RF,199,50,5,0.0164,10.5121,12.5286,0.0269,-0.1703,0.0254
1,latency,ALL_CONDITIONS,ads.1,CES-D,full,StandardScaler,ET,199,50,5,-0.1337,12.4246,15.1024,-0.1571,-0.7006,-0.0651
1,latency,ALL_CONDITIONS,ads.1,CES-D,full,StandardScaler,GB,199,50,5,0.0764,10.0811,12.3079,0.1146,-0.1295,0.1498
1,latency,ALL_CONDITIONS,ads.1,CES-D,full,StandardScaler,XGB,199,50,5,0.0404,10.1174,12.401,0.0641,-0.1466,0.0685
1,latency,ALL_CONDITIONS,ads.1,CES-D,full,StandardScaler,MLP,199,50,5,0.1629,10.0045,12.316,0.1875,-0.131,0.161
1,latency,ALL_CONDITIONS,ads.1,CES-D,full,StandardScaler,LGBM,199,50,5,-0.0159,10.4717,13.0403,-0.0227,-0.2679,-0.0249
1,latency,ALL_CONDITIONS,ads.1,CES-D,full,StandardScaler,CatBoost,199,50,5,0.0496,10.197,12.3225,0.0844,-0.1322,0.051
1,latency,ALL_CONDITIONS,ads.1,CES-D,full,MinMaxScaler,Ridge,199,50,10,0.0266,9.7562,12.0769,0.0601,-0.0875,0.1542
1,latency,ALL_CONDITIONS,ads.1,CES-D,full,MinMaxScaler,Lasso,199,50,10,0.0567,9.5941,12.0261,0.1057,-0.0783,0.1771
1,latency,ALL_CONDITIONS,ads.1,CES-D,full,MinMaxScaler,ElasticNet,199,50,10,0.0336,9.7011,12.0661,0.0718,-0.0855,0.1641
1,latency,ALL_CONDITIONS,ads.1,CES-D,full,MinMaxScaler,SVR,199,50,10,0.013,9.6961,11.832,0.0576,-0.0438,0.1704
1,latency,ALL_CONDITIONS,ads.1,CES-D,full,MinMaxScaler,KNN,199,50,10,0.0229,10.899,12.7715,0.0344,-0.2162,0.0238
1,latency,ALL_CONDITIONS,ads.1,CES-D,full,MinMaxScaler,RF,199,50,10,0.021,10.4755,12.6429,0.0302,-0.1918,0.0497
1,latency,ALL_CONDITIONS,ads.1,CES-D,full,MinMaxScaler,ET,199,50,10,-0.0641,11.2649,13.1051,-0.0931,-0.2805,-0.1227
1,latency,ALL_CONDITIONS,ads.1,CES-D,full,MinMaxScaler,GB,199,50,10,-0.0545,11.2295,13.4317,-0.0695,-0.3451,-0.0458
1,latency,ALL_CONDITIONS,ads.1,CES-D,full,MinMaxScaler,XGB,199,50,10,-0.0569,11.1294,13.3275,-0.0742,-0.3244,-0.0221
1,latency,ALL_CONDITIONS,ads.1,CES-D,full,MinMaxScaler,MLP,199,50,10,0.1098,9.6921,11.8811,0.1772,-0.0525,0.1758
1,latency,ALL_CONDITIONS,ads.1,CES-D,full,MinMaxScaler,LGBM,199,50,10,0.0739,10.5255,12.8584,0.0898,-0.2328,0.0937
1,latency,ALL_CONDITIONS,ads.1,CES-D,full,MinMaxScaler,CatBoost,199,50,10,0.0266,10.3544,12.5441,0.0404,-0.1732,0.0801
1,latency,ALL_CONDITIONS,ads.1,CES-D,full,RobustScaler,Ridge,199,50,10,0.0319,9.849,12.1328,0.0636,-0.0976,0.1392
1,latency,ALL_CONDITIONS,ads.1,CES-D,full,RobustScaler,Lasso,199,50,10,0.0241,9.703,11.9806,0.0648,-0.0702,0.151
1,latency,ALL_CONDITIONS,ads.1,CES-D,full,RobustScaler,ElasticNet,199,50,10,0.0208,9.7885,12.0655,0.0499,-0.0854,0.1422
1,latency,ALL_CONDITIONS,ads.1,CES-D,full,RobustScaler,SVR,199,50,10,0.0163,9.7968,11.8089,0.1265,-0.0397,0.1273
1,latency,ALL_CONDITIONS,ads.1,CES-D,full,RobustScaler,KNN,199,50,10,0.0771,10.529,12.6056,0.1105,-0.1848,0.0592
1,latency,ALL_CONDITIONS,ads.1,CES-D,full,RobustScaler,RF,199,50,10,0.0059,10.6722,12.6554,0.0091,-0.1942,0.026
1,latency,ALL_CONDITIONS,ads.1,CES-D,full,RobustScaler,ET,199,50,10,-0.0169,11.0366,12.9671,-0.0239,-0.2537,-0.0346
1,latency,ALL_CONDITIONS,ads.1,CES-D,full,RobustScaler,GB,199,50,10,-0.0141,10.9942,13.2161,-0.0182,-0.3023,0.0089
1,latency,ALL_CONDITIONS,ads.1,CES-D,full,RobustScaler,XGB,199,50,10,-0.0528,11.168,13.3954,-0.0686,-0.3379,-0.0099
1,latency,ALL_CONDITIONS,ads.1,CES-D,full,RobustScaler,MLP,199,50,10,0.0888,9.9016,12.2313,0.1186,-0.1155,0.1149
1,latency,ALL_CONDITIONS,ads.1,CES-D,full,RobustScaler,LGBM,199,50,10,0.0774,10.2929,12.7189,0.0967,-0.2062,0.1151
1,latency,ALL_CONDITIONS,ads.1,CES-D,full,RobustScaler,CatBoost,199,50,10,0.0529,10.2702,12.3122,0.0856,-0.1303,0.1201
2,latency,ALL_CONDITIONS,ads.1,CES-D,full,StandardScaler,Ridge,199,50,5,0.06,9.8426,11.9485,0.1191,-0.0451,0.1058
2,latency,ALL_CONDITIONS,ads.1,CES-D,full,StandardScaler,Lasso,199,50,5,0.0454,9.5252,11.7056,0.1756,-0.0031,0.1613
2,latency,ALL_CONDITIONS,ads.1,CES-D,full,StandardScaler,ElasticNet,199,50,5,0.0599,9.8143,11.9251,0.1219,-0.041,0.1039
2,latency,ALL_CONDITIONS,ads.1,CES-D,full,StandardScaler,SVR,199,50,5,0.1084,9.6077,11.9426,0.215,-0.0441,0.1785
2,latency,ALL_CONDITIONS,ads.1,CES-D,full,StandardScaler,KNN,199,50,5,0.1112,9.7941,12.1306,0.188,-0.0772,0.1757
2,latency,ALL_CONDITIONS,ads.1,CES-D,full,StandardScaler,RF,199,50,5,0.097,10.0359,12.2052,0.1411,-0.0905,0.0741
2,latency,ALL_CONDITIONS,ads.1,CES-D,full,StandardScaler,ET,199,50,5,0.0425,10.531,13.2341,0.0496,-0.2821,0.1256
2,latency,ALL_CONDITIONS,ads.1,CES-D,full,StandardScaler,GB,199,50,5,0.0586,10.1604,12.3849,0.0907,-0.1229,0.0298
2,latency,ALL_CONDITIONS,ads.1,CES-D,full,StandardScaler,XGB,199,50,5,0.1015,9.9506,12.0342,0.1628,-0.0602,0.1509
2,latency,ALL_CONDITIONS,ads.1,CES-D,full,StandardScaler,MLP,199,50,5,0.1593,9.9689,12.1064,0.2282,-0.0729,0.2015
2,latency,ALL_CONDITIONS,ads.1,CES-D,full,StandardScaler,LGBM,199,50,5,0.1145,9.6712,11.8791,0.1933,-0.033,0.178
2,latency,ALL_CONDITIONS,ads.1,CES-D,full,StandardScaler,CatBoost,199,50,5,0.1051,9.5561,11.8354,0.1889,-0.0254,0.1666
2,latency,ALL_CONDITIONS,ads.1,CES-D,full,MinMaxScaler,Ridge,199,50,5,0.0458,9.5503,11.7134,0.1716,-0.0044,0.162
2,latency,ALL_CONDITIONS,ads.1,CES-D,full,MinMaxScaler,Lasso,199,50,5,0.0591,9.542,11.7283,0.1611,-0.0069,0.1458
2,latency,ALL_CONDITIONS,ads.1,CES-D,full,MinMaxScaler,ElasticNet,199,50,5,0.0514,9.5237,11.6979,0.1745,-0.0017,0.154
2,latency,ALL_CONDITIONS,ads.1,CES-D,full,MinMaxScaler,SVR,199,50,5,0.0967,9.7519,12.113,0.199,-0.0741,0.1625
2,latency,ALL_CONDITIONS,ads.1,CES-D,full,MinMaxScaler,KNN,199,50,5,-0.0335,11.2028,13.2619,-0.0495,-0.2875,-0.0431
2,latency,ALL_CONDITIONS,ads.1,CES-D,full,MinMaxScaler,RF,199,50,5,0.0181,10.8375,12.934,0.025,-0.2246,0.0526
2,latency,ALL_CONDITIONS,ads.1,CES-D,full,MinMaxScaler,ET,199,50,5,0.092,11.3011,14.0791,0.0972,-0.4511,0.137
2,latency,ALL_CONDITIONS,ads.1,CES-D,full,MinMaxScaler,GB,199,50,5,-0.0005,10.982,13.6516,-0.0005,-0.3643,0.0195
2,latency,ALL_CONDITIONS,ads.1,CES-D,full,MinMaxScaler,XGB,199,50,5,0.0207,10.8578,13.373,0.0253,-0.3092,0.1074
2,latency,ALL_CONDITIONS,ads.1,CES-D,full,MinMaxScaler,MLP,199,50,5,0.091,9.6798,11.7998,0.1811,-0.0193,0.16
2,latency,ALL_CONDITIONS,ads.1,CES-D,full,MinMaxScaler,LGBM,199,50,5,-0.0029,10.9409,13.1289,-0.0038,-0.2618,0.018
2,latency,ALL_CONDITIONS,ads.1,CES-D,full,MinMaxScaler,CatBoost,199,50,5,0.0318,10.4118,12.6954,0.045,-0.1799,0.1155
2,latency,ALL_CONDITIONS,ads.1,CES-D,full,RobustScaler,Ridge,199,50,20,0.0032,10.2229,12.5837,0.0055,-0.1592,0.1188
2,latency,ALL_CONDITIONS,ads.1,CES-D,full,RobustScaler,Lasso,199,50,20,0.0,9.7626,11.9091,,-0.0382,
2,latency,ALL_CONDITIONS,ads.1,CES-D,full,RobustScaler,ElasticNet,199,50,20,-0.0015,10.0931,12.3733,-0.0031,-0.1207,0.0961
2,latency,ALL_CONDITIONS,ads.1,CES-D,full,RobustScaler,SVR,199,50,20,0.0673,9.8918,12.0994,0.1485,-0.0717,0.1607
2,latency,ALL_CONDITIONS,ads.1,CES-D,full,RobustScaler,KNN,199,50,20,-0.0206,10.3802,13.0787,-0.0285,-0.2522,-0.0122
2,latency,ALL_CONDITIONS,ads.1,CES-D,full,RobustScaler,RF,199,50,20,-0.0026,10.7993,13.011,-0.0036,-0.2392,0.0741
2,latency,ALL_CONDITIONS,ads.1,CES-D,full,RobustScaler,ET,199,50,20,0.0157,11.1944,13.3485,0.019,-0.3044,0.0648
2,latency,ALL_CONDITIONS,ads.1,CES-D,full,RobustScaler,GB,199,50,20,0.0117,10.9549,13.6494,0.0133,-0.3639,0.1073
2,latency,ALL_CONDITIONS,ads.1,CES-D,full,RobustScaler,XGB,199,50,20,-0.0079,11.009,13.4944,-0.0094,-0.3331,0.0864
2,latency,ALL_CONDITIONS,ads.1,CES-D,full,RobustScaler,MLP,199,50,20,-0.0023,11.391,13.7775,-0.003,-0.3896,0.0715
2,latency,ALL_CONDITIONS,ads.1,CES-D,full,RobustScaler,LGBM,199,50,20,0.0682,10.6791,13.002,0.0834,-0.2375,0.1111
2,latency,ALL_CONDITIONS,ads.1,CES-D,full,RobustScaler,CatBoost,199,50,20,0.0511,10.1931,12.4658,0.0752,-0.1376,0.1069
3,latency,ALL_CONDITIONS,ads.1,CES-D,full,StandardScaler,Ridge,199,50,5,0.075,9.7686,11.9771,0.1574,0.015,0.1312
3,latency,ALL_CONDITIONS,ads.1,CES-D,full,StandardScaler,Lasso,199,50,5,0.0784,9.8878,12.1327,0.1389,-0.0107,0.1049
3,latency,ALL_CONDITIONS,ads.1,CES-D,full,StandardScaler,ElasticNet,199,50,5,0.0808,9.8624,12.0966,0.1454,-0.0047,0.1044
3,latency,ALL_CONDITIONS,ads.1,CES-D,full,StandardScaler,SVR,199,50,5,0.0975,10.6118,12.5707,0.1322,-0.085,0.1338
3,latency,ALL_CONDITIONS,ads.1,CES-D,full,StandardScaler,KNN,199,50,5,0.1862,10.16,11.7894,0.2649,0.0457,0.2609
3,latency,ALL_CONDITIONS,ads.1,CES-D,full,StandardScaler,RF,199,50,5,0.0979,10.5186,12.2588,0.1476,-0.0319,0.1422
3,latency,ALL_CONDITIONS,ads.1,CES-D,full,StandardScaler,ET,199,50,5,0.1545,10.1492,12.3355,0.1968,-0.0448,0.0853
3,latency,ALL_CONDITIONS,ads.1,CES-D,full,StandardScaler,GB,199,50,5,0.1542,10.412,12.3414,0.1961,-0.0458,0.1698
3,latency,ALL_CONDITIONS,ads.1,CES-D,full,StandardScaler,XGB,199,50,5,0.1232,10.3991,12.4538,0.1619,-0.0649,0.1715
3,latency,ALL_CONDITIONS,ads.1,CES-D,full,StandardScaler,MLP,199,50,5,0.1493,10.5672,12.3757,0.1902,-0.0516,0.1327
3,latency,ALL_CONDITIONS,ads.1,CES-D,full,StandardScaler,LGBM,199,50,5,0.1753,10.5157,12.1186,0.2271,-0.0084,0.2331
3,latency,ALL_CONDITIONS,ads.1,CES-D,full,StandardScaler,CatBoost,199,50,5,0.1343,10.3403,12.1062,0.1937,-0.0063,0.1931
3,latency,ALL_CONDITIONS,ads.1,CES-D,full,MinMaxScaler,Ridge,199,50,5,-0.0335,10.2494,12.6527,-0.0709,-0.0992,-0.0823
3,latency,ALL_CONDITIONS,ads.1,CES-D,full,MinMaxScaler,Lasso,199,50,5,-0.0103,10.0985,12.3691,-0.0269,-0.0505,-0.0378
3,latency,ALL_CONDITIONS,ads.1,CES-D,full,MinMaxScaler,ElasticNet,199,50,5,-0.0278,10.2093,12.5719,-0.0622,-0.0852,-0.0729
3,latency,ALL_CONDITIONS,ads.1,CES-D,full,MinMaxScaler,SVR,199,50,5,-0.0185,10.2248,12.6548,-0.0414,-0.0996,-0.0202
3,latency,ALL_CONDITIONS,ads.1,CES-D,full,MinMaxScaler,KNN,199,50,5,-0.0617,11.2787,13.5069,-0.0859,-0.2527,-0.1433
3,latency,ALL_CONDITIONS,ads.1,CES-D,full,MinMaxScaler,RF,199,50,5,0.0404,10.2397,12.6786,0.0601,-0.1037,0.0505
3,latency,ALL_CONDITIONS,ads.1,CES-D,full,MinMaxScaler,ET,199,50,5,0.0437,10.3873,12.7743,0.0618,-0.1204,0.0374
3,latency,ALL_CONDITIONS,ads.1,CES-D,full,MinMaxScaler,GB,199,50,5,0.0051,10.7762,13.3239,0.0066,-0.2189,-0.0136
3,latency,ALL_CONDITIONS,ads.1,CES-D,full,MinMaxScaler,XGB,199,50,5,-0.0823,11.1077,14.0674,-0.1048,-0.3588,-0.0768
3,latency,ALL_CONDITIONS,ads.1,CES-D,full,MinMaxScaler,MLP,199,50,5,-0.054,10.4562,12.9879,-0.0943,-0.1582,-0.0791
3,latency,ALL_CONDITIONS,ads.1,CES-D,full,MinMaxScaler,LGBM,199,50,5,0.1363,10.7482,12.7335,0.1636,-0.1133,0.1916
3,latency,ALL_CONDITIONS,ads.1,CES-D,full,MinMaxScaler,CatBoost,199,50,5,0.0217,10.4445,12.767,0.0328,-0.1192,0.0707
3,latency,ALL_CONDITIONS,ads.1,CES-D,full,RobustScaler,Ridge,199,50,5,0.0696,9.7729,11.9374,0.1617,0.0216,0.1314
3,latency,ALL_CONDITIONS,ads.1,CES-D,full,RobustScaler,Lasso,199,50,5,0.0715,9.9362,12.1232,0.1325,-0.0091,0.1064
3,latency,ALL_CONDITIONS,ads.1,CES-D,full,RobustScaler,ElasticNet,199,50,5,0.0761,9.876,12.045,0.1475,0.0038,0.1107
3,latency,ALL_CONDITIONS,ads.1,CES-D,full,RobustScaler,SVR,199,50,5,0.0911,10.2299,12.0177,0.1647,0.0083,0.1646
3,latency,ALL_CONDITIONS,ads.1,CES-D,full,RobustScaler,KNN,199,50,5,0.1514,10.1759,11.8959,0.2276,0.0283,0.2018
3,latency,ALL_CONDITIONS,ads.1,CES-D,full,RobustScaler,RF,199,50,5,0.1013,10.5261,12.2317,0.1552,-0.0273,0.116
3,latency,ALL_CONDITIONS,ads.1,CES-D,full,RobustScaler,ET,199,50,5,0.0987,10.6297,12.4928,0.1352,-0.0716,0.1065
3,latency,ALL_CONDITIONS,ads.1,CES-D,full,RobustScaler,GB,199,50,5,0.1305,10.9559,12.7135,0.16,-0.1098,0.1323
3,latency,ALL_CONDITIONS,ads.1,CES-D,full,RobustScaler,XGB,199,50,5,0.126,10.6058,12.4419,0.1672,-0.0629,0.1156
3,latency,ALL_CONDITIONS,ads.1,CES-D,full,RobustScaler,MLP,199,50,5,0.1157,10.6028,12.6043,0.1477,-0.0908,0.1146
3,latency,ALL_CONDITIONS,ads.1,CES-D,full,RobustScaler,LGBM,199,50,5,0.1974,10.4378,12.0475,0.2493,0.0034,0.2425
3,latency,ALL_CONDITIONS,ads.1,CES-D,full,RobustScaler,CatBoost,199,50,5,0.1232,10.3415,12.0349,0.191,0.0055,0.1653
4,latency,ALL_CONDITIONS,ads.1,CES-D,full,StandardScaler,Ridge,199,50,5,0.1797,10.5724,12.2197,0.264,0.0504,0.2386
4,latency,ALL_CONDITIONS,ads.1,CES-D,full,StandardScaler,Lasso,199,50,5,0.185,10.5836,12.2484,0.2643,0.0459,0.2359
4,latency,ALL_CONDITIONS,ads.1,CES-D,full,StandardScaler,ElasticNet,199,50,5,0.1751,10.562,12.199,0.2637,0.0536,0.2386
4,latency,ALL_CONDITIONS,ads.1,CES-D,full,StandardScaler,SVR,199,50,5,0.1327,10.5141,12.6425,0.1978,-0.0165,0.1492
4,latency,ALL_CONDITIONS,ads.1,CES-D,full,StandardScaler,KNN,199,50,5,0.0931,10.8074,12.7424,0.1432,-0.0326,0.0804
4,latency,ALL_CONDITIONS,ads.1,CES-D,full,StandardScaler,RF,199,50,5,0.0981,10.7365,12.7438,0.1477,-0.0329,0.0695
4,latency,ALL_CONDITIONS,ads.1,CES-D,full,StandardScaler,ET,199,50,5,0.0047,11.5062,13.2481,0.0076,-0.1162,-0.0684
4,latency,ALL_CONDITIONS,ads.1,CES-D,full,StandardScaler,GB,199,50,5,0.0956,10.8978,13.2725,0.1231,-0.1203,0.0714
4,latency,ALL_CONDITIONS,ads.1,CES-D,full,StandardScaler,XGB,199,50,5,0.1025,10.9582,13.324,0.1286,-0.129,0.0732
4,latency,ALL_CONDITIONS,ads.1,CES-D,full,StandardScaler,MLP,199,50,5,0.1925,10.3809,12.0197,0.2955,0.0812,0.2844
4,latency,ALL_CONDITIONS,ads.1,CES-D,full,StandardScaler,LGBM,199,50,5,0.0723,11.4137,13.6802,0.0873,-0.1902,0.0078
4,latency,ALL_CONDITIONS,ads.1,CES-D,full,StandardScaler,CatBoost,199,50,5,0.1344,10.5864,12.6179,0.191,-0.0125,0.135
4,latency,ALL_CONDITIONS,ads.1,CES-D,full,MinMaxScaler,Ridge,199,50,5,0.2239,10.3439,11.9879,0.3152,0.086,0.2722
4,latency,ALL_CONDITIONS,ads.1,CES-D,full,MinMaxScaler,Lasso,199,50,5,0.2222,10.3406,11.9834,0.315,0.0867,0.2695
4,latency,ALL_CONDITIONS,ads.1,CES-D,full,MinMaxScaler,ElasticNet,199,50,5,0.216,10.3242,11.936,0.3185,0.0939,0.2822
4,latency,ALL_CONDITIONS,ads.1,CES-D,full,MinMaxScaler,SVR,199,50,5,0.2374,10.3945,12.1777,0.316,0.0569,0.2553
4,latency,ALL_CONDITIONS,ads.1,CES-D,full,MinMaxScaler,KNN,199,50,5,0.1726,10.9796,13.1632,0.2006,-0.102,0.1171
4,latency,ALL_CONDITIONS,ads.1,CES-D,full,MinMaxScaler,RF,199,50,5,0.146,10.3412,12.3775,0.2241,0.0257,0.197
4,latency,ALL_CONDITIONS,ads.1,CES-D,full,MinMaxScaler,ET,199,50,5,0.1457,10.316,12.6942,0.1975,-0.0248,0.133
4,latency,ALL_CONDITIONS,ads.1,CES-D,full,MinMaxScaler,GB,199,50,5,0.2032,10.4205,12.5192,0.2553,0.0032,0.2408
4,latency,ALL_CONDITIONS,ads.1,CES-D,full,MinMaxScaler,XGB,199,50,5,0.1941,10.308,12.5768,0.2452,-0.006,0.2193
4,latency,ALL_CONDITIONS,ads.1,CES-D,full,MinMaxScaler,MLP,199,50,5,0.2243,10.2423,11.8144,0.3383,0.1123,0.2864
4,latency,ALL_CONDITIONS,ads.1,CES-D,full,MinMaxScaler,LGBM,199,50,5,0.1753,10.3802,12.9112,0.2118,-0.0602,0.1552
4,latency,ALL_CONDITIONS,ads.1,CES-D,full,MinMaxScaler,CatBoost,199,50,5,0.2074,10.069,12.1337,0.2877,0.0637,0.2631
4,latency,ALL_CONDITIONS,ads.1,CES-D,full,RobustScaler,Ridge,199,50,10,0.2602,10.012,11.6644,0.3721,0.1347,0.3934
4,latency,ALL_CONDITIONS,ads.1,CES-D,full,RobustScaler,Lasso,199,50,10,0.2503,10.0642,11.7407,0.3584,0.1233,0.3729
4,latency,ALL_CONDITIONS,ads.1,CES-D,full,RobustScaler,ElasticNet,199,50,10,0.2522,10.0513,11.658,0.3717,0.1357,0.3907
4,latency,ALL_CONDITIONS,ads.1,CES-D,full,RobustScaler,SVR,199,50,10,0.1451,10.1582,11.8213,0.386,0.1113,0.3445
4,latency,ALL_CONDITIONS,ads.1,CES-D,full,RobustScaler,KNN,199,50,10,0.2155,10.3096,11.9319,0.3188,0.0946,0.3053
4,latency,ALL_CONDITIONS,ads.1,CES-D,full,RobustScaler,RF,199,50,10,0.1842,10.5982,12.2614,0.2612,0.0439,0.2455
4,latency,ALL_CONDITIONS,ads.1,CES-D,full,RobustScaler,ET,199,50,10,0.1573,10.8923,12.43,0.2251,0.0174,0.206
4,latency,ALL_CONDITIONS,ads.1,CES-D,full,RobustScaler,GB,199,50,10,0.1709,10.8016,12.8075,0.2116,-0.0432,0.1888
4,latency,ALL_CONDITIONS,ads.1,CES-D,full,RobustScaler,XGB,199,50,10,0.1638,10.9208,12.9456,0.1993,-0.0658,0.2116
4,latency,ALL_CONDITIONS,ads.1,CES-D,full,RobustScaler,MLP,199,50,10,0.1733,10.6279,13.0308,0.2095,-0.0799,0.164
4,latency,ALL_CONDITIONS,ads.1,CES-D,full,RobustScaler,LGBM,199,50,10,0.1643,10.9832,13.2235,0.1902,-0.1121,0.1966
4,latency,ALL_CONDITIONS,ads.1,CES-D,full,RobustScaler,CatBoost,199,50,10,0.2135,10.3789,12.1692,0.2877,0.0582,0.2681
5,latency,ALL_CONDITIONS,ads.1,CES-D,full,StandardScaler,Ridge,200,49,20,0.1045,10.3128,12.3526,0.1484,-0.0715,0.1258
5,latency,ALL_CONDITIONS,ads.1,CES-D,full,StandardScaler,Lasso,200,49,20,0.089,10.4398,12.5425,0.1221,-0.1047,0.089
5,latency,ALL_CONDITIONS,ads.1,CES-D,full,StandardScaler,ElasticNet,200,49,20,0.1119,10.2499,12.2446,0.1631,-0.0528,0.1512
5,latency,ALL_CONDITIONS,ads.1,CES-D,full,StandardScaler,SVR,200,49,20,0.1291,10.3907,12.3558,0.2131,-0.072,0.1999
5,latency,ALL_CONDITIONS,ads.1,CES-D,full,StandardScaler,KNN,200,49,20,0.0014,11.089,12.7828,0.0023,-0.1474,-0.0204
5,latency,ALL_CONDITIONS,ads.1,CES-D,full,StandardScaler,RF,200,49,20,0.1299,10.0847,12.0209,0.2338,-0.0147,0.2321
5,latency,ALL_CONDITIONS,ads.1,CES-D,full,StandardScaler,ET,200,49,20,0.0676,10.6135,12.4932,0.1074,-0.096,0.1014
5,latency,ALL_CONDITIONS,ads.1,CES-D,full,StandardScaler,GB,200,49,20,0.2035,9.829,11.5717,0.355,0.0597,0.3365
5,latency,ALL_CONDITIONS,ads.1,CES-D,full,StandardScaler,XGB,200,49,20,0.1675,10.0128,11.8957,0.2995,0.0063,0.2967
5,latency,ALL_CONDITIONS,ads.1,CES-D,full,StandardScaler,MLP,200,49,20,0.1469,10.3605,12.4353,0.2098,-0.0859,0.2088
5,latency,ALL_CONDITIONS,ads.1,CES-D,full,StandardScaler,LGBM,200,49,20,0.174,10.1367,12.0857,0.2868,-0.0257,0.2099
5,latency,ALL_CONDITIONS,ads.1,CES-D,full,StandardScaler,CatBoost,200,49,20,0.102,10.257,12.1203,0.1939,-0.0316,0.1409
5,latency,ALL_CONDITIONS,ads.1,CES-D,full,MinMaxScaler,Ridge,200,49,15,0.14,10.1682,11.9462,0.2165,-0.0022,0.1545
5,latency,ALL_CONDITIONS,ads.1,CES-D,full,MinMaxScaler,Lasso,200,49,15,0.145,10.4573,12.2784,0.1946,-0.0587,0.1335
5,latency,ALL_CONDITIONS,ads.1,CES-D,full,MinMaxScaler,ElasticNet,200,49,15,0.1415,10.0694,11.8353,0.2318,0.0164,0.1936
5,latency,ALL_CONDITIONS,ads.1,CES-D,full,MinMaxScaler,SVR,200,49,15,0.0888,10.4915,12.1701,0.2083,-0.0401,0.1748
5,latency,ALL_CONDITIONS,ads.1,CES-D,full,MinMaxScaler,KNN,200,49,15,-0.0023,11.2394,12.9702,-0.0033,-0.1813,-0.0029
5,latency,ALL_CONDITIONS,ads.1,CES-D,full,MinMaxScaler,RF,200,49,15,0.0204,10.8883,12.7188,0.0346,-0.136,-0.0181
5,latency,ALL_CONDITIONS,ads.1,CES-D,full,MinMaxScaler,ET,200,49,15,0.0017,11.0051,12.7467,0.0031,-0.141,-0.0356
5,latency,ALL_CONDITIONS,ads.1,CES-D,full,MinMaxScaler,GB,200,49,15,-0.0469,12.1537,14.0194,-0.0673,-0.3802,-0.1305
5,latency,ALL_CONDITIONS,ads.1,CES-D,full,MinMaxScaler,XGB,200,49,15,-0.0006,11.5971,13.4346,-0.0009,-0.2674,-0.0683
5,latency,ALL_CONDITIONS,ads.1,CES-D,full,MinMaxScaler,MLP,200,49,15,0.1207,10.2045,11.904,0.2181,0.0049,0.2134
5,latency,ALL_CONDITIONS,ads.1,CES-D,full,MinMaxScaler,LGBM,200,49,15,0.0456,11.3807,13.2563,0.0625,-0.234,-0.0314
5,latency,ALL_CONDITIONS,ads.1,CES-D,full,MinMaxScaler,CatBoost,200,49,15,0.0882,10.639,12.386,0.1446,-0.0773,0.093
5,latency,ALL_CONDITIONS,ads.1,CES-D,full,RobustScaler,Ridge,200,49,20,0.1134,10.7019,12.2833,0.156,-0.0595,0.1378
5,latency,ALL_CONDITIONS,ads.1,CES-D,full,RobustScaler,Lasso,200,49,20,0.1017,10.7082,12.2671,0.1449,-0.0567,0.1051
5,latency,ALL_CONDITIONS,ads.1,CES-D,full,RobustScaler,ElasticNet,200,49,20,0.1131,10.6119,12.1499,0.1645,-0.0366,0.1089
5,latency,ALL_CONDITIONS,ads.1,CES-D,full,RobustScaler,SVR,200,49,20,0.1468,10.2401,11.8968,0.25,0.0061,0.2593
5,latency,ALL_CONDITIONS,ads.1,CES-D,full,RobustScaler,KNN,200,49,20,0.14,10.441,12.067,0.2006,-0.0225,0.1492
5,latency,ALL_CONDITIONS,ads.1,CES-D,full,RobustScaler,RF,200,49,20,0.1705,10.1354,11.7256,0.2815,0.0345,0.2584
5,latency,ALL_CONDITIONS,ads.1,CES-D,full,RobustScaler,ET,200,49,20,0.1008,10.6022,12.1372,0.1792,-0.0344,0.1416
5,latency,ALL_CONDITIONS,ads.1,CES-D,full,RobustScaler,GB,200,49,20,0.28,9.4594,11.2414,0.4379,0.1126,0.4183
5,latency,ALL_CONDITIONS,ads.1,CES-D,full,RobustScaler,XGB,200,49,20,0.2457,9.5609,11.4765,0.4102,0.0751,0.3533
5,latency,ALL_CONDITIONS,ads.1,CES-D,full,RobustScaler,MLP,200,49,20,0.0427,11.5497,13.6248,0.061,-0.3036,-0.0306
5,latency,ALL_CONDITIONS,ads.1,CES-D,full,RobustScaler,LGBM,200,49,20,0.2301,10.1962,11.8502,0.3149,0.0139,0.2886
5,latency,ALL_CONDITIONS,ads.1,CES-D,full,RobustScaler,CatBoost,200,49,20,0.1786,10.0691,11.6354,0.3116,0.0493,0.281
1,latency,ALL_CONDITIONS,HRSD_6.1,HRSD6,full,StandardScaler,Ridge,190,48,10,-0.0821,4.3589,4.9881,-0.1472,-0.1992,-0.0947
1,latency,ALL_CONDITIONS,HRSD_6.1,HRSD6,full,StandardScaler,Lasso,190,48,10,-0.0921,4.4099,5.1219,-0.1389,-0.2644,-0.1612
1,latency,ALL_CONDITIONS,HRSD_6.1,HRSD6,full,StandardScaler,ElasticNet,190,48,10,-0.0656,4.2583,4.8602,-0.1483,-0.1385,-0.0915
1,latency,ALL_CONDITIONS,HRSD_6.1,HRSD6,full,StandardScaler,SVR,190,48,10,-0.0883,4.5469,5.2409,-0.1336,-0.3238,-0.0621
1,latency,ALL_CONDITIONS,HRSD_6.1,HRSD6,full,StandardScaler,KNN,190,48,10,-0.0665,4.4514,5.2178,-0.0864,-0.3122,0.0007
1,latency,ALL_CONDITIONS,HRSD_6.1,HRSD6,full,StandardScaler,RF,190,48,10,-0.1169,4.837,5.6228,-0.1321,-0.5238,-0.055
1,latency,ALL_CONDITIONS,HRSD_6.1,HRSD6,full,StandardScaler,ET,190,48,10,-0.2102,5.1184,6.035,-0.2272,-0.7554,-0.1307
1,latency,ALL_CONDITIONS,HRSD_6.1,HRSD6,full,StandardScaler,GB,190,48,10,-0.1144,4.875,5.5681,-0.1317,-0.4943,-0.1398
1,latency,ALL_CONDITIONS,HRSD_6.1,HRSD6,full,StandardScaler,XGB,190,48,10,-0.0471,4.6768,5.3808,-0.0544,-0.3955,-0.0624
1,latency,ALL_CONDITIONS,HRSD_6.1,HRSD6,full,StandardScaler,MLP,190,48,10,-0.1091,4.6535,5.3435,-0.1398,-0.3761,-0.057
1,latency,ALL_CONDITIONS,HRSD_6.1,HRSD6,full,StandardScaler,LGBM,190,48,10,-0.1039,4.6851,5.4132,-0.1259,-0.4123,-0.1508
1,latency,ALL_CONDITIONS,HRSD_6.1,HRSD6,full,StandardScaler,CatBoost,190,48,10,-0.1037,4.7152,5.4033,-0.1262,-0.4071,-0.0479
1,latency,ALL_CONDITIONS,HRSD_6.1,HRSD6,full,MinMaxScaler,Ridge,190,48,10,-0.0997,4.3328,5.0528,-0.175,-0.2305,-0.1447
1,latency,ALL_CONDITIONS,HRSD_6.1,HRSD6,full,MinMaxScaler,Lasso,190,48,10,-0.1002,4.3474,5.0683,-0.1713,-0.2381,-0.1231
1,latency,ALL_CONDITIONS,HRSD_6.1,HRSD6,full,MinMaxScaler,ElasticNet,190,48,10,-0.0972,4.3162,5.0306,-0.1762,-0.2197,-0.1535
1,latency,ALL_CONDITIONS,HRSD_6.1,HRSD6,full,MinMaxScaler,SVR,190,48,10,-0.0765,4.4625,5.2011,-0.1162,-0.3038,-0.0987
1,latency,ALL_CONDITIONS,HRSD_6.1,HRSD6,full,MinMaxScaler,KNN,190,48,10,-0.129,4.4306,5.1949,-0.1923,-0.3007,-0.1258
1,latency,ALL_CONDITIONS,HRSD_6.1,HRSD6,full,MinMaxScaler,RF,190,48,10,-0.068,4.5777,5.2039,-0.0882,-0.3052,-0.0939
1,latency,ALL_CONDITIONS,HRSD_6.1,HRSD6,full,MinMaxScaler,ET,190,48,10,-0.1069,4.7046,5.5615,-0.1225,-0.4908,-0.0592
1,latency,ALL_CONDITIONS,HRSD_6.1,HRSD6,full,MinMaxScaler,GB,190,48,10,-0.1508,4.7865,5.531,-0.1822,-0.4744,-0.1441
1,latency,ALL_CONDITIONS,HRSD_6.1,HRSD6,full,MinMaxScaler,XGB,190,48,10,-0.1117,4.6583,5.3669,-0.1401,-0.3883,-0.1577
1,latency,ALL_CONDITIONS,HRSD_6.1,HRSD6,full,MinMaxScaler,MLP,190,48,10,-0.0534,4.2941,4.9082,-0.1025,-0.1611,-0.0943
1,latency,ALL_CONDITIONS,HRSD_6.1,HRSD6,full,MinMaxScaler,LGBM,190,48,10,-0.0423,4.5686,5.3249,-0.0498,-0.3666,-0.0461
1,latency,ALL_CONDITIONS,HRSD_6.1,HRSD6,full,MinMaxScaler,CatBoost,190,48,10,0.001,4.4794,5.1836,0.0012,-0.295,-0.0213
1,latency,ALL_CONDITIONS,HRSD_6.1,HRSD6,full,RobustScaler,Ridge,190,48,10,-0.1278,4.4521,5.1842,-0.1961,-0.2953,-0.1918
1,latency,ALL_CONDITIONS,HRSD_6.1,HRSD6,full,RobustScaler,Lasso,190,48,10,-0.1235,4.4187,5.1622,-0.1931,-0.2844,-0.189
1,latency,ALL_CONDITIONS,HRSD_6.1,HRSD6,full,RobustScaler,ElasticNet,190,48,10,-0.1241,4.4404,5.1685,-0.1922,-0.2875,-0.1868
1,latency,ALL_CONDITIONS,HRSD_6.1,HRSD6,full,RobustScaler,SVR,190,48,10,-0.1132,4.6026,5.2687,-0.1634,-0.3379,-0.1523
1,latency,ALL_CONDITIONS,HRSD_6.1,HRSD6,full,RobustScaler,KNN,190,48,10,-0.1483,4.713,5.5013,-0.1815,-0.4586,-0.1644
1,latency,ALL_CONDITIONS,HRSD_6.1,HRSD6,full,RobustScaler,RF,190,48,10,-0.1988,4.9073,5.6282,-0.2424,-0.5267,-0.2143
1,latency,ALL_CONDITIONS,HRSD_6.1,HRSD6,full,RobustScaler,ET,190,48,10,-0.1475,4.9147,5.7715,-0.1634,-0.6054,-0.1072
1,latency,ALL_CONDITIONS,HRSD_6.1,HRSD6,full,RobustScaler,GB,190,48,10,-0.1941,4.8538,5.5391,-0.2464,-0.4788,-0.2672
1,latency,ALL_CONDITIONS,HRSD_6.1,HRSD6,full,RobustScaler,XGB,190,48,10,-0.2019,4.8376,5.5052,-0.2648,-0.4607,-0.2905
1,latency,ALL_CONDITIONS,HRSD_6.1,HRSD6,full,RobustScaler,MLP,190,48,10,-0.1855,4.8334,5.6282,-0.2228,-0.5267,-0.2251
1,latency,ALL_CONDITIONS,HRSD_6.1,HRSD6,full,RobustScaler,LGBM,190,48,10,-0.2019,4.7961,5.6468,-0.2465,-0.5368,-0.3013
1,latency,ALL_CONDITIONS,HRSD_6.1,HRSD6,full,RobustScaler,CatBoost,190,48,10,-0.1851,4.8476,5.5355,-0.2328,-0.4768,-0.2013
2,latency,ALL_CONDITIONS,HRSD_6.1,HRSD6,full,StandardScaler,Ridge,190,48,10,0.0359,3.9775,4.8454,0.0871,-0.0092,0.0398
2,latency,ALL_CONDITIONS,HRSD_6.1,HRSD6,full,StandardScaler,Lasso,190,48,10,0.0482,4.0112,4.8585,0.1002,-0.0146,0.0507
2,latency,ALL_CONDITIONS,HRSD_6.1,HRSD6,full,StandardScaler,ElasticNet,190,48,10,0.0176,3.9512,4.848,0.0542,-0.0103,0.0158
2,latency,ALL_CONDITIONS,HRSD_6.1,HRSD6,full,StandardScaler,SVR,190,48,10,0.0724,3.9746,4.9086,0.1199,-0.0357,0.1022
2,latency,ALL_CONDITIONS,HRSD_6.1,HRSD6,full,StandardScaler,KNN,190,48,10,0.1522,3.8796,4.7749,0.2233,0.02,0.1787
2,latency,ALL_CONDITIONS,HRSD_6.1,HRSD6,full,StandardScaler,RF,190,48,10,0.1416,3.9618,4.7743,0.215,0.0202,0.2658
2,latency,ALL_CONDITIONS,HRSD_6.1,HRSD6,full,StandardScaler,ET,190,48,10,0.1079,4.1152,5.0027,0.1435,-0.0758,0.1897
2,latency,ALL_CONDITIONS,HRSD_6.1,HRSD6,full,StandardScaler,GB,190,48,10,0.1202,4.0186,4.9287,0.1653,-0.0442,0.1849
2,latency,ALL_CONDITIONS,HRSD_6.1,HRSD6,full,StandardScaler,XGB,190,48,10,0.061,4.1522,5.1079,0.0827,-0.1215,0.087
2,latency,ALL_CONDITIONS,HRSD_6.1,HRSD6,full,StandardScaler,MLP,190,48,10,0.2785,3.736,4.5079,0.3677,0.1265,0.3702
2,latency,ALL_CONDITIONS,HRSD_6.1,HRSD6,full,StandardScaler,LGBM,190,48,10,0.1654,4.0521,4.8773,0.2135,-0.0226,0.2216
2,latency,ALL_CONDITIONS,HRSD_6.1,HRSD6,full,StandardScaler,CatBoost,190,48,10,0.1481,3.8705,4.7169,0.2377,0.0436,0.2876
2,latency,ALL_CONDITIONS,HRSD_6.1,HRSD6,full,MinMaxScaler,Ridge,190,48,5,0.0385,4.0493,4.9004,0.0768,-0.0322,0.0688
2,latency,ALL_CONDITIONS,HRSD_6.1,HRSD6,full,MinMaxScaler,Lasso,190,48,5,0.0472,4.0419,4.8893,0.0913,-0.0276,0.0701
2,latency,ALL_CONDITIONS,HRSD_6.1,HRSD6,full,MinMaxScaler,ElasticNet,190,48,5,0.0361,4.0494,4.9016,0.073,-0.0328,0.0706
2,latency,ALL_CONDITIONS,HRSD_6.1,HRSD6,full,MinMaxScaler,SVR,190,48,5,0.1177,4.0028,4.8556,0.1753,-0.0134,0.1728
2,latency,ALL_CONDITIONS,HRSD_6.1,HRSD6,full,MinMaxScaler,KNN,190,48,5,0.0346,4.2986,5.1691,0.0486,-0.1485,0.0864
2,latency,ALL_CONDITIONS,HRSD_6.1,HRSD6,full,MinMaxScaler,RF,190,48,5,0.1378,3.9695,4.8035,0.2048,0.0082,0.2651
2,latency,ALL_CONDITIONS,HRSD_6.1,HRSD6,full,MinMaxScaler,ET,190,48,5,0.0544,4.2673,5.1824,0.0718,-0.1545,0.1433
2,latency,ALL_CONDITIONS,HRSD_6.1,HRSD6,full,MinMaxScaler,GB,190,48,5,0.1937,4.0503,4.9208,0.232,-0.0408,0.2764
2,latency,ALL_CONDITIONS,HRSD_6.1,HRSD6,full,MinMaxScaler,XGB,190,48,5,0.1128,4.2329,5.1911,0.1332,-0.1584,0.1593
2,latency,ALL_CONDITIONS,HRSD_6.1,HRSD6,full,MinMaxScaler,MLP,190,48,5,0.0765,4.023,4.8377,0.1403,-0.006,0.1295
2,latency,ALL_CONDITIONS,HRSD_6.1,HRSD6,full,MinMaxScaler,LGBM,190,48,5,0.2158,4.1551,4.9424,0.2501,-0.05,0.2623
2,latency,ALL_CONDITIONS,HRSD_6.1,HRSD6,full,MinMaxScaler,CatBoost,190,48,5,0.1703,4.1143,4.9364,0.2105,-0.0475,0.2042
2,latency,ALL_CONDITIONS,HRSD_6.1,HRSD6,full,RobustScaler,Ridge,190,48,5,0.1162,3.8885,4.7118,0.2227,0.0457,0.1397
2,latency,ALL_CONDITIONS,HRSD_6.1,HRSD6,full,RobustScaler,Lasso,190,48,5,0.1133,3.8919,4.7166,0.2187,0.0438,0.1351
2,latency,ALL_CONDITIONS,HRSD_6.1,HRSD6,full,RobustScaler,ElasticNet,190,48,5,0.1125,3.892,4.7172,0.218,0.0435,0.1312
2,latency,ALL_CONDITIONS,HRSD_6.1,HRSD6,full,RobustScaler,SVR,190,48,5,0.1651,3.7746,4.7351,0.2466,0.0362,0.2534
2,latency,ALL_CONDITIONS,HRSD_6.1,HRSD6,full,RobustScaler,KNN,190,48,5,0.1413,3.9977,4.864,0.1988,-0.0169,0.218
2,latency,ALL_CONDITIONS,HRSD_6.1,HRSD6,full,RobustScaler,RF,190,48,5,0.1922,3.7469,4.6225,0.2953,0.0815,0.3178
2,latency,ALL_CONDITIONS,HRSD_6.1,HRSD6,full,RobustScaler,ET,190,48,5,0.1918,3.5949,4.6121,0.3018,0.0856,0.3344
2,latency,ALL_CONDITIONS,HRSD_6.1,HRSD6,full,RobustScaler,GB,190,48,5,0.2326,3.8912,4.7521,0.2882,0.0293,0.3082
2,latency,ALL_CONDITIONS,HRSD_6.1,HRSD6,full,RobustScaler,XGB,190,48,5,0.2045,3.8713,4.7864,0.2601,0.0152,0.31
2,latency,ALL_CONDITIONS,HRSD_6.1,HRSD6,full,RobustScaler,MLP,190,48,5,0.2035,3.7296,4.6126,0.3035,0.0854,0.3111
2,latency,ALL_CONDITIONS,HRSD_6.1,HRSD6,full,RobustScaler,LGBM,190,48,5,0.2489,3.8459,4.6638,0.3133,0.065,0.3198
2,latency,ALL_CONDITIONS,HRSD_6.1,HRSD6,full,RobustScaler,CatBoost,190,48,5,0.2044,3.821,4.6332,0.2973,0.0772,0.2889
3,latency,ALL_CONDITIONS,HRSD_6.1,HRSD6,full,StandardScaler,Ridge,190,48,10,0.0288,4.1142,4.7014,0.0645,-0.0653,-0.0154
3,latency,ALL_CONDITIONS,HRSD_6.1,HRSD6,full,StandardScaler,Lasso,190,48,10,0.0632,4.2271,4.9222,0.0914,-0.1677,0.0903
3,latency,ALL_CONDITIONS,HRSD_6.1,HRSD6,full,StandardScaler,ElasticNet,190,48,10,0.012,4.1005,4.6364,0.0427,-0.0361,-0.0536
3,latency,ALL_CONDITIONS,HRSD_6.1,HRSD6,full,StandardScaler,SVR,190,48,10,0.0375,4.2279,5.0179,0.0465,-0.2136,0.1007
3,latency,ALL_CONDITIONS,HRSD_6.1,HRSD6,full,StandardScaler,KNN,190,48,10,0.0456,4.1964,4.8795,0.0665,-0.1475,0.0495
3,latency,ALL_CONDITIONS,HRSD_6.1,HRSD6,full,StandardScaler,RF,190,48,10,0.0219,4.37,4.8496,0.0329,-0.1335,0.0267
3,latency,ALL_CONDITIONS,HRSD_6.1,HRSD6,full,StandardScaler,ET,190,48,10,0.077,4.2266,4.7786,0.1054,-0.1006,0.1426
3,latency,ALL_CONDITIONS,HRSD_6.1,HRSD6,full,StandardScaler,GB,190,48,10,-0.0138,4.614,5.2035,-0.0177,-0.305,0.0515
3,latency,ALL_CONDITIONS,HRSD_6.1,HRSD6,full,StandardScaler,XGB,190,48,10,0.008,4.545,5.0934,0.0103,-0.2503,0.0669
3,latency,ALL_CONDITIONS,HRSD_6.1,HRSD6,full,StandardScaler,MLP,190,48,10,-0.1107,4.7121,5.7884,-0.1202,-0.6148,-0.0224
3,latency,ALL_CONDITIONS,HRSD_6.1,HRSD6,full,StandardScaler,LGBM,190,48,10,0.1809,3.9332,4.6616,0.2193,-0.0473,0.2592
3,latency,ALL_CONDITIONS,HRSD_6.1,HRSD6,full,StandardScaler,CatBoost,190,48,10,0.0035,4.4126,4.9803,0.0047,-0.1954,0.0729
3,latency,ALL_CONDITIONS,HRSD_6.1,HRSD6,full,MinMaxScaler,Ridge,190,48,15,0.1569,4.1252,4.8241,0.2023,-0.1216,0.2197
3,latency,ALL_CONDITIONS,HRSD_6.1,HRSD6,full,MinMaxScaler,Lasso,190,48,15,0.1749,4.1585,4.8538,0.2135,-0.1355,0.234
3,latency,ALL_CONDITIONS,HRSD_6.1,HRSD6,full,MinMaxScaler,ElasticNet,190,48,15,0.138,4.1009,4.8024,0.187,-0.1116,0.2107
3,latency,ALL_CONDITIONS,HRSD_6.1,HRSD6,full,MinMaxScaler,SVR,190,48,15,0.0506,4.1512,4.7514,0.0785,-0.0881,0.1285
3,latency,ALL_CONDITIONS,HRSD_6.1,HRSD6,full,MinMaxScaler,KNN,190,48,15,0.1288,4.3899,5.0031,0.1592,-0.2064,0.1574
3,latency,ALL_CONDITIONS,HRSD_6.1,HRSD6,full,MinMaxScaler,RF,190,48,15,0.0839,4.1184,4.7528,0.1253,-0.0887,0.166
3,latency,ALL_CONDITIONS,HRSD_6.1,HRSD6,full,MinMaxScaler,ET,190,48,15,0.1465,4.0601,4.6609,0.2097,-0.047,0.2098
3,latency,ALL_CONDITIONS,HRSD_6.1,HRSD6,full,MinMaxScaler,GB,190,48,15,0.0855,4.4087,5.0393,0.1044,-0.2239,0.1504
3,latency,ALL_CONDITIONS,HRSD_6.1,HRSD6,full,MinMaxScaler,XGB,190,48,15,0.141,4.2191,4.9509,0.1699,-0.1814,0.1953
3,latency,ALL_CONDITIONS,HRSD_6.1,HRSD6,full,MinMaxScaler,MLP,190,48,15,0.2364,4.0061,4.6543,0.2866,-0.0441,0.271
3,latency,ALL_CONDITIONS,HRSD_6.1,HRSD6,full,MinMaxScaler,LGBM,190,48,15,0.1241,4.1508,4.9187,0.1502,-0.1661,0.169
3,latency,ALL_CONDITIONS,HRSD_6.1,HRSD6,full,MinMaxScaler,CatBoost,190,48,15,0.1218,4.1148,4.6969,0.1744,-0.0633,0.234
3,latency,ALL_CONDITIONS,HRSD_6.1,HRSD6,full,RobustScaler,Ridge,190,48,20,-0.1424,4.4834,5.333,-0.2218,-0.3707,-0.1089
3,latency,ALL_CONDITIONS,HRSD_6.1,HRSD6,full,RobustScaler,Lasso,190,48,20,-0.0,4.0423,4.5877,,-0.0144,
3,latency,ALL_CONDITIONS,HRSD_6.1,HRSD6,full,RobustScaler,ElasticNet,190,48,20,-0.032,4.2064,4.7306,-0.1356,-0.0786,-0.1959
3,latency,ALL_CONDITIONS,HRSD_6.1,HRSD6,full,RobustScaler,SVR,190,48,20,-0.0788,4.2786,4.9637,-0.1385,-0.1875,-0.1061
3,latency,ALL_CONDITIONS,HRSD_6.1,HRSD6,full,RobustScaler,KNN,190,48,20,-0.0357,4.4329,5.0451,-0.0527,-0.2268,0.0121
3,latency,ALL_CONDITIONS,HRSD_6.1,HRSD6,full,RobustScaler,RF,190,48,20,-0.0596,4.37,5.0269,-0.0894,-0.2179,-0.0613
3,latency,ALL_CONDITIONS,HRSD_6.1,HRSD6,full,RobustScaler,ET,190,48,20,-0.12,4.5908,5.2319,-0.1695,-0.3193,-0.1027
3,latency,ALL_CONDITIONS,HRSD_6.1,HRSD6,full,RobustScaler,GB,190,48,20,0.0253,4.2054,4.9952,0.0325,-0.2026,0.0624
3,latency,ALL_CONDITIONS,HRSD_6.1,HRSD6,full,RobustScaler,XGB,190,48,20,-0.0244,4.266,4.9757,-0.0353,-0.1932,0.0078
3,latency,ALL_CONDITIONS,HRSD_6.1,HRSD6,full,RobustScaler,MLP,190,48,20,-0.0688,4.3611,4.9783,-0.1177,-0.1945,-0.0774
3,latency,ALL_CONDITIONS,HRSD_6.1,HRSD6,full,RobustScaler,LGBM,190,48,20,0.0261,4.2658,5.1198,0.0313,-0.2634,0.0481
3,latency,ALL_CONDITIONS,HRSD_6.1,HRSD6,full,RobustScaler,CatBoost,190,48,20,-0.0516,4.3074,4.9436,-0.0846,-0.1779,-0.0703
4,latency,ALL_CONDITIONS,HRSD_6.1,HRSD6,full,StandardScaler,Ridge,191,47,5,-0.0047,4.3626,5.2282,-0.0667,-0.0208,-0.1465
4,latency,ALL_CONDITIONS,HRSD_6.1,HRSD6,full,StandardScaler,Lasso,191,47,5,-0.0,4.345,5.2044,,-0.0115,
4,latency,ALL_CONDITIONS,HRSD_6.1,HRSD6,full,StandardScaler,ElasticNet,191,47,5,-0.0032,4.3568,5.2198,-0.0657,-0.0175,-0.1474
4,latency,ALL_CONDITIONS,HRSD_6.1,HRSD6,full,StandardScaler,SVR,191,47,5,-0.009,4.6373,5.672,-0.0173,-0.2014,-0.1129
4,latency,ALL_CONDITIONS,HRSD_6.1,HRSD6,full,StandardScaler,KNN,191,47,5,0.048,4.617,5.6236,0.0631,-0.181,0.0088
4,latency,ALL_CONDITIONS,HRSD_6.1,HRSD6,full,StandardScaler,RF,191,47,5,-0.0372,4.5338,5.5354,-0.0718,-0.1443,-0.1487
4,latency,ALL_CONDITIONS,HRSD_6.1,HRSD6,full,StandardScaler,ET,191,47,5,-0.0351,4.5481,5.6465,-0.054,-0.1906,-0.092
4,latency,ALL_CONDITIONS,HRSD_6.1,HRSD6,full,StandardScaler,GB,191,47,5,-0.0133,4.5923,5.5713,-0.0214,-0.1591,-0.101
4,latency,ALL_CONDITIONS,HRSD_6.1,HRSD6,full,StandardScaler,XGB,191,47,5,-0.0421,4.5854,5.6527,-0.0712,-0.1933,-0.1214
4,latency,ALL_CONDITIONS,HRSD_6.1,HRSD6,full,StandardScaler,MLP,191,47,5,-0.029,4.6226,5.4593,-0.058,-0.113,-0.132
4,latency,ALL_CONDITIONS,HRSD_6.1,HRSD6,full,StandardScaler,LGBM,191,47,5,-0.0738,4.7422,5.735,-0.1215,-0.2283,-0.1807
4,latency,ALL_CONDITIONS,HRSD_6.1,HRSD6,full,StandardScaler,CatBoost,191,47,5,-0.0037,4.5427,5.4941,-0.007,-0.1272,-0.0937
4,latency,ALL_CONDITIONS,HRSD_6.1,HRSD6,full,MinMaxScaler,Ridge,191,47,5,-0.0012,4.3551,5.2185,-0.0169,-0.017,-0.1154
4,latency,ALL_CONDITIONS,HRSD_6.1,HRSD6,full,MinMaxScaler,Lasso,191,47,5,-0.0,4.345,5.2044,,-0.0115,
4,latency,ALL_CONDITIONS,HRSD_6.1,HRSD6,full,MinMaxScaler,ElasticNet,191,47,5,-0.0005,4.3526,5.2149,-0.0074,-0.0156,-0.1054
4,latency,ALL_CONDITIONS,HRSD_6.1,HRSD6,full,MinMaxScaler,SVR,191,47,5,-0.023,4.6896,5.6801,-0.042,-0.2049,-0.1229
4,latency,ALL_CONDITIONS,HRSD_6.1,HRSD6,full,MinMaxScaler,KNN,191,47,5,-0.0167,4.7329,5.5839,-0.0261,-0.1644,-0.0351
4,latency,ALL_CONDITIONS,HRSD_6.1,HRSD6,full,MinMaxScaler,RF,191,47,5,-0.054,4.6741,5.6053,-0.0976,-0.1733,-0.1846
4,latency,ALL_CONDITIONS,HRSD_6.1,HRSD6,full,MinMaxScaler,ET,191,47,5,-0.0217,4.6456,5.6164,-0.0328,-0.178,-0.0937
4,latency,ALL_CONDITIONS,HRSD_6.1,HRSD6,full,MinMaxScaler,GB,191,47,5,-0.0281,4.7577,5.6823,-0.0479,-0.2058,-0.1488
4,latency,ALL_CONDITIONS,HRSD_6.1,HRSD6,full,MinMaxScaler,XGB,191,47,5,-0.044,4.7503,5.6365,-0.0778,-0.1864,-0.1916
4,latency,ALL_CONDITIONS,HRSD_6.1,HRSD6,full,MinMaxScaler,MLP,191,47,5,-0.0006,4.3733,5.2333,-0.0032,-0.0228,-0.0999
4,latency,ALL_CONDITIONS,HRSD_6.1,HRSD6,full,MinMaxScaler,LGBM,191,47,5,-0.0955,4.959,5.8388,-0.1483,-0.2731,-0.2206
4,latency,ALL_CONDITIONS,HRSD_6.1,HRSD6,full,MinMaxScaler,CatBoost,191,47,5,-0.0472,4.7199,5.6542,-0.0795,-0.1939,-0.1963
4,latency,ALL_CONDITIONS,HRSD_6.1,HRSD6,full,RobustScaler,Ridge,191,47,10,-0.0022,4.3757,5.2303,-0.0195,-0.0216,-0.1213
4,latency,ALL_CONDITIONS,HRSD_6.1,HRSD6,full,RobustScaler,Lasso,191,47,10,-0.0038,4.3463,5.2173,-0.1139,-0.0165,-0.1142
4,latency,ALL_CONDITIONS,HRSD_6.1,HRSD6,full,RobustScaler,ElasticNet,191,47,10,-0.007,4.3582,5.2281,-0.1615,-0.0207,-0.1858
4,latency,ALL_CONDITIONS,HRSD_6.1,HRSD6,full,RobustScaler,SVR,191,47,10,-0.0366,4.6285,5.5804,-0.075,-0.163,-0.1302
4,latency,ALL_CONDITIONS,HRSD_6.1,HRSD6,full,RobustScaler,KNN,191,47,10,0.0275,4.4833,5.4675,0.0437,-0.1164,-0.0175
4,latency,ALL_CONDITIONS,HRSD_6.1,HRSD6,full,RobustScaler,RF,191,47,10,-0.037,4.6654,5.5507,-0.0645,-0.1506,-0.1189
4,latency,ALL_CONDITIONS,HRSD_6.1,HRSD6,full,RobustScaler,ET,191,47,10,-0.0539,4.6913,5.6712,-0.0843,-0.2011,-0.1114
4,latency,ALL_CONDITIONS,HRSD_6.1,HRSD6,full,RobustScaler,GB,191,47,10,0.0128,4.7272,5.6043,0.0184,-0.1729,-0.0451
4,latency,ALL_CONDITIONS,HRSD_6.1,HRSD6,full,RobustScaler,XGB,191,47,10,0.0225,4.5873,5.4713,0.0375,-0.1179,-0.0547
4,latency,ALL_CONDITIONS,HRSD_6.1,HRSD6,full,RobustScaler,MLP,191,47,10,-0.0616,4.7517,5.5774,-0.1163,-0.1617,-0.1603
4,latency,ALL_CONDITIONS,HRSD_6.1,HRSD6,full,RobustScaler,LGBM,191,47,10,-0.1155,5.0232,5.9445,-0.1632,-0.3196,-0.1611
4,latency,ALL_CONDITIONS,HRSD_6.1,HRSD6,full,RobustScaler,CatBoost,191,47,10,-0.0203,4.5147,5.4192,-0.046,-0.0967,-0.0571
5,latency,ALL_CONDITIONS,HRSD_6.1,HRSD6,full,StandardScaler,Ridge,191,47,15,0.028,3.8227,4.4906,0.0763,-0.0217,0.057
5,latency,ALL_CONDITIONS,HRSD_6.1,HRSD6,full,StandardScaler,Lasso,191,47,15,0.0014,3.8072,4.4601,0.0533,-0.0079,-0.0448
5,latency,ALL_CONDITIONS,HRSD_6.1,HRSD6,full,StandardScaler,ElasticNet,191,47,15,0.0204,3.8167,4.4627,0.0787,-0.0091,0.0675
5,latency,ALL_CONDITIONS,HRSD_6.1,HRSD6,full,StandardScaler,SVR,191,47,15,0.0799,3.8199,4.4448,0.1476,-0.001,0.1996
5,latency,ALL_CONDITIONS,HRSD_6.1,HRSD6,full,StandardScaler,KNN,191,47,15,0.0806,3.9243,4.6068,0.1216,-0.0753,0.1352
5,latency,ALL_CONDITIONS,HRSD_6.1,HRSD6,full,StandardScaler,RF,191,47,15,0.0357,3.8385,4.6902,0.0552,-0.1146,0.144
5,latency,ALL_CONDITIONS,HRSD_6.1,HRSD6,full,StandardScaler,ET,191,47,15,0.0247,3.8319,4.713,0.0365,-0.1254,0.1714
5,latency,ALL_CONDITIONS,HRSD_6.1,HRSD6,full,StandardScaler,GB,191,47,15,0.0806,4.1317,4.8886,0.0976,-0.2109,0.0571
5,latency,ALL_CONDITIONS,HRSD_6.1,HRSD6,full,StandardScaler,XGB,191,47,15,0.141,3.818,4.5726,0.1844,-0.0594,0.1838
5,latency,ALL_CONDITIONS,HRSD_6.1,HRSD6,full,StandardScaler,MLP,191,47,15,0.1146,4.024,4.8154,0.1403,-0.1749,0.1718
5,latency,ALL_CONDITIONS,HRSD_6.1,HRSD6,full,StandardScaler,LGBM,191,47,15,0.1425,3.7572,4.5482,0.1897,-0.0481,0.2286
5,latency,ALL_CONDITIONS,HRSD_6.1,HRSD6,full,StandardScaler,CatBoost,191,47,15,0.133,3.793,4.5061,0.1945,-0.0288,0.1782
5,latency,ALL_CONDITIONS,HRSD_6.1,HRSD6,full,MinMaxScaler,Ridge,191,47,5,0.0311,3.8139,4.5023,0.076,-0.0271,0.0182
5,latency,ALL_CONDITIONS,HRSD_6.1,HRSD6,full,MinMaxScaler,Lasso,191,47,5,0.0102,3.8043,4.4605,0.0533,-0.0081,-0.0448
5,latency,ALL_CONDITIONS,HRSD_6.1,HRSD6,full,MinMaxScaler,ElasticNet,191,47,5,0.0282,3.8126,4.4891,0.0758,-0.021,0.0133
5,latency,ALL_CONDITIONS,HRSD_6.1,HRSD6,full,MinMaxScaler,SVR,191,47,5,0.0816,3.9272,4.602,0.1162,-0.0731,0.168
5,latency,ALL_CONDITIONS,HRSD_6.1,HRSD6,full,MinMaxScaler,KNN,191,47,5,0.1297,4.0511,4.7555,0.1559,-0.1458,0.127
5,latency,ALL_CONDITIONS,HRSD_6.1,HRSD6,full,MinMaxScaler,RF,191,47,5,0.0948,3.8729,4.6355,0.1267,-0.0887,0.1106
5,latency,ALL_CONDITIONS,HRSD_6.1,HRSD6,full,MinMaxScaler,ET,191,47,5,0.0018,4.0696,4.8536,0.0024,-0.1936,0.0865
5,latency,ALL_CONDITIONS,HRSD_6.1,HRSD6,full,MinMaxScaler,GB,191,47,5,0.2843,3.5524,4.1865,0.3599,0.112,0.3613
5,latency,ALL_CONDITIONS,HRSD_6.1,HRSD6,full,MinMaxScaler,XGB,191,47,5,0.3278,3.4606,4.1395,0.3926,0.1318,0.4407
5,latency,ALL_CONDITIONS,HRSD_6.1,HRSD6,full,MinMaxScaler,MLP,191,47,5,0.0293,3.8205,4.4896,0.0824,-0.0213,0.0688
5,latency,ALL_CONDITIONS,HRSD_6.1,HRSD6,full,MinMaxScaler,LGBM,191,47,5,0.1987,3.4988,4.353,0.2685,0.0399,0.2741
5,latency,ALL_CONDITIONS,HRSD_6.1,HRSD6,full,MinMaxScaler,CatBoost,191,47,5,0.2608,3.6291,4.2664,0.3317,0.0778,0.3721
5,latency,ALL_CONDITIONS,HRSD_6.1,HRSD6,full,RobustScaler,Ridge,191,47,10,0.0275,4.159,5.3668,0.0308,-0.4594,-0.0353
5,latency,ALL_CONDITIONS,HRSD_6.1,HRSD6,full,RobustScaler,Lasso,191,47,10,0.0083,3.814,4.4605,0.0604,-0.0081,0.1864
5,latency,ALL_CONDITIONS,HRSD_6.1,HRSD6,full,RobustScaler,ElasticNet,191,47,10,0.0193,3.8145,4.4581,0.0828,-0.007,0.0865
5,latency,ALL_CONDITIONS,HRSD_6.1,HRSD6,full,RobustScaler,SVR,191,47,10,0.0882,3.8545,4.4204,0.1653,0.01,0.1935
5,latency,ALL_CONDITIONS,HRSD_6.1,HRSD6,full,RobustScaler,KNN,191,47,10,0.1784,3.5579,4.2685,0.2873,0.0768,0.3125
5,latency,ALL_CONDITIONS,HRSD_6.1,HRSD6,full,RobustScaler,RF,191,47,10,0.0703,3.7459,4.5614,0.1163,-0.0542,0.1496
5,latency,ALL_CONDITIONS,HRSD_6.1,HRSD6,full,RobustScaler,ET,191,47,10,-0.0461,3.9227,4.8527,-0.0709,-0.1931,0.0476
5,latency,ALL_CONDITIONS,HRSD_6.1,HRSD6,full,RobustScaler,GB,191,47,10,0.0825,4.0185,4.8417,0.1006,-0.1878,0.0609
5,latency,ALL_CONDITIONS,HRSD_6.1,HRSD6,full,RobustScaler,XGB,191,47,10,0.1462,3.7973,4.5549,0.1896,-0.0512,0.1699
5,latency,ALL_CONDITIONS,HRSD_6.1,HRSD6,full,RobustScaler,MLP,191,47,10,0.1577,3.8472,4.5726,0.2172,-0.0594,0.2983
5,latency,ALL_CONDITIONS,HRSD_6.1,HRSD6,full,RobustScaler,LGBM,191,47,10,0.1435,3.6609,4.5349,0.1978,-0.042,0.2495
5,latency,ALL_CONDITIONS,HRSD_6.1,HRSD6,full,RobustScaler,CatBoost,191,47,10,0.0899,3.8222,4.6001,0.1304,-0.0722,0.1318
1,latency,ALL_CONDITIONS,HRSD_17.1,HRSD17,full,StandardScaler,Ridge,190,48,15,-0.0558,6.4001,7.7322,-0.0998,-0.1605,-0.1086
1,latency,ALL_CONDITIONS,HRSD_17.1,HRSD17,full,StandardScaler,Lasso,190,48,15,-0.0125,6.4614,7.8899,-0.017,-0.2084,-0.0712
1,latency,ALL_CONDITIONS,HRSD_17.1,HRSD17,full,StandardScaler,ElasticNet,190,48,15,-0.0492,6.3276,7.5868,-0.1071,-0.1173,-0.1058
1,latency,ALL_CONDITIONS,HRSD_17.1,HRSD17,full,StandardScaler,SVR,190,48,15,-0.0734,6.4931,7.899,-0.1275,-0.2111,-0.1303
1,latency,ALL_CONDITIONS,HRSD_17.1,HRSD17,full,StandardScaler,KNN,190,48,15,-0.2278,7.6935,9.3024,-0.258,-0.6797,-0.317
1,latency,ALL_CONDITIONS,HRSD_17.1,HRSD17,full,StandardScaler,RF,190,48,15,-0.0511,6.8302,8.0777,-0.068,-0.2666,-0.1063
1,latency,ALL_CONDITIONS,HRSD_17.1,HRSD17,full,StandardScaler,ET,190,48,15,-0.1628,7.2969,8.7953,-0.1948,-0.5016,-0.1691
1,latency,ALL_CONDITIONS,HRSD_17.1,HRSD17,full,StandardScaler,GB,190,48,15,-0.045,7.6852,8.9942,-0.0477,-0.5703,-0.0963
1,latency,ALL_CONDITIONS,HRSD_17.1,HRSD17,full,StandardScaler,XGB,190,48,15,-0.1137,7.3738,8.5622,-0.138,-0.423,-0.2126
1,latency,ALL_CONDITIONS,HRSD_17.1,HRSD17,full,StandardScaler,MLP,190,48,15,-0.1414,7.3061,8.9132,-0.1614,-0.5421,-0.1753
1,latency,ALL_CONDITIONS,HRSD_17.1,HRSD17,full,StandardScaler,LGBM,190,48,15,0.0144,6.8769,8.2913,0.0164,-0.3344,-0.0321
1,latency,ALL_CONDITIONS,HRSD_17.1,HRSD17,full,StandardScaler,CatBoost,190,48,15,0.0,6.6225,7.992,0.0001,-0.2398,-0.019
1,latency,ALL_CONDITIONS,HRSD_17.1,HRSD17,full,MinMaxScaler,Ridge,190,48,15,-0.0586,6.4997,7.9105,-0.0889,-0.2147,-0.0941
1,latency,ALL_CONDITIONS,HRSD_17.1,HRSD17,full,MinMaxScaler,Lasso,190,48,15,-0.0665,6.4134,7.7346,-0.1262,-0.1612,-0.0886
1,latency,ALL_CONDITIONS,HRSD_17.1,HRSD17,full,MinMaxScaler,ElasticNet,190,48,15,-0.0635,6.4638,7.8819,-0.1004,-0.2059,-0.0966
1,latency,ALL_CONDITIONS,HRSD_17.1,HRSD17,full,MinMaxScaler,SVR,190,48,15,-0.1252,6.8873,8.4181,-0.1734,-0.3756,-0.1494
1,latency,ALL_CONDITIONS,HRSD_17.1,HRSD17,full,MinMaxScaler,KNN,190,48,15,-0.1592,7.4583,8.5995,-0.2027,-0.4355,-0.1953
1,latency,ALL_CONDITIONS,HRSD_17.1,HRSD17,full,MinMaxScaler,RF,190,48,15,-0.0217,6.6229,7.917,-0.0297,-0.2167,-0.0289
1,latency,ALL_CONDITIONS,HRSD_17.1,HRSD17,full,MinMaxScaler,ET,190,48,15,-0.1037,7.0374,8.6003,-0.1233,-0.4358,-0.0603
1,latency,ALL_CONDITIONS,HRSD_17.1,HRSD17,full,MinMaxScaler,GB,190,48,15,-0.066,6.8152,8.2864,-0.0848,-0.3329,-0.126
1,latency,ALL_CONDITIONS,HRSD_17.1,HRSD17,full,MinMaxScaler,XGB,190,48,15,-0.0736,6.9447,8.3617,-0.0952,-0.3572,-0.1457
1,latency,ALL_CONDITIONS,HRSD_17.1,HRSD17,full,MinMaxScaler,MLP,190,48,15,-0.0918,6.6208,8.1009,-0.1329,-0.2738,-0.1024
1,latency,ALL_CONDITIONS,HRSD_17.1,HRSD17,full,MinMaxScaler,LGBM,190,48,15,0.0337,6.6892,8.0613,0.0409,-0.2614,-0.0116
1,latency,ALL_CONDITIONS,HRSD_17.1,HRSD17,full,MinMaxScaler,CatBoost,190,48,15,0.0188,6.5509,7.8776,0.0244,-0.2046,0.0235
1,latency,ALL_CONDITIONS,HRSD_17.1,HRSD17,full,RobustScaler,Ridge,190,48,10,0.0484,6.8161,7.9489,0.0582,-0.2265,0.0118
1,latency,ALL_CONDITIONS,HRSD_17.1,HRSD17,full,RobustScaler,Lasso,190,48,10,0.0239,6.6279,7.8406,0.0312,-0.1933,0.0033
1,latency,ALL_CONDITIONS,HRSD_17.1,HRSD17,full,RobustScaler,ElasticNet,190,48,10,0.0323,6.7089,7.8664,0.041,-0.2012,0.011
1,latency,ALL_CONDITIONS,HRSD_17.1,HRSD17,full,RobustScaler,SVR,190,48,10,-0.0336,6.6641,7.992,-0.0471,-0.2398,-0.0779
1,latency,ALL_CONDITIONS,HRSD_17.1,HRSD17,full,RobustScaler,KNN,190,48,10,0.0087,6.4977,7.9577,0.0116,-0.2292,0.0052
1,latency,ALL_CONDITIONS,HRSD_17.1,HRSD17,full,RobustScaler,RF,190,48,10,0.0206,6.6266,7.8877,0.0267,-0.2077,0.0002
1,latency,ALL_CONDITIONS,HRSD_17.1,HRSD17,full,RobustScaler,ET,190,48,10,-0.0835,7.1125,8.6678,-0.0956,-0.4584,-0.0543
1,latency,ALL_CONDITIONS,HRSD_17.1,HRSD17,full,RobustScaler,GB,190,48,10,0.0106,6.89,8.1939,0.0126,-0.3033,0.0284
1,latency,ALL_CONDITIONS,HRSD_17.1,HRSD17,full,RobustScaler,XGB,190,48,10,0.0432,6.6714,7.9418,0.0538,-0.2243,0.0443
1,latency,ALL_CONDITIONS,HRSD_17.1,HRSD17,full,RobustScaler,MLP,190,48,10,-0.1202,7.4714,9.1789,-0.1301,-0.6354,-0.0964
1,latency,ALL_CONDITIONS,HRSD_17.1,HRSD17,full,RobustScaler,LGBM,190,48,10,0.0757,6.7328,7.8651,0.0909,-0.2008,0.0729
1,latency,ALL_CONDITIONS,HRSD_17.1,HRSD17,full,RobustScaler,CatBoost,190,48,10,0.0039,6.585,7.8714,0.0052,-0.2027,-0.0274
2,latency,ALL_CONDITIONS,HRSD_17.1,HRSD17,full,StandardScaler,Ridge,190,48,10,-0.0013,6.3179,7.7073,-0.0031,-0.0541,0.0537
2,latency,ALL_CONDITIONS,HRSD_17.1,HRSD17,full,StandardScaler,Lasso,190,48,10,-0.0052,6.1704,7.579,-0.0231,-0.0193,-0.017
2,latency,ALL_CONDITIONS,HRSD_17.1,HRSD17,full,StandardScaler,ElasticNet,190,48,10,-0.0041,6.2797,7.671,-0.0108,-0.0442,0.0521
2,latency,ALL_CONDITIONS,HRSD_17.1,HRSD17,full,StandardScaler,SVR,190,48,10,0.0184,6.1304,7.6611,0.0449,-0.0415,0.0582
2,latency,ALL_CONDITIONS,HRSD_17.1,HRSD17,full,StandardScaler,KNN,190,48,10,0.1232,6.0046,7.5189,0.2007,-0.0032,0.2339
2,latency,ALL_CONDITIONS,HRSD_17.1,HRSD17,full,StandardScaler,RF,190,48,10,0.1276,6.4831,7.6824,0.1744,-0.0473,0.2435
2,latency,ALL_CONDITIONS,HRSD_17.1,HRSD17,full,StandardScaler,ET,190,48,10,0.0656,6.8569,8.2645,0.0796,-0.212,0.1051
2,latency,ALL_CONDITIONS,HRSD_17.1,HRSD17,full,StandardScaler,GB,190,48,10,0.2043,6.0383,7.33,0.2773,0.0466,0.3391
2,latency,ALL_CONDITIONS,HRSD_17.1,HRSD17,full,StandardScaler,XGB,190,48,10,0.1495,6.3232,7.662,0.1954,-0.0417,0.244
2,latency,ALL_CONDITIONS,HRSD_17.1,HRSD17,full,StandardScaler,MLP,190,48,10,0.1276,6.2625,7.5253,0.1936,-0.0049,0.2053
2,latency,ALL_CONDITIONS,HRSD_17.1,HRSD17,full,StandardScaler,LGBM,190,48,10,0.1458,6.154,7.4407,0.2231,0.0176,0.2653
2,latency,ALL_CONDITIONS,HRSD_17.1,HRSD17,full,StandardScaler,CatBoost,190,48,10,0.1014,6.2726,7.5789,0.1605,-0.0193,0.232
2,latency,ALL_CONDITIONS,HRSD_17.1,HRSD17,full,MinMaxScaler,Ridge,190,48,15,-0.0097,6.3088,7.6964,-0.0252,-0.0511,0.0177
2,latency,ALL_CONDITIONS,HRSD_17.1,HRSD17,full,MinMaxScaler,Lasso,190,48,15,-0.0071,6.2421,7.6296,-0.0231,-0.033,-0.017
2,latency,ALL_CONDITIONS,HRSD_17.1,HRSD17,full,MinMaxScaler,ElasticNet,190,48,15,-0.0099,6.2628,7.656,-0.0301,-0.0401,0.0136
2,latency,ALL_CONDITIONS,HRSD_17.1,HRSD17,full,MinMaxScaler,SVR,190,48,15,-0.002,6.252,7.7286,-0.0056,-0.0599,0.0379
2,latency,ALL_CONDITIONS,HRSD_17.1,HRSD17,full,MinMaxScaler,KNN,190,48,15,0.1037,6.2477,7.6368,0.1591,-0.0349,0.1191
2,latency,ALL_CONDITIONS,HRSD_17.1,HRSD17,full,MinMaxScaler,RF,190,48,15,0.104,6.6545,7.8426,0.1368,-0.0914,0.1833
2,latency,ALL_CONDITIONS,HRSD_17.1,HRSD17,full,MinMaxScaler,ET,190,48,15,0.0653,6.9742,8.2642,0.0791,-0.2119,0.0955
2,latency,ALL_CONDITIONS,HRSD_17.1,HRSD17,full,MinMaxScaler,GB,190,48,15,0.1847,6.0587,7.5387,0.2352,-0.0085,0.3107
2,latency,ALL_CONDITIONS,HRSD_17.1,HRSD17,full,MinMaxScaler,XGB,190,48,15,0.1193,6.3775,7.8908,0.1493,-0.1049,0.2107
2,latency,ALL_CONDITIONS,HRSD_17.1,HRSD17,full,MinMaxScaler,MLP,190,48,15,0.0108,6.2328,7.6427,0.0264,-0.0365,0.0631
2,latency,ALL_CONDITIONS,HRSD_17.1,HRSD17,full,MinMaxScaler,LGBM,190,48,15,0.1481,6.2949,7.6364,0.1948,-0.0348,0.218
2,latency,ALL_CONDITIONS,HRSD_17.1,HRSD17,full,MinMaxScaler,CatBoost,190,48,15,0.125,6.2479,7.5947,0.1815,-0.0235,0.2408
2,latency,ALL_CONDITIONS,HRSD_17.1,HRSD17,full,RobustScaler,Ridge,190,48,5,-0.0153,6.3772,7.7609,-0.0354,-0.0688,-0.045
2,latency,ALL_CONDITIONS,HRSD_17.1,HRSD17,full,RobustScaler,Lasso,190,48,5,-0.0068,6.2297,7.6199,-0.0231,-0.0303,-0.017
2,latency,ALL_CONDITIONS,HRSD_17.1,HRSD17,full,RobustScaler,ElasticNet,190,48,5,-0.0115,6.2848,7.6723,-0.0333,-0.0446,-0.046
2,latency,ALL_CONDITIONS,HRSD_17.1,HRSD17,full,RobustScaler,SVR,190,48,5,-0.0036,6.1873,7.7458,-0.0101,-0.0647,-0.0346
2,latency,ALL_CONDITIONS,HRSD_17.1,HRSD17,full,RobustScaler,KNN,190,48,5,0.0169,6.588,7.9496,0.026,-0.1214,0.0411
2,latency,ALL_CONDITIONS,HRSD_17.1,HRSD17,full,RobustScaler,RF,190,48,5,-0.0397,6.8726,8.2239,-0.0585,-0.2001,-0.0378
2,latency,ALL_CONDITIONS,HRSD_17.1,HRSD17,full,RobustScaler,ET,190,48,5,0.0598,6.8494,8.2423,0.073,-0.2055,0.0052
2,latency,ALL_CONDITIONS,HRSD_17.1,HRSD17,full,RobustScaler,GB,190,48,5,0.0133,6.6633,8.0668,0.019,-0.1547,0.0801
2,latency,ALL_CONDITIONS,HRSD_17.1,HRSD17,full,RobustScaler,XGB,190,48,5,0.0258,6.675,7.966,0.0379,-0.126,0.0695
2,latency,ALL_CONDITIONS,HRSD_17.1,HRSD17,full,RobustScaler,MLP,190,48,5,-0.0145,6.3593,7.7886,-0.0318,-0.0764,-0.0213
2,latency,ALL_CONDITIONS,HRSD_17.1,HRSD17,full,RobustScaler,LGBM,190,48,5,0.0532,6.2637,7.6623,0.0935,-0.0418,0.1137
2,latency,ALL_CONDITIONS,HRSD_17.1,HRSD17,full,RobustScaler,CatBoost,190,48,5,0.0177,6.41,7.7583,0.0327,-0.0681,0.0435
3,latency,ALL_CONDITIONS,HRSD_17.1,HRSD17,full,StandardScaler,Ridge,190,48,15,0.1456,6.4782,7.7416,0.2146,-0.0412,0.1813
3,latency,ALL_CONDITIONS,HRSD_17.1,HRSD17,full,StandardScaler,Lasso,190,48,15,0.1813,6.8383,9.1926,0.1888,-0.4681,0.108
3,latency,ALL_CONDITIONS,HRSD_17.1,HRSD17,full,StandardScaler,ElasticNet,190,48,15,0.1113,6.3715,7.5855,0.2184,0.0004,0.1903
3,latency,ALL_CONDITIONS,HRSD_17.1,HRSD17,full,StandardScaler,SVR,190,48,15,0.0146,6.234,7.5452,0.1982,0.011,0.1445
3,latency,ALL_CONDITIONS,HRSD_17.1,HRSD17,full,StandardScaler,KNN,190,48,15,0.1193,6.4282,7.844,0.1662,-0.0689,0.1139
3,latency,ALL_CONDITIONS,HRSD_17.1,HRSD17,full,StandardScaler,RF,190,48,15,0.1268,6.4245,7.5718,0.2068,0.004,0.2323
3,latency,ALL_CONDITIONS,HRSD_17.1,HRSD17,full,StandardScaler,ET,190,48,15,0.0678,6.6203,7.8589,0.104,-0.073,0.0955
3,latency,ALL_CONDITIONS,HRSD_17.1,HRSD17,full,StandardScaler,GB,190,48,15,0.0648,6.6534,8.0263,0.0915,-0.1192,0.1302
3,latency,ALL_CONDITIONS,HRSD_17.1,HRSD17,full,StandardScaler,XGB,190,48,15,0.095,6.5196,7.8222,0.1366,-0.063,0.1589
3,latency,ALL_CONDITIONS,HRSD_17.1,HRSD17,full,StandardScaler,MLP,190,48,15,0.1815,7.6949,12.8809,0.2059,-1.8824,0.1734
3,latency,ALL_CONDITIONS,HRSD_17.1,HRSD17,full,StandardScaler,LGBM,190,48,15,0.0951,6.5666,8.0294,0.1261,-0.12,0.164
3,latency,ALL_CONDITIONS,HRSD_17.1,HRSD17,full,StandardScaler,CatBoost,190,48,15,0.0201,6.8667,8.1562,0.0288,-0.1557,0.0666
3,latency,ALL_CONDITIONS,HRSD_17.1,HRSD17,full,MinMaxScaler,Ridge,190,48,20,0.2651,6.3736,7.6379,0.313,-0.0135,0.2276
3,latency,ALL_CONDITIONS,HRSD_17.1,HRSD17,full,MinMaxScaler,Lasso,190,48,20,0.321,6.7284,7.9752,0.3341,-0.105,0.2393
3,latency,ALL_CONDITIONS,HRSD_17.1,HRSD17,full,MinMaxScaler,ElasticNet,190,48,20,0.2442,6.3376,7.5935,0.304,-0.0017,0.2392
3,latency,ALL_CONDITIONS,HRSD_17.1,HRSD17,full,MinMaxScaler,SVR,190,48,20,0.134,6.6175,8.4414,0.1462,-0.2379,0.1924
3,latency,ALL_CONDITIONS,HRSD_17.1,HRSD17,full,MinMaxScaler,KNN,190,48,20,0.1249,6.8869,8.0834,0.1691,-0.1351,0.1686
3,latency,ALL_CONDITIONS,HRSD_17.1,HRSD17,full,MinMaxScaler,RF,190,48,20,0.1571,6.2029,7.5694,0.2429,0.0046,0.2586
3,latency,ALL_CONDITIONS,HRSD_17.1,HRSD17,full,MinMaxScaler,ET,190,48,20,0.1418,6.2887,7.5163,0.2333,0.0185,0.2495
3,latency,ALL_CONDITIONS,HRSD_17.1,HRSD17,full,MinMaxScaler,GB,190,48,20,0.2259,6.5914,7.6968,0.2765,-0.0292,0.2888
3,latency,ALL_CONDITIONS,HRSD_17.1,HRSD17,full,MinMaxScaler,XGB,190,48,20,0.234,6.4823,7.5842,0.2875,0.0007,0.3646
3,latency,ALL_CONDITIONS,HRSD_17.1,HRSD17,full,MinMaxScaler,MLP,190,48,20,0.1855,6.8037,8.5797,0.1939,-0.2788,0.1401
3,latency,ALL_CONDITIONS,HRSD_17.1,HRSD17,full,MinMaxScaler,LGBM,190,48,20,0.1703,6.8273,8.12,0.2004,-0.1455,0.2181
3,latency,ALL_CONDITIONS,HRSD_17.1,HRSD17,full,MinMaxScaler,CatBoost,190,48,20,0.1633,6.3345,7.6337,0.228,-0.0124,0.2251
3,latency,ALL_CONDITIONS,HRSD_17.1,HRSD17,full,RobustScaler,Ridge,190,48,20,0.1817,7.1977,9.4618,0.1898,-0.5553,0.0875
3,latency,ALL_CONDITIONS,HRSD_17.1,HRSD17,full,RobustScaler,Lasso,190,48,20,0.1811,7.1978,9.406,0.189,-0.537,0.0791
3,latency,ALL_CONDITIONS,HRSD_17.1,HRSD17,full,RobustScaler,ElasticNet,190,48,20,0.1815,7.1725,9.3225,0.1902,-0.5098,0.0805
3,latency,ALL_CONDITIONS,HRSD_17.1,HRSD17,full,RobustScaler,SVR,190,48,20,0.1373,6.123,7.6251,0.1976,-0.0101,0.1952
3,latency,ALL_CONDITIONS,HRSD_17.1,HRSD17,full,RobustScaler,KNN,190,48,20,0.0413,6.5347,7.9625,0.0687,-0.1014,0.0722
3,latency,ALL_CONDITIONS,HRSD_17.1,HRSD17,full,RobustScaler,RF,190,48,20,0.1943,6.2242,7.2952,0.3128,0.0754,0.3126
3,latency,ALL_CONDITIONS,HRSD_17.1,HRSD17,full,RobustScaler,ET,190,48,20,0.1436,6.2458,7.5152,0.2294,0.0188,0.2271
3,latency,ALL_CONDITIONS,HRSD_17.1,HRSD17,full,RobustScaler,GB,190,48,20,0.0852,6.6869,8.0332,0.1116,-0.1211,0.1005
3,latency,ALL_CONDITIONS,HRSD_17.1,HRSD17,full,RobustScaler,XGB,190,48,20,0.1008,6.6118,7.9571,0.133,-0.0999,0.1583
3,latency,ALL_CONDITIONS,HRSD_17.1,HRSD17,full,RobustScaler,MLP,190,48,20,0.1851,7.941,12.3832,0.2042,-1.664,0.1678
3,latency,ALL_CONDITIONS,HRSD_17.1,HRSD17,full,RobustScaler,LGBM,190,48,20,0.1561,6.3202,7.6921,0.2091,-0.0279,0.2412
3,latency,ALL_CONDITIONS,HRSD_17.1,HRSD17,full,RobustScaler,CatBoost,190,48,20,0.1932,6.2394,7.4629,0.2662,0.0324,0.2866
4,latency,ALL_CONDITIONS,HRSD_17.1,HRSD17,full,StandardScaler,Ridge,191,47,10,0.0418,6.8235,8.161,0.1282,-0.0048,0.2095
4,latency,ALL_CONDITIONS,HRSD_17.1,HRSD17,full,StandardScaler,Lasso,191,47,10,0.0255,6.8264,8.1556,0.1102,-0.0034,0.2183
4,latency,ALL_CONDITIONS,HRSD_17.1,HRSD17,full,StandardScaler,ElasticNet,191,47,10,0.031,6.8267,8.1451,0.1258,-0.0009,0.2098
4,latency,ALL_CONDITIONS,HRSD_17.1,HRSD17,full,StandardScaler,SVR,191,47,10,0.1263,6.8646,8.3872,0.18,-0.0613,0.1513
4,latency,ALL_CONDITIONS,HRSD_17.1,HRSD17,full,StandardScaler,KNN,191,47,10,0.167,6.7707,8.2058,0.225,-0.0158,0.1994
4,latency,ALL_CONDITIONS,HRSD_17.1,HRSD17,full,StandardScaler,RF,191,47,10,0.1052,6.8449,8.3371,0.1568,-0.0486,0.0958
4,latency,ALL_CONDITIONS,HRSD_17.1,HRSD17,full,StandardScaler,ET,191,47,10,0.0741,7.1893,8.7187,0.0963,-0.1468,0.085
4,latency,ALL_CONDITIONS,HRSD_17.1,HRSD17,full,StandardScaler,GB,191,47,10,0.1703,6.9555,8.2391,0.2267,-0.0241,0.1938
4,latency,ALL_CONDITIONS,HRSD_17.1,HRSD17,full,StandardScaler,XGB,191,47,10,0.1798,7.1494,8.3484,0.2354,-0.0515,0.1666
4,latency,ALL_CONDITIONS,HRSD_17.1,HRSD17,full,StandardScaler,MLP,191,47,10,0.1166,6.8155,8.2925,0.1757,-0.0374,0.1619
4,latency,ALL_CONDITIONS,HRSD_17.1,HRSD17,full,StandardScaler,LGBM,191,47,10,0.1559,7.0208,8.4333,0.1963,-0.0729,0.1283
4,latency,ALL_CONDITIONS,HRSD_17.1,HRSD17,full,StandardScaler,CatBoost,191,47,10,0.1378,6.8304,8.2293,0.2052,-0.0217,0.145
4,latency,ALL_CONDITIONS,HRSD_17.1,HRSD17,full,MinMaxScaler,Ridge,191,47,5,0.0487,6.8039,8.1812,0.1274,-0.0098,0.2129
4,latency,ALL_CONDITIONS,HRSD_17.1,HRSD17,full,MinMaxScaler,Lasso,191,47,5,0.032,6.8139,8.1748,0.1053,-0.0082,0.1275
4,latency,ALL_CONDITIONS,HRSD_17.1,HRSD17,full,MinMaxScaler,ElasticNet,191,47,5,0.0437,6.81,8.1653,0.1274,-0.0058,0.2129
4,latency,ALL_CONDITIONS,HRSD_17.1,HRSD17,full,MinMaxScaler,SVR,191,47,5,0.1047,6.8069,8.1519,0.2087,-0.0025,0.226
4,latency,ALL_CONDITIONS,HRSD_17.1,HRSD17,full,MinMaxScaler,KNN,191,47,5,0.1055,7.1442,8.4152,0.1517,-0.0684,0.1228
4,latency,ALL_CONDITIONS,HRSD_17.1,HRSD17,full,MinMaxScaler,RF,191,47,5,-0.0338,7.5159,9.0246,-0.0483,-0.2287,-0.1041
4,latency,ALL_CONDITIONS,HRSD_17.1,HRSD17,full,MinMaxScaler,ET,191,47,5,-0.0877,7.9543,9.5022,-0.1136,-0.3622,-0.1216
4,latency,ALL_CONDITIONS,HRSD_17.1,HRSD17,full,MinMaxScaler,GB,191,47,5,0.049,7.5237,9.0137,0.0615,-0.2257,-0.0366
4,latency,ALL_CONDITIONS,HRSD_17.1,HRSD17,full,MinMaxScaler,XGB,191,47,5,0.0044,7.5847,9.2046,0.0058,-0.2782,-0.0579
4,latency,ALL_CONDITIONS,HRSD_17.1,HRSD17,full,MinMaxScaler,MLP,191,47,5,0.0835,6.8929,8.2247,0.1542,-0.0205,0.2012
4,latency,ALL_CONDITIONS,HRSD_17.1,HRSD17,full,MinMaxScaler,LGBM,191,47,5,-0.0324,7.698,9.4419,-0.042,-0.345,-0.0611
4,latency,ALL_CONDITIONS,HRSD_17.1,HRSD17,full,MinMaxScaler,CatBoost,191,47,5,-0.0069,7.4961,9.0067,-0.0096,-0.2238,-0.0926
4,latency,ALL_CONDITIONS,HRSD_17.1,HRSD17,full,RobustScaler,Ridge,191,47,15,0.0773,7.0494,8.2572,0.1404,-0.0286,0.1136
4,latency,ALL_CONDITIONS,HRSD_17.1,HRSD17,full,RobustScaler,Lasso,191,47,15,0.047,6.8011,8.1992,0.1188,-0.0142,0.2026
4,latency,ALL_CONDITIONS,HRSD_17.1,HRSD17,full,RobustScaler,ElasticNet,191,47,15,0.0489,6.7998,8.1998,0.1213,-0.0144,0.2065
4,latency,ALL_CONDITIONS,HRSD_17.1,HRSD17,full,RobustScaler,SVR,191,47,15,0.133,6.7977,8.3076,0.1925,-0.0412,0.1634
4,latency,ALL_CONDITIONS,HRSD_17.1,HRSD17,full,RobustScaler,KNN,191,47,15,0.1253,7.0047,8.4171,0.1718,-0.0688,0.175
4,latency,ALL_CONDITIONS,HRSD_17.1,HRSD17,full,RobustScaler,RF,191,47,15,-0.0171,7.2587,8.7519,-0.0278,-0.1556,-0.0647
4,latency,ALL_CONDITIONS,HRSD_17.1,HRSD17,full,RobustScaler,ET,191,47,15,0.0152,7.2577,8.8223,0.0218,-0.1742,0.0358
4,latency,ALL_CONDITIONS,HRSD_17.1,HRSD17,full,RobustScaler,GB,191,47,15,0.0598,7.3131,9.0177,0.0726,-0.2268,0.0284
4,latency,ALL_CONDITIONS,HRSD_17.1,HRSD17,full,RobustScaler,XGB,191,47,15,0.0589,7.2695,8.811,0.0787,-0.1712,0.0206
4,latency,ALL_CONDITIONS,HRSD_17.1,HRSD17,full,RobustScaler,MLP,191,47,15,0.1107,6.9426,8.3359,0.1653,-0.0483,0.1272
4,latency,ALL_CONDITIONS,HRSD_17.1,HRSD17,full,RobustScaler,LGBM,191,47,15,0.0253,7.4113,8.9792,0.0333,-0.2164,-0.0446
4,latency,ALL_CONDITIONS,HRSD_17.1,HRSD17,full,RobustScaler,CatBoost,191,47,15,0.0525,7.067,8.583,0.0831,-0.1114,-0.0008
5,latency,ALL_CONDITIONS,HRSD_17.1,HRSD17,full,StandardScaler,Ridge,191,47,5,0.0542,6.3722,7.8033,0.2112,0.0339,0.1654
5,latency,ALL_CONDITIONS,HRSD_17.1,HRSD17,full,StandardScaler,Lasso,191,47,5,0.0203,6.5084,7.8767,0.2444,0.0157,0.2021
5,latency,ALL_CONDITIONS,HRSD_17.1,HRSD17,full,StandardScaler,ElasticNet,191,47,5,0.0424,6.4106,7.8217,0.2186,0.0294,0.1706
5,latency,ALL_CONDITIONS,HRSD_17.1,HRSD17,full,StandardScaler,SVR,191,47,5,0.0208,6.6015,7.9935,0.0606,-0.0137,0.0819
5,latency,ALL_CONDITIONS,HRSD_17.1,HRSD17,full,StandardScaler,KNN,191,47,5,0.0288,6.9645,8.4584,0.042,-0.1351,0.006
5,latency,ALL_CONDITIONS,HRSD_17.1,HRSD17,full,StandardScaler,RF,191,47,5,-0.036,7.0669,8.6998,-0.054,-0.2008,-0.0035
5,latency,ALL_CONDITIONS,HRSD_17.1,HRSD17,full,StandardScaler,ET,191,47,5,-0.1472,7.6132,9.3818,-0.1979,-0.3965,-0.0893
5,latency,ALL_CONDITIONS,HRSD_17.1,HRSD17,full,StandardScaler,GB,191,47,5,-0.0145,7.4609,9.0895,-0.018,-0.3108,0.0068
5,latency,ALL_CONDITIONS,HRSD_17.1,HRSD17,full,StandardScaler,XGB,191,47,5,-0.0054,7.492,9.1146,-0.0066,-0.318,0.0287
5,latency,ALL_CONDITIONS,HRSD_17.1,HRSD17,full,StandardScaler,MLP,191,47,5,0.0057,6.8543,8.3213,0.0098,-0.0986,0.0523
5,latency,ALL_CONDITIONS,HRSD_17.1,HRSD17,full,StandardScaler,LGBM,191,47,5,-0.0409,7.3541,9.1207,-0.0505,-0.3198,-0.0148
5,latency,ALL_CONDITIONS,HRSD_17.1,HRSD17,full,StandardScaler,CatBoost,191,47,5,-0.0092,7.2134,8.7234,-0.0128,-0.2073,0.0192
5,latency,ALL_CONDITIONS,HRSD_17.1,HRSD17,full,MinMaxScaler,Ridge,191,47,20,0.0775,6.2548,7.8858,0.1579,0.0134,0.1422
5,latency,ALL_CONDITIONS,HRSD_17.1,HRSD17,full,MinMaxScaler,Lasso,191,47,20,-0.0216,6.5724,8.1921,-0.0548,-0.0647,-0.0673
5,latency,ALL_CONDITIONS,HRSD_17.1,HRSD17,full,MinMaxScaler,ElasticNet,191,47,20,0.0912,6.2533,7.8669,0.1746,0.0181,0.1719
5,latency,ALL_CONDITIONS,HRSD_17.1,HRSD17,full,MinMaxScaler,SVR,191,47,20,0.0113,6.4886,8.3032,0.0197,-0.0938,0.0498
5,latency,ALL_CONDITIONS,HRSD_17.1,HRSD17,full,MinMaxScaler,KNN,191,47,20,-0.0395,6.721,8.4144,-0.0759,-0.1233,-0.0099
5,latency,ALL_CONDITIONS,HRSD_17.1,HRSD17,full,MinMaxScaler,RF,191,47,20,0.0883,6.326,8.0525,0.14,-0.0287,0.1654
5,latency,ALL_CONDITIONS,HRSD_17.1,HRSD17,full,MinMaxScaler,ET,191,47,20,-0.0923,6.8306,9.0704,-0.1295,-0.3053,-0.0613
5,latency,ALL_CONDITIONS,HRSD_17.1,HRSD17,full,MinMaxScaler,GB,191,47,20,0.1324,6.5012,8.134,0.176,-0.0497,0.2153
5,latency,ALL_CONDITIONS,HRSD_17.1,HRSD17,full,MinMaxScaler,XGB,191,47,20,0.12,6.477,8.1184,0.1667,-0.0457,0.1965
5,latency,ALL_CONDITIONS,HRSD_17.1,HRSD17,full,MinMaxScaler,MLP,191,47,20,0.0608,6.4067,8.1942,0.0945,-0.0653,0.1463
5,latency,ALL_CONDITIONS,HRSD_17.1,HRSD17,full,MinMaxScaler,LGBM,191,47,20,0.1358,6.2669,8.2039,0.1756,-0.0678,0.2083
5,latency,ALL_CONDITIONS,HRSD_17.1,HRSD17,full,MinMaxScaler,CatBoost,191,47,20,0.0899,6.2631,7.9231,0.1603,0.004,0.2332
5,latency,ALL_CONDITIONS,HRSD_17.1,HRSD17,full,RobustScaler,Ridge,191,47,5,-0.0218,6.7249,8.2993,-0.0486,-0.0928,0.0067
5,latency,ALL_CONDITIONS,HRSD_17.1,HRSD17,full,RobustScaler,Lasso,191,47,5,0.0027,6.683,8.2056,0.0058,-0.0682,-0.0356
5,latency,ALL_CONDITIONS,HRSD_17.1,HRSD17,full,RobustScaler,ElasticNet,191,47,5,0.0001,6.682,8.216,0.0003,-0.071,-0.0332
5,latency,ALL_CONDITIONS,HRSD_17.1,HRSD17,full,RobustScaler,SVR,191,47,5,-0.0157,6.7611,8.1535,-0.0421,-0.0547,0.039
5,latency,ALL_CONDITIONS,HRSD_17.1,HRSD17,full,RobustScaler,KNN,191,47,5,-0.0332,7.0851,8.6919,-0.0484,-0.1986,-0.0521
5,latency,ALL_CONDITIONS,HRSD_17.1,HRSD17,full,RobustScaler,RF,191,47,5,-0.0174,6.9899,8.4332,-0.0302,-0.1283,-0.0038
5,latency,ALL_CONDITIONS,HRSD_17.1,HRSD17,full,RobustScaler,ET,191,47,5,-0.0887,7.4425,9.0439,-0.1254,-0.2976,-0.0521
5,latency,ALL_CONDITIONS,HRSD_17.1,HRSD17,full,RobustScaler,GB,191,47,5,0.0325,6.8647,8.3958,0.0486,-0.1183,0.0603
5,latency,ALL_CONDITIONS,HRSD_17.1,HRSD17,full,RobustScaler,XGB,191,47,5,0.0133,6.7894,8.4781,0.0199,-0.1404,0.0964
5,latency,ALL_CONDITIONS,HRSD_17.1,HRSD17,full,RobustScaler,MLP,191,47,5,-0.0759,7.457,9.0173,-0.1034,-0.29,-0.0654
5,latency,ALL_CONDITIONS,HRSD_17.1,HRSD17,full,RobustScaler,LGBM,191,47,5,-0.0463,7.3577,8.7955,-0.0663,-0.2274,-0.0435
5,latency,ALL_CONDITIONS,HRSD_17.1,HRSD17,full,RobustScaler,CatBoost,191,47,5,-0.0115,6.9316,8.3628,-0.0206,-0.1096,-0.0206
1,latency,ALL_CONDITIONS,HRSD_21.1,HRSD21,full,StandardScaler,Ridge,190,48,15,-0.0109,8.0543,9.5111,-0.0128,-0.3322,-0.0871
1,latency,ALL_CONDITIONS,HRSD_21.1,HRSD21,full,StandardScaler,Lasso,190,48,15,-0.0304,8.0881,9.5258,-0.0362,-0.3363,-0.0912
1,latency,ALL_CONDITIONS,HRSD_21.1,HRSD21,full,StandardScaler,ElasticNet,190,48,15,-0.0241,8.0079,9.4763,-0.0289,-0.3224,-0.0893
1,latency,ALL_CONDITIONS,HRSD_21.1,HRSD21,full,StandardScaler,SVR,190,48,15,-0.0202,7.4141,8.7946,-0.0383,-0.139,-0.0272
1,latency,ALL_CONDITIONS,HRSD_21.1,HRSD21,full,StandardScaler,KNN,190,48,15,-0.0904,8.0972,9.7678,-0.1091,-0.405,-0.1104
1,latency,ALL_CONDITIONS,HRSD_21.1,HRSD21,full,StandardScaler,RF,190,48,15,0.0005,7.8533,9.2401,0.0006,-0.2573,-0.0414
1,latency,ALL_CONDITIONS,HRSD_21.1,HRSD21,full,StandardScaler,ET,190,48,15,-0.0789,8.1607,9.9071,-0.0908,-0.4454,-0.0631
1,latency,ALL_CONDITIONS,HRSD_21.1,HRSD21,full,StandardScaler,GB,190,48,15,-0.0036,8.0933,9.6338,-0.0041,-0.3667,0.0328
1,latency,ALL_CONDITIONS,HRSD_21.1,HRSD21,full,StandardScaler,XGB,190,48,15,0.0228,8.0768,9.5055,0.0263,-0.3306,-0.0154
1,latency,ALL_CONDITIONS,HRSD_21.1,HRSD21,full,StandardScaler,MLP,190,48,15,-0.1522,9.0653,11.1253,-0.1579,-0.8227,-0.1688
1,latency,ALL_CONDITIONS,HRSD_21.1,HRSD21,full,StandardScaler,LGBM,190,48,15,0.0754,7.7691,9.108,0.0885,-0.2216,0.0344
1,latency,ALL_CONDITIONS,HRSD_21.1,HRSD21,full,StandardScaler,CatBoost,190,48,15,0.0354,7.5046,8.9481,0.0461,-0.1791,0.0207
1,latency,ALL_CONDITIONS,HRSD_21.1,HRSD21,full,MinMaxScaler,Ridge,190,48,10,-0.0494,7.5521,9.044,-0.0752,-0.2045,-0.0853
1,latency,ALL_CONDITIONS,HRSD_21.1,HRSD21,full,MinMaxScaler,Lasso,190,48,10,-0.0623,7.5258,8.9086,-0.1124,-0.1687,-0.0676
1,latency,ALL_CONDITIONS,HRSD_21.1,HRSD21,full,MinMaxScaler,ElasticNet,190,48,10,-0.0515,7.5458,9.0102,-0.081,-0.1955,-0.0803
1,latency,ALL_CONDITIONS,HRSD_21.1,HRSD21,full,MinMaxScaler,SVR,190,48,10,-0.1102,8.0208,9.6749,-0.1473,-0.3784,-0.1444
1,latency,ALL_CONDITIONS,HRSD_21.1,HRSD21,full,MinMaxScaler,KNN,190,48,10,-0.1028,8.2824,9.8427,-0.1233,-0.4267,-0.1266
1,latency,ALL_CONDITIONS,HRSD_21.1,HRSD21,full,MinMaxScaler,RF,190,48,10,0.0262,7.4473,8.9099,0.0357,-0.1691,0.0367
1,latency,ALL_CONDITIONS,HRSD_21.1,HRSD21,full,MinMaxScaler,ET,190,48,10,-0.0905,8.1839,9.8395,-0.1072,-0.4257,-0.119
1,latency,ALL_CONDITIONS,HRSD_21.1,HRSD21,full,MinMaxScaler,GB,190,48,10,-0.0373,7.7764,9.3779,-0.0474,-0.2951,-0.0441
1,latency,ALL_CONDITIONS,HRSD_21.1,HRSD21,full,MinMaxScaler,XGB,190,48,10,0.0003,7.7714,9.1553,0.0003,-0.2344,-0.0163
1,latency,ALL_CONDITIONS,HRSD_21.1,HRSD21,full,MinMaxScaler,MLP,190,48,10,-0.1044,8.0448,9.7237,-0.129,-0.3924,-0.1209
1,latency,ALL_CONDITIONS,HRSD_21.1,HRSD21,full,MinMaxScaler,LGBM,190,48,10,0.073,7.7104,9.3432,0.0816,-0.2855,0.0058
1,latency,ALL_CONDITIONS,HRSD_21.1,HRSD21,full,MinMaxScaler,CatBoost,190,48,10,0.0169,7.6098,9.1178,0.0214,-0.2243,0.0024
1,latency,ALL_CONDITIONS,HRSD_21.1,HRSD21,full,RobustScaler,Ridge,190,48,10,-0.0268,8.1864,9.5541,-0.0317,-0.3442,-0.0927
1,latency,ALL_CONDITIONS,HRSD_21.1,HRSD21,full,RobustScaler,Lasso,190,48,10,-0.0371,8.2058,9.5265,-0.0446,-0.3365,-0.0877
1,latency,ALL_CONDITIONS,HRSD_21.1,HRSD21,full,RobustScaler,ElasticNet,190,48,10,-0.0289,8.1479,9.506,-0.0346,-0.3307,-0.0906
1,latency,ALL_CONDITIONS,HRSD_21.1,HRSD21,full,RobustScaler,SVR,190,48,10,0.0318,7.2575,8.5827,0.0586,-0.0848,0.053
1,latency,ALL_CONDITIONS,HRSD_21.1,HRSD21,full,RobustScaler,KNN,190,48,10,0.0537,7.5069,9.0438,0.0685,-0.2045,0.0645
1,latency,ALL_CONDITIONS,HRSD_21.1,HRSD21,full,RobustScaler,RF,190,48,10,0.0477,7.5356,8.8277,0.0646,-0.1476,0.0353
1,latency,ALL_CONDITIONS,HRSD_21.1,HRSD21,full,RobustScaler,ET,190,48,10,-0.0816,8.1788,9.8377,-0.0956,-0.4252,-0.0592
1,latency,ALL_CONDITIONS,HRSD_21.1,HRSD21,full,RobustScaler,GB,190,48,10,0.0591,7.7434,9.0409,0.0715,-0.2037,0.0434
1,latency,ALL_CONDITIONS,HRSD_21.1,HRSD21,full,RobustScaler,XGB,190,48,10,-0.0216,8.3031,9.4678,-0.0261,-0.3201,-0.0448
1,latency,ALL_CONDITIONS,HRSD_21.1,HRSD21,full,RobustScaler,MLP,190,48,10,-0.0095,8.0468,9.6724,-0.0108,-0.3777,-0.0396
1,latency,ALL_CONDITIONS,HRSD_21.1,HRSD21,full,RobustScaler,LGBM,190,48,10,0.0486,7.9021,9.1944,0.0579,-0.2449,0.0138
1,latency,ALL_CONDITIONS,HRSD_21.1,HRSD21,full,RobustScaler,CatBoost,190,48,10,0.0527,7.3028,8.7896,0.0722,-0.1377,0.0445
2,latency,ALL_CONDITIONS,HRSD_21.1,HRSD21,full,StandardScaler,Ridge,190,48,15,0.1716,6.8477,8.7076,0.2895,0.0738,0.2676
2,latency,ALL_CONDITIONS,HRSD_21.1,HRSD21,full,StandardScaler,Lasso,190,48,15,0.1658,6.8974,8.7114,0.2869,0.073,0.2583
2,latency,ALL_CONDITIONS,HRSD_21.1,HRSD21,full,StandardScaler,ElasticNet,190,48,15,0.0435,7.3136,8.9831,0.1428,0.0143,0.0843
2,latency,ALL_CONDITIONS,HRSD_21.1,HRSD21,full,StandardScaler,SVR,190,48,15,0.0639,7.2968,9.1036,0.1602,-0.0123,0.1102
2,latency,ALL_CONDITIONS,HRSD_21.1,HRSD21,full,StandardScaler,KNN,190,48,15,-0.0127,8.1905,9.8298,-0.0183,-0.1803,-0.021
2,latency,ALL_CONDITIONS,HRSD_21.1,HRSD21,full,StandardScaler,RF,190,48,15,0.1301,6.9214,8.8461,0.2367,0.0442,0.1964
2,latency,ALL_CONDITIONS,HRSD_21.1,HRSD21,full,StandardScaler,ET,190,48,15,0.1012,6.9943,9.0165,0.1827,0.007,0.1775
2,latency,ALL_CONDITIONS,HRSD_21.1,HRSD21,full,StandardScaler,GB,190,48,15,0.1833,6.8151,8.5824,0.317,0.1003,0.2772
2,latency,ALL_CONDITIONS,HRSD_21.1,HRSD21,full,StandardScaler,XGB,190,48,15,0.1535,7.032,8.8026,0.2537,0.0535,0.1992
2,latency,ALL_CONDITIONS,HRSD_21.1,HRSD21,full,StandardScaler,MLP,190,48,15,0.1472,6.8703,8.823,0.2618,0.0491,0.2396
2,latency,ALL_CONDITIONS,HRSD_21.1,HRSD21,full,StandardScaler,LGBM,190,48,15,0.1318,7.3293,8.8729,0.2228,0.0383,0.2194
2,latency,ALL_CONDITIONS,HRSD_21.1,HRSD21,full,StandardScaler,CatBoost,190,48,15,0.202,6.6642,8.581,0.3264,0.1006,0.2998
2,latency,ALL_CONDITIONS,HRSD_21.1,HRSD21,full,MinMaxScaler,Ridge,190,48,10,0.069,7.3303,9.0694,0.1363,-0.0047,0.0657
2,latency,ALL_CONDITIONS,HRSD_21.1,HRSD21,full,MinMaxScaler,Lasso,190,48,10,0.0476,7.3923,9.0646,0.1124,-0.0036,0.0292
2,latency,ALL_CONDITIONS,HRSD_21.1,HRSD21,full,MinMaxScaler,ElasticNet,190,48,10,0.0624,7.3471,9.0761,0.128,-0.0062,0.055
2,latency,ALL_CONDITIONS,HRSD_21.1,HRSD21,full,MinMaxScaler,SVR,190,48,10,0.043,7.4335,9.2839,0.1,-0.0528,0.0635
2,latency,ALL_CONDITIONS,HRSD_21.1,HRSD21,full,MinMaxScaler,KNN,190,48,10,0.1411,7.4653,8.951,0.2159,0.0214,0.2151
2,latency,ALL_CONDITIONS,HRSD_21.1,HRSD21,full,MinMaxScaler,RF,190,48,10,0.1381,7.0507,8.7778,0.2602,0.0589,0.1992
2,latency,ALL_CONDITIONS,HRSD_21.1,HRSD21,full,MinMaxScaler,ET,190,48,10,0.0794,7.4254,9.2721,0.1247,-0.0501,0.0473
2,latency,ALL_CONDITIONS,HRSD_21.1,HRSD21,full,MinMaxScaler,GB,190,48,10,0.2399,6.6559,8.4709,0.3621,0.1235,0.3583
2,latency,ALL_CONDITIONS,HRSD_21.1,HRSD21,full,MinMaxScaler,XGB,190,48,10,0.1733,7.1271,8.9012,0.2552,0.0322,0.2375
2,latency,ALL_CONDITIONS,HRSD_21.1,HRSD21,full,MinMaxScaler,MLP,190,48,10,0.1216,7.2028,8.8582,0.2235,0.0415,0.1587
2,latency,ALL_CONDITIONS,HRSD_21.1,HRSD21,full,MinMaxScaler,LGBM,190,48,10,0.1565,7.3752,9.0017,0.2278,0.0102,0.1885
2,latency,ALL_CONDITIONS,HRSD_21.1,HRSD21,full,MinMaxScaler,CatBoost,190,48,10,0.1639,7.0431,8.6394,0.3124,0.0883,0.2807
2,latency,ALL_CONDITIONS,HRSD_21.1,HRSD21,full,RobustScaler,Ridge,190,48,10,0.1167,6.952,8.8824,0.2262,0.0363,0.2351
2,latency,ALL_CONDITIONS,HRSD_21.1,HRSD21,full,RobustScaler,Lasso,190,48,10,0.11,6.9915,8.8928,0.2192,0.034,0.2244
2,latency,ALL_CONDITIONS,HRSD_21.1,HRSD21,full,RobustScaler,ElasticNet,190,48,10,0.1099,7.0037,8.8767,0.2235,0.0375,0.2235
2,latency,ALL_CONDITIONS,HRSD_21.1,HRSD21,full,RobustScaler,SVR,190,48,10,0.1845,7.0724,8.9141,0.2818,0.0294,0.2734
2,latency,ALL_CONDITIONS,HRSD_21.1,HRSD21,full,RobustScaler,KNN,190,48,10,0.1149,6.9745,8.9451,0.1983,0.0226,0.2036
2,latency,ALL_CONDITIONS,HRSD_21.1,HRSD21,full,RobustScaler,RF,190,48,10,0.1134,6.9692,9.0746,0.1809,-0.0059,0.1952
2,latency,ALL_CONDITIONS,HRSD_21.1,HRSD21,full,RobustScaler,ET,190,48,10,0.0892,7.2056,9.2396,0.1375,-0.0428,0.1599
2,latency,ALL_CONDITIONS,HRSD_21.1,HRSD21,full,RobustScaler,GB,190,48,10,0.1317,7.0973,9.2621,0.1755,-0.0479,0.205
2,latency,ALL_CONDITIONS,HRSD_21.1,HRSD21,full,RobustScaler,XGB,190,48,10,0.0605,7.6929,9.6922,0.0795,-0.1474,0.0844
2,latency,ALL_CONDITIONS,HRSD_21.1,HRSD21,full,RobustScaler,MLP,190,48,10,0.2626,6.7022,8.4125,0.3756,0.1356,0.3869
2,latency,ALL_CONDITIONS,HRSD_21.1,HRSD21,full,RobustScaler,LGBM,190,48,10,0.1123,7.4629,9.2888,0.1561,-0.0539,0.15
2,latency,ALL_CONDITIONS,HRSD_21.1,HRSD21,full,RobustScaler,CatBoost,190,48,10,0.1212,7.4063,9.3531,0.1611,-0.0686,0.1604
3,latency,ALL_CONDITIONS,HRSD_21.1,HRSD21,full,StandardScaler,Ridge,190,48,10,0.1801,7.6255,9.326,0.2032,-0.312,0.1356
3,latency,ALL_CONDITIONS,HRSD_21.1,HRSD21,full,StandardScaler,Lasso,190,48,10,0.0985,7.0937,8.2494,0.1967,-0.0266,0.1129
3,latency,ALL_CONDITIONS,HRSD_21.1,HRSD21,full,StandardScaler,ElasticNet,190,48,10,0.1687,7.4616,8.8931,0.2042,-0.1931,0.1565
3,latency,ALL_CONDITIONS,HRSD_21.1,HRSD21,full,StandardScaler,SVR,190,48,10,0.0277,6.7221,8.0546,0.2284,0.0213,0.1421
3,latency,ALL_CONDITIONS,HRSD_21.1,HRSD21,full,StandardScaler,KNN,190,48,10,0.1732,6.4018,8.2073,0.231,-0.0161,0.218
3,latency,ALL_CONDITIONS,HRSD_21.1,HRSD21,full,StandardScaler,RF,190,48,10,0.1013,6.9558,8.2918,0.1542,-0.0372,0.1594
3,latency,ALL_CONDITIONS,HRSD_21.1,HRSD21,full,StandardScaler,ET,190,48,10,0.0319,7.1065,8.6264,0.0469,-0.1226,0.033
3,latency,ALL_CONDITIONS,HRSD_21.1,HRSD21,full,StandardScaler,GB,190,48,10,0.0566,7.276,8.7248,0.0754,-0.1483,0.0929
3,latency,ALL_CONDITIONS,HRSD_21.1,HRSD21,full,StandardScaler,XGB,190,48,10,0.0526,7.2374,8.7157,0.0705,-0.1459,0.0723
3,latency,ALL_CONDITIONS,HRSD_21.1,HRSD21,full,StandardScaler,MLP,190,48,10,0.1171,8.3051,10.4675,0.1262,-0.6529,0.0005
3,latency,ALL_CONDITIONS,HRSD_21.1,HRSD21,full,StandardScaler,LGBM,190,48,10,0.0269,7.3077,8.9292,0.0346,-0.2028,0.0992
3,latency,ALL_CONDITIONS,HRSD_21.1,HRSD21,full,StandardScaler,CatBoost,190,48,10,0.07,7.1041,8.3611,0.1132,-0.0546,0.1102
3,latency,ALL_CONDITIONS,HRSD_21.1,HRSD21,full,MinMaxScaler,Ridge,190,48,20,0.1766,7.5873,9.1111,0.2127,-0.2523,0.1655
3,latency,ALL_CONDITIONS,HRSD_21.1,HRSD21,full,MinMaxScaler,Lasso,190,48,20,0.1166,7.0985,8.465,0.1884,-0.0809,0.1668
3,latency,ALL_CONDITIONS,HRSD_21.1,HRSD21,full,MinMaxScaler,ElasticNet,190,48,20,0.1728,7.502,8.9614,0.2133,-0.2114,0.1658
3,latency,ALL_CONDITIONS,HRSD_21.1,HRSD21,full,MinMaxScaler,SVR,190,48,20,0.0438,6.9457,8.3175,0.0824,-0.0436,0.1395
3,latency,ALL_CONDITIONS,HRSD_21.1,HRSD21,full,MinMaxScaler,KNN,190,48,20,0.1235,7.3889,8.475,0.1857,-0.0835,0.1587
3,latency,ALL_CONDITIONS,HRSD_21.1,HRSD21,full,MinMaxScaler,RF,190,48,20,0.1874,6.7307,8.0049,0.2777,0.0334,0.2841
3,latency,ALL_CONDITIONS,HRSD_21.1,HRSD21,full,MinMaxScaler,ET,190,48,20,0.1203,6.8412,8.3364,0.1708,-0.0484,0.0719
3,latency,ALL_CONDITIONS,HRSD_21.1,HRSD21,full,MinMaxScaler,GB,190,48,20,0.2836,6.6683,8.2053,0.3244,-0.0156,0.2729
3,latency,ALL_CONDITIONS,HRSD_21.1,HRSD21,full,MinMaxScaler,XGB,190,48,20,0.236,6.6851,8.1839,0.2892,-0.0104,0.2935
3,latency,ALL_CONDITIONS,HRSD_21.1,HRSD21,full,MinMaxScaler,MLP,190,48,20,0.2167,7.3401,9.7194,0.2243,-0.4251,0.2419
3,latency,ALL_CONDITIONS,HRSD_21.1,HRSD21,full,MinMaxScaler,LGBM,190,48,20,0.1863,6.9499,8.4326,0.2249,-0.0727,0.2176
3,latency,ALL_CONDITIONS,HRSD_21.1,HRSD21,full,MinMaxScaler,CatBoost,190,48,20,0.1892,6.6381,8.0229,0.2711,0.029,0.3192
3,latency,ALL_CONDITIONS,HRSD_21.1,HRSD21,full,RobustScaler,Ridge,190,48,20,0.0046,8.9331,12.1963,0.0048,-1.2439,-0.0838
3,latency,ALL_CONDITIONS,HRSD_21.1,HRSD21,full,RobustScaler,Lasso,190,48,20,0.0,7.0849,8.2822,,-0.0348,
3,latency,ALL_CONDITIONS,HRSD_21.1,HRSD21,full,RobustScaler,ElasticNet,190,48,20,0.0347,8.742,11.5521,0.0372,-1.0131,-0.0707
3,latency,ALL_CONDITIONS,HRSD_21.1,HRSD21,full,RobustScaler,SVR,190,48,20,0.0061,6.7067,8.13,0.0585,0.0029,0.0449
3,latency,ALL_CONDITIONS,HRSD_21.1,HRSD21,full,RobustScaler,KNN,190,48,20,0.1023,7.1574,8.5859,0.1348,-0.1121,0.1727
3,latency,ALL_CONDITIONS,HRSD_21.1,HRSD21,full,RobustScaler,RF,190,48,20,0.1013,7.1303,8.2997,0.1577,-0.0392,0.1408
3,latency,ALL_CONDITIONS,HRSD_21.1,HRSD21,full,RobustScaler,ET,190,48,20,0.0953,7.244,8.4769,0.1329,-0.084,0.1886
3,latency,ALL_CONDITIONS,HRSD_21.1,HRSD21,full,RobustScaler,GB,190,48,20,0.0484,7.3554,8.5764,0.0721,-0.1096,0.1048
3,latency,ALL_CONDITIONS,HRSD_21.1,HRSD21,full,RobustScaler,XGB,190,48,20,0.1711,6.9775,8.1355,0.2332,0.0016,0.2464
3,latency,ALL_CONDITIONS,HRSD_21.1,HRSD21,full,RobustScaler,MLP,190,48,20,0.179,8.6557,13.5993,0.2014,-1.7899,0.1458
3,latency,ALL_CONDITIONS,HRSD_21.1,HRSD21,full,RobustScaler,LGBM,190,48,20,0.0937,7.2319,8.5394,0.1252,-0.1,0.1163
3,latency,ALL_CONDITIONS,HRSD_21.1,HRSD21,full,RobustScaler,CatBoost,190,48,20,0.0367,7.3026,8.5124,0.0605,-0.0931,0.0463
4,latency,ALL_CONDITIONS,HRSD_21.1,HRSD21,full,StandardScaler,Ridge,191,47,5,0.0118,7.482,8.7203,0.165,0.0047,0.1468
4,latency,ALL_CONDITIONS,HRSD_21.1,HRSD21,full,StandardScaler,Lasso,191,47,5,0.0039,7.5013,8.7456,0.1545,-0.001,0.1275
4,latency,ALL_CONDITIONS,HRSD_21.1,HRSD21,full,StandardScaler,ElasticNet,191,47,5,0.0079,7.4893,8.7316,0.1745,0.0022,0.1554
4,latency,ALL_CONDITIONS,HRSD_21.1,HRSD21,full,StandardScaler,SVR,191,47,5,0.1132,7.6774,9.0814,0.1546,-0.0794,0.1214
4,latency,ALL_CONDITIONS,HRSD_21.1,HRSD21,full,StandardScaler,KNN,191,47,5,0.0719,7.8771,9.3586,0.0921,-0.1463,0.08
4,latency,ALL_CONDITIONS,HRSD_21.1,HRSD21,full,StandardScaler,RF,191,47,5,0.0602,7.6282,8.981,0.102,-0.0557,0.0199
4,latency,ALL_CONDITIONS,HRSD_21.1,HRSD21,full,StandardScaler,ET,191,47,5,-0.0183,8.1874,9.8038,-0.0237,-0.2579,-0.0077
4,latency,ALL_CONDITIONS,HRSD_21.1,HRSD21,full,StandardScaler,GB,191,47,5,0.1576,7.3652,8.741,0.2386,0.0,0.1151
4,latency,ALL_CONDITIONS,HRSD_21.1,HRSD21,full,StandardScaler,XGB,191,47,5,0.1442,7.5269,8.8861,0.2192,-0.0334,0.0599
4,latency,ALL_CONDITIONS,HRSD_21.1,HRSD21,full,StandardScaler,MLP,191,47,5,0.0878,7.4925,8.7542,0.1547,-0.003,0.1125
4,latency,ALL_CONDITIONS,HRSD_21.1,HRSD21,full,StandardScaler,LGBM,191,47,5,0.0428,7.8842,9.5313,0.0575,-0.189,0.0169
4,latency,ALL_CONDITIONS,HRSD_21.1,HRSD21,full,StandardScaler,CatBoost,191,47,5,0.0709,7.5259,8.8603,0.1263,-0.0275,0.0557
4,latency,ALL_CONDITIONS,HRSD_21.1,HRSD21,full,MinMaxScaler,Ridge,191,47,5,0.0048,7.4987,8.7426,0.1748,-0.0003,0.1584
4,latency,ALL_CONDITIONS,HRSD_21.1,HRSD21,full,MinMaxScaler,Lasso,191,47,5,0.0007,7.5095,8.7574,0.1545,-0.0037,0.1275
4,latency,ALL_CONDITIONS,HRSD_21.1,HRSD21,full,MinMaxScaler,ElasticNet,191,47,5,0.0108,7.4828,8.723,0.175,0.0041,0.1707
4,latency,ALL_CONDITIONS,HRSD_21.1,HRSD21,full,MinMaxScaler,SVR,191,47,5,0.0696,7.4273,8.7292,0.1835,0.0027,0.1567
4,latency,ALL_CONDITIONS,HRSD_21.1,HRSD21,full,MinMaxScaler,KNN,191,47,5,0.1001,7.5957,8.9373,0.1474,-0.0454,0.1421
4,latency,ALL_CONDITIONS,HRSD_21.1,HRSD21,full,MinMaxScaler,RF,191,47,5,-0.089,8.1502,9.7631,-0.1357,-0.2475,-0.1772
4,latency,ALL_CONDITIONS,HRSD_21.1,HRSD21,full,MinMaxScaler,ET,191,47,5,-0.1192,8.5624,10.3151,-0.1502,-0.3926,-0.1356
4,latency,ALL_CONDITIONS,HRSD_21.1,HRSD21,full,MinMaxScaler,GB,191,47,5,-0.0064,7.9197,9.679,-0.0085,-0.2261,-0.0823
4,latency,ALL_CONDITIONS,HRSD_21.1,HRSD21,full,MinMaxScaler,XGB,191,47,5,-0.0656,8.0299,9.8798,-0.0896,-0.2775,-0.1236
4,latency,ALL_CONDITIONS,HRSD_21.1,HRSD21,full,MinMaxScaler,MLP,191,47,5,0.0269,7.4336,8.778,0.1734,-0.0085,0.1495
4,latency,ALL_CONDITIONS,HRSD_21.1,HRSD21,full,MinMaxScaler,LGBM,191,47,5,-0.0844,8.6472,10.1865,-0.1095,-0.3581,-0.1325
4,latency,ALL_CONDITIONS,HRSD_21.1,HRSD21,full,MinMaxScaler,CatBoost,191,47,5,-0.1002,8.2734,9.9496,-0.1417,-0.2956,-0.1531
4,latency,ALL_CONDITIONS,HRSD_21.1,HRSD21,full,RobustScaler,Ridge,191,47,10,0.0598,7.7284,8.8798,0.106,-0.032,0.031
4,latency,ALL_CONDITIONS,HRSD_21.1,HRSD21,full,RobustScaler,Lasso,191,47,10,-0.0,7.5113,8.7601,,-0.0044,
4,latency,ALL_CONDITIONS,HRSD_21.1,HRSD21,full,RobustScaler,ElasticNet,191,47,10,0.0121,7.4743,8.7168,0.2037,0.0056,0.1576
4,latency,ALL_CONDITIONS,HRSD_21.1,HRSD21,full,RobustScaler,SVR,191,47,10,0.0967,7.3895,8.7289,0.1897,0.0028,0.1129
4,latency,ALL_CONDITIONS,HRSD_21.1,HRSD21,full,RobustScaler,KNN,191,47,10,0.0516,7.8038,9.1782,0.0746,-0.1025,-0.0077
4,latency,ALL_CONDITIONS,HRSD_21.1,HRSD21,full,RobustScaler,RF,191,47,10,0.0357,7.6769,9.2398,0.0527,-0.1174,0.0319
4,latency,ALL_CONDITIONS,HRSD_21.1,HRSD21,full,RobustScaler,ET,191,47,10,-0.026,8.0276,9.7861,-0.0338,-0.2534,-0.0802
4,latency,ALL_CONDITIONS,HRSD_21.1,HRSD21,full,RobustScaler,GB,191,47,10,0.1887,7.6062,9.6489,0.2013,-0.2185,0.2303
4,latency,ALL_CONDITIONS,HRSD_21.1,HRSD21,full,RobustScaler,XGB,191,47,10,0.2003,7.1933,8.8235,0.2569,-0.0189,0.2505
4,latency,ALL_CONDITIONS,HRSD_21.1,HRSD21,full,RobustScaler,MLP,191,47,10,0.0816,7.5338,8.8117,0.1389,-0.0162,0.1376
4,latency,ALL_CONDITIONS,HRSD_21.1,HRSD21,full,RobustScaler,LGBM,191,47,10,0.1485,7.4141,8.9899,0.1893,-0.0577,0.1352
4,latency,ALL_CONDITIONS,HRSD_21.1,HRSD21,full,RobustScaler,CatBoost,191,47,10,0.0903,7.444,8.7502,0.1601,-0.0021,0.1081
5,latency,ALL_CONDITIONS,HRSD_21.1,HRSD21,full,StandardScaler,Ridge,191,47,15,-0.064,7.303,9.2353,-0.1455,-0.1242,0.2103
5,latency,ALL_CONDITIONS,HRSD_21.1,HRSD21,full,StandardScaler,Lasso,191,47,15,-0.0428,7.2898,8.9846,-0.1629,-0.064,0.295
5,latency,ALL_CONDITIONS,HRSD_21.1,HRSD21,full,StandardScaler,ElasticNet,191,47,15,-0.0518,7.2774,9.0821,-0.1516,-0.0872,0.243
5,latency,ALL_CONDITIONS,HRSD_21.1,HRSD21,full,StandardScaler,SVR,191,47,15,0.0715,7.4045,9.3853,0.0893,-0.161,0.1593
5,latency,ALL_CONDITIONS,HRSD_21.1,HRSD21,full,StandardScaler,KNN,191,47,15,0.127,6.8156,8.7906,0.1843,-0.0186,0.4072
5,latency,ALL_CONDITIONS,HRSD_21.1,HRSD21,full,StandardScaler,RF,191,47,15,0.0318,7.8831,9.4258,0.0435,-0.1711,0.0745
5,latency,ALL_CONDITIONS,HRSD_21.1,HRSD21,full,StandardScaler,ET,191,47,15,-0.0682,8.15,10.2844,-0.0806,-0.3941,0.0063
5,latency,ALL_CONDITIONS,HRSD_21.1,HRSD21,full,StandardScaler,GB,191,47,15,0.0416,7.8729,9.545,0.0528,-0.2009,0.1238
5,latency,ALL_CONDITIONS,HRSD_21.1,HRSD21,full,StandardScaler,XGB,191,47,15,0.0167,7.8474,9.6406,0.0213,-0.2251,0.0732
5,latency,ALL_CONDITIONS,HRSD_21.1,HRSD21,full,StandardScaler,MLP,191,47,15,-0.0413,7.7003,10.3599,-0.048,-0.4147,0.1579
5,latency,ALL_CONDITIONS,HRSD_21.1,HRSD21,full,StandardScaler,LGBM,191,47,15,-0.0256,8.882,10.6584,-0.0285,-0.4974,0.0152
5,latency,ALL_CONDITIONS,HRSD_21.1,HRSD21,full,StandardScaler,CatBoost,191,47,15,0.0521,7.6025,9.2383,0.0735,-0.125,0.1489
5,latency,ALL_CONDITIONS,HRSD_21.1,HRSD21,full,MinMaxScaler,Ridge,191,47,5,-0.0633,7.2621,9.2893,-0.1297,-0.1374,0.2818
5,latency,ALL_CONDITIONS,HRSD_21.1,HRSD21,full,MinMaxScaler,Lasso,191,47,5,-0.0687,7.371,9.2016,-0.1739,-0.116,-0.1126
5,latency,ALL_CONDITIONS,HRSD_21.1,HRSD21,full,MinMaxScaler,ElasticNet,191,47,5,-0.0626,7.2601,9.2658,-0.1324,-0.1317,0.2805
5,latency,ALL_CONDITIONS,HRSD_21.1,HRSD21,full,MinMaxScaler,SVR,191,47,5,-0.0114,7.2495,9.6962,-0.0147,-0.2392,0.2613
5,latency,ALL_CONDITIONS,HRSD_21.1,HRSD21,full,MinMaxScaler,KNN,191,47,5,0.0441,7.5579,9.4894,0.0562,-0.187,0.1948
5,latency,ALL_CONDITIONS,HRSD_21.1,HRSD21,full,MinMaxScaler,RF,191,47,5,0.0566,7.196,8.8722,0.1013,-0.0376,0.1497
5,latency,ALL_CONDITIONS,HRSD_21.1,HRSD21,full,MinMaxScaler,ET,191,47,5,-0.0685,8.0307,10.2007,-0.0826,-0.3716,0.0525
5,latency,ALL_CONDITIONS,HRSD_21.1,HRSD21,full,MinMaxScaler,GB,191,47,5,0.0952,7.3205,8.8349,0.1496,-0.0289,0.1868
5,latency,ALL_CONDITIONS,HRSD_21.1,HRSD21,full,MinMaxScaler,XGB,191,47,5,0.1474,7.0856,8.4931,0.2443,0.0492,0.281
5,latency,ALL_CONDITIONS,HRSD_21.1,HRSD21,full,MinMaxScaler,MLP,191,47,5,-0.0567,7.2395,9.2234,-0.1239,-0.1213,0.2677
5,latency,ALL_CONDITIONS,HRSD_21.1,HRSD21,full,MinMaxScaler,LGBM,191,47,5,0.1113,7.2382,8.7711,0.1734,-0.0141,0.1919
5,latency,ALL_CONDITIONS,HRSD_21.1,HRSD21,full,MinMaxScaler,CatBoost,191,47,5,0.0857,7.1387,8.8284,0.1391,-0.0273,0.2514
5,latency,ALL_CONDITIONS,HRSD_21.1,HRSD21,full,RobustScaler,Ridge,191,47,5,-0.0608,7.4399,9.7297,-0.0872,-0.2478,0.1566
5,latency,ALL_CONDITIONS,HRSD_21.1,HRSD21,full,RobustScaler,Lasso,191,47,5,0.0004,7.1935,8.7216,0.051,-0.0026,-0.029
5,latency,ALL_CONDITIONS,HRSD_21.1,HRSD21,full,RobustScaler,ElasticNet,191,47,5,0.0097,7.1326,8.7115,0.0636,-0.0003,0.2232
5,latency,ALL_CONDITIONS,HRSD_21.1,HRSD21,full,RobustScaler,SVR,191,47,5,-0.0393,8.2009,9.7934,-0.0515,-0.2642,0.0059
5,latency,ALL_CONDITIONS,HRSD_21.1,HRSD21,full,RobustScaler,KNN,191,47,5,-0.0993,9.2766,11.0473,-0.1088,-0.6087,-0.1028
5,latency,ALL_CONDITIONS,HRSD_21.1,HRSD21,full,RobustScaler,RF,191,47,5,-0.0031,7.6828,9.3241,-0.0049,-0.146,0.066
5,latency,ALL_CONDITIONS,HRSD_21.1,HRSD21,full,RobustScaler,ET,191,47,5,-0.2054,8.7766,11.0035,-0.239,-0.5959,-0.1207
5,latency,ALL_CONDITIONS,HRSD_21.1,HRSD21,full,RobustScaler,GB,191,47,5,-0.049,7.8508,9.8116,-0.0667,-0.2689,0.0123
5,latency,ALL_CONDITIONS,HRSD_21.1,HRSD21,full,RobustScaler,XGB,191,47,5,-0.0983,7.9197,10.0747,-0.1298,-0.3379,-0.0121
5,latency,ALL_CONDITIONS,HRSD_21.1,HRSD21,full,RobustScaler,MLP,191,47,5,-0.1348,8.899,12.6731,-0.1389,-1.117,0.0588
5,latency,ALL_CONDITIONS,HRSD_21.1,HRSD21,full,RobustScaler,LGBM,191,47,5,0.0919,7.6872,9.1457,0.1287,-0.1025,0.191
5,latency,ALL_CONDITIONS,HRSD_21.1,HRSD21,full,RobustScaler,CatBoost,191,47,5,-0.0164,7.7158,9.4136,-0.0254,-0.1681,0.0602
1,latency,ALL_CONDITIONS,HRSD_24.1,HRSD24,full,StandardScaler,Ridge,190,48,10,0.0756,9.0236,11.2379,0.0969,-0.1447,0.0902
1,latency,ALL_CONDITIONS,HRSD_24.1,HRSD24,full,StandardScaler,Lasso,190,48,10,0.0663,9.1015,11.2551,0.0859,-0.1482,0.083
1,latency,ALL_CONDITIONS,HRSD_24.1,HRSD24,full,StandardScaler,ElasticNet,190,48,10,0.0621,9.1207,11.2447,0.0815,-0.1461,0.0616
1,latency,ALL_CONDITIONS,HRSD_24.1,HRSD24,full,StandardScaler,SVR,190,48,10,0.0611,9.4321,11.7594,0.0755,-0.2534,0.0384
1,latency,ALL_CONDITIONS,HRSD_24.1,HRSD24,full,StandardScaler,KNN,190,48,10,0.0465,9.3241,11.4943,0.0603,-0.1975,0.0532
1,latency,ALL_CONDITIONS,HRSD_24.1,HRSD24,full,StandardScaler,RF,190,48,10,0.0889,9.3822,11.0437,0.1169,-0.1055,0.0528
1,latency,ALL_CONDITIONS,HRSD_24.1,HRSD24,full,StandardScaler,ET,190,48,10,0.0391,9.4995,11.3609,0.0511,-0.1699,0.0091
1,latency,ALL_CONDITIONS,HRSD_24.1,HRSD24,full,StandardScaler,GB,190,48,10,0.0835,10.2357,12.1431,0.09,-0.3365,0.0008
1,latency,ALL_CONDITIONS,HRSD_24.1,HRSD24,full,StandardScaler,XGB,190,48,10,0.0879,9.9193,11.9255,0.0972,-0.289,0.0201
1,latency,ALL_CONDITIONS,HRSD_24.1,HRSD24,full,StandardScaler,MLP,190,48,10,0.0396,9.9717,12.3068,0.0433,-0.3728,-0.0232
1,latency,ALL_CONDITIONS,HRSD_24.1,HRSD24,full,StandardScaler,LGBM,190,48,10,0.1785,9.2379,10.9833,0.2066,-0.0934,0.1056
1,latency,ALL_CONDITIONS,HRSD_24.1,HRSD24,full,StandardScaler,CatBoost,190,48,10,0.1141,9.1792,11.0797,0.1416,-0.1127,0.1043
1,latency,ALL_CONDITIONS,HRSD_24.1,HRSD24,full,MinMaxScaler,Ridge,190,48,10,-0.0187,9.5667,11.5009,-0.0271,-0.1989,0.0149
1,latency,ALL_CONDITIONS,HRSD_24.1,HRSD24,full,MinMaxScaler,Lasso,190,48,10,-0.0293,9.5154,11.3538,-0.0472,-0.1684,-0.0224
1,latency,ALL_CONDITIONS,HRSD_24.1,HRSD24,full,MinMaxScaler,ElasticNet,190,48,10,-0.0251,9.5666,11.4652,-0.0375,-0.1914,0.0099
1,latency,ALL_CONDITIONS,HRSD_24.1,HRSD24,full,MinMaxScaler,SVR,190,48,10,-0.0473,9.7962,11.647,-0.0823,-0.2295,-0.0543
1,latency,ALL_CONDITIONS,HRSD_24.1,HRSD24,full,MinMaxScaler,KNN,190,48,10,-0.1005,10.0556,12.1543,-0.1337,-0.339,-0.1401
1,latency,ALL_CONDITIONS,HRSD_24.1,HRSD24,full,MinMaxScaler,RF,190,48,10,0.0463,9.6437,11.4621,0.0583,-0.1908,0.032
1,latency,ALL_CONDITIONS,HRSD_24.1,HRSD24,full,MinMaxScaler,ET,190,48,10,-0.1017,10.5345,12.8156,-0.116,-0.4886,-0.0825
1,latency,ALL_CONDITIONS,HRSD_24.1,HRSD24,full,MinMaxScaler,GB,190,48,10,0.0572,9.9441,11.8859,0.0652,-0.2805,-0.0035
1,latency,ALL_CONDITIONS,HRSD_24.1,HRSD24,full,MinMaxScaler,XGB,190,48,10,0.035,10.0497,12.2218,0.0391,-0.3539,-0.0007
1,latency,ALL_CONDITIONS,HRSD_24.1,HRSD24,full,MinMaxScaler,MLP,190,48,10,-0.0205,9.822,11.8296,-0.0261,-0.2684,0.0034
1,latency,ALL_CONDITIONS,HRSD_24.1,HRSD24,full,MinMaxScaler,LGBM,190,48,10,0.1329,9.3715,11.3531,0.1531,-0.1682,0.0952
1,latency,ALL_CONDITIONS,HRSD_24.1,HRSD24,full,MinMaxScaler,CatBoost,190,48,10,0.0275,10.0201,12.1231,0.031,-0.3321,0.0112
1,latency,ALL_CONDITIONS,HRSD_24.1,HRSD24,full,RobustScaler,Ridge,190,48,10,0.0389,9.3907,11.4641,0.0498,-0.1912,0.0094
1,latency,ALL_CONDITIONS,HRSD_24.1,HRSD24,full,RobustScaler,Lasso,190,48,10,0.0354,9.3849,11.4592,0.0457,-0.1902,0.0027
1,latency,ALL_CONDITIONS,HRSD_24.1,HRSD24,full,RobustScaler,ElasticNet,190,48,10,0.0326,9.3803,11.4618,0.0422,-0.1907,0.0107
1,latency,ALL_CONDITIONS,HRSD_24.1,HRSD24,full,RobustScaler,SVR,190,48,10,0.0861,9.0367,11.0382,0.1239,-0.1044,0.0764
1,latency,ALL_CONDITIONS,HRSD_24.1,HRSD24,full,RobustScaler,KNN,190,48,10,0.0221,9.4907,11.7078,0.0275,-0.2424,0.015
1,latency,ALL_CONDITIONS,HRSD_24.1,HRSD24,full,RobustScaler,RF,190,48,10,0.0382,9.6847,11.3795,0.0496,-0.1737,-0.0121
1,latency,ALL_CONDITIONS,HRSD_24.1,HRSD24,full,RobustScaler,ET,190,48,10,-0.1296,10.658,12.9149,-0.1492,-0.5118,-0.1649
1,latency,ALL_CONDITIONS,HRSD_24.1,HRSD24,full,RobustScaler,GB,190,48,10,0.0211,10.3199,11.9865,0.0245,-0.3022,-0.1056
1,latency,ALL_CONDITIONS,HRSD_24.1,HRSD24,full,RobustScaler,XGB,190,48,10,0.0433,10.2183,12.0141,0.049,-0.3083,-0.051
1,latency,ALL_CONDITIONS,HRSD_24.1,HRSD24,full,RobustScaler,MLP,190,48,10,-0.0814,10.9223,13.3096,-0.0868,-0.6056,-0.1712
1,latency,ALL_CONDITIONS,HRSD_24.1,HRSD24,full,RobustScaler,LGBM,190,48,10,0.0936,9.9592,11.587,0.1081,-0.2169,-0.0105
1,latency,ALL_CONDITIONS,HRSD_24.1,HRSD24,full,RobustScaler,CatBoost,190,48,10,-0.0243,10.8389,12.5812,-0.027,-0.4347,-0.1744
2,latency,ALL_CONDITIONS,HRSD_24.1,HRSD24,full,StandardScaler,Ridge,190,48,10,0.1388,9.108,11.5903,0.2377,0.0393,0.1598
2,latency,ALL_CONDITIONS,HRSD_24.1,HRSD24,full,StandardScaler,Lasso,190,48,10,0.1315,9.1263,11.6027,0.2317,0.0372,0.1269
2,latency,ALL_CONDITIONS,HRSD_24.1,HRSD24,full,StandardScaler,ElasticNet,190,48,10,0.0344,9.3665,11.817,0.1078,0.0013,-0.049
2,latency,ALL_CONDITIONS,HRSD_24.1,HRSD24,full,StandardScaler,SVR,190,48,10,0.1071,9.2147,11.8319,0.1991,-0.0012,0.1384
2,latency,ALL_CONDITIONS,HRSD_24.1,HRSD24,full,StandardScaler,KNN,190,48,10,0.0667,9.5185,11.9754,0.1212,-0.0256,0.0408
2,latency,ALL_CONDITIONS,HRSD_24.1,HRSD24,full,StandardScaler,RF,190,48,10,0.0549,9.217,12.2006,0.0965,-0.0645,0.0661
2,latency,ALL_CONDITIONS,HRSD_24.1,HRSD24,full,StandardScaler,ET,190,48,10,0.0259,9.3276,12.5843,0.0401,-0.1325,0.0393
2,latency,ALL_CONDITIONS,HRSD_24.1,HRSD24,full,StandardScaler,GB,190,48,10,0.0078,9.7936,12.6334,0.0123,-0.1414,-0.0117
2,latency,ALL_CONDITIONS,HRSD_24.1,HRSD24,full,StandardScaler,XGB,190,48,10,0.0107,9.7384,12.534,0.0185,-0.1235,-0.0329
2,latency,ALL_CONDITIONS,HRSD_24.1,HRSD24,full,StandardScaler,MLP,190,48,10,0.1493,8.7444,11.4661,0.265,0.0598,0.2483
2,latency,ALL_CONDITIONS,HRSD_24.1,HRSD24,full,StandardScaler,LGBM,190,48,10,0.0055,9.9441,12.6407,0.0096,-0.1427,-0.0874
2,latency,ALL_CONDITIONS,HRSD_24.1,HRSD24,full,StandardScaler,CatBoost,190,48,10,0.0673,9.0176,11.8893,0.141,-0.0109,0.0555
2,latency,ALL_CONDITIONS,HRSD_24.1,HRSD24,full,MinMaxScaler,Ridge,190,48,10,0.0704,9.3741,11.8853,0.1317,-0.0102,0.0421
2,latency,ALL_CONDITIONS,HRSD_24.1,HRSD24,full,MinMaxScaler,Lasso,190,48,10,0.0527,9.4504,11.8853,0.1106,-0.0102,0.0288
2,latency,ALL_CONDITIONS,HRSD_24.1,HRSD24,full,MinMaxScaler,ElasticNet,190,48,10,0.0666,9.3879,11.8822,0.1279,-0.0097,0.039
2,latency,ALL_CONDITIONS,HRSD_24.1,HRSD24,full,MinMaxScaler,SVR,190,48,10,0.0485,9.4916,12.1379,0.1167,-0.0536,0.0527
2,latency,ALL_CONDITIONS,HRSD_24.1,HRSD24,full,MinMaxScaler,KNN,190,48,10,0.1425,9.6713,11.7051,0.2161,0.0202,0.1873
2,latency,ALL_CONDITIONS,HRSD_24.1,HRSD24,full,MinMaxScaler,RF,190,48,10,0.1159,9.0903,11.6886,0.1989,0.0229,0.2192
2,latency,ALL_CONDITIONS,HRSD_24.1,HRSD24,full,MinMaxScaler,ET,190,48,10,0.065,9.6456,12.2839,0.096,-0.0791,0.1128
2,latency,ALL_CONDITIONS,HRSD_24.1,HRSD24,full,MinMaxScaler,GB,190,48,10,0.1554,9.1659,11.7832,0.2188,0.0071,0.2326
2,latency,ALL_CONDITIONS,HRSD_24.1,HRSD24,full,MinMaxScaler,XGB,190,48,10,0.0904,9.4302,12.2069,0.1304,-0.0657,0.1196
2,latency,ALL_CONDITIONS,HRSD_24.1,HRSD24,full,MinMaxScaler,MLP,190,48,10,0.0977,9.415,11.689,0.1862,0.0229,0.11
2,latency,ALL_CONDITIONS,HRSD_24.1,HRSD24,full,MinMaxScaler,LGBM,190,48,10,0.1722,9.4864,11.8558,0.2295,-0.0052,0.2567
2,latency,ALL_CONDITIONS,HRSD_24.1,HRSD24,full,MinMaxScaler,CatBoost,190,48,10,0.1222,9.1138,11.5518,0.2279,0.0457,0.1917
2,latency,ALL_CONDITIONS,HRSD_24.1,HRSD24,full,RobustScaler,Ridge,190,48,5,0.0558,9.3155,11.9383,0.1163,-0.0193,0.0869
2,latency,ALL_CONDITIONS,HRSD_24.1,HRSD24,full,RobustScaler,Lasso,190,48,5,0.054,9.3226,11.9332,0.1146,-0.0184,0.0773
2,latency,ALL_CONDITIONS,HRSD_24.1,HRSD24,full,RobustScaler,ElasticNet,190,48,5,0.0528,9.327,11.9306,0.1135,-0.0179,0.0797
2,latency,ALL_CONDITIONS,HRSD_24.1,HRSD24,full,RobustScaler,SVR,190,48,5,0.1408,9.2761,11.8547,0.2217,-0.005,0.2019
2,latency,ALL_CONDITIONS,HRSD_24.1,HRSD24,full,RobustScaler,KNN,190,48,5,0.1143,10.0667,12.5844,0.1417,-0.1326,0.0931
2,latency,ALL_CONDITIONS,HRSD_24.1,HRSD24,full,RobustScaler,RF,190,48,5,0.0135,9.6835,12.6418,0.0222,-0.1429,-0.0114
2,latency,ALL_CONDITIONS,HRSD_24.1,HRSD24,full,RobustScaler,ET,190,48,5,0.005,9.7475,12.738,0.0075,-0.1604,-0.0177
2,latency,ALL_CONDITIONS,HRSD_24.1,HRSD24,full,RobustScaler,GB,190,48,5,0.0389,9.7438,12.5306,0.0593,-0.1229,0.019
2,latency,ALL_CONDITIONS,HRSD_24.1,HRSD24,full,RobustScaler,XGB,190,48,5,0.0449,9.6506,12.5533,0.071,-0.127,0.0228
2,latency,ALL_CONDITIONS,HRSD_24.1,HRSD24,full,RobustScaler,MLP,190,48,5,0.1306,9.2561,11.6583,0.2248,0.028,0.2164
2,latency,ALL_CONDITIONS,HRSD_24.1,HRSD24,full,RobustScaler,LGBM,190,48,5,0.0912,10.0447,12.4933,0.1346,-0.1162,0.0787
2,latency,ALL_CONDITIONS,HRSD_24.1,HRSD24,full,RobustScaler,CatBoost,190,48,5,0.0694,9.3855,12.1934,0.1175,-0.0633,0.0869
3,latency,ALL_CONDITIONS,HRSD_24.1,HRSD24,full,StandardScaler,Ridge,190,48,20,0.1965,9.4896,11.3785,0.2286,-0.2512,0.1524
3,latency,ALL_CONDITIONS,HRSD_24.1,HRSD24,full,StandardScaler,Lasso,190,48,20,0.1627,9.0272,10.4143,0.2395,-0.0482,0.1803
3,latency,ALL_CONDITIONS,HRSD_24.1,HRSD24,full,StandardScaler,ElasticNet,190,48,20,0.1904,9.252,10.8999,0.2353,-0.1482,0.1625
3,latency,ALL_CONDITIONS,HRSD_24.1,HRSD24,full,StandardScaler,SVR,190,48,20,0.072,9.3223,11.1278,0.0869,-0.1967,0.0637
3,latency,ALL_CONDITIONS,HRSD_24.1,HRSD24,full,StandardScaler,KNN,190,48,20,0.0916,9.6667,11.4585,0.1093,-0.2689,0.1081
3,latency,ALL_CONDITIONS,HRSD_24.1,HRSD24,full,StandardScaler,RF,190,48,20,0.0197,9.4545,11.257,0.027,-0.2247,0.0291
3,latency,ALL_CONDITIONS,HRSD_24.1,HRSD24,full,StandardScaler,ET,190,48,20,-0.0069,9.4978,11.2946,-0.0093,-0.2329,0.0086
3,latency,ALL_CONDITIONS,HRSD_24.1,HRSD24,full,StandardScaler,GB,190,48,20,0.0322,9.8022,12.34,0.0367,-0.4716,0.0316
3,latency,ALL_CONDITIONS,HRSD_24.1,HRSD24,full,StandardScaler,XGB,190,48,20,-0.0151,9.9533,11.9499,-0.0192,-0.3801,-0.0165
3,latency,ALL_CONDITIONS,HRSD_24.1,HRSD24,full,StandardScaler,MLP,190,48,20,0.1089,13.3918,24.509,0.1561,-4.8053,0.0101
3,latency,ALL_CONDITIONS,HRSD_24.1,HRSD24,full,StandardScaler,LGBM,190,48,20,0.0014,9.9959,12.1691,0.0016,-0.4312,0.0352
3,latency,ALL_CONDITIONS,HRSD_24.1,HRSD24,full,StandardScaler,CatBoost,190,48,20,0.0246,9.4428,11.3109,0.0329,-0.2364,0.0375
3,latency,ALL_CONDITIONS,HRSD_24.1,HRSD24,full,MinMaxScaler,Ridge,190,48,15,0.3038,9.3943,11.0696,0.3258,-0.1842,0.2759
3,latency,ALL_CONDITIONS,HRSD_24.1,HRSD24,full,MinMaxScaler,Lasso,190,48,15,0.2579,9.2374,10.5405,0.3051,-0.0737,0.3062
3,latency,ALL_CONDITIONS,HRSD_24.1,HRSD24,full,MinMaxScaler,ElasticNet,190,48,15,0.2967,9.3015,10.8903,0.3236,-0.1462,0.2824
3,latency,ALL_CONDITIONS,HRSD_24.1,HRSD24,full,MinMaxScaler,SVR,190,48,15,0.2135,8.7774,10.8254,0.2338,-0.1326,0.2598
3,latency,ALL_CONDITIONS,HRSD_24.1,HRSD24,full,MinMaxScaler,KNN,190,48,15,0.155,9.7245,11.0634,0.2006,-0.1829,0.1881
3,latency,ALL_CONDITIONS,HRSD_24.1,HRSD24,full,MinMaxScaler,RF,190,48,15,0.1856,8.2109,9.9754,0.2729,0.0383,0.2428
3,latency,ALL_CONDITIONS,HRSD_24.1,HRSD24,full,MinMaxScaler,ET,190,48,15,0.1183,8.6758,10.4199,0.173,-0.0493,0.2004
3,latency,ALL_CONDITIONS,HRSD_24.1,HRSD24,full,MinMaxScaler,GB,190,48,15,0.1957,9.1995,10.828,0.2263,-0.1331,0.2457
3,latency,ALL_CONDITIONS,HRSD_24.1,HRSD24,full,MinMaxScaler,XGB,190,48,15,0.2077,8.8171,10.5498,0.2437,-0.0756,0.2325
3,latency,ALL_CONDITIONS,HRSD_24.1,HRSD24,full,MinMaxScaler,MLP,190,48,15,0.1986,8.7592,11.0633,0.2172,-0.1829,0.2205
3,latency,ALL_CONDITIONS,HRSD_24.1,HRSD24,full,MinMaxScaler,LGBM,190,48,15,0.1677,9.1265,11.2634,0.185,-0.2261,0.2452
3,latency,ALL_CONDITIONS,HRSD_24.1,HRSD24,full,MinMaxScaler,CatBoost,190,48,15,0.1429,8.5659,10.2776,0.1995,-0.0208,0.2229
3,latency,ALL_CONDITIONS,HRSD_24.1,HRSD24,full,RobustScaler,Ridge,190,48,10,0.1541,9.3518,11.0285,0.1936,-0.1755,0.0965
3,latency,ALL_CONDITIONS,HRSD_24.1,HRSD24,full,RobustScaler,Lasso,190,48,10,0.0,8.8544,10.3182,,-0.0289,
3,latency,ALL_CONDITIONS,HRSD_24.1,HRSD24,full,RobustScaler,ElasticNet,190,48,10,0.0788,9.0031,10.4175,0.1667,-0.0488,0.0336
3,latency,ALL_CONDITIONS,HRSD_24.1,HRSD24,full,RobustScaler,SVR,190,48,10,0.0041,8.3927,10.1608,0.0605,0.0022,0.0411
3,latency,ALL_CONDITIONS,HRSD_24.1,HRSD24,full,RobustScaler,KNN,190,48,10,0.0715,8.7685,10.4575,0.1127,-0.0569,0.1232
3,latency,ALL_CONDITIONS,HRSD_24.1,HRSD24,full,RobustScaler,RF,190,48,10,0.0985,8.9774,10.3896,0.1482,-0.0432,0.1328
3,latency,ALL_CONDITIONS,HRSD_24.1,HRSD24,full,RobustScaler,ET,190,48,10,0.0764,9.3394,10.6331,0.1073,-0.0927,0.1589
3,latency,ALL_CONDITIONS,HRSD_24.1,HRSD24,full,RobustScaler,GB,190,48,10,0.069,9.2807,10.8662,0.0922,-0.1411,0.1208
3,latency,ALL_CONDITIONS,HRSD_24.1,HRSD24,full,RobustScaler,XGB,190,48,10,0.1335,8.9222,10.3474,0.1831,-0.0348,0.1851
3,latency,ALL_CONDITIONS,HRSD_24.1,HRSD24,full,RobustScaler,MLP,190,48,10,0.1367,12.0203,23.216,0.188,-4.209,0.1649
3,latency,ALL_CONDITIONS,HRSD_24.1,HRSD24,full,RobustScaler,LGBM,190,48,10,0.0972,8.7868,10.4059,0.1449,-0.0465,0.1441
3,latency,ALL_CONDITIONS,HRSD_24.1,HRSD24,full,RobustScaler,CatBoost,190,48,10,0.0653,8.8447,10.3357,0.1167,-0.0324,0.0963
4,latency,ALL_CONDITIONS,HRSD_24.1,HRSD24,full,StandardScaler,Ridge,191,47,10,0.0128,9.8536,11.3643,0.1823,0.007,0.1782
4,latency,ALL_CONDITIONS,HRSD_24.1,HRSD24,full,StandardScaler,Lasso,191,47,10,0.0059,9.8917,11.3946,0.1452,0.0016,0.1317
4,latency,ALL_CONDITIONS,HRSD_24.1,HRSD24,full,StandardScaler,ElasticNet,191,47,10,0.0069,9.886,11.3898,0.1576,0.0025,0.137
4,latency,ALL_CONDITIONS,HRSD_24.1,HRSD24,full,StandardScaler,SVR,191,47,10,0.0917,9.6266,11.4116,0.1853,-0.0013,0.1398
4,latency,ALL_CONDITIONS,HRSD_24.1,HRSD24,full,StandardScaler,KNN,191,47,10,0.0677,9.8913,11.9984,0.0941,-0.1069,0.0736
4,latency,ALL_CONDITIONS,HRSD_24.1,HRSD24,full,StandardScaler,RF,191,47,10,0.0431,10.0296,12.0527,0.0625,-0.117,0.0428
4,latency,ALL_CONDITIONS,HRSD_24.1,HRSD24,full,StandardScaler,ET,191,47,10,0.0214,10.1729,12.5736,0.0275,-0.2156,-0.0002
4,latency,ALL_CONDITIONS,HRSD_24.1,HRSD24,full,StandardScaler,GB,191,47,10,0.1458,9.809,11.6569,0.1942,-0.0448,0.1437
4,latency,ALL_CONDITIONS,HRSD_24.1,HRSD24,full,StandardScaler,XGB,191,47,10,0.1294,9.848,11.7248,0.1758,-0.057,0.1402
4,latency,ALL_CONDITIONS,HRSD_24.1,HRSD24,full,StandardScaler,MLP,191,47,10,0.0412,9.839,11.6936,0.0733,-0.0514,0.0619
4,latency,ALL_CONDITIONS,HRSD_24.1,HRSD24,full,StandardScaler,LGBM,191,47,10,0.0548,10.3192,12.291,0.0713,-0.1616,0.0486
4,latency,ALL_CONDITIONS,HRSD_24.1,HRSD24,full,StandardScaler,CatBoost,191,47,10,0.0715,9.6631,11.5145,0.1311,-0.0195,0.1076
4,latency,ALL_CONDITIONS,HRSD_24.1,HRSD24,full,MinMaxScaler,Ridge,191,47,5,0.0124,9.8579,11.366,0.1804,0.0067,0.1809
4,latency,ALL_CONDITIONS,HRSD_24.1,HRSD24,full,MinMaxScaler,Lasso,191,47,5,0.0036,9.9016,11.4049,0.1452,-0.0002,0.1317
4,latency,ALL_CONDITIONS,HRSD_24.1,HRSD24,full,MinMaxScaler,ElasticNet,191,47,5,0.0115,9.8615,11.3696,0.1854,0.006,0.1981
4,latency,ALL_CONDITIONS,HRSD_24.1,HRSD24,full,MinMaxScaler,SVR,191,47,5,0.0659,9.5668,11.3225,0.2062,0.0142,0.1876
4,latency,ALL_CONDITIONS,HRSD_24.1,HRSD24,full,MinMaxScaler,KNN,191,47,5,0.0999,9.9433,11.8275,0.1365,-0.0756,0.1262
4,latency,ALL_CONDITIONS,HRSD_24.1,HRSD24,full,MinMaxScaler,RF,191,47,5,-0.1126,10.9853,13.3596,-0.1438,-0.3724,-0.1482
4,latency,ALL_CONDITIONS,HRSD_24.1,HRSD24,full,MinMaxScaler,ET,191,47,5,-0.048,10.6222,13.2414,-0.0577,-0.3482,-0.073
4,latency,ALL_CONDITIONS,HRSD_24.1,HRSD24,full,MinMaxScaler,GB,191,47,5,-0.0678,11.2109,13.8454,-0.0759,-0.474,-0.0953
4,latency,ALL_CONDITIONS,HRSD_24.1,HRSD24,full,MinMaxScaler,XGB,191,47,5,-0.0918,12.2429,15.1773,-0.0946,-0.7712,-0.1362
4,latency,ALL_CONDITIONS,HRSD_24.1,HRSD24,full,MinMaxScaler,MLP,191,47,5,0.03,9.6019,11.5069,0.1974,-0.0181,0.197
4,latency,ALL_CONDITIONS,HRSD_24.1,HRSD24,full,MinMaxScaler,LGBM,191,47,5,-0.0587,10.8961,13.3527,-0.0703,-0.371,-0.0774
4,latency,ALL_CONDITIONS,HRSD_24.1,HRSD24,full,MinMaxScaler,CatBoost,191,47,5,-0.0466,10.3815,12.8143,-0.062,-0.2626,-0.0671
4,latency,ALL_CONDITIONS,HRSD_24.1,HRSD24,full,RobustScaler,Ridge,191,47,5,0.0139,9.8702,11.3671,0.1276,0.0065,0.1027
4,latency,ALL_CONDITIONS,HRSD_24.1,HRSD24,full,RobustScaler,Lasso,191,47,5,-0.0,9.9171,11.4224,,-0.0032,
4,latency,ALL_CONDITIONS,HRSD_24.1,HRSD24,full,RobustScaler,ElasticNet,191,47,5,0.0119,9.859,11.3672,0.1817,0.0064,0.1593
4,latency,ALL_CONDITIONS,HRSD_24.1,HRSD24,full,RobustScaler,SVR,191,47,5,0.0724,9.6283,11.3922,0.16,0.0021,0.1094
4,latency,ALL_CONDITIONS,HRSD_24.1,HRSD24,full,RobustScaler,KNN,191,47,5,0.077,10.0378,11.637,0.1214,-0.0413,0.11
4,latency,ALL_CONDITIONS,HRSD_24.1,HRSD24,full,RobustScaler,RF,191,47,5,0.0341,10.1148,11.8405,0.0563,-0.078,-0.0068
4,latency,ALL_CONDITIONS,HRSD_24.1,HRSD24,full,RobustScaler,ET,191,47,5,-0.0053,10.7178,12.5987,-0.007,-0.2205,-0.0278
4,latency,ALL_CONDITIONS,HRSD_24.1,HRSD24,full,RobustScaler,GB,191,47,5,0.1985,9.7537,11.4212,0.2478,-0.003,0.1581
4,latency,ALL_CONDITIONS,HRSD_24.1,HRSD24,full,RobustScaler,XGB,191,47,5,0.0924,10.3086,11.9649,0.1215,-0.1008,0.0881
4,latency,ALL_CONDITIONS,HRSD_24.1,HRSD24,full,RobustScaler,MLP,191,47,5,0.0824,9.6859,11.4185,0.1494,-0.0025,0.102
4,latency,ALL_CONDITIONS,HRSD_24.1,HRSD24,full,RobustScaler,LGBM,191,47,5,0.0143,10.6832,12.4282,0.0192,-0.1877,0.0199
4,latency,ALL_CONDITIONS,HRSD_24.1,HRSD24,full,RobustScaler,CatBoost,191,47,5,0.0395,10.0497,11.659,0.0734,-0.0452,0.0785
5,latency,ALL_CONDITIONS,HRSD_24.1,HRSD24,full,StandardScaler,Ridge,191,47,10,-0.0461,9.0924,11.5815,-0.1041,-0.11,0.215
5,latency,ALL_CONDITIONS,HRSD_24.1,HRSD24,full,StandardScaler,Lasso,191,47,10,-0.0459,9.0453,11.4766,-0.1224,-0.09,0.2042
5,latency,ALL_CONDITIONS,HRSD_24.1,HRSD24,full,StandardScaler,ElasticNet,191,47,10,-0.0419,9.0286,11.4415,-0.116,-0.0834,0.2195
5,latency,ALL_CONDITIONS,HRSD_24.1,HRSD24,full,StandardScaler,SVR,191,47,10,0.119,8.7713,11.1323,0.1711,-0.0256,0.2604
5,latency,ALL_CONDITIONS,HRSD_24.1,HRSD24,full,StandardScaler,KNN,191,47,10,0.1217,8.9622,11.4681,0.1542,-0.0884,0.2383
5,latency,ALL_CONDITIONS,HRSD_24.1,HRSD24,full,StandardScaler,RF,191,47,10,0.1089,9.0032,11.1264,0.1665,-0.0245,0.2123
5,latency,ALL_CONDITIONS,HRSD_24.1,HRSD24,full,StandardScaler,ET,191,47,10,0.0182,9.5957,11.9803,0.0241,-0.1878,0.1582
5,latency,ALL_CONDITIONS,HRSD_24.1,HRSD24,full,StandardScaler,GB,191,47,10,0.1792,9.0203,11.1136,0.2313,-0.0222,0.2562
5,latency,ALL_CONDITIONS,HRSD_24.1,HRSD24,full,StandardScaler,XGB,191,47,10,0.159,9.1528,11.2989,0.198,-0.0565,0.2585
5,latency,ALL_CONDITIONS,HRSD_24.1,HRSD24,full,StandardScaler,MLP,191,47,10,0.0529,9.1868,11.8525,0.0702,-0.1626,0.2473
5,latency,ALL_CONDITIONS,HRSD_24.1,HRSD24,full,StandardScaler,LGBM,191,47,10,0.1434,9.1233,11.3818,0.184,-0.0721,0.2218
5,latency,ALL_CONDITIONS,HRSD_24.1,HRSD24,full,StandardScaler,CatBoost,191,47,10,0.1032,8.9012,11.1131,0.1612,-0.0221,0.2021
5,latency,ALL_CONDITIONS,HRSD_24.1,HRSD24,full,MinMaxScaler,Ridge,191,47,10,-0.0814,9.3034,11.9719,-0.149,-0.1861,0.2218
5,latency,ALL_CONDITIONS,HRSD_24.1,HRSD24,full,MinMaxScaler,Lasso,191,47,10,-0.0837,9.2767,11.8296,-0.1785,-0.1581,0.135
5,latency,ALL_CONDITIONS,HRSD_24.1,HRSD24,full,MinMaxScaler,ElasticNet,191,47,10,-0.081,9.2876,11.9423,-0.1516,-0.1803,0.2209
5,latency,ALL_CONDITIONS,HRSD_24.1,HRSD24,full,MinMaxScaler,SVR,191,47,10,-0.0282,10.131,13.2704,-0.0311,-0.4574,0.2064
5,latency,ALL_CONDITIONS,HRSD_24.1,HRSD24,full,MinMaxScaler,KNN,191,47,10,0.0483,9.2766,11.6206,0.0685,-0.1176,0.1514
5,latency,ALL_CONDITIONS,HRSD_24.1,HRSD24,full,MinMaxScaler,RF,191,47,10,0.0546,9.5098,11.529,0.0791,-0.1,0.1114
5,latency,ALL_CONDITIONS,HRSD_24.1,HRSD24,full,MinMaxScaler,ET,191,47,10,0.0156,9.2207,11.9667,0.0209,-0.1851,0.1813
5,latency,ALL_CONDITIONS,HRSD_24.1,HRSD24,full,MinMaxScaler,GB,191,47,10,0.0586,9.9177,12.1023,0.0708,-0.2121,0.1024
5,latency,ALL_CONDITIONS,HRSD_24.1,HRSD24,full,MinMaxScaler,XGB,191,47,10,0.1305,9.3529,11.4497,0.1636,-0.0849,0.1839
5,latency,ALL_CONDITIONS,HRSD_24.1,HRSD24,full,MinMaxScaler,MLP,191,47,10,-0.0827,9.201,11.9043,-0.16,-0.1728,0.2246
5,latency,ALL_CONDITIONS,HRSD_24.1,HRSD24,full,MinMaxScaler,LGBM,191,47,10,0.0725,9.9104,12.0174,0.087,-0.1952,0.1058
5,latency,ALL_CONDITIONS,HRSD_24.1,HRSD24,full,MinMaxScaler,CatBoost,191,47,10,0.0525,9.3774,11.4525,0.0806,-0.0855,0.1259
5,latency,ALL_CONDITIONS,HRSD_24.1,HRSD24,full,RobustScaler,Ridge,191,47,5,-0.081,9.3422,12.4008,-0.1172,-0.2726,0.2177
5,latency,ALL_CONDITIONS,HRSD_24.1,HRSD24,full,RobustScaler,Lasso,191,47,5,-0.087,9.4171,12.3604,-0.1307,-0.2644,0.222
5,latency,ALL_CONDITIONS,HRSD_24.1,HRSD24,full,RobustScaler,ElasticNet,191,47,5,-0.0757,9.2781,12.2409,-0.1157,-0.24,0.2284
5,latency,ALL_CONDITIONS,HRSD_24.1,HRSD24,full,RobustScaler,SVR,191,47,5,0.1133,8.731,10.7935,0.2093,0.0359,0.2578
5,latency,ALL_CONDITIONS,HRSD_24.1,HRSD24,full,RobustScaler,KNN,191,47,5,-0.0106,10.1155,11.9986,-0.0157,-0.1914,0.0076
5,latency,ALL_CONDITIONS,HRSD_24.1,HRSD24,full,RobustScaler,RF,191,47,5,0.01,9.586,11.7894,0.015,-0.1503,0.0316
5,latency,ALL_CONDITIONS,HRSD_24.1,HRSD24,full,RobustScaler,ET,191,47,5,-0.1039,10.2429,13.0215,-0.1268,-0.4032,0.0131
5,latency,ALL_CONDITIONS,HRSD_24.1,HRSD24,full,RobustScaler,GB,191,47,5,0.0469,9.4824,11.848,0.0618,-0.1617,0.1292
5,latency,ALL_CONDITIONS,HRSD_24.1,HRSD24,full,RobustScaler,XGB,191,47,5,0.0393,9.5867,11.9471,0.0507,-0.1812,0.1377
5,latency,ALL_CONDITIONS,HRSD_24.1,HRSD24,full,RobustScaler,MLP,191,47,5,0.0034,9.2595,12.0401,0.0047,-0.1997,0.2499
5,latency,ALL_CONDITIONS,HRSD_24.1,HRSD24,full,RobustScaler,LGBM,191,47,5,0.0398,9.3057,11.7029,0.0564,-0.1334,0.0723
5,latency,ALL_CONDITIONS,HRSD_24.1,HRSD24,full,RobustScaler,CatBoost,191,47,5,0.0266,9.1433,11.4324,0.0462,-0.0816,0.1414
