fold,phase,condition,target,target_short,features,scaler,model,n_train,n_test,n_features,CCC,MAE,RMSE,Pearson_r,R2,Spearman_r
1,positive_training,ALL_CONDITIONS,phq_8,PHQ8,full,StandardScaler,Ridge,188,48,10,0.0214,5.2984,6.2028,0.0336,-0.1616,0.0462
1,positive_training,ALL_CONDITIONS,phq_8,PHQ8,full,StandardScaler,Lasso,188,48,10,0.0252,5.2186,6.12,0.0432,-0.1308,0.0558
1,positive_training,ALL_CONDITIONS,phq_8,PHQ8,full,StandardScaler,ElasticNet,188,48,10,0.0235,5.2312,6.1407,0.0395,-0.1384,0.0663
1,positive_training,ALL_CONDITIONS,phq_8,PHQ8,full,StandardScaler,SVR,188,48,10,0.0209,5.2004,6.0641,0.0418,-0.1102,0.107
1,positive_training,ALL_CONDITIONS,phq_8,PHQ8,full,StandardScaler,KNN,188,48,10,0.0818,5.2431,6.1112,0.1108,-0.1275,0.1388
1,positive_training,ALL_CONDITIONS,phq_8,PHQ8,full,StandardScaler,RF,188,48,10,-0.0036,5.4936,6.3662,-0.005,-0.2236,0.0452
1,positive_training,ALL_CONDITIONS,phq_8,PHQ8,full,StandardScaler,ET,188,48,10,-0.0016,5.3098,6.2867,-0.0023,-0.1932,0.0339
1,positive_training,ALL_CONDITIONS,phq_8,PHQ8,full,StandardScaler,GB,188,48,10,0.0016,5.567,6.5697,0.0021,-0.303,0.052
1,positive_training,ALL_CONDITIONS,phq_8,PHQ8,full,StandardScaler,XGB,188,48,10,-0.0094,5.6454,6.5667,-0.012,-0.3019,0.0584
1,positive_training,ALL_CONDITIONS,phq_8,PHQ8,full,StandardScaler,MLP,188,48,10,-0.0003,5.4382,6.4007,-0.0004,-0.2369,0.036
1,positive_training,ALL_CONDITIONS,phq_8,PHQ8,full,StandardScaler,LGBM,188,48,10,-0.0239,5.7887,6.8119,-0.0276,-0.4009,-0.0178
1,positive_training,ALL_CONDITIONS,phq_8,PHQ8,full,StandardScaler,CatBoost,188,48,10,-0.0103,5.5249,6.5827,-0.0128,-0.3082,0.0583
1,positive_training,ALL_CONDITIONS,phq_8,PHQ8,full,MinMaxScaler,Ridge,188,48,10,0.02,5.0948,5.9764,0.0476,-0.0783,0.058
1,positive_training,ALL_CONDITIONS,phq_8,PHQ8,full,MinMaxScaler,Lasso,188,48,10,0.0146,5.0822,5.9581,0.0371,-0.0717,0.0427
1,positive_training,ALL_CONDITIONS,phq_8,PHQ8,full,MinMaxScaler,ElasticNet,188,48,10,0.0139,5.0262,5.9389,0.0422,-0.0648,0.0661
1,positive_training,ALL_CONDITIONS,phq_8,PHQ8,full,MinMaxScaler,SVR,188,48,10,0.0463,5.23,6.1916,0.0808,-0.1574,0.1259
1,positive_training,ALL_CONDITIONS,phq_8,PHQ8,full,MinMaxScaler,KNN,188,48,10,0.1057,5.2014,6.7094,0.1127,-0.3591,0.1905
1,positive_training,ALL_CONDITIONS,phq_8,PHQ8,full,MinMaxScaler,RF,188,48,10,-0.0371,5.5529,6.5247,-0.0495,-0.2853,-0.0068
1,positive_training,ALL_CONDITIONS,phq_8,PHQ8,full,MinMaxScaler,ET,188,48,10,-0.0275,5.3239,6.4262,-0.0384,-0.2467,0.0976
1,positive_training,ALL_CONDITIONS,phq_8,PHQ8,full,MinMaxScaler,GB,188,48,10,-0.0374,5.612,6.6484,-0.047,-0.3345,0.0023
1,positive_training,ALL_CONDITIONS,phq_8,PHQ8,full,MinMaxScaler,XGB,188,48,10,-0.0257,5.6368,6.7701,-0.0301,-0.3838,-0.015
1,positive_training,ALL_CONDITIONS,phq_8,PHQ8,full,MinMaxScaler,MLP,188,48,10,0.055,5.0711,6.0187,0.0997,-0.0936,0.1578
1,positive_training,ALL_CONDITIONS,phq_8,PHQ8,full,MinMaxScaler,LGBM,188,48,10,-0.073,5.7419,6.9275,-0.0839,-0.4488,-0.0619
1,positive_training,ALL_CONDITIONS,phq_8,PHQ8,full,MinMaxScaler,CatBoost,188,48,10,-0.0309,5.5742,6.6105,-0.0399,-0.3193,0.0219
1,positive_training,ALL_CONDITIONS,phq_8,PHQ8,full,RobustScaler,Ridge,188,48,5,-0.0098,5.072,6.0503,-0.0245,-0.1051,0.0499
1,positive_training,ALL_CONDITIONS,phq_8,PHQ8,full,RobustScaler,Lasso,188,48,5,0.0175,5.1009,6.0532,0.0351,-0.1062,0.0761
1,positive_training,ALL_CONDITIONS,phq_8,PHQ8,full,RobustScaler,ElasticNet,188,48,5,0.0148,5.1085,6.066,0.0293,-0.1109,0.0708
1,positive_training,ALL_CONDITIONS,phq_8,PHQ8,full,RobustScaler,SVR,188,48,5,-0.0591,5.7808,6.5334,-0.0833,-0.2887,-0.0927
1,positive_training,ALL_CONDITIONS,phq_8,PHQ8,full,RobustScaler,KNN,188,48,5,-0.0405,5.6042,6.5253,-0.055,-0.2855,-0.0046
1,positive_training,ALL_CONDITIONS,phq_8,PHQ8,full,RobustScaler,RF,188,48,5,-0.0237,5.4078,6.3825,-0.0333,-0.2298,0.0097
1,positive_training,ALL_CONDITIONS,phq_8,PHQ8,full,RobustScaler,ET,188,48,5,0.0979,5.0339,5.9934,0.1426,-0.0845,0.1727
1,positive_training,ALL_CONDITIONS,phq_8,PHQ8,full,RobustScaler,GB,188,48,5,0.0968,5.1485,6.0911,0.1276,-0.1201,0.1446
1,positive_training,ALL_CONDITIONS,phq_8,PHQ8,full,RobustScaler,XGB,188,48,5,0.1107,5.1848,6.0919,0.1427,-0.1204,0.1713
1,positive_training,ALL_CONDITIONS,phq_8,PHQ8,full,RobustScaler,MLP,188,48,5,-0.0076,5.9802,6.7216,-0.0089,-0.364,0.0361
1,positive_training,ALL_CONDITIONS,phq_8,PHQ8,full,RobustScaler,LGBM,188,48,5,-0.0278,5.8455,6.741,-0.0328,-0.3719,-0.0317
1,positive_training,ALL_CONDITIONS,phq_8,PHQ8,full,RobustScaler,CatBoost,188,48,5,-0.016,5.3881,6.3444,-0.0231,-0.2152,0.0091
2,positive_training,ALL_CONDITIONS,phq_8,PHQ8,full,StandardScaler,Ridge,189,47,5,0.0636,4.7282,6.0633,0.1159,-0.1137,0.1212
2,positive_training,ALL_CONDITIONS,phq_8,PHQ8,full,StandardScaler,Lasso,189,47,5,0.082,4.8327,6.2531,0.1191,-0.1845,0.122
2,positive_training,ALL_CONDITIONS,phq_8,PHQ8,full,StandardScaler,ElasticNet,189,47,5,0.0482,4.6812,5.9648,0.1161,-0.0778,0.1172
2,positive_training,ALL_CONDITIONS,phq_8,PHQ8,full,StandardScaler,SVR,189,47,5,-0.0291,5.9244,7.2968,-0.0342,-0.6129,0.0141
2,positive_training,ALL_CONDITIONS,phq_8,PHQ8,full,StandardScaler,KNN,189,47,5,0.0492,5.1868,6.3305,0.0732,-0.214,0.0768
2,positive_training,ALL_CONDITIONS,phq_8,PHQ8,full,StandardScaler,RF,189,47,5,0.0035,5.2662,6.4733,0.0051,-0.2694,0.0368
2,positive_training,ALL_CONDITIONS,phq_8,PHQ8,full,StandardScaler,ET,189,47,5,-0.0376,5.3417,6.5924,-0.0543,-0.3166,-0.0296
2,positive_training,ALL_CONDITIONS,phq_8,PHQ8,full,StandardScaler,GB,189,47,5,-0.0574,5.5715,6.9213,-0.075,-0.4512,0.004
2,positive_training,ALL_CONDITIONS,phq_8,PHQ8,full,StandardScaler,XGB,189,47,5,-0.038,5.8384,7.0638,-0.0453,-0.5116,0.0088
2,positive_training,ALL_CONDITIONS,phq_8,PHQ8,full,StandardScaler,MLP,189,47,5,0.0685,5.9484,7.3265,0.0742,-0.6261,0.0531
2,positive_training,ALL_CONDITIONS,phq_8,PHQ8,full,StandardScaler,LGBM,189,47,5,-0.0322,5.7753,6.9761,-0.0389,-0.4743,0.0001
2,positive_training,ALL_CONDITIONS,phq_8,PHQ8,full,StandardScaler,CatBoost,189,47,5,-0.0512,5.8065,7.0078,-0.0661,-0.4877,-0.035
2,positive_training,ALL_CONDITIONS,phq_8,PHQ8,full,MinMaxScaler,Ridge,189,47,5,0.1113,4.7565,6.1436,0.1611,-0.1434,0.1403
2,positive_training,ALL_CONDITIONS,phq_8,PHQ8,full,MinMaxScaler,Lasso,189,47,5,0.1117,4.8271,6.2237,0.1538,-0.1734,0.126
2,positive_training,ALL_CONDITIONS,phq_8,PHQ8,full,MinMaxScaler,ElasticNet,189,47,5,0.1071,4.7255,6.0958,0.1622,-0.1257,0.1405
2,positive_training,ALL_CONDITIONS,phq_8,PHQ8,full,MinMaxScaler,SVR,189,47,5,0.041,5.4924,6.7604,0.0503,-0.3845,0.0689
2,positive_training,ALL_CONDITIONS,phq_8,PHQ8,full,MinMaxScaler,KNN,189,47,5,0.0824,5.1324,6.2913,0.1093,-0.199,0.1393
2,positive_training,ALL_CONDITIONS,phq_8,PHQ8,full,MinMaxScaler,RF,189,47,5,0.0756,4.9268,6.1466,0.1123,-0.1445,0.1385
2,positive_training,ALL_CONDITIONS,phq_8,PHQ8,full,MinMaxScaler,ET,189,47,5,0.0953,4.8075,6.043,0.1411,-0.1063,0.1504
2,positive_training,ALL_CONDITIONS,phq_8,PHQ8,full,MinMaxScaler,GB,189,47,5,0.0888,5.1544,6.3992,0.1169,-0.2405,0.1776
2,positive_training,ALL_CONDITIONS,phq_8,PHQ8,full,MinMaxScaler,XGB,189,47,5,0.0662,5.316,6.4743,0.0862,-0.2698,0.154
2,positive_training,ALL_CONDITIONS,phq_8,PHQ8,full,MinMaxScaler,MLP,189,47,5,0.1243,4.7774,6.1809,0.167,-0.1573,0.1358
2,positive_training,ALL_CONDITIONS,phq_8,PHQ8,full,MinMaxScaler,LGBM,189,47,5,0.0633,5.0793,6.2649,0.0865,-0.189,0.1384
2,positive_training,ALL_CONDITIONS,phq_8,PHQ8,full,MinMaxScaler,CatBoost,189,47,5,-0.0227,5.0356,6.4287,-0.0347,-0.252,0.0497
2,positive_training,ALL_CONDITIONS,phq_8,PHQ8,full,RobustScaler,Ridge,189,47,5,0.0828,4.8529,6.2779,0.118,-0.1939,0.1286
2,positive_training,ALL_CONDITIONS,phq_8,PHQ8,full,RobustScaler,Lasso,189,47,5,0.0798,4.8217,6.2468,0.1164,-0.1821,0.126
2,positive_training,ALL_CONDITIONS,phq_8,PHQ8,full,RobustScaler,ElasticNet,189,47,5,0.08,4.8145,6.2396,0.1174,-0.1794,0.1278
2,positive_training,ALL_CONDITIONS,phq_8,PHQ8,full,RobustScaler,SVR,189,47,5,0.1202,5.4108,6.5088,0.1363,-0.2833,0.1788
2,positive_training,ALL_CONDITIONS,phq_8,PHQ8,full,RobustScaler,KNN,189,47,5,0.0621,5.2908,6.4222,0.0832,-0.2494,0.1243
2,positive_training,ALL_CONDITIONS,phq_8,PHQ8,full,RobustScaler,RF,189,47,5,0.0635,5.0979,6.3178,0.0831,-0.2091,0.131
2,positive_training,ALL_CONDITIONS,phq_8,PHQ8,full,RobustScaler,ET,189,47,5,-0.0265,5.2323,6.5759,-0.0355,-0.31,0.0095
2,positive_training,ALL_CONDITIONS,phq_8,PHQ8,full,RobustScaler,GB,189,47,5,0.0158,5.6087,6.6285,0.0194,-0.331,0.0716
2,positive_training,ALL_CONDITIONS,phq_8,PHQ8,full,RobustScaler,XGB,189,47,5,-0.0223,5.5864,6.7494,-0.0275,-0.38,0.0195
2,positive_training,ALL_CONDITIONS,phq_8,PHQ8,full,RobustScaler,MLP,189,47,5,0.054,5.6239,6.989,0.0602,-0.4797,0.0552
2,positive_training,ALL_CONDITIONS,phq_8,PHQ8,full,RobustScaler,LGBM,189,47,5,-0.0332,5.844,7.0192,-0.0385,-0.4925,0.0248
2,positive_training,ALL_CONDITIONS,phq_8,PHQ8,full,RobustScaler,CatBoost,189,47,5,0.0413,5.4445,6.6374,0.0485,-0.3346,0.0718
3,positive_training,ALL_CONDITIONS,phq_8,PHQ8,full,StandardScaler,Ridge,189,47,10,0.0176,5.2488,6.3214,0.0228,-0.2165,0.0746
3,positive_training,ALL_CONDITIONS,phq_8,PHQ8,full,StandardScaler,Lasso,189,47,10,-0.0354,5.7407,7.0469,-0.0386,-0.5117,0.0151
3,positive_training,ALL_CONDITIONS,phq_8,PHQ8,full,StandardScaler,ElasticNet,189,47,10,0.0282,5.0265,6.0467,0.0434,-0.1131,0.0647
3,positive_training,ALL_CONDITIONS,phq_8,PHQ8,full,StandardScaler,SVR,189,47,10,0.0173,4.8913,5.8299,0.043,-0.0347,0.0012
3,positive_training,ALL_CONDITIONS,phq_8,PHQ8,full,StandardScaler,KNN,189,47,10,0.0648,5.1574,6.2306,0.0797,-0.1818,0.1113
3,positive_training,ALL_CONDITIONS,phq_8,PHQ8,full,StandardScaler,RF,189,47,10,0.0732,5.0594,5.9717,0.1065,-0.0856,0.1244
3,positive_training,ALL_CONDITIONS,phq_8,PHQ8,full,StandardScaler,ET,189,47,10,0.1011,4.963,5.902,0.1412,-0.0605,0.149
3,positive_training,ALL_CONDITIONS,phq_8,PHQ8,full,StandardScaler,GB,189,47,10,0.1285,4.8619,5.8071,0.1814,-0.0266,0.1247
3,positive_training,ALL_CONDITIONS,phq_8,PHQ8,full,StandardScaler,XGB,189,47,10,0.1102,4.976,5.9461,0.1461,-0.0764,0.1192
3,positive_training,ALL_CONDITIONS,phq_8,PHQ8,full,StandardScaler,MLP,189,47,10,0.0046,5.597,6.8282,0.005,-0.4194,-0.0016
3,positive_training,ALL_CONDITIONS,phq_8,PHQ8,full,StandardScaler,LGBM,189,47,10,0.0972,5.1863,6.081,0.1227,-0.1257,0.0989
3,positive_training,ALL_CONDITIONS,phq_8,PHQ8,full,StandardScaler,CatBoost,189,47,10,0.071,4.9044,5.8785,0.1143,-0.052,0.1327
3,positive_training,ALL_CONDITIONS,phq_8,PHQ8,full,MinMaxScaler,Ridge,189,47,5,0.0222,5.1937,6.2583,0.0293,-0.1923,0.0752
3,positive_training,ALL_CONDITIONS,phq_8,PHQ8,full,MinMaxScaler,Lasso,189,47,5,0.0039,5.4506,6.6093,0.0046,-0.3298,0.0764
3,positive_training,ALL_CONDITIONS,phq_8,PHQ8,full,MinMaxScaler,ElasticNet,189,47,5,0.0278,5.0645,6.1145,0.04,-0.1382,0.0844
3,positive_training,ALL_CONDITIONS,phq_8,PHQ8,full,MinMaxScaler,SVR,189,47,5,-0.0151,5.0385,6.1336,-0.0239,-0.1453,0.0707
3,positive_training,ALL_CONDITIONS,phq_8,PHQ8,full,MinMaxScaler,KNN,189,47,5,0.1318,4.9905,5.7474,0.1937,-0.0056,0.2318
3,positive_training,ALL_CONDITIONS,phq_8,PHQ8,full,MinMaxScaler,RF,189,47,5,0.0905,4.8143,5.8588,0.1415,-0.045,0.1396
3,positive_training,ALL_CONDITIONS,phq_8,PHQ8,full,MinMaxScaler,ET,189,47,5,0.2124,4.5479,5.5227,0.2984,0.0715,0.3605
3,positive_training,ALL_CONDITIONS,phq_8,PHQ8,full,MinMaxScaler,GB,189,47,5,0.1991,4.7149,5.7732,0.2536,-0.0146,0.2343
3,positive_training,ALL_CONDITIONS,phq_8,PHQ8,full,MinMaxScaler,XGB,189,47,5,0.1037,4.9261,6.1309,0.1281,-0.1443,0.1164
3,positive_training,ALL_CONDITIONS,phq_8,PHQ8,full,MinMaxScaler,MLP,189,47,5,0.0455,4.9317,5.9353,0.0742,-0.0724,0.1025
3,positive_training,ALL_CONDITIONS,phq_8,PHQ8,full,MinMaxScaler,LGBM,189,47,5,0.1058,4.9702,6.1513,0.1303,-0.1519,0.1568
3,positive_training,ALL_CONDITIONS,phq_8,PHQ8,full,MinMaxScaler,CatBoost,189,47,5,0.0873,4.8316,5.8657,0.1359,-0.0474,0.1845
3,positive_training,ALL_CONDITIONS,phq_8,PHQ8,full,RobustScaler,Ridge,189,47,5,0.111,5.0891,5.9662,0.1484,-0.0836,0.1054
3,positive_training,ALL_CONDITIONS,phq_8,PHQ8,full,RobustScaler,Lasso,189,47,5,0.1248,5.2437,6.097,0.1522,-0.1317,0.1066
3,positive_training,ALL_CONDITIONS,phq_8,PHQ8,full,RobustScaler,ElasticNet,189,47,5,0.0946,4.9669,5.8646,0.1424,-0.0471,0.0926
3,positive_training,ALL_CONDITIONS,phq_8,PHQ8,full,RobustScaler,SVR,189,47,5,0.0182,4.8,5.7484,0.113,-0.0059,0.0758
3,positive_training,ALL_CONDITIONS,phq_8,PHQ8,full,RobustScaler,KNN,189,47,5,0.073,5.208,6.1169,0.0941,-0.1391,0.0772
3,positive_training,ALL_CONDITIONS,phq_8,PHQ8,full,RobustScaler,RF,189,47,5,0.0675,5.0013,5.9768,0.0971,-0.0875,0.0908
3,positive_training,ALL_CONDITIONS,phq_8,PHQ8,full,RobustScaler,ET,189,47,5,0.1845,4.8409,5.7762,0.233,-0.0157,0.1955
3,positive_training,ALL_CONDITIONS,phq_8,PHQ8,full,RobustScaler,GB,189,47,5,0.0475,5.3091,6.3855,0.0572,-0.2413,0.0644
3,positive_training,ALL_CONDITIONS,phq_8,PHQ8,full,RobustScaler,XGB,189,47,5,0.0921,5.1004,6.1284,0.1148,-0.1434,0.125
3,positive_training,ALL_CONDITIONS,phq_8,PHQ8,full,RobustScaler,MLP,189,47,5,0.1105,5.1033,6.0306,0.1391,-0.1072,0.0827
3,positive_training,ALL_CONDITIONS,phq_8,PHQ8,full,RobustScaler,LGBM,189,47,5,0.0333,5.5043,6.5647,0.0383,-0.3119,0.004
3,positive_training,ALL_CONDITIONS,phq_8,PHQ8,full,RobustScaler,CatBoost,189,47,5,0.0495,5.0646,6.0348,0.0713,-0.1087,0.0823
4,positive_training,ALL_CONDITIONS,phq_8,PHQ8,full,StandardScaler,Ridge,189,47,5,-0.0433,5.3292,6.4483,-0.0665,-0.2143,-0.0709
4,positive_training,ALL_CONDITIONS,phq_8,PHQ8,full,StandardScaler,Lasso,189,47,5,-0.0431,5.3239,6.4334,-0.067,-0.2087,-0.0645
4,positive_training,ALL_CONDITIONS,phq_8,PHQ8,full,StandardScaler,ElasticNet,189,47,5,-0.043,5.3221,6.4287,-0.0672,-0.2069,-0.0633
4,positive_training,ALL_CONDITIONS,phq_8,PHQ8,full,StandardScaler,SVR,189,47,5,-0.0318,5.2833,6.3218,-0.0509,-0.1671,-0.0281
4,positive_training,ALL_CONDITIONS,phq_8,PHQ8,full,StandardScaler,KNN,189,47,5,-0.0568,5.4563,6.6448,-0.0756,-0.2894,-0.0659
4,positive_training,ALL_CONDITIONS,phq_8,PHQ8,full,StandardScaler,RF,189,47,5,0.0507,5.1731,6.0629,0.0847,-0.0735,0.0986
4,positive_training,ALL_CONDITIONS,phq_8,PHQ8,full,StandardScaler,ET,189,47,5,-0.0221,5.3058,6.3251,-0.035,-0.1684,-0.0341
4,positive_training,ALL_CONDITIONS,phq_8,PHQ8,full,StandardScaler,GB,189,47,5,0.1742,4.7879,5.723,0.2585,0.0435,0.3126
4,positive_training,ALL_CONDITIONS,phq_8,PHQ8,full,StandardScaler,XGB,189,47,5,0.1328,5.0755,5.9309,0.1878,-0.0273,0.2172
4,positive_training,ALL_CONDITIONS,phq_8,PHQ8,full,StandardScaler,MLP,189,47,5,-0.0717,5.7804,6.8822,-0.0899,-0.3832,-0.0838
4,positive_training,ALL_CONDITIONS,phq_8,PHQ8,full,StandardScaler,LGBM,189,47,5,0.1299,4.9476,6.058,0.1782,-0.0718,0.193
4,positive_training,ALL_CONDITIONS,phq_8,PHQ8,full,StandardScaler,CatBoost,189,47,5,0.0628,5.0187,5.9814,0.109,-0.0448,0.1355
4,positive_training,ALL_CONDITIONS,phq_8,PHQ8,full,MinMaxScaler,Ridge,189,47,5,-0.0243,5.2936,6.3275,-0.0378,-0.1692,-0.0697
4,positive_training,ALL_CONDITIONS,phq_8,PHQ8,full,MinMaxScaler,Lasso,189,47,5,-0.026,5.2893,6.3102,-0.0414,-0.1628,-0.0761
4,positive_training,ALL_CONDITIONS,phq_8,PHQ8,full,MinMaxScaler,ElasticNet,189,47,5,-0.0317,5.2832,6.2818,-0.0531,-0.1524,-0.0753
4,positive_training,ALL_CONDITIONS,phq_8,PHQ8,full,MinMaxScaler,SVR,189,47,5,-0.0561,5.3413,6.3463,-0.0932,-0.1762,-0.0997
4,positive_training,ALL_CONDITIONS,phq_8,PHQ8,full,MinMaxScaler,KNN,189,47,5,-0.0233,5.4894,6.8501,-0.027,-0.3703,-0.0304
4,positive_training,ALL_CONDITIONS,phq_8,PHQ8,full,MinMaxScaler,RF,189,47,5,0.0074,5.1957,6.1338,0.0128,-0.0987,-0.0028
4,positive_training,ALL_CONDITIONS,phq_8,PHQ8,full,MinMaxScaler,ET,189,47,5,0.0309,5.2196,6.2022,0.0453,-0.1234,0.0299
4,positive_training,ALL_CONDITIONS,phq_8,PHQ8,full,MinMaxScaler,GB,189,47,5,0.1342,5.0857,5.9852,0.1806,-0.0462,0.1692
4,positive_training,ALL_CONDITIONS,phq_8,PHQ8,full,MinMaxScaler,XGB,189,47,5,0.1458,4.9829,5.8577,0.2093,-0.002,0.228
4,positive_training,ALL_CONDITIONS,phq_8,PHQ8,full,MinMaxScaler,MLP,189,47,5,-0.0244,5.3084,6.3282,-0.0382,-0.1695,-0.0308
4,positive_training,ALL_CONDITIONS,phq_8,PHQ8,full,MinMaxScaler,LGBM,189,47,5,0.0998,5.0483,5.9819,0.148,-0.045,0.1512
4,positive_training,ALL_CONDITIONS,phq_8,PHQ8,full,MinMaxScaler,CatBoost,189,47,5,0.0174,5.1727,6.1607,0.0285,-0.1084,0.028
4,positive_training,ALL_CONDITIONS,phq_8,PHQ8,full,RobustScaler,Ridge,189,47,10,-0.011,5.3732,6.4345,-0.0149,-0.2091,-0.0246
4,positive_training,ALL_CONDITIONS,phq_8,PHQ8,full,RobustScaler,Lasso,189,47,10,-0.0125,5.3579,6.4078,-0.0173,-0.1991,-0.0269
4,positive_training,ALL_CONDITIONS,phq_8,PHQ8,full,RobustScaler,ElasticNet,189,47,10,-0.0133,5.3524,6.3982,-0.0187,-0.1955,-0.0246
4,positive_training,ALL_CONDITIONS,phq_8,PHQ8,full,RobustScaler,SVR,189,47,10,-0.0243,5.2141,6.1593,-0.0471,-0.1079,-0.0393
4,positive_training,ALL_CONDITIONS,phq_8,PHQ8,full,RobustScaler,KNN,189,47,10,0.0683,5.3222,6.3201,0.0903,-0.1665,0.0884
4,positive_training,ALL_CONDITIONS,phq_8,PHQ8,full,RobustScaler,RF,189,47,10,0.1127,4.882,5.842,0.187,0.0033,0.2137
4,positive_training,ALL_CONDITIONS,phq_8,PHQ8,full,RobustScaler,ET,189,47,10,0.0885,4.9583,5.9703,0.1384,-0.041,0.1498
4,positive_training,ALL_CONDITIONS,phq_8,PHQ8,full,RobustScaler,GB,189,47,10,0.0959,5.078,5.9982,0.1431,-0.0507,0.1321
4,positive_training,ALL_CONDITIONS,phq_8,PHQ8,full,RobustScaler,XGB,189,47,10,0.1098,4.9808,5.9332,0.1709,-0.028,0.1596
4,positive_training,ALL_CONDITIONS,phq_8,PHQ8,full,RobustScaler,MLP,189,47,10,-0.0593,5.7442,6.8522,-0.0711,-0.3712,-0.1194
4,positive_training,ALL_CONDITIONS,phq_8,PHQ8,full,RobustScaler,LGBM,189,47,10,0.2075,4.5896,5.6414,0.2974,0.0706,0.2632
4,positive_training,ALL_CONDITIONS,phq_8,PHQ8,full,RobustScaler,CatBoost,189,47,10,0.1263,4.9024,5.9092,0.1877,-0.0197,0.2002
5,positive_training,ALL_CONDITIONS,phq_8,PHQ8,full,StandardScaler,Ridge,189,47,5,-0.0637,5.5545,6.5357,-0.1512,-0.1211,-0.1144
5,positive_training,ALL_CONDITIONS,phq_8,PHQ8,full,StandardScaler,Lasso,189,47,5,-0.0039,5.3567,6.2095,-0.0306,-0.012,0.0362
5,positive_training,ALL_CONDITIONS,phq_8,PHQ8,full,StandardScaler,ElasticNet,189,47,5,-0.0468,5.4842,6.422,-0.1403,-0.0824,-0.102
5,positive_training,ALL_CONDITIONS,phq_8,PHQ8,full,StandardScaler,SVR,189,47,5,-0.0994,5.8474,6.9943,-0.1417,-0.2839,-0.1008
5,positive_training,ALL_CONDITIONS,phq_8,PHQ8,full,StandardScaler,KNN,189,47,5,0.0196,5.2411,6.5965,0.0281,-0.142,0.0289
5,positive_training,ALL_CONDITIONS,phq_8,PHQ8,full,StandardScaler,RF,189,47,5,-0.0396,5.5788,6.6106,-0.0692,-0.1469,-0.073
5,positive_training,ALL_CONDITIONS,phq_8,PHQ8,full,StandardScaler,ET,189,47,5,0.0203,5.3908,6.4406,0.034,-0.0887,0.0302
5,positive_training,ALL_CONDITIONS,phq_8,PHQ8,full,StandardScaler,GB,189,47,5,0.0085,5.4671,6.6322,0.0121,-0.1544,0.0344
5,positive_training,ALL_CONDITIONS,phq_8,PHQ8,full,StandardScaler,XGB,189,47,5,-0.0566,5.5856,6.7765,-0.0867,-0.2052,-0.0715
5,positive_training,ALL_CONDITIONS,phq_8,PHQ8,full,StandardScaler,MLP,189,47,5,-0.1857,6.4399,7.6896,-0.2204,-0.5519,-0.2296
5,positive_training,ALL_CONDITIONS,phq_8,PHQ8,full,StandardScaler,LGBM,189,47,5,-0.1194,5.8923,7.1915,-0.1572,-0.3573,-0.1235
5,positive_training,ALL_CONDITIONS,phq_8,PHQ8,full,StandardScaler,CatBoost,189,47,5,-0.0449,5.543,6.6403,-0.0762,-0.1572,-0.0732
5,positive_training,ALL_CONDITIONS,phq_8,PHQ8,full,MinMaxScaler,Ridge,189,47,5,-0.0329,5.4113,6.3514,-0.1124,-0.0587,-0.0628
5,positive_training,ALL_CONDITIONS,phq_8,PHQ8,full,MinMaxScaler,Lasso,189,47,5,-0.0311,5.389,6.3314,-0.1182,-0.0521,-0.0412
5,positive_training,ALL_CONDITIONS,phq_8,PHQ8,full,MinMaxScaler,ElasticNet,189,47,5,-0.0234,5.3932,6.2909,-0.1072,-0.0387,-0.0664
5,positive_training,ALL_CONDITIONS,phq_8,PHQ8,full,MinMaxScaler,SVR,189,47,5,0.0036,5.4073,6.3748,0.0073,-0.0666,0.0005
5,positive_training,ALL_CONDITIONS,phq_8,PHQ8,full,MinMaxScaler,KNN,189,47,5,-0.098,5.9058,7.1344,-0.1292,-0.3359,-0.1
5,positive_training,ALL_CONDITIONS,phq_8,PHQ8,full,MinMaxScaler,RF,189,47,5,-0.0721,5.6484,6.7512,-0.1188,-0.1962,-0.1017
5,positive_training,ALL_CONDITIONS,phq_8,PHQ8,full,MinMaxScaler,ET,189,47,5,0.0156,5.3969,6.4308,0.0268,-0.0854,0.0115
5,positive_training,ALL_CONDITIONS,phq_8,PHQ8,full,MinMaxScaler,GB,189,47,5,0.0272,5.4564,6.6681,0.0366,-0.167,-0.0517
5,positive_training,ALL_CONDITIONS,phq_8,PHQ8,full,MinMaxScaler,XGB,189,47,5,-0.0333,5.7161,6.8162,-0.0463,-0.2194,-0.0812
5,positive_training,ALL_CONDITIONS,phq_8,PHQ8,full,MinMaxScaler,MLP,189,47,5,-0.0749,5.6709,6.8301,-0.1176,-0.2243,-0.0608
5,positive_training,ALL_CONDITIONS,phq_8,PHQ8,full,MinMaxScaler,LGBM,189,47,5,-0.1497,6.0931,7.2805,-0.1977,-0.3911,-0.1652
5,positive_training,ALL_CONDITIONS,phq_8,PHQ8,full,MinMaxScaler,CatBoost,189,47,5,-0.0978,5.7973,6.9114,-0.1482,-0.2537,-0.1446
5,positive_training,ALL_CONDITIONS,phq_8,PHQ8,full,RobustScaler,Ridge,189,47,5,-0.0716,5.5426,6.5683,-0.1651,-0.1323,-0.0692
5,positive_training,ALL_CONDITIONS,phq_8,PHQ8,full,RobustScaler,Lasso,189,47,5,-0.0885,5.766,6.8855,-0.1367,-0.2443,-0.0785
5,positive_training,ALL_CONDITIONS,phq_8,PHQ8,full,RobustScaler,ElasticNet,189,47,5,-0.0546,5.493,6.4424,-0.1651,-0.0893,-0.0693
5,positive_training,ALL_CONDITIONS,phq_8,PHQ8,full,RobustScaler,SVR,189,47,5,-0.1311,5.7951,6.9691,-0.2074,-0.2747,-0.2541
5,positive_training,ALL_CONDITIONS,phq_8,PHQ8,full,RobustScaler,KNN,189,47,5,-0.1251,5.8389,7.1307,-0.1721,-0.3345,-0.1745
5,positive_training,ALL_CONDITIONS,phq_8,PHQ8,full,RobustScaler,RF,189,47,5,-0.058,5.6252,6.7477,-0.0912,-0.195,-0.1005
5,positive_training,ALL_CONDITIONS,phq_8,PHQ8,full,RobustScaler,ET,189,47,5,-0.093,5.5157,6.7885,-0.1576,-0.2095,-0.161
5,positive_training,ALL_CONDITIONS,phq_8,PHQ8,full,RobustScaler,GB,189,47,5,-0.002,5.6402,6.7437,-0.0027,-0.1935,0.0088
5,positive_training,ALL_CONDITIONS,phq_8,PHQ8,full,RobustScaler,XGB,189,47,5,-0.0638,5.7042,6.871,-0.092,-0.239,-0.0561
5,positive_training,ALL_CONDITIONS,phq_8,PHQ8,full,RobustScaler,MLP,189,47,5,-0.1454,6.1167,7.3229,-0.1881,-0.4074,-0.1919
5,positive_training,ALL_CONDITIONS,phq_8,PHQ8,full,RobustScaler,LGBM,189,47,5,-0.1346,5.8958,7.2512,-0.1772,-0.38,-0.1801
5,positive_training,ALL_CONDITIONS,phq_8,PHQ8,full,RobustScaler,CatBoost,189,47,5,-0.0602,5.5809,6.7141,-0.0987,-0.1831,-0.0985
1,positive_training,ALL_CONDITIONS,ads.1,CES-D,full,StandardScaler,Ridge,188,47,5,-0.0278,10.8329,13.6506,-0.0367,-0.2441,0.0412
1,positive_training,ALL_CONDITIONS,ads.1,CES-D,full,StandardScaler,Lasso,188,47,5,-0.0287,10.824,13.6436,-0.038,-0.2428,0.0363
1,positive_training,ALL_CONDITIONS,ads.1,CES-D,full,StandardScaler,ElasticNet,188,47,5,-0.0301,10.809,13.6333,-0.0402,-0.241,0.0368
1,positive_training,ALL_CONDITIONS,ads.1,CES-D,full,StandardScaler,SVR,188,47,5,-0.0746,11.8166,14.7269,-0.0859,-0.448,-0.0939
1,positive_training,ALL_CONDITIONS,ads.1,CES-D,full,StandardScaler,KNN,188,47,5,-0.0714,11.1738,13.9822,-0.0947,-0.3053,-0.1069
1,positive_training,ALL_CONDITIONS,ads.1,CES-D,full,StandardScaler,RF,188,47,5,-0.1199,11.4593,14.3656,-0.1538,-0.3779,-0.1888
1,positive_training,ALL_CONDITIONS,ads.1,CES-D,full,StandardScaler,ET,188,47,5,-0.1232,11.9664,14.6889,-0.1487,-0.4406,-0.1415
1,positive_training,ALL_CONDITIONS,ads.1,CES-D,full,StandardScaler,GB,188,47,5,-0.0415,12.587,15.8721,-0.043,-0.682,-0.0381
1,positive_training,ALL_CONDITIONS,ads.1,CES-D,full,StandardScaler,XGB,188,47,5,-0.0802,13.0179,16.3293,-0.0825,-0.7803,-0.0881
1,positive_training,ALL_CONDITIONS,ads.1,CES-D,full,StandardScaler,MLP,188,47,5,-0.0452,11.0545,14.1573,-0.0547,-0.3382,-0.0263
1,positive_training,ALL_CONDITIONS,ads.1,CES-D,full,StandardScaler,LGBM,188,47,5,-0.1271,12.0628,15.1949,-0.1434,-0.5415,-0.1764
1,positive_training,ALL_CONDITIONS,ads.1,CES-D,full,StandardScaler,CatBoost,188,47,5,-0.1315,12.0381,15.0779,-0.151,-0.5179,-0.1785
1,positive_training,ALL_CONDITIONS,ads.1,CES-D,full,MinMaxScaler,Ridge,188,47,10,-0.0153,10.7557,13.6776,-0.0198,-0.249,0.0027
1,positive_training,ALL_CONDITIONS,ads.1,CES-D,full,MinMaxScaler,Lasso,188,47,10,-0.015,10.7387,13.6505,-0.0195,-0.2441,0.0016
1,positive_training,ALL_CONDITIONS,ads.1,CES-D,full,MinMaxScaler,ElasticNet,188,47,10,-0.0033,10.4673,13.307,-0.0047,-0.1823,-0.0032
1,positive_training,ALL_CONDITIONS,ads.1,CES-D,full,MinMaxScaler,SVR,188,47,10,-0.075,11.6971,14.4596,-0.0907,-0.3959,-0.0614
1,positive_training,ALL_CONDITIONS,ads.1,CES-D,full,MinMaxScaler,KNN,188,47,10,0.0062,10.5957,13.5831,0.0079,-0.2318,-0.0407
1,positive_training,ALL_CONDITIONS,ads.1,CES-D,full,MinMaxScaler,RF,188,47,10,-0.1204,11.3747,14.2306,-0.1604,-0.3521,-0.1767
1,positive_training,ALL_CONDITIONS,ads.1,CES-D,full,MinMaxScaler,ET,188,47,10,-0.1018,11.3094,14.1773,-0.1342,-0.342,-0.1872
1,positive_training,ALL_CONDITIONS,ads.1,CES-D,full,MinMaxScaler,GB,188,47,10,-0.0971,12.0859,15.047,-0.1088,-0.5117,-0.1589
1,positive_training,ALL_CONDITIONS,ads.1,CES-D,full,MinMaxScaler,XGB,188,47,10,-0.1206,12.0423,15.084,-0.1372,-0.5191,-0.1519
1,positive_training,ALL_CONDITIONS,ads.1,CES-D,full,MinMaxScaler,MLP,188,47,10,0.0438,9.4079,12.2247,0.11,0.0022,0.072
1,positive_training,ALL_CONDITIONS,ads.1,CES-D,full,MinMaxScaler,LGBM,188,47,10,-0.1111,12.4186,15.1981,-0.1241,-0.5422,-0.1762
1,positive_training,ALL_CONDITIONS,ads.1,CES-D,full,MinMaxScaler,CatBoost,188,47,10,-0.141,11.5894,14.68,-0.1741,-0.4388,-0.2233
1,positive_training,ALL_CONDITIONS,ads.1,CES-D,full,RobustScaler,Ridge,188,47,10,0.0635,10.3478,12.9616,0.0858,-0.1217,0.0696
1,positive_training,ALL_CONDITIONS,ads.1,CES-D,full,RobustScaler,Lasso,188,47,10,0.0621,10.3565,12.9797,0.0838,-0.1248,0.0615
1,positive_training,ALL_CONDITIONS,ads.1,CES-D,full,RobustScaler,ElasticNet,188,47,10,0.0635,10.3355,12.9478,0.0862,-0.1193,0.0819
1,positive_training,ALL_CONDITIONS,ads.1,CES-D,full,RobustScaler,SVR,188,47,10,-0.0533,10.3102,13.1004,-0.0982,-0.1458,-0.0848
1,positive_training,ALL_CONDITIONS,ads.1,CES-D,full,RobustScaler,KNN,188,47,10,-0.0473,11.3471,14.079,-0.0587,-0.3234,-0.0212
1,positive_training,ALL_CONDITIONS,ads.1,CES-D,full,RobustScaler,RF,188,47,10,-0.0643,10.8758,13.6591,-0.0911,-0.2457,-0.115
1,positive_training,ALL_CONDITIONS,ads.1,CES-D,full,RobustScaler,ET,188,47,10,-0.0356,10.9417,13.583,-0.0488,-0.2318,-0.0725
1,positive_training,ALL_CONDITIONS,ads.1,CES-D,full,RobustScaler,GB,188,47,10,-0.0846,11.0238,14.1339,-0.1093,-0.3338,-0.1246
1,positive_training,ALL_CONDITIONS,ads.1,CES-D,full,RobustScaler,XGB,188,47,10,-0.0738,11.2029,14.3492,-0.0899,-0.3747,-0.1024
1,positive_training,ALL_CONDITIONS,ads.1,CES-D,full,RobustScaler,MLP,188,47,10,0.0306,10.8349,13.5954,0.0386,-0.2341,-0.1038
1,positive_training,ALL_CONDITIONS,ads.1,CES-D,full,RobustScaler,LGBM,188,47,10,-0.1163,11.8244,14.688,-0.1397,-0.4404,-0.1601
1,positive_training,ALL_CONDITIONS,ads.1,CES-D,full,RobustScaler,CatBoost,188,47,10,-0.1061,11.089,14.0872,-0.1436,-0.325,-0.1545
2,positive_training,ALL_CONDITIONS,ads.1,CES-D,full,StandardScaler,Ridge,188,47,15,0.1588,9.2246,11.562,0.2235,-0.0171,0.2847
2,positive_training,ALL_CONDITIONS,ads.1,CES-D,full,StandardScaler,Lasso,188,47,15,0.1892,8.9297,10.8935,0.3609,0.0971,0.3398
2,positive_training,ALL_CONDITIONS,ads.1,CES-D,full,StandardScaler,ElasticNet,188,47,15,0.1473,9.1276,11.2338,0.2573,0.0398,0.2891
2,positive_training,ALL_CONDITIONS,ads.1,CES-D,full,StandardScaler,SVR,188,47,15,0.1159,8.8712,11.2266,0.2747,0.0411,0.236
2,positive_training,ALL_CONDITIONS,ads.1,CES-D,full,StandardScaler,KNN,188,47,15,0.0949,9.8247,11.8413,0.1367,-0.0668,0.1324
2,positive_training,ALL_CONDITIONS,ads.1,CES-D,full,StandardScaler,RF,188,47,15,0.1196,9.3318,11.5288,0.1918,-0.0112,0.2069
2,positive_training,ALL_CONDITIONS,ads.1,CES-D,full,StandardScaler,ET,188,47,15,0.1535,9.1257,11.3916,0.2443,0.0127,0.2229
2,positive_training,ALL_CONDITIONS,ads.1,CES-D,full,StandardScaler,GB,188,47,15,0.2496,9.4166,11.5652,0.291,-0.0176,0.2582
2,positive_training,ALL_CONDITIONS,ads.1,CES-D,full,StandardScaler,XGB,188,47,15,0.2298,9.3857,11.3875,0.288,0.0134,0.2792
2,positive_training,ALL_CONDITIONS,ads.1,CES-D,full,StandardScaler,MLP,188,47,15,0.1719,10.7633,13.4432,0.1956,-0.375,0.1898
2,positive_training,ALL_CONDITIONS,ads.1,CES-D,full,StandardScaler,LGBM,188,47,15,0.3054,9.5046,11.357,0.354,0.0187,0.3471
2,positive_training,ALL_CONDITIONS,ads.1,CES-D,full,StandardScaler,CatBoost,188,47,15,0.1155,9.6959,11.8989,0.1689,-0.0772,0.1935
2,positive_training,ALL_CONDITIONS,ads.1,CES-D,full,MinMaxScaler,Ridge,188,47,10,0.2259,9.1506,11.4118,0.2896,0.0092,0.3176
2,positive_training,ALL_CONDITIONS,ads.1,CES-D,full,MinMaxScaler,Lasso,188,47,10,0.2438,8.8537,10.8437,0.3738,0.1054,0.3356
2,positive_training,ALL_CONDITIONS,ads.1,CES-D,full,MinMaxScaler,ElasticNet,188,47,10,0.2265,9.1391,11.3874,0.2921,0.0134,0.3208
2,positive_training,ALL_CONDITIONS,ads.1,CES-D,full,MinMaxScaler,SVR,188,47,10,0.2618,9.3975,11.694,0.3175,-0.0404,0.2703
2,positive_training,ALL_CONDITIONS,ads.1,CES-D,full,MinMaxScaler,KNN,188,47,10,0.0952,9.2914,11.7832,0.1449,-0.0564,0.2072
2,positive_training,ALL_CONDITIONS,ads.1,CES-D,full,MinMaxScaler,RF,188,47,10,0.0602,9.5469,11.9769,0.0955,-0.0914,0.1302
2,positive_training,ALL_CONDITIONS,ads.1,CES-D,full,MinMaxScaler,ET,188,47,10,0.1529,8.9826,11.4439,0.2322,0.0036,0.2442
2,positive_training,ALL_CONDITIONS,ads.1,CES-D,full,MinMaxScaler,GB,188,47,10,0.1271,9.724,12.2251,0.1563,-0.1371,0.1567
2,positive_training,ALL_CONDITIONS,ads.1,CES-D,full,MinMaxScaler,XGB,188,47,10,0.0969,9.8965,12.5346,0.1211,-0.1954,0.1228
2,positive_training,ALL_CONDITIONS,ads.1,CES-D,full,MinMaxScaler,MLP,188,47,10,0.077,9.1516,11.434,0.1619,0.0053,0.0989
2,positive_training,ALL_CONDITIONS,ads.1,CES-D,full,MinMaxScaler,LGBM,188,47,10,0.1543,9.9753,12.3881,0.1859,-0.1676,0.1979
2,positive_training,ALL_CONDITIONS,ads.1,CES-D,full,MinMaxScaler,CatBoost,188,47,10,0.075,9.7974,12.0768,0.1118,-0.1097,0.1695
2,positive_training,ALL_CONDITIONS,ads.1,CES-D,full,RobustScaler,Ridge,188,47,15,0.1572,9.0474,11.2337,0.2811,0.0399,0.2693
2,positive_training,ALL_CONDITIONS,ads.1,CES-D,full,RobustScaler,Lasso,188,47,15,0.1558,8.9985,11.026,0.3481,0.075,0.3087
2,positive_training,ALL_CONDITIONS,ads.1,CES-D,full,RobustScaler,ElasticNet,188,47,15,0.123,9.0728,11.2567,0.261,0.0359,0.2504
2,positive_training,ALL_CONDITIONS,ads.1,CES-D,full,RobustScaler,SVR,188,47,15,0.187,9.3065,11.9137,0.2634,-0.0799,0.2315
2,positive_training,ALL_CONDITIONS,ads.1,CES-D,full,RobustScaler,KNN,188,47,15,0.1005,9.6824,11.7228,0.1514,-0.0456,0.1672
2,positive_training,ALL_CONDITIONS,ads.1,CES-D,full,RobustScaler,RF,188,47,15,0.1417,9.3055,11.3934,0.2281,0.0124,0.2314
2,positive_training,ALL_CONDITIONS,ads.1,CES-D,full,RobustScaler,ET,188,47,15,0.1169,8.9568,11.4329,0.2077,0.0055,0.2701
2,positive_training,ALL_CONDITIONS,ads.1,CES-D,full,RobustScaler,GB,188,47,15,0.3429,8.9877,10.6828,0.4064,0.1317,0.3934
2,positive_training,ALL_CONDITIONS,ads.1,CES-D,full,RobustScaler,XGB,188,47,15,0.2478,9.2014,11.237,0.308,0.0393,0.3294
2,positive_training,ALL_CONDITIONS,ads.1,CES-D,full,RobustScaler,MLP,188,47,15,0.2276,9.6213,11.9393,0.2979,-0.0845,0.2347
2,positive_training,ALL_CONDITIONS,ads.1,CES-D,full,RobustScaler,LGBM,188,47,15,0.2891,9.6773,11.5364,0.3333,-0.0126,0.3186
2,positive_training,ALL_CONDITIONS,ads.1,CES-D,full,RobustScaler,CatBoost,188,47,15,0.1416,9.5311,11.633,0.2035,-0.0296,0.1966
3,positive_training,ALL_CONDITIONS,ads.1,CES-D,full,StandardScaler,Ridge,188,47,15,-0.0596,11.5503,13.4035,-0.0969,-0.186,-0.0636
3,positive_training,ALL_CONDITIONS,ads.1,CES-D,full,StandardScaler,Lasso,188,47,15,-0.0305,11.3712,13.0757,-0.0551,-0.1287,-0.0207
3,positive_training,ALL_CONDITIONS,ads.1,CES-D,full,StandardScaler,ElasticNet,188,47,15,-0.0248,11.3422,12.981,-0.0468,-0.1124,-0.0051
3,positive_training,ALL_CONDITIONS,ads.1,CES-D,full,StandardScaler,SVR,188,47,15,-0.0283,11.319,12.9859,-0.0535,-0.1133,-0.0848
3,positive_training,ALL_CONDITIONS,ads.1,CES-D,full,StandardScaler,KNN,188,47,15,-0.1426,12.9393,15.3723,-0.1672,-0.56,-0.1999
3,positive_training,ALL_CONDITIONS,ads.1,CES-D,full,StandardScaler,RF,188,47,15,-0.0362,12.202,14.1053,-0.0448,-0.3135,-0.0493
3,positive_training,ALL_CONDITIONS,ads.1,CES-D,full,StandardScaler,ET,188,47,15,-0.1271,12.7633,14.9703,-0.1494,-0.4795,-0.1677
3,positive_training,ALL_CONDITIONS,ads.1,CES-D,full,StandardScaler,GB,188,47,15,0.0215,13.0655,15.3359,0.0222,-0.5527,-0.0459
3,positive_training,ALL_CONDITIONS,ads.1,CES-D,full,StandardScaler,XGB,188,47,15,0.001,12.379,14.2368,0.0012,-0.3381,-0.0484
3,positive_training,ALL_CONDITIONS,ads.1,CES-D,full,StandardScaler,MLP,188,47,15,-0.0232,12.3376,15.3293,-0.0245,-0.5513,0.0352
3,positive_training,ALL_CONDITIONS,ads.1,CES-D,full,StandardScaler,LGBM,188,47,15,-0.0072,12.3698,14.3584,-0.0083,-0.361,-0.0021
3,positive_training,ALL_CONDITIONS,ads.1,CES-D,full,StandardScaler,CatBoost,188,47,15,-0.0648,12.6792,14.7568,-0.0741,-0.4376,-0.0606
3,positive_training,ALL_CONDITIONS,ads.1,CES-D,full,MinMaxScaler,Ridge,188,47,5,-0.0432,12.1283,14.0061,-0.0561,-0.2951,-0.0308
3,positive_training,ALL_CONDITIONS,ads.1,CES-D,full,MinMaxScaler,Lasso,188,47,5,-0.0427,12.0811,13.9464,-0.0563,-0.2841,-0.0266
3,positive_training,ALL_CONDITIONS,ads.1,CES-D,full,MinMaxScaler,ElasticNet,188,47,5,-0.0424,11.9828,13.8229,-0.0576,-0.2614,-0.0229
3,positive_training,ALL_CONDITIONS,ads.1,CES-D,full,MinMaxScaler,SVR,188,47,5,-0.0502,12.4906,14.432,-0.0599,-0.375,-0.025
3,positive_training,ALL_CONDITIONS,ads.1,CES-D,full,MinMaxScaler,KNN,188,47,5,-0.1178,12.3847,14.53,-0.1583,-0.3938,-0.1621
3,positive_training,ALL_CONDITIONS,ads.1,CES-D,full,MinMaxScaler,RF,188,47,5,0.0269,11.8069,13.4715,0.0354,-0.1981,0.0035
3,positive_training,ALL_CONDITIONS,ads.1,CES-D,full,MinMaxScaler,ET,188,47,5,-0.0327,12.0628,13.9518,-0.0428,-0.2851,-0.0632
3,positive_training,ALL_CONDITIONS,ads.1,CES-D,full,MinMaxScaler,GB,188,47,5,0.0943,11.6171,13.6652,0.1084,-0.2328,0.0551
3,positive_training,ALL_CONDITIONS,ads.1,CES-D,full,MinMaxScaler,XGB,188,47,5,0.0867,11.7515,14.051,0.0968,-0.3034,0.0493
3,positive_training,ALL_CONDITIONS,ads.1,CES-D,full,MinMaxScaler,MLP,188,47,5,-0.0489,11.6506,13.4601,-0.0751,-0.1961,-0.0218
3,positive_training,ALL_CONDITIONS,ads.1,CES-D,full,MinMaxScaler,LGBM,188,47,5,-0.0003,12.0446,14.1449,-0.0003,-0.3209,-0.0105
3,positive_training,ALL_CONDITIONS,ads.1,CES-D,full,MinMaxScaler,CatBoost,188,47,5,-0.0133,12.0348,13.8117,-0.0173,-0.2594,-0.0297
3,positive_training,ALL_CONDITIONS,ads.1,CES-D,full,RobustScaler,Ridge,188,47,15,-0.0962,11.6086,13.5644,-0.1622,-0.2147,-0.1343
3,positive_training,ALL_CONDITIONS,ads.1,CES-D,full,RobustScaler,Lasso,188,47,15,-0.0443,11.3077,12.9128,-0.102,-0.1008,-0.0612
3,positive_training,ALL_CONDITIONS,ads.1,CES-D,full,RobustScaler,ElasticNet,188,47,15,-0.0348,11.296,12.8604,-0.0795,-0.0919,-0.0649
3,positive_training,ALL_CONDITIONS,ads.1,CES-D,full,RobustScaler,SVR,188,47,15,-0.1288,12.4927,14.3682,-0.1707,-0.3629,-0.1833
3,positive_training,ALL_CONDITIONS,ads.1,CES-D,full,RobustScaler,KNN,188,47,15,-0.1006,12.1694,14.4931,-0.1287,-0.3867,-0.1861
3,positive_training,ALL_CONDITIONS,ads.1,CES-D,full,RobustScaler,RF,188,47,15,-0.0339,12.2155,14.2288,-0.0409,-0.3366,-0.0717
3,positive_training,ALL_CONDITIONS,ads.1,CES-D,full,RobustScaler,ET,188,47,15,-0.127,12.5658,15.016,-0.1484,-0.4886,-0.1556
3,positive_training,ALL_CONDITIONS,ads.1,CES-D,full,RobustScaler,GB,188,47,15,-0.0176,12.4307,14.5347,-0.0198,-0.3947,-0.0241
3,positive_training,ALL_CONDITIONS,ads.1,CES-D,full,RobustScaler,XGB,188,47,15,0.0036,12.3811,14.2774,0.0042,-0.3457,-0.0412
3,positive_training,ALL_CONDITIONS,ads.1,CES-D,full,RobustScaler,MLP,188,47,15,-0.1527,13.0504,15.9951,-0.1642,-0.689,-0.1304
3,positive_training,ALL_CONDITIONS,ads.1,CES-D,full,RobustScaler,LGBM,188,47,15,-0.0438,12.6366,14.5043,-0.0509,-0.3888,-0.0666
3,positive_training,ALL_CONDITIONS,ads.1,CES-D,full,RobustScaler,CatBoost,188,47,15,-0.0985,13.0666,15.0949,-0.1116,-0.5042,-0.1015
4,positive_training,ALL_CONDITIONS,ads.1,CES-D,full,StandardScaler,Ridge,188,47,5,0.0033,11.4603,13.1159,0.0079,-0.0437,0.0024
4,positive_training,ALL_CONDITIONS,ads.1,CES-D,full,StandardScaler,Lasso,188,47,5,0.0256,11.3815,13.114,0.0517,-0.0434,0.0556
4,positive_training,ALL_CONDITIONS,ads.1,CES-D,full,StandardScaler,ElasticNet,188,47,5,0.0001,11.4482,13.0595,0.0002,-0.0347,0.0048
4,positive_training,ALL_CONDITIONS,ads.1,CES-D,full,StandardScaler,SVR,188,47,5,0.0127,11.3182,13.205,0.0257,-0.0579,0.0145
4,positive_training,ALL_CONDITIONS,ads.1,CES-D,full,StandardScaler,KNN,188,47,5,-0.0543,12.082,14.4584,-0.0732,-0.2682,-0.1032
4,positive_training,ALL_CONDITIONS,ads.1,CES-D,full,StandardScaler,RF,188,47,5,-0.001,11.4366,13.3985,-0.0019,-0.0891,-0.0243
4,positive_training,ALL_CONDITIONS,ads.1,CES-D,full,StandardScaler,ET,188,47,5,0.0157,11.3951,13.4397,0.026,-0.0958,-0.0131
4,positive_training,ALL_CONDITIONS,ads.1,CES-D,full,StandardScaler,GB,188,47,5,0.1056,10.9755,13.2327,0.1453,-0.0623,0.1013
4,positive_training,ALL_CONDITIONS,ads.1,CES-D,full,StandardScaler,XGB,188,47,5,0.1052,10.7505,12.8997,0.1657,-0.0095,0.0949
4,positive_training,ALL_CONDITIONS,ads.1,CES-D,full,StandardScaler,MLP,188,47,5,0.0371,11.4146,13.5483,0.0545,-0.1136,0.028
4,positive_training,ALL_CONDITIONS,ads.1,CES-D,full,StandardScaler,LGBM,188,47,5,-0.0374,12.1154,14.1347,-0.0533,-0.2121,-0.0819
4,positive_training,ALL_CONDITIONS,ads.1,CES-D,full,StandardScaler,CatBoost,188,47,5,-0.0123,11.5015,13.5465,-0.0216,-0.1133,-0.0588
4,positive_training,ALL_CONDITIONS,ads.1,CES-D,full,MinMaxScaler,Ridge,188,47,5,0.0219,11.3711,12.8251,0.0786,0.0021,0.0674
4,positive_training,ALL_CONDITIONS,ads.1,CES-D,full,MinMaxScaler,Lasso,188,47,5,0.0339,11.3558,12.9264,0.0803,-0.0137,0.065
4,positive_training,ALL_CONDITIONS,ads.1,CES-D,full,MinMaxScaler,ElasticNet,188,47,5,0.0209,11.3722,12.8094,0.0822,0.0045,0.0691
4,positive_training,ALL_CONDITIONS,ads.1,CES-D,full,MinMaxScaler,SVR,188,47,5,0.042,11.2563,12.7899,0.1158,0.0076,0.0845
4,positive_training,ALL_CONDITIONS,ads.1,CES-D,full,MinMaxScaler,KNN,188,47,5,-0.0166,12.1705,13.672,-0.0273,-0.1341,-0.0509
4,positive_training,ALL_CONDITIONS,ads.1,CES-D,full,MinMaxScaler,RF,188,47,5,0.0069,11.7965,13.4536,0.0118,-0.0981,-0.0518
4,positive_training,ALL_CONDITIONS,ads.1,CES-D,full,MinMaxScaler,ET,188,47,5,0.0485,11.689,13.2351,0.0792,-0.0627,0.0614
4,positive_training,ALL_CONDITIONS,ads.1,CES-D,full,MinMaxScaler,GB,188,47,5,0.1691,10.7731,12.4852,0.2589,0.0543,0.2303
4,positive_training,ALL_CONDITIONS,ads.1,CES-D,full,MinMaxScaler,XGB,188,47,5,0.1138,11.1715,12.8409,0.1795,-0.0004,0.1911
4,positive_training,ALL_CONDITIONS,ads.1,CES-D,full,MinMaxScaler,MLP,188,47,5,-0.0013,11.6774,13.0666,-0.0037,-0.0358,0.0335
4,positive_training,ALL_CONDITIONS,ads.1,CES-D,full,MinMaxScaler,LGBM,188,47,5,-0.0246,12.1073,14.1408,-0.034,-0.2132,-0.0452
4,positive_training,ALL_CONDITIONS,ads.1,CES-D,full,MinMaxScaler,CatBoost,188,47,5,0.0393,11.5674,13.2942,0.0646,-0.0722,0.0346
4,positive_training,ALL_CONDITIONS,ads.1,CES-D,full,RobustScaler,Ridge,188,47,5,-0.0055,11.4898,13.1126,-0.0148,-0.0431,-0.0152
4,positive_training,ALL_CONDITIONS,ads.1,CES-D,full,RobustScaler,Lasso,188,47,5,0.0253,11.3828,13.1152,0.051,-0.0436,0.0556
4,positive_training,ALL_CONDITIONS,ads.1,CES-D,full,RobustScaler,ElasticNet,188,47,5,0.0107,11.4445,13.1466,0.0232,-0.0486,0.0126
4,positive_training,ALL_CONDITIONS,ads.1,CES-D,full,RobustScaler,SVR,188,47,5,-0.0048,11.6024,13.8456,-0.0071,-0.163,-0.0292
4,positive_training,ALL_CONDITIONS,ads.1,CES-D,full,RobustScaler,KNN,188,47,5,-0.0702,12.15,14.5363,-0.0947,-0.282,-0.1415
4,positive_training,ALL_CONDITIONS,ads.1,CES-D,full,RobustScaler,RF,188,47,5,-0.001,11.4366,13.3985,-0.0019,-0.0891,-0.0243
4,positive_training,ALL_CONDITIONS,ads.1,CES-D,full,RobustScaler,ET,188,47,5,0.0157,11.3951,13.4397,0.026,-0.0958,-0.0131
4,positive_training,ALL_CONDITIONS,ads.1,CES-D,full,RobustScaler,GB,188,47,5,0.1056,10.9755,13.2327,0.1453,-0.0623,0.1013
4,positive_training,ALL_CONDITIONS,ads.1,CES-D,full,RobustScaler,XGB,188,47,5,0.1052,10.7505,12.8997,0.1657,-0.0095,0.0949
4,positive_training,ALL_CONDITIONS,ads.1,CES-D,full,RobustScaler,MLP,188,47,5,0.0216,11.4822,13.4678,0.0344,-0.1004,-0.0229
4,positive_training,ALL_CONDITIONS,ads.1,CES-D,full,RobustScaler,LGBM,188,47,5,-0.0561,12.1515,14.3307,-0.078,-0.246,-0.0943
4,positive_training,ALL_CONDITIONS,ads.1,CES-D,full,RobustScaler,CatBoost,188,47,5,-0.0123,11.5015,13.5465,-0.0216,-0.1133,-0.0588
5,positive_training,ALL_CONDITIONS,ads.1,CES-D,full,StandardScaler,Ridge,188,47,15,0.0492,10.7618,13.1195,0.0569,-0.2734,0.0754
5,positive_training,ALL_CONDITIONS,ads.1,CES-D,full,StandardScaler,Lasso,188,47,15,0.0596,10.678,12.907,0.0704,-0.2324,0.0857
5,positive_training,ALL_CONDITIONS,ads.1,CES-D,full,StandardScaler,ElasticNet,188,47,15,0.0536,10.6662,12.8858,0.0643,-0.2284,0.0787
5,positive_training,ALL_CONDITIONS,ads.1,CES-D,full,StandardScaler,SVR,188,47,15,-0.0621,11.7481,13.8536,-0.073,-0.4198,-0.0516
5,positive_training,ALL_CONDITIONS,ads.1,CES-D,full,StandardScaler,KNN,188,47,15,-0.0153,11.0324,12.6129,-0.0223,-0.1769,0.0305
5,positive_training,ALL_CONDITIONS,ads.1,CES-D,full,StandardScaler,RF,188,47,15,-0.0465,10.755,12.8236,-0.0672,-0.2166,-0.0325
5,positive_training,ALL_CONDITIONS,ads.1,CES-D,full,StandardScaler,ET,188,47,15,-0.1094,11.0498,13.1202,-0.1635,-0.2735,-0.0583
5,positive_training,ALL_CONDITIONS,ads.1,CES-D,full,StandardScaler,GB,188,47,15,-0.0369,10.9508,13.184,-0.0472,-0.2859,0.0146
5,positive_training,ALL_CONDITIONS,ads.1,CES-D,full,StandardScaler,XGB,188,47,15,-0.0093,10.9019,13.1625,-0.0114,-0.2817,0.0387
5,positive_training,ALL_CONDITIONS,ads.1,CES-D,full,StandardScaler,MLP,188,47,15,-0.1377,14.3612,21.5915,-0.1472,-2.4489,-0.1323
5,positive_training,ALL_CONDITIONS,ads.1,CES-D,full,StandardScaler,LGBM,188,47,15,0.0635,11.0934,13.901,0.0673,-0.4296,0.0722
5,positive_training,ALL_CONDITIONS,ads.1,CES-D,full,StandardScaler,CatBoost,188,47,15,-0.0693,10.7932,12.8778,-0.1035,-0.2269,-0.0378
5,positive_training,ALL_CONDITIONS,ads.1,CES-D,full,MinMaxScaler,Ridge,188,47,5,0.0944,10.1458,11.965,0.1363,-0.0591,0.1274
5,positive_training,ALL_CONDITIONS,ads.1,CES-D,full,MinMaxScaler,Lasso,188,47,5,0.1261,9.723,11.5531,0.1993,0.0126,0.1488
5,positive_training,ALL_CONDITIONS,ads.1,CES-D,full,MinMaxScaler,ElasticNet,188,47,5,0.0957,10.1306,11.9423,0.139,-0.0551,0.1274
5,positive_training,ALL_CONDITIONS,ads.1,CES-D,full,MinMaxScaler,SVR,188,47,5,0.0868,10.0453,11.8723,0.1327,-0.0428,0.1355
5,positive_training,ALL_CONDITIONS,ads.1,CES-D,full,MinMaxScaler,KNN,188,47,5,-0.0607,11.2108,12.9223,-0.0883,-0.2353,-0.0686
5,positive_training,ALL_CONDITIONS,ads.1,CES-D,full,MinMaxScaler,RF,188,47,5,0.0521,10.0994,12.0457,0.0811,-0.0734,0.1056
5,positive_training,ALL_CONDITIONS,ads.1,CES-D,full,MinMaxScaler,ET,188,47,5,-0.0175,10.7806,12.5693,-0.0262,-0.1688,0.0584
5,positive_training,ALL_CONDITIONS,ads.1,CES-D,full,MinMaxScaler,GB,188,47,5,0.0258,10.5757,12.9195,0.0321,-0.2348,0.0901
5,positive_training,ALL_CONDITIONS,ads.1,CES-D,full,MinMaxScaler,XGB,188,47,5,-0.0064,10.7386,13.2649,-0.0077,-0.3017,0.0413
5,positive_training,ALL_CONDITIONS,ads.1,CES-D,full,MinMaxScaler,MLP,188,47,5,0.1241,9.8112,11.6628,0.186,-0.0063,0.1349
5,positive_training,ALL_CONDITIONS,ads.1,CES-D,full,MinMaxScaler,LGBM,188,47,5,0.0073,10.7499,13.2582,0.0086,-0.3004,0.051
5,positive_training,ALL_CONDITIONS,ads.1,CES-D,full,MinMaxScaler,CatBoost,188,47,5,0.04,10.3518,12.3385,0.0565,-0.1263,0.0444
5,positive_training,ALL_CONDITIONS,ads.1,CES-D,full,RobustScaler,Ridge,188,47,10,0.1476,9.8493,11.734,0.2003,-0.0186,0.1625
5,positive_training,ALL_CONDITIONS,ads.1,CES-D,full,RobustScaler,Lasso,188,47,10,0.1446,9.8309,11.6816,0.2018,-0.0095,0.1661
5,positive_training,ALL_CONDITIONS,ads.1,CES-D,full,RobustScaler,ElasticNet,188,47,10,0.1469,9.8474,11.728,0.2001,-0.0176,0.1658
5,positive_training,ALL_CONDITIONS,ads.1,CES-D,full,RobustScaler,SVR,188,47,10,0.0111,11.093,13.4608,0.013,-0.3405,0.0486
5,positive_training,ALL_CONDITIONS,ads.1,CES-D,full,RobustScaler,KNN,188,47,10,0.0391,10.8633,12.4789,0.053,-0.152,0.1008
5,positive_training,ALL_CONDITIONS,ads.1,CES-D,full,RobustScaler,RF,188,47,10,0.0139,10.6222,12.6494,0.0187,-0.1837,0.0887
5,positive_training,ALL_CONDITIONS,ads.1,CES-D,full,RobustScaler,ET,188,47,10,-0.0101,10.7587,13.0118,-0.0128,-0.2525,0.0735
5,positive_training,ALL_CONDITIONS,ads.1,CES-D,full,RobustScaler,GB,188,47,10,0.0432,10.8305,12.815,0.0545,-0.2149,0.0862
5,positive_training,ALL_CONDITIONS,ads.1,CES-D,full,RobustScaler,XGB,188,47,10,0.0392,10.8316,12.8166,0.0498,-0.2152,0.0554
5,positive_training,ALL_CONDITIONS,ads.1,CES-D,full,RobustScaler,MLP,188,47,10,-0.1614,12.0435,15.4893,-0.1698,-0.7749,-0.0673
5,positive_training,ALL_CONDITIONS,ads.1,CES-D,full,RobustScaler,LGBM,188,47,10,0.0452,10.8042,12.9994,0.0536,-0.2501,0.0853
5,positive_training,ALL_CONDITIONS,ads.1,CES-D,full,RobustScaler,CatBoost,188,47,10,0.0179,10.6108,12.4082,0.0264,-0.139,0.0975
1,positive_training,ALL_CONDITIONS,HRSD_6.1,HRSD6,full,StandardScaler,Ridge,184,47,5,-0.1147,4.4391,5.1739,-0.2097,-0.2138,-0.1808
1,positive_training,ALL_CONDITIONS,HRSD_6.1,HRSD6,full,StandardScaler,Lasso,184,47,5,-0.1078,4.404,5.1412,-0.2038,-0.1985,-0.1761
1,positive_training,ALL_CONDITIONS,HRSD_6.1,HRSD6,full,StandardScaler,ElasticNet,184,47,5,-0.1062,4.3963,5.1346,-0.2022,-0.1954,-0.1731
1,positive_training,ALL_CONDITIONS,HRSD_6.1,HRSD6,full,StandardScaler,SVR,184,47,5,-0.2025,4.8467,5.7525,-0.2566,-0.5004,-0.2161
1,positive_training,ALL_CONDITIONS,HRSD_6.1,HRSD6,full,StandardScaler,KNN,184,47,5,-0.0795,4.409,5.286,-0.1121,-0.2669,-0.0772
1,positive_training,ALL_CONDITIONS,HRSD_6.1,HRSD6,full,StandardScaler,RF,184,47,5,-0.1451,4.6289,5.3992,-0.2133,-0.3218,-0.1626
1,positive_training,ALL_CONDITIONS,HRSD_6.1,HRSD6,full,StandardScaler,ET,184,47,5,-0.126,4.6095,5.3747,-0.1821,-0.3098,-0.1211
1,positive_training,ALL_CONDITIONS,HRSD_6.1,HRSD6,full,StandardScaler,GB,184,47,5,-0.192,4.7209,5.581,-0.2647,-0.4123,-0.2309
1,positive_training,ALL_CONDITIONS,HRSD_6.1,HRSD6,full,StandardScaler,XGB,184,47,5,-0.1734,4.6834,5.497,-0.248,-0.3701,-0.2165
1,positive_training,ALL_CONDITIONS,HRSD_6.1,HRSD6,full,StandardScaler,MLP,184,47,5,-0.1809,4.6362,5.4381,-0.2794,-0.3409,-0.2259
1,positive_training,ALL_CONDITIONS,HRSD_6.1,HRSD6,full,StandardScaler,LGBM,184,47,5,-0.2242,4.891,5.7854,-0.2851,-0.5176,-0.2851
1,positive_training,ALL_CONDITIONS,HRSD_6.1,HRSD6,full,StandardScaler,CatBoost,184,47,5,-0.1535,4.56,5.3433,-0.2473,-0.2946,-0.1954
1,positive_training,ALL_CONDITIONS,HRSD_6.1,HRSD6,full,MinMaxScaler,Ridge,184,47,5,-0.053,4.2571,4.9999,-0.1033,-0.1335,-0.0936
1,positive_training,ALL_CONDITIONS,HRSD_6.1,HRSD6,full,MinMaxScaler,Lasso,184,47,5,-0.0517,4.2371,4.9793,-0.1052,-0.1242,-0.0991
1,positive_training,ALL_CONDITIONS,HRSD_6.1,HRSD6,full,MinMaxScaler,ElasticNet,184,47,5,-0.0537,4.2306,4.9771,-0.1114,-0.1232,-0.1309
1,positive_training,ALL_CONDITIONS,HRSD_6.1,HRSD6,full,MinMaxScaler,SVR,184,47,5,-0.0814,4.3719,5.1613,-0.1354,-0.2079,-0.1674
1,positive_training,ALL_CONDITIONS,HRSD_6.1,HRSD6,full,MinMaxScaler,KNN,184,47,5,-0.1437,4.6336,5.5423,-0.1885,-0.3928,-0.1921
1,positive_training,ALL_CONDITIONS,HRSD_6.1,HRSD6,full,MinMaxScaler,RF,184,47,5,-0.1454,4.5684,5.383,-0.2236,-0.3139,-0.2199
1,positive_training,ALL_CONDITIONS,HRSD_6.1,HRSD6,full,MinMaxScaler,ET,184,47,5,-0.1192,4.4791,5.2646,-0.1935,-0.2567,-0.2065
1,positive_training,ALL_CONDITIONS,HRSD_6.1,HRSD6,full,MinMaxScaler,GB,184,47,5,-0.176,4.9459,5.7999,-0.2248,-0.5253,-0.1922
1,positive_training,ALL_CONDITIONS,HRSD_6.1,HRSD6,full,MinMaxScaler,XGB,184,47,5,-0.1944,4.8152,5.6294,-0.2695,-0.4369,-0.273
1,positive_training,ALL_CONDITIONS,HRSD_6.1,HRSD6,full,MinMaxScaler,MLP,184,47,5,-0.0677,4.3355,5.093,-0.117,-0.1761,-0.1565
1,positive_training,ALL_CONDITIONS,HRSD_6.1,HRSD6,full,MinMaxScaler,LGBM,184,47,5,-0.2483,4.8397,5.7287,-0.3481,-0.488,-0.3625
1,positive_training,ALL_CONDITIONS,HRSD_6.1,HRSD6,full,MinMaxScaler,CatBoost,184,47,5,-0.1957,4.7214,5.5049,-0.302,-0.3741,-0.3221
1,positive_training,ALL_CONDITIONS,HRSD_6.1,HRSD6,full,RobustScaler,Ridge,184,47,5,-0.0638,4.3093,5.044,-0.1192,-0.1536,-0.128
1,positive_training,ALL_CONDITIONS,HRSD_6.1,HRSD6,full,RobustScaler,Lasso,184,47,5,-0.0623,4.2977,5.0306,-0.119,-0.1475,-0.1142
1,positive_training,ALL_CONDITIONS,HRSD_6.1,HRSD6,full,RobustScaler,ElasticNet,184,47,5,-0.0621,4.2962,5.029,-0.1187,-0.1467,-0.112
1,positive_training,ALL_CONDITIONS,HRSD_6.1,HRSD6,full,RobustScaler,SVR,184,47,5,-0.1308,4.6583,5.3675,-0.1938,-0.3063,-0.2085
1,positive_training,ALL_CONDITIONS,HRSD_6.1,HRSD6,full,RobustScaler,KNN,184,47,5,0.0157,4.3404,5.1499,0.0204,-0.2026,-0.0556
1,positive_training,ALL_CONDITIONS,HRSD_6.1,HRSD6,full,RobustScaler,RF,184,47,5,-0.1761,4.64,5.4064,-0.2818,-0.3253,-0.2977
1,positive_training,ALL_CONDITIONS,HRSD_6.1,HRSD6,full,RobustScaler,ET,184,47,5,-0.1325,4.6193,5.4068,-0.189,-0.3255,-0.2049
1,positive_training,ALL_CONDITIONS,HRSD_6.1,HRSD6,full,RobustScaler,GB,184,47,5,-0.1911,4.6452,5.6085,-0.2576,-0.4262,-0.2455
1,positive_training,ALL_CONDITIONS,HRSD_6.1,HRSD6,full,RobustScaler,XGB,184,47,5,-0.1607,4.6449,5.5345,-0.2184,-0.3889,-0.2236
1,positive_training,ALL_CONDITIONS,HRSD_6.1,HRSD6,full,RobustScaler,MLP,184,47,5,-0.089,4.479,5.224,-0.137,-0.2374,-0.1665
1,positive_training,ALL_CONDITIONS,HRSD_6.1,HRSD6,full,RobustScaler,LGBM,184,47,5,-0.3092,5.1004,5.9646,-0.3991,-0.6131,-0.4118
1,positive_training,ALL_CONDITIONS,HRSD_6.1,HRSD6,full,RobustScaler,CatBoost,184,47,5,-0.1874,4.6853,5.4627,-0.294,-0.3531,-0.334
2,positive_training,ALL_CONDITIONS,HRSD_6.1,HRSD6,full,StandardScaler,Ridge,185,46,10,-0.0729,4.1104,5.0263,-0.156,-0.1477,-0.0892
2,positive_training,ALL_CONDITIONS,HRSD_6.1,HRSD6,full,StandardScaler,Lasso,185,46,10,-0.0606,4.1876,5.1278,-0.1003,-0.1945,-0.045
2,positive_training,ALL_CONDITIONS,HRSD_6.1,HRSD6,full,StandardScaler,ElasticNet,185,46,10,-0.038,4.0004,4.8522,-0.1214,-0.0695,-0.0731
2,positive_training,ALL_CONDITIONS,HRSD_6.1,HRSD6,full,StandardScaler,SVR,185,46,10,0.0058,4.3464,5.3347,0.0071,-0.2928,0.0598
2,positive_training,ALL_CONDITIONS,HRSD_6.1,HRSD6,full,StandardScaler,KNN,185,46,10,-0.026,4.2657,5.218,-0.0346,-0.2369,0.0288
2,positive_training,ALL_CONDITIONS,HRSD_6.1,HRSD6,full,StandardScaler,RF,185,46,10,-0.0141,4.2735,5.1311,-0.0196,-0.196,0.0196
2,positive_training,ALL_CONDITIONS,HRSD_6.1,HRSD6,full,StandardScaler,ET,185,46,10,-0.0702,4.3032,5.2775,-0.0978,-0.2652,-0.075
2,positive_training,ALL_CONDITIONS,HRSD_6.1,HRSD6,full,StandardScaler,GB,185,46,10,-0.1551,4.6268,5.7035,-0.1887,-0.4777,-0.1695
2,positive_training,ALL_CONDITIONS,HRSD_6.1,HRSD6,full,StandardScaler,XGB,185,46,10,-0.0633,4.3574,5.4014,-0.0806,-0.3254,-0.0575
2,positive_training,ALL_CONDITIONS,HRSD_6.1,HRSD6,full,StandardScaler,MLP,185,46,10,-0.2074,4.8448,6.1734,-0.2278,-0.7313,-0.0966
2,positive_training,ALL_CONDITIONS,HRSD_6.1,HRSD6,full,StandardScaler,LGBM,185,46,10,-0.0607,4.5809,5.4992,-0.0724,-0.3738,-0.0297
2,positive_training,ALL_CONDITIONS,HRSD_6.1,HRSD6,full,StandardScaler,CatBoost,185,46,10,-0.0228,4.2479,5.1414,-0.0323,-0.2008,-0.0093
2,positive_training,ALL_CONDITIONS,HRSD_6.1,HRSD6,full,MinMaxScaler,Ridge,185,46,10,-0.0952,4.3552,5.3441,-0.1364,-0.2974,-0.0834
2,positive_training,ALL_CONDITIONS,HRSD_6.1,HRSD6,full,MinMaxScaler,Lasso,185,46,10,-0.0761,4.2915,5.2273,-0.116,-0.2413,-0.081
2,positive_training,ALL_CONDITIONS,HRSD_6.1,HRSD6,full,MinMaxScaler,ElasticNet,185,46,10,-0.0673,4.197,5.0827,-0.1229,-0.1735,-0.0736
2,positive_training,ALL_CONDITIONS,HRSD_6.1,HRSD6,full,MinMaxScaler,SVR,185,46,10,-0.0639,4.229,5.1879,-0.1298,-0.2227,-0.0439
2,positive_training,ALL_CONDITIONS,HRSD_6.1,HRSD6,full,MinMaxScaler,KNN,185,46,10,0.0017,4.1957,5.1382,0.0023,-0.1993,0.0465
2,positive_training,ALL_CONDITIONS,HRSD_6.1,HRSD6,full,MinMaxScaler,RF,185,46,10,-0.0103,4.1865,5.0752,-0.015,-0.1701,0.0069
2,positive_training,ALL_CONDITIONS,HRSD_6.1,HRSD6,full,MinMaxScaler,ET,185,46,10,-0.0327,4.2011,5.1303,-0.0477,-0.1957,-0.0205
2,positive_training,ALL_CONDITIONS,HRSD_6.1,HRSD6,full,MinMaxScaler,GB,185,46,10,0.0525,4.2162,5.1806,0.0633,-0.2192,0.064
2,positive_training,ALL_CONDITIONS,HRSD_6.1,HRSD6,full,MinMaxScaler,XGB,185,46,10,-0.0156,4.2699,5.2976,-0.0194,-0.2749,-0.001
2,positive_training,ALL_CONDITIONS,HRSD_6.1,HRSD6,full,MinMaxScaler,MLP,185,46,10,-0.0862,4.2452,5.1272,-0.1584,-0.1942,-0.1269
2,positive_training,ALL_CONDITIONS,HRSD_6.1,HRSD6,full,MinMaxScaler,LGBM,185,46,10,-0.0364,4.4628,5.3875,-0.0445,-0.3186,0.0107
2,positive_training,ALL_CONDITIONS,HRSD_6.1,HRSD6,full,MinMaxScaler,CatBoost,185,46,10,-0.0083,4.2696,5.1134,-0.0115,-0.1878,0.0394
2,positive_training,ALL_CONDITIONS,HRSD_6.1,HRSD6,full,RobustScaler,Ridge,185,46,5,0.0147,4.0127,4.8765,0.0271,-0.0803,0.0538
2,positive_training,ALL_CONDITIONS,HRSD_6.1,HRSD6,full,RobustScaler,Lasso,185,46,5,0.0145,4.1011,4.9667,0.0231,-0.1206,0.0646
2,positive_training,ALL_CONDITIONS,HRSD_6.1,HRSD6,full,RobustScaler,ElasticNet,185,46,5,0.0131,4.1245,4.9912,0.0203,-0.1317,0.0602
2,positive_training,ALL_CONDITIONS,HRSD_6.1,HRSD6,full,RobustScaler,SVR,185,46,5,-0.0453,4.2289,5.1752,-0.0777,-0.2167,-0.0364
2,positive_training,ALL_CONDITIONS,HRSD_6.1,HRSD6,full,RobustScaler,KNN,185,46,5,-0.0181,4.2778,5.1133,-0.0267,-0.1877,-0.019
2,positive_training,ALL_CONDITIONS,HRSD_6.1,HRSD6,full,RobustScaler,RF,185,46,5,0.0416,4.1155,4.8711,0.0665,-0.0779,0.0533
2,positive_training,ALL_CONDITIONS,HRSD_6.1,HRSD6,full,RobustScaler,ET,185,46,5,0.0379,4.1411,4.9773,0.0543,-0.1254,0.0728
2,positive_training,ALL_CONDITIONS,HRSD_6.1,HRSD6,full,RobustScaler,GB,185,46,5,0.1302,4.1679,4.9963,0.155,-0.134,0.1802
2,positive_training,ALL_CONDITIONS,HRSD_6.1,HRSD6,full,RobustScaler,XGB,185,46,5,0.1915,4.0388,4.8514,0.223,-0.0692,0.1832
2,positive_training,ALL_CONDITIONS,HRSD_6.1,HRSD6,full,RobustScaler,MLP,185,46,5,-0.0654,4.2606,5.178,-0.1008,-0.218,0.0255
2,positive_training,ALL_CONDITIONS,HRSD_6.1,HRSD6,full,RobustScaler,LGBM,185,46,5,0.1384,4.081,4.8519,0.175,-0.0694,0.1765
2,positive_training,ALL_CONDITIONS,HRSD_6.1,HRSD6,full,RobustScaler,CatBoost,185,46,5,0.1173,3.9667,4.7631,0.1685,-0.0306,0.1541
3,positive_training,ALL_CONDITIONS,HRSD_6.1,HRSD6,full,StandardScaler,Ridge,185,46,10,0.0261,3.9384,4.4905,0.0583,-0.0554,0.0104
3,positive_training,ALL_CONDITIONS,HRSD_6.1,HRSD6,full,StandardScaler,Lasso,185,46,10,0.0056,3.9449,4.4591,0.0983,-0.0407,0.0505
3,positive_training,ALL_CONDITIONS,HRSD_6.1,HRSD6,full,StandardScaler,ElasticNet,185,46,10,0.0167,3.9135,4.4463,0.0651,-0.0348,0.0132
3,positive_training,ALL_CONDITIONS,HRSD_6.1,HRSD6,full,StandardScaler,SVR,185,46,10,0.0082,4.2298,4.8731,0.0102,-0.2429,0.0492
3,positive_training,ALL_CONDITIONS,HRSD_6.1,HRSD6,full,StandardScaler,KNN,185,46,10,0.0415,4.0193,4.7906,0.0543,-0.2012,0.0498
3,positive_training,ALL_CONDITIONS,HRSD_6.1,HRSD6,full,StandardScaler,RF,185,46,10,-0.0442,4.365,5.0301,-0.0596,-0.3243,-0.0402
3,positive_training,ALL_CONDITIONS,HRSD_6.1,HRSD6,full,StandardScaler,ET,185,46,10,0.0794,4.2091,4.8436,0.0992,-0.2279,0.046
3,positive_training,ALL_CONDITIONS,HRSD_6.1,HRSD6,full,StandardScaler,GB,185,46,10,-0.0919,4.4245,5.1939,-0.1149,-0.412,-0.0997
3,positive_training,ALL_CONDITIONS,HRSD_6.1,HRSD6,full,StandardScaler,XGB,185,46,10,-0.0944,4.4451,5.1387,-0.1217,-0.3821,-0.0991
3,positive_training,ALL_CONDITIONS,HRSD_6.1,HRSD6,full,StandardScaler,MLP,185,46,10,-0.0159,4.3018,5.0944,-0.0192,-0.3584,0.0384
3,positive_training,ALL_CONDITIONS,HRSD_6.1,HRSD6,full,StandardScaler,LGBM,185,46,10,-0.0779,4.7588,5.4922,-0.0884,-0.5788,-0.0575
3,positive_training,ALL_CONDITIONS,HRSD_6.1,HRSD6,full,StandardScaler,CatBoost,185,46,10,-0.0487,4.3534,4.9917,-0.065,-0.3041,-0.0213
3,positive_training,ALL_CONDITIONS,HRSD_6.1,HRSD6,full,MinMaxScaler,Ridge,185,46,5,0.0222,3.9004,4.456,0.0656,-0.0393,0.0092
3,positive_training,ALL_CONDITIONS,HRSD_6.1,HRSD6,full,MinMaxScaler,Lasso,185,46,5,0.0264,3.889,4.4503,0.076,-0.0366,0.0115
3,positive_training,ALL_CONDITIONS,HRSD_6.1,HRSD6,full,MinMaxScaler,ElasticNet,185,46,5,0.0197,3.9052,4.4448,0.0711,-0.0341,0.0191
3,positive_training,ALL_CONDITIONS,HRSD_6.1,HRSD6,full,MinMaxScaler,SVR,185,46,5,0.0024,4.0646,4.6538,0.0039,-0.1336,0.0019
3,positive_training,ALL_CONDITIONS,HRSD_6.1,HRSD6,full,MinMaxScaler,KNN,185,46,5,-0.039,4.3647,5.1978,-0.0481,-0.4141,-0.0579
3,positive_training,ALL_CONDITIONS,HRSD_6.1,HRSD6,full,MinMaxScaler,RF,185,46,5,-0.0824,4.3585,5.0539,-0.1063,-0.3369,-0.0956
3,positive_training,ALL_CONDITIONS,HRSD_6.1,HRSD6,full,MinMaxScaler,ET,185,46,5,0.0854,3.9767,4.7742,0.1033,-0.193,0.0877
3,positive_training,ALL_CONDITIONS,HRSD_6.1,HRSD6,full,MinMaxScaler,GB,185,46,5,0.0311,4.3632,5.198,0.035,-0.4142,0.0354
3,positive_training,ALL_CONDITIONS,HRSD_6.1,HRSD6,full,MinMaxScaler,XGB,185,46,5,-0.0896,4.7365,5.5513,-0.0981,-0.6129,-0.0669
3,positive_training,ALL_CONDITIONS,HRSD_6.1,HRSD6,full,MinMaxScaler,MLP,185,46,5,0.0092,3.955,4.5033,0.0227,-0.0614,0.0128
3,positive_training,ALL_CONDITIONS,HRSD_6.1,HRSD6,full,MinMaxScaler,LGBM,185,46,5,-0.133,4.7742,5.6615,-0.1441,-0.6776,-0.1049
3,positive_training,ALL_CONDITIONS,HRSD_6.1,HRSD6,full,MinMaxScaler,CatBoost,185,46,5,-0.0221,4.2993,4.9826,-0.0277,-0.2994,0.0215
3,positive_training,ALL_CONDITIONS,HRSD_6.1,HRSD6,full,RobustScaler,Ridge,185,46,10,0.0303,3.9007,4.4603,0.075,-0.0413,0.0163
3,positive_training,ALL_CONDITIONS,HRSD_6.1,HRSD6,full,RobustScaler,Lasso,185,46,10,0.033,3.9662,4.5231,0.0622,-0.0708,0.0091
3,positive_training,ALL_CONDITIONS,HRSD_6.1,HRSD6,full,RobustScaler,ElasticNet,185,46,10,0.0492,3.9373,4.4941,0.0899,-0.0571,0.027
3,positive_training,ALL_CONDITIONS,HRSD_6.1,HRSD6,full,RobustScaler,SVR,185,46,10,0.0439,4.0695,4.7151,0.0577,-0.1636,0.0958
3,positive_training,ALL_CONDITIONS,HRSD_6.1,HRSD6,full,RobustScaler,KNN,185,46,10,0.0194,4.0459,4.7314,0.0274,-0.1717,0.1127
3,positive_training,ALL_CONDITIONS,HRSD_6.1,HRSD6,full,RobustScaler,RF,185,46,10,-0.0783,4.3711,5.0207,-0.1088,-0.3193,-0.0725
3,positive_training,ALL_CONDITIONS,HRSD_6.1,HRSD6,full,RobustScaler,ET,185,46,10,0.0082,4.2243,4.8676,0.0107,-0.2401,-0.0071
3,positive_training,ALL_CONDITIONS,HRSD_6.1,HRSD6,full,RobustScaler,GB,185,46,10,-0.1164,4.5475,5.2796,-0.1432,-0.459,-0.0856
3,positive_training,ALL_CONDITIONS,HRSD_6.1,HRSD6,full,RobustScaler,XGB,185,46,10,-0.0951,4.5132,5.1632,-0.1194,-0.3953,-0.0803
3,positive_training,ALL_CONDITIONS,HRSD_6.1,HRSD6,full,RobustScaler,MLP,185,46,10,-0.0421,4.3647,5.2034,-0.0492,-0.4171,0.043
3,positive_training,ALL_CONDITIONS,HRSD_6.1,HRSD6,full,RobustScaler,LGBM,185,46,10,-0.0436,4.6935,5.3668,-0.0496,-0.5075,-0.0296
3,positive_training,ALL_CONDITIONS,HRSD_6.1,HRSD6,full,RobustScaler,CatBoost,185,46,10,-0.0082,4.222,4.8414,-0.0113,-0.2268,0.0568
4,positive_training,ALL_CONDITIONS,HRSD_6.1,HRSD6,full,StandardScaler,Ridge,185,46,15,-0.0761,4.5066,5.2883,-0.11,-0.2504,-0.1277
4,positive_training,ALL_CONDITIONS,HRSD_6.1,HRSD6,full,StandardScaler,Lasso,185,46,15,-0.0742,4.5059,5.2895,-0.1067,-0.251,-0.111
4,positive_training,ALL_CONDITIONS,HRSD_6.1,HRSD6,full,StandardScaler,ElasticNet,185,46,15,-0.0697,4.4781,5.2526,-0.1027,-0.2336,-0.1223
4,positive_training,ALL_CONDITIONS,HRSD_6.1,HRSD6,full,StandardScaler,SVR,185,46,15,0.0549,4.4115,5.2556,0.0658,-0.235,0.0202
4,positive_training,ALL_CONDITIONS,HRSD_6.1,HRSD6,full,StandardScaler,KNN,185,46,15,0.023,4.2246,5.2052,0.0299,-0.2114,0.0796
4,positive_training,ALL_CONDITIONS,HRSD_6.1,HRSD6,full,StandardScaler,RF,185,46,15,0.0943,4.1896,4.9054,0.1309,-0.0759,0.1245
4,positive_training,ALL_CONDITIONS,HRSD_6.1,HRSD6,full,StandardScaler,ET,185,46,15,0.1339,4.0843,4.8225,0.1803,-0.0398,0.1664
4,positive_training,ALL_CONDITIONS,HRSD_6.1,HRSD6,full,StandardScaler,GB,185,46,15,-0.0665,4.4074,5.3009,-0.0987,-0.2564,-0.1183
4,positive_training,ALL_CONDITIONS,HRSD_6.1,HRSD6,full,StandardScaler,XGB,185,46,15,-0.0262,4.3733,5.2101,-0.0384,-0.2137,-0.0773
4,positive_training,ALL_CONDITIONS,HRSD_6.1,HRSD6,full,StandardScaler,MLP,185,46,15,0.0219,4.3832,5.1431,0.0296,-0.1827,0.0546
4,positive_training,ALL_CONDITIONS,HRSD_6.1,HRSD6,full,StandardScaler,LGBM,185,46,15,0.0523,4.4317,5.2568,0.0637,-0.2356,0.0366
4,positive_training,ALL_CONDITIONS,HRSD_6.1,HRSD6,full,StandardScaler,CatBoost,185,46,15,0.0526,4.2895,4.9457,0.0783,-0.0937,0.0566
4,positive_training,ALL_CONDITIONS,HRSD_6.1,HRSD6,full,MinMaxScaler,Ridge,185,46,15,-0.0992,4.6928,5.6232,-0.1192,-0.4138,-0.2022
4,positive_training,ALL_CONDITIONS,HRSD_6.1,HRSD6,full,MinMaxScaler,Lasso,185,46,15,-0.088,4.6141,5.5288,-0.1092,-0.3668,-0.1869
4,positive_training,ALL_CONDITIONS,HRSD_6.1,HRSD6,full,MinMaxScaler,ElasticNet,185,46,15,-0.0854,4.5619,5.4704,-0.1091,-0.338,-0.1899
4,positive_training,ALL_CONDITIONS,HRSD_6.1,HRSD6,full,MinMaxScaler,SVR,185,46,15,-0.1025,4.7332,5.7008,-0.1217,-0.4531,-0.181
4,positive_training,ALL_CONDITIONS,HRSD_6.1,HRSD6,full,MinMaxScaler,KNN,185,46,15,0.0298,4.354,5.3301,0.036,-0.2703,0.0636
4,positive_training,ALL_CONDITIONS,HRSD_6.1,HRSD6,full,MinMaxScaler,RF,185,46,15,-0.0539,4.5121,5.2798,-0.075,-0.2464,-0.1414
4,positive_training,ALL_CONDITIONS,HRSD_6.1,HRSD6,full,MinMaxScaler,ET,185,46,15,0.0066,4.27,5.0734,0.0098,-0.1509,-0.0161
4,positive_training,ALL_CONDITIONS,HRSD_6.1,HRSD6,full,MinMaxScaler,GB,185,46,15,-0.0137,4.5654,5.4824,-0.0161,-0.3439,-0.0236
4,positive_training,ALL_CONDITIONS,HRSD_6.1,HRSD6,full,MinMaxScaler,XGB,185,46,15,-0.0446,4.7583,5.59,-0.0519,-0.3972,-0.0728
4,positive_training,ALL_CONDITIONS,HRSD_6.1,HRSD6,full,MinMaxScaler,MLP,185,46,15,-0.0768,4.4371,5.3199,-0.1082,-0.2654,-0.1784
4,positive_training,ALL_CONDITIONS,HRSD_6.1,HRSD6,full,MinMaxScaler,LGBM,185,46,15,-0.0922,4.8686,5.6353,-0.1103,-0.4199,-0.1496
4,positive_training,ALL_CONDITIONS,HRSD_6.1,HRSD6,full,MinMaxScaler,CatBoost,185,46,15,-0.0418,4.4428,5.2515,-0.0585,-0.2331,-0.1077
4,positive_training,ALL_CONDITIONS,HRSD_6.1,HRSD6,full,RobustScaler,Ridge,185,46,15,-0.0571,4.3196,5.3957,-0.0731,-0.3017,0.0407
4,positive_training,ALL_CONDITIONS,HRSD_6.1,HRSD6,full,RobustScaler,Lasso,185,46,15,-0.0348,4.2973,5.3924,-0.0431,-0.3002,0.0671
4,positive_training,ALL_CONDITIONS,HRSD_6.1,HRSD6,full,RobustScaler,ElasticNet,185,46,15,-0.0687,4.3168,5.3802,-0.0906,-0.2943,0.0027
4,positive_training,ALL_CONDITIONS,HRSD_6.1,HRSD6,full,RobustScaler,SVR,185,46,15,-0.0625,4.4464,5.5322,-0.0767,-0.3684,-0.0545
4,positive_training,ALL_CONDITIONS,HRSD_6.1,HRSD6,full,RobustScaler,KNN,185,46,15,-0.0619,4.3792,5.3233,-0.0847,-0.267,-0.0601
4,positive_training,ALL_CONDITIONS,HRSD_6.1,HRSD6,full,RobustScaler,RF,185,46,15,-0.0157,4.4685,5.2282,-0.021,-0.2221,-0.0743
4,positive_training,ALL_CONDITIONS,HRSD_6.1,HRSD6,full,RobustScaler,ET,185,46,15,-0.0138,4.3622,5.1585,-0.0197,-0.1898,-0.0595
4,positive_training,ALL_CONDITIONS,HRSD_6.1,HRSD6,full,RobustScaler,GB,185,46,15,0.029,4.6208,5.5918,0.0315,-0.3981,-0.0562
4,positive_training,ALL_CONDITIONS,HRSD_6.1,HRSD6,full,RobustScaler,XGB,185,46,15,-0.028,4.3045,5.4553,-0.0334,-0.3306,-0.081
4,positive_training,ALL_CONDITIONS,HRSD_6.1,HRSD6,full,RobustScaler,MLP,185,46,15,-0.0867,4.5351,5.5845,-0.1059,-0.3944,-0.0762
4,positive_training,ALL_CONDITIONS,HRSD_6.1,HRSD6,full,RobustScaler,LGBM,185,46,15,-0.1048,4.6015,5.5986,-0.1285,-0.4015,-0.1335
4,positive_training,ALL_CONDITIONS,HRSD_6.1,HRSD6,full,RobustScaler,CatBoost,185,46,15,-0.0346,4.4626,5.421,-0.0424,-0.314,-0.0772
5,positive_training,ALL_CONDITIONS,HRSD_6.1,HRSD6,full,StandardScaler,Ridge,185,46,5,-0.0299,4.4754,5.358,-0.0801,-0.0809,0.0235
5,positive_training,ALL_CONDITIONS,HRSD_6.1,HRSD6,full,StandardScaler,Lasso,185,46,5,0.0,4.3897,5.1649,,-0.0044,
5,positive_training,ALL_CONDITIONS,HRSD_6.1,HRSD6,full,StandardScaler,ElasticNet,185,46,5,0.0,4.3897,5.1649,,-0.0044,
5,positive_training,ALL_CONDITIONS,HRSD_6.1,HRSD6,full,StandardScaler,SVR,185,46,5,0.026,4.4468,5.5198,0.0406,-0.1471,0.0015
5,positive_training,ALL_CONDITIONS,HRSD_6.1,HRSD6,full,StandardScaler,KNN,185,46,5,0.0479,4.3478,5.3271,0.0774,-0.0685,0.0425
5,positive_training,ALL_CONDITIONS,HRSD_6.1,HRSD6,full,StandardScaler,RF,185,46,5,0.0578,4.3462,5.3215,0.0932,-0.0662,0.035
5,positive_training,ALL_CONDITIONS,HRSD_6.1,HRSD6,full,StandardScaler,ET,185,46,5,0.075,4.3534,5.4622,0.1057,-0.1233,0.0472
5,positive_training,ALL_CONDITIONS,HRSD_6.1,HRSD6,full,StandardScaler,GB,185,46,5,-0.0466,4.6943,5.7764,-0.0643,-0.2563,-0.0941
5,positive_training,ALL_CONDITIONS,HRSD_6.1,HRSD6,full,StandardScaler,XGB,185,46,5,-0.0748,4.7604,5.7936,-0.1091,-0.2638,-0.0972
5,positive_training,ALL_CONDITIONS,HRSD_6.1,HRSD6,full,StandardScaler,MLP,185,46,5,0.0189,4.4249,5.2655,0.0452,-0.0439,-0.0562
5,positive_training,ALL_CONDITIONS,HRSD_6.1,HRSD6,full,StandardScaler,LGBM,185,46,5,-0.0622,4.6437,5.6437,-0.1013,-0.1993,-0.1537
5,positive_training,ALL_CONDITIONS,HRSD_6.1,HRSD6,full,StandardScaler,CatBoost,185,46,5,0.0145,4.4005,5.3449,0.0276,-0.0756,0.0594
5,positive_training,ALL_CONDITIONS,HRSD_6.1,HRSD6,full,MinMaxScaler,Ridge,185,46,5,0.0,4.3897,5.1649,0.0063,-0.0044,-0.0529
5,positive_training,ALL_CONDITIONS,HRSD_6.1,HRSD6,full,MinMaxScaler,Lasso,185,46,5,0.0,4.3897,5.1649,,-0.0044,
5,positive_training,ALL_CONDITIONS,HRSD_6.1,HRSD6,full,MinMaxScaler,ElasticNet,185,46,5,0.0,4.3897,5.1649,,-0.0044,
5,positive_training,ALL_CONDITIONS,HRSD_6.1,HRSD6,full,MinMaxScaler,SVR,185,46,5,0.0,4.3916,5.1628,0.0084,-0.0036,-0.0534
5,positive_training,ALL_CONDITIONS,HRSD_6.1,HRSD6,full,MinMaxScaler,KNN,185,46,5,0.0519,4.343,5.3259,0.0826,-0.068,0.0567
5,positive_training,ALL_CONDITIONS,HRSD_6.1,HRSD6,full,MinMaxScaler,RF,185,46,5,0.0884,4.324,5.2746,0.1365,-0.0475,0.0857
5,positive_training,ALL_CONDITIONS,HRSD_6.1,HRSD6,full,MinMaxScaler,ET,185,46,5,0.074,4.3322,5.4324,0.104,-0.1111,0.0556
5,positive_training,ALL_CONDITIONS,HRSD_6.1,HRSD6,full,MinMaxScaler,GB,185,46,5,-0.0636,4.7285,5.8187,-0.0885,-0.2747,-0.1094
5,positive_training,ALL_CONDITIONS,HRSD_6.1,HRSD6,full,MinMaxScaler,XGB,185,46,5,-0.0748,4.7604,5.7936,-0.1091,-0.2638,-0.0972
5,positive_training,ALL_CONDITIONS,HRSD_6.1,HRSD6,full,MinMaxScaler,MLP,185,46,5,0.0001,4.4097,5.1552,0.0096,-0.0006,-0.0899
5,positive_training,ALL_CONDITIONS,HRSD_6.1,HRSD6,full,MinMaxScaler,LGBM,185,46,5,-0.0168,4.5333,5.4943,-0.0283,-0.1366,-0.1184
5,positive_training,ALL_CONDITIONS,HRSD_6.1,HRSD6,full,MinMaxScaler,CatBoost,185,46,5,0.0208,4.3524,5.3291,0.04,-0.0693,0.0381
5,positive_training,ALL_CONDITIONS,HRSD_6.1,HRSD6,full,RobustScaler,Ridge,185,46,5,-0.0336,4.4911,5.4003,-0.0797,-0.098,0.0323
5,positive_training,ALL_CONDITIONS,HRSD_6.1,HRSD6,full,RobustScaler,Lasso,185,46,5,0.0,4.3897,5.1649,,-0.0044,
5,positive_training,ALL_CONDITIONS,HRSD_6.1,HRSD6,full,RobustScaler,ElasticNet,185,46,5,-0.0257,4.4591,5.3167,-0.0804,-0.0643,0.0227
5,positive_training,ALL_CONDITIONS,HRSD_6.1,HRSD6,full,RobustScaler,SVR,185,46,5,0.0183,4.4308,5.4631,0.0315,-0.1237,-0.0222
5,positive_training,ALL_CONDITIONS,HRSD_6.1,HRSD6,full,RobustScaler,KNN,185,46,5,0.0845,4.2633,5.2319,0.135,-0.0306,0.1134
5,positive_training,ALL_CONDITIONS,HRSD_6.1,HRSD6,full,RobustScaler,RF,185,46,5,0.0578,4.3462,5.3215,0.0932,-0.0662,0.035
5,positive_training,ALL_CONDITIONS,HRSD_6.1,HRSD6,full,RobustScaler,ET,185,46,5,0.075,4.3534,5.4622,0.1057,-0.1233,0.0472
5,positive_training,ALL_CONDITIONS,HRSD_6.1,HRSD6,full,RobustScaler,GB,185,46,5,-0.0466,4.6943,5.7764,-0.0643,-0.2563,-0.0941
5,positive_training,ALL_CONDITIONS,HRSD_6.1,HRSD6,full,RobustScaler,XGB,185,46,5,-0.0748,4.7604,5.7936,-0.1091,-0.2638,-0.0972
5,positive_training,ALL_CONDITIONS,HRSD_6.1,HRSD6,full,RobustScaler,MLP,185,46,5,-0.0188,4.3958,5.3654,-0.047,-0.0839,-0.0437
5,positive_training,ALL_CONDITIONS,HRSD_6.1,HRSD6,full,RobustScaler,LGBM,185,46,5,-0.0016,4.4808,5.4919,-0.0027,-0.1356,-0.0879
5,positive_training,ALL_CONDITIONS,HRSD_6.1,HRSD6,full,RobustScaler,CatBoost,185,46,5,0.0145,4.4005,5.3449,0.0276,-0.0756,0.0594
1,positive_training,ALL_CONDITIONS,HRSD_17.1,HRSD17,full,StandardScaler,Ridge,184,47,5,-0.1792,7.6147,8.9008,-0.3104,-0.3002,-0.3489
1,positive_training,ALL_CONDITIONS,HRSD_17.1,HRSD17,full,StandardScaler,Lasso,184,47,5,-0.1825,7.6525,8.9299,-0.3113,-0.3087,-0.3429
1,positive_training,ALL_CONDITIONS,HRSD_17.1,HRSD17,full,StandardScaler,ElasticNet,184,47,5,-0.1778,7.6034,8.8894,-0.3098,-0.2968,-0.3468
1,positive_training,ALL_CONDITIONS,HRSD_17.1,HRSD17,full,StandardScaler,SVR,184,47,5,-0.1271,7.0812,8.4995,-0.3074,-0.1856,-0.3656
1,positive_training,ALL_CONDITIONS,HRSD_17.1,HRSD17,full,StandardScaler,KNN,184,47,5,-0.1822,7.695,9.2125,-0.2544,-0.3928,-0.2773
1,positive_training,ALL_CONDITIONS,HRSD_17.1,HRSD17,full,StandardScaler,RF,184,47,5,-0.2439,7.7376,9.1732,-0.4082,-0.381,-0.4103
1,positive_training,ALL_CONDITIONS,HRSD_17.1,HRSD17,full,StandardScaler,ET,184,47,5,-0.2357,7.9209,9.3806,-0.3356,-0.4441,-0.321
1,positive_training,ALL_CONDITIONS,HRSD_17.1,HRSD17,full,StandardScaler,GB,184,47,5,-0.3,8.0311,9.7194,-0.4078,-0.5503,-0.4314
1,positive_training,ALL_CONDITIONS,HRSD_17.1,HRSD17,full,StandardScaler,XGB,184,47,5,-0.2967,7.9985,9.5976,-0.4248,-0.5117,-0.425
1,positive_training,ALL_CONDITIONS,HRSD_17.1,HRSD17,full,StandardScaler,MLP,184,47,5,-0.252,8.008,9.5134,-0.3465,-0.4853,-0.3589
1,positive_training,ALL_CONDITIONS,HRSD_17.1,HRSD17,full,StandardScaler,LGBM,184,47,5,-0.3098,8.1877,9.5428,-0.4728,-0.4945,-0.4607
1,positive_training,ALL_CONDITIONS,HRSD_17.1,HRSD17,full,StandardScaler,CatBoost,184,47,5,-0.2282,7.7175,9.1106,-0.3842,-0.3622,-0.3883
1,positive_training,ALL_CONDITIONS,HRSD_17.1,HRSD17,full,MinMaxScaler,Ridge,184,47,10,-0.1557,7.25,8.7828,-0.2765,-0.2659,-0.276
1,positive_training,ALL_CONDITIONS,HRSD_17.1,HRSD17,full,MinMaxScaler,Lasso,184,47,10,-0.1608,7.2778,8.8319,-0.277,-0.2801,-0.2793
1,positive_training,ALL_CONDITIONS,HRSD_17.1,HRSD17,full,MinMaxScaler,ElasticNet,184,47,10,-0.149,7.2031,8.7253,-0.2743,-0.2494,-0.2743
1,positive_training,ALL_CONDITIONS,HRSD_17.1,HRSD17,full,MinMaxScaler,SVR,184,47,10,-0.1385,7.1541,8.6534,-0.2732,-0.2289,-0.2711
1,positive_training,ALL_CONDITIONS,HRSD_17.1,HRSD17,full,MinMaxScaler,KNN,184,47,10,-0.3228,8.4657,10.0489,-0.4194,-0.6572,-0.4331
1,positive_training,ALL_CONDITIONS,HRSD_17.1,HRSD17,full,MinMaxScaler,RF,184,47,10,-0.3213,7.915,9.611,-0.4806,-0.5159,-0.4783
1,positive_training,ALL_CONDITIONS,HRSD_17.1,HRSD17,full,MinMaxScaler,ET,184,47,10,-0.2601,7.9597,9.6515,-0.3417,-0.5287,-0.3343
1,positive_training,ALL_CONDITIONS,HRSD_17.1,HRSD17,full,MinMaxScaler,GB,184,47,10,-0.3882,8.6791,10.6807,-0.4562,-0.8721,-0.4245
1,positive_training,ALL_CONDITIONS,HRSD_17.1,HRSD17,full,MinMaxScaler,XGB,184,47,10,-0.3546,8.0057,10.0769,-0.4614,-0.6664,-0.3692
1,positive_training,ALL_CONDITIONS,HRSD_17.1,HRSD17,full,MinMaxScaler,MLP,184,47,10,-0.1662,7.4277,8.8737,-0.2802,-0.2923,-0.2932
1,positive_training,ALL_CONDITIONS,HRSD_17.1,HRSD17,full,MinMaxScaler,LGBM,184,47,10,-0.3349,8.1,9.9524,-0.4374,-0.6255,-0.4243
1,positive_training,ALL_CONDITIONS,HRSD_17.1,HRSD17,full,MinMaxScaler,CatBoost,184,47,10,-0.2946,7.7563,9.3892,-0.4808,-0.4468,-0.4577
1,positive_training,ALL_CONDITIONS,HRSD_17.1,HRSD17,full,RobustScaler,Ridge,184,47,10,-0.216,7.6937,9.0819,-0.3588,-0.3536,-0.3642
1,positive_training,ALL_CONDITIONS,HRSD_17.1,HRSD17,full,RobustScaler,Lasso,184,47,10,-0.2174,7.7032,9.0921,-0.3593,-0.3567,-0.3748
1,positive_training,ALL_CONDITIONS,HRSD_17.1,HRSD17,full,RobustScaler,ElasticNet,184,47,10,-0.2152,7.6867,9.0755,-0.3585,-0.3517,-0.3688
1,positive_training,ALL_CONDITIONS,HRSD_17.1,HRSD17,full,RobustScaler,SVR,184,47,10,-0.1375,7.0107,8.5491,-0.3378,-0.1994,-0.301
1,positive_training,ALL_CONDITIONS,HRSD_17.1,HRSD17,full,RobustScaler,KNN,184,47,10,-0.1904,8.0165,9.2945,-0.2716,-0.4177,-0.2657
1,positive_training,ALL_CONDITIONS,HRSD_17.1,HRSD17,full,RobustScaler,RF,184,47,10,-0.2505,7.8696,9.3369,-0.3814,-0.4307,-0.3358
1,positive_training,ALL_CONDITIONS,HRSD_17.1,HRSD17,full,RobustScaler,ET,184,47,10,-0.2043,8.1478,9.8876,-0.2396,-0.6044,-0.2305
1,positive_training,ALL_CONDITIONS,HRSD_17.1,HRSD17,full,RobustScaler,GB,184,47,10,-0.3049,8.3477,10.3547,-0.3498,-0.7596,-0.3187
1,positive_training,ALL_CONDITIONS,HRSD_17.1,HRSD17,full,RobustScaler,XGB,184,47,10,-0.3425,8.1272,9.9971,-0.4459,-0.6402,-0.3715
1,positive_training,ALL_CONDITIONS,HRSD_17.1,HRSD17,full,RobustScaler,MLP,184,47,10,-0.3077,8.0614,9.7953,-0.4101,-0.5746,-0.3842
1,positive_training,ALL_CONDITIONS,HRSD_17.1,HRSD17,full,RobustScaler,LGBM,184,47,10,-0.2471,7.8922,9.6015,-0.3264,-0.5129,-0.2976
1,positive_training,ALL_CONDITIONS,HRSD_17.1,HRSD17,full,RobustScaler,CatBoost,184,47,10,-0.2084,7.5611,9.0617,-0.3427,-0.3476,-0.294
2,positive_training,ALL_CONDITIONS,HRSD_17.1,HRSD17,full,StandardScaler,Ridge,185,46,10,-0.1072,7.2258,8.7537,-0.1497,-0.3163,-0.16
2,positive_training,ALL_CONDITIONS,HRSD_17.1,HRSD17,full,StandardScaler,Lasso,185,46,10,-0.1083,7.2048,8.7394,-0.1525,-0.312,-0.1694
2,positive_training,ALL_CONDITIONS,HRSD_17.1,HRSD17,full,StandardScaler,ElasticNet,185,46,10,-0.1082,7.2024,8.7358,-0.1527,-0.3109,-0.1625
2,positive_training,ALL_CONDITIONS,HRSD_17.1,HRSD17,full,StandardScaler,SVR,185,46,10,-0.105,6.805,8.4279,-0.2053,-0.2201,-0.1591
2,positive_training,ALL_CONDITIONS,HRSD_17.1,HRSD17,full,StandardScaler,KNN,185,46,10,-0.134,7.5478,9.1363,-0.1648,-0.4338,-0.1587
2,positive_training,ALL_CONDITIONS,HRSD_17.1,HRSD17,full,StandardScaler,RF,185,46,10,-0.2271,7.4962,9.1777,-0.317,-0.4469,-0.2907
2,positive_training,ALL_CONDITIONS,HRSD_17.1,HRSD17,full,StandardScaler,ET,185,46,10,-0.1739,7.4932,9.0305,-0.236,-0.4008,-0.2434
2,positive_training,ALL_CONDITIONS,HRSD_17.1,HRSD17,full,StandardScaler,GB,185,46,10,-0.1743,7.8311,9.3084,-0.2138,-0.4884,-0.2007
2,positive_training,ALL_CONDITIONS,HRSD_17.1,HRSD17,full,StandardScaler,XGB,185,46,10,-0.1486,7.6564,9.1957,-0.1844,-0.4525,-0.1775
2,positive_training,ALL_CONDITIONS,HRSD_17.1,HRSD17,full,StandardScaler,MLP,185,46,10,-0.2127,7.3383,9.4794,-0.26,-0.5436,-0.2311
2,positive_training,ALL_CONDITIONS,HRSD_17.1,HRSD17,full,StandardScaler,LGBM,185,46,10,-0.2712,8.0075,9.8993,-0.3166,-0.6833,-0.2973
2,positive_training,ALL_CONDITIONS,HRSD_17.1,HRSD17,full,StandardScaler,CatBoost,185,46,10,-0.2359,7.718,9.3431,-0.3128,-0.4995,-0.3168
2,positive_training,ALL_CONDITIONS,HRSD_17.1,HRSD17,full,MinMaxScaler,Ridge,185,46,10,-0.1532,7.1002,8.7493,-0.2397,-0.315,-0.2446
2,positive_training,ALL_CONDITIONS,HRSD_17.1,HRSD17,full,MinMaxScaler,Lasso,185,46,10,-0.1557,7.2947,8.9049,-0.2224,-0.3621,-0.2233
2,positive_training,ALL_CONDITIONS,HRSD_17.1,HRSD17,full,MinMaxScaler,ElasticNet,185,46,10,-0.1444,7.0028,8.6441,-0.2392,-0.2835,-0.2385
2,positive_training,ALL_CONDITIONS,HRSD_17.1,HRSD17,full,MinMaxScaler,SVR,185,46,10,-0.1029,6.8444,8.5255,-0.1954,-0.2485,-0.1529
2,positive_training,ALL_CONDITIONS,HRSD_17.1,HRSD17,full,MinMaxScaler,KNN,185,46,10,-0.1049,7.2754,8.8276,-0.1388,-0.3386,-0.1127
2,positive_training,ALL_CONDITIONS,HRSD_17.1,HRSD17,full,MinMaxScaler,RF,185,46,10,-0.0954,7.1705,8.665,-0.1334,-0.2897,-0.0986
2,positive_training,ALL_CONDITIONS,HRSD_17.1,HRSD17,full,MinMaxScaler,ET,185,46,10,-0.1178,7.2367,8.8762,-0.1554,-0.3534,-0.1415
2,positive_training,ALL_CONDITIONS,HRSD_17.1,HRSD17,full,MinMaxScaler,GB,185,46,10,0.028,6.9844,8.6484,0.0326,-0.2848,0.0402
2,positive_training,ALL_CONDITIONS,HRSD_17.1,HRSD17,full,MinMaxScaler,XGB,185,46,10,-0.0229,7.3514,8.959,-0.0264,-0.3787,-0.0189
2,positive_training,ALL_CONDITIONS,HRSD_17.1,HRSD17,full,MinMaxScaler,MLP,185,46,10,-0.1114,6.7036,8.3072,-0.2368,-0.1854,-0.2025
2,positive_training,ALL_CONDITIONS,HRSD_17.1,HRSD17,full,MinMaxScaler,LGBM,185,46,10,-0.099,7.881,9.2299,-0.1149,-0.4634,-0.1257
2,positive_training,ALL_CONDITIONS,HRSD_17.1,HRSD17,full,MinMaxScaler,CatBoost,185,46,10,-0.0456,7.0918,8.4909,-0.0636,-0.2384,-0.0585
2,positive_training,ALL_CONDITIONS,HRSD_17.1,HRSD17,full,RobustScaler,Ridge,185,46,5,-0.0222,6.7574,8.3626,-0.032,-0.2013,-0.0135
2,positive_training,ALL_CONDITIONS,HRSD_17.1,HRSD17,full,RobustScaler,Lasso,185,46,5,-0.0212,6.7402,8.3362,-0.0309,-0.1937,-0.0095
2,positive_training,ALL_CONDITIONS,HRSD_17.1,HRSD17,full,RobustScaler,ElasticNet,185,46,5,-0.0231,6.7392,8.3353,-0.034,-0.1935,-0.0114
2,positive_training,ALL_CONDITIONS,HRSD_17.1,HRSD17,full,RobustScaler,SVR,185,46,5,-0.0287,6.4175,8.0813,-0.0577,-0.1218,-0.0302
2,positive_training,ALL_CONDITIONS,HRSD_17.1,HRSD17,full,RobustScaler,KNN,185,46,5,-0.0616,6.8671,8.5801,-0.084,-0.2646,-0.0907
2,positive_training,ALL_CONDITIONS,HRSD_17.1,HRSD17,full,RobustScaler,RF,185,46,5,0.0213,6.5503,8.158,0.0304,-0.1432,0.023
2,positive_training,ALL_CONDITIONS,HRSD_17.1,HRSD17,full,RobustScaler,ET,185,46,5,-0.063,7.2064,8.7605,-0.0811,-0.3183,-0.0949
2,positive_training,ALL_CONDITIONS,HRSD_17.1,HRSD17,full,RobustScaler,GB,185,46,5,0.0256,7.0106,8.4788,0.0314,-0.2349,0.0208
2,positive_training,ALL_CONDITIONS,HRSD_17.1,HRSD17,full,RobustScaler,XGB,185,46,5,0.0037,7.1388,8.5847,0.0045,-0.2659,-0.0182
2,positive_training,ALL_CONDITIONS,HRSD_17.1,HRSD17,full,RobustScaler,MLP,185,46,5,-0.0719,6.6683,8.5761,-0.1007,-0.2634,-0.018
2,positive_training,ALL_CONDITIONS,HRSD_17.1,HRSD17,full,RobustScaler,LGBM,185,46,5,-0.0394,7.2013,8.8413,-0.0472,-0.3428,-0.0818
2,positive_training,ALL_CONDITIONS,HRSD_17.1,HRSD17,full,RobustScaler,CatBoost,185,46,5,0.0166,6.5443,8.2017,0.0234,-0.1555,-0.012
3,positive_training,ALL_CONDITIONS,HRSD_17.1,HRSD17,full,StandardScaler,Ridge,185,46,15,-0.0473,6.9916,8.3159,-0.0932,-0.1426,-0.1006
3,positive_training,ALL_CONDITIONS,HRSD_17.1,HRSD17,full,StandardScaler,Lasso,185,46,15,-0.0689,7.0743,8.4699,-0.1244,-0.1853,-0.1059
3,positive_training,ALL_CONDITIONS,HRSD_17.1,HRSD17,full,StandardScaler,ElasticNet,185,46,15,-0.033,6.8965,8.1586,-0.0769,-0.0998,-0.0884
3,positive_training,ALL_CONDITIONS,HRSD_17.1,HRSD17,full,StandardScaler,SVR,185,46,15,-0.068,7.4295,9.0534,-0.0859,-0.3542,-0.0552
3,positive_training,ALL_CONDITIONS,HRSD_17.1,HRSD17,full,StandardScaler,KNN,185,46,15,-0.0247,7.1087,8.8223,-0.034,-0.286,-0.0067
3,positive_training,ALL_CONDITIONS,HRSD_17.1,HRSD17,full,StandardScaler,RF,185,46,15,-0.0922,7.4748,8.8604,-0.1316,-0.2971,-0.0881
3,positive_training,ALL_CONDITIONS,HRSD_17.1,HRSD17,full,StandardScaler,ET,185,46,15,-0.1361,7.6787,9.0438,-0.1927,-0.3514,-0.1765
3,positive_training,ALL_CONDITIONS,HRSD_17.1,HRSD17,full,StandardScaler,GB,185,46,15,-0.1355,7.777,9.3921,-0.1689,-0.4575,-0.0665
3,positive_training,ALL_CONDITIONS,HRSD_17.1,HRSD17,full,StandardScaler,XGB,185,46,15,-0.1579,7.8446,9.3777,-0.2034,-0.453,-0.1773
3,positive_training,ALL_CONDITIONS,HRSD_17.1,HRSD17,full,StandardScaler,MLP,185,46,15,0.0282,7.5356,8.9917,0.0328,-0.3358,0.0229
3,positive_training,ALL_CONDITIONS,HRSD_17.1,HRSD17,full,StandardScaler,LGBM,185,46,15,-0.1187,7.6916,9.3138,-0.152,-0.4333,-0.1082
3,positive_training,ALL_CONDITIONS,HRSD_17.1,HRSD17,full,StandardScaler,CatBoost,185,46,15,-0.0789,7.4499,8.7507,-0.1177,-0.2652,-0.108
3,positive_training,ALL_CONDITIONS,HRSD_17.1,HRSD17,full,MinMaxScaler,Ridge,185,46,5,-0.0649,7.0552,8.4538,-0.1172,-0.1808,-0.1131
3,positive_training,ALL_CONDITIONS,HRSD_17.1,HRSD17,full,MinMaxScaler,Lasso,185,46,5,-0.071,7.087,8.5002,-0.1253,-0.1938,-0.1068
3,positive_training,ALL_CONDITIONS,HRSD_17.1,HRSD17,full,MinMaxScaler,ElasticNet,185,46,5,-0.061,7.031,8.4142,-0.1132,-0.1698,-0.1142
3,positive_training,ALL_CONDITIONS,HRSD_17.1,HRSD17,full,MinMaxScaler,SVR,185,46,5,-0.088,7.7453,9.4484,-0.1014,-0.475,-0.073
3,positive_training,ALL_CONDITIONS,HRSD_17.1,HRSD17,full,MinMaxScaler,KNN,185,46,5,-0.0336,7.2267,8.9368,-0.0436,-0.3196,-0.039
3,positive_training,ALL_CONDITIONS,HRSD_17.1,HRSD17,full,MinMaxScaler,RF,185,46,5,-0.0785,7.1745,8.6784,-0.1196,-0.2444,-0.1071
3,positive_training,ALL_CONDITIONS,HRSD_17.1,HRSD17,full,MinMaxScaler,ET,185,46,5,-0.0765,7.2274,8.8914,-0.1031,-0.3062,-0.1045
3,positive_training,ALL_CONDITIONS,HRSD_17.1,HRSD17,full,MinMaxScaler,GB,185,46,5,-0.1431,7.8378,9.3751,-0.1781,-0.4522,-0.1851
3,positive_training,ALL_CONDITIONS,HRSD_17.1,HRSD17,full,MinMaxScaler,XGB,185,46,5,-0.1551,7.8499,9.3881,-0.1972,-0.4562,-0.2461
3,positive_training,ALL_CONDITIONS,HRSD_17.1,HRSD17,full,MinMaxScaler,MLP,185,46,5,0.0579,6.7185,7.9221,0.1182,-0.0369,0.0028
3,positive_training,ALL_CONDITIONS,HRSD_17.1,HRSD17,full,MinMaxScaler,LGBM,185,46,5,-0.1177,7.6216,9.2836,-0.1525,-0.424,-0.1887
3,positive_training,ALL_CONDITIONS,HRSD_17.1,HRSD17,full,MinMaxScaler,CatBoost,185,46,5,-0.0758,7.3232,8.8186,-0.1068,-0.2849,-0.157
3,positive_training,ALL_CONDITIONS,HRSD_17.1,HRSD17,full,RobustScaler,Ridge,185,46,5,-0.0647,7.071,8.4598,-0.1162,-0.1825,-0.1037
3,positive_training,ALL_CONDITIONS,HRSD_17.1,HRSD17,full,RobustScaler,Lasso,185,46,5,-0.0703,7.1001,8.5157,-0.122,-0.1981,-0.1064
3,positive_training,ALL_CONDITIONS,HRSD_17.1,HRSD17,full,RobustScaler,ElasticNet,185,46,5,-0.0614,7.0519,8.4168,-0.114,-0.1705,-0.105
3,positive_training,ALL_CONDITIONS,HRSD_17.1,HRSD17,full,RobustScaler,SVR,185,46,5,0.0551,6.8851,8.5135,0.0679,-0.1975,0.0834
3,positive_training,ALL_CONDITIONS,HRSD_17.1,HRSD17,full,RobustScaler,KNN,185,46,5,-0.0368,7.5217,8.9474,-0.0481,-0.3227,-0.0194
3,positive_training,ALL_CONDITIONS,HRSD_17.1,HRSD17,full,RobustScaler,RF,185,46,5,-0.0097,7.0491,8.5062,-0.014,-0.1955,-0.0229
3,positive_training,ALL_CONDITIONS,HRSD_17.1,HRSD17,full,RobustScaler,ET,185,46,5,0.001,6.9807,8.5433,0.0014,-0.2059,0.0158
3,positive_training,ALL_CONDITIONS,HRSD_17.1,HRSD17,full,RobustScaler,GB,185,46,5,-0.0394,7.7089,9.3168,-0.0447,-0.4342,-0.0647
3,positive_training,ALL_CONDITIONS,HRSD_17.1,HRSD17,full,RobustScaler,XGB,185,46,5,-0.0153,7.4278,8.9882,-0.0181,-0.3348,-0.0396
3,positive_training,ALL_CONDITIONS,HRSD_17.1,HRSD17,full,RobustScaler,MLP,185,46,5,0.0112,7.1436,8.5732,0.0155,-0.2144,0.004
3,positive_training,ALL_CONDITIONS,HRSD_17.1,HRSD17,full,RobustScaler,LGBM,185,46,5,-0.1003,7.596,9.1655,-0.1315,-0.388,-0.1814
3,positive_training,ALL_CONDITIONS,HRSD_17.1,HRSD17,full,RobustScaler,CatBoost,185,46,5,0.0178,7.0509,8.5376,0.0237,-0.2043,-0.0412
4,positive_training,ALL_CONDITIONS,HRSD_17.1,HRSD17,full,StandardScaler,Ridge,185,46,10,-0.0261,6.3559,7.8176,-0.0469,-0.1212,-0.0038
4,positive_training,ALL_CONDITIONS,HRSD_17.1,HRSD17,full,StandardScaler,Lasso,185,46,10,-0.0335,6.3155,7.773,-0.0673,-0.1084,-0.0648
4,positive_training,ALL_CONDITIONS,HRSD_17.1,HRSD17,full,StandardScaler,ElasticNet,185,46,10,-0.0437,6.342,7.7738,-0.0937,-0.1086,-0.0729
4,positive_training,ALL_CONDITIONS,HRSD_17.1,HRSD17,full,StandardScaler,SVR,185,46,10,-0.0021,6.3547,7.8158,-0.0034,-0.1206,0.0482
4,positive_training,ALL_CONDITIONS,HRSD_17.1,HRSD17,full,StandardScaler,KNN,185,46,10,-0.0882,6.9758,8.3966,-0.1209,-0.2934,-0.1387
4,positive_training,ALL_CONDITIONS,HRSD_17.1,HRSD17,full,StandardScaler,RF,185,46,10,0.0181,6.4714,7.7766,0.0287,-0.1094,0.0228
4,positive_training,ALL_CONDITIONS,HRSD_17.1,HRSD17,full,StandardScaler,ET,185,46,10,-0.0172,6.5821,7.9692,-0.0258,-0.165,-0.0291
4,positive_training,ALL_CONDITIONS,HRSD_17.1,HRSD17,full,StandardScaler,GB,185,46,10,0.0508,6.3597,7.7567,0.0733,-0.1037,0.0387
4,positive_training,ALL_CONDITIONS,HRSD_17.1,HRSD17,full,StandardScaler,XGB,185,46,10,0.0101,6.6046,7.9201,0.0146,-0.1508,-0.0087
4,positive_training,ALL_CONDITIONS,HRSD_17.1,HRSD17,full,StandardScaler,MLP,185,46,10,0.0257,6.4576,7.895,0.0362,-0.1435,0.0931
4,positive_training,ALL_CONDITIONS,HRSD_17.1,HRSD17,full,StandardScaler,LGBM,185,46,10,0.0429,6.2679,7.662,0.0693,-0.077,0.0925
4,positive_training,ALL_CONDITIONS,HRSD_17.1,HRSD17,full,StandardScaler,CatBoost,185,46,10,-0.017,6.4682,7.8544,-0.0283,-0.1317,-0.0182
4,positive_training,ALL_CONDITIONS,HRSD_17.1,HRSD17,full,MinMaxScaler,Ridge,185,46,20,0.0259,6.8247,8.3234,0.0307,-0.2709,0.0321
4,positive_training,ALL_CONDITIONS,HRSD_17.1,HRSD17,full,MinMaxScaler,Lasso,185,46,20,0.0058,6.8169,8.2191,0.0074,-0.2393,-0.0109
4,positive_training,ALL_CONDITIONS,HRSD_17.1,HRSD17,full,MinMaxScaler,ElasticNet,185,46,20,-0.0013,6.7686,8.1151,-0.0018,-0.2081,-0.0725
4,positive_training,ALL_CONDITIONS,HRSD_17.1,HRSD17,full,MinMaxScaler,SVR,185,46,20,0.088,6.5845,8.0335,0.1047,-0.1839,0.0889
4,positive_training,ALL_CONDITIONS,HRSD_17.1,HRSD17,full,MinMaxScaler,KNN,185,46,20,0.1455,6.0386,7.4559,0.1976,-0.0198,0.1429
4,positive_training,ALL_CONDITIONS,HRSD_17.1,HRSD17,full,MinMaxScaler,RF,185,46,20,0.0498,6.4553,7.8355,0.0686,-0.1263,-0.0147
4,positive_training,ALL_CONDITIONS,HRSD_17.1,HRSD17,full,MinMaxScaler,ET,185,46,20,0.0909,6.2072,7.6805,0.1245,-0.0822,0.0744
4,positive_training,ALL_CONDITIONS,HRSD_17.1,HRSD17,full,MinMaxScaler,GB,185,46,20,0.1796,6.0321,7.2813,0.2514,0.0274,0.2024
4,positive_training,ALL_CONDITIONS,HRSD_17.1,HRSD17,full,MinMaxScaler,XGB,185,46,20,0.0611,6.5398,8.1526,0.0747,-0.2193,0.0384
4,positive_training,ALL_CONDITIONS,HRSD_17.1,HRSD17,full,MinMaxScaler,MLP,185,46,20,0.0416,6.4064,7.7265,0.063,-0.0952,0.0225
4,positive_training,ALL_CONDITIONS,HRSD_17.1,HRSD17,full,MinMaxScaler,LGBM,185,46,20,0.0147,6.6735,8.2996,0.0178,-0.2637,-0.0601
4,positive_training,ALL_CONDITIONS,HRSD_17.1,HRSD17,full,MinMaxScaler,CatBoost,185,46,20,0.1084,6.3668,7.7524,0.1405,-0.1025,0.1047
4,positive_training,ALL_CONDITIONS,HRSD_17.1,HRSD17,full,RobustScaler,Ridge,185,46,20,-0.052,7.11,8.791,-0.0594,-0.4177,-0.0696
4,positive_training,ALL_CONDITIONS,HRSD_17.1,HRSD17,full,RobustScaler,Lasso,185,46,20,-0.0472,6.7499,8.1255,-0.069,-0.2112,-0.1113
4,positive_training,ALL_CONDITIONS,HRSD_17.1,HRSD17,full,RobustScaler,ElasticNet,185,46,20,-0.06,7.0865,8.7506,-0.0698,-0.4047,-0.0609
4,positive_training,ALL_CONDITIONS,HRSD_17.1,HRSD17,full,RobustScaler,SVR,185,46,20,-0.0103,6.8115,8.5439,-0.012,-0.3391,-0.0408
4,positive_training,ALL_CONDITIONS,HRSD_17.1,HRSD17,full,RobustScaler,KNN,185,46,20,-0.0937,6.9876,8.7374,-0.1133,-0.4005,-0.0974
4,positive_training,ALL_CONDITIONS,HRSD_17.1,HRSD17,full,RobustScaler,RF,185,46,20,-0.0127,6.6899,8.2665,-0.0163,-0.2536,-0.0762
4,positive_training,ALL_CONDITIONS,HRSD_17.1,HRSD17,full,RobustScaler,ET,185,46,20,0.0569,6.2457,7.839,0.0774,-0.1273,0.0658
4,positive_training,ALL_CONDITIONS,HRSD_17.1,HRSD17,full,RobustScaler,GB,185,46,20,0.0722,6.7396,8.1668,0.0843,-0.2235,-0.0109
4,positive_training,ALL_CONDITIONS,HRSD_17.1,HRSD17,full,RobustScaler,XGB,185,46,20,0.0668,6.7176,8.0842,0.0806,-0.1989,0.0075
4,positive_training,ALL_CONDITIONS,HRSD_17.1,HRSD17,full,RobustScaler,MLP,185,46,20,-0.0343,7.0089,8.88,-0.0381,-0.4466,0.0439
4,positive_training,ALL_CONDITIONS,HRSD_17.1,HRSD17,full,RobustScaler,LGBM,185,46,20,-0.0252,7.0068,8.5364,-0.0298,-0.3368,-0.0975
4,positive_training,ALL_CONDITIONS,HRSD_17.1,HRSD17,full,RobustScaler,CatBoost,185,46,20,-0.0181,6.6769,8.1808,-0.0241,-0.2277,-0.1379
5,positive_training,ALL_CONDITIONS,HRSD_17.1,HRSD17,full,StandardScaler,Ridge,185,46,6,0.0155,6.7917,8.0414,0.0831,-0.0003,0.2085
5,positive_training,ALL_CONDITIONS,HRSD_17.1,HRSD17,full,StandardScaler,Lasso,185,46,6,0.0,6.8696,8.0552,,-0.0037,
5,positive_training,ALL_CONDITIONS,HRSD_17.1,HRSD17,full,StandardScaler,ElasticNet,185,46,6,0.0,6.8696,8.0552,,-0.0037,
5,positive_training,ALL_CONDITIONS,HRSD_17.1,HRSD17,full,StandardScaler,SVR,185,46,6,0.0201,7.1689,8.5792,0.0341,-0.1385,-0.0308
5,positive_training,ALL_CONDITIONS,HRSD_17.1,HRSD17,full,StandardScaler,KNN,185,46,6,0.0442,7.0918,8.4619,0.0656,-0.1076,-0.0332
5,positive_training,ALL_CONDITIONS,HRSD_17.1,HRSD17,full,StandardScaler,RF,185,46,6,0.0465,7.0928,8.5325,0.0673,-0.1261,-0.0653
5,positive_training,ALL_CONDITIONS,HRSD_17.1,HRSD17,full,StandardScaler,ET,185,46,6,0.025,7.2358,8.9585,0.0325,-0.2414,-0.0311
5,positive_training,ALL_CONDITIONS,HRSD_17.1,HRSD17,full,StandardScaler,GB,185,46,6,-0.0449,7.3528,8.9467,-0.0664,-0.2381,-0.1136
5,positive_training,ALL_CONDITIONS,HRSD_17.1,HRSD17,full,StandardScaler,XGB,185,46,6,-0.0723,7.4678,9.0552,-0.1077,-0.2684,-0.139
5,positive_training,ALL_CONDITIONS,HRSD_17.1,HRSD17,full,StandardScaler,MLP,185,46,6,-0.0025,6.8998,8.2701,-0.006,-0.0579,-0.1108
5,positive_training,ALL_CONDITIONS,HRSD_17.1,HRSD17,full,StandardScaler,LGBM,185,46,6,0.0084,7.0371,8.702,0.0125,-0.1713,-0.0859
5,positive_training,ALL_CONDITIONS,HRSD_17.1,HRSD17,full,StandardScaler,CatBoost,185,46,6,0.0122,6.9288,8.378,0.0222,-0.0857,-0.0491
5,positive_training,ALL_CONDITIONS,HRSD_17.1,HRSD17,full,MinMaxScaler,Ridge,185,46,5,0.0,6.8693,8.0551,0.0113,-0.0037,-0.1003
5,positive_training,ALL_CONDITIONS,HRSD_17.1,HRSD17,full,MinMaxScaler,Lasso,185,46,5,0.0,6.8696,8.0552,,-0.0037,
5,positive_training,ALL_CONDITIONS,HRSD_17.1,HRSD17,full,MinMaxScaler,ElasticNet,185,46,5,0.0,6.8696,8.0552,,-0.0037,
5,positive_training,ALL_CONDITIONS,HRSD_17.1,HRSD17,full,MinMaxScaler,SVR,185,46,5,0.0,6.8691,8.2215,0.0093,-0.0455,-0.0962
5,positive_training,ALL_CONDITIONS,HRSD_17.1,HRSD17,full,MinMaxScaler,KNN,185,46,5,0.0723,6.8671,8.3339,0.1067,-0.0743,0.0317
5,positive_training,ALL_CONDITIONS,HRSD_17.1,HRSD17,full,MinMaxScaler,RF,185,46,5,0.0972,6.9071,8.4007,0.1337,-0.0916,0.0464
5,positive_training,ALL_CONDITIONS,HRSD_17.1,HRSD17,full,MinMaxScaler,ET,185,46,5,0.0811,6.9014,8.6119,0.1071,-0.1472,0.0425
5,positive_training,ALL_CONDITIONS,HRSD_17.1,HRSD17,full,MinMaxScaler,GB,185,46,5,-0.0508,7.379,8.9844,-0.0749,-0.2486,-0.1151
5,positive_training,ALL_CONDITIONS,HRSD_17.1,HRSD17,full,MinMaxScaler,XGB,185,46,5,-0.0723,7.4678,9.0552,-0.1077,-0.2684,-0.139
5,positive_training,ALL_CONDITIONS,HRSD_17.1,HRSD17,full,MinMaxScaler,MLP,185,46,5,-0.0003,6.8637,8.0569,-0.0162,-0.0041,-0.0846
5,positive_training,ALL_CONDITIONS,HRSD_17.1,HRSD17,full,MinMaxScaler,LGBM,185,46,5,0.0382,6.8713,8.3854,0.0637,-0.0877,-0.0163
5,positive_training,ALL_CONDITIONS,HRSD_17.1,HRSD17,full,MinMaxScaler,CatBoost,185,46,5,0.0248,6.923,8.3162,0.0465,-0.0698,-0.0256
5,positive_training,ALL_CONDITIONS,HRSD_17.1,HRSD17,full,RobustScaler,Ridge,185,46,5,0.0121,6.7867,8.0932,0.0484,-0.0132,0.1869
5,positive_training,ALL_CONDITIONS,HRSD_17.1,HRSD17,full,RobustScaler,Lasso,185,46,5,0.0,6.8696,8.0552,,-0.0037,
5,positive_training,ALL_CONDITIONS,HRSD_17.1,HRSD17,full,RobustScaler,ElasticNet,185,46,5,0.0135,6.786,8.077,0.0577,-0.0091,0.2054
5,positive_training,ALL_CONDITIONS,HRSD_17.1,HRSD17,full,RobustScaler,SVR,185,46,5,0.0094,7.1994,8.6869,0.0159,-0.1673,-0.0498
5,positive_training,ALL_CONDITIONS,HRSD_17.1,HRSD17,full,RobustScaler,KNN,185,46,5,0.1091,6.6981,8.1789,0.1593,-0.0348,0.0881
5,positive_training,ALL_CONDITIONS,HRSD_17.1,HRSD17,full,RobustScaler,RF,185,46,5,0.0972,6.9071,8.4007,0.1337,-0.0916,0.0464
5,positive_training,ALL_CONDITIONS,HRSD_17.1,HRSD17,full,RobustScaler,ET,185,46,5,0.0811,6.9014,8.6119,0.1071,-0.1472,0.0425
5,positive_training,ALL_CONDITIONS,HRSD_17.1,HRSD17,full,RobustScaler,GB,185,46,5,-0.0508,7.379,8.9844,-0.0749,-0.2486,-0.1151
5,positive_training,ALL_CONDITIONS,HRSD_17.1,HRSD17,full,RobustScaler,XGB,185,46,5,-0.0723,7.4678,9.0552,-0.1077,-0.2684,-0.139
5,positive_training,ALL_CONDITIONS,HRSD_17.1,HRSD17,full,RobustScaler,MLP,185,46,5,-0.009,6.9249,8.4361,-0.0175,-0.1008,-0.0627
5,positive_training,ALL_CONDITIONS,HRSD_17.1,HRSD17,full,RobustScaler,LGBM,185,46,5,0.0359,6.8513,8.5531,0.0533,-0.1316,-0.0499
5,positive_training,ALL_CONDITIONS,HRSD_17.1,HRSD17,full,RobustScaler,CatBoost,185,46,5,0.0248,6.923,8.3162,0.0465,-0.0698,-0.0256
1,positive_training,ALL_CONDITIONS,HRSD_21.1,HRSD21,full,StandardScaler,Ridge,184,47,10,-0.1734,8.4949,10.2026,-0.2878,-0.3056,-0.3164
1,positive_training,ALL_CONDITIONS,HRSD_21.1,HRSD21,full,StandardScaler,Lasso,184,47,10,-0.1678,8.5197,10.2297,-0.2686,-0.3126,-0.3263
1,positive_training,ALL_CONDITIONS,HRSD_21.1,HRSD21,full,StandardScaler,ElasticNet,184,47,10,-0.1567,8.4234,10.1505,-0.2565,-0.2923,-0.2846
1,positive_training,ALL_CONDITIONS,HRSD_21.1,HRSD21,full,StandardScaler,SVR,184,47,10,-0.0847,7.9464,9.5837,-0.2116,-0.152,-0.2525
1,positive_training,ALL_CONDITIONS,HRSD_21.1,HRSD21,full,StandardScaler,KNN,184,47,10,-0.2397,9.2255,11.1248,-0.299,-0.5523,-0.2993
1,positive_training,ALL_CONDITIONS,HRSD_21.1,HRSD21,full,StandardScaler,RF,184,47,10,-0.265,9.0332,10.6881,-0.412,-0.4329,-0.4114
1,positive_training,ALL_CONDITIONS,HRSD_21.1,HRSD21,full,StandardScaler,ET,184,47,10,-0.2025,9.1674,10.6597,-0.2821,-0.4253,-0.3146
1,positive_training,ALL_CONDITIONS,HRSD_21.1,HRSD21,full,StandardScaler,GB,184,47,10,-0.282,9.0759,10.8981,-0.4187,-0.4897,-0.4333
1,positive_training,ALL_CONDITIONS,HRSD_21.1,HRSD21,full,StandardScaler,XGB,184,47,10,-0.2577,8.8085,10.6921,-0.4053,-0.4339,-0.391
1,positive_training,ALL_CONDITIONS,HRSD_21.1,HRSD21,full,StandardScaler,MLP,184,47,10,-0.2094,8.9506,10.8357,-0.2793,-0.4727,-0.3136
1,positive_training,ALL_CONDITIONS,HRSD_21.1,HRSD21,full,StandardScaler,LGBM,184,47,10,-0.231,8.9814,10.808,-0.3152,-0.4652,-0.3263
1,positive_training,ALL_CONDITIONS,HRSD_21.1,HRSD21,full,StandardScaler,CatBoost,184,47,10,-0.191,8.5694,10.1823,-0.345,-0.3004,-0.3419
1,positive_training,ALL_CONDITIONS,HRSD_21.1,HRSD21,full,MinMaxScaler,Ridge,184,47,10,-0.1118,8.0275,9.9241,-0.1885,-0.2353,-0.1416
1,positive_training,ALL_CONDITIONS,HRSD_21.1,HRSD21,full,MinMaxScaler,Lasso,184,47,10,-0.0624,7.7152,9.485,-0.1364,-0.1284,-0.0958
1,positive_training,ALL_CONDITIONS,HRSD_21.1,HRSD21,full,MinMaxScaler,ElasticNet,184,47,10,-0.1036,7.977,9.8373,-0.1825,-0.2138,-0.1342
1,positive_training,ALL_CONDITIONS,HRSD_21.1,HRSD21,full,MinMaxScaler,SVR,184,47,10,-0.098,8.0034,9.8682,-0.1718,-0.2214,-0.1606
1,positive_training,ALL_CONDITIONS,HRSD_21.1,HRSD21,full,MinMaxScaler,KNN,184,47,10,-0.1298,8.4303,10.1482,-0.196,-0.2917,-0.2106
1,positive_training,ALL_CONDITIONS,HRSD_21.1,HRSD21,full,MinMaxScaler,RF,184,47,10,-0.1529,8.3662,10.1399,-0.2484,-0.2896,-0.2398
1,positive_training,ALL_CONDITIONS,HRSD_21.1,HRSD21,full,MinMaxScaler,ET,184,47,10,-0.1415,8.4944,10.1624,-0.2189,-0.2954,-0.2179
1,positive_training,ALL_CONDITIONS,HRSD_21.1,HRSD21,full,MinMaxScaler,GB,184,47,10,-0.1549,8.3861,10.4288,-0.2161,-0.3642,-0.1494
1,positive_training,ALL_CONDITIONS,HRSD_21.1,HRSD21,full,MinMaxScaler,XGB,184,47,10,-0.0608,7.9464,9.7905,-0.0952,-0.2023,-0.1119
1,positive_training,ALL_CONDITIONS,HRSD_21.1,HRSD21,full,MinMaxScaler,MLP,184,47,10,-0.1217,8.2019,10.0417,-0.1968,-0.2648,-0.1595
1,positive_training,ALL_CONDITIONS,HRSD_21.1,HRSD21,full,MinMaxScaler,LGBM,184,47,10,-0.1138,8.0013,10.2096,-0.1615,-0.3074,-0.1382
1,positive_training,ALL_CONDITIONS,HRSD_21.1,HRSD21,full,MinMaxScaler,CatBoost,184,47,10,-0.1026,8.132,9.8207,-0.1815,-0.2097,-0.179
1,positive_training,ALL_CONDITIONS,HRSD_21.1,HRSD21,full,RobustScaler,Ridge,184,47,10,-0.1172,8.2424,9.9379,-0.1996,-0.2388,-0.1981
1,positive_training,ALL_CONDITIONS,HRSD_21.1,HRSD21,full,RobustScaler,Lasso,184,47,10,-0.1162,8.2347,9.9273,-0.1992,-0.2361,-0.1996
1,positive_training,ALL_CONDITIONS,HRSD_21.1,HRSD21,full,RobustScaler,ElasticNet,184,47,10,-0.1162,8.2362,9.9252,-0.1995,-0.2356,-0.2078
1,positive_training,ALL_CONDITIONS,HRSD_21.1,HRSD21,full,RobustScaler,SVR,184,47,10,-0.1063,7.9902,9.6362,-0.3138,-0.1647,-0.2729
1,positive_training,ALL_CONDITIONS,HRSD_21.1,HRSD21,full,RobustScaler,KNN,184,47,10,-0.2029,9.003,10.6894,-0.2854,-0.4332,-0.245
1,positive_training,ALL_CONDITIONS,HRSD_21.1,HRSD21,full,RobustScaler,RF,184,47,10,-0.2482,8.8232,10.5977,-0.3908,-0.4087,-0.3786
1,positive_training,ALL_CONDITIONS,HRSD_21.1,HRSD21,full,RobustScaler,ET,184,47,10,-0.2243,9.0052,10.6467,-0.3247,-0.4218,-0.354
1,positive_training,ALL_CONDITIONS,HRSD_21.1,HRSD21,full,RobustScaler,GB,184,47,10,-0.2477,8.9639,10.7167,-0.3722,-0.4405,-0.3741
1,positive_training,ALL_CONDITIONS,HRSD_21.1,HRSD21,full,RobustScaler,XGB,184,47,10,-0.2253,8.7386,10.5128,-0.3617,-0.3862,-0.3649
1,positive_training,ALL_CONDITIONS,HRSD_21.1,HRSD21,full,RobustScaler,MLP,184,47,10,-0.1934,8.7015,10.8197,-0.2566,-0.4684,-0.2044
1,positive_training,ALL_CONDITIONS,HRSD_21.1,HRSD21,full,RobustScaler,LGBM,184,47,10,-0.2272,8.8613,10.8053,-0.3084,-0.4645,-0.3254
1,positive_training,ALL_CONDITIONS,HRSD_21.1,HRSD21,full,RobustScaler,CatBoost,184,47,10,-0.1631,8.3562,10.021,-0.3083,-0.2596,-0.3206
2,positive_training,ALL_CONDITIONS,HRSD_21.1,HRSD21,full,StandardScaler,Ridge,185,46,5,-0.1397,8.4652,10.4832,-0.2099,-0.3325,-0.1481
2,positive_training,ALL_CONDITIONS,HRSD_21.1,HRSD21,full,StandardScaler,Lasso,185,46,5,-0.1382,8.4438,10.4642,-0.209,-0.3277,-0.1512
2,positive_training,ALL_CONDITIONS,HRSD_21.1,HRSD21,full,StandardScaler,ElasticNet,185,46,5,-0.1359,8.4153,10.4271,-0.2083,-0.3183,-0.1483
2,positive_training,ALL_CONDITIONS,HRSD_21.1,HRSD21,full,StandardScaler,SVR,185,46,5,-0.1558,8.3734,10.6735,-0.2296,-0.3814,-0.1847
2,positive_training,ALL_CONDITIONS,HRSD_21.1,HRSD21,full,StandardScaler,KNN,185,46,5,-0.0511,8.0894,10.1653,-0.0725,-0.2529,-0.0315
2,positive_training,ALL_CONDITIONS,HRSD_21.1,HRSD21,full,StandardScaler,RF,185,46,5,-0.13,7.9713,10.3715,-0.1934,-0.3043,-0.1448
2,positive_training,ALL_CONDITIONS,HRSD_21.1,HRSD21,full,StandardScaler,ET,185,46,5,-0.1039,8.0938,10.4578,-0.1418,-0.3261,-0.0848
2,positive_training,ALL_CONDITIONS,HRSD_21.1,HRSD21,full,StandardScaler,GB,185,46,5,-0.1198,8.3326,10.4355,-0.1748,-0.3204,-0.1729
2,positive_training,ALL_CONDITIONS,HRSD_21.1,HRSD21,full,StandardScaler,XGB,185,46,5,-0.0948,8.2619,10.355,-0.1403,-0.3001,-0.1511
2,positive_training,ALL_CONDITIONS,HRSD_21.1,HRSD21,full,StandardScaler,MLP,185,46,5,-0.1898,8.6772,10.9239,-0.2566,-0.4469,-0.1918
2,positive_training,ALL_CONDITIONS,HRSD_21.1,HRSD21,full,StandardScaler,LGBM,185,46,5,-0.1618,8.4753,10.7415,-0.2292,-0.399,-0.1564
2,positive_training,ALL_CONDITIONS,HRSD_21.1,HRSD21,full,StandardScaler,CatBoost,185,46,5,-0.1254,8.0023,10.3284,-0.1981,-0.2935,-0.1545
2,positive_training,ALL_CONDITIONS,HRSD_21.1,HRSD21,full,MinMaxScaler,Ridge,185,46,10,-0.1168,8.4465,10.5413,-0.1584,-0.3474,-0.1106
2,positive_training,ALL_CONDITIONS,HRSD_21.1,HRSD21,full,MinMaxScaler,Lasso,185,46,10,-0.1145,8.4114,10.4934,-0.1578,-0.3351,-0.1139
2,positive_training,ALL_CONDITIONS,HRSD_21.1,HRSD21,full,MinMaxScaler,ElasticNet,185,46,10,-0.1079,8.2723,10.3252,-0.1588,-0.2927,-0.1169
2,positive_training,ALL_CONDITIONS,HRSD_21.1,HRSD21,full,MinMaxScaler,SVR,185,46,10,-0.1567,8.7428,11.0954,-0.1954,-0.4927,-0.1311
2,positive_training,ALL_CONDITIONS,HRSD_21.1,HRSD21,full,MinMaxScaler,KNN,185,46,10,-0.132,9.2043,11.2458,-0.1522,-0.5335,-0.1382
2,positive_training,ALL_CONDITIONS,HRSD_21.1,HRSD21,full,MinMaxScaler,RF,185,46,10,-0.1852,8.4903,10.6794,-0.2661,-0.3829,-0.2244
2,positive_training,ALL_CONDITIONS,HRSD_21.1,HRSD21,full,MinMaxScaler,ET,185,46,10,-0.1325,8.3513,10.3522,-0.2013,-0.2994,-0.1542
2,positive_training,ALL_CONDITIONS,HRSD_21.1,HRSD21,full,MinMaxScaler,GB,185,46,10,-0.1124,8.947,11.1709,-0.1313,-0.5131,-0.0958
2,positive_training,ALL_CONDITIONS,HRSD_21.1,HRSD21,full,MinMaxScaler,XGB,185,46,10,-0.1643,8.8315,10.9674,-0.2109,-0.4585,-0.1666
2,positive_training,ALL_CONDITIONS,HRSD_21.1,HRSD21,full,MinMaxScaler,MLP,185,46,10,-0.0214,7.5287,9.4146,-0.0519,-0.0747,-0.0516
2,positive_training,ALL_CONDITIONS,HRSD_21.1,HRSD21,full,MinMaxScaler,LGBM,185,46,10,-0.158,9.2401,11.2954,-0.1825,-0.547,-0.1707
2,positive_training,ALL_CONDITIONS,HRSD_21.1,HRSD21,full,MinMaxScaler,CatBoost,185,46,10,-0.1283,8.4931,10.5267,-0.1797,-0.3436,-0.1765
2,positive_training,ALL_CONDITIONS,HRSD_21.1,HRSD21,full,RobustScaler,Ridge,185,46,15,-0.1107,8.2514,10.2621,-0.1703,-0.2769,-0.1408
2,positive_training,ALL_CONDITIONS,HRSD_21.1,HRSD21,full,RobustScaler,Lasso,185,46,15,-0.1109,8.3819,10.4576,-0.1543,-0.326,-0.1097
2,positive_training,ALL_CONDITIONS,HRSD_21.1,HRSD21,full,RobustScaler,ElasticNet,185,46,15,-0.0998,8.0579,10.0246,-0.1757,-0.2185,-0.1541
2,positive_training,ALL_CONDITIONS,HRSD_21.1,HRSD21,full,RobustScaler,SVR,185,46,15,-0.1917,8.9407,11.2603,-0.243,-0.5374,-0.1726
2,positive_training,ALL_CONDITIONS,HRSD_21.1,HRSD21,full,RobustScaler,KNN,185,46,15,-0.125,8.8454,10.8468,-0.1553,-0.4266,-0.1025
2,positive_training,ALL_CONDITIONS,HRSD_21.1,HRSD21,full,RobustScaler,RF,185,46,15,-0.1477,8.276,10.3766,-0.2269,-0.3056,-0.1536
2,positive_training,ALL_CONDITIONS,HRSD_21.1,HRSD21,full,RobustScaler,ET,185,46,15,-0.1029,8.2287,10.1411,-0.162,-0.247,-0.1355
2,positive_training,ALL_CONDITIONS,HRSD_21.1,HRSD21,full,RobustScaler,GB,185,46,15,-0.1035,9.0519,11.046,-0.1188,-0.4795,-0.0766
2,positive_training,ALL_CONDITIONS,HRSD_21.1,HRSD21,full,RobustScaler,XGB,185,46,15,-0.0601,8.1331,10.5289,-0.0738,-0.3442,-0.0232
2,positive_training,ALL_CONDITIONS,HRSD_21.1,HRSD21,full,RobustScaler,MLP,185,46,15,-0.2698,9.0668,11.4954,-0.3335,-0.6023,-0.266
2,positive_training,ALL_CONDITIONS,HRSD_21.1,HRSD21,full,RobustScaler,LGBM,185,46,15,-0.2007,9.1034,11.332,-0.2395,-0.557,-0.2409
2,positive_training,ALL_CONDITIONS,HRSD_21.1,HRSD21,full,RobustScaler,CatBoost,185,46,15,-0.1065,8.3659,10.3753,-0.1552,-0.3052,-0.1204
3,positive_training,ALL_CONDITIONS,HRSD_21.1,HRSD21,full,StandardScaler,Ridge,185,46,10,-0.0762,8.5805,10.1585,-0.0898,-0.4087,-0.0368
3,positive_training,ALL_CONDITIONS,HRSD_21.1,HRSD21,full,StandardScaler,Lasso,185,46,10,-0.0841,8.7343,10.4714,-0.0941,-0.4968,-0.0391
3,positive_training,ALL_CONDITIONS,HRSD_21.1,HRSD21,full,StandardScaler,ElasticNet,185,46,10,-0.0797,8.652,10.3135,-0.0913,-0.452,-0.0296
3,positive_training,ALL_CONDITIONS,HRSD_21.1,HRSD21,full,StandardScaler,SVR,185,46,10,-0.0038,7.4043,8.916,-0.0075,-0.0852,-0.0089
3,positive_training,ALL_CONDITIONS,HRSD_21.1,HRSD21,full,StandardScaler,KNN,185,46,10,0.0087,7.6329,8.9966,0.0146,-0.1049,0.0458
3,positive_training,ALL_CONDITIONS,HRSD_21.1,HRSD21,full,StandardScaler,RF,185,46,10,0.0968,7.2323,8.5517,0.1704,0.0017,0.1551
3,positive_training,ALL_CONDITIONS,HRSD_21.1,HRSD21,full,StandardScaler,ET,185,46,10,0.0675,7.2023,8.7921,0.1084,-0.0552,0.1265
3,positive_training,ALL_CONDITIONS,HRSD_21.1,HRSD21,full,StandardScaler,GB,185,46,10,0.1594,6.8802,8.3874,0.2439,0.0397,0.2182
3,positive_training,ALL_CONDITIONS,HRSD_21.1,HRSD21,full,StandardScaler,XGB,185,46,10,0.1531,7.0055,8.5087,0.2223,0.0117,0.1826
3,positive_training,ALL_CONDITIONS,HRSD_21.1,HRSD21,full,StandardScaler,MLP,185,46,10,-0.0626,8.4544,10.0305,-0.0751,-0.3734,-0.0319
3,positive_training,ALL_CONDITIONS,HRSD_21.1,HRSD21,full,StandardScaler,LGBM,185,46,10,0.1903,7.1456,8.3084,0.2919,0.0577,0.2868
3,positive_training,ALL_CONDITIONS,HRSD_21.1,HRSD21,full,StandardScaler,CatBoost,185,46,10,0.0547,7.3138,8.686,0.1028,-0.0299,0.0767
3,positive_training,ALL_CONDITIONS,HRSD_21.1,HRSD21,full,MinMaxScaler,Ridge,185,46,20,0.0813,7.7314,9.9784,0.0872,-0.3592,0.0592
3,positive_training,ALL_CONDITIONS,HRSD_21.1,HRSD21,full,MinMaxScaler,Lasso,185,46,20,0.0789,7.91,10.1624,0.0832,-0.4097,0.0449
3,positive_training,ALL_CONDITIONS,HRSD_21.1,HRSD21,full,MinMaxScaler,ElasticNet,185,46,20,0.063,7.4792,9.1425,0.0829,-0.141,0.0981
3,positive_training,ALL_CONDITIONS,HRSD_21.1,HRSD21,full,MinMaxScaler,SVR,185,46,20,0.0861,7.2782,9.0298,0.1129,-0.113,0.0644
3,positive_training,ALL_CONDITIONS,HRSD_21.1,HRSD21,full,MinMaxScaler,KNN,185,46,20,0.1329,7.3454,8.756,0.1874,-0.0465,0.1637
3,positive_training,ALL_CONDITIONS,HRSD_21.1,HRSD21,full,MinMaxScaler,RF,185,46,20,0.018,7.554,9.0435,0.0279,-0.1164,-0.0021
3,positive_training,ALL_CONDITIONS,HRSD_21.1,HRSD21,full,MinMaxScaler,ET,185,46,20,0.0689,7.4148,8.9889,0.0968,-0.103,0.0797
3,positive_training,ALL_CONDITIONS,HRSD_21.1,HRSD21,full,MinMaxScaler,GB,185,46,20,0.0063,7.9131,9.545,0.008,-0.2437,0.0105
3,positive_training,ALL_CONDITIONS,HRSD_21.1,HRSD21,full,MinMaxScaler,XGB,185,46,20,0.0183,7.8632,9.5135,0.0229,-0.2355,0.0281
3,positive_training,ALL_CONDITIONS,HRSD_21.1,HRSD21,full,MinMaxScaler,MLP,185,46,20,0.0435,7.5196,8.9637,0.0663,-0.0968,0.0795
3,positive_training,ALL_CONDITIONS,HRSD_21.1,HRSD21,full,MinMaxScaler,LGBM,185,46,20,0.0067,7.92,9.4759,0.0086,-0.2257,-0.0439
3,positive_training,ALL_CONDITIONS,HRSD_21.1,HRSD21,full,MinMaxScaler,CatBoost,185,46,20,0.0458,7.4231,8.9113,0.0713,-0.084,0.0172
3,positive_training,ALL_CONDITIONS,HRSD_21.1,HRSD21,full,RobustScaler,Ridge,185,46,10,0.0027,8.5419,10.2273,0.0029,-0.4278,-0.0067
3,positive_training,ALL_CONDITIONS,HRSD_21.1,HRSD21,full,RobustScaler,Lasso,185,46,10,0.0071,8.4779,10.1501,0.0078,-0.4063,0.0013
3,positive_training,ALL_CONDITIONS,HRSD_21.1,HRSD21,full,RobustScaler,ElasticNet,185,46,10,0.0127,8.2636,9.8532,0.0145,-0.3253,-0.0036
3,positive_training,ALL_CONDITIONS,HRSD_21.1,HRSD21,full,RobustScaler,SVR,185,46,10,0.0164,7.3658,8.7946,0.033,-0.0558,0.0251
3,positive_training,ALL_CONDITIONS,HRSD_21.1,HRSD21,full,RobustScaler,KNN,185,46,10,-0.1298,8.0966,9.8202,-0.1906,-0.3164,-0.22
3,positive_training,ALL_CONDITIONS,HRSD_21.1,HRSD21,full,RobustScaler,RF,185,46,10,0.0471,7.4599,8.9471,0.0715,-0.0927,0.094
3,positive_training,ALL_CONDITIONS,HRSD_21.1,HRSD21,full,RobustScaler,ET,185,46,10,-0.0439,7.692,9.4378,-0.0633,-0.2159,-0.0334
3,positive_training,ALL_CONDITIONS,HRSD_21.1,HRSD21,full,RobustScaler,GB,185,46,10,0.0803,7.3771,8.9829,0.1095,-0.1015,0.1271
3,positive_training,ALL_CONDITIONS,HRSD_21.1,HRSD21,full,RobustScaler,XGB,185,46,10,0.0981,7.3341,8.8613,0.1351,-0.0719,0.1381
3,positive_training,ALL_CONDITIONS,HRSD_21.1,HRSD21,full,RobustScaler,MLP,185,46,10,-0.0825,8.2787,9.8167,-0.1091,-0.3155,-0.1108
3,positive_training,ALL_CONDITIONS,HRSD_21.1,HRSD21,full,RobustScaler,LGBM,185,46,10,0.0983,7.4629,8.8831,0.135,-0.0772,0.0986
3,positive_training,ALL_CONDITIONS,HRSD_21.1,HRSD21,full,RobustScaler,CatBoost,185,46,10,0.0089,7.6204,9.0212,0.0151,-0.1109,0.005
4,positive_training,ALL_CONDITIONS,HRSD_21.1,HRSD21,full,StandardScaler,Ridge,185,46,5,-0.0537,7.5744,8.7963,-0.0838,-0.1958,-0.104
4,positive_training,ALL_CONDITIONS,HRSD_21.1,HRSD21,full,StandardScaler,Lasso,185,46,5,-0.0549,7.574,8.7921,-0.0863,-0.1947,-0.121
4,positive_training,ALL_CONDITIONS,HRSD_21.1,HRSD21,full,StandardScaler,ElasticNet,185,46,5,-0.055,7.5737,8.7902,-0.0865,-0.1942,-0.121
4,positive_training,ALL_CONDITIONS,HRSD_21.1,HRSD21,full,StandardScaler,SVR,185,46,5,-0.0195,7.4791,9.0653,-0.0246,-0.2701,0.019
4,positive_training,ALL_CONDITIONS,HRSD_21.1,HRSD21,full,StandardScaler,KNN,185,46,5,0.0712,7.1135,8.4088,0.0997,-0.0928,0.0603
4,positive_training,ALL_CONDITIONS,HRSD_21.1,HRSD21,full,StandardScaler,RF,185,46,5,-0.0115,7.4921,8.6684,-0.0171,-0.1613,-0.0219
4,positive_training,ALL_CONDITIONS,HRSD_21.1,HRSD21,full,StandardScaler,ET,185,46,5,0.0991,7.2575,8.4222,0.1295,-0.0963,0.0115
4,positive_training,ALL_CONDITIONS,HRSD_21.1,HRSD21,full,StandardScaler,GB,185,46,5,-0.1186,7.8761,9.2894,-0.1613,-0.3337,-0.1763
4,positive_training,ALL_CONDITIONS,HRSD_21.1,HRSD21,full,StandardScaler,XGB,185,46,5,-0.0998,7.8334,9.1607,-0.1389,-0.297,-0.0955
4,positive_training,ALL_CONDITIONS,HRSD_21.1,HRSD21,full,StandardScaler,MLP,185,46,5,0.0432,7.2743,8.5736,0.0595,-0.1361,0.0505
4,positive_training,ALL_CONDITIONS,HRSD_21.1,HRSD21,full,StandardScaler,LGBM,185,46,5,0.0221,7.4031,8.6573,0.0305,-0.1583,0.0076
4,positive_training,ALL_CONDITIONS,HRSD_21.1,HRSD21,full,StandardScaler,CatBoost,185,46,5,-0.0092,7.518,8.6223,-0.014,-0.149,-0.0263
4,positive_training,ALL_CONDITIONS,HRSD_21.1,HRSD21,full,MinMaxScaler,Ridge,185,46,20,-0.0232,7.5486,9.2837,-0.0279,-0.332,-0.0387
4,positive_training,ALL_CONDITIONS,HRSD_21.1,HRSD21,full,MinMaxScaler,Lasso,185,46,20,-0.0219,7.5074,9.2053,-0.0269,-0.3096,-0.0476
4,positive_training,ALL_CONDITIONS,HRSD_21.1,HRSD21,full,MinMaxScaler,ElasticNet,185,46,20,-0.0005,7.3677,8.8857,-0.0006,-0.2203,-0.0189
4,positive_training,ALL_CONDITIONS,HRSD_21.1,HRSD21,full,MinMaxScaler,SVR,185,46,20,0.1273,6.8084,8.5346,0.1526,-0.1258,0.1251
4,positive_training,ALL_CONDITIONS,HRSD_21.1,HRSD21,full,MinMaxScaler,KNN,185,46,20,0.0418,7.5776,9.2056,0.0472,-0.3097,0.0274
4,positive_training,ALL_CONDITIONS,HRSD_21.1,HRSD21,full,MinMaxScaler,RF,185,46,20,0.0654,7.073,8.4219,0.0944,-0.0962,0.0474
4,positive_training,ALL_CONDITIONS,HRSD_21.1,HRSD21,full,MinMaxScaler,ET,185,46,20,0.1104,6.8722,8.2393,0.1565,-0.0492,0.1241
4,positive_training,ALL_CONDITIONS,HRSD_21.1,HRSD21,full,MinMaxScaler,GB,185,46,20,0.1716,7.0564,8.7456,0.1878,-0.1821,0.2171
4,positive_training,ALL_CONDITIONS,HRSD_21.1,HRSD21,full,MinMaxScaler,XGB,185,46,20,0.1865,6.805,8.2943,0.221,-0.0632,0.217
4,positive_training,ALL_CONDITIONS,HRSD_21.1,HRSD21,full,MinMaxScaler,MLP,185,46,20,0.0142,7.2564,8.483,0.0228,-0.1122,-0.0355
4,positive_training,ALL_CONDITIONS,HRSD_21.1,HRSD21,full,MinMaxScaler,LGBM,185,46,20,0.1307,7.0274,8.494,0.1581,-0.115,0.1121
4,positive_training,ALL_CONDITIONS,HRSD_21.1,HRSD21,full,MinMaxScaler,CatBoost,185,46,20,0.1254,6.8971,8.1095,0.1826,-0.0164,0.1424
4,positive_training,ALL_CONDITIONS,HRSD_21.1,HRSD21,full,RobustScaler,Ridge,185,46,5,-0.0758,7.6426,8.8725,-0.1187,-0.2166,-0.1254
4,positive_training,ALL_CONDITIONS,HRSD_21.1,HRSD21,full,RobustScaler,Lasso,185,46,5,-0.0617,7.5062,8.7354,-0.1032,-0.1793,-0.1197
4,positive_training,ALL_CONDITIONS,HRSD_21.1,HRSD21,full,RobustScaler,ElasticNet,185,46,5,-0.0585,7.4844,8.7107,-0.099,-0.1727,-0.1113
4,positive_training,ALL_CONDITIONS,HRSD_21.1,HRSD21,full,RobustScaler,SVR,185,46,5,0.0023,7.1554,8.4028,0.0045,-0.0912,-0.018
4,positive_training,ALL_CONDITIONS,HRSD_21.1,HRSD21,full,RobustScaler,KNN,185,46,5,0.1021,7.0507,8.4356,0.1335,-0.0998,0.096
4,positive_training,ALL_CONDITIONS,HRSD_21.1,HRSD21,full,RobustScaler,RF,185,46,5,0.0494,7.4111,8.8929,0.0598,-0.2223,0.0444
4,positive_training,ALL_CONDITIONS,HRSD_21.1,HRSD21,full,RobustScaler,ET,185,46,5,0.004,7.6072,9.0275,0.0049,-0.2595,-0.0226
4,positive_training,ALL_CONDITIONS,HRSD_21.1,HRSD21,full,RobustScaler,GB,185,46,5,-0.0498,7.8547,9.9114,-0.0546,-0.5182,0.0122
4,positive_training,ALL_CONDITIONS,HRSD_21.1,HRSD21,full,RobustScaler,XGB,185,46,5,0.0528,7.4821,9.0175,0.0613,-0.2567,0.0585
4,positive_training,ALL_CONDITIONS,HRSD_21.1,HRSD21,full,RobustScaler,MLP,185,46,5,-0.0653,7.456,8.8047,-0.104,-0.1981,-0.1058
4,positive_training,ALL_CONDITIONS,HRSD_21.1,HRSD21,full,RobustScaler,LGBM,185,46,5,0.0686,7.5215,9.3548,0.0748,-0.3525,0.0278
4,positive_training,ALL_CONDITIONS,HRSD_21.1,HRSD21,full,RobustScaler,CatBoost,185,46,5,0.02,7.6108,9.1535,0.0234,-0.2949,-0.0085
5,positive_training,ALL_CONDITIONS,HRSD_21.1,HRSD21,full,StandardScaler,Ridge,185,46,5,0.0125,7.2537,8.6995,0.0482,-0.0093,0.129
5,positive_training,ALL_CONDITIONS,HRSD_21.1,HRSD21,full,StandardScaler,Lasso,185,46,5,0.0,7.3546,8.6638,,-0.001,
5,positive_training,ALL_CONDITIONS,HRSD_21.1,HRSD21,full,StandardScaler,ElasticNet,185,46,5,0.0,7.3546,8.6638,,-0.001,
5,positive_training,ALL_CONDITIONS,HRSD_21.1,HRSD21,full,StandardScaler,SVR,185,46,5,0.0465,7.6235,9.1385,0.0775,-0.1137,0.0299
5,positive_training,ALL_CONDITIONS,HRSD_21.1,HRSD21,full,StandardScaler,KNN,185,46,5,0.0748,7.401,8.9985,0.1073,-0.0799,0.03
5,positive_training,ALL_CONDITIONS,HRSD_21.1,HRSD21,full,StandardScaler,RF,185,46,5,0.1048,7.2515,8.8648,0.154,-0.048,0.079
5,positive_training,ALL_CONDITIONS,HRSD_21.1,HRSD21,full,StandardScaler,ET,185,46,5,0.1528,7.2521,9.0299,0.1912,-0.0874,0.1271
5,positive_training,ALL_CONDITIONS,HRSD_21.1,HRSD21,full,StandardScaler,GB,185,46,5,-0.0745,8.1889,9.9612,-0.0999,-0.3233,-0.1186
5,positive_training,ALL_CONDITIONS,HRSD_21.1,HRSD21,full,StandardScaler,XGB,185,46,5,-0.0801,8.1765,9.936,-0.1086,-0.3166,-0.1173
5,positive_training,ALL_CONDITIONS,HRSD_21.1,HRSD21,full,StandardScaler,MLP,185,46,5,-0.0076,7.5152,9.1527,-0.0141,-0.1172,-0.0856
5,positive_training,ALL_CONDITIONS,HRSD_21.1,HRSD21,full,StandardScaler,LGBM,185,46,5,0.0168,7.5202,9.3504,0.0241,-0.166,-0.0413
5,positive_training,ALL_CONDITIONS,HRSD_21.1,HRSD21,full,StandardScaler,CatBoost,185,46,5,0.0228,7.3794,8.9745,0.0412,-0.0741,0.0087
5,positive_training,ALL_CONDITIONS,HRSD_21.1,HRSD21,full,MinMaxScaler,Ridge,185,46,5,-0.0,7.3543,8.6639,-0.0222,-0.001,-0.0871
5,positive_training,ALL_CONDITIONS,HRSD_21.1,HRSD21,full,MinMaxScaler,Lasso,185,46,5,0.0,7.3546,8.6638,,-0.001,
5,positive_training,ALL_CONDITIONS,HRSD_21.1,HRSD21,full,MinMaxScaler,ElasticNet,185,46,5,0.0,7.3546,8.6638,,-0.001,
5,positive_training,ALL_CONDITIONS,HRSD_21.1,HRSD21,full,MinMaxScaler,SVR,185,46,5,-0.0,7.3039,8.7777,-0.0236,-0.0275,-0.0887
5,positive_training,ALL_CONDITIONS,HRSD_21.1,HRSD21,full,MinMaxScaler,KNN,185,46,5,0.0774,7.3768,8.998,0.1104,-0.0797,0.0446
5,positive_training,ALL_CONDITIONS,HRSD_21.1,HRSD21,full,MinMaxScaler,RF,185,46,5,0.1005,7.3986,9.0046,0.1383,-0.0813,0.0632
5,positive_training,ALL_CONDITIONS,HRSD_21.1,HRSD21,full,MinMaxScaler,ET,185,46,5,0.1538,7.3074,9.045,0.1943,-0.091,0.1296
5,positive_training,ALL_CONDITIONS,HRSD_21.1,HRSD21,full,MinMaxScaler,GB,185,46,5,-0.0769,8.2113,9.981,-0.1029,-0.3285,-0.1234
5,positive_training,ALL_CONDITIONS,HRSD_21.1,HRSD21,full,MinMaxScaler,XGB,185,46,5,-0.0801,8.1765,9.936,-0.1086,-0.3166,-0.1173
5,positive_training,ALL_CONDITIONS,HRSD_21.1,HRSD21,full,MinMaxScaler,MLP,185,46,5,0.0011,7.3555,8.6602,0.1,-0.0002,0.0569
5,positive_training,ALL_CONDITIONS,HRSD_21.1,HRSD21,full,MinMaxScaler,LGBM,185,46,5,0.0382,7.361,9.0199,0.0628,-0.085,0.0088
5,positive_training,ALL_CONDITIONS,HRSD_21.1,HRSD21,full,MinMaxScaler,CatBoost,185,46,5,0.0223,7.3531,8.9924,0.0396,-0.0784,0.0052
5,positive_training,ALL_CONDITIONS,HRSD_21.1,HRSD21,full,RobustScaler,Ridge,185,46,5,0.0142,7.2457,8.6851,0.0571,-0.0059,0.1541
5,positive_training,ALL_CONDITIONS,HRSD_21.1,HRSD21,full,RobustScaler,Lasso,185,46,5,0.0,7.3546,8.6638,,-0.001,
5,positive_training,ALL_CONDITIONS,HRSD_21.1,HRSD21,full,RobustScaler,ElasticNet,185,46,5,0.0169,7.2448,8.6609,0.0739,-0.0004,0.1845
5,positive_training,ALL_CONDITIONS,HRSD_21.1,HRSD21,full,RobustScaler,SVR,185,46,5,0.0411,7.6363,9.1635,0.0686,-0.1198,0.0246
5,positive_training,ALL_CONDITIONS,HRSD_21.1,HRSD21,full,RobustScaler,KNN,185,46,5,0.1156,7.1715,8.8215,0.1635,-0.0378,0.0855
5,positive_training,ALL_CONDITIONS,HRSD_21.1,HRSD21,full,RobustScaler,RF,185,46,5,0.1048,7.2515,8.8648,0.154,-0.048,0.079
5,positive_training,ALL_CONDITIONS,HRSD_21.1,HRSD21,full,RobustScaler,ET,185,46,5,0.1528,7.2521,9.0299,0.1912,-0.0874,0.1271
5,positive_training,ALL_CONDITIONS,HRSD_21.1,HRSD21,full,RobustScaler,GB,185,46,5,-0.0745,8.1889,9.9612,-0.0999,-0.3233,-0.1186
5,positive_training,ALL_CONDITIONS,HRSD_21.1,HRSD21,full,RobustScaler,XGB,185,46,5,-0.0801,8.1765,9.936,-0.1086,-0.3166,-0.1173
5,positive_training,ALL_CONDITIONS,HRSD_21.1,HRSD21,full,RobustScaler,MLP,185,46,5,0.0041,7.3411,8.994,0.008,-0.0788,-0.0318
5,positive_training,ALL_CONDITIONS,HRSD_21.1,HRSD21,full,RobustScaler,LGBM,185,46,5,0.0522,7.447,9.1486,0.0765,-0.1162,-0.0223
5,positive_training,ALL_CONDITIONS,HRSD_21.1,HRSD21,full,RobustScaler,CatBoost,185,46,5,0.0228,7.3794,8.9745,0.0412,-0.0741,0.0087
1,positive_training,ALL_CONDITIONS,HRSD_24.1,HRSD24,full,StandardScaler,Ridge,184,47,5,-0.1461,10.9413,12.8681,-0.2385,-0.2809,-0.2913
1,positive_training,ALL_CONDITIONS,HRSD_24.1,HRSD24,full,StandardScaler,Lasso,184,47,5,-0.1442,10.9181,12.8436,-0.2373,-0.2761,-0.2875
1,positive_training,ALL_CONDITIONS,HRSD_24.1,HRSD24,full,StandardScaler,ElasticNet,184,47,5,-0.1421,10.8879,12.816,-0.236,-0.2706,-0.2882
1,positive_training,ALL_CONDITIONS,HRSD_24.1,HRSD24,full,StandardScaler,SVR,184,47,5,-0.1181,10.3569,12.3547,-0.3043,-0.1808,-0.329
1,positive_training,ALL_CONDITIONS,HRSD_24.1,HRSD24,full,StandardScaler,KNN,184,47,5,-0.1273,10.8983,13.0382,-0.1821,-0.315,-0.2051
1,positive_training,ALL_CONDITIONS,HRSD_24.1,HRSD24,full,StandardScaler,RF,184,47,5,-0.2104,11.2683,13.2488,-0.3382,-0.3578,-0.3379
1,positive_training,ALL_CONDITIONS,HRSD_24.1,HRSD24,full,StandardScaler,ET,184,47,5,-0.1835,11.3215,13.3917,-0.26,-0.3873,-0.2602
1,positive_training,ALL_CONDITIONS,HRSD_24.1,HRSD24,full,StandardScaler,GB,184,47,5,-0.2384,11.4706,13.6108,-0.3513,-0.4331,-0.3797
1,positive_training,ALL_CONDITIONS,HRSD_24.1,HRSD24,full,StandardScaler,XGB,184,47,5,-0.2402,11.4053,13.5944,-0.3557,-0.4296,-0.3683
1,positive_training,ALL_CONDITIONS,HRSD_24.1,HRSD24,full,StandardScaler,MLP,184,47,5,-0.2075,11.2971,13.4591,-0.3013,-0.4013,-0.3081
1,positive_training,ALL_CONDITIONS,HRSD_24.1,HRSD24,full,StandardScaler,LGBM,184,47,5,-0.2743,11.676,13.7024,-0.4189,-0.4524,-0.4279
1,positive_training,ALL_CONDITIONS,HRSD_24.1,HRSD24,full,StandardScaler,CatBoost,184,47,5,-0.1914,11.234,13.1544,-0.3072,-0.3386,-0.2922
1,positive_training,ALL_CONDITIONS,HRSD_24.1,HRSD24,full,MinMaxScaler,Ridge,184,47,10,-0.1049,10.2092,12.545,-0.1812,-0.2174,-0.1957
1,positive_training,ALL_CONDITIONS,HRSD_24.1,HRSD24,full,MinMaxScaler,Lasso,184,47,10,-0.123,10.512,12.7337,-0.201,-0.2543,-0.2268
1,positive_training,ALL_CONDITIONS,HRSD_24.1,HRSD24,full,MinMaxScaler,ElasticNet,184,47,10,-0.103,10.1899,12.5215,-0.1795,-0.2129,-0.1956
1,positive_training,ALL_CONDITIONS,HRSD_24.1,HRSD24,full,MinMaxScaler,SVR,184,47,10,-0.1232,10.4786,12.8639,-0.195,-0.2801,-0.1775
1,positive_training,ALL_CONDITIONS,HRSD_24.1,HRSD24,full,MinMaxScaler,KNN,184,47,10,-0.2799,11.8541,14.3417,-0.3538,-0.5911,-0.3539
1,positive_training,ALL_CONDITIONS,HRSD_24.1,HRSD24,full,MinMaxScaler,RF,184,47,10,-0.1734,11.0457,13.3017,-0.2488,-0.3687,-0.2138
1,positive_training,ALL_CONDITIONS,HRSD_24.1,HRSD24,full,MinMaxScaler,ET,184,47,10,-0.1594,11.337,13.5046,-0.2083,-0.4108,-0.1743
1,positive_training,ALL_CONDITIONS,HRSD_24.1,HRSD24,full,MinMaxScaler,GB,184,47,10,-0.1817,11.3315,13.7404,-0.233,-0.4605,-0.1845
1,positive_training,ALL_CONDITIONS,HRSD_24.1,HRSD24,full,MinMaxScaler,XGB,184,47,10,-0.1697,11.2691,13.7301,-0.2137,-0.4583,-0.1769
1,positive_training,ALL_CONDITIONS,HRSD_24.1,HRSD24,full,MinMaxScaler,MLP,184,47,10,-0.0818,10.3638,12.3067,-0.1546,-0.1716,-0.2
1,positive_training,ALL_CONDITIONS,HRSD_24.1,HRSD24,full,MinMaxScaler,LGBM,184,47,10,-0.1601,11.1856,13.5542,-0.2067,-0.4212,-0.1992
1,positive_training,ALL_CONDITIONS,HRSD_24.1,HRSD24,full,MinMaxScaler,CatBoost,184,47,10,-0.1853,11.0191,13.141,-0.2933,-0.3358,-0.2479
1,positive_training,ALL_CONDITIONS,HRSD_24.1,HRSD24,full,RobustScaler,Ridge,184,47,10,-0.1729,10.9416,12.9772,-0.2888,-0.3027,-0.3111
1,positive_training,ALL_CONDITIONS,HRSD_24.1,HRSD24,full,RobustScaler,Lasso,184,47,10,-0.1766,10.9859,13.0076,-0.2931,-0.3089,-0.3342
1,positive_training,ALL_CONDITIONS,HRSD_24.1,HRSD24,full,RobustScaler,ElasticNet,184,47,10,-0.1701,10.9053,12.9536,-0.2854,-0.298,-0.3167
1,positive_training,ALL_CONDITIONS,HRSD_24.1,HRSD24,full,RobustScaler,SVR,184,47,10,-0.0979,10.0719,12.2123,-0.3015,-0.1537,-0.2367
1,positive_training,ALL_CONDITIONS,HRSD_24.1,HRSD24,full,RobustScaler,KNN,184,47,10,-0.1625,11.3995,13.15,-0.2453,-0.3377,-0.2379
1,positive_training,ALL_CONDITIONS,HRSD_24.1,HRSD24,full,RobustScaler,RF,184,47,10,-0.2159,11.2832,13.5758,-0.3053,-0.4257,-0.2801
1,positive_training,ALL_CONDITIONS,HRSD_24.1,HRSD24,full,RobustScaler,ET,184,47,10,-0.1882,11.6453,13.7948,-0.2399,-0.4721,-0.2176
1,positive_training,ALL_CONDITIONS,HRSD_24.1,HRSD24,full,RobustScaler,GB,184,47,10,-0.278,12.5486,15.1802,-0.3108,-0.7826,-0.3105
1,positive_training,ALL_CONDITIONS,HRSD_24.1,HRSD24,full,RobustScaler,XGB,184,47,10,-0.2451,11.602,13.9335,-0.3286,-0.5018,-0.3209
1,positive_training,ALL_CONDITIONS,HRSD_24.1,HRSD24,full,RobustScaler,MLP,184,47,10,-0.3162,11.9201,14.6387,-0.4018,-0.6577,-0.4518
1,positive_training,ALL_CONDITIONS,HRSD_24.1,HRSD24,full,RobustScaler,LGBM,184,47,10,-0.2182,11.6632,13.6674,-0.3004,-0.445,-0.3033
1,positive_training,ALL_CONDITIONS,HRSD_24.1,HRSD24,full,RobustScaler,CatBoost,184,47,10,-0.1898,11.0213,13.0868,-0.3135,-0.3249,-0.3146
2,positive_training,ALL_CONDITIONS,HRSD_24.1,HRSD24,full,StandardScaler,Ridge,185,46,15,-0.0649,10.0643,12.7551,-0.1256,-0.1653,-0.0394
2,positive_training,ALL_CONDITIONS,HRSD_24.1,HRSD24,full,StandardScaler,Lasso,185,46,15,-0.0197,9.7253,12.2621,-0.0483,-0.077,0.0038
2,positive_training,ALL_CONDITIONS,HRSD_24.1,HRSD24,full,StandardScaler,ElasticNet,185,46,15,-0.0551,9.9153,12.5474,-0.1243,-0.1277,-0.0583
2,positive_training,ALL_CONDITIONS,HRSD_24.1,HRSD24,full,StandardScaler,SVR,185,46,15,-0.0258,9.7066,12.5865,-0.0652,-0.1347,-0.003
2,positive_training,ALL_CONDITIONS,HRSD_24.1,HRSD24,full,StandardScaler,KNN,185,46,15,0.0474,9.9396,12.7108,0.0621,-0.1572,0.1045
2,positive_training,ALL_CONDITIONS,HRSD_24.1,HRSD24,full,StandardScaler,RF,185,46,15,0.1507,8.9323,11.6892,0.2244,0.0213,0.2823
2,positive_training,ALL_CONDITIONS,HRSD_24.1,HRSD24,full,StandardScaler,ET,185,46,15,0.1322,8.9247,11.8884,0.1903,-0.0123,0.2764
2,positive_training,ALL_CONDITIONS,HRSD_24.1,HRSD24,full,StandardScaler,GB,185,46,15,0.1389,9.1971,12.2287,0.1774,-0.0711,0.2901
2,positive_training,ALL_CONDITIONS,HRSD_24.1,HRSD24,full,StandardScaler,XGB,185,46,15,0.155,9.6637,12.3906,0.1859,-0.0997,0.2758
2,positive_training,ALL_CONDITIONS,HRSD_24.1,HRSD24,full,StandardScaler,MLP,185,46,15,0.0159,9.9515,12.836,0.0223,-0.1802,0.1737
2,positive_training,ALL_CONDITIONS,HRSD_24.1,HRSD24,full,StandardScaler,LGBM,185,46,15,0.1573,9.5158,12.183,0.1964,-0.0631,0.2325
2,positive_training,ALL_CONDITIONS,HRSD_24.1,HRSD24,full,StandardScaler,CatBoost,185,46,15,0.1715,8.9071,11.6557,0.2462,0.0269,0.3189
2,positive_training,ALL_CONDITIONS,HRSD_24.1,HRSD24,full,MinMaxScaler,Ridge,185,46,10,-0.0629,10.1142,12.8177,-0.1143,-0.1768,-0.0512
2,positive_training,ALL_CONDITIONS,HRSD_24.1,HRSD24,full,MinMaxScaler,Lasso,185,46,10,-0.0264,9.8578,12.4467,-0.0541,-0.1097,-0.0041
2,positive_training,ALL_CONDITIONS,HRSD_24.1,HRSD24,full,MinMaxScaler,ElasticNet,185,46,10,-0.0615,10.0426,12.7298,-0.1187,-0.1607,-0.0567
2,positive_training,ALL_CONDITIONS,HRSD_24.1,HRSD24,full,MinMaxScaler,SVR,185,46,10,-0.0322,9.8435,12.599,-0.0924,-0.137,-0.0259
2,positive_training,ALL_CONDITIONS,HRSD_24.1,HRSD24,full,MinMaxScaler,KNN,185,46,10,0.0145,10.5062,13.0911,0.0184,-0.2275,0.079
2,positive_training,ALL_CONDITIONS,HRSD_24.1,HRSD24,full,MinMaxScaler,RF,185,46,10,0.1379,9.0387,11.8478,0.1993,-0.0054,0.2472
2,positive_training,ALL_CONDITIONS,HRSD_24.1,HRSD24,full,MinMaxScaler,ET,185,46,10,0.1054,9.2515,12.0757,0.1511,-0.0445,0.2164
2,positive_training,ALL_CONDITIONS,HRSD_24.1,HRSD24,full,MinMaxScaler,GB,185,46,10,0.2273,9.0484,11.9649,0.2724,-0.0254,0.332
2,positive_training,ALL_CONDITIONS,HRSD_24.1,HRSD24,full,MinMaxScaler,XGB,185,46,10,0.1802,9.0836,12.0216,0.2324,-0.0352,0.2926
2,positive_training,ALL_CONDITIONS,HRSD_24.1,HRSD24,full,MinMaxScaler,MLP,185,46,10,-0.0384,9.7518,12.3725,-0.0935,-0.0965,-0.0438
2,positive_training,ALL_CONDITIONS,HRSD_24.1,HRSD24,full,MinMaxScaler,LGBM,185,46,10,0.1436,9.6757,12.4701,0.1748,-0.1138,0.2106
2,positive_training,ALL_CONDITIONS,HRSD_24.1,HRSD24,full,MinMaxScaler,CatBoost,185,46,10,0.1511,9.1548,11.8576,0.2105,-0.0071,0.2279
2,positive_training,ALL_CONDITIONS,HRSD_24.1,HRSD24,full,RobustScaler,Ridge,185,46,5,-0.0916,10.2508,13.3013,-0.1413,-0.2673,-0.0549
2,positive_training,ALL_CONDITIONS,HRSD_24.1,HRSD24,full,RobustScaler,Lasso,185,46,5,-0.091,10.2651,13.2997,-0.1403,-0.267,-0.0572
2,positive_training,ALL_CONDITIONS,HRSD_24.1,HRSD24,full,RobustScaler,ElasticNet,185,46,5,-0.0907,10.219,13.2386,-0.1436,-0.2554,-0.0517
2,positive_training,ALL_CONDITIONS,HRSD_24.1,HRSD24,full,RobustScaler,SVR,185,46,5,0.0614,9.8682,12.7018,0.0974,-0.1556,0.1672
2,positive_training,ALL_CONDITIONS,HRSD_24.1,HRSD24,full,RobustScaler,KNN,185,46,5,0.1147,9.3382,12.0151,0.1692,-0.034,0.2305
2,positive_training,ALL_CONDITIONS,HRSD_24.1,HRSD24,full,RobustScaler,RF,185,46,5,0.1493,9.0071,11.5773,0.2383,0.0399,0.3065
2,positive_training,ALL_CONDITIONS,HRSD_24.1,HRSD24,full,RobustScaler,ET,185,46,5,0.095,9.3301,12.1044,0.1388,-0.0495,0.2066
2,positive_training,ALL_CONDITIONS,HRSD_24.1,HRSD24,full,RobustScaler,GB,185,46,5,0.2131,9.474,12.0739,0.2472,-0.0442,0.3148
2,positive_training,ALL_CONDITIONS,HRSD_24.1,HRSD24,full,RobustScaler,XGB,185,46,5,0.1589,9.8481,12.731,0.1779,-0.1609,0.2259
2,positive_training,ALL_CONDITIONS,HRSD_24.1,HRSD24,full,RobustScaler,MLP,185,46,5,-0.0425,10.0989,13.3576,-0.056,-0.278,0.1126
2,positive_training,ALL_CONDITIONS,HRSD_24.1,HRSD24,full,RobustScaler,LGBM,185,46,5,0.2391,8.6734,11.3622,0.3142,0.0753,0.3758
2,positive_training,ALL_CONDITIONS,HRSD_24.1,HRSD24,full,RobustScaler,CatBoost,185,46,5,0.2076,8.5574,11.2591,0.3173,0.092,0.3365
3,positive_training,ALL_CONDITIONS,HRSD_24.1,HRSD24,full,StandardScaler,Ridge,185,46,15,0.1139,9.0092,10.8659,0.1561,-0.108,-0.0096
3,positive_training,ALL_CONDITIONS,HRSD_24.1,HRSD24,full,StandardScaler,Lasso,185,46,15,0.1079,9.0489,10.6728,0.1607,-0.069,0.0435
3,positive_training,ALL_CONDITIONS,HRSD_24.1,HRSD24,full,StandardScaler,ElasticNet,185,46,15,0.1123,9.0142,10.8152,0.157,-0.0977,0.0167
3,positive_training,ALL_CONDITIONS,HRSD_24.1,HRSD24,full,StandardScaler,SVR,185,46,15,0.0452,8.8479,10.5993,0.0792,-0.0543,0.0836
3,positive_training,ALL_CONDITIONS,HRSD_24.1,HRSD24,full,StandardScaler,KNN,185,46,15,0.1473,8.8382,10.3064,0.2196,0.0032,0.2298
3,positive_training,ALL_CONDITIONS,HRSD_24.1,HRSD24,full,StandardScaler,RF,185,46,15,0.1041,8.9661,10.6966,0.1451,-0.0738,0.0663
3,positive_training,ALL_CONDITIONS,HRSD_24.1,HRSD24,full,StandardScaler,ET,185,46,15,0.1373,8.9247,10.6776,0.1825,-0.0699,0.1018
3,positive_training,ALL_CONDITIONS,HRSD_24.1,HRSD24,full,StandardScaler,GB,185,46,15,0.1709,9.1796,10.769,0.2088,-0.0883,0.1184
3,positive_training,ALL_CONDITIONS,HRSD_24.1,HRSD24,full,StandardScaler,XGB,185,46,15,0.0709,9.0533,10.949,0.0944,-0.125,0.0526
3,positive_training,ALL_CONDITIONS,HRSD_24.1,HRSD24,full,StandardScaler,MLP,185,46,15,0.193,8.8803,10.7235,0.2274,-0.0792,0.1775
3,positive_training,ALL_CONDITIONS,HRSD_24.1,HRSD24,full,StandardScaler,LGBM,185,46,15,0.138,8.9653,10.6323,0.1818,-0.0609,0.1215
3,positive_training,ALL_CONDITIONS,HRSD_24.1,HRSD24,full,StandardScaler,CatBoost,185,46,15,0.0949,8.8105,10.3666,0.1666,-0.0085,0.1076
3,positive_training,ALL_CONDITIONS,HRSD_24.1,HRSD24,full,MinMaxScaler,Ridge,185,46,20,0.0855,9.752,11.7103,0.0986,-0.2869,0.0322
3,positive_training,ALL_CONDITIONS,HRSD_24.1,HRSD24,full,MinMaxScaler,Lasso,185,46,20,0.1012,9.9726,12.1217,0.1099,-0.3789,0.0795
3,positive_training,ALL_CONDITIONS,HRSD_24.1,HRSD24,full,MinMaxScaler,ElasticNet,185,46,20,0.0856,9.7402,11.6891,0.099,-0.2823,0.0344
3,positive_training,ALL_CONDITIONS,HRSD_24.1,HRSD24,full,MinMaxScaler,SVR,185,46,20,0.1391,9.6732,11.475,0.1518,-0.2357,0.0746
3,positive_training,ALL_CONDITIONS,HRSD_24.1,HRSD24,full,MinMaxScaler,KNN,185,46,20,-0.012,10.1329,12.1786,-0.015,-0.3919,-0.0467
3,positive_training,ALL_CONDITIONS,HRSD_24.1,HRSD24,full,MinMaxScaler,RF,185,46,20,0.111,9.3488,11.0583,0.1464,-0.1476,0.1101
3,positive_training,ALL_CONDITIONS,HRSD_24.1,HRSD24,full,MinMaxScaler,ET,185,46,20,0.1528,9.2324,10.9237,0.2063,-0.1198,0.1542
3,positive_training,ALL_CONDITIONS,HRSD_24.1,HRSD24,full,MinMaxScaler,GB,185,46,20,0.0825,10.4214,12.0593,0.0916,-0.3648,0.095
3,positive_training,ALL_CONDITIONS,HRSD_24.1,HRSD24,full,MinMaxScaler,XGB,185,46,20,0.1032,10.4111,12.0681,0.1118,-0.3668,0.0769
3,positive_training,ALL_CONDITIONS,HRSD_24.1,HRSD24,full,MinMaxScaler,MLP,185,46,20,0.0497,9.3028,11.1544,0.0703,-0.1676,0.014
3,positive_training,ALL_CONDITIONS,HRSD_24.1,HRSD24,full,MinMaxScaler,LGBM,185,46,20,0.122,9.9934,11.841,0.1314,-0.3158,0.0832
3,positive_training,ALL_CONDITIONS,HRSD_24.1,HRSD24,full,MinMaxScaler,CatBoost,185,46,20,0.1932,9.2796,10.8899,0.2293,-0.1129,0.213
3,positive_training,ALL_CONDITIONS,HRSD_24.1,HRSD24,full,RobustScaler,Ridge,185,46,20,0.1189,9.0949,11.1597,0.1461,-0.1687,0.0251
3,positive_training,ALL_CONDITIONS,HRSD_24.1,HRSD24,full,RobustScaler,Lasso,185,46,20,0.1177,9.0806,11.1282,0.1454,-0.1622,-0.0025
3,positive_training,ALL_CONDITIONS,HRSD_24.1,HRSD24,full,RobustScaler,ElasticNet,185,46,20,0.1005,9.1195,11.0456,0.131,-0.145,-0.0264
3,positive_training,ALL_CONDITIONS,HRSD_24.1,HRSD24,full,RobustScaler,SVR,185,46,20,0.0372,8.8098,10.604,0.0674,-0.0553,0.0644
3,positive_training,ALL_CONDITIONS,HRSD_24.1,HRSD24,full,RobustScaler,KNN,185,46,20,-0.0238,9.6908,11.4258,-0.0334,-0.2251,-0.0717
3,positive_training,ALL_CONDITIONS,HRSD_24.1,HRSD24,full,RobustScaler,RF,185,46,20,0.1109,8.8422,10.6724,0.1586,-0.0689,0.1574
3,positive_training,ALL_CONDITIONS,HRSD_24.1,HRSD24,full,RobustScaler,ET,185,46,20,0.2031,8.5795,10.4144,0.2608,-0.0179,0.2332
3,positive_training,ALL_CONDITIONS,HRSD_24.1,HRSD24,full,RobustScaler,GB,185,46,20,0.146,8.9491,10.7075,0.1957,-0.0759,0.1651
3,positive_training,ALL_CONDITIONS,HRSD_24.1,HRSD24,full,RobustScaler,XGB,185,46,20,0.1092,9.0981,10.965,0.1434,-0.1283,0.1134
3,positive_training,ALL_CONDITIONS,HRSD_24.1,HRSD24,full,RobustScaler,MLP,185,46,20,0.1423,8.7712,10.6819,0.1831,-0.0708,0.2067
3,positive_training,ALL_CONDITIONS,HRSD_24.1,HRSD24,full,RobustScaler,LGBM,185,46,20,0.1263,9.1308,11.0164,0.1572,-0.1389,0.2104
3,positive_training,ALL_CONDITIONS,HRSD_24.1,HRSD24,full,RobustScaler,CatBoost,185,46,20,0.038,9.0369,10.7999,0.0631,-0.0946,0.0729
4,positive_training,ALL_CONDITIONS,HRSD_24.1,HRSD24,full,StandardScaler,Ridge,185,46,15,-0.1831,10.8097,12.5722,-0.2496,-0.4132,-0.2899
4,positive_training,ALL_CONDITIONS,HRSD_24.1,HRSD24,full,StandardScaler,Lasso,185,46,15,-0.1798,10.7763,12.5799,-0.2429,-0.4149,-0.2794
4,positive_training,ALL_CONDITIONS,HRSD_24.1,HRSD24,full,StandardScaler,ElasticNet,185,46,15,-0.1825,10.7964,12.543,-0.2509,-0.4067,-0.2985
4,positive_training,ALL_CONDITIONS,HRSD_24.1,HRSD24,full,StandardScaler,SVR,185,46,15,-0.0596,9.9894,12.0485,-0.0773,-0.2979,-0.1063
4,positive_training,ALL_CONDITIONS,HRSD_24.1,HRSD24,full,StandardScaler,KNN,185,46,15,-0.0225,9.7415,11.7908,-0.0297,-0.243,-0.1013
4,positive_training,ALL_CONDITIONS,HRSD_24.1,HRSD24,full,StandardScaler,RF,185,46,15,-0.0064,9.7985,11.695,-0.0085,-0.2229,-0.0631
4,positive_training,ALL_CONDITIONS,HRSD_24.1,HRSD24,full,StandardScaler,ET,185,46,15,-0.0089,9.6683,11.3483,-0.0135,-0.1514,-0.0879
4,positive_training,ALL_CONDITIONS,HRSD_24.1,HRSD24,full,StandardScaler,GB,185,46,15,-0.0394,10.1329,12.1143,-0.0486,-0.3121,-0.0961
4,positive_training,ALL_CONDITIONS,HRSD_24.1,HRSD24,full,StandardScaler,XGB,185,46,15,-0.0133,10.2924,12.5356,-0.015,-0.405,-0.0092
4,positive_training,ALL_CONDITIONS,HRSD_24.1,HRSD24,full,StandardScaler,MLP,185,46,15,-0.0601,10.121,12.5377,-0.0699,-0.4055,-0.0562
4,positive_training,ALL_CONDITIONS,HRSD_24.1,HRSD24,full,StandardScaler,LGBM,185,46,15,-0.1262,11.0227,13.1219,-0.1424,-0.5395,-0.2033
4,positive_training,ALL_CONDITIONS,HRSD_24.1,HRSD24,full,StandardScaler,CatBoost,185,46,15,-0.0019,9.6042,11.5021,-0.0026,-0.1829,-0.0916
4,positive_training,ALL_CONDITIONS,HRSD_24.1,HRSD24,full,MinMaxScaler,Ridge,185,46,15,0.0321,9.4298,11.4142,0.0431,-0.1649,0.0534
4,positive_training,ALL_CONDITIONS,HRSD_24.1,HRSD24,full,MinMaxScaler,Lasso,185,46,15,0.0445,9.1532,11.0061,0.0698,-0.083,0.0546
4,positive_training,ALL_CONDITIONS,HRSD_24.1,HRSD24,full,MinMaxScaler,ElasticNet,185,46,15,0.0355,9.3468,11.2725,0.0499,-0.1361,0.0616
4,positive_training,ALL_CONDITIONS,HRSD_24.1,HRSD24,full,MinMaxScaler,SVR,185,46,15,0.1123,8.8932,10.9181,0.1506,-0.0658,0.1297
4,positive_training,ALL_CONDITIONS,HRSD_24.1,HRSD24,full,MinMaxScaler,KNN,185,46,15,0.1374,8.9969,11.0095,0.1706,-0.0837,0.1981
4,positive_training,ALL_CONDITIONS,HRSD_24.1,HRSD24,full,MinMaxScaler,RF,185,46,15,0.1145,9.1069,10.7649,0.1625,-0.0361,0.1271
4,positive_training,ALL_CONDITIONS,HRSD_24.1,HRSD24,full,MinMaxScaler,ET,185,46,15,0.1334,8.9275,10.652,0.1893,-0.0145,0.1859
4,positive_training,ALL_CONDITIONS,HRSD_24.1,HRSD24,full,MinMaxScaler,GB,185,46,15,0.1209,9.1926,11.1794,0.1476,-0.1174,0.1598
4,positive_training,ALL_CONDITIONS,HRSD_24.1,HRSD24,full,MinMaxScaler,XGB,185,46,15,0.0573,10.233,12.0636,0.0645,-0.3012,0.0389
4,positive_training,ALL_CONDITIONS,HRSD_24.1,HRSD24,full,MinMaxScaler,MLP,185,46,15,0.0135,9.5732,11.6374,0.0175,-0.2109,0.0235
4,positive_training,ALL_CONDITIONS,HRSD_24.1,HRSD24,full,MinMaxScaler,LGBM,185,46,15,0.0832,9.475,11.1061,0.1111,-0.1028,0.0987
4,positive_training,ALL_CONDITIONS,HRSD_24.1,HRSD24,full,MinMaxScaler,CatBoost,185,46,15,0.1303,8.9794,10.5925,0.1919,-0.0032,0.2207
4,positive_training,ALL_CONDITIONS,HRSD_24.1,HRSD24,full,RobustScaler,Ridge,185,46,5,-0.0683,9.7224,11.5465,-0.1122,-0.192,-0.143
4,positive_training,ALL_CONDITIONS,HRSD_24.1,HRSD24,full,RobustScaler,Lasso,185,46,5,-0.0685,9.7167,11.5414,-0.113,-0.191,-0.143
4,positive_training,ALL_CONDITIONS,HRSD_24.1,HRSD24,full,RobustScaler,ElasticNet,185,46,5,-0.0683,9.7151,11.5395,-0.1127,-0.1906,-0.141
4,positive_training,ALL_CONDITIONS,HRSD_24.1,HRSD24,full,RobustScaler,SVR,185,46,5,-0.0086,9.0885,11.0084,-0.0185,-0.0835,-0.0617
4,positive_training,ALL_CONDITIONS,HRSD_24.1,HRSD24,full,RobustScaler,KNN,185,46,5,0.0281,9.6546,11.4937,0.037,-0.1811,0.0162
4,positive_training,ALL_CONDITIONS,HRSD_24.1,HRSD24,full,RobustScaler,RF,185,46,5,0.0607,9.1984,11.0469,0.089,-0.0911,0.0323
4,positive_training,ALL_CONDITIONS,HRSD_24.1,HRSD24,full,RobustScaler,ET,185,46,5,0.0859,9.2438,11.0582,0.1182,-0.0933,0.0689
4,positive_training,ALL_CONDITIONS,HRSD_24.1,HRSD24,full,RobustScaler,GB,185,46,5,0.1403,8.926,11.1283,0.1684,-0.1072,0.2184
4,positive_training,ALL_CONDITIONS,HRSD_24.1,HRSD24,full,RobustScaler,XGB,185,46,5,0.1061,9.413,11.3712,0.1267,-0.1561,0.1086
4,positive_training,ALL_CONDITIONS,HRSD_24.1,HRSD24,full,RobustScaler,MLP,185,46,5,-0.061,9.6881,12.2817,-0.0745,-0.3487,-0.0178
4,positive_training,ALL_CONDITIONS,HRSD_24.1,HRSD24,full,RobustScaler,LGBM,185,46,5,0.0257,9.7835,11.9221,0.0304,-0.2708,0.0614
4,positive_training,ALL_CONDITIONS,HRSD_24.1,HRSD24,full,RobustScaler,CatBoost,185,46,5,0.0036,9.9004,11.7385,0.0046,-0.232,-0.0285
5,positive_training,ALL_CONDITIONS,HRSD_24.1,HRSD24,full,StandardScaler,Ridge,185,46,5,-0.0068,9.4905,11.5311,-0.0203,-0.045,0.105
5,positive_training,ALL_CONDITIONS,HRSD_24.1,HRSD24,full,StandardScaler,Lasso,185,46,5,-0.0,9.4766,11.2902,,-0.0018,
5,positive_training,ALL_CONDITIONS,HRSD_24.1,HRSD24,full,StandardScaler,ElasticNet,185,46,5,-0.0,9.4766,11.2902,,-0.0018,
5,positive_training,ALL_CONDITIONS,HRSD_24.1,HRSD24,full,StandardScaler,SVR,185,46,5,0.0349,9.6726,11.9442,0.0649,-0.1212,0.0088
5,positive_training,ALL_CONDITIONS,HRSD_24.1,HRSD24,full,StandardScaler,KNN,185,46,5,0.078,9.2705,11.6264,0.116,-0.0623,0.055
5,positive_training,ALL_CONDITIONS,HRSD_24.1,HRSD24,full,StandardScaler,RF,185,46,5,0.0956,9.3237,11.6076,0.1399,-0.0589,0.0905
5,positive_training,ALL_CONDITIONS,HRSD_24.1,HRSD24,full,StandardScaler,ET,185,46,5,0.0712,9.663,12.0963,0.0962,-0.1499,0.0667
5,positive_training,ALL_CONDITIONS,HRSD_24.1,HRSD24,full,StandardScaler,GB,185,46,5,-0.125,10.6066,13.0939,-0.1761,-0.3474,-0.201
5,positive_training,ALL_CONDITIONS,HRSD_24.1,HRSD24,full,StandardScaler,XGB,185,46,5,-0.0731,10.5285,12.8526,-0.1005,-0.2982,-0.1336
5,positive_training,ALL_CONDITIONS,HRSD_24.1,HRSD24,full,StandardScaler,MLP,185,46,5,-0.0155,9.738,12.1659,-0.027,-0.1632,-0.0784
5,positive_training,ALL_CONDITIONS,HRSD_24.1,HRSD24,full,StandardScaler,LGBM,185,46,5,0.0041,9.7304,12.1321,0.0062,-0.1567,-0.0881
5,positive_training,ALL_CONDITIONS,HRSD_24.1,HRSD24,full,StandardScaler,CatBoost,185,46,5,0.0057,9.4969,11.7919,0.0104,-0.0928,-0.0142
5,positive_training,ALL_CONDITIONS,HRSD_24.1,HRSD24,full,MinMaxScaler,Ridge,185,46,5,-0.0,9.4764,11.2903,-0.0368,-0.0018,-0.0939
5,positive_training,ALL_CONDITIONS,HRSD_24.1,HRSD24,full,MinMaxScaler,Lasso,185,46,5,-0.0,9.4766,11.2902,,-0.0018,
5,positive_training,ALL_CONDITIONS,HRSD_24.1,HRSD24,full,MinMaxScaler,ElasticNet,185,46,5,-0.0,9.4766,11.2902,,-0.0018,
5,positive_training,ALL_CONDITIONS,HRSD_24.1,HRSD24,full,MinMaxScaler,SVR,185,46,5,-0.0093,9.4752,11.6422,-0.0409,-0.0652,-0.0949
5,positive_training,ALL_CONDITIONS,HRSD_24.1,HRSD24,full,MinMaxScaler,KNN,185,46,5,0.083,9.244,11.6164,0.1221,-0.0605,0.0584
5,positive_training,ALL_CONDITIONS,HRSD_24.1,HRSD24,full,MinMaxScaler,RF,185,46,5,0.0956,9.3237,11.6076,0.1399,-0.0589,0.0905
5,positive_training,ALL_CONDITIONS,HRSD_24.1,HRSD24,full,MinMaxScaler,ET,185,46,5,0.071,9.6639,12.0978,0.096,-0.1502,0.0667
5,positive_training,ALL_CONDITIONS,HRSD_24.1,HRSD24,full,MinMaxScaler,GB,185,46,5,-0.125,10.6066,13.0939,-0.1761,-0.3474,-0.201
5,positive_training,ALL_CONDITIONS,HRSD_24.1,HRSD24,full,MinMaxScaler,XGB,185,46,5,-0.0731,10.5285,12.8526,-0.1005,-0.2982,-0.1336
5,positive_training,ALL_CONDITIONS,HRSD_24.1,HRSD24,full,MinMaxScaler,MLP,185,46,5,-0.0014,9.4692,11.2984,-0.0832,-0.0032,-0.076
5,positive_training,ALL_CONDITIONS,HRSD_24.1,HRSD24,full,MinMaxScaler,LGBM,185,46,5,0.0346,9.4992,11.7525,0.0572,-0.0855,0.0109
5,positive_training,ALL_CONDITIONS,HRSD_24.1,HRSD24,full,MinMaxScaler,CatBoost,185,46,5,0.0057,9.4969,11.7919,0.0104,-0.0928,-0.0142
5,positive_training,ALL_CONDITIONS,HRSD_24.1,HRSD24,full,RobustScaler,Ridge,185,46,5,-0.0036,9.4718,11.4921,-0.0115,-0.0379,0.1078
5,positive_training,ALL_CONDITIONS,HRSD_24.1,HRSD24,full,RobustScaler,Lasso,185,46,5,-0.0,9.4766,11.2902,,-0.0018,
5,positive_training,ALL_CONDITIONS,HRSD_24.1,HRSD24,full,RobustScaler,ElasticNet,185,46,5,0.0007,9.4444,11.4363,0.0024,-0.0278,0.1012
5,positive_training,ALL_CONDITIONS,HRSD_24.1,HRSD24,full,RobustScaler,SVR,185,46,5,0.0262,9.7051,12.0094,0.0491,-0.1334,0.0014
5,positive_training,ALL_CONDITIONS,HRSD_24.1,HRSD24,full,RobustScaler,KNN,185,46,5,0.1152,9.0,11.4234,0.1684,-0.0255,0.1137
5,positive_training,ALL_CONDITIONS,HRSD_24.1,HRSD24,full,RobustScaler,RF,185,46,5,0.0956,9.3237,11.6076,0.1399,-0.0589,0.0905
5,positive_training,ALL_CONDITIONS,HRSD_24.1,HRSD24,full,RobustScaler,ET,185,46,5,0.0712,9.663,12.0963,0.0962,-0.1499,0.0667
5,positive_training,ALL_CONDITIONS,HRSD_24.1,HRSD24,full,RobustScaler,GB,185,46,5,-0.125,10.6066,13.0939,-0.1761,-0.3474,-0.201
5,positive_training,ALL_CONDITIONS,HRSD_24.1,HRSD24,full,RobustScaler,XGB,185,46,5,-0.0731,10.5285,12.8526,-0.1005,-0.2982,-0.1336
5,positive_training,ALL_CONDITIONS,HRSD_24.1,HRSD24,full,RobustScaler,MLP,185,46,5,-0.0173,9.4402,11.9042,-0.0327,-0.1137,-0.0533
5,positive_training,ALL_CONDITIONS,HRSD_24.1,HRSD24,full,RobustScaler,LGBM,185,46,5,0.0479,9.6871,11.8894,0.0717,-0.1109,-0.0207
5,positive_training,ALL_CONDITIONS,HRSD_24.1,HRSD24,full,RobustScaler,CatBoost,185,46,5,0.0057,9.4969,11.7919,0.0104,-0.0928,-0.0142
