fold,phase,condition,target,target_short,features,scaler,model,n_train,n_test,n_features,CCC,MAE,RMSE,Pearson_r,R2,Spearman_r
1,emotion_induction_1,SHAM,phq_8,PHQ8,full,StandardScaler,Ridge,50,13,10,-0.225,7.061,7.9666,-0.3379,-0.4301,-0.4088
1,emotion_induction_1,SHAM,phq_8,PHQ8,full,StandardScaler,Lasso,50,13,10,-0.2404,7.1638,8.1319,-0.3417,-0.4901,-0.4088
1,emotion_induction_1,SHAM,phq_8,PHQ8,full,StandardScaler,ElasticNet,50,13,10,-0.2368,7.1362,8.0875,-0.3407,-0.4739,-0.4088
1,emotion_induction_1,SHAM,phq_8,PHQ8,full,StandardScaler,SVR,50,13,10,-0.0281,6.8138,7.7343,-0.0351,-0.3479,-0.1215
1,emotion_induction_1,SHAM,phq_8,PHQ8,full,StandardScaler,KNN,50,13,10,-0.0478,6.3419,7.2798,-0.0759,-0.1942,-0.2111
1,emotion_induction_1,SHAM,phq_8,PHQ8,full,StandardScaler,RF,50,13,10,0.1224,6.0658,6.8388,0.1645,-0.0539,0.2044
1,emotion_induction_1,SHAM,phq_8,PHQ8,full,StandardScaler,ET,50,13,10,0.0625,6.3319,7.0021,0.088,-0.1048,-0.0055
1,emotion_induction_1,SHAM,phq_8,PHQ8,full,StandardScaler,GB,50,13,10,0.105,6.3324,7.2883,0.1209,-0.197,0.0884
1,emotion_induction_1,SHAM,phq_8,PHQ8,full,StandardScaler,XGB,50,13,10,0.1846,6.6489,7.2937,0.1998,-0.1987,0.1326
1,emotion_induction_1,SHAM,phq_8,PHQ8,full,StandardScaler,MLP,50,13,10,-0.2532,7.9083,8.8243,-0.2934,-0.7546,-0.4033
1,emotion_induction_1,SHAM,phq_8,PHQ8,full,StandardScaler,LGBM,50,13,10,-0.0442,6.3352,7.2876,-0.0663,-0.1967,-0.117
1,emotion_induction_1,SHAM,phq_8,PHQ8,full,StandardScaler,CatBoost,50,13,10,0.0755,6.4815,7.3073,0.0896,-0.2032,0.1215
1,emotion_induction_1,SHAM,phq_8,PHQ8,full,MinMaxScaler,Ridge,50,13,10,-0.2441,7.2189,8.1534,-0.3456,-0.498,-0.4088
1,emotion_induction_1,SHAM,phq_8,PHQ8,full,MinMaxScaler,Lasso,50,13,10,-0.2246,7.0489,8.0733,-0.3211,-0.4687,-0.3315
1,emotion_induction_1,SHAM,phq_8,PHQ8,full,MinMaxScaler,ElasticNet,50,13,10,-0.2364,7.2206,8.0582,-0.3459,-0.4632,-0.4088
1,emotion_induction_1,SHAM,phq_8,PHQ8,full,MinMaxScaler,SVR,50,13,10,-0.0562,6.6766,7.5613,-0.0791,-0.2883,-0.1823
1,emotion_induction_1,SHAM,phq_8,PHQ8,full,MinMaxScaler,KNN,50,13,10,-0.1448,6.6264,7.5952,-0.2491,-0.2999,-0.3158
1,emotion_induction_1,SHAM,phq_8,PHQ8,full,MinMaxScaler,RF,50,13,10,0.0395,6.4654,7.2306,0.0516,-0.1781,-0.0166
1,emotion_induction_1,SHAM,phq_8,PHQ8,full,MinMaxScaler,ET,50,13,10,0.0202,6.7658,7.4402,0.0256,-0.2474,-0.0221
1,emotion_induction_1,SHAM,phq_8,PHQ8,full,MinMaxScaler,GB,50,13,10,0.1222,6.3573,7.1933,0.1416,-0.166,0.1602
1,emotion_induction_1,SHAM,phq_8,PHQ8,full,MinMaxScaler,XGB,50,13,10,0.1309,7.2811,8.0029,0.1345,-0.4432,0.1492
1,emotion_induction_1,SHAM,phq_8,PHQ8,full,MinMaxScaler,MLP,50,13,10,-0.09,6.9094,7.6799,-0.1219,-0.329,-0.2928
1,emotion_induction_1,SHAM,phq_8,PHQ8,full,MinMaxScaler,LGBM,50,13,10,0.0078,6.2446,7.066,0.0121,-0.1251,-0.0474
1,emotion_induction_1,SHAM,phq_8,PHQ8,full,MinMaxScaler,CatBoost,50,13,10,0.0785,6.5093,7.3007,0.0933,-0.201,0.1436
1,emotion_induction_1,SHAM,phq_8,PHQ8,full,RobustScaler,Ridge,50,13,20,-0.2306,7.1029,8.1279,-0.3226,-0.4886,-0.3149
1,emotion_induction_1,SHAM,phq_8,PHQ8,full,RobustScaler,Lasso,50,13,20,-0.2975,7.5979,8.4654,-0.3926,-0.6148,-0.4365
1,emotion_induction_1,SHAM,phq_8,PHQ8,full,RobustScaler,ElasticNet,50,13,20,-0.2579,7.4775,8.3297,-0.3413,-0.5634,-0.4144
1,emotion_induction_1,SHAM,phq_8,PHQ8,full,RobustScaler,SVR,50,13,20,0.0392,5.6718,6.8137,0.0718,-0.0461,0.0
1,emotion_induction_1,SHAM,phq_8,PHQ8,full,RobustScaler,KNN,50,13,20,-0.1676,6.547,7.4445,-0.341,-0.2488,-0.4068
1,emotion_induction_1,SHAM,phq_8,PHQ8,full,RobustScaler,RF,50,13,20,0.045,6.3538,7.0079,0.0668,-0.1066,0.0497
1,emotion_induction_1,SHAM,phq_8,PHQ8,full,RobustScaler,ET,50,13,20,0.112,6.3946,6.9475,0.1544,-0.0876,0.1271
1,emotion_induction_1,SHAM,phq_8,PHQ8,full,RobustScaler,GB,50,13,20,0.1197,6.6224,7.3374,0.135,-0.2131,0.1381
1,emotion_induction_1,SHAM,phq_8,PHQ8,full,RobustScaler,XGB,50,13,20,0.0763,6.6241,7.6158,0.0839,-0.3069,0.0718
1,emotion_induction_1,SHAM,phq_8,PHQ8,full,RobustScaler,MLP,50,13,20,0.0,901180710000.5251,1651562562912.953,0.3809,-6.1463247195658225e+22,0.3757
1,emotion_induction_1,SHAM,phq_8,PHQ8,full,RobustScaler,LGBM,50,13,20,-0.0604,6.5187,7.3831,-0.0887,-0.2283,-0.0942
1,emotion_induction_1,SHAM,phq_8,PHQ8,full,RobustScaler,CatBoost,50,13,20,-0.0176,6.8835,7.7121,-0.0207,-0.3402,-0.0442
2,emotion_induction_1,SHAM,phq_8,PHQ8,full,StandardScaler,Ridge,50,13,5,0.1237,5.7794,6.8892,0.1478,-0.2291,-0.1492
2,emotion_induction_1,SHAM,phq_8,PHQ8,full,StandardScaler,Lasso,50,13,5,0.1102,5.756,6.8971,0.1329,-0.2319,-0.1492
2,emotion_induction_1,SHAM,phq_8,PHQ8,full,StandardScaler,ElasticNet,50,13,5,0.1376,5.7782,6.8495,0.1642,-0.2149,-0.1575
2,emotion_induction_1,SHAM,phq_8,PHQ8,full,StandardScaler,SVR,50,13,5,-0.2005,6.2426,7.4082,-0.2768,-0.4212,-0.2983
2,emotion_induction_1,SHAM,phq_8,PHQ8,full,StandardScaler,KNN,50,13,5,0.0153,5.3538,6.6077,0.0238,-0.1307,-0.1704
2,emotion_induction_1,SHAM,phq_8,PHQ8,full,StandardScaler,RF,50,13,5,0.1694,5.0292,6.2759,0.2296,-0.02,0.1492
2,emotion_induction_1,SHAM,phq_8,PHQ8,full,StandardScaler,ET,50,13,5,0.0497,5.3564,6.673,0.0684,-0.1531,0.0635
2,emotion_induction_1,SHAM,phq_8,PHQ8,full,StandardScaler,GB,50,13,5,0.082,5.2408,6.4123,0.1295,-0.0648,0.0884
2,emotion_induction_1,SHAM,phq_8,PHQ8,full,StandardScaler,XGB,50,13,5,0.1536,5.2909,6.3647,0.2022,-0.049,0.1823
2,emotion_induction_1,SHAM,phq_8,PHQ8,full,StandardScaler,MLP,50,13,5,0.3218,7.0785,9.0755,0.3467,-1.1329,-0.0331
2,emotion_induction_1,SHAM,phq_8,PHQ8,full,StandardScaler,LGBM,50,13,5,-0.2304,6.2331,7.3297,-0.3619,-0.3913,-0.2455
2,emotion_induction_1,SHAM,phq_8,PHQ8,full,StandardScaler,CatBoost,50,13,5,0.0002,5.3875,6.7064,0.0003,-0.1647,-0.011
2,emotion_induction_1,SHAM,phq_8,PHQ8,full,MinMaxScaler,Ridge,50,13,5,-0.1284,6.0986,7.4611,-0.1608,-0.4416,-0.3398
2,emotion_induction_1,SHAM,phq_8,PHQ8,full,MinMaxScaler,Lasso,50,13,5,-0.1299,6.1611,7.5699,-0.159,-0.484,-0.326
2,emotion_induction_1,SHAM,phq_8,PHQ8,full,MinMaxScaler,ElasticNet,50,13,5,-0.1387,5.9502,7.1827,-0.1979,-0.336,-0.3398
2,emotion_induction_1,SHAM,phq_8,PHQ8,full,MinMaxScaler,SVR,50,13,5,0.0581,7.1682,8.5187,0.0636,-0.8793,-0.1602
2,emotion_induction_1,SHAM,phq_8,PHQ8,full,MinMaxScaler,KNN,50,13,5,-0.0661,6.1538,7.1123,-0.0908,-0.31,-0.1823
2,emotion_induction_1,SHAM,phq_8,PHQ8,full,MinMaxScaler,RF,50,13,5,-0.1889,6.1696,7.1489,-0.3391,-0.3235,-0.4696
2,emotion_induction_1,SHAM,phq_8,PHQ8,full,MinMaxScaler,ET,50,13,5,-0.2653,6.1762,7.3895,-0.4359,-0.414,-0.4862
2,emotion_induction_1,SHAM,phq_8,PHQ8,full,MinMaxScaler,GB,50,13,5,-0.3129,7.0611,7.9927,-0.4057,-0.6544,-0.3453
2,emotion_induction_1,SHAM,phq_8,PHQ8,full,MinMaxScaler,XGB,50,13,5,-0.4063,7.2268,8.369,-0.5757,-0.8138,-0.5829
2,emotion_induction_1,SHAM,phq_8,PHQ8,full,MinMaxScaler,MLP,50,13,5,-0.0766,5.9507,7.1983,-0.0963,-0.3418,-0.3591
2,emotion_induction_1,SHAM,phq_8,PHQ8,full,MinMaxScaler,LGBM,50,13,5,-0.3212,7.0056,7.8857,-0.4228,-0.6103,-0.3315
2,emotion_induction_1,SHAM,phq_8,PHQ8,full,MinMaxScaler,CatBoost,50,13,5,-0.0689,6.2083,6.9072,-0.1036,-0.2355,-0.2486
2,emotion_induction_1,SHAM,phq_8,PHQ8,full,RobustScaler,Ridge,50,13,5,0.0259,5.8885,6.9908,0.0326,-0.2656,-0.0912
2,emotion_induction_1,SHAM,phq_8,PHQ8,full,RobustScaler,Lasso,50,13,5,0.0272,5.8869,6.9956,0.0341,-0.2673,-0.0912
2,emotion_induction_1,SHAM,phq_8,PHQ8,full,RobustScaler,ElasticNet,50,13,5,0.0322,5.8703,6.9764,0.0405,-0.2604,-0.0912
2,emotion_induction_1,SHAM,phq_8,PHQ8,full,RobustScaler,SVR,50,13,5,-0.285,6.5174,7.818,-0.3726,-0.5828,-0.3066
2,emotion_induction_1,SHAM,phq_8,PHQ8,full,RobustScaler,KNN,50,13,5,-0.094,5.6615,7.1045,-0.1352,-0.3071,-0.2172
2,emotion_induction_1,SHAM,phq_8,PHQ8,full,RobustScaler,RF,50,13,5,0.0715,5.1299,6.4324,0.1111,-0.0715,0.0442
2,emotion_induction_1,SHAM,phq_8,PHQ8,full,RobustScaler,ET,50,13,5,0.0315,5.385,6.7524,0.0426,-0.1808,0.0525
2,emotion_induction_1,SHAM,phq_8,PHQ8,full,RobustScaler,GB,50,13,5,0.0336,5.7822,6.8582,0.0434,-0.218,-0.1105
2,emotion_induction_1,SHAM,phq_8,PHQ8,full,RobustScaler,XGB,50,13,5,0.0783,5.6365,6.7645,0.1046,-0.185,0.011
2,emotion_induction_1,SHAM,phq_8,PHQ8,full,RobustScaler,MLP,50,13,5,0.262,6.2108,7.5267,0.2699,-0.467,0.0829
2,emotion_induction_1,SHAM,phq_8,PHQ8,full,RobustScaler,LGBM,50,13,5,-0.2431,6.354,7.4384,-0.3596,-0.4329,-0.1615
2,emotion_induction_1,SHAM,phq_8,PHQ8,full,RobustScaler,CatBoost,50,13,5,0.0817,5.3842,6.5086,0.1178,-0.097,0.1022
3,emotion_induction_1,SHAM,phq_8,PHQ8,full,StandardScaler,Ridge,50,13,15,-0.1026,5.9981,7.8312,-0.1149,-0.5935,-0.0362
3,emotion_induction_1,SHAM,phq_8,PHQ8,full,StandardScaler,Lasso,50,13,15,-0.1038,6.0196,7.4547,-0.1319,-0.444,-0.0139
3,emotion_induction_1,SHAM,phq_8,PHQ8,full,StandardScaler,ElasticNet,50,13,15,-0.158,6.1675,7.6199,-0.2045,-0.5087,-0.078
3,emotion_induction_1,SHAM,phq_8,PHQ8,full,StandardScaler,SVR,50,13,15,0.1624,5.0601,6.1365,0.2663,0.0215,0.1532
3,emotion_induction_1,SHAM,phq_8,PHQ8,full,StandardScaler,KNN,50,13,15,-0.1121,5.8547,7.0937,-0.1789,-0.3075,-0.2818
3,emotion_induction_1,SHAM,phq_8,PHQ8,full,StandardScaler,RF,50,13,15,0.0714,5.4987,6.5248,0.1079,-0.1062,0.0223
3,emotion_induction_1,SHAM,phq_8,PHQ8,full,StandardScaler,ET,50,13,15,0.1715,5.0604,6.1525,0.2478,0.0164,0.1031
3,emotion_induction_1,SHAM,phq_8,PHQ8,full,StandardScaler,GB,50,13,15,0.0416,5.946,6.9243,0.0559,-0.2458,-0.039
3,emotion_induction_1,SHAM,phq_8,PHQ8,full,StandardScaler,XGB,50,13,15,0.2786,5.0812,5.8521,0.3911,0.1101,0.2451
3,emotion_induction_1,SHAM,phq_8,PHQ8,full,StandardScaler,MLP,50,13,15,-0.0742,7.0871,9.075,-0.0751,-1.1399,-0.156
3,emotion_induction_1,SHAM,phq_8,PHQ8,full,StandardScaler,LGBM,50,13,15,0.0106,5.9044,6.7943,0.0148,-0.1995,0.0042
3,emotion_induction_1,SHAM,phq_8,PHQ8,full,StandardScaler,CatBoost,50,13,15,0.0572,5.4745,6.5528,0.0909,-0.1157,-0.039
3,emotion_induction_1,SHAM,phq_8,PHQ8,full,MinMaxScaler,Ridge,50,13,15,-0.182,6.2777,7.867,-0.2284,-0.6081,-0.1309
3,emotion_induction_1,SHAM,phq_8,PHQ8,full,MinMaxScaler,Lasso,50,13,15,0.0171,5.6884,6.8955,0.0236,-0.2355,-0.0362
3,emotion_induction_1,SHAM,phq_8,PHQ8,full,MinMaxScaler,ElasticNet,50,13,15,-0.2977,6.7166,8.5613,-0.3601,-0.9045,-0.312
3,emotion_induction_1,SHAM,phq_8,PHQ8,full,MinMaxScaler,SVR,50,13,15,-0.252,6.503,8.7719,-0.2901,-0.9994,-0.1226
3,emotion_induction_1,SHAM,phq_8,PHQ8,full,MinMaxScaler,KNN,50,13,15,0.0451,5.7538,6.7723,0.0671,-0.1917,0.0265
3,emotion_induction_1,SHAM,phq_8,PHQ8,full,MinMaxScaler,RF,50,13,15,-0.0696,6.0271,7.2557,-0.1065,-0.3679,-0.1142
3,emotion_induction_1,SHAM,phq_8,PHQ8,full,MinMaxScaler,ET,50,13,15,0.1253,5.0792,6.4086,0.1798,-0.0672,0.1114
3,emotion_induction_1,SHAM,phq_8,PHQ8,full,MinMaxScaler,GB,50,13,15,0.1166,5.4535,6.7418,0.1442,-0.181,0.0279
3,emotion_induction_1,SHAM,phq_8,PHQ8,full,MinMaxScaler,XGB,50,13,15,0.3242,4.7698,5.7291,0.4437,0.1472,0.3705
3,emotion_induction_1,SHAM,phq_8,PHQ8,full,MinMaxScaler,MLP,50,13,15,-0.086,5.7512,6.9156,-0.1557,-0.2427,-0.1476
3,emotion_induction_1,SHAM,phq_8,PHQ8,full,MinMaxScaler,LGBM,50,13,15,-0.0457,6.2113,7.2273,-0.0632,-0.3572,-0.0651
3,emotion_induction_1,SHAM,phq_8,PHQ8,full,MinMaxScaler,CatBoost,50,13,15,0.0421,5.6818,6.7063,0.0729,-0.1686,-0.0195
3,emotion_induction_1,SHAM,phq_8,PHQ8,full,RobustScaler,Ridge,50,13,20,-0.1797,6.2542,8.0727,-0.2169,-0.6934,-0.0641
3,emotion_induction_1,SHAM,phq_8,PHQ8,full,RobustScaler,Lasso,50,13,20,0.0729,6.1171,8.6754,0.073,-0.9556,0.2814
3,emotion_induction_1,SHAM,phq_8,PHQ8,full,RobustScaler,ElasticNet,50,13,20,-0.1439,6.1771,8.1495,-0.1629,-0.7257,-0.0474
3,emotion_induction_1,SHAM,phq_8,PHQ8,full,RobustScaler,SVR,50,13,20,0.2202,4.9162,5.9208,0.3585,0.0891,0.234
3,emotion_induction_1,SHAM,phq_8,PHQ8,full,RobustScaler,KNN,50,13,20,-0.0843,5.8632,7.0335,-0.1618,-0.2854,-0.1669
3,emotion_induction_1,SHAM,phq_8,PHQ8,full,RobustScaler,RF,50,13,20,-0.0377,5.978,6.9853,-0.0552,-0.2679,-0.1226
3,emotion_induction_1,SHAM,phq_8,PHQ8,full,RobustScaler,ET,50,13,20,0.0833,5.2681,6.4827,0.1276,-0.092,0.1755
3,emotion_induction_1,SHAM,phq_8,PHQ8,full,RobustScaler,GB,50,13,20,0.0655,5.6626,7.1313,0.0851,-0.3214,-0.0752
3,emotion_induction_1,SHAM,phq_8,PHQ8,full,RobustScaler,XGB,50,13,20,0.2558,5.0596,6.0534,0.3876,0.0479,0.2786
3,emotion_induction_1,SHAM,phq_8,PHQ8,full,RobustScaler,MLP,50,13,20,0.2288,6.4753,7.5512,0.2294,-0.4816,0.1449
3,emotion_induction_1,SHAM,phq_8,PHQ8,full,RobustScaler,LGBM,50,13,20,-0.2151,6.5363,7.8437,-0.3142,-0.5986,-0.4088
3,emotion_induction_1,SHAM,phq_8,PHQ8,full,RobustScaler,CatBoost,50,13,20,0.1111,5.3239,6.4545,0.17,-0.0825,0.0362
4,emotion_induction_1,SHAM,phq_8,PHQ8,full,StandardScaler,Ridge,51,12,5,-0.0864,5.5289,6.0454,-0.0978,-0.4816,-0.0392
4,emotion_induction_1,SHAM,phq_8,PHQ8,full,StandardScaler,Lasso,51,12,5,-0.0891,5.682,6.202,-0.0972,-0.5594,-0.0392
4,emotion_induction_1,SHAM,phq_8,PHQ8,full,StandardScaler,ElasticNet,51,12,5,-0.0793,5.0694,5.5602,-0.1149,-0.2534,-0.0534
4,emotion_induction_1,SHAM,phq_8,PHQ8,full,StandardScaler,SVR,51,12,5,0.1305,5.0171,5.6068,0.1458,-0.2744,-0.0356
4,emotion_induction_1,SHAM,phq_8,PHQ8,full,StandardScaler,KNN,51,12,5,0.0765,4.9907,5.3296,0.096,-0.1515,0.032
4,emotion_induction_1,SHAM,phq_8,PHQ8,full,StandardScaler,RF,51,12,5,-0.0607,4.7446,5.6875,-0.0893,-0.3114,-0.2349
4,emotion_induction_1,SHAM,phq_8,PHQ8,full,StandardScaler,ET,51,12,5,-0.0447,5.0503,5.6922,-0.0607,-0.3136,-0.0997
4,emotion_induction_1,SHAM,phq_8,PHQ8,full,StandardScaler,GB,51,12,5,-0.1609,5.5364,6.8244,-0.1802,-0.8881,-0.2656
4,emotion_induction_1,SHAM,phq_8,PHQ8,full,StandardScaler,XGB,51,12,5,0.1575,4.5601,5.6188,0.1936,-0.2799,0.1744
4,emotion_induction_1,SHAM,phq_8,PHQ8,full,StandardScaler,MLP,51,12,5,0.4123,4.8286,5.5699,0.4692,-0.2577,0.3524
4,emotion_induction_1,SHAM,phq_8,PHQ8,full,StandardScaler,LGBM,51,12,5,-0.0366,5.339,6.0265,-0.0444,-0.4724,-0.148
4,emotion_induction_1,SHAM,phq_8,PHQ8,full,StandardScaler,CatBoost,51,12,5,0.0536,4.6781,5.5831,0.0693,-0.2637,0.0036
4,emotion_induction_1,SHAM,phq_8,PHQ8,full,MinMaxScaler,Ridge,51,12,10,-0.048,5.0852,5.7027,-0.0598,-0.3184,-0.0107
4,emotion_induction_1,SHAM,phq_8,PHQ8,full,MinMaxScaler,Lasso,51,12,10,-0.0927,5.4428,6.0508,-0.1052,-0.4843,-0.1958
4,emotion_induction_1,SHAM,phq_8,PHQ8,full,MinMaxScaler,ElasticNet,51,12,10,-0.0644,5.2738,5.8837,-0.0753,-0.4034,-0.1317
4,emotion_induction_1,SHAM,phq_8,PHQ8,full,MinMaxScaler,SVR,51,12,10,0.1262,4.8924,5.4231,0.1595,-0.1923,0.0605
4,emotion_induction_1,SHAM,phq_8,PHQ8,full,MinMaxScaler,KNN,51,12,10,0.0325,4.8929,5.5198,0.0402,-0.2352,-0.0854
4,emotion_induction_1,SHAM,phq_8,PHQ8,full,MinMaxScaler,RF,51,12,10,0.0691,4.5166,5.5637,0.1011,-0.2549,-0.2456
4,emotion_induction_1,SHAM,phq_8,PHQ8,full,MinMaxScaler,ET,51,12,10,0.1798,4.2588,5.267,0.2534,-0.1247,0.0178
4,emotion_induction_1,SHAM,phq_8,PHQ8,full,MinMaxScaler,GB,51,12,10,0.3272,4.6582,5.4656,0.4272,-0.211,0.2207
4,emotion_induction_1,SHAM,phq_8,PHQ8,full,MinMaxScaler,XGB,51,12,10,0.0549,4.8904,5.8663,0.0634,-0.3952,-0.0463
4,emotion_induction_1,SHAM,phq_8,PHQ8,full,MinMaxScaler,MLP,51,12,10,-0.1997,5.6375,6.1643,-0.2434,-0.5405,-0.3061
4,emotion_induction_1,SHAM,phq_8,PHQ8,full,MinMaxScaler,LGBM,51,12,10,0.071,4.7175,5.9027,0.0937,-0.4125,-0.0961
4,emotion_induction_1,SHAM,phq_8,PHQ8,full,MinMaxScaler,CatBoost,51,12,10,0.0308,4.5917,5.54,0.0466,-0.2443,-0.1602
4,emotion_induction_1,SHAM,phq_8,PHQ8,full,RobustScaler,Ridge,51,12,20,-0.038,5.325,5.8777,-0.0435,-0.4006,-0.0214
4,emotion_induction_1,SHAM,phq_8,PHQ8,full,RobustScaler,Lasso,51,12,20,0.0742,4.7981,5.4222,0.0893,-0.1919,0.0427
4,emotion_induction_1,SHAM,phq_8,PHQ8,full,RobustScaler,ElasticNet,51,12,20,0.08,4.8309,5.4084,0.0971,-0.1858,0.0854
4,emotion_induction_1,SHAM,phq_8,PHQ8,full,RobustScaler,SVR,51,12,20,0.2867,4.3496,5.1946,0.3665,-0.0939,0.3453
4,emotion_induction_1,SHAM,phq_8,PHQ8,full,RobustScaler,KNN,51,12,20,0.2951,3.9815,4.8001,0.3857,0.0659,0.3537
4,emotion_induction_1,SHAM,phq_8,PHQ8,full,RobustScaler,RF,51,12,20,0.2043,4.3237,5.3062,0.3009,-0.1414,0.0854
4,emotion_induction_1,SHAM,phq_8,PHQ8,full,RobustScaler,ET,51,12,20,0.3153,3.8383,4.8908,0.4658,0.0303,0.2741
4,emotion_induction_1,SHAM,phq_8,PHQ8,full,RobustScaler,GB,51,12,20,0.3468,4.1417,5.2465,0.4602,-0.1159,0.2064
4,emotion_induction_1,SHAM,phq_8,PHQ8,full,RobustScaler,XGB,51,12,20,0.1534,4.5027,5.7598,0.174,-0.3449,0.0676
4,emotion_induction_1,SHAM,phq_8,PHQ8,full,RobustScaler,MLP,51,12,20,0.3004,5.7694,6.6667,0.3333,-0.8018,0.3132
4,emotion_induction_1,SHAM,phq_8,PHQ8,full,RobustScaler,LGBM,51,12,20,-0.016,4.8934,6.2189,-0.019,-0.5679,-0.0569
4,emotion_induction_1,SHAM,phq_8,PHQ8,full,RobustScaler,CatBoost,51,12,20,0.2677,4.0101,5.1439,0.3491,-0.0727,-0.0071
5,emotion_induction_1,SHAM,phq_8,PHQ8,full,StandardScaler,Ridge,51,12,5,-0.4221,5.5452,6.5314,-0.4817,-0.979,-0.5765
5,emotion_induction_1,SHAM,phq_8,PHQ8,full,StandardScaler,Lasso,51,12,5,-0.4417,5.5859,6.5649,-0.5042,-0.9994,-0.5765
5,emotion_induction_1,SHAM,phq_8,PHQ8,full,StandardScaler,ElasticNet,51,12,5,-0.4573,5.6215,6.5986,-0.5212,-1.02,-0.587
5,emotion_induction_1,SHAM,phq_8,PHQ8,full,StandardScaler,SVR,51,12,5,-0.342,5.3679,6.3158,-0.3925,-0.8506,-0.5308
5,emotion_induction_1,SHAM,phq_8,PHQ8,full,StandardScaler,KNN,51,12,5,0.0291,4.2738,4.7718,0.0579,-0.0564,0.0141
5,emotion_induction_1,SHAM,phq_8,PHQ8,full,StandardScaler,RF,51,12,5,-0.1694,4.5748,5.3898,-0.251,-0.3477,-0.2425
5,emotion_induction_1,SHAM,phq_8,PHQ8,full,StandardScaler,ET,51,12,5,-0.2722,4.8033,5.7468,-0.363,-0.5321,-0.2812
5,emotion_induction_1,SHAM,phq_8,PHQ8,full,StandardScaler,GB,51,12,5,-0.0028,4.6619,5.5053,-0.0031,-0.4061,0.0914
5,emotion_induction_1,SHAM,phq_8,PHQ8,full,StandardScaler,XGB,51,12,5,-0.336,5.6325,6.785,-0.3484,-1.1357,-0.2285
5,emotion_induction_1,SHAM,phq_8,PHQ8,full,StandardScaler,MLP,51,12,5,-0.4962,5.5428,6.3559,-0.632,-0.8741,-0.6819
5,emotion_induction_1,SHAM,phq_8,PHQ8,full,StandardScaler,LGBM,51,12,5,-0.2129,4.7476,5.3892,-0.3556,-0.3474,-0.2081
5,emotion_induction_1,SHAM,phq_8,PHQ8,full,StandardScaler,CatBoost,51,12,5,-0.1458,4.8897,5.6787,-0.1733,-0.496,-0.1582
5,emotion_induction_1,SHAM,phq_8,PHQ8,full,MinMaxScaler,Ridge,51,12,10,-0.3974,4.9435,6.1049,-0.5248,-0.729,-0.4605
5,emotion_induction_1,SHAM,phq_8,PHQ8,full,MinMaxScaler,Lasso,51,12,10,-0.4742,5.2904,6.3727,-0.6021,-0.8841,-0.71
5,emotion_induction_1,SHAM,phq_8,PHQ8,full,MinMaxScaler,ElasticNet,51,12,10,-0.4303,5.0381,6.2226,-0.5454,-0.7963,-0.5413
5,emotion_induction_1,SHAM,phq_8,PHQ8,full,MinMaxScaler,SVR,51,12,10,-0.5014,5.4452,6.546,-0.5886,-0.9879,-0.6749
5,emotion_induction_1,SHAM,phq_8,PHQ8,full,MinMaxScaler,KNN,51,12,10,-0.4867,5.3333,6.3629,-0.6204,-0.8782,-0.6567
5,emotion_induction_1,SHAM,phq_8,PHQ8,full,MinMaxScaler,RF,51,12,10,-0.0805,4.1137,5.2084,-0.1236,-0.2585,-0.1617
5,emotion_induction_1,SHAM,phq_8,PHQ8,full,MinMaxScaler,ET,51,12,10,-0.1861,4.3742,5.585,-0.2679,-0.447,-0.2882
5,emotion_induction_1,SHAM,phq_8,PHQ8,full,MinMaxScaler,GB,51,12,10,0.1811,3.5848,4.738,0.2282,-0.0414,0.1687
5,emotion_induction_1,SHAM,phq_8,PHQ8,full,MinMaxScaler,XGB,51,12,10,0.0056,4.1653,5.3847,0.0064,-0.3452,-0.007
5,emotion_induction_1,SHAM,phq_8,PHQ8,full,MinMaxScaler,MLP,51,12,10,-0.4221,4.881,6.1459,-0.5967,-0.7523,-0.587
5,emotion_induction_1,SHAM,phq_8,PHQ8,full,MinMaxScaler,LGBM,51,12,10,-0.1841,4.4549,5.7669,-0.2225,-0.5429,-0.239
5,emotion_induction_1,SHAM,phq_8,PHQ8,full,MinMaxScaler,CatBoost,51,12,10,-0.0765,4.205,5.0739,-0.1337,-0.1943,-0.225
5,emotion_induction_1,SHAM,phq_8,PHQ8,full,RobustScaler,Ridge,51,12,5,-0.4203,5.541,6.5275,-0.4798,-0.9767,-0.5765
5,emotion_induction_1,SHAM,phq_8,PHQ8,full,RobustScaler,Lasso,51,12,5,-0.4296,5.5563,6.5367,-0.4911,-0.9822,-0.5765
5,emotion_induction_1,SHAM,phq_8,PHQ8,full,RobustScaler,ElasticNet,51,12,5,-0.4328,5.5613,6.5404,-0.4949,-0.9845,-0.5765
5,emotion_induction_1,SHAM,phq_8,PHQ8,full,RobustScaler,SVR,51,12,5,-0.2044,4.9411,5.7808,-0.2456,-0.5503,-0.4113
5,emotion_induction_1,SHAM,phq_8,PHQ8,full,RobustScaler,KNN,51,12,5,-0.0017,4.3167,5.1598,-0.0022,-0.2351,-0.2306
5,emotion_induction_1,SHAM,phq_8,PHQ8,full,RobustScaler,RF,51,12,5,-0.1694,4.5748,5.3898,-0.251,-0.3477,-0.2425
5,emotion_induction_1,SHAM,phq_8,PHQ8,full,RobustScaler,ET,51,12,5,-0.2722,4.8033,5.7468,-0.363,-0.5321,-0.2812
5,emotion_induction_1,SHAM,phq_8,PHQ8,full,RobustScaler,GB,51,12,5,-0.0028,4.6619,5.5053,-0.0031,-0.4061,0.0914
5,emotion_induction_1,SHAM,phq_8,PHQ8,full,RobustScaler,XGB,51,12,5,-0.336,5.6325,6.785,-0.3484,-1.1357,-0.2285
5,emotion_induction_1,SHAM,phq_8,PHQ8,full,RobustScaler,MLP,51,12,5,-0.4799,5.5166,6.1195,-0.7084,-0.7373,-0.6151
5,emotion_induction_1,SHAM,phq_8,PHQ8,full,RobustScaler,LGBM,51,12,5,-0.2121,4.7687,5.397,-0.3564,-0.3513,-0.1481
5,emotion_induction_1,SHAM,phq_8,PHQ8,full,RobustScaler,CatBoost,51,12,5,-0.1458,4.8897,5.6787,-0.1733,-0.496,-0.1582
1,emotion_induction_1,SHAM,ads.1,CES-D,full,StandardScaler,Ridge,50,13,5,-0.3324,24.2761,35.4305,-0.484,-6.1599,-0.4518
1,emotion_induction_1,SHAM,ads.1,CES-D,full,StandardScaler,Lasso,50,13,5,-0.3301,24.4524,35.7406,-0.4845,-6.2858,-0.4683
1,emotion_induction_1,SHAM,ads.1,CES-D,full,StandardScaler,ElasticNet,50,13,5,-0.3309,24.3938,35.6384,-0.4843,-6.2442,-0.4683
1,emotion_induction_1,SHAM,ads.1,CES-D,full,StandardScaler,SVR,50,13,5,-0.2517,14.9976,18.0048,-0.2698,-0.849,-0.2524
1,emotion_induction_1,SHAM,ads.1,CES-D,full,StandardScaler,KNN,50,13,5,-0.4967,16.4873,20.5696,-0.5138,-1.4133,-0.4428
1,emotion_induction_1,SHAM,ads.1,CES-D,full,StandardScaler,RF,50,13,5,-0.3034,15.5741,18.622,-0.3284,-0.9779,-0.3333
1,emotion_induction_1,SHAM,ads.1,CES-D,full,StandardScaler,ET,50,13,5,-0.3184,13.8876,17.336,-0.3826,-0.7142,-0.5069
1,emotion_induction_1,SHAM,ads.1,CES-D,full,StandardScaler,GB,50,13,5,-0.4285,17.1523,20.9236,-0.453,-1.497,-0.3939
1,emotion_induction_1,SHAM,ads.1,CES-D,full,StandardScaler,XGB,50,13,5,-0.3631,16.33,19.8355,-0.3835,-1.2441,-0.3664
1,emotion_induction_1,SHAM,ads.1,CES-D,full,StandardScaler,MLP,50,13,5,-0.1874,40.2417,67.2651,-0.4974,-24.8068,-0.5565
1,emotion_induction_1,SHAM,ads.1,CES-D,full,StandardScaler,LGBM,50,13,5,-0.0276,12.4226,15.3074,-0.0328,-0.3365,-0.1613
1,emotion_induction_1,SHAM,ads.1,CES-D,full,StandardScaler,CatBoost,50,13,5,-0.2427,14.8814,18.2888,-0.257,-0.9078,-0.2617
1,emotion_induction_1,SHAM,ads.1,CES-D,full,MinMaxScaler,Ridge,50,13,10,-0.3354,21.3101,30.7779,-0.4463,-4.403,-0.427
1,emotion_induction_1,SHAM,ads.1,CES-D,full,MinMaxScaler,Lasso,50,13,10,-0.3496,21.4684,30.416,-0.4609,-4.2767,-0.5317
1,emotion_induction_1,SHAM,ads.1,CES-D,full,MinMaxScaler,ElasticNet,50,13,10,-0.3296,21.3422,30.6415,-0.4417,-4.3552,-0.427
1,emotion_induction_1,SHAM,ads.1,CES-D,full,MinMaxScaler,SVR,50,13,10,-0.0968,13.7262,16.296,-0.1093,-0.5147,-0.1366
1,emotion_induction_1,SHAM,ads.1,CES-D,full,MinMaxScaler,KNN,50,13,10,-0.343,15.2462,18.8017,-0.3636,-1.0163,-0.4321
1,emotion_induction_1,SHAM,ads.1,CES-D,full,MinMaxScaler,RF,50,13,10,-0.2405,14.5266,16.9514,-0.2856,-0.6389,-0.4077
1,emotion_induction_1,SHAM,ads.1,CES-D,full,MinMaxScaler,ET,50,13,10,-0.2993,14.4976,17.7663,-0.347,-0.8003,-0.405
1,emotion_induction_1,SHAM,ads.1,CES-D,full,MinMaxScaler,GB,50,13,10,-0.3461,15.9411,19.2587,-0.3689,-1.1155,-0.2259
1,emotion_induction_1,SHAM,ads.1,CES-D,full,MinMaxScaler,XGB,50,13,10,-0.2708,16.2299,19.4578,-0.2884,-1.1595,-0.1598
1,emotion_induction_1,SHAM,ads.1,CES-D,full,MinMaxScaler,MLP,50,13,10,-0.252,28.245,44.4595,-0.4602,-10.2741,-0.449
1,emotion_induction_1,SHAM,ads.1,CES-D,full,MinMaxScaler,LGBM,50,13,10,-0.0524,12.8361,15.5304,-0.0621,-0.3757,-0.0689
1,emotion_induction_1,SHAM,ads.1,CES-D,full,MinMaxScaler,CatBoost,50,13,10,-0.2516,15.0506,18.1629,-0.2681,-0.8816,-0.2314
1,emotion_induction_1,SHAM,ads.1,CES-D,full,RobustScaler,Ridge,50,13,10,-0.3524,23.0837,33.2342,-0.498,-5.2998,-0.4711
1,emotion_induction_1,SHAM,ads.1,CES-D,full,RobustScaler,Lasso,50,13,10,-0.3518,22.8618,32.9354,-0.493,-5.187,-0.4435
1,emotion_induction_1,SHAM,ads.1,CES-D,full,RobustScaler,ElasticNet,50,13,10,-0.3615,22.7067,32.3924,-0.4993,-4.9847,-0.4435
1,emotion_induction_1,SHAM,ads.1,CES-D,full,RobustScaler,SVR,50,13,10,-0.2945,16.0527,21.5736,-0.3066,-1.6546,-0.211
1,emotion_induction_1,SHAM,ads.1,CES-D,full,RobustScaler,KNN,50,13,10,-0.3509,14.8377,17.5617,-0.4157,-0.7591,-0.5234
1,emotion_induction_1,SHAM,ads.1,CES-D,full,RobustScaler,RF,50,13,10,-0.2751,14.9526,17.8792,-0.3043,-0.8233,-0.3609
1,emotion_induction_1,SHAM,ads.1,CES-D,full,RobustScaler,ET,50,13,10,-0.3504,14.7242,18.4654,-0.3883,-0.9448,-0.5014
1,emotion_induction_1,SHAM,ads.1,CES-D,full,RobustScaler,GB,50,13,10,-0.4533,17.6519,20.7899,-0.4682,-1.4652,-0.4766
1,emotion_induction_1,SHAM,ads.1,CES-D,full,RobustScaler,XGB,50,13,10,-0.3671,16.7182,19.7678,-0.3794,-1.2288,-0.3306
1,emotion_induction_1,SHAM,ads.1,CES-D,full,RobustScaler,MLP,50,13,10,-0.191,39.393,66.5916,-0.5057,-24.2926,-0.5344
1,emotion_induction_1,SHAM,ads.1,CES-D,full,RobustScaler,LGBM,50,13,10,-0.0412,12.6234,15.4146,-0.0489,-0.3553,-0.0779
1,emotion_induction_1,SHAM,ads.1,CES-D,full,RobustScaler,CatBoost,50,13,10,-0.3235,15.4327,18.2032,-0.3533,-0.8899,-0.3306
2,emotion_induction_1,SHAM,ads.1,CES-D,full,StandardScaler,Ridge,50,13,5,-0.652,14.0572,17.0065,-0.7746,-1.2489,-0.8693
2,emotion_induction_1,SHAM,ads.1,CES-D,full,StandardScaler,Lasso,50,13,5,-0.7434,15.2994,18.2705,-0.8008,-1.5957,-0.8391
2,emotion_induction_1,SHAM,ads.1,CES-D,full,StandardScaler,ElasticNet,50,13,5,-0.7319,15.1473,18.1712,-0.7947,-1.5675,-0.8391
2,emotion_induction_1,SHAM,ads.1,CES-D,full,StandardScaler,SVR,50,13,5,-0.56,14.2881,17.2754,-0.6223,-1.3206,-0.608
2,emotion_induction_1,SHAM,ads.1,CES-D,full,StandardScaler,KNN,50,13,5,-0.3463,13.3361,16.7858,-0.3679,-1.191,-0.2359
2,emotion_induction_1,SHAM,ads.1,CES-D,full,StandardScaler,RF,50,13,5,-0.3881,11.6393,14.8516,-0.4976,-0.7151,-0.4182
2,emotion_induction_1,SHAM,ads.1,CES-D,full,StandardScaler,ET,50,13,5,-0.49,13.7894,16.8914,-0.5448,-1.2186,-0.5695
2,emotion_induction_1,SHAM,ads.1,CES-D,full,StandardScaler,GB,50,13,5,-0.507,15.417,19.3579,-0.511,-1.9138,-0.5309
2,emotion_induction_1,SHAM,ads.1,CES-D,full,StandardScaler,XGB,50,13,5,-0.4677,13.6079,17.1626,-0.4897,-1.2904,-0.575
2,emotion_induction_1,SHAM,ads.1,CES-D,full,StandardScaler,MLP,50,13,5,-0.6961,16.1433,18.5132,-0.7795,-1.6651,-0.8473
2,emotion_induction_1,SHAM,ads.1,CES-D,full,StandardScaler,LGBM,50,13,5,-0.294,12.2829,14.7769,-0.3472,-0.6979,-0.2837
2,emotion_induction_1,SHAM,ads.1,CES-D,full,StandardScaler,CatBoost,50,13,5,-0.5079,13.591,16.7018,-0.5608,-1.1691,-0.5695
2,emotion_induction_1,SHAM,ads.1,CES-D,full,MinMaxScaler,Ridge,50,13,5,-0.5984,14.132,18.1118,-0.672,-1.5508,-0.784
2,emotion_induction_1,SHAM,ads.1,CES-D,full,MinMaxScaler,Lasso,50,13,5,-0.642,14.9461,19.1997,-0.6976,-1.8664,-0.7703
2,emotion_induction_1,SHAM,ads.1,CES-D,full,MinMaxScaler,ElasticNet,50,13,5,-0.6305,14.8431,19.1572,-0.6844,-1.8537,-0.7703
2,emotion_induction_1,SHAM,ads.1,CES-D,full,MinMaxScaler,SVR,50,13,5,-0.4939,13.6884,16.9796,-0.5997,-1.2418,-0.597
2,emotion_induction_1,SHAM,ads.1,CES-D,full,MinMaxScaler,KNN,50,13,5,-0.4019,14.2853,17.4451,-0.4246,-1.3664,-0.3136
2,emotion_induction_1,SHAM,ads.1,CES-D,full,MinMaxScaler,RF,50,13,5,-0.4473,13.5268,16.2813,-0.5116,-1.0612,-0.5089
2,emotion_induction_1,SHAM,ads.1,CES-D,full,MinMaxScaler,ET,50,13,5,-0.4495,13.3263,16.1692,-0.5472,-1.0329,-0.5117
2,emotion_induction_1,SHAM,ads.1,CES-D,full,MinMaxScaler,GB,50,13,5,-0.3309,14.4545,18.0191,-0.3471,-1.5247,-0.3769
2,emotion_induction_1,SHAM,ads.1,CES-D,full,MinMaxScaler,XGB,50,13,5,-0.3659,15.9446,19.1044,-0.3806,-1.838,-0.3439
2,emotion_induction_1,SHAM,ads.1,CES-D,full,MinMaxScaler,MLP,50,13,5,-0.6063,14.3957,18.334,-0.6845,-1.6137,-0.7565
2,emotion_induction_1,SHAM,ads.1,CES-D,full,MinMaxScaler,LGBM,50,13,5,-0.5035,13.5531,16.6976,-0.5503,-1.168,-0.5314
2,emotion_induction_1,SHAM,ads.1,CES-D,full,MinMaxScaler,CatBoost,50,13,5,-0.455,14.0745,16.8341,-0.5022,-1.2036,-0.4484
2,emotion_induction_1,SHAM,ads.1,CES-D,full,RobustScaler,Ridge,50,13,5,-0.6484,15.2859,19.7992,-0.6936,-2.0482,-0.7895
2,emotion_induction_1,SHAM,ads.1,CES-D,full,RobustScaler,Lasso,50,13,5,-0.6521,15.3231,19.7957,-0.6989,-2.0471,-0.8033
2,emotion_induction_1,SHAM,ads.1,CES-D,full,RobustScaler,ElasticNet,50,13,5,-0.6374,14.7387,18.9787,-0.6911,-1.8008,-0.7895
2,emotion_induction_1,SHAM,ads.1,CES-D,full,RobustScaler,SVR,50,13,5,-0.5749,14.046,17.3965,-0.6832,-1.3533,-0.6878
2,emotion_induction_1,SHAM,ads.1,CES-D,full,RobustScaler,KNN,50,13,5,-0.752,15.8167,17.9364,-0.8914,-1.5016,-0.9161
2,emotion_induction_1,SHAM,ads.1,CES-D,full,RobustScaler,RF,50,13,5,-0.4473,13.5268,16.2813,-0.5116,-1.0612,-0.5089
2,emotion_induction_1,SHAM,ads.1,CES-D,full,RobustScaler,ET,50,13,5,-0.4495,13.3263,16.1692,-0.5472,-1.0329,-0.5117
2,emotion_induction_1,SHAM,ads.1,CES-D,full,RobustScaler,GB,50,13,5,-0.3309,14.4545,18.0191,-0.3471,-1.5247,-0.3769
2,emotion_induction_1,SHAM,ads.1,CES-D,full,RobustScaler,XGB,50,13,5,-0.3659,15.9446,19.1044,-0.3806,-1.838,-0.3439
2,emotion_induction_1,SHAM,ads.1,CES-D,full,RobustScaler,MLP,50,13,5,-0.6956,16.6343,19.4951,-0.7998,-1.9553,-0.8886
2,emotion_induction_1,SHAM,ads.1,CES-D,full,RobustScaler,LGBM,50,13,5,-0.5138,13.6631,16.9685,-0.5514,-1.2389,-0.5475
2,emotion_induction_1,SHAM,ads.1,CES-D,full,RobustScaler,CatBoost,50,13,5,-0.455,14.0745,16.8341,-0.5022,-1.2036,-0.4484
3,emotion_induction_1,SHAM,ads.1,CES-D,full,StandardScaler,Ridge,50,13,5,-0.1549,14.3062,16.0435,-0.4391,-0.2095,-0.3774
3,emotion_induction_1,SHAM,ads.1,CES-D,full,StandardScaler,Lasso,50,13,5,-0.2465,14.735,16.7918,-0.6276,-0.3249,-0.6143
3,emotion_induction_1,SHAM,ads.1,CES-D,full,StandardScaler,ElasticNet,50,13,5,-0.0691,13.7168,15.3666,-0.2021,-0.1096,-0.2534
3,emotion_induction_1,SHAM,ads.1,CES-D,full,StandardScaler,SVR,50,13,5,-0.0182,14.6091,15.3337,-0.0339,-0.1048,-0.0716
3,emotion_induction_1,SHAM,ads.1,CES-D,full,StandardScaler,KNN,50,13,5,-0.1418,16.725,18.1804,-0.1609,-0.5531,-0.1655
3,emotion_induction_1,SHAM,ads.1,CES-D,full,StandardScaler,RF,50,13,5,-0.3606,17.1351,18.558,-0.4933,-0.6183,-0.2893
3,emotion_induction_1,SHAM,ads.1,CES-D,full,StandardScaler,ET,50,13,5,-0.2391,16.6624,18.0121,-0.3069,-0.5245,-0.1983
3,emotion_induction_1,SHAM,ads.1,CES-D,full,StandardScaler,GB,50,13,5,-0.1894,16.7495,18.4529,-0.2179,-0.6,-0.1377
3,emotion_induction_1,SHAM,ads.1,CES-D,full,StandardScaler,XGB,50,13,5,-0.2122,17.1628,18.7026,-0.2414,-0.6436,-0.1917
3,emotion_induction_1,SHAM,ads.1,CES-D,full,StandardScaler,MLP,50,13,5,0.2599,12.1692,13.5718,0.3692,0.1345,0.2149
3,emotion_induction_1,SHAM,ads.1,CES-D,full,StandardScaler,LGBM,50,13,5,-0.5081,18.2437,19.7813,-0.676,-0.8387,-0.7093
3,emotion_induction_1,SHAM,ads.1,CES-D,full,StandardScaler,CatBoost,50,13,5,-0.2238,16.6246,17.8527,-0.2896,-0.4976,-0.0964
3,emotion_induction_1,SHAM,ads.1,CES-D,full,MinMaxScaler,Ridge,50,13,5,-0.0651,18.225,21.4898,-0.0671,-1.17,-0.3747
3,emotion_induction_1,SHAM,ads.1,CES-D,full,MinMaxScaler,Lasso,50,13,5,-0.0442,17.2928,19.7108,-0.0461,-0.8256,-0.3747
3,emotion_induction_1,SHAM,ads.1,CES-D,full,MinMaxScaler,ElasticNet,50,13,5,-0.0832,17.1505,19.3056,-0.0875,-0.7513,-0.3829
3,emotion_induction_1,SHAM,ads.1,CES-D,full,MinMaxScaler,SVR,50,13,5,-0.1095,15.0502,16.3227,-0.174,-0.2519,-0.2039
3,emotion_induction_1,SHAM,ads.1,CES-D,full,MinMaxScaler,KNN,50,13,5,-0.4074,17.0281,18.8803,-0.5601,-0.675,-0.4986
3,emotion_induction_1,SHAM,ads.1,CES-D,full,MinMaxScaler,RF,50,13,5,-0.112,14.2886,16.5493,-0.1634,-0.2869,-0.1488
3,emotion_induction_1,SHAM,ads.1,CES-D,full,MinMaxScaler,ET,50,13,5,-0.156,14.7002,16.6862,-0.2439,-0.3083,-0.1488
3,emotion_induction_1,SHAM,ads.1,CES-D,full,MinMaxScaler,GB,50,13,5,0.0331,14.4909,16.9186,0.0386,-0.345,-0.1295
3,emotion_induction_1,SHAM,ads.1,CES-D,full,MinMaxScaler,XGB,50,13,5,-0.0613,14.3109,17.0808,-0.0744,-0.3709,-0.1047
3,emotion_induction_1,SHAM,ads.1,CES-D,full,MinMaxScaler,MLP,50,13,5,-0.1477,16.6011,18.2656,-0.1682,-0.5677,-0.3967
3,emotion_induction_1,SHAM,ads.1,CES-D,full,MinMaxScaler,LGBM,50,13,5,-0.0845,13.9935,16.9403,-0.1069,-0.3485,-0.029
3,emotion_induction_1,SHAM,ads.1,CES-D,full,MinMaxScaler,CatBoost,50,13,5,-0.0358,13.6843,16.1828,-0.0492,-0.2306,-0.0689
3,emotion_induction_1,SHAM,ads.1,CES-D,full,RobustScaler,Ridge,50,13,5,-0.0852,13.7793,15.4113,-0.2959,-0.116,-0.281
3,emotion_induction_1,SHAM,ads.1,CES-D,full,RobustScaler,Lasso,50,13,5,-0.301,15.155,17.2513,-0.7115,-0.3984,-0.6584
3,emotion_induction_1,SHAM,ads.1,CES-D,full,RobustScaler,ElasticNet,50,13,5,-0.223,14.7252,16.5504,-0.6272,-0.2871,-0.6584
3,emotion_induction_1,SHAM,ads.1,CES-D,full,RobustScaler,SVR,50,13,5,-0.0194,14.6353,15.3556,-0.0359,-0.108,-0.1102
3,emotion_induction_1,SHAM,ads.1,CES-D,full,RobustScaler,KNN,50,13,5,-0.1125,16.3404,17.574,-0.133,-0.4512,-0.131
3,emotion_induction_1,SHAM,ads.1,CES-D,full,RobustScaler,RF,50,13,5,-0.3094,16.6343,18.1838,-0.4252,-0.5537,-0.3003
3,emotion_induction_1,SHAM,ads.1,CES-D,full,RobustScaler,ET,50,13,5,-0.1704,15.6476,17.293,-0.2287,-0.4052,-0.124
3,emotion_induction_1,SHAM,ads.1,CES-D,full,RobustScaler,GB,50,13,5,-0.1779,16.9087,18.3703,-0.2067,-0.5857,-0.1405
3,emotion_induction_1,SHAM,ads.1,CES-D,full,RobustScaler,XGB,50,13,5,-0.2688,18.1561,19.8739,-0.2913,-0.8559,-0.1956
3,emotion_induction_1,SHAM,ads.1,CES-D,full,RobustScaler,MLP,50,13,5,0.2028,13.0407,15.0386,0.2445,-0.0627,0.1763
3,emotion_induction_1,SHAM,ads.1,CES-D,full,RobustScaler,LGBM,50,13,5,-0.5269,18.3656,20.0398,-0.686,-0.887,-0.6366
3,emotion_induction_1,SHAM,ads.1,CES-D,full,RobustScaler,CatBoost,50,13,5,-0.2231,16.283,17.7759,-0.2928,-0.4848,-0.2534
4,emotion_induction_1,SHAM,ads.1,CES-D,full,StandardScaler,Ridge,51,12,5,-0.154,10.6014,12.6475,-0.4354,-0.265,-0.508
4,emotion_induction_1,SHAM,ads.1,CES-D,full,StandardScaler,Lasso,51,12,5,-0.2949,13.0611,14.8086,-0.4292,-0.7343,-0.4692
4,emotion_induction_1,SHAM,ads.1,CES-D,full,StandardScaler,ElasticNet,51,12,5,-0.2643,12.3796,14.1683,-0.4279,-0.5875,-0.4515
4,emotion_induction_1,SHAM,ads.1,CES-D,full,StandardScaler,SVR,51,12,5,-0.3379,14.154,15.6647,-0.5103,-0.9406,-0.5009
4,emotion_induction_1,SHAM,ads.1,CES-D,full,StandardScaler,KNN,51,12,5,-0.3042,13.413,15.0551,-0.425,-0.7925,-0.6608
4,emotion_induction_1,SHAM,ads.1,CES-D,full,StandardScaler,RF,51,12,5,-0.2042,10.7176,12.9143,-0.4421,-0.319,-0.5538
4,emotion_induction_1,SHAM,ads.1,CES-D,full,StandardScaler,ET,51,12,5,-0.2903,11.3067,13.6898,-0.5067,-0.4821,-0.6879
4,emotion_induction_1,SHAM,ads.1,CES-D,full,StandardScaler,GB,51,12,5,-0.0999,12.3933,14.6013,-0.1053,-0.686,-0.2187
4,emotion_induction_1,SHAM,ads.1,CES-D,full,StandardScaler,XGB,51,12,5,-0.1591,12.826,14.6792,-0.215,-0.7041,-0.2928
4,emotion_induction_1,SHAM,ads.1,CES-D,full,StandardScaler,MLP,51,12,5,0.0576,11.8399,13.0905,0.0806,-0.3552,0.0317
4,emotion_induction_1,SHAM,ads.1,CES-D,full,StandardScaler,LGBM,51,12,5,-0.2525,11.5795,14.3362,-0.3197,-0.6254,-0.2637
4,emotion_induction_1,SHAM,ads.1,CES-D,full,StandardScaler,CatBoost,51,12,5,-0.0811,10.2972,12.447,-0.1666,-0.2252,-0.1376
4,emotion_induction_1,SHAM,ads.1,CES-D,full,MinMaxScaler,Ridge,51,12,5,-0.2494,12.1608,13.9354,-0.4275,-0.5358,-0.4868
4,emotion_induction_1,SHAM,ads.1,CES-D,full,MinMaxScaler,Lasso,51,12,5,-0.3096,13.5162,15.2236,-0.429,-0.8328,-0.4692
4,emotion_induction_1,SHAM,ads.1,CES-D,full,MinMaxScaler,ElasticNet,51,12,5,-0.2394,11.8916,13.7346,-0.4279,-0.4918,-0.4515
4,emotion_induction_1,SHAM,ads.1,CES-D,full,MinMaxScaler,SVR,51,12,5,-0.3349,14.5679,16.0664,-0.5168,-1.0414,-0.5185
4,emotion_induction_1,SHAM,ads.1,CES-D,full,MinMaxScaler,KNN,51,12,5,-0.3245,13.8114,15.0874,-0.4118,-0.8002,-0.3932
4,emotion_induction_1,SHAM,ads.1,CES-D,full,MinMaxScaler,RF,51,12,5,-0.0235,10.417,12.5128,-0.0352,-0.2382,-0.1199
4,emotion_induction_1,SHAM,ads.1,CES-D,full,MinMaxScaler,ET,51,12,5,-0.1008,11.6109,13.2168,-0.1635,-0.3815,-0.2081
4,emotion_induction_1,SHAM,ads.1,CES-D,full,MinMaxScaler,GB,51,12,5,-0.0038,10.2548,13.4032,-0.0042,-0.4207,-0.0529
4,emotion_induction_1,SHAM,ads.1,CES-D,full,MinMaxScaler,XGB,51,12,5,-0.1435,10.2115,14.3442,-0.1627,-0.6272,-0.187
4,emotion_induction_1,SHAM,ads.1,CES-D,full,MinMaxScaler,MLP,51,12,5,-0.3523,14.2262,15.945,-0.4715,-1.0106,-0.5573
4,emotion_induction_1,SHAM,ads.1,CES-D,full,MinMaxScaler,LGBM,51,12,5,-0.0997,10.4045,12.9424,-0.1458,-0.3247,-0.169
4,emotion_induction_1,SHAM,ads.1,CES-D,full,MinMaxScaler,CatBoost,51,12,5,-0.2709,11.4588,14.0171,-0.3735,-0.5538,-0.4198
4,emotion_induction_1,SHAM,ads.1,CES-D,full,RobustScaler,Ridge,51,12,5,-0.208,13.3434,15.7531,-0.3737,-0.9625,-0.4692
4,emotion_induction_1,SHAM,ads.1,CES-D,full,RobustScaler,Lasso,51,12,5,-0.1607,13.1522,15.8203,-0.3075,-0.9793,-0.3492
4,emotion_induction_1,SHAM,ads.1,CES-D,full,RobustScaler,ElasticNet,51,12,5,-0.1951,13.234,15.7391,-0.3575,-0.9591,-0.4409
4,emotion_induction_1,SHAM,ads.1,CES-D,full,RobustScaler,SVR,51,12,5,-0.3005,13.8238,16.4061,-0.5226,-1.1286,-0.5926
4,emotion_induction_1,SHAM,ads.1,CES-D,full,RobustScaler,KNN,51,12,5,-0.1946,11.5729,14.3719,-0.3716,-0.6335,-0.4717
4,emotion_induction_1,SHAM,ads.1,CES-D,full,RobustScaler,RF,51,12,5,-0.2587,12.4598,15.0632,-0.5549,-0.7944,-0.6914
4,emotion_induction_1,SHAM,ads.1,CES-D,full,RobustScaler,ET,51,12,5,-0.3622,13.9014,16.9562,-0.425,-1.2738,-0.6173
4,emotion_induction_1,SHAM,ads.1,CES-D,full,RobustScaler,GB,51,12,5,-0.382,14.8889,17.8483,-0.5861,-1.5193,-0.7408
4,emotion_induction_1,SHAM,ads.1,CES-D,full,RobustScaler,XGB,51,12,5,-0.2912,13.7635,17.1339,-0.4506,-1.3217,-0.6244
4,emotion_induction_1,SHAM,ads.1,CES-D,full,RobustScaler,MLP,51,12,5,-0.3126,13.8843,16.2889,-0.4732,-1.0983,-0.6067
4,emotion_induction_1,SHAM,ads.1,CES-D,full,RobustScaler,LGBM,51,12,5,-0.5184,12.0736,15.4053,-0.818,-0.8768,-0.7954
4,emotion_induction_1,SHAM,ads.1,CES-D,full,RobustScaler,CatBoost,51,12,5,-0.3833,13.168,16.722,-0.4512,-1.2114,-0.5785
5,emotion_induction_1,SHAM,ads.1,CES-D,full,StandardScaler,Ridge,51,12,5,0.0376,11.0848,12.3052,0.0598,-1.5134,0.0352
5,emotion_induction_1,SHAM,ads.1,CES-D,full,StandardScaler,Lasso,51,12,5,0.0137,10.8668,12.0112,0.0224,-1.3947,-0.0634
5,emotion_induction_1,SHAM,ads.1,CES-D,full,StandardScaler,ElasticNet,51,12,5,0.0232,10.1887,11.2785,0.0425,-1.1115,-0.0493
5,emotion_induction_1,SHAM,ads.1,CES-D,full,StandardScaler,SVR,51,12,5,0.1266,11.2117,12.9926,0.1976,-1.8021,0.0986
5,emotion_induction_1,SHAM,ads.1,CES-D,full,StandardScaler,KNN,51,12,5,0.0177,10.9858,12.7698,0.0316,-1.7068,-0.0317
5,emotion_induction_1,SHAM,ads.1,CES-D,full,StandardScaler,RF,51,12,5,0.2664,7.6982,10.0435,0.3194,-0.6744,0.243
5,emotion_induction_1,SHAM,ads.1,CES-D,full,StandardScaler,ET,51,12,5,0.2281,8.197,10.3726,0.3135,-0.7859,0.2289
5,emotion_induction_1,SHAM,ads.1,CES-D,full,StandardScaler,GB,51,12,5,0.164,10.4032,12.5813,0.204,-1.6275,0.25
5,emotion_induction_1,SHAM,ads.1,CES-D,full,StandardScaler,XGB,51,12,5,0.2199,8.3605,11.8736,0.2519,-1.3402,0.2113
5,emotion_induction_1,SHAM,ads.1,CES-D,full,StandardScaler,MLP,51,12,5,0.128,10.7647,12.9818,0.1707,-1.7974,0.2958
5,emotion_induction_1,SHAM,ads.1,CES-D,full,StandardScaler,LGBM,51,12,5,0.2048,7.7894,10.7266,0.2274,-0.9099,0.2633
5,emotion_induction_1,SHAM,ads.1,CES-D,full,StandardScaler,CatBoost,51,12,5,0.2617,7.9946,10.4189,0.2845,-0.8019,0.257
5,emotion_induction_1,SHAM,ads.1,CES-D,full,MinMaxScaler,Ridge,51,12,5,-0.1491,10.3524,12.4149,-0.24,-1.5584,-0.2641
5,emotion_induction_1,SHAM,ads.1,CES-D,full,MinMaxScaler,Lasso,51,12,5,-0.1572,10.4415,12.5294,-0.2509,-1.6058,-0.2641
5,emotion_induction_1,SHAM,ads.1,CES-D,full,MinMaxScaler,ElasticNet,51,12,5,-0.135,10.1767,12.1812,-0.2228,-1.463,-0.2641
5,emotion_induction_1,SHAM,ads.1,CES-D,full,MinMaxScaler,SVR,51,12,5,-0.1536,10.7322,13.2696,-0.2272,-1.9228,-0.1408
5,emotion_induction_1,SHAM,ads.1,CES-D,full,MinMaxScaler,KNN,51,12,5,0.0352,9.702,11.4255,0.0516,-1.1669,-0.1162
5,emotion_induction_1,SHAM,ads.1,CES-D,full,MinMaxScaler,RF,51,12,5,-0.0032,9.1372,11.5931,-0.0073,-1.2309,0.0035
5,emotion_induction_1,SHAM,ads.1,CES-D,full,MinMaxScaler,ET,51,12,5,-0.0942,9.7456,11.7284,-0.1505,-1.2833,-0.1796
5,emotion_induction_1,SHAM,ads.1,CES-D,full,MinMaxScaler,GB,51,12,5,-0.0537,12.0501,15.0288,-0.1132,-2.7492,-0.1197
5,emotion_induction_1,SHAM,ads.1,CES-D,full,MinMaxScaler,XGB,51,12,5,-0.1099,11.3283,14.0987,-0.1697,-2.2995,-0.1796
5,emotion_induction_1,SHAM,ads.1,CES-D,full,MinMaxScaler,MLP,51,12,5,-0.1688,9.932,12.0892,-0.2634,-1.426,-0.1479
5,emotion_induction_1,SHAM,ads.1,CES-D,full,MinMaxScaler,LGBM,51,12,5,-0.0275,11.0364,13.4082,-0.0656,-1.9842,-0.0708
5,emotion_induction_1,SHAM,ads.1,CES-D,full,MinMaxScaler,CatBoost,51,12,5,0.0039,10.6099,13.2021,0.0076,-1.8932,-0.0282
5,emotion_induction_1,SHAM,ads.1,CES-D,full,RobustScaler,Ridge,51,12,5,-0.1375,12.1165,14.1289,-0.2127,-2.3136,-0.2606
5,emotion_induction_1,SHAM,ads.1,CES-D,full,RobustScaler,Lasso,51,12,5,-0.1266,12.0876,13.9671,-0.1968,-2.2382,-0.2606
5,emotion_induction_1,SHAM,ads.1,CES-D,full,RobustScaler,ElasticNet,51,12,5,-0.1034,12.0404,13.6735,-0.1622,-2.1035,-0.2289
5,emotion_induction_1,SHAM,ads.1,CES-D,full,RobustScaler,SVR,51,12,5,0.0421,10.5025,12.4609,0.0694,-1.5774,0.1444
5,emotion_induction_1,SHAM,ads.1,CES-D,full,RobustScaler,KNN,51,12,5,-0.0021,8.7196,10.2391,-0.0034,-0.7402,0.0141
5,emotion_induction_1,SHAM,ads.1,CES-D,full,RobustScaler,RF,51,12,5,0.0506,9.4315,11.5194,0.1034,-1.2027,0.0845
5,emotion_induction_1,SHAM,ads.1,CES-D,full,RobustScaler,ET,51,12,5,-0.1213,10.6797,12.6257,-0.198,-1.646,-0.2183
5,emotion_induction_1,SHAM,ads.1,CES-D,full,RobustScaler,GB,51,12,5,0.1288,10.061,11.552,0.1835,-1.2151,0.1444
5,emotion_induction_1,SHAM,ads.1,CES-D,full,RobustScaler,XGB,51,12,5,0.0813,9.6354,12.6391,0.1119,-1.6517,0.0493
5,emotion_induction_1,SHAM,ads.1,CES-D,full,RobustScaler,MLP,51,12,5,-0.0076,10.9429,12.7403,-0.0124,-1.6943,0.0317
5,emotion_induction_1,SHAM,ads.1,CES-D,full,RobustScaler,LGBM,51,12,5,0.1038,9.153,11.1638,0.1822,-1.0688,0.1519
5,emotion_induction_1,SHAM,ads.1,CES-D,full,RobustScaler,CatBoost,51,12,5,0.077,10.6128,12.8732,0.1249,-1.7508,-0.0423
1,emotion_induction_1,SHAM,HRSD_6.1,HRSD6,full,StandardScaler,Ridge,48,13,5,-0.185,4.8283,5.3901,-0.2115,-1.0561,-0.2758
1,emotion_induction_1,SHAM,HRSD_6.1,HRSD6,full,StandardScaler,Lasso,48,13,5,-0.1678,4.7501,5.3205,-0.1913,-1.0034,-0.2953
1,emotion_induction_1,SHAM,HRSD_6.1,HRSD6,full,StandardScaler,ElasticNet,48,13,5,-0.1639,4.7284,5.3022,-0.1868,-0.9896,-0.2758
1,emotion_induction_1,SHAM,HRSD_6.1,HRSD6,full,StandardScaler,SVR,48,13,5,-0.2402,4.2671,4.9513,-0.2767,-0.735,-0.3148
1,emotion_induction_1,SHAM,HRSD_6.1,HRSD6,full,StandardScaler,KNN,48,13,5,-0.2443,3.989,4.803,-0.2952,-0.6326,-0.2885
1,emotion_induction_1,SHAM,HRSD_6.1,HRSD6,full,StandardScaler,RF,48,13,5,-0.0283,3.5677,4.2786,-0.035,-0.2956,-0.0557
1,emotion_induction_1,SHAM,HRSD_6.1,HRSD6,full,StandardScaler,ET,48,13,5,-0.039,3.6908,4.3062,-0.049,-0.3123,0.0725
1,emotion_induction_1,SHAM,HRSD_6.1,HRSD6,full,StandardScaler,GB,48,13,5,-0.1516,4.1161,4.6328,-0.1815,-0.5189,-0.1644
1,emotion_induction_1,SHAM,HRSD_6.1,HRSD6,full,StandardScaler,XGB,48,13,5,-0.187,4.1322,4.8114,-0.2125,-0.6383,-0.0696
1,emotion_induction_1,SHAM,HRSD_6.1,HRSD6,full,StandardScaler,MLP,48,13,5,-0.0761,4.4638,5.0638,-0.0846,-0.8147,-0.0084
1,emotion_induction_1,SHAM,HRSD_6.1,HRSD6,full,StandardScaler,LGBM,48,13,5,0.0611,3.4553,4.1326,0.0837,-0.2086,0.0239
1,emotion_induction_1,SHAM,HRSD_6.1,HRSD6,full,StandardScaler,CatBoost,48,13,5,-0.072,3.6871,4.3387,-0.0954,-0.3322,0.0111
1,emotion_induction_1,SHAM,HRSD_6.1,HRSD6,full,MinMaxScaler,Ridge,48,13,10,-0.0512,4.494,5.3675,-0.0573,-1.0389,-0.2368
1,emotion_induction_1,SHAM,HRSD_6.1,HRSD6,full,MinMaxScaler,Lasso,48,13,10,-0.0326,4.4387,5.3193,-0.0364,-1.0024,-0.1365
1,emotion_induction_1,SHAM,HRSD_6.1,HRSD6,full,MinMaxScaler,ElasticNet,48,13,10,-0.0463,4.374,5.192,-0.0521,-0.9077,-0.1421
1,emotion_induction_1,SHAM,HRSD_6.1,HRSD6,full,MinMaxScaler,SVR,48,13,10,-0.0269,4.443,5.2179,-0.0302,-0.9268,-0.1365
1,emotion_induction_1,SHAM,HRSD_6.1,HRSD6,full,MinMaxScaler,KNN,48,13,10,0.044,3.8462,4.5159,0.0513,-0.4432,0.0
1,emotion_induction_1,SHAM,HRSD_6.1,HRSD6,full,MinMaxScaler,RF,48,13,10,0.018,3.5369,4.2978,0.0216,-0.3072,-0.0279
1,emotion_induction_1,SHAM,HRSD_6.1,HRSD6,full,MinMaxScaler,ET,48,13,10,0.0833,3.5623,4.2551,0.0949,-0.2814,0.1198
1,emotion_induction_1,SHAM,HRSD_6.1,HRSD6,full,MinMaxScaler,GB,48,13,10,0.0089,3.5238,4.4828,0.0097,-0.4222,-0.039
1,emotion_induction_1,SHAM,HRSD_6.1,HRSD6,full,MinMaxScaler,XGB,48,13,10,-0.0505,3.6693,4.4134,-0.0628,-0.3784,-0.1421
1,emotion_induction_1,SHAM,HRSD_6.1,HRSD6,full,MinMaxScaler,MLP,48,13,10,-0.0203,4.2731,5.0188,-0.0227,-0.7826,-0.0696
1,emotion_induction_1,SHAM,HRSD_6.1,HRSD6,full,MinMaxScaler,LGBM,48,13,10,0.0487,3.5461,4.2537,0.058,-0.2805,-0.0613
1,emotion_induction_1,SHAM,HRSD_6.1,HRSD6,full,MinMaxScaler,CatBoost,48,13,10,0.0401,3.4309,4.3334,0.0462,-0.329,-0.0641
1,emotion_induction_1,SHAM,HRSD_6.1,HRSD6,full,RobustScaler,Ridge,48,13,5,-0.1437,4.6982,5.3995,-0.1686,-1.0633,-0.1811
1,emotion_induction_1,SHAM,HRSD_6.1,HRSD6,full,RobustScaler,Lasso,48,13,5,-0.1276,4.6275,5.3276,-0.1493,-1.0087,-0.1811
1,emotion_induction_1,SHAM,HRSD_6.1,HRSD6,full,RobustScaler,ElasticNet,48,13,5,-0.1256,4.6155,5.3163,-0.1468,-1.0002,-0.1811
1,emotion_induction_1,SHAM,HRSD_6.1,HRSD6,full,RobustScaler,SVR,48,13,5,-0.23,4.5373,5.2053,-0.2617,-0.9175,-0.3009
1,emotion_induction_1,SHAM,HRSD_6.1,HRSD6,full,RobustScaler,KNN,48,13,5,0.0054,3.7179,4.4903,0.006,-0.4269,0.0504
1,emotion_induction_1,SHAM,HRSD_6.1,HRSD6,full,RobustScaler,RF,48,13,5,-0.0183,3.5704,4.2548,-0.0227,-0.2812,0.0139
1,emotion_induction_1,SHAM,HRSD_6.1,HRSD6,full,RobustScaler,ET,48,13,5,-0.0235,3.5865,4.1795,-0.0312,-0.2362,-0.0306
1,emotion_induction_1,SHAM,HRSD_6.1,HRSD6,full,RobustScaler,GB,48,13,5,-0.118,4.0711,4.5915,-0.1399,-0.492,-0.1059
1,emotion_induction_1,SHAM,HRSD_6.1,HRSD6,full,RobustScaler,XGB,48,13,5,-0.1552,3.98,4.6026,-0.1903,-0.4992,-0.1003
1,emotion_induction_1,SHAM,HRSD_6.1,HRSD6,full,RobustScaler,MLP,48,13,5,-0.1081,4.4677,5.1439,-0.1217,-0.8726,-0.1337
1,emotion_induction_1,SHAM,HRSD_6.1,HRSD6,full,RobustScaler,LGBM,48,13,5,0.0549,3.4355,4.0163,0.0773,-0.1416,0.0309
1,emotion_induction_1,SHAM,HRSD_6.1,HRSD6,full,RobustScaler,CatBoost,48,13,5,-0.0498,3.6713,4.3101,-0.0657,-0.3147,0.0474
2,emotion_induction_1,SHAM,HRSD_6.1,HRSD6,full,StandardScaler,Ridge,49,12,5,0.0968,6.1295,8.0903,0.1124,-2.2692,0.0176
2,emotion_induction_1,SHAM,HRSD_6.1,HRSD6,full,StandardScaler,Lasso,49,12,5,0.0925,6.5741,9.2135,0.1172,-3.24,0.127
2,emotion_induction_1,SHAM,HRSD_6.1,HRSD6,full,StandardScaler,ElasticNet,49,12,5,0.0949,6.3575,8.6616,0.1151,-2.7473,0.0776
2,emotion_induction_1,SHAM,HRSD_6.1,HRSD6,full,StandardScaler,SVR,49,12,5,0.0426,4.318,4.811,0.0572,-0.1561,-0.1376
2,emotion_induction_1,SHAM,HRSD_6.1,HRSD6,full,StandardScaler,KNN,49,12,5,0.0852,4.1111,4.8686,0.1026,-0.184,-0.0053
2,emotion_induction_1,SHAM,HRSD_6.1,HRSD6,full,StandardScaler,RF,49,12,5,-0.0561,4.4271,4.842,-0.0945,-0.171,-0.1023
2,emotion_induction_1,SHAM,HRSD_6.1,HRSD6,full,StandardScaler,ET,49,12,5,0.0176,4.2794,4.6807,0.0292,-0.0943,-0.0494
2,emotion_induction_1,SHAM,HRSD_6.1,HRSD6,full,StandardScaler,GB,49,12,5,-0.2113,5.3776,6.1642,-0.22,-0.8979,-0.1728
2,emotion_induction_1,SHAM,HRSD_6.1,HRSD6,full,StandardScaler,XGB,49,12,5,-0.2208,5.0548,5.6954,-0.2569,-0.6202,-0.2469
2,emotion_induction_1,SHAM,HRSD_6.1,HRSD6,full,StandardScaler,MLP,49,12,5,0.0814,6.5695,8.64,0.097,-2.7286,-0.1587
2,emotion_induction_1,SHAM,HRSD_6.1,HRSD6,full,StandardScaler,LGBM,49,12,5,0.0328,4.21,4.6462,0.0546,-0.0782,0.0741
2,emotion_induction_1,SHAM,HRSD_6.1,HRSD6,full,StandardScaler,CatBoost,49,12,5,0.0088,4.481,4.845,0.0124,-0.1725,-0.0247
2,emotion_induction_1,SHAM,HRSD_6.1,HRSD6,full,MinMaxScaler,Ridge,49,12,5,0.0523,6.5919,8.1869,0.0605,-2.3478,-0.0564
2,emotion_induction_1,SHAM,HRSD_6.1,HRSD6,full,MinMaxScaler,Lasso,49,12,5,0.0553,6.6441,8.3394,0.0647,-2.4737,-0.067
2,emotion_induction_1,SHAM,HRSD_6.1,HRSD6,full,MinMaxScaler,ElasticNet,49,12,5,0.0517,6.5083,8.0084,0.059,-2.2034,-0.0564
2,emotion_induction_1,SHAM,HRSD_6.1,HRSD6,full,MinMaxScaler,SVR,49,12,5,-0.3433,5.1417,5.7799,-0.4347,-0.6687,-0.3704
2,emotion_induction_1,SHAM,HRSD_6.1,HRSD6,full,MinMaxScaler,KNN,49,12,5,-0.1843,5.1389,5.747,-0.2059,-0.6497,-0.1446
2,emotion_induction_1,SHAM,HRSD_6.1,HRSD6,full,MinMaxScaler,RF,49,12,5,-0.196,4.8,5.2163,-0.3054,-0.3591,-0.3774
2,emotion_induction_1,SHAM,HRSD_6.1,HRSD6,full,MinMaxScaler,ET,49,12,5,-0.2065,4.9021,5.3548,-0.2839,-0.4322,-0.2928
2,emotion_induction_1,SHAM,HRSD_6.1,HRSD6,full,MinMaxScaler,GB,49,12,5,-0.4281,5.4529,5.9426,-0.5509,-0.7639,-0.5362
2,emotion_induction_1,SHAM,HRSD_6.1,HRSD6,full,MinMaxScaler,XGB,49,12,5,-0.4531,5.5223,5.9688,-0.5856,-0.7795,-0.6491
2,emotion_induction_1,SHAM,HRSD_6.1,HRSD6,full,MinMaxScaler,MLP,49,12,5,-0.0695,5.826,6.3453,-0.0718,-1.0111,-0.1517
2,emotion_induction_1,SHAM,HRSD_6.1,HRSD6,full,MinMaxScaler,LGBM,49,12,5,-0.1253,4.6609,5.1545,-0.1789,-0.3271,-0.1905
2,emotion_induction_1,SHAM,HRSD_6.1,HRSD6,full,MinMaxScaler,CatBoost,49,12,5,-0.2865,5.1693,5.5664,-0.3861,-0.5476,-0.4797
2,emotion_induction_1,SHAM,HRSD_6.1,HRSD6,full,RobustScaler,Ridge,49,12,5,0.0562,6.7086,8.4906,0.0666,-2.6008,-0.067
2,emotion_induction_1,SHAM,HRSD_6.1,HRSD6,full,RobustScaler,Lasso,49,12,5,0.0562,6.7409,8.561,0.0669,-2.6607,-0.067
2,emotion_induction_1,SHAM,HRSD_6.1,HRSD6,full,RobustScaler,ElasticNet,49,12,5,0.0561,6.7355,8.547,0.0667,-2.6488,-0.067
2,emotion_induction_1,SHAM,HRSD_6.1,HRSD6,full,RobustScaler,SVR,49,12,5,-0.397,5.6008,6.2104,-0.4531,-0.9265,-0.4515
2,emotion_induction_1,SHAM,HRSD_6.1,HRSD6,full,RobustScaler,KNN,49,12,5,-0.2499,5.5833,6.0841,-0.2678,-0.8489,-0.3522
2,emotion_induction_1,SHAM,HRSD_6.1,HRSD6,full,RobustScaler,RF,49,12,5,-0.1961,4.7958,5.2183,-0.3051,-0.3601,-0.3492
2,emotion_induction_1,SHAM,HRSD_6.1,HRSD6,full,RobustScaler,ET,49,12,5,-0.2065,4.9021,5.3548,-0.2839,-0.4322,-0.2928
2,emotion_induction_1,SHAM,HRSD_6.1,HRSD6,full,RobustScaler,GB,49,12,5,-0.4215,5.4158,5.9277,-0.5442,-0.755,-0.5362
2,emotion_induction_1,SHAM,HRSD_6.1,HRSD6,full,RobustScaler,XGB,49,12,5,-0.4531,5.5223,5.9688,-0.5856,-0.7795,-0.6491
2,emotion_induction_1,SHAM,HRSD_6.1,HRSD6,full,RobustScaler,MLP,49,12,5,-0.0302,7.9519,9.9869,-0.0388,-3.9817,-0.3845
2,emotion_induction_1,SHAM,HRSD_6.1,HRSD6,full,RobustScaler,LGBM,49,12,5,-0.0424,4.5128,4.9752,-0.0598,-0.2364,-0.134
2,emotion_induction_1,SHAM,HRSD_6.1,HRSD6,full,RobustScaler,CatBoost,49,12,5,-0.2865,5.1693,5.5664,-0.3861,-0.5476,-0.4797
3,emotion_induction_1,SHAM,HRSD_6.1,HRSD6,full,StandardScaler,Ridge,49,12,5,-0.2217,4.8234,5.1822,-0.3415,-0.4588,-0.2782
3,emotion_induction_1,SHAM,HRSD_6.1,HRSD6,full,StandardScaler,Lasso,49,12,5,-0.2311,4.9085,5.2788,-0.3405,-0.5137,-0.2782
3,emotion_induction_1,SHAM,HRSD_6.1,HRSD6,full,StandardScaler,ElasticNet,49,12,5,-0.1671,4.3924,4.7897,-0.3643,-0.2462,-0.2852
3,emotion_induction_1,SHAM,HRSD_6.1,HRSD6,full,StandardScaler,SVR,49,12,5,-0.1532,4.123,4.8605,-0.2554,-0.2833,-0.2289
3,emotion_induction_1,SHAM,HRSD_6.1,HRSD6,full,StandardScaler,KNN,49,12,5,-0.2042,4.5926,5.2991,-0.2927,-0.5253,-0.2782
3,emotion_induction_1,SHAM,HRSD_6.1,HRSD6,full,StandardScaler,RF,49,12,5,-0.3372,4.845,5.5967,-0.4111,-0.7015,-0.412
3,emotion_induction_1,SHAM,HRSD_6.1,HRSD6,full,StandardScaler,ET,49,12,5,-0.2289,4.5933,5.3185,-0.287,-0.5365,-0.2923
3,emotion_induction_1,SHAM,HRSD_6.1,HRSD6,full,StandardScaler,GB,49,12,5,-0.3116,5.0637,5.7875,-0.3616,-0.8194,-0.3028
3,emotion_induction_1,SHAM,HRSD_6.1,HRSD6,full,StandardScaler,XGB,49,12,5,-0.2827,4.9895,5.6491,-0.3246,-0.7334,-0.3169
3,emotion_induction_1,SHAM,HRSD_6.1,HRSD6,full,StandardScaler,MLP,49,12,5,-0.2088,5.3199,5.9997,-0.2149,-0.9553,-0.2148
3,emotion_induction_1,SHAM,HRSD_6.1,HRSD6,full,StandardScaler,LGBM,49,12,5,-0.2323,4.6586,5.3123,-0.3049,-0.5329,-0.3672
3,emotion_induction_1,SHAM,HRSD_6.1,HRSD6,full,StandardScaler,CatBoost,49,12,5,-0.3132,4.9776,5.5793,-0.3873,-0.6909,-0.3451
3,emotion_induction_1,SHAM,HRSD_6.1,HRSD6,full,MinMaxScaler,Ridge,49,12,10,-0.2232,5.0114,5.5266,-0.285,-0.6591,-0.2254
3,emotion_induction_1,SHAM,HRSD_6.1,HRSD6,full,MinMaxScaler,Lasso,49,12,10,-0.1373,4.564,5.0392,-0.191,-0.3793,-0.1232
3,emotion_induction_1,SHAM,HRSD_6.1,HRSD6,full,MinMaxScaler,ElasticNet,49,12,10,-0.23,5.119,5.7345,-0.2756,-0.7862,-0.1796
3,emotion_induction_1,SHAM,HRSD_6.1,HRSD6,full,MinMaxScaler,SVR,49,12,10,0.0435,3.7861,4.8494,0.0525,-0.2774,0.1444
3,emotion_induction_1,SHAM,HRSD_6.1,HRSD6,full,MinMaxScaler,KNN,49,12,10,-0.2124,4.7024,5.2781,-0.3136,-0.5133,-0.2274
3,emotion_induction_1,SHAM,HRSD_6.1,HRSD6,full,MinMaxScaler,RF,49,12,10,-0.213,4.6012,5.2571,-0.2824,-0.5012,-0.257
3,emotion_induction_1,SHAM,HRSD_6.1,HRSD6,full,MinMaxScaler,ET,49,12,10,-0.1919,4.6475,5.2701,-0.2502,-0.5086,-0.2007
3,emotion_induction_1,SHAM,HRSD_6.1,HRSD6,full,MinMaxScaler,GB,49,12,10,-0.2819,4.9936,5.6413,-0.3652,-0.7287,-0.3556
3,emotion_induction_1,SHAM,HRSD_6.1,HRSD6,full,MinMaxScaler,XGB,49,12,10,-0.2098,4.7157,5.3036,-0.3382,-0.5279,-0.3592
3,emotion_induction_1,SHAM,HRSD_6.1,HRSD6,full,MinMaxScaler,MLP,49,12,10,-0.1088,4.7399,5.4372,-0.1187,-0.6059,-0.0528
3,emotion_induction_1,SHAM,HRSD_6.1,HRSD6,full,MinMaxScaler,LGBM,49,12,10,-0.0496,4.1823,4.9262,-0.0643,-0.3182,-0.1829
3,emotion_induction_1,SHAM,HRSD_6.1,HRSD6,full,MinMaxScaler,CatBoost,49,12,10,-0.2459,4.6836,5.2756,-0.3552,-0.5118,-0.4261
3,emotion_induction_1,SHAM,HRSD_6.1,HRSD6,full,RobustScaler,Ridge,49,12,5,-0.0466,4.9205,6.0411,-0.0516,-0.9824,0.1901
3,emotion_induction_1,SHAM,HRSD_6.1,HRSD6,full,RobustScaler,Lasso,49,12,5,-0.1073,5.0794,6.0898,-0.1233,-1.0145,0.081
3,emotion_induction_1,SHAM,HRSD_6.1,HRSD6,full,RobustScaler,ElasticNet,49,12,5,-0.113,5.0795,6.0619,-0.1304,-0.9961,0.081
3,emotion_induction_1,SHAM,HRSD_6.1,HRSD6,full,RobustScaler,SVR,49,12,5,-0.0896,4.2545,5.0582,-0.1236,-0.3898,-0.1725
3,emotion_induction_1,SHAM,HRSD_6.1,HRSD6,full,RobustScaler,KNN,49,12,5,-0.1271,4.381,5.0494,-0.1884,-0.385,-0.2756
3,emotion_induction_1,SHAM,HRSD_6.1,HRSD6,full,RobustScaler,RF,49,12,5,-0.3487,4.7346,5.4382,-0.481,-0.6064,-0.5
3,emotion_induction_1,SHAM,HRSD_6.1,HRSD6,full,RobustScaler,ET,49,12,5,-0.2038,4.55,5.191,-0.2783,-0.4637,-0.257
3,emotion_induction_1,SHAM,HRSD_6.1,HRSD6,full,RobustScaler,GB,49,12,5,-0.2808,5.1735,5.8466,-0.3334,-0.8567,-0.3697
3,emotion_induction_1,SHAM,HRSD_6.1,HRSD6,full,RobustScaler,XGB,49,12,5,-0.2239,4.9781,5.6311,-0.3281,-0.7224,-0.3697
3,emotion_induction_1,SHAM,HRSD_6.1,HRSD6,full,RobustScaler,MLP,49,12,5,-0.2373,5.3548,5.9412,-0.2623,-0.9174,-0.2782
3,emotion_induction_1,SHAM,HRSD_6.1,HRSD6,full,RobustScaler,LGBM,49,12,5,0.0338,4.0388,4.6536,0.0485,-0.1763,0.0368
3,emotion_induction_1,SHAM,HRSD_6.1,HRSD6,full,RobustScaler,CatBoost,49,12,5,-0.278,4.7945,5.4227,-0.4214,-0.5973,-0.3662
4,emotion_induction_1,SHAM,HRSD_6.1,HRSD6,full,StandardScaler,Ridge,49,12,5,0.1347,3.5427,4.4425,0.3055,0.028,-0.046
4,emotion_induction_1,SHAM,HRSD_6.1,HRSD6,full,StandardScaler,Lasso,49,12,5,0.1388,3.5574,4.4472,0.2936,0.026,-0.046
4,emotion_induction_1,SHAM,HRSD_6.1,HRSD6,full,StandardScaler,ElasticNet,49,12,5,0.147,3.5449,4.4329,0.3065,0.0322,-0.046
4,emotion_induction_1,SHAM,HRSD_6.1,HRSD6,full,StandardScaler,SVR,49,12,5,0.013,4.1187,5.0923,0.0158,-0.2771,-0.2478
4,emotion_induction_1,SHAM,HRSD_6.1,HRSD6,full,StandardScaler,KNN,49,12,5,-0.0349,3.6852,4.8217,-0.0669,-0.145,-0.1317
4,emotion_induction_1,SHAM,HRSD_6.1,HRSD6,full,StandardScaler,RF,49,12,5,-0.0741,4.0706,5.1342,-0.1086,-0.2982,-0.2053
4,emotion_induction_1,SHAM,HRSD_6.1,HRSD6,full,StandardScaler,ET,49,12,5,-0.0068,3.8692,5.0359,-0.0098,-0.249,-0.2159
4,emotion_induction_1,SHAM,HRSD_6.1,HRSD6,full,StandardScaler,GB,49,12,5,-0.0491,4.3231,5.3073,-0.0609,-0.3872,-0.2018
4,emotion_induction_1,SHAM,HRSD_6.1,HRSD6,full,StandardScaler,XGB,49,12,5,-0.0763,4.6585,5.4733,-0.0859,-0.4753,-0.4
4,emotion_induction_1,SHAM,HRSD_6.1,HRSD6,full,StandardScaler,MLP,49,12,5,0.2691,3.9373,4.4371,0.3996,0.0304,-0.1062
4,emotion_induction_1,SHAM,HRSD_6.1,HRSD6,full,StandardScaler,LGBM,49,12,5,-0.1598,4.5694,5.5653,-0.1996,-0.5253,-0.2705
4,emotion_induction_1,SHAM,HRSD_6.1,HRSD6,full,StandardScaler,CatBoost,49,12,5,-0.0383,4.1588,5.2144,-0.0517,-0.339,-0.0496
4,emotion_induction_1,SHAM,HRSD_6.1,HRSD6,full,MinMaxScaler,Ridge,49,12,10,0.0512,3.637,4.6464,0.1478,-0.0632,0.0071
4,emotion_induction_1,SHAM,HRSD_6.1,HRSD6,full,MinMaxScaler,Lasso,49,12,10,0.072,3.6146,4.5874,0.209,-0.0364,0.0177
4,emotion_induction_1,SHAM,HRSD_6.1,HRSD6,full,MinMaxScaler,ElasticNet,49,12,10,0.051,3.6952,4.6631,0.1524,-0.0709,-0.0885
4,emotion_induction_1,SHAM,HRSD_6.1,HRSD6,full,MinMaxScaler,SVR,49,12,10,0.1014,4.0616,5.0519,0.1726,-0.2569,-0.2584
4,emotion_induction_1,SHAM,HRSD_6.1,HRSD6,full,MinMaxScaler,KNN,49,12,10,0.1066,3.6759,4.7587,0.2097,-0.1152,0.1239
4,emotion_induction_1,SHAM,HRSD_6.1,HRSD6,full,MinMaxScaler,RF,49,12,10,0.0043,3.7733,5.0085,0.008,-0.2354,-0.2443
4,emotion_induction_1,SHAM,HRSD_6.1,HRSD6,full,MinMaxScaler,ET,49,12,10,-0.009,3.6375,4.8406,-0.0207,-0.1539,0.1912
4,emotion_induction_1,SHAM,HRSD_6.1,HRSD6,full,MinMaxScaler,GB,49,12,10,0.0318,3.8229,5.2231,0.0572,-0.3435,-0.0425
4,emotion_induction_1,SHAM,HRSD_6.1,HRSD6,full,MinMaxScaler,XGB,49,12,10,-0.0406,4.3736,5.4878,-0.0493,-0.4831,-0.2266
4,emotion_induction_1,SHAM,HRSD_6.1,HRSD6,full,MinMaxScaler,MLP,49,12,10,0.0054,3.7012,4.8548,0.0152,-0.1607,-0.1982
4,emotion_induction_1,SHAM,HRSD_6.1,HRSD6,full,MinMaxScaler,LGBM,49,12,10,-0.0936,4.2874,5.5027,-0.177,-0.4912,-0.2195
4,emotion_induction_1,SHAM,HRSD_6.1,HRSD6,full,MinMaxScaler,CatBoost,49,12,10,0.0183,3.7598,4.9786,0.0412,-0.2207,-0.0991
4,emotion_induction_1,SHAM,HRSD_6.1,HRSD6,full,RobustScaler,Ridge,49,12,5,0.015,3.5589,4.7291,0.1496,-0.1014,-0.0389
4,emotion_induction_1,SHAM,HRSD_6.1,HRSD6,full,RobustScaler,Lasso,49,12,5,0.0,3.5646,4.6687,,-0.0734,
4,emotion_induction_1,SHAM,HRSD_6.1,HRSD6,full,RobustScaler,ElasticNet,49,12,5,0.0523,3.6584,4.9389,0.1402,-0.2013,-0.1168
4,emotion_induction_1,SHAM,HRSD_6.1,HRSD6,full,RobustScaler,SVR,49,12,5,-0.1141,4.0001,5.7425,-0.1886,-0.624,-0.1381
4,emotion_induction_1,SHAM,HRSD_6.1,HRSD6,full,RobustScaler,KNN,49,12,5,-0.1933,4.2,5.6962,-0.4077,-0.5979,-0.3505
4,emotion_induction_1,SHAM,HRSD_6.1,HRSD6,full,RobustScaler,RF,49,12,5,-0.0017,3.8857,5.2947,-0.005,-0.3806,0.0
4,emotion_induction_1,SHAM,HRSD_6.1,HRSD6,full,RobustScaler,ET,49,12,5,-0.19,4.2167,5.9346,-0.3806,-0.7345,-0.4248
4,emotion_induction_1,SHAM,HRSD_6.1,HRSD6,full,RobustScaler,GB,49,12,5,0.0849,4.5247,5.833,0.145,-0.6756,0.0071
4,emotion_induction_1,SHAM,HRSD_6.1,HRSD6,full,RobustScaler,XGB,49,12,5,0.0381,5.056,6.1963,0.0609,-0.8908,0.0142
4,emotion_induction_1,SHAM,HRSD_6.1,HRSD6,full,RobustScaler,MLP,49,12,5,-0.2299,4.1199,6.0338,-0.413,-0.793,-0.3611
4,emotion_induction_1,SHAM,HRSD_6.1,HRSD6,full,RobustScaler,LGBM,49,12,5,0.0134,4.0754,5.383,0.0315,-0.427,0.0605
4,emotion_induction_1,SHAM,HRSD_6.1,HRSD6,full,RobustScaler,CatBoost,49,12,5,0.0068,3.9439,5.3462,0.0183,-0.4076,-0.0283
5,emotion_induction_1,SHAM,HRSD_6.1,HRSD6,full,StandardScaler,Ridge,49,12,5,-0.0682,4.1008,4.8537,-0.0738,-2.4094,-0.1092
5,emotion_induction_1,SHAM,HRSD_6.1,HRSD6,full,StandardScaler,Lasso,49,12,5,-0.0699,4.077,4.8276,-0.0754,-2.3729,-0.1092
5,emotion_induction_1,SHAM,HRSD_6.1,HRSD6,full,StandardScaler,ElasticNet,49,12,5,-0.0704,4.0703,4.8206,-0.0759,-2.3631,-0.1092
5,emotion_induction_1,SHAM,HRSD_6.1,HRSD6,full,StandardScaler,SVR,49,12,5,-0.1509,3.427,3.9683,-0.1514,-1.279,-0.2113
5,emotion_induction_1,SHAM,HRSD_6.1,HRSD6,full,StandardScaler,KNN,49,12,5,-0.1232,3.8333,4.5338,-0.1271,-1.9749,-0.1064
5,emotion_induction_1,SHAM,HRSD_6.1,HRSD6,full,StandardScaler,RF,49,12,5,-0.1071,3.0962,3.4854,-0.1114,-0.7582,-0.169
5,emotion_induction_1,SHAM,HRSD_6.1,HRSD6,full,StandardScaler,ET,49,12,5,-0.1167,3.2287,3.6733,-0.1179,-0.9528,-0.1972
5,emotion_induction_1,SHAM,HRSD_6.1,HRSD6,full,StandardScaler,GB,49,12,5,-0.16,3.8247,4.3783,-0.1625,-1.7742,-0.1725
5,emotion_induction_1,SHAM,HRSD_6.1,HRSD6,full,StandardScaler,XGB,49,12,5,-0.1281,3.3893,3.9888,-0.1282,-1.3026,-0.162
5,emotion_induction_1,SHAM,HRSD_6.1,HRSD6,full,StandardScaler,MLP,49,12,5,-0.162,3.8921,4.6153,-0.1691,-2.0827,-0.1268
5,emotion_induction_1,SHAM,HRSD_6.1,HRSD6,full,StandardScaler,LGBM,49,12,5,0.0255,3.0664,3.4505,0.0259,-0.723,0.0035
5,emotion_induction_1,SHAM,HRSD_6.1,HRSD6,full,StandardScaler,CatBoost,49,12,5,0.0358,2.9923,3.4099,0.0363,-0.6827,-0.0986
5,emotion_induction_1,SHAM,HRSD_6.1,HRSD6,full,MinMaxScaler,Ridge,49,12,20,-0.1601,3.0944,3.6044,-0.1652,-0.8803,-0.1444
5,emotion_induction_1,SHAM,HRSD_6.1,HRSD6,full,MinMaxScaler,Lasso,49,12,20,-0.1354,3.8482,4.5116,-0.1391,-1.9457,-0.1901
5,emotion_induction_1,SHAM,HRSD_6.1,HRSD6,full,MinMaxScaler,ElasticNet,49,12,20,-0.1644,3.2906,3.9403,-0.1646,-1.247,-0.1021
5,emotion_induction_1,SHAM,HRSD_6.1,HRSD6,full,MinMaxScaler,SVR,49,12,20,-0.1916,3.3013,3.9158,-0.1961,-1.2191,-0.1444
5,emotion_induction_1,SHAM,HRSD_6.1,HRSD6,full,MinMaxScaler,KNN,49,12,20,0.2726,2.5714,2.8696,0.2914,-0.1918,0.2615
5,emotion_induction_1,SHAM,HRSD_6.1,HRSD6,full,MinMaxScaler,RF,49,12,20,-0.1728,3.0825,3.5618,-0.1851,-0.836,-0.3028
5,emotion_induction_1,SHAM,HRSD_6.1,HRSD6,full,MinMaxScaler,ET,49,12,20,-0.2444,3.2675,3.7575,-0.2538,-1.0433,-0.2747
5,emotion_induction_1,SHAM,HRSD_6.1,HRSD6,full,MinMaxScaler,GB,49,12,20,-0.206,3.3729,3.8441,-0.2087,-1.1386,-0.2747
5,emotion_induction_1,SHAM,HRSD_6.1,HRSD6,full,MinMaxScaler,XGB,49,12,20,-0.1283,3.3357,3.71,-0.1338,-0.992,-0.2535
5,emotion_induction_1,SHAM,HRSD_6.1,HRSD6,full,MinMaxScaler,MLP,49,12,20,-0.2671,3.2581,3.8183,-0.2752,-1.11,-0.2113
5,emotion_induction_1,SHAM,HRSD_6.1,HRSD6,full,MinMaxScaler,LGBM,49,12,20,0.0293,3.0478,3.4727,0.0303,-0.7453,-0.1338
5,emotion_induction_1,SHAM,HRSD_6.1,HRSD6,full,MinMaxScaler,CatBoost,49,12,20,-0.2153,3.5058,3.8247,-0.2208,-1.1171,-0.3169
5,emotion_induction_1,SHAM,HRSD_6.1,HRSD6,full,RobustScaler,Ridge,49,12,5,-0.0567,3.904,4.7135,-0.0605,-2.2154,-0.1021
5,emotion_induction_1,SHAM,HRSD_6.1,HRSD6,full,RobustScaler,Lasso,49,12,5,-0.0708,3.9344,4.7343,-0.0754,-2.2438,-0.1021
5,emotion_induction_1,SHAM,HRSD_6.1,HRSD6,full,RobustScaler,ElasticNet,49,12,5,-0.0485,3.8452,4.6475,-0.0515,-2.1259,-0.1021
5,emotion_induction_1,SHAM,HRSD_6.1,HRSD6,full,RobustScaler,SVR,49,12,5,-0.2472,3.5454,4.0397,-0.2497,-1.3617,-0.338
5,emotion_induction_1,SHAM,HRSD_6.1,HRSD6,full,RobustScaler,KNN,49,12,5,-0.2389,3.5714,3.9791,-0.242,-1.2915,-0.3175
5,emotion_induction_1,SHAM,HRSD_6.1,HRSD6,full,RobustScaler,RF,49,12,5,0.1462,2.6164,2.9848,0.161,-0.2894,0.1479
5,emotion_induction_1,SHAM,HRSD_6.1,HRSD6,full,RobustScaler,ET,49,12,5,-0.0164,2.9533,3.373,-0.0176,-0.6465,0.0704
5,emotion_induction_1,SHAM,HRSD_6.1,HRSD6,full,RobustScaler,GB,49,12,5,-0.2093,3.72,4.3541,-0.2133,-1.7437,-0.2099
5,emotion_induction_1,SHAM,HRSD_6.1,HRSD6,full,RobustScaler,XGB,49,12,5,-0.194,3.5341,4.1733,-0.2001,-1.5206,-0.2254
5,emotion_induction_1,SHAM,HRSD_6.1,HRSD6,full,RobustScaler,MLP,49,12,5,-0.2602,4.0777,4.5991,-0.2644,-2.0612,-0.4049
5,emotion_induction_1,SHAM,HRSD_6.1,HRSD6,full,RobustScaler,LGBM,49,12,5,0.0495,3.018,3.4572,0.0501,-0.7298,0.0143
5,emotion_induction_1,SHAM,HRSD_6.1,HRSD6,full,RobustScaler,CatBoost,49,12,5,0.0328,2.9191,3.3286,0.034,-0.6034,0.0634
1,emotion_induction_1,SHAM,HRSD_17.1,HRSD17,full,StandardScaler,Ridge,48,13,5,0.1995,5.6036,6.5632,0.234,-0.1172,0.2369
1,emotion_induction_1,SHAM,HRSD_17.1,HRSD17,full,StandardScaler,Lasso,48,13,5,0.2391,5.8144,6.7356,0.2673,-0.1767,0.3113
1,emotion_induction_1,SHAM,HRSD_17.1,HRSD17,full,StandardScaler,ElasticNet,48,13,5,0.1253,5.0593,6.2153,0.1961,-0.0019,0.2259
1,emotion_induction_1,SHAM,HRSD_17.1,HRSD17,full,StandardScaler,SVR,48,13,5,0.2642,5.3193,5.9425,0.3401,0.0841,0.3636
1,emotion_induction_1,SHAM,HRSD_17.1,HRSD17,full,StandardScaler,KNN,48,13,5,0.4071,4.7033,5.8053,0.4369,0.1259,0.416
1,emotion_induction_1,SHAM,HRSD_17.1,HRSD17,full,StandardScaler,RF,48,13,5,0.2638,4.5693,5.7051,0.395,0.1558,0.2287
1,emotion_induction_1,SHAM,HRSD_17.1,HRSD17,full,StandardScaler,ET,48,13,5,0.1776,5.1931,6.0286,0.2716,0.0574,0.1433
1,emotion_induction_1,SHAM,HRSD_17.1,HRSD17,full,StandardScaler,GB,48,13,5,0.2662,4.9179,6.1613,0.3072,0.0154,0.3278
1,emotion_induction_1,SHAM,HRSD_17.1,HRSD17,full,StandardScaler,XGB,48,13,5,0.2389,5.2052,6.4906,0.266,-0.0926,0.0964
1,emotion_induction_1,SHAM,HRSD_17.1,HRSD17,full,StandardScaler,MLP,48,13,5,0.284,5.037,5.9354,0.4027,0.0863,0.416
1,emotion_induction_1,SHAM,HRSD_17.1,HRSD17,full,StandardScaler,LGBM,48,13,5,0.2921,5.0321,6.1359,0.3274,0.0235,0.1153
1,emotion_induction_1,SHAM,HRSD_17.1,HRSD17,full,StandardScaler,CatBoost,48,13,5,0.2515,4.7791,5.7506,0.3867,0.1423,0.3912
1,emotion_induction_1,SHAM,HRSD_17.1,HRSD17,full,MinMaxScaler,Ridge,48,13,10,0.0065,9.7264,19.3577,0.0113,-8.7189,0.1405
1,emotion_induction_1,SHAM,HRSD_17.1,HRSD17,full,MinMaxScaler,Lasso,48,13,10,0.0147,9.0045,17.6234,0.0235,-7.0554,0.2837
1,emotion_induction_1,SHAM,HRSD_17.1,HRSD17,full,MinMaxScaler,ElasticNet,48,13,10,0.01,10.4256,21.0269,0.0188,-10.4671,0.1846
1,emotion_induction_1,SHAM,HRSD_17.1,HRSD17,full,MinMaxScaler,SVR,48,13,10,0.1999,5.1493,6.2801,0.2665,-0.0229,0.2755
1,emotion_induction_1,SHAM,HRSD_17.1,HRSD17,full,MinMaxScaler,KNN,48,13,10,0.3802,4.5604,5.5287,0.4782,0.2072,0.3774
1,emotion_induction_1,SHAM,HRSD_17.1,HRSD17,full,MinMaxScaler,RF,48,13,10,0.3186,4.3031,5.6958,0.415,0.1586,0.3857
1,emotion_induction_1,SHAM,HRSD_17.1,HRSD17,full,MinMaxScaler,ET,48,13,10,0.2547,5.0119,6.0237,0.3152,0.0589,0.3223
1,emotion_induction_1,SHAM,HRSD_17.1,HRSD17,full,MinMaxScaler,GB,48,13,10,0.2974,4.3321,6.2328,0.3267,-0.0076,0.4132
1,emotion_induction_1,SHAM,HRSD_17.1,HRSD17,full,MinMaxScaler,XGB,48,13,10,0.3914,4.0618,5.6325,0.446,0.1772,0.3691
1,emotion_induction_1,SHAM,HRSD_17.1,HRSD17,full,MinMaxScaler,MLP,48,13,10,-0.0011,11.4493,22.9764,-0.0022,-12.6921,0.2893
1,emotion_induction_1,SHAM,HRSD_17.1,HRSD17,full,MinMaxScaler,LGBM,48,13,10,0.4571,4.1439,5.3178,0.5349,0.2666,0.3995
1,emotion_induction_1,SHAM,HRSD_17.1,HRSD17,full,MinMaxScaler,CatBoost,48,13,10,0.274,4.2802,5.8219,0.3612,0.1209,0.3168
1,emotion_induction_1,SHAM,HRSD_17.1,HRSD17,full,RobustScaler,Ridge,48,13,5,0.0059,10.68,21.3724,0.0111,-10.8471,0.2755
1,emotion_induction_1,SHAM,HRSD_17.1,HRSD17,full,RobustScaler,Lasso,48,13,5,0.0077,11.8599,23.6825,0.0158,-13.5465,0.2755
1,emotion_induction_1,SHAM,HRSD_17.1,HRSD17,full,RobustScaler,ElasticNet,48,13,5,0.0069,11.2547,22.6173,0.0137,-12.2674,0.2755
1,emotion_induction_1,SHAM,HRSD_17.1,HRSD17,full,RobustScaler,SVR,48,13,5,0.2333,5.2418,6.3018,0.2696,-0.03,0.2011
1,emotion_induction_1,SHAM,HRSD_17.1,HRSD17,full,RobustScaler,KNN,48,13,5,0.2644,5.0923,6.3539,0.3017,-0.0471,0.2885
1,emotion_induction_1,SHAM,HRSD_17.1,HRSD17,full,RobustScaler,RF,48,13,5,0.3367,4.5456,5.7245,0.413,0.1501,0.3691
1,emotion_induction_1,SHAM,HRSD_17.1,HRSD17,full,RobustScaler,ET,48,13,5,0.1908,5.3504,6.3869,0.2249,-0.058,0.3719
1,emotion_induction_1,SHAM,HRSD_17.1,HRSD17,full,RobustScaler,GB,48,13,5,0.3134,4.7419,6.3123,0.3334,-0.0334,0.281
1,emotion_induction_1,SHAM,HRSD_17.1,HRSD17,full,RobustScaler,XGB,48,13,5,0.3388,4.8149,6.3084,0.3533,-0.0322,0.3278
1,emotion_induction_1,SHAM,HRSD_17.1,HRSD17,full,RobustScaler,MLP,48,13,5,-0.0207,13.6618,29.2812,-0.0516,-21.2373,0.1818
1,emotion_induction_1,SHAM,HRSD_17.1,HRSD17,full,RobustScaler,LGBM,48,13,5,0.4951,4.514,5.3137,0.5764,0.2677,0.638
1,emotion_induction_1,SHAM,HRSD_17.1,HRSD17,full,RobustScaler,CatBoost,48,13,5,0.2591,4.9132,6.4864,0.2776,-0.0912,0.2948
2,emotion_induction_1,SHAM,HRSD_17.1,HRSD17,full,StandardScaler,Ridge,49,12,10,0.1696,10.4858,13.4542,0.1827,-1.5209,0.0702
2,emotion_induction_1,SHAM,HRSD_17.1,HRSD17,full,StandardScaler,Lasso,49,12,10,0.1583,10.2812,12.7674,0.165,-1.2701,0.0421
2,emotion_induction_1,SHAM,HRSD_17.1,HRSD17,full,StandardScaler,ElasticNet,49,12,10,0.1744,9.2688,10.5032,0.1767,-0.5363,0.1053
2,emotion_induction_1,SHAM,HRSD_17.1,HRSD17,full,StandardScaler,SVR,49,12,10,0.0823,8.3361,9.5605,0.0955,-0.2729,0.0912
2,emotion_induction_1,SHAM,HRSD_17.1,HRSD17,full,StandardScaler,KNN,49,12,10,0.0269,8.119,9.1794,0.0361,-0.1735,0.0386
2,emotion_induction_1,SHAM,HRSD_17.1,HRSD17,full,StandardScaler,RF,49,12,10,-0.0222,8.4929,9.3224,-0.0323,-0.2103,-0.0561
2,emotion_induction_1,SHAM,HRSD_17.1,HRSD17,full,StandardScaler,ET,49,12,10,0.0289,8.47,9.2905,0.0378,-0.202,0.0596
2,emotion_induction_1,SHAM,HRSD_17.1,HRSD17,full,StandardScaler,GB,49,12,10,0.0276,9.7452,10.6221,0.0285,-0.5713,-0.0386
2,emotion_induction_1,SHAM,HRSD_17.1,HRSD17,full,StandardScaler,XGB,49,12,10,0.0066,8.8476,9.9768,0.0076,-0.3862,-0.014
2,emotion_induction_1,SHAM,HRSD_17.1,HRSD17,full,StandardScaler,MLP,49,12,10,0.0749,20.7462,37.4003,0.185,-18.4801,0.1193
2,emotion_induction_1,SHAM,HRSD_17.1,HRSD17,full,StandardScaler,LGBM,49,12,10,0.1128,7.9538,8.662,0.1617,-0.0449,0.0596
2,emotion_induction_1,SHAM,HRSD_17.1,HRSD17,full,StandardScaler,CatBoost,49,12,10,0.0465,8.4141,9.4002,0.0575,-0.2306,0.1053
2,emotion_induction_1,SHAM,HRSD_17.1,HRSD17,full,MinMaxScaler,Ridge,49,12,10,0.1703,9.4762,11.3414,0.1716,-0.7913,0.0842
2,emotion_induction_1,SHAM,HRSD_17.1,HRSD17,full,MinMaxScaler,Lasso,49,12,10,0.1577,10.5589,13.6807,0.1694,-1.6065,0.0561
2,emotion_induction_1,SHAM,HRSD_17.1,HRSD17,full,MinMaxScaler,ElasticNet,49,12,10,0.1669,10.1733,13.0082,0.1757,-1.3566,0.0842
2,emotion_induction_1,SHAM,HRSD_17.1,HRSD17,full,MinMaxScaler,SVR,49,12,10,0.1756,8.4719,9.8132,0.1808,-0.3411,0.1123
2,emotion_induction_1,SHAM,HRSD_17.1,HRSD17,full,MinMaxScaler,KNN,49,12,10,0.1196,7.2857,8.9854,0.1571,-0.1244,-0.0141
2,emotion_induction_1,SHAM,HRSD_17.1,HRSD17,full,MinMaxScaler,RF,49,12,10,0.1051,7.5962,8.5279,0.1805,-0.0128,0.2105
2,emotion_induction_1,SHAM,HRSD_17.1,HRSD17,full,MinMaxScaler,ET,49,12,10,0.1015,7.8521,8.9437,0.1347,-0.114,0.0316
2,emotion_induction_1,SHAM,HRSD_17.1,HRSD17,full,MinMaxScaler,GB,49,12,10,0.1435,8.94,9.8905,0.1487,-0.3623,0.1053
2,emotion_induction_1,SHAM,HRSD_17.1,HRSD17,full,MinMaxScaler,XGB,49,12,10,-0.0547,8.7337,10.2621,-0.0625,-0.4666,0.1368
2,emotion_induction_1,SHAM,HRSD_17.1,HRSD17,full,MinMaxScaler,MLP,49,12,10,0.1517,11.5945,15.5583,0.1774,-2.3711,0.0772
2,emotion_induction_1,SHAM,HRSD_17.1,HRSD17,full,MinMaxScaler,LGBM,49,12,10,0.2028,7.3609,8.0823,0.3341,0.0903,0.3789
2,emotion_induction_1,SHAM,HRSD_17.1,HRSD17,full,MinMaxScaler,CatBoost,49,12,10,0.1456,7.5643,8.61,0.2004,-0.0324,0.1193
2,emotion_induction_1,SHAM,HRSD_17.1,HRSD17,full,RobustScaler,Ridge,49,12,10,0.1656,10.5876,13.2894,0.1753,-1.4595,0.0
2,emotion_induction_1,SHAM,HRSD_17.1,HRSD17,full,RobustScaler,Lasso,49,12,10,0.1724,9.6376,11.2119,0.173,-0.7506,0.014
2,emotion_induction_1,SHAM,HRSD_17.1,HRSD17,full,RobustScaler,ElasticNet,49,12,10,0.1714,9.1589,10.1759,0.1733,-0.4421,-0.0877
2,emotion_induction_1,SHAM,HRSD_17.1,HRSD17,full,RobustScaler,SVR,49,12,10,0.0607,8.8186,9.9093,0.0742,-0.3675,0.0842
2,emotion_induction_1,SHAM,HRSD_17.1,HRSD17,full,RobustScaler,KNN,49,12,10,-0.175,9.4405,10.4415,-0.2147,-0.5183,-0.2526
2,emotion_induction_1,SHAM,HRSD_17.1,HRSD17,full,RobustScaler,RF,49,12,10,-0.0076,8.4025,9.3801,-0.0107,-0.2254,-0.0175
2,emotion_induction_1,SHAM,HRSD_17.1,HRSD17,full,RobustScaler,ET,49,12,10,-0.0416,8.6375,9.6088,-0.0569,-0.2858,-0.0632
2,emotion_induction_1,SHAM,HRSD_17.1,HRSD17,full,RobustScaler,GB,49,12,10,0.0102,8.9117,9.8354,0.0121,-0.3472,0.014
2,emotion_induction_1,SHAM,HRSD_17.1,HRSD17,full,RobustScaler,XGB,49,12,10,-0.0652,8.7848,9.6613,-0.113,-0.2999,-0.1158
2,emotion_induction_1,SHAM,HRSD_17.1,HRSD17,full,RobustScaler,MLP,49,12,10,0.0752,17.6644,30.886,0.151,-12.2851,0.0982
2,emotion_induction_1,SHAM,HRSD_17.1,HRSD17,full,RobustScaler,LGBM,49,12,10,0.1395,7.7541,8.4426,0.2172,0.0074,0.0842
2,emotion_induction_1,SHAM,HRSD_17.1,HRSD17,full,RobustScaler,CatBoost,49,12,10,0.0518,8.2121,8.8108,0.0862,-0.0811,-0.0281
3,emotion_induction_1,SHAM,HRSD_17.1,HRSD17,full,StandardScaler,Ridge,49,12,5,-0.0705,7.9168,9.133,-0.0821,-0.4404,-0.0702
3,emotion_induction_1,SHAM,HRSD_17.1,HRSD17,full,StandardScaler,Lasso,49,12,5,-0.0899,7.4578,8.6377,-0.126,-0.2884,-0.0877
3,emotion_induction_1,SHAM,HRSD_17.1,HRSD17,full,StandardScaler,ElasticNet,49,12,5,-0.0335,7.2919,8.3914,-0.0471,-0.2159,-0.0456
3,emotion_induction_1,SHAM,HRSD_17.1,HRSD17,full,StandardScaler,SVR,49,12,5,-0.2472,8.1976,9.5393,-0.3317,-0.5714,-0.5263
3,emotion_induction_1,SHAM,HRSD_17.1,HRSD17,full,StandardScaler,KNN,49,12,5,-0.1862,8.3426,9.4202,-0.2244,-0.5324,-0.2807
3,emotion_induction_1,SHAM,HRSD_17.1,HRSD17,full,StandardScaler,RF,49,12,5,-0.2752,8.6504,9.6531,-0.3404,-0.6091,-0.414
3,emotion_induction_1,SHAM,HRSD_17.1,HRSD17,full,StandardScaler,ET,49,12,5,-0.4478,9.8317,10.9059,-0.4916,-1.0539,-0.5474
3,emotion_induction_1,SHAM,HRSD_17.1,HRSD17,full,StandardScaler,GB,49,12,5,-0.4457,9.6412,11.0185,-0.4836,-1.0965,-0.5088
3,emotion_induction_1,SHAM,HRSD_17.1,HRSD17,full,StandardScaler,XGB,49,12,5,-0.3865,9.2468,10.7091,-0.4312,-0.9804,-0.4561
3,emotion_induction_1,SHAM,HRSD_17.1,HRSD17,full,StandardScaler,MLP,49,12,5,-0.2705,9.6196,11.2374,-0.283,-1.1806,-0.2632
3,emotion_induction_1,SHAM,HRSD_17.1,HRSD17,full,StandardScaler,LGBM,49,12,5,-0.0383,7.2157,8.3787,-0.0558,-0.2123,-0.0949
3,emotion_induction_1,SHAM,HRSD_17.1,HRSD17,full,StandardScaler,CatBoost,49,12,5,-0.2891,8.3193,9.4894,-0.3853,-0.555,-0.4597
3,emotion_induction_1,SHAM,HRSD_17.1,HRSD17,full,MinMaxScaler,Ridge,49,12,15,-0.0616,7.7846,10.3143,-0.0794,-0.8371,0.1123
3,emotion_induction_1,SHAM,HRSD_17.1,HRSD17,full,MinMaxScaler,Lasso,49,12,15,-0.0921,7.6223,10.1701,-0.1194,-0.7861,0.0807
3,emotion_induction_1,SHAM,HRSD_17.1,HRSD17,full,MinMaxScaler,ElasticNet,49,12,15,-0.0913,7.3937,9.1822,-0.126,-0.4559,-0.0035
3,emotion_induction_1,SHAM,HRSD_17.1,HRSD17,full,MinMaxScaler,SVR,49,12,15,-0.2129,7.7412,10.15,-0.3062,-0.779,-0.1018
3,emotion_induction_1,SHAM,HRSD_17.1,HRSD17,full,MinMaxScaler,KNN,49,12,15,-0.1053,6.8519,8.4247,-0.1774,-0.2256,-0.0842
3,emotion_induction_1,SHAM,HRSD_17.1,HRSD17,full,MinMaxScaler,RF,49,12,15,-0.1739,7.1601,8.771,-0.3212,-0.3284,-0.3684
3,emotion_induction_1,SHAM,HRSD_17.1,HRSD17,full,MinMaxScaler,ET,49,12,15,-0.1937,7.3642,8.963,-0.327,-0.3873,-0.2772
3,emotion_induction_1,SHAM,HRSD_17.1,HRSD17,full,MinMaxScaler,GB,49,12,15,-0.265,7.6427,9.5342,-0.394,-0.5697,-0.4632
3,emotion_induction_1,SHAM,HRSD_17.1,HRSD17,full,MinMaxScaler,XGB,49,12,15,-0.2564,8.0295,9.8481,-0.3671,-0.6748,-0.4281
3,emotion_induction_1,SHAM,HRSD_17.1,HRSD17,full,MinMaxScaler,MLP,49,12,15,-0.1415,6.8931,9.3397,-0.2275,-0.5063,-0.0456
3,emotion_induction_1,SHAM,HRSD_17.1,HRSD17,full,MinMaxScaler,LGBM,49,12,15,-0.2289,7.2341,9.2,-0.3522,-0.4616,-0.2772
3,emotion_induction_1,SHAM,HRSD_17.1,HRSD17,full,MinMaxScaler,CatBoost,49,12,15,-0.2365,7.6264,9.6335,-0.3437,-0.6026,-0.3333
3,emotion_induction_1,SHAM,HRSD_17.1,HRSD17,full,RobustScaler,Ridge,49,12,5,-0.008,6.4636,8.196,-0.0129,-0.16,0.0877
3,emotion_induction_1,SHAM,HRSD_17.1,HRSD17,full,RobustScaler,Lasso,49,12,5,-0.0352,6.7116,8.7815,-0.0465,-0.3316,0.0035
3,emotion_induction_1,SHAM,HRSD_17.1,HRSD17,full,RobustScaler,ElasticNet,49,12,5,-0.023,6.5831,8.5236,-0.0325,-0.2546,0.0877
3,emotion_induction_1,SHAM,HRSD_17.1,HRSD17,full,RobustScaler,SVR,49,12,5,-0.0332,6.439,8.4749,-0.0512,-0.2403,0.0281
3,emotion_induction_1,SHAM,HRSD_17.1,HRSD17,full,RobustScaler,KNN,49,12,5,0.0315,6.6071,8.0697,0.0507,-0.1245,-0.0492
3,emotion_induction_1,SHAM,HRSD_17.1,HRSD17,full,RobustScaler,RF,49,12,5,0.043,6.8238,8.0299,0.0661,-0.1134,0.0105
3,emotion_induction_1,SHAM,HRSD_17.1,HRSD17,full,RobustScaler,ET,49,12,5,-0.0806,7.0092,8.6659,-0.1145,-0.2968,-0.0982
3,emotion_induction_1,SHAM,HRSD_17.1,HRSD17,full,RobustScaler,GB,49,12,5,-0.0047,8.1554,9.2213,-0.0053,-0.4684,0.0105
3,emotion_induction_1,SHAM,HRSD_17.1,HRSD17,full,RobustScaler,XGB,49,12,5,-0.0869,7.6043,8.822,-0.1157,-0.344,-0.1544
3,emotion_induction_1,SHAM,HRSD_17.1,HRSD17,full,RobustScaler,MLP,49,12,5,-0.041,6.8558,8.9124,-0.0524,-0.3716,-0.0211
3,emotion_induction_1,SHAM,HRSD_17.1,HRSD17,full,RobustScaler,LGBM,49,12,5,0.111,5.976,7.6465,0.1801,-0.0097,0.0193
3,emotion_induction_1,SHAM,HRSD_17.1,HRSD17,full,RobustScaler,CatBoost,49,12,5,-0.0293,7.0534,8.4514,-0.0419,-0.2334,-0.0842
4,emotion_induction_1,SHAM,HRSD_17.1,HRSD17,full,StandardScaler,Ridge,49,12,5,0.0069,6.4349,8.8218,0.0266,-0.1132,0.0666
4,emotion_induction_1,SHAM,HRSD_17.1,HRSD17,full,StandardScaler,Lasso,49,12,5,0.0389,6.2529,8.768,0.1369,-0.0997,0.1471
4,emotion_induction_1,SHAM,HRSD_17.1,HRSD17,full,StandardScaler,ElasticNet,49,12,5,0.022,6.475,8.9055,0.0712,-0.1344,0.0595
4,emotion_induction_1,SHAM,HRSD_17.1,HRSD17,full,StandardScaler,SVR,49,12,5,0.0802,5.9372,8.6686,0.3079,-0.0749,0.3328
4,emotion_induction_1,SHAM,HRSD_17.1,HRSD17,full,StandardScaler,KNN,49,12,5,0.1503,5.9074,8.5518,0.3324,-0.0461,0.2689
4,emotion_induction_1,SHAM,HRSD_17.1,HRSD17,full,StandardScaler,RF,49,12,5,-0.0452,6.8786,9.5715,-0.1097,-0.3104,-0.3643
4,emotion_induction_1,SHAM,HRSD_17.1,HRSD17,full,StandardScaler,ET,49,12,5,0.0453,6.5511,9.1829,0.0974,-0.2062,0.049
4,emotion_induction_1,SHAM,HRSD_17.1,HRSD17,full,StandardScaler,GB,49,12,5,-0.0808,8.8441,11.5329,-0.1022,-0.9026,-0.063
4,emotion_induction_1,SHAM,HRSD_17.1,HRSD17,full,StandardScaler,XGB,49,12,5,-0.089,8.5803,11.247,-0.1198,-0.8094,0.0455
4,emotion_induction_1,SHAM,HRSD_17.1,HRSD17,full,StandardScaler,MLP,49,12,5,0.1879,6.5927,8.9543,0.2845,-0.1469,0.0841
4,emotion_induction_1,SHAM,HRSD_17.1,HRSD17,full,StandardScaler,LGBM,49,12,5,-0.0237,7.0541,9.811,-0.0554,-0.3769,-0.1406
4,emotion_induction_1,SHAM,HRSD_17.1,HRSD17,full,StandardScaler,CatBoost,49,12,5,0.0019,7.1641,9.65,0.0036,-0.332,-0.3082
4,emotion_induction_1,SHAM,HRSD_17.1,HRSD17,full,MinMaxScaler,Ridge,49,12,10,0.1033,5.7859,9.2602,0.1782,-0.2266,0.2592
4,emotion_induction_1,SHAM,HRSD_17.1,HRSD17,full,MinMaxScaler,Lasso,49,12,10,0.1078,5.7813,9.2607,0.1908,-0.2267,0.3047
4,emotion_induction_1,SHAM,HRSD_17.1,HRSD17,full,MinMaxScaler,ElasticNet,49,12,10,0.0734,5.7905,8.8764,0.1591,-0.127,0.2732
4,emotion_induction_1,SHAM,HRSD_17.1,HRSD17,full,MinMaxScaler,SVR,49,12,10,-0.0446,6.5695,10.1795,-0.0895,-0.4822,-0.007
4,emotion_induction_1,SHAM,HRSD_17.1,HRSD17,full,MinMaxScaler,KNN,49,12,10,-0.0389,6.5833,9.9775,-0.0634,-0.424,-0.007
4,emotion_induction_1,SHAM,HRSD_17.1,HRSD17,full,MinMaxScaler,RF,49,12,10,-0.0628,6.3837,9.5141,-0.1266,-0.2948,-0.1436
4,emotion_induction_1,SHAM,HRSD_17.1,HRSD17,full,MinMaxScaler,ET,49,12,10,-0.0139,6.3758,9.6447,-0.0231,-0.3306,0.1016
4,emotion_induction_1,SHAM,HRSD_17.1,HRSD17,full,MinMaxScaler,GB,49,12,10,0.0541,7.1013,10.0272,0.0812,-0.4382,0.0245
4,emotion_induction_1,SHAM,HRSD_17.1,HRSD17,full,MinMaxScaler,XGB,49,12,10,0.0295,6.7578,9.8922,0.0527,-0.3997,0.1016
4,emotion_induction_1,SHAM,HRSD_17.1,HRSD17,full,MinMaxScaler,MLP,49,12,10,0.0707,6.0124,9.5617,0.1181,-0.3078,0.2417
4,emotion_induction_1,SHAM,HRSD_17.1,HRSD17,full,MinMaxScaler,LGBM,49,12,10,0.02,6.4228,9.6209,0.0442,-0.324,0.1421
4,emotion_induction_1,SHAM,HRSD_17.1,HRSD17,full,MinMaxScaler,CatBoost,49,12,10,0.0295,6.584,9.5108,0.0624,-0.2939,0.1716
4,emotion_induction_1,SHAM,HRSD_17.1,HRSD17,full,RobustScaler,Ridge,49,12,5,0.0368,6.5911,9.1301,0.0995,-0.1924,-0.0175
4,emotion_induction_1,SHAM,HRSD_17.1,HRSD17,full,RobustScaler,Lasso,49,12,5,0.0721,6.7316,9.1636,0.1823,-0.2011,0.0876
4,emotion_induction_1,SHAM,HRSD_17.1,HRSD17,full,RobustScaler,ElasticNet,49,12,5,-0.0096,6.6721,9.039,-0.0293,-0.1687,-0.1436
4,emotion_induction_1,SHAM,HRSD_17.1,HRSD17,full,RobustScaler,SVR,49,12,5,0.0609,5.978,8.7337,0.2837,-0.0911,0.2907
4,emotion_induction_1,SHAM,HRSD_17.1,HRSD17,full,RobustScaler,KNN,49,12,5,0.0977,6.4537,8.9362,0.1899,-0.1423,0.0491
4,emotion_induction_1,SHAM,HRSD_17.1,HRSD17,full,RobustScaler,RF,49,12,5,-0.045,6.8757,9.5706,-0.1095,-0.3102,-0.3643
4,emotion_induction_1,SHAM,HRSD_17.1,HRSD17,full,RobustScaler,ET,49,12,5,0.0453,6.5511,9.1829,0.0974,-0.2062,0.049
4,emotion_induction_1,SHAM,HRSD_17.1,HRSD17,full,RobustScaler,GB,49,12,5,-0.0773,8.7737,11.4544,-0.0977,-0.8768,-0.1261
4,emotion_induction_1,SHAM,HRSD_17.1,HRSD17,full,RobustScaler,XGB,49,12,5,-0.089,8.5803,11.247,-0.1198,-0.8094,0.0455
4,emotion_induction_1,SHAM,HRSD_17.1,HRSD17,full,RobustScaler,MLP,49,12,5,0.2071,6.697,8.9762,0.3364,-0.1525,0.2802
4,emotion_induction_1,SHAM,HRSD_17.1,HRSD17,full,RobustScaler,LGBM,49,12,5,-0.0154,6.9387,9.743,-0.0385,-0.3578,-0.1722
4,emotion_induction_1,SHAM,HRSD_17.1,HRSD17,full,RobustScaler,CatBoost,49,12,5,0.0019,7.1641,9.65,0.0036,-0.332,-0.3082
5,emotion_induction_1,SHAM,HRSD_17.1,HRSD17,full,StandardScaler,Ridge,49,12,5,-0.0945,4.7852,6.269,-0.1015,-0.6625,-0.0141
5,emotion_induction_1,SHAM,HRSD_17.1,HRSD17,full,StandardScaler,Lasso,49,12,5,-0.0876,6.8077,9.4236,-0.0991,-2.7567,-0.2399
5,emotion_induction_1,SHAM,HRSD_17.1,HRSD17,full,StandardScaler,ElasticNet,49,12,5,-0.102,5.405,7.0284,-0.1039,-1.0897,-0.0776
5,emotion_induction_1,SHAM,HRSD_17.1,HRSD17,full,StandardScaler,SVR,49,12,5,-0.3422,6.333,8.7293,-0.3573,-2.2235,-0.1728
5,emotion_induction_1,SHAM,HRSD_17.1,HRSD17,full,StandardScaler,KNN,49,12,5,-0.2196,5.7037,7.2204,-0.2213,-1.2054,-0.0249
5,emotion_induction_1,SHAM,HRSD_17.1,HRSD17,full,StandardScaler,RF,49,12,5,-0.3395,5.7571,7.2713,-0.3519,-1.2367,-0.3633
5,emotion_induction_1,SHAM,HRSD_17.1,HRSD17,full,StandardScaler,ET,49,12,5,-0.3869,7.32,9.101,-0.3962,-2.5039,-0.381
5,emotion_induction_1,SHAM,HRSD_17.1,HRSD17,full,StandardScaler,GB,49,12,5,-0.3745,7.8144,9.2631,-0.3872,-2.6298,-0.3739
5,emotion_induction_1,SHAM,HRSD_17.1,HRSD17,full,StandardScaler,XGB,49,12,5,-0.2674,7.4025,8.6966,-0.2736,-2.1994,-0.1552
5,emotion_induction_1,SHAM,HRSD_17.1,HRSD17,full,StandardScaler,MLP,49,12,5,-0.057,7.084,10.2498,-0.0691,-3.4443,-0.0423
5,emotion_induction_1,SHAM,HRSD_17.1,HRSD17,full,StandardScaler,LGBM,49,12,5,-0.379,5.9339,7.6074,-0.3821,-1.4482,-0.2199
5,emotion_induction_1,SHAM,HRSD_17.1,HRSD17,full,StandardScaler,CatBoost,49,12,5,-0.3706,6.5044,8.4557,-0.3745,-2.0246,-0.3527
5,emotion_induction_1,SHAM,HRSD_17.1,HRSD17,full,MinMaxScaler,Ridge,49,12,5,-0.073,4.1302,5.5177,-0.1207,-0.2879,-0.0423
5,emotion_induction_1,SHAM,HRSD_17.1,HRSD17,full,MinMaxScaler,Lasso,49,12,5,0.0,3.8197,4.9816,,-0.0498,
5,emotion_induction_1,SHAM,HRSD_17.1,HRSD17,full,MinMaxScaler,ElasticNet,49,12,5,-0.0944,4.2645,5.9883,-0.1169,-0.517,-0.0423
5,emotion_induction_1,SHAM,HRSD_17.1,HRSD17,full,MinMaxScaler,SVR,49,12,5,-0.0963,4.5532,6.3383,-0.1009,-0.6995,-0.0811
5,emotion_induction_1,SHAM,HRSD_17.1,HRSD17,full,MinMaxScaler,KNN,49,12,5,-0.2339,4.8667,6.9162,-0.2475,-1.0235,-0.0283
5,emotion_induction_1,SHAM,HRSD_17.1,HRSD17,full,MinMaxScaler,RF,49,12,5,-0.1593,4.3084,6.6338,-0.1712,-0.8616,0.0035
5,emotion_induction_1,SHAM,HRSD_17.1,HRSD17,full,MinMaxScaler,ET,49,12,5,-0.2376,4.4992,7.6541,-0.2419,-1.4783,0.1235
5,emotion_induction_1,SHAM,HRSD_17.1,HRSD17,full,MinMaxScaler,GB,49,12,5,-0.3347,6.5187,9.5392,-0.3584,-2.8494,-0.2152
5,emotion_induction_1,SHAM,HRSD_17.1,HRSD17,full,MinMaxScaler,XGB,49,12,5,-0.2294,6.5953,9.7029,-0.2588,-2.9827,-0.0494
5,emotion_induction_1,SHAM,HRSD_17.1,HRSD17,full,MinMaxScaler,MLP,49,12,5,-0.1161,5.5514,7.5321,-0.1184,-1.3999,-0.0459
5,emotion_induction_1,SHAM,HRSD_17.1,HRSD17,full,MinMaxScaler,LGBM,49,12,5,-0.1224,5.2305,7.2169,-0.1224,-1.2033,-0.0588
5,emotion_induction_1,SHAM,HRSD_17.1,HRSD17,full,MinMaxScaler,CatBoost,49,12,5,-0.3272,4.8515,7.8986,-0.3337,-1.6392,-0.0705
5,emotion_induction_1,SHAM,HRSD_17.1,HRSD17,full,RobustScaler,Ridge,49,12,5,0.0248,4.1559,6.0306,0.0266,-0.5385,0.0459
5,emotion_induction_1,SHAM,HRSD_17.1,HRSD17,full,RobustScaler,Lasso,49,12,5,0.0,3.8197,4.9816,,-0.0498,
5,emotion_induction_1,SHAM,HRSD_17.1,HRSD17,full,RobustScaler,ElasticNet,49,12,5,0.0098,3.6374,5.3485,0.0139,-0.2101,-0.0035
5,emotion_induction_1,SHAM,HRSD_17.1,HRSD17,full,RobustScaler,SVR,49,12,5,-0.3505,5.9197,7.9581,-0.3505,-1.6791,-0.4021
5,emotion_induction_1,SHAM,HRSD_17.1,HRSD17,full,RobustScaler,KNN,49,12,5,-0.2126,5.5833,7.6188,-0.2185,-1.4555,-0.0779
5,emotion_induction_1,SHAM,HRSD_17.1,HRSD17,full,RobustScaler,RF,49,12,5,-0.2979,5.9188,7.4722,-0.3128,-1.362,-0.2575
5,emotion_induction_1,SHAM,HRSD_17.1,HRSD17,full,RobustScaler,ET,49,12,5,-0.3248,4.8367,6.7309,-0.3529,-0.9166,-0.076
5,emotion_induction_1,SHAM,HRSD_17.1,HRSD17,full,RobustScaler,GB,49,12,5,-0.2656,7.9663,9.783,-0.2934,-3.0487,-0.2716
5,emotion_induction_1,SHAM,HRSD_17.1,HRSD17,full,RobustScaler,XGB,49,12,5,-0.3003,7.3178,9.4004,-0.3192,-2.7382,-0.2011
5,emotion_induction_1,SHAM,HRSD_17.1,HRSD17,full,RobustScaler,MLP,49,12,5,-0.222,6.3162,8.5495,-0.2278,-2.0921,-0.0388
5,emotion_induction_1,SHAM,HRSD_17.1,HRSD17,full,RobustScaler,LGBM,49,12,5,-0.166,5.2043,7.0222,-0.1674,-1.0861,-0.0089
5,emotion_induction_1,SHAM,HRSD_17.1,HRSD17,full,RobustScaler,CatBoost,49,12,5,-0.368,5.401,7.243,-0.3827,-1.2193,-0.2152
1,emotion_induction_1,SHAM,HRSD_21.1,HRSD21,full,StandardScaler,Ridge,48,13,5,0.0677,7.7135,9.0835,0.0691,-0.6636,0.1045
1,emotion_induction_1,SHAM,HRSD_21.1,HRSD21,full,StandardScaler,Lasso,48,13,5,0.0761,8.3177,9.9198,0.0775,-0.984,0.1045
1,emotion_induction_1,SHAM,HRSD_21.1,HRSD21,full,StandardScaler,ElasticNet,48,13,5,0.0725,8.1123,9.6281,0.0736,-0.869,0.1045
1,emotion_induction_1,SHAM,HRSD_21.1,HRSD21,full,StandardScaler,SVR,48,13,5,0.1337,6.0835,8.0144,0.1429,-0.295,0.121
1,emotion_induction_1,SHAM,HRSD_21.1,HRSD21,full,StandardScaler,KNN,48,13,5,0.1762,5.7473,7.52,0.1968,-0.1402,0.2094
1,emotion_induction_1,SHAM,HRSD_21.1,HRSD21,full,StandardScaler,RF,48,13,5,0.1575,5.746,7.3604,0.1878,-0.0923,0.1403
1,emotion_induction_1,SHAM,HRSD_21.1,HRSD21,full,StandardScaler,ET,48,13,5,0.1331,6.4015,8.3116,0.1387,-0.3929,0.0743
1,emotion_induction_1,SHAM,HRSD_21.1,HRSD21,full,StandardScaler,GB,48,13,5,0.0799,6.878,9.0594,0.081,-0.6548,0.0495
1,emotion_induction_1,SHAM,HRSD_21.1,HRSD21,full,StandardScaler,XGB,48,13,5,0.1182,6.6161,8.7974,0.1206,-0.5604,0.1513
1,emotion_induction_1,SHAM,HRSD_21.1,HRSD21,full,StandardScaler,MLP,48,13,5,-0.0631,8.1333,9.6336,-0.0638,-0.8712,0.033
1,emotion_induction_1,SHAM,HRSD_21.1,HRSD21,full,StandardScaler,LGBM,48,13,5,0.1298,6.4581,8.1204,0.1371,-0.3295,0.0028
1,emotion_induction_1,SHAM,HRSD_21.1,HRSD21,full,StandardScaler,CatBoost,48,13,5,0.0735,6.3814,8.4131,0.0774,-0.4271,-0.0028
1,emotion_induction_1,SHAM,HRSD_21.1,HRSD21,full,MinMaxScaler,Ridge,48,13,10,-0.0223,8.3397,15.15,-0.0285,-3.6277,0.2228
1,emotion_induction_1,SHAM,HRSD_21.1,HRSD21,full,MinMaxScaler,Lasso,48,13,10,0.0122,7.2937,11.1511,0.0132,-1.5071,0.1541
1,emotion_induction_1,SHAM,HRSD_21.1,HRSD21,full,MinMaxScaler,ElasticNet,48,13,10,-0.0094,8.427,15.0441,-0.012,-3.5632,0.2228
1,emotion_induction_1,SHAM,HRSD_21.1,HRSD21,full,MinMaxScaler,SVR,48,13,10,0.1598,5.7027,7.2331,0.2008,-0.0548,0.1761
1,emotion_induction_1,SHAM,HRSD_21.1,HRSD21,full,MinMaxScaler,KNN,48,13,10,0.4311,5.0462,6.3168,0.4786,0.1955,0.4538
1,emotion_induction_1,SHAM,HRSD_21.1,HRSD21,full,MinMaxScaler,RF,48,13,10,0.3144,4.8246,6.5186,0.4126,0.1433,0.1584
1,emotion_induction_1,SHAM,HRSD_21.1,HRSD21,full,MinMaxScaler,ET,48,13,10,0.2312,5.1081,6.7506,0.3137,0.0812,0.1898
1,emotion_induction_1,SHAM,HRSD_21.1,HRSD21,full,MinMaxScaler,GB,48,13,10,0.4096,5.1008,6.6267,0.4348,0.1146,0.3576
1,emotion_induction_1,SHAM,HRSD_21.1,HRSD21,full,MinMaxScaler,XGB,48,13,10,0.4065,5.259,6.5692,0.438,0.1299,0.3109
1,emotion_induction_1,SHAM,HRSD_21.1,HRSD21,full,MinMaxScaler,MLP,48,13,10,-0.0189,10.1457,21.0963,-0.0316,-7.9733,0.2228
1,emotion_induction_1,SHAM,HRSD_21.1,HRSD21,full,MinMaxScaler,LGBM,48,13,10,0.361,4.9351,6.418,0.4405,0.1695,0.3085
1,emotion_induction_1,SHAM,HRSD_21.1,HRSD21,full,MinMaxScaler,CatBoost,48,13,10,0.249,5.0143,6.705,0.3306,0.0936,0.0715
1,emotion_induction_1,SHAM,HRSD_21.1,HRSD21,full,RobustScaler,Ridge,48,13,5,0.1885,5.9819,8.3353,0.2081,-0.4008,0.2669
1,emotion_induction_1,SHAM,HRSD_21.1,HRSD21,full,RobustScaler,Lasso,48,13,5,0.1891,6.0318,8.3899,0.2083,-0.4192,0.2669
1,emotion_induction_1,SHAM,HRSD_21.1,HRSD21,full,RobustScaler,ElasticNet,48,13,5,0.1859,5.8705,8.1426,0.2073,-0.3368,0.2586
1,emotion_induction_1,SHAM,HRSD_21.1,HRSD21,full,RobustScaler,SVR,48,13,5,0.1575,6.7016,7.8853,0.1689,-0.2537,0.1568
1,emotion_induction_1,SHAM,HRSD_21.1,HRSD21,full,RobustScaler,KNN,48,13,5,0.052,6.7436,9.543,0.0522,-0.8361,0.1529
1,emotion_induction_1,SHAM,HRSD_21.1,HRSD21,full,RobustScaler,RF,48,13,5,0.1617,5.5562,7.1448,0.2128,-0.0292,0.1678
1,emotion_induction_1,SHAM,HRSD_21.1,HRSD21,full,RobustScaler,ET,48,13,5,0.1527,5.8133,7.3631,0.1875,-0.0931,0.2366
1,emotion_induction_1,SHAM,HRSD_21.1,HRSD21,full,RobustScaler,GB,48,13,5,-0.0278,6.4827,9.0637,-0.029,-0.6563,0.1376
1,emotion_induction_1,SHAM,HRSD_21.1,HRSD21,full,RobustScaler,XGB,48,13,5,0.1663,5.6235,7.8721,0.1786,-0.2495,0.1694
1,emotion_induction_1,SHAM,HRSD_21.1,HRSD21,full,RobustScaler,MLP,48,13,5,-0.0642,7.8461,8.7585,-0.0721,-0.5467,-0.044
1,emotion_induction_1,SHAM,HRSD_21.1,HRSD21,full,RobustScaler,LGBM,48,13,5,0.2347,5.5661,7.3196,0.2646,-0.0802,0.1634
1,emotion_induction_1,SHAM,HRSD_21.1,HRSD21,full,RobustScaler,CatBoost,48,13,5,0.0951,5.8716,7.6697,0.1176,-0.186,0.121
2,emotion_induction_1,SHAM,HRSD_21.1,HRSD21,full,StandardScaler,Ridge,49,12,10,0.0537,14.1475,19.1424,0.0654,-3.1931,-0.1333
2,emotion_induction_1,SHAM,HRSD_21.1,HRSD21,full,StandardScaler,Lasso,49,12,10,0.0542,15.3341,22.2857,0.0742,-4.6833,-0.1088
2,emotion_induction_1,SHAM,HRSD_21.1,HRSD21,full,StandardScaler,ElasticNet,49,12,10,0.0543,14.839,21.035,0.071,-4.0632,-0.1333
2,emotion_induction_1,SHAM,HRSD_21.1,HRSD21,full,StandardScaler,SVR,49,12,10,-0.0349,10.0353,11.0902,-0.0402,-0.4074,-0.0526
2,emotion_induction_1,SHAM,HRSD_21.1,HRSD21,full,StandardScaler,KNN,49,12,10,-0.1127,10.1167,10.8645,-0.1525,-0.3507,-0.2351
2,emotion_induction_1,SHAM,HRSD_21.1,HRSD21,full,StandardScaler,RF,49,12,10,-0.0798,9.805,10.5768,-0.1126,-0.2801,-0.1368
2,emotion_induction_1,SHAM,HRSD_21.1,HRSD21,full,StandardScaler,ET,49,12,10,-0.0837,10.0142,10.7427,-0.1132,-0.3206,-0.1544
2,emotion_induction_1,SHAM,HRSD_21.1,HRSD21,full,StandardScaler,GB,49,12,10,-0.0038,9.4752,10.3847,-0.0051,-0.2341,0.007
2,emotion_induction_1,SHAM,HRSD_21.1,HRSD21,full,StandardScaler,XGB,49,12,10,-0.0221,9.73,10.898,-0.0258,-0.3591,0.0807
2,emotion_induction_1,SHAM,HRSD_21.1,HRSD21,full,StandardScaler,MLP,49,12,10,0.0303,24.2469,45.5759,0.0797,-22.7692,-0.0702
2,emotion_induction_1,SHAM,HRSD_21.1,HRSD21,full,StandardScaler,LGBM,49,12,10,-0.0438,9.3983,10.3391,-0.0622,-0.2232,-0.1965
2,emotion_induction_1,SHAM,HRSD_21.1,HRSD21,full,StandardScaler,CatBoost,49,12,10,-0.026,10.0338,10.7715,-0.0313,-0.3277,-0.0421
2,emotion_induction_1,SHAM,HRSD_21.1,HRSD21,full,MinMaxScaler,Ridge,49,12,5,0.0535,14.5254,20.0256,0.0667,-3.589,-0.2246
2,emotion_induction_1,SHAM,HRSD_21.1,HRSD21,full,MinMaxScaler,Lasso,49,12,5,0.0536,14.4437,19.8161,0.0663,-3.4935,-0.2246
2,emotion_induction_1,SHAM,HRSD_21.1,HRSD21,full,MinMaxScaler,ElasticNet,49,12,5,0.0512,14.1479,19.0007,0.0614,-3.1312,-0.2246
2,emotion_induction_1,SHAM,HRSD_21.1,HRSD21,full,MinMaxScaler,SVR,49,12,5,-0.0867,10.5218,11.4784,-0.0982,-0.5077,-0.2246
2,emotion_induction_1,SHAM,HRSD_21.1,HRSD21,full,MinMaxScaler,KNN,49,12,5,-0.1637,9.9524,11.069,-0.2342,-0.4021,-0.3831
2,emotion_induction_1,SHAM,HRSD_21.1,HRSD21,full,MinMaxScaler,RF,49,12,5,-0.0014,8.8508,10.0376,-0.0026,-0.1529,-0.0491
2,emotion_induction_1,SHAM,HRSD_21.1,HRSD21,full,MinMaxScaler,ET,49,12,5,0.0179,8.8814,10.0801,0.0274,-0.1627,0.1018
2,emotion_induction_1,SHAM,HRSD_21.1,HRSD21,full,MinMaxScaler,GB,49,12,5,0.1338,8.0329,9.5242,0.2979,-0.038,0.3228
2,emotion_induction_1,SHAM,HRSD_21.1,HRSD21,full,MinMaxScaler,XGB,49,12,5,0.0759,8.1569,9.9946,0.1578,-0.1431,0.1754
2,emotion_induction_1,SHAM,HRSD_21.1,HRSD21,full,MinMaxScaler,MLP,49,12,5,0.02,11.7795,13.4568,0.02,-1.0722,-0.2351
2,emotion_induction_1,SHAM,HRSD_21.1,HRSD21,full,MinMaxScaler,LGBM,49,12,5,0.1078,8.1839,9.3328,0.203,0.0033,0.0947
2,emotion_induction_1,SHAM,HRSD_21.1,HRSD21,full,MinMaxScaler,CatBoost,49,12,5,0.0928,8.2081,9.69,0.1586,-0.0745,0.1614
2,emotion_induction_1,SHAM,HRSD_21.1,HRSD21,full,RobustScaler,Ridge,49,12,10,0.0599,13.5311,17.846,0.0692,-2.6444,-0.2175
2,emotion_induction_1,SHAM,HRSD_21.1,HRSD21,full,RobustScaler,Lasso,49,12,10,0.0602,14.6648,20.6367,0.0772,-3.8733,-0.1474
2,emotion_induction_1,SHAM,HRSD_21.1,HRSD21,full,RobustScaler,ElasticNet,49,12,10,0.0585,14.1962,19.5688,0.0722,-3.382,-0.1228
2,emotion_induction_1,SHAM,HRSD_21.1,HRSD21,full,RobustScaler,SVR,49,12,10,-0.1328,10.2735,11.2526,-0.1625,-0.4489,-0.0105
2,emotion_induction_1,SHAM,HRSD_21.1,HRSD21,full,RobustScaler,KNN,49,12,10,-0.163,10.5333,11.2276,-0.2106,-0.4425,-0.2077
2,emotion_induction_1,SHAM,HRSD_21.1,HRSD21,full,RobustScaler,RF,49,12,10,-0.092,9.6392,10.5135,-0.1396,-0.2649,-0.2421
2,emotion_induction_1,SHAM,HRSD_21.1,HRSD21,full,RobustScaler,ET,49,12,10,-0.1075,10.0071,10.8118,-0.1462,-0.3376,-0.2421
2,emotion_induction_1,SHAM,HRSD_21.1,HRSD21,full,RobustScaler,GB,49,12,10,-0.1366,10.7086,11.3716,-0.1619,-0.4797,-0.1368
2,emotion_induction_1,SHAM,HRSD_21.1,HRSD21,full,RobustScaler,XGB,49,12,10,-0.0635,10.3225,11.3342,-0.0711,-0.47,-0.0842
2,emotion_induction_1,SHAM,HRSD_21.1,HRSD21,full,RobustScaler,MLP,49,12,10,0.0334,23.2674,41.2875,0.0805,-18.5066,-0.0105
2,emotion_induction_1,SHAM,HRSD_21.1,HRSD21,full,RobustScaler,LGBM,49,12,10,0.0187,9.2542,10.1854,0.0248,-0.1871,-0.0807
2,emotion_induction_1,SHAM,HRSD_21.1,HRSD21,full,RobustScaler,CatBoost,49,12,10,-0.094,10.4068,11.0962,-0.1136,-0.4089,-0.0737
3,emotion_induction_1,SHAM,HRSD_21.1,HRSD21,full,StandardScaler,Ridge,49,12,5,-0.1151,9.9452,13.0065,-0.1379,-1.4196,-0.1748
3,emotion_induction_1,SHAM,HRSD_21.1,HRSD21,full,StandardScaler,Lasso,49,12,5,-0.1285,9.0578,11.1092,-0.157,-0.7652,-0.2378
3,emotion_induction_1,SHAM,HRSD_21.1,HRSD21,full,StandardScaler,ElasticNet,49,12,5,-0.1193,8.9271,10.8538,-0.1487,-0.6849,-0.1958
3,emotion_induction_1,SHAM,HRSD_21.1,HRSD21,full,StandardScaler,SVR,49,12,5,-0.1223,7.8051,10.2617,-0.1717,-0.5061,-0.0629
3,emotion_induction_1,SHAM,HRSD_21.1,HRSD21,full,StandardScaler,KNN,49,12,5,-0.2146,8.5185,10.6042,-0.2695,-0.6083,-0.2907
3,emotion_induction_1,SHAM,HRSD_21.1,HRSD21,full,StandardScaler,RF,49,12,5,-0.1144,8.4725,10.1459,-0.1734,-0.4723,-0.3147
3,emotion_induction_1,SHAM,HRSD_21.1,HRSD21,full,StandardScaler,ET,49,12,5,-0.1747,8.7758,10.512,-0.2395,-0.5805,-0.3217
3,emotion_induction_1,SHAM,HRSD_21.1,HRSD21,full,StandardScaler,GB,49,12,5,-0.1659,9.2947,11.0734,-0.2242,-0.7538,-0.3357
3,emotion_induction_1,SHAM,HRSD_21.1,HRSD21,full,StandardScaler,XGB,49,12,5,-0.1975,9.3555,11.0428,-0.3001,-0.7441,-0.4755
3,emotion_induction_1,SHAM,HRSD_21.1,HRSD21,full,StandardScaler,MLP,49,12,5,-0.0722,7.469,10.2463,-0.0942,-0.5016,-0.0559
3,emotion_induction_1,SHAM,HRSD_21.1,HRSD21,full,StandardScaler,LGBM,49,12,5,-0.1319,7.2321,9.7588,-0.204,-0.3621,-0.0769
3,emotion_induction_1,SHAM,HRSD_21.1,HRSD21,full,StandardScaler,CatBoost,49,12,5,-0.1746,8.4065,10.3152,-0.2486,-0.5219,-0.3007
3,emotion_induction_1,SHAM,HRSD_21.1,HRSD21,full,MinMaxScaler,Ridge,49,12,15,-0.1296,9.5633,12.1875,-0.1557,-1.1244,-0.0559
3,emotion_induction_1,SHAM,HRSD_21.1,HRSD21,full,MinMaxScaler,Lasso,49,12,15,-0.1314,9.1335,11.8373,-0.1582,-1.0041,-0.1329
3,emotion_induction_1,SHAM,HRSD_21.1,HRSD21,full,MinMaxScaler,ElasticNet,49,12,15,-0.1259,8.9205,11.1526,-0.1553,-0.779,-0.0769
3,emotion_induction_1,SHAM,HRSD_21.1,HRSD21,full,MinMaxScaler,SVR,49,12,15,-0.1898,8.2357,10.7848,-0.2886,-0.6636,-0.2098
3,emotion_induction_1,SHAM,HRSD_21.1,HRSD21,full,MinMaxScaler,KNN,49,12,15,-0.1341,8.0463,9.4265,-0.2406,-0.2709,-0.2797
3,emotion_induction_1,SHAM,HRSD_21.1,HRSD21,full,MinMaxScaler,RF,49,12,15,-0.2511,8.5613,10.1213,-0.4723,-0.4652,-0.4825
3,emotion_induction_1,SHAM,HRSD_21.1,HRSD21,full,MinMaxScaler,ET,49,12,15,-0.2668,8.6238,10.2559,-0.4654,-0.5044,-0.5105
3,emotion_induction_1,SHAM,HRSD_21.1,HRSD21,full,MinMaxScaler,GB,49,12,15,-0.4214,10.3913,12.2329,-0.5073,-1.1403,-0.4545
3,emotion_induction_1,SHAM,HRSD_21.1,HRSD21,full,MinMaxScaler,XGB,49,12,15,-0.4292,10.4195,12.2545,-0.527,-1.1479,-0.4615
3,emotion_induction_1,SHAM,HRSD_21.1,HRSD21,full,MinMaxScaler,MLP,49,12,15,-0.0927,7.4137,9.3296,-0.1493,-0.2449,-0.1189
3,emotion_induction_1,SHAM,HRSD_21.1,HRSD21,full,MinMaxScaler,LGBM,49,12,15,-0.2511,8.2521,9.9026,-0.5158,-0.4026,-0.5804
3,emotion_induction_1,SHAM,HRSD_21.1,HRSD21,full,MinMaxScaler,CatBoost,49,12,15,-0.2689,8.9236,10.8606,-0.3941,-0.6871,-0.4406
3,emotion_induction_1,SHAM,HRSD_21.1,HRSD21,full,RobustScaler,Ridge,49,12,10,-0.1313,10.2282,12.9439,-0.1537,-1.3963,-0.1329
3,emotion_induction_1,SHAM,HRSD_21.1,HRSD21,full,RobustScaler,Lasso,49,12,10,-0.1301,10.1413,13.3532,-0.1551,-1.5503,-0.0979
3,emotion_induction_1,SHAM,HRSD_21.1,HRSD21,full,RobustScaler,ElasticNet,49,12,10,-0.1432,9.4071,11.0577,-0.1724,-0.7488,-0.1818
3,emotion_induction_1,SHAM,HRSD_21.1,HRSD21,full,RobustScaler,SVR,49,12,10,-0.2102,7.6039,10.3634,-0.3069,-0.5361,-0.1888
3,emotion_induction_1,SHAM,HRSD_21.1,HRSD21,full,RobustScaler,KNN,49,12,10,-0.1207,8.2778,9.7321,-0.1753,-0.3547,-0.2172
3,emotion_induction_1,SHAM,HRSD_21.1,HRSD21,full,RobustScaler,RF,49,12,10,-0.3628,9.4558,10.909,-0.489,-0.7021,-0.4685
3,emotion_induction_1,SHAM,HRSD_21.1,HRSD21,full,RobustScaler,ET,49,12,10,-0.3215,9.0346,10.6892,-0.4303,-0.6342,-0.3147
3,emotion_induction_1,SHAM,HRSD_21.1,HRSD21,full,RobustScaler,GB,49,12,10,-0.503,10.5174,12.3179,-0.5837,-1.1702,-0.4825
3,emotion_induction_1,SHAM,HRSD_21.1,HRSD21,full,RobustScaler,XGB,49,12,10,-0.3043,9.7081,11.447,-0.4881,-0.8742,-0.5804
3,emotion_induction_1,SHAM,HRSD_21.1,HRSD21,full,RobustScaler,MLP,49,12,10,-0.1589,7.3718,10.3612,-0.2213,-0.5355,-0.3007
3,emotion_induction_1,SHAM,HRSD_21.1,HRSD21,full,RobustScaler,LGBM,49,12,10,-0.2391,8.1266,9.9966,-0.4326,-0.4293,-0.3287
3,emotion_induction_1,SHAM,HRSD_21.1,HRSD21,full,RobustScaler,CatBoost,49,12,10,-0.3866,9.6508,11.3355,-0.5036,-0.8378,-0.3357
4,emotion_induction_1,SHAM,HRSD_21.1,HRSD21,full,StandardScaler,Ridge,49,12,5,0.1627,7.6738,11.541,0.1794,-0.9358,0.1719
4,emotion_induction_1,SHAM,HRSD_21.1,HRSD21,full,StandardScaler,Lasso,49,12,5,0.1559,6.5058,9.7491,0.1852,-0.3814,0.1053
4,emotion_induction_1,SHAM,HRSD_21.1,HRSD21,full,StandardScaler,ElasticNet,49,12,5,0.1536,6.0955,9.4749,0.1884,-0.3048,0.1193
4,emotion_induction_1,SHAM,HRSD_21.1,HRSD21,full,StandardScaler,SVR,49,12,5,-0.1122,6.1192,9.67,-0.1523,-0.359,0.0526
4,emotion_induction_1,SHAM,HRSD_21.1,HRSD21,full,StandardScaler,KNN,49,12,5,-0.0448,6.5238,9.5499,-0.0665,-0.3255,0.0879
4,emotion_induction_1,SHAM,HRSD_21.1,HRSD21,full,StandardScaler,RF,49,12,5,0.1464,5.0861,8.5213,0.2443,-0.0553,0.4737
4,emotion_induction_1,SHAM,HRSD_21.1,HRSD21,full,StandardScaler,ET,49,12,5,0.0151,6.4908,10.3043,0.0172,-0.5432,0.1789
4,emotion_induction_1,SHAM,HRSD_21.1,HRSD21,full,StandardScaler,GB,49,12,5,0.1007,5.7801,9.0893,0.1313,-0.2007,0.2772
4,emotion_induction_1,SHAM,HRSD_21.1,HRSD21,full,StandardScaler,XGB,49,12,5,0.1622,6.6913,9.6516,0.2076,-0.3539,0.2947
4,emotion_induction_1,SHAM,HRSD_21.1,HRSD21,full,StandardScaler,MLP,49,12,5,0.0721,7.5767,11.4852,0.073,-0.9171,0.1404
4,emotion_induction_1,SHAM,HRSD_21.1,HRSD21,full,StandardScaler,LGBM,49,12,5,0.1478,5.4024,9.0681,0.2855,-0.1951,0.5247
4,emotion_induction_1,SHAM,HRSD_21.1,HRSD21,full,StandardScaler,CatBoost,49,12,5,0.025,5.2217,9.1915,0.0424,-0.2279,0.3088
4,emotion_induction_1,SHAM,HRSD_21.1,HRSD21,full,MinMaxScaler,Ridge,49,12,10,0.0517,5.9869,10.1288,0.0636,-0.4911,0.2
4,emotion_induction_1,SHAM,HRSD_21.1,HRSD21,full,MinMaxScaler,Lasso,49,12,10,0.066,6.3838,10.243,0.0766,-0.5249,0.1158
4,emotion_induction_1,SHAM,HRSD_21.1,HRSD21,full,MinMaxScaler,ElasticNet,49,12,10,0.041,5.903,9.1505,0.0665,-0.2169,0.0737
4,emotion_induction_1,SHAM,HRSD_21.1,HRSD21,full,MinMaxScaler,SVR,49,12,10,-0.1428,7.231,10.9014,-0.1614,-0.7272,0.0246
4,emotion_induction_1,SHAM,HRSD_21.1,HRSD21,full,MinMaxScaler,KNN,49,12,10,0.0278,6.4,10.1967,0.0348,-0.5111,0.1828
4,emotion_induction_1,SHAM,HRSD_21.1,HRSD21,full,MinMaxScaler,RF,49,12,10,-0.1551,6.4138,9.758,-0.2716,-0.3839,-0.0807
4,emotion_induction_1,SHAM,HRSD_21.1,HRSD21,full,MinMaxScaler,ET,49,12,10,-0.0678,6.2271,10.0192,-0.0885,-0.4589,0.186
4,emotion_induction_1,SHAM,HRSD_21.1,HRSD21,full,MinMaxScaler,GB,49,12,10,-0.258,7.3046,10.8403,-0.3168,-0.7079,-0.1895
4,emotion_induction_1,SHAM,HRSD_21.1,HRSD21,full,MinMaxScaler,XGB,49,12,10,-0.1862,8.5903,11.185,-0.2219,-0.8182,-0.0596
4,emotion_induction_1,SHAM,HRSD_21.1,HRSD21,full,MinMaxScaler,MLP,49,12,10,0.0497,5.6526,9.8193,0.0634,-0.4013,0.1684
4,emotion_induction_1,SHAM,HRSD_21.1,HRSD21,full,MinMaxScaler,LGBM,49,12,10,-0.1363,7.0342,10.0899,-0.252,-0.4796,-0.1301
4,emotion_induction_1,SHAM,HRSD_21.1,HRSD21,full,MinMaxScaler,CatBoost,49,12,10,-0.097,5.9032,9.4882,-0.1574,-0.3084,0.0632
4,emotion_induction_1,SHAM,HRSD_21.1,HRSD21,full,RobustScaler,Ridge,49,12,5,0.1279,7.1452,10.7498,0.1482,-0.6795,0.1263
4,emotion_induction_1,SHAM,HRSD_21.1,HRSD21,full,RobustScaler,Lasso,49,12,5,0.1444,7.8322,11.7065,0.1664,-0.9917,0.0842
4,emotion_induction_1,SHAM,HRSD_21.1,HRSD21,full,RobustScaler,ElasticNet,49,12,5,0.1356,6.458,9.9187,0.1646,-0.4298,0.1193
4,emotion_induction_1,SHAM,HRSD_21.1,HRSD21,full,RobustScaler,SVR,49,12,5,-0.1866,7.3634,10.9169,-0.2771,-0.7321,-0.2246
4,emotion_induction_1,SHAM,HRSD_21.1,HRSD21,full,RobustScaler,KNN,49,12,5,0.0181,6.5833,9.3085,0.024,-0.2593,0.1549
4,emotion_induction_1,SHAM,HRSD_21.1,HRSD21,full,RobustScaler,RF,49,12,5,-0.0341,6.4842,10.0476,-0.0473,-0.4672,0.0737
4,emotion_induction_1,SHAM,HRSD_21.1,HRSD21,full,RobustScaler,ET,49,12,5,-0.0779,6.7361,10.6226,-0.0985,-0.64,-0.0281
4,emotion_induction_1,SHAM,HRSD_21.1,HRSD21,full,RobustScaler,GB,49,12,5,-0.0763,7.631,10.8311,-0.0842,-0.705,0.0386
4,emotion_induction_1,SHAM,HRSD_21.1,HRSD21,full,RobustScaler,XGB,49,12,5,-0.0808,6.4506,10.7019,-0.1043,-0.6646,0.1263
4,emotion_induction_1,SHAM,HRSD_21.1,HRSD21,full,RobustScaler,MLP,49,12,5,-0.0178,7.1699,10.7564,-0.0207,-0.6816,0.0632
4,emotion_induction_1,SHAM,HRSD_21.1,HRSD21,full,RobustScaler,LGBM,49,12,5,-0.0707,6.8046,9.5986,-0.1151,-0.339,-0.0036
4,emotion_induction_1,SHAM,HRSD_21.1,HRSD21,full,RobustScaler,CatBoost,49,12,5,-0.0674,6.4001,9.895,-0.1039,-0.423,0.0702
5,emotion_induction_1,SHAM,HRSD_21.1,HRSD21,full,StandardScaler,Ridge,49,12,10,-0.1886,9.065,12.098,-0.248,-4.2796,-0.321
5,emotion_induction_1,SHAM,HRSD_21.1,HRSD21,full,StandardScaler,Lasso,49,12,10,-0.1522,9.5534,13.3515,-0.2173,-5.4303,-0.3351
5,emotion_induction_1,SHAM,HRSD_21.1,HRSD21,full,StandardScaler,ElasticNet,49,12,10,-0.1433,9.7539,13.7938,-0.2096,-5.8634,-0.3351
5,emotion_induction_1,SHAM,HRSD_21.1,HRSD21,full,StandardScaler,SVR,49,12,10,-0.3752,6.8394,8.7658,-0.3794,-1.7718,-0.134
5,emotion_induction_1,SHAM,HRSD_21.1,HRSD21,full,StandardScaler,KNN,49,12,10,-0.3316,6.6296,8.6982,-0.3577,-1.7292,-0.2293
5,emotion_induction_1,SHAM,HRSD_21.1,HRSD21,full,StandardScaler,RF,49,12,10,-0.4221,6.5387,8.1608,-0.4488,-1.4024,-0.4409
5,emotion_induction_1,SHAM,HRSD_21.1,HRSD21,full,StandardScaler,ET,49,12,10,-0.5366,7.0708,8.8446,-0.5673,-1.8218,-0.3598
5,emotion_induction_1,SHAM,HRSD_21.1,HRSD21,full,StandardScaler,GB,49,12,10,-0.408,8.1605,9.6692,-0.4154,-2.3725,-0.448
5,emotion_induction_1,SHAM,HRSD_21.1,HRSD21,full,StandardScaler,XGB,49,12,10,-0.4072,7.4435,9.026,-0.425,-1.9387,-0.381
5,emotion_induction_1,SHAM,HRSD_21.1,HRSD21,full,StandardScaler,MLP,49,12,10,-0.1353,9.7181,12.9201,-0.1879,-5.0215,-0.2293
5,emotion_induction_1,SHAM,HRSD_21.1,HRSD21,full,StandardScaler,LGBM,49,12,10,-0.3262,5.999,7.3973,-0.358,-0.9739,-0.1661
5,emotion_induction_1,SHAM,HRSD_21.1,HRSD21,full,StandardScaler,CatBoost,49,12,10,-0.4213,7.2247,8.737,-0.4315,-1.7536,-0.4092
5,emotion_induction_1,SHAM,HRSD_21.1,HRSD21,full,MinMaxScaler,Ridge,49,12,10,-0.2639,5.5714,7.0958,-0.3292,-0.8162,-0.2328
5,emotion_induction_1,SHAM,HRSD_21.1,HRSD21,full,MinMaxScaler,Lasso,49,12,10,-0.334,5.9619,7.439,-0.4005,-0.9962,-0.3422
5,emotion_induction_1,SHAM,HRSD_21.1,HRSD21,full,MinMaxScaler,ElasticNet,49,12,10,-0.185,4.8116,6.2307,-0.3286,-0.4004,-0.3281
5,emotion_induction_1,SHAM,HRSD_21.1,HRSD21,full,MinMaxScaler,SVR,49,12,10,-0.3557,6.6611,8.5073,-0.3561,-1.6107,-0.1728
5,emotion_induction_1,SHAM,HRSD_21.1,HRSD21,full,MinMaxScaler,KNN,49,12,10,-0.4282,7.2619,9.0893,-0.433,-1.9801,-0.3034
5,emotion_induction_1,SHAM,HRSD_21.1,HRSD21,full,MinMaxScaler,RF,49,12,10,-0.4204,6.6348,8.1609,-0.4569,-1.4024,-0.3774
5,emotion_induction_1,SHAM,HRSD_21.1,HRSD21,full,MinMaxScaler,ET,49,12,10,-0.469,7.0383,8.8524,-0.4854,-1.8268,-0.3245
5,emotion_induction_1,SHAM,HRSD_21.1,HRSD21,full,MinMaxScaler,GB,49,12,10,-0.3457,6.5074,8.567,-0.3457,-1.6474,-0.2646
5,emotion_induction_1,SHAM,HRSD_21.1,HRSD21,full,MinMaxScaler,XGB,49,12,10,-0.3375,6.665,8.6924,-0.3395,-1.7255,-0.2787
5,emotion_induction_1,SHAM,HRSD_21.1,HRSD21,full,MinMaxScaler,MLP,49,12,10,-0.3227,5.8366,7.1255,-0.4226,-0.8315,-0.381
5,emotion_induction_1,SHAM,HRSD_21.1,HRSD21,full,MinMaxScaler,LGBM,49,12,10,-0.4494,6.9263,8.5146,-0.4634,-1.6152,-0.3386
5,emotion_induction_1,SHAM,HRSD_21.1,HRSD21,full,MinMaxScaler,CatBoost,49,12,10,-0.3781,6.9351,8.5075,-0.3882,-1.6108,-0.3669
5,emotion_induction_1,SHAM,HRSD_21.1,HRSD21,full,RobustScaler,Ridge,49,12,5,-0.2646,5.1452,6.8843,-0.3107,-0.7096,-0.2187
5,emotion_induction_1,SHAM,HRSD_21.1,HRSD21,full,RobustScaler,Lasso,49,12,5,-0.2402,5.1093,6.8527,-0.2798,-0.6939,-0.1376
5,emotion_induction_1,SHAM,HRSD_21.1,HRSD21,full,RobustScaler,ElasticNet,49,12,5,-0.2666,5.0572,6.7968,-0.3246,-0.6664,-0.2575
5,emotion_induction_1,SHAM,HRSD_21.1,HRSD21,full,RobustScaler,SVR,49,12,5,-0.2794,6.3109,8.6398,-0.2798,-1.6926,-0.1305
5,emotion_induction_1,SHAM,HRSD_21.1,HRSD21,full,RobustScaler,KNN,49,12,5,-0.2652,6.2738,8.4388,-0.2734,-1.5688,-0.0848
5,emotion_induction_1,SHAM,HRSD_21.1,HRSD21,full,RobustScaler,RF,49,12,5,-0.4107,6.0356,7.8031,-0.4503,-1.1964,-0.3104
5,emotion_induction_1,SHAM,HRSD_21.1,HRSD21,full,RobustScaler,ET,49,12,5,-0.4128,7.179,8.989,-0.434,-1.9147,-0.2575
5,emotion_induction_1,SHAM,HRSD_21.1,HRSD21,full,RobustScaler,GB,49,12,5,-0.4577,7.4938,9.8984,-0.4746,-2.5343,-0.3669
5,emotion_induction_1,SHAM,HRSD_21.1,HRSD21,full,RobustScaler,XGB,49,12,5,-0.4829,7.2384,9.4625,-0.5045,-2.2298,-0.3633
5,emotion_induction_1,SHAM,HRSD_21.1,HRSD21,full,RobustScaler,MLP,49,12,5,-0.2182,4.8797,7.119,-0.2339,-0.8281,0.0106
5,emotion_induction_1,SHAM,HRSD_21.1,HRSD21,full,RobustScaler,LGBM,49,12,5,-0.3791,6.3521,7.6655,-0.4048,-1.1196,-0.3245
5,emotion_induction_1,SHAM,HRSD_21.1,HRSD21,full,RobustScaler,CatBoost,49,12,5,-0.4814,6.6979,8.5776,-0.5146,-1.654,-0.2822
1,emotion_induction_1,SHAM,HRSD_24.1,HRSD24,full,StandardScaler,Ridge,48,13,5,0.3505,9.3263,10.3081,0.3543,-0.132,0.4149
1,emotion_induction_1,SHAM,HRSD_24.1,HRSD24,full,StandardScaler,Lasso,48,13,5,0.3365,8.6268,9.7222,0.355,-0.0069,0.4149
1,emotion_induction_1,SHAM,HRSD_24.1,HRSD24,full,StandardScaler,ElasticNet,48,13,5,0.352,9.8837,10.8616,0.3522,-0.2568,0.4149
1,emotion_induction_1,SHAM,HRSD_24.1,HRSD24,full,StandardScaler,SVR,48,13,5,0.158,8.7627,10.4401,0.186,-0.1611,0.1964
1,emotion_induction_1,SHAM,HRSD_24.1,HRSD24,full,StandardScaler,KNN,48,13,5,0.073,9.5538,11.383,0.0786,-0.3803,0.0055
1,emotion_induction_1,SHAM,HRSD_24.1,HRSD24,full,StandardScaler,RF,48,13,5,0.2101,7.8107,9.6456,0.2663,0.0089,0.296
1,emotion_induction_1,SHAM,HRSD_24.1,HRSD24,full,StandardScaler,ET,48,13,5,0.1637,8.3844,10.4927,0.1927,-0.1729,0.0581
1,emotion_induction_1,SHAM,HRSD_24.1,HRSD24,full,StandardScaler,GB,48,13,5,0.152,9.1491,11.4268,0.1559,-0.391,0.1134
1,emotion_induction_1,SHAM,HRSD_24.1,HRSD24,full,StandardScaler,XGB,48,13,5,0.0384,9.9597,12.2274,0.0393,-0.5927,-0.0055
1,emotion_induction_1,SHAM,HRSD_24.1,HRSD24,full,StandardScaler,MLP,48,13,5,0.3417,9.2648,10.7446,0.3756,-0.2299,0.3347
1,emotion_induction_1,SHAM,HRSD_24.1,HRSD24,full,StandardScaler,LGBM,48,13,5,0.1549,8.5208,10.3719,0.1783,-0.146,0.2028
1,emotion_induction_1,SHAM,HRSD_24.1,HRSD24,full,StandardScaler,CatBoost,48,13,5,0.1653,8.6056,10.6097,0.1818,-0.1992,0.2213
1,emotion_induction_1,SHAM,HRSD_24.1,HRSD24,full,MinMaxScaler,Ridge,48,13,10,0.0434,11.4347,19.0245,0.0538,-2.8557,0.2517
1,emotion_induction_1,SHAM,HRSD_24.1,HRSD24,full,MinMaxScaler,Lasso,48,13,10,0.0585,11.6039,19.0026,0.0735,-2.8468,0.2517
1,emotion_induction_1,SHAM,HRSD_24.1,HRSD24,full,MinMaxScaler,ElasticNet,48,13,10,0.038,12.7578,21.6679,0.052,-4.0016,0.2517
1,emotion_induction_1,SHAM,HRSD_24.1,HRSD24,full,MinMaxScaler,SVR,48,13,10,0.2188,7.8633,9.6305,0.2734,0.012,0.1245
1,emotion_induction_1,SHAM,HRSD_24.1,HRSD24,full,MinMaxScaler,KNN,48,13,10,0.1551,7.989,9.7197,0.2124,-0.0064,0.2219
1,emotion_induction_1,SHAM,HRSD_24.1,HRSD24,full,MinMaxScaler,RF,48,13,10,0.2171,7.1291,9.7041,0.2673,-0.0032,0.1992
1,emotion_induction_1,SHAM,HRSD_24.1,HRSD24,full,MinMaxScaler,ET,48,13,10,0.25,6.9292,9.5116,0.303,0.0362,0.1826
1,emotion_induction_1,SHAM,HRSD_24.1,HRSD24,full,MinMaxScaler,GB,48,13,10,0.164,8.6418,11.2843,0.1688,-0.3565,-0.0083
1,emotion_induction_1,SHAM,HRSD_24.1,HRSD24,full,MinMaxScaler,XGB,48,13,10,0.2298,7.7468,10.1035,0.253,-0.0875,0.2075
1,emotion_induction_1,SHAM,HRSD_24.1,HRSD24,full,MinMaxScaler,MLP,48,13,10,0.071,10.7582,17.2254,0.0851,-2.1609,0.2075
1,emotion_induction_1,SHAM,HRSD_24.1,HRSD24,full,MinMaxScaler,LGBM,48,13,10,0.2164,7.3179,9.5211,0.2945,0.0343,0.2108
1,emotion_induction_1,SHAM,HRSD_24.1,HRSD24,full,MinMaxScaler,CatBoost,48,13,10,0.1104,7.6893,10.1586,0.1405,-0.0994,0.036
1,emotion_induction_1,SHAM,HRSD_24.1,HRSD24,full,RobustScaler,Ridge,48,13,5,0.0521,13.7578,21.5753,0.0693,-3.9589,0.1521
1,emotion_induction_1,SHAM,HRSD_24.1,HRSD24,full,RobustScaler,Lasso,48,13,5,0.0588,13.6418,21.1365,0.0772,-3.7593,0.1521
1,emotion_induction_1,SHAM,HRSD_24.1,HRSD24,full,RobustScaler,ElasticNet,48,13,5,0.056,13.7033,21.3385,0.074,-3.8507,0.1521
1,emotion_induction_1,SHAM,HRSD_24.1,HRSD24,full,RobustScaler,SVR,48,13,5,0.0499,8.5856,10.6899,0.061,-0.2174,0.0941
1,emotion_induction_1,SHAM,HRSD_24.1,HRSD24,full,RobustScaler,KNN,48,13,5,0.1814,7.9121,9.254,0.3018,0.0877,0.3319
1,emotion_induction_1,SHAM,HRSD_24.1,HRSD24,full,RobustScaler,RF,48,13,5,0.2292,7.6208,9.6464,0.2858,0.0087,0.1577
1,emotion_induction_1,SHAM,HRSD_24.1,HRSD24,full,RobustScaler,ET,48,13,5,0.2593,7.2285,9.6243,0.3004,0.0132,0.2213
1,emotion_induction_1,SHAM,HRSD_24.1,HRSD24,full,RobustScaler,GB,48,13,5,0.1498,9.2279,11.6896,0.1521,-0.4557,-0.0028
1,emotion_induction_1,SHAM,HRSD_24.1,HRSD24,full,RobustScaler,XGB,48,13,5,0.3461,7.4931,9.8187,0.3606,-0.027,0.3652
1,emotion_induction_1,SHAM,HRSD_24.1,HRSD24,full,RobustScaler,MLP,48,13,5,-0.0377,16.8998,32.2895,-0.0688,-10.107,0.0415
1,emotion_induction_1,SHAM,HRSD_24.1,HRSD24,full,RobustScaler,LGBM,48,13,5,0.2974,6.8402,9.2433,0.3693,0.0898,0.2837
1,emotion_induction_1,SHAM,HRSD_24.1,HRSD24,full,RobustScaler,CatBoost,48,13,5,0.1678,7.5704,10.3024,0.1918,-0.1307,0.1079
2,emotion_induction_1,SHAM,HRSD_24.1,HRSD24,full,StandardScaler,Ridge,49,12,5,0.0369,15.9543,21.5403,0.0417,-2.5653,-0.0912
2,emotion_induction_1,SHAM,HRSD_24.1,HRSD24,full,StandardScaler,Lasso,49,12,5,0.0368,16.8247,23.6576,0.0443,-3.3006,-0.0912
2,emotion_induction_1,SHAM,HRSD_24.1,HRSD24,full,StandardScaler,ElasticNet,49,12,5,0.0366,16.5156,22.8939,0.043,-3.0275,-0.0912
2,emotion_induction_1,SHAM,HRSD_24.1,HRSD24,full,StandardScaler,SVR,49,12,5,-0.1425,11.994,13.8709,-0.1952,-0.4784,-0.1754
2,emotion_induction_1,SHAM,HRSD_24.1,HRSD24,full,StandardScaler,KNN,49,12,5,-0.0377,11.8056,14.3311,-0.0449,-0.5782,-0.0984
2,emotion_induction_1,SHAM,HRSD_24.1,HRSD24,full,StandardScaler,RF,49,12,5,-0.0983,10.9317,12.719,-0.188,-0.2431,-0.1228
2,emotion_induction_1,SHAM,HRSD_24.1,HRSD24,full,StandardScaler,ET,49,12,5,-0.0896,11.72,13.4868,-0.1223,-0.3977,-0.1509
2,emotion_induction_1,SHAM,HRSD_24.1,HRSD24,full,StandardScaler,GB,49,12,5,-0.2007,12.2554,13.98,-0.2594,-0.5018,-0.2421
2,emotion_induction_1,SHAM,HRSD_24.1,HRSD24,full,StandardScaler,XGB,49,12,5,-0.0907,11.4471,13.1132,-0.1398,-0.3213,0.0351
2,emotion_induction_1,SHAM,HRSD_24.1,HRSD24,full,StandardScaler,MLP,49,12,5,0.015,19.6574,28.4456,0.0208,-5.2176,-0.1579
2,emotion_induction_1,SHAM,HRSD_24.1,HRSD24,full,StandardScaler,LGBM,49,12,5,0.1192,9.8606,11.3324,0.2068,0.0132,0.1529
2,emotion_induction_1,SHAM,HRSD_24.1,HRSD24,full,StandardScaler,CatBoost,49,12,5,-0.1155,11.3465,13.4576,-0.1872,-0.3916,-0.1579
2,emotion_induction_1,SHAM,HRSD_24.1,HRSD24,full,MinMaxScaler,Ridge,49,12,5,0.0347,16.6207,23.0585,0.041,-3.0856,-0.0912
2,emotion_induction_1,SHAM,HRSD_24.1,HRSD24,full,MinMaxScaler,Lasso,49,12,5,0.0363,16.9004,23.8306,0.0439,-3.3638,-0.0912
2,emotion_induction_1,SHAM,HRSD_24.1,HRSD24,full,MinMaxScaler,ElasticNet,49,12,5,0.0348,16.5531,22.8843,0.0409,-3.0241,-0.0912
2,emotion_induction_1,SHAM,HRSD_24.1,HRSD24,full,MinMaxScaler,SVR,49,12,5,-0.1139,11.9253,13.7942,-0.1506,-0.4621,-0.1228
2,emotion_induction_1,SHAM,HRSD_24.1,HRSD24,full,MinMaxScaler,KNN,49,12,5,-0.0986,12.6167,14.5796,-0.1137,-0.6334,-0.1579
2,emotion_induction_1,SHAM,HRSD_24.1,HRSD24,full,MinMaxScaler,RF,49,12,5,-0.0983,10.9317,12.719,-0.188,-0.2431,-0.1228
2,emotion_induction_1,SHAM,HRSD_24.1,HRSD24,full,MinMaxScaler,ET,49,12,5,-0.0896,11.72,13.4868,-0.1223,-0.3977,-0.1509
2,emotion_induction_1,SHAM,HRSD_24.1,HRSD24,full,MinMaxScaler,GB,49,12,5,-0.2007,12.2554,13.98,-0.2594,-0.5018,-0.2421
2,emotion_induction_1,SHAM,HRSD_24.1,HRSD24,full,MinMaxScaler,XGB,49,12,5,-0.0907,11.4471,13.1132,-0.1398,-0.3213,0.0351
2,emotion_induction_1,SHAM,HRSD_24.1,HRSD24,full,MinMaxScaler,MLP,49,12,5,-0.0862,12.6592,14.7964,-0.0962,-0.6823,-0.1579
2,emotion_induction_1,SHAM,HRSD_24.1,HRSD24,full,MinMaxScaler,LGBM,49,12,5,0.0378,10.4435,11.763,0.0702,-0.0632,0.0369
2,emotion_induction_1,SHAM,HRSD_24.1,HRSD24,full,MinMaxScaler,CatBoost,49,12,5,-0.1155,11.3465,13.4576,-0.1872,-0.3916,-0.1579
2,emotion_induction_1,SHAM,HRSD_24.1,HRSD24,full,RobustScaler,Ridge,49,12,5,0.0516,19.0384,30.2718,0.0773,-6.0416,0.0035
2,emotion_induction_1,SHAM,HRSD_24.1,HRSD24,full,RobustScaler,Lasso,49,12,5,0.0464,18.9739,30.239,0.0694,-6.0263,-0.1158
2,emotion_induction_1,SHAM,HRSD_24.1,HRSD24,full,RobustScaler,ElasticNet,49,12,5,0.0493,19.0616,30.3772,0.074,-6.0907,-0.0561
2,emotion_induction_1,SHAM,HRSD_24.1,HRSD24,full,RobustScaler,SVR,49,12,5,-0.0863,11.9465,14.085,-0.1044,-0.5244,-0.0842
2,emotion_induction_1,SHAM,HRSD_24.1,HRSD24,full,RobustScaler,KNN,49,12,5,-0.0923,11.5952,13.4322,-0.1151,-0.3864,-0.1125
2,emotion_induction_1,SHAM,HRSD_24.1,HRSD24,full,RobustScaler,RF,49,12,5,-0.0168,10.8205,12.3973,-0.025,-0.181,-0.0386
2,emotion_induction_1,SHAM,HRSD_24.1,HRSD24,full,RobustScaler,ET,49,12,5,-0.081,11.93,13.8285,-0.0926,-0.4694,-0.1719
2,emotion_induction_1,SHAM,HRSD_24.1,HRSD24,full,RobustScaler,GB,49,12,5,-0.0093,11.9546,14.3862,-0.0097,-0.5903,-0.0842
2,emotion_induction_1,SHAM,HRSD_24.1,HRSD24,full,RobustScaler,XGB,49,12,5,0.0733,11.7632,13.5621,0.0783,-0.4133,0.1368
2,emotion_induction_1,SHAM,HRSD_24.1,HRSD24,full,RobustScaler,MLP,49,12,5,0.0301,25.1621,45.3866,0.0643,-14.8288,0.0807
2,emotion_induction_1,SHAM,HRSD_24.1,HRSD24,full,RobustScaler,LGBM,49,12,5,0.074,10.3499,11.6943,0.1173,-0.0508,0.1954
2,emotion_induction_1,SHAM,HRSD_24.1,HRSD24,full,RobustScaler,CatBoost,49,12,5,-0.0448,11.3025,12.9649,-0.0582,-0.2916,-0.0877
3,emotion_induction_1,SHAM,HRSD_24.1,HRSD24,full,StandardScaler,Ridge,49,12,15,-0.037,7.8675,9.9501,-0.0569,-0.2102,-0.1652
3,emotion_induction_1,SHAM,HRSD_24.1,HRSD24,full,StandardScaler,Lasso,49,12,15,-0.0587,8.4901,10.5769,-0.0759,-0.3675,-0.1019
3,emotion_induction_1,SHAM,HRSD_24.1,HRSD24,full,StandardScaler,ElasticNet,49,12,15,-0.0274,8.2891,10.3512,-0.0351,-0.3098,-0.0351
3,emotion_induction_1,SHAM,HRSD_24.1,HRSD24,full,StandardScaler,SVR,49,12,15,-0.3262,10.1752,12.1626,-0.3815,-0.8083,-0.3445
3,emotion_induction_1,SHAM,HRSD_24.1,HRSD24,full,StandardScaler,KNN,49,12,15,-0.3936,9.6759,11.6698,-0.5355,-0.6647,-0.4877
3,emotion_induction_1,SHAM,HRSD_24.1,HRSD24,full,StandardScaler,RF,49,12,15,-0.4212,10.0108,12.1136,-0.5874,-0.7937,-0.4956
3,emotion_induction_1,SHAM,HRSD_24.1,HRSD24,full,StandardScaler,ET,49,12,15,-0.405,10.4,12.106,-0.5122,-0.7915,-0.5554
3,emotion_induction_1,SHAM,HRSD_24.1,HRSD24,full,StandardScaler,GB,49,12,15,-0.5138,10.6004,13.1161,-0.6166,-1.1029,-0.5729
3,emotion_induction_1,SHAM,HRSD_24.1,HRSD24,full,StandardScaler,XGB,49,12,15,-0.4875,10.3497,13.165,-0.5382,-1.1187,-0.5729
3,emotion_induction_1,SHAM,HRSD_24.1,HRSD24,full,StandardScaler,MLP,49,12,15,-0.2023,14.2924,15.5433,-0.2144,-1.9533,-0.2953
3,emotion_induction_1,SHAM,HRSD_24.1,HRSD24,full,StandardScaler,LGBM,49,12,15,-0.0812,8.425,10.7558,-0.1033,-0.4142,-0.1582
3,emotion_induction_1,SHAM,HRSD_24.1,HRSD24,full,StandardScaler,CatBoost,49,12,15,-0.5179,10.1733,12.2131,-0.6961,-0.8234,-0.7311
3,emotion_induction_1,SHAM,HRSD_24.1,HRSD24,full,MinMaxScaler,Ridge,49,12,10,-0.1213,8.7338,10.7971,-0.1512,-0.4251,-0.1793
3,emotion_induction_1,SHAM,HRSD_24.1,HRSD24,full,MinMaxScaler,Lasso,49,12,10,-0.0224,7.9667,9.433,-0.0586,-0.0877,-0.0492
3,emotion_induction_1,SHAM,HRSD_24.1,HRSD24,full,MinMaxScaler,ElasticNet,49,12,10,-0.1299,8.3618,10.3873,-0.1901,-0.3189,-0.1828
3,emotion_induction_1,SHAM,HRSD_24.1,HRSD24,full,MinMaxScaler,SVR,49,12,10,-0.0898,8.8149,10.4805,-0.1204,-0.3427,-0.3515
3,emotion_induction_1,SHAM,HRSD_24.1,HRSD24,full,MinMaxScaler,KNN,49,12,10,-0.3615,9.6429,11.7745,-0.4611,-0.6947,-0.4429
3,emotion_induction_1,SHAM,HRSD_24.1,HRSD24,full,MinMaxScaler,RF,49,12,10,-0.4618,10.2608,12.2674,-0.6584,-0.8396,-0.6854
3,emotion_induction_1,SHAM,HRSD_24.1,HRSD24,full,MinMaxScaler,ET,49,12,10,-0.543,10.55,12.5758,-0.7062,-0.9333,-0.703
3,emotion_induction_1,SHAM,HRSD_24.1,HRSD24,full,MinMaxScaler,GB,49,12,10,-0.6561,11.5163,13.5073,-0.8756,-1.2303,-0.9104
3,emotion_induction_1,SHAM,HRSD_24.1,HRSD24,full,MinMaxScaler,XGB,49,12,10,-0.3816,9.5716,11.8447,-0.4869,-0.715,-0.594
3,emotion_induction_1,SHAM,HRSD_24.1,HRSD24,full,MinMaxScaler,MLP,49,12,10,-0.0358,10.22,11.8058,-0.0386,-0.7037,-0.1687
3,emotion_induction_1,SHAM,HRSD_24.1,HRSD24,full,MinMaxScaler,LGBM,49,12,10,-0.0695,8.1,10.9197,-0.0813,-0.4576,-0.2148
3,emotion_induction_1,SHAM,HRSD_24.1,HRSD24,full,MinMaxScaler,CatBoost,49,12,10,-0.4247,9.8112,11.918,-0.5712,-0.7363,-0.58
3,emotion_induction_1,SHAM,HRSD_24.1,HRSD24,full,RobustScaler,Ridge,49,12,10,-0.217,8.9044,10.3663,-0.4752,-0.3136,-0.5905
3,emotion_induction_1,SHAM,HRSD_24.1,HRSD24,full,RobustScaler,Lasso,49,12,10,-0.2505,8.9337,10.9595,-0.3641,-0.4682,-0.362
3,emotion_induction_1,SHAM,HRSD_24.1,HRSD24,full,RobustScaler,ElasticNet,49,12,10,-0.2621,9.1386,10.7506,-0.4504,-0.4128,-0.4605
3,emotion_induction_1,SHAM,HRSD_24.1,HRSD24,full,RobustScaler,SVR,49,12,10,-0.4179,10.4176,11.8553,-0.5992,-0.7181,-0.7135
3,emotion_induction_1,SHAM,HRSD_24.1,HRSD24,full,RobustScaler,KNN,49,12,10,-0.2308,8.7778,10.53,-0.4269,-0.3554,-0.4109
3,emotion_induction_1,SHAM,HRSD_24.1,HRSD24,full,RobustScaler,RF,49,12,10,-0.4868,10.3767,12.2189,-0.6352,-0.8251,-0.6222
3,emotion_induction_1,SHAM,HRSD_24.1,HRSD24,full,RobustScaler,ET,49,12,10,-0.4347,11.5458,12.7497,-0.5118,-0.9871,-0.5483
3,emotion_induction_1,SHAM,HRSD_24.1,HRSD24,full,RobustScaler,GB,49,12,10,-0.5987,11.3132,14.4066,-0.6343,-1.5371,-0.7452
3,emotion_induction_1,SHAM,HRSD_24.1,HRSD24,full,RobustScaler,XGB,49,12,10,-0.4415,10.389,12.7395,-0.4953,-0.9839,-0.3972
3,emotion_induction_1,SHAM,HRSD_24.1,HRSD24,full,RobustScaler,MLP,49,12,10,-0.3883,13.4195,14.4988,-0.4067,-1.5697,-0.3691
3,emotion_induction_1,SHAM,HRSD_24.1,HRSD24,full,RobustScaler,LGBM,49,12,10,-0.2526,9.3193,11.328,-0.3401,-0.5687,-0.4064
3,emotion_induction_1,SHAM,HRSD_24.1,HRSD24,full,RobustScaler,CatBoost,49,12,10,-0.4432,10.3656,12.338,-0.5313,-0.8608,-0.5905
4,emotion_induction_1,SHAM,HRSD_24.1,HRSD24,full,StandardScaler,Ridge,49,12,5,-0.1074,9.1317,12.5566,-0.2803,-0.2391,-0.1259
4,emotion_induction_1,SHAM,HRSD_24.1,HRSD24,full,StandardScaler,Lasso,49,12,5,-0.0964,9.1156,12.4223,-0.2981,-0.2127,-0.1399
4,emotion_induction_1,SHAM,HRSD_24.1,HRSD24,full,StandardScaler,ElasticNet,49,12,5,-0.0959,9.0123,12.535,-0.2156,-0.2349,-0.0839
4,emotion_induction_1,SHAM,HRSD_24.1,HRSD24,full,StandardScaler,SVR,49,12,5,-0.2741,11.662,15.2314,-0.3764,-0.8232,-0.4056
4,emotion_induction_1,SHAM,HRSD_24.1,HRSD24,full,StandardScaler,KNN,49,12,5,-0.2358,11.2333,13.8523,-0.3451,-0.508,-0.4056
4,emotion_induction_1,SHAM,HRSD_24.1,HRSD24,full,StandardScaler,RF,49,12,5,-0.1606,9.7942,13.6211,-0.2221,-0.4581,-0.0769
4,emotion_induction_1,SHAM,HRSD_24.1,HRSD24,full,StandardScaler,ET,49,12,5,-0.1402,9.7021,13.1939,-0.1977,-0.3681,-0.1538
4,emotion_induction_1,SHAM,HRSD_24.1,HRSD24,full,StandardScaler,GB,49,12,5,-0.1935,10.4125,14.9803,-0.2394,-0.7636,-0.1538
4,emotion_induction_1,SHAM,HRSD_24.1,HRSD24,full,StandardScaler,XGB,49,12,5,-0.2657,11.0028,15.1184,-0.3614,-0.7963,-0.3077
4,emotion_induction_1,SHAM,HRSD_24.1,HRSD24,full,StandardScaler,MLP,49,12,5,-0.0285,9.9005,12.806,-0.0527,-0.2888,-0.1049
4,emotion_induction_1,SHAM,HRSD_24.1,HRSD24,full,StandardScaler,LGBM,49,12,5,-0.0516,9.9148,12.7551,-0.08,-0.2786,-0.0679
4,emotion_induction_1,SHAM,HRSD_24.1,HRSD24,full,StandardScaler,CatBoost,49,12,5,-0.1392,10.147,13.977,-0.1806,-0.5353,-0.2168
4,emotion_induction_1,SHAM,HRSD_24.1,HRSD24,full,MinMaxScaler,Ridge,49,12,10,-0.1839,9.8136,13.1801,-0.5025,-0.3652,-0.4476
4,emotion_induction_1,SHAM,HRSD_24.1,HRSD24,full,MinMaxScaler,Lasso,49,12,10,-0.1831,9.6763,13.1226,-0.4886,-0.3533,-0.4545
4,emotion_induction_1,SHAM,HRSD_24.1,HRSD24,full,MinMaxScaler,ElasticNet,49,12,10,-0.1946,9.8371,13.2468,-0.4913,-0.3791,-0.3986
4,emotion_induction_1,SHAM,HRSD_24.1,HRSD24,full,MinMaxScaler,SVR,49,12,10,-0.1758,9.9723,13.4972,-0.3418,-0.4317,-0.4266
4,emotion_induction_1,SHAM,HRSD_24.1,HRSD24,full,MinMaxScaler,KNN,49,12,10,-0.4472,12.6944,15.4407,-0.5342,-0.8737,-0.4632
4,emotion_induction_1,SHAM,HRSD_24.1,HRSD24,full,MinMaxScaler,RF,49,12,10,-0.1266,9.4299,12.9155,-0.3286,-0.311,-0.2867
4,emotion_induction_1,SHAM,HRSD_24.1,HRSD24,full,MinMaxScaler,ET,49,12,10,-0.173,9.6488,13.0506,-0.3468,-0.3385,-0.3357
4,emotion_induction_1,SHAM,HRSD_24.1,HRSD24,full,MinMaxScaler,GB,49,12,10,0.1691,8.3138,12.0815,0.2382,-0.1471,0.1748
4,emotion_induction_1,SHAM,HRSD_24.1,HRSD24,full,MinMaxScaler,XGB,49,12,10,0.0108,8.4524,12.4163,0.0149,-0.2116,-0.028
4,emotion_induction_1,SHAM,HRSD_24.1,HRSD24,full,MinMaxScaler,MLP,49,12,10,-0.2113,10.0591,13.5147,-0.452,-0.4354,-0.3427
4,emotion_induction_1,SHAM,HRSD_24.1,HRSD24,full,MinMaxScaler,LGBM,49,12,10,-0.0959,9.9199,12.9684,-0.2078,-0.3217,-0.1506
4,emotion_induction_1,SHAM,HRSD_24.1,HRSD24,full,MinMaxScaler,CatBoost,49,12,10,-0.0541,9.1364,12.9099,-0.0877,-0.3098,-0.1329
4,emotion_induction_1,SHAM,HRSD_24.1,HRSD24,full,RobustScaler,Ridge,49,12,5,0.0062,9.1615,11.8824,0.0343,-0.1096,0.1678
4,emotion_induction_1,SHAM,HRSD_24.1,HRSD24,full,RobustScaler,Lasso,49,12,5,-0.001,8.959,11.7431,-0.1113,-0.0838,-0.1049
4,emotion_induction_1,SHAM,HRSD_24.1,HRSD24,full,RobustScaler,ElasticNet,49,12,5,0.0125,9.2227,11.9452,0.0441,-0.1214,0.1678
4,emotion_induction_1,SHAM,HRSD_24.1,HRSD24,full,RobustScaler,SVR,49,12,5,0.0139,9.3496,13.5615,0.0261,-0.4454,0.3077
4,emotion_induction_1,SHAM,HRSD_24.1,HRSD24,full,RobustScaler,KNN,49,12,5,-0.0356,9.8889,13.2186,-0.0775,-0.3732,0.035
4,emotion_induction_1,SHAM,HRSD_24.1,HRSD24,full,RobustScaler,RF,49,12,5,-0.0529,10.535,13.9479,-0.1342,-0.5289,-0.0559
4,emotion_induction_1,SHAM,HRSD_24.1,HRSD24,full,RobustScaler,ET,49,12,5,-0.05,10.6217,13.7319,-0.1155,-0.4819,-0.0699
4,emotion_induction_1,SHAM,HRSD_24.1,HRSD24,full,RobustScaler,GB,49,12,5,-0.0182,11.729,15.2792,-0.0472,-0.8347,-0.035
4,emotion_induction_1,SHAM,HRSD_24.1,HRSD24,full,RobustScaler,XGB,49,12,5,-0.1155,12.8012,15.8687,-0.297,-0.979,-0.3986
4,emotion_induction_1,SHAM,HRSD_24.1,HRSD24,full,RobustScaler,MLP,49,12,5,0.0213,9.6375,13.23,0.0419,-0.3756,0.2517
4,emotion_induction_1,SHAM,HRSD_24.1,HRSD24,full,RobustScaler,LGBM,49,12,5,0.2189,8.1408,12.0736,0.5286,-0.1456,0.6208
4,emotion_induction_1,SHAM,HRSD_24.1,HRSD24,full,RobustScaler,CatBoost,49,12,5,-0.1918,11.6719,14.9118,-0.4007,-0.7475,-0.3846
5,emotion_induction_1,SHAM,HRSD_24.1,HRSD24,full,StandardScaler,Ridge,49,12,5,-0.1644,10.6522,14.9588,-0.2157,-4.2754,-0.2963
5,emotion_induction_1,SHAM,HRSD_24.1,HRSD24,full,StandardScaler,Lasso,49,12,5,-0.1449,11.5359,17.1408,-0.2103,-5.9267,-0.3633
5,emotion_induction_1,SHAM,HRSD_24.1,HRSD24,full,StandardScaler,ElasticNet,49,12,5,-0.1734,10.1922,13.9401,-0.2178,-3.5814,-0.321
5,emotion_induction_1,SHAM,HRSD_24.1,HRSD24,full,StandardScaler,SVR,49,12,5,-0.3147,8.3332,10.94,-0.322,-1.8216,-0.1905
5,emotion_induction_1,SHAM,HRSD_24.1,HRSD24,full,StandardScaler,KNN,49,12,5,-0.1205,8.6667,10.3889,-0.1442,-1.5445,0.1705
5,emotion_induction_1,SHAM,HRSD_24.1,HRSD24,full,StandardScaler,RF,49,12,5,-0.4094,8.5203,10.6649,-0.4357,-1.6815,-0.3845
5,emotion_induction_1,SHAM,HRSD_24.1,HRSD24,full,StandardScaler,ET,49,12,5,-0.4664,9.4017,11.5162,-0.4852,-2.1267,-0.455
5,emotion_induction_1,SHAM,HRSD_24.1,HRSD24,full,StandardScaler,GB,49,12,5,-0.5357,11.2237,13.7587,-0.5859,-3.4629,-0.5856
5,emotion_induction_1,SHAM,HRSD_24.1,HRSD24,full,StandardScaler,XGB,49,12,5,-0.4008,10.6936,13.5458,-0.4536,-3.3258,-0.5926
5,emotion_induction_1,SHAM,HRSD_24.1,HRSD24,full,StandardScaler,MLP,49,12,5,-0.1244,10.4692,15.0474,-0.1639,-4.3381,-0.1058
5,emotion_induction_1,SHAM,HRSD_24.1,HRSD24,full,StandardScaler,LGBM,49,12,5,-0.427,8.4704,10.4338,-0.4483,-1.5665,-0.3257
5,emotion_induction_1,SHAM,HRSD_24.1,HRSD24,full,StandardScaler,CatBoost,49,12,5,-0.4296,9.9213,12.2958,-0.4537,-2.5643,-0.4515
5,emotion_induction_1,SHAM,HRSD_24.1,HRSD24,full,MinMaxScaler,Ridge,49,12,10,-0.4228,7.7977,9.7045,-0.5649,-1.2203,-0.4797
5,emotion_induction_1,SHAM,HRSD_24.1,HRSD24,full,MinMaxScaler,Lasso,49,12,10,0.0,5.5,6.9761,,-0.1473,
5,emotion_induction_1,SHAM,HRSD_24.1,HRSD24,full,MinMaxScaler,ElasticNet,49,12,10,-0.3752,6.6087,8.8471,-0.6099,-0.8453,-0.6385
5,emotion_induction_1,SHAM,HRSD_24.1,HRSD24,full,MinMaxScaler,SVR,49,12,10,-0.5278,8.3166,10.4453,-0.5475,-1.5722,-0.5644
5,emotion_induction_1,SHAM,HRSD_24.1,HRSD24,full,MinMaxScaler,KNN,49,12,10,-0.4841,9.2407,11.7649,-0.5259,-2.2632,-0.3669
5,emotion_induction_1,SHAM,HRSD_24.1,HRSD24,full,MinMaxScaler,RF,49,12,10,-0.5309,9.5957,11.8323,-0.598,-2.3007,-0.6103
5,emotion_induction_1,SHAM,HRSD_24.1,HRSD24,full,MinMaxScaler,ET,49,12,10,-0.5779,10.035,12.5868,-0.6617,-2.735,-0.709
5,emotion_induction_1,SHAM,HRSD_24.1,HRSD24,full,MinMaxScaler,GB,49,12,10,-0.4633,12.4219,15.0189,-0.5579,-4.3179,-0.5538
5,emotion_induction_1,SHAM,HRSD_24.1,HRSD24,full,MinMaxScaler,XGB,49,12,10,-0.4496,11.9953,14.2668,-0.5415,-3.7986,-0.5044
5,emotion_induction_1,SHAM,HRSD_24.1,HRSD24,full,MinMaxScaler,MLP,49,12,10,-0.2329,5.7987,7.7585,-0.5614,-0.4191,-0.5856
5,emotion_induction_1,SHAM,HRSD_24.1,HRSD24,full,MinMaxScaler,LGBM,49,12,10,-0.4811,9.457,11.3959,-0.5311,-2.0617,-0.5432
5,emotion_induction_1,SHAM,HRSD_24.1,HRSD24,full,MinMaxScaler,CatBoost,49,12,10,-0.4787,12.0712,14.4216,-0.5725,-3.9033,-0.582
5,emotion_induction_1,SHAM,HRSD_24.1,HRSD24,full,RobustScaler,Ridge,49,12,5,-0.133,13.1207,20.5673,-0.2296,-8.9728,-0.5785
5,emotion_induction_1,SHAM,HRSD_24.1,HRSD24,full,RobustScaler,Lasso,49,12,5,-0.1379,12.3617,19.2098,-0.2269,-7.6998,-0.5926
5,emotion_induction_1,SHAM,HRSD_24.1,HRSD24,full,RobustScaler,ElasticNet,49,12,5,-0.1473,10.9228,16.8492,-0.219,-5.693,-0.5785
5,emotion_induction_1,SHAM,HRSD_24.1,HRSD24,full,RobustScaler,SVR,49,12,5,-0.5286,9.4404,11.249,-0.5295,-1.9833,-0.6561
5,emotion_induction_1,SHAM,HRSD_24.1,HRSD24,full,RobustScaler,KNN,49,12,5,-0.5595,10.2857,12.355,-0.6187,-2.5987,-0.5841
5,emotion_induction_1,SHAM,HRSD_24.1,HRSD24,full,RobustScaler,RF,49,12,5,-0.375,8.8642,10.7684,-0.4044,-1.7338,-0.4409
5,emotion_induction_1,SHAM,HRSD_24.1,HRSD24,full,RobustScaler,ET,49,12,5,-0.4087,10.7308,12.4695,-0.4344,-2.6657,-0.3704
5,emotion_induction_1,SHAM,HRSD_24.1,HRSD24,full,RobustScaler,GB,49,12,5,-0.28,10.4192,13.044,-0.3069,-3.0113,-0.3563
5,emotion_induction_1,SHAM,HRSD_24.1,HRSD24,full,RobustScaler,XGB,49,12,5,-0.2304,10.0564,12.8124,-0.2524,-2.8701,-0.4021
5,emotion_induction_1,SHAM,HRSD_24.1,HRSD24,full,RobustScaler,MLP,49,12,5,-0.0452,24.5375,47.0484,-0.1706,-51.1859,-0.6279
5,emotion_induction_1,SHAM,HRSD_24.1,HRSD24,full,RobustScaler,LGBM,49,12,5,-0.4967,9.1464,10.9412,-0.5089,-1.8222,-0.4496
5,emotion_induction_1,SHAM,HRSD_24.1,HRSD24,full,RobustScaler,CatBoost,49,12,5,-0.3852,10.7464,12.8082,-0.4166,-2.8676,-0.4304
