fold,phase,condition,target,target_short,features,scaler,model,n_train,n_test,n_features,CCC,MAE,RMSE,Pearson_r,R2,Spearman_r
1,negative_training,CRADK,phq_8,PHQ8,full,StandardScaler,Ridge,48,12,5,0.26,5.1965,6.1165,0.2846,-0.0532,-0.007
1,negative_training,CRADK,phq_8,PHQ8,full,StandardScaler,Lasso,48,12,5,0.2593,5.1921,6.1104,0.2844,-0.0511,-0.007
1,negative_training,CRADK,phq_8,PHQ8,full,StandardScaler,ElasticNet,48,12,5,0.2575,5.1969,6.1128,0.2828,-0.052,-0.007
1,negative_training,CRADK,phq_8,PHQ8,full,StandardScaler,SVR,48,12,5,0.1231,5.0163,6.0393,0.1796,-0.0268,-0.0877
1,negative_training,CRADK,phq_8,PHQ8,full,StandardScaler,KNN,48,12,5,0.0529,5.5833,6.5922,0.0684,-0.2234,-0.0386
1,negative_training,CRADK,phq_8,PHQ8,full,StandardScaler,RF,48,12,5,0.2247,4.5046,5.5566,0.362,0.1308,0.0351
1,negative_training,CRADK,phq_8,PHQ8,full,StandardScaler,ET,48,12,5,0.1843,4.8562,5.756,0.2782,0.0673,0.0035
1,negative_training,CRADK,phq_8,PHQ8,full,StandardScaler,GB,48,12,5,0.4561,4.4804,5.2862,0.4941,0.2133,0.4597
1,negative_training,CRADK,phq_8,PHQ8,full,StandardScaler,XGB,48,12,5,0.2693,5.2579,5.9742,0.3029,-0.0048,0.3123
1,negative_training,CRADK,phq_8,PHQ8,full,StandardScaler,MLP,48,12,5,0.1803,5.6166,6.7458,0.1878,-0.2811,-0.0702
1,negative_training,CRADK,phq_8,PHQ8,full,StandardScaler,LGBM,48,12,5,0.0969,4.8557,6.0173,0.1658,-0.0193,0.037
1,negative_training,CRADK,phq_8,PHQ8,full,StandardScaler,CatBoost,48,12,5,0.3586,4.4639,5.3558,0.4448,0.1925,0.1825
1,negative_training,CRADK,phq_8,PHQ8,full,MinMaxScaler,Ridge,48,12,10,0.1751,5.4244,6.2617,0.2054,-0.1038,0.0211
1,negative_training,CRADK,phq_8,PHQ8,full,MinMaxScaler,Lasso,48,12,10,0.2149,5.4659,6.4224,0.2344,-0.1612,-0.0386
1,negative_training,CRADK,phq_8,PHQ8,full,MinMaxScaler,ElasticNet,48,12,10,0.193,5.4798,6.3781,0.2156,-0.1452,-0.007
1,negative_training,CRADK,phq_8,PHQ8,full,MinMaxScaler,SVR,48,12,10,0.1056,5.5787,6.4912,0.1249,-0.1862,-0.0842
1,negative_training,CRADK,phq_8,PHQ8,full,MinMaxScaler,KNN,48,12,10,0.1926,4.8241,5.8204,0.2706,0.0463,0.1054
1,negative_training,CRADK,phq_8,PHQ8,full,MinMaxScaler,RF,48,12,10,0.2804,4.6163,5.5112,0.4053,0.1449,0.2035
1,negative_training,CRADK,phq_8,PHQ8,full,MinMaxScaler,ET,48,12,10,0.2195,4.9458,5.8236,0.2961,0.0452,0.0772
1,negative_training,CRADK,phq_8,PHQ8,full,MinMaxScaler,GB,48,12,10,0.4053,4.7568,5.465,0.5158,0.1592,0.1228
1,negative_training,CRADK,phq_8,PHQ8,full,MinMaxScaler,XGB,48,12,10,0.2805,4.9206,5.9717,0.3756,-0.0039,0.1228
1,negative_training,CRADK,phq_8,PHQ8,full,MinMaxScaler,MLP,48,12,10,0.2367,5.5856,6.4388,0.2532,-0.1672,0.0456
1,negative_training,CRADK,phq_8,PHQ8,full,MinMaxScaler,LGBM,48,12,10,0.1888,4.8152,5.6729,0.3216,0.094,0.1951
1,negative_training,CRADK,phq_8,PHQ8,full,MinMaxScaler,CatBoost,48,12,10,0.224,4.619,5.7197,0.3408,0.079,0.2105
1,negative_training,CRADK,phq_8,PHQ8,full,RobustScaler,Ridge,48,12,10,0.1215,5.917,6.9022,0.1292,-0.3412,-0.0702
1,negative_training,CRADK,phq_8,PHQ8,full,RobustScaler,Lasso,48,12,10,0.1179,5.793,6.8188,0.128,-0.309,-0.0667
1,negative_training,CRADK,phq_8,PHQ8,full,RobustScaler,ElasticNet,48,12,10,0.1149,5.793,6.8198,0.1249,-0.3094,-0.1228
1,negative_training,CRADK,phq_8,PHQ8,full,RobustScaler,SVR,48,12,10,0.2461,5.2035,5.9663,0.2883,-0.0021,0.1193
1,negative_training,CRADK,phq_8,PHQ8,full,RobustScaler,KNN,48,12,10,0.1767,5.1333,5.9794,0.2502,-0.0065,-0.0334
1,negative_training,CRADK,phq_8,PHQ8,full,RobustScaler,RF,48,12,10,0.2418,4.1992,5.4664,0.4377,0.1587,0.3357
1,negative_training,CRADK,phq_8,PHQ8,full,RobustScaler,ET,48,12,10,0.2672,4.5608,5.4654,0.4047,0.1591,0.0861
1,negative_training,CRADK,phq_8,PHQ8,full,RobustScaler,GB,48,12,10,0.404,4.3533,5.4051,0.4653,0.1775,0.3439
1,negative_training,CRADK,phq_8,PHQ8,full,RobustScaler,XGB,48,12,10,0.3427,4.4194,5.5299,0.4271,0.1391,0.2456
1,negative_training,CRADK,phq_8,PHQ8,full,RobustScaler,MLP,48,12,10,0.1867,6.0239,6.9142,0.1924,-0.3458,-0.0386
1,negative_training,CRADK,phq_8,PHQ8,full,RobustScaler,LGBM,48,12,10,0.014,4.8988,6.102,0.0301,-0.0483,-0.2
1,negative_training,CRADK,phq_8,PHQ8,full,RobustScaler,CatBoost,48,12,10,0.25,4.0792,5.398,0.4872,0.1797,0.5263
2,negative_training,CRADK,phq_8,PHQ8,full,StandardScaler,Ridge,48,12,5,0.0501,6.5313,7.7087,0.0515,-1.0258,0.0806
2,negative_training,CRADK,phq_8,PHQ8,full,StandardScaler,Lasso,48,12,5,0.0505,6.5622,7.7552,0.052,-1.0504,0.0806
2,negative_training,CRADK,phq_8,PHQ8,full,StandardScaler,ElasticNet,48,12,5,0.0494,6.3849,7.4991,0.0507,-0.9171,0.0876
2,negative_training,CRADK,phq_8,PHQ8,full,StandardScaler,SVR,48,12,5,0.078,4.9156,6.5449,0.0815,-0.4603,0.2942
2,negative_training,CRADK,phq_8,PHQ8,full,StandardScaler,KNN,48,12,5,0.2084,4.5,5.4657,0.2507,-0.0184,0.2074
2,negative_training,CRADK,phq_8,PHQ8,full,StandardScaler,RF,48,12,5,-0.0539,5.3417,6.5306,-0.0614,-0.4539,0.0386
2,negative_training,CRADK,phq_8,PHQ8,full,StandardScaler,ET,48,12,5,-0.0339,5.4254,6.5235,-0.0378,-0.4508,0.1051
2,negative_training,CRADK,phq_8,PHQ8,full,StandardScaler,GB,48,12,5,0.0814,5.4925,6.8235,0.0825,-0.5873,0.1191
2,negative_training,CRADK,phq_8,PHQ8,full,StandardScaler,XGB,48,12,5,-0.0021,5.8672,7.062,-0.0021,-0.7002,0.1051
2,negative_training,CRADK,phq_8,PHQ8,full,StandardScaler,MLP,48,12,5,0.1339,7.6816,9.9243,0.1612,-2.3576,0.2767
2,negative_training,CRADK,phq_8,PHQ8,full,StandardScaler,LGBM,48,12,5,0.0366,4.8939,6.0483,0.0438,-0.2471,0.2403
2,negative_training,CRADK,phq_8,PHQ8,full,StandardScaler,CatBoost,48,12,5,0.0626,5.634,6.6547,0.0667,-0.5097,0.2277
2,negative_training,CRADK,phq_8,PHQ8,full,MinMaxScaler,Ridge,48,12,5,0.0146,6.0996,7.2688,0.0153,-0.8012,0.1366
2,negative_training,CRADK,phq_8,PHQ8,full,MinMaxScaler,Lasso,48,12,5,0.022,6.1218,7.3112,0.023,-0.8223,0.1296
2,negative_training,CRADK,phq_8,PHQ8,full,MinMaxScaler,ElasticNet,48,12,5,0.0058,5.9701,7.0894,0.0061,-0.7134,0.1366
2,negative_training,CRADK,phq_8,PHQ8,full,MinMaxScaler,SVR,48,12,5,-0.0411,6.2454,7.4503,-0.0419,-0.8923,0.1296
2,negative_training,CRADK,phq_8,PHQ8,full,MinMaxScaler,KNN,48,12,5,0.0209,5.0278,6.4543,0.023,-0.4201,0.187
2,negative_training,CRADK,phq_8,PHQ8,full,MinMaxScaler,RF,48,12,5,-0.1632,5.4742,6.7927,-0.1888,-0.573,-0.028
2,negative_training,CRADK,phq_8,PHQ8,full,MinMaxScaler,ET,48,12,5,-0.0757,5.0817,6.4204,-0.09,-0.4053,0.0
2,negative_training,CRADK,phq_8,PHQ8,full,MinMaxScaler,GB,48,12,5,-0.0705,5.3133,7.1206,-0.0726,-0.7285,0.0455
2,negative_training,CRADK,phq_8,PHQ8,full,MinMaxScaler,XGB,48,12,5,0.0379,5.3557,6.7947,0.0389,-0.5739,0.1997
2,negative_training,CRADK,phq_8,PHQ8,full,MinMaxScaler,MLP,48,12,5,0.0177,6.081,7.2332,0.0186,-0.7836,0.1296
2,negative_training,CRADK,phq_8,PHQ8,full,MinMaxScaler,LGBM,48,12,5,-0.1402,5.5348,6.5744,-0.1682,-0.4735,-0.0456
2,negative_training,CRADK,phq_8,PHQ8,full,MinMaxScaler,CatBoost,48,12,5,-0.0051,5.0523,6.4482,-0.0058,-0.4175,0.0841
2,negative_training,CRADK,phq_8,PHQ8,full,RobustScaler,Ridge,48,12,5,0.061,6.0944,7.109,0.0635,-0.7229,0.0876
2,negative_training,CRADK,phq_8,PHQ8,full,RobustScaler,Lasso,48,12,5,0.0657,6.3354,7.4797,0.068,-0.9073,0.0876
2,negative_training,CRADK,phq_8,PHQ8,full,RobustScaler,ElasticNet,48,12,5,0.0634,6.3107,7.4205,0.0655,-0.8772,0.0876
2,negative_training,CRADK,phq_8,PHQ8,full,RobustScaler,SVR,48,12,5,0.1226,4.7336,6.1426,0.132,-0.2863,0.3468
2,negative_training,CRADK,phq_8,PHQ8,full,RobustScaler,KNN,48,12,5,0.0894,4.869,5.9085,0.1069,-0.1901,0.1582
2,negative_training,CRADK,phq_8,PHQ8,full,RobustScaler,RF,48,12,5,0.0639,4.9737,6.061,0.0745,-0.2524,0.2767
2,negative_training,CRADK,phq_8,PHQ8,full,RobustScaler,ET,48,12,5,-0.0445,5.3818,6.4358,-0.0513,-0.412,0.049
2,negative_training,CRADK,phq_8,PHQ8,full,RobustScaler,GB,48,12,5,0.1446,5.2668,6.09,0.159,-0.2644,0.2137
2,negative_training,CRADK,phq_8,PHQ8,full,RobustScaler,XGB,48,12,5,0.1486,5.0014,6.1359,0.1573,-0.2835,0.2032
2,negative_training,CRADK,phq_8,PHQ8,full,RobustScaler,MLP,48,12,5,0.097,9.1159,12.0267,0.1335,-3.9309,0.2697
2,negative_training,CRADK,phq_8,PHQ8,full,RobustScaler,LGBM,48,12,5,0.0629,4.8958,6.0432,0.0734,-0.245,0.0989
2,negative_training,CRADK,phq_8,PHQ8,full,RobustScaler,CatBoost,48,12,5,0.1219,5.1192,6.0508,0.1373,-0.2481,0.2977
3,negative_training,CRADK,phq_8,PHQ8,full,StandardScaler,Ridge,48,12,15,-0.4343,9.6003,11.6375,-0.4579,-2.836,-0.5538
3,negative_training,CRADK,phq_8,PHQ8,full,StandardScaler,Lasso,48,12,15,-0.4367,9.3899,11.3558,-0.4568,-2.6525,-0.5926
3,negative_training,CRADK,phq_8,PHQ8,full,StandardScaler,ElasticNet,48,12,15,-0.4344,9.1844,11.1439,-0.4522,-2.5175,-0.5538
3,negative_training,CRADK,phq_8,PHQ8,full,StandardScaler,SVR,48,12,15,-0.3321,6.8817,7.7758,-0.4001,-0.7126,-0.4304
3,negative_training,CRADK,phq_8,PHQ8,full,StandardScaler,KNN,48,12,15,-0.4193,7.0667,8.2162,-0.4805,-0.9121,-0.5326
3,negative_training,CRADK,phq_8,PHQ8,full,StandardScaler,RF,48,12,15,-0.2486,6.2475,7.0727,-0.3867,-0.4169,-0.4364
3,negative_training,CRADK,phq_8,PHQ8,full,StandardScaler,ET,48,12,15,-0.3695,6.6342,7.5768,-0.5274,-0.626,-0.5406
3,negative_training,CRADK,phq_8,PHQ8,full,StandardScaler,GB,48,12,15,-0.2544,6.9435,8.2077,-0.268,-0.9081,-0.254
3,negative_training,CRADK,phq_8,PHQ8,full,StandardScaler,XGB,48,12,15,-0.2251,6.3336,7.6507,-0.2574,-0.6579,-0.2293
3,negative_training,CRADK,phq_8,PHQ8,full,StandardScaler,MLP,48,12,15,-0.4107,8.996,10.5008,-0.4128,-2.1232,-0.4162
3,negative_training,CRADK,phq_8,PHQ8,full,StandardScaler,LGBM,48,12,15,-0.4019,6.9824,7.7068,-0.5511,-0.6823,-0.4304
3,negative_training,CRADK,phq_8,PHQ8,full,StandardScaler,CatBoost,48,12,15,-0.3396,6.7912,7.7599,-0.4177,-0.7056,-0.4762
3,negative_training,CRADK,phq_8,PHQ8,full,MinMaxScaler,Ridge,48,12,20,-0.427,9.3381,11.3113,-0.4462,-2.624,-0.515
3,negative_training,CRADK,phq_8,PHQ8,full,MinMaxScaler,Lasso,48,12,20,-0.4363,9.5747,11.5694,-0.4588,-2.7912,-0.5538
3,negative_training,CRADK,phq_8,PHQ8,full,MinMaxScaler,ElasticNet,48,12,20,-0.4282,8.6587,10.4801,-0.4406,-2.1109,-0.5009
3,negative_training,CRADK,phq_8,PHQ8,full,MinMaxScaler,SVR,48,12,20,-0.3882,8.2466,9.9961,-0.398,-1.8302,-0.3563
3,negative_training,CRADK,phq_8,PHQ8,full,MinMaxScaler,KNN,48,12,20,-0.3155,6.6333,7.8935,-0.3624,-0.7648,-0.3693
3,negative_training,CRADK,phq_8,PHQ8,full,MinMaxScaler,RF,48,12,20,-0.3069,6.4971,7.4489,-0.4145,-0.5716,-0.4409
3,negative_training,CRADK,phq_8,PHQ8,full,MinMaxScaler,ET,48,12,20,-0.2661,6.3117,7.2987,-0.3847,-0.5088,-0.4057
3,negative_training,CRADK,phq_8,PHQ8,full,MinMaxScaler,GB,48,12,20,-0.3577,7.2113,8.7706,-0.3719,-1.1788,-0.3422
3,negative_training,CRADK,phq_8,PHQ8,full,MinMaxScaler,XGB,48,12,20,-0.2632,6.8741,8.4021,-0.2732,-0.9996,-0.3069
3,negative_training,CRADK,phq_8,PHQ8,full,MinMaxScaler,MLP,48,12,20,-0.4217,8.0496,9.6893,-0.4395,-1.6591,-0.4586
3,negative_training,CRADK,phq_8,PHQ8,full,MinMaxScaler,LGBM,48,12,20,-0.403,6.9917,7.8285,-0.5247,-0.7359,-0.4409
3,negative_training,CRADK,phq_8,PHQ8,full,MinMaxScaler,CatBoost,48,12,20,-0.3109,6.7776,7.7497,-0.3698,-0.7011,-0.3457
3,negative_training,CRADK,phq_8,PHQ8,full,RobustScaler,Ridge,48,12,15,-0.4356,9.6362,11.6547,-0.4595,-2.8473,-0.5538
3,negative_training,CRADK,phq_8,PHQ8,full,RobustScaler,Lasso,48,12,15,-0.4459,9.57,11.4427,-0.4674,-2.7087,-0.5291
3,negative_training,CRADK,phq_8,PHQ8,full,RobustScaler,ElasticNet,48,12,15,-0.442,9.3539,11.2428,-0.4614,-2.5802,-0.5538
3,negative_training,CRADK,phq_8,PHQ8,full,RobustScaler,SVR,48,12,15,-0.4102,7.3882,8.1897,-0.4912,-0.8998,-0.4198
3,negative_training,CRADK,phq_8,PHQ8,full,RobustScaler,KNN,48,12,15,-0.4443,7.1833,8.1623,-0.5693,-0.887,-0.4523
3,negative_training,CRADK,phq_8,PHQ8,full,RobustScaler,RF,48,12,15,-0.2486,6.2475,7.0727,-0.3867,-0.4169,-0.4364
3,negative_training,CRADK,phq_8,PHQ8,full,RobustScaler,ET,48,12,15,-0.3695,6.6342,7.5768,-0.5274,-0.626,-0.5406
3,negative_training,CRADK,phq_8,PHQ8,full,RobustScaler,GB,48,12,15,-0.2544,6.9435,8.2077,-0.268,-0.9081,-0.254
3,negative_training,CRADK,phq_8,PHQ8,full,RobustScaler,XGB,48,12,15,-0.2251,6.3336,7.6507,-0.2574,-0.6579,-0.2293
3,negative_training,CRADK,phq_8,PHQ8,full,RobustScaler,MLP,48,12,15,-0.239,7.7558,9.3045,-0.2745,-1.4521,-0.2187
3,negative_training,CRADK,phq_8,PHQ8,full,RobustScaler,LGBM,48,12,15,-0.4188,7.0669,7.8178,-0.5551,-0.7311,-0.4304
3,negative_training,CRADK,phq_8,PHQ8,full,RobustScaler,CatBoost,48,12,15,-0.3396,6.7912,7.7599,-0.4177,-0.7056,-0.4762
4,negative_training,CRADK,phq_8,PHQ8,full,StandardScaler,Ridge,48,12,15,-0.3854,7.5326,8.7836,-0.4421,-0.8706,-0.5088
4,negative_training,CRADK,phq_8,PHQ8,full,StandardScaler,Lasso,48,12,15,-0.3963,7.7933,9.0863,-0.4339,-1.0018,-0.4772
4,negative_training,CRADK,phq_8,PHQ8,full,StandardScaler,ElasticNet,48,12,15,-0.2928,6.591,7.751,-0.4643,-0.4567,-0.5754
4,negative_training,CRADK,phq_8,PHQ8,full,StandardScaler,SVR,48,12,15,-0.4139,7.5253,8.4046,-0.5524,-0.7127,-0.6386
4,negative_training,CRADK,phq_8,PHQ8,full,StandardScaler,KNN,48,12,15,-0.186,6.2667,7.5697,-0.2636,-0.3893,-0.3858
4,negative_training,CRADK,phq_8,PHQ8,full,StandardScaler,RF,48,12,15,-0.1669,6.2571,7.2202,-0.3163,-0.264,-0.414
4,negative_training,CRADK,phq_8,PHQ8,full,StandardScaler,ET,48,12,15,-0.024,5.7858,6.645,-0.0592,-0.0706,-0.1614
4,negative_training,CRADK,phq_8,PHQ8,full,StandardScaler,GB,48,12,15,-0.1494,7.1889,8.3678,-0.1611,-0.6977,-0.1088
4,negative_training,CRADK,phq_8,PHQ8,full,StandardScaler,XGB,48,12,15,-0.1412,6.6402,7.5475,-0.2076,-0.3812,-0.2807
4,negative_training,CRADK,phq_8,PHQ8,full,StandardScaler,MLP,48,12,15,-0.3187,7.6119,8.9451,-0.3616,-0.9401,-0.3018
4,negative_training,CRADK,phq_8,PHQ8,full,StandardScaler,LGBM,48,12,15,-0.1527,6.2519,7.4737,-0.2216,-0.3543,-0.3895
4,negative_training,CRADK,phq_8,PHQ8,full,StandardScaler,CatBoost,48,12,15,-0.1688,6.3199,7.2496,-0.3108,-0.2743,-0.4211
4,negative_training,CRADK,phq_8,PHQ8,full,MinMaxScaler,Ridge,48,12,10,-0.3404,7.0274,8.2229,-0.4428,-0.6395,-0.5088
4,negative_training,CRADK,phq_8,PHQ8,full,MinMaxScaler,Lasso,48,12,10,-0.331,6.8632,8.0939,-0.4503,-0.5884,-0.5088
4,negative_training,CRADK,phq_8,PHQ8,full,MinMaxScaler,ElasticNet,48,12,10,-0.3801,7.4756,8.6759,-0.4452,-0.825,-0.5088
4,negative_training,CRADK,phq_8,PHQ8,full,MinMaxScaler,SVR,48,12,10,-0.3485,7.8017,8.9318,-0.3871,-0.9343,-0.5404
4,negative_training,CRADK,phq_8,PHQ8,full,MinMaxScaler,KNN,48,12,10,-0.4008,7.2222,8.8087,-0.5046,-0.8813,-0.4842
4,negative_training,CRADK,phq_8,PHQ8,full,MinMaxScaler,RF,48,12,10,-0.233,6.6333,7.5701,-0.3685,-0.3895,-0.4316
4,negative_training,CRADK,phq_8,PHQ8,full,MinMaxScaler,ET,48,12,10,-0.2416,6.6996,7.56,-0.3996,-0.3858,-0.3825
4,negative_training,CRADK,phq_8,PHQ8,full,MinMaxScaler,GB,48,12,10,-0.3006,7.6799,8.7095,-0.3306,-0.8392,-0.3965
4,negative_training,CRADK,phq_8,PHQ8,full,MinMaxScaler,XGB,48,12,10,-0.1681,6.6963,7.719,-0.2376,-0.4447,-0.2807
4,negative_training,CRADK,phq_8,PHQ8,full,MinMaxScaler,MLP,48,12,10,-0.4032,7.9875,9.349,-0.4262,-1.1192,-0.4211
4,negative_training,CRADK,phq_8,PHQ8,full,MinMaxScaler,LGBM,48,12,10,-0.1442,6.3284,7.5302,-0.2049,-0.3749,-0.3298
4,negative_training,CRADK,phq_8,PHQ8,full,MinMaxScaler,CatBoost,48,12,10,-0.1646,6.3547,7.4443,-0.2432,-0.3437,-0.2772
4,negative_training,CRADK,phq_8,PHQ8,full,RobustScaler,Ridge,48,12,10,-0.4451,7.7011,8.9051,-0.5224,-0.9228,-0.4561
4,negative_training,CRADK,phq_8,PHQ8,full,RobustScaler,Lasso,48,12,10,-0.4433,7.8341,9.0733,-0.5034,-0.9961,-0.5719
4,negative_training,CRADK,phq_8,PHQ8,full,RobustScaler,ElasticNet,48,12,10,-0.365,7.078,8.0915,-0.5279,-0.5875,-0.5158
4,negative_training,CRADK,phq_8,PHQ8,full,RobustScaler,SVR,48,12,10,-0.4984,8.1976,9.1196,-0.5725,-1.0165,-0.5684
4,negative_training,CRADK,phq_8,PHQ8,full,RobustScaler,KNN,48,12,10,-0.4098,7.5238,8.5756,-0.5039,-0.7831,-0.4842
4,negative_training,CRADK,phq_8,PHQ8,full,RobustScaler,RF,48,12,10,-0.3202,6.7842,7.8315,-0.5114,-0.4871,-0.4561
4,negative_training,CRADK,phq_8,PHQ8,full,RobustScaler,ET,48,12,10,-0.266,6.6512,7.6479,-0.4297,-0.4182,-0.4351
4,negative_training,CRADK,phq_8,PHQ8,full,RobustScaler,GB,48,12,10,-0.3613,7.0231,8.3492,-0.4581,-0.6902,-0.5439
4,negative_training,CRADK,phq_8,PHQ8,full,RobustScaler,XGB,48,12,10,-0.259,6.5828,7.8086,-0.3684,-0.4784,-0.386
4,negative_training,CRADK,phq_8,PHQ8,full,RobustScaler,MLP,48,12,10,-0.1765,8.8466,10.202,-0.1808,-1.5236,-0.4491
4,negative_training,CRADK,phq_8,PHQ8,full,RobustScaler,LGBM,48,12,10,-0.3161,6.4866,7.8308,-0.4958,-0.4868,-0.5053
4,negative_training,CRADK,phq_8,PHQ8,full,RobustScaler,CatBoost,48,12,10,-0.2315,6.277,7.4248,-0.4319,-0.3367,-0.414
5,negative_training,CRADK,phq_8,PHQ8,full,StandardScaler,Ridge,48,12,10,0.3784,6.0238,7.5984,0.4339,-1.3024,0.3486
5,negative_training,CRADK,phq_8,PHQ8,full,StandardScaler,Lasso,48,12,10,0.3682,5.9966,7.6815,0.4244,-1.353,0.2676
5,negative_training,CRADK,phq_8,PHQ8,full,StandardScaler,ElasticNet,48,12,10,0.3858,6.0228,7.5586,0.4413,-1.2783,0.3979
5,negative_training,CRADK,phq_8,PHQ8,full,StandardScaler,SVR,48,12,10,0.1796,4.6078,5.4946,0.2313,-0.204,0.2606
5,negative_training,CRADK,phq_8,PHQ8,full,StandardScaler,KNN,48,12,10,0.0378,4.9333,6.6373,0.0411,-0.7568,0.0688
5,negative_training,CRADK,phq_8,PHQ8,full,StandardScaler,RF,48,12,10,-0.0877,4.5267,6.633,-0.0993,-0.7545,0.1552
5,negative_training,CRADK,phq_8,PHQ8,full,StandardScaler,ET,48,12,10,0.0547,4.3004,5.8451,0.0623,-0.3625,0.162
5,negative_training,CRADK,phq_8,PHQ8,full,StandardScaler,GB,48,12,10,0.166,4.4064,6.2323,0.1897,-0.5489,-0.0352
5,negative_training,CRADK,phq_8,PHQ8,full,StandardScaler,XGB,48,12,10,0.1475,4.672,6.7956,0.173,-0.8416,0.0599
5,negative_training,CRADK,phq_8,PHQ8,full,StandardScaler,MLP,48,12,10,0.015,7.0902,9.3049,0.0218,-2.4527,-0.088
5,negative_training,CRADK,phq_8,PHQ8,full,StandardScaler,LGBM,48,12,10,0.1537,4.146,5.6206,0.2303,-0.2598,0.0619
5,negative_training,CRADK,phq_8,PHQ8,full,StandardScaler,CatBoost,48,12,10,0.2048,4.016,5.9071,0.2408,-0.3915,0.1655
5,negative_training,CRADK,phq_8,PHQ8,full,MinMaxScaler,Ridge,48,12,5,0.3037,5.3747,7.0075,0.3227,-0.9582,0.1725
5,negative_training,CRADK,phq_8,PHQ8,full,MinMaxScaler,Lasso,48,12,5,0.2996,5.5413,7.2657,0.3223,-1.1052,0.2113
5,negative_training,CRADK,phq_8,PHQ8,full,MinMaxScaler,ElasticNet,48,12,5,0.283,5.8904,7.8507,0.3143,-1.4578,0.2113
5,negative_training,CRADK,phq_8,PHQ8,full,MinMaxScaler,SVR,48,12,5,0.0001,5.7682,7.7292,0.0002,-1.3823,0.0211
5,negative_training,CRADK,phq_8,PHQ8,full,MinMaxScaler,KNN,48,12,5,0.0916,5.4444,6.6486,0.099,-0.7628,0.136
5,negative_training,CRADK,phq_8,PHQ8,full,MinMaxScaler,RF,48,12,5,0.1041,4.7588,6.3605,0.1249,-0.6133,-0.0317
5,negative_training,CRADK,phq_8,PHQ8,full,MinMaxScaler,ET,48,12,5,0.2133,4.6446,6.0823,0.2469,-0.4753,0.169
5,negative_training,CRADK,phq_8,PHQ8,full,MinMaxScaler,GB,48,12,5,0.1961,5.088,6.7867,0.2232,-0.8367,0.1866
5,negative_training,CRADK,phq_8,PHQ8,full,MinMaxScaler,XGB,48,12,5,0.2952,4.8636,5.9588,0.3144,-0.416,0.1444
5,negative_training,CRADK,phq_8,PHQ8,full,MinMaxScaler,MLP,48,12,5,0.28,5.0901,6.8082,0.3035,-0.8484,0.2218
5,negative_training,CRADK,phq_8,PHQ8,full,MinMaxScaler,LGBM,48,12,5,0.2388,3.8164,5.3886,0.3028,-0.1579,0.1272
5,negative_training,CRADK,phq_8,PHQ8,full,MinMaxScaler,CatBoost,48,12,5,0.1796,5.2718,6.4712,0.196,-0.6699,0.0669
5,negative_training,CRADK,phq_8,PHQ8,full,RobustScaler,Ridge,48,12,10,0.4116,5.6927,7.1855,0.4562,-1.059,0.3627
5,negative_training,CRADK,phq_8,PHQ8,full,RobustScaler,Lasso,48,12,10,0.4095,5.676,7.1669,0.4528,-1.0483,0.3732
5,negative_training,CRADK,phq_8,PHQ8,full,RobustScaler,ElasticNet,48,12,10,0.4043,5.6684,7.1555,0.4458,-1.0418,0.3063
5,negative_training,CRADK,phq_8,PHQ8,full,RobustScaler,SVR,48,12,10,-0.1041,4.8027,6.3672,-0.1305,-0.6167,-0.0986
5,negative_training,CRADK,phq_8,PHQ8,full,RobustScaler,KNN,48,12,10,-0.2117,6.0833,7.2731,-0.2219,-1.1095,0.0353
5,negative_training,CRADK,phq_8,PHQ8,full,RobustScaler,RF,48,12,10,-0.0034,4.4,6.6755,-0.0038,-0.777,0.1725
5,negative_training,CRADK,phq_8,PHQ8,full,RobustScaler,ET,48,12,10,0.0948,4.1117,5.6501,0.1085,-0.2731,0.2254
5,negative_training,CRADK,phq_8,PHQ8,full,RobustScaler,GB,48,12,10,0.1195,4.6108,6.7964,0.1421,-0.842,0.0493
5,negative_training,CRADK,phq_8,PHQ8,full,RobustScaler,XGB,48,12,10,0.2052,3.9144,5.8886,0.229,-0.3828,0.1585
5,negative_training,CRADK,phq_8,PHQ8,full,RobustScaler,MLP,48,12,10,-0.0137,5.0197,8.0413,-0.0157,-1.5786,0.1725
5,negative_training,CRADK,phq_8,PHQ8,full,RobustScaler,LGBM,48,12,10,0.2686,3.9126,5.2461,0.3425,-0.0975,0.234
5,negative_training,CRADK,phq_8,PHQ8,full,RobustScaler,CatBoost,48,12,10,0.0886,4.1482,6.0362,0.1033,-0.453,0.0563
1,negative_training,CRADK,ads.1,CES-D,full,StandardScaler,Ridge,48,13,5,0.1451,12.2502,13.4502,0.1565,-0.2721,0.1265
1,negative_training,CRADK,ads.1,CES-D,full,StandardScaler,Lasso,48,13,5,0.1555,12.2231,13.3971,0.1672,-0.2621,0.1706
1,negative_training,CRADK,ads.1,CES-D,full,StandardScaler,ElasticNet,48,13,5,0.1439,12.2564,13.4493,0.1554,-0.2719,0.1265
1,negative_training,CRADK,ads.1,CES-D,full,StandardScaler,SVR,48,13,5,-0.0615,12.4813,13.8908,-0.1361,-0.3568,0.0358
1,negative_training,CRADK,ads.1,CES-D,full,StandardScaler,KNN,48,13,5,0.0114,12.8416,13.743,0.015,-0.3281,0.1931
1,negative_training,CRADK,ads.1,CES-D,full,StandardScaler,RF,48,13,5,-0.0103,12.6867,13.9983,-0.0127,-0.3779,0.1074
1,negative_training,CRADK,ads.1,CES-D,full,StandardScaler,ET,48,13,5,-0.0926,13.3962,15.7444,-0.0985,-0.7431,-0.1458
1,negative_training,CRADK,ads.1,CES-D,full,StandardScaler,GB,48,13,5,-0.1064,13.2854,15.5282,-0.1136,-0.6955,-0.0468
1,negative_training,CRADK,ads.1,CES-D,full,StandardScaler,XGB,48,13,5,-0.056,13.2322,15.0054,-0.0621,-0.5833,-0.0096
1,negative_training,CRADK,ads.1,CES-D,full,StandardScaler,MLP,48,13,5,0.0408,12.2813,13.6378,0.0496,-0.3078,0.3026
1,negative_training,CRADK,ads.1,CES-D,full,StandardScaler,LGBM,48,13,5,-0.0874,12.8418,13.9584,-0.1213,-0.37,0.0767
1,negative_training,CRADK,ads.1,CES-D,full,StandardScaler,CatBoost,48,13,5,-0.0124,12.7526,13.8638,-0.0157,-0.3515,0.1761
1,negative_training,CRADK,ads.1,CES-D,full,MinMaxScaler,Ridge,48,13,15,0.1368,12.3125,13.4357,0.1488,-0.2694,0.1265
1,negative_training,CRADK,ads.1,CES-D,full,MinMaxScaler,Lasso,48,13,15,0.1337,12.3286,13.4678,0.1454,-0.2754,0.1265
1,negative_training,CRADK,ads.1,CES-D,full,MinMaxScaler,ElasticNet,48,13,15,0.1356,12.2994,13.4266,0.1478,-0.2676,0.1265
1,negative_training,CRADK,ads.1,CES-D,full,MinMaxScaler,SVR,48,13,15,-0.1074,13.7336,14.9758,-0.168,-0.577,-0.0853
1,negative_training,CRADK,ads.1,CES-D,full,MinMaxScaler,KNN,48,13,15,0.0786,12.6379,13.4742,0.0971,-0.2766,0.2645
1,negative_training,CRADK,ads.1,CES-D,full,MinMaxScaler,RF,48,13,15,-0.0071,12.4408,13.7494,-0.0092,-0.3293,0.168
1,negative_training,CRADK,ads.1,CES-D,full,MinMaxScaler,ET,48,13,15,-0.1018,13.2452,15.6586,-0.1087,-0.7241,-0.066
1,negative_training,CRADK,ads.1,CES-D,full,MinMaxScaler,GB,48,13,15,-0.1128,13.0821,15.1325,-0.124,-0.6102,-0.1073
1,negative_training,CRADK,ads.1,CES-D,full,MinMaxScaler,XGB,48,13,15,-0.0246,12.9828,14.7884,-0.0279,-0.5378,-0.0069
1,negative_training,CRADK,ads.1,CES-D,full,MinMaxScaler,MLP,48,13,15,0.1428,13.3581,14.3625,0.1461,-0.4505,0.1265
1,negative_training,CRADK,ads.1,CES-D,full,MinMaxScaler,LGBM,48,13,15,-0.0622,12.4439,13.5612,-0.0923,-0.2932,0.0767
1,negative_training,CRADK,ads.1,CES-D,full,MinMaxScaler,CatBoost,48,13,15,-0.0257,12.776,13.819,-0.0342,-0.3428,0.1431
1,negative_training,CRADK,ads.1,CES-D,full,RobustScaler,Ridge,48,13,5,0.1516,12.2179,13.4271,0.163,-0.2677,0.1706
1,negative_training,CRADK,ads.1,CES-D,full,RobustScaler,Lasso,48,13,5,0.1534,12.2301,13.4059,0.165,-0.2637,0.1706
1,negative_training,CRADK,ads.1,CES-D,full,RobustScaler,ElasticNet,48,13,5,0.1411,12.2792,13.449,0.1527,-0.2719,0.1265
1,negative_training,CRADK,ads.1,CES-D,full,RobustScaler,SVR,48,13,5,-0.0809,13.4529,14.5994,-0.1276,-0.4988,-0.0083
1,negative_training,CRADK,ads.1,CES-D,full,RobustScaler,KNN,48,13,5,0.0008,12.7853,13.7973,0.0011,-0.3386,0.08
1,negative_training,CRADK,ads.1,CES-D,full,RobustScaler,RF,48,13,5,-0.0103,12.6867,13.9983,-0.0127,-0.3779,0.1074
1,negative_training,CRADK,ads.1,CES-D,full,RobustScaler,ET,48,13,5,-0.0926,13.3962,15.7444,-0.0985,-0.7431,-0.1458
1,negative_training,CRADK,ads.1,CES-D,full,RobustScaler,GB,48,13,5,-0.1064,13.2854,15.5282,-0.1136,-0.6955,-0.0468
1,negative_training,CRADK,ads.1,CES-D,full,RobustScaler,XGB,48,13,5,-0.056,13.2322,15.0054,-0.0621,-0.5833,-0.0096
1,negative_training,CRADK,ads.1,CES-D,full,RobustScaler,MLP,48,13,5,0.0133,12.5406,13.6228,0.0172,-0.3049,0.2146
1,negative_training,CRADK,ads.1,CES-D,full,RobustScaler,LGBM,48,13,5,-0.0975,12.883,14.0134,-0.1359,-0.3809,-0.2012
1,negative_training,CRADK,ads.1,CES-D,full,RobustScaler,CatBoost,48,13,5,-0.0124,12.7526,13.8638,-0.0157,-0.3515,0.1761
2,negative_training,CRADK,ads.1,CES-D,full,StandardScaler,Ridge,49,12,10,-0.2719,13.16,16.9384,-0.2785,-1.3248,-0.214
2,negative_training,CRADK,ads.1,CES-D,full,StandardScaler,Lasso,49,12,10,-0.2421,12.0224,15.5697,-0.2573,-0.9643,-0.2035
2,negative_training,CRADK,ads.1,CES-D,full,StandardScaler,ElasticNet,49,12,10,-0.2483,11.88,15.556,-0.2657,-0.9609,-0.2035
2,negative_training,CRADK,ads.1,CES-D,full,StandardScaler,SVR,49,12,10,-0.1156,11.3494,16.0155,-0.1399,-1.0784,0.0421
2,negative_training,CRADK,ads.1,CES-D,full,StandardScaler,KNN,49,12,10,-0.4688,12.05,16.2022,-0.5122,-1.1271,-0.2988
2,negative_training,CRADK,ads.1,CES-D,full,StandardScaler,RF,49,12,10,-0.2659,11.1678,14.6846,-0.3082,-0.7473,-0.1825
2,negative_training,CRADK,ads.1,CES-D,full,StandardScaler,ET,49,12,10,-0.3155,12.9819,16.1951,-0.3341,-1.1253,-0.2281
2,negative_training,CRADK,ads.1,CES-D,full,StandardScaler,GB,49,12,10,-0.0272,10.9058,15.2005,-0.0304,-0.8723,0.2316
2,negative_training,CRADK,ads.1,CES-D,full,StandardScaler,XGB,49,12,10,-0.0247,11.0888,15.8001,-0.0274,-1.0229,0.0947
2,negative_training,CRADK,ads.1,CES-D,full,StandardScaler,MLP,49,12,10,-0.1519,19.0388,25.8605,-0.1857,-4.4191,-0.1088
2,negative_training,CRADK,ads.1,CES-D,full,StandardScaler,LGBM,49,12,10,-0.3522,11.0261,15.1884,-0.3945,-0.8693,-0.1778
2,negative_training,CRADK,ads.1,CES-D,full,StandardScaler,CatBoost,49,12,10,-0.1196,11.3159,15.5223,-0.1322,-0.9524,0.0561
2,negative_training,CRADK,ads.1,CES-D,full,MinMaxScaler,Ridge,49,12,5,-0.2291,13.2442,16.9448,-0.2348,-1.3266,-0.1439
2,negative_training,CRADK,ads.1,CES-D,full,MinMaxScaler,Lasso,49,12,5,-0.2264,12.5925,16.189,-0.2347,-1.1237,-0.1333
2,negative_training,CRADK,ads.1,CES-D,full,MinMaxScaler,ElasticNet,49,12,5,-0.2244,12.9676,16.6977,-0.2312,-1.2592,-0.1439
2,negative_training,CRADK,ads.1,CES-D,full,MinMaxScaler,SVR,49,12,5,-0.22,11.7529,15.5305,-0.2307,-0.9544,-0.0596
2,negative_training,CRADK,ads.1,CES-D,full,MinMaxScaler,KNN,49,12,5,-0.0125,10.2,13.154,-0.0142,-0.4021,0.2917
2,negative_training,CRADK,ads.1,CES-D,full,MinMaxScaler,RF,49,12,5,-0.1015,11.2044,14.7339,-0.1067,-0.7591,0.1404
2,negative_training,CRADK,ads.1,CES-D,full,MinMaxScaler,ET,49,12,5,-0.1308,11.8719,14.8599,-0.1356,-0.7893,0.1158
2,negative_training,CRADK,ads.1,CES-D,full,MinMaxScaler,GB,49,12,5,-0.0168,12.2018,17.3073,-0.0176,-1.4272,0.2105
2,negative_training,CRADK,ads.1,CES-D,full,MinMaxScaler,XGB,49,12,5,-0.0054,11.4699,16.4168,-0.0057,-1.1839,0.193
2,negative_training,CRADK,ads.1,CES-D,full,MinMaxScaler,MLP,49,12,5,-0.2202,12.7347,16.496,-0.2301,-1.205,-0.1439
2,negative_training,CRADK,ads.1,CES-D,full,MinMaxScaler,LGBM,49,12,5,-0.2708,11.6847,14.9183,-0.297,-0.8034,-0.1481
2,negative_training,CRADK,ads.1,CES-D,full,MinMaxScaler,CatBoost,49,12,5,0.0411,9.7849,13.9588,0.0431,-0.5789,0.2526
2,negative_training,CRADK,ads.1,CES-D,full,RobustScaler,Ridge,49,12,5,-0.2488,12.796,16.5011,-0.2579,-1.2064,-0.2035
2,negative_training,CRADK,ads.1,CES-D,full,RobustScaler,Lasso,49,12,5,-0.2281,11.7522,15.1417,-0.2477,-0.8578,-0.2
2,negative_training,CRADK,ads.1,CES-D,full,RobustScaler,ElasticNet,49,12,5,-0.2503,13.1849,16.8611,-0.2569,-1.3037,-0.2035
2,negative_training,CRADK,ads.1,CES-D,full,RobustScaler,SVR,49,12,5,-0.264,10.5414,14.7065,-0.3015,-0.7525,-0.0175
2,negative_training,CRADK,ads.1,CES-D,full,RobustScaler,KNN,49,12,5,-0.3348,11.7222,15.002,-0.3948,-0.8237,-0.2947
2,negative_training,CRADK,ads.1,CES-D,full,RobustScaler,RF,49,12,5,-0.1543,10.6943,14.3694,-0.1702,-0.6731,0.0351
2,negative_training,CRADK,ads.1,CES-D,full,RobustScaler,ET,49,12,5,-0.2072,11.8312,15.0277,-0.2187,-0.8299,-0.1123
2,negative_training,CRADK,ads.1,CES-D,full,RobustScaler,GB,49,12,5,-0.0231,11.0208,15.9047,-0.0248,-1.0497,0.2421
2,negative_training,CRADK,ads.1,CES-D,full,RobustScaler,XGB,49,12,5,-0.0788,12.522,17.3859,-0.088,-1.4493,0.0175
2,negative_training,CRADK,ads.1,CES-D,full,RobustScaler,MLP,49,12,5,-0.2362,14.0478,18.5331,-0.2382,-1.7832,-0.1789
2,negative_training,CRADK,ads.1,CES-D,full,RobustScaler,LGBM,49,12,5,-0.2817,11.2633,15.0288,-0.3075,-0.8302,-0.1199
2,negative_training,CRADK,ads.1,CES-D,full,RobustScaler,CatBoost,49,12,5,-0.0531,10.18,14.2245,-0.0584,-0.6396,0.2175
3,negative_training,CRADK,ads.1,CES-D,full,StandardScaler,Ridge,49,12,5,-0.0158,10.1473,12.343,-0.0175,-0.6194,-0.0947
3,negative_training,CRADK,ads.1,CES-D,full,StandardScaler,Lasso,49,12,5,-0.0049,10.1878,12.5736,-0.0054,-0.6805,-0.1404
3,negative_training,CRADK,ads.1,CES-D,full,StandardScaler,ElasticNet,49,12,5,-0.0147,10.1415,12.3654,-0.0163,-0.6253,-0.0947
3,negative_training,CRADK,ads.1,CES-D,full,StandardScaler,SVR,49,12,5,-0.044,9.9308,12.4969,-0.0459,-0.6601,0.1228
3,negative_training,CRADK,ads.1,CES-D,full,StandardScaler,KNN,49,12,5,0.0464,9.5651,11.8856,0.0549,-0.5016,-0.0123
3,negative_training,CRADK,ads.1,CES-D,full,StandardScaler,RF,49,12,5,0.0304,10.0256,11.7689,0.0362,-0.4723,0.0526
3,negative_training,CRADK,ads.1,CES-D,full,StandardScaler,ET,49,12,5,0.1472,9.3011,11.6646,0.1634,-0.4463,0.2877
3,negative_training,CRADK,ads.1,CES-D,full,StandardScaler,GB,49,12,5,0.0989,9.7995,12.9166,0.1077,-0.7734,0.2702
3,negative_training,CRADK,ads.1,CES-D,full,StandardScaler,XGB,49,12,5,0.088,10.2509,13.5421,0.095,-0.9493,0.1825
3,negative_training,CRADK,ads.1,CES-D,full,StandardScaler,MLP,49,12,5,0.0505,12.6413,15.9437,0.0564,-1.7021,0.0351
3,negative_training,CRADK,ads.1,CES-D,full,StandardScaler,LGBM,49,12,5,-0.0323,10.2354,11.9384,-0.036,-0.515,-0.0212
3,negative_training,CRADK,ads.1,CES-D,full,StandardScaler,CatBoost,49,12,5,0.0556,9.9721,12.1562,0.0608,-0.5708,0.0702
3,negative_training,CRADK,ads.1,CES-D,full,MinMaxScaler,Ridge,49,12,15,0.0192,10.8916,13.775,0.0216,-1.017,0.1333
3,negative_training,CRADK,ads.1,CES-D,full,MinMaxScaler,Lasso,49,12,15,-0.01,11.5596,14.3189,-0.0111,-1.1794,-0.0386
3,negative_training,CRADK,ads.1,CES-D,full,MinMaxScaler,ElasticNet,49,12,15,0.0173,10.236,13.049,0.0197,-0.81,0.0842
3,negative_training,CRADK,ads.1,CES-D,full,MinMaxScaler,SVR,49,12,15,0.0137,10.7204,12.6151,0.0151,-0.6916,0.1123
3,negative_training,CRADK,ads.1,CES-D,full,MinMaxScaler,KNN,49,12,15,-0.0664,13.3463,15.216,-0.0786,-1.4611,0.0931
3,negative_training,CRADK,ads.1,CES-D,full,MinMaxScaler,RF,49,12,15,0.047,9.7217,12.1295,0.063,-0.5639,0.0526
3,negative_training,CRADK,ads.1,CES-D,full,MinMaxScaler,ET,49,12,15,0.0354,9.6307,11.7488,0.0454,-0.4673,0.0982
3,negative_training,CRADK,ads.1,CES-D,full,MinMaxScaler,GB,49,12,15,0.1087,10.6771,13.1197,0.1357,-0.8297,0.1544
3,negative_training,CRADK,ads.1,CES-D,full,MinMaxScaler,XGB,49,12,15,0.0742,11.2957,14.4135,0.0871,-1.2083,0.1263
3,negative_training,CRADK,ads.1,CES-D,full,MinMaxScaler,MLP,49,12,15,-0.0281,11.5263,14.4874,-0.0313,-1.231,-0.014
3,negative_training,CRADK,ads.1,CES-D,full,MinMaxScaler,LGBM,49,12,15,0.0569,10.1657,12.5539,0.0664,-0.6752,-0.0035
3,negative_training,CRADK,ads.1,CES-D,full,MinMaxScaler,CatBoost,49,12,15,0.0745,10.0216,12.6674,0.0965,-0.7057,0.0807
3,negative_training,CRADK,ads.1,CES-D,full,RobustScaler,Ridge,49,12,10,-0.0435,11.0174,13.553,-0.0499,-0.9525,-0.0105
3,negative_training,CRADK,ads.1,CES-D,full,RobustScaler,Lasso,49,12,10,-0.0435,10.3549,12.6595,-0.0521,-0.7035,-0.0175
3,negative_training,CRADK,ads.1,CES-D,full,RobustScaler,ElasticNet,49,12,10,-0.051,11.76,14.3151,-0.0572,-1.1783,0.0702
3,negative_training,CRADK,ads.1,CES-D,full,RobustScaler,SVR,49,12,10,-0.1413,13.5122,15.5115,-0.151,-1.5576,-0.1193
3,negative_training,CRADK,ads.1,CES-D,full,RobustScaler,KNN,49,12,10,-0.2169,13.1578,14.9376,-0.2385,-1.3718,-0.186
3,negative_training,CRADK,ads.1,CES-D,full,RobustScaler,RF,49,12,10,-0.0284,10.9276,12.6853,-0.0341,-0.7105,-0.0912
3,negative_training,CRADK,ads.1,CES-D,full,RobustScaler,ET,49,12,10,0.0002,10.6167,12.5272,0.0003,-0.6681,-0.0211
3,negative_training,CRADK,ads.1,CES-D,full,RobustScaler,GB,49,12,10,0.0035,11.7011,14.3294,0.004,-1.1826,0.0877
3,negative_training,CRADK,ads.1,CES-D,full,RobustScaler,XGB,49,12,10,-0.0198,12.4377,14.6195,-0.0228,-1.2719,-0.1263
3,negative_training,CRADK,ads.1,CES-D,full,RobustScaler,MLP,49,12,10,-0.0415,13.0062,15.4886,-0.0462,-1.55,-0.0351
3,negative_training,CRADK,ads.1,CES-D,full,RobustScaler,LGBM,49,12,10,-0.0385,10.1407,11.8544,-0.0467,-0.4938,-0.1228
3,negative_training,CRADK,ads.1,CES-D,full,RobustScaler,CatBoost,49,12,10,-0.0483,11.3631,13.6497,-0.0556,-0.9805,-0.0421
4,negative_training,CRADK,ads.1,CES-D,full,StandardScaler,Ridge,49,12,5,-0.1618,12.6642,14.7955,-0.2101,-0.4758,-0.3608
4,negative_training,CRADK,ads.1,CES-D,full,StandardScaler,Lasso,49,12,5,-0.1652,12.6518,14.7678,-0.2171,-0.4703,-0.3608
4,negative_training,CRADK,ads.1,CES-D,full,StandardScaler,ElasticNet,49,12,5,-0.1773,12.618,14.6967,-0.2433,-0.4561,-0.4098
4,negative_training,CRADK,ads.1,CES-D,full,StandardScaler,SVR,49,12,5,-0.0854,11.6149,13.9286,-0.1367,-0.3079,-0.1366
4,negative_training,CRADK,ads.1,CES-D,full,StandardScaler,KNN,49,12,5,-0.1638,11.4078,14.2083,-0.2909,-0.361,-0.2193
4,negative_training,CRADK,ads.1,CES-D,full,StandardScaler,RF,49,12,5,-0.1264,11.5029,14.1372,-0.1937,-0.3474,0.014
4,negative_training,CRADK,ads.1,CES-D,full,StandardScaler,ET,49,12,5,-0.2313,12.4242,15.8936,-0.308,-0.703,-0.2557
4,negative_training,CRADK,ads.1,CES-D,full,StandardScaler,GB,49,12,5,-0.2364,13.8223,17.6635,-0.2743,-1.1034,-0.1191
4,negative_training,CRADK,ads.1,CES-D,full,StandardScaler,XGB,49,12,5,-0.2505,13.5859,17.3499,-0.2894,-1.0293,-0.0595
4,negative_training,CRADK,ads.1,CES-D,full,StandardScaler,MLP,49,12,5,-0.1763,12.3562,14.1741,-0.2618,-0.3544,-0.3012
4,negative_training,CRADK,ads.1,CES-D,full,StandardScaler,LGBM,49,12,5,-0.2161,12.2624,14.5355,-0.401,-0.4244,-0.3572
4,negative_training,CRADK,ads.1,CES-D,full,StandardScaler,CatBoost,49,12,5,-0.1431,11.4251,15.3145,-0.2213,-0.5811,-0.2032
4,negative_training,CRADK,ads.1,CES-D,full,MinMaxScaler,Ridge,49,12,5,-0.207,12.0877,13.7298,-0.6091,-0.2708,-0.704
4,negative_training,CRADK,ads.1,CES-D,full,MinMaxScaler,Lasso,49,12,5,-0.2228,12.265,13.9203,-0.5805,-0.3063,-0.62
4,negative_training,CRADK,ads.1,CES-D,full,MinMaxScaler,ElasticNet,49,12,5,-0.2263,12.2677,13.9258,-0.6009,-0.3074,-0.62
4,negative_training,CRADK,ads.1,CES-D,full,MinMaxScaler,SVR,49,12,5,-0.3098,12.9647,14.6045,-0.5603,-0.4379,-0.6235
4,negative_training,CRADK,ads.1,CES-D,full,MinMaxScaler,KNN,49,12,5,0.0218,10.7778,13.6673,0.0308,-0.2593,0.0808
4,negative_training,CRADK,ads.1,CES-D,full,MinMaxScaler,RF,49,12,5,-0.2579,13.3957,14.7244,-0.377,-0.4616,-0.4623
4,negative_training,CRADK,ads.1,CES-D,full,MinMaxScaler,ET,49,12,5,-0.319,14.5169,15.696,-0.4038,-0.6609,-0.4273
4,negative_training,CRADK,ads.1,CES-D,full,MinMaxScaler,GB,49,12,5,-0.2416,14.2272,16.3885,-0.2822,-0.8107,-0.1821
4,negative_training,CRADK,ads.1,CES-D,full,MinMaxScaler,XGB,49,12,5,-0.3047,15.0813,17.9408,-0.3452,-1.1699,-0.3328
4,negative_training,CRADK,ads.1,CES-D,full,MinMaxScaler,MLP,49,12,5,-0.287,12.6368,14.3827,-0.6403,-0.3946,-0.6725
4,negative_training,CRADK,ads.1,CES-D,full,MinMaxScaler,LGBM,49,12,5,-0.1338,12.023,13.6634,-0.2374,-0.2586,-0.2676
4,negative_training,CRADK,ads.1,CES-D,full,MinMaxScaler,CatBoost,49,12,5,-0.2727,13.6252,15.2,-0.3547,-0.5576,-0.3117
4,negative_training,CRADK,ads.1,CES-D,full,RobustScaler,Ridge,49,12,5,-0.1621,12.6629,14.7926,-0.2107,-0.4752,-0.3608
4,negative_training,CRADK,ads.1,CES-D,full,RobustScaler,Lasso,49,12,5,-0.1656,12.6484,14.7615,-0.2181,-0.469,-0.3608
4,negative_training,CRADK,ads.1,CES-D,full,RobustScaler,ElasticNet,49,12,5,-0.1794,12.6054,14.6756,-0.2488,-0.4519,-0.4308
4,negative_training,CRADK,ads.1,CES-D,full,RobustScaler,SVR,49,12,5,-0.1726,11.9858,14.4847,-0.2813,-0.4144,-0.1576
4,negative_training,CRADK,ads.1,CES-D,full,RobustScaler,KNN,49,12,5,-0.1213,11.0714,13.8758,-0.2048,-0.298,-0.2872
4,negative_training,CRADK,ads.1,CES-D,full,RobustScaler,RF,49,12,5,-0.1282,11.5184,14.1456,-0.1967,-0.349,0.014
4,negative_training,CRADK,ads.1,CES-D,full,RobustScaler,ET,49,12,5,-0.2313,12.4242,15.8936,-0.308,-0.703,-0.2557
4,negative_training,CRADK,ads.1,CES-D,full,RobustScaler,GB,49,12,5,-0.2364,13.8223,17.6635,-0.2743,-1.1034,-0.1191
4,negative_training,CRADK,ads.1,CES-D,full,RobustScaler,XGB,49,12,5,-0.2505,13.5859,17.3499,-0.2894,-1.0293,-0.0595
4,negative_training,CRADK,ads.1,CES-D,full,RobustScaler,MLP,49,12,5,-0.2691,13.0998,15.1899,-0.3603,-0.5555,-0.4483
4,negative_training,CRADK,ads.1,CES-D,full,RobustScaler,LGBM,49,12,5,-0.2192,12.3554,14.7449,-0.3846,-0.4657,-0.3914
4,negative_training,CRADK,ads.1,CES-D,full,RobustScaler,CatBoost,49,12,5,-0.1431,11.4251,15.3145,-0.2213,-0.5811,-0.2032
5,negative_training,CRADK,ads.1,CES-D,full,StandardScaler,Ridge,49,12,10,0.1701,10.1397,12.4779,0.2291,-0.0125,-0.021
5,negative_training,CRADK,ads.1,CES-D,full,StandardScaler,Lasso,49,12,10,0.1287,10.0511,12.188,0.2186,0.034,0.2032
5,negative_training,CRADK,ads.1,CES-D,full,StandardScaler,ElasticNet,49,12,10,0.1587,10.0988,12.2689,0.234,0.0211,0.1401
5,negative_training,CRADK,ads.1,CES-D,full,StandardScaler,SVR,49,12,10,-0.0313,13.5792,15.8389,-0.0364,-0.6315,0.056
5,negative_training,CRADK,ads.1,CES-D,full,StandardScaler,KNN,49,12,10,0.0899,11.2293,13.4715,0.1085,-0.1802,0.2354
5,negative_training,CRADK,ads.1,CES-D,full,StandardScaler,RF,49,12,10,0.0883,10.6593,13.0241,0.1205,-0.1031,0.1961
5,negative_training,CRADK,ads.1,CES-D,full,StandardScaler,ET,49,12,10,-0.1795,12.5372,15.7369,-0.2029,-0.6105,-0.2137
5,negative_training,CRADK,ads.1,CES-D,full,StandardScaler,GB,49,12,10,-0.1593,12.4912,15.1864,-0.1904,-0.4998,-0.2561
5,negative_training,CRADK,ads.1,CES-D,full,StandardScaler,XGB,49,12,10,0.0465,10.9642,13.283,0.0621,-0.1474,0.1625
5,negative_training,CRADK,ads.1,CES-D,full,StandardScaler,MLP,49,12,10,0.1869,9.8402,12.0012,0.2922,0.0634,0.2277
5,negative_training,CRADK,ads.1,CES-D,full,StandardScaler,LGBM,49,12,10,-0.1189,11.5133,14.0937,-0.1747,-0.2917,-0.3824
5,negative_training,CRADK,ads.1,CES-D,full,StandardScaler,CatBoost,49,12,10,0.0664,11.0,12.9446,0.0991,-0.0897,0.0455
5,negative_training,CRADK,ads.1,CES-D,full,MinMaxScaler,Ridge,49,12,15,0.1327,10.0586,12.172,0.2237,0.0365,0.2032
5,negative_training,CRADK,ads.1,CES-D,full,MinMaxScaler,Lasso,49,12,15,0.119,9.9351,12.1568,0.2186,0.0389,0.2032
5,negative_training,CRADK,ads.1,CES-D,full,MinMaxScaler,ElasticNet,49,12,15,0.1304,10.0491,12.1722,0.2221,0.0365,0.2242
5,negative_training,CRADK,ads.1,CES-D,full,MinMaxScaler,SVR,49,12,15,-0.0344,13.6051,15.9274,-0.0399,-0.6497,0.056
5,negative_training,CRADK,ads.1,CES-D,full,MinMaxScaler,KNN,49,12,15,0.0677,11.3603,13.6089,0.0824,-0.2044,0.2067
5,negative_training,CRADK,ads.1,CES-D,full,MinMaxScaler,RF,49,12,15,0.1023,10.6262,12.8896,0.1434,-0.0805,0.207
5,negative_training,CRADK,ads.1,CES-D,full,MinMaxScaler,ET,49,12,15,-0.0964,12.3322,14.9419,-0.1122,-0.4519,-0.0911
5,negative_training,CRADK,ads.1,CES-D,full,MinMaxScaler,GB,49,12,15,-0.0867,12.1263,14.5439,-0.107,-0.3756,-0.1263
5,negative_training,CRADK,ads.1,CES-D,full,MinMaxScaler,XGB,49,12,15,0.0249,11.2597,13.4456,0.0332,-0.1757,0.0212
5,negative_training,CRADK,ads.1,CES-D,full,MinMaxScaler,MLP,49,12,15,0.1765,10.8536,12.6961,0.2193,-0.0482,0.2242
5,negative_training,CRADK,ads.1,CES-D,full,MinMaxScaler,LGBM,49,12,15,0.094,10.6848,12.7261,0.1364,-0.0532,0.0719
5,negative_training,CRADK,ads.1,CES-D,full,MinMaxScaler,CatBoost,49,12,15,0.0805,10.973,12.7726,0.1236,-0.0609,0.1436
5,negative_training,CRADK,ads.1,CES-D,full,RobustScaler,Ridge,49,12,10,0.1648,10.1137,12.3385,0.2335,0.01,0.0525
5,negative_training,CRADK,ads.1,CES-D,full,RobustScaler,Lasso,49,12,10,0.1279,10.0411,12.1849,0.2186,0.0345,0.2032
5,negative_training,CRADK,ads.1,CES-D,full,RobustScaler,ElasticNet,49,12,10,0.157,10.1024,12.277,0.2319,0.0198,0.1401
5,negative_training,CRADK,ads.1,CES-D,full,RobustScaler,SVR,49,12,10,-0.0309,13.5718,15.8321,-0.0359,-0.6301,0.056
5,negative_training,CRADK,ads.1,CES-D,full,RobustScaler,KNN,49,12,10,0.0899,11.2293,13.4715,0.1085,-0.1802,0.2354
5,negative_training,CRADK,ads.1,CES-D,full,RobustScaler,RF,49,12,10,0.0883,10.6593,13.0241,0.1205,-0.1031,0.1961
5,negative_training,CRADK,ads.1,CES-D,full,RobustScaler,ET,49,12,10,-0.1795,12.5372,15.7369,-0.2029,-0.6105,-0.2137
5,negative_training,CRADK,ads.1,CES-D,full,RobustScaler,GB,49,12,10,-0.1593,12.4912,15.1864,-0.1904,-0.4998,-0.2561
5,negative_training,CRADK,ads.1,CES-D,full,RobustScaler,XGB,49,12,10,0.0465,10.9642,13.283,0.0621,-0.1474,0.1625
5,negative_training,CRADK,ads.1,CES-D,full,RobustScaler,MLP,49,12,10,0.1802,9.9695,12.0584,0.2794,0.0544,0.2487
5,negative_training,CRADK,ads.1,CES-D,full,RobustScaler,LGBM,49,12,10,0.1215,10.5473,12.5567,0.1746,-0.0254,0.1717
5,negative_training,CRADK,ads.1,CES-D,full,RobustScaler,CatBoost,49,12,10,0.0664,11.0,12.9446,0.0991,-0.0897,0.0455
1,negative_training,CRADK,HRSD_6.1,HRSD6,full,StandardScaler,Ridge,48,12,5,0.0692,3.9144,4.5524,0.1853,0.032,0.0351
1,negative_training,CRADK,HRSD_6.1,HRSD6,full,StandardScaler,Lasso,48,12,5,0.0958,3.8957,4.6168,0.1663,0.0044,0.0668
1,negative_training,CRADK,HRSD_6.1,HRSD6,full,StandardScaler,ElasticNet,48,12,5,0.0963,3.8648,4.5192,0.22,0.0461,0.0668
1,negative_training,CRADK,HRSD_6.1,HRSD6,full,StandardScaler,SVR,48,12,5,0.2131,3.7877,4.9068,0.2329,-0.1246,0.2039
1,negative_training,CRADK,HRSD_6.1,HRSD6,full,StandardScaler,KNN,48,12,5,0.1295,4.05,4.979,0.1541,-0.1579,0.1898
1,negative_training,CRADK,HRSD_6.1,HRSD6,full,StandardScaler,RF,48,12,5,0.1983,3.7574,4.6309,0.2492,-0.0016,0.1652
1,negative_training,CRADK,HRSD_6.1,HRSD6,full,StandardScaler,ET,48,12,5,0.1037,4.0194,4.8945,0.1299,-0.1189,0.0351
1,negative_training,CRADK,HRSD_6.1,HRSD6,full,StandardScaler,GB,48,12,5,0.3884,3.7681,4.4424,0.411,0.0782,0.3691
1,negative_training,CRADK,HRSD_6.1,HRSD6,full,StandardScaler,XGB,48,12,5,0.3842,3.6452,4.2629,0.4308,0.1512,0.4007
1,negative_training,CRADK,HRSD_6.1,HRSD6,full,StandardScaler,MLP,48,12,5,0.2085,3.6349,4.6528,0.2529,-0.0112,0.109
1,negative_training,CRADK,HRSD_6.1,HRSD6,full,StandardScaler,LGBM,48,12,5,0.3594,3.5021,4.2988,0.4108,0.1369,0.3192
1,negative_training,CRADK,HRSD_6.1,HRSD6,full,StandardScaler,CatBoost,48,12,5,0.2329,3.9835,4.6071,0.2783,0.0086,0.2179
1,negative_training,CRADK,HRSD_6.1,HRSD6,full,MinMaxScaler,Ridge,48,12,5,0.1283,3.8157,4.4726,0.2594,0.0656,0.1195
1,negative_training,CRADK,HRSD_6.1,HRSD6,full,MinMaxScaler,Lasso,48,12,5,0.1666,3.7333,4.4554,0.2784,0.0728,0.1933
1,negative_training,CRADK,HRSD_6.1,HRSD6,full,MinMaxScaler,ElasticNet,48,12,5,0.0713,3.9371,4.5126,0.2403,0.0488,0.1195
1,negative_training,CRADK,HRSD_6.1,HRSD6,full,MinMaxScaler,SVR,48,12,5,0.1468,4.0871,5.3306,0.1534,-0.3272,0.1968
1,negative_training,CRADK,HRSD_6.1,HRSD6,full,MinMaxScaler,KNN,48,12,5,0.1564,3.7667,4.818,0.1883,-0.0842,0.2134
1,negative_training,CRADK,HRSD_6.1,HRSD6,full,MinMaxScaler,RF,48,12,5,0.1993,3.7309,4.5552,0.2675,0.0308,0.2039
1,negative_training,CRADK,HRSD_6.1,HRSD6,full,MinMaxScaler,ET,48,12,5,0.0949,4.2156,4.8968,0.1208,-0.12,0.0527
1,negative_training,CRADK,HRSD_6.1,HRSD6,full,MinMaxScaler,GB,48,12,5,0.3626,3.8984,4.3818,0.402,0.1032,0.3585
1,negative_training,CRADK,HRSD_6.1,HRSD6,full,MinMaxScaler,XGB,48,12,5,0.4112,3.7286,4.2938,0.4423,0.1388,0.3902
1,negative_training,CRADK,HRSD_6.1,HRSD6,full,MinMaxScaler,MLP,48,12,5,0.1947,3.6656,4.4656,0.2849,0.0686,0.1968
1,negative_training,CRADK,HRSD_6.1,HRSD6,full,MinMaxScaler,LGBM,48,12,5,0.3171,3.7684,4.4139,0.3677,0.09,0.3137
1,negative_training,CRADK,HRSD_6.1,HRSD6,full,MinMaxScaler,CatBoost,48,12,5,0.2991,4.0518,4.6029,0.3294,0.0104,0.1722
1,negative_training,CRADK,HRSD_6.1,HRSD6,full,RobustScaler,Ridge,48,12,5,0.0756,3.9057,4.5328,0.2089,0.0403,0.0211
1,negative_training,CRADK,HRSD_6.1,HRSD6,full,RobustScaler,Lasso,48,12,5,0.0965,3.8939,4.6148,0.1676,0.0053,0.0668
1,negative_training,CRADK,HRSD_6.1,HRSD6,full,RobustScaler,ElasticNet,48,12,5,0.0989,3.8619,4.5052,0.2346,0.052,0.0351
1,negative_training,CRADK,HRSD_6.1,HRSD6,full,RobustScaler,SVR,48,12,5,0.0983,3.8588,4.6468,0.1706,-0.0085,0.0633
1,negative_training,CRADK,HRSD_6.1,HRSD6,full,RobustScaler,KNN,48,12,5,0.1923,3.8667,4.8056,0.2251,-0.0786,0.0562
1,negative_training,CRADK,HRSD_6.1,HRSD6,full,RobustScaler,RF,48,12,5,0.1983,3.7574,4.6309,0.2492,-0.0016,0.1652
1,negative_training,CRADK,HRSD_6.1,HRSD6,full,RobustScaler,ET,48,12,5,0.1037,4.0194,4.8945,0.1299,-0.1189,0.0351
1,negative_training,CRADK,HRSD_6.1,HRSD6,full,RobustScaler,GB,48,12,5,0.3884,3.7681,4.4424,0.411,0.0782,0.3691
1,negative_training,CRADK,HRSD_6.1,HRSD6,full,RobustScaler,XGB,48,12,5,0.3842,3.6452,4.2629,0.4308,0.1512,0.4007
1,negative_training,CRADK,HRSD_6.1,HRSD6,full,RobustScaler,MLP,48,12,5,0.1579,3.6925,4.797,0.195,-0.0748,0.0387
1,negative_training,CRADK,HRSD_6.1,HRSD6,full,RobustScaler,LGBM,48,12,5,0.3455,3.4957,4.3412,0.3957,0.1198,0.3192
1,negative_training,CRADK,HRSD_6.1,HRSD6,full,RobustScaler,CatBoost,48,12,5,0.2329,3.9835,4.6071,0.2783,0.0086,0.2179
2,negative_training,CRADK,HRSD_6.1,HRSD6,full,StandardScaler,Ridge,48,12,10,0.2615,4.0416,5.3806,0.3904,-0.2668,0.4974
2,negative_training,CRADK,HRSD_6.1,HRSD6,full,StandardScaler,Lasso,48,12,10,0.2463,4.1091,5.4447,0.364,-0.2971,0.448
2,negative_training,CRADK,HRSD_6.1,HRSD6,full,StandardScaler,ElasticNet,48,12,10,0.2467,4.1429,5.46,0.3443,-0.3044,0.4127
2,negative_training,CRADK,HRSD_6.1,HRSD6,full,StandardScaler,SVR,48,12,10,0.0363,4.0416,5.6057,0.0851,-0.375,0.2116
2,negative_training,CRADK,HRSD_6.1,HRSD6,full,StandardScaler,KNN,48,12,10,0.1249,3.8148,5.2348,0.2427,-0.1991,0.2751
2,negative_training,CRADK,HRSD_6.1,HRSD6,full,StandardScaler,RF,48,12,10,0.2294,3.8298,5.0552,0.3387,-0.1182,0.3245
2,negative_training,CRADK,HRSD_6.1,HRSD6,full,StandardScaler,ET,48,12,10,0.2591,3.7142,5.0958,0.4161,-0.1362,0.2928
2,negative_training,CRADK,HRSD_6.1,HRSD6,full,StandardScaler,GB,48,12,10,0.2801,4.2457,5.1666,0.3105,-0.168,0.2716
2,negative_training,CRADK,HRSD_6.1,HRSD6,full,StandardScaler,XGB,48,12,10,0.1896,4.4932,5.5554,0.209,-0.3504,0.2434
2,negative_training,CRADK,HRSD_6.1,HRSD6,full,StandardScaler,MLP,48,12,10,0.384,4.2391,5.2813,0.4485,-0.2204,0.4903
2,negative_training,CRADK,HRSD_6.1,HRSD6,full,StandardScaler,LGBM,48,12,10,0.1004,3.836,5.3267,0.1774,-0.2415,0.1505
2,negative_training,CRADK,HRSD_6.1,HRSD6,full,StandardScaler,CatBoost,48,12,10,0.1889,3.9356,5.2197,0.2553,-0.1921,0.2434
2,negative_training,CRADK,HRSD_6.1,HRSD6,full,MinMaxScaler,Ridge,48,12,10,0.192,4.2627,5.5327,0.261,-0.3394,0.3915
2,negative_training,CRADK,HRSD_6.1,HRSD6,full,MinMaxScaler,Lasso,48,12,10,0.2121,4.3985,5.6093,0.2757,-0.3767,0.3915
2,negative_training,CRADK,HRSD_6.1,HRSD6,full,MinMaxScaler,ElasticNet,48,12,10,0.1982,4.3672,5.6205,0.2626,-0.3822,0.3915
2,negative_training,CRADK,HRSD_6.1,HRSD6,full,MinMaxScaler,SVR,48,12,10,0.1531,4.1478,5.6362,0.2465,-0.39,0.3915
2,negative_training,CRADK,HRSD_6.1,HRSD6,full,MinMaxScaler,KNN,48,12,10,0.1014,3.8571,5.4604,0.1694,-0.3046,0.4425
2,negative_training,CRADK,HRSD_6.1,HRSD6,full,MinMaxScaler,RF,48,12,10,0.2021,3.7457,5.0635,0.2786,-0.1219,0.321
2,negative_training,CRADK,HRSD_6.1,HRSD6,full,MinMaxScaler,ET,48,12,10,0.2504,4.1933,5.1966,0.2947,-0.1816,0.3281
2,negative_training,CRADK,HRSD_6.1,HRSD6,full,MinMaxScaler,GB,48,12,10,0.3614,4.2702,4.9076,0.3836,-0.0538,0.4797
2,negative_training,CRADK,HRSD_6.1,HRSD6,full,MinMaxScaler,XGB,48,12,10,0.167,4.5079,5.5753,0.1812,-0.3601,0.2646
2,negative_training,CRADK,HRSD_6.1,HRSD6,full,MinMaxScaler,MLP,48,12,10,0.1829,4.2454,5.5094,0.2519,-0.3281,0.2787
2,negative_training,CRADK,HRSD_6.1,HRSD6,full,MinMaxScaler,LGBM,48,12,10,0.0948,3.844,5.3645,0.1736,-0.2592,0.2758
2,negative_training,CRADK,HRSD_6.1,HRSD6,full,MinMaxScaler,CatBoost,48,12,10,0.1823,4.0099,5.1873,0.2291,-0.1774,0.2646
2,negative_training,CRADK,HRSD_6.1,HRSD6,full,RobustScaler,Ridge,48,12,10,0.2465,4.0998,5.458,0.3745,-0.3035,0.448
2,negative_training,CRADK,HRSD_6.1,HRSD6,full,RobustScaler,Lasso,48,12,10,0.2469,4.1019,5.4401,0.3665,-0.2949,0.448
2,negative_training,CRADK,HRSD_6.1,HRSD6,full,RobustScaler,ElasticNet,48,12,10,0.247,4.1402,5.4595,0.3477,-0.3042,0.4304
2,negative_training,CRADK,HRSD_6.1,HRSD6,full,RobustScaler,SVR,48,12,10,0.0643,4.0235,5.6141,0.1481,-0.3791,0.2716
2,negative_training,CRADK,HRSD_6.1,HRSD6,full,RobustScaler,KNN,48,12,10,0.171,4.0119,5.3176,0.2372,-0.2373,0.3845
2,negative_training,CRADK,HRSD_6.1,HRSD6,full,RobustScaler,RF,48,12,10,0.1897,4.0967,5.3756,0.2954,-0.2644,0.3774
2,negative_training,CRADK,HRSD_6.1,HRSD6,full,RobustScaler,ET,48,12,10,0.2214,4.1042,5.4131,0.3434,-0.2821,0.3633
2,negative_training,CRADK,HRSD_6.1,HRSD6,full,RobustScaler,GB,48,12,10,0.3332,3.6747,4.8121,0.4066,-0.0132,0.4797
2,negative_training,CRADK,HRSD_6.1,HRSD6,full,RobustScaler,XGB,48,12,10,0.2699,3.6926,5.0539,0.3782,-0.1176,0.4409
2,negative_training,CRADK,HRSD_6.1,HRSD6,full,RobustScaler,MLP,48,12,10,0.3467,4.4141,5.3749,0.3977,-0.2641,0.4339
2,negative_training,CRADK,HRSD_6.1,HRSD6,full,RobustScaler,LGBM,48,12,10,0.1338,3.8808,5.3043,0.2368,-0.2311,0.2437
2,negative_training,CRADK,HRSD_6.1,HRSD6,full,RobustScaler,CatBoost,48,12,10,0.1409,4.1642,5.4559,0.2257,-0.3025,0.3104
3,negative_training,CRADK,HRSD_6.1,HRSD6,full,StandardScaler,Ridge,48,12,5,-0.0152,4.179,5.1144,-0.0169,-0.4252,0.007
3,negative_training,CRADK,HRSD_6.1,HRSD6,full,StandardScaler,Lasso,48,12,5,-0.0422,4.3766,5.4644,-0.044,-0.6269,-0.0141
3,negative_training,CRADK,HRSD_6.1,HRSD6,full,StandardScaler,ElasticNet,48,12,5,-0.0416,4.3314,5.4032,-0.0437,-0.5906,-0.0035
3,negative_training,CRADK,HRSD_6.1,HRSD6,full,StandardScaler,SVR,48,12,5,-0.0597,3.805,4.6456,-0.1102,-0.1758,-0.0775
3,negative_training,CRADK,HRSD_6.1,HRSD6,full,StandardScaler,KNN,48,12,5,0.0113,4.05,4.8336,0.0165,-0.2729,-0.0246
3,negative_training,CRADK,HRSD_6.1,HRSD6,full,StandardScaler,RF,48,12,5,-0.1969,4.3583,5.3254,-0.2518,-0.5451,-0.2078
3,negative_training,CRADK,HRSD_6.1,HRSD6,full,StandardScaler,ET,48,12,5,-0.0875,4.31,5.0319,-0.1117,-0.3795,-0.1268
3,negative_training,CRADK,HRSD_6.1,HRSD6,full,StandardScaler,GB,48,12,5,-0.0831,4.9909,5.9686,-0.0862,-0.941,-0.081
3,negative_training,CRADK,HRSD_6.1,HRSD6,full,StandardScaler,XGB,48,12,5,-0.237,5.2594,6.4372,-0.2465,-1.2577,-0.2711
3,negative_training,CRADK,HRSD_6.1,HRSD6,full,StandardScaler,MLP,48,12,5,0.0633,4.7287,6.2269,0.0637,-1.1126,-0.0528
3,negative_training,CRADK,HRSD_6.1,HRSD6,full,StandardScaler,LGBM,48,12,5,0.0911,3.474,4.5263,0.1283,-0.1162,0.1646
3,negative_training,CRADK,HRSD_6.1,HRSD6,full,StandardScaler,CatBoost,48,12,5,-0.2434,4.5964,5.788,-0.2796,-0.8252,-0.2183
3,negative_training,CRADK,HRSD_6.1,HRSD6,full,MinMaxScaler,Ridge,48,12,10,-0.0002,4.2587,5.1392,-0.0002,-0.439,-0.0176
3,negative_training,CRADK,HRSD_6.1,HRSD6,full,MinMaxScaler,Lasso,48,12,10,-0.0112,4.2941,5.2022,-0.0121,-0.4745,-0.0176
3,negative_training,CRADK,HRSD_6.1,HRSD6,full,MinMaxScaler,ElasticNet,48,12,10,-0.0031,4.1779,4.9965,-0.0036,-0.3602,-0.0775
3,negative_training,CRADK,HRSD_6.1,HRSD6,full,MinMaxScaler,SVR,48,12,10,0.0304,4.0033,5.0197,0.0334,-0.3728,0.0599
3,negative_training,CRADK,HRSD_6.1,HRSD6,full,MinMaxScaler,KNN,48,12,10,-0.168,4.2024,5.2504,-0.204,-0.5019,-0.0529
3,negative_training,CRADK,HRSD_6.1,HRSD6,full,MinMaxScaler,RF,48,12,10,-0.1193,4.2662,5.2043,-0.1569,-0.4757,-0.1232
3,negative_training,CRADK,HRSD_6.1,HRSD6,full,MinMaxScaler,ET,48,12,10,-0.0778,4.4325,5.2195,-0.0895,-0.4843,-0.2641
3,negative_training,CRADK,HRSD_6.1,HRSD6,full,MinMaxScaler,GB,48,12,10,-0.0849,4.6377,5.6626,-0.0963,-0.747,-0.0106
3,negative_training,CRADK,HRSD_6.1,HRSD6,full,MinMaxScaler,XGB,48,12,10,-0.2088,5.0416,6.3165,-0.2557,-1.1738,-0.1901
3,negative_training,CRADK,HRSD_6.1,HRSD6,full,MinMaxScaler,MLP,48,12,10,0.0128,4.3593,5.24,0.0135,-0.496,-0.1972
3,negative_training,CRADK,HRSD_6.1,HRSD6,full,MinMaxScaler,LGBM,48,12,10,0.0571,3.7568,4.525,0.0822,-0.1156,-0.0673
3,negative_training,CRADK,HRSD_6.1,HRSD6,full,MinMaxScaler,CatBoost,48,12,10,-0.0871,4.5433,5.5714,-0.1008,-0.6912,0.0352
3,negative_training,CRADK,HRSD_6.1,HRSD6,full,RobustScaler,Ridge,48,12,15,0.0464,3.9859,4.8337,0.0541,-0.273,0.0634
3,negative_training,CRADK,HRSD_6.1,HRSD6,full,RobustScaler,Lasso,48,12,15,0.0061,4.1673,5.1347,0.0066,-0.4365,-0.0141
3,negative_training,CRADK,HRSD_6.1,HRSD6,full,RobustScaler,ElasticNet,48,12,15,0.0255,4.0925,5.0679,0.0279,-0.3993,0.0423
3,negative_training,CRADK,HRSD_6.1,HRSD6,full,RobustScaler,SVR,48,12,15,-0.066,4.243,5.1464,-0.093,-0.443,-0.0317
3,negative_training,CRADK,HRSD_6.1,HRSD6,full,RobustScaler,KNN,48,12,15,-0.0871,4.0952,5.1077,-0.123,-0.4214,-0.2191
3,negative_training,CRADK,HRSD_6.1,HRSD6,full,RobustScaler,RF,48,12,15,-0.0181,4.2104,5.0806,-0.0235,-0.4064,0.1268
3,negative_training,CRADK,HRSD_6.1,HRSD6,full,RobustScaler,ET,48,12,15,-0.0415,4.3683,5.3026,-0.0503,-0.532,-0.1514
3,negative_training,CRADK,HRSD_6.1,HRSD6,full,RobustScaler,GB,48,12,15,-0.1332,4.5761,5.4993,-0.1775,-0.6477,0.0317
3,negative_training,CRADK,HRSD_6.1,HRSD6,full,RobustScaler,XGB,48,12,15,-0.0983,5.1684,5.7749,-0.1148,-0.817,-0.0176
3,negative_training,CRADK,HRSD_6.1,HRSD6,full,RobustScaler,MLP,48,12,15,0.1049,4.4688,6.1215,0.106,-1.0416,0.1831
3,negative_training,CRADK,HRSD_6.1,HRSD6,full,RobustScaler,LGBM,48,12,15,0.2287,3.2869,4.1808,0.3418,0.0477,0.2014
3,negative_training,CRADK,HRSD_6.1,HRSD6,full,RobustScaler,CatBoost,48,12,15,-0.0481,4.4113,5.1409,-0.0627,-0.4399,0.0599
4,negative_training,CRADK,HRSD_6.1,HRSD6,full,StandardScaler,Ridge,48,12,5,0.1346,4.6293,5.0421,0.2028,-0.0886,0.2837
4,negative_training,CRADK,HRSD_6.1,HRSD6,full,StandardScaler,Lasso,48,12,5,0.1254,4.6266,5.0073,0.1963,-0.0736,0.2837
4,negative_training,CRADK,HRSD_6.1,HRSD6,full,StandardScaler,ElasticNet,48,12,5,0.1328,4.5969,4.9868,0.2093,-0.0648,0.305
4,negative_training,CRADK,HRSD_6.1,HRSD6,full,StandardScaler,SVR,48,12,5,0.1002,4.4811,4.7843,0.1919,0.0199,0.227
4,negative_training,CRADK,HRSD_6.1,HRSD6,full,StandardScaler,KNN,48,12,5,0.1996,4.4048,5.0037,0.2648,-0.0721,0.3274
4,negative_training,CRADK,HRSD_6.1,HRSD6,full,StandardScaler,RF,48,12,5,0.3948,3.66,4.2838,0.5737,0.2142,0.5036
4,negative_training,CRADK,HRSD_6.1,HRSD6,full,StandardScaler,ET,48,12,5,0.3258,4.1567,4.5819,0.4403,0.1011,0.4256
4,negative_training,CRADK,HRSD_6.1,HRSD6,full,StandardScaler,GB,48,12,5,0.4594,3.8783,4.2555,0.5888,0.2246,0.4894
4,negative_training,CRADK,HRSD_6.1,HRSD6,full,StandardScaler,XGB,48,12,5,0.4049,4.3582,4.721,0.5006,0.0457,0.4965
4,negative_training,CRADK,HRSD_6.1,HRSD6,full,StandardScaler,MLP,48,12,5,0.1828,4.525,5.0021,0.2723,-0.0714,0.3759
4,negative_training,CRADK,HRSD_6.1,HRSD6,full,StandardScaler,LGBM,48,12,5,0.3914,3.6468,4.3562,0.4737,0.1874,0.5259
4,negative_training,CRADK,HRSD_6.1,HRSD6,full,StandardScaler,CatBoost,48,12,5,0.3148,3.9261,4.4823,0.4881,0.1397,0.4823
4,negative_training,CRADK,HRSD_6.1,HRSD6,full,MinMaxScaler,Ridge,48,12,15,0.1157,4.6889,5.0619,0.1742,-0.0972,0.1986
4,negative_training,CRADK,HRSD_6.1,HRSD6,full,MinMaxScaler,Lasso,48,12,15,0.1177,4.6839,5.0663,0.178,-0.099,0.2412
4,negative_training,CRADK,HRSD_6.1,HRSD6,full,MinMaxScaler,ElasticNet,48,12,15,0.1235,4.649,5.0174,0.1909,-0.0779,0.2199
4,negative_training,CRADK,HRSD_6.1,HRSD6,full,MinMaxScaler,SVR,48,12,15,0.3412,4.3678,5.3126,0.3918,-0.2085,0.3901
4,negative_training,CRADK,HRSD_6.1,HRSD6,full,MinMaxScaler,KNN,48,12,15,0.1494,4.6481,5.1374,0.1929,-0.1301,0.2562
4,negative_training,CRADK,HRSD_6.1,HRSD6,full,MinMaxScaler,RF,48,12,15,0.3589,3.7843,4.3259,0.4939,0.1987,0.4823
4,negative_training,CRADK,HRSD_6.1,HRSD6,full,MinMaxScaler,ET,48,12,15,0.454,3.4892,4.0263,0.5767,0.3059,0.6455
4,negative_training,CRADK,HRSD_6.1,HRSD6,full,MinMaxScaler,GB,48,12,15,0.3371,3.9058,4.6084,0.3985,0.0906,0.4965
4,negative_training,CRADK,HRSD_6.1,HRSD6,full,MinMaxScaler,XGB,48,12,15,0.3629,3.7768,4.434,0.4455,0.1582,0.4469
4,negative_training,CRADK,HRSD_6.1,HRSD6,full,MinMaxScaler,MLP,48,12,15,0.1335,4.6569,5.0273,0.2159,-0.0822,0.2057
4,negative_training,CRADK,HRSD_6.1,HRSD6,full,MinMaxScaler,LGBM,48,12,15,0.402,3.5718,4.332,0.4764,0.1964,0.4392
4,negative_training,CRADK,HRSD_6.1,HRSD6,full,MinMaxScaler,CatBoost,48,12,15,0.4394,3.4581,4.0587,0.578,0.2947,0.5745
4,negative_training,CRADK,HRSD_6.1,HRSD6,full,RobustScaler,Ridge,48,12,5,0.1393,4.6232,5.0459,0.2084,-0.0902,0.2553
4,negative_training,CRADK,HRSD_6.1,HRSD6,full,RobustScaler,Lasso,48,12,5,0.1329,4.5939,4.9793,0.2103,-0.0616,0.2837
4,negative_training,CRADK,HRSD_6.1,HRSD6,full,RobustScaler,ElasticNet,48,12,5,0.1359,4.5795,4.9663,0.2165,-0.0561,0.305
4,negative_training,CRADK,HRSD_6.1,HRSD6,full,RobustScaler,SVR,48,12,5,0.2062,4.3453,4.8172,0.2738,0.0064,0.2908
4,negative_training,CRADK,HRSD_6.1,HRSD6,full,RobustScaler,KNN,48,12,5,0.2087,4.1333,5.1245,0.2766,-0.1244,0.3061
4,negative_training,CRADK,HRSD_6.1,HRSD6,full,RobustScaler,RF,48,12,5,0.3957,3.66,4.282,0.5751,0.2149,0.5036
4,negative_training,CRADK,HRSD_6.1,HRSD6,full,RobustScaler,ET,48,12,5,0.3258,4.1567,4.5819,0.4403,0.1011,0.4256
4,negative_training,CRADK,HRSD_6.1,HRSD6,full,RobustScaler,GB,48,12,5,0.4594,3.8783,4.2555,0.5888,0.2246,0.4894
4,negative_training,CRADK,HRSD_6.1,HRSD6,full,RobustScaler,XGB,48,12,5,0.4049,4.3582,4.721,0.5006,0.0457,0.4965
4,negative_training,CRADK,HRSD_6.1,HRSD6,full,RobustScaler,MLP,48,12,5,0.1792,4.4997,4.8935,0.2622,-0.0253,0.2483
4,negative_training,CRADK,HRSD_6.1,HRSD6,full,RobustScaler,LGBM,48,12,5,0.3232,3.8351,4.6347,0.395,0.0802,0.5072
4,negative_training,CRADK,HRSD_6.1,HRSD6,full,RobustScaler,CatBoost,48,12,5,0.3148,3.9261,4.4823,0.4881,0.1397,0.4823
5,negative_training,CRADK,HRSD_6.1,HRSD6,full,StandardScaler,Ridge,48,12,10,0.0797,3.7616,4.431,0.0861,-0.3336,0.1123
5,negative_training,CRADK,HRSD_6.1,HRSD6,full,StandardScaler,Lasso,48,12,10,-0.0905,4.8014,5.6308,-0.0934,-1.1536,-0.1614
5,negative_training,CRADK,HRSD_6.1,HRSD6,full,StandardScaler,ElasticNet,48,12,10,0.0378,3.953,4.6892,0.0396,-0.4935,0.1018
5,negative_training,CRADK,HRSD_6.1,HRSD6,full,StandardScaler,SVR,48,12,10,0.2156,3.2218,3.6344,0.3315,0.1028,0.407
5,negative_training,CRADK,HRSD_6.1,HRSD6,full,StandardScaler,KNN,48,12,10,0.3565,3.0714,3.6187,0.414,0.1105,0.4464
5,negative_training,CRADK,HRSD_6.1,HRSD6,full,StandardScaler,RF,48,12,10,0.3346,3.0018,3.5306,0.4079,0.1533,0.4175
5,negative_training,CRADK,HRSD_6.1,HRSD6,full,StandardScaler,ET,48,12,10,0.365,2.94,3.4992,0.4344,0.1683,0.4316
5,negative_training,CRADK,HRSD_6.1,HRSD6,full,StandardScaler,GB,48,12,10,0.3559,3.0663,4.4212,0.3565,-0.3277,0.4386
5,negative_training,CRADK,HRSD_6.1,HRSD6,full,StandardScaler,XGB,48,12,10,0.3601,3.0058,4.0775,0.3662,-0.1293,0.3123
5,negative_training,CRADK,HRSD_6.1,HRSD6,full,StandardScaler,MLP,48,12,10,-0.1,5.2352,6.7003,-0.1043,-2.0494,-0.0491
5,negative_training,CRADK,HRSD_6.1,HRSD6,full,StandardScaler,LGBM,48,12,10,0.1322,3.5323,4.3485,0.1419,-0.2844,0.167
5,negative_training,CRADK,HRSD_6.1,HRSD6,full,StandardScaler,CatBoost,48,12,10,0.3595,3.0585,3.603,0.4067,0.1182,0.3333
5,negative_training,CRADK,HRSD_6.1,HRSD6,full,MinMaxScaler,Ridge,48,12,10,0.074,3.5794,4.1166,0.0953,-0.1511,0.0842
5,negative_training,CRADK,HRSD_6.1,HRSD6,full,MinMaxScaler,Lasso,48,12,10,0.05,3.5674,4.1054,0.0669,-0.1448,0.0737
5,negative_training,CRADK,HRSD_6.1,HRSD6,full,MinMaxScaler,ElasticNet,48,12,10,0.0896,3.676,4.2942,0.1014,-0.2525,0.0842
5,negative_training,CRADK,HRSD_6.1,HRSD6,full,MinMaxScaler,SVR,48,12,10,-0.0194,3.859,4.4454,-0.0227,-0.3423,-0.1895
5,negative_training,CRADK,HRSD_6.1,HRSD6,full,MinMaxScaler,KNN,48,12,10,0.2856,3.1833,3.7908,0.3261,0.0239,0.297
5,negative_training,CRADK,HRSD_6.1,HRSD6,full,MinMaxScaler,RF,48,12,10,0.1802,3.2167,3.9511,0.2552,-0.0604,0.2456
5,negative_training,CRADK,HRSD_6.1,HRSD6,full,MinMaxScaler,ET,48,12,10,0.3634,2.7917,3.4513,0.4647,0.1909,0.3719
5,negative_training,CRADK,HRSD_6.1,HRSD6,full,MinMaxScaler,GB,48,12,10,0.1542,3.3561,4.1297,0.1866,-0.1584,0.3579
5,negative_training,CRADK,HRSD_6.1,HRSD6,full,MinMaxScaler,XGB,48,12,10,0.1003,3.4367,4.3887,0.1108,-0.3083,0.0596
5,negative_training,CRADK,HRSD_6.1,HRSD6,full,MinMaxScaler,MLP,48,12,10,0.0426,3.8331,4.3606,0.0495,-0.2916,0.0281
5,negative_training,CRADK,HRSD_6.1,HRSD6,full,MinMaxScaler,LGBM,48,12,10,0.0963,3.4392,4.3398,0.1061,-0.2793,0.0896
5,negative_training,CRADK,HRSD_6.1,HRSD6,full,MinMaxScaler,CatBoost,48,12,10,0.221,3.1084,3.6797,0.3193,0.0803,0.2842
5,negative_training,CRADK,HRSD_6.1,HRSD6,full,RobustScaler,Ridge,48,12,15,0.0915,3.814,4.5897,0.0954,-0.4309,0.1439
5,negative_training,CRADK,HRSD_6.1,HRSD6,full,RobustScaler,Lasso,48,12,15,0.0875,3.8432,4.6212,0.0906,-0.4506,0.1368
5,negative_training,CRADK,HRSD_6.1,HRSD6,full,RobustScaler,ElasticNet,48,12,15,0.0624,3.9201,4.678,0.0646,-0.4864,0.0702
5,negative_training,CRADK,HRSD_6.1,HRSD6,full,RobustScaler,SVR,48,12,15,0.214,3.2051,3.667,0.3145,0.0866,0.2772
5,negative_training,CRADK,HRSD_6.1,HRSD6,full,RobustScaler,KNN,48,12,15,0.273,3.5952,4.1605,0.2938,-0.1757,0.2177
5,negative_training,CRADK,HRSD_6.1,HRSD6,full,RobustScaler,RF,48,12,15,0.3846,2.9308,3.3989,0.4683,0.2153,0.4491
5,negative_training,CRADK,HRSD_6.1,HRSD6,full,RobustScaler,ET,48,12,15,0.3933,2.8625,3.4122,0.4678,0.2091,0.4702
5,negative_training,CRADK,HRSD_6.1,HRSD6,full,RobustScaler,GB,48,12,15,0.1213,3.5843,4.3858,0.1404,-0.3065,0.0702
5,negative_training,CRADK,HRSD_6.1,HRSD6,full,RobustScaler,XGB,48,12,15,0.1501,3.521,4.3862,0.1642,-0.3068,0.1193
5,negative_training,CRADK,HRSD_6.1,HRSD6,full,RobustScaler,MLP,48,12,15,-0.1161,6.0624,8.0007,-0.1329,-3.348,-0.1404
5,negative_training,CRADK,HRSD_6.1,HRSD6,full,RobustScaler,LGBM,48,12,15,0.12,3.4082,4.3114,0.1357,-0.2626,0.065
5,negative_training,CRADK,HRSD_6.1,HRSD6,full,RobustScaler,CatBoost,48,12,15,0.2934,3.0664,3.7415,0.3359,0.0491,0.2351
1,negative_training,CRADK,HRSD_17.1,HRSD17,full,StandardScaler,Ridge,48,12,5,0.0101,7.2905,8.1098,0.0169,-0.1116,-0.0806
1,negative_training,CRADK,HRSD_17.1,HRSD17,full,StandardScaler,Lasso,48,12,5,-0.0111,7.2534,8.0006,-0.0234,-0.0819,-0.1121
1,negative_training,CRADK,HRSD_17.1,HRSD17,full,StandardScaler,ElasticNet,48,12,5,0.0222,7.1585,7.9103,0.0441,-0.0576,-0.0946
1,negative_training,CRADK,HRSD_17.1,HRSD17,full,StandardScaler,SVR,48,12,5,0.1721,6.7599,7.7379,0.2231,-0.012,0.0911
1,negative_training,CRADK,HRSD_17.1,HRSD17,full,StandardScaler,KNN,48,12,5,0.3098,6.1574,6.7607,0.5713,0.2275,0.5825
1,negative_training,CRADK,HRSD_17.1,HRSD17,full,StandardScaler,RF,48,12,5,0.0559,7.4348,8.0147,0.0872,-0.0857,0.1331
1,negative_training,CRADK,HRSD_17.1,HRSD17,full,StandardScaler,ET,48,12,5,0.045,7.7067,8.2039,0.0657,-0.1375,0.2242
1,negative_training,CRADK,HRSD_17.1,HRSD17,full,StandardScaler,GB,48,12,5,0.2138,6.8883,7.5963,0.2711,0.0247,0.3538
1,negative_training,CRADK,HRSD_17.1,HRSD17,full,StandardScaler,XGB,48,12,5,0.1686,7.3317,7.9604,0.2341,-0.071,0.2067
1,negative_training,CRADK,HRSD_17.1,HRSD17,full,StandardScaler,MLP,48,12,5,-0.0361,7.4283,8.4143,-0.0533,-0.1966,-0.2487
1,negative_training,CRADK,HRSD_17.1,HRSD17,full,StandardScaler,LGBM,48,12,5,0.0201,7.6297,8.4427,0.0263,-0.2047,0.0108
1,negative_training,CRADK,HRSD_17.1,HRSD17,full,StandardScaler,CatBoost,48,12,5,0.047,7.5674,8.1454,0.0696,-0.1214,0.2102
1,negative_training,CRADK,HRSD_17.1,HRSD17,full,MinMaxScaler,Ridge,48,12,5,-0.0073,7.3275,8.1439,-0.0126,-0.1209,-0.0981
1,negative_training,CRADK,HRSD_17.1,HRSD17,full,MinMaxScaler,Lasso,48,12,5,-0.0091,7.3271,8.1155,-0.0163,-0.1132,-0.1121
1,negative_training,CRADK,HRSD_17.1,HRSD17,full,MinMaxScaler,ElasticNet,48,12,5,-0.0088,7.2397,7.995,-0.0185,-0.0803,-0.1366
1,negative_training,CRADK,HRSD_17.1,HRSD17,full,MinMaxScaler,SVR,48,12,5,-0.0178,7.3175,8.1703,-0.0302,-0.1282,-0.1156
1,negative_training,CRADK,HRSD_17.1,HRSD17,full,MinMaxScaler,KNN,48,12,5,0.1561,6.75,7.2908,0.3818,0.1016,0.3579
1,negative_training,CRADK,HRSD_17.1,HRSD17,full,MinMaxScaler,RF,48,12,5,-0.0243,7.6444,8.2993,-0.0394,-0.1641,0.007
1,negative_training,CRADK,HRSD_17.1,HRSD17,full,MinMaxScaler,ET,48,12,5,-0.0337,8.1392,8.789,-0.0475,-0.3056,-0.056
1,negative_training,CRADK,HRSD_17.1,HRSD17,full,MinMaxScaler,GB,48,12,5,0.0452,7.7939,8.4681,0.0578,-0.212,-0.0035
1,negative_training,CRADK,HRSD_17.1,HRSD17,full,MinMaxScaler,XGB,48,12,5,0.1185,7.4048,7.9361,0.1829,-0.0645,0.2351
1,negative_training,CRADK,HRSD_17.1,HRSD17,full,MinMaxScaler,MLP,48,12,5,-0.0522,7.6002,8.5005,-0.0783,-0.2213,-0.028
1,negative_training,CRADK,HRSD_17.1,HRSD17,full,MinMaxScaler,LGBM,48,12,5,0.0527,7.2563,8.1244,0.075,-0.1156,-0.0531
1,negative_training,CRADK,HRSD_17.1,HRSD17,full,MinMaxScaler,CatBoost,48,12,5,0.035,7.4868,8.0849,0.0552,-0.1048,0.1716
1,negative_training,CRADK,HRSD_17.1,HRSD17,full,RobustScaler,Ridge,48,12,5,0.0134,7.2689,8.0813,0.0227,-0.1038,-0.0806
1,negative_training,CRADK,HRSD_17.1,HRSD17,full,RobustScaler,Lasso,48,12,5,-0.0086,7.3787,8.2244,-0.0138,-0.1432,-0.0806
1,negative_training,CRADK,HRSD_17.1,HRSD17,full,RobustScaler,ElasticNet,48,12,5,0.0225,7.1273,7.8689,0.0475,-0.0465,0.0105
1,negative_training,CRADK,HRSD_17.1,HRSD17,full,RobustScaler,SVR,48,12,5,0.1693,6.7362,7.8058,0.2145,-0.0298,0.0701
1,negative_training,CRADK,HRSD_17.1,HRSD17,full,RobustScaler,KNN,48,12,5,0.2145,6.5357,7.184,0.4749,0.1277,0.4632
1,negative_training,CRADK,HRSD_17.1,HRSD17,full,RobustScaler,RF,48,12,5,0.0559,7.4348,8.0147,0.0872,-0.0857,0.1331
1,negative_training,CRADK,HRSD_17.1,HRSD17,full,RobustScaler,ET,48,12,5,0.045,7.7067,8.2039,0.0657,-0.1375,0.2242
1,negative_training,CRADK,HRSD_17.1,HRSD17,full,RobustScaler,GB,48,12,5,0.2138,6.8883,7.5963,0.2711,0.0247,0.3538
1,negative_training,CRADK,HRSD_17.1,HRSD17,full,RobustScaler,XGB,48,12,5,0.1686,7.3317,7.9604,0.2341,-0.071,0.2067
1,negative_training,CRADK,HRSD_17.1,HRSD17,full,RobustScaler,MLP,48,12,5,0.0206,7.1999,8.1479,0.031,-0.122,-0.014
1,negative_training,CRADK,HRSD_17.1,HRSD17,full,RobustScaler,LGBM,48,12,5,0.0332,7.6594,8.4721,0.0421,-0.2131,0.0579
1,negative_training,CRADK,HRSD_17.1,HRSD17,full,RobustScaler,CatBoost,48,12,5,0.047,7.5674,8.1454,0.0696,-0.1214,0.2102
2,negative_training,CRADK,HRSD_17.1,HRSD17,full,StandardScaler,Ridge,48,12,5,-0.0428,8.0788,10.5239,-0.0463,-1.0801,0.0772
2,negative_training,CRADK,HRSD_17.1,HRSD17,full,StandardScaler,Lasso,48,12,5,-0.0415,8.0733,10.5124,-0.0448,-1.0756,0.0772
2,negative_training,CRADK,HRSD_17.1,HRSD17,full,StandardScaler,ElasticNet,48,12,5,-0.0468,8.0761,10.5388,-0.0507,-1.086,0.0772
2,negative_training,CRADK,HRSD_17.1,HRSD17,full,StandardScaler,SVR,48,12,5,-0.1245,7.9803,9.9061,-0.1319,-0.8431,-0.0667
2,negative_training,CRADK,HRSD_17.1,HRSD17,full,StandardScaler,KNN,48,12,5,-0.1115,6.9907,9.5583,-0.1361,-0.7159,0.0914
2,negative_training,CRADK,HRSD_17.1,HRSD17,full,StandardScaler,RF,48,12,5,-0.0637,8.0283,10.2908,-0.0679,-0.989,0.0842
2,negative_training,CRADK,HRSD_17.1,HRSD17,full,StandardScaler,ET,48,12,5,-0.1322,8.4658,10.7461,-0.1371,-1.1689,0.0035
2,negative_training,CRADK,HRSD_17.1,HRSD17,full,StandardScaler,GB,48,12,5,-0.1013,7.8592,10.1439,-0.1096,-0.9326,-0.0316
2,negative_training,CRADK,HRSD_17.1,HRSD17,full,StandardScaler,XGB,48,12,5,-0.0304,7.5557,10.0217,-0.0331,-0.8864,0.0877
2,negative_training,CRADK,HRSD_17.1,HRSD17,full,StandardScaler,MLP,48,12,5,0.1314,9.0173,11.3066,0.1526,-1.401,0.193
2,negative_training,CRADK,HRSD_17.1,HRSD17,full,StandardScaler,LGBM,48,12,5,-0.1085,7.2808,9.6752,-0.144,-0.7582,-0.1244
2,negative_training,CRADK,HRSD_17.1,HRSD17,full,StandardScaler,CatBoost,48,12,5,-0.2172,8.7345,11.2755,-0.229,-1.3878,-0.1263
2,negative_training,CRADK,HRSD_17.1,HRSD17,full,MinMaxScaler,Ridge,48,12,10,-0.06,7.6508,10.1971,-0.0682,-0.9529,0.0772
2,negative_training,CRADK,HRSD_17.1,HRSD17,full,MinMaxScaler,Lasso,48,12,10,-0.1561,7.5566,10.3129,-0.1783,-0.9975,0.0702
2,negative_training,CRADK,HRSD_17.1,HRSD17,full,MinMaxScaler,ElasticNet,48,12,10,-0.0156,6.9873,9.4556,-0.0188,-0.6793,0.0772
2,negative_training,CRADK,HRSD_17.1,HRSD17,full,MinMaxScaler,SVR,48,12,10,-0.0118,7.4947,9.9421,-0.0132,-0.8565,0.2035
2,negative_training,CRADK,HRSD_17.1,HRSD17,full,MinMaxScaler,KNN,48,12,10,-0.0487,7.5167,9.9487,-0.0542,-0.859,0.109
2,negative_training,CRADK,HRSD_17.1,HRSD17,full,MinMaxScaler,RF,48,12,10,-0.0822,7.2431,9.8431,-0.0948,-0.8197,0.0982
2,negative_training,CRADK,HRSD_17.1,HRSD17,full,MinMaxScaler,ET,48,12,10,-0.0689,7.9717,10.1651,-0.0744,-0.9407,0.1053
2,negative_training,CRADK,HRSD_17.1,HRSD17,full,MinMaxScaler,GB,48,12,10,-0.139,8.7437,10.8957,-0.141,-1.2297,-0.0316
2,negative_training,CRADK,HRSD_17.1,HRSD17,full,MinMaxScaler,XGB,48,12,10,-0.0236,7.9428,10.4135,-0.0249,-1.0367,0.0982
2,negative_training,CRADK,HRSD_17.1,HRSD17,full,MinMaxScaler,MLP,48,12,10,-0.209,7.702,10.5549,-0.2318,-1.0924,-0.0632
2,negative_training,CRADK,HRSD_17.1,HRSD17,full,MinMaxScaler,LGBM,48,12,10,-0.1798,7.1979,9.7638,-0.2214,-0.7905,-0.1515
2,negative_training,CRADK,HRSD_17.1,HRSD17,full,MinMaxScaler,CatBoost,48,12,10,-0.1343,7.4926,9.8884,-0.1529,-0.8365,0.0316
2,negative_training,CRADK,HRSD_17.1,HRSD17,full,RobustScaler,Ridge,48,12,5,-0.1486,8.4598,10.8927,-0.1558,-1.2285,0.0807
2,negative_training,CRADK,HRSD_17.1,HRSD17,full,RobustScaler,Lasso,48,12,5,-0.1466,8.4653,10.8796,-0.153,-1.2231,0.0807
2,negative_training,CRADK,HRSD_17.1,HRSD17,full,RobustScaler,ElasticNet,48,12,5,-0.1488,8.4395,10.8857,-0.1564,-1.2256,0.0807
2,negative_training,CRADK,HRSD_17.1,HRSD17,full,RobustScaler,SVR,48,12,5,-0.2523,8.4731,10.8551,-0.2681,-1.2131,-0.0667
2,negative_training,CRADK,HRSD_17.1,HRSD17,full,RobustScaler,KNN,48,12,5,-0.1145,7.7024,10.0971,-0.1272,-0.9148,0.1391
2,negative_training,CRADK,HRSD_17.1,HRSD17,full,RobustScaler,RF,48,12,5,-0.1256,8.22,10.4753,-0.1347,-1.061,0.0596
2,negative_training,CRADK,HRSD_17.1,HRSD17,full,RobustScaler,ET,48,12,5,-0.1727,8.4783,10.7618,-0.1818,-1.1753,-0.0632
2,negative_training,CRADK,HRSD_17.1,HRSD17,full,RobustScaler,GB,48,12,5,-0.1101,8.036,10.4387,-0.1183,-1.0466,-0.0246
2,negative_training,CRADK,HRSD_17.1,HRSD17,full,RobustScaler,XGB,48,12,5,0.0119,7.8342,9.7773,0.0125,-0.7955,0.0877
2,negative_training,CRADK,HRSD_17.1,HRSD17,full,RobustScaler,MLP,48,12,5,-0.2311,8.3891,11.1679,-0.2538,-1.3425,-0.0526
2,negative_training,CRADK,HRSD_17.1,HRSD17,full,RobustScaler,LGBM,48,12,5,-0.1705,7.6901,9.8665,-0.2064,-0.8284,-0.1634
2,negative_training,CRADK,HRSD_17.1,HRSD17,full,RobustScaler,CatBoost,48,12,5,-0.1212,8.2589,10.591,-0.1255,-1.1067,-0.0211
3,negative_training,CRADK,HRSD_17.1,HRSD17,full,StandardScaler,Ridge,48,12,15,-0.3353,7.2162,9.2006,-0.3667,-0.907,-0.3675
3,negative_training,CRADK,HRSD_17.1,HRSD17,full,StandardScaler,Lasso,48,12,15,-0.3502,7.1998,9.2422,-0.383,-0.9243,-0.3286
3,negative_training,CRADK,HRSD_17.1,HRSD17,full,StandardScaler,ElasticNet,48,12,15,-0.3383,7.1891,9.2034,-0.3702,-0.9082,-0.3569
3,negative_training,CRADK,HRSD_17.1,HRSD17,full,StandardScaler,SVR,48,12,15,-0.2556,7.0031,8.4904,-0.3072,-0.624,-0.3993
3,negative_training,CRADK,HRSD_17.1,HRSD17,full,StandardScaler,KNN,48,12,15,-0.1415,6.2778,7.5981,-0.2197,-0.3006,-0.2792
3,negative_training,CRADK,HRSD_17.1,HRSD17,full,StandardScaler,RF,48,12,15,-0.3012,7.6517,8.8311,-0.3517,-0.7569,-0.4417
3,negative_training,CRADK,HRSD_17.1,HRSD17,full,StandardScaler,ET,48,12,15,-0.2642,7.5092,8.6997,-0.3026,-0.705,-0.4205
3,negative_training,CRADK,HRSD_17.1,HRSD17,full,StandardScaler,GB,48,12,15,-0.2332,7.9732,9.3839,-0.2443,-0.9838,-0.1414
3,negative_training,CRADK,HRSD_17.1,HRSD17,full,StandardScaler,XGB,48,12,15,-0.2856,8.0142,9.7683,-0.3246,-1.1496,-0.2898
3,negative_training,CRADK,HRSD_17.1,HRSD17,full,StandardScaler,MLP,48,12,15,-0.4263,8.7342,11.2198,-0.431,-1.8359,-0.5371
3,negative_training,CRADK,HRSD_17.1,HRSD17,full,StandardScaler,LGBM,48,12,15,-0.1212,6.5274,8.7378,-0.1353,-0.72,-0.0106
3,negative_training,CRADK,HRSD_17.1,HRSD17,full,StandardScaler,CatBoost,48,12,15,-0.2215,7.4265,8.7473,-0.2496,-0.7237,-0.258
3,negative_training,CRADK,HRSD_17.1,HRSD17,full,MinMaxScaler,Ridge,48,12,20,-0.333,7.1961,9.1598,-0.3663,-0.8902,-0.3569
3,negative_training,CRADK,HRSD_17.1,HRSD17,full,MinMaxScaler,Lasso,48,12,20,-0.3265,6.8497,8.7214,-0.3904,-0.7136,-0.3675
3,negative_training,CRADK,HRSD_17.1,HRSD17,full,MinMaxScaler,ElasticNet,48,12,20,-0.3377,7.2155,9.227,-0.3682,-0.918,-0.3569
3,negative_training,CRADK,HRSD_17.1,HRSD17,full,MinMaxScaler,SVR,48,12,20,-0.301,7.1525,8.9316,-0.3455,-0.7972,-0.3286
3,negative_training,CRADK,HRSD_17.1,HRSD17,full,MinMaxScaler,KNN,48,12,20,-0.1951,6.6019,7.9127,-0.2751,-0.4105,-0.2898
3,negative_training,CRADK,HRSD_17.1,HRSD17,full,MinMaxScaler,RF,48,12,20,-0.2404,7.4683,8.588,-0.283,-0.6615,-0.3958
3,negative_training,CRADK,HRSD_17.1,HRSD17,full,MinMaxScaler,ET,48,12,20,-0.3239,8.1117,9.2452,-0.3523,-0.9256,-0.4912
3,negative_training,CRADK,HRSD_17.1,HRSD17,full,MinMaxScaler,GB,48,12,20,-0.2541,8.044,9.4351,-0.2675,-1.0055,-0.2368
3,negative_training,CRADK,HRSD_17.1,HRSD17,full,MinMaxScaler,XGB,48,12,20,-0.2856,8.0142,9.7683,-0.3246,-1.1496,-0.2898
3,negative_training,CRADK,HRSD_17.1,HRSD17,full,MinMaxScaler,MLP,48,12,20,-0.2515,7.3247,8.9851,-0.2719,-0.8187,-0.159
3,negative_training,CRADK,HRSD_17.1,HRSD17,full,MinMaxScaler,LGBM,48,12,20,-0.134,6.5065,8.6362,-0.1533,-0.6802,-0.0106
3,negative_training,CRADK,HRSD_17.1,HRSD17,full,MinMaxScaler,CatBoost,48,12,20,-0.2215,7.6398,8.9489,-0.2481,-0.8041,-0.1343
3,negative_training,CRADK,HRSD_17.1,HRSD17,full,RobustScaler,Ridge,48,12,15,-0.374,7.4088,9.3543,-0.4071,-0.9713,-0.3852
3,negative_training,CRADK,HRSD_17.1,HRSD17,full,RobustScaler,Lasso,48,12,15,-0.3301,7.181,9.1864,-0.3607,-0.9012,-0.3569
3,negative_training,CRADK,HRSD_17.1,HRSD17,full,RobustScaler,ElasticNet,48,12,15,-0.4359,7.6206,9.6498,-0.469,-1.0978,-0.4559
3,negative_training,CRADK,HRSD_17.1,HRSD17,full,RobustScaler,SVR,48,12,15,-0.1224,7.164,8.2244,-0.1422,-0.5238,-0.1802
3,negative_training,CRADK,HRSD_17.1,HRSD17,full,RobustScaler,KNN,48,12,15,0.0453,6.0741,6.9654,0.0681,-0.093,0.0284
3,negative_training,CRADK,HRSD_17.1,HRSD17,full,RobustScaler,RF,48,12,15,-0.1946,7.2625,8.4421,-0.2326,-0.6055,-0.2474
3,negative_training,CRADK,HRSD_17.1,HRSD17,full,RobustScaler,ET,48,12,15,-0.2344,8.2108,9.1229,-0.2512,-0.875,-0.2389
3,negative_training,CRADK,HRSD_17.1,HRSD17,full,RobustScaler,GB,48,12,15,-0.2229,8.1408,9.5173,-0.23,-1.0406,-0.0742
3,negative_training,CRADK,HRSD_17.1,HRSD17,full,RobustScaler,XGB,48,12,15,-0.2958,7.9299,9.776,-0.3354,-1.153,-0.2898
3,negative_training,CRADK,HRSD_17.1,HRSD17,full,RobustScaler,MLP,48,12,15,-0.3904,7.5455,9.9077,-0.404,-1.2114,-0.3958
3,negative_training,CRADK,HRSD_17.1,HRSD17,full,RobustScaler,LGBM,48,12,15,-0.1258,6.5643,8.5974,-0.1461,-0.6652,-0.0071
3,negative_training,CRADK,HRSD_17.1,HRSD17,full,RobustScaler,CatBoost,48,12,15,-0.2122,7.6589,9.0326,-0.2297,-0.838,-0.0742
4,negative_training,CRADK,HRSD_17.1,HRSD17,full,StandardScaler,Ridge,48,12,5,0.2461,5.6196,6.7936,0.326,0.0596,0.2214
4,negative_training,CRADK,HRSD_17.1,HRSD17,full,StandardScaler,Lasso,48,12,5,0.2444,5.6235,6.7887,0.3262,0.0609,0.2214
4,negative_training,CRADK,HRSD_17.1,HRSD17,full,StandardScaler,ElasticNet,48,12,5,0.2435,5.6259,6.7872,0.3261,0.0613,0.2214
4,negative_training,CRADK,HRSD_17.1,HRSD17,full,StandardScaler,SVR,48,12,5,0.1741,6.0761,7.6119,0.2143,-0.1806,0.246
4,negative_training,CRADK,HRSD_17.1,HRSD17,full,StandardScaler,KNN,48,12,5,0.2346,5.8,6.9565,0.3767,0.0139,0.3032
4,negative_training,CRADK,HRSD_17.1,HRSD17,full,StandardScaler,RF,48,12,5,0.3648,4.8788,6.2964,0.5295,0.1922,0.4534
4,negative_training,CRADK,HRSD_17.1,HRSD17,full,StandardScaler,ET,48,12,5,0.2737,5.3671,6.7404,0.3713,0.0742,0.3058
4,negative_training,CRADK,HRSD_17.1,HRSD17,full,StandardScaler,GB,48,12,5,0.4037,4.6888,6.1589,0.488,0.2271,0.4323
4,negative_training,CRADK,HRSD_17.1,HRSD17,full,StandardScaler,XGB,48,12,5,0.4346,4.5931,5.9252,0.5355,0.2846,0.4921
4,negative_training,CRADK,HRSD_17.1,HRSD17,full,StandardScaler,MLP,48,12,5,0.1509,6.0209,7.5022,0.1839,-0.1468,0.2144
4,negative_training,CRADK,HRSD_17.1,HRSD17,full,StandardScaler,LGBM,48,12,5,0.3413,5.1158,6.3571,0.4717,0.1765,0.4637
4,negative_training,CRADK,HRSD_17.1,HRSD17,full,StandardScaler,CatBoost,48,12,5,0.2387,5.2994,6.609,0.3581,0.11,0.2812
4,negative_training,CRADK,HRSD_17.1,HRSD17,full,MinMaxScaler,Ridge,48,12,5,0.1997,5.9239,6.985,0.305,0.0058,0.2004
4,negative_training,CRADK,HRSD_17.1,HRSD17,full,MinMaxScaler,Lasso,48,12,5,0.1973,5.903,6.9686,0.3047,0.0105,0.2004
4,negative_training,CRADK,HRSD_17.1,HRSD17,full,MinMaxScaler,ElasticNet,48,12,5,0.1907,5.8681,6.96,0.3019,0.0129,0.2004
4,negative_training,CRADK,HRSD_17.1,HRSD17,full,MinMaxScaler,SVR,48,12,5,0.2251,5.9678,6.9338,0.3255,0.0204,0.3128
4,negative_training,CRADK,HRSD_17.1,HRSD17,full,MinMaxScaler,KNN,48,12,5,0.1093,6.15,7.9333,0.1524,-0.2824,0.1637
4,negative_training,CRADK,HRSD_17.1,HRSD17,full,MinMaxScaler,RF,48,12,5,0.2311,5.8054,7.4914,0.3031,-0.1436,0.3128
4,negative_training,CRADK,HRSD_17.1,HRSD17,full,MinMaxScaler,ET,48,12,5,0.2161,5.6606,7.5676,0.2817,-0.1669,0.2285
4,negative_training,CRADK,HRSD_17.1,HRSD17,full,MinMaxScaler,GB,48,12,5,0.3413,5.4164,6.7758,0.4206,0.0645,0.3093
4,negative_training,CRADK,HRSD_17.1,HRSD17,full,MinMaxScaler,XGB,48,12,5,0.2358,6.3817,7.787,0.2922,-0.2356,0.2953
4,negative_training,CRADK,HRSD_17.1,HRSD17,full,MinMaxScaler,MLP,48,12,5,0.154,5.8872,7.2797,0.2489,-0.0798,0.239
4,negative_training,CRADK,HRSD_17.1,HRSD17,full,MinMaxScaler,LGBM,48,12,5,0.2955,5.6688,6.9937,0.3724,0.0033,0.3357
4,negative_training,CRADK,HRSD_17.1,HRSD17,full,MinMaxScaler,CatBoost,48,12,5,0.2903,5.5571,7.1055,0.3813,-0.0288,0.2636
4,negative_training,CRADK,HRSD_17.1,HRSD17,full,RobustScaler,Ridge,48,12,5,0.2461,5.6195,6.7934,0.3261,0.0596,0.2214
4,negative_training,CRADK,HRSD_17.1,HRSD17,full,RobustScaler,Lasso,48,12,5,0.2442,5.6235,6.7878,0.3262,0.0612,0.2214
4,negative_training,CRADK,HRSD_17.1,HRSD17,full,RobustScaler,ElasticNet,48,12,5,0.2432,5.6249,6.7848,0.3264,0.062,0.2917
4,negative_training,CRADK,HRSD_17.1,HRSD17,full,RobustScaler,SVR,48,12,5,0.1976,5.8409,7.5378,0.2388,-0.1578,0.246
4,negative_training,CRADK,HRSD_17.1,HRSD17,full,RobustScaler,KNN,48,12,5,0.2007,5.6111,6.9887,0.3307,0.0048,0.4148
4,negative_training,CRADK,HRSD_17.1,HRSD17,full,RobustScaler,RF,48,12,5,0.2688,5.3806,6.4029,0.4957,0.1646,0.3585
4,negative_training,CRADK,HRSD_17.1,HRSD17,full,RobustScaler,ET,48,12,5,0.2287,5.4524,6.7474,0.3211,0.0723,0.4183
4,negative_training,CRADK,HRSD_17.1,HRSD17,full,RobustScaler,GB,48,12,5,0.3603,4.8639,6.3679,0.4398,0.1737,0.4077
4,negative_training,CRADK,HRSD_17.1,HRSD17,full,RobustScaler,XGB,48,12,5,0.4346,4.5931,5.9252,0.5355,0.2846,0.4921
4,negative_training,CRADK,HRSD_17.1,HRSD17,full,RobustScaler,MLP,48,12,5,0.1972,5.8485,7.0881,0.2558,-0.0237,0.1863
4,negative_training,CRADK,HRSD_17.1,HRSD17,full,RobustScaler,LGBM,48,12,5,0.3691,5.1582,6.1435,0.5407,0.231,0.476
4,negative_training,CRADK,HRSD_17.1,HRSD17,full,RobustScaler,CatBoost,48,12,5,0.2551,5.2169,6.4238,0.4046,0.1592,0.355
5,negative_training,CRADK,HRSD_17.1,HRSD17,full,StandardScaler,Ridge,48,12,5,-0.0998,6.4386,7.7284,-0.1287,-0.7538,-0.4578
5,negative_training,CRADK,HRSD_17.1,HRSD17,full,StandardScaler,Lasso,48,12,5,-0.1267,6.7088,8.1136,-0.1531,-0.933,-0.4049
5,negative_training,CRADK,HRSD_17.1,HRSD17,full,StandardScaler,ElasticNet,48,12,5,-0.1135,6.5785,7.9236,-0.1413,-0.8436,-0.4049
5,negative_training,CRADK,HRSD_17.1,HRSD17,full,StandardScaler,SVR,48,12,5,0.0156,4.7111,5.9739,0.039,-0.0479,-0.1796
5,negative_training,CRADK,HRSD_17.1,HRSD17,full,StandardScaler,KNN,48,12,5,0.3853,5.3611,6.659,0.4086,-0.3021,0.4074
5,negative_training,CRADK,HRSD_17.1,HRSD17,full,StandardScaler,RF,48,12,5,-0.1185,5.7575,7.6355,-0.1468,-0.7119,-0.3099
5,negative_training,CRADK,HRSD_17.1,HRSD17,full,StandardScaler,ET,48,12,5,-0.168,6.0767,7.8933,-0.2036,-0.8295,-0.3838
5,negative_training,CRADK,HRSD_17.1,HRSD17,full,StandardScaler,GB,48,12,5,-0.076,6.2546,8.3256,-0.0825,-1.0354,-0.3028
5,negative_training,CRADK,HRSD_17.1,HRSD17,full,StandardScaler,XGB,48,12,5,-0.1765,6.804,8.0677,-0.2036,-0.9112,-0.2817
5,negative_training,CRADK,HRSD_17.1,HRSD17,full,StandardScaler,MLP,48,12,5,-0.1426,9.0334,11.0511,-0.1624,-2.5861,-0.4754
5,negative_training,CRADK,HRSD_17.1,HRSD17,full,StandardScaler,LGBM,48,12,5,-0.2679,7.3002,8.915,-0.274,-1.3337,-0.405
5,negative_training,CRADK,HRSD_17.1,HRSD17,full,StandardScaler,CatBoost,48,12,5,-0.0473,5.9816,7.8255,-0.0511,-0.7982,-0.3697
5,negative_training,CRADK,HRSD_17.1,HRSD17,full,MinMaxScaler,Ridge,48,12,10,-0.0774,6.1229,7.4336,-0.1513,-0.6226,-0.5845
5,negative_training,CRADK,HRSD_17.1,HRSD17,full,MinMaxScaler,Lasso,48,12,10,-0.1066,6.2386,7.4712,-0.1745,-0.639,-0.4718
5,negative_training,CRADK,HRSD_17.1,HRSD17,full,MinMaxScaler,ElasticNet,48,12,10,-0.1101,6.377,7.7095,-0.1858,-0.7453,-0.5634
5,negative_training,CRADK,HRSD_17.1,HRSD17,full,MinMaxScaler,SVR,48,12,10,-0.088,6.2774,7.7057,-0.1577,-0.7435,-0.5071
5,negative_training,CRADK,HRSD_17.1,HRSD17,full,MinMaxScaler,KNN,48,12,10,-0.0303,6.2024,7.9946,-0.0953,-0.8767,-0.4654
5,negative_training,CRADK,HRSD_17.1,HRSD17,full,MinMaxScaler,RF,48,12,10,0.0176,5.7231,7.356,0.0347,-0.5889,-0.4014
5,negative_training,CRADK,HRSD_17.1,HRSD17,full,MinMaxScaler,ET,48,12,10,-0.1615,6.5442,8.3831,-0.2581,-1.0636,-0.3909
5,negative_training,CRADK,HRSD_17.1,HRSD17,full,MinMaxScaler,GB,48,12,10,-0.0653,5.8712,7.2165,-0.1049,-0.5292,-0.2465
5,negative_training,CRADK,HRSD_17.1,HRSD17,full,MinMaxScaler,XGB,48,12,10,-0.1143,6.7308,8.3645,-0.1527,-1.0544,-0.243
5,negative_training,CRADK,HRSD_17.1,HRSD17,full,MinMaxScaler,MLP,48,12,10,-0.0854,6.1708,7.5728,-0.2021,-0.6839,-0.4648
5,negative_training,CRADK,HRSD_17.1,HRSD17,full,MinMaxScaler,LGBM,48,12,10,-0.0959,6.2809,7.9736,-0.1336,-0.8669,-0.3754
5,negative_training,CRADK,HRSD_17.1,HRSD17,full,MinMaxScaler,CatBoost,48,12,10,-0.0864,5.5326,7.1575,-0.1368,-0.5043,-0.2923
5,negative_training,CRADK,HRSD_17.1,HRSD17,full,RobustScaler,Ridge,48,12,5,-0.1409,6.4278,7.8037,-0.2458,-0.7882,-0.5634
5,negative_training,CRADK,HRSD_17.1,HRSD17,full,RobustScaler,Lasso,48,12,5,-0.1483,6.6887,8.0914,-0.2184,-0.9225,-0.5071
5,negative_training,CRADK,HRSD_17.1,HRSD17,full,RobustScaler,ElasticNet,48,12,5,-0.1425,6.5527,7.9346,-0.2277,-0.8487,-0.5352
5,negative_training,CRADK,HRSD_17.1,HRSD17,full,RobustScaler,SVR,48,12,5,-0.1703,6.1453,8.1639,-0.2868,-0.9571,-0.4542
5,negative_training,CRADK,HRSD_17.1,HRSD17,full,RobustScaler,KNN,48,12,5,-0.1037,6.3333,8.0323,-0.3015,-0.8945,-0.4011
5,negative_training,CRADK,HRSD_17.1,HRSD17,full,RobustScaler,RF,48,12,5,-0.0263,5.4571,7.2105,-0.0471,-0.5267,-0.3873
5,negative_training,CRADK,HRSD_17.1,HRSD17,full,RobustScaler,ET,48,12,5,-0.0675,5.6789,7.0746,-0.1187,-0.4696,-0.412
5,negative_training,CRADK,HRSD_17.1,HRSD17,full,RobustScaler,GB,48,12,5,-0.1204,5.8204,7.7429,-0.171,-0.7604,-0.4014
5,negative_training,CRADK,HRSD_17.1,HRSD17,full,RobustScaler,XGB,48,12,5,-0.1724,6.7163,8.6615,-0.2257,-1.2029,-0.4648
5,negative_training,CRADK,HRSD_17.1,HRSD17,full,RobustScaler,MLP,48,12,5,-0.2193,8.3824,10.1307,-0.2534,-2.0136,-0.7711
5,negative_training,CRADK,HRSD_17.1,HRSD17,full,RobustScaler,LGBM,48,12,5,-0.1329,6.206,8.0782,-0.1656,-0.9162,-0.3588
5,negative_training,CRADK,HRSD_17.1,HRSD17,full,RobustScaler,CatBoost,48,12,5,-0.0202,5.4669,6.9925,-0.0293,-0.4357,-0.331
1,negative_training,CRADK,HRSD_21.1,HRSD21,full,StandardScaler,Ridge,48,12,5,0.0227,8.8154,9.707,0.0367,-0.1126,-0.063
1,negative_training,CRADK,HRSD_21.1,HRSD21,full,StandardScaler,Lasso,48,12,5,0.0012,8.7826,9.611,0.0022,-0.0907,-0.1226
1,negative_training,CRADK,HRSD_21.1,HRSD21,full,StandardScaler,ElasticNet,48,12,5,0.0333,8.6569,9.4646,0.0631,-0.0577,-0.0771
1,negative_training,CRADK,HRSD_21.1,HRSD21,full,StandardScaler,SVR,48,12,5,0.1405,8.9923,9.8275,0.1642,-0.1404,0.0666
1,negative_training,CRADK,HRSD_21.1,HRSD21,full,StandardScaler,KNN,48,12,5,0.3468,7.35,7.9823,0.6064,0.2476,0.5747
1,negative_training,CRADK,HRSD_21.1,HRSD21,full,StandardScaler,RF,48,12,5,0.1661,8.3814,9.1037,0.2463,0.0214,0.0701
1,negative_training,CRADK,HRSD_21.1,HRSD21,full,StandardScaler,ET,48,12,5,0.116,8.9385,9.4461,0.165,-0.0536,0.0981
1,negative_training,CRADK,HRSD_21.1,HRSD21,full,StandardScaler,GB,48,12,5,0.298,7.7827,8.3179,0.4341,0.183,0.4518
1,negative_training,CRADK,HRSD_21.1,HRSD21,full,StandardScaler,XGB,48,12,5,0.3574,7.1554,8.2112,0.4532,0.2039,0.3993
1,negative_training,CRADK,HRSD_21.1,HRSD21,full,StandardScaler,MLP,48,12,5,0.0451,8.6818,9.7848,0.0626,-0.1305,-0.0595
1,negative_training,CRADK,HRSD_21.1,HRSD21,full,StandardScaler,LGBM,48,12,5,0.0258,9.0606,9.9732,0.0349,-0.1745,0.1105
1,negative_training,CRADK,HRSD_21.1,HRSD21,full,StandardScaler,CatBoost,48,12,5,0.1674,8.4721,9.0653,0.2499,0.0296,0.2662
1,negative_training,CRADK,HRSD_21.1,HRSD21,full,MinMaxScaler,Ridge,48,12,10,0.0201,8.7314,9.6186,0.0339,-0.0925,-0.0736
1,negative_training,CRADK,HRSD_21.1,HRSD21,full,MinMaxScaler,Lasso,48,12,10,0.0162,8.7036,9.599,0.0283,-0.088,-0.0736
1,negative_training,CRADK,HRSD_21.1,HRSD21,full,MinMaxScaler,ElasticNet,48,12,10,0.0111,8.679,9.5026,0.022,-0.0663,-0.0736
1,negative_training,CRADK,HRSD_21.1,HRSD21,full,MinMaxScaler,SVR,48,12,10,-0.0086,8.8834,9.7558,-0.0144,-0.1238,-0.1226
1,negative_training,CRADK,HRSD_21.1,HRSD21,full,MinMaxScaler,KNN,48,12,10,0.1385,8.287,8.9523,0.3048,0.0537,0.2522
1,negative_training,CRADK,HRSD_21.1,HRSD21,full,MinMaxScaler,RF,48,12,10,0.2305,8.0667,8.9852,0.3037,0.0467,0.2417
1,negative_training,CRADK,HRSD_21.1,HRSD21,full,MinMaxScaler,ET,48,12,10,0.1626,8.365,9.4614,0.2081,-0.057,0.1926
1,negative_training,CRADK,HRSD_21.1,HRSD21,full,MinMaxScaler,GB,48,12,10,0.295,7.6779,9.3251,0.3368,-0.0268,0.3888
1,negative_training,CRADK,HRSD_21.1,HRSD21,full,MinMaxScaler,XGB,48,12,10,0.2566,8.1297,9.6778,0.2775,-0.106,0.3152
1,negative_training,CRADK,HRSD_21.1,HRSD21,full,MinMaxScaler,MLP,48,12,10,0.0369,8.5822,9.6003,0.0587,-0.0883,-0.049
1,negative_training,CRADK,HRSD_21.1,HRSD21,full,MinMaxScaler,LGBM,48,12,10,0.1498,8.3614,9.2488,0.21,-0.0101,0.2075
1,negative_training,CRADK,HRSD_21.1,HRSD21,full,MinMaxScaler,CatBoost,48,12,10,0.214,7.8736,8.9809,0.2853,0.0476,0.1541
1,negative_training,CRADK,HRSD_21.1,HRSD21,full,RobustScaler,Ridge,48,12,5,0.0149,8.8247,9.6995,0.0246,-0.1109,-0.0315
1,negative_training,CRADK,HRSD_21.1,HRSD21,full,RobustScaler,Lasso,48,12,5,-0.0172,9.0265,9.9861,-0.0264,-0.1775,-0.0876
1,negative_training,CRADK,HRSD_21.1,HRSD21,full,RobustScaler,ElasticNet,48,12,5,0.0184,8.6573,9.4501,0.0382,-0.0545,-0.0245
1,negative_training,CRADK,HRSD_21.1,HRSD21,full,RobustScaler,SVR,48,12,5,0.1413,8.1275,9.3119,0.1946,-0.0239,0.028
1,negative_training,CRADK,HRSD_21.1,HRSD21,full,RobustScaler,KNN,48,12,5,0.323,7.6167,8.2104,0.5108,0.204,0.4965
1,negative_training,CRADK,HRSD_21.1,HRSD21,full,RobustScaler,RF,48,12,5,0.1693,8.4262,9.1019,0.2533,0.0218,0.2417
1,negative_training,CRADK,HRSD_21.1,HRSD21,full,RobustScaler,ET,48,12,5,0.0959,8.9943,9.5984,0.1431,-0.0879,0.1821
1,negative_training,CRADK,HRSD_21.1,HRSD21,full,RobustScaler,GB,48,12,5,0.2158,8.3642,9.1833,0.2667,0.0042,0.3047
1,negative_training,CRADK,HRSD_21.1,HRSD21,full,RobustScaler,XGB,48,12,5,0.217,7.9523,8.9844,0.2844,0.0469,0.2102
1,negative_training,CRADK,HRSD_21.1,HRSD21,full,RobustScaler,MLP,48,12,5,0.0938,8.4386,9.4612,0.1354,-0.057,0.0701
1,negative_training,CRADK,HRSD_21.1,HRSD21,full,RobustScaler,LGBM,48,12,5,-0.0559,9.0999,10.3654,-0.0749,-0.2687,-0.0937
1,negative_training,CRADK,HRSD_21.1,HRSD21,full,RobustScaler,CatBoost,48,12,5,0.2379,8.0226,8.6663,0.3557,0.1131,0.3012
2,negative_training,CRADK,HRSD_21.1,HRSD21,full,StandardScaler,Ridge,48,12,5,-0.0474,8.9859,11.7344,-0.0499,-1.1609,0.0736
2,negative_training,CRADK,HRSD_21.1,HRSD21,full,StandardScaler,Lasso,48,12,5,-0.043,8.9998,11.7282,-0.0451,-1.1586,0.0736
2,negative_training,CRADK,HRSD_21.1,HRSD21,full,StandardScaler,ElasticNet,48,12,5,-0.0572,8.9065,11.7536,-0.0608,-1.168,0.0736
2,negative_training,CRADK,HRSD_21.1,HRSD21,full,StandardScaler,SVR,48,12,5,-0.3203,11.2942,14.1026,-0.3243,-2.1211,-0.2382
2,negative_training,CRADK,HRSD_21.1,HRSD21,full,StandardScaler,KNN,48,12,5,0.0136,7.5357,10.2676,0.0159,-0.6544,0.1891
2,negative_training,CRADK,HRSD_21.1,HRSD21,full,StandardScaler,RF,48,12,5,-0.0572,8.0646,11.0751,-0.0632,-0.9249,0.014
2,negative_training,CRADK,HRSD_21.1,HRSD21,full,StandardScaler,ET,48,12,5,-0.0773,9.0767,11.8164,-0.0796,-1.1912,-0.042
2,negative_training,CRADK,HRSD_21.1,HRSD21,full,StandardScaler,GB,48,12,5,-0.0987,8.9302,11.6326,-0.106,-1.1236,-0.0736
2,negative_training,CRADK,HRSD_21.1,HRSD21,full,StandardScaler,XGB,48,12,5,0.1006,8.6212,11.2274,0.1036,-0.9782,0.1471
2,negative_training,CRADK,HRSD_21.1,HRSD21,full,StandardScaler,MLP,48,12,5,-0.3162,9.318,12.2734,-0.3394,-1.364,-0.1751
2,negative_training,CRADK,HRSD_21.1,HRSD21,full,StandardScaler,LGBM,48,12,5,-0.1496,7.9192,10.8433,-0.1808,-0.8452,-0.2195
2,negative_training,CRADK,HRSD_21.1,HRSD21,full,StandardScaler,CatBoost,48,12,5,-0.0893,9.198,12.4151,-0.0928,-1.4188,-0.063
2,negative_training,CRADK,HRSD_21.1,HRSD21,full,MinMaxScaler,Ridge,48,12,10,0.0114,8.4632,11.226,0.0127,-0.9777,0.0245
2,negative_training,CRADK,HRSD_21.1,HRSD21,full,MinMaxScaler,Lasso,48,12,10,-0.0752,8.2885,11.2426,-0.0829,-0.9836,0.0245
2,negative_training,CRADK,HRSD_21.1,HRSD21,full,MinMaxScaler,ElasticNet,48,12,10,0.0806,7.5674,10.1902,0.0947,-0.6296,0.0771
2,negative_training,CRADK,HRSD_21.1,HRSD21,full,MinMaxScaler,SVR,48,12,10,0.0638,7.9333,10.2149,0.0703,-0.6375,-0.056
2,negative_training,CRADK,HRSD_21.1,HRSD21,full,MinMaxScaler,KNN,48,12,10,0.0897,7.3167,9.9567,0.1024,-0.5558,0.167
2,negative_training,CRADK,HRSD_21.1,HRSD21,full,MinMaxScaler,RF,48,12,10,-0.0083,7.788,10.588,-0.0092,-0.7593,0.0701
2,negative_training,CRADK,HRSD_21.1,HRSD21,full,MinMaxScaler,ET,48,12,10,0.0666,8.0242,10.6637,0.0705,-0.7845,0.2242
2,negative_training,CRADK,HRSD_21.1,HRSD21,full,MinMaxScaler,GB,48,12,10,0.0447,8.3497,10.6178,0.0486,-0.7692,-0.063
2,negative_training,CRADK,HRSD_21.1,HRSD21,full,MinMaxScaler,XGB,48,12,10,0.0656,9.0933,11.2899,0.0681,-1.0003,0.0911
2,negative_training,CRADK,HRSD_21.1,HRSD21,full,MinMaxScaler,MLP,48,12,10,-0.0402,9.3455,12.2052,-0.0422,-1.3378,-0.0946
2,negative_training,CRADK,HRSD_21.1,HRSD21,full,MinMaxScaler,LGBM,48,12,10,-0.0246,7.3785,9.918,-0.0312,-0.5437,-0.0299
2,negative_training,CRADK,HRSD_21.1,HRSD21,full,MinMaxScaler,CatBoost,48,12,10,0.1163,7.3204,9.5741,0.1268,-0.4385,0.0
2,negative_training,CRADK,HRSD_21.1,HRSD21,full,RobustScaler,Ridge,48,12,5,-0.0157,8.7466,11.4841,-0.0166,-1.0697,0.0736
2,negative_training,CRADK,HRSD_21.1,HRSD21,full,RobustScaler,Lasso,48,12,5,-0.0097,8.7632,11.4475,-0.0102,-1.0565,0.0736
2,negative_training,CRADK,HRSD_21.1,HRSD21,full,RobustScaler,ElasticNet,48,12,5,-0.0181,8.7385,11.4975,-0.0192,-1.0745,0.0736
2,negative_training,CRADK,HRSD_21.1,HRSD21,full,RobustScaler,SVR,48,12,5,-0.1344,8.4449,11.1116,-0.1502,-0.9376,-0.0245
2,negative_training,CRADK,HRSD_21.1,HRSD21,full,RobustScaler,KNN,48,12,5,0.0033,7.4074,10.1391,0.0038,-0.6133,0.1702
2,negative_training,CRADK,HRSD_21.1,HRSD21,full,RobustScaler,RF,48,12,5,-0.0329,7.8554,10.8524,-0.0369,-0.8483,0.1121
2,negative_training,CRADK,HRSD_21.1,HRSD21,full,RobustScaler,ET,48,12,5,-0.0475,8.7858,11.5475,-0.0494,-1.0926,-0.0385
2,negative_training,CRADK,HRSD_21.1,HRSD21,full,RobustScaler,GB,48,12,5,0.019,8.2418,10.6455,0.0201,-0.7785,-0.021
2,negative_training,CRADK,HRSD_21.1,HRSD21,full,RobustScaler,XGB,48,12,5,0.1442,8.7546,11.0068,0.1489,-0.9012,0.1926
2,negative_training,CRADK,HRSD_21.1,HRSD21,full,RobustScaler,MLP,48,12,5,0.0799,9.6224,12.0177,0.091,-1.2665,0.1716
2,negative_training,CRADK,HRSD_21.1,HRSD21,full,RobustScaler,LGBM,48,12,5,-0.1006,8.0635,10.6606,-0.1256,-0.7835,-0.1668
2,negative_training,CRADK,HRSD_21.1,HRSD21,full,RobustScaler,CatBoost,48,12,5,-0.0769,8.4537,10.8642,-0.0808,-0.8523,-0.0455
3,negative_training,CRADK,HRSD_21.1,HRSD21,full,StandardScaler,Ridge,48,12,5,-0.2206,8.4122,10.786,-0.2285,-0.9473,-0.2246
3,negative_training,CRADK,HRSD_21.1,HRSD21,full,StandardScaler,Lasso,48,12,5,-0.211,8.2747,10.5871,-0.221,-0.8762,-0.2246
3,negative_training,CRADK,HRSD_21.1,HRSD21,full,StandardScaler,ElasticNet,48,12,5,-0.2051,8.1535,10.288,-0.2203,-0.7717,-0.2105
3,negative_training,CRADK,HRSD_21.1,HRSD21,full,StandardScaler,SVR,48,12,5,-0.0675,7.8724,9.5613,-0.0738,-0.5302,-0.0386
3,negative_training,CRADK,HRSD_21.1,HRSD21,full,StandardScaler,KNN,48,12,5,-0.177,8.2,9.9562,-0.2037,-0.6592,-0.1895
3,negative_training,CRADK,HRSD_21.1,HRSD21,full,StandardScaler,RF,48,12,5,0.0334,6.8625,8.2315,0.047,-0.1342,0.0211
3,negative_training,CRADK,HRSD_21.1,HRSD21,full,StandardScaler,ET,48,12,5,-0.0488,7.7851,9.1253,-0.0568,-0.3938,0.0
3,negative_training,CRADK,HRSD_21.1,HRSD21,full,StandardScaler,GB,48,12,5,0.1693,7.6822,9.4586,0.1703,-0.4975,0.1544
3,negative_training,CRADK,HRSD_21.1,HRSD21,full,StandardScaler,XGB,48,12,5,0.0469,8.4963,10.8482,0.0469,-0.9698,-0.014
3,negative_training,CRADK,HRSD_21.1,HRSD21,full,StandardScaler,MLP,48,12,5,-0.4045,10.5594,12.7589,-0.4079,-1.7248,-0.4912
3,negative_training,CRADK,HRSD_21.1,HRSD21,full,StandardScaler,LGBM,48,12,5,-0.0671,7.2734,9.3011,-0.0815,-0.448,-0.0563
3,negative_training,CRADK,HRSD_21.1,HRSD21,full,StandardScaler,CatBoost,48,12,5,0.0969,7.3999,9.1016,0.1017,-0.3866,0.0281
3,negative_training,CRADK,HRSD_21.1,HRSD21,full,MinMaxScaler,Ridge,48,12,10,-0.1947,7.8033,9.8529,-0.2207,-0.6249,-0.2561
3,negative_training,CRADK,HRSD_21.1,HRSD21,full,MinMaxScaler,Lasso,48,12,10,-0.1648,7.5775,9.517,-0.1957,-0.5161,-0.2316
3,negative_training,CRADK,HRSD_21.1,HRSD21,full,MinMaxScaler,ElasticNet,48,12,10,-0.1887,7.8643,10.0336,-0.207,-0.6851,-0.1754
3,negative_training,CRADK,HRSD_21.1,HRSD21,full,MinMaxScaler,SVR,48,12,10,-0.2902,8.5645,10.6367,-0.326,-0.8938,-0.2982
3,negative_training,CRADK,HRSD_21.1,HRSD21,full,MinMaxScaler,KNN,48,12,10,-0.0798,7.5,9.1309,-0.0957,-0.3955,-0.1018
3,negative_training,CRADK,HRSD_21.1,HRSD21,full,MinMaxScaler,RF,48,12,10,-0.1958,7.9117,9.6021,-0.235,-0.5433,-0.2842
3,negative_training,CRADK,HRSD_21.1,HRSD21,full,MinMaxScaler,ET,48,12,10,-0.2153,7.785,9.4437,-0.2768,-0.4928,-0.3333
3,negative_training,CRADK,HRSD_21.1,HRSD21,full,MinMaxScaler,GB,48,12,10,-0.1736,9.0555,11.0551,-0.1855,-1.0457,-0.2035
3,negative_training,CRADK,HRSD_21.1,HRSD21,full,MinMaxScaler,XGB,48,12,10,-0.1984,9.7202,11.8141,-0.2017,-1.3362,-0.2456
3,negative_training,CRADK,HRSD_21.1,HRSD21,full,MinMaxScaler,MLP,48,12,10,-0.1346,8.6547,10.5365,-0.1381,-0.8583,0.0386
3,negative_training,CRADK,HRSD_21.1,HRSD21,full,MinMaxScaler,LGBM,48,12,10,-0.0691,7.4307,9.5106,-0.0817,-0.514,0.014
3,negative_training,CRADK,HRSD_21.1,HRSD21,full,MinMaxScaler,CatBoost,48,12,10,-0.0534,7.6439,9.5928,-0.059,-0.5403,-0.0947
3,negative_training,CRADK,HRSD_21.1,HRSD21,full,RobustScaler,Ridge,48,12,10,-0.1435,7.5213,9.7341,-0.1616,-0.586,-0.1614
3,negative_training,CRADK,HRSD_21.1,HRSD21,full,RobustScaler,Lasso,48,12,10,-0.1381,7.3541,9.5349,-0.1609,-0.5217,-0.186
3,negative_training,CRADK,HRSD_21.1,HRSD21,full,RobustScaler,ElasticNet,48,12,10,-0.1349,7.2015,9.3948,-0.1615,-0.4774,-0.2456
3,negative_training,CRADK,HRSD_21.1,HRSD21,full,RobustScaler,SVR,48,12,10,0.0206,7.2212,9.7501,0.0212,-0.5912,-0.0842
3,negative_training,CRADK,HRSD_21.1,HRSD21,full,RobustScaler,KNN,48,12,10,0.1862,6.0119,8.1386,0.2201,-0.1087,0.0685
3,negative_training,CRADK,HRSD_21.1,HRSD21,full,RobustScaler,RF,48,12,10,-0.0792,7.1433,9.2184,-0.0926,-0.4224,-0.1298
3,negative_training,CRADK,HRSD_21.1,HRSD21,full,RobustScaler,ET,48,12,10,-0.0885,7.47,9.5414,-0.098,-0.5238,-0.1544
3,negative_training,CRADK,HRSD_21.1,HRSD21,full,RobustScaler,GB,48,12,10,-0.1672,8.5971,10.6597,-0.1748,-0.902,-0.3789
3,negative_training,CRADK,HRSD_21.1,HRSD21,full,RobustScaler,XGB,48,12,10,-0.2929,9.0462,11.4035,-0.3032,-1.1766,-0.3649
3,negative_training,CRADK,HRSD_21.1,HRSD21,full,RobustScaler,MLP,48,12,10,-0.2523,8.5478,10.9417,-0.2732,-1.0039,-0.3825
3,negative_training,CRADK,HRSD_21.1,HRSD21,full,RobustScaler,LGBM,48,12,10,-0.1183,7.5725,9.9993,-0.1373,-0.6736,-0.2575
3,negative_training,CRADK,HRSD_21.1,HRSD21,full,RobustScaler,CatBoost,48,12,10,-0.1409,7.2529,9.4658,-0.1655,-0.4998,-0.2316
4,negative_training,CRADK,HRSD_21.1,HRSD21,full,StandardScaler,Ridge,48,12,5,0.154,7.7037,8.9661,0.1996,-0.0716,0.0386
4,negative_training,CRADK,HRSD_21.1,HRSD21,full,StandardScaler,Lasso,48,12,5,0.1512,7.7151,8.9695,0.1974,-0.0724,0.0386
4,negative_training,CRADK,HRSD_21.1,HRSD21,full,StandardScaler,ElasticNet,48,12,5,0.1503,7.718,8.9703,0.1966,-0.0726,0.0386
4,negative_training,CRADK,HRSD_21.1,HRSD21,full,StandardScaler,SVR,48,12,5,0.1364,7.516,8.5689,0.2364,0.0212,0.2491
4,negative_training,CRADK,HRSD_21.1,HRSD21,full,StandardScaler,KNN,48,12,5,0.2736,7.3981,8.2415,0.3938,0.0946,0.393
4,negative_training,CRADK,HRSD_21.1,HRSD21,full,StandardScaler,RF,48,12,5,0.2489,6.5873,8.1327,0.4385,0.1184,0.2246
4,negative_training,CRADK,HRSD_21.1,HRSD21,full,StandardScaler,ET,48,12,5,0.3512,6.5267,7.8563,0.4837,0.1773,0.4421
4,negative_training,CRADK,HRSD_21.1,HRSD21,full,StandardScaler,GB,48,12,5,0.5005,6.0385,7.0984,0.5824,0.3284,0.7579
4,negative_training,CRADK,HRSD_21.1,HRSD21,full,StandardScaler,XGB,48,12,5,0.4226,6.5243,7.5626,0.5103,0.2376,0.5719
4,negative_training,CRADK,HRSD_21.1,HRSD21,full,StandardScaler,MLP,48,12,5,0.2074,7.856,8.9784,0.2437,-0.0745,0.0632
4,negative_training,CRADK,HRSD_21.1,HRSD21,full,StandardScaler,LGBM,48,12,5,0.1595,7.6498,8.9812,0.2213,-0.0752,0.0529
4,negative_training,CRADK,HRSD_21.1,HRSD21,full,StandardScaler,CatBoost,48,12,5,0.3042,6.5033,7.8098,0.4681,0.187,0.4316
4,negative_training,CRADK,HRSD_21.1,HRSD21,full,MinMaxScaler,Ridge,48,12,5,0.128,7.4965,9.1201,0.1932,-0.1087,0.1298
4,negative_training,CRADK,HRSD_21.1,HRSD21,full,MinMaxScaler,Lasso,48,12,5,0.1021,7.5463,9.078,0.1602,-0.0985,0.0667
4,negative_training,CRADK,HRSD_21.1,HRSD21,full,MinMaxScaler,ElasticNet,48,12,5,0.1255,7.4212,9.0228,0.1966,-0.0852,0.0526
4,negative_training,CRADK,HRSD_21.1,HRSD21,full,MinMaxScaler,SVR,48,12,5,0.1455,7.7791,9.2822,0.208,-0.1485,0.186
4,negative_training,CRADK,HRSD_21.1,HRSD21,full,MinMaxScaler,KNN,48,12,5,0.0588,8.0648,9.4326,0.0899,-0.186,0.007
4,negative_training,CRADK,HRSD_21.1,HRSD21,full,MinMaxScaler,RF,48,12,5,0.3779,6.7379,8.6713,0.4587,-0.0023,0.4421
4,negative_training,CRADK,HRSD_21.1,HRSD21,full,MinMaxScaler,ET,48,12,5,0.3956,6.4967,8.217,0.5015,0.1,0.5088
4,negative_training,CRADK,HRSD_21.1,HRSD21,full,MinMaxScaler,GB,48,12,5,0.3101,7.3834,9.5655,0.3383,-0.2197,0.1579
4,negative_training,CRADK,HRSD_21.1,HRSD21,full,MinMaxScaler,XGB,48,12,5,0.2676,7.8381,10.1643,0.2897,-0.3771,0.0807
4,negative_training,CRADK,HRSD_21.1,HRSD21,full,MinMaxScaler,MLP,48,12,5,0.152,7.6642,9.1722,0.2236,-0.1214,0.2316
4,negative_training,CRADK,HRSD_21.1,HRSD21,full,MinMaxScaler,LGBM,48,12,5,0.3226,6.948,8.4252,0.3863,0.0538,0.2447
4,negative_training,CRADK,HRSD_21.1,HRSD21,full,MinMaxScaler,CatBoost,48,12,5,0.3751,6.7736,8.4041,0.4528,0.0585,0.414
4,negative_training,CRADK,HRSD_21.1,HRSD21,full,RobustScaler,Ridge,48,12,5,0.1198,7.5979,9.204,0.1833,-0.1292,0.1298
4,negative_training,CRADK,HRSD_21.1,HRSD21,full,RobustScaler,Lasso,48,12,5,0.115,7.5683,9.2171,0.1777,-0.1324,0.1263
4,negative_training,CRADK,HRSD_21.1,HRSD21,full,RobustScaler,ElasticNet,48,12,5,0.1183,7.4326,9.1345,0.1887,-0.1122,0.1649
4,negative_training,CRADK,HRSD_21.1,HRSD21,full,RobustScaler,SVR,48,12,5,0.1296,7.3576,8.3759,0.314,0.0649,0.2421
4,negative_training,CRADK,HRSD_21.1,HRSD21,full,RobustScaler,KNN,48,12,5,0.1867,7.5463,8.8705,0.2609,-0.0489,0.2035
4,negative_training,CRADK,HRSD_21.1,HRSD21,full,RobustScaler,RF,48,12,5,0.402,6.8458,8.4537,0.5397,0.0474,0.4316
4,negative_training,CRADK,HRSD_21.1,HRSD21,full,RobustScaler,ET,48,12,5,0.4266,6.8379,7.946,0.5374,0.1584,0.3965
4,negative_training,CRADK,HRSD_21.1,HRSD21,full,RobustScaler,GB,48,12,5,0.2521,7.829,10.238,0.3101,-0.3972,0.1649
4,negative_training,CRADK,HRSD_21.1,HRSD21,full,RobustScaler,XGB,48,12,5,0.3607,7.6414,9.5049,0.4744,-0.2042,0.4974
4,negative_training,CRADK,HRSD_21.1,HRSD21,full,RobustScaler,MLP,48,12,5,0.2244,7.1308,9.2238,0.2559,-0.1341,0.1649
4,negative_training,CRADK,HRSD_21.1,HRSD21,full,RobustScaler,LGBM,48,12,5,0.2039,7.6256,9.0998,0.2443,-0.1038,0.1908
4,negative_training,CRADK,HRSD_21.1,HRSD21,full,RobustScaler,CatBoost,48,12,5,0.3805,7.0846,8.3502,0.4919,0.0706,0.393
5,negative_training,CRADK,HRSD_21.1,HRSD21,full,StandardScaler,Ridge,48,12,10,0.0551,6.0357,7.4754,0.1054,-0.4642,0.0421
5,negative_training,CRADK,HRSD_21.1,HRSD21,full,StandardScaler,Lasso,48,12,10,0.0472,5.7463,7.1439,0.1101,-0.3372,-0.1158
5,negative_training,CRADK,HRSD_21.1,HRSD21,full,StandardScaler,ElasticNet,48,12,10,0.0817,5.6846,7.1933,0.1651,-0.3557,0.0281
5,negative_training,CRADK,HRSD_21.1,HRSD21,full,StandardScaler,SVR,48,12,10,0.1046,6.6611,8.1499,0.1343,-0.7403,0.1053
5,negative_training,CRADK,HRSD_21.1,HRSD21,full,StandardScaler,KNN,48,12,10,0.1766,5.9444,8.2383,0.2151,-0.7783,0.2306
5,negative_training,CRADK,HRSD_21.1,HRSD21,full,StandardScaler,RF,48,12,10,0.1582,5.4341,7.1775,0.2595,-0.3498,-0.1053
5,negative_training,CRADK,HRSD_21.1,HRSD21,full,StandardScaler,ET,48,12,10,0.1086,6.5842,8.2132,0.1669,-0.7674,-0.0526
5,negative_training,CRADK,HRSD_21.1,HRSD21,full,StandardScaler,GB,48,12,10,0.2089,5.6507,7.4531,0.2349,-0.4554,-0.0947
5,negative_training,CRADK,HRSD_21.1,HRSD21,full,StandardScaler,XGB,48,12,10,0.3543,4.4147,6.5104,0.4152,-0.1105,0.2
5,negative_training,CRADK,HRSD_21.1,HRSD21,full,StandardScaler,MLP,48,12,10,-0.1721,9.1591,14.3886,-0.2457,-4.4244,-0.1228
5,negative_training,CRADK,HRSD_21.1,HRSD21,full,StandardScaler,LGBM,48,12,10,0.1934,5.2285,6.4319,0.3362,-0.0839,-0.1127
5,negative_training,CRADK,HRSD_21.1,HRSD21,full,StandardScaler,CatBoost,48,12,10,0.2053,5.2513,7.3701,0.2741,-0.4232,0.0667
5,negative_training,CRADK,HRSD_21.1,HRSD21,full,MinMaxScaler,Ridge,48,12,10,0.1087,5.8952,7.451,0.1968,-0.4546,-0.0105
5,negative_training,CRADK,HRSD_21.1,HRSD21,full,MinMaxScaler,Lasso,48,12,10,0.0695,5.964,7.3297,0.1443,-0.4076,-0.0737
5,negative_training,CRADK,HRSD_21.1,HRSD21,full,MinMaxScaler,ElasticNet,48,12,10,0.0871,6.0606,7.5659,0.16,-0.4998,0.0211
5,negative_training,CRADK,HRSD_21.1,HRSD21,full,MinMaxScaler,SVR,48,12,10,0.1945,6.3385,8.1258,0.2577,-0.73,0.0561
5,negative_training,CRADK,HRSD_21.1,HRSD21,full,MinMaxScaler,KNN,48,12,10,0.0784,6.4167,8.2271,0.1166,-0.7734,0.1579
5,negative_training,CRADK,HRSD_21.1,HRSD21,full,MinMaxScaler,RF,48,12,10,0.1538,6.0492,7.7487,0.243,-0.5732,0.0947
5,negative_training,CRADK,HRSD_21.1,HRSD21,full,MinMaxScaler,ET,48,12,10,0.1621,6.8704,8.2557,0.2458,-0.7858,0.014
5,negative_training,CRADK,HRSD_21.1,HRSD21,full,MinMaxScaler,GB,48,12,10,0.1971,5.5909,7.3423,0.3063,-0.4125,0.2702
5,negative_training,CRADK,HRSD_21.1,HRSD21,full,MinMaxScaler,XGB,48,12,10,0.206,5.4035,7.6126,0.2479,-0.5184,0.2632
5,negative_training,CRADK,HRSD_21.1,HRSD21,full,MinMaxScaler,MLP,48,12,10,-0.0046,6.6749,8.9654,-0.0067,-1.106,-0.2386
5,negative_training,CRADK,HRSD_21.1,HRSD21,full,MinMaxScaler,LGBM,48,12,10,0.1117,5.9064,7.8105,0.1655,-0.5984,0.0877
5,negative_training,CRADK,HRSD_21.1,HRSD21,full,MinMaxScaler,CatBoost,48,12,10,0.203,5.7978,7.5848,0.3106,-0.5073,0.1509
5,negative_training,CRADK,HRSD_21.1,HRSD21,full,RobustScaler,Ridge,48,12,5,-0.0726,6.3673,7.8914,-0.1279,-0.6316,-0.1965
5,negative_training,CRADK,HRSD_21.1,HRSD21,full,RobustScaler,Lasso,48,12,5,-0.0801,6.6062,8.0232,-0.1291,-0.6866,-0.1825
5,negative_training,CRADK,HRSD_21.1,HRSD21,full,RobustScaler,ElasticNet,48,12,5,-0.0566,6.1961,7.7196,-0.116,-0.5614,-0.2316
5,negative_training,CRADK,HRSD_21.1,HRSD21,full,RobustScaler,SVR,48,12,5,0.1223,5.9369,7.9974,0.1693,-0.6758,-0.0421
5,negative_training,CRADK,HRSD_21.1,HRSD21,full,RobustScaler,KNN,48,12,5,0.1003,6.9524,8.4096,0.1904,-0.853,0.0088
5,negative_training,CRADK,HRSD_21.1,HRSD21,full,RobustScaler,RF,48,12,5,0.136,4.9925,6.5632,0.2179,-0.1286,0.0491
5,negative_training,CRADK,HRSD_21.1,HRSD21,full,RobustScaler,ET,48,12,5,0.0625,5.4738,6.9142,0.0885,-0.2526,-0.0596
5,negative_training,CRADK,HRSD_21.1,HRSD21,full,RobustScaler,GB,48,12,5,0.0266,5.9408,7.8746,0.0327,-0.6247,-0.1719
5,negative_training,CRADK,HRSD_21.1,HRSD21,full,RobustScaler,XGB,48,12,5,0.4506,5.1836,6.23,0.5704,-0.0169,0.4035
5,negative_training,CRADK,HRSD_21.1,HRSD21,full,RobustScaler,MLP,48,12,5,-0.1715,7.1259,9.5129,-0.2078,-1.371,-0.2035
5,negative_training,CRADK,HRSD_21.1,HRSD21,full,RobustScaler,LGBM,48,12,5,0.1981,5.2014,6.5434,0.3466,-0.1218,-0.1306
5,negative_training,CRADK,HRSD_21.1,HRSD21,full,RobustScaler,CatBoost,48,12,5,0.1075,5.4554,7.1142,0.1765,-0.3261,-0.0211
1,negative_training,CRADK,HRSD_24.1,HRSD24,full,StandardScaler,Ridge,48,12,5,-0.0059,11.5178,12.8325,-0.0102,-0.1096,-0.063
1,negative_training,CRADK,HRSD_24.1,HRSD24,full,StandardScaler,Lasso,48,12,5,-0.0101,11.4222,12.6935,-0.02,-0.0857,-0.063
1,negative_training,CRADK,HRSD_24.1,HRSD24,full,StandardScaler,ElasticNet,48,12,5,0.0044,11.3732,12.6062,0.0089,-0.0708,-0.0245
1,negative_training,CRADK,HRSD_24.1,HRSD24,full,StandardScaler,SVR,48,12,5,-0.0738,12.1663,13.208,-0.1351,-0.1755,-0.1191
1,negative_training,CRADK,HRSD_24.1,HRSD24,full,StandardScaler,KNN,48,12,5,-0.0291,11.7037,12.775,-0.0673,-0.0997,-0.1687
1,negative_training,CRADK,HRSD_24.1,HRSD24,full,StandardScaler,RF,48,12,5,0.0292,11.7712,12.7634,0.0474,-0.0977,-0.0525
1,negative_training,CRADK,HRSD_24.1,HRSD24,full,StandardScaler,ET,48,12,5,0.0268,11.6467,12.8114,0.0413,-0.1059,0.0
1,negative_training,CRADK,HRSD_24.1,HRSD24,full,StandardScaler,GB,48,12,5,0.3795,10.2952,10.7724,0.4907,0.2181,0.5254
1,negative_training,CRADK,HRSD_24.1,HRSD24,full,StandardScaler,XGB,48,12,5,-0.0813,12.3255,13.546,-0.1393,-0.2364,-0.3433
1,negative_training,CRADK,HRSD_24.1,HRSD24,full,StandardScaler,MLP,48,12,5,-0.0033,11.3307,12.8731,-0.0055,-0.1166,-0.063
1,negative_training,CRADK,HRSD_24.1,HRSD24,full,StandardScaler,LGBM,48,12,5,-0.027,11.7354,13.2797,-0.0394,-0.1883,-0.0838
1,negative_training,CRADK,HRSD_24.1,HRSD24,full,StandardScaler,CatBoost,48,12,5,0.043,11.6358,12.5195,0.0769,-0.0561,0.1016
1,negative_training,CRADK,HRSD_24.1,HRSD24,full,MinMaxScaler,Ridge,48,12,5,0.0206,11.2463,12.5244,0.0399,-0.0569,-0.0876
1,negative_training,CRADK,HRSD_24.1,HRSD24,full,MinMaxScaler,Lasso,48,12,5,0.0186,11.2774,12.5542,0.0354,-0.062,-0.1191
1,negative_training,CRADK,HRSD_24.1,HRSD24,full,MinMaxScaler,ElasticNet,48,12,5,0.013,11.1747,12.4191,0.03,-0.0392,-0.0841
1,negative_training,CRADK,HRSD_24.1,HRSD24,full,MinMaxScaler,SVR,48,12,5,0.1242,10.8073,12.5618,0.1639,-0.0633,0.1786
1,negative_training,CRADK,HRSD_24.1,HRSD24,full,MinMaxScaler,KNN,48,12,5,0.0583,11.1852,12.1555,0.141,0.0044,0.058
1,negative_training,CRADK,HRSD_24.1,HRSD24,full,MinMaxScaler,RF,48,12,5,0.0825,11.3104,12.3524,0.1364,-0.0281,-0.0245
1,negative_training,CRADK,HRSD_24.1,HRSD24,full,MinMaxScaler,ET,48,12,5,0.124,11.4454,12.3513,0.1873,-0.0279,0.1961
1,negative_training,CRADK,HRSD_24.1,HRSD24,full,MinMaxScaler,GB,48,12,5,0.1596,11.2032,13.3091,0.1748,-0.1935,0.1856
1,negative_training,CRADK,HRSD_24.1,HRSD24,full,MinMaxScaler,XGB,48,12,5,0.2118,11.1112,13.1226,0.2271,-0.1603,0.2312
1,negative_training,CRADK,HRSD_24.1,HRSD24,full,MinMaxScaler,MLP,48,12,5,0.0025,11.4232,12.801,0.0043,-0.1041,-0.1331
1,negative_training,CRADK,HRSD_24.1,HRSD24,full,MinMaxScaler,LGBM,48,12,5,0.0884,10.8795,12.5675,0.1319,-0.0642,0.0757
1,negative_training,CRADK,HRSD_24.1,HRSD24,full,MinMaxScaler,CatBoost,48,12,5,0.2144,10.5622,11.8324,0.2906,0.0566,0.1926
1,negative_training,CRADK,HRSD_24.1,HRSD24,full,RobustScaler,Ridge,48,12,5,0.0204,11.4106,12.6644,0.0358,-0.0807,-0.1016
1,negative_training,CRADK,HRSD_24.1,HRSD24,full,RobustScaler,Lasso,48,12,5,0.0144,11.3,12.5244,0.0291,-0.0569,-0.0666
1,negative_training,CRADK,HRSD_24.1,HRSD24,full,RobustScaler,ElasticNet,48,12,5,0.0174,11.2792,12.4635,0.037,-0.0467,-0.1016
1,negative_training,CRADK,HRSD_24.1,HRSD24,full,RobustScaler,SVR,48,12,5,0.0676,11.2374,12.5119,0.1055,-0.0548,-0.014
1,negative_training,CRADK,HRSD_24.1,HRSD24,full,RobustScaler,KNN,48,12,5,0.0517,11.4167,12.3257,0.107,-0.0237,-0.0281
1,negative_training,CRADK,HRSD_24.1,HRSD24,full,RobustScaler,RF,48,12,5,0.0223,11.9324,12.9806,0.0333,-0.1353,0.0
1,negative_training,CRADK,HRSD_24.1,HRSD24,full,RobustScaler,ET,48,12,5,0.0204,12.0962,13.2408,0.028,-0.1813,-0.0385
1,negative_training,CRADK,HRSD_24.1,HRSD24,full,RobustScaler,GB,48,12,5,0.2222,10.6706,11.845,0.2909,0.0546,0.2697
1,negative_training,CRADK,HRSD_24.1,HRSD24,full,RobustScaler,XGB,48,12,5,0.0802,11.6706,12.4364,0.1287,-0.0421,0.1509
1,negative_training,CRADK,HRSD_24.1,HRSD24,full,RobustScaler,MLP,48,12,5,0.0952,10.8795,12.5931,0.1322,-0.0686,-0.0175
1,negative_training,CRADK,HRSD_24.1,HRSD24,full,RobustScaler,LGBM,48,12,5,0.0191,11.3715,12.7819,0.031,-0.1008,-0.0707
1,negative_training,CRADK,HRSD_24.1,HRSD24,full,RobustScaler,CatBoost,48,12,5,0.0499,11.9843,12.8803,0.0716,-0.1179,0.1016
2,negative_training,CRADK,HRSD_24.1,HRSD24,full,StandardScaler,Ridge,48,12,5,0.2571,9.259,11.7614,0.2887,-0.5606,0.246
2,negative_training,CRADK,HRSD_24.1,HRSD24,full,StandardScaler,Lasso,48,12,5,0.2479,8.6332,11.1899,0.2849,-0.4126,0.246
2,negative_training,CRADK,HRSD_24.1,HRSD24,full,StandardScaler,ElasticNet,48,12,5,0.2492,8.5182,11.0384,0.2881,-0.3746,0.246
2,negative_training,CRADK,HRSD_24.1,HRSD24,full,StandardScaler,SVR,48,12,5,-0.1714,10.1182,13.1181,-0.179,-0.9414,-0.1054
2,negative_training,CRADK,HRSD_24.1,HRSD24,full,StandardScaler,KNN,48,12,5,0.0012,8.8333,12.8074,0.0014,-0.8505,0.1396
2,negative_training,CRADK,HRSD_24.1,HRSD24,full,StandardScaler,RF,48,12,5,-0.0174,9.2321,12.8867,-0.0197,-0.8735,0.1778
2,negative_training,CRADK,HRSD_24.1,HRSD24,full,StandardScaler,ET,48,12,5,0.0087,9.6908,12.9523,0.0092,-0.8927,0.1406
2,negative_training,CRADK,HRSD_24.1,HRSD24,full,StandardScaler,GB,48,12,5,-0.0197,9.8064,13.0477,-0.0217,-0.9206,-0.0018
2,negative_training,CRADK,HRSD_24.1,HRSD24,full,StandardScaler,XGB,48,12,5,-0.0043,10.1246,13.4028,-0.0047,-1.0266,0.0949
2,negative_training,CRADK,HRSD_24.1,HRSD24,full,StandardScaler,MLP,48,12,5,0.1517,9.2294,12.0498,0.172,-0.6381,0.1757
2,negative_training,CRADK,HRSD_24.1,HRSD24,full,StandardScaler,LGBM,48,12,5,-0.04,8.7907,11.375,-0.0559,-0.4598,0.0227
2,negative_training,CRADK,HRSD_24.1,HRSD24,full,StandardScaler,CatBoost,48,12,5,0.01,9.0365,12.6129,0.0112,-0.7948,0.0387
2,negative_training,CRADK,HRSD_24.1,HRSD24,full,MinMaxScaler,Ridge,48,12,5,0.2611,9.1481,11.7309,0.2955,-0.5525,0.2144
2,negative_training,CRADK,HRSD_24.1,HRSD24,full,MinMaxScaler,Lasso,48,12,5,0.2614,9.1065,11.6774,0.2958,-0.5384,0.2144
2,negative_training,CRADK,HRSD_24.1,HRSD24,full,MinMaxScaler,ElasticNet,48,12,5,0.2534,8.5641,10.9909,0.2958,-0.3628,0.2144
2,negative_training,CRADK,HRSD_24.1,HRSD24,full,MinMaxScaler,SVR,48,12,5,0.1043,8.2088,11.3935,0.1562,-0.4645,0.2144
2,negative_training,CRADK,HRSD_24.1,HRSD24,full,MinMaxScaler,KNN,48,12,5,0.0642,8.1296,11.4579,0.0808,-0.4811,0.1791
2,negative_training,CRADK,HRSD_24.1,HRSD24,full,MinMaxScaler,RF,48,12,5,0.0362,8.9398,12.6118,0.0404,-0.7944,0.2025
2,negative_training,CRADK,HRSD_24.1,HRSD24,full,MinMaxScaler,ET,48,12,5,0.0871,9.5483,13.015,0.0908,-0.911,0.1301
2,negative_training,CRADK,HRSD_24.1,HRSD24,full,MinMaxScaler,GB,48,12,5,-0.0133,10.1668,13.8491,-0.0149,-1.1638,0.1828
2,negative_training,CRADK,HRSD_24.1,HRSD24,full,MinMaxScaler,XGB,48,12,5,0.0255,10.7194,14.2771,0.0276,-1.2996,0.1301
2,negative_training,CRADK,HRSD_24.1,HRSD24,full,MinMaxScaler,MLP,48,12,5,0.2172,9.4998,12.1462,0.2412,-0.6644,0.2144
2,negative_training,CRADK,HRSD_24.1,HRSD24,full,MinMaxScaler,LGBM,48,12,5,-0.013,8.583,11.254,-0.0194,-0.4288,0.0743
2,negative_training,CRADK,HRSD_24.1,HRSD24,full,MinMaxScaler,CatBoost,48,12,5,0.0421,8.8833,12.4826,0.047,-0.7579,0.1054
2,negative_training,CRADK,HRSD_24.1,HRSD24,full,RobustScaler,Ridge,48,12,5,0.2554,9.1455,11.7045,0.2881,-0.5455,0.246
2,negative_training,CRADK,HRSD_24.1,HRSD24,full,RobustScaler,Lasso,48,12,5,0.2398,8.636,11.2339,0.2766,-0.4238,0.2144
2,negative_training,CRADK,HRSD_24.1,HRSD24,full,RobustScaler,ElasticNet,48,12,5,0.2551,9.5083,11.9742,0.285,-0.6176,0.2144
2,negative_training,CRADK,HRSD_24.1,HRSD24,full,RobustScaler,SVR,48,12,5,-0.1209,8.8746,11.7862,-0.22,-0.5672,-0.0808
2,negative_training,CRADK,HRSD_24.1,HRSD24,full,RobustScaler,KNN,48,12,5,-0.0624,9.1574,12.2194,-0.0731,-0.6845,0.1082
2,negative_training,CRADK,HRSD_24.1,HRSD24,full,RobustScaler,RF,48,12,5,-0.0174,9.2321,12.8867,-0.0197,-0.8735,0.1778
2,negative_training,CRADK,HRSD_24.1,HRSD24,full,RobustScaler,ET,48,12,5,0.0087,9.6908,12.9523,0.0092,-0.8927,0.1406
2,negative_training,CRADK,HRSD_24.1,HRSD24,full,RobustScaler,GB,48,12,5,-0.0197,9.8064,13.0477,-0.0217,-0.9206,-0.0018
2,negative_training,CRADK,HRSD_24.1,HRSD24,full,RobustScaler,XGB,48,12,5,-0.0043,10.1246,13.4028,-0.0047,-1.0266,0.0949
2,negative_training,CRADK,HRSD_24.1,HRSD24,full,RobustScaler,MLP,48,12,5,0.1397,9.09,12.0478,0.1581,-0.6375,0.1687
2,negative_training,CRADK,HRSD_24.1,HRSD24,full,RobustScaler,LGBM,48,12,5,0.0005,8.9257,11.2633,0.0007,-0.4312,0.0494
2,negative_training,CRADK,HRSD_24.1,HRSD24,full,RobustScaler,CatBoost,48,12,5,0.01,9.0365,12.6129,0.0112,-0.7948,0.0387
3,negative_training,CRADK,HRSD_24.1,HRSD24,full,StandardScaler,Ridge,48,12,5,-0.0774,9.3325,11.418,-0.1035,-0.3062,-0.1608
3,negative_training,CRADK,HRSD_24.1,HRSD24,full,StandardScaler,Lasso,48,12,5,-0.0701,9.2824,11.1223,-0.1043,-0.2395,-0.1888
3,negative_training,CRADK,HRSD_24.1,HRSD24,full,StandardScaler,ElasticNet,48,12,5,-0.0856,9.4474,11.7259,-0.1064,-0.3776,-0.1888
3,negative_training,CRADK,HRSD_24.1,HRSD24,full,StandardScaler,SVR,48,12,5,-0.0836,10.3782,12.7291,-0.092,-0.6235,-0.1818
3,negative_training,CRADK,HRSD_24.1,HRSD24,full,StandardScaler,KNN,48,12,5,-0.0566,9.1389,11.234,-0.0776,-0.2645,-0.0841
3,negative_training,CRADK,HRSD_24.1,HRSD24,full,StandardScaler,RF,48,12,5,-0.0872,9.3556,11.969,-0.1034,-0.4354,-0.1329
3,negative_training,CRADK,HRSD_24.1,HRSD24,full,StandardScaler,ET,48,12,5,-0.0935,10.0933,12.1809,-0.1088,-0.4866,-0.2308
3,negative_training,CRADK,HRSD_24.1,HRSD24,full,StandardScaler,GB,48,12,5,-0.1946,12.0952,15.1496,-0.1975,-1.2996,-0.1538
3,negative_training,CRADK,HRSD_24.1,HRSD24,full,StandardScaler,XGB,48,12,5,0.0457,10.6477,13.2335,0.046,-0.7547,-0.0769
3,negative_training,CRADK,HRSD_24.1,HRSD24,full,StandardScaler,MLP,48,12,5,-0.2259,12.1535,14.2206,-0.2357,-1.0262,-0.4126
3,negative_training,CRADK,HRSD_24.1,HRSD24,full,StandardScaler,LGBM,48,12,5,-0.0427,9.1623,12.4331,-0.0487,-0.5488,-0.1582
3,negative_training,CRADK,HRSD_24.1,HRSD24,full,StandardScaler,CatBoost,48,12,5,-0.105,9.7143,12.1652,-0.1271,-0.4828,-0.1049
3,negative_training,CRADK,HRSD_24.1,HRSD24,full,MinMaxScaler,Ridge,48,12,10,-0.172,10.2313,12.3796,-0.2025,-0.5355,-0.2028
3,negative_training,CRADK,HRSD_24.1,HRSD24,full,MinMaxScaler,Lasso,48,12,10,-0.1561,10.2392,12.5188,-0.1771,-0.5703,-0.1538
3,negative_training,CRADK,HRSD_24.1,HRSD24,full,MinMaxScaler,ElasticNet,48,12,10,-0.1836,10.4913,12.9022,-0.2023,-0.6679,-0.2028
3,negative_training,CRADK,HRSD_24.1,HRSD24,full,MinMaxScaler,SVR,48,12,10,-0.2677,11.4177,14.1147,-0.2826,-0.9961,-0.2867
3,negative_training,CRADK,HRSD_24.1,HRSD24,full,MinMaxScaler,KNN,48,12,10,0.192,8.2222,10.0278,0.2478,-0.0075,0.1469
3,negative_training,CRADK,HRSD_24.1,HRSD24,full,MinMaxScaler,RF,48,12,10,-0.1049,9.5081,11.5498,-0.1389,-0.3366,-0.1538
3,negative_training,CRADK,HRSD_24.1,HRSD24,full,MinMaxScaler,ET,48,12,10,-0.1182,9.6517,11.5803,-0.1594,-0.3436,-0.1538
3,negative_training,CRADK,HRSD_24.1,HRSD24,full,MinMaxScaler,GB,48,12,10,-0.1083,10.3747,12.626,-0.1189,-0.5973,-0.1608
3,negative_training,CRADK,HRSD_24.1,HRSD24,full,MinMaxScaler,XGB,48,12,10,-0.1017,10.7403,12.9893,-0.1075,-0.6905,-0.1329
3,negative_training,CRADK,HRSD_24.1,HRSD24,full,MinMaxScaler,MLP,48,12,10,-0.144,10.6541,13.5025,-0.1489,-0.8267,-0.1049
3,negative_training,CRADK,HRSD_24.1,HRSD24,full,MinMaxScaler,LGBM,48,12,10,0.0007,9.0758,11.5721,0.0008,-0.3417,0.1751
3,negative_training,CRADK,HRSD_24.1,HRSD24,full,MinMaxScaler,CatBoost,48,12,10,-0.0853,9.4335,11.5077,-0.1106,-0.3268,-0.1958
3,negative_training,CRADK,HRSD_24.1,HRSD24,full,RobustScaler,Ridge,48,12,5,-0.0368,9.2702,11.6241,-0.0444,-0.3538,-0.1818
3,negative_training,CRADK,HRSD_24.1,HRSD24,full,RobustScaler,Lasso,48,12,5,-0.0403,9.2853,11.6416,-0.0487,-0.3579,-0.1818
3,negative_training,CRADK,HRSD_24.1,HRSD24,full,RobustScaler,ElasticNet,48,12,5,-0.0681,9.3675,11.6361,-0.0841,-0.3566,-0.1119
3,negative_training,CRADK,HRSD_24.1,HRSD24,full,RobustScaler,SVR,48,12,5,-0.174,10.1511,12.3584,-0.2167,-0.5303,-0.2168
3,negative_training,CRADK,HRSD_24.1,HRSD24,full,RobustScaler,KNN,48,12,5,-0.1733,9.4074,12.109,-0.2165,-0.4691,-0.2417
3,negative_training,CRADK,HRSD_24.1,HRSD24,full,RobustScaler,RF,48,12,5,-0.2649,10.1633,12.9645,-0.3064,-0.684,-0.3636
3,negative_training,CRADK,HRSD_24.1,HRSD24,full,RobustScaler,ET,48,12,5,-0.1529,9.4799,12.3888,-0.1769,-0.5378,-0.2448
3,negative_training,CRADK,HRSD_24.1,HRSD24,full,RobustScaler,GB,48,12,5,-0.2268,10.9633,13.7124,-0.238,-0.884,-0.2797
3,negative_training,CRADK,HRSD_24.1,HRSD24,full,RobustScaler,XGB,48,12,5,-0.1629,10.8378,13.563,-0.1688,-0.8431,-0.1958
3,negative_training,CRADK,HRSD_24.1,HRSD24,full,RobustScaler,MLP,48,12,5,-0.0354,9.7066,12.8363,-0.0386,-0.6509,-0.1538
3,negative_training,CRADK,HRSD_24.1,HRSD24,full,RobustScaler,LGBM,48,12,5,-0.068,9.4586,12.4549,-0.0792,-0.5543,-0.1324
3,negative_training,CRADK,HRSD_24.1,HRSD24,full,RobustScaler,CatBoost,48,12,5,-0.1753,9.7637,12.8379,-0.1986,-0.6513,-0.2517
4,negative_training,CRADK,HRSD_24.1,HRSD24,full,StandardScaler,Ridge,48,12,5,0.0286,10.7331,12.2105,0.0403,-0.2835,-0.0632
4,negative_training,CRADK,HRSD_24.1,HRSD24,full,StandardScaler,Lasso,48,12,5,0.0162,10.7892,12.2947,0.0233,-0.3012,-0.0632
4,negative_training,CRADK,HRSD_24.1,HRSD24,full,StandardScaler,ElasticNet,48,12,5,0.0364,10.6872,12.1447,0.051,-0.2697,-0.0632
4,negative_training,CRADK,HRSD_24.1,HRSD24,full,StandardScaler,SVR,48,12,5,0.2511,9.396,10.5799,0.3448,0.0364,0.1368
4,negative_training,CRADK,HRSD_24.1,HRSD24,full,StandardScaler,KNN,48,12,5,0.2972,8.6667,10.0822,0.4559,0.125,0.2246
4,negative_training,CRADK,HRSD_24.1,HRSD24,full,StandardScaler,RF,48,12,5,0.2155,9.1027,10.5608,0.3436,0.0399,0.1404
4,negative_training,CRADK,HRSD_24.1,HRSD24,full,StandardScaler,ET,48,12,5,0.2649,9.3954,11.334,0.335,-0.1058,0.3228
4,negative_training,CRADK,HRSD_24.1,HRSD24,full,StandardScaler,GB,48,12,5,0.4293,9.1342,10.4311,0.4504,0.0634,0.3684
4,negative_training,CRADK,HRSD_24.1,HRSD24,full,StandardScaler,XGB,48,12,5,0.3499,9.5088,11.291,0.3711,-0.0974,0.3649
4,negative_training,CRADK,HRSD_24.1,HRSD24,full,StandardScaler,MLP,48,12,5,0.3538,9.4552,11.177,0.4361,-0.0754,0.2351
4,negative_training,CRADK,HRSD_24.1,HRSD24,full,StandardScaler,LGBM,48,12,5,0.2454,8.8323,10.4063,0.3621,0.0678,0.2029
4,negative_training,CRADK,HRSD_24.1,HRSD24,full,StandardScaler,CatBoost,48,12,5,0.4492,7.5419,9.2109,0.565,0.2697,0.4561
4,negative_training,CRADK,HRSD_24.1,HRSD24,full,MinMaxScaler,Ridge,48,12,5,0.1046,10.368,11.6048,0.1387,-0.1593,0.0561
4,negative_training,CRADK,HRSD_24.1,HRSD24,full,MinMaxScaler,Lasso,48,12,5,0.0881,10.1941,11.5297,0.1228,-0.1443,0.0035
4,negative_training,CRADK,HRSD_24.1,HRSD24,full,MinMaxScaler,ElasticNet,48,12,5,0.1029,10.2956,11.5499,0.1389,-0.1483,0.0561
4,negative_training,CRADK,HRSD_24.1,HRSD24,full,MinMaxScaler,SVR,48,12,5,0.0971,9.6949,10.9674,0.1581,-0.0354,0.0281
4,negative_training,CRADK,HRSD_24.1,HRSD24,full,MinMaxScaler,KNN,48,12,5,0.1578,9.0556,10.6509,0.26,0.0235,0.1544
4,negative_training,CRADK,HRSD_24.1,HRSD24,full,MinMaxScaler,RF,48,12,5,0.2294,9.1745,10.2178,0.3548,0.1013,0.2211
4,negative_training,CRADK,HRSD_24.1,HRSD24,full,MinMaxScaler,ET,48,12,5,0.1817,9.7285,10.899,0.2297,-0.0226,0.3719
4,negative_training,CRADK,HRSD_24.1,HRSD24,full,MinMaxScaler,GB,48,12,5,0.397,8.5068,9.9807,0.4359,0.1425,0.3719
4,negative_training,CRADK,HRSD_24.1,HRSD24,full,MinMaxScaler,XGB,48,12,5,0.3465,9.2148,10.2686,0.3861,0.0923,0.5053
4,negative_training,CRADK,HRSD_24.1,HRSD24,full,MinMaxScaler,MLP,48,12,5,0.1955,9.2865,10.5689,0.282,0.0384,0.0702
4,negative_training,CRADK,HRSD_24.1,HRSD24,full,MinMaxScaler,LGBM,48,12,5,0.3433,8.5137,9.6569,0.4681,0.1972,0.375
4,negative_training,CRADK,HRSD_24.1,HRSD24,full,MinMaxScaler,CatBoost,48,12,5,0.2482,9.1431,10.1155,0.3524,0.1192,0.2316
4,negative_training,CRADK,HRSD_24.1,HRSD24,full,RobustScaler,Ridge,48,12,5,0.0325,10.7078,12.1764,0.0458,-0.2763,-0.0632
4,negative_training,CRADK,HRSD_24.1,HRSD24,full,RobustScaler,Lasso,48,12,5,0.0176,10.7796,12.2814,0.0251,-0.2984,-0.0632
4,negative_training,CRADK,HRSD_24.1,HRSD24,full,RobustScaler,ElasticNet,48,12,5,0.0406,10.6587,12.1076,0.0567,-0.2619,-0.0632
4,negative_training,CRADK,HRSD_24.1,HRSD24,full,RobustScaler,SVR,48,12,5,0.4517,9.2476,10.57,0.4828,0.0382,0.3544
4,negative_training,CRADK,HRSD_24.1,HRSD24,full,RobustScaler,KNN,48,12,5,0.2831,8.4907,10.3437,0.3954,0.079,0.239
4,negative_training,CRADK,HRSD_24.1,HRSD24,full,RobustScaler,RF,48,12,5,0.2159,9.0993,10.5546,0.3452,0.041,0.1404
4,negative_training,CRADK,HRSD_24.1,HRSD24,full,RobustScaler,ET,48,12,5,0.2649,9.3954,11.334,0.335,-0.1058,0.3228
4,negative_training,CRADK,HRSD_24.1,HRSD24,full,RobustScaler,GB,48,12,5,0.4293,9.1342,10.4311,0.4504,0.0634,0.3684
4,negative_training,CRADK,HRSD_24.1,HRSD24,full,RobustScaler,XGB,48,12,5,0.3499,9.5088,11.291,0.3711,-0.0974,0.3649
4,negative_training,CRADK,HRSD_24.1,HRSD24,full,RobustScaler,MLP,48,12,5,0.2933,9.6958,11.227,0.3845,-0.085,0.1509
4,negative_training,CRADK,HRSD_24.1,HRSD24,full,RobustScaler,LGBM,48,12,5,0.2531,8.8428,10.3994,0.368,0.069,0.2609
4,negative_training,CRADK,HRSD_24.1,HRSD24,full,RobustScaler,CatBoost,48,12,5,0.4492,7.5419,9.2109,0.565,0.2697,0.4561
5,negative_training,CRADK,HRSD_24.1,HRSD24,full,StandardScaler,Ridge,48,12,5,0.2179,5.4596,7.6175,0.2927,-0.1177,0.2452
5,negative_training,CRADK,HRSD_24.1,HRSD24,full,StandardScaler,Lasso,48,12,5,0.2,5.2887,7.7772,0.2429,-0.165,0.3082
5,negative_training,CRADK,HRSD_24.1,HRSD24,full,StandardScaler,ElasticNet,48,12,5,0.2069,5.4008,7.4494,0.3243,-0.0689,0.2067
5,negative_training,CRADK,HRSD_24.1,HRSD24,full,StandardScaler,SVR,48,12,5,0.1839,5.5898,8.5532,0.2084,-0.4091,0.2802
5,negative_training,CRADK,HRSD_24.1,HRSD24,full,StandardScaler,KNN,48,12,5,0.3157,5.5648,7.49,0.3929,-0.0806,0.3573
5,negative_training,CRADK,HRSD_24.1,HRSD24,full,StandardScaler,RF,48,12,5,0.2602,5.496,7.7524,0.3373,-0.1576,0.3503
5,negative_training,CRADK,HRSD_24.1,HRSD24,full,StandardScaler,ET,48,12,5,0.2669,5.2969,7.8983,0.3166,-0.2016,0.2487
5,negative_training,CRADK,HRSD_24.1,HRSD24,full,StandardScaler,GB,48,12,5,0.5748,4.5698,5.7676,0.6104,0.3593,0.4308
5,negative_training,CRADK,HRSD_24.1,HRSD24,full,StandardScaler,XGB,48,12,5,0.5045,5.2313,6.4394,0.5212,0.2013,0.4308
5,negative_training,CRADK,HRSD_24.1,HRSD24,full,StandardScaler,MLP,48,12,5,0.3037,5.7509,7.5468,0.3287,-0.097,0.3818
5,negative_training,CRADK,HRSD_24.1,HRSD24,full,StandardScaler,LGBM,48,12,5,0.1587,5.5389,8.4522,0.1869,-0.3761,0.2988
5,negative_training,CRADK,HRSD_24.1,HRSD24,full,StandardScaler,CatBoost,48,12,5,0.2589,5.2768,7.8865,0.3223,-0.198,0.3433
5,negative_training,CRADK,HRSD_24.1,HRSD24,full,MinMaxScaler,Ridge,48,12,15,0.1952,6.2025,8.047,0.2927,-0.2473,0.2732
5,negative_training,CRADK,HRSD_24.1,HRSD24,full,MinMaxScaler,Lasso,48,12,15,0.1877,6.329,8.172,0.2853,-0.2863,0.2592
5,negative_training,CRADK,HRSD_24.1,HRSD24,full,MinMaxScaler,ElasticNet,48,12,15,0.1961,6.0718,7.9322,0.3051,-0.2119,0.2732
5,negative_training,CRADK,HRSD_24.1,HRSD24,full,MinMaxScaler,SVR,48,12,15,0.1264,6.2313,8.6125,0.1519,-0.4287,0.2382
5,negative_training,CRADK,HRSD_24.1,HRSD24,full,MinMaxScaler,KNN,48,12,15,0.2851,5.8241,7.5461,0.3691,-0.0968,0.3193
5,negative_training,CRADK,HRSD_24.1,HRSD24,full,MinMaxScaler,RF,48,12,15,0.2124,5.8808,7.9434,0.2771,-0.2154,0.1316
5,negative_training,CRADK,HRSD_24.1,HRSD24,full,MinMaxScaler,ET,48,12,15,0.3152,5.2421,7.3552,0.3923,-0.042,0.2872
5,negative_training,CRADK,HRSD_24.1,HRSD24,full,MinMaxScaler,GB,48,12,15,0.2582,6.7835,8.4982,0.2877,-0.3911,0.0771
5,negative_training,CRADK,HRSD_24.1,HRSD24,full,MinMaxScaler,XGB,48,12,15,0.3816,6.3035,7.7992,0.4137,-0.1716,0.2837
5,negative_training,CRADK,HRSD_24.1,HRSD24,full,MinMaxScaler,MLP,48,12,15,0.1949,6.183,8.3129,0.28,-0.3311,0.1121
5,negative_training,CRADK,HRSD_24.1,HRSD24,full,MinMaxScaler,LGBM,48,12,15,0.3308,5.7837,7.279,0.3973,-0.0206,0.1655
5,negative_training,CRADK,HRSD_24.1,HRSD24,full,MinMaxScaler,CatBoost,48,12,15,0.2886,5.9782,8.3771,0.3626,-0.3517,0.1401
5,negative_training,CRADK,HRSD_24.1,HRSD24,full,RobustScaler,Ridge,48,12,5,0.2668,5.8391,7.8004,0.3471,-0.172,0.3047
5,negative_training,CRADK,HRSD_24.1,HRSD24,full,RobustScaler,Lasso,48,12,5,0.2477,5.8095,7.9851,0.3019,-0.2282,0.3292
5,negative_training,CRADK,HRSD_24.1,HRSD24,full,RobustScaler,ElasticNet,48,12,5,0.234,5.5816,7.4978,0.3629,-0.0828,0.3257
5,negative_training,CRADK,HRSD_24.1,HRSD24,full,RobustScaler,SVR,48,12,5,0.1415,6.1597,9.3907,0.1563,-0.6986,0.2522
5,negative_training,CRADK,HRSD_24.1,HRSD24,full,RobustScaler,KNN,48,12,5,0.2599,5.5185,8.387,0.3132,-0.3549,0.3093
5,negative_training,CRADK,HRSD_24.1,HRSD24,full,RobustScaler,RF,48,12,5,0.2862,5.2894,8.0838,0.3573,-0.2587,0.3292
5,negative_training,CRADK,HRSD_24.1,HRSD24,full,RobustScaler,ET,48,12,5,0.3097,4.8939,7.8455,0.3518,-0.1856,0.3993
5,negative_training,CRADK,HRSD_24.1,HRSD24,full,RobustScaler,GB,48,12,5,0.2941,5.9793,9.6538,0.3586,-0.7951,0.4343
5,negative_training,CRADK,HRSD_24.1,HRSD24,full,RobustScaler,XGB,48,12,5,0.2061,6.684,10.1795,0.2375,-0.9959,0.3748
5,negative_training,CRADK,HRSD_24.1,HRSD24,full,RobustScaler,MLP,48,12,5,0.2578,6.969,8.7683,0.2659,-0.4809,0.2312
5,negative_training,CRADK,HRSD_24.1,HRSD24,full,RobustScaler,LGBM,48,12,5,0.0248,5.7301,9.0699,0.0277,-0.5845,0.1301
5,negative_training,CRADK,HRSD_24.1,HRSD24,full,RobustScaler,CatBoost,48,12,5,0.2257,6.1986,8.931,0.2404,-0.5364,0.3012
