fold,phase,condition,target,target_short,features,scaler,model,n_train,n_test,n_features,CCC,MAE,RMSE,Pearson_r,R2,Spearman_r
1,positive_training,CR,phq_8,PHQ8,full,StandardScaler,Ridge,48,12,5,-0.003,3.786,4.7952,-0.1968,-0.0135,-0.1719
1,positive_training,CR,phq_8,PHQ8,full,StandardScaler,Lasso,48,12,5,0.0,3.8056,4.7987,,-0.015,
1,positive_training,CR,phq_8,PHQ8,full,StandardScaler,ElasticNet,48,12,5,0.0,3.8056,4.7987,,-0.015,
1,positive_training,CR,phq_8,PHQ8,full,StandardScaler,SVR,48,12,5,-0.0903,3.9019,5.1396,-0.2036,-0.1643,-0.2281
1,positive_training,CR,phq_8,PHQ8,full,StandardScaler,KNN,48,12,5,-0.1603,4.6019,5.6482,-0.22,-0.4062,-0.3168
1,positive_training,CR,phq_8,PHQ8,full,StandardScaler,RF,48,12,5,-0.0259,4.3067,5.3371,-0.0336,-0.2555,0.0386
1,positive_training,CR,phq_8,PHQ8,full,StandardScaler,ET,48,12,5,-0.1051,5.125,6.1896,-0.1184,-0.6886,-0.1158
1,positive_training,CR,phq_8,PHQ8,full,StandardScaler,GB,48,12,5,-0.1647,6.0602,7.1146,-0.1688,-1.2311,-0.2105
1,positive_training,CR,phq_8,PHQ8,full,StandardScaler,XGB,48,12,5,-0.096,5.4934,6.4204,-0.1012,-0.8169,-0.1831
1,positive_training,CR,phq_8,PHQ8,full,StandardScaler,MLP,48,12,5,-0.1174,4.0604,5.3197,-0.2084,-0.2474,-0.214
1,positive_training,CR,phq_8,PHQ8,full,StandardScaler,LGBM,48,12,5,-0.0446,4.305,5.5262,-0.0561,-0.346,0.1415
1,positive_training,CR,phq_8,PHQ8,full,StandardScaler,CatBoost,48,12,5,-0.1445,4.7562,5.7686,-0.1753,-0.4668,-0.1789
1,positive_training,CR,phq_8,PHQ8,full,MinMaxScaler,Ridge,48,12,5,-0.0003,3.8037,4.7983,-0.1899,-0.0148,-0.2982
1,positive_training,CR,phq_8,PHQ8,full,MinMaxScaler,Lasso,48,12,5,0.0,3.8056,4.7987,,-0.015,
1,positive_training,CR,phq_8,PHQ8,full,MinMaxScaler,ElasticNet,48,12,5,0.0,3.8056,4.7987,,-0.015,
1,positive_training,CR,phq_8,PHQ8,full,MinMaxScaler,SVR,48,12,5,-0.0733,3.8401,5.07,-0.2068,-0.133,-0.2982
1,positive_training,CR,phq_8,PHQ8,full,MinMaxScaler,KNN,48,12,5,0.0298,5.0556,5.823,0.0343,-0.4945,0.059
1,positive_training,CR,phq_8,PHQ8,full,MinMaxScaler,RF,48,12,5,-0.0538,4.672,5.4779,-0.0673,-0.3227,-0.0667
1,positive_training,CR,phq_8,PHQ8,full,MinMaxScaler,ET,48,12,5,-0.0846,5.1242,6.1564,-0.0981,-0.6706,-0.0316
1,positive_training,CR,phq_8,PHQ8,full,MinMaxScaler,GB,48,12,5,-0.2995,6.513,7.2017,-0.3129,-1.286,-0.4095
1,positive_training,CR,phq_8,PHQ8,full,MinMaxScaler,XGB,48,12,5,-0.3055,5.7388,6.6258,-0.3261,-0.935,-0.2947
1,positive_training,CR,phq_8,PHQ8,full,MinMaxScaler,MLP,48,12,5,-0.0017,3.7814,4.7897,-0.1699,-0.0112,-0.2456
1,positive_training,CR,phq_8,PHQ8,full,MinMaxScaler,LGBM,48,12,5,-0.0733,4.4929,5.673,-0.0895,-0.4185,0.1855
1,positive_training,CR,phq_8,PHQ8,full,MinMaxScaler,CatBoost,48,12,5,-0.1913,5.4806,6.298,-0.2186,-0.7483,-0.2702
1,positive_training,CR,phq_8,PHQ8,full,RobustScaler,Ridge,48,12,5,-0.1449,4.3338,5.449,-0.2193,-0.3087,-0.2456
1,positive_training,CR,phq_8,PHQ8,full,RobustScaler,Lasso,48,12,5,0.0,3.8056,4.7987,,-0.015,
1,positive_training,CR,phq_8,PHQ8,full,RobustScaler,ElasticNet,48,12,5,-0.0218,3.8201,4.8325,-0.3781,-0.0293,-0.3018
1,positive_training,CR,phq_8,PHQ8,full,RobustScaler,SVR,48,12,5,-0.289,5.0891,6.3399,-0.3246,-0.7716,-0.3263
1,positive_training,CR,phq_8,PHQ8,full,RobustScaler,KNN,48,12,5,-0.2318,4.7222,5.7863,-0.3174,-0.4758,-0.3504
1,positive_training,CR,phq_8,PHQ8,full,RobustScaler,RF,48,12,5,-0.1136,4.7636,5.5666,-0.1606,-0.3658,-0.0632
1,positive_training,CR,phq_8,PHQ8,full,RobustScaler,ET,48,12,5,-0.1646,5.1219,5.8574,-0.2128,-0.5123,-0.2105
1,positive_training,CR,phq_8,PHQ8,full,RobustScaler,GB,48,12,5,0.0229,5.8393,6.6471,0.0268,-0.9475,-0.0018
1,positive_training,CR,phq_8,PHQ8,full,RobustScaler,XGB,48,12,5,-0.0977,5.9016,6.6477,-0.1067,-0.9478,-0.0545
1,positive_training,CR,phq_8,PHQ8,full,RobustScaler,MLP,48,12,5,-0.2062,4.18,5.5111,-0.348,-0.3387,-0.393
1,positive_training,CR,phq_8,PHQ8,full,RobustScaler,LGBM,48,12,5,-0.1109,4.7381,5.7241,-0.1323,-0.4442,-0.0375
1,positive_training,CR,phq_8,PHQ8,full,RobustScaler,CatBoost,48,12,5,-0.1775,4.5223,5.5398,-0.2874,-0.3527,-0.2421
2,positive_training,CR,phq_8,PHQ8,full,StandardScaler,Ridge,48,12,5,-0.1449,4.5138,5.3893,-0.1575,-0.8059,-0.2491
2,positive_training,CR,phq_8,PHQ8,full,StandardScaler,Lasso,48,12,5,-0.1415,4.6921,5.6888,-0.1463,-1.0122,-0.2632
2,positive_training,CR,phq_8,PHQ8,full,StandardScaler,ElasticNet,48,12,5,-0.1448,4.6404,5.5983,-0.1519,-0.9486,-0.3509
2,positive_training,CR,phq_8,PHQ8,full,StandardScaler,SVR,48,12,5,-0.0099,4.6773,5.7665,-0.0108,-1.0675,-0.1228
2,positive_training,CR,phq_8,PHQ8,full,StandardScaler,KNN,48,12,5,-0.1539,6.0278,7.0848,-0.2284,-2.1209,-0.3521
2,positive_training,CR,phq_8,PHQ8,full,StandardScaler,RF,48,12,5,-0.0847,3.9147,4.6214,-0.1441,-0.3279,-0.2105
2,positive_training,CR,phq_8,PHQ8,full,StandardScaler,ET,48,12,5,-0.1904,4.2913,5.6068,-0.2542,-0.9546,-0.3333
2,positive_training,CR,phq_8,PHQ8,full,StandardScaler,GB,48,12,5,-0.4235,5.6292,6.6165,-0.516,-1.7219,-0.5368
2,positive_training,CR,phq_8,PHQ8,full,StandardScaler,XGB,48,12,5,-0.5286,5.7669,6.5427,-0.6876,-1.6615,-0.6
2,positive_training,CR,phq_8,PHQ8,full,StandardScaler,MLP,48,12,5,-0.1216,4.867,6.3082,-0.1384,-1.4742,-0.2526
2,positive_training,CR,phq_8,PHQ8,full,StandardScaler,LGBM,48,12,5,0.1054,3.8225,4.716,0.1217,-0.3828,-0.0053
2,positive_training,CR,phq_8,PHQ8,full,StandardScaler,CatBoost,48,12,5,-0.2411,5.072,6.3659,-0.3163,-1.5196,-0.2526
2,positive_training,CR,phq_8,PHQ8,full,MinMaxScaler,Ridge,48,12,10,-0.0665,4.0848,4.8018,-0.0793,-0.4336,-0.2456
2,positive_training,CR,phq_8,PHQ8,full,MinMaxScaler,Lasso,48,12,10,-0.0971,4.4546,5.2441,-0.1018,-0.7099,-0.2702
2,positive_training,CR,phq_8,PHQ8,full,MinMaxScaler,ElasticNet,48,12,10,-0.0985,4.3816,5.2003,-0.1057,-0.6815,-0.2842
2,positive_training,CR,phq_8,PHQ8,full,MinMaxScaler,SVR,48,12,10,0.0148,4.5136,5.255,0.015,-0.717,-0.0105
2,positive_training,CR,phq_8,PHQ8,full,MinMaxScaler,KNN,48,12,10,0.1139,4.1111,5.0936,0.1256,-0.6131,0.1023
2,positive_training,CR,phq_8,PHQ8,full,MinMaxScaler,RF,48,12,10,-0.0599,3.7333,4.6033,-0.0805,-0.3175,-0.0316
2,positive_training,CR,phq_8,PHQ8,full,MinMaxScaler,ET,48,12,10,-0.0077,3.6208,4.9608,-0.0087,-0.5301,0.0281
2,positive_training,CR,phq_8,PHQ8,full,MinMaxScaler,GB,48,12,10,-0.1401,4.8156,5.9476,-0.1403,-1.1994,-0.0456
2,positive_training,CR,phq_8,PHQ8,full,MinMaxScaler,XGB,48,12,10,-0.0603,4.5273,5.8758,-0.0606,-1.1466,0.0211
2,positive_training,CR,phq_8,PHQ8,full,MinMaxScaler,MLP,48,12,10,0.1249,3.4979,4.1,0.1911,-0.0452,0.1368
2,positive_training,CR,phq_8,PHQ8,full,MinMaxScaler,LGBM,48,12,10,0.0312,3.7656,4.6716,0.0398,-0.3569,-0.0211
2,positive_training,CR,phq_8,PHQ8,full,MinMaxScaler,CatBoost,48,12,10,-0.0656,3.9567,4.9432,-0.074,-0.5193,0.0035
2,positive_training,CR,phq_8,PHQ8,full,RobustScaler,Ridge,48,12,5,-0.0453,4.6854,5.426,-0.0458,-0.8306,-0.2772
2,positive_training,CR,phq_8,PHQ8,full,RobustScaler,Lasso,48,12,5,-0.0434,5.2089,5.9441,-0.0435,-1.1968,-0.3158
2,positive_training,CR,phq_8,PHQ8,full,RobustScaler,ElasticNet,48,12,5,-0.046,5.0256,5.7692,-0.046,-1.0695,-0.3158
2,positive_training,CR,phq_8,PHQ8,full,RobustScaler,SVR,48,12,5,-0.3512,5.6705,6.2468,-0.3547,-1.4262,-0.3579
2,positive_training,CR,phq_8,PHQ8,full,RobustScaler,KNN,48,12,5,-0.2599,4.8833,6.1425,-0.288,-1.3459,-0.2835
2,positive_training,CR,phq_8,PHQ8,full,RobustScaler,RF,48,12,5,-0.2638,4.9011,5.3579,-0.3078,-0.7849,-0.2842
2,positive_training,CR,phq_8,PHQ8,full,RobustScaler,ET,48,12,5,-0.2472,4.6192,5.3406,-0.2824,-0.7734,-0.3298
2,positive_training,CR,phq_8,PHQ8,full,RobustScaler,GB,48,12,5,-0.4441,7.7144,8.406,-0.4981,-3.3934,-0.5509
2,positive_training,CR,phq_8,PHQ8,full,RobustScaler,XGB,48,12,5,-0.464,6.4271,7.0117,-0.4866,-2.0568,-0.4737
2,positive_training,CR,phq_8,PHQ8,full,RobustScaler,MLP,48,12,5,-0.1744,6.1581,7.1101,-0.1806,-2.1432,-0.2351
2,positive_training,CR,phq_8,PHQ8,full,RobustScaler,LGBM,48,12,5,0.1802,3.9318,4.735,0.1918,-0.394,0.1199
2,positive_training,CR,phq_8,PHQ8,full,RobustScaler,CatBoost,48,12,5,-0.3216,5.4271,5.921,-0.34,-1.1798,-0.3825
3,positive_training,CR,phq_8,PHQ8,full,StandardScaler,Ridge,48,12,5,0.0442,6.3917,7.1772,0.0566,-0.2273,0.0
3,positive_training,CR,phq_8,PHQ8,full,StandardScaler,Lasso,48,12,5,0.0488,6.5127,7.2873,0.0589,-0.2652,0.0
3,positive_training,CR,phq_8,PHQ8,full,StandardScaler,ElasticNet,48,12,5,0.0463,6.5102,7.2796,0.0567,-0.2626,0.0
3,positive_training,CR,phq_8,PHQ8,full,StandardScaler,SVR,48,12,5,-0.2209,7.3327,8.2009,-0.2624,-0.6024,-0.152
3,positive_training,CR,phq_8,PHQ8,full,StandardScaler,KNN,48,12,5,-0.122,6.6389,7.5554,-0.168,-0.36,-0.1028
3,positive_training,CR,phq_8,PHQ8,full,StandardScaler,RF,48,12,5,0.0912,5.7892,6.5496,0.1502,-0.022,0.152
3,positive_training,CR,phq_8,PHQ8,full,StandardScaler,ET,48,12,5,-0.0456,6.3017,7.2813,-0.0611,-0.2632,0.0035
3,positive_training,CR,phq_8,PHQ8,full,StandardScaler,GB,48,12,5,0.1509,6.124,6.8356,0.1827,-0.1132,0.0601
3,positive_training,CR,phq_8,PHQ8,full,StandardScaler,XGB,48,12,5,0.2236,5.804,6.4046,0.2881,0.0227,0.1838
3,positive_training,CR,phq_8,PHQ8,full,StandardScaler,MLP,48,12,5,-0.1141,6.8508,7.9129,-0.1357,-0.4918,-0.0601
3,positive_training,CR,phq_8,PHQ8,full,StandardScaler,LGBM,48,12,5,0.0437,5.8344,6.7184,0.0777,-0.0754,-0.0536
3,positive_training,CR,phq_8,PHQ8,full,StandardScaler,CatBoost,48,12,5,0.149,5.8533,6.4913,0.2244,-0.0039,0.2191
3,positive_training,CR,phq_8,PHQ8,full,MinMaxScaler,Ridge,48,12,10,0.0348,6.2961,7.1434,0.0466,-0.2158,0.0141
3,positive_training,CR,phq_8,PHQ8,full,MinMaxScaler,Lasso,48,12,10,0.0518,6.0764,6.9692,0.0717,-0.1572,0.0601
3,positive_training,CR,phq_8,PHQ8,full,MinMaxScaler,ElasticNet,48,12,10,0.035,6.0406,6.9575,0.0526,-0.1533,0.0424
3,positive_training,CR,phq_8,PHQ8,full,MinMaxScaler,SVR,48,12,10,0.0036,6.1608,7.1229,0.0051,-0.2088,0.0671
3,positive_training,CR,phq_8,PHQ8,full,MinMaxScaler,KNN,48,12,10,-0.0416,6.3929,7.2397,-0.0587,-0.2488,-0.0639
3,positive_training,CR,phq_8,PHQ8,full,MinMaxScaler,RF,48,12,10,-0.1369,6.0925,7.334,-0.2201,-0.2815,-0.2615
3,positive_training,CR,phq_8,PHQ8,full,MinMaxScaler,ET,48,12,10,-0.1798,6.4867,7.5973,-0.2617,-0.3752,-0.2438
3,positive_training,CR,phq_8,PHQ8,full,MinMaxScaler,GB,48,12,10,-0.0289,5.864,7.1916,-0.0405,-0.2322,-0.1696
3,positive_training,CR,phq_8,PHQ8,full,MinMaxScaler,XGB,48,12,10,-0.0593,6.1358,7.2013,-0.0889,-0.2355,-0.0848
3,positive_training,CR,phq_8,PHQ8,full,MinMaxScaler,MLP,48,12,10,0.0261,6.1678,7.1372,0.0359,-0.2137,0.0353
3,positive_training,CR,phq_8,PHQ8,full,MinMaxScaler,LGBM,48,12,10,-0.1011,6.2629,7.3837,-0.1778,-0.2989,-0.1469
3,positive_training,CR,phq_8,PHQ8,full,MinMaxScaler,CatBoost,48,12,10,-0.2132,6.4703,7.7791,-0.2995,-0.4418,-0.3286
3,positive_training,CR,phq_8,PHQ8,full,RobustScaler,Ridge,48,12,5,0.0485,6.6008,7.3612,0.0576,-0.291,0.0
3,positive_training,CR,phq_8,PHQ8,full,RobustScaler,Lasso,48,12,5,0.0481,6.5332,7.3013,0.0579,-0.2701,0.0318
3,positive_training,CR,phq_8,PHQ8,full,RobustScaler,ElasticNet,48,12,5,0.0463,6.5224,7.2875,0.0566,-0.2653,0.0
3,positive_training,CR,phq_8,PHQ8,full,RobustScaler,SVR,48,12,5,0.0367,6.8185,7.5784,0.0421,-0.3683,0.0459
3,positive_training,CR,phq_8,PHQ8,full,RobustScaler,KNN,48,12,5,-0.1223,6.5595,7.4902,-0.1791,-0.3367,-0.2159
3,positive_training,CR,phq_8,PHQ8,full,RobustScaler,RF,48,12,5,0.0912,5.7892,6.5496,0.1502,-0.022,0.152
3,positive_training,CR,phq_8,PHQ8,full,RobustScaler,ET,48,12,5,-0.0456,6.3017,7.2813,-0.0611,-0.2632,0.0035
3,positive_training,CR,phq_8,PHQ8,full,RobustScaler,GB,48,12,5,0.1509,6.124,6.8356,0.1827,-0.1132,0.0601
3,positive_training,CR,phq_8,PHQ8,full,RobustScaler,XGB,48,12,5,0.2236,5.804,6.4046,0.2881,0.0227,0.1838
3,positive_training,CR,phq_8,PHQ8,full,RobustScaler,MLP,48,12,5,-0.0223,6.8184,7.6837,-0.0261,-0.4066,0.0141
3,positive_training,CR,phq_8,PHQ8,full,RobustScaler,LGBM,48,12,5,0.0754,5.8556,6.6838,0.1301,-0.0644,0.0143
3,positive_training,CR,phq_8,PHQ8,full,RobustScaler,CatBoost,48,12,5,0.149,5.8533,6.4913,0.2244,-0.0039,0.2191
4,positive_training,CR,phq_8,PHQ8,full,StandardScaler,Ridge,48,12,5,-0.0115,4.8385,6.3224,-0.0121,-0.594,-0.0669
4,positive_training,CR,phq_8,PHQ8,full,StandardScaler,Lasso,48,12,5,-0.0116,4.833,6.311,-0.0122,-0.5883,-0.0669
4,positive_training,CR,phq_8,PHQ8,full,StandardScaler,ElasticNet,48,12,5,-0.0105,4.8269,6.3004,-0.011,-0.583,-0.0669
4,positive_training,CR,phq_8,PHQ8,full,StandardScaler,SVR,48,12,5,0.1987,5.1073,6.2423,0.209,-0.5539,0.0211
4,positive_training,CR,phq_8,PHQ8,full,StandardScaler,KNN,48,12,5,-0.098,6.0333,7.0318,-0.1003,-0.9718,-0.1129
4,positive_training,CR,phq_8,PHQ8,full,StandardScaler,RF,48,12,5,0.1702,4.5804,5.4148,0.1901,-0.1692,0.1479
4,positive_training,CR,phq_8,PHQ8,full,StandardScaler,ET,48,12,5,0.1534,4.7269,5.6857,0.1656,-0.2891,-0.0176
4,positive_training,CR,phq_8,PHQ8,full,StandardScaler,GB,48,12,5,0.1714,6.0348,6.9445,0.1732,-0.9231,0.0106
4,positive_training,CR,phq_8,PHQ8,full,StandardScaler,XGB,48,12,5,0.1139,5.5468,6.6042,0.1158,-0.7393,-0.0634
4,positive_training,CR,phq_8,PHQ8,full,StandardScaler,MLP,48,12,5,0.1017,5.7328,6.8404,0.1026,-0.8659,-0.0211
4,positive_training,CR,phq_8,PHQ8,full,StandardScaler,LGBM,48,12,5,0.1348,4.0752,4.927,0.2301,0.032,0.2336
4,positive_training,CR,phq_8,PHQ8,full,StandardScaler,CatBoost,48,12,5,0.022,5.2561,6.1587,0.0232,-0.5126,0.0352
4,positive_training,CR,phq_8,PHQ8,full,MinMaxScaler,Ridge,48,12,10,0.0673,4.4295,5.6918,0.0759,-0.2919,0.0739
4,positive_training,CR,phq_8,PHQ8,full,MinMaxScaler,Lasso,48,12,10,0.0389,4.7245,6.3002,0.0403,-0.5829,0.0775
4,positive_training,CR,phq_8,PHQ8,full,MinMaxScaler,ElasticNet,48,12,10,0.0712,4.5102,5.8991,0.0765,-0.3877,0.0739
4,positive_training,CR,phq_8,PHQ8,full,MinMaxScaler,SVR,48,12,10,0.0991,5.3086,6.4215,0.1047,-0.6444,0.0775
4,positive_training,CR,phq_8,PHQ8,full,MinMaxScaler,KNN,48,12,10,-0.0588,5.0167,6.2883,-0.0625,-0.5769,-0.0795
4,positive_training,CR,phq_8,PHQ8,full,MinMaxScaler,RF,48,12,10,0.1756,4.3943,5.2695,0.2031,-0.1073,0.2993
4,positive_training,CR,phq_8,PHQ8,full,MinMaxScaler,ET,48,12,10,0.157,4.8358,5.8086,0.1683,-0.3455,0.1585
4,positive_training,CR,phq_8,PHQ8,full,MinMaxScaler,GB,48,12,10,0.1599,5.1357,6.15,0.1615,-0.5083,0.0739
4,positive_training,CR,phq_8,PHQ8,full,MinMaxScaler,XGB,48,12,10,0.1403,4.6675,5.8942,0.1466,-0.3854,0.1127
4,positive_training,CR,phq_8,PHQ8,full,MinMaxScaler,MLP,48,12,10,0.0169,4.1438,5.3653,0.026,-0.1479,0.0387
4,positive_training,CR,phq_8,PHQ8,full,MinMaxScaler,LGBM,48,12,10,0.1728,4.3093,5.3482,0.2188,-0.1406,0.2958
4,positive_training,CR,phq_8,PHQ8,full,MinMaxScaler,CatBoost,48,12,10,0.124,5.0877,6.1605,0.1263,-0.5134,0.0916
4,positive_training,CR,phq_8,PHQ8,full,RobustScaler,Ridge,48,12,5,0.067,4.6663,6.1541,0.0694,-0.5103,0.1866
4,positive_training,CR,phq_8,PHQ8,full,RobustScaler,Lasso,48,12,5,0.061,4.6999,6.2177,0.063,-0.5417,0.1866
4,positive_training,CR,phq_8,PHQ8,full,RobustScaler,ElasticNet,48,12,5,0.0633,4.6894,6.1991,0.0654,-0.5325,0.1866
4,positive_training,CR,phq_8,PHQ8,full,RobustScaler,SVR,48,12,5,0.2374,6.5966,7.6197,0.2541,-1.3153,0.2042
4,positive_training,CR,phq_8,PHQ8,full,RobustScaler,KNN,48,12,5,0.1217,5.0119,5.958,0.1289,-0.4156,0.1585
4,positive_training,CR,phq_8,PHQ8,full,RobustScaler,RF,48,12,5,0.0461,4.89,5.8579,0.0506,-0.3684,0.0493
4,positive_training,CR,phq_8,PHQ8,full,RobustScaler,ET,48,12,5,0.1094,4.7217,5.7211,0.1206,-0.3053,0.1268
4,positive_training,CR,phq_8,PHQ8,full,RobustScaler,GB,48,12,5,0.0749,5.3324,6.24,0.0765,-0.5527,0.0951
4,positive_training,CR,phq_8,PHQ8,full,RobustScaler,XGB,48,12,5,0.0853,5.778,6.551,0.0867,-0.7114,0.1901
4,positive_training,CR,phq_8,PHQ8,full,RobustScaler,MLP,48,12,5,0.0977,6.2749,7.5918,0.1002,-1.2984,0.1796
4,positive_training,CR,phq_8,PHQ8,full,RobustScaler,LGBM,48,12,5,0.2638,3.8574,4.5732,0.4401,0.166,0.4374
4,positive_training,CR,phq_8,PHQ8,full,RobustScaler,CatBoost,48,12,5,-0.001,4.767,6.1068,-0.0011,-0.4872,0.0986
5,positive_training,CR,phq_8,PHQ8,full,StandardScaler,Ridge,48,12,5,-0.0227,6.9115,8.4341,-0.0305,-0.4221,-0.0491
5,positive_training,CR,phq_8,PHQ8,full,StandardScaler,Lasso,48,12,5,-0.0214,6.9046,8.4239,-0.0289,-0.4186,-0.0596
5,positive_training,CR,phq_8,PHQ8,full,StandardScaler,ElasticNet,48,12,5,-0.0209,6.9019,8.42,-0.0283,-0.4173,-0.0596
5,positive_training,CR,phq_8,PHQ8,full,StandardScaler,SVR,48,12,5,-0.1304,7.4719,8.371,-0.2385,-0.4009,-0.3298
5,positive_training,CR,phq_8,PHQ8,full,StandardScaler,KNN,48,12,5,-0.0562,6.9352,7.9457,-0.1061,-0.2622,-0.2025
5,positive_training,CR,phq_8,PHQ8,full,StandardScaler,RF,48,12,5,-0.0521,7.1907,8.0657,-0.077,-0.3006,-0.2526
5,positive_training,CR,phq_8,PHQ8,full,StandardScaler,ET,48,12,5,-0.0542,6.9617,8.0036,-0.0954,-0.2806,-0.3649
5,positive_training,CR,phq_8,PHQ8,full,StandardScaler,GB,48,12,5,-0.0525,7.0738,7.9883,-0.0875,-0.2757,-0.207
5,positive_training,CR,phq_8,PHQ8,full,StandardScaler,XGB,48,12,5,-0.0747,6.9656,7.904,-0.1138,-0.2489,-0.1789
5,positive_training,CR,phq_8,PHQ8,full,StandardScaler,MLP,48,12,5,-0.0374,8.2005,9.7531,-0.0448,-0.9017,-0.3509
5,positive_training,CR,phq_8,PHQ8,full,StandardScaler,LGBM,48,12,5,-0.0317,6.9559,7.8363,-0.054,-0.2276,-0.281
5,positive_training,CR,phq_8,PHQ8,full,StandardScaler,CatBoost,48,12,5,-0.0957,7.0677,7.9835,-0.1646,-0.2742,-0.3263
5,positive_training,CR,phq_8,PHQ8,full,MinMaxScaler,Ridge,48,12,5,-0.0514,7.1915,8.2837,-0.0696,-0.3718,-0.0912
5,positive_training,CR,phq_8,PHQ8,full,MinMaxScaler,Lasso,48,12,5,-0.065,7.1035,8.1598,-0.0955,-0.3311,-0.207
5,positive_training,CR,phq_8,PHQ8,full,MinMaxScaler,ElasticNet,48,12,5,-0.0514,7.1829,8.3088,-0.0695,-0.3801,-0.1404
5,positive_training,CR,phq_8,PHQ8,full,MinMaxScaler,SVR,48,12,5,0.009,6.6599,7.8156,0.0145,-0.2212,-0.1614
5,positive_training,CR,phq_8,PHQ8,full,MinMaxScaler,KNN,48,12,5,-0.0051,6.4815,7.5528,-0.0104,-0.1404,-0.1496
5,positive_training,CR,phq_8,PHQ8,full,MinMaxScaler,RF,48,12,5,0.0923,6.3884,7.5534,0.1452,-0.1406,-0.0491
5,positive_training,CR,phq_8,PHQ8,full,MinMaxScaler,ET,48,12,5,-0.024,7.205,8.4435,-0.0326,-0.4253,-0.2386
5,positive_training,CR,phq_8,PHQ8,full,MinMaxScaler,GB,48,12,5,0.2123,6.1162,7.6225,0.2492,-0.1616,0.1193
5,positive_training,CR,phq_8,PHQ8,full,MinMaxScaler,XGB,48,12,5,0.2226,5.9751,7.3231,0.277,-0.0721,0.0912
5,positive_training,CR,phq_8,PHQ8,full,MinMaxScaler,MLP,48,12,5,-0.0506,7.2083,8.5958,-0.0644,-0.4771,-0.0316
5,positive_training,CR,phq_8,PHQ8,full,MinMaxScaler,LGBM,48,12,5,0.0414,6.5722,7.5815,0.0668,-0.1491,-0.1914
5,positive_training,CR,phq_8,PHQ8,full,MinMaxScaler,CatBoost,48,12,5,0.0419,6.6806,8.0178,0.0604,-0.2852,-0.0175
5,positive_training,CR,phq_8,PHQ8,full,RobustScaler,Ridge,48,12,5,-0.0224,6.9099,8.4322,-0.0301,-0.4215,-0.0491
5,positive_training,CR,phq_8,PHQ8,full,RobustScaler,Lasso,48,12,5,-0.0211,6.9031,8.4223,-0.0285,-0.4181,-0.0596
5,positive_training,CR,phq_8,PHQ8,full,RobustScaler,ElasticNet,48,12,5,-0.0204,6.8993,8.4173,-0.0275,-0.4164,-0.1088
5,positive_training,CR,phq_8,PHQ8,full,RobustScaler,SVR,48,12,5,-0.114,7.4444,8.3301,-0.206,-0.3872,-0.2667
5,positive_training,CR,phq_8,PHQ8,full,RobustScaler,KNN,48,12,5,-0.0734,7.0093,7.9523,-0.1398,-0.2643,-0.213
5,positive_training,CR,phq_8,PHQ8,full,RobustScaler,RF,48,12,5,-0.0521,7.1907,8.0657,-0.077,-0.3006,-0.2526
5,positive_training,CR,phq_8,PHQ8,full,RobustScaler,ET,48,12,5,-0.0542,6.9617,8.0036,-0.0954,-0.2806,-0.3649
5,positive_training,CR,phq_8,PHQ8,full,RobustScaler,GB,48,12,5,-0.0525,7.0738,7.9883,-0.0875,-0.2757,-0.207
5,positive_training,CR,phq_8,PHQ8,full,RobustScaler,XGB,48,12,5,-0.0747,6.9656,7.904,-0.1138,-0.2489,-0.1789
5,positive_training,CR,phq_8,PHQ8,full,RobustScaler,MLP,48,12,5,-0.0142,7.3648,8.9709,-0.0183,-0.6089,-0.3018
5,positive_training,CR,phq_8,PHQ8,full,RobustScaler,LGBM,48,12,5,-0.0005,6.8438,7.7847,-0.0008,-0.2115,-0.2575
5,positive_training,CR,phq_8,PHQ8,full,RobustScaler,CatBoost,48,12,5,-0.0957,7.0677,7.9835,-0.1646,-0.2742,-0.3263
1,positive_training,CR,ads.1,CES-D,full,StandardScaler,Ridge,47,12,10,-0.1019,11.2289,13.0628,-0.1437,-0.3014,-0.0386
1,positive_training,CR,ads.1,CES-D,full,StandardScaler,Lasso,47,12,10,-0.1812,11.9887,14.1248,-0.2192,-0.5216,-0.186
1,positive_training,CR,ads.1,CES-D,full,StandardScaler,ElasticNet,47,12,10,-0.1434,11.6173,13.6192,-0.1844,-0.4146,-0.0316
1,positive_training,CR,ads.1,CES-D,full,StandardScaler,SVR,47,12,10,-0.0243,12.8672,13.6064,-0.0272,-0.412,-0.1088
1,positive_training,CR,ads.1,CES-D,full,StandardScaler,KNN,47,12,10,0.2517,8.8933,10.5177,0.3993,0.1563,0.1789
1,positive_training,CR,ads.1,CES-D,full,StandardScaler,RF,47,12,10,-0.0405,10.1206,12.3747,-0.0661,-0.1679,-0.1965
1,positive_training,CR,ads.1,CES-D,full,StandardScaler,ET,47,12,10,0.0003,10.307,11.9709,0.0005,-0.0929,-0.193
1,positive_training,CR,ads.1,CES-D,full,StandardScaler,GB,47,12,10,0.1822,9.1598,11.2875,0.2535,0.0283,0.3193
1,positive_training,CR,ads.1,CES-D,full,StandardScaler,XGB,47,12,10,-0.0861,10.9915,13.3695,-0.1245,-0.3632,-0.1158
1,positive_training,CR,ads.1,CES-D,full,StandardScaler,MLP,47,12,10,0.33,9.3397,11.1572,0.46,0.0506,0.4842
1,positive_training,CR,ads.1,CES-D,full,StandardScaler,LGBM,47,12,10,-0.2358,12.7471,14.4034,-0.3011,-0.5822,-0.283
1,positive_training,CR,ads.1,CES-D,full,StandardScaler,CatBoost,47,12,10,0.0119,10.8121,12.9582,0.0147,-0.2806,-0.0632
1,positive_training,CR,ads.1,CES-D,full,MinMaxScaler,Ridge,47,12,15,-0.0657,12.0578,14.2067,-0.0746,-0.5393,-0.1544
1,positive_training,CR,ads.1,CES-D,full,MinMaxScaler,Lasso,47,12,15,-0.3303,12.6443,15.8126,-0.3728,-0.907,-0.2807
1,positive_training,CR,ads.1,CES-D,full,MinMaxScaler,ElasticNet,47,12,15,-0.104,12.9018,15.2456,-0.1128,-0.7727,-0.1544
1,positive_training,CR,ads.1,CES-D,full,MinMaxScaler,SVR,47,12,15,0.0075,11.495,13.4576,0.0084,-0.3812,-0.1404
1,positive_training,CR,ads.1,CES-D,full,MinMaxScaler,KNN,47,12,15,0.0761,10.2922,12.5693,0.0904,-0.2049,0.1125
1,positive_training,CR,ads.1,CES-D,full,MinMaxScaler,RF,47,12,15,-0.1179,10.8519,12.9225,-0.1804,-0.2736,-0.3719
1,positive_training,CR,ads.1,CES-D,full,MinMaxScaler,ET,47,12,15,-0.0181,10.4351,12.0712,-0.0328,-0.1113,-0.1368
1,positive_training,CR,ads.1,CES-D,full,MinMaxScaler,GB,47,12,15,-0.3648,13.7076,16.1676,-0.4,-0.9935,-0.4632
1,positive_training,CR,ads.1,CES-D,full,MinMaxScaler,XGB,47,12,15,-0.1641,13.0073,15.1422,-0.1742,-0.7487,-0.2386
1,positive_training,CR,ads.1,CES-D,full,MinMaxScaler,MLP,47,12,15,-0.004,12.929,14.4021,-0.0043,-0.5819,-0.0526
1,positive_training,CR,ads.1,CES-D,full,MinMaxScaler,LGBM,47,12,15,-0.1739,12.2772,14.3166,-0.2037,-0.5632,-0.2947
1,positive_training,CR,ads.1,CES-D,full,MinMaxScaler,CatBoost,47,12,15,-0.127,11.3071,13.5359,-0.1609,-0.3974,-0.1719
1,positive_training,CR,ads.1,CES-D,full,RobustScaler,Ridge,47,12,5,-0.3347,12.3449,14.0902,-0.5236,-0.5142,-0.5754
1,positive_training,CR,ads.1,CES-D,full,RobustScaler,Lasso,47,12,5,-0.3509,12.408,14.1344,-0.562,-0.5237,-0.6526
1,positive_training,CR,ads.1,CES-D,full,RobustScaler,ElasticNet,47,12,5,-0.3033,12.0995,13.7718,-0.5238,-0.4465,-0.5474
1,positive_training,CR,ads.1,CES-D,full,RobustScaler,SVR,47,12,5,-0.2402,12.4181,14.4482,-0.3113,-0.5921,-0.3088
1,positive_training,CR,ads.1,CES-D,full,RobustScaler,KNN,47,12,5,0.0454,10.389,11.7935,0.0779,-0.0608,-0.0211
1,positive_training,CR,ads.1,CES-D,full,RobustScaler,RF,47,12,5,-0.3206,12.3344,14.3449,-0.4606,-0.5694,-0.5263
1,positive_training,CR,ads.1,CES-D,full,RobustScaler,ET,47,12,5,-0.2859,12.2763,13.9973,-0.4225,-0.4942,-0.4737
1,positive_training,CR,ads.1,CES-D,full,RobustScaler,GB,47,12,5,-0.5169,14.6662,16.9697,-0.6069,-1.1963,-0.6421
1,positive_training,CR,ads.1,CES-D,full,RobustScaler,XGB,47,12,5,-0.4772,16.1516,18.8906,-0.5153,-1.7216,-0.593
1,positive_training,CR,ads.1,CES-D,full,RobustScaler,MLP,47,12,5,-0.2277,11.2788,13.3783,-0.4101,-0.365,-0.3789
1,positive_training,CR,ads.1,CES-D,full,RobustScaler,LGBM,47,12,5,-0.2577,12.9574,14.716,-0.3171,-0.6516,-0.2673
1,positive_training,CR,ads.1,CES-D,full,RobustScaler,CatBoost,47,12,5,-0.407,13.3146,15.5282,-0.4993,-0.839,-0.5684
2,positive_training,CR,ads.1,CES-D,full,StandardScaler,Ridge,47,12,5,0.1313,9.6559,11.3012,0.1434,-0.6151,0.1595
2,positive_training,CR,ads.1,CES-D,full,StandardScaler,Lasso,47,12,5,0.1262,9.4416,11.1063,0.1382,-0.5599,0.1958
2,positive_training,CR,ads.1,CES-D,full,StandardScaler,ElasticNet,47,12,5,0.1296,8.4455,10.2105,0.1508,-0.3184,0.2248
2,positive_training,CR,ads.1,CES-D,full,StandardScaler,SVR,47,12,5,0.1259,7.6527,10.2406,0.1743,-0.3262,0.1595
2,positive_training,CR,ads.1,CES-D,full,StandardScaler,KNN,47,12,5,0.2393,7.4858,9.6316,0.2907,-0.1731,0.29
2,positive_training,CR,ads.1,CES-D,full,StandardScaler,RF,47,12,5,0.0964,8.4658,9.8322,0.1146,-0.2225,0.116
2,positive_training,CR,ads.1,CES-D,full,StandardScaler,ET,47,12,5,0.0799,8.4752,9.7825,0.1005,-0.2102,0.1015
2,positive_training,CR,ads.1,CES-D,full,StandardScaler,GB,47,12,5,0.0713,10.0934,11.4604,0.0782,-0.6609,0.0363
2,positive_training,CR,ads.1,CES-D,full,StandardScaler,XGB,47,12,5,0.0487,9.8516,11.1189,0.0538,-0.5634,-0.0145
2,positive_training,CR,ads.1,CES-D,full,StandardScaler,MLP,47,12,5,0.0706,8.7603,11.0889,0.1111,-0.555,0.1015
2,positive_training,CR,ads.1,CES-D,full,StandardScaler,LGBM,47,12,5,-0.1377,10.2712,11.9371,-0.1639,-0.802,-0.2074
2,positive_training,CR,ads.1,CES-D,full,StandardScaler,CatBoost,47,12,5,0.0935,8.2874,9.9493,0.1237,-0.2518,-0.058
2,positive_training,CR,ads.1,CES-D,full,MinMaxScaler,Ridge,47,12,10,0.0924,9.0406,10.5704,0.1049,-0.413,0.0725
2,positive_training,CR,ads.1,CES-D,full,MinMaxScaler,Lasso,47,12,10,0.1277,9.1435,10.9146,0.1416,-0.5065,0.0653
2,positive_training,CR,ads.1,CES-D,full,MinMaxScaler,ElasticNet,47,12,10,0.0884,8.9368,10.3661,0.1024,-0.3589,0.0725
2,positive_training,CR,ads.1,CES-D,full,MinMaxScaler,SVR,47,12,10,0.0907,9.681,11.5328,0.105,-0.682,0.1233
2,positive_training,CR,ads.1,CES-D,full,MinMaxScaler,KNN,47,12,10,-0.0438,9.6489,11.2646,-0.0475,-0.6047,-0.0363
2,positive_training,CR,ads.1,CES-D,full,MinMaxScaler,RF,47,12,10,0.0326,9.2203,10.5437,0.0367,-0.4059,-0.1088
2,positive_training,CR,ads.1,CES-D,full,MinMaxScaler,ET,47,12,10,0.0003,9.516,10.5863,0.0004,-0.4172,-0.145
2,positive_training,CR,ads.1,CES-D,full,MinMaxScaler,GB,47,12,10,0.0494,9.3604,11.8086,0.0529,-0.7634,0.1233
2,positive_training,CR,ads.1,CES-D,full,MinMaxScaler,XGB,47,12,10,0.1471,9.1562,11.3304,0.1503,-0.6235,0.2103
2,positive_training,CR,ads.1,CES-D,full,MinMaxScaler,MLP,47,12,10,0.0764,9.8054,11.1374,0.0839,-0.5686,0.0145
2,positive_training,CR,ads.1,CES-D,full,MinMaxScaler,LGBM,47,12,10,-0.0893,10.7562,12.2217,-0.0915,-0.8889,-0.145
2,positive_training,CR,ads.1,CES-D,full,MinMaxScaler,CatBoost,47,12,10,0.0189,9.5769,10.8871,0.0204,-0.4989,0.0145
2,positive_training,CR,ads.1,CES-D,full,RobustScaler,Ridge,47,12,5,0.1791,8.5324,10.11,0.2,-0.2926,0.145
2,positive_training,CR,ads.1,CES-D,full,RobustScaler,Lasso,47,12,5,0.1695,8.3546,9.9542,0.1925,-0.253,0.145
2,positive_training,CR,ads.1,CES-D,full,RobustScaler,ElasticNet,47,12,5,0.1726,7.9156,9.5785,0.2063,-0.1602,0.116
2,positive_training,CR,ads.1,CES-D,full,RobustScaler,SVR,47,12,5,0.1249,8.57,10.7687,0.1453,-0.4665,0.1015
2,positive_training,CR,ads.1,CES-D,full,RobustScaler,KNN,47,12,5,0.0039,8.5726,11.0473,0.004,-0.5433,0.178
2,positive_training,CR,ads.1,CES-D,full,RobustScaler,RF,47,12,5,0.047,8.8438,10.2653,0.0536,-0.3326,-0.087
2,positive_training,CR,ads.1,CES-D,full,RobustScaler,ET,47,12,5,0.0475,8.4368,10.0134,0.0552,-0.268,0.0943
2,positive_training,CR,ads.1,CES-D,full,RobustScaler,GB,47,12,5,0.0094,10.3408,11.9038,0.0097,-0.7919,0.0435
2,positive_training,CR,ads.1,CES-D,full,RobustScaler,XGB,47,12,5,-0.1518,10.0717,12.4648,-0.1625,-0.9648,-0.1813
2,positive_training,CR,ads.1,CES-D,full,RobustScaler,MLP,47,12,5,0.0635,9.1583,11.1571,0.0944,-0.5742,0.116
2,positive_training,CR,ads.1,CES-D,full,RobustScaler,LGBM,47,12,5,-0.0341,10.5756,12.1285,-0.0344,-0.8602,-0.0581
2,positive_training,CR,ads.1,CES-D,full,RobustScaler,CatBoost,47,12,5,0.0311,8.664,10.547,0.0338,-0.4067,0.0508
3,positive_training,CR,ads.1,CES-D,full,StandardScaler,Ridge,47,12,5,-0.0372,11.8301,13.365,-0.0457,-0.3475,-0.0947
3,positive_training,CR,ads.1,CES-D,full,StandardScaler,Lasso,47,12,5,-0.0101,11.5622,12.9883,-0.013,-0.2726,-0.0737
3,positive_training,CR,ads.1,CES-D,full,StandardScaler,ElasticNet,47,12,5,-0.0145,11.4892,12.8098,-0.0194,-0.2379,-0.0737
3,positive_training,CR,ads.1,CES-D,full,StandardScaler,SVR,47,12,5,-0.3094,15.3395,19.1025,-0.3276,-1.7529,-0.2386
3,positive_training,CR,ads.1,CES-D,full,StandardScaler,KNN,47,12,5,-0.2329,13.1573,15.6754,-0.2469,-0.8537,-0.3263
3,positive_training,CR,ads.1,CES-D,full,StandardScaler,RF,47,12,5,-0.0418,11.5329,13.349,-0.052,-0.3443,0.014
3,positive_training,CR,ads.1,CES-D,full,StandardScaler,ET,47,12,5,-0.0579,11.7959,14.2987,-0.0662,-0.5424,0.0561
3,positive_training,CR,ads.1,CES-D,full,StandardScaler,GB,47,12,5,-0.3206,14.5292,16.7075,-0.3322,-1.1058,-0.3789
3,positive_training,CR,ads.1,CES-D,full,StandardScaler,XGB,47,12,5,-0.3476,15.3234,18.4616,-0.3487,-1.5712,-0.214
3,positive_training,CR,ads.1,CES-D,full,StandardScaler,MLP,47,12,5,-0.2874,17.1081,19.8215,-0.2909,-1.964,-0.2807
3,positive_training,CR,ads.1,CES-D,full,StandardScaler,LGBM,47,12,5,0.2287,10.8578,11.8052,0.2602,-0.0514,0.3656
3,positive_training,CR,ads.1,CES-D,full,StandardScaler,CatBoost,47,12,5,-0.1097,11.5276,13.607,-0.1361,-0.3968,-0.1193
3,positive_training,CR,ads.1,CES-D,full,MinMaxScaler,Ridge,47,12,5,0.0137,11.3396,12.6654,0.018,-0.2102,-0.0737
3,positive_training,CR,ads.1,CES-D,full,MinMaxScaler,Lasso,47,12,5,-0.004,11.6559,13.2568,-0.0048,-0.3258,-0.0737
3,positive_training,CR,ads.1,CES-D,full,MinMaxScaler,ElasticNet,47,12,5,-0.008,11.6704,13.2351,-0.0097,-0.3215,-0.0737
3,positive_training,CR,ads.1,CES-D,full,MinMaxScaler,SVR,47,12,5,-0.0865,12.4469,14.4817,-0.0965,-0.5821,-0.1193
3,positive_training,CR,ads.1,CES-D,full,MinMaxScaler,KNN,47,12,5,-0.0417,11.7407,14.2131,-0.0448,-0.524,0.0211
3,positive_training,CR,ads.1,CES-D,full,MinMaxScaler,RF,47,12,5,-0.2356,13.0991,15.3441,-0.2582,-0.7762,-0.2807
3,positive_training,CR,ads.1,CES-D,full,MinMaxScaler,ET,47,12,5,-0.1997,13.2036,15.2333,-0.2179,-0.7506,-0.2526
3,positive_training,CR,ads.1,CES-D,full,MinMaxScaler,GB,47,12,5,-0.3461,17.5002,20.5426,-0.3505,-2.1836,-0.3895
3,positive_training,CR,ads.1,CES-D,full,MinMaxScaler,XGB,47,12,5,-0.3069,16.0516,18.6656,-0.3069,-1.6284,-0.2632
3,positive_training,CR,ads.1,CES-D,full,MinMaxScaler,MLP,47,12,5,-0.002,12.2072,13.7757,-0.0022,-0.4316,-0.0737
3,positive_training,CR,ads.1,CES-D,full,MinMaxScaler,LGBM,47,12,5,0.1034,11.3272,13.0479,0.1131,-0.2844,0.1866
3,positive_training,CR,ads.1,CES-D,full,MinMaxScaler,CatBoost,47,12,5,-0.259,13.9669,15.8909,-0.2737,-0.905,-0.2667
3,positive_training,CR,ads.1,CES-D,full,RobustScaler,Ridge,47,12,10,-0.1042,11.7649,12.9516,-0.1566,-0.2655,-0.0772
3,positive_training,CR,ads.1,CES-D,full,RobustScaler,Lasso,47,12,10,-0.0131,11.4476,12.9005,-0.0169,-0.2555,-0.1088
3,positive_training,CR,ads.1,CES-D,full,RobustScaler,ElasticNet,47,12,10,-0.084,11.7106,13.0781,-0.1147,-0.2903,-0.1474
3,positive_training,CR,ads.1,CES-D,full,RobustScaler,SVR,47,12,10,-0.0687,12.0764,13.7614,-0.0889,-0.4286,-0.1965
3,positive_training,CR,ads.1,CES-D,full,RobustScaler,KNN,47,12,10,-0.4156,15.9463,17.2626,-0.4418,-1.2481,-0.3989
3,positive_training,CR,ads.1,CES-D,full,RobustScaler,RF,47,12,10,-0.236,14.3141,15.7707,-0.2498,-0.8763,-0.2982
3,positive_training,CR,ads.1,CES-D,full,RobustScaler,ET,47,12,10,-0.2835,15.1965,16.8747,-0.2891,-1.1482,-0.2632
3,positive_training,CR,ads.1,CES-D,full,RobustScaler,GB,47,12,10,-0.1976,13.8351,15.9866,-0.204,-0.928,-0.1474
3,positive_training,CR,ads.1,CES-D,full,RobustScaler,XGB,47,12,10,-0.2903,15.8707,18.4729,-0.2903,-1.5744,-0.2877
3,positive_training,CR,ads.1,CES-D,full,RobustScaler,MLP,47,12,10,-0.2191,19.4986,24.3305,-0.2461,-3.4658,-0.1509
3,positive_training,CR,ads.1,CES-D,full,RobustScaler,LGBM,47,12,10,0.0793,12.0229,13.5788,0.0845,-0.391,0.1371
3,positive_training,CR,ads.1,CES-D,full,RobustScaler,CatBoost,47,12,10,-0.2824,14.3026,15.6381,-0.31,-0.8449,-0.2702
4,positive_training,CR,ads.1,CES-D,full,StandardScaler,Ridge,47,12,5,0.0997,13.4635,16.1847,0.1217,-0.2704,0.1401
4,positive_training,CR,ads.1,CES-D,full,StandardScaler,Lasso,47,12,5,0.1,13.9232,16.7397,0.1174,-0.359,0.1401
4,positive_training,CR,ads.1,CES-D,full,StandardScaler,ElasticNet,47,12,5,0.1006,13.7595,16.5407,0.1195,-0.3269,0.1401
4,positive_training,CR,ads.1,CES-D,full,StandardScaler,SVR,47,12,5,0.2304,10.7711,13.7593,0.329,0.0818,0.3328
4,positive_training,CR,ads.1,CES-D,full,StandardScaler,KNN,47,12,5,0.3005,11.1564,13.5649,0.4092,0.1076,0.5779
4,positive_training,CR,ads.1,CES-D,full,StandardScaler,RF,47,12,5,0.1346,11.4334,14.2301,0.2298,0.0179,0.2382
4,positive_training,CR,ads.1,CES-D,full,StandardScaler,ET,47,12,5,0.1874,11.5147,13.9766,0.283,0.0526,0.3643
4,positive_training,CR,ads.1,CES-D,full,StandardScaler,GB,47,12,5,0.141,12.1014,14.8178,0.1852,-0.0649,0.1331
4,positive_training,CR,ads.1,CES-D,full,StandardScaler,XGB,47,12,5,0.1191,11.8805,14.8048,0.1711,-0.063,0.0911
4,positive_training,CR,ads.1,CES-D,full,StandardScaler,MLP,47,12,5,0.291,12.0333,14.7238,0.3106,-0.0514,0.5184
4,positive_training,CR,ads.1,CES-D,full,StandardScaler,LGBM,47,12,5,0.0911,12.0702,14.6315,0.1398,-0.0383,0.0595
4,positive_training,CR,ads.1,CES-D,full,StandardScaler,CatBoost,47,12,5,0.1623,11.3977,13.8828,0.2902,0.0653,0.2767
4,positive_training,CR,ads.1,CES-D,full,MinMaxScaler,Ridge,47,12,5,0.1,13.8815,16.6866,0.1177,-0.3504,0.1401
4,positive_training,CR,ads.1,CES-D,full,MinMaxScaler,Lasso,47,12,5,0.1004,13.9619,16.7924,0.1175,-0.3676,0.1401
4,positive_training,CR,ads.1,CES-D,full,MinMaxScaler,ElasticNet,47,12,5,0.0972,13.6068,16.3306,0.1174,-0.2934,0.1401
4,positive_training,CR,ads.1,CES-D,full,MinMaxScaler,SVR,47,12,5,0.1405,13.287,16.2399,0.1632,-0.2791,0.1821
4,positive_training,CR,ads.1,CES-D,full,MinMaxScaler,KNN,47,12,5,0.1431,12.1951,14.9305,0.1979,-0.0811,0.2942
4,positive_training,CR,ads.1,CES-D,full,MinMaxScaler,RF,47,12,5,0.1346,11.4334,14.2301,0.2298,0.0179,0.2382
4,positive_training,CR,ads.1,CES-D,full,MinMaxScaler,ET,47,12,5,0.1874,11.5147,13.9766,0.283,0.0526,0.3643
4,positive_training,CR,ads.1,CES-D,full,MinMaxScaler,GB,47,12,5,0.141,12.1014,14.8178,0.1852,-0.0649,0.1331
4,positive_training,CR,ads.1,CES-D,full,MinMaxScaler,XGB,47,12,5,0.1191,11.8805,14.8048,0.1711,-0.063,0.0911
4,positive_training,CR,ads.1,CES-D,full,MinMaxScaler,MLP,47,12,5,0.0761,14.3948,17.0281,0.0885,-0.4063,0.049
4,positive_training,CR,ads.1,CES-D,full,MinMaxScaler,LGBM,47,12,5,0.148,11.7769,14.3296,0.2116,0.0041,0.107
4,positive_training,CR,ads.1,CES-D,full,MinMaxScaler,CatBoost,47,12,5,0.1623,11.3977,13.8828,0.2902,0.0653,0.2767
4,positive_training,CR,ads.1,CES-D,full,RobustScaler,Ridge,47,12,5,0.1002,13.8994,16.7169,0.1177,-0.3553,0.1401
4,positive_training,CR,ads.1,CES-D,full,RobustScaler,Lasso,47,12,5,0.0992,13.9096,16.7201,0.1165,-0.3559,0.1401
4,positive_training,CR,ads.1,CES-D,full,RobustScaler,ElasticNet,47,12,5,0.0974,13.6557,16.4106,0.1169,-0.3061,0.1401
4,positive_training,CR,ads.1,CES-D,full,RobustScaler,SVR,47,12,5,0.2095,11.0115,14.3265,0.2731,0.0045,0.3328
4,positive_training,CR,ads.1,CES-D,full,RobustScaler,KNN,47,12,5,0.3181,11.0167,13.3986,0.4372,0.1293,0.5779
4,positive_training,CR,ads.1,CES-D,full,RobustScaler,RF,47,12,5,0.1346,11.4334,14.2301,0.2298,0.0179,0.2382
4,positive_training,CR,ads.1,CES-D,full,RobustScaler,ET,47,12,5,0.1874,11.5147,13.9766,0.283,0.0526,0.3643
4,positive_training,CR,ads.1,CES-D,full,RobustScaler,GB,47,12,5,0.141,12.1014,14.8178,0.1852,-0.0649,0.1331
4,positive_training,CR,ads.1,CES-D,full,RobustScaler,XGB,47,12,5,0.1191,11.8805,14.8048,0.1711,-0.063,0.0911
4,positive_training,CR,ads.1,CES-D,full,RobustScaler,MLP,47,12,5,0.3026,11.6493,14.4683,0.3275,-0.0153,0.5184
4,positive_training,CR,ads.1,CES-D,full,RobustScaler,LGBM,47,12,5,0.0767,12.4223,14.7957,0.116,-0.0617,0.0315
4,positive_training,CR,ads.1,CES-D,full,RobustScaler,CatBoost,47,12,5,0.1623,11.3977,13.8828,0.2902,0.0653,0.2767
5,positive_training,CR,ads.1,CES-D,full,StandardScaler,Ridge,48,11,10,0.332,11.8988,14.5129,0.4042,0.1236,0.0683
5,positive_training,CR,ads.1,CES-D,full,StandardScaler,Lasso,48,11,10,0.2525,12.2775,14.6009,0.3571,0.113,0.1002
5,positive_training,CR,ads.1,CES-D,full,StandardScaler,ElasticNet,48,11,10,0.3571,12.1233,14.6292,0.4138,0.1095,0.0774
5,positive_training,CR,ads.1,CES-D,full,StandardScaler,SVR,48,11,10,0.0273,13.9673,17.7038,0.0327,-0.3041,0.0456
5,positive_training,CR,ads.1,CES-D,full,StandardScaler,KNN,48,11,10,0.1836,13.0311,15.3768,0.2448,0.0162,0.0046
5,positive_training,CR,ads.1,CES-D,full,StandardScaler,RF,48,11,10,0.1171,12.6878,15.134,0.24,0.047,0.0729
5,positive_training,CR,ads.1,CES-D,full,StandardScaler,ET,48,11,10,0.0622,13.2647,15.8249,0.1063,-0.042,-0.3371
5,positive_training,CR,ads.1,CES-D,full,StandardScaler,GB,48,11,10,0.3439,11.2259,13.9321,0.4428,0.1924,0.3554
5,positive_training,CR,ads.1,CES-D,full,StandardScaler,XGB,48,11,10,0.0322,13.3345,16.2382,0.0502,-0.0971,-0.1048
5,positive_training,CR,ads.1,CES-D,full,StandardScaler,MLP,48,11,10,0.4771,13.932,18.9379,0.5019,-0.4923,0.328
5,positive_training,CR,ads.1,CES-D,full,StandardScaler,LGBM,48,11,10,-0.1039,15.478,16.9547,-0.2013,-0.1961,-0.3105
5,positive_training,CR,ads.1,CES-D,full,StandardScaler,CatBoost,48,11,10,0.2266,12.3351,14.3313,0.3916,0.1454,0.2232
5,positive_training,CR,ads.1,CES-D,full,MinMaxScaler,Ridge,48,11,5,0.1029,13.469,16.022,0.1414,-0.0681,-0.0683
5,positive_training,CR,ads.1,CES-D,full,MinMaxScaler,Lasso,48,11,5,0.1077,13.4577,16.0385,0.1459,-0.0703,-0.0683
5,positive_training,CR,ads.1,CES-D,full,MinMaxScaler,ElasticNet,48,11,5,0.0896,13.4569,15.9441,0.13,-0.0578,-0.0683
5,positive_training,CR,ads.1,CES-D,full,MinMaxScaler,SVR,48,11,5,0.0101,14.1476,16.6657,0.0144,-0.1557,-0.205
5,positive_training,CR,ads.1,CES-D,full,MinMaxScaler,KNN,48,11,5,-0.0165,14.3039,17.205,-0.0219,-0.2317,-0.2329
5,positive_training,CR,ads.1,CES-D,full,MinMaxScaler,RF,48,11,5,-0.0034,14.1706,16.2284,-0.0063,-0.0958,-0.0729
5,positive_training,CR,ads.1,CES-D,full,MinMaxScaler,ET,48,11,5,0.1431,12.6237,15.2655,0.2233,0.0304,0.0638
5,positive_training,CR,ads.1,CES-D,full,MinMaxScaler,GB,48,11,5,0.4014,10.8545,14.1718,0.4456,0.1643,0.4784
5,positive_training,CR,ads.1,CES-D,full,MinMaxScaler,XGB,48,11,5,0.2606,12.2159,15.0037,0.3212,0.0633,0.2551
5,positive_training,CR,ads.1,CES-D,full,MinMaxScaler,MLP,48,11,5,0.0932,13.6896,16.2582,0.1227,-0.0998,-0.0729
5,positive_training,CR,ads.1,CES-D,full,MinMaxScaler,LGBM,48,11,5,-0.2034,16.3664,18.2413,-0.3022,-0.3845,-0.4009
5,positive_training,CR,ads.1,CES-D,full,MinMaxScaler,CatBoost,48,11,5,0.1728,12.9524,15.045,0.2646,0.0582,0.1185
5,positive_training,CR,ads.1,CES-D,full,RobustScaler,Ridge,48,11,5,0.098,13.2018,15.6767,0.1529,-0.0226,-0.0683
5,positive_training,CR,ads.1,CES-D,full,RobustScaler,Lasso,48,11,5,0.1083,13.4181,15.989,0.1484,-0.0637,-0.0683
5,positive_training,CR,ads.1,CES-D,full,RobustScaler,ElasticNet,48,11,5,0.1046,13.3393,15.8648,0.1497,-0.0473,-0.0683
5,positive_training,CR,ads.1,CES-D,full,RobustScaler,SVR,48,11,5,0.088,13.8702,16.2018,0.1193,-0.0922,0.0273
5,positive_training,CR,ads.1,CES-D,full,RobustScaler,KNN,48,11,5,0.1108,12.9766,16.2053,0.1426,-0.0927,0.2005
5,positive_training,CR,ads.1,CES-D,full,RobustScaler,RF,48,11,5,-0.0034,14.1706,16.2284,-0.0063,-0.0958,-0.0729
5,positive_training,CR,ads.1,CES-D,full,RobustScaler,ET,48,11,5,0.1431,12.6237,15.2655,0.2233,0.0304,0.0638
5,positive_training,CR,ads.1,CES-D,full,RobustScaler,GB,48,11,5,0.4014,10.8545,14.1718,0.4456,0.1643,0.4784
5,positive_training,CR,ads.1,CES-D,full,RobustScaler,XGB,48,11,5,0.2606,12.2159,15.0037,0.3212,0.0633,0.2551
5,positive_training,CR,ads.1,CES-D,full,RobustScaler,MLP,48,11,5,0.2931,11.5943,15.503,0.3252,-0.0,0.1412
5,positive_training,CR,ads.1,CES-D,full,RobustScaler,LGBM,48,11,5,-0.2385,16.4255,18.3601,-0.371,-0.4026,-0.4009
5,positive_training,CR,ads.1,CES-D,full,RobustScaler,CatBoost,48,11,5,0.1728,12.9524,15.045,0.2646,0.0582,0.1185
1,positive_training,CR,HRSD_6.1,HRSD6,full,StandardScaler,Ridge,47,12,5,-0.1411,6.707,8.6288,-0.1503,-0.7062,-0.0176
1,positive_training,CR,HRSD_6.1,HRSD6,full,StandardScaler,Lasso,47,12,5,-0.119,6.3247,8.2436,-0.1329,-0.5573,-0.0176
1,positive_training,CR,HRSD_6.1,HRSD6,full,StandardScaler,ElasticNet,47,12,5,-0.0907,5.9693,7.9139,-0.1066,-0.4352,0.0071
1,positive_training,CR,HRSD_6.1,HRSD6,full,StandardScaler,SVR,47,12,5,0.0293,5.3839,7.1748,0.0412,-0.1796,0.1094
1,positive_training,CR,HRSD_6.1,HRSD6,full,StandardScaler,KNN,47,12,5,0.0463,5.4881,6.9364,0.0786,-0.1025,0.0813
1,positive_training,CR,HRSD_6.1,HRSD6,full,StandardScaler,RF,47,12,5,0.1296,5.1713,6.4345,0.2403,0.0512,0.2222
1,positive_training,CR,HRSD_6.1,HRSD6,full,StandardScaler,ET,47,12,5,0.0279,5.25,6.896,0.0481,-0.0897,0.0882
1,positive_training,CR,HRSD_6.1,HRSD6,full,StandardScaler,GB,47,12,5,0.0103,5.751,7.1385,0.0143,-0.1677,-0.0176
1,positive_training,CR,HRSD_6.1,HRSD6,full,StandardScaler,XGB,47,12,5,-0.0932,5.8935,7.6131,-0.1242,-0.3282,-0.134
1,positive_training,CR,HRSD_6.1,HRSD6,full,StandardScaler,MLP,47,12,5,0.3237,4.4069,6.5705,0.348,0.0107,0.4092
1,positive_training,CR,HRSD_6.1,HRSD6,full,StandardScaler,LGBM,47,12,5,0.039,5.5731,6.8694,0.0625,-0.0814,0.1032
1,positive_training,CR,HRSD_6.1,HRSD6,full,StandardScaler,CatBoost,47,12,5,0.0559,5.331,6.6739,0.1121,-0.0207,0.1552
1,positive_training,CR,HRSD_6.1,HRSD6,full,MinMaxScaler,Ridge,47,12,5,-0.0452,5.8317,7.5186,-0.0575,-0.2954,-0.127
1,positive_training,CR,HRSD_6.1,HRSD6,full,MinMaxScaler,Lasso,47,12,5,-0.039,5.8063,7.5376,-0.0489,-0.3019,-0.0564
1,positive_training,CR,HRSD_6.1,HRSD6,full,MinMaxScaler,ElasticNet,47,12,5,-0.0512,5.8361,7.404,-0.0695,-0.2562,-0.127
1,positive_training,CR,HRSD_6.1,HRSD6,full,MinMaxScaler,SVR,47,12,5,-0.0789,5.9274,7.2774,-0.1261,-0.2136,-0.1411
1,positive_training,CR,HRSD_6.1,HRSD6,full,MinMaxScaler,KNN,47,12,5,0.1258,4.9667,6.7027,0.1903,-0.0295,0.2434
1,positive_training,CR,HRSD_6.1,HRSD6,full,MinMaxScaler,RF,47,12,5,0.1422,5.0989,6.3938,0.2658,0.0632,0.3422
1,positive_training,CR,HRSD_6.1,HRSD6,full,MinMaxScaler,ET,47,12,5,0.0568,5.2312,6.7686,0.0956,-0.0498,0.1693
1,positive_training,CR,HRSD_6.1,HRSD6,full,MinMaxScaler,GB,47,12,5,0.1516,5.3481,6.5259,0.2255,0.0241,0.1693
1,positive_training,CR,HRSD_6.1,HRSD6,full,MinMaxScaler,XGB,47,12,5,-0.0387,5.954,7.2085,-0.0585,-0.1907,-0.187
1,positive_training,CR,HRSD_6.1,HRSD6,full,MinMaxScaler,MLP,47,12,5,-0.0875,5.9284,7.4534,-0.1241,-0.273,-0.0459
1,positive_training,CR,HRSD_6.1,HRSD6,full,MinMaxScaler,LGBM,47,12,5,0.0248,5.6007,6.7445,0.0507,-0.0424,0.0285
1,positive_training,CR,HRSD_6.1,HRSD6,full,MinMaxScaler,CatBoost,47,12,5,0.1102,5.1028,6.4989,0.2144,0.0321,0.2751
1,positive_training,CR,HRSD_6.1,HRSD6,full,RobustScaler,Ridge,47,12,5,-0.1464,6.8264,8.7455,-0.1543,-0.7526,-0.0176
1,positive_training,CR,HRSD_6.1,HRSD6,full,RobustScaler,Lasso,47,12,5,-0.141,6.683,8.6065,-0.1507,-0.6974,-0.0176
1,positive_training,CR,HRSD_6.1,HRSD6,full,RobustScaler,ElasticNet,47,12,5,-0.139,6.6351,8.5624,-0.1492,-0.68,-0.0176
1,positive_training,CR,HRSD_6.1,HRSD6,full,RobustScaler,SVR,47,12,5,0.1317,4.9057,6.6097,0.2109,-0.0011,0.4268
1,positive_training,CR,HRSD_6.1,HRSD6,full,RobustScaler,KNN,47,12,5,0.1557,4.9259,6.3832,0.2932,0.0663,0.3887
1,positive_training,CR,HRSD_6.1,HRSD6,full,RobustScaler,RF,47,12,5,0.1402,5.1245,6.3874,0.2632,0.0651,0.2152
1,positive_training,CR,HRSD_6.1,HRSD6,full,RobustScaler,ET,47,12,5,0.0468,5.3308,6.8105,0.0788,-0.0629,0.1058
1,positive_training,CR,HRSD_6.1,HRSD6,full,RobustScaler,GB,47,12,5,0.0176,5.7435,7.1322,0.0243,-0.1657,-0.0176
1,positive_training,CR,HRSD_6.1,HRSD6,full,RobustScaler,XGB,47,12,5,-0.0932,5.8935,7.6131,-0.1242,-0.3282,-0.134
1,positive_training,CR,HRSD_6.1,HRSD6,full,RobustScaler,MLP,47,12,5,0.3666,4.4765,5.8634,0.4636,0.2122,0.4692
1,positive_training,CR,HRSD_6.1,HRSD6,full,RobustScaler,LGBM,47,12,5,0.0616,5.4274,6.6892,0.1148,-0.0253,0.1216
1,positive_training,CR,HRSD_6.1,HRSD6,full,RobustScaler,CatBoost,47,12,5,0.1186,5.1269,6.4547,0.2368,0.0453,0.2469
2,positive_training,CR,HRSD_6.1,HRSD6,full,StandardScaler,Ridge,47,12,10,-0.0539,4.2336,5.0437,-0.0655,-0.6095,-0.0811
2,positive_training,CR,HRSD_6.1,HRSD6,full,StandardScaler,Lasso,47,12,10,-0.117,3.8754,4.6979,-0.1848,-0.3964,-0.2011
2,positive_training,CR,HRSD_6.1,HRSD6,full,StandardScaler,ElasticNet,47,12,10,-0.1009,4.0276,4.8084,-0.1365,-0.4628,-0.1834
2,positive_training,CR,HRSD_6.1,HRSD6,full,StandardScaler,SVR,47,12,10,-0.0533,4.6569,6.2418,-0.0606,-1.4649,-0.1023
2,positive_training,CR,HRSD_6.1,HRSD6,full,StandardScaler,KNN,47,12,10,-0.0287,4.2593,5.0624,-0.0328,-0.6214,-0.0035
2,positive_training,CR,HRSD_6.1,HRSD6,full,StandardScaler,RF,47,12,10,-0.0871,4.104,5.0472,-0.1074,-0.6117,-0.127
2,positive_training,CR,HRSD_6.1,HRSD6,full,StandardScaler,ET,47,12,10,-0.1333,4.2933,5.2864,-0.1597,-0.7681,-0.2716
2,positive_training,CR,HRSD_6.1,HRSD6,full,StandardScaler,GB,47,12,10,0.0865,4.6663,5.3035,0.097,-0.7796,0.0388
2,positive_training,CR,HRSD_6.1,HRSD6,full,StandardScaler,XGB,47,12,10,0.2826,4.0741,4.7531,0.3168,-0.4294,0.2893
2,positive_training,CR,HRSD_6.1,HRSD6,full,StandardScaler,MLP,47,12,10,0.0581,4.9843,5.9619,0.0702,-1.2489,0.0106
2,positive_training,CR,HRSD_6.1,HRSD6,full,StandardScaler,LGBM,47,12,10,0.0256,4.0026,4.9208,0.0285,-0.532,0.2385
2,positive_training,CR,HRSD_6.1,HRSD6,full,StandardScaler,CatBoost,47,12,10,-0.0189,4.48,5.5083,-0.0231,-0.9197,-0.1199
2,positive_training,CR,HRSD_6.1,HRSD6,full,MinMaxScaler,Ridge,47,12,5,-0.1934,4.3001,5.2714,-0.2406,-0.7581,-0.2328
2,positive_training,CR,HRSD_6.1,HRSD6,full,MinMaxScaler,Lasso,47,12,5,-0.1836,4.2293,5.1836,-0.2369,-0.7,-0.2469
2,positive_training,CR,HRSD_6.1,HRSD6,full,MinMaxScaler,ElasticNet,47,12,5,-0.1633,4.4036,5.3569,-0.1972,-0.8156,-0.261
2,positive_training,CR,HRSD_6.1,HRSD6,full,MinMaxScaler,SVR,47,12,5,-0.2292,4.529,5.5615,-0.2849,-0.957,-0.2681
2,positive_training,CR,HRSD_6.1,HRSD6,full,MinMaxScaler,KNN,47,12,5,-0.1654,4.1905,5.3398,-0.1969,-0.804,-0.0247
2,positive_training,CR,HRSD_6.1,HRSD6,full,MinMaxScaler,RF,47,12,5,-0.087,4.1563,5.018,-0.1081,-0.5932,-0.0106
2,positive_training,CR,HRSD_6.1,HRSD6,full,MinMaxScaler,ET,47,12,5,-0.0542,4.2483,5.1799,-0.0588,-0.6976,-0.0741
2,positive_training,CR,HRSD_6.1,HRSD6,full,MinMaxScaler,GB,47,12,5,0.1125,4.5789,5.2348,0.1232,-0.7338,0.1905
2,positive_training,CR,HRSD_6.1,HRSD6,full,MinMaxScaler,XGB,47,12,5,0.1334,4.8871,5.6679,0.1423,-1.0325,0.0529
2,positive_training,CR,HRSD_6.1,HRSD6,full,MinMaxScaler,MLP,47,12,5,-0.0851,4.3125,5.2758,-0.1005,-0.7611,-0.1728
2,positive_training,CR,HRSD_6.1,HRSD6,full,MinMaxScaler,LGBM,47,12,5,-0.1855,4.4869,5.4446,-0.2182,-0.8755,-0.0671
2,positive_training,CR,HRSD_6.1,HRSD6,full,MinMaxScaler,CatBoost,47,12,5,0.0371,4.1339,4.988,0.0451,-0.5742,0.1235
2,positive_training,CR,HRSD_6.1,HRSD6,full,RobustScaler,Ridge,47,12,5,-0.0879,3.9953,4.8618,-0.1183,-0.4955,-0.0811
2,positive_training,CR,HRSD_6.1,HRSD6,full,RobustScaler,Lasso,47,12,5,-0.1303,4.2363,5.1683,-0.1641,-0.69,-0.2011
2,positive_training,CR,HRSD_6.1,HRSD6,full,RobustScaler,ElasticNet,47,12,5,-0.0947,4.1001,5.0005,-0.1221,-0.582,-0.1058
2,positive_training,CR,HRSD_6.1,HRSD6,full,RobustScaler,SVR,47,12,5,0.1865,5.0303,6.1384,0.2046,-1.384,0.067
2,positive_training,CR,HRSD_6.1,HRSD6,full,RobustScaler,KNN,47,12,5,-0.0123,4.2222,5.0954,-0.0153,-0.6426,-0.0284
2,positive_training,CR,HRSD_6.1,HRSD6,full,RobustScaler,RF,47,12,5,0.1196,3.6134,4.3689,0.1425,-0.2076,0.0741
2,positive_training,CR,HRSD_6.1,HRSD6,full,RobustScaler,ET,47,12,5,0.0035,3.8633,4.8808,0.0039,-0.5072,-0.0247
2,positive_training,CR,HRSD_6.1,HRSD6,full,RobustScaler,GB,47,12,5,0.059,4.1908,5.1241,0.061,-0.6612,0.0564
2,positive_training,CR,HRSD_6.1,HRSD6,full,RobustScaler,XGB,47,12,5,0.0475,4.0773,5.2918,0.0522,-0.7717,0.1834
2,positive_training,CR,HRSD_6.1,HRSD6,full,RobustScaler,MLP,47,12,5,-0.0925,4.3688,5.1456,-0.1249,-0.6752,-0.067
2,positive_training,CR,HRSD_6.1,HRSD6,full,RobustScaler,LGBM,47,12,5,0.0136,3.9781,4.7638,0.0149,-0.4358,0.1444
2,positive_training,CR,HRSD_6.1,HRSD6,full,RobustScaler,CatBoost,47,12,5,0.1662,3.594,4.4251,0.1968,-0.2389,0.067
3,positive_training,CR,HRSD_6.1,HRSD6,full,StandardScaler,Ridge,47,12,5,0.2145,4.58,5.2897,0.2488,-0.0559,0.2102
3,positive_training,CR,HRSD_6.1,HRSD6,full,StandardScaler,Lasso,47,12,5,0.2193,4.6468,5.4042,0.2428,-0.1021,0.2032
3,positive_training,CR,HRSD_6.1,HRSD6,full,StandardScaler,ElasticNet,47,12,5,0.2199,4.6272,5.3737,0.2454,-0.0897,0.2102
3,positive_training,CR,HRSD_6.1,HRSD6,full,StandardScaler,SVR,47,12,5,0.136,4.7014,5.5975,0.1544,-0.1823,0.0806
3,positive_training,CR,HRSD_6.1,HRSD6,full,StandardScaler,KNN,47,12,5,0.2427,4.2333,5.0885,0.3035,0.0229,0.2039
3,positive_training,CR,HRSD_6.1,HRSD6,full,StandardScaler,RF,47,12,5,-0.0,5.1992,5.7868,-0.0001,-0.2637,0.056
3,positive_training,CR,HRSD_6.1,HRSD6,full,StandardScaler,ET,47,12,5,-0.0367,5.2433,5.9496,-0.0493,-0.3358,0.028
3,positive_training,CR,HRSD_6.1,HRSD6,full,StandardScaler,GB,47,12,5,0.0446,5.4126,5.9613,0.0555,-0.341,0.1506
3,positive_training,CR,HRSD_6.1,HRSD6,full,StandardScaler,XGB,47,12,5,0.1204,5.3347,6.0518,0.1358,-0.3821,0.2207
3,positive_training,CR,HRSD_6.1,HRSD6,full,StandardScaler,MLP,47,12,5,0.0549,5.4799,6.1554,0.0582,-0.4298,0.035
3,positive_training,CR,HRSD_6.1,HRSD6,full,StandardScaler,LGBM,47,12,5,0.168,4.5009,5.539,0.2059,-0.1578,0.2742
3,positive_training,CR,HRSD_6.1,HRSD6,full,StandardScaler,CatBoost,47,12,5,-0.0147,5.1875,5.93,-0.019,-0.327,-0.0841
3,positive_training,CR,HRSD_6.1,HRSD6,full,MinMaxScaler,Ridge,47,12,10,0.361,3.8219,4.8278,0.4139,0.1204,0.2837
3,positive_training,CR,HRSD_6.1,HRSD6,full,MinMaxScaler,Lasso,47,12,10,0.3636,3.7985,4.8218,0.4156,0.1226,0.2837
3,positive_training,CR,HRSD_6.1,HRSD6,full,MinMaxScaler,ElasticNet,47,12,10,0.3409,3.9406,4.8372,0.4042,0.1171,0.2522
3,positive_training,CR,HRSD_6.1,HRSD6,full,MinMaxScaler,SVR,47,12,10,0.3473,3.8325,4.7463,0.4227,0.1499,0.3152
3,positive_training,CR,HRSD_6.1,HRSD6,full,MinMaxScaler,KNN,47,12,10,0.1369,4.8889,5.6141,0.198,-0.1894,0.1912
3,positive_training,CR,HRSD_6.1,HRSD6,full,MinMaxScaler,RF,47,12,10,0.0813,4.88,5.4395,0.1609,-0.1165,0.2277
3,positive_training,CR,HRSD_6.1,HRSD6,full,MinMaxScaler,ET,47,12,10,0.0456,4.8362,5.3817,0.0947,-0.0929,0.2137
3,positive_training,CR,HRSD_6.1,HRSD6,full,MinMaxScaler,GB,47,12,10,-0.0705,5.4049,6.2408,-0.0891,-0.4697,0.049
3,positive_training,CR,HRSD_6.1,HRSD6,full,MinMaxScaler,XGB,47,12,10,0.0235,4.9767,5.9989,0.0311,-0.358,0.0245
3,positive_training,CR,HRSD_6.1,HRSD6,full,MinMaxScaler,MLP,47,12,10,0.3307,3.7642,4.7792,0.4005,0.1381,0.2207
3,positive_training,CR,HRSD_6.1,HRSD6,full,MinMaxScaler,LGBM,47,12,10,0.2441,4.3347,5.0654,0.5224,0.0318,0.4729
3,positive_training,CR,HRSD_6.1,HRSD6,full,MinMaxScaler,CatBoost,47,12,10,0.1289,4.7098,5.5019,0.2508,-0.1423,0.2417
3,positive_training,CR,HRSD_6.1,HRSD6,full,RobustScaler,Ridge,47,12,5,0.218,4.4857,5.495,0.2411,-0.1395,0.2242
3,positive_training,CR,HRSD_6.1,HRSD6,full,RobustScaler,Lasso,47,12,5,0.2193,4.492,5.5269,0.2398,-0.1527,0.2067
3,positive_training,CR,HRSD_6.1,HRSD6,full,RobustScaler,ElasticNet,47,12,5,0.2191,4.4908,5.5175,0.2403,-0.1488,0.2067
3,positive_training,CR,HRSD_6.1,HRSD6,full,RobustScaler,SVR,47,12,5,0.2582,4.1477,5.1379,0.2969,0.0038,0.3398
3,positive_training,CR,HRSD_6.1,HRSD6,full,RobustScaler,KNN,47,12,5,0.1271,4.8241,5.7165,0.1566,-0.2331,0.3117
3,positive_training,CR,HRSD_6.1,HRSD6,full,RobustScaler,RF,47,12,5,-0.0498,5.2242,5.9996,-0.0636,-0.3583,0.021
3,positive_training,CR,HRSD_6.1,HRSD6,full,RobustScaler,ET,47,12,5,-0.0682,5.1892,6.0174,-0.0936,-0.3664,0.0245
3,positive_training,CR,HRSD_6.1,HRSD6,full,RobustScaler,GB,47,12,5,-0.0089,5.1376,6.393,-0.0113,-0.5423,0.0595
3,positive_training,CR,HRSD_6.1,HRSD6,full,RobustScaler,XGB,47,12,5,-0.0007,4.9895,6.2053,-0.0008,-0.4531,0.0245
3,positive_training,CR,HRSD_6.1,HRSD6,full,RobustScaler,MLP,47,12,5,0.0362,4.9958,5.9532,0.041,-0.3374,0.0666
3,positive_training,CR,HRSD_6.1,HRSD6,full,RobustScaler,LGBM,47,12,5,0.1269,4.6473,5.8324,0.1541,-0.2837,0.2039
3,positive_training,CR,HRSD_6.1,HRSD6,full,RobustScaler,CatBoost,47,12,5,-0.0903,5.1587,6.2917,-0.1058,-0.4938,-0.0876
4,positive_training,CR,HRSD_6.1,HRSD6,full,StandardScaler,Ridge,47,12,10,0.3921,3.1858,4.3627,0.4262,0.0703,0.4496
4,positive_training,CR,HRSD_6.1,HRSD6,full,StandardScaler,Lasso,47,12,10,0.4176,3.187,4.2995,0.4493,0.0971,0.4496
4,positive_training,CR,HRSD_6.1,HRSD6,full,StandardScaler,ElasticNet,47,12,10,0.41,3.1831,4.3184,0.4426,0.0891,0.4496
4,positive_training,CR,HRSD_6.1,HRSD6,full,StandardScaler,SVR,47,12,10,0.3921,3.3241,4.3385,0.4787,0.0806,0.4602
4,positive_training,CR,HRSD_6.1,HRSD6,full,StandardScaler,KNN,47,12,10,0.1611,3.9815,4.8769,0.2138,-0.1618,0.2584
4,positive_training,CR,HRSD_6.1,HRSD6,full,StandardScaler,RF,47,12,10,0.385,3.6125,3.9919,0.4995,0.2216,0.4638
4,positive_training,CR,HRSD_6.1,HRSD6,full,StandardScaler,ET,47,12,10,0.2977,3.96,4.3833,0.3651,0.0615,0.2938
4,positive_training,CR,HRSD_6.1,HRSD6,full,StandardScaler,GB,47,12,10,0.0132,5.1147,5.859,0.0137,-0.6768,-0.1522
4,positive_training,CR,HRSD_6.1,HRSD6,full,StandardScaler,XGB,47,12,10,0.3488,4.0147,4.6758,0.3656,-0.0679,0.4354
4,positive_training,CR,HRSD_6.1,HRSD6,full,StandardScaler,MLP,47,12,10,0.4278,3.6728,4.2995,0.4724,0.097,0.485
4,positive_training,CR,HRSD_6.1,HRSD6,full,StandardScaler,LGBM,47,12,10,0.0776,4.296,4.7344,0.1163,-0.0949,0.1097
4,positive_training,CR,HRSD_6.1,HRSD6,full,StandardScaler,CatBoost,47,12,10,0.3271,3.7875,4.1826,0.4158,0.1455,0.5098
4,positive_training,CR,HRSD_6.1,HRSD6,full,MinMaxScaler,Ridge,47,12,5,0.2132,4.1877,4.9564,0.2273,-0.2,0.2513
4,positive_training,CR,HRSD_6.1,HRSD6,full,MinMaxScaler,Lasso,47,12,5,0.2042,3.936,4.7277,0.2373,-0.0918,0.2513
4,positive_training,CR,HRSD_6.1,HRSD6,full,MinMaxScaler,ElasticNet,47,12,5,0.2078,4.0168,4.822,0.2314,-0.1358,0.2513
4,positive_training,CR,HRSD_6.1,HRSD6,full,MinMaxScaler,SVR,47,12,5,0.1943,3.9671,4.7046,0.2284,-0.0811,0.2089
4,positive_training,CR,HRSD_6.1,HRSD6,full,MinMaxScaler,KNN,47,12,5,0.3296,3.75,4.2556,0.3964,0.1154,0.5329
4,positive_training,CR,HRSD_6.1,HRSD6,full,MinMaxScaler,RF,47,12,5,0.2635,4.1063,4.5269,0.3166,-0.001,0.4744
4,positive_training,CR,HRSD_6.1,HRSD6,full,MinMaxScaler,ET,47,12,5,0.4224,3.4683,3.9621,0.5105,0.2332,0.5381
4,positive_training,CR,HRSD_6.1,HRSD6,full,MinMaxScaler,GB,47,12,5,0.3894,3.958,4.6363,0.4088,-0.05,0.4354
4,positive_training,CR,HRSD_6.1,HRSD6,full,MinMaxScaler,XGB,47,12,5,0.4276,3.8317,4.5449,0.4455,-0.009,0.5416
4,positive_training,CR,HRSD_6.1,HRSD6,full,MinMaxScaler,MLP,47,12,5,0.2011,3.9368,4.5305,0.2602,-0.0026,0.3221
4,positive_training,CR,HRSD_6.1,HRSD6,full,MinMaxScaler,LGBM,47,12,5,-0.0218,4.4797,5.1607,-0.0266,-0.3009,0.0213
4,positive_training,CR,HRSD_6.1,HRSD6,full,MinMaxScaler,CatBoost,47,12,5,0.3512,4.0291,4.4301,0.3828,0.0414,0.4531
4,positive_training,CR,HRSD_6.1,HRSD6,full,RobustScaler,Ridge,47,12,5,0.2375,4.4719,5.0907,0.2478,-0.2659,0.1168
4,positive_training,CR,HRSD_6.1,HRSD6,full,RobustScaler,Lasso,47,12,5,0.2358,4.4567,5.083,0.2462,-0.2621,0.1168
4,positive_training,CR,HRSD_6.1,HRSD6,full,RobustScaler,ElasticNet,47,12,5,0.2359,4.4528,5.0792,0.2464,-0.2602,0.1168
4,positive_training,CR,HRSD_6.1,HRSD6,full,RobustScaler,SVR,47,12,5,0.3844,3.4773,4.1334,0.4453,0.1654,0.4036
4,positive_training,CR,HRSD_6.1,HRSD6,full,RobustScaler,KNN,47,12,5,0.3848,3.3981,3.959,0.4954,0.2344,0.4929
4,positive_training,CR,HRSD_6.1,HRSD6,full,RobustScaler,RF,47,12,5,0.3929,3.5556,3.9915,0.4974,0.2218,0.5204
4,positive_training,CR,HRSD_6.1,HRSD6,full,RobustScaler,ET,47,12,5,0.3919,3.5592,3.9979,0.4812,0.2193,0.4354
4,positive_training,CR,HRSD_6.1,HRSD6,full,RobustScaler,GB,47,12,5,0.5251,3.3278,3.8175,0.5583,0.2881,0.7363
4,positive_training,CR,HRSD_6.1,HRSD6,full,RobustScaler,XGB,47,12,5,0.4728,3.6428,4.0515,0.4982,0.1982,0.7257
4,positive_training,CR,HRSD_6.1,HRSD6,full,RobustScaler,MLP,47,12,5,0.4387,3.347,3.9691,0.4939,0.2305,0.4992
4,positive_training,CR,HRSD_6.1,HRSD6,full,RobustScaler,LGBM,47,12,5,0.2085,3.9306,4.7267,0.2365,-0.0913,0.3575
4,positive_training,CR,HRSD_6.1,HRSD6,full,RobustScaler,CatBoost,47,12,5,0.4803,3.3095,3.7441,0.5651,0.3153,0.5062
5,positive_training,CR,HRSD_6.1,HRSD6,full,StandardScaler,Ridge,48,11,5,-0.158,5.7611,7.5956,-0.1919,-1.7058,0.0369
5,positive_training,CR,HRSD_6.1,HRSD6,full,StandardScaler,Lasso,48,11,5,-0.1578,5.7262,7.5184,-0.1917,-1.651,0.0369
5,positive_training,CR,HRSD_6.1,HRSD6,full,StandardScaler,ElasticNet,48,11,5,-0.157,5.6823,7.4136,-0.1911,-1.5776,0.0369
5,positive_training,CR,HRSD_6.1,HRSD6,full,StandardScaler,SVR,48,11,5,-0.2511,5.013,5.9583,-0.4146,-0.665,-0.4378
5,positive_training,CR,HRSD_6.1,HRSD6,full,StandardScaler,KNN,48,11,5,-0.0568,4.6909,6.2138,-0.0712,-0.8108,0.0579
5,positive_training,CR,HRSD_6.1,HRSD6,full,StandardScaler,RF,48,11,5,-0.2868,5.0686,6.265,-0.4252,-0.8408,-0.4056
5,positive_training,CR,HRSD_6.1,HRSD6,full,StandardScaler,ET,48,11,5,-0.3675,5.2309,6.4689,-0.4517,-0.9626,-0.3549
5,positive_training,CR,HRSD_6.1,HRSD6,full,StandardScaler,GB,48,11,5,-0.46,6.2224,7.588,-0.4824,-1.7003,-0.4885
5,positive_training,CR,HRSD_6.1,HRSD6,full,StandardScaler,XGB,48,11,5,-0.4551,7.035,8.1468,-0.4881,-2.1127,-0.2904
5,positive_training,CR,HRSD_6.1,HRSD6,full,StandardScaler,MLP,48,11,5,-0.2829,5.8249,8.1061,-0.3507,-2.0817,-0.3641
5,positive_training,CR,HRSD_6.1,HRSD6,full,StandardScaler,LGBM,48,11,5,-0.194,4.8634,6.0602,-0.3221,-0.7224,-0.301
5,positive_training,CR,HRSD_6.1,HRSD6,full,StandardScaler,CatBoost,48,11,5,-0.401,5.5309,6.7642,-0.4976,-1.1458,-0.4332
5,positive_training,CR,HRSD_6.1,HRSD6,full,MinMaxScaler,Ridge,48,11,10,-0.1342,5.2399,6.2765,-0.215,-0.8475,-0.1613
5,positive_training,CR,HRSD_6.1,HRSD6,full,MinMaxScaler,Lasso,48,11,10,-0.0988,4.9528,5.8765,-0.1638,-0.6196,-0.0922
5,positive_training,CR,HRSD_6.1,HRSD6,full,MinMaxScaler,ElasticNet,48,11,10,-0.1079,4.7203,5.6904,-0.2045,-0.5186,-0.1429
5,positive_training,CR,HRSD_6.1,HRSD6,full,MinMaxScaler,SVR,48,11,10,-0.144,4.7198,5.7041,-0.2623,-0.526,-0.1705
5,positive_training,CR,HRSD_6.1,HRSD6,full,MinMaxScaler,KNN,48,11,10,-0.1517,5.3333,6.8593,-0.1762,-1.2066,-0.0867
5,positive_training,CR,HRSD_6.1,HRSD6,full,MinMaxScaler,RF,48,11,10,-0.3391,5.6782,6.8063,-0.426,-1.1726,-0.4424
5,positive_training,CR,HRSD_6.1,HRSD6,full,MinMaxScaler,ET,48,11,10,-0.3324,5.6791,6.9799,-0.4224,-1.2849,-0.53
5,positive_training,CR,HRSD_6.1,HRSD6,full,MinMaxScaler,GB,48,11,10,-0.4491,6.3594,7.7093,-0.5161,-1.7874,-0.5484
5,positive_training,CR,HRSD_6.1,HRSD6,full,MinMaxScaler,XGB,48,11,10,-0.4091,6.2895,7.618,-0.4582,-1.7217,-0.4517
5,positive_training,CR,HRSD_6.1,HRSD6,full,MinMaxScaler,MLP,48,11,10,-0.1203,5.089,6.0824,-0.1939,-0.7351,-0.1429
5,positive_training,CR,HRSD_6.1,HRSD6,full,MinMaxScaler,LGBM,48,11,10,-0.0669,5.1275,6.0057,-0.0833,-0.6916,0.0487
5,positive_training,CR,HRSD_6.1,HRSD6,full,MinMaxScaler,CatBoost,48,11,10,-0.3311,5.8146,6.7338,-0.4186,-1.1266,-0.4563
5,positive_training,CR,HRSD_6.1,HRSD6,full,RobustScaler,Ridge,48,11,5,-0.1577,5.7349,7.5347,-0.1916,-1.6625,0.0369
5,positive_training,CR,HRSD_6.1,HRSD6,full,RobustScaler,Lasso,48,11,5,-0.1577,5.719,7.5027,-0.1917,-1.64,0.0369
5,positive_training,CR,HRSD_6.1,HRSD6,full,RobustScaler,ElasticNet,48,11,5,-0.1566,5.6545,7.352,-0.1908,-1.535,-0.0092
5,positive_training,CR,HRSD_6.1,HRSD6,full,RobustScaler,SVR,48,11,5,-0.4571,5.7988,7.0757,-0.5127,-1.348,-0.5392
5,positive_training,CR,HRSD_6.1,HRSD6,full,RobustScaler,KNN,48,11,5,-0.1784,5.3273,6.7022,-0.2675,-1.1067,-0.1968
5,positive_training,CR,HRSD_6.1,HRSD6,full,RobustScaler,RF,48,11,5,-0.2868,5.0686,6.265,-0.4252,-0.8408,-0.4056
5,positive_training,CR,HRSD_6.1,HRSD6,full,RobustScaler,ET,48,11,5,-0.3675,5.2309,6.4689,-0.4517,-0.9626,-0.3549
5,positive_training,CR,HRSD_6.1,HRSD6,full,RobustScaler,GB,48,11,5,-0.46,6.2224,7.588,-0.4824,-1.7003,-0.4885
5,positive_training,CR,HRSD_6.1,HRSD6,full,RobustScaler,XGB,48,11,5,-0.4551,7.035,8.1468,-0.4881,-2.1127,-0.2904
5,positive_training,CR,HRSD_6.1,HRSD6,full,RobustScaler,MLP,48,11,5,-0.1552,5.4243,6.8644,-0.1848,-1.2099,-0.1106
5,positive_training,CR,HRSD_6.1,HRSD6,full,RobustScaler,LGBM,48,11,5,-0.194,4.8634,6.0602,-0.3221,-0.7224,-0.301
5,positive_training,CR,HRSD_6.1,HRSD6,full,RobustScaler,CatBoost,48,11,5,-0.401,5.5309,6.7642,-0.4976,-1.1458,-0.4332
1,positive_training,CR,HRSD_17.1,HRSD17,full,StandardScaler,Ridge,47,12,5,0.0323,11.186,12.9101,0.0358,-0.4043,-0.0947
1,positive_training,CR,HRSD_17.1,HRSD17,full,StandardScaler,Lasso,47,12,5,0.0517,10.928,12.5992,0.0586,-0.3375,-0.0702
1,positive_training,CR,HRSD_17.1,HRSD17,full,StandardScaler,ElasticNet,47,12,5,0.1054,10.273,11.9365,0.1255,-0.2005,-0.014
1,positive_training,CR,HRSD_17.1,HRSD17,full,StandardScaler,SVR,47,12,5,0.1316,9.6291,11.2671,0.1715,-0.0696,0.186
1,positive_training,CR,HRSD_17.1,HRSD17,full,StandardScaler,KNN,47,12,5,0.1336,9.0667,10.7257,0.2181,0.0307,0.1965
1,positive_training,CR,HRSD_17.1,HRSD17,full,StandardScaler,RF,47,12,5,0.0984,8.67,10.7591,0.1862,0.0247,0.1684
1,positive_training,CR,HRSD_17.1,HRSD17,full,StandardScaler,ET,47,12,5,0.1801,9.105,10.5817,0.2674,0.0566,0.2175
1,positive_training,CR,HRSD_17.1,HRSD17,full,StandardScaler,GB,47,12,5,-0.0135,9.8999,11.8787,-0.0193,-0.1889,-0.0211
1,positive_training,CR,HRSD_17.1,HRSD17,full,StandardScaler,XGB,47,12,5,0.1043,9.9507,11.1632,0.1542,-0.05,0.1404
1,positive_training,CR,HRSD_17.1,HRSD17,full,StandardScaler,MLP,47,12,5,0.3436,8.0895,10.1482,0.4068,0.1323,0.3088
1,positive_training,CR,HRSD_17.1,HRSD17,full,StandardScaler,LGBM,47,12,5,0.1424,9.0971,10.7429,0.2217,0.0276,0.2029
1,positive_training,CR,HRSD_17.1,HRSD17,full,StandardScaler,CatBoost,47,12,5,0.1285,9.5756,11.0888,0.1772,-0.036,0.1088
1,positive_training,CR,HRSD_17.1,HRSD17,full,MinMaxScaler,Ridge,47,12,5,0.1591,9.078,10.9392,0.2143,-0.0082,-0.0526
1,positive_training,CR,HRSD_17.1,HRSD17,full,MinMaxScaler,Lasso,47,12,5,0.1664,9.0541,10.9279,0.2212,-0.0062,0.0386
1,positive_training,CR,HRSD_17.1,HRSD17,full,MinMaxScaler,ElasticNet,47,12,5,0.1407,9.0865,10.921,0.2003,-0.0049,-0.0175
1,positive_training,CR,HRSD_17.1,HRSD17,full,MinMaxScaler,SVR,47,12,5,0.0919,9.2365,11.0279,0.1487,-0.0247,-0.0491
1,positive_training,CR,HRSD_17.1,HRSD17,full,MinMaxScaler,KNN,47,12,5,0.2325,8.35,10.1073,0.4506,0.1393,0.3392
1,positive_training,CR,HRSD_17.1,HRSD17,full,MinMaxScaler,RF,47,12,5,0.1129,9.0154,10.735,0.2027,0.029,-0.1333
1,positive_training,CR,HRSD_17.1,HRSD17,full,MinMaxScaler,ET,47,12,5,0.1289,9.0133,10.6677,0.2243,0.0412,-0.2211
1,positive_training,CR,HRSD_17.1,HRSD17,full,MinMaxScaler,GB,47,12,5,0.0613,9.4289,11.3853,0.0892,-0.0922,-0.1544
1,positive_training,CR,HRSD_17.1,HRSD17,full,MinMaxScaler,XGB,47,12,5,0.2032,8.738,10.557,0.3029,0.061,-0.0632
1,positive_training,CR,HRSD_17.1,HRSD17,full,MinMaxScaler,MLP,47,12,5,0.0936,9.4056,11.1817,0.1363,-0.0534,-0.0491
1,positive_training,CR,HRSD_17.1,HRSD17,full,MinMaxScaler,LGBM,47,12,5,0.0829,9.7895,11.2941,0.1215,-0.0747,-0.2527
1,positive_training,CR,HRSD_17.1,HRSD17,full,MinMaxScaler,CatBoost,47,12,5,0.2134,8.8869,10.4279,0.3067,0.0838,0.0947
1,positive_training,CR,HRSD_17.1,HRSD17,full,RobustScaler,Ridge,47,12,5,0.0213,11.3306,13.0966,0.0234,-0.4451,-0.0947
1,positive_training,CR,HRSD_17.1,HRSD17,full,RobustScaler,Lasso,47,12,5,0.0278,11.2285,12.9658,0.0307,-0.4164,-0.0947
1,positive_training,CR,HRSD_17.1,HRSD17,full,RobustScaler,ElasticNet,47,12,5,0.0328,11.153,12.8711,0.0364,-0.3958,-0.0947
1,positive_training,CR,HRSD_17.1,HRSD17,full,RobustScaler,SVR,47,12,5,0.0688,9.4193,11.3197,0.1001,-0.0796,0.0351
1,positive_training,CR,HRSD_17.1,HRSD17,full,RobustScaler,KNN,47,12,5,0.1284,8.6852,10.7476,0.2109,0.0268,0.1406
1,positive_training,CR,HRSD_17.1,HRSD17,full,RobustScaler,RF,47,12,5,0.0984,8.67,10.7591,0.1862,0.0247,0.1684
1,positive_training,CR,HRSD_17.1,HRSD17,full,RobustScaler,ET,47,12,5,0.1801,9.105,10.5817,0.2674,0.0566,0.2175
1,positive_training,CR,HRSD_17.1,HRSD17,full,RobustScaler,GB,47,12,5,-0.0135,9.8999,11.8787,-0.0193,-0.1889,-0.0211
1,positive_training,CR,HRSD_17.1,HRSD17,full,RobustScaler,XGB,47,12,5,0.1043,9.9507,11.1632,0.1542,-0.05,0.1404
1,positive_training,CR,HRSD_17.1,HRSD17,full,RobustScaler,MLP,47,12,5,0.2688,9.0701,10.7905,0.3118,0.019,0.2175
1,positive_training,CR,HRSD_17.1,HRSD17,full,RobustScaler,LGBM,47,12,5,0.1461,8.9635,10.6279,0.2409,0.0483,0.21
1,positive_training,CR,HRSD_17.1,HRSD17,full,RobustScaler,CatBoost,47,12,5,0.1285,9.5756,11.0888,0.1772,-0.036,0.1088
2,positive_training,CR,HRSD_17.1,HRSD17,full,StandardScaler,Ridge,47,12,5,-0.3173,8.7524,10.7187,-0.3492,-1.3358,-0.3573
2,positive_training,CR,HRSD_17.1,HRSD17,full,StandardScaler,Lasso,47,12,5,-0.2973,8.0819,9.9351,-0.3526,-1.0067,-0.3853
2,positive_training,CR,HRSD_17.1,HRSD17,full,StandardScaler,ElasticNet,47,12,5,-0.3004,7.8332,9.6727,-0.3626,-0.9021,-0.3468
2,positive_training,CR,HRSD_17.1,HRSD17,full,StandardScaler,SVR,47,12,5,-0.2636,8.8015,10.5359,-0.3994,-1.2568,-0.4764
2,positive_training,CR,HRSD_17.1,HRSD17,full,StandardScaler,KNN,47,12,5,-0.1869,7.5357,9.6077,-0.2411,-0.8767,-0.2102
2,positive_training,CR,HRSD_17.1,HRSD17,full,StandardScaler,RF,47,12,5,-0.2026,7.4283,9.4391,-0.2876,-0.8113,-0.1331
2,positive_training,CR,HRSD_17.1,HRSD17,full,StandardScaler,ET,47,12,5,-0.2576,7.5142,9.7582,-0.349,-0.9359,-0.2207
2,positive_training,CR,HRSD_17.1,HRSD17,full,StandardScaler,GB,47,12,5,-0.2535,8.1645,10.3919,-0.3683,-1.1955,-0.2522
2,positive_training,CR,HRSD_17.1,HRSD17,full,StandardScaler,XGB,47,12,5,-0.2332,8.4653,10.4256,-0.3286,-1.2098,-0.2837
2,positive_training,CR,HRSD_17.1,HRSD17,full,StandardScaler,MLP,47,12,5,-0.2497,9.4809,10.9204,-0.2898,-1.4245,-0.3187
2,positive_training,CR,HRSD_17.1,HRSD17,full,StandardScaler,LGBM,47,12,5,-0.1444,7.295,9.2132,-0.1782,-0.7257,-0.051
2,positive_training,CR,HRSD_17.1,HRSD17,full,StandardScaler,CatBoost,47,12,5,-0.1788,7.9175,9.6194,-0.2667,-0.8812,-0.2172
2,positive_training,CR,HRSD_17.1,HRSD17,full,MinMaxScaler,Ridge,47,12,5,-0.3265,9.1745,11.2334,-0.3523,-1.5655,-0.4098
2,positive_training,CR,HRSD_17.1,HRSD17,full,MinMaxScaler,Lasso,47,12,5,-0.3169,8.6157,10.5889,-0.3542,-1.2795,-0.3853
2,positive_training,CR,HRSD_17.1,HRSD17,full,MinMaxScaler,ElasticNet,47,12,5,-0.3386,8.8887,10.9394,-0.3679,-1.4329,-0.4098
2,positive_training,CR,HRSD_17.1,HRSD17,full,MinMaxScaler,SVR,47,12,5,-0.3352,8.2774,10.6999,-0.4811,-1.3276,-0.4834
2,positive_training,CR,HRSD_17.1,HRSD17,full,MinMaxScaler,KNN,47,12,5,-0.4537,8.4167,10.4888,-0.6393,-1.2367,-0.5852
2,positive_training,CR,HRSD_17.1,HRSD17,full,MinMaxScaler,RF,47,12,5,-0.3151,7.61,9.4437,-0.5365,-0.8132,-0.5254
2,positive_training,CR,HRSD_17.1,HRSD17,full,MinMaxScaler,ET,47,12,5,-0.384,8.2142,10.388,-0.5684,-1.1938,-0.4659
2,positive_training,CR,HRSD_17.1,HRSD17,full,MinMaxScaler,GB,47,12,5,-0.3242,8.7139,11.1509,-0.4658,-1.5279,-0.3398
2,positive_training,CR,HRSD_17.1,HRSD17,full,MinMaxScaler,XGB,47,12,5,-0.2175,8.3073,10.5916,-0.3112,-1.2807,-0.2557
2,positive_training,CR,HRSD_17.1,HRSD17,full,MinMaxScaler,MLP,47,12,5,-0.3426,9.2602,11.1657,-0.3801,-1.5347,-0.4098
2,positive_training,CR,HRSD_17.1,HRSD17,full,MinMaxScaler,LGBM,47,12,5,-0.286,7.8217,9.6179,-0.3895,-0.8806,-0.2991
2,positive_training,CR,HRSD_17.1,HRSD17,full,MinMaxScaler,CatBoost,47,12,5,-0.3273,8.3589,10.0626,-0.5178,-1.0586,-0.5674
2,positive_training,CR,HRSD_17.1,HRSD17,full,RobustScaler,Ridge,47,12,5,-0.3147,8.5222,10.4631,-0.3502,-1.2257,-0.3573
2,positive_training,CR,HRSD_17.1,HRSD17,full,RobustScaler,Lasso,47,12,5,-0.2813,7.7935,9.5919,-0.3504,-0.8705,-0.3748
2,positive_training,CR,HRSD_17.1,HRSD17,full,RobustScaler,ElasticNet,47,12,5,-0.3165,8.9174,10.8952,-0.3458,-1.4133,-0.3573
2,positive_training,CR,HRSD_17.1,HRSD17,full,RobustScaler,SVR,47,12,5,-0.263,8.9617,10.6028,-0.375,-1.2855,-0.4483
2,positive_training,CR,HRSD_17.1,HRSD17,full,RobustScaler,KNN,47,12,5,-0.1769,7.6071,9.6257,-0.228,-0.8837,-0.2102
2,positive_training,CR,HRSD_17.1,HRSD17,full,RobustScaler,RF,47,12,5,-0.2026,7.4283,9.4391,-0.2876,-0.8113,-0.1331
2,positive_training,CR,HRSD_17.1,HRSD17,full,RobustScaler,ET,47,12,5,-0.2576,7.5142,9.7582,-0.349,-0.9359,-0.2207
2,positive_training,CR,HRSD_17.1,HRSD17,full,RobustScaler,GB,47,12,5,-0.2535,8.1645,10.3919,-0.3683,-1.1955,-0.2522
2,positive_training,CR,HRSD_17.1,HRSD17,full,RobustScaler,XGB,47,12,5,-0.2332,8.4653,10.4256,-0.3286,-1.2098,-0.2837
2,positive_training,CR,HRSD_17.1,HRSD17,full,RobustScaler,MLP,47,12,5,-0.266,9.4152,10.887,-0.3018,-1.4097,-0.3012
2,positive_training,CR,HRSD_17.1,HRSD17,full,RobustScaler,LGBM,47,12,5,-0.0977,7.198,8.9776,-0.1276,-0.6386,-0.0685
2,positive_training,CR,HRSD_17.1,HRSD17,full,RobustScaler,CatBoost,47,12,5,-0.1788,7.9175,9.6194,-0.2667,-0.8812,-0.2172
3,positive_training,CR,HRSD_17.1,HRSD17,full,StandardScaler,Ridge,47,12,5,0.1745,6.7429,8.2969,0.2,-0.1437,0.1401
3,positive_training,CR,HRSD_17.1,HRSD17,full,StandardScaler,Lasso,47,12,5,0.1924,6.8438,8.5282,0.2115,-0.2084,0.1821
3,positive_training,CR,HRSD_17.1,HRSD17,full,StandardScaler,ElasticNet,47,12,5,0.1879,6.7598,8.4458,0.209,-0.1852,0.1961
3,positive_training,CR,HRSD_17.1,HRSD17,full,StandardScaler,SVR,47,12,5,0.0244,6.8069,7.9419,0.0589,-0.048,-0.1226
3,positive_training,CR,HRSD_17.1,HRSD17,full,StandardScaler,KNN,47,12,5,0.0675,7.2381,8.8874,0.0764,-0.3123,0.0105
3,positive_training,CR,HRSD_17.1,HRSD17,full,StandardScaler,RF,47,12,5,-0.0691,8.6308,9.2078,-0.0852,-0.4087,-0.0806
3,positive_training,CR,HRSD_17.1,HRSD17,full,StandardScaler,ET,47,12,5,0.0474,7.5596,8.4724,0.0594,-0.1926,0.007
3,positive_training,CR,HRSD_17.1,HRSD17,full,StandardScaler,GB,47,12,5,-0.4077,11.7011,12.887,-0.4158,-1.7593,-0.2732
3,positive_training,CR,HRSD_17.1,HRSD17,full,StandardScaler,XGB,47,12,5,-0.3784,11.4457,12.572,-0.3836,-1.6261,-0.2942
3,positive_training,CR,HRSD_17.1,HRSD17,full,StandardScaler,MLP,47,12,5,0.1205,7.6789,9.1452,0.1274,-0.3896,0.1191
3,positive_training,CR,HRSD_17.1,HRSD17,full,StandardScaler,LGBM,47,12,5,-0.0369,7.6607,8.8779,-0.0457,-0.3095,-0.1849
3,positive_training,CR,HRSD_17.1,HRSD17,full,StandardScaler,CatBoost,47,12,5,-0.1041,8.8034,9.6962,-0.1191,-0.5621,-0.1296
3,positive_training,CR,HRSD_17.1,HRSD17,full,MinMaxScaler,Ridge,47,12,5,0.1864,6.8413,8.0765,0.2155,-0.0838,0.1366
3,positive_training,CR,HRSD_17.1,HRSD17,full,MinMaxScaler,Lasso,47,12,5,0.2035,6.7165,8.2932,0.2228,-0.1427,0.1926
3,positive_training,CR,HRSD_17.1,HRSD17,full,MinMaxScaler,ElasticNet,47,12,5,0.1998,6.8679,8.3182,0.218,-0.1496,0.1681
3,positive_training,CR,HRSD_17.1,HRSD17,full,MinMaxScaler,SVR,47,12,5,0.1595,7.059,7.9188,0.2092,-0.0419,0.1296
3,positive_training,CR,HRSD_17.1,HRSD17,full,MinMaxScaler,KNN,47,12,5,0.1643,7.4881,8.3417,0.1863,-0.1561,0.1614
3,positive_training,CR,HRSD_17.1,HRSD17,full,MinMaxScaler,RF,47,12,5,0.1287,8.0167,8.8508,0.1373,-0.3015,0.1997
3,positive_training,CR,HRSD_17.1,HRSD17,full,MinMaxScaler,ET,47,12,5,0.1097,7.5975,8.6896,0.121,-0.2546,0.1786
3,positive_training,CR,HRSD_17.1,HRSD17,full,MinMaxScaler,GB,47,12,5,-0.0842,9.9755,11.6318,-0.0843,-1.248,-0.0175
3,positive_training,CR,HRSD_17.1,HRSD17,full,MinMaxScaler,XGB,47,12,5,-0.0585,10.1161,11.8759,-0.0587,-1.3433,0.1086
3,positive_training,CR,HRSD_17.1,HRSD17,full,MinMaxScaler,MLP,47,12,5,0.122,7.1463,8.102,0.1585,-0.0906,0.1751
3,positive_training,CR,HRSD_17.1,HRSD17,full,MinMaxScaler,LGBM,47,12,5,0.1461,7.1131,8.2324,0.173,-0.126,0.2742
3,positive_training,CR,HRSD_17.1,HRSD17,full,MinMaxScaler,CatBoost,47,12,5,-0.035,8.9628,10.2458,-0.0356,-0.7442,0.0105
3,positive_training,CR,HRSD_17.1,HRSD17,full,RobustScaler,Ridge,47,12,5,0.1735,6.6348,8.1887,0.2041,-0.1141,0.0175
3,positive_training,CR,HRSD_17.1,HRSD17,full,RobustScaler,Lasso,47,12,5,0.1885,6.7889,8.5086,0.2081,-0.2028,0.1821
3,positive_training,CR,HRSD_17.1,HRSD17,full,RobustScaler,ElasticNet,47,12,5,0.1862,6.6967,8.378,0.2098,-0.1662,0.1401
3,positive_training,CR,HRSD_17.1,HRSD17,full,RobustScaler,SVR,47,12,5,-0.0047,6.8915,8.0995,-0.0106,-0.09,-0.1891
3,positive_training,CR,HRSD_17.1,HRSD17,full,RobustScaler,KNN,47,12,5,0.3367,6.9167,8.4025,0.3397,-0.173,0.3251
3,positive_training,CR,HRSD_17.1,HRSD17,full,RobustScaler,RF,47,12,5,-0.0691,8.6308,9.2078,-0.0852,-0.4087,-0.0806
3,positive_training,CR,HRSD_17.1,HRSD17,full,RobustScaler,ET,47,12,5,0.0474,7.5596,8.4724,0.0594,-0.1926,0.007
3,positive_training,CR,HRSD_17.1,HRSD17,full,RobustScaler,GB,47,12,5,-0.4077,11.7011,12.887,-0.4158,-1.7593,-0.2732
3,positive_training,CR,HRSD_17.1,HRSD17,full,RobustScaler,XGB,47,12,5,-0.3784,11.4457,12.572,-0.3836,-1.6261,-0.2942
3,positive_training,CR,HRSD_17.1,HRSD17,full,RobustScaler,MLP,47,12,5,0.1095,7.2507,9.0169,0.1199,-0.3509,-0.0701
3,positive_training,CR,HRSD_17.1,HRSD17,full,RobustScaler,LGBM,47,12,5,-0.0449,7.599,8.8509,-0.0567,-0.3016,-0.2306
3,positive_training,CR,HRSD_17.1,HRSD17,full,RobustScaler,CatBoost,47,12,5,-0.1041,8.8034,9.6962,-0.1191,-0.5621,-0.1296
4,positive_training,CR,HRSD_17.1,HRSD17,full,StandardScaler,Ridge,47,12,5,0.2471,6.7384,7.7213,0.2656,-0.1023,0.1585
4,positive_training,CR,HRSD_17.1,HRSD17,full,StandardScaler,Lasso,47,12,5,0.2472,6.7367,7.7205,0.2656,-0.1021,0.1585
4,positive_training,CR,HRSD_17.1,HRSD17,full,StandardScaler,ElasticNet,47,12,5,0.2488,6.7235,7.7172,0.2671,-0.1012,0.1585
4,positive_training,CR,HRSD_17.1,HRSD17,full,StandardScaler,SVR,47,12,5,0.0475,6.6098,7.4218,0.108,-0.0185,0.25
4,positive_training,CR,HRSD_17.1,HRSD17,full,StandardScaler,KNN,47,12,5,0.0029,6.9444,8.0309,0.004,-0.1925,-0.1148
4,positive_training,CR,HRSD_17.1,HRSD17,full,StandardScaler,RF,47,12,5,0.131,7.0171,7.6503,0.1651,-0.0822,0.2078
4,positive_training,CR,HRSD_17.1,HRSD17,full,StandardScaler,ET,47,12,5,0.1522,6.7715,7.4754,0.1987,-0.0332,0.2711
4,positive_training,CR,HRSD_17.1,HRSD17,full,StandardScaler,GB,47,12,5,0.2454,7.0712,8.0483,0.2542,-0.1977,0.254
4,positive_training,CR,HRSD_17.1,HRSD17,full,StandardScaler,XGB,47,12,5,0.1508,7.445,8.3034,0.1604,-0.2748,0.1162
4,positive_training,CR,HRSD_17.1,HRSD17,full,StandardScaler,MLP,47,12,5,0.1021,7.4206,8.0854,0.1171,-0.2087,0.257
4,positive_training,CR,HRSD_17.1,HRSD17,full,StandardScaler,LGBM,47,12,5,-0.0147,7.4419,8.2453,-0.0188,-0.2571,0.2187
4,positive_training,CR,HRSD_17.1,HRSD17,full,StandardScaler,CatBoost,47,12,5,0.1759,6.961,7.697,0.2043,-0.0954,0.257
4,positive_training,CR,HRSD_17.1,HRSD17,full,MinMaxScaler,Ridge,47,12,5,0.3896,5.3384,6.8188,0.4295,0.1403,0.3486
4,positive_training,CR,HRSD_17.1,HRSD17,full,MinMaxScaler,Lasso,47,12,5,0.3641,5.3855,6.8055,0.4174,0.1436,0.3486
4,positive_training,CR,HRSD_17.1,HRSD17,full,MinMaxScaler,ElasticNet,47,12,5,0.3952,5.1523,6.5719,0.4622,0.2014,0.3627
4,positive_training,CR,HRSD_17.1,HRSD17,full,MinMaxScaler,SVR,47,12,5,0.3906,4.987,6.7022,0.448,0.1694,0.338
4,positive_training,CR,HRSD_17.1,HRSD17,full,MinMaxScaler,KNN,47,12,5,0.2928,5.6852,6.9174,0.4076,0.1153,0.4578
4,positive_training,CR,HRSD_17.1,HRSD17,full,MinMaxScaler,RF,47,12,5,0.361,5.8596,6.6384,0.4582,0.1852,0.5176
4,positive_training,CR,HRSD_17.1,HRSD17,full,MinMaxScaler,ET,47,12,5,0.4924,4.8142,5.6827,0.6983,0.4029,0.6373
4,positive_training,CR,HRSD_17.1,HRSD17,full,MinMaxScaler,GB,47,12,5,0.3933,5.9371,6.8007,0.455,0.1448,0.4437
4,positive_training,CR,HRSD_17.1,HRSD17,full,MinMaxScaler,XGB,47,12,5,0.4408,5.8794,6.6619,0.49,0.1794,0.3838
4,positive_training,CR,HRSD_17.1,HRSD17,full,MinMaxScaler,MLP,47,12,5,0.3827,5.2528,6.814,0.4257,0.1415,0.4155
4,positive_training,CR,HRSD_17.1,HRSD17,full,MinMaxScaler,LGBM,47,12,5,0.2622,5.6197,6.6025,0.4721,0.194,0.5115
4,positive_training,CR,HRSD_17.1,HRSD17,full,MinMaxScaler,CatBoost,47,12,5,0.3807,5.4225,6.3574,0.5183,0.2527,0.4402
4,positive_training,CR,HRSD_17.1,HRSD17,full,RobustScaler,Ridge,47,12,5,0.2477,6.6103,8.0354,0.2577,-0.1939,0.1197
4,positive_training,CR,HRSD_17.1,HRSD17,full,RobustScaler,Lasso,47,12,5,0.2484,6.6062,8.0194,0.2586,-0.1891,0.1197
4,positive_training,CR,HRSD_17.1,HRSD17,full,RobustScaler,ElasticNet,47,12,5,0.2491,6.6035,8.0065,0.2594,-0.1853,0.1197
4,positive_training,CR,HRSD_17.1,HRSD17,full,RobustScaler,SVR,47,12,5,0.1169,7.0226,8.1967,0.1289,-0.2423,-0.0141
4,positive_training,CR,HRSD_17.1,HRSD17,full,RobustScaler,KNN,47,12,5,0.1147,6.4667,7.9078,0.1386,-0.1562,0.3316
4,positive_training,CR,HRSD_17.1,HRSD17,full,RobustScaler,RF,47,12,5,0.0982,6.9927,7.8586,0.1205,-0.1419,0.0599
4,positive_training,CR,HRSD_17.1,HRSD17,full,RobustScaler,ET,47,12,5,0.0077,7.1438,8.1051,0.0099,-0.2147,0.0739
4,positive_training,CR,HRSD_17.1,HRSD17,full,RobustScaler,GB,47,12,5,0.1171,7.2177,8.1413,0.1309,-0.2255,0.1058
4,positive_training,CR,HRSD_17.1,HRSD17,full,RobustScaler,XGB,47,12,5,0.2257,6.6702,7.9376,0.2391,-0.165,0.1799
4,positive_training,CR,HRSD_17.1,HRSD17,full,RobustScaler,MLP,47,12,5,0.0528,7.2998,8.4492,0.0595,-0.32,0.1127
4,positive_training,CR,HRSD_17.1,HRSD17,full,RobustScaler,LGBM,47,12,5,-0.123,7.6238,8.8168,-0.1526,-0.4373,-0.0777
4,positive_training,CR,HRSD_17.1,HRSD17,full,RobustScaler,CatBoost,47,12,5,0.1171,6.8757,7.8907,0.1386,-0.1512,0.0951
5,positive_training,CR,HRSD_17.1,HRSD17,full,StandardScaler,Ridge,48,11,20,0.1308,9.8929,11.4068,0.1908,-0.8716,0.3098
5,positive_training,CR,HRSD_17.1,HRSD17,full,StandardScaler,Lasso,48,11,20,0.0875,11.5494,13.1955,0.1316,-1.5046,0.2916
5,positive_training,CR,HRSD_17.1,HRSD17,full,StandardScaler,ElasticNet,48,11,20,0.106,10.8405,12.419,0.1559,-1.2185,0.3189
5,positive_training,CR,HRSD_17.1,HRSD17,full,StandardScaler,SVR,48,11,20,0.2951,7.3474,8.5527,0.4148,-0.0522,0.3781
5,positive_training,CR,HRSD_17.1,HRSD17,full,StandardScaler,KNN,48,11,20,0.2959,7.2987,8.464,0.4889,-0.0305,0.6393
5,positive_training,CR,HRSD_17.1,HRSD17,full,StandardScaler,RF,48,11,20,0.2897,6.4959,7.9365,0.4748,0.094,0.492
5,positive_training,CR,HRSD_17.1,HRSD17,full,StandardScaler,ET,48,11,20,0.1292,7.1736,8.7681,0.2554,-0.1058,0.3189
5,positive_training,CR,HRSD_17.1,HRSD17,full,StandardScaler,GB,48,11,20,0.2852,7.872,9.0183,0.37,-0.1699,0.4374
5,positive_training,CR,HRSD_17.1,HRSD17,full,StandardScaler,XGB,48,11,20,0.0549,9.2035,10.1635,0.0659,-0.4858,0.164
5,positive_training,CR,HRSD_17.1,HRSD17,full,StandardScaler,MLP,48,11,20,0.2742,9.5176,11.1148,0.3674,-0.777,0.3098
5,positive_training,CR,HRSD_17.1,HRSD17,full,StandardScaler,LGBM,48,11,20,0.1203,7.4215,8.6256,0.1934,-0.0702,0.2232
5,positive_training,CR,HRSD_17.1,HRSD17,full,StandardScaler,CatBoost,48,11,20,0.2297,7.0019,8.4218,0.3156,-0.0202,0.3964
5,positive_training,CR,HRSD_17.1,HRSD17,full,MinMaxScaler,Ridge,48,11,20,0.2104,7.8656,9.0379,0.2862,-0.175,0.4009
5,positive_training,CR,HRSD_17.1,HRSD17,full,MinMaxScaler,Lasso,48,11,20,0.2397,7.452,8.8774,0.2906,-0.1336,0.4374
5,positive_training,CR,HRSD_17.1,HRSD17,full,MinMaxScaler,ElasticNet,48,11,20,0.1938,7.6787,8.8551,0.2842,-0.1279,0.328
5,positive_training,CR,HRSD_17.1,HRSD17,full,MinMaxScaler,SVR,48,11,20,0.2885,7.5957,9.1214,0.3574,-0.1968,0.5011
5,positive_training,CR,HRSD_17.1,HRSD17,full,MinMaxScaler,KNN,48,11,20,0.1057,7.9899,9.3689,0.1693,-0.2626,0.3379
5,positive_training,CR,HRSD_17.1,HRSD17,full,MinMaxScaler,RF,48,11,20,0.2978,6.0909,7.6255,0.505,0.1636,0.6378
5,positive_training,CR,HRSD_17.1,HRSD17,full,MinMaxScaler,ET,48,11,20,0.2386,6.5691,7.9873,0.4651,0.0823,0.5968
5,positive_training,CR,HRSD_17.1,HRSD17,full,MinMaxScaler,GB,48,11,20,0.4495,5.6018,6.9825,0.5683,0.2987,0.6333
5,positive_training,CR,HRSD_17.1,HRSD17,full,MinMaxScaler,XGB,48,11,20,0.5036,5.7359,7.0078,0.5953,0.2936,0.7153
5,positive_training,CR,HRSD_17.1,HRSD17,full,MinMaxScaler,MLP,48,11,20,0.1779,8.5092,9.7313,0.2457,-0.3622,0.3645
5,positive_training,CR,HRSD_17.1,HRSD17,full,MinMaxScaler,LGBM,48,11,20,0.4548,5.247,6.7718,0.6132,0.3404,0.5877
5,positive_training,CR,HRSD_17.1,HRSD17,full,MinMaxScaler,CatBoost,48,11,20,0.3634,6.1457,7.8127,0.4707,0.122,0.5558
5,positive_training,CR,HRSD_17.1,HRSD17,full,RobustScaler,Ridge,48,11,10,0.1572,8.37,10.6102,0.201,-0.6193,0.2642
5,positive_training,CR,HRSD_17.1,HRSD17,full,RobustScaler,Lasso,48,11,10,0.1265,8.4545,10.8805,0.1609,-0.7029,0.2642
5,positive_training,CR,HRSD_17.1,HRSD17,full,RobustScaler,ElasticNet,48,11,10,0.1787,8.3421,10.4881,0.2274,-0.5823,0.2642
5,positive_training,CR,HRSD_17.1,HRSD17,full,RobustScaler,SVR,48,11,10,0.0608,7.3158,8.6246,0.097,-0.0699,0.3235
5,positive_training,CR,HRSD_17.1,HRSD17,full,RobustScaler,KNN,48,11,10,0.2307,6.6364,7.9752,0.4005,0.0851,0.2684
5,positive_training,CR,HRSD_17.1,HRSD17,full,RobustScaler,RF,48,11,10,0.1899,6.8273,8.1508,0.3065,0.0444,0.3189
5,positive_training,CR,HRSD_17.1,HRSD17,full,RobustScaler,ET,48,11,10,0.0061,7.2109,8.9878,0.0122,-0.162,0.1185
5,positive_training,CR,HRSD_17.1,HRSD17,full,RobustScaler,GB,48,11,10,0.077,7.0576,9.6017,0.0886,-0.3261,0.1412
5,positive_training,CR,HRSD_17.1,HRSD17,full,RobustScaler,XGB,48,11,10,0.1331,7.2973,9.1521,0.1529,-0.2048,0.2232
5,positive_training,CR,HRSD_17.1,HRSD17,full,RobustScaler,MLP,48,11,10,0.1831,7.2705,8.8576,0.2084,-0.1285,0.1595
5,positive_training,CR,HRSD_17.1,HRSD17,full,RobustScaler,LGBM,48,11,10,-0.0008,7.8206,9.3586,-0.001,-0.2598,0.0824
5,positive_training,CR,HRSD_17.1,HRSD17,full,RobustScaler,CatBoost,48,11,10,0.1078,6.8997,8.7074,0.1453,-0.0906,0.164
1,positive_training,CR,HRSD_21.1,HRSD21,full,StandardScaler,Ridge,47,12,5,0.1044,10.9392,13.247,0.1118,-0.3244,0.0
1,positive_training,CR,HRSD_21.1,HRSD21,full,StandardScaler,Lasso,47,12,5,0.1176,10.6871,13.0238,0.1273,-0.2801,0.0
1,positive_training,CR,HRSD_21.1,HRSD21,full,StandardScaler,ElasticNet,47,12,5,0.1765,9.7195,12.2837,0.1979,-0.1388,0.0493
1,positive_training,CR,HRSD_21.1,HRSD21,full,StandardScaler,SVR,47,12,5,0.1395,9.7112,12.0288,0.1714,-0.092,0.1056
1,positive_training,CR,HRSD_21.1,HRSD21,full,StandardScaler,KNN,47,12,5,0.2087,9.25,11.5008,0.2696,0.0017,0.2509
1,positive_training,CR,HRSD_21.1,HRSD21,full,StandardScaler,RF,47,12,5,0.2334,8.765,10.7217,0.365,0.1324,0.3662
1,positive_training,CR,HRSD_21.1,HRSD21,full,StandardScaler,ET,47,12,5,0.186,9.3825,11.3113,0.2557,0.0344,0.2324
1,positive_training,CR,HRSD_21.1,HRSD21,full,StandardScaler,GB,47,12,5,0.1561,9.5417,11.8279,0.1949,-0.0558,0.1056
1,positive_training,CR,HRSD_21.1,HRSD21,full,StandardScaler,XGB,47,12,5,0.0929,10.2896,12.0575,0.1232,-0.0972,0.162
1,positive_training,CR,HRSD_21.1,HRSD21,full,StandardScaler,MLP,47,12,5,0.5525,7.2089,9.4674,0.5928,0.3235,0.4225
1,positive_training,CR,HRSD_21.1,HRSD21,full,StandardScaler,LGBM,47,12,5,0.1887,9.1208,11.268,0.269,0.0417,0.1918
1,positive_training,CR,HRSD_21.1,HRSD21,full,StandardScaler,CatBoost,47,12,5,0.1978,9.1735,11.0642,0.2931,0.0761,0.2958
1,positive_training,CR,HRSD_21.1,HRSD21,full,MinMaxScaler,Ridge,47,12,5,0.1614,9.7374,11.7192,0.2055,-0.0365,0.0
1,positive_training,CR,HRSD_21.1,HRSD21,full,MinMaxScaler,Lasso,47,12,5,0.1692,9.7112,11.7205,0.2121,-0.0368,0.0
1,positive_training,CR,HRSD_21.1,HRSD21,full,MinMaxScaler,ElasticNet,47,12,5,0.1428,9.7491,11.6698,0.192,-0.0278,0.0
1,positive_training,CR,HRSD_21.1,HRSD21,full,MinMaxScaler,SVR,47,12,5,0.116,9.6843,11.6011,0.1754,-0.0157,0.0
1,positive_training,CR,HRSD_21.1,HRSD21,full,MinMaxScaler,KNN,47,12,5,0.2246,9.05,10.785,0.3991,0.1221,0.2751
1,positive_training,CR,HRSD_21.1,HRSD21,full,MinMaxScaler,RF,47,12,5,0.0751,10.0021,11.5701,0.136,-0.0103,-0.2254
1,positive_training,CR,HRSD_21.1,HRSD21,full,MinMaxScaler,ET,47,12,5,0.2225,9.1017,10.8398,0.3388,0.1132,0.162
1,positive_training,CR,HRSD_21.1,HRSD21,full,MinMaxScaler,GB,47,12,5,0.1833,9.7615,11.4982,0.238,0.0022,-0.0141
1,positive_training,CR,HRSD_21.1,HRSD21,full,MinMaxScaler,XGB,47,12,5,0.1915,9.9969,11.4493,0.2477,0.0107,0.0282
1,positive_training,CR,HRSD_21.1,HRSD21,full,MinMaxScaler,MLP,47,12,5,0.061,10.2922,12.1282,0.0852,-0.1101,-0.0704
1,positive_training,CR,HRSD_21.1,HRSD21,full,MinMaxScaler,LGBM,47,12,5,0.0804,10.5481,12.041,0.1126,-0.0942,-0.2243
1,positive_training,CR,HRSD_21.1,HRSD21,full,MinMaxScaler,CatBoost,47,12,5,0.2581,9.2508,10.7762,0.3582,0.1236,0.2042
1,positive_training,CR,HRSD_21.1,HRSD21,full,RobustScaler,Ridge,47,12,10,0.136,10.6533,12.8654,0.148,-0.2492,0.0282
1,positive_training,CR,HRSD_21.1,HRSD21,full,RobustScaler,Lasso,47,12,10,0.1628,9.905,12.3093,0.1845,-0.1435,0.0282
1,positive_training,CR,HRSD_21.1,HRSD21,full,RobustScaler,ElasticNet,47,12,10,0.1549,9.7541,12.1795,0.1804,-0.1196,0.0282
1,positive_training,CR,HRSD_21.1,HRSD21,full,RobustScaler,SVR,47,12,10,0.1332,9.5072,12.4541,0.1604,-0.1706,0.2254
1,positive_training,CR,HRSD_21.1,HRSD21,full,RobustScaler,KNN,47,12,10,0.0708,8.869,11.8714,0.1143,-0.0636,0.0282
1,positive_training,CR,HRSD_21.1,HRSD21,full,RobustScaler,RF,47,12,10,0.1862,8.7642,10.6061,0.493,0.151,0.4859
1,positive_training,CR,HRSD_21.1,HRSD21,full,RobustScaler,ET,47,12,10,0.1019,9.2467,11.4728,0.1791,0.0066,0.1831
1,positive_training,CR,HRSD_21.1,HRSD21,full,RobustScaler,GB,47,12,10,0.1131,10.105,12.3816,0.1338,-0.157,0.1056
1,positive_training,CR,HRSD_21.1,HRSD21,full,RobustScaler,XGB,47,12,10,0.0245,10.6012,12.3456,0.0342,-0.1503,0.0916
1,positive_training,CR,HRSD_21.1,HRSD21,full,RobustScaler,MLP,47,12,10,0.6006,6.8249,9.3504,0.6153,0.3401,0.5352
1,positive_training,CR,HRSD_21.1,HRSD21,full,RobustScaler,LGBM,47,12,10,0.1926,8.6629,11.1397,0.2849,0.0635,0.2261
1,positive_training,CR,HRSD_21.1,HRSD21,full,RobustScaler,CatBoost,47,12,10,0.1855,8.9433,10.9262,0.3149,0.099,0.2958
2,positive_training,CR,HRSD_21.1,HRSD21,full,StandardScaler,Ridge,47,12,5,-0.2142,9.0712,11.0722,-0.2567,-1.0838,-0.1544
2,positive_training,CR,HRSD_21.1,HRSD21,full,StandardScaler,Lasso,47,12,5,-0.2061,10.1062,12.0943,-0.2424,-1.4862,-0.1509
2,positive_training,CR,HRSD_21.1,HRSD21,full,StandardScaler,ElasticNet,47,12,5,-0.2083,9.9821,11.9954,-0.2449,-1.4457,-0.1193
2,positive_training,CR,HRSD_21.1,HRSD21,full,StandardScaler,SVR,47,12,5,-0.2336,10.1024,12.4956,-0.4168,-1.6539,-0.4105
2,positive_training,CR,HRSD_21.1,HRSD21,full,StandardScaler,KNN,47,12,5,-0.2387,9.0238,10.6683,-0.3522,-0.9345,-0.4
2,positive_training,CR,HRSD_21.1,HRSD21,full,StandardScaler,RF,47,12,5,-0.2472,8.5827,10.8197,-0.379,-0.9898,-0.414
2,positive_training,CR,HRSD_21.1,HRSD21,full,StandardScaler,ET,47,12,5,-0.3886,9.0783,11.5,-0.5381,-1.2479,-0.5018
2,positive_training,CR,HRSD_21.1,HRSD21,full,StandardScaler,GB,47,12,5,-0.1987,10.1526,12.3939,-0.2885,-1.6109,-0.2281
2,positive_training,CR,HRSD_21.1,HRSD21,full,StandardScaler,XGB,47,12,5,-0.1126,9.7323,11.7744,-0.1555,-1.3564,-0.1895
2,positive_training,CR,HRSD_21.1,HRSD21,full,StandardScaler,MLP,47,12,5,-0.1836,9.8818,11.7218,-0.2524,-1.3354,-0.0912
2,positive_training,CR,HRSD_21.1,HRSD21,full,StandardScaler,LGBM,47,12,5,-0.1746,8.549,10.8015,-0.2398,-0.9831,-0.0499
2,positive_training,CR,HRSD_21.1,HRSD21,full,StandardScaler,CatBoost,47,12,5,-0.1867,9.1987,11.309,-0.2805,-1.1738,-0.2246
2,positive_training,CR,HRSD_21.1,HRSD21,full,MinMaxScaler,Ridge,47,12,5,-0.2945,10.0298,12.3366,-0.3233,-1.5868,-0.3579
2,positive_training,CR,HRSD_21.1,HRSD21,full,MinMaxScaler,Lasso,47,12,5,-0.2857,10.0881,12.3936,-0.313,-1.6108,-0.3579
2,positive_training,CR,HRSD_21.1,HRSD21,full,MinMaxScaler,ElasticNet,47,12,5,-0.3158,9.7302,12.0559,-0.3507,-1.4704,-0.3509
2,positive_training,CR,HRSD_21.1,HRSD21,full,MinMaxScaler,SVR,47,12,5,-0.3878,10.1067,12.5569,-0.4467,-1.68,-0.4105
2,positive_training,CR,HRSD_21.1,HRSD21,full,MinMaxScaler,KNN,47,12,5,-0.3709,9.4722,11.508,-0.454,-1.251,-0.4218
2,positive_training,CR,HRSD_21.1,HRSD21,full,MinMaxScaler,RF,47,12,5,-0.3011,8.8136,10.7432,-0.4003,-0.9617,-0.4702
2,positive_training,CR,HRSD_21.1,HRSD21,full,MinMaxScaler,ET,47,12,5,-0.2592,8.1235,10.7013,-0.3385,-0.9465,-0.1825
2,positive_training,CR,HRSD_21.1,HRSD21,full,MinMaxScaler,GB,47,12,5,-0.3968,10.351,12.7332,-0.4928,-1.7558,-0.5193
2,positive_training,CR,HRSD_21.1,HRSD21,full,MinMaxScaler,XGB,47,12,5,-0.2276,10.4618,13.4247,-0.3291,-2.0633,-0.2526
2,positive_training,CR,HRSD_21.1,HRSD21,full,MinMaxScaler,MLP,47,12,5,-0.273,10.168,12.1992,-0.2977,-1.5295,-0.3579
2,positive_training,CR,HRSD_21.1,HRSD21,full,MinMaxScaler,LGBM,47,12,5,-0.31,9.3229,11.322,-0.401,-1.1788,-0.4727
2,positive_training,CR,HRSD_21.1,HRSD21,full,MinMaxScaler,CatBoost,47,12,5,-0.3634,9.5808,11.9488,-0.4108,-1.4267,-0.3895
2,positive_training,CR,HRSD_21.1,HRSD21,full,RobustScaler,Ridge,47,12,5,-0.2535,10.9435,13.1709,-0.2822,-1.9486,-0.3053
2,positive_training,CR,HRSD_21.1,HRSD21,full,RobustScaler,Lasso,47,12,5,-0.2547,10.8043,13.0373,-0.2831,-1.889,-0.3053
2,positive_training,CR,HRSD_21.1,HRSD21,full,RobustScaler,ElasticNet,47,12,5,-0.2551,9.6492,11.7382,-0.2861,-1.342,-0.3825
2,positive_training,CR,HRSD_21.1,HRSD21,full,RobustScaler,SVR,47,12,5,-0.2767,10.6077,12.9951,-0.4538,-1.8703,-0.4561
2,positive_training,CR,HRSD_21.1,HRSD21,full,RobustScaler,KNN,47,12,5,-0.2774,9.2593,10.8793,-0.3817,-1.0118,-0.3193
2,positive_training,CR,HRSD_21.1,HRSD21,full,RobustScaler,RF,47,12,5,-0.2746,8.8104,10.9293,-0.4381,-1.0303,-0.3965
2,positive_training,CR,HRSD_21.1,HRSD21,full,RobustScaler,ET,47,12,5,-0.3739,9.1221,11.8076,-0.5729,-1.3697,-0.5404
2,positive_training,CR,HRSD_21.1,HRSD21,full,RobustScaler,GB,47,12,5,-0.285,10.348,12.9386,-0.422,-1.8455,-0.3439
2,positive_training,CR,HRSD_21.1,HRSD21,full,RobustScaler,XGB,47,12,5,-0.2429,10.2551,12.871,-0.3308,-1.8158,-0.3368
2,positive_training,CR,HRSD_21.1,HRSD21,full,RobustScaler,MLP,47,12,5,-0.2545,10.3205,12.2654,-0.306,-1.557,-0.3719
2,positive_training,CR,HRSD_21.1,HRSD21,full,RobustScaler,LGBM,47,12,5,-0.1732,8.6907,10.7762,-0.2474,-0.9738,-0.0869
2,positive_training,CR,HRSD_21.1,HRSD21,full,RobustScaler,CatBoost,47,12,5,-0.2683,9.201,11.4216,-0.4109,-1.2173,-0.407
3,positive_training,CR,HRSD_21.1,HRSD21,full,StandardScaler,Ridge,47,12,5,0.1563,7.1849,9.0845,0.1796,-0.2751,-0.0141
3,positive_training,CR,HRSD_21.1,HRSD21,full,StandardScaler,Lasso,47,12,5,0.1375,7.1933,9.1698,0.1575,-0.2992,0.0035
3,positive_training,CR,HRSD_21.1,HRSD21,full,StandardScaler,ElasticNet,47,12,5,0.1317,7.1065,9.1014,0.1523,-0.2798,-0.0424
3,positive_training,CR,HRSD_21.1,HRSD21,full,StandardScaler,SVR,47,12,5,-0.1166,7.7875,9.4762,-0.1484,-0.3874,-0.258
3,positive_training,CR,HRSD_21.1,HRSD21,full,StandardScaler,KNN,47,12,5,-0.0136,7.3333,9.0715,-0.0173,-0.2715,-0.0389
3,positive_training,CR,HRSD_21.1,HRSD21,full,StandardScaler,RF,47,12,5,-0.098,8.87,9.6522,-0.1268,-0.4394,-0.2156
3,positive_training,CR,HRSD_21.1,HRSD21,full,StandardScaler,ET,47,12,5,-0.1886,8.9479,10.1459,-0.2203,-0.5905,-0.3852
3,positive_training,CR,HRSD_21.1,HRSD21,full,StandardScaler,GB,47,12,5,-0.5611,13.1105,14.5622,-0.5715,-2.2764,-0.5159
3,positive_training,CR,HRSD_21.1,HRSD21,full,StandardScaler,XGB,47,12,5,-0.5128,12.218,13.7283,-0.5256,-1.9119,-0.5442
3,positive_training,CR,HRSD_21.1,HRSD21,full,StandardScaler,MLP,47,12,5,-0.025,8.1523,10.3261,-0.0273,-0.6475,-0.0424
3,positive_training,CR,HRSD_21.1,HRSD21,full,StandardScaler,LGBM,47,12,5,-0.1402,8.4531,9.848,-0.1657,-0.4984,-0.2986
3,positive_training,CR,HRSD_21.1,HRSD21,full,StandardScaler,CatBoost,47,12,5,-0.3038,9.7465,11.0215,-0.3305,-0.8768,-0.4028
3,positive_training,CR,HRSD_21.1,HRSD21,full,MinMaxScaler,Ridge,47,12,5,0.1406,7.2715,8.7478,0.1593,-0.1824,0.0883
3,positive_training,CR,HRSD_21.1,HRSD21,full,MinMaxScaler,Lasso,47,12,5,0.1529,7.3689,9.0579,0.166,-0.2677,0.1237
3,positive_training,CR,HRSD_21.1,HRSD21,full,MinMaxScaler,ElasticNet,47,12,5,0.1496,7.4018,9.0689,0.1619,-0.2707,0.0813
3,positive_training,CR,HRSD_21.1,HRSD21,full,MinMaxScaler,SVR,47,12,5,0.1238,7.8582,9.3362,0.13,-0.3467,0.0989
3,positive_training,CR,HRSD_21.1,HRSD21,full,MinMaxScaler,KNN,47,12,5,-0.0419,8.4074,9.5407,-0.048,-0.4064,-0.0159
3,positive_training,CR,HRSD_21.1,HRSD21,full,MinMaxScaler,RF,47,12,5,0.1306,7.9733,9.1116,0.1405,-0.2827,0.1168
3,positive_training,CR,HRSD_21.1,HRSD21,full,MinMaxScaler,ET,47,12,5,-0.0394,8.7633,10.0886,-0.0417,-0.5726,-0.0495
3,positive_training,CR,HRSD_21.1,HRSD21,full,MinMaxScaler,GB,47,12,5,-0.1074,10.4639,12.5005,-0.108,-1.4144,0.0035
3,positive_training,CR,HRSD_21.1,HRSD21,full,MinMaxScaler,XGB,47,12,5,-0.2192,11.0039,13.0684,-0.2212,-1.6387,-0.1095
3,positive_training,CR,HRSD_21.1,HRSD21,full,MinMaxScaler,MLP,47,12,5,0.1123,7.6996,9.4483,0.1189,-0.3793,0.106
3,positive_training,CR,HRSD_21.1,HRSD21,full,MinMaxScaler,LGBM,47,12,5,0.1162,7.5128,8.7372,0.1351,-0.1795,0.1135
3,positive_training,CR,HRSD_21.1,HRSD21,full,MinMaxScaler,CatBoost,47,12,5,-0.1341,9.6743,11.0678,-0.1371,-0.8926,-0.1307
3,positive_training,CR,HRSD_21.1,HRSD21,full,RobustScaler,Ridge,47,12,10,0.1365,7.3674,8.8774,0.1548,-0.2177,0.0989
3,positive_training,CR,HRSD_21.1,HRSD21,full,RobustScaler,Lasso,47,12,10,0.1487,7.5813,9.2827,0.1607,-0.3314,0.0742
3,positive_training,CR,HRSD_21.1,HRSD21,full,RobustScaler,ElasticNet,47,12,10,0.0933,7.2777,8.4712,0.1218,-0.1087,0.1307
3,positive_training,CR,HRSD_21.1,HRSD21,full,RobustScaler,SVR,47,12,10,0.0436,7.343,8.6746,0.0571,-0.1626,0.0353
3,positive_training,CR,HRSD_21.1,HRSD21,full,RobustScaler,KNN,47,12,10,0.0657,7.5476,8.7279,0.0816,-0.177,0.1487
3,positive_training,CR,HRSD_21.1,HRSD21,full,RobustScaler,RF,47,12,10,-0.1922,9.5412,10.197,-0.2276,-0.6065,-0.2615
3,positive_training,CR,HRSD_21.1,HRSD21,full,RobustScaler,ET,47,12,10,-0.0341,8.7925,9.6199,-0.0383,-0.4299,0.053
3,positive_training,CR,HRSD_21.1,HRSD21,full,RobustScaler,GB,47,12,10,-0.5705,12.9773,14.6084,-0.5749,-2.2973,-0.4523
3,positive_training,CR,HRSD_21.1,HRSD21,full,RobustScaler,XGB,47,12,10,-0.5347,12.828,14.6175,-0.5361,-2.3013,-0.4877
3,positive_training,CR,HRSD_21.1,HRSD21,full,RobustScaler,MLP,47,12,10,0.0976,7.7397,9.2143,0.1065,-0.3118,-0.0141
3,positive_training,CR,HRSD_21.1,HRSD21,full,RobustScaler,LGBM,47,12,10,-0.0597,8.4027,9.4616,-0.0708,-0.3832,-0.1681
3,positive_training,CR,HRSD_21.1,HRSD21,full,RobustScaler,CatBoost,47,12,10,-0.2627,10.4195,11.4347,-0.2736,-1.0202,-0.212
4,positive_training,CR,HRSD_21.1,HRSD21,full,StandardScaler,Ridge,47,12,5,0.3085,7.0206,8.7067,0.3266,-0.0492,0.3193
4,positive_training,CR,HRSD_21.1,HRSD21,full,StandardScaler,Lasso,47,12,5,0.3099,7.0721,8.7509,0.3261,-0.0599,0.3193
4,positive_training,CR,HRSD_21.1,HRSD21,full,StandardScaler,ElasticNet,47,12,5,0.302,6.8659,8.5812,0.3268,-0.0192,0.3193
4,positive_training,CR,HRSD_21.1,HRSD21,full,StandardScaler,SVR,47,12,5,0.0972,7.5631,9.6495,0.1061,-0.2888,0.1228
4,positive_training,CR,HRSD_21.1,HRSD21,full,StandardScaler,KNN,47,12,5,0.0983,7.6333,9.2369,0.1276,-0.1809,0.0141
4,positive_training,CR,HRSD_21.1,HRSD21,full,StandardScaler,RF,47,12,5,0.2568,6.9808,8.3748,0.3504,0.0292,0.3509
4,positive_training,CR,HRSD_21.1,HRSD21,full,StandardScaler,ET,47,12,5,0.3179,6.7575,8.2597,0.3776,0.0557,0.5088
4,positive_training,CR,HRSD_21.1,HRSD21,full,StandardScaler,GB,47,12,5,0.1183,8.3914,9.9514,0.1346,-0.3707,0.214
4,positive_training,CR,HRSD_21.1,HRSD21,full,StandardScaler,XGB,47,12,5,0.2274,8.6238,9.73,0.2439,-0.3104,0.2281
4,positive_training,CR,HRSD_21.1,HRSD21,full,StandardScaler,MLP,47,12,5,0.0961,8.1102,9.6858,0.1048,-0.2985,0.1789
4,positive_training,CR,HRSD_21.1,HRSD21,full,StandardScaler,LGBM,47,12,5,-0.0095,8.0945,9.508,-0.0121,-0.2513,0.0674
4,positive_training,CR,HRSD_21.1,HRSD21,full,StandardScaler,CatBoost,47,12,5,0.2276,7.8665,9.0282,0.2835,-0.1281,0.1895
4,positive_training,CR,HRSD_21.1,HRSD21,full,MinMaxScaler,Ridge,47,12,5,0.2453,7.0376,8.4675,0.2977,0.0076,0.4
4,positive_training,CR,HRSD_21.1,HRSD21,full,MinMaxScaler,Lasso,47,12,5,0.2419,6.9237,8.3616,0.3049,0.0323,0.4
4,positive_training,CR,HRSD_21.1,HRSD21,full,MinMaxScaler,ElasticNet,47,12,5,0.234,6.973,8.3741,0.3013,0.0294,0.4
4,positive_training,CR,HRSD_21.1,HRSD21,full,MinMaxScaler,SVR,47,12,5,0.2322,6.8876,8.5382,0.273,-0.009,0.3789
4,positive_training,CR,HRSD_21.1,HRSD21,full,MinMaxScaler,KNN,47,12,5,0.2012,7.0463,8.4289,0.2926,0.0167,0.2671
4,positive_training,CR,HRSD_21.1,HRSD21,full,MinMaxScaler,RF,47,12,5,0.1295,7.5681,8.8108,0.1793,-0.0745,0.1754
4,positive_training,CR,HRSD_21.1,HRSD21,full,MinMaxScaler,ET,47,12,5,0.2429,6.8883,7.8755,0.3834,0.1415,0.4288
4,positive_training,CR,HRSD_21.1,HRSD21,full,MinMaxScaler,GB,47,12,5,0.4036,6.9305,8.0106,0.4327,0.1118,0.3544
4,positive_training,CR,HRSD_21.1,HRSD21,full,MinMaxScaler,XGB,47,12,5,0.4439,6.8358,7.9794,0.4634,0.1187,0.4456
4,positive_training,CR,HRSD_21.1,HRSD21,full,MinMaxScaler,MLP,47,12,5,0.216,7.1537,8.5089,0.2792,-0.0021,0.386
4,positive_training,CR,HRSD_21.1,HRSD21,full,MinMaxScaler,LGBM,47,12,5,-0.0103,7.907,9.0326,-0.0173,-0.1292,0.0282
4,positive_training,CR,HRSD_21.1,HRSD21,full,MinMaxScaler,CatBoost,47,12,5,0.2877,6.8471,8.0679,0.36,0.0991,0.3088
4,positive_training,CR,HRSD_21.1,HRSD21,full,RobustScaler,Ridge,47,12,5,0.2183,7.1771,9.135,0.2337,-0.155,0.1333
4,positive_training,CR,HRSD_21.1,HRSD21,full,RobustScaler,Lasso,47,12,5,0.2188,7.1729,9.1205,0.2345,-0.1513,0.1333
4,positive_training,CR,HRSD_21.1,HRSD21,full,RobustScaler,ElasticNet,47,12,5,0.2194,7.171,9.1071,0.2354,-0.1479,0.1333
4,positive_training,CR,HRSD_21.1,HRSD21,full,RobustScaler,SVR,47,12,5,0.1173,7.4405,9.2157,0.1356,-0.1755,0.0351
4,positive_training,CR,HRSD_21.1,HRSD21,full,RobustScaler,KNN,47,12,5,0.0996,7.55,9.0952,0.1227,-0.145,0.3339
4,positive_training,CR,HRSD_21.1,HRSD21,full,RobustScaler,RF,47,12,5,0.0787,7.9223,9.0305,0.1017,-0.1287,0.1053
4,positive_training,CR,HRSD_21.1,HRSD21,full,RobustScaler,ET,47,12,5,0.1316,7.2208,8.8385,0.1656,-0.0812,0.1845
4,positive_training,CR,HRSD_21.1,HRSD21,full,RobustScaler,GB,47,12,5,0.1603,7.9209,9.724,0.1677,-0.3087,0.1544
4,positive_training,CR,HRSD_21.1,HRSD21,full,RobustScaler,XGB,47,12,5,0.2352,7.557,9.231,0.2499,-0.1794,0.2667
4,positive_training,CR,HRSD_21.1,HRSD21,full,RobustScaler,MLP,47,12,5,0.0317,7.8023,9.5855,0.0381,-0.2717,0.1684
4,positive_training,CR,HRSD_21.1,HRSD21,full,RobustScaler,LGBM,47,12,5,-0.1359,8.609,10.0577,-0.1751,-0.4001,-0.0352
4,positive_training,CR,HRSD_21.1,HRSD21,full,RobustScaler,CatBoost,47,12,5,0.0481,8.1019,9.4174,0.0577,-0.2275,0.1123
5,positive_training,CR,HRSD_21.1,HRSD21,full,StandardScaler,Ridge,48,11,10,0.3609,6.9554,8.1525,0.7117,0.2791,0.7397
5,positive_training,CR,HRSD_21.1,HRSD21,full,StandardScaler,Lasso,48,11,10,0.3706,6.7572,8.063,0.7346,0.2949,0.7626
5,positive_training,CR,HRSD_21.1,HRSD21,full,StandardScaler,ElasticNet,48,11,10,0.3741,6.821,8.0588,0.7301,0.2956,0.7489
5,positive_training,CR,HRSD_21.1,HRSD21,full,StandardScaler,SVR,48,11,10,0.499,6.7029,7.556,0.7363,0.3808,0.7717
5,positive_training,CR,HRSD_21.1,HRSD21,full,StandardScaler,KNN,48,11,10,0.2415,7.8586,9.0996,0.4881,0.1019,0.4279
5,positive_training,CR,HRSD_21.1,HRSD21,full,StandardScaler,RF,48,11,10,0.3066,7.1455,8.4936,0.5239,0.2175,0.6393
5,positive_training,CR,HRSD_21.1,HRSD21,full,StandardScaler,ET,48,11,10,0.2222,7.1409,8.828,0.4972,0.1547,0.5023
5,positive_training,CR,HRSD_21.1,HRSD21,full,StandardScaler,GB,48,11,10,0.2637,7.2895,9.3099,0.3225,0.0599,0.3288
5,positive_training,CR,HRSD_21.1,HRSD21,full,StandardScaler,XGB,48,11,10,0.3679,6.9221,8.6066,0.4493,0.1966,0.3973
5,positive_training,CR,HRSD_21.1,HRSD21,full,StandardScaler,MLP,48,11,10,0.5703,6.0397,7.6084,0.6347,0.3721,0.5616
5,positive_training,CR,HRSD_21.1,HRSD21,full,StandardScaler,LGBM,48,11,10,0.2577,8.0152,9.1826,0.3494,0.0854,0.422
5,positive_training,CR,HRSD_21.1,HRSD21,full,StandardScaler,CatBoost,48,11,10,0.3809,7.3091,8.4377,0.4959,0.2278,0.6667
5,positive_training,CR,HRSD_21.1,HRSD21,full,MinMaxScaler,Ridge,48,11,20,0.4799,6.3394,8.3443,0.5186,0.2448,0.4703
5,positive_training,CR,HRSD_21.1,HRSD21,full,MinMaxScaler,Lasso,48,11,20,0.4515,6.9623,8.8529,0.4738,0.1499,0.4703
5,positive_training,CR,HRSD_21.1,HRSD21,full,MinMaxScaler,ElasticNet,48,11,20,0.4866,6.9113,8.7045,0.5039,0.1782,0.4703
5,positive_training,CR,HRSD_21.1,HRSD21,full,MinMaxScaler,SVR,48,11,20,0.4352,7.7053,9.3019,0.4453,0.0615,0.4064
5,positive_training,CR,HRSD_21.1,HRSD21,full,MinMaxScaler,KNN,48,11,20,0.4277,6.0,8.2422,0.5505,0.2632,0.4201
5,positive_training,CR,HRSD_21.1,HRSD21,full,MinMaxScaler,RF,48,11,20,0.4538,6.9223,7.6924,0.6515,0.3582,0.7626
5,positive_training,CR,HRSD_21.1,HRSD21,full,MinMaxScaler,ET,48,11,20,0.3449,6.6455,8.4569,0.4968,0.2243,0.4886
5,positive_training,CR,HRSD_21.1,HRSD21,full,MinMaxScaler,GB,48,11,20,0.6989,5.3462,6.4048,0.7523,0.5551,0.7945
5,positive_training,CR,HRSD_21.1,HRSD21,full,MinMaxScaler,XGB,48,11,20,0.6061,6.0506,7.0905,0.6786,0.4547,0.6667
5,positive_training,CR,HRSD_21.1,HRSD21,full,MinMaxScaler,MLP,48,11,20,0.4648,6.7212,8.3043,0.5251,0.252,0.4932
5,positive_training,CR,HRSD_21.1,HRSD21,full,MinMaxScaler,LGBM,48,11,20,0.4911,6.0512,7.3472,0.7338,0.4145,0.7671
5,positive_training,CR,HRSD_21.1,HRSD21,full,MinMaxScaler,CatBoost,48,11,20,0.4611,6.9597,8.0911,0.546,0.2899,0.6895
5,positive_training,CR,HRSD_21.1,HRSD21,full,RobustScaler,Ridge,48,11,5,0.1825,7.8586,9.3455,0.3206,0.0527,0.3196
5,positive_training,CR,HRSD_21.1,HRSD21,full,RobustScaler,Lasso,48,11,5,0.2149,7.7738,9.2188,0.3515,0.0782,0.2511
5,positive_training,CR,HRSD_21.1,HRSD21,full,RobustScaler,ElasticNet,48,11,5,0.2024,7.8172,9.2757,0.3389,0.0668,0.2831
5,positive_training,CR,HRSD_21.1,HRSD21,full,RobustScaler,SVR,48,11,5,0.1886,8.1349,9.8545,0.2474,-0.0533,0.2648
5,positive_training,CR,HRSD_21.1,HRSD21,full,RobustScaler,KNN,48,11,5,0.2345,7.9636,9.3092,0.365,0.0601,0.516
5,positive_training,CR,HRSD_21.1,HRSD21,full,RobustScaler,RF,48,11,5,0.182,8.2022,9.4362,0.2712,0.0342,0.1005
5,positive_training,CR,HRSD_21.1,HRSD21,full,RobustScaler,ET,48,11,5,0.2882,7.4645,8.743,0.4662,0.1709,0.4612
5,positive_training,CR,HRSD_21.1,HRSD21,full,RobustScaler,GB,48,11,5,0.1892,7.8373,9.5048,0.2637,0.0201,0.0
5,positive_training,CR,HRSD_21.1,HRSD21,full,RobustScaler,XGB,48,11,5,0.1124,7.8619,9.8105,0.1591,-0.0439,0.0639
5,positive_training,CR,HRSD_21.1,HRSD21,full,RobustScaler,MLP,48,11,5,0.0997,8.1111,9.9831,0.1527,-0.081,0.2374
5,positive_training,CR,HRSD_21.1,HRSD21,full,RobustScaler,LGBM,48,11,5,0.1432,8.4766,9.6665,0.1981,-0.0135,0.3908
5,positive_training,CR,HRSD_21.1,HRSD21,full,RobustScaler,CatBoost,48,11,5,0.2215,7.106,8.9391,0.3883,0.1333,0.3151
1,positive_training,CR,HRSD_24.1,HRSD24,full,StandardScaler,Ridge,47,12,10,0.3536,11.6444,15.2207,0.3885,0.0403,0.1579
1,positive_training,CR,HRSD_24.1,HRSD24,full,StandardScaler,Lasso,47,12,10,0.3478,11.5436,15.2049,0.3835,0.0423,0.1579
1,positive_training,CR,HRSD_24.1,HRSD24,full,StandardScaler,ElasticNet,47,12,10,0.3365,11.3099,15.1701,0.3737,0.0467,0.1579
1,positive_training,CR,HRSD_24.1,HRSD24,full,StandardScaler,SVR,47,12,10,0.1209,12.3496,16.4196,0.1554,-0.1168,0.0526
1,positive_training,CR,HRSD_24.1,HRSD24,full,StandardScaler,KNN,47,12,10,-0.0171,13.3889,17.0707,-0.0242,-0.2071,0.0421
1,positive_training,CR,HRSD_24.1,HRSD24,full,StandardScaler,RF,47,12,10,0.1821,11.7536,14.5525,0.3881,0.1228,0.2737
1,positive_training,CR,HRSD_24.1,HRSD24,full,StandardScaler,ET,47,12,10,0.0925,12.5025,15.7169,0.1489,-0.0232,0.0738
1,positive_training,CR,HRSD_24.1,HRSD24,full,StandardScaler,GB,47,12,10,0.1536,12.6802,16.0759,0.1888,-0.0705,0.1509
1,positive_training,CR,HRSD_24.1,HRSD24,full,StandardScaler,XGB,47,12,10,-0.0446,14.1817,16.966,-0.0745,-0.1924,-0.0912
1,positive_training,CR,HRSD_24.1,HRSD24,full,StandardScaler,MLP,47,12,10,0.5311,9.4062,12.8845,0.5703,0.3123,0.3544
1,positive_training,CR,HRSD_24.1,HRSD24,full,StandardScaler,LGBM,47,12,10,0.1181,12.6393,15.816,0.1722,-0.0362,0.1711
1,positive_training,CR,HRSD_24.1,HRSD24,full,StandardScaler,CatBoost,47,12,10,0.2112,11.5125,14.5916,0.3517,0.118,0.3053
1,positive_training,CR,HRSD_24.1,HRSD24,full,MinMaxScaler,Ridge,47,12,5,0.1099,12.4523,15.7696,0.1604,-0.0301,0.0632
1,positive_training,CR,HRSD_24.1,HRSD24,full,MinMaxScaler,Lasso,47,12,5,0.1848,12.0871,15.7484,0.2284,-0.0273,0.1053
1,positive_training,CR,HRSD_24.1,HRSD24,full,MinMaxScaler,ElasticNet,47,12,5,0.1225,12.3398,15.5899,0.1831,-0.0068,0.1193
1,positive_training,CR,HRSD_24.1,HRSD24,full,MinMaxScaler,SVR,47,12,5,0.1588,12.2886,16.5886,0.1815,-0.1399,0.007
1,positive_training,CR,HRSD_24.1,HRSD24,full,MinMaxScaler,KNN,47,12,5,0.2995,11.2778,14.7303,0.3618,0.1012,0.2144
1,positive_training,CR,HRSD_24.1,HRSD24,full,MinMaxScaler,RF,47,12,5,0.0667,12.7602,15.5844,0.1288,-0.0061,0.0456
1,positive_training,CR,HRSD_24.1,HRSD24,full,MinMaxScaler,ET,47,12,5,0.0204,13.3958,16.1852,0.0351,-0.0851,-0.0561
1,positive_training,CR,HRSD_24.1,HRSD24,full,MinMaxScaler,GB,47,12,5,0.0606,13.6749,17.2723,0.0729,-0.2358,-0.2
1,positive_training,CR,HRSD_24.1,HRSD24,full,MinMaxScaler,XGB,47,12,5,-0.0433,14.1488,17.9924,-0.0527,-0.341,-0.3228
1,positive_training,CR,HRSD_24.1,HRSD24,full,MinMaxScaler,MLP,47,12,5,-0.028,13.9497,17.6659,-0.035,-0.2928,-0.1263
1,positive_training,CR,HRSD_24.1,HRSD24,full,MinMaxScaler,LGBM,47,12,5,0.0958,13.1145,15.7981,0.1446,-0.0338,-0.0352
1,positive_training,CR,HRSD_24.1,HRSD24,full,MinMaxScaler,CatBoost,47,12,5,0.0713,13.0526,15.7004,0.1245,-0.0211,-0.0632
1,positive_training,CR,HRSD_24.1,HRSD24,full,RobustScaler,Ridge,47,12,10,0.1536,13.605,17.094,0.1682,-0.2104,0.0246
1,positive_training,CR,HRSD_24.1,HRSD24,full,RobustScaler,Lasso,47,12,10,0.161,13.4414,16.9416,0.1775,-0.1889,0.0246
1,positive_training,CR,HRSD_24.1,HRSD24,full,RobustScaler,ElasticNet,47,12,10,0.1652,13.3659,16.8635,0.1826,-0.178,0.0246
1,positive_training,CR,HRSD_24.1,HRSD24,full,RobustScaler,SVR,47,12,10,0.2096,11.4243,15.8316,0.2553,-0.0382,0.2456
1,positive_training,CR,HRSD_24.1,HRSD24,full,RobustScaler,KNN,47,12,10,0.1112,12.3929,15.8289,0.1673,-0.0379,-0.0035
1,positive_training,CR,HRSD_24.1,HRSD24,full,RobustScaler,RF,47,12,10,0.181,11.7201,14.5846,0.3691,0.1189,0.3298
1,positive_training,CR,HRSD_24.1,HRSD24,full,RobustScaler,ET,47,12,10,0.1986,11.615,14.5824,0.373,0.1191,0.2421
1,positive_training,CR,HRSD_24.1,HRSD24,full,RobustScaler,GB,47,12,10,0.0575,13.523,16.7183,0.0742,-0.1578,-0.0421
1,positive_training,CR,HRSD_24.1,HRSD24,full,RobustScaler,XGB,47,12,10,-0.0553,13.8444,17.3564,-0.083,-0.2479,-0.0211
1,positive_training,CR,HRSD_24.1,HRSD24,full,RobustScaler,MLP,47,12,10,0.4779,10.3144,13.2793,0.5308,0.2695,0.3895
1,positive_training,CR,HRSD_24.1,HRSD24,full,RobustScaler,LGBM,47,12,10,0.1299,12.3178,15.5195,0.2091,0.0023,0.1127
1,positive_training,CR,HRSD_24.1,HRSD24,full,RobustScaler,CatBoost,47,12,10,0.1695,12.2892,14.8653,0.296,0.0846,0.2491
2,positive_training,CR,HRSD_24.1,HRSD24,full,StandardScaler,Ridge,47,12,20,-0.0044,13.5164,17.2163,-0.0051,-2.1731,-0.0839
2,positive_training,CR,HRSD_24.1,HRSD24,full,StandardScaler,Lasso,47,12,20,-0.0132,13.6202,17.457,-0.0152,-2.2625,-0.0839
2,positive_training,CR,HRSD_24.1,HRSD24,full,StandardScaler,ElasticNet,47,12,20,0.0066,14.8305,18.4941,0.0079,-2.6616,-0.007
2,positive_training,CR,HRSD_24.1,HRSD24,full,StandardScaler,SVR,47,12,20,-0.0433,11.7375,15.791,-0.0532,-1.6695,0.049
2,positive_training,CR,HRSD_24.1,HRSD24,full,StandardScaler,KNN,47,12,20,0.1128,9.8889,12.3858,0.1903,-0.6423,0.2277
2,positive_training,CR,HRSD_24.1,HRSD24,full,StandardScaler,RF,47,12,20,-0.2499,11.0679,14.1239,-0.3277,-1.1356,-0.3217
2,positive_training,CR,HRSD_24.1,HRSD24,full,StandardScaler,ET,47,12,20,-0.1981,10.5717,13.5195,-0.2677,-0.9567,-0.3147
2,positive_training,CR,HRSD_24.1,HRSD24,full,StandardScaler,GB,47,12,20,-0.3738,12.7811,15.9053,-0.5127,-1.7083,-0.5385
2,positive_training,CR,HRSD_24.1,HRSD24,full,StandardScaler,XGB,47,12,20,-0.3855,12.2224,15.426,-0.4815,-1.5475,-0.4545
2,positive_training,CR,HRSD_24.1,HRSD24,full,StandardScaler,MLP,47,12,20,-0.0131,13.5036,16.6009,-0.0145,-1.9503,-0.028
2,positive_training,CR,HRSD_24.1,HRSD24,full,StandardScaler,LGBM,47,12,20,-0.2384,11.1894,13.7359,-0.2858,-1.0199,-0.2697
2,positive_training,CR,HRSD_24.1,HRSD24,full,StandardScaler,CatBoost,47,12,20,-0.1814,10.8575,13.9288,-0.2303,-1.077,-0.1329
2,positive_training,CR,HRSD_24.1,HRSD24,full,MinMaxScaler,Ridge,47,12,5,-0.0118,9.5004,11.9241,-0.0168,-0.5222,-0.1119
2,positive_training,CR,HRSD_24.1,HRSD24,full,MinMaxScaler,Lasso,47,12,5,-0.0005,9.4838,11.8821,-0.0007,-0.5115,-0.1119
2,positive_training,CR,HRSD_24.1,HRSD24,full,MinMaxScaler,ElasticNet,47,12,5,-0.0419,9.4948,11.9833,-0.0606,-0.5373,-0.1818
2,positive_training,CR,HRSD_24.1,HRSD24,full,MinMaxScaler,SVR,47,12,5,-0.021,9.4689,11.9825,-0.0299,-0.5371,-0.1329
2,positive_training,CR,HRSD_24.1,HRSD24,full,MinMaxScaler,KNN,47,12,5,0.0891,7.9833,11.1258,0.1098,-0.3252,-0.0105
2,positive_training,CR,HRSD_24.1,HRSD24,full,MinMaxScaler,RF,47,12,5,0.1236,8.2631,10.503,0.1786,-0.181,0.1189
2,positive_training,CR,HRSD_24.1,HRSD24,full,MinMaxScaler,ET,47,12,5,0.2106,7.4271,10.2713,0.2505,-0.1294,0.2797
2,positive_training,CR,HRSD_24.1,HRSD24,full,MinMaxScaler,GB,47,12,5,0.279,8.5332,10.7483,0.3474,-0.2368,0.3986
2,positive_training,CR,HRSD_24.1,HRSD24,full,MinMaxScaler,XGB,47,12,5,0.1824,8.5517,11.5431,0.2338,-0.4264,0.2937
2,positive_training,CR,HRSD_24.1,HRSD24,full,MinMaxScaler,MLP,47,12,5,0.0023,9.4432,11.9474,0.0034,-0.5281,-0.0979
2,positive_training,CR,HRSD_24.1,HRSD24,full,MinMaxScaler,LGBM,47,12,5,-0.0377,10.1252,11.8516,-0.049,-0.5037,-0.1261
2,positive_training,CR,HRSD_24.1,HRSD24,full,MinMaxScaler,CatBoost,47,12,5,0.2224,7.8568,10.1754,0.3111,-0.1084,0.2867
2,positive_training,CR,HRSD_24.1,HRSD24,full,RobustScaler,Ridge,47,12,20,0.3131,9.5249,12.7869,0.3459,-0.7504,0.3427
2,positive_training,CR,HRSD_24.1,HRSD24,full,RobustScaler,Lasso,47,12,20,0.3323,9.1998,12.5611,0.3702,-0.6891,0.3427
2,positive_training,CR,HRSD_24.1,HRSD24,full,RobustScaler,ElasticNet,47,12,20,0.2831,9.6151,12.6787,0.3103,-0.7209,0.2727
2,positive_training,CR,HRSD_24.1,HRSD24,full,RobustScaler,SVR,47,12,20,0.078,12.0771,15.2676,0.0889,-1.4955,-0.021
2,positive_training,CR,HRSD_24.1,HRSD24,full,RobustScaler,KNN,47,12,20,-0.164,11.0093,13.5949,-0.1883,-0.9786,-0.2098
2,positive_training,CR,HRSD_24.1,HRSD24,full,RobustScaler,RF,47,12,20,-0.1611,10.2408,12.69,-0.2128,-0.724,-0.1958
2,positive_training,CR,HRSD_24.1,HRSD24,full,RobustScaler,ET,47,12,20,-0.2247,10.2325,13.2511,-0.2845,-0.8798,-0.3497
2,positive_training,CR,HRSD_24.1,HRSD24,full,RobustScaler,GB,47,12,20,-0.1769,11.7464,14.1199,-0.2583,-1.1344,-0.3986
2,positive_training,CR,HRSD_24.1,HRSD24,full,RobustScaler,XGB,47,12,20,-0.1322,11.4493,13.8921,-0.1638,-1.0661,-0.2867
2,positive_training,CR,HRSD_24.1,HRSD24,full,RobustScaler,MLP,47,12,20,0.1568,15.9429,20.2275,0.2006,-3.3802,0.2098
2,positive_training,CR,HRSD_24.1,HRSD24,full,RobustScaler,LGBM,47,12,20,-0.1683,11.1027,13.4724,-0.1976,-0.9431,-0.2982
2,positive_training,CR,HRSD_24.1,HRSD24,full,RobustScaler,CatBoost,47,12,20,0.0546,8.8196,11.2726,0.0761,-0.3604,0.1538
3,positive_training,CR,HRSD_24.1,HRSD24,full,StandardScaler,Ridge,47,12,15,0.3137,9.8301,11.769,0.3284,-0.1455,0.2737
3,positive_training,CR,HRSD_24.1,HRSD24,full,StandardScaler,Lasso,47,12,15,0.3105,10.6977,12.8249,0.3177,-0.3603,0.3193
3,positive_training,CR,HRSD_24.1,HRSD24,full,StandardScaler,ElasticNet,47,12,15,0.3136,10.0522,12.1053,0.3251,-0.2119,0.2105
3,positive_training,CR,HRSD_24.1,HRSD24,full,StandardScaler,SVR,47,12,15,-0.0541,10.3274,12.2436,-0.0802,-0.2397,-0.1404
3,positive_training,CR,HRSD_24.1,HRSD24,full,StandardScaler,KNN,47,12,15,-0.1092,10.9,13.0231,-0.1347,-0.4026,-0.232
3,positive_training,CR,HRSD_24.1,HRSD24,full,StandardScaler,RF,47,12,15,-0.1262,12.1758,13.2722,-0.1717,-0.4568,-0.0947
3,positive_training,CR,HRSD_24.1,HRSD24,full,StandardScaler,ET,47,12,15,-0.0299,11.4721,12.772,-0.0404,-0.3491,-0.0316
3,positive_training,CR,HRSD_24.1,HRSD24,full,StandardScaler,GB,47,12,15,-0.1287,12.246,13.9194,-0.1637,-0.6023,-0.2491
3,positive_training,CR,HRSD_24.1,HRSD24,full,StandardScaler,XGB,47,12,15,-0.1992,12.0284,14.0781,-0.2283,-0.6391,-0.2281
3,positive_training,CR,HRSD_24.1,HRSD24,full,StandardScaler,MLP,47,12,15,0.4119,9.2142,11.4841,0.4289,-0.0907,0.3789
3,positive_training,CR,HRSD_24.1,HRSD24,full,StandardScaler,LGBM,47,12,15,-0.0602,10.9346,13.3892,-0.0673,-0.4826,-0.1053
3,positive_training,CR,HRSD_24.1,HRSD24,full,StandardScaler,CatBoost,47,12,15,-0.135,12.4071,13.5267,-0.1635,-0.5132,-0.2175
3,positive_training,CR,HRSD_24.1,HRSD24,full,MinMaxScaler,Ridge,47,12,10,0.3055,10.0107,11.7369,0.3236,-0.1393,0.3158
3,positive_training,CR,HRSD_24.1,HRSD24,full,MinMaxScaler,Lasso,47,12,10,0.3012,9.7489,12.0296,0.3142,-0.1968,0.2386
3,positive_training,CR,HRSD_24.1,HRSD24,full,MinMaxScaler,ElasticNet,47,12,10,0.308,10.1964,12.1226,0.3225,-0.2154,0.2
3,positive_training,CR,HRSD_24.1,HRSD24,full,MinMaxScaler,SVR,47,12,10,0.3264,10.1657,11.7874,0.3436,-0.1491,0.3544
3,positive_training,CR,HRSD_24.1,HRSD24,full,MinMaxScaler,KNN,47,12,10,0.0542,10.2619,12.4514,0.0651,-0.2822,0.0334
3,positive_training,CR,HRSD_24.1,HRSD24,full,MinMaxScaler,RF,47,12,10,-0.0172,11.46,12.5764,-0.0209,-0.3081,0.0842
3,positive_training,CR,HRSD_24.1,HRSD24,full,MinMaxScaler,ET,47,12,10,0.0103,10.6958,12.3383,0.0126,-0.259,-0.0211
3,positive_training,CR,HRSD_24.1,HRSD24,full,MinMaxScaler,GB,47,12,10,0.1055,10.6695,11.9473,0.1328,-0.1805,0.1895
3,positive_training,CR,HRSD_24.1,HRSD24,full,MinMaxScaler,XGB,47,12,10,-0.0995,11.4495,12.889,-0.131,-0.3739,-0.2246
3,positive_training,CR,HRSD_24.1,HRSD24,full,MinMaxScaler,MLP,47,12,10,0.2934,10.4552,12.3967,0.3156,-0.271,0.2737
3,positive_training,CR,HRSD_24.1,HRSD24,full,MinMaxScaler,LGBM,47,12,10,0.0437,10.4752,12.3226,0.0512,-0.2558,-0.1544
3,positive_training,CR,HRSD_24.1,HRSD24,full,MinMaxScaler,CatBoost,47,12,10,-0.0233,11.2749,12.3691,-0.0303,-0.2653,0.0246
3,positive_training,CR,HRSD_24.1,HRSD24,full,RobustScaler,Ridge,47,12,10,0.2393,11.5237,13.8654,0.2489,-0.5899,0.0842
3,positive_training,CR,HRSD_24.1,HRSD24,full,RobustScaler,Lasso,47,12,10,0.2653,11.1481,13.4397,0.2757,-0.4938,0.2105
3,positive_training,CR,HRSD_24.1,HRSD24,full,RobustScaler,ElasticNet,47,12,10,0.3048,9.9147,12.1452,0.3199,-0.2199,0.1579
3,positive_training,CR,HRSD_24.1,HRSD24,full,RobustScaler,SVR,47,12,10,0.0249,10.0669,12.1284,0.0319,-0.2165,-0.1614
3,positive_training,CR,HRSD_24.1,HRSD24,full,RobustScaler,KNN,47,12,10,-0.0746,10.4667,12.9473,-0.0893,-0.3864,-0.0919
3,positive_training,CR,HRSD_24.1,HRSD24,full,RobustScaler,RF,47,12,10,-0.096,11.7321,12.9689,-0.1255,-0.391,-0.2
3,positive_training,CR,HRSD_24.1,HRSD24,full,RobustScaler,ET,47,12,10,-0.093,11.4904,12.9623,-0.1216,-0.3896,-0.1333
3,positive_training,CR,HRSD_24.1,HRSD24,full,RobustScaler,GB,47,12,10,-0.0132,11.5273,13.0203,-0.0164,-0.402,-0.207
3,positive_training,CR,HRSD_24.1,HRSD24,full,RobustScaler,XGB,47,12,10,-0.0525,11.313,12.7442,-0.0691,-0.3432,-0.1439
3,positive_training,CR,HRSD_24.1,HRSD24,full,RobustScaler,MLP,47,12,10,0.3234,10.4275,12.466,0.3342,-0.2852,0.3158
3,positive_training,CR,HRSD_24.1,HRSD24,full,RobustScaler,LGBM,47,12,10,0.0374,10.25,12.3292,0.0442,-0.2571,0.007
3,positive_training,CR,HRSD_24.1,HRSD24,full,RobustScaler,CatBoost,47,12,10,-0.1696,11.9085,13.4373,-0.2182,-0.4933,-0.3404
4,positive_training,CR,HRSD_24.1,HRSD24,full,StandardScaler,Ridge,47,12,5,0.2915,9.283,10.6345,0.3021,-0.2153,0.1789
4,positive_training,CR,HRSD_24.1,HRSD24,full,StandardScaler,Lasso,47,12,5,0.2828,9.3376,10.6965,0.2932,-0.2295,0.1789
4,positive_training,CR,HRSD_24.1,HRSD24,full,StandardScaler,ElasticNet,47,12,5,0.2998,9.2973,10.6359,0.3096,-0.2157,0.1789
4,positive_training,CR,HRSD_24.1,HRSD24,full,StandardScaler,SVR,47,12,5,0.095,8.8143,10.1565,0.1228,-0.1085,0.2877
4,positive_training,CR,HRSD_24.1,HRSD24,full,StandardScaler,KNN,47,12,5,0.0551,9.0476,10.5822,0.077,-0.2034,0.1301
4,positive_training,CR,HRSD_24.1,HRSD24,full,StandardScaler,RF,47,12,5,0.3269,8.0141,8.8584,0.4293,0.1567,0.393
4,positive_training,CR,HRSD_24.1,HRSD24,full,StandardScaler,ET,47,12,5,0.3373,8.06,8.9212,0.4225,0.1447,0.393
4,positive_training,CR,HRSD_24.1,HRSD24,full,StandardScaler,GB,47,12,5,0.3945,8.5528,9.8198,0.4083,-0.0362,0.4597
4,positive_training,CR,HRSD_24.1,HRSD24,full,StandardScaler,XGB,47,12,5,0.3488,8.8102,10.0696,0.3675,-0.0896,0.3088
4,positive_training,CR,HRSD_24.1,HRSD24,full,StandardScaler,MLP,47,12,5,0.1123,9.5135,10.6985,0.1259,-0.23,0.2632
4,positive_training,CR,HRSD_24.1,HRSD24,full,StandardScaler,LGBM,47,12,5,0.2248,8.6684,9.8734,0.2583,-0.0476,0.3691
4,positive_training,CR,HRSD_24.1,HRSD24,full,StandardScaler,CatBoost,47,12,5,0.3519,8.4108,9.2971,0.3866,0.0711,0.386
4,positive_training,CR,HRSD_24.1,HRSD24,full,MinMaxScaler,Ridge,47,12,10,0.4334,6.6322,8.3911,0.5197,0.2433,0.5404
4,positive_training,CR,HRSD_24.1,HRSD24,full,MinMaxScaler,Lasso,47,12,10,0.4023,6.8961,8.5822,0.4868,0.2085,0.5298
4,positive_training,CR,HRSD_24.1,HRSD24,full,MinMaxScaler,ElasticNet,47,12,10,0.4299,6.6925,8.2601,0.5493,0.2668,0.5474
4,positive_training,CR,HRSD_24.1,HRSD24,full,MinMaxScaler,SVR,47,12,10,0.4419,6.5488,8.1828,0.5378,0.2805,0.5719
4,positive_training,CR,HRSD_24.1,HRSD24,full,MinMaxScaler,KNN,47,12,10,0.3607,6.9815,8.506,0.4921,0.2225,0.4868
4,positive_training,CR,HRSD_24.1,HRSD24,full,MinMaxScaler,RF,47,12,10,0.4779,6.6246,7.7502,0.7656,0.3545,0.7193
4,positive_training,CR,HRSD_24.1,HRSD24,full,MinMaxScaler,ET,47,12,10,0.4974,6.3383,7.676,0.6347,0.3668,0.6456
4,positive_training,CR,HRSD_24.1,HRSD24,full,MinMaxScaler,GB,47,12,10,0.591,5.9829,7.0446,0.7452,0.4667,0.7649
4,positive_training,CR,HRSD_24.1,HRSD24,full,MinMaxScaler,XGB,47,12,10,0.3933,7.2771,8.6843,0.4956,0.1896,0.3825
4,positive_training,CR,HRSD_24.1,HRSD24,full,MinMaxScaler,MLP,47,12,10,0.3966,7.235,8.6261,0.4884,0.2004,0.5579
4,positive_training,CR,HRSD_24.1,HRSD24,full,MinMaxScaler,LGBM,47,12,10,0.2661,7.5528,8.7767,0.4872,0.1722,0.4225
4,positive_training,CR,HRSD_24.1,HRSD24,full,MinMaxScaler,CatBoost,47,12,10,0.4891,6.4359,7.8787,0.632,0.3329,0.5895
4,positive_training,CR,HRSD_24.1,HRSD24,full,RobustScaler,Ridge,47,12,10,0.5478,6.2,7.946,0.5916,0.3215,0.614
4,positive_training,CR,HRSD_24.1,HRSD24,full,RobustScaler,Lasso,47,12,10,0.5452,6.2215,7.9638,0.5893,0.3184,0.614
4,positive_training,CR,HRSD_24.1,HRSD24,full,RobustScaler,ElasticNet,47,12,10,0.5454,6.2123,7.9576,0.5899,0.3195,0.614
4,positive_training,CR,HRSD_24.1,HRSD24,full,RobustScaler,SVR,47,12,10,0.5739,5.9792,7.3622,0.6537,0.4175,0.6947
4,positive_training,CR,HRSD_24.1,HRSD24,full,RobustScaler,KNN,47,12,10,0.5095,7.2833,8.3353,0.5517,0.2534,0.5298
4,positive_training,CR,HRSD_24.1,HRSD24,full,RobustScaler,RF,47,12,10,0.4935,7.0558,7.9893,0.5835,0.3141,0.6
4,positive_training,CR,HRSD_24.1,HRSD24,full,RobustScaler,ET,47,12,10,0.4249,7.4062,8.3455,0.5117,0.2516,0.5965
4,positive_training,CR,HRSD_24.1,HRSD24,full,RobustScaler,GB,47,12,10,0.6708,6.445,7.3221,0.6891,0.4239,0.7053
4,positive_training,CR,HRSD_24.1,HRSD24,full,RobustScaler,XGB,47,12,10,0.4347,8.0381,9.409,0.4571,0.0486,0.4877
4,positive_training,CR,HRSD_24.1,HRSD24,full,RobustScaler,MLP,47,12,10,0.4108,6.8164,8.8805,0.4551,0.1525,0.5368
4,positive_training,CR,HRSD_24.1,HRSD24,full,RobustScaler,LGBM,47,12,10,0.347,7.3759,8.6268,0.4612,0.2002,0.4903
4,positive_training,CR,HRSD_24.1,HRSD24,full,RobustScaler,CatBoost,47,12,10,0.4974,7.1916,8.2743,0.5387,0.2643,0.4912
5,positive_training,CR,HRSD_24.1,HRSD24,full,StandardScaler,Ridge,48,11,10,0.7469,6.3725,7.2486,0.8294,0.6416,0.897
5,positive_training,CR,HRSD_24.1,HRSD24,full,StandardScaler,Lasso,48,11,10,0.7896,5.8185,6.8218,0.8382,0.6826,0.897
5,positive_training,CR,HRSD_24.1,HRSD24,full,StandardScaler,ElasticNet,48,11,10,0.5946,7.5962,8.5624,0.7979,0.4999,0.8696
5,positive_training,CR,HRSD_24.1,HRSD24,full,StandardScaler,SVR,48,11,10,0.6731,7.6847,8.2747,0.7575,0.5329,0.8604
5,positive_training,CR,HRSD_24.1,HRSD24,full,StandardScaler,KNN,48,11,10,0.495,8.9455,9.8487,0.6614,0.3383,0.7643
5,positive_training,CR,HRSD_24.1,HRSD24,full,StandardScaler,RF,48,11,10,0.3489,9.9427,10.8332,0.4693,0.1994,0.5721
5,positive_training,CR,HRSD_24.1,HRSD24,full,StandardScaler,ET,48,11,10,0.3945,9.2809,10.219,0.6135,0.2876,0.7002
5,positive_training,CR,HRSD_24.1,HRSD24,full,StandardScaler,GB,48,11,10,0.5015,9.0411,11.2002,0.5406,0.1443,0.6774
5,positive_training,CR,HRSD_24.1,HRSD24,full,StandardScaler,XGB,48,11,10,0.5045,9.4014,10.9824,0.5518,0.1772,0.5446
5,positive_training,CR,HRSD_24.1,HRSD24,full,StandardScaler,MLP,48,11,10,0.6219,7.87,8.8696,0.6836,0.4634,0.7414
5,positive_training,CR,HRSD_24.1,HRSD24,full,StandardScaler,LGBM,48,11,10,0.529,8.5392,9.7059,0.6198,0.3574,0.7156
5,positive_training,CR,HRSD_24.1,HRSD24,full,StandardScaler,CatBoost,48,11,10,0.3113,10.3587,11.2599,0.4094,0.1351,0.5858
5,positive_training,CR,HRSD_24.1,HRSD24,full,MinMaxScaler,Ridge,48,11,20,0.6928,6.1572,7.7622,0.8153,0.589,0.8513
5,positive_training,CR,HRSD_24.1,HRSD24,full,MinMaxScaler,Lasso,48,11,20,0.7175,5.6585,7.6851,0.7894,0.5971,0.8467
5,positive_training,CR,HRSD_24.1,HRSD24,full,MinMaxScaler,ElasticNet,48,11,20,0.5768,7.1565,8.7503,0.7719,0.4777,0.833
5,positive_training,CR,HRSD_24.1,HRSD24,full,MinMaxScaler,SVR,48,11,20,0.6613,6.3914,8.2372,0.7642,0.5372,0.7872
5,positive_training,CR,HRSD_24.1,HRSD24,full,MinMaxScaler,KNN,48,11,20,0.2798,10.0,11.902,0.436,0.0337,0.3753
5,positive_training,CR,HRSD_24.1,HRSD24,full,MinMaxScaler,RF,48,11,20,0.3885,8.775,10.1819,0.6297,0.2928,0.714
5,positive_training,CR,HRSD_24.1,HRSD24,full,MinMaxScaler,ET,48,11,20,0.3667,9.0832,10.2168,0.6431,0.288,0.7094
5,positive_training,CR,HRSD_24.1,HRSD24,full,MinMaxScaler,GB,48,11,20,0.7081,6.2296,7.5149,0.8268,0.6148,0.8284
5,positive_training,CR,HRSD_24.1,HRSD24,full,MinMaxScaler,XGB,48,11,20,0.6967,6.4228,7.5648,0.837,0.6096,0.9062
5,positive_training,CR,HRSD_24.1,HRSD24,full,MinMaxScaler,MLP,48,11,20,0.4043,9.22,10.8394,0.5118,0.1985,0.5538
5,positive_training,CR,HRSD_24.1,HRSD24,full,MinMaxScaler,LGBM,48,11,20,0.4337,8.5763,9.7405,0.666,0.3528,0.6179
5,positive_training,CR,HRSD_24.1,HRSD24,full,MinMaxScaler,CatBoost,48,11,20,0.5115,7.8538,9.3433,0.6674,0.4045,0.6682
5,positive_training,CR,HRSD_24.1,HRSD24,full,RobustScaler,Ridge,48,11,5,0.1548,10.4509,12.2094,0.2617,-0.0169,0.3387
5,positive_training,CR,HRSD_24.1,HRSD24,full,RobustScaler,Lasso,48,11,5,0.18,10.359,12.1133,0.2867,-0.0009,0.3204
5,positive_training,CR,HRSD_24.1,HRSD24,full,RobustScaler,ElasticNet,48,11,5,0.1691,10.4181,12.1757,0.2745,-0.0113,0.3204
5,positive_training,CR,HRSD_24.1,HRSD24,full,RobustScaler,SVR,48,11,5,0.2067,10.0407,11.8553,0.3055,0.0412,0.2426
5,positive_training,CR,HRSD_24.1,HRSD24,full,RobustScaler,KNN,48,11,5,0.2035,10.9818,12.1939,0.3027,-0.0143,0.4679
5,positive_training,CR,HRSD_24.1,HRSD24,full,RobustScaler,RF,48,11,5,0.1355,10.4395,12.1303,0.2235,-0.0037,0.1373
5,positive_training,CR,HRSD_24.1,HRSD24,full,RobustScaler,ET,48,11,5,0.1137,10.4623,12.2611,0.2091,-0.0255,0.1053
5,positive_training,CR,HRSD_24.1,HRSD24,full,RobustScaler,GB,48,11,5,0.1782,9.719,12.0371,0.253,0.0116,0.3753
5,positive_training,CR,HRSD_24.1,HRSD24,full,RobustScaler,XGB,48,11,5,0.261,9.1689,11.2441,0.3743,0.1376,0.4714
5,positive_training,CR,HRSD_24.1,HRSD24,full,RobustScaler,MLP,48,11,5,0.0643,10.8856,13.1231,0.0905,-0.1748,0.2105
5,positive_training,CR,HRSD_24.1,HRSD24,full,RobustScaler,LGBM,48,11,5,0.1066,11.395,12.5481,0.1464,-0.0741,0.2673
5,positive_training,CR,HRSD_24.1,HRSD24,full,RobustScaler,CatBoost,48,11,5,0.1208,9.7901,12.114,0.199,-0.001,-0.0458
