fold,phase,condition,target,target_short,features,scaler,model,n_train,n_test,n_features,CCC,MAE,RMSE,Pearson_r,R2,Spearman_r
1,latency,ADK,phq_8,PHQ8,full,StandardScaler,Ridge,50,13,5,0.2235,5.0776,6.1257,0.2843,-0.0633,0.1165
1,latency,ADK,phq_8,PHQ8,full,StandardScaler,Lasso,50,13,5,0.2199,5.0687,6.1127,0.283,-0.0588,0.1165
1,latency,ADK,phq_8,PHQ8,full,StandardScaler,ElasticNet,50,13,5,0.2172,5.0039,6.0436,0.2881,-0.035,0.1581
1,latency,ADK,phq_8,PHQ8,full,StandardScaler,SVR,50,13,5,0.1702,5.5432,7.0856,0.1905,-0.4227,0.1304
1,latency,ADK,phq_8,PHQ8,full,StandardScaler,KNN,50,13,5,0.124,4.9538,6.4412,0.1448,-0.1757,0.1822
1,latency,ADK,phq_8,PHQ8,full,StandardScaler,RF,50,13,5,0.4415,3.8908,4.9716,0.5668,0.2996,0.4466
1,latency,ADK,phq_8,PHQ8,full,StandardScaler,ET,50,13,5,0.2748,4.1158,5.6086,0.3623,0.1086,0.3689
1,latency,ADK,phq_8,PHQ8,full,StandardScaler,GB,50,13,5,0.2478,5.3447,6.6937,0.2838,-0.2696,0.2774
1,latency,ADK,phq_8,PHQ8,full,StandardScaler,XGB,50,13,5,0.2929,5.0399,6.2192,0.3294,-0.096,0.2968
1,latency,ADK,phq_8,PHQ8,full,StandardScaler,MLP,50,13,5,0.1797,6.0782,7.7102,0.1963,-0.6845,0.0915
1,latency,ADK,phq_8,PHQ8,full,StandardScaler,LGBM,50,13,5,0.2965,4.2218,5.3992,0.42,0.1739,0.3894
1,latency,ADK,phq_8,PHQ8,full,StandardScaler,CatBoost,50,13,5,0.3742,4.2534,5.3518,0.4662,0.1884,0.4744
1,latency,ADK,phq_8,PHQ8,full,MinMaxScaler,Ridge,50,13,5,0.2174,5.0528,6.1338,0.2791,-0.0661,0.1165
1,latency,ADK,phq_8,PHQ8,full,MinMaxScaler,Lasso,50,13,5,0.2214,5.084,6.1452,0.281,-0.0701,0.1304
1,latency,ADK,phq_8,PHQ8,full,MinMaxScaler,ElasticNet,50,13,5,0.2144,5.0479,6.1266,0.2776,-0.0636,0.1443
1,latency,ADK,phq_8,PHQ8,full,MinMaxScaler,SVR,50,13,5,0.2001,5.0869,6.1767,0.249,-0.0811,0.2025
1,latency,ADK,phq_8,PHQ8,full,MinMaxScaler,KNN,50,13,5,0.1618,4.3761,5.8699,0.2449,0.0236,0.2825
1,latency,ADK,phq_8,PHQ8,full,MinMaxScaler,RF,50,13,5,0.4415,3.8908,4.9716,0.5668,0.2996,0.4466
1,latency,ADK,phq_8,PHQ8,full,MinMaxScaler,ET,50,13,5,0.2748,4.1158,5.6086,0.3623,0.1086,0.3689
1,latency,ADK,phq_8,PHQ8,full,MinMaxScaler,GB,50,13,5,0.2478,5.3447,6.6937,0.2838,-0.2696,0.2774
1,latency,ADK,phq_8,PHQ8,full,MinMaxScaler,XGB,50,13,5,0.2929,5.0399,6.2192,0.3294,-0.096,0.2968
1,latency,ADK,phq_8,PHQ8,full,MinMaxScaler,MLP,50,13,5,0.2386,5.3034,6.5794,0.2769,-0.2267,0.1914
1,latency,ADK,phq_8,PHQ8,full,MinMaxScaler,LGBM,50,13,5,0.3187,4.1177,5.3005,0.4567,0.2039,0.3894
1,latency,ADK,phq_8,PHQ8,full,MinMaxScaler,CatBoost,50,13,5,0.3742,4.2534,5.3518,0.4662,0.1884,0.4744
1,latency,ADK,phq_8,PHQ8,full,RobustScaler,Ridge,50,13,5,0.2233,5.0664,6.0948,0.2867,-0.0526,0.1304
1,latency,ADK,phq_8,PHQ8,full,RobustScaler,Lasso,50,13,5,0.2196,5.0746,6.0914,0.2846,-0.0515,0.1304
1,latency,ADK,phq_8,PHQ8,full,RobustScaler,ElasticNet,50,13,5,0.2167,5.0061,5.9995,0.2923,-0.02,0.172
1,latency,ADK,phq_8,PHQ8,full,RobustScaler,SVR,50,13,5,0.1844,5.8097,7.068,0.2059,-0.4156,0.2164
1,latency,ADK,phq_8,PHQ8,full,RobustScaler,KNN,50,13,5,0.2319,4.8718,5.9028,0.2888,0.0127,0.233
1,latency,ADK,phq_8,PHQ8,full,RobustScaler,RF,50,13,5,0.4415,3.8908,4.9716,0.5668,0.2996,0.4466
1,latency,ADK,phq_8,PHQ8,full,RobustScaler,ET,50,13,5,0.2748,4.1158,5.6086,0.3623,0.1086,0.3689
1,latency,ADK,phq_8,PHQ8,full,RobustScaler,GB,50,13,5,0.2478,5.3447,6.6937,0.2838,-0.2696,0.2774
1,latency,ADK,phq_8,PHQ8,full,RobustScaler,XGB,50,13,5,0.2929,5.0399,6.2192,0.3294,-0.096,0.2968
1,latency,ADK,phq_8,PHQ8,full,RobustScaler,MLP,50,13,5,0.2128,5.9343,7.4865,0.2359,-0.5882,0.0943
1,latency,ADK,phq_8,PHQ8,full,RobustScaler,LGBM,50,13,5,0.2848,4.2327,5.4338,0.4056,0.1633,0.3931
1,latency,ADK,phq_8,PHQ8,full,RobustScaler,CatBoost,50,13,5,0.3742,4.2534,5.3518,0.4662,0.1884,0.4744
2,latency,ADK,phq_8,PHQ8,full,StandardScaler,Ridge,50,13,10,0.5346,3.8399,4.5997,0.7731,0.1986,0.8366
2,latency,ADK,phq_8,PHQ8,full,StandardScaler,Lasso,50,13,10,0.5509,3.7834,4.4692,0.7939,0.2435,0.8643
2,latency,ADK,phq_8,PHQ8,full,StandardScaler,ElasticNet,50,13,10,0.5709,3.7129,4.3289,0.8149,0.2902,0.856
2,latency,ADK,phq_8,PHQ8,full,StandardScaler,SVR,50,13,10,0.4397,3.768,4.479,0.5688,0.2402,0.5873
2,latency,ADK,phq_8,PHQ8,full,StandardScaler,KNN,50,13,10,0.223,4.2857,5.3075,0.2716,-0.0669,0.1995
2,latency,ADK,phq_8,PHQ8,full,StandardScaler,RF,50,13,10,0.3885,3.6219,4.6521,0.473,0.1803,0.5845
2,latency,ADK,phq_8,PHQ8,full,StandardScaler,ET,50,13,10,0.3791,3.7735,4.804,0.459,0.1259,0.4349
2,latency,ADK,phq_8,PHQ8,full,StandardScaler,GB,50,13,10,0.5568,3.3126,4.2826,0.6458,0.3053,0.7009
2,latency,ADK,phq_8,PHQ8,full,StandardScaler,XGB,50,13,10,0.4262,3.4153,4.5293,0.5841,0.223,0.5984
2,latency,ADK,phq_8,PHQ8,full,StandardScaler,MLP,50,13,10,0.5978,3.5715,4.4201,0.6212,0.26,0.5623
2,latency,ADK,phq_8,PHQ8,full,StandardScaler,LGBM,50,13,10,0.4018,3.7456,4.7128,0.4709,0.1588,0.4633
2,latency,ADK,phq_8,PHQ8,full,StandardScaler,CatBoost,50,13,10,0.3587,3.7596,4.7279,0.462,0.1534,0.4986
2,latency,ADK,phq_8,PHQ8,full,MinMaxScaler,Ridge,50,13,15,0.3906,4.0967,4.9262,0.4503,0.0809,0.4155
2,latency,ADK,phq_8,PHQ8,full,MinMaxScaler,Lasso,50,13,15,0.2678,4.4239,5.3795,0.3105,-0.0961,0.2604
2,latency,ADK,phq_8,PHQ8,full,MinMaxScaler,ElasticNet,50,13,15,0.4811,3.829,4.5819,0.5471,0.2049,0.4598
2,latency,ADK,phq_8,PHQ8,full,MinMaxScaler,SVR,50,13,15,0.3485,4.4481,5.2671,0.4716,-0.0507,0.4543
2,latency,ADK,phq_8,PHQ8,full,MinMaxScaler,KNN,50,13,15,0.1224,4.9658,5.7305,0.1483,-0.2438,0.1276
2,latency,ADK,phq_8,PHQ8,full,MinMaxScaler,RF,50,13,15,0.2417,4.1823,5.147,0.4164,-0.0034,0.338
2,latency,ADK,phq_8,PHQ8,full,MinMaxScaler,ET,50,13,15,0.2335,4.4223,5.2969,0.3281,-0.0627,0.2659
2,latency,ADK,phq_8,PHQ8,full,MinMaxScaler,GB,50,13,15,0.2403,4.9431,5.5989,0.3588,-0.1873,0.2742
2,latency,ADK,phq_8,PHQ8,full,MinMaxScaler,XGB,50,13,15,0.1951,5.0282,6.2216,0.2621,-0.4661,0.1856
2,latency,ADK,phq_8,PHQ8,full,MinMaxScaler,MLP,50,13,15,0.3648,4.2613,5.2442,0.4003,-0.0416,0.3851
2,latency,ADK,phq_8,PHQ8,full,MinMaxScaler,LGBM,50,13,15,0.2685,4.8022,5.5373,0.3968,-0.1613,0.3906
2,latency,ADK,phq_8,PHQ8,full,MinMaxScaler,CatBoost,50,13,15,0.2062,4.6592,5.447,0.3569,-0.1238,0.1995
2,latency,ADK,phq_8,PHQ8,full,RobustScaler,Ridge,50,13,15,0.4183,4.1221,4.6772,0.5224,0.1714,0.4848
2,latency,ADK,phq_8,PHQ8,full,RobustScaler,Lasso,50,13,15,0.4408,4.0788,5.0277,0.7546,0.0426,0.7479
2,latency,ADK,phq_8,PHQ8,full,RobustScaler,ElasticNet,50,13,15,0.5451,3.7277,4.1682,0.685,0.342,0.6482
2,latency,ADK,phq_8,PHQ8,full,RobustScaler,SVR,50,13,15,0.3193,4.4633,5.2492,0.5079,-0.0436,0.3657
2,latency,ADK,phq_8,PHQ8,full,RobustScaler,KNN,50,13,15,0.2741,4.2637,5.2974,0.307,-0.0629,0.3806
2,latency,ADK,phq_8,PHQ8,full,RobustScaler,RF,50,13,15,0.2636,3.8723,4.988,0.3738,0.0577,0.3773
2,latency,ADK,phq_8,PHQ8,full,RobustScaler,ET,50,13,15,0.2758,4.0838,5.1133,0.3792,0.0097,0.3629
2,latency,ADK,phq_8,PHQ8,full,RobustScaler,GB,50,13,15,0.2884,4.4394,5.3807,0.4555,-0.0966,0.3989
2,latency,ADK,phq_8,PHQ8,full,RobustScaler,XGB,50,13,15,0.3975,3.7457,4.8576,0.4514,0.1063,0.518
2,latency,ADK,phq_8,PHQ8,full,RobustScaler,MLP,50,13,15,0.5031,4.442,5.033,0.5639,0.0406,0.4986
2,latency,ADK,phq_8,PHQ8,full,RobustScaler,LGBM,50,13,15,0.4175,3.783,4.6454,0.5311,0.1827,0.5076
2,latency,ADK,phq_8,PHQ8,full,RobustScaler,CatBoost,50,13,15,0.2294,4.2966,5.0594,0.408,0.0305,0.2299
3,latency,ADK,phq_8,PHQ8,full,StandardScaler,Ridge,50,13,5,0.1786,6.393,7.8148,0.1794,-0.5072,0.3867
3,latency,ADK,phq_8,PHQ8,full,StandardScaler,Lasso,50,13,5,0.178,6.3959,7.809,0.1788,-0.5049,0.3867
3,latency,ADK,phq_8,PHQ8,full,StandardScaler,ElasticNet,50,13,5,0.1761,6.4139,7.7468,0.1773,-0.481,0.3812
3,latency,ADK,phq_8,PHQ8,full,StandardScaler,SVR,50,13,5,0.2487,5.2849,6.0888,0.3245,0.0851,0.2818
3,latency,ADK,phq_8,PHQ8,full,StandardScaler,KNN,50,13,5,0.257,5.7385,6.1896,0.317,0.0545,0.296
3,latency,ADK,phq_8,PHQ8,full,StandardScaler,RF,50,13,5,0.2275,5.44,5.828,0.4364,0.1618,0.442
3,latency,ADK,phq_8,PHQ8,full,StandardScaler,ET,50,13,5,0.215,5.5103,6.0512,0.3232,0.0963,0.3591
3,latency,ADK,phq_8,PHQ8,full,StandardScaler,GB,50,13,5,0.1563,5.5402,6.1549,0.2634,0.0651,0.2762
3,latency,ADK,phq_8,PHQ8,full,StandardScaler,XGB,50,13,5,0.1739,5.5743,6.1212,0.2822,0.0753,0.2873
3,latency,ADK,phq_8,PHQ8,full,StandardScaler,MLP,50,13,5,0.0349,6.4868,8.0787,0.0361,-0.6107,0.1657
3,latency,ADK,phq_8,PHQ8,full,StandardScaler,LGBM,50,13,5,0.1081,5.7072,6.3034,0.2146,0.0194,0.2503
3,latency,ADK,phq_8,PHQ8,full,StandardScaler,CatBoost,50,13,5,0.2562,5.3761,5.9066,0.3911,0.139,0.3094
3,latency,ADK,phq_8,PHQ8,full,MinMaxScaler,Ridge,50,13,10,0.2042,6.9096,7.4874,0.2071,-0.3835,0.1657
3,latency,ADK,phq_8,PHQ8,full,MinMaxScaler,Lasso,50,13,10,0.1184,6.7379,7.6591,0.1213,-0.4477,0.0994
3,latency,ADK,phq_8,PHQ8,full,MinMaxScaler,ElasticNet,50,13,10,0.1755,6.9889,7.6413,0.1777,-0.441,0.1768
3,latency,ADK,phq_8,PHQ8,full,MinMaxScaler,SVR,50,13,10,-0.1595,6.6005,7.798,-0.1926,-0.5007,-0.0829
3,latency,ADK,phq_8,PHQ8,full,MinMaxScaler,KNN,50,13,10,0.026,6.4359,7.7156,0.0278,-0.4691,0.0719
3,latency,ADK,phq_8,PHQ8,full,MinMaxScaler,RF,50,13,10,0.1116,5.6546,6.2486,0.2143,0.0364,0.0718
3,latency,ADK,phq_8,PHQ8,full,MinMaxScaler,ET,50,13,10,0.0884,5.8108,6.591,0.125,-0.0721,0.0276
3,latency,ADK,phq_8,PHQ8,full,MinMaxScaler,GB,50,13,10,0.0675,6.3277,6.8522,0.0861,-0.1587,0.1381
3,latency,ADK,phq_8,PHQ8,full,MinMaxScaler,XGB,50,13,10,0.0845,6.0448,6.6976,0.1124,-0.107,0.2099
3,latency,ADK,phq_8,PHQ8,full,MinMaxScaler,MLP,50,13,10,0.1473,7.2356,7.9817,0.1482,-0.5722,0.105
3,latency,ADK,phq_8,PHQ8,full,MinMaxScaler,LGBM,50,13,10,0.0802,5.9041,6.4272,0.1446,-0.0194,0.1381
3,latency,ADK,phq_8,PHQ8,full,MinMaxScaler,CatBoost,50,13,10,0.0837,5.9023,6.4576,0.1341,-0.0291,0.1989
3,latency,ADK,phq_8,PHQ8,full,RobustScaler,Ridge,50,13,5,0.178,6.4007,7.7916,0.1789,-0.4982,0.3867
3,latency,ADK,phq_8,PHQ8,full,RobustScaler,Lasso,50,13,5,0.1775,6.401,7.7976,0.1784,-0.5005,0.3867
3,latency,ADK,phq_8,PHQ8,full,RobustScaler,ElasticNet,50,13,5,0.175,6.4256,7.7198,0.1764,-0.4707,0.3812
3,latency,ADK,phq_8,PHQ8,full,RobustScaler,SVR,50,13,5,0.2133,5.4484,6.2827,0.2706,0.0259,0.2486
3,latency,ADK,phq_8,PHQ8,full,RobustScaler,KNN,50,13,5,0.1016,6.1099,6.7165,0.13,-0.1133,0.1245
3,latency,ADK,phq_8,PHQ8,full,RobustScaler,RF,50,13,5,0.2275,5.44,5.828,0.4364,0.1618,0.442
3,latency,ADK,phq_8,PHQ8,full,RobustScaler,ET,50,13,5,0.215,5.5103,6.0512,0.3232,0.0963,0.3591
3,latency,ADK,phq_8,PHQ8,full,RobustScaler,GB,50,13,5,0.1563,5.5402,6.1549,0.2634,0.0651,0.2762
3,latency,ADK,phq_8,PHQ8,full,RobustScaler,XGB,50,13,5,0.1739,5.5743,6.1212,0.2822,0.0753,0.2873
3,latency,ADK,phq_8,PHQ8,full,RobustScaler,MLP,50,13,5,0.0085,6.6811,8.2225,0.0088,-0.6685,0.1657
3,latency,ADK,phq_8,PHQ8,full,RobustScaler,LGBM,50,13,5,0.1074,5.724,6.3047,0.2085,0.019,0.267
3,latency,ADK,phq_8,PHQ8,full,RobustScaler,CatBoost,50,13,5,0.2562,5.3761,5.9066,0.3911,0.139,0.3094
4,latency,ADK,phq_8,PHQ8,full,StandardScaler,Ridge,51,12,15,-0.0773,4.8612,5.6241,-0.1216,-0.2624,0.0
4,latency,ADK,phq_8,PHQ8,full,StandardScaler,Lasso,51,12,15,0.0104,4.633,5.2475,0.0235,-0.099,0.0947
4,latency,ADK,phq_8,PHQ8,full,StandardScaler,ElasticNet,51,12,15,-0.0061,4.6806,5.3233,-0.0122,-0.131,0.0596
4,latency,ADK,phq_8,PHQ8,full,StandardScaler,SVR,51,12,15,0.0806,4.9926,5.7737,0.0998,-0.3305,0.0035
4,latency,ADK,phq_8,PHQ8,full,StandardScaler,KNN,51,12,15,-0.1354,6.35,7.3573,-0.1405,-1.1604,0.03
4,latency,ADK,phq_8,PHQ8,full,StandardScaler,RF,51,12,15,0.0249,5.3089,5.63,0.03,-0.2651,0.1368
4,latency,ADK,phq_8,PHQ8,full,StandardScaler,ET,51,12,15,-0.2025,6.5325,7.1074,-0.2082,-1.0161,-0.1544
4,latency,ADK,phq_8,PHQ8,full,StandardScaler,GB,51,12,15,0.1417,5.5484,6.8144,0.1571,-0.8533,0.186
4,latency,ADK,phq_8,PHQ8,full,StandardScaler,XGB,51,12,15,0.2368,5.2016,6.6228,0.2538,-0.7506,0.1649
4,latency,ADK,phq_8,PHQ8,full,StandardScaler,MLP,51,12,15,-0.0747,5.6875,6.2167,-0.0814,-0.5425,-0.014
4,latency,ADK,phq_8,PHQ8,full,StandardScaler,LGBM,51,12,15,0.0457,4.9015,5.7539,0.056,-0.3214,0.1235
4,latency,ADK,phq_8,PHQ8,full,StandardScaler,CatBoost,51,12,15,0.178,4.8027,5.5551,0.1984,-0.2316,0.2386
4,latency,ADK,phq_8,PHQ8,full,MinMaxScaler,Ridge,51,12,20,-0.1087,4.9115,5.6591,-0.1773,-0.2782,-0.1123
4,latency,ADK,phq_8,PHQ8,full,MinMaxScaler,Lasso,51,12,20,-0.0,4.5686,5.1204,,-0.0464,
4,latency,ADK,phq_8,PHQ8,full,MinMaxScaler,ElasticNet,51,12,20,-0.0555,4.7206,5.2891,-0.2038,-0.1165,-0.2912
4,latency,ADK,phq_8,PHQ8,full,MinMaxScaler,SVR,51,12,20,-0.019,5.2561,6.0321,-0.0248,-0.4522,-0.0211
4,latency,ADK,phq_8,PHQ8,full,MinMaxScaler,KNN,51,12,20,-0.0435,5.85,6.5684,-0.0455,-0.7219,-0.0439
4,latency,ADK,phq_8,PHQ8,full,MinMaxScaler,RF,51,12,20,0.0032,5.715,6.1867,0.0035,-0.5276,0.0281
4,latency,ADK,phq_8,PHQ8,full,MinMaxScaler,ET,51,12,20,-0.1356,6.2404,6.775,-0.1414,-0.832,-0.1298
4,latency,ADK,phq_8,PHQ8,full,MinMaxScaler,GB,51,12,20,0.2571,4.8265,6.0228,0.2736,-0.4477,0.2456
4,latency,ADK,phq_8,PHQ8,full,MinMaxScaler,XGB,51,12,20,0.2092,5.3016,6.8265,0.2257,-0.8599,0.1649
4,latency,ADK,phq_8,PHQ8,full,MinMaxScaler,MLP,51,12,20,-0.0978,5.4215,5.9984,-0.1158,-0.436,-0.0667
4,latency,ADK,phq_8,PHQ8,full,MinMaxScaler,LGBM,51,12,20,0.0761,4.7971,5.6926,0.0987,-0.2934,0.1235
4,latency,ADK,phq_8,PHQ8,full,MinMaxScaler,CatBoost,51,12,20,0.1403,5.1124,5.933,0.1552,-0.4049,0.193
4,latency,ADK,phq_8,PHQ8,full,RobustScaler,Ridge,51,12,15,-0.0943,4.9115,5.7249,-0.1387,-0.3081,0.0
4,latency,ADK,phq_8,PHQ8,full,RobustScaler,Lasso,51,12,15,-0.0,4.5686,5.1204,,-0.0464,
4,latency,ADK,phq_8,PHQ8,full,RobustScaler,ElasticNet,51,12,15,-0.0372,4.7737,5.5159,-0.0605,-0.2143,0.0421
4,latency,ADK,phq_8,PHQ8,full,RobustScaler,SVR,51,12,15,0.0054,5.4955,6.1216,0.0062,-0.4956,0.0316
4,latency,ADK,phq_8,PHQ8,full,RobustScaler,KNN,51,12,15,-0.0435,5.85,6.5684,-0.0455,-0.7219,-0.0439
4,latency,ADK,phq_8,PHQ8,full,RobustScaler,RF,51,12,15,0.0282,5.6754,6.2031,0.0307,-0.5357,0.0877
4,latency,ADK,phq_8,PHQ8,full,RobustScaler,ET,51,12,15,-0.1676,6.3425,6.8696,-0.1734,-0.8834,-0.1649
4,latency,ADK,phq_8,PHQ8,full,RobustScaler,GB,51,12,15,0.1415,5.5706,6.9708,0.1597,-0.9394,0.186
4,latency,ADK,phq_8,PHQ8,full,RobustScaler,XGB,51,12,15,0.2367,5.2013,6.6225,0.2536,-0.7504,0.1649
4,latency,ADK,phq_8,PHQ8,full,RobustScaler,MLP,51,12,15,-0.0648,5.1221,5.9193,-0.082,-0.3984,-0.1544
4,latency,ADK,phq_8,PHQ8,full,RobustScaler,LGBM,51,12,15,0.0771,4.9026,5.723,0.0955,-0.3072,0.1737
4,latency,ADK,phq_8,PHQ8,full,RobustScaler,CatBoost,51,12,15,0.1425,4.9291,5.6648,0.1585,-0.2808,0.2491
5,latency,ADK,phq_8,PHQ8,full,StandardScaler,Ridge,51,12,10,0.3557,5.5922,6.7575,0.547,0.1709,0.4534
5,latency,ADK,phq_8,PHQ8,full,StandardScaler,Lasso,51,12,10,0.2194,5.8692,6.8173,0.562,0.1562,0.5483
5,latency,ADK,phq_8,PHQ8,full,StandardScaler,ElasticNet,51,12,10,0.3795,5.5654,6.7986,0.5481,0.1608,0.4534
5,latency,ADK,phq_8,PHQ8,full,StandardScaler,SVR,51,12,10,-0.0832,7.0854,8.4992,-0.1489,-0.3116,-0.3515
5,latency,ADK,phq_8,PHQ8,full,StandardScaler,KNN,51,12,10,0.2037,6.1111,7.3951,0.4112,0.0071,0.371
5,latency,ADK,phq_8,PHQ8,full,StandardScaler,RF,51,12,10,-0.1529,7.5557,8.6775,-0.2445,-0.3672,-0.3831
5,latency,ADK,phq_8,PHQ8,full,StandardScaler,ET,51,12,10,-0.0611,7.29,8.565,-0.0952,-0.332,-0.2496
5,latency,ADK,phq_8,PHQ8,full,StandardScaler,GB,51,12,10,-0.1278,7.7761,9.2557,-0.16,-0.5555,-0.3937
5,latency,ADK,phq_8,PHQ8,full,StandardScaler,XGB,51,12,10,-0.2102,8.3699,9.5962,-0.2501,-0.672,-0.4323
5,latency,ADK,phq_8,PHQ8,full,StandardScaler,MLP,51,12,10,0.0201,8.5741,10.9131,0.0237,-1.1624,-0.1476
5,latency,ADK,phq_8,PHQ8,full,StandardScaler,LGBM,51,12,10,-0.1589,7.2972,8.6671,-0.255,-0.3639,-0.2271
5,latency,ADK,phq_8,PHQ8,full,StandardScaler,CatBoost,51,12,10,-0.2037,7.8972,9.0361,-0.3021,-0.4825,-0.4183
5,latency,ADK,phq_8,PHQ8,full,MinMaxScaler,Ridge,51,12,10,0.2585,5.8274,6.9409,0.5037,0.1253,0.3023
5,latency,ADK,phq_8,PHQ8,full,MinMaxScaler,Lasso,51,12,10,0.2229,5.9649,7.0012,0.4822,0.11,0.2953
5,latency,ADK,phq_8,PHQ8,full,MinMaxScaler,ElasticNet,51,12,10,0.3001,5.7029,6.9201,0.5159,0.1305,0.4113
5,latency,ADK,phq_8,PHQ8,full,MinMaxScaler,SVR,51,12,10,0.0567,6.7865,8.1454,0.1018,-0.2047,0.007
5,latency,ADK,phq_8,PHQ8,full,MinMaxScaler,KNN,51,12,10,0.1369,6.7167,8.1329,0.2896,-0.2009,0.2835
5,latency,ADK,phq_8,PHQ8,full,MinMaxScaler,RF,51,12,10,0.0564,6.6783,8.0215,0.0891,-0.1683,0.007
5,latency,ADK,phq_8,PHQ8,full,MinMaxScaler,ET,51,12,10,0.0204,6.8108,8.2155,0.0344,-0.2255,-0.123
5,latency,ADK,phq_8,PHQ8,full,MinMaxScaler,GB,51,12,10,0.2427,5.9939,7.883,0.2961,-0.1283,0.2777
5,latency,ADK,phq_8,PHQ8,full,MinMaxScaler,XGB,51,12,10,-0.0174,7.5907,9.1313,-0.0203,-0.5139,-0.0562
5,latency,ADK,phq_8,PHQ8,full,MinMaxScaler,MLP,51,12,10,0.2859,5.8873,7.251,0.4939,0.0454,0.4077
5,latency,ADK,phq_8,PHQ8,full,MinMaxScaler,LGBM,51,12,10,-0.0669,7.2661,8.3336,-0.1053,-0.261,-0.2465
5,latency,ADK,phq_8,PHQ8,full,MinMaxScaler,CatBoost,51,12,10,0.0026,7.1719,8.5819,0.0035,-0.3372,-0.123
5,latency,ADK,phq_8,PHQ8,full,RobustScaler,Ridge,51,12,5,0.1419,6.2446,7.427,0.3208,-0.0015,0.2355
5,latency,ADK,phq_8,PHQ8,full,RobustScaler,Lasso,51,12,5,0.139,6.2569,7.4244,0.3185,-0.0008,0.2355
5,latency,ADK,phq_8,PHQ8,full,RobustScaler,ElasticNet,51,12,5,0.1361,6.2694,7.4242,0.315,-0.0008,0.3304
5,latency,ADK,phq_8,PHQ8,full,RobustScaler,SVR,51,12,5,0.0104,7.0505,8.0757,0.0291,-0.1841,-0.007
5,latency,ADK,phq_8,PHQ8,full,RobustScaler,KNN,51,12,5,0.1088,6.8214,7.7638,0.1866,-0.0944,0.2667
5,latency,ADK,phq_8,PHQ8,full,RobustScaler,RF,51,12,5,0.0318,6.6401,7.819,0.0601,-0.11,-0.007
5,latency,ADK,phq_8,PHQ8,full,RobustScaler,ET,51,12,5,-0.0527,7.2167,8.7305,-0.074,-0.3839,-0.1406
5,latency,ADK,phq_8,PHQ8,full,RobustScaler,GB,51,12,5,0.03,7.0904,8.4632,0.0546,-0.3005,0.0496
5,latency,ADK,phq_8,PHQ8,full,RobustScaler,XGB,51,12,5,0.042,6.9553,8.2689,0.0837,-0.2415,0.055
5,latency,ADK,phq_8,PHQ8,full,RobustScaler,MLP,51,12,5,-0.0158,7.5302,9.4067,-0.0238,-0.6066,0.1547
5,latency,ADK,phq_8,PHQ8,full,RobustScaler,LGBM,51,12,5,0.0304,6.7482,7.7255,0.0635,-0.0836,0.0764
5,latency,ADK,phq_8,PHQ8,full,RobustScaler,CatBoost,51,12,5,0.0019,6.8558,8.0868,0.0038,-0.1874,-0.0847
1,latency,ADK,ads.1,CES-D,full,StandardScaler,Ridge,49,13,5,0.4059,10.092,12.0616,0.4743,0.0874,0.3521
1,latency,ADK,ads.1,CES-D,full,StandardScaler,Lasso,49,13,5,0.4098,10.1184,12.128,0.4747,0.0773,0.3521
1,latency,ADK,ads.1,CES-D,full,StandardScaler,ElasticNet,49,13,5,0.3953,10.0016,11.8812,0.4754,0.1145,0.3521
1,latency,ADK,ads.1,CES-D,full,StandardScaler,SVR,49,13,5,0.2223,10.6955,13.3677,0.2621,-0.121,0.2503
1,latency,ADK,ads.1,CES-D,full,StandardScaler,KNN,49,13,5,0.4146,9.0045,10.9524,0.5702,0.2475,0.5722
1,latency,ADK,ads.1,CES-D,full,StandardScaler,RF,49,13,5,0.1534,10.3711,13.0488,0.209,-0.0681,0.3219
1,latency,ADK,ads.1,CES-D,full,StandardScaler,ET,49,13,5,0.3489,9.5975,12.0285,0.4283,0.0924,0.4072
1,latency,ADK,ads.1,CES-D,full,StandardScaler,GB,49,13,5,0.1822,10.8073,14.3035,0.1963,-0.2834,0.2724
1,latency,ADK,ads.1,CES-D,full,StandardScaler,XGB,49,13,5,-0.0046,12.2186,15.8529,-0.005,-0.5765,0.1376
1,latency,ADK,ads.1,CES-D,full,StandardScaler,MLP,49,13,5,0.4722,9.4664,11.5207,0.5058,0.1674,0.2641
1,latency,ADK,ads.1,CES-D,full,StandardScaler,LGBM,49,13,5,0.0234,12.2054,14.5586,0.0292,-0.3296,0.0551
1,latency,ADK,ads.1,CES-D,full,StandardScaler,CatBoost,49,13,5,0.2109,10.1559,13.2561,0.2451,-0.1024,0.3769
1,latency,ADK,ads.1,CES-D,full,MinMaxScaler,Ridge,49,13,15,0.258,11.7303,13.6601,0.2801,-0.1706,0.2944
1,latency,ADK,ads.1,CES-D,full,MinMaxScaler,Lasso,49,13,15,0.249,10.8859,12.7283,0.3374,-0.0163,0.3769
1,latency,ADK,ads.1,CES-D,full,MinMaxScaler,ElasticNet,49,13,15,0.2393,11.4118,13.0462,0.2837,-0.0677,0.2476
1,latency,ADK,ads.1,CES-D,full,MinMaxScaler,SVR,49,13,15,0.2398,11.3819,13.6079,0.2858,-0.1616,0.2999
1,latency,ADK,ads.1,CES-D,full,MinMaxScaler,KNN,49,13,15,0.3924,9.477,11.5193,0.478,0.1676,0.3774
1,latency,ADK,ads.1,CES-D,full,MinMaxScaler,RF,49,13,15,-0.0056,11.34,13.8779,-0.0088,-0.2082,-0.1403
1,latency,ADK,ads.1,CES-D,full,MinMaxScaler,ET,49,13,15,0.1101,10.4578,12.8218,0.1727,-0.0313,0.0798
1,latency,ADK,ads.1,CES-D,full,MinMaxScaler,GB,49,13,15,-0.1285,12.5705,16.2742,-0.1552,-0.6615,-0.1376
1,latency,ADK,ads.1,CES-D,full,MinMaxScaler,XGB,49,13,15,-0.2413,13.6509,16.9486,-0.2823,-0.802,-0.2448
1,latency,ADK,ads.1,CES-D,full,MinMaxScaler,MLP,49,13,15,0.3211,11.5556,13.2313,0.3573,-0.0982,0.4374
1,latency,ADK,ads.1,CES-D,full,MinMaxScaler,LGBM,49,13,15,0.0164,11.9424,14.278,0.021,-0.2789,-0.132
1,latency,ADK,ads.1,CES-D,full,MinMaxScaler,CatBoost,49,13,15,-0.1228,12.656,15.385,-0.148,-0.4849,-0.1018
1,latency,ADK,ads.1,CES-D,full,RobustScaler,Ridge,49,13,10,0.2027,11.6543,13.3053,0.2521,-0.1105,0.2201
1,latency,ADK,ads.1,CES-D,full,RobustScaler,Lasso,49,13,10,0.2325,11.5403,13.1581,0.289,-0.0861,0.2201
1,latency,ADK,ads.1,CES-D,full,RobustScaler,ElasticNet,49,13,10,0.2004,11.4612,13.0605,0.2603,-0.0701,0.2008
1,latency,ADK,ads.1,CES-D,full,RobustScaler,SVR,49,13,10,0.1611,10.9467,13.032,0.2284,-0.0654,0.1128
1,latency,ADK,ads.1,CES-D,full,RobustScaler,KNN,49,13,10,0.2114,9.359,12.0319,0.3128,0.0918,0.2779
1,latency,ADK,ads.1,CES-D,full,RobustScaler,RF,49,13,10,0.0489,11.0702,13.5401,0.0729,-0.1501,0.0385
1,latency,ADK,ads.1,CES-D,full,RobustScaler,ET,49,13,10,0.0761,10.8928,13.3326,0.1086,-0.1151,0.0633
1,latency,ADK,ads.1,CES-D,full,RobustScaler,GB,49,13,10,-0.1223,12.3439,15.4545,-0.1434,-0.4983,-0.1843
1,latency,ADK,ads.1,CES-D,full,RobustScaler,XGB,49,13,10,-0.0822,12.5929,15.4009,-0.0994,-0.4879,-0.1458
1,latency,ADK,ads.1,CES-D,full,RobustScaler,MLP,49,13,10,0.1778,11.4123,13.2705,0.2149,-0.1048,0.1568
1,latency,ADK,ads.1,CES-D,full,RobustScaler,LGBM,49,13,10,-0.0703,12.7891,14.6684,-0.1,-0.3498,-0.0935
1,latency,ADK,ads.1,CES-D,full,RobustScaler,CatBoost,49,13,10,0.0157,11.3985,13.7763,0.0214,-0.1906,0.0248
2,latency,ADK,ads.1,CES-D,full,StandardScaler,Ridge,49,13,5,-0.0448,13.1349,15.5728,-0.0481,-0.5281,-0.1076
2,latency,ADK,ads.1,CES-D,full,StandardScaler,Lasso,49,13,5,-0.0379,12.9336,15.1078,-0.0423,-0.4382,-0.1628
2,latency,ADK,ads.1,CES-D,full,StandardScaler,ElasticNet,49,13,5,-0.0214,12.7117,14.6916,-0.0248,-0.3601,-0.1628
2,latency,ADK,ads.1,CES-D,full,StandardScaler,SVR,49,13,5,-0.1733,13.9753,18.6687,-0.1777,-1.1961,-0.2483
2,latency,ADK,ads.1,CES-D,full,StandardScaler,KNN,49,13,5,-0.0789,12.9915,15.039,-0.0924,-0.4252,-0.2152
2,latency,ADK,ads.1,CES-D,full,StandardScaler,RF,49,13,5,-0.0755,13.1196,15.4044,-0.0841,-0.4953,-0.1572
2,latency,ADK,ads.1,CES-D,full,StandardScaler,ET,49,13,5,-0.0541,13.1058,15.6622,-0.058,-0.5457,-0.1159
2,latency,ADK,ads.1,CES-D,full,StandardScaler,GB,49,13,5,-0.0371,15.4876,17.7274,-0.0372,-0.9802,-0.0497
2,latency,ADK,ads.1,CES-D,full,StandardScaler,XGB,49,13,5,0.0371,13.5082,15.5618,0.0387,-0.526,-0.1628
2,latency,ADK,ads.1,CES-D,full,StandardScaler,MLP,49,13,5,-0.1527,14.1458,16.7394,-0.1604,-0.7657,-0.2152
2,latency,ADK,ads.1,CES-D,full,StandardScaler,LGBM,49,13,5,0.0167,12.6796,13.9896,0.0209,-0.2332,-0.1532
2,latency,ADK,ads.1,CES-D,full,StandardScaler,CatBoost,49,13,5,0.0115,12.6026,14.9832,0.0125,-0.4146,-0.1572
2,latency,ADK,ads.1,CES-D,full,MinMaxScaler,Ridge,49,13,5,-0.065,13.2791,15.3394,-0.0725,-0.4827,-0.1793
2,latency,ADK,ads.1,CES-D,full,MinMaxScaler,Lasso,49,13,5,-0.0515,13.2252,15.5822,-0.0555,-0.53,-0.1628
2,latency,ADK,ads.1,CES-D,full,MinMaxScaler,ElasticNet,49,13,5,-0.0681,13.0053,14.7462,-0.0831,-0.3702,-0.1793
2,latency,ADK,ads.1,CES-D,full,MinMaxScaler,SVR,49,13,5,-0.0805,13.0536,14.8553,-0.0971,-0.3906,-0.229
2,latency,ADK,ads.1,CES-D,full,MinMaxScaler,KNN,49,13,5,-0.2503,14.1669,15.9379,-0.3111,-0.6006,-0.366
2,latency,ADK,ads.1,CES-D,full,MinMaxScaler,RF,49,13,5,-0.0722,13.4704,15.6106,-0.0787,-0.5356,-0.16
2,latency,ADK,ads.1,CES-D,full,MinMaxScaler,ET,49,13,5,-0.0754,13.4882,15.8562,-0.0808,-0.5843,-0.1655
2,latency,ADK,ads.1,CES-D,full,MinMaxScaler,GB,49,13,5,-0.0206,14.466,16.7664,-0.0209,-0.7714,-0.1434
2,latency,ADK,ads.1,CES-D,full,MinMaxScaler,XGB,49,13,5,-0.0219,14.377,16.3151,-0.0224,-0.6773,-0.2621
2,latency,ADK,ads.1,CES-D,full,MinMaxScaler,MLP,49,13,5,-0.0706,13.2118,15.2114,-0.0802,-0.458,-0.1628
2,latency,ADK,ads.1,CES-D,full,MinMaxScaler,LGBM,49,13,5,-0.1418,13.3622,15.5008,-0.1657,-0.514,-0.2597
2,latency,ADK,ads.1,CES-D,full,MinMaxScaler,CatBoost,49,13,5,-0.0704,13.4902,15.5875,-0.0768,-0.531,-0.1655
2,latency,ADK,ads.1,CES-D,full,RobustScaler,Ridge,49,13,5,-0.0595,13.2129,15.4268,-0.0654,-0.4996,-0.1628
2,latency,ADK,ads.1,CES-D,full,RobustScaler,Lasso,49,13,5,-0.0949,13.5716,16.1862,-0.1004,-0.6509,-0.1214
2,latency,ADK,ads.1,CES-D,full,RobustScaler,ElasticNet,49,13,5,-0.0365,12.7145,14.5108,-0.0444,-0.3268,-0.229
2,latency,ADK,ads.1,CES-D,full,RobustScaler,SVR,49,13,5,-0.0398,12.5624,15.0328,-0.0454,-0.424,-0.2317
2,latency,ADK,ads.1,CES-D,full,RobustScaler,KNN,49,13,5,-0.0218,12.4957,14.6393,-0.0258,-0.3504,-0.1806
2,latency,ADK,ads.1,CES-D,full,RobustScaler,RF,49,13,5,-0.0991,13.2187,15.4156,-0.1124,-0.4974,-0.1738
2,latency,ADK,ads.1,CES-D,full,RobustScaler,ET,49,13,5,-0.1016,13.2272,15.5005,-0.1144,-0.514,-0.1462
2,latency,ADK,ads.1,CES-D,full,RobustScaler,GB,49,13,5,-0.0521,15.1773,17.1973,-0.0527,-0.8636,-0.1462
2,latency,ADK,ads.1,CES-D,full,RobustScaler,XGB,49,13,5,0.0498,13.2009,15.1345,0.0525,-0.4433,-0.1793
2,latency,ADK,ads.1,CES-D,full,RobustScaler,MLP,49,13,5,-0.1809,13.7189,16.4103,-0.1966,-0.6969,-0.2041
2,latency,ADK,ads.1,CES-D,full,RobustScaler,LGBM,49,13,5,-0.017,12.5452,14.096,-0.0218,-0.252,-0.1506
2,latency,ADK,ads.1,CES-D,full,RobustScaler,CatBoost,49,13,5,-0.0073,12.8762,15.016,-0.008,-0.4208,-0.1738
3,latency,ADK,ads.1,CES-D,full,StandardScaler,Ridge,50,12,10,-0.2365,12.4677,15.4411,-0.243,-1.2048,-0.1119
3,latency,ADK,ads.1,CES-D,full,StandardScaler,Lasso,50,12,10,-0.2392,12.4293,15.4132,-0.2457,-1.1969,-0.1119
3,latency,ADK,ads.1,CES-D,full,StandardScaler,ElasticNet,50,12,10,-0.2418,12.3917,15.3892,-0.2481,-1.19,-0.1119
3,latency,ADK,ads.1,CES-D,full,StandardScaler,SVR,50,12,10,0.0513,10.5461,12.2741,0.0578,-0.3932,0.0979
3,latency,ADK,ads.1,CES-D,full,StandardScaler,KNN,50,12,10,-0.2156,10.6604,12.5174,-0.2935,-0.4489,-0.4378
3,latency,ADK,ads.1,CES-D,full,StandardScaler,RF,50,12,10,-0.112,10.3717,11.8371,-0.1667,-0.2957,-0.4615
3,latency,ADK,ads.1,CES-D,full,StandardScaler,ET,50,12,10,-0.1361,10.2585,12.0883,-0.1877,-0.3513,-0.4615
3,latency,ADK,ads.1,CES-D,full,StandardScaler,GB,50,12,10,0.0561,9.7583,11.7399,0.0654,-0.2745,0.1818
3,latency,ADK,ads.1,CES-D,full,StandardScaler,XGB,50,12,10,0.171,8.4238,11.5288,0.2123,-0.2291,0.2028
3,latency,ADK,ads.1,CES-D,full,StandardScaler,MLP,50,12,10,-0.1376,11.8461,15.6467,-0.1379,-1.2639,0.028
3,latency,ADK,ads.1,CES-D,full,StandardScaler,LGBM,50,12,10,-0.3625,11.7812,13.722,-0.4477,-0.7412,-0.4561
3,latency,ADK,ads.1,CES-D,full,StandardScaler,CatBoost,50,12,10,-0.1459,10.4676,12.6967,-0.1809,-0.4907,-0.1469
3,latency,ADK,ads.1,CES-D,full,MinMaxScaler,Ridge,50,12,10,0.0364,13.4945,16.8885,0.0411,-1.6375,-0.1678
3,latency,ADK,ads.1,CES-D,full,MinMaxScaler,Lasso,50,12,10,0.0699,15.804,21.3481,0.0915,-3.2144,-0.1678
3,latency,ADK,ads.1,CES-D,full,MinMaxScaler,ElasticNet,50,12,10,0.0506,14.7348,19.1867,0.0611,-2.4042,-0.1678
3,latency,ADK,ads.1,CES-D,full,MinMaxScaler,SVR,50,12,10,-0.1958,11.9056,15.6221,-0.1991,-1.2568,-0.1608
3,latency,ADK,ads.1,CES-D,full,MinMaxScaler,KNN,50,12,10,-0.0806,10.35,12.8334,-0.0912,-0.523,-0.035
3,latency,ADK,ads.1,CES-D,full,MinMaxScaler,RF,50,12,10,-0.1881,10.6269,12.2797,-0.2687,-0.3944,-0.2657
3,latency,ADK,ads.1,CES-D,full,MinMaxScaler,ET,50,12,10,-0.1756,10.908,12.798,-0.2229,-0.5146,-0.1888
3,latency,ADK,ads.1,CES-D,full,MinMaxScaler,GB,50,12,10,-0.216,11.667,13.5549,-0.2464,-0.6991,-0.1958
3,latency,ADK,ads.1,CES-D,full,MinMaxScaler,XGB,50,12,10,0.0306,10.0455,12.1305,0.0338,-0.3607,0.1119
3,latency,ADK,ads.1,CES-D,full,MinMaxScaler,MLP,50,12,10,0.043,15.021,19.5587,0.0522,-2.5375,-0.1818
3,latency,ADK,ads.1,CES-D,full,MinMaxScaler,LGBM,50,12,10,-0.334,11.2663,13.4464,-0.4229,-0.672,-0.2587
3,latency,ADK,ads.1,CES-D,full,MinMaxScaler,CatBoost,50,12,10,-0.127,10.5568,12.6325,-0.1521,-0.4757,-0.2727
3,latency,ADK,ads.1,CES-D,full,RobustScaler,Ridge,50,12,15,-0.0582,11.184,15.5481,-0.0586,-1.2355,0.014
3,latency,ADK,ads.1,CES-D,full,RobustScaler,Lasso,50,12,15,-0.0445,11.4028,15.6788,-0.0449,-1.2732,0.014
3,latency,ADK,ads.1,CES-D,full,RobustScaler,ElasticNet,50,12,15,-0.0303,11.7337,15.9738,-0.0309,-1.3596,0.014
3,latency,ADK,ads.1,CES-D,full,RobustScaler,SVR,50,12,15,-0.1383,11.3313,13.8981,-0.1505,-0.7862,-0.0979
3,latency,ADK,ads.1,CES-D,full,RobustScaler,KNN,50,12,15,0.0184,9.5833,12.0549,0.0218,-0.3438,-0.049
3,latency,ADK,ads.1,CES-D,full,RobustScaler,RF,50,12,15,-0.1544,10.2292,12.0257,-0.2302,-0.3373,-0.2867
3,latency,ADK,ads.1,CES-D,full,RobustScaler,ET,50,12,15,-0.2208,11.1763,12.8724,-0.2949,-0.5323,-0.4126
3,latency,ADK,ads.1,CES-D,full,RobustScaler,GB,50,12,15,-0.0832,10.1958,12.4781,-0.0975,-0.4398,-0.0909
3,latency,ADK,ads.1,CES-D,full,RobustScaler,XGB,50,12,15,-0.0768,10.2809,12.4982,-0.0887,-0.4445,-0.1259
3,latency,ADK,ads.1,CES-D,full,RobustScaler,MLP,50,12,15,0.0948,15.446,21.9368,0.1261,-3.45,0.0839
3,latency,ADK,ads.1,CES-D,full,RobustScaler,LGBM,50,12,15,-0.2797,11.1445,13.1627,-0.3675,-0.6022,-0.3217
3,latency,ADK,ads.1,CES-D,full,RobustScaler,CatBoost,50,12,15,-0.2134,11.0954,13.0935,-0.2524,-0.5854,-0.3427
4,latency,ADK,ads.1,CES-D,full,StandardScaler,Ridge,50,12,5,-0.3819,11.3144,13.074,-0.5002,-0.7392,-0.5744
4,latency,ADK,ads.1,CES-D,full,StandardScaler,Lasso,50,12,5,-0.4037,11.675,13.4144,-0.5022,-0.8309,-0.5744
4,latency,ADK,ads.1,CES-D,full,StandardScaler,ElasticNet,50,12,5,-0.3005,10.4888,12.2025,-0.4724,-0.515,-0.5744
4,latency,ADK,ads.1,CES-D,full,StandardScaler,SVR,50,12,5,-0.4822,14.491,16.6757,-0.5046,-1.8294,-0.5499
4,latency,ADK,ads.1,CES-D,full,StandardScaler,KNN,50,12,5,-0.4581,13.1436,15.9268,-0.4626,-1.581,-0.5228
4,latency,ADK,ads.1,CES-D,full,StandardScaler,RF,50,12,5,-0.2249,11.4113,13.3361,-0.2465,-0.8096,-0.2557
4,latency,ADK,ads.1,CES-D,full,StandardScaler,ET,50,12,5,-0.1813,10.7413,12.9241,-0.1978,-0.6995,-0.2487
4,latency,ADK,ads.1,CES-D,full,StandardScaler,GB,50,12,5,-0.1626,12.5888,14.7586,-0.1682,-1.2162,-0.2032
4,latency,ADK,ads.1,CES-D,full,StandardScaler,XGB,50,12,5,-0.1251,12.2828,14.358,-0.1288,-1.0976,-0.0525
4,latency,ADK,ads.1,CES-D,full,StandardScaler,MLP,50,12,5,-0.4301,12.7601,15.309,-0.4527,-1.3846,-0.4308
4,latency,ADK,ads.1,CES-D,full,StandardScaler,LGBM,50,12,5,-0.361,11.3876,13.4463,-0.4538,-0.8396,-0.2256
4,latency,ADK,ads.1,CES-D,full,StandardScaler,CatBoost,50,12,5,-0.3824,12.7947,14.4601,-0.4261,-1.1275,-0.3888
4,latency,ADK,ads.1,CES-D,full,MinMaxScaler,Ridge,50,12,20,-0.2093,9.8172,11.6808,-0.3532,-0.3883,-0.2487
4,latency,ADK,ads.1,CES-D,full,MinMaxScaler,Lasso,50,12,20,-0.3641,11.1442,12.8723,-0.4932,-0.6859,-0.5744
4,latency,ADK,ads.1,CES-D,full,MinMaxScaler,ElasticNet,50,12,20,-0.3923,11.522,13.2834,-0.496,-0.7953,-0.5744
4,latency,ADK,ads.1,CES-D,full,MinMaxScaler,SVR,50,12,20,-0.2323,11.1121,13.7877,-0.2632,-0.9342,-0.1786
4,latency,ADK,ads.1,CES-D,full,MinMaxScaler,KNN,50,12,20,-0.5327,12.4769,14.876,-0.5972,-1.2516,-0.6081
4,latency,ADK,ads.1,CES-D,full,MinMaxScaler,RF,50,12,20,-0.2125,11.0805,13.4226,-0.2274,-0.8332,-0.3117
4,latency,ADK,ads.1,CES-D,full,MinMaxScaler,ET,50,12,20,-0.0974,9.6838,12.1531,-0.1104,-0.5028,-0.1016
4,latency,ADK,ads.1,CES-D,full,MinMaxScaler,GB,50,12,20,-0.1905,11.8151,14.1513,-0.1985,-1.0376,-0.1298
4,latency,ADK,ads.1,CES-D,full,MinMaxScaler,XGB,50,12,20,-0.1497,12.1056,14.5562,-0.1522,-1.1559,-0.035
4,latency,ADK,ads.1,CES-D,full,MinMaxScaler,MLP,50,12,20,-0.1007,9.5367,11.785,-0.138,-0.4131,-0.1436
4,latency,ADK,ads.1,CES-D,full,MinMaxScaler,LGBM,50,12,20,-0.2998,10.8746,13.0594,-0.3819,-0.7353,-0.2256
4,latency,ADK,ads.1,CES-D,full,MinMaxScaler,CatBoost,50,12,20,-0.3248,12.6808,14.4928,-0.3442,-1.1371,-0.3398
4,latency,ADK,ads.1,CES-D,full,RobustScaler,Ridge,50,12,5,-0.3191,10.6426,12.4206,-0.471,-0.5697,-0.5744
4,latency,ADK,ads.1,CES-D,full,RobustScaler,Lasso,50,12,5,-0.3734,10.9934,12.7459,-0.5289,-0.653,-0.6235
4,latency,ADK,ads.1,CES-D,full,RobustScaler,ElasticNet,50,12,5,-0.4069,11.6501,13.4104,-0.5069,-0.8298,-0.5744
4,latency,ADK,ads.1,CES-D,full,RobustScaler,SVR,50,12,5,-0.4291,13.031,15.4378,-0.4677,-1.4249,-0.4308
4,latency,ADK,ads.1,CES-D,full,RobustScaler,KNN,50,12,5,-0.4896,12.7666,15.2647,-0.5097,-1.3708,-0.5219
4,latency,ADK,ads.1,CES-D,full,RobustScaler,RF,50,12,5,-0.2617,11.9213,14.0198,-0.2754,-0.9999,-0.2662
4,latency,ADK,ads.1,CES-D,full,RobustScaler,ET,50,12,5,-0.2035,10.6305,12.8908,-0.2284,-0.6908,-0.3222
4,latency,ADK,ads.1,CES-D,full,RobustScaler,GB,50,12,5,-0.1861,12.4667,14.7847,-0.1928,-1.2241,-0.2732
4,latency,ADK,ads.1,CES-D,full,RobustScaler,XGB,50,12,5,-0.1346,12.3766,14.4597,-0.1385,-1.1274,-0.1086
4,latency,ADK,ads.1,CES-D,full,RobustScaler,MLP,50,12,5,-0.3949,12.593,15.26,-0.4272,-1.3694,-0.3853
4,latency,ADK,ads.1,CES-D,full,RobustScaler,LGBM,50,12,5,-0.3171,10.9692,13.1035,-0.4067,-0.747,-0.2256
4,latency,ADK,ads.1,CES-D,full,RobustScaler,CatBoost,50,12,5,-0.3676,12.637,14.184,-0.4164,-1.047,-0.4063
5,latency,ADK,ads.1,CES-D,full,StandardScaler,Ridge,50,12,10,0.1947,13.2951,16.2743,0.2032,-0.7097,0.3398
5,latency,ADK,ads.1,CES-D,full,StandardScaler,Lasso,50,12,10,0.1995,11.3525,12.5142,0.2548,-0.0109,0.2557
5,latency,ADK,ads.1,CES-D,full,StandardScaler,ElasticNet,50,12,10,0.1976,13.1156,15.7439,0.2059,-0.6001,0.3398
5,latency,ADK,ads.1,CES-D,full,StandardScaler,SVR,50,12,10,0.3314,9.5929,11.2596,0.454,0.1816,0.4343
5,latency,ADK,ads.1,CES-D,full,StandardScaler,KNN,50,12,10,0.2405,10.25,11.938,0.3175,0.08,0.2487
5,latency,ADK,ads.1,CES-D,full,StandardScaler,RF,50,12,10,0.0309,11.4205,12.8685,0.0532,-0.069,0.0771
5,latency,ADK,ads.1,CES-D,full,StandardScaler,ET,50,12,10,0.1636,10.0773,11.9586,0.3033,0.0768,0.3818
5,latency,ADK,ads.1,CES-D,full,StandardScaler,GB,50,12,10,0.0442,11.7863,13.2898,0.0603,-0.1401,0.1401
5,latency,ADK,ads.1,CES-D,full,StandardScaler,XGB,50,12,10,-0.0231,11.4653,13.3951,-0.0372,-0.1583,0.0
5,latency,ADK,ads.1,CES-D,full,StandardScaler,MLP,50,12,10,0.0705,12.742,15.2094,0.075,-0.4933,0.2137
5,latency,ADK,ads.1,CES-D,full,StandardScaler,LGBM,50,12,10,-0.0149,11.0908,13.1399,-0.0278,-0.1146,0.0211
5,latency,ADK,ads.1,CES-D,full,StandardScaler,CatBoost,50,12,10,0.0158,11.1598,13.1745,0.0242,-0.1204,-0.021
5,latency,ADK,ads.1,CES-D,full,MinMaxScaler,Ridge,50,12,15,0.2266,11.2183,12.2258,0.2931,0.0351,0.3328
5,latency,ADK,ads.1,CES-D,full,MinMaxScaler,Lasso,50,12,15,0.2279,10.6422,11.9355,0.3175,0.0804,0.3503
5,latency,ADK,ads.1,CES-D,full,MinMaxScaler,ElasticNet,50,12,15,0.2256,11.6258,12.7019,0.2689,-0.0415,0.2697
5,latency,ADK,ads.1,CES-D,full,MinMaxScaler,SVR,50,12,15,0.1949,10.9549,12.1307,0.273,0.0501,0.2592
5,latency,ADK,ads.1,CES-D,full,MinMaxScaler,KNN,50,12,15,0.3731,10.1254,10.8944,0.4849,0.2338,0.5744
5,latency,ADK,ads.1,CES-D,full,MinMaxScaler,RF,50,12,15,0.074,10.7285,12.4405,0.1425,0.0009,0.4378
5,latency,ADK,ads.1,CES-D,full,MinMaxScaler,ET,50,12,15,0.2869,9.6868,11.1515,0.4556,0.1972,0.6795
5,latency,ADK,ads.1,CES-D,full,MinMaxScaler,GB,50,12,15,0.0666,10.7856,12.932,0.1013,-0.0796,0.1191
5,latency,ADK,ads.1,CES-D,full,MinMaxScaler,XGB,50,12,15,0.0112,11.7617,13.3127,0.0172,-0.1441,0.0035
5,latency,ADK,ads.1,CES-D,full,MinMaxScaler,MLP,50,12,15,0.2822,11.2447,12.2991,0.3235,0.0235,0.3608
5,latency,ADK,ads.1,CES-D,full,MinMaxScaler,LGBM,50,12,15,0.0526,10.9568,12.7326,0.0898,-0.0465,0.1018
5,latency,ADK,ads.1,CES-D,full,MinMaxScaler,CatBoost,50,12,15,0.1511,10.1209,12.0106,0.2662,0.0688,0.4273
5,latency,ADK,ads.1,CES-D,full,RobustScaler,Ridge,50,12,5,0.3376,10.8523,11.9928,0.3734,0.0715,0.4623
5,latency,ADK,ads.1,CES-D,full,RobustScaler,Lasso,50,12,5,0.337,10.8845,12.027,0.3715,0.0662,0.4623
5,latency,ADK,ads.1,CES-D,full,RobustScaler,ElasticNet,50,12,5,0.3288,10.6585,11.7352,0.3827,0.111,0.4623
5,latency,ADK,ads.1,CES-D,full,RobustScaler,SVR,50,12,5,0.0607,13.0186,14.202,0.0691,-0.302,0.1366
5,latency,ADK,ads.1,CES-D,full,RobustScaler,KNN,50,12,5,-0.034,12.9333,14.0119,-0.0444,-0.2674,0.1178
5,latency,ADK,ads.1,CES-D,full,RobustScaler,RF,50,12,5,0.1535,11.5473,12.8132,0.1925,-0.0598,0.3398
5,latency,ADK,ads.1,CES-D,full,RobustScaler,ET,50,12,5,0.1548,12.2401,13.3514,0.1771,-0.1507,0.3468
5,latency,ADK,ads.1,CES-D,full,RobustScaler,GB,50,12,5,0.2539,12.6925,14.1726,0.2605,-0.2966,0.3117
5,latency,ADK,ads.1,CES-D,full,RobustScaler,XGB,50,12,5,0.3037,11.5624,12.909,0.3269,-0.0757,0.3257
5,latency,ADK,ads.1,CES-D,full,RobustScaler,MLP,50,12,5,0.1683,13.0873,14.289,0.1777,-0.318,0.3047
5,latency,ADK,ads.1,CES-D,full,RobustScaler,LGBM,50,12,5,0.2155,10.7142,12.1054,0.299,0.054,0.4183
5,latency,ADK,ads.1,CES-D,full,RobustScaler,CatBoost,50,12,5,0.165,12.037,13.0937,0.1941,-0.1067,0.2557
1,latency,ADK,HRSD_6.1,HRSD6,full,StandardScaler,Ridge,45,12,5,0.298,7.0439,11.5753,0.5043,-4.8539,0.6204
1,latency,ADK,HRSD_6.1,HRSD6,full,StandardScaler,Lasso,45,12,5,0.4138,4.4214,5.1422,0.5173,-0.1552,0.6704
1,latency,ADK,HRSD_6.1,HRSD6,full,StandardScaler,ElasticNet,45,12,5,0.4056,5.3117,6.642,0.5074,-0.9274,0.6383
1,latency,ADK,HRSD_6.1,HRSD6,full,StandardScaler,SVR,45,12,5,0.0923,5.0124,5.6156,0.1209,-0.3778,0.1747
1,latency,ADK,HRSD_6.1,HRSD6,full,StandardScaler,KNN,45,12,5,0.082,4.9,5.796,0.1021,-0.4677,0.1304
1,latency,ADK,HRSD_6.1,HRSD6,full,StandardScaler,RF,45,12,5,-0.0897,5.5308,6.0491,-0.1148,-0.5987,-0.1426
1,latency,ADK,HRSD_6.1,HRSD6,full,StandardScaler,ET,45,12,5,-0.0428,5.3623,5.9339,-0.0571,-0.5384,-0.0428
1,latency,ADK,HRSD_6.1,HRSD6,full,StandardScaler,GB,45,12,5,0.1455,4.6666,5.355,0.1765,-0.2529,0.1498
1,latency,ADK,HRSD_6.1,HRSD6,full,StandardScaler,XGB,45,12,5,0.0923,4.6126,5.4812,0.1061,-0.3126,0.2532
1,latency,ADK,HRSD_6.1,HRSD6,full,StandardScaler,MLP,45,12,5,0.3004,7.3732,10.5949,0.5008,-3.9042,0.6276
1,latency,ADK,HRSD_6.1,HRSD6,full,StandardScaler,LGBM,45,12,5,-0.1577,5.7161,6.4065,-0.2032,-0.7931,-0.1239
1,latency,ADK,HRSD_6.1,HRSD6,full,StandardScaler,CatBoost,45,12,5,0.0738,4.7688,5.4131,0.0992,-0.2802,0.0642
1,latency,ADK,HRSD_6.1,HRSD6,full,MinMaxScaler,Ridge,45,12,5,0.3737,5.8537,8.0121,0.5078,-1.8046,0.6704
1,latency,ADK,HRSD_6.1,HRSD6,full,MinMaxScaler,Lasso,45,12,5,0.4202,4.9248,6.099,0.5178,-0.6251,0.6704
1,latency,ADK,HRSD_6.1,HRSD6,full,MinMaxScaler,ElasticNet,45,12,5,0.3216,6.6693,10.355,0.5072,-3.6846,0.6704
1,latency,ADK,HRSD_6.1,HRSD6,full,MinMaxScaler,SVR,45,12,5,0.3049,4.31,4.9774,0.3587,-0.0824,0.435
1,latency,ADK,HRSD_6.1,HRSD6,full,MinMaxScaler,KNN,45,12,5,0.2672,4.6852,5.3127,0.3729,-0.2331,0.4029
1,latency,ADK,HRSD_6.1,HRSD6,full,MinMaxScaler,RF,45,12,5,-0.0616,5.4142,6.083,-0.0821,-0.6166,-0.1605
1,latency,ADK,HRSD_6.1,HRSD6,full,MinMaxScaler,ET,45,12,5,-0.0758,5.6181,6.3132,-0.1022,-0.7413,-0.0357
1,latency,ADK,HRSD_6.1,HRSD6,full,MinMaxScaler,GB,45,12,5,0.0385,5.2628,5.8735,0.0488,-0.5072,0.0214
1,latency,ADK,HRSD_6.1,HRSD6,full,MinMaxScaler,XGB,45,12,5,0.0111,5.018,5.7442,0.0135,-0.4416,0.0677
1,latency,ADK,HRSD_6.1,HRSD6,full,MinMaxScaler,MLP,45,12,5,0.3279,5.4491,6.3715,0.424,-0.7736,0.46
1,latency,ADK,HRSD_6.1,HRSD6,full,MinMaxScaler,LGBM,45,12,5,-0.0509,5.3022,5.9323,-0.0669,-0.5375,0.183
1,latency,ADK,HRSD_6.1,HRSD6,full,MinMaxScaler,CatBoost,45,12,5,-0.0002,5.2003,5.905,-0.0002,-0.5234,0.0
1,latency,ADK,HRSD_6.1,HRSD6,full,RobustScaler,Ridge,45,12,10,0.3204,6.5993,10.1403,0.4924,-3.4924,0.6169
1,latency,ADK,HRSD_6.1,HRSD6,full,RobustScaler,Lasso,45,12,10,0.4189,5.0392,6.2213,0.5173,-0.691,0.6704
1,latency,ADK,HRSD_6.1,HRSD6,full,RobustScaler,ElasticNet,45,12,10,0.4099,5.2403,6.6286,0.5147,-0.9197,0.6169
1,latency,ADK,HRSD_6.1,HRSD6,full,RobustScaler,SVR,45,12,10,-0.0724,5.0197,5.8954,-0.0875,-0.5184,-0.082
1,latency,ADK,HRSD_6.1,HRSD6,full,RobustScaler,KNN,45,12,10,-0.1111,5.6111,6.3743,-0.1577,-0.7752,-0.1127
1,latency,ADK,HRSD_6.1,HRSD6,full,RobustScaler,RF,45,12,10,-0.129,5.804,6.3914,-0.1656,-0.7847,-0.1854
1,latency,ADK,HRSD_6.1,HRSD6,full,RobustScaler,ET,45,12,10,-0.17,5.9179,6.5016,-0.2136,-0.8468,-0.1961
1,latency,ADK,HRSD_6.1,HRSD6,full,RobustScaler,GB,45,12,10,0.0685,5.2482,6.0689,0.0831,-0.6091,0.1712
1,latency,ADK,HRSD_6.1,HRSD6,full,RobustScaler,XGB,45,12,10,0.1736,5.0559,5.697,0.2085,-0.418,0.3459
1,latency,ADK,HRSD_6.1,HRSD6,full,RobustScaler,MLP,45,12,10,0.2052,4.8134,7.6519,0.2408,-1.5581,0.599
1,latency,ADK,HRSD_6.1,HRSD6,full,RobustScaler,LGBM,45,12,10,0.0726,5.2347,5.9279,0.0883,-0.5352,0.218
1,latency,ADK,HRSD_6.1,HRSD6,full,RobustScaler,CatBoost,45,12,10,0.0025,4.9474,5.9222,0.0029,-0.5323,-0.0571
2,latency,ADK,HRSD_6.1,HRSD6,full,StandardScaler,Ridge,45,12,20,0.0749,4.8029,7.1952,0.1009,-0.3836,0.1509
2,latency,ADK,HRSD_6.1,HRSD6,full,StandardScaler,Lasso,45,12,20,0.0316,4.9424,7.1529,0.054,-0.3674,0.1754
2,latency,ADK,HRSD_6.1,HRSD6,full,StandardScaler,ElasticNet,45,12,20,0.0133,4.9652,7.2278,0.0215,-0.3962,0.1123
2,latency,ADK,HRSD_6.1,HRSD6,full,StandardScaler,SVR,45,12,20,0.0495,5.3981,7.0934,0.0801,-0.3447,0.0982
2,latency,ADK,HRSD_6.1,HRSD6,full,StandardScaler,KNN,45,12,20,0.1529,4.8167,6.6786,0.2467,-0.1921,0.4077
2,latency,ADK,HRSD_6.1,HRSD6,full,StandardScaler,RF,45,12,20,-0.0042,5.08,6.8411,-0.0082,-0.2508,0.0526
2,latency,ADK,HRSD_6.1,HRSD6,full,StandardScaler,ET,45,12,20,-0.0711,5.4504,7.019,-0.1443,-0.3167,0.0316
2,latency,ADK,HRSD_6.1,HRSD6,full,StandardScaler,GB,45,12,20,-0.0969,5.7199,7.6187,-0.1342,-0.5513,-0.0807
2,latency,ADK,HRSD_6.1,HRSD6,full,StandardScaler,XGB,45,12,20,-0.0167,5.0891,7.183,-0.0282,-0.3789,0.1368
2,latency,ADK,HRSD_6.1,HRSD6,full,StandardScaler,MLP,45,12,20,0.0938,5.1782,7.1416,0.1171,-0.3631,0.2597
2,latency,ADK,HRSD_6.1,HRSD6,full,StandardScaler,LGBM,45,12,20,0.2005,4.5182,6.2823,0.4612,-0.0548,0.5439
2,latency,ADK,HRSD_6.1,HRSD6,full,StandardScaler,CatBoost,45,12,20,-0.0108,5.0202,7.1035,-0.0217,-0.3486,0.2702
2,latency,ADK,HRSD_6.1,HRSD6,full,MinMaxScaler,Ridge,45,12,20,0.0827,5.1902,7.5261,0.1247,-0.5138,0.1579
2,latency,ADK,HRSD_6.1,HRSD6,full,MinMaxScaler,Lasso,45,12,20,0.0699,5.2553,7.5987,0.106,-0.5432,0.0912
2,latency,ADK,HRSD_6.1,HRSD6,full,MinMaxScaler,ElasticNet,45,12,20,0.0756,5.2548,7.5015,0.1159,-0.504,0.1439
2,latency,ADK,HRSD_6.1,HRSD6,full,MinMaxScaler,SVR,45,12,20,0.0657,5.3364,7.4885,0.0996,-0.4987,0.1439
2,latency,ADK,HRSD_6.1,HRSD6,full,MinMaxScaler,KNN,45,12,20,0.0194,5.0833,7.1752,0.0311,-0.3759,0.0387
2,latency,ADK,HRSD_6.1,HRSD6,full,MinMaxScaler,RF,45,12,20,0.0006,5.0504,6.8027,0.0016,-0.2368,0.0772
2,latency,ADK,HRSD_6.1,HRSD6,full,MinMaxScaler,ET,45,12,20,0.0538,4.8492,6.6986,0.1115,-0.1992,0.1368
2,latency,ADK,HRSD_6.1,HRSD6,full,MinMaxScaler,GB,45,12,20,0.0336,4.9604,7.1569,0.0521,-0.3689,0.1825
2,latency,ADK,HRSD_6.1,HRSD6,full,MinMaxScaler,XGB,45,12,20,0.0369,5.1212,7.2637,0.0585,-0.4101,0.1123
2,latency,ADK,HRSD_6.1,HRSD6,full,MinMaxScaler,MLP,45,12,20,0.0201,5.7001,7.5925,0.0345,-0.5407,0.1579
2,latency,ADK,HRSD_6.1,HRSD6,full,MinMaxScaler,LGBM,45,12,20,0.1666,4.7399,6.4849,0.343,-0.1239,0.4351
2,latency,ADK,HRSD_6.1,HRSD6,full,MinMaxScaler,CatBoost,45,12,20,-0.0039,5.0833,7.1059,-0.0074,-0.3495,0.0772
2,latency,ADK,HRSD_6.1,HRSD6,full,RobustScaler,Ridge,45,12,5,-0.0721,5.3353,6.8752,-0.1691,-0.2633,-0.0772
2,latency,ADK,HRSD_6.1,HRSD6,full,RobustScaler,Lasso,45,12,5,-0.1186,5.566,7.177,-0.2246,-0.3766,-0.0526
2,latency,ADK,HRSD_6.1,HRSD6,full,RobustScaler,ElasticNet,45,12,5,-0.0956,5.4426,7.0197,-0.2008,-0.317,-0.0772
2,latency,ADK,HRSD_6.1,HRSD6,full,RobustScaler,SVR,45,12,5,-0.0436,5.5043,7.3191,-0.0718,-0.4317,-0.0175
2,latency,ADK,HRSD_6.1,HRSD6,full,RobustScaler,KNN,45,12,5,0.0217,4.869,6.7518,0.0499,-0.2184,0.0949
2,latency,ADK,HRSD_6.1,HRSD6,full,RobustScaler,RF,45,12,5,0.0034,4.9813,6.645,0.0093,-0.1801,0.2211
2,latency,ADK,HRSD_6.1,HRSD6,full,RobustScaler,ET,45,12,5,0.0338,4.9417,6.5215,0.0907,-0.1366,0.1193
2,latency,ADK,HRSD_6.1,HRSD6,full,RobustScaler,GB,45,12,5,-0.1053,5.1376,7.3568,-0.2166,-0.4465,-0.1474
2,latency,ADK,HRSD_6.1,HRSD6,full,RobustScaler,XGB,45,12,5,-0.0025,5.1192,6.9359,-0.0046,-0.2857,-0.0211
2,latency,ADK,HRSD_6.1,HRSD6,full,RobustScaler,MLP,45,12,5,-0.0877,5.296,7.3286,-0.1747,-0.4354,-0.0632
2,latency,ADK,HRSD_6.1,HRSD6,full,RobustScaler,LGBM,45,12,5,-0.0376,5.1008,6.914,-0.105,-0.2776,0.016
2,latency,ADK,HRSD_6.1,HRSD6,full,RobustScaler,CatBoost,45,12,5,0.0274,4.9357,6.7694,0.0581,-0.2247,0.1965
3,latency,ADK,HRSD_6.1,HRSD6,full,StandardScaler,Ridge,46,11,5,-0.067,4.1493,4.7632,-0.1074,-0.2201,-0.156
3,latency,ADK,HRSD_6.1,HRSD6,full,StandardScaler,Lasso,46,11,5,-0.0486,4.1035,4.6872,-0.0828,-0.1815,-0.1101
3,latency,ADK,HRSD_6.1,HRSD6,full,StandardScaler,ElasticNet,46,11,5,-0.0384,4.0783,4.6599,-0.0656,-0.1677,-0.1376
3,latency,ADK,HRSD_6.1,HRSD6,full,StandardScaler,SVR,46,11,5,0.1625,3.7776,4.8187,0.2043,-0.2487,0.0917
3,latency,ADK,HRSD_6.1,HRSD6,full,StandardScaler,KNN,46,11,5,0.065,4.1429,4.7005,0.0823,-0.1882,0.1885
3,latency,ADK,HRSD_6.1,HRSD6,full,StandardScaler,RF,46,11,5,0.2232,3.6992,4.3744,0.2695,-0.0291,0.2569
3,latency,ADK,HRSD_6.1,HRSD6,full,StandardScaler,ET,46,11,5,0.338,3.545,4.2583,0.3651,0.0248,0.211
3,latency,ADK,HRSD_6.1,HRSD6,full,StandardScaler,GB,46,11,5,0.345,3.4823,4.3881,0.3887,-0.0355,0.2477
3,latency,ADK,HRSD_6.1,HRSD6,full,StandardScaler,XGB,46,11,5,0.1993,4.2996,5.5035,0.2165,-0.6288,0.1743
3,latency,ADK,HRSD_6.1,HRSD6,full,StandardScaler,MLP,46,11,5,0.0929,3.9183,4.4555,0.1465,-0.0675,-0.0459
3,latency,ADK,HRSD_6.1,HRSD6,full,StandardScaler,LGBM,46,11,5,0.2012,3.751,4.2562,0.3458,0.0258,0.3279
3,latency,ADK,HRSD_6.1,HRSD6,full,StandardScaler,CatBoost,46,11,5,0.2306,3.8881,4.8986,0.2392,-0.2905,0.1651
3,latency,ADK,HRSD_6.1,HRSD6,full,MinMaxScaler,Ridge,46,11,5,-0.0499,4.1502,4.6211,-0.1165,-0.1484,-0.2202
3,latency,ADK,HRSD_6.1,HRSD6,full,MinMaxScaler,Lasso,46,11,5,-0.0575,4.17,4.6435,-0.1321,-0.1596,-0.1835
3,latency,ADK,HRSD_6.1,HRSD6,full,MinMaxScaler,ElasticNet,46,11,5,-0.0344,4.1104,4.5768,-0.0797,-0.1265,-0.1101
3,latency,ADK,HRSD_6.1,HRSD6,full,MinMaxScaler,SVR,46,11,5,0.0209,4.0911,4.8401,0.0454,-0.2598,-0.1468
3,latency,ADK,HRSD_6.1,HRSD6,full,MinMaxScaler,KNN,46,11,5,0.0019,4.1919,4.5368,0.0032,-0.1069,-0.046
3,latency,ADK,HRSD_6.1,HRSD6,full,MinMaxScaler,RF,46,11,5,-0.1561,4.4212,4.803,-0.3388,-0.2406,-0.3119
3,latency,ADK,HRSD_6.1,HRSD6,full,MinMaxScaler,ET,46,11,5,-0.337,4.843,5.3711,-0.5321,-0.5514,-0.5597
3,latency,ADK,HRSD_6.1,HRSD6,full,MinMaxScaler,GB,46,11,5,-0.2844,4.9175,5.4802,-0.4463,-0.6151,-0.422
3,latency,ADK,HRSD_6.1,HRSD6,full,MinMaxScaler,XGB,46,11,5,-0.272,4.856,5.3873,-0.4752,-0.5608,-0.5505
3,latency,ADK,HRSD_6.1,HRSD6,full,MinMaxScaler,MLP,46,11,5,-0.0815,4.2023,4.6543,-0.2399,-0.1649,-0.2202
3,latency,ADK,HRSD_6.1,HRSD6,full,MinMaxScaler,LGBM,46,11,5,-0.2984,4.9715,5.1737,-0.5387,-0.4395,-0.4527
3,latency,ADK,HRSD_6.1,HRSD6,full,MinMaxScaler,CatBoost,46,11,5,-0.2069,4.5432,4.9692,-0.4161,-0.3279,-0.5413
3,latency,ADK,HRSD_6.1,HRSD6,full,RobustScaler,Ridge,46,11,5,0.106,3.824,4.478,0.1633,-0.0784,0.0092
3,latency,ADK,HRSD_6.1,HRSD6,full,RobustScaler,Lasso,46,11,5,0.0744,3.8905,4.4897,0.1229,-0.084,-0.0275
3,latency,ADK,HRSD_6.1,HRSD6,full,RobustScaler,ElasticNet,46,11,5,0.0743,3.8709,4.4423,0.1305,-0.0613,-0.0275
3,latency,ADK,HRSD_6.1,HRSD6,full,RobustScaler,SVR,46,11,5,0.1004,3.964,4.7545,0.129,-0.2157,-0.055
3,latency,ADK,HRSD_6.1,HRSD6,full,RobustScaler,KNN,46,11,5,-0.0242,4.3247,4.8401,-0.0337,-0.2598,0.0322
3,latency,ADK,HRSD_6.1,HRSD6,full,RobustScaler,RF,46,11,5,0.146,3.6791,4.5399,0.1875,-0.1084,-0.0092
3,latency,ADK,HRSD_6.1,HRSD6,full,RobustScaler,ET,46,11,5,0.1938,3.7441,4.3858,0.2407,-0.0344,0.1468
3,latency,ADK,HRSD_6.1,HRSD6,full,RobustScaler,GB,46,11,5,0.3695,3.3134,4.1522,0.4759,0.0728,0.211
3,latency,ADK,HRSD_6.1,HRSD6,full,RobustScaler,XGB,46,11,5,0.2999,3.7328,4.3749,0.365,-0.0293,0.1743
3,latency,ADK,HRSD_6.1,HRSD6,full,RobustScaler,MLP,46,11,5,0.3241,3.3307,4.353,0.4033,-0.019,0.4863
3,latency,ADK,HRSD_6.1,HRSD6,full,RobustScaler,LGBM,46,11,5,0.044,3.8594,4.6181,0.0625,-0.1469,-0.0599
3,latency,ADK,HRSD_6.1,HRSD6,full,RobustScaler,CatBoost,46,11,5,0.3156,3.447,4.2192,0.3628,0.0427,0.0734
4,latency,ADK,HRSD_6.1,HRSD6,full,StandardScaler,Ridge,46,11,10,-0.372,4.6531,5.4172,-0.3779,-1.3361,-0.2304
4,latency,ADK,HRSD_6.1,HRSD6,full,StandardScaler,Lasso,46,11,10,-0.2758,4.9172,6.7467,-0.2906,-2.6235,-0.1751
4,latency,ADK,HRSD_6.1,HRSD6,full,StandardScaler,ElasticNet,46,11,10,-0.3507,4.7961,5.8348,-0.3514,-1.7101,-0.1198
4,latency,ADK,HRSD_6.1,HRSD6,full,StandardScaler,SVR,46,11,10,-0.4018,4.6693,5.2907,-0.4443,-1.2282,-0.235
4,latency,ADK,HRSD_6.1,HRSD6,full,StandardScaler,KNN,46,11,10,-0.4663,5.0,5.7884,-0.4692,-1.6672,-0.5484
4,latency,ADK,HRSD_6.1,HRSD6,full,StandardScaler,RF,46,11,10,-0.3277,4.0405,4.8086,-0.3657,-0.8407,-0.212
4,latency,ADK,HRSD_6.1,HRSD6,full,StandardScaler,ET,46,11,10,-0.4337,4.2227,4.8846,-0.5114,-0.8993,-0.3857
4,latency,ADK,HRSD_6.1,HRSD6,full,StandardScaler,GB,46,11,10,-0.5641,5.2795,6.1183,-0.587,-1.98,-0.6913
4,latency,ADK,HRSD_6.1,HRSD6,full,StandardScaler,XGB,46,11,10,-0.428,4.9382,5.6272,-0.4509,-1.5208,-0.4286
4,latency,ADK,HRSD_6.1,HRSD6,full,StandardScaler,MLP,46,11,10,-0.3061,4.6427,5.7465,-0.31,-1.6287,-0.2904
4,latency,ADK,HRSD_6.1,HRSD6,full,StandardScaler,LGBM,46,11,10,-0.3166,4.3352,4.8924,-0.3451,-0.9054,-0.2904
4,latency,ADK,HRSD_6.1,HRSD6,full,StandardScaler,CatBoost,46,11,10,-0.509,4.8488,5.7226,-0.5163,-1.6069,-0.6314
4,latency,ADK,HRSD_6.1,HRSD6,full,MinMaxScaler,Ridge,46,11,5,-0.4206,4.9368,5.6641,-0.4233,-1.5539,-0.447
4,latency,ADK,HRSD_6.1,HRSD6,full,MinMaxScaler,Lasso,46,11,5,-0.4235,4.9548,5.6849,-0.4259,-1.5727,-0.447
4,latency,ADK,HRSD_6.1,HRSD6,full,MinMaxScaler,ElasticNet,46,11,5,-0.4023,4.7534,5.4215,-0.4106,-1.3398,-0.3871
4,latency,ADK,HRSD_6.1,HRSD6,full,MinMaxScaler,SVR,46,11,5,-0.3993,5.3791,5.9814,-0.4628,-1.8481,-0.3226
4,latency,ADK,HRSD_6.1,HRSD6,full,MinMaxScaler,KNN,46,11,5,-0.1162,4.4364,4.9931,-0.1305,-0.9846,-0.1613
4,latency,ADK,HRSD_6.1,HRSD6,full,MinMaxScaler,RF,46,11,5,-0.2615,3.9864,4.8631,-0.2786,-0.8827,-0.231
4,latency,ADK,HRSD_6.1,HRSD6,full,MinMaxScaler,ET,46,11,5,-0.3051,4.4976,5.1174,-0.325,-1.0847,-0.2074
4,latency,ADK,HRSD_6.1,HRSD6,full,MinMaxScaler,GB,46,11,5,-0.3951,4.7096,5.7634,-0.3966,-1.6443,-0.3964
4,latency,ADK,HRSD_6.1,HRSD6,full,MinMaxScaler,XGB,46,11,5,-0.1771,4.5436,5.2571,-0.1811,-1.2001,-0.1843
4,latency,ADK,HRSD_6.1,HRSD6,full,MinMaxScaler,MLP,46,11,5,-0.4166,4.8709,5.3408,-0.4357,-1.2706,-0.3088
4,latency,ADK,HRSD_6.1,HRSD6,full,MinMaxScaler,LGBM,46,11,5,-0.1981,4.2891,4.9379,-0.2044,-0.941,-0.1524
4,latency,ADK,HRSD_6.1,HRSD6,full,MinMaxScaler,CatBoost,46,11,5,-0.2645,4.2217,5.0329,-0.2761,-1.0164,-0.1198
4,latency,ADK,HRSD_6.1,HRSD6,full,RobustScaler,Ridge,46,11,10,-0.411,4.5285,5.0895,-0.4429,-1.062,-0.5208
4,latency,ADK,HRSD_6.1,HRSD6,full,RobustScaler,Lasso,46,11,10,-0.3863,4.8493,5.8463,-0.3889,-1.7209,-0.2074
4,latency,ADK,HRSD_6.1,HRSD6,full,RobustScaler,ElasticNet,46,11,10,-0.4166,4.7283,5.5025,-0.4252,-1.4102,-0.2212
4,latency,ADK,HRSD_6.1,HRSD6,full,RobustScaler,SVR,46,11,10,-0.3805,4.6731,5.229,-0.4096,-1.1766,-0.2258
4,latency,ADK,HRSD_6.1,HRSD6,full,RobustScaler,KNN,46,11,10,-0.0744,3.7273,4.5671,-0.0819,-0.6605,-0.338
4,latency,ADK,HRSD_6.1,HRSD6,full,RobustScaler,RF,46,11,10,-0.1234,3.6894,4.4801,-0.1353,-0.5978,-0.1659
4,latency,ADK,HRSD_6.1,HRSD6,full,RobustScaler,ET,46,11,10,-0.3302,4.0855,4.7272,-0.3802,-0.7789,-0.3779
4,latency,ADK,HRSD_6.1,HRSD6,full,RobustScaler,GB,46,11,10,-0.1246,4.178,5.9368,-0.1296,-1.8058,-0.0277
4,latency,ADK,HRSD_6.1,HRSD6,full,RobustScaler,XGB,46,11,10,-0.1102,4.4746,5.7503,-0.1124,-1.6322,-0.0599
4,latency,ADK,HRSD_6.1,HRSD6,full,RobustScaler,MLP,46,11,10,-0.0883,3.8074,4.7614,-0.0915,-0.8048,0.0599
4,latency,ADK,HRSD_6.1,HRSD6,full,RobustScaler,LGBM,46,11,10,-0.3327,4.3595,5.0899,-0.3537,-1.0623,-0.2074
4,latency,ADK,HRSD_6.1,HRSD6,full,RobustScaler,CatBoost,46,11,10,-0.2391,4.2938,5.3105,-0.2416,-1.245,-0.2489
5,latency,ADK,HRSD_6.1,HRSD6,full,StandardScaler,Ridge,46,11,5,-0.2614,8.2031,9.813,-0.266,-1.7326,-0.3486
5,latency,ADK,HRSD_6.1,HRSD6,full,StandardScaler,Lasso,46,11,5,-0.2348,8.3826,10.2554,-0.2431,-1.9845,-0.2936
5,latency,ADK,HRSD_6.1,HRSD6,full,StandardScaler,ElasticNet,46,11,5,-0.2774,7.3136,8.3177,-0.2923,-0.9632,-0.4312
5,latency,ADK,HRSD_6.1,HRSD6,full,StandardScaler,SVR,46,11,5,-0.4325,7.2615,8.3247,-0.4946,-0.9666,-0.3945
5,latency,ADK,HRSD_6.1,HRSD6,full,StandardScaler,KNN,46,11,5,-0.4825,7.4545,8.4479,-0.5449,-1.0252,-0.446
5,latency,ADK,HRSD_6.1,HRSD6,full,StandardScaler,RF,46,11,5,-0.2733,6.4896,7.0506,-0.4727,-0.4107,-0.3578
5,latency,ADK,HRSD_6.1,HRSD6,full,StandardScaler,ET,46,11,5,-0.3683,6.8341,7.7633,-0.4677,-0.7103,-0.3945
5,latency,ADK,HRSD_6.1,HRSD6,full,StandardScaler,GB,46,11,5,-0.4238,8.2074,9.4423,-0.4501,-1.53,-0.367
5,latency,ADK,HRSD_6.1,HRSD6,full,StandardScaler,XGB,46,11,5,-0.45,7.8862,8.9605,-0.4685,-1.2784,-0.3486
5,latency,ADK,HRSD_6.1,HRSD6,full,StandardScaler,MLP,46,11,5,-0.4155,8.0388,9.0653,-0.4254,-1.332,-0.3853
5,latency,ADK,HRSD_6.1,HRSD6,full,StandardScaler,LGBM,46,11,5,-0.3207,6.7781,7.4381,-0.4408,-0.57,-0.3264
5,latency,ADK,HRSD_6.1,HRSD6,full,StandardScaler,CatBoost,46,11,5,-0.3971,7.2077,7.8195,-0.5106,-0.7351,-0.3119
5,latency,ADK,HRSD_6.1,HRSD6,full,MinMaxScaler,Ridge,46,11,5,-0.2662,7.6163,8.9319,-0.2691,-1.2639,-0.3486
5,latency,ADK,HRSD_6.1,HRSD6,full,MinMaxScaler,Lasso,46,11,5,-0.2341,7.641,8.992,-0.2377,-1.2945,-0.2936
5,latency,ADK,HRSD_6.1,HRSD6,full,MinMaxScaler,ElasticNet,46,11,5,-0.2514,8.0728,9.7165,-0.2545,-1.6791,-0.3486
5,latency,ADK,HRSD_6.1,HRSD6,full,MinMaxScaler,SVR,46,11,5,-0.2307,6.0266,7.0616,-0.408,-0.4151,-0.3119
5,latency,ADK,HRSD_6.1,HRSD6,full,MinMaxScaler,KNN,46,11,5,-0.5125,7.9273,8.7082,-0.5614,-1.1519,-0.5104
5,latency,ADK,HRSD_6.1,HRSD6,full,MinMaxScaler,RF,46,11,5,-0.2693,6.4442,7.0905,-0.4314,-0.4267,-0.3486
5,latency,ADK,HRSD_6.1,HRSD6,full,MinMaxScaler,ET,46,11,5,-0.3651,6.8018,7.6128,-0.4878,-0.6446,-0.4679
5,latency,ADK,HRSD_6.1,HRSD6,full,MinMaxScaler,GB,46,11,5,-0.4862,8.0235,9.0764,-0.5059,-1.3377,-0.3762
5,latency,ADK,HRSD_6.1,HRSD6,full,MinMaxScaler,XGB,46,11,5,-0.4885,8.2184,9.2457,-0.5052,-1.4258,-0.3762
5,latency,ADK,HRSD_6.1,HRSD6,full,MinMaxScaler,MLP,46,11,5,-0.3296,7.3841,8.0973,-0.3655,-0.8606,-0.2752
5,latency,ADK,HRSD_6.1,HRSD6,full,MinMaxScaler,LGBM,46,11,5,-0.3129,6.5345,7.3915,-0.4378,-0.5503,-0.3028
5,latency,ADK,HRSD_6.1,HRSD6,full,MinMaxScaler,CatBoost,46,11,5,-0.4141,7.117,7.8096,-0.5356,-0.7307,-0.2844
5,latency,ADK,HRSD_6.1,HRSD6,full,RobustScaler,Ridge,46,11,10,-0.2444,8.4521,10.3362,-0.2527,-2.0317,-0.2385
5,latency,ADK,HRSD_6.1,HRSD6,full,RobustScaler,Lasso,46,11,10,-0.2471,8.3813,10.1836,-0.2544,-1.9429,-0.2936
5,latency,ADK,HRSD_6.1,HRSD6,full,RobustScaler,ElasticNet,46,11,10,-0.3585,7.1545,8.0162,-0.4117,-0.8235,-0.4312
5,latency,ADK,HRSD_6.1,HRSD6,full,RobustScaler,SVR,46,11,10,-0.3424,6.3777,7.6736,-0.4903,-0.671,-0.3762
5,latency,ADK,HRSD_6.1,HRSD6,full,RobustScaler,KNN,46,11,10,-0.3791,6.5974,7.7847,-0.4908,-0.7197,-0.4562
5,latency,ADK,HRSD_6.1,HRSD6,full,RobustScaler,RF,46,11,10,-0.3224,6.6227,7.2251,-0.5334,-0.4814,-0.3853
5,latency,ADK,HRSD_6.1,HRSD6,full,RobustScaler,ET,46,11,10,-0.3245,6.5368,7.5922,-0.4253,-0.6357,-0.4679
5,latency,ADK,HRSD_6.1,HRSD6,full,RobustScaler,GB,46,11,10,-0.4495,8.3283,9.4618,-0.4903,-1.5405,-0.5138
5,latency,ADK,HRSD_6.1,HRSD6,full,RobustScaler,XGB,46,11,10,-0.4558,8.136,9.3054,-0.4675,-1.4572,-0.3486
5,latency,ADK,HRSD_6.1,HRSD6,full,RobustScaler,MLP,46,11,10,-0.3042,8.297,9.4209,-0.3105,-1.5186,-0.3578
5,latency,ADK,HRSD_6.1,HRSD6,full,RobustScaler,LGBM,46,11,10,-0.2858,6.6763,7.4075,-0.3772,-0.5571,-0.2396
5,latency,ADK,HRSD_6.1,HRSD6,full,RobustScaler,CatBoost,46,11,10,-0.3478,6.8528,7.4865,-0.4873,-0.5905,-0.4771
1,latency,ADK,HRSD_17.1,HRSD17,full,StandardScaler,Ridge,45,12,5,0.1733,17.6972,36.8581,0.5452,-27.2208,0.7702
1,latency,ADK,HRSD_17.1,HRSD17,full,StandardScaler,Lasso,45,12,5,0.1755,17.464,36.2985,0.545,-26.3703,0.7702
1,latency,ADK,HRSD_17.1,HRSD17,full,StandardScaler,ElasticNet,45,12,5,0.225,13.3803,26.4464,0.5406,-13.5291,0.731
1,latency,ADK,HRSD_17.1,HRSD17,full,StandardScaler,SVR,45,12,5,0.3514,4.9655,6.4903,0.4024,0.1249,0.3031
1,latency,ADK,HRSD_17.1,HRSD17,full,StandardScaler,KNN,45,12,5,0.1697,7.2619,8.1668,0.3112,-0.3855,0.3072
1,latency,ADK,HRSD_17.1,HRSD17,full,StandardScaler,RF,45,12,5,0.3076,5.8567,7.24,0.5086,-0.0889,0.5349
1,latency,ADK,HRSD_17.1,HRSD17,full,StandardScaler,ET,45,12,5,0.289,5.9492,7.1073,0.5002,-0.0493,0.3887
1,latency,ADK,HRSD_17.1,HRSD17,full,StandardScaler,GB,45,12,5,0.4974,5.1899,6.524,0.6201,0.1158,0.5705
1,latency,ADK,HRSD_17.1,HRSD17,full,StandardScaler,XGB,45,12,5,0.3638,6.189,7.303,0.5013,-0.1079,0.3815
1,latency,ADK,HRSD_17.1,HRSD17,full,StandardScaler,MLP,45,12,5,0.2055,14.1605,28.3022,0.5293,-15.6396,0.6632
1,latency,ADK,HRSD_17.1,HRSD17,full,StandardScaler,LGBM,45,12,5,0.0944,6.4742,8.2028,0.1491,-0.3977,0.1598
1,latency,ADK,HRSD_17.1,HRSD17,full,StandardScaler,CatBoost,45,12,5,0.3988,5.5913,6.6746,0.5646,0.0745,0.5349
1,latency,ADK,HRSD_17.1,HRSD17,full,MinMaxScaler,Ridge,45,12,5,0.363,8.2006,10.3028,0.5015,-1.205,0.4635
1,latency,ADK,HRSD_17.1,HRSD17,full,MinMaxScaler,Lasso,45,12,5,0.3555,8.6313,11.3675,0.5059,-1.6843,0.5456
1,latency,ADK,HRSD_17.1,HRSD17,full,MinMaxScaler,ElasticNet,45,12,5,0.3788,7.4913,9.0713,0.5032,-0.7094,0.4315
1,latency,ADK,HRSD_17.1,HRSD17,full,MinMaxScaler,SVR,45,12,5,0.3576,5.8158,6.5304,0.5021,0.1141,0.4101
1,latency,ADK,HRSD_17.1,HRSD17,full,MinMaxScaler,KNN,45,12,5,0.2261,6.9405,7.8408,0.3736,-0.2771,0.2072
1,latency,ADK,HRSD_17.1,HRSD17,full,MinMaxScaler,RF,45,12,5,0.2174,6.6433,7.8431,0.4808,-0.2778,0.5206
1,latency,ADK,HRSD_17.1,HRSD17,full,MinMaxScaler,ET,45,12,5,0.1823,6.8171,7.8853,0.3296,-0.2916,0.2746
1,latency,ADK,HRSD_17.1,HRSD17,full,MinMaxScaler,GB,45,12,5,0.1021,9.0598,10.1757,0.1764,-1.151,0.164
1,latency,ADK,HRSD_17.1,HRSD17,full,MinMaxScaler,XGB,45,12,5,0.2071,7.093,8.3836,0.2739,-0.4601,0.2353
1,latency,ADK,HRSD_17.1,HRSD17,full,MinMaxScaler,MLP,45,12,5,0.3582,7.666,9.2927,0.4924,-0.7939,0.2318
1,latency,ADK,HRSD_17.1,HRSD17,full,MinMaxScaler,LGBM,45,12,5,0.0883,6.9113,8.957,0.2808,-0.6666,0.3148
1,latency,ADK,HRSD_17.1,HRSD17,full,MinMaxScaler,CatBoost,45,12,5,0.2506,6.7211,7.454,0.3926,-0.1542,0.3316
1,latency,ADK,HRSD_17.1,HRSD17,full,RobustScaler,Ridge,45,12,5,0.1732,17.7125,36.8984,0.5452,-27.2825,0.7702
1,latency,ADK,HRSD_17.1,HRSD17,full,RobustScaler,Lasso,45,12,5,0.1748,17.5243,36.4568,0.545,-26.6096,0.7702
1,latency,ADK,HRSD_17.1,HRSD17,full,RobustScaler,ElasticNet,45,12,5,0.1762,17.3806,36.118,0.5449,-26.0989,0.7702
1,latency,ADK,HRSD_17.1,HRSD17,full,RobustScaler,SVR,45,12,5,0.4644,5.1207,6.2768,0.4895,0.1816,0.3887
1,latency,ADK,HRSD_17.1,HRSD17,full,RobustScaler,KNN,45,12,5,0.3063,6.369,7.533,0.4664,-0.1788,0.3851
1,latency,ADK,HRSD_17.1,HRSD17,full,RobustScaler,RF,45,12,5,0.3076,5.8567,7.24,0.5086,-0.0889,0.5349
1,latency,ADK,HRSD_17.1,HRSD17,full,RobustScaler,ET,45,12,5,0.289,5.9492,7.1073,0.5002,-0.0493,0.3887
1,latency,ADK,HRSD_17.1,HRSD17,full,RobustScaler,GB,45,12,5,0.4974,5.1899,6.524,0.6201,0.1158,0.5705
1,latency,ADK,HRSD_17.1,HRSD17,full,RobustScaler,XGB,45,12,5,0.3638,6.189,7.303,0.5013,-0.1079,0.3815
1,latency,ADK,HRSD_17.1,HRSD17,full,RobustScaler,MLP,45,12,5,0.2226,13.2453,25.8034,0.5343,-12.8311,0.5919
1,latency,ADK,HRSD_17.1,HRSD17,full,RobustScaler,LGBM,45,12,5,0.1362,6.2941,8.0459,0.2325,-0.3448,0.2523
1,latency,ADK,HRSD_17.1,HRSD17,full,RobustScaler,CatBoost,45,12,5,0.3988,5.5913,6.6746,0.5646,0.0745,0.5349
2,latency,ADK,HRSD_17.1,HRSD17,full,StandardScaler,Ridge,45,12,10,-0.2182,9.5016,12.8718,-0.2932,-0.9272,-0.2942
2,latency,ADK,HRSD_17.1,HRSD17,full,StandardScaler,Lasso,45,12,10,-0.2032,9.4777,12.8919,-0.2664,-0.9332,-0.2942
2,latency,ADK,HRSD_17.1,HRSD17,full,StandardScaler,ElasticNet,45,12,10,-0.2071,9.3933,12.7375,-0.2828,-0.8872,-0.3222
2,latency,ADK,HRSD_17.1,HRSD17,full,StandardScaler,SVR,45,12,10,-0.036,8.9894,12.3075,-0.0604,-0.7619,-0.0876
2,latency,ADK,HRSD_17.1,HRSD17,full,StandardScaler,KNN,45,12,10,-0.2385,9.4048,12.8159,-0.3866,-0.9105,-0.2636
2,latency,ADK,HRSD_17.1,HRSD17,full,StandardScaler,RF,45,12,10,-0.157,8.5984,11.6311,-0.298,-0.5736,-0.3573
2,latency,ADK,HRSD_17.1,HRSD17,full,StandardScaler,ET,45,12,10,-0.1763,8.5537,11.9558,-0.3545,-0.6626,-0.2137
2,latency,ADK,HRSD_17.1,HRSD17,full,StandardScaler,GB,45,12,10,-0.037,8.5363,11.0621,-0.0505,-0.4234,-0.0525
2,latency,ADK,HRSD_17.1,HRSD17,full,StandardScaler,XGB,45,12,10,-0.0642,8.6213,11.3177,-0.0881,-0.4899,-0.1226
2,latency,ADK,HRSD_17.1,HRSD17,full,StandardScaler,MLP,45,12,10,-0.1142,9.923,13.1011,-0.1525,-0.9964,-0.1506
2,latency,ADK,HRSD_17.1,HRSD17,full,StandardScaler,LGBM,45,12,10,-0.0297,8.29,10.9931,-0.043,-0.4057,-0.0351
2,latency,ADK,HRSD_17.1,HRSD17,full,StandardScaler,CatBoost,45,12,10,-0.137,8.4605,11.8256,-0.241,-0.6266,-0.056
2,latency,ADK,HRSD_17.1,HRSD17,full,MinMaxScaler,Ridge,45,12,10,-0.1911,9.0554,12.694,-0.2599,-0.8743,-0.2102
2,latency,ADK,HRSD_17.1,HRSD17,full,MinMaxScaler,Lasso,45,12,10,-0.1942,9.1924,12.8032,-0.2588,-0.9067,-0.2172
2,latency,ADK,HRSD_17.1,HRSD17,full,MinMaxScaler,ElasticNet,45,12,10,-0.1854,8.8573,12.4871,-0.2633,-0.8137,-0.2102
2,latency,ADK,HRSD_17.1,HRSD17,full,MinMaxScaler,SVR,45,12,10,-0.1204,9.288,12.9618,-0.1727,-0.9542,-0.2417
2,latency,ADK,HRSD_17.1,HRSD17,full,MinMaxScaler,KNN,45,12,10,-0.1295,8.6389,11.9608,-0.2388,-0.664,-0.2032
2,latency,ADK,HRSD_17.1,HRSD17,full,MinMaxScaler,RF,45,12,10,-0.1603,8.4918,11.7701,-0.2819,-0.6114,-0.3292
2,latency,ADK,HRSD_17.1,HRSD17,full,MinMaxScaler,ET,45,12,10,-0.1027,8.0358,11.6708,-0.193,-0.5843,-0.063
2,latency,ADK,HRSD_17.1,HRSD17,full,MinMaxScaler,GB,45,12,10,-0.1158,8.7881,11.8638,-0.1661,-0.6372,-0.2032
2,latency,ADK,HRSD_17.1,HRSD17,full,MinMaxScaler,XGB,45,12,10,-0.1135,8.6347,11.9779,-0.1966,-0.6688,-0.2347
2,latency,ADK,HRSD_17.1,HRSD17,full,MinMaxScaler,MLP,45,12,10,-0.205,9.4143,12.5125,-0.3174,-0.8211,-0.3257
2,latency,ADK,HRSD_17.1,HRSD17,full,MinMaxScaler,LGBM,45,12,10,-0.0921,8.1382,11.387,-0.1984,-0.5082,-0.1283
2,latency,ADK,HRSD_17.1,HRSD17,full,MinMaxScaler,CatBoost,45,12,10,-0.0897,7.8511,11.4908,-0.1863,-0.5358,-0.1471
2,latency,ADK,HRSD_17.1,HRSD17,full,RobustScaler,Ridge,45,12,15,-0.1911,9.1567,12.3475,-0.2699,-0.7734,-0.3398
2,latency,ADK,HRSD_17.1,HRSD17,full,RobustScaler,Lasso,45,12,15,-0.1381,8.2234,11.2088,-0.2917,-0.4614,-0.2942
2,latency,ADK,HRSD_17.1,HRSD17,full,RobustScaler,ElasticNet,45,12,15,-0.1767,9.2283,12.4939,-0.2406,-0.8157,-0.3117
2,latency,ADK,HRSD_17.1,HRSD17,full,RobustScaler,SVR,45,12,15,-0.108,9.1079,12.0601,-0.1946,-0.6918,-0.2207
2,latency,ADK,HRSD_17.1,HRSD17,full,RobustScaler,KNN,45,12,15,-0.2182,9.5833,12.5027,-0.3509,-0.8182,-0.3643
2,latency,ADK,HRSD_17.1,HRSD17,full,RobustScaler,RF,45,12,15,-0.1783,9.1558,11.7612,-0.3242,-0.609,-0.4413
2,latency,ADK,HRSD_17.1,HRSD17,full,RobustScaler,ET,45,12,15,-0.1496,8.9179,11.8931,-0.2864,-0.6453,-0.3538
2,latency,ADK,HRSD_17.1,HRSD17,full,RobustScaler,GB,45,12,15,-0.1555,9.5952,12.0768,-0.2264,-0.6965,-0.2067
2,latency,ADK,HRSD_17.1,HRSD17,full,RobustScaler,XGB,45,12,15,-0.1056,9.1336,11.8863,-0.1511,-0.6434,-0.1997
2,latency,ADK,HRSD_17.1,HRSD17,full,RobustScaler,MLP,45,12,15,-0.0569,9.238,12.7824,-0.0736,-0.9005,-0.1926
2,latency,ADK,HRSD_17.1,HRSD17,full,RobustScaler,LGBM,45,12,15,0.0217,8.6259,10.4426,0.0312,-0.2684,0.014
2,latency,ADK,HRSD_17.1,HRSD17,full,RobustScaler,CatBoost,45,12,15,-0.1666,9.2034,12.0392,-0.2486,-0.6859,-0.2522
3,latency,ADK,HRSD_17.1,HRSD17,full,StandardScaler,Ridge,46,11,5,0.1408,6.1586,7.0301,0.2457,-0.0525,0.4598
3,latency,ADK,HRSD_17.1,HRSD17,full,StandardScaler,Lasso,46,11,5,0.1276,6.1973,7.023,0.2348,-0.0503,0.3816
3,latency,ADK,HRSD_17.1,HRSD17,full,StandardScaler,ElasticNet,46,11,5,0.1277,6.1875,6.9866,0.2416,-0.0395,0.3816
3,latency,ADK,HRSD_17.1,HRSD17,full,StandardScaler,SVR,46,11,5,-0.0213,6.7704,7.9861,-0.0366,-0.3582,0.0368
3,latency,ADK,HRSD_17.1,HRSD17,full,StandardScaler,KNN,46,11,5,0.0987,5.9495,7.0914,0.1791,-0.0709,0.2207
3,latency,ADK,HRSD_17.1,HRSD17,full,StandardScaler,RF,46,11,5,0.1548,6.1332,6.8726,0.2524,-0.0058,0.2759
3,latency,ADK,HRSD_17.1,HRSD17,full,StandardScaler,ET,46,11,5,0.0637,6.5536,6.9944,0.1236,-0.0418,0.1287
3,latency,ADK,HRSD_17.1,HRSD17,full,StandardScaler,GB,46,11,5,-0.0618,6.9934,7.8185,-0.0898,-0.3018,-0.1058
3,latency,ADK,HRSD_17.1,HRSD17,full,StandardScaler,XGB,46,11,5,-0.001,6.747,7.673,-0.0015,-0.2538,0.0736
3,latency,ADK,HRSD_17.1,HRSD17,full,StandardScaler,MLP,46,11,5,0.3034,5.3544,6.8421,0.4707,0.0031,0.5426
3,latency,ADK,HRSD_17.1,HRSD17,full,StandardScaler,LGBM,46,11,5,0.0416,6.7369,7.485,0.0552,-0.1931,0.1058
3,latency,ADK,HRSD_17.1,HRSD17,full,StandardScaler,CatBoost,46,11,5,0.1184,6.2763,7.0129,0.206,-0.0473,0.2253
3,latency,ADK,HRSD_17.1,HRSD17,full,MinMaxScaler,Ridge,46,11,5,0.0726,6.2328,7.0609,0.164,-0.0617,0.1058
3,latency,ADK,HRSD_17.1,HRSD17,full,MinMaxScaler,Lasso,46,11,5,0.0802,6.2322,6.9963,0.1859,-0.0424,0.1241
3,latency,ADK,HRSD_17.1,HRSD17,full,MinMaxScaler,ElasticNet,46,11,5,0.0818,6.1931,7.1121,0.1719,-0.0772,0.1058
3,latency,ADK,HRSD_17.1,HRSD17,full,MinMaxScaler,SVR,46,11,5,-0.0491,6.6577,8.3817,-0.1063,-0.496,0.0644
3,latency,ADK,HRSD_17.1,HRSD17,full,MinMaxScaler,KNN,46,11,5,0.2008,5.4545,7.1462,0.3916,-0.0875,0.2725
3,latency,ADK,HRSD_17.1,HRSD17,full,MinMaxScaler,RF,46,11,5,-0.0874,6.8108,7.5703,-0.2517,-0.2204,-0.1931
3,latency,ADK,HRSD_17.1,HRSD17,full,MinMaxScaler,ET,46,11,5,0.0503,6.2491,7.1758,0.1844,-0.0965,0.3127
3,latency,ADK,HRSD_17.1,HRSD17,full,MinMaxScaler,GB,46,11,5,-0.0078,6.7264,7.4443,-0.0137,-0.1801,0.1471
3,latency,ADK,HRSD_17.1,HRSD17,full,MinMaxScaler,XGB,46,11,5,0.0013,7.4168,8.5456,0.0018,-0.5552,0.1104
3,latency,ADK,HRSD_17.1,HRSD17,full,MinMaxScaler,MLP,46,11,5,0.0229,6.3564,7.3522,0.0677,-0.1511,0.2391
3,latency,ADK,HRSD_17.1,HRSD17,full,MinMaxScaler,LGBM,46,11,5,0.0378,6.7267,7.5338,0.0521,-0.2087,0.2281
3,latency,ADK,HRSD_17.1,HRSD17,full,MinMaxScaler,CatBoost,46,11,5,0.0317,6.1935,7.4272,0.118,-0.1747,0.2115
3,latency,ADK,HRSD_17.1,HRSD17,full,RobustScaler,Ridge,46,11,5,0.0426,6.45,7.0636,0.105,-0.0625,0.2207
3,latency,ADK,HRSD_17.1,HRSD17,full,RobustScaler,Lasso,46,11,5,-0.0108,6.5967,7.1095,-0.036,-0.0764,0.0828
3,latency,ADK,HRSD_17.1,HRSD17,full,RobustScaler,ElasticNet,46,11,5,0.0618,6.3735,7.0618,0.1411,-0.062,0.2759
3,latency,ADK,HRSD_17.1,HRSD17,full,RobustScaler,SVR,46,11,5,0.046,6.1901,7.2526,0.0988,-0.1201,0.2713
3,latency,ADK,HRSD_17.1,HRSD17,full,RobustScaler,KNN,46,11,5,0.2731,5.5455,6.1859,0.4405,0.1851,0.3632
3,latency,ADK,HRSD_17.1,HRSD17,full,RobustScaler,RF,46,11,5,0.1758,5.9318,6.5378,0.3097,0.0898,0.2207
3,latency,ADK,HRSD_17.1,HRSD17,full,RobustScaler,ET,46,11,5,0.2652,5.7159,6.1335,0.4817,0.1989,0.4644
3,latency,ADK,HRSD_17.1,HRSD17,full,RobustScaler,GB,46,11,5,-0.1498,7.6462,8.7367,-0.1668,-0.6255,0.0598
3,latency,ADK,HRSD_17.1,HRSD17,full,RobustScaler,XGB,46,11,5,0.1034,6.5532,7.307,0.1288,-0.137,0.2437
3,latency,ADK,HRSD_17.1,HRSD17,full,RobustScaler,MLP,46,11,5,0.092,6.0983,7.0245,0.2764,-0.0508,0.3173
3,latency,ADK,HRSD_17.1,HRSD17,full,RobustScaler,LGBM,46,11,5,0.0829,6.3967,7.3916,0.1107,-0.1635,0.0602
3,latency,ADK,HRSD_17.1,HRSD17,full,RobustScaler,CatBoost,46,11,5,-0.0442,7.036,7.6871,-0.0628,-0.2584,0.023
4,latency,ADK,HRSD_17.1,HRSD17,full,StandardScaler,Ridge,46,11,5,-0.2695,7.5293,8.8734,-0.2757,-1.4682,-0.4587
4,latency,ADK,HRSD_17.1,HRSD17,full,StandardScaler,Lasso,46,11,5,-0.2434,6.1438,7.5036,-0.2955,-0.765,-0.422
4,latency,ADK,HRSD_17.1,HRSD17,full,StandardScaler,ElasticNet,46,11,5,-0.2712,7.3402,8.6796,-0.2791,-1.3616,-0.4587
4,latency,ADK,HRSD_17.1,HRSD17,full,StandardScaler,SVR,46,11,5,-0.1635,6.1581,6.9852,-0.1934,-0.5295,-0.5413
4,latency,ADK,HRSD_17.1,HRSD17,full,StandardScaler,KNN,46,11,5,-0.0451,6.6768,7.4364,-0.0463,-0.7335,-0.2202
4,latency,ADK,HRSD_17.1,HRSD17,full,StandardScaler,RF,46,11,5,-0.082,6.1355,6.7264,-0.0965,-0.4183,-0.3578
4,latency,ADK,HRSD_17.1,HRSD17,full,StandardScaler,ET,46,11,5,-0.2313,6.7664,7.4165,-0.2588,-0.7242,-0.4598
4,latency,ADK,HRSD_17.1,HRSD17,full,StandardScaler,GB,46,11,5,-0.0711,7.18,7.5891,-0.0733,-0.8054,-0.211
4,latency,ADK,HRSD_17.1,HRSD17,full,StandardScaler,XGB,46,11,5,0.0642,6.536,7.0335,0.0667,-0.5507,-0.2385
4,latency,ADK,HRSD_17.1,HRSD17,full,StandardScaler,MLP,46,11,5,-0.1908,6.9576,7.845,-0.1976,-0.9292,-0.4037
4,latency,ADK,HRSD_17.1,HRSD17,full,StandardScaler,LGBM,46,11,5,0.0038,5.4386,6.5743,0.0044,-0.3549,-0.1014
4,latency,ADK,HRSD_17.1,HRSD17,full,StandardScaler,CatBoost,46,11,5,-0.0671,6.1837,6.8289,-0.076,-0.4618,-0.3395
4,latency,ADK,HRSD_17.1,HRSD17,full,MinMaxScaler,Ridge,46,11,5,-0.3438,6.6528,7.8446,-0.3806,-0.929,-0.6422
4,latency,ADK,HRSD_17.1,HRSD17,full,MinMaxScaler,Lasso,46,11,5,-0.3482,6.673,7.8613,-0.3844,-0.9373,-0.6422
4,latency,ADK,HRSD_17.1,HRSD17,full,MinMaxScaler,ElasticNet,46,11,5,-0.3315,6.5584,7.7582,-0.3728,-0.8868,-0.5964
4,latency,ADK,HRSD_17.1,HRSD17,full,MinMaxScaler,SVR,46,11,5,-0.3009,6.3512,7.3735,-0.3547,-0.7043,-0.5688
4,latency,ADK,HRSD_17.1,HRSD17,full,MinMaxScaler,KNN,46,11,5,-0.1896,6.5636,7.9652,-0.1935,-0.9888,-0.0605
4,latency,ADK,HRSD_17.1,HRSD17,full,MinMaxScaler,RF,46,11,5,-0.4031,6.0073,7.387,-0.5355,-0.7106,-0.5793
4,latency,ADK,HRSD_17.1,HRSD17,full,MinMaxScaler,ET,46,11,5,-0.3706,6.06,7.5465,-0.4397,-0.7852,-0.523
4,latency,ADK,HRSD_17.1,HRSD17,full,MinMaxScaler,GB,46,11,5,-0.3056,6.0006,7.7595,-0.3311,-0.8874,-0.1193
4,latency,ADK,HRSD_17.1,HRSD17,full,MinMaxScaler,XGB,46,11,5,-0.409,6.1947,8.4485,-0.4249,-1.2375,-0.2385
4,latency,ADK,HRSD_17.1,HRSD17,full,MinMaxScaler,MLP,46,11,5,-0.32,6.9924,8.01,-0.337,-1.0112,-0.523
4,latency,ADK,HRSD_17.1,HRSD17,full,MinMaxScaler,LGBM,46,11,5,-0.2579,6.427,7.4092,-0.2947,-0.7208,-0.4157
4,latency,ADK,HRSD_17.1,HRSD17,full,MinMaxScaler,CatBoost,46,11,5,-0.1927,5.4028,7.0597,-0.2366,-0.5623,-0.1468
4,latency,ADK,HRSD_17.1,HRSD17,full,RobustScaler,Ridge,46,11,5,-0.2068,6.1894,7.4592,-0.2414,-0.7442,-0.4679
4,latency,ADK,HRSD_17.1,HRSD17,full,RobustScaler,Lasso,46,11,5,-0.1595,5.2566,6.7195,-0.2537,-0.4154,-0.4312
4,latency,ADK,HRSD_17.1,HRSD17,full,RobustScaler,ElasticNet,46,11,5,-0.1434,5.1608,6.6071,-0.2463,-0.3684,-0.4404
4,latency,ADK,HRSD_17.1,HRSD17,full,RobustScaler,SVR,46,11,5,-0.1198,6.6801,7.3315,-0.1286,-0.6849,-0.3486
4,latency,ADK,HRSD_17.1,HRSD17,full,RobustScaler,KNN,46,11,5,0.1188,5.7071,6.119,0.14,-0.1737,-0.1743
4,latency,ADK,HRSD_17.1,HRSD17,full,RobustScaler,RF,46,11,5,-0.082,6.1355,6.7264,-0.0965,-0.4183,-0.3578
4,latency,ADK,HRSD_17.1,HRSD17,full,RobustScaler,ET,46,11,5,-0.2313,6.7664,7.4165,-0.2588,-0.7242,-0.4598
4,latency,ADK,HRSD_17.1,HRSD17,full,RobustScaler,GB,46,11,5,-0.0711,7.18,7.5891,-0.0733,-0.8054,-0.211
4,latency,ADK,HRSD_17.1,HRSD17,full,RobustScaler,XGB,46,11,5,0.0642,6.536,7.0335,0.0667,-0.5507,-0.2385
4,latency,ADK,HRSD_17.1,HRSD17,full,RobustScaler,MLP,46,11,5,-0.1987,7.4945,8.2023,-0.201,-1.109,-0.3945
4,latency,ADK,HRSD_17.1,HRSD17,full,RobustScaler,LGBM,46,11,5,0.0718,5.2471,6.3225,0.0824,-0.2531,-0.1198
4,latency,ADK,HRSD_17.1,HRSD17,full,RobustScaler,CatBoost,46,11,5,-0.0671,6.1837,6.8289,-0.076,-0.4618,-0.3395
5,latency,ADK,HRSD_17.1,HRSD17,full,StandardScaler,Ridge,46,11,5,-0.4046,10.4764,11.7782,-0.5242,-0.7507,-0.6743
5,latency,ADK,HRSD_17.1,HRSD17,full,StandardScaler,Lasso,46,11,5,-0.3885,12.4808,15.4899,-0.3928,-2.028,-0.7107
5,latency,ADK,HRSD_17.1,HRSD17,full,StandardScaler,ElasticNet,46,11,5,-0.4414,11.8555,13.9056,-0.4489,-1.4403,-0.7335
5,latency,ADK,HRSD_17.1,HRSD17,full,StandardScaler,SVR,46,11,5,-0.5499,10.691,12.7659,-0.6538,-1.0567,-0.4692
5,latency,ADK,HRSD_17.1,HRSD17,full,StandardScaler,KNN,46,11,5,-0.5629,10.6182,12.9539,-0.7124,-1.1177,-0.7169
5,latency,ADK,HRSD_17.1,HRSD17,full,StandardScaler,RF,46,11,5,-0.3668,9.905,11.6465,-0.4633,-0.7118,-0.3189
5,latency,ADK,HRSD_17.1,HRSD17,full,StandardScaler,ET,46,11,5,-0.3643,9.9327,12.0517,-0.4522,-0.833,-0.328
5,latency,ADK,HRSD_17.1,HRSD17,full,StandardScaler,GB,46,11,5,-0.5181,11.136,12.3727,-0.6383,-0.9319,-0.4146
5,latency,ADK,HRSD_17.1,HRSD17,full,StandardScaler,XGB,46,11,5,-0.5197,10.5306,12.0624,-0.6903,-0.8362,-0.451
5,latency,ADK,HRSD_17.1,HRSD17,full,StandardScaler,MLP,46,11,5,-0.6645,13.5799,15.9513,-0.6669,-2.2111,-0.6834
5,latency,ADK,HRSD_17.1,HRSD17,full,StandardScaler,LGBM,46,11,5,-0.4752,10.3483,12.0003,-0.6089,-0.8174,-0.6529
5,latency,ADK,HRSD_17.1,HRSD17,full,StandardScaler,CatBoost,46,11,5,-0.3553,9.6962,11.2318,-0.5099,-0.592,-0.3007
5,latency,ADK,HRSD_17.1,HRSD17,full,MinMaxScaler,Ridge,46,11,5,-0.4727,12.3326,14.4316,-0.4762,-1.6284,-0.7335
5,latency,ADK,HRSD_17.1,HRSD17,full,MinMaxScaler,Lasso,46,11,5,-0.4001,13.4077,16.8518,-0.4132,-2.5838,-0.7517
5,latency,ADK,HRSD_17.1,HRSD17,full,MinMaxScaler,ElasticNet,46,11,5,-0.4406,10.9023,12.308,-0.5216,-0.9118,-0.6743
5,latency,ADK,HRSD_17.1,HRSD17,full,MinMaxScaler,SVR,46,11,5,-0.6385,11.0346,13.1016,-0.7687,-1.1662,-0.5877
5,latency,ADK,HRSD_17.1,HRSD17,full,MinMaxScaler,KNN,46,11,5,-0.5239,10.4,12.9373,-0.6399,-1.1123,-0.758
5,latency,ADK,HRSD_17.1,HRSD17,full,MinMaxScaler,RF,46,11,5,-0.3723,9.4192,11.2711,-0.546,-0.6032,-0.4146
5,latency,ADK,HRSD_17.1,HRSD17,full,MinMaxScaler,ET,46,11,5,-0.3923,10.2614,12.5341,-0.4599,-0.9826,-0.4055
5,latency,ADK,HRSD_17.1,HRSD17,full,MinMaxScaler,GB,46,11,5,-0.4992,11.1094,12.399,-0.6047,-0.9401,-0.5194
5,latency,ADK,HRSD_17.1,HRSD17,full,MinMaxScaler,XGB,46,11,5,-0.5783,10.8812,12.6342,-0.7047,-1.0144,-0.6606
5,latency,ADK,HRSD_17.1,HRSD17,full,MinMaxScaler,MLP,46,11,5,-0.6034,11.722,13.5075,-0.6566,-1.3025,-0.6196
5,latency,ADK,HRSD_17.1,HRSD17,full,MinMaxScaler,LGBM,46,11,5,-0.4748,10.3164,12.081,-0.5979,-0.8419,-0.6529
5,latency,ADK,HRSD_17.1,HRSD17,full,MinMaxScaler,CatBoost,46,11,5,-0.3402,9.6219,11.1446,-0.4993,-0.5674,-0.4419
5,latency,ADK,HRSD_17.1,HRSD17,full,RobustScaler,Ridge,46,11,5,-0.3992,10.3864,11.8283,-0.5411,-0.7656,-0.5421
5,latency,ADK,HRSD_17.1,HRSD17,full,RobustScaler,Lasso,46,11,5,-0.4469,12.2016,14.4269,-0.4494,-1.6266,-0.7335
5,latency,ADK,HRSD_17.1,HRSD17,full,RobustScaler,ElasticNet,46,11,5,-0.4625,11.8578,13.7513,-0.4749,-1.3864,-0.6879
5,latency,ADK,HRSD_17.1,HRSD17,full,RobustScaler,SVR,46,11,5,-0.488,9.8132,12.4306,-0.6346,-0.95,-0.4419
5,latency,ADK,HRSD_17.1,HRSD17,full,RobustScaler,KNN,46,11,5,-0.4624,10.101,12.1298,-0.5798,-0.8568,-0.4977
5,latency,ADK,HRSD_17.1,HRSD17,full,RobustScaler,RF,46,11,5,-0.3561,9.2787,11.1306,-0.541,-0.5635,-0.451
5,latency,ADK,HRSD_17.1,HRSD17,full,RobustScaler,ET,46,11,5,-0.4063,10.2,12.4264,-0.4878,-0.9487,-0.5148
5,latency,ADK,HRSD_17.1,HRSD17,full,RobustScaler,GB,46,11,5,-0.4582,10.4857,11.8879,-0.5933,-0.7835,-0.5011
5,latency,ADK,HRSD_17.1,HRSD17,full,RobustScaler,XGB,46,11,5,-0.4571,9.9294,11.7233,-0.6265,-0.7344,-0.4692
5,latency,ADK,HRSD_17.1,HRSD17,full,RobustScaler,MLP,46,11,5,-0.3792,13.2869,17.5865,-0.4067,-2.9032,-0.4738
5,latency,ADK,HRSD_17.1,HRSD17,full,RobustScaler,LGBM,46,11,5,-0.473,10.2514,12.044,-0.6031,-0.8306,-0.6529
5,latency,ADK,HRSD_17.1,HRSD17,full,RobustScaler,CatBoost,46,11,5,-0.366,9.6628,11.2252,-0.5405,-0.5902,-0.5467
1,latency,ADK,HRSD_21.1,HRSD21,full,StandardScaler,Ridge,45,12,5,0.1268,21.8752,52.4122,0.4931,-44.869,0.42
1,latency,ADK,HRSD_21.1,HRSD21,full,StandardScaler,Lasso,45,12,5,0.1251,22.1297,53.2617,0.4935,-46.3679,0.42
1,latency,ADK,HRSD_21.1,HRSD21,full,StandardScaler,ElasticNet,45,12,5,0.1279,21.7289,51.8839,0.4929,-43.9489,0.42
1,latency,ADK,HRSD_21.1,HRSD21,full,StandardScaler,SVR,45,12,5,-0.0794,10.1405,11.974,-0.0821,-1.394,-0.0249
1,latency,ADK,HRSD_21.1,HRSD21,full,StandardScaler,KNN,45,12,5,0.0563,7.8333,9.6015,0.1095,-0.5393,0.1141
1,latency,ADK,HRSD_21.1,HRSD21,full,StandardScaler,RF,45,12,5,-0.0722,8.9046,10.8515,-0.1182,-0.9662,-0.1993
1,latency,ADK,HRSD_21.1,HRSD21,full,StandardScaler,ET,45,12,5,-0.1241,8.9992,10.6653,-0.1685,-0.8993,-0.299
1,latency,ADK,HRSD_21.1,HRSD21,full,StandardScaler,GB,45,12,5,-0.2355,12.2812,14.1906,-0.2968,-2.3624,-0.3203
1,latency,ADK,HRSD_21.1,HRSD21,full,StandardScaler,XGB,45,12,5,-0.2159,11.4717,14.3167,-0.2689,-2.4225,-0.3702
1,latency,ADK,HRSD_21.1,HRSD21,full,StandardScaler,MLP,45,12,5,0.1628,18.2471,36.6996,0.4636,-21.4893,0.2242
1,latency,ADK,HRSD_21.1,HRSD21,full,StandardScaler,LGBM,45,12,5,-0.0626,9.0171,10.5491,-0.1079,-0.8582,-0.1007
1,latency,ADK,HRSD_21.1,HRSD21,full,StandardScaler,CatBoost,45,12,5,-0.087,10.1196,11.8417,-0.1328,-1.3414,-0.1851
1,latency,ADK,HRSD_21.1,HRSD21,full,MinMaxScaler,Ridge,45,12,5,0.3451,8.9545,11.0874,0.4982,-1.0527,0.5481
1,latency,ADK,HRSD_21.1,HRSD21,full,MinMaxScaler,Lasso,45,12,5,0.3343,8.6351,10.909,0.4795,-0.9871,0.5054
1,latency,ADK,HRSD_21.1,HRSD21,full,MinMaxScaler,ElasticNet,45,12,5,0.3482,8.2468,9.9848,0.496,-0.6647,0.6229
1,latency,ADK,HRSD_21.1,HRSD21,full,MinMaxScaler,SVR,45,12,5,0.4001,6.326,7.1862,0.6294,0.1377,0.5837
1,latency,ADK,HRSD_21.1,HRSD21,full,MinMaxScaler,KNN,45,12,5,0.296,7.8571,9.356,0.5643,-0.4616,0.4279
1,latency,ADK,HRSD_21.1,HRSD21,full,MinMaxScaler,RF,45,12,5,0.4413,6.1975,7.391,0.7398,0.0879,0.7012
1,latency,ADK,HRSD_21.1,HRSD21,full,MinMaxScaler,ET,45,12,5,0.3878,7.1104,8.3184,0.6312,-0.1554,0.6549
1,latency,ADK,HRSD_21.1,HRSD21,full,MinMaxScaler,GB,45,12,5,0.4218,7.1842,7.8276,0.5143,-0.0231,0.5695
1,latency,ADK,HRSD_21.1,HRSD21,full,MinMaxScaler,XGB,45,12,5,0.4635,6.8924,7.5054,0.5278,0.0594,0.5588
1,latency,ADK,HRSD_21.1,HRSD21,full,MinMaxScaler,MLP,45,12,5,0.2954,8.2707,10.4189,0.4921,-0.8126,0.5766
1,latency,ADK,HRSD_21.1,HRSD21,full,MinMaxScaler,LGBM,45,12,5,0.1301,7.6854,9.6174,0.3902,-0.5444,0.3786
1,latency,ADK,HRSD_21.1,HRSD21,full,MinMaxScaler,CatBoost,45,12,5,0.5331,6.2049,6.9576,0.7394,0.1917,0.7688
1,latency,ADK,HRSD_21.1,HRSD21,full,RobustScaler,Ridge,45,12,5,0.1359,21.1227,48.1536,0.4962,-37.7178,0.4663
1,latency,ADK,HRSD_21.1,HRSD21,full,RobustScaler,Lasso,45,12,5,0.1337,21.3905,49.1147,0.4965,-39.2788,0.4663
1,latency,ADK,HRSD_21.1,HRSD21,full,RobustScaler,ElasticNet,45,12,5,0.1274,22.1981,52.1825,0.4985,-44.4678,0.4663
1,latency,ADK,HRSD_21.1,HRSD21,full,RobustScaler,SVR,45,12,5,0.0422,9.0067,11.5517,0.0434,-1.2282,0.0
1,latency,ADK,HRSD_21.1,HRSD21,full,RobustScaler,KNN,45,12,5,0.0666,9.7619,11.385,0.1131,-1.1643,0.1566
1,latency,ADK,HRSD_21.1,HRSD21,full,RobustScaler,RF,45,12,5,-0.049,10.1673,11.5703,-0.0992,-1.2353,-0.1922
1,latency,ADK,HRSD_21.1,HRSD21,full,RobustScaler,ET,45,12,5,0.028,9.2867,10.7381,0.0437,-0.9253,-0.0498
1,latency,ADK,HRSD_21.1,HRSD21,full,RobustScaler,GB,45,12,5,0.0608,9.8224,11.1464,0.0806,-1.0745,-0.0534
1,latency,ADK,HRSD_21.1,HRSD21,full,RobustScaler,XGB,45,12,5,0.0487,10.766,11.5419,0.0677,-1.2244,0.032
1,latency,ADK,HRSD_21.1,HRSD21,full,RobustScaler,MLP,45,12,5,0.1615,18.8823,34.2931,0.445,-18.6367,0.0605
1,latency,ADK,HRSD_21.1,HRSD21,full,RobustScaler,LGBM,45,12,5,-0.031,8.474,10.2438,-0.0686,-0.7522,-0.1207
1,latency,ADK,HRSD_21.1,HRSD21,full,RobustScaler,CatBoost,45,12,5,0.0262,10.1258,11.1972,0.0361,-1.0935,-0.0463
2,latency,ADK,HRSD_21.1,HRSD21,full,StandardScaler,Ridge,45,12,20,-0.1186,11.8693,15.0398,-0.1558,-0.7815,-0.2102
2,latency,ADK,HRSD_21.1,HRSD21,full,StandardScaler,Lasso,45,12,20,-0.1535,11.7288,15.302,-0.2057,-0.8441,-0.2767
2,latency,ADK,HRSD_21.1,HRSD21,full,StandardScaler,ElasticNet,45,12,20,-0.098,11.9865,14.9628,-0.1271,-0.7633,-0.1961
2,latency,ADK,HRSD_21.1,HRSD21,full,StandardScaler,SVR,45,12,20,-0.1093,10.2445,14.7383,-0.1993,-0.7107,-0.0841
2,latency,ADK,HRSD_21.1,HRSD21,full,StandardScaler,KNN,45,12,20,-0.2753,11.1296,15.3143,-0.4238,-0.8471,-0.2228
2,latency,ADK,HRSD_21.1,HRSD21,full,StandardScaler,RF,45,12,20,-0.165,10.0033,14.1001,-0.389,-0.5658,-0.3363
2,latency,ADK,HRSD_21.1,HRSD21,full,StandardScaler,ET,45,12,20,-0.1636,10.3125,14.4138,-0.3558,-0.6362,-0.3398
2,latency,ADK,HRSD_21.1,HRSD21,full,StandardScaler,GB,45,12,20,-0.0846,10.2674,14.3494,-0.1347,-0.6217,-0.1261
2,latency,ADK,HRSD_21.1,HRSD21,full,StandardScaler,XGB,45,12,20,-0.1515,10.4363,15.0155,-0.3122,-0.7757,-0.2557
2,latency,ADK,HRSD_21.1,HRSD21,full,StandardScaler,MLP,45,12,20,-0.0582,11.0313,15.5537,-0.0731,-0.9053,0.0911
2,latency,ADK,HRSD_21.1,HRSD21,full,StandardScaler,LGBM,45,12,20,0.0075,9.271,12.701,0.0148,-0.2705,0.0105
2,latency,ADK,HRSD_21.1,HRSD21,full,StandardScaler,CatBoost,45,12,20,-0.1835,10.4762,14.5657,-0.4089,-0.6709,-0.3748
2,latency,ADK,HRSD_21.1,HRSD21,full,MinMaxScaler,Ridge,45,12,15,-0.0826,9.9721,14.7115,-0.1163,-0.7045,-0.049
2,latency,ADK,HRSD_21.1,HRSD21,full,MinMaxScaler,Lasso,45,12,15,-0.0941,9.8665,14.2258,-0.1614,-0.5938,-0.0771
2,latency,ADK,HRSD_21.1,HRSD21,full,MinMaxScaler,ElasticNet,45,12,15,-0.0714,9.6844,14.2466,-0.1104,-0.5985,-0.0736
2,latency,ADK,HRSD_21.1,HRSD21,full,MinMaxScaler,SVR,45,12,15,-0.003,9.3026,14.1395,-0.005,-0.5746,-0.0245
2,latency,ADK,HRSD_21.1,HRSD21,full,MinMaxScaler,KNN,45,12,15,-0.1014,9.9907,14.1268,-0.1894,-0.5717,-0.1997
2,latency,ADK,HRSD_21.1,HRSD21,full,MinMaxScaler,RF,45,12,15,-0.0625,9.245,13.4534,-0.1424,-0.4255,-0.2662
2,latency,ADK,HRSD_21.1,HRSD21,full,MinMaxScaler,ET,45,12,15,-0.0215,8.9958,13.3159,-0.0429,-0.3965,0.049
2,latency,ADK,HRSD_21.1,HRSD21,full,MinMaxScaler,GB,45,12,15,0.0078,9.2407,13.661,0.0147,-0.4698,0.1226
2,latency,ADK,HRSD_21.1,HRSD21,full,MinMaxScaler,XGB,45,12,15,-0.0885,9.545,14.2337,-0.1254,-0.5956,-0.1786
2,latency,ADK,HRSD_21.1,HRSD21,full,MinMaxScaler,MLP,45,12,15,-0.1059,9.8039,14.2529,-0.1761,-0.5999,-0.2277
2,latency,ADK,HRSD_21.1,HRSD21,full,MinMaxScaler,LGBM,45,12,15,-0.0458,9.5954,13.8665,-0.0777,-0.5144,-0.007
2,latency,ADK,HRSD_21.1,HRSD21,full,MinMaxScaler,CatBoost,45,12,15,-0.0078,9.5641,13.7788,-0.0147,-0.4953,-0.0385
2,latency,ADK,HRSD_21.1,HRSD21,full,RobustScaler,Ridge,45,12,10,0.0949,9.9932,14.264,0.1384,-0.6024,0.2382
2,latency,ADK,HRSD_21.1,HRSD21,full,RobustScaler,Lasso,45,12,10,0.0728,9.681,14.1443,0.1102,-0.5756,0.2382
2,latency,ADK,HRSD_21.1,HRSD21,full,RobustScaler,ElasticNet,45,12,10,0.0658,9.5875,14.0904,0.1014,-0.5637,0.2382
2,latency,ADK,HRSD_21.1,HRSD21,full,RobustScaler,SVR,45,12,10,-0.1023,10.8413,15.0108,-0.1656,-0.7746,-0.1226
2,latency,ADK,HRSD_21.1,HRSD21,full,RobustScaler,KNN,45,12,10,-0.2825,10.8333,15.2827,-0.4879,-0.8395,-0.3139
2,latency,ADK,HRSD_21.1,HRSD21,full,RobustScaler,RF,45,12,10,-0.1076,9.759,13.9565,-0.2268,-0.5341,-0.0981
2,latency,ADK,HRSD_21.1,HRSD21,full,RobustScaler,ET,45,12,10,-0.1598,10.2667,14.5798,-0.3234,-0.6741,-0.2172
2,latency,ADK,HRSD_21.1,HRSD21,full,RobustScaler,GB,45,12,10,-0.09,10.2148,14.8261,-0.1704,-0.7312,0.028
2,latency,ADK,HRSD_21.1,HRSD21,full,RobustScaler,XGB,45,12,10,-0.0879,9.8124,14.7,-0.1739,-0.7019,-0.014
2,latency,ADK,HRSD_21.1,HRSD21,full,RobustScaler,MLP,45,12,10,0.0115,10.3103,13.9848,0.0203,-0.5403,0.2032
2,latency,ADK,HRSD_21.1,HRSD21,full,RobustScaler,LGBM,45,12,10,-0.0704,10.2433,14.255,-0.148,-0.6004,-0.0598
2,latency,ADK,HRSD_21.1,HRSD21,full,RobustScaler,CatBoost,45,12,10,-0.1015,9.8531,14.4582,-0.2221,-0.6463,-0.0175
3,latency,ADK,HRSD_21.1,HRSD21,full,StandardScaler,Ridge,46,11,10,-0.0018,7.335,8.4363,-0.0045,-0.1566,0.032
3,latency,ADK,HRSD_21.1,HRSD21,full,StandardScaler,Lasso,46,11,10,0.0356,7.1439,8.2288,0.088,-0.1004,0.1187
3,latency,ADK,HRSD_21.1,HRSD21,full,StandardScaler,ElasticNet,46,11,10,0.0181,7.1813,8.2227,0.0512,-0.0987,0.0685
3,latency,ADK,HRSD_21.1,HRSD21,full,StandardScaler,SVR,46,11,10,-0.1541,7.9369,9.8451,-0.2862,-0.5751,-0.1644
3,latency,ADK,HRSD_21.1,HRSD21,full,StandardScaler,KNN,46,11,10,-0.1093,7.7071,9.0779,-0.219,-0.3391,-0.1233
3,latency,ADK,HRSD_21.1,HRSD21,full,StandardScaler,RF,46,11,10,-0.1332,7.8806,8.8286,-0.2871,-0.2666,-0.0776
3,latency,ADK,HRSD_21.1,HRSD21,full,StandardScaler,ET,46,11,10,-0.0449,7.0355,8.5389,-0.1176,-0.1849,-0.0183
3,latency,ADK,HRSD_21.1,HRSD21,full,StandardScaler,GB,46,11,10,0.1985,6.5987,7.9046,0.2748,-0.0154,0.1963
3,latency,ADK,HRSD_21.1,HRSD21,full,StandardScaler,XGB,46,11,10,0.0735,7.183,8.4228,0.0988,-0.1528,0.21
3,latency,ADK,HRSD_21.1,HRSD21,full,StandardScaler,MLP,46,11,10,0.1051,8.0441,8.7904,0.1295,-0.2557,0.0183
3,latency,ADK,HRSD_21.1,HRSD21,full,StandardScaler,LGBM,46,11,10,0.0815,7.1707,8.3175,0.1062,-0.1242,0.0459
3,latency,ADK,HRSD_21.1,HRSD21,full,StandardScaler,CatBoost,46,11,10,-0.0123,7.4807,8.3017,-0.0294,-0.12,0.0868
3,latency,ADK,HRSD_21.1,HRSD21,full,MinMaxScaler,Ridge,46,11,5,-0.0178,7.2766,8.4841,-0.0484,-0.1697,0.1507
3,latency,ADK,HRSD_21.1,HRSD21,full,MinMaxScaler,Lasso,46,11,5,0.0024,7.2586,8.5388,0.0054,-0.1848,0.1187
3,latency,ADK,HRSD_21.1,HRSD21,full,MinMaxScaler,ElasticNet,46,11,5,-0.009,7.2842,8.6112,-0.0211,-0.205,0.1827
3,latency,ADK,HRSD_21.1,HRSD21,full,MinMaxScaler,SVR,46,11,5,-0.1029,7.598,9.2714,-0.2426,-0.3969,-0.1096
3,latency,ADK,HRSD_21.1,HRSD21,full,MinMaxScaler,KNN,46,11,5,-0.0755,7.2929,8.8896,-0.1836,-0.2842,-0.169
3,latency,ADK,HRSD_21.1,HRSD21,full,MinMaxScaler,RF,46,11,5,-0.0077,7.2617,8.5721,-0.0137,-0.1941,-0.0411
3,latency,ADK,HRSD_21.1,HRSD21,full,MinMaxScaler,ET,46,11,5,0.0358,6.79,8.3683,0.0583,-0.138,-0.1187
3,latency,ADK,HRSD_21.1,HRSD21,full,MinMaxScaler,GB,46,11,5,0.1001,7.3369,8.8573,0.1227,-0.2749,0.0502
3,latency,ADK,HRSD_21.1,HRSD21,full,MinMaxScaler,XGB,46,11,5,0.2316,6.4536,8.3766,0.261,-0.1403,0.2648
3,latency,ADK,HRSD_21.1,HRSD21,full,MinMaxScaler,MLP,46,11,5,-0.0562,7.3643,8.7498,-0.1672,-0.2441,0.0411
3,latency,ADK,HRSD_21.1,HRSD21,full,MinMaxScaler,LGBM,46,11,5,0.0846,7.2921,8.3905,0.1242,-0.144,0.0587
3,latency,ADK,HRSD_21.1,HRSD21,full,MinMaxScaler,CatBoost,46,11,5,-0.001,7.0588,8.5928,-0.0017,-0.1999,-0.0685
3,latency,ADK,HRSD_21.1,HRSD21,full,RobustScaler,Ridge,46,11,10,0.2197,7.4486,8.3967,0.3094,-0.1457,0.3607
3,latency,ADK,HRSD_21.1,HRSD21,full,RobustScaler,Lasso,46,11,10,0.183,7.3316,8.41,0.2747,-0.1494,0.2831
3,latency,ADK,HRSD_21.1,HRSD21,full,RobustScaler,ElasticNet,46,11,10,0.2057,7.3957,8.351,0.2983,-0.1333,0.3607
3,latency,ADK,HRSD_21.1,HRSD21,full,RobustScaler,SVR,46,11,10,0.0053,7.0932,8.9344,0.0095,-0.2972,0.0457
3,latency,ADK,HRSD_21.1,HRSD21,full,RobustScaler,KNN,46,11,10,0.0808,6.4026,8.2954,0.1119,-0.1183,0.0548
3,latency,ADK,HRSD_21.1,HRSD21,full,RobustScaler,RF,46,11,10,0.0822,6.6003,7.8512,0.1641,-0.0017,0.2877
3,latency,ADK,HRSD_21.1,HRSD21,full,RobustScaler,ET,46,11,10,0.0715,6.5182,7.8751,0.1432,-0.0078,0.1918
3,latency,ADK,HRSD_21.1,HRSD21,full,RobustScaler,GB,46,11,10,0.305,6.2461,8.1242,0.3271,-0.0726,0.2374
3,latency,ADK,HRSD_21.1,HRSD21,full,RobustScaler,XGB,46,11,10,0.0781,6.2232,8.4464,0.1012,-0.1593,0.1005
3,latency,ADK,HRSD_21.1,HRSD21,full,RobustScaler,MLP,46,11,10,-0.0159,7.3551,9.305,-0.0252,-0.407,0.0137
3,latency,ADK,HRSD_21.1,HRSD21,full,RobustScaler,LGBM,46,11,10,0.2028,6.5891,7.6387,0.2861,0.0518,0.1505
3,latency,ADK,HRSD_21.1,HRSD21,full,RobustScaler,CatBoost,46,11,10,0.2188,5.8922,7.5465,0.3104,0.0745,0.1918
4,latency,ADK,HRSD_21.1,HRSD21,full,StandardScaler,Ridge,46,11,5,-0.0474,5.6951,6.9951,-0.0703,-0.2243,-0.1931
4,latency,ADK,HRSD_21.1,HRSD21,full,StandardScaler,Lasso,46,11,5,-0.0254,5.4132,6.796,-0.0441,-0.1556,-0.2253
4,latency,ADK,HRSD_21.1,HRSD21,full,StandardScaler,ElasticNet,46,11,5,-0.0459,5.8621,7.1102,-0.0618,-0.2649,-0.1931
4,latency,ADK,HRSD_21.1,HRSD21,full,StandardScaler,SVR,46,11,5,0.0495,5.7584,6.9214,0.0685,-0.1986,-0.0644
4,latency,ADK,HRSD_21.1,HRSD21,full,StandardScaler,KNN,46,11,5,0.0875,5.4909,7.0597,0.1024,-0.247,-0.0506
4,latency,ADK,HRSD_21.1,HRSD21,full,StandardScaler,RF,46,11,5,0.1722,5.3893,6.246,0.2426,0.0239,-0.1058
4,latency,ADK,HRSD_21.1,HRSD21,full,StandardScaler,ET,46,11,5,-0.0175,5.9427,6.8715,-0.0254,-0.1814,-0.3357
4,latency,ADK,HRSD_21.1,HRSD21,full,StandardScaler,GB,46,11,5,0.1557,6.0669,7.0768,0.1674,-0.2531,-0.0506
4,latency,ADK,HRSD_21.1,HRSD21,full,StandardScaler,XGB,46,11,5,0.2746,5.7652,6.3659,0.3074,-0.014,-0.0506
4,latency,ADK,HRSD_21.1,HRSD21,full,StandardScaler,MLP,46,11,5,-0.197,6.3696,8.1114,-0.2223,-0.6462,-0.3724
4,latency,ADK,HRSD_21.1,HRSD21,full,StandardScaler,LGBM,46,11,5,0.3452,4.8893,5.8654,0.4418,0.1392,0.1478
4,latency,ADK,HRSD_21.1,HRSD21,full,StandardScaler,CatBoost,46,11,5,0.2011,5.6716,6.3926,0.2438,-0.0225,0.0966
4,latency,ADK,HRSD_21.1,HRSD21,full,MinMaxScaler,Ridge,46,11,10,-0.1946,6.4596,7.5995,-0.2675,-0.445,-0.4
4,latency,ADK,HRSD_21.1,HRSD21,full,MinMaxScaler,Lasso,46,11,10,-0.1446,6.3625,7.4364,-0.1946,-0.3836,-0.446
4,latency,ADK,HRSD_21.1,HRSD21,full,MinMaxScaler,ElasticNet,46,11,10,-0.2015,6.6392,7.7298,-0.2569,-0.495,-0.446
4,latency,ADK,HRSD_21.1,HRSD21,full,MinMaxScaler,SVR,46,11,10,-0.2252,6.6876,7.7469,-0.3341,-0.5016,-0.6253
4,latency,ADK,HRSD_21.1,HRSD21,full,MinMaxScaler,KNN,46,11,10,-0.0035,6.4286,7.2898,-0.0041,-0.3296,0.023
4,latency,ADK,HRSD_21.1,HRSD21,full,MinMaxScaler,RF,46,11,10,0.1077,5.3518,6.2707,0.1862,0.0162,-0.0828
4,latency,ADK,HRSD_21.1,HRSD21,full,MinMaxScaler,ET,46,11,10,-0.1332,5.6609,7.1993,-0.2217,-0.2968,-0.2161
4,latency,ADK,HRSD_21.1,HRSD21,full,MinMaxScaler,GB,46,11,10,0.1909,5.6524,6.736,0.2109,-0.1353,-0.0736
4,latency,ADK,HRSD_21.1,HRSD21,full,MinMaxScaler,XGB,46,11,10,0.1334,6.2148,7.0451,0.2107,-0.2419,-0.2345
4,latency,ADK,HRSD_21.1,HRSD21,full,MinMaxScaler,MLP,46,11,10,-0.1974,6.8339,7.8247,-0.2427,-0.5319,-0.5058
4,latency,ADK,HRSD_21.1,HRSD21,full,MinMaxScaler,LGBM,46,11,10,0.181,5.6091,6.3513,0.2451,-0.0093,-0.1452
4,latency,ADK,HRSD_21.1,HRSD21,full,MinMaxScaler,CatBoost,46,11,10,0.1784,4.3097,5.9226,0.4133,0.1224,0.3724
4,latency,ADK,HRSD_21.1,HRSD21,full,RobustScaler,Ridge,46,11,5,-0.2175,7.0497,8.4737,-0.2529,-0.7966,-0.4874
4,latency,ADK,HRSD_21.1,HRSD21,full,RobustScaler,Lasso,46,11,5,-0.1804,6.2925,7.8174,-0.2554,-0.5291,-0.4736
4,latency,ADK,HRSD_21.1,HRSD21,full,RobustScaler,ElasticNet,46,11,5,-0.1598,6.0943,7.5815,-0.2524,-0.4382,-0.4736
4,latency,ADK,HRSD_21.1,HRSD21,full,RobustScaler,SVR,46,11,5,-0.1192,7.3894,8.1371,-0.1297,-0.6567,-0.3586
4,latency,ADK,HRSD_21.1,HRSD21,full,RobustScaler,KNN,46,11,5,0.2157,6.6234,6.8406,0.2296,-0.1708,-0.1609
4,latency,ADK,HRSD_21.1,HRSD21,full,RobustScaler,RF,46,11,5,-0.1019,6.9264,7.6586,-0.1193,-0.4676,-0.3908
4,latency,ADK,HRSD_21.1,HRSD21,full,RobustScaler,ET,46,11,5,-0.1393,7.3768,8.0313,-0.1559,-0.6139,-0.377
4,latency,ADK,HRSD_21.1,HRSD21,full,RobustScaler,GB,46,11,5,-0.0564,8.7154,9.0401,-0.0564,-1.0448,-0.2943
4,latency,ADK,HRSD_21.1,HRSD21,full,RobustScaler,XGB,46,11,5,-0.1411,7.5483,8.5061,-0.1465,-0.8103,-0.4138
4,latency,ADK,HRSD_21.1,HRSD21,full,RobustScaler,MLP,46,11,5,-0.2642,8.7649,10.0687,-0.2645,-1.5366,-0.5058
4,latency,ADK,HRSD_21.1,HRSD21,full,RobustScaler,LGBM,46,11,5,0.1209,5.7239,6.8638,0.1397,-0.1788,-0.0186
4,latency,ADK,HRSD_21.1,HRSD21,full,RobustScaler,CatBoost,46,11,5,-0.1129,6.9551,7.7335,-0.1299,-0.4964,-0.4092
5,latency,ADK,HRSD_21.1,HRSD21,full,StandardScaler,Ridge,46,11,5,-0.4028,14.5015,18.6379,-0.4168,-2.6741,-0.6438
5,latency,ADK,HRSD_21.1,HRSD21,full,StandardScaler,Lasso,46,11,5,-0.3735,13.5998,17.475,-0.3809,-2.23,-0.6347
5,latency,ADK,HRSD_21.1,HRSD21,full,StandardScaler,ElasticNet,46,11,5,-0.3971,13.302,16.6044,-0.3993,-1.9161,-0.6758
5,latency,ADK,HRSD_21.1,HRSD21,full,StandardScaler,SVR,46,11,5,-0.3823,10.3556,13.163,-0.606,-0.8326,-0.6301
5,latency,ADK,HRSD_21.1,HRSD21,full,StandardScaler,KNN,46,11,5,-0.562,11.5859,13.1121,-0.8371,-0.8185,-0.7385
5,latency,ADK,HRSD_21.1,HRSD21,full,StandardScaler,RF,46,11,5,-0.3527,10.5277,12.0186,-0.5656,-0.5278,-0.4795
5,latency,ADK,HRSD_21.1,HRSD21,full,StandardScaler,ET,46,11,5,-0.4228,11.0673,13.2991,-0.5548,-0.8707,-0.5525
5,latency,ADK,HRSD_21.1,HRSD21,full,StandardScaler,GB,46,11,5,-0.4512,13.127,15.5425,-0.4554,-1.5551,-0.6073
5,latency,ADK,HRSD_21.1,HRSD21,full,StandardScaler,XGB,46,11,5,-0.5623,12.4193,13.8156,-0.6832,-1.0188,-0.7032
5,latency,ADK,HRSD_21.1,HRSD21,full,StandardScaler,MLP,46,11,5,-0.489,14.0346,18.2245,-0.4948,-2.5129,-0.6712
5,latency,ADK,HRSD_21.1,HRSD21,full,StandardScaler,LGBM,46,11,5,-0.4581,11.7003,13.1413,-0.5734,-0.8266,-0.6943
5,latency,ADK,HRSD_21.1,HRSD21,full,StandardScaler,CatBoost,46,11,5,-0.4154,10.9921,12.3433,-0.6472,-0.6115,-0.6027
5,latency,ADK,HRSD_21.1,HRSD21,full,MinMaxScaler,Ridge,46,11,5,-0.3751,13.3681,17.1005,-0.3801,-2.093,-0.6438
5,latency,ADK,HRSD_21.1,HRSD21,full,MinMaxScaler,Lasso,46,11,5,-0.3827,14.426,18.8067,-0.3995,-2.741,-0.6438
5,latency,ADK,HRSD_21.1,HRSD21,full,MinMaxScaler,ElasticNet,46,11,5,-0.3804,12.9276,16.1729,-0.3825,-1.7665,-0.6438
5,latency,ADK,HRSD_21.1,HRSD21,full,MinMaxScaler,SVR,46,11,5,-0.2809,10.066,12.5197,-0.4866,-0.6579,-0.5343
5,latency,ADK,HRSD_21.1,HRSD21,full,MinMaxScaler,KNN,46,11,5,-0.3346,11.3766,12.8671,-0.4062,-0.7511,-0.4384
5,latency,ADK,HRSD_21.1,HRSD21,full,MinMaxScaler,RF,46,11,5,-0.1854,9.9164,11.156,-0.3115,-0.3164,-0.274
5,latency,ADK,HRSD_21.1,HRSD21,full,MinMaxScaler,ET,46,11,5,-0.3711,11.0959,13.0047,-0.4884,-0.7888,-0.6849
5,latency,ADK,HRSD_21.1,HRSD21,full,MinMaxScaler,GB,46,11,5,-0.3518,11.3624,14.0323,-0.3695,-1.0827,-0.4018
5,latency,ADK,HRSD_21.1,HRSD21,full,MinMaxScaler,XGB,46,11,5,-0.3681,10.9888,13.1581,-0.4234,-0.8312,-0.4566
5,latency,ADK,HRSD_21.1,HRSD21,full,MinMaxScaler,MLP,46,11,5,-0.5269,11.8243,13.6552,-0.6885,-0.9722,-0.7123
5,latency,ADK,HRSD_21.1,HRSD21,full,MinMaxScaler,LGBM,46,11,5,-0.3838,11.0948,12.5152,-0.529,-0.6567,-0.6651
5,latency,ADK,HRSD_21.1,HRSD21,full,MinMaxScaler,CatBoost,46,11,5,-0.3539,11.1758,12.5419,-0.457,-0.6637,-0.4064
5,latency,ADK,HRSD_21.1,HRSD21,full,RobustScaler,Ridge,46,11,10,-0.4274,11.5944,13.1227,-0.5591,-0.8214,-0.7123
5,latency,ADK,HRSD_21.1,HRSD21,full,RobustScaler,Lasso,46,11,10,-0.4326,13.4146,16.3554,-0.4334,-1.8293,-0.6438
5,latency,ADK,HRSD_21.1,HRSD21,full,RobustScaler,ElasticNet,46,11,10,-0.4538,13.0837,15.554,-0.4581,-1.5588,-0.6986
5,latency,ADK,HRSD_21.1,HRSD21,full,RobustScaler,SVR,46,11,10,-0.3137,10.573,13.4108,-0.4288,-0.9022,-0.5708
5,latency,ADK,HRSD_21.1,HRSD21,full,RobustScaler,KNN,46,11,10,-0.3652,10.3434,12.4458,-0.5578,-0.6383,-0.4966
5,latency,ADK,HRSD_21.1,HRSD21,full,RobustScaler,RF,46,11,10,-0.2878,10.1069,11.7958,-0.4502,-0.4717,-0.3653
5,latency,ADK,HRSD_21.1,HRSD21,full,RobustScaler,ET,46,11,10,-0.3882,11.005,13.3778,-0.4804,-0.8929,-0.5114
5,latency,ADK,HRSD_21.1,HRSD21,full,RobustScaler,GB,46,11,10,-0.4483,13.0148,15.0959,-0.4581,-1.4103,-0.5206
5,latency,ADK,HRSD_21.1,HRSD21,full,RobustScaler,XGB,46,11,10,-0.5693,11.7471,13.4731,-0.7368,-0.92,-0.8128
5,latency,ADK,HRSD_21.1,HRSD21,full,RobustScaler,MLP,46,11,10,-0.3401,14.4198,20.0675,-0.374,-3.2594,-0.4201
5,latency,ADK,HRSD_21.1,HRSD21,full,RobustScaler,LGBM,46,11,10,-0.4311,11.3781,13.0438,-0.5463,-0.7996,-0.6598
5,latency,ADK,HRSD_21.1,HRSD21,full,RobustScaler,CatBoost,46,11,10,-0.3944,10.9115,12.2636,-0.6074,-0.5907,-0.5708
1,latency,ADK,HRSD_24.1,HRSD24,full,StandardScaler,Ridge,45,12,5,0.1907,20.9117,39.4626,0.4757,-15.2547,0.2353
1,latency,ADK,HRSD_24.1,HRSD24,full,StandardScaler,Lasso,45,12,5,0.1862,21.2534,40.7868,0.4771,-16.364,0.2353
1,latency,ADK,HRSD_24.1,HRSD24,full,StandardScaler,ElasticNet,45,12,5,0.1781,22.037,42.941,0.4763,-18.2466,0.2353
1,latency,ADK,HRSD_24.1,HRSD24,full,StandardScaler,SVR,45,12,5,-0.0492,10.2022,11.719,-0.0572,-0.4335,-0.0392
1,latency,ADK,HRSD_24.1,HRSD24,full,StandardScaler,KNN,45,12,5,0.0104,11.3519,13.7795,0.0139,-0.9819,-0.0107
1,latency,ADK,HRSD_24.1,HRSD24,full,StandardScaler,RF,45,12,5,0.0016,10.8564,12.8059,0.0025,-0.7117,-0.0464
1,latency,ADK,HRSD_24.1,HRSD24,full,StandardScaler,ET,45,12,5,-0.1684,13.0317,14.855,-0.2077,-1.3033,-0.1783
1,latency,ADK,HRSD_24.1,HRSD24,full,StandardScaler,GB,45,12,5,-0.2425,13.5858,15.7698,-0.329,-1.5957,-0.2639
1,latency,ADK,HRSD_24.1,HRSD24,full,StandardScaler,XGB,45,12,5,-0.1208,12.5678,14.376,-0.1311,-1.1572,-0.1141
1,latency,ADK,HRSD_24.1,HRSD24,full,StandardScaler,MLP,45,12,5,0.1582,24.3262,48.5718,0.4671,-23.6251,0.271
1,latency,ADK,HRSD_24.1,HRSD24,full,StandardScaler,LGBM,45,12,5,0.067,10.7232,12.9238,0.0931,-0.7434,0.1146
1,latency,ADK,HRSD_24.1,HRSD24,full,StandardScaler,CatBoost,45,12,5,-0.0469,11.674,13.3882,-0.0628,-0.8709,-0.0036
1,latency,ADK,HRSD_24.1,HRSD24,full,MinMaxScaler,Ridge,45,12,5,0.2379,14.5475,18.4255,0.3779,-2.5436,0.0927
1,latency,ADK,HRSD_24.1,HRSD24,full,MinMaxScaler,Lasso,45,12,5,0.214,16.9354,22.7941,0.3839,-4.4232,0.1141
1,latency,ADK,HRSD_24.1,HRSD24,full,MinMaxScaler,ElasticNet,45,12,5,0.239,14.4751,18.306,0.3783,-2.4978,0.0927
1,latency,ADK,HRSD_24.1,HRSD24,full,MinMaxScaler,SVR,45,12,5,-0.0955,10.3023,13.2534,-0.0975,-0.8334,0.1533
1,latency,ADK,HRSD_24.1,HRSD24,full,MinMaxScaler,KNN,45,12,5,-0.0209,11.9167,13.838,-0.0361,-0.9987,-0.1339
1,latency,ADK,HRSD_24.1,HRSD24,full,MinMaxScaler,RF,45,12,5,0.1934,9.2146,11.2696,0.3768,-0.3256,0.3601
1,latency,ADK,HRSD_24.1,HRSD24,full,MinMaxScaler,ET,45,12,5,0.0231,10.9308,12.4905,0.0396,-0.6284,0.0285
1,latency,ADK,HRSD_24.1,HRSD24,full,MinMaxScaler,GB,45,12,5,0.0524,11.3019,12.996,0.062,-0.7629,0.1177
1,latency,ADK,HRSD_24.1,HRSD24,full,MinMaxScaler,XGB,45,12,5,0.1401,11.7238,12.8049,0.1688,-0.7114,0.1498
1,latency,ADK,HRSD_24.1,HRSD24,full,MinMaxScaler,MLP,45,12,5,0.1715,10.5571,13.3261,0.2379,-0.8536,0.1569
1,latency,ADK,HRSD_24.1,HRSD24,full,MinMaxScaler,LGBM,45,12,5,0.1176,10.6055,13.0742,0.2286,-0.7842,0.2333
1,latency,ADK,HRSD_24.1,HRSD24,full,MinMaxScaler,CatBoost,45,12,5,0.1003,10.4373,12.0248,0.1633,-0.5093,0.1141
1,latency,ADK,HRSD_24.1,HRSD24,full,RobustScaler,Ridge,45,12,5,0.3353,11.1853,13.8474,0.4345,-1.0015,0.1462
1,latency,ADK,HRSD_24.1,HRSD24,full,RobustScaler,Lasso,45,12,5,0.0,9.0778,10.4406,,-0.1378,
1,latency,ADK,HRSD_24.1,HRSD24,full,RobustScaler,ElasticNet,45,12,5,0.2708,14.645,21.1414,0.4301,-3.6653,0.1462
1,latency,ADK,HRSD_24.1,HRSD24,full,RobustScaler,SVR,45,12,5,-0.0011,9.169,11.0442,-0.0013,-0.2731,0.0107
1,latency,ADK,HRSD_24.1,HRSD24,full,RobustScaler,KNN,45,12,5,0.0957,11.25,12.9978,0.1259,-0.7634,0.1569
1,latency,ADK,HRSD_24.1,HRSD24,full,RobustScaler,RF,45,12,5,0.0665,10.1402,11.7761,0.0912,-0.4475,0.1212
1,latency,ADK,HRSD_24.1,HRSD24,full,RobustScaler,ET,45,12,5,-0.0257,12.3496,13.2389,-0.0302,-0.8294,-0.0178
1,latency,ADK,HRSD_24.1,HRSD24,full,RobustScaler,GB,45,12,5,-0.2182,11.1066,12.6683,-0.2552,-0.6751,-0.0606
1,latency,ADK,HRSD_24.1,HRSD24,full,RobustScaler,XGB,45,12,5,0.0136,10.7181,12.2361,0.015,-0.5628,0.082
1,latency,ADK,HRSD_24.1,HRSD24,full,RobustScaler,MLP,45,12,5,0.1044,33.0574,71.4029,0.4376,-52.2159,0.1212
1,latency,ADK,HRSD_24.1,HRSD24,full,RobustScaler,LGBM,45,12,5,0.0466,10.9553,12.9894,0.062,-0.7611,0.1225
1,latency,ADK,HRSD_24.1,HRSD24,full,RobustScaler,CatBoost,45,12,5,-0.0509,11.2429,12.7441,-0.0618,-0.6952,-0.0927
2,latency,ADK,HRSD_24.1,HRSD24,full,StandardScaler,Ridge,45,12,15,0.0545,12.9524,17.6376,0.1152,-0.4011,0.1226
2,latency,ADK,HRSD_24.1,HRSD24,full,StandardScaler,Lasso,45,12,15,0.1229,13.5031,17.5999,0.24,-0.3952,0.2452
2,latency,ADK,HRSD_24.1,HRSD24,full,StandardScaler,ElasticNet,45,12,15,0.0923,13.2514,17.6325,0.1856,-0.4003,0.1471
2,latency,ADK,HRSD_24.1,HRSD24,full,StandardScaler,SVR,45,12,15,-0.0081,13.3805,18.5427,-0.0146,-0.5486,-0.0911
2,latency,ADK,HRSD_24.1,HRSD24,full,StandardScaler,KNN,45,12,15,-0.0831,13.7619,18.7482,-0.1681,-0.5832,-0.1121
2,latency,ADK,HRSD_24.1,HRSD24,full,StandardScaler,RF,45,12,15,-0.0107,12.1321,17.3794,-0.0256,-0.3604,0.1261
2,latency,ADK,HRSD_24.1,HRSD24,full,StandardScaler,ET,45,12,15,-0.0377,12.6221,17.9086,-0.0797,-0.4445,-0.049
2,latency,ADK,HRSD_24.1,HRSD24,full,StandardScaler,GB,45,12,15,0.051,11.921,18.2837,0.1035,-0.5057,0.3398
2,latency,ADK,HRSD_24.1,HRSD24,full,StandardScaler,XGB,45,12,15,0.1021,11.1048,17.6213,0.1907,-0.3986,0.4623
2,latency,ADK,HRSD_24.1,HRSD24,full,StandardScaler,MLP,45,12,15,0.0301,13.0497,18.1649,0.0801,-0.4862,0.2067
2,latency,ADK,HRSD_24.1,HRSD24,full,StandardScaler,LGBM,45,12,15,0.1861,11.2854,16.1021,0.4674,-0.1678,0.4483
2,latency,ADK,HRSD_24.1,HRSD24,full,StandardScaler,CatBoost,45,12,15,0.0405,11.7433,17.7579,0.0893,-0.4203,0.2557
2,latency,ADK,HRSD_24.1,HRSD24,full,MinMaxScaler,Ridge,45,12,20,-0.0253,14.9391,20.543,-0.0481,-0.9008,-0.0245
2,latency,ADK,HRSD_24.1,HRSD24,full,MinMaxScaler,Lasso,45,12,20,-0.0375,15.0668,20.5316,-0.0711,-0.8987,0.0
2,latency,ADK,HRSD_24.1,HRSD24,full,MinMaxScaler,ElasticNet,45,12,20,-0.0162,14.1437,19.4991,-0.0292,-0.7125,-0.0455
2,latency,ADK,HRSD_24.1,HRSD24,full,MinMaxScaler,SVR,45,12,20,0.0084,14.2412,19.1556,0.0134,-0.6527,-0.1296
2,latency,ADK,HRSD_24.1,HRSD24,full,MinMaxScaler,KNN,45,12,20,-0.0552,14.1,18.8485,-0.0984,-0.6002,-0.2662
2,latency,ADK,HRSD_24.1,HRSD24,full,MinMaxScaler,RF,45,12,20,0.0084,12.0375,17.4894,0.0178,-0.3777,0.014
2,latency,ADK,HRSD_24.1,HRSD24,full,MinMaxScaler,ET,45,12,20,-0.0059,12.5688,17.9349,-0.0118,-0.4488,-0.0525
2,latency,ADK,HRSD_24.1,HRSD24,full,MinMaxScaler,GB,45,12,20,0.0444,12.6222,18.4056,0.0716,-0.5258,0.1961
2,latency,ADK,HRSD_24.1,HRSD24,full,MinMaxScaler,XGB,45,12,20,0.0275,12.251,18.4704,0.0505,-0.5366,0.2102
2,latency,ADK,HRSD_24.1,HRSD24,full,MinMaxScaler,MLP,45,12,20,-0.0349,15.0588,19.964,-0.0638,-0.7952,-0.0455
2,latency,ADK,HRSD_24.1,HRSD24,full,MinMaxScaler,LGBM,45,12,20,0.0806,12.8103,17.4026,0.166,-0.3641,0.1961
2,latency,ADK,HRSD_24.1,HRSD24,full,MinMaxScaler,CatBoost,45,12,20,0.0511,12.4806,17.9688,0.0923,-0.4543,0.2697
2,latency,ADK,HRSD_24.1,HRSD24,full,RobustScaler,Ridge,45,12,20,-0.0412,13.7472,18.8306,-0.0677,-0.5971,0.0245
2,latency,ADK,HRSD_24.1,HRSD24,full,RobustScaler,Lasso,45,12,20,0.0268,12.8771,17.4954,0.0536,-0.3787,0.1961
2,latency,ADK,HRSD_24.1,HRSD24,full,RobustScaler,ElasticNet,45,12,20,-0.0139,12.5013,17.4839,-0.029,-0.3768,0.0595
2,latency,ADK,HRSD_24.1,HRSD24,full,RobustScaler,SVR,45,12,20,-0.0695,14.1759,19.1743,-0.109,-0.6559,0.0175
2,latency,ADK,HRSD_24.1,HRSD24,full,RobustScaler,KNN,45,12,20,-0.0573,14.5833,19.17,-0.1101,-0.6552,-0.2732
2,latency,ADK,HRSD_24.1,HRSD24,full,RobustScaler,RF,45,12,20,-0.0266,12.3108,17.8641,-0.068,-0.4374,0.042
2,latency,ADK,HRSD_24.1,HRSD24,full,RobustScaler,ET,45,12,20,-0.0059,12.8062,17.5759,-0.0136,-0.3914,-0.0175
2,latency,ADK,HRSD_24.1,HRSD24,full,RobustScaler,GB,45,12,20,-0.0239,11.9797,17.9686,-0.0541,-0.4542,0.3152
2,latency,ADK,HRSD_24.1,HRSD24,full,RobustScaler,XGB,45,12,20,0.0493,11.4408,17.5428,0.1013,-0.3861,0.3257
2,latency,ADK,HRSD_24.1,HRSD24,full,RobustScaler,MLP,45,12,20,-0.0397,14.0725,19.0694,-0.0789,-0.6379,-0.0911
2,latency,ADK,HRSD_24.1,HRSD24,full,RobustScaler,LGBM,45,12,20,0.0584,12.387,16.8421,0.1294,-0.2776,0.2662
2,latency,ADK,HRSD_24.1,HRSD24,full,RobustScaler,CatBoost,45,12,20,-0.0259,12.0352,17.8869,-0.0622,-0.441,0.1541
3,latency,ADK,HRSD_24.1,HRSD24,full,StandardScaler,Ridge,46,11,5,-0.136,10.1962,11.2438,-0.4292,-0.2386,-0.2374
3,latency,ADK,HRSD_24.1,HRSD24,full,StandardScaler,Lasso,46,11,5,-0.1324,10.1298,11.1946,-0.4258,-0.2278,-0.169
3,latency,ADK,HRSD_24.1,HRSD24,full,StandardScaler,ElasticNet,46,11,5,-0.1309,10.1201,11.1771,-0.4254,-0.224,-0.169
3,latency,ADK,HRSD_24.1,HRSD24,full,StandardScaler,SVR,46,11,5,-0.1693,9.8822,11.9056,-0.3976,-0.3887,-0.1781
3,latency,ADK,HRSD_24.1,HRSD24,full,StandardScaler,KNN,46,11,5,0.0574,8.7677,10.6039,0.1005,-0.1017,0.3227
3,latency,ADK,HRSD_24.1,HRSD24,full,StandardScaler,RF,46,11,5,0.1308,8.4627,9.7315,0.2694,0.0722,0.2648
3,latency,ADK,HRSD_24.1,HRSD24,full,StandardScaler,ET,46,11,5,0.1585,8.3373,9.6818,0.2865,0.0816,0.2557
3,latency,ADK,HRSD_24.1,HRSD24,full,StandardScaler,GB,46,11,5,-0.1609,9.8931,12.6698,-0.1838,-0.5727,-0.1005
3,latency,ADK,HRSD_24.1,HRSD24,full,StandardScaler,XGB,46,11,5,0.041,8.8698,10.3823,0.0741,-0.0561,-0.0228
3,latency,ADK,HRSD_24.1,HRSD24,full,StandardScaler,MLP,46,11,5,-0.1156,10.0224,11.3968,-0.4491,-0.2726,-0.242
3,latency,ADK,HRSD_24.1,HRSD24,full,StandardScaler,LGBM,46,11,5,0.0508,9.2469,10.752,0.0699,-0.1326,0.1797
3,latency,ADK,HRSD_24.1,HRSD24,full,StandardScaler,CatBoost,46,11,5,-0.0482,9.325,10.6786,-0.1,-0.1172,-0.0822
3,latency,ADK,HRSD_24.1,HRSD24,full,MinMaxScaler,Ridge,46,11,5,0.0552,9.1927,10.3281,0.151,-0.0451,0.1781
3,latency,ADK,HRSD_24.1,HRSD24,full,MinMaxScaler,Lasso,46,11,5,0.0297,9.3755,10.5357,0.0725,-0.0875,0.0457
3,latency,ADK,HRSD_24.1,HRSD24,full,MinMaxScaler,ElasticNet,46,11,5,0.0523,9.2093,10.284,0.1493,-0.0362,0.1781
3,latency,ADK,HRSD_24.1,HRSD24,full,MinMaxScaler,SVR,46,11,5,0.1242,8.7878,11.0792,0.2509,-0.2026,0.3105
3,latency,ADK,HRSD_24.1,HRSD24,full,MinMaxScaler,KNN,46,11,5,0.1687,8.3117,10.3836,0.3476,-0.0564,0.4737
3,latency,ADK,HRSD_24.1,HRSD24,full,MinMaxScaler,RF,46,11,5,0.0271,9.2814,10.62,0.0632,-0.105,0.2831
3,latency,ADK,HRSD_24.1,HRSD24,full,MinMaxScaler,ET,46,11,5,0.251,7.9609,9.4691,0.5437,0.1215,0.5982
3,latency,ADK,HRSD_24.1,HRSD24,full,MinMaxScaler,GB,46,11,5,0.0874,9.6622,11.317,0.1649,-0.2548,0.2009
3,latency,ADK,HRSD_24.1,HRSD24,full,MinMaxScaler,XGB,46,11,5,0.0796,9.0326,11.3711,0.1368,-0.2668,0.3881
3,latency,ADK,HRSD_24.1,HRSD24,full,MinMaxScaler,MLP,46,11,5,0.0227,9.3308,10.7384,0.0601,-0.1298,0.2557
3,latency,ADK,HRSD_24.1,HRSD24,full,MinMaxScaler,LGBM,46,11,5,0.0668,9.4034,10.9912,0.0906,-0.1836,0.2125
3,latency,ADK,HRSD_24.1,HRSD24,full,MinMaxScaler,CatBoost,46,11,5,0.0995,8.6674,10.5195,0.2902,-0.0842,0.4064
3,latency,ADK,HRSD_24.1,HRSD24,full,RobustScaler,Ridge,46,11,5,-0.0067,9.5838,10.7242,-0.0157,-0.1268,0.0776
3,latency,ADK,HRSD_24.1,HRSD24,full,RobustScaler,Lasso,46,11,5,-0.0292,9.6237,10.7041,-0.0866,-0.1226,0.0913
3,latency,ADK,HRSD_24.1,HRSD24,full,RobustScaler,ElasticNet,46,11,5,-0.022,9.6248,10.5666,-0.0669,-0.0939,0.032
3,latency,ADK,HRSD_24.1,HRSD24,full,RobustScaler,SVR,46,11,5,0.094,8.1847,10.6522,0.2155,-0.1117,0.2694
3,latency,ADK,HRSD_24.1,HRSD24,full,RobustScaler,KNN,46,11,5,0.1716,8.8312,9.7819,0.2701,0.0625,0.3272
3,latency,ADK,HRSD_24.1,HRSD24,full,RobustScaler,RF,46,11,5,0.0859,8.8355,10.3272,0.1513,-0.0449,0.0959
3,latency,ADK,HRSD_24.1,HRSD24,full,RobustScaler,ET,46,11,5,0.054,8.9609,10.3684,0.1139,-0.0533,0.1918
3,latency,ADK,HRSD_24.1,HRSD24,full,RobustScaler,GB,46,11,5,0.2607,9.6095,12.1897,0.261,-0.4558,0.2648
3,latency,ADK,HRSD_24.1,HRSD24,full,RobustScaler,XGB,46,11,5,0.0299,9.2071,12.287,0.0359,-0.4791,0.0548
3,latency,ADK,HRSD_24.1,HRSD24,full,RobustScaler,MLP,46,11,5,0.0418,9.0318,11.2573,0.1013,-0.2416,0.1187
3,latency,ADK,HRSD_24.1,HRSD24,full,RobustScaler,LGBM,46,11,5,0.0888,8.8411,10.7687,0.1211,-0.1362,0.1366
3,latency,ADK,HRSD_24.1,HRSD24,full,RobustScaler,CatBoost,46,11,5,0.0058,9.0746,11.0135,0.0089,-0.1884,0.0274
4,latency,ADK,HRSD_24.1,HRSD24,full,StandardScaler,Ridge,46,11,10,-0.192,9.2686,11.1737,-0.2342,-0.5603,-0.3964
4,latency,ADK,HRSD_24.1,HRSD24,full,StandardScaler,Lasso,46,11,10,-0.1671,8.7554,10.7164,-0.2268,-0.4352,-0.4055
4,latency,ADK,HRSD_24.1,HRSD24,full,StandardScaler,ElasticNet,46,11,10,-0.1449,8.2912,10.3126,-0.2285,-0.3291,-0.3964
4,latency,ADK,HRSD_24.1,HRSD24,full,StandardScaler,SVR,46,11,10,0.0722,9.0423,10.03,0.0869,-0.2572,-0.0866
4,latency,ADK,HRSD_24.1,HRSD24,full,StandardScaler,KNN,46,11,10,0.1093,9.013,9.7551,0.1442,-0.1893,-0.0457
4,latency,ADK,HRSD_24.1,HRSD24,full,StandardScaler,RF,46,11,10,-0.0739,9.1037,10.6577,-0.0862,-0.4195,-0.2232
4,latency,ADK,HRSD_24.1,HRSD24,full,StandardScaler,ET,46,11,10,-0.0312,9.1968,10.1873,-0.0396,-0.297,-0.2141
4,latency,ADK,HRSD_24.1,HRSD24,full,StandardScaler,GB,46,11,10,-0.1982,10.6851,12.2467,-0.207,-0.8744,-0.3235
4,latency,ADK,HRSD_24.1,HRSD24,full,StandardScaler,XGB,46,11,10,-0.072,10.3939,11.6719,-0.0747,-0.7026,-0.3235
4,latency,ADK,HRSD_24.1,HRSD24,full,StandardScaler,MLP,46,11,10,-0.1946,10.4229,11.9273,-0.2105,-0.7779,-0.4055
4,latency,ADK,HRSD_24.1,HRSD24,full,StandardScaler,LGBM,46,11,10,0.0248,8.623,10.2674,0.0287,-0.3175,-0.1142
4,latency,ADK,HRSD_24.1,HRSD24,full,StandardScaler,CatBoost,46,11,10,-0.0367,8.6115,10.0484,-0.0481,-0.2619,-0.1595
4,latency,ADK,HRSD_24.1,HRSD24,full,MinMaxScaler,Ridge,46,11,5,-0.1792,8.921,10.8742,-0.2343,-0.4778,-0.3964
4,latency,ADK,HRSD_24.1,HRSD24,full,MinMaxScaler,Lasso,46,11,5,-0.1868,9.2054,11.1122,-0.2295,-0.5432,-0.3964
4,latency,ADK,HRSD_24.1,HRSD24,full,MinMaxScaler,ElasticNet,46,11,5,-0.1707,8.741,10.73,-0.2328,-0.4389,-0.4055
4,latency,ADK,HRSD_24.1,HRSD24,full,MinMaxScaler,SVR,46,11,5,-0.1653,9.1499,10.6093,-0.2328,-0.4067,-0.3964
4,latency,ADK,HRSD_24.1,HRSD24,full,MinMaxScaler,KNN,46,11,5,-0.0414,9.2208,10.8993,-0.0456,-0.4846,-0.1233
4,latency,ADK,HRSD_24.1,HRSD24,full,MinMaxScaler,RF,46,11,5,-0.1081,9.5109,11.0293,-0.1222,-0.5203,-0.246
4,latency,ADK,HRSD_24.1,HRSD24,full,MinMaxScaler,ET,46,11,5,-0.0497,9.5836,10.4623,-0.0608,-0.368,-0.3052
4,latency,ADK,HRSD_24.1,HRSD24,full,MinMaxScaler,GB,46,11,5,-0.0407,12.2654,13.3961,-0.0409,-1.2427,-0.2323
4,latency,ADK,HRSD_24.1,HRSD24,full,MinMaxScaler,XGB,46,11,5,-0.0201,11.7626,12.914,-0.0202,-1.0842,-0.1002
4,latency,ADK,HRSD_24.1,HRSD24,full,MinMaxScaler,MLP,46,11,5,-0.1062,9.6816,10.9268,-0.1219,-0.4921,-0.4055
4,latency,ADK,HRSD_24.1,HRSD24,full,MinMaxScaler,LGBM,46,11,5,-0.0806,10.181,11.5152,-0.0856,-0.6572,-0.2798
4,latency,ADK,HRSD_24.1,HRSD24,full,MinMaxScaler,CatBoost,46,11,5,-0.0553,8.8589,10.3541,-0.0681,-0.3398,-0.1959
4,latency,ADK,HRSD_24.1,HRSD24,full,RobustScaler,Ridge,46,11,5,-0.0515,6.9922,9.4724,-0.1683,-0.1213,-0.369
4,latency,ADK,HRSD_24.1,HRSD24,full,RobustScaler,Lasso,46,11,5,0.0,7.1107,9.2738,,-0.0748,
4,latency,ADK,HRSD_24.1,HRSD24,full,RobustScaler,ElasticNet,46,11,5,-0.1178,7.993,10.1148,-0.2006,-0.2786,-0.3599
4,latency,ADK,HRSD_24.1,HRSD24,full,RobustScaler,SVR,46,11,5,0.2133,8.655,9.3616,0.2518,-0.0953,0.0046
4,latency,ADK,HRSD_24.1,HRSD24,full,RobustScaler,KNN,46,11,5,0.3419,7.7879,8.775,0.3792,0.0377,0.3326
4,latency,ADK,HRSD_24.1,HRSD24,full,RobustScaler,RF,46,11,5,0.1406,8.4777,9.4267,0.1683,-0.1106,0.0137
4,latency,ADK,HRSD_24.1,HRSD24,full,RobustScaler,ET,46,11,5,0.0879,9.3636,10.1174,0.101,-0.2793,-0.2597
4,latency,ADK,HRSD_24.1,HRSD24,full,RobustScaler,GB,46,11,5,0.1458,10.0111,10.5629,0.1578,-0.3944,0.0957
4,latency,ADK,HRSD_24.1,HRSD24,full,RobustScaler,XGB,46,11,5,0.25,9.181,9.8005,0.2699,-0.2004,0.0228
4,latency,ADK,HRSD_24.1,HRSD24,full,RobustScaler,MLP,46,11,5,-0.0873,11.1313,12.5776,-0.0881,-0.977,-0.3508
4,latency,ADK,HRSD_24.1,HRSD24,full,RobustScaler,LGBM,46,11,5,0.3252,7.2199,8.4827,0.3809,0.1007,0.3494
4,latency,ADK,HRSD_24.1,HRSD24,full,RobustScaler,CatBoost,46,11,5,0.1541,8.0435,8.9834,0.2258,-0.0086,-0.0683
5,latency,ADK,HRSD_24.1,HRSD24,full,StandardScaler,Ridge,46,11,5,-0.3518,19.4565,25.2294,-0.372,-2.8777,-0.5877
5,latency,ADK,HRSD_24.1,HRSD24,full,StandardScaler,Lasso,46,11,5,-0.324,18.9311,25.0036,-0.3442,-2.8086,-0.6105
5,latency,ADK,HRSD_24.1,HRSD24,full,StandardScaler,ElasticNet,46,11,5,-0.3806,17.6428,21.5775,-0.3819,-1.8364,-0.5877
5,latency,ADK,HRSD_24.1,HRSD24,full,StandardScaler,SVR,46,11,5,-0.3956,13.942,17.4023,-0.5932,-0.8449,-0.6105
5,latency,ADK,HRSD_24.1,HRSD24,full,StandardScaler,KNN,46,11,5,-0.5905,15.6234,17.8838,-0.778,-0.9484,-0.7443
5,latency,ADK,HRSD_24.1,HRSD24,full,StandardScaler,RF,46,11,5,-0.3154,13.6747,15.4994,-0.5329,-0.4635,-0.4966
5,latency,ADK,HRSD_24.1,HRSD24,full,StandardScaler,ET,46,11,5,-0.4165,14.3355,17.4604,-0.5613,-0.8573,-0.7198
5,latency,ADK,HRSD_24.1,HRSD24,full,StandardScaler,GB,46,11,5,-0.3679,17.3899,21.5287,-0.3685,-1.8236,-0.3371
5,latency,ADK,HRSD_24.1,HRSD24,full,StandardScaler,XGB,46,11,5,-0.5723,15.7291,17.9644,-0.7151,-0.966,-0.8064
5,latency,ADK,HRSD_24.1,HRSD24,full,StandardScaler,MLP,46,11,5,-0.385,18.8686,25.4473,-0.4058,-2.945,-0.5695
5,latency,ADK,HRSD_24.1,HRSD24,full,StandardScaler,LGBM,46,11,5,-0.4486,15.5798,17.3832,-0.5485,-0.8409,-0.6766
5,latency,ADK,HRSD_24.1,HRSD24,full,StandardScaler,CatBoost,46,11,5,-0.4292,14.76,16.6599,-0.603,-0.6909,-0.5239
5,latency,ADK,HRSD_24.1,HRSD24,full,MinMaxScaler,Ridge,46,11,5,-0.3251,17.8417,23.0673,-0.334,-2.2416,-0.5968
5,latency,ADK,HRSD_24.1,HRSD24,full,MinMaxScaler,Lasso,46,11,5,-0.321,19.6792,26.3689,-0.3505,-3.2359,-0.5923
5,latency,ADK,HRSD_24.1,HRSD24,full,MinMaxScaler,ElasticNet,46,11,5,-0.3398,16.1726,19.5133,-0.3452,-1.3197,-0.4784
5,latency,ADK,HRSD_24.1,HRSD24,full,MinMaxScaler,SVR,46,11,5,-0.2927,13.105,16.3967,-0.4801,-0.6378,-0.5968
5,latency,ADK,HRSD_24.1,HRSD24,full,MinMaxScaler,KNN,46,11,5,-0.3421,15.1429,17.0799,-0.4079,-0.7772,-0.4146
5,latency,ADK,HRSD_24.1,HRSD24,full,MinMaxScaler,RF,46,11,5,-0.1979,13.2099,14.6685,-0.3528,-0.3108,-0.4647
5,latency,ADK,HRSD_24.1,HRSD24,full,MinMaxScaler,ET,46,11,5,-0.3626,14.5491,16.9678,-0.4755,-0.7539,-0.615
5,latency,ADK,HRSD_24.1,HRSD24,full,MinMaxScaler,GB,46,11,5,-0.2841,14.4102,18.5154,-0.2921,-1.0885,-0.2187
5,latency,ADK,HRSD_24.1,HRSD24,full,MinMaxScaler,XGB,46,11,5,-0.3074,14.2842,16.8809,-0.3585,-0.736,-0.2825
5,latency,ADK,HRSD_24.1,HRSD24,full,MinMaxScaler,MLP,46,11,5,-0.4277,15.3393,17.9537,-0.4808,-0.9637,-0.6333
5,latency,ADK,HRSD_24.1,HRSD24,full,MinMaxScaler,LGBM,46,11,5,-0.3671,14.6917,16.459,-0.4917,-0.6503,-0.5551
5,latency,ADK,HRSD_24.1,HRSD24,full,MinMaxScaler,CatBoost,46,11,5,-0.387,14.4228,16.5543,-0.526,-0.6695,-0.5011
5,latency,ADK,HRSD_24.1,HRSD24,full,RobustScaler,Ridge,46,11,10,-0.4007,15.3283,17.1923,-0.5129,-0.8007,-0.6515
5,latency,ADK,HRSD_24.1,HRSD24,full,RobustScaler,Lasso,46,11,10,-0.3641,18.7448,23.7412,-0.3745,-2.4337,-0.6241
5,latency,ADK,HRSD_24.1,HRSD24,full,RobustScaler,ElasticNet,46,11,10,-0.3981,17.9919,21.8526,-0.3992,-1.9092,-0.5877
5,latency,ADK,HRSD_24.1,HRSD24,full,RobustScaler,SVR,46,11,10,-0.2996,12.4467,16.3343,-0.5085,-0.6254,-0.6196
5,latency,ADK,HRSD_24.1,HRSD24,full,RobustScaler,KNN,46,11,10,-0.3545,13.6061,16.2821,-0.5469,-0.615,-0.4703
5,latency,ADK,HRSD_24.1,HRSD24,full,RobustScaler,RF,46,11,10,-0.2629,13.3439,15.2507,-0.4343,-0.4169,-0.4966
5,latency,ADK,HRSD_24.1,HRSD24,full,RobustScaler,ET,46,11,10,-0.3259,14.2573,16.8166,-0.4187,-0.7228,-0.5239
5,latency,ADK,HRSD_24.1,HRSD24,full,RobustScaler,GB,46,11,10,-0.5028,17.5138,20.1975,-0.5164,-1.4852,-0.5831
5,latency,ADK,HRSD_24.1,HRSD24,full,RobustScaler,XGB,46,11,10,-0.6223,16.2463,18.4586,-0.7541,-1.0757,-0.8246
5,latency,ADK,HRSD_24.1,HRSD24,full,RobustScaler,MLP,46,11,10,-0.3163,18.2862,24.7402,-0.337,-2.7288,-0.3781
5,latency,ADK,HRSD_24.1,HRSD24,full,RobustScaler,LGBM,46,11,10,-0.4118,15.0717,17.1495,-0.5114,-0.7917,-0.6398
5,latency,ADK,HRSD_24.1,HRSD24,full,RobustScaler,CatBoost,46,11,10,-0.3913,14.3697,16.1426,-0.6067,-0.5875,-0.7016
