scaler,model,mean_CCC,std_CCC,mean_MAE,std_MAE,mean_RMSE,mean_r,std_r,mean_R2,n_folds,phase,condition,target,target_short,features
RobustScaler,MLP,0.06322,0.09646103876695503,7.9540999999999995,1.9944144466484393,9.1891,0.07848,0.12263014311334713,-1.59026,5,negative_training,ADK,phq_8,PHQ8,full
MinMaxScaler,Ridge,0.009879999999999996,0.14060921733656012,6.85618,1.376629368058084,7.94758,-0.0036199999999999956,0.1986350220882511,-0.89,5,negative_training,ADK,phq_8,PHQ8,full
MinMaxScaler,ElasticNet,0.009579999999999997,0.13457584107112242,6.587680000000001,1.0287954203824976,7.627720000000001,-0.004999999999999993,0.18730356376748414,-0.7152200000000001,5,negative_training,ADK,phq_8,PHQ8,full
RobustScaler,KNN,-0.005399999999999999,0.10104313435360168,6.260000000000001,0.49110476479056886,7.2571200000000005,0.02183999999999999,0.18548436052670317,-0.51738,5,negative_training,ADK,phq_8,PHQ8,full
MinMaxScaler,KNN,-0.009219999999999996,0.12376448198089789,5.92672,0.5312007407750855,7.01358,0.010640000000000002,0.14633975194730925,-0.43376000000000003,5,negative_training,ADK,phq_8,PHQ8,full
StandardScaler,MLP,-0.016980000000000002,0.17649857506506958,7.81002,1.8922866886389071,8.97804,-0.004460000000000008,0.20620737862646912,-1.44228,5,negative_training,ADK,phq_8,PHQ8,full
MinMaxScaler,CatBoost,-0.023419999999999996,0.2751508804274484,6.03048,0.40750582449825207,7.18142,0.003520000000000001,0.36370252542428133,-0.5128199999999999,5,negative_training,ADK,phq_8,PHQ8,full
MinMaxScaler,Lasso,-0.02486,0.12107325468492205,6.5157799999999995,0.9744438372733444,7.536440000000001,-0.060499999999999984,0.19568822141355366,-0.66726,5,negative_training,ADK,phq_8,PHQ8,full
StandardScaler,KNN,-0.030520000000000002,0.04417841101714728,5.994719999999999,0.7666308283652569,7.03784,-0.05057999999999999,0.06042687316087107,-0.40606,5,negative_training,ADK,phq_8,PHQ8,full
MinMaxScaler,XGB,-0.03215999999999999,0.2624996819045692,6.28186,0.8632289661497695,7.472880000000001,-0.012019999999999998,0.3332069732163479,-0.6438200000000001,5,negative_training,ADK,phq_8,PHQ8,full
MinMaxScaler,MLP,-0.03465999999999999,0.1114300139100772,6.71216,0.8703423653942166,7.780619999999999,-0.04172000000000001,0.14478805889989685,-0.8003200000000001,5,negative_training,ADK,phq_8,PHQ8,full
StandardScaler,Lasso,-0.03520000000000001,0.13998326685714974,6.73108,0.43361276157419537,7.8544,-0.037880000000000004,0.17617584113606496,-0.8289799999999999,5,negative_training,ADK,phq_8,PHQ8,full
StandardScaler,Ridge,-0.03618,0.12156830178957014,6.69068,1.0606456675063545,7.87996,-0.06460000000000002,0.19126090818565095,-0.8495799999999999,5,negative_training,ADK,phq_8,PHQ8,full
StandardScaler,ElasticNet,-0.04366,0.1373075125402831,6.5740799999999995,0.6723708626940937,7.64344,-0.0615,0.19033002915987796,-0.72122,5,negative_training,ADK,phq_8,PHQ8,full
RobustScaler,ElasticNet,-0.04536,0.12110215935316761,6.716200000000001,0.8952311517144608,7.726520000000001,-0.0591,0.16903086996167296,-0.7461800000000001,5,negative_training,ADK,phq_8,PHQ8,full
RobustScaler,Ridge,-0.04956000000000001,0.12389077043912512,6.97706,1.3185139790688603,8.08024,-0.06398000000000001,0.159850389427114,-0.9427199999999999,5,negative_training,ADK,phq_8,PHQ8,full
RobustScaler,ET,-0.05284,0.1685191176098427,6.221819999999999,0.27360612566242026,7.35722,-0.03549999999999999,0.2377951008746816,-0.58722,5,negative_training,ADK,phq_8,PHQ8,full
MinMaxScaler,ET,-0.05404,0.18960217034622784,5.949540000000001,0.5008499306179448,7.130920000000001,-0.03229999999999999,0.23083914312784995,-0.48634000000000005,5,negative_training,ADK,phq_8,PHQ8,full
RobustScaler,Lasso,-0.05818000000000001,0.12897023687657555,6.58168,1.0043080861966613,7.567659999999999,-0.08790000000000002,0.18814411143234508,-0.6906399999999999,5,negative_training,ADK,phq_8,PHQ8,full
MinMaxScaler,SVR,-0.0637,0.09980080159998717,6.2441,0.7136346299052476,7.321299999999999,-0.08838000000000001,0.1270735889160293,-0.56934,5,negative_training,ADK,phq_8,PHQ8,full
RobustScaler,CatBoost,-0.06802,0.18376858273382857,6.30068,0.33153487297718764,7.39978,-0.06598000000000001,0.23810274462928813,-0.59062,5,negative_training,ADK,phq_8,PHQ8,full
RobustScaler,RF,-0.06906,0.14713798965596886,6.19836,0.19625372098383234,7.2868200000000005,-0.0596,0.1928819068756839,-0.5618,5,negative_training,ADK,phq_8,PHQ8,full
MinMaxScaler,GB,-0.06978,0.31629082661373537,6.3909199999999995,0.8876063750334382,7.64108,-0.05067999999999998,0.37167878874103105,-0.7242999999999999,5,negative_training,ADK,phq_8,PHQ8,full
MinMaxScaler,RF,-0.07600000000000001,0.1497924564188731,6.008979999999999,0.5285963743727343,7.1419,-0.07436000000000001,0.22855031831087,-0.46630000000000005,5,negative_training,ADK,phq_8,PHQ8,full
RobustScaler,GB,-0.08462,0.23143156007770418,6.509479999999999,0.39820444121079324,7.901260000000001,-0.07333999999999999,0.2541399870150307,-0.83998,5,negative_training,ADK,phq_8,PHQ8,full
RobustScaler,XGB,-0.09254,0.22511773142069463,6.58852,0.3294829540355615,8.06818,-0.07376000000000002,0.28571899306836424,-0.92486,5,negative_training,ADK,phq_8,PHQ8,full
StandardScaler,LGBM,-0.09414000000000003,0.1839795450586831,6.14954,0.7914016319164368,7.1196,-0.09519999999999999,0.24255647795925797,-0.46054000000000006,5,negative_training,ADK,phq_8,PHQ8,full
RobustScaler,LGBM,-0.09594,0.15476121284094407,6.19422,0.423819226793688,7.273480000000001,-0.10422000000000001,0.21733907149889087,-0.5365599999999999,5,negative_training,ADK,phq_8,PHQ8,full
StandardScaler,GB,-0.09716,0.2637334411863615,6.39972,0.6095220726109922,7.526259999999999,-0.09037999999999999,0.2858947306265017,-0.68276,5,negative_training,ADK,phq_8,PHQ8,full
RobustScaler,SVR,-0.09884000000000001,0.13759417865593007,6.34628,0.6218134583619114,7.406259999999999,-0.13402000000000003,0.19940690058270302,-0.6233600000000001,5,negative_training,ADK,phq_8,PHQ8,full
StandardScaler,XGB,-0.10025999999999999,0.27216025242492703,6.3458,0.9864201158735559,7.36472,-0.10325999999999999,0.32738016586225865,-0.59564,5,negative_training,ADK,phq_8,PHQ8,full
StandardScaler,SVR,-0.10716,0.13365580047270675,6.33694,0.5391911979993738,7.24924,-0.20966,0.20987542257253466,-0.5488,5,negative_training,ADK,phq_8,PHQ8,full
StandardScaler,CatBoost,-0.11148,0.2223224617531931,6.31524,0.32928311982244113,7.33112,-0.13126000000000002,0.28537805276509964,-0.5840599999999999,5,negative_training,ADK,phq_8,PHQ8,full
StandardScaler,RF,-0.11354000000000002,0.17460990235378976,6.132140000000001,0.4942732776511396,7.19096,-0.14088,0.22771944800565455,-0.5101600000000001,5,negative_training,ADK,phq_8,PHQ8,full
MinMaxScaler,LGBM,-0.118,0.24528698497882026,6.1868,0.8373801615753744,7.27114,-0.11379999999999998,0.35521279537764405,-0.52028,5,negative_training,ADK,phq_8,PHQ8,full
StandardScaler,ET,-0.12354000000000001,0.1355490427852591,6.271660000000001,0.4739414130459587,7.2655199999999995,-0.16429999999999997,0.17448340895340164,-0.5331,5,negative_training,ADK,phq_8,PHQ8,full
RobustScaler,LGBM,0.3625,0.1525674113302051,8.44114,1.1011770216454755,10.828619999999999,0.4586,0.18805836859868802,0.10912,5,negative_training,ADK,ads.1,CES-D,full
RobustScaler,ElasticNet,0.32214,0.21080862885565196,9.33864,0.9030276230547989,11.738679999999999,0.40818000000000004,0.22716849913665405,-0.06876,5,negative_training,ADK,ads.1,CES-D,full
RobustScaler,Lasso,0.31416,0.2175548965203955,9.425479999999999,0.8712013900356215,11.865379999999998,0.4061,0.21713159604258422,-0.0896,5,negative_training,ADK,ads.1,CES-D,full
RobustScaler,Ridge,0.31288,0.20491021692438857,9.394459999999999,0.8765068642058654,11.8926,0.40309999999999996,0.21820685140480808,-0.09246000000000001,5,negative_training,ADK,ads.1,CES-D,full
MinMaxScaler,SVR,0.30924,0.1323560463295878,9.68314,0.9004201924657182,11.746780000000001,0.38722,0.14784803684865075,-0.06412000000000001,5,negative_training,ADK,ads.1,CES-D,full
StandardScaler,SVR,0.29044000000000003,0.20325394953112227,9.07586,1.2333534096113736,11.279679999999999,0.36362,0.24171248829963254,0.02962,5,negative_training,ADK,ads.1,CES-D,full
MinMaxScaler,Ridge,0.28528000000000003,0.14289334134241524,9.7574,0.7834506206519976,12.015559999999999,0.36566,0.14222539506009466,-0.08364,5,negative_training,ADK,ads.1,CES-D,full
MinMaxScaler,ElasticNet,0.28318,0.14788440418110355,9.58798,0.6440694077504379,11.83178,0.36474,0.1355516432950925,-0.04862,5,negative_training,ADK,ads.1,CES-D,full
RobustScaler,SVR,0.27984,0.22521423800461637,9.35772,1.9117145581911543,11.69096,0.33728,0.2741845582814612,-0.04558000000000002,5,negative_training,ADK,ads.1,CES-D,full
MinMaxScaler,Lasso,0.27752,0.14836880399868432,9.82544,0.5308417306504832,12.13754,0.35344,0.13336672373572053,-0.10276000000000003,5,negative_training,ADK,ads.1,CES-D,full
StandardScaler,LGBM,0.27344,0.20734306836737995,9.086580000000001,1.267420217212902,11.559040000000001,0.32662,0.25017388352903663,-0.012699999999999994,5,negative_training,ADK,ads.1,CES-D,full
RobustScaler,ET,0.27327999999999997,0.19255079070208983,9.548480000000001,1.6729712331657112,11.76736,0.34624,0.2424943566353658,-0.07043999999999997,5,negative_training,ADK,ads.1,CES-D,full
MinMaxScaler,ET,0.27069999999999994,0.186284728305892,9.73894,1.4967040799703852,11.76644,0.33952,0.21586083943133366,-0.06886,5,negative_training,ADK,ads.1,CES-D,full
MinMaxScaler,MLP,0.2701,0.1490163581624514,9.33554,0.6108491245798757,11.57532,0.37364,0.15202698115795105,-0.011100000000000013,5,negative_training,ADK,ads.1,CES-D,full
StandardScaler,ElasticNet,0.2698,0.17031946453649977,9.889859999999999,1.1289506889142678,12.76306,0.34594,0.18146691985042343,-0.26316,5,negative_training,ADK,ads.1,CES-D,full
StandardScaler,Lasso,0.26846000000000003,0.1816526988514071,9.905759999999999,1.1229672938247126,12.76866,0.35159999999999997,0.1817397177284041,-0.26524000000000003,5,negative_training,ADK,ads.1,CES-D,full
MinMaxScaler,LGBM,0.26364000000000004,0.2668346641649094,9.5067,1.4966886833941113,11.5257,0.33609999999999995,0.32514993464554165,-0.03339999999999999,5,negative_training,ADK,ads.1,CES-D,full
StandardScaler,Ridge,0.26192,0.1618726258513156,9.9211,1.1174572228949082,12.863579999999999,0.33853999999999995,0.16959925707384454,-0.27978000000000003,5,negative_training,ADK,ads.1,CES-D,full
MinMaxScaler,KNN,0.25383999999999995,0.13308269233826014,9.92238,0.9335473244565594,11.9917,0.31185999999999997,0.15965037738759028,-0.0992,5,negative_training,ADK,ads.1,CES-D,full
RobustScaler,RF,0.25245999999999996,0.18016629262989234,9.5366,1.2316051457346224,11.600779999999999,0.33842,0.239419437389699,-0.027539999999999988,5,negative_training,ADK,ads.1,CES-D,full
MinMaxScaler,RF,0.25012,0.2175927204664715,9.712860000000001,1.0720007756527044,11.526340000000001,0.3122599999999999,0.2849963912052221,-0.010339999999999998,5,negative_training,ADK,ads.1,CES-D,full
StandardScaler,KNN,0.24228,0.13168725071167672,9.650679999999998,0.47036576937528074,12.31068,0.29464,0.15006316336796316,-0.14983999999999997,5,negative_training,ADK,ads.1,CES-D,full
RobustScaler,MLP,0.24165999999999999,0.3053137206219203,10.280420000000001,1.3007792768183237,12.76452,0.26808,0.32131262346817313,-0.27066,5,negative_training,ADK,ads.1,CES-D,full
RobustScaler,XGB,0.23634,0.19681873132402822,10.04284,1.5675326975856037,12.43182,0.28606,0.24621735925803442,-0.18206,5,negative_training,ADK,ads.1,CES-D,full
MinMaxScaler,CatBoost,0.23442,0.26704044075757516,10.057999999999998,1.2333362416632374,11.916639999999997,0.26786,0.31216874923669086,-0.08062000000000001,5,negative_training,ADK,ads.1,CES-D,full
StandardScaler,ET,0.23265999999999995,0.19614290198730108,9.713140000000001,1.5017778008080953,12.203199999999999,0.29062,0.2396295203016523,-0.15102,5,negative_training,ADK,ads.1,CES-D,full
MinMaxScaler,XGB,0.22552,0.299207138952265,10.79452,2.191609036073725,12.978800000000001,0.26004,0.3384738882100065,-0.3273,5,negative_training,ADK,ads.1,CES-D,full
StandardScaler,MLP,0.22124000000000002,0.24303207195759166,10.92536,1.5199157075311769,13.67392,0.26067999999999997,0.24943482515478868,-0.43572,5,negative_training,ADK,ads.1,CES-D,full
RobustScaler,CatBoost,0.20665999999999998,0.20290646367230394,9.9604,1.147164347423681,12.32996,0.24725999999999998,0.242393271358757,-0.15874000000000002,5,negative_training,ADK,ads.1,CES-D,full
MinMaxScaler,GB,0.20202,0.2942593532922955,11.1801,1.9540511469764559,12.969040000000001,0.24603999999999998,0.3431892233156513,-0.29576,5,negative_training,ADK,ads.1,CES-D,full
StandardScaler,RF,0.19097999999999998,0.20996754987378408,9.98424,1.2582119964457497,12.24268,0.23879999999999998,0.28789201100412637,-0.1407,5,negative_training,ADK,ads.1,CES-D,full
StandardScaler,CatBoost,0.1792,0.2769307043287183,10.425479999999999,1.430979462466181,12.824699999999998,0.20818000000000003,0.35032513041459074,-0.27233999999999997,5,negative_training,ADK,ads.1,CES-D,full
RobustScaler,KNN,0.17594,0.18027863988836837,10.06248,0.8870804287098215,12.87518,0.21304000000000003,0.22391444348232653,-0.25794,5,negative_training,ADK,ads.1,CES-D,full
RobustScaler,GB,0.15855999999999998,0.2219764919985898,10.651440000000001,1.3583784240777674,13.070699999999999,0.19191999999999998,0.27609371959535767,-0.2994,5,negative_training,ADK,ads.1,CES-D,full
StandardScaler,XGB,0.13685999999999998,0.25083197164635934,11.06224,1.5523297484748524,13.62228,0.16924,0.3106425164075259,-0.41386,5,negative_training,ADK,ads.1,CES-D,full
StandardScaler,GB,0.11368,0.22480403021298348,11.143,1.1957630680866507,13.64506,0.13790000000000002,0.2765547956553999,-0.4082,5,negative_training,ADK,ads.1,CES-D,full
RobustScaler,MLP,-0.10898000000000001,0.25957339424525006,6.387419999999999,1.7817565790533791,8.13502,-0.11317999999999999,0.2782216598325874,-1.81786,5,negative_training,ADK,HRSD_6.1,HRSD6,full
RobustScaler,Lasso,-0.11534,0.2427795769829085,5.55024,1.2219881251468852,6.537940000000001,-0.18987500000000002,0.31419265188734125,-1.11336,5,negative_training,ADK,HRSD_6.1,HRSD6,full
StandardScaler,Ridge,-0.1223,0.25698501901861903,5.84524,1.594590776030013,7.3678799999999995,-0.15977999999999998,0.3199344339079493,-1.48794,5,negative_training,ADK,HRSD_6.1,HRSD6,full
RobustScaler,ElasticNet,-0.12405999999999999,0.244999944897953,5.55908,1.1892876321563257,6.4957400000000005,-0.21557999999999997,0.2886883475306892,-1.07076,5,negative_training,ADK,HRSD_6.1,HRSD6,full
MinMaxScaler,RF,-0.12546,0.24244939265751936,5.087860000000001,1.2170694240675015,6.114179999999999,-0.17816,0.3427434871737171,-0.6073200000000001,5,negative_training,ADK,HRSD_6.1,HRSD6,full
MinMaxScaler,LGBM,-0.12812,0.28106253218812355,4.98022,0.950571489683969,5.96722,-0.18480000000000002,0.4248764820509603,-0.55224,5,negative_training,ADK,HRSD_6.1,HRSD6,full
StandardScaler,SVR,-0.12897999999999998,0.3134820361679438,5.29978,1.696622990531485,6.3057,-0.14455999999999997,0.3978540285079441,-0.76276,5,negative_training,ADK,HRSD_6.1,HRSD6,full
MinMaxScaler,XGB,-0.13044000000000003,0.38284716663441565,5.54338,1.3391126211039905,6.649539999999999,-0.18184,0.45979826337210106,-1.03234,5,negative_training,ADK,HRSD_6.1,HRSD6,full
StandardScaler,XGB,-0.13121999999999998,0.3234480514704023,5.468020000000001,1.4733169336568421,6.605600000000001,-0.16052,0.373054160947174,-0.9182,5,negative_training,ADK,HRSD_6.1,HRSD6,full
MinMaxScaler,MLP,-0.13158,0.30000666159270534,5.55056,1.3884057757010377,6.906119999999999,-0.19268000000000002,0.3883336928467577,-1.24328,5,negative_training,ADK,HRSD_6.1,HRSD6,full
StandardScaler,Lasso,-0.13382,0.25675374778179966,5.7563,1.44809828913648,7.23486,-0.16313999999999998,0.3034621689766288,-1.3930799999999999,5,negative_training,ADK,HRSD_6.1,HRSD6,full
RobustScaler,XGB,-0.13662,0.26272948445121264,5.58732,1.4547383929765518,6.6559,-0.14751999999999998,0.30594257957989435,-0.8585,5,negative_training,ADK,HRSD_6.1,HRSD6,full
RobustScaler,Ridge,-0.14118,0.25366680310990636,5.55048,1.2391618889394556,6.449040000000001,-0.21986,0.30217149600847526,-0.97312,5,negative_training,ADK,HRSD_6.1,HRSD6,full
MinMaxScaler,Ridge,-0.14614,0.2251507672649596,5.584439999999999,1.3841028513083844,6.96572,-0.20284,0.3320993721764617,-1.1798000000000002,5,negative_training,ADK,HRSD_6.1,HRSD6,full
MinMaxScaler,CatBoost,-0.148,0.31191231139536635,5.42772,1.3473582938476312,6.46452,-0.19852,0.3820678303652376,-0.8196,5,negative_training,ADK,HRSD_6.1,HRSD6,full
MinMaxScaler,Lasso,-0.15125999999999998,0.2583552457373374,5.6743999999999994,1.6025467341079325,7.183539999999999,-0.1835,0.30260572532587676,-1.2601999999999998,5,negative_training,ADK,HRSD_6.1,HRSD6,full
RobustScaler,GB,-0.15145999999999998,0.17461363921526865,5.594759999999999,1.2479344365791019,6.709320000000001,-0.1624,0.20409633754675757,-0.9206,5,negative_training,ADK,HRSD_6.1,HRSD6,full
MinMaxScaler,ElasticNet,-0.15248,0.24677208513119955,5.53358,1.6194568154168232,7.008059999999999,-0.19672,0.31726731946420195,-1.1188,5,negative_training,ADK,HRSD_6.1,HRSD6,full
RobustScaler,LGBM,-0.15252,0.2814354313159592,5.18156,0.9199543293011889,6.074340000000001,-0.20842,0.368892276959006,-0.6309400000000001,5,negative_training,ADK,HRSD_6.1,HRSD6,full
StandardScaler,MLP,-0.15416000000000002,0.22373938634044743,5.590960000000001,1.8755299965609722,7.23574,-0.16494,0.23341998200668254,-1.2149,5,negative_training,ADK,HRSD_6.1,HRSD6,full
StandardScaler,RF,-0.1572,0.2753799647759437,5.2416,1.297870371030944,6.167399999999999,-0.20234000000000002,0.3689099592041397,-0.6601800000000001,5,negative_training,ADK,HRSD_6.1,HRSD6,full
MinMaxScaler,SVR,-0.16088000000000002,0.30258994034832026,5.2331,1.6697655374333251,6.556819999999999,-0.21264000000000002,0.3587851906085311,-0.84938,5,negative_training,ADK,HRSD_6.1,HRSD6,full
StandardScaler,LGBM,-0.16099999999999998,0.2902216566695187,5.28714,0.8536012904160818,6.19792,-0.23022,0.43340165205038156,-0.7412400000000001,5,negative_training,ADK,HRSD_6.1,HRSD6,full
MinMaxScaler,GB,-0.16146,0.32723380479406466,5.552479999999999,1.4289515061750695,6.651940000000001,-0.21114000000000002,0.3974424398576479,-0.9429399999999999,5,negative_training,ADK,HRSD_6.1,HRSD6,full
MinMaxScaler,ET,-0.16432,0.2753107190067252,5.37664,1.432246446321302,6.4081,-0.21894,0.37500889722778574,-0.74222,5,negative_training,ADK,HRSD_6.1,HRSD6,full
StandardScaler,ElasticNet,-0.16499999999999998,0.24758427858004234,5.638920000000001,1.2792402850911158,7.035080000000001,-0.19178,0.31529572943508133,-1.3349199999999999,5,negative_training,ADK,HRSD_6.1,HRSD6,full
RobustScaler,CatBoost,-0.16651999999999997,0.21087694753101865,5.395180000000001,1.3900528144642563,6.28324,-0.19266,0.23278449905438295,-0.7065400000000001,5,negative_training,ADK,HRSD_6.1,HRSD6,full
MinMaxScaler,KNN,-0.1722,0.25243542738688635,5.7158,1.413693759270373,6.77876,-0.22844000000000003,0.32807906516570057,-0.99276,5,negative_training,ADK,HRSD_6.1,HRSD6,full
StandardScaler,CatBoost,-0.17234,0.263759138230318,5.3852,1.3323885394283455,6.509780000000001,-0.19949999999999998,0.3140338118738172,-0.8424799999999999,5,negative_training,ADK,HRSD_6.1,HRSD6,full
RobustScaler,KNN,-0.18222,0.26727626531362636,5.391360000000001,1.446719920371597,6.29556,-0.23690000000000003,0.35908597160011696,-0.8011799999999999,5,negative_training,ADK,HRSD_6.1,HRSD6,full
RobustScaler,RF,-0.18334,0.23831666538452573,5.432080000000001,1.5171469876053538,6.2713600000000005,-0.22324000000000002,0.28402231954548923,-0.66976,5,negative_training,ADK,HRSD_6.1,HRSD6,full
StandardScaler,KNN,-0.18702000000000002,0.17530948918983252,5.311319999999999,1.4341829248739508,6.38556,-0.24866000000000002,0.2505812802265963,-0.7712,5,negative_training,ADK,HRSD_6.1,HRSD6,full
StandardScaler,GB,-0.19161999999999998,0.2857502528432827,5.76968,1.1809934893978036,6.895300000000001,-0.2323,0.3380765815610422,-1.1506599999999998,5,negative_training,ADK,HRSD_6.1,HRSD6,full
RobustScaler,SVR,-0.20534000000000002,0.2890326504047596,5.52434,1.3852035637407234,6.487,-0.25314000000000003,0.3651383477532866,-0.8751200000000001,5,negative_training,ADK,HRSD_6.1,HRSD6,full
RobustScaler,ET,-0.20631999999999998,0.22297160581562847,5.55696,1.5880315717894276,6.536439999999999,-0.24570000000000003,0.27285536461649423,-0.79826,5,negative_training,ADK,HRSD_6.1,HRSD6,full
StandardScaler,ET,-0.22193999999999997,0.2410947801176956,5.544079999999999,1.5422362001327814,6.526059999999999,-0.26886,0.295000081355921,-0.8095399999999999,5,negative_training,ADK,HRSD_6.1,HRSD6,full
StandardScaler,GB,0.02666,0.2412480424791049,7.70278,1.422020786416289,9.552859999999999,0.013159999999999996,0.30341482000719744,-0.62558,5,negative_training,ADK,HRSD_17.1,HRSD17,full
StandardScaler,Ridge,0.02653999999999999,0.3124860364880325,8.121120000000001,1.9424150449890984,9.8732,-0.005339999999999989,0.3822976693625008,-0.6811999999999999,5,negative_training,ADK,HRSD_17.1,HRSD17,full
StandardScaler,Lasso,0.012679999999999992,0.3268954756493274,8.00916,1.9179609949110015,9.746699999999999,-0.0026800000000000044,0.368692760981281,-0.64624,5,negative_training,ADK,HRSD_17.1,HRSD17,full
StandardScaler,ElasticNet,0.009740000000000004,0.3111812863910682,7.73486,1.7846987457271326,9.32056,-0.008500000000000013,0.3656069884452429,-0.5299799999999999,5,negative_training,ADK,HRSD_17.1,HRSD17,full
StandardScaler,XGB,0.008299999999999997,0.25712137211830527,7.72328,1.4477778151360108,9.707980000000001,-0.022420000000000002,0.31967084946863705,-0.71754,5,negative_training,ADK,HRSD_17.1,HRSD17,full
MinMaxScaler,KNN,0.0012399999999999967,0.1485672675928315,7.6417,1.5113638261517308,9.20036,-0.023719999999999998,0.2136270980002303,-0.49026,5,negative_training,ADK,HRSD_17.1,HRSD17,full
MinMaxScaler,SVR,-0.004540000000000002,0.2509622142873305,7.933200000000001,1.7692619068413806,9.628440000000001,-0.07632000000000001,0.36274587109986517,-0.62996,5,negative_training,ADK,HRSD_17.1,HRSD17,full
RobustScaler,MLP,-0.004720000000000004,0.2612210309297473,9.921,3.0609943245618734,13.72114,0.02596,0.3030814131549475,-2.2493,5,negative_training,ADK,HRSD_17.1,HRSD17,full
MinMaxScaler,LGBM,-0.03344,0.2431491579257473,7.530000000000001,2.1860879522562673,8.9567,-0.0789,0.3395952222867689,-0.37604,5,negative_training,ADK,HRSD_17.1,HRSD17,full
StandardScaler,LGBM,-0.036480000000000005,0.18394971323706924,7.581300000000001,1.9779800896369,9.06028,-0.07906,0.25276634071806314,-0.40624000000000005,5,negative_training,ADK,HRSD_17.1,HRSD17,full
StandardScaler,MLP,-0.03719999999999999,0.23581186356924452,8.50246,1.9216929367097129,10.266379999999998,-0.06272000000000001,0.29069735464912644,-0.85286,5,negative_training,ADK,HRSD_17.1,HRSD17,full
MinMaxScaler,MLP,-0.03765999999999999,0.24809727527725894,8.23188,1.7793356490555678,10.25634,-0.09363999999999999,0.35091994528667075,-0.88788,5,negative_training,ADK,HRSD_17.1,HRSD17,full
StandardScaler,SVR,-0.03802,0.17759747182885235,8.29938,1.9086573047564088,9.943299999999999,-0.05963999999999999,0.21540791071824636,-0.7404400000000001,5,negative_training,ADK,HRSD_17.1,HRSD17,full
MinMaxScaler,RF,-0.04104,0.12822890859708663,7.724500000000001,1.6508444566342404,9.26584,-0.09944,0.24428166734325357,-0.5051599999999999,5,negative_training,ADK,HRSD_17.1,HRSD17,full
StandardScaler,KNN,-0.04178,0.2536731696494527,8.27682,2.0062887072901545,9.73772,-0.09481999999999999,0.3552918898595913,-0.65266,5,negative_training,ADK,HRSD_17.1,HRSD17,full
StandardScaler,RF,-0.046439999999999995,0.12146360771852613,7.54774,1.4016074425458793,9.13148,-0.09316,0.21396103149872875,-0.48548,5,negative_training,ADK,HRSD_17.1,HRSD17,full
RobustScaler,XGB,-0.04650000000000001,0.2317165833513001,7.984779999999999,1.5082659752178995,10.30102,-0.06314,0.2751641564593761,-0.9023199999999999,5,negative_training,ADK,HRSD_17.1,HRSD17,full
RobustScaler,ElasticNet,-0.04826,0.277522851311383,8.83818,3.1173008014947805,13.448939999999999,-0.08996,0.3444426120560579,-2.38678,5,negative_training,ADK,HRSD_17.1,HRSD17,full
RobustScaler,GB,-0.04944,0.21789826295773906,8.26494,1.5353877402793081,10.587259999999999,-0.05638,0.24394964029487726,-0.95164,5,negative_training,ADK,HRSD_17.1,HRSD17,full
RobustScaler,Lasso,-0.050780000000000006,0.2809623053009068,9.248679999999998,3.8197647613432952,14.308940000000002,-0.09998000000000003,0.3516715186079191,-2.96924,5,negative_training,ADK,HRSD_17.1,HRSD17,full
RobustScaler,Ridge,-0.052059999999999995,0.2917017020862237,9.107220000000002,3.31097980694537,13.830279999999998,-0.09815999999999998,0.35340017402372625,-2.5756,5,negative_training,ADK,HRSD_17.1,HRSD17,full
RobustScaler,KNN,-0.05941999999999999,0.24408603401259976,7.95998,2.202146864312188,9.756260000000001,-0.09640000000000001,0.31261979303940435,-0.65746,5,negative_training,ADK,HRSD_17.1,HRSD17,full
RobustScaler,LGBM,-0.06114000000000001,0.17785722644863208,7.7364999999999995,1.5980977645313195,9.1912,-0.11842000000000001,0.26528185388375136,-0.45994,5,negative_training,ADK,HRSD_17.1,HRSD17,full
MinMaxScaler,ET,-0.0649,0.24022571677486987,8.001319999999998,2.468765272762884,9.57478,-0.12754,0.3534188138738513,-0.56402,5,negative_training,ADK,HRSD_17.1,HRSD17,full
MinMaxScaler,XGB,-0.06516,0.23388582257161292,8.02604,1.3805359549827014,9.75348,-0.1357,0.3168920951996121,-0.68916,5,negative_training,ADK,HRSD_17.1,HRSD17,full
RobustScaler,CatBoost,-0.0671,0.17055721913774274,7.6613,1.596741780940175,9.677800000000001,-0.1031,0.2299685848110563,-0.6493399999999999,5,negative_training,ADK,HRSD_17.1,HRSD17,full
RobustScaler,RF,-0.06896,0.16081995522944284,7.6544,1.5544271436770525,9.454839999999999,-0.1099,0.22628412449838367,-0.5707599999999999,5,negative_training,ADK,HRSD_17.1,HRSD17,full
StandardScaler,ET,-0.07234,0.179005483156243,8.01574,1.871600585862272,9.569799999999999,-0.12840000000000001,0.27119193387709745,-0.58364,5,negative_training,ADK,HRSD_17.1,HRSD17,full
MinMaxScaler,Ridge,-0.08174000000000001,0.2645771683271253,8.06562,1.9898837822847841,10.01288,-0.13032000000000002,0.36025065856983524,-0.74102,5,negative_training,ADK,HRSD_17.1,HRSD17,full
RobustScaler,ET,-0.08234000000000001,0.1923126178907666,8.148779999999999,1.858020035414043,10.01956,-0.1346,0.27400025547433343,-0.73662,5,negative_training,ADK,HRSD_17.1,HRSD17,full
StandardScaler,CatBoost,-0.08681999999999998,0.16649773872338325,7.97528,1.5739190693933407,9.755260000000002,-0.12932000000000002,0.23425867539965303,-0.67992,5,negative_training,ADK,HRSD_17.1,HRSD17,full
MinMaxScaler,ElasticNet,-0.09152000000000002,0.26561085632933007,7.970479999999999,2.1119693669653445,9.87678,-0.12730000000000002,0.3585253617249413,-0.6857599999999999,5,negative_training,ADK,HRSD_17.1,HRSD17,full
MinMaxScaler,Lasso,-0.09519999999999999,0.2833670146647277,8.313399999999998,2.1009038328776497,10.365640000000003,-0.13176000000000002,0.3552163115624056,-0.8624600000000001,5,negative_training,ADK,HRSD_17.1,HRSD17,full
RobustScaler,SVR,-0.11276,0.23933581637523457,8.60618,2.1022887472942435,10.553439999999998,-0.143,0.270559937906557,-0.98004,5,negative_training,ADK,HRSD_17.1,HRSD17,full
MinMaxScaler,GB,-0.11322000000000002,0.27068333343595424,8.2951,1.9530521588017054,10.18898,-0.16394,0.3365382489405922,-0.82046,5,negative_training,ADK,HRSD_17.1,HRSD17,full
MinMaxScaler,CatBoost,-0.11721999999999999,0.17019407157712632,8.1769,1.6636484153810867,9.702659999999998,-0.20246,0.29295597450811617,-0.6613600000000001,5,negative_training,ADK,HRSD_17.1,HRSD17,full
RobustScaler,Lasso,0.181,0.33272606600625687,8.40068,2.3975175519691194,10.68546,0.14304,0.412946192620782,-0.47402,5,negative_training,ADK,HRSD_21.1,HRSD21,full
RobustScaler,Ridge,0.16964,0.33064776273248847,8.53706,2.181587460543354,10.83078,0.14176000000000002,0.4214993036767677,-0.51808,5,negative_training,ADK,HRSD_21.1,HRSD21,full
RobustScaler,ElasticNet,0.16344,0.3036153125255708,8.255779999999998,2.266970111624765,10.31934,0.13666000000000003,0.3912506396160906,-0.37517999999999996,5,negative_training,ADK,HRSD_21.1,HRSD21,full
StandardScaler,MLP,0.15356,0.28403320756559436,8.3381,2.1744421951387896,11.07998,0.13465999999999997,0.34171555861564157,-0.73274,5,negative_training,ADK,HRSD_21.1,HRSD21,full
StandardScaler,Lasso,0.135,0.3449997028984228,8.40604,2.218993312968744,10.800180000000001,0.10737999999999999,0.42168626015083777,-0.5970799999999999,5,negative_training,ADK,HRSD_21.1,HRSD21,full
StandardScaler,Ridge,0.12434,0.34260321510458713,8.214400000000001,2.3868463052739695,10.56258,0.08872,0.41597682267164837,-0.52966,5,negative_training,ADK,HRSD_21.1,HRSD21,full
StandardScaler,ElasticNet,0.11948,0.3360381481320238,8.14804,2.283227606481667,10.502260000000001,0.0991,0.41528222331325476,-0.52046,5,negative_training,ADK,HRSD_21.1,HRSD21,full
MinMaxScaler,KNN,0.0986,0.14869725955780086,8.401979999999998,1.5839976916018532,10.30164,0.09097999999999999,0.19263839700329735,-0.41281999999999996,5,negative_training,ADK,HRSD_21.1,HRSD21,full
RobustScaler,MLP,0.07618,0.21742612998441563,9.157599999999999,1.2379156473685922,11.68334,0.04678,0.3467697896299503,-1.07578,5,negative_training,ADK,HRSD_21.1,HRSD21,full
MinMaxScaler,Lasso,0.047319999999999994,0.39794334018802224,8.55998,2.839116814609783,10.711079999999999,-0.014479999999999998,0.501026463372944,-0.46042000000000005,5,negative_training,ADK,HRSD_21.1,HRSD21,full
MinMaxScaler,GB,0.03747999999999999,0.2047085660152012,8.665859999999999,1.783339169367398,10.53402,-0.0015399999999999969,0.2702465226418279,-0.46665999999999996,5,negative_training,ADK,HRSD_21.1,HRSD21,full
StandardScaler,SVR,0.03263999999999999,0.26412669876405903,8.35682,2.540366766236718,10.180359999999999,0.009840000000000005,0.4180734122136925,-0.33544,5,negative_training,ADK,HRSD_21.1,HRSD21,full
MinMaxScaler,XGB,0.026600000000000006,0.2222634022955646,8.68432,1.9901760354300322,10.648299999999999,-0.009360000000000002,0.2866349385542523,-0.49627999999999994,5,negative_training,ADK,HRSD_21.1,HRSD21,full
RobustScaler,GB,0.024959999999999993,0.3322930905089662,8.793,2.298221165379868,10.794599999999999,-0.02622,0.42304239385669135,-0.50842,5,negative_training,ADK,HRSD_21.1,HRSD21,full
MinMaxScaler,RF,0.02384,0.13956764668074045,8.58072,1.775359900696194,10.13448,-0.011160000000000003,0.22023301977678097,-0.3503,5,negative_training,ADK,HRSD_21.1,HRSD21,full
StandardScaler,XGB,0.014260000000000005,0.2839235777458434,8.413900000000002,2.445005299585259,10.964319999999999,0.01589999999999999,0.30577910327555086,-0.58116,5,negative_training,ADK,HRSD_21.1,HRSD21,full
MinMaxScaler,SVR,0.012920000000000004,0.2645873428567587,9.40162,1.9814567449227851,11.167019999999999,-0.11095999999999999,0.4622773658746446,-0.6415200000000001,5,negative_training,ADK,HRSD_21.1,HRSD21,full
MinMaxScaler,CatBoost,0.012900000000000005,0.23294977999560335,8.876299999999999,2.046342550747552,10.530779999999998,-0.029099999999999994,0.30575818059374965,-0.44456000000000007,5,negative_training,ADK,HRSD_21.1,HRSD21,full
MinMaxScaler,ElasticNet,0.010199999999999983,0.36936798724307446,8.6432,2.686353970533295,10.72352,-0.04698000000000002,0.47507042320060294,-0.46648000000000006,5,negative_training,ADK,HRSD_21.1,HRSD21,full
MinMaxScaler,MLP,0.009759999999999994,0.2924791154937392,8.82178,2.2570729367922517,10.996780000000001,-0.06232000000000002,0.40365348629734393,-0.5769399999999999,5,negative_training,ADK,HRSD_21.1,HRSD21,full
RobustScaler,XGB,0.005720000000000001,0.2633974696157881,8.742239999999999,2.0471818050676394,11.258880000000001,0.005199999999999999,0.277801907840821,-0.68932,5,negative_training,ADK,HRSD_21.1,HRSD21,full
RobustScaler,CatBoost,0.003020000000000017,0.26278123410928717,8.39616,2.11833637390288,10.14372,-0.05553999999999999,0.3879506708332903,-0.33307999999999993,5,negative_training,ADK,HRSD_21.1,HRSD21,full
MinMaxScaler,ET,7.999999999999396e-05,0.1942815662897538,8.77802,2.1190605505742393,10.52004,-0.038879999999999984,0.27413601003881266,-0.44623999999999997,5,negative_training,ADK,HRSD_21.1,HRSD21,full
MinMaxScaler,Ridge,3.999999999998415e-05,0.3299079159401908,8.736839999999999,2.531724075210409,10.83032,-0.07134,0.44571196192159795,-0.50424,5,negative_training,ADK,HRSD_21.1,HRSD21,full
MinMaxScaler,LGBM,-0.00010000000000000009,0.20341709613501024,8.440100000000001,2.2634479693600205,10.19316,-0.07676000000000001,0.34356774150085745,-0.3550999999999999,5,negative_training,ADK,HRSD_21.1,HRSD21,full
StandardScaler,LGBM,-0.012239999999999997,0.195393559259255,8.49028,1.9237177955718965,10.41084,-0.08736000000000002,0.3183652038147385,-0.41545999999999994,5,negative_training,ADK,HRSD_21.1,HRSD21,full
RobustScaler,SVR,-0.012259999999999995,0.24057724954783236,8.54562,2.3031451673743892,10.178120000000002,-0.037419999999999995,0.39787086724212417,-0.35028000000000004,5,negative_training,ADK,HRSD_21.1,HRSD21,full
StandardScaler,KNN,-0.015960000000000002,0.21545625542090904,8.8969,2.2499058824759763,10.76316,-0.08034,0.34342944399104747,-0.5372600000000001,5,negative_training,ADK,HRSD_21.1,HRSD21,full
RobustScaler,LGBM,-0.027860000000000006,0.2178845290515139,8.455,2.040729449241128,10.381000000000002,-0.10352000000000001,0.33144379915756456,-0.40264,5,negative_training,ADK,HRSD_21.1,HRSD21,full
StandardScaler,ET,-0.03206,0.2465273473673864,8.675300000000002,2.331570538285299,10.726479999999999,-0.11538000000000001,0.39724455565809835,-0.5050600000000001,5,negative_training,ADK,HRSD_21.1,HRSD21,full
StandardScaler,CatBoost,-0.032679999999999994,0.26583672056358204,8.522279999999999,2.256347104724803,10.48408,-0.10322,0.3749699214603753,-0.44146,5,negative_training,ADK,HRSD_21.1,HRSD21,full
RobustScaler,RF,-0.0366,0.16413415244853827,8.290560000000001,1.8502549440550078,10.13514,-0.10146000000000002,0.30148620698134765,-0.34726,5,negative_training,ADK,HRSD_21.1,HRSD21,full
RobustScaler,ET,-0.03882000000000001,0.24283432006205385,8.65374,2.219149388391868,10.49972,-0.12395999999999999,0.389840977835835,-0.42889999999999995,5,negative_training,ADK,HRSD_21.1,HRSD21,full
StandardScaler,GB,-0.04542,0.2720637370176334,8.84114,2.3080961403286473,11.109919999999999,-0.09967999999999999,0.34447358679585294,-0.60328,5,negative_training,ADK,HRSD_21.1,HRSD21,full
RobustScaler,KNN,-0.04606,0.2298459331813378,9.32156,1.6448387300887592,11.107,-0.10264000000000002,0.34927008603658,-0.69086,5,negative_training,ADK,HRSD_21.1,HRSD21,full
StandardScaler,RF,-0.06512,0.2038449705045479,8.50496,2.0986816869168137,10.59762,-0.13348,0.3189620149798405,-0.47796000000000005,5,negative_training,ADK,HRSD_21.1,HRSD21,full
StandardScaler,XGB,0.16436,0.16993593792956216,10.576939999999999,1.9970500214065752,13.19932,0.18968,0.16914602271410345,-0.35082,5,negative_training,ADK,HRSD_24.1,HRSD24,full
StandardScaler,GB,0.15926,0.2118352024570043,10.421879999999998,2.199738596288205,12.880540000000002,0.1902,0.23026688863143135,-0.30074,5,negative_training,ADK,HRSD_24.1,HRSD24,full
MinMaxScaler,SVR,0.1292,0.19512866268183154,11.453759999999999,1.7868585724673343,14.24496,0.09482,0.27092021334702954,-0.57318,5,negative_training,ADK,HRSD_24.1,HRSD24,full
RobustScaler,GB,0.11907999999999999,0.2974030716048508,10.40738,2.516870792670931,13.117439999999998,0.09874,0.3459724887906551,-0.3347,5,negative_training,ADK,HRSD_24.1,HRSD24,full
RobustScaler,XGB,0.10611999999999999,0.30744211975589814,10.55066,3.05968852548752,13.4315,0.08245999999999999,0.3505351523028753,-0.3919,5,negative_training,ADK,HRSD_24.1,HRSD24,full
MinMaxScaler,ElasticNet,0.09440000000000001,0.21609226038893667,10.77918,2.6367885006196454,13.36818,0.05846,0.3316802797876292,-0.39239999999999997,5,negative_training,ADK,HRSD_24.1,HRSD24,full
RobustScaler,ET,0.09068,0.1951238504130133,10.298860000000001,2.8965125086904084,13.158000000000001,0.08352,0.24915250751296886,-0.31006,5,negative_training,ADK,HRSD_24.1,HRSD24,full
StandardScaler,KNN,0.08832,0.1933587003473079,10.92578,2.7395996472112487,13.228200000000001,0.07150000000000001,0.2528475232229891,-0.33344000000000007,5,negative_training,ADK,HRSD_24.1,HRSD24,full
StandardScaler,CatBoost,0.08578,0.16603607138209456,10.6497,2.2975170108184177,13.388259999999999,0.1116,0.20239934535467255,-0.39786,5,negative_training,ADK,HRSD_24.1,HRSD24,full
MinMaxScaler,KNN,0.0857,0.1625705385363535,10.86626,2.642126442470155,13.3529,0.07636,0.2111071126229526,-0.35012000000000004,5,negative_training,ADK,HRSD_24.1,HRSD24,full
RobustScaler,KNN,0.0834,0.14275780188837314,10.659279999999999,3.2510663961229707,13.547940000000002,0.08471999999999999,0.1853133076710898,-0.409,5,negative_training,ADK,HRSD_24.1,HRSD24,full
RobustScaler,LGBM,0.0826,0.08659099260315706,10.375240000000002,2.074514533089609,12.697640000000002,0.07048,0.13045214448218165,-0.24108000000000002,5,negative_training,ADK,HRSD_24.1,HRSD24,full
MinMaxScaler,MLP,0.08226,0.2712688574090288,11.3405,2.965738273179209,13.95232,0.049980000000000004,0.32733842120960993,-0.45872,5,negative_training,ADK,HRSD_24.1,HRSD24,full
MinMaxScaler,Ridge,0.08220000000000001,0.24722185380746584,10.971359999999999,2.6173301039418018,13.552420000000001,0.045720000000000004,0.33918327936382714,-0.4250999999999999,5,negative_training,ADK,HRSD_24.1,HRSD24,full
StandardScaler,ET,0.08054,0.17202663456569742,10.95896,2.9715798732324195,13.16256,0.07926000000000001,0.22903441444464193,-0.31966,5,negative_training,ADK,HRSD_24.1,HRSD24,full
StandardScaler,RF,0.07846,0.1269207351066011,10.307659999999998,2.115053652510971,12.83998,0.11026000000000002,0.19366270420501724,-0.28706,5,negative_training,ADK,HRSD_24.1,HRSD24,full
RobustScaler,SVR,0.0784,0.16902933177410365,10.79854,2.8342251309661344,13.973700000000003,0.08744,0.1823138310715893,-0.48500000000000004,5,negative_training,ADK,HRSD_24.1,HRSD24,full
MinMaxScaler,RF,0.07544,0.13028861423777596,10.39154,2.2321242523658937,12.61848,0.08626,0.17632547462009,-0.2177,5,negative_training,ADK,HRSD_24.1,HRSD24,full
MinMaxScaler,Lasso,0.07039999999999999,0.22862756832893097,11.369899999999998,2.364510661849508,14.106959999999997,0.03684,0.2966614703664768,-0.54696,5,negative_training,ADK,HRSD_24.1,HRSD24,full
MinMaxScaler,GB,0.0645,0.16817921988164888,11.04128,1.6270073592335104,13.48096,0.06345999999999999,0.19750896941658116,-0.4347,5,negative_training,ADK,HRSD_24.1,HRSD24,full
MinMaxScaler,ET,0.06168,0.22220163590756933,10.62414,2.789078273910576,12.914060000000001,0.02570000000000001,0.31740837260538673,-0.24180000000000001,5,negative_training,ADK,HRSD_24.1,HRSD24,full
RobustScaler,CatBoost,0.058499999999999996,0.18693445375318057,10.720279999999999,2.4012037527040473,13.43298,0.03526,0.22548944099447318,-0.38974,5,negative_training,ADK,HRSD_24.1,HRSD24,full
RobustScaler,Lasso,0.05406,0.17948587131025104,11.48496,1.8433748880789278,14.677460000000002,0.037360000000000004,0.20529900876526413,-0.67734,5,negative_training,ADK,HRSD_24.1,HRSD24,full
RobustScaler,RF,0.05234000000000001,0.1451211149350776,10.335260000000002,2.496237913941698,13.05956,0.05045999999999999,0.19981146863981558,-0.30408,5,negative_training,ADK,HRSD_24.1,HRSD24,full
RobustScaler,ElasticNet,0.05074000000000001,0.17086834990717267,11.142520000000001,2.3427269510124304,14.24366,0.044539999999999996,0.2168127602333405,-0.57794,5,negative_training,ADK,HRSD_24.1,HRSD24,full
StandardScaler,Lasso,0.048040000000000006,0.2319129642775496,11.80154,2.2931977810472435,14.479,0.0319,0.2695053710039932,-0.6537799999999999,5,negative_training,ADK,HRSD_24.1,HRSD24,full
MinMaxScaler,XGB,0.046419999999999996,0.2098544662379145,10.980080000000001,1.158331287672054,13.69132,0.05576,0.2245930386276476,-0.4986400000000001,5,negative_training,ADK,HRSD_24.1,HRSD24,full
StandardScaler,ElasticNet,0.0432,0.2357031183501822,11.862680000000001,2.433407096439064,14.668099999999999,0.02494,0.2795868433957507,-0.6899799999999999,5,negative_training,ADK,HRSD_24.1,HRSD24,full
StandardScaler,Ridge,0.04145999999999999,0.2401729231199887,12.022960000000001,2.228184998603123,14.772300000000001,0.021199999999999997,0.2784479394788189,-0.7124599999999999,5,negative_training,ADK,HRSD_24.1,HRSD24,full
StandardScaler,SVR,0.03908,0.10613857451464101,11.01672,2.9072629743454583,13.493920000000003,0.026379999999999997,0.1378431064652854,-0.39748,5,negative_training,ADK,HRSD_24.1,HRSD24,full
MinMaxScaler,LGBM,0.0363,0.13689264041576524,10.24172,2.592008785093137,12.679359999999999,-0.0008399999999999963,0.27902124112690774,-0.22632000000000002,5,negative_training,ADK,HRSD_24.1,HRSD24,full
RobustScaler,Ridge,0.03586,0.2083915857226486,11.537479999999999,2.595173442566026,15.028719999999998,0.01376,0.2384867774112435,-0.7381,5,negative_training,ADK,HRSD_24.1,HRSD24,full
RobustScaler,MLP,0.02962,0.25042903585646775,11.4285,2.633913377467072,15.137319999999999,0.006780000000000006,0.30823164503340666,-0.7764800000000001,5,negative_training,ADK,HRSD_24.1,HRSD24,full
StandardScaler,LGBM,0.028859999999999997,0.10996171151814617,10.544060000000002,2.1680397927621162,12.875959999999997,0.012639999999999998,0.17449751574162883,-0.28243999999999997,5,negative_training,ADK,HRSD_24.1,HRSD24,full
MinMaxScaler,CatBoost,0.020439999999999996,0.20671708444151393,10.75804,2.3263231811165013,13.28998,-0.013919999999999998,0.2613772312195536,-0.33904,5,negative_training,ADK,HRSD_24.1,HRSD24,full
StandardScaler,MLP,-0.03076,0.23675082470817288,12.43616,2.6935159982818,16.018660000000004,-0.06492,0.2931049163695485,-1.10622,5,negative_training,ADK,HRSD_24.1,HRSD24,full
MinMaxScaler,LGBM,0.21314000000000002,0.20296602671383207,4.824520000000001,1.5685826363312838,5.67898,0.25084,0.22445610484012235,-0.08944,5,negative_training,CR,phq_8,PHQ8,full
RobustScaler,Ridge,0.1889,0.3302076997890873,5.146380000000001,1.742745934437949,6.261899999999999,0.21600000000000003,0.34674763878071324,-0.38502000000000003,5,negative_training,CR,phq_8,PHQ8,full
RobustScaler,LGBM,0.18646000000000001,0.2624825289424041,4.72926,1.8164313813078656,5.8129599999999995,0.21739999999999995,0.31426033793655855,-0.14146,5,negative_training,CR,phq_8,PHQ8,full
RobustScaler,ElasticNet,0.18508,0.3168221220180181,5.232480000000001,1.9742144278167966,6.42994,0.21668000000000004,0.3361652822645432,-0.46714,5,negative_training,CR,phq_8,PHQ8,full
RobustScaler,Lasso,0.17684000000000002,0.3137336896158906,5.290920000000001,2.0005909944313958,6.5026399999999995,0.20851999999999998,0.33042084831317775,-0.5013799999999999,5,negative_training,CR,phq_8,PHQ8,full
MinMaxScaler,RF,0.1482,0.12746475983580716,4.963900000000001,1.241173775101617,5.90378,0.1808,0.14596107357785498,-0.18334,5,negative_training,CR,phq_8,PHQ8,full
RobustScaler,KNN,0.14348,0.27374640088958246,4.9216999999999995,1.6626969868259218,6.005240000000001,0.16738000000000003,0.30733043617578787,-0.25476000000000004,5,negative_training,CR,phq_8,PHQ8,full
RobustScaler,RF,0.13432,0.24884380040499302,4.9308,1.5483708405934282,5.922279999999999,0.15444,0.2911621764584129,-0.1999,5,negative_training,CR,phq_8,PHQ8,full
RobustScaler,CatBoost,0.1129,0.251444437202337,5.014799999999999,1.6497232934646948,6.06846,0.12174,0.28746691635734367,-0.24744000000000002,5,negative_training,CR,phq_8,PHQ8,full
RobustScaler,MLP,0.11140000000000001,0.30223572753729827,6.15354,2.516121980946075,7.8473000000000015,0.12138,0.307527644285843,-1.0976400000000002,5,negative_training,CR,phq_8,PHQ8,full
MinMaxScaler,CatBoost,0.11122000000000001,0.0768839840278845,5.0629599999999995,1.2051777495456841,5.963500000000001,0.14088,0.09440819350035251,-0.20082,5,negative_training,CR,phq_8,PHQ8,full
MinMaxScaler,ET,0.10407999999999999,0.18412868326254875,5.081060000000001,1.3191950454728067,6.06506,0.10968,0.21066594883843948,-0.23969999999999994,5,negative_training,CR,phq_8,PHQ8,full
RobustScaler,GB,0.10172,0.27284941268032814,5.24728,1.4669459011838166,6.48522,0.10695999999999999,0.29483895265042576,-0.5082799999999998,5,negative_training,CR,phq_8,PHQ8,full
StandardScaler,GB,0.09616,0.27111053649756955,5.8125800000000005,1.4186632958528251,6.830780000000002,0.09481999999999999,0.2857862872847471,-0.70508,5,negative_training,CR,phq_8,PHQ8,full
RobustScaler,XGB,0.09428,0.24656131488942054,5.22752,1.4820077081445966,6.35598,0.09856,0.2706480980904909,-0.4332599999999999,5,negative_training,CR,phq_8,PHQ8,full
MinMaxScaler,GB,0.08914,0.17175195195397344,5.644979999999999,1.0465327309740482,6.69088,0.11016,0.20974847556061046,-0.5693,5,negative_training,CR,phq_8,PHQ8,full
StandardScaler,XGB,0.08844,0.27153922000329894,5.80982,1.4989627687170888,6.84632,0.08307999999999999,0.28955673364644796,-0.78106,5,negative_training,CR,phq_8,PHQ8,full
MinMaxScaler,Ridge,0.087,0.23971786541682705,5.584239999999999,2.765724394801477,7.13126,0.17146,0.281364786353943,-0.78562,5,negative_training,CR,phq_8,PHQ8,full
StandardScaler,LGBM,0.08592000000000001,0.21785019394069863,5.0481,1.6416651683580301,6.083640000000001,0.10093999999999999,0.27547121991235307,-0.25468,5,negative_training,CR,phq_8,PHQ8,full
MinMaxScaler,Lasso,0.08195999999999999,0.2276600162523055,5.56782,2.7870227047873146,7.1254599999999995,0.17128,0.2771147271438312,-0.77914,5,negative_training,CR,phq_8,PHQ8,full
StandardScaler,RF,0.07387999999999999,0.24939442054705233,5.2101999999999995,1.61029356329832,6.180160000000001,0.10028,0.3089033052591053,-0.31298000000000004,5,negative_training,CR,phq_8,PHQ8,full
MinMaxScaler,ElasticNet,0.07170000000000001,0.22204120113168185,5.52076,2.7250202949702964,7.019119999999999,0.17208,0.2883071573860073,-0.71628,5,negative_training,CR,phq_8,PHQ8,full
MinMaxScaler,KNN,0.06874000000000001,0.18747802004501757,5.219040000000001,1.521416101203086,6.19174,0.08137999999999998,0.22133592568762983,-0.30156,5,negative_training,CR,phq_8,PHQ8,full
StandardScaler,Lasso,0.056720000000000007,0.22709937692560936,5.3763000000000005,1.9523944452901925,6.58216,0.025980000000000003,0.3255526716216594,-0.5291,5,negative_training,CR,phq_8,PHQ8,full
MinMaxScaler,XGB,0.05062,0.14973612456585084,5.56314,1.1609754080082832,6.70604,0.060719999999999996,0.18278998057880524,-0.56954,5,negative_training,CR,phq_8,PHQ8,full
MinMaxScaler,MLP,0.049240000000000006,0.23248383384657093,5.4995199999999995,2.517621631024011,6.93172,0.14818,0.2743558674422692,-0.6738,5,negative_training,CR,phq_8,PHQ8,full
RobustScaler,SVR,0.04744,0.2305426164508419,4.922280000000001,1.8523175637562803,5.99644,0.10796000000000001,0.36747496921559164,-0.27442,5,negative_training,CR,phq_8,PHQ8,full
StandardScaler,Ridge,0.0382,0.21508721486875967,5.36186,1.5972161744735742,6.495019999999999,0.029800000000000004,0.26339879460620164,-0.51334,5,negative_training,CR,phq_8,PHQ8,full
RobustScaler,ET,0.035480000000000005,0.22288405506002443,5.2167,1.6649270990046379,6.421600000000001,0.0315,0.24839419276625613,-0.40187999999999996,5,negative_training,CR,phq_8,PHQ8,full
StandardScaler,ElasticNet,0.03168,0.22687044100102594,5.3504,1.7805005504071036,6.485059999999999,0.022799999999999997,0.2938035227835092,-0.47472000000000003,5,negative_training,CR,phq_8,PHQ8,full
MinMaxScaler,SVR,0.024920000000000005,0.16322423839614017,4.890020000000001,1.5907475623115064,5.78104,0.08022,0.23888567767867544,-0.12686,5,negative_training,CR,phq_8,PHQ8,full
StandardScaler,CatBoost,0.024619999999999993,0.18785021160488483,5.57488,1.3483406531733735,6.49516,0.029300000000000003,0.22251458379171465,-0.4754199999999999,5,negative_training,CR,phq_8,PHQ8,full
StandardScaler,KNN,-0.0008199999999999985,0.17374258833112854,5.417199999999999,1.1401859826361667,6.496720000000001,0.004600000000000004,0.2183079018267548,-0.454,5,negative_training,CR,phq_8,PHQ8,full
StandardScaler,MLP,-0.0022400000000000085,0.25663110294740193,6.5474000000000006,3.084179777509735,8.42456,0.0253,0.324754861395484,-1.7203600000000001,5,negative_training,CR,phq_8,PHQ8,full
StandardScaler,ET,-0.00922,0.2444718429594705,5.435040000000001,1.5317503314835612,6.54116,-0.013299999999999996,0.27401391388029916,-0.46886,5,negative_training,CR,phq_8,PHQ8,full
StandardScaler,SVR,-0.040100000000000004,0.15157877489939017,5.445600000000001,1.524035198084349,6.404120000000001,-0.045419999999999995,0.22708101417775992,-0.4748200000000001,5,negative_training,CR,phq_8,PHQ8,full
StandardScaler,Lasso,0.28925999999999996,0.13203885034337431,12.194659999999999,5.533389809420624,16.2088,0.37112,0.1530060358286561,-0.82426,5,negative_training,CR,ads.1,CES-D,full
StandardScaler,ElasticNet,0.28559999999999997,0.1375133629870203,11.904,5.70695920477797,15.839800000000002,0.38308,0.14922260887680525,-0.7526599999999999,5,negative_training,CR,ads.1,CES-D,full
StandardScaler,Ridge,0.28268000000000004,0.12988472581485475,12.892619999999999,7.022039302937573,17.9834,0.37424,0.15113351051305596,-1.38474,5,negative_training,CR,ads.1,CES-D,full
MinMaxScaler,Ridge,0.28262,0.11754151181603885,12.56054,5.958785640799641,16.64888,0.36585999999999996,0.13109249787840646,-0.94138,5,negative_training,CR,ads.1,CES-D,full
MinMaxScaler,Lasso,0.28084,0.11037575820804131,12.90812,6.084178655496564,17.037560000000003,0.3681,0.11670715487921038,-1.04536,5,negative_training,CR,ads.1,CES-D,full
MinMaxScaler,ElasticNet,0.27512,0.12442498543299091,12.675460000000001,6.780904219423838,16.8527,0.3688,0.14175753948203249,-1.02716,5,negative_training,CR,ads.1,CES-D,full
MinMaxScaler,MLP,0.27284,0.11764940713832774,12.52546,6.410075637463258,16.90888,0.38473999999999997,0.15352961603547374,-1.0390599999999999,5,negative_training,CR,ads.1,CES-D,full
StandardScaler,MLP,0.25630000000000003,0.182643642101224,15.06186,11.07675738034376,23.4142,0.36102,0.22967056189246368,-3.60232,5,negative_training,CR,ads.1,CES-D,full
RobustScaler,KNN,0.25002,0.1156734498491335,9.41014,2.4499613819405406,12.08314,0.34762,0.13494249515997547,-0.0041800000000000006,5,negative_training,CR,ads.1,CES-D,full
MinMaxScaler,KNN,0.24115999999999999,0.15914910618661984,10.389199999999999,2.4978392832606344,12.887780000000001,0.35978,0.2566214955922438,-0.15108000000000002,5,negative_training,CR,ads.1,CES-D,full
StandardScaler,ET,0.22568000000000002,0.12139572480116423,10.01756,1.8747574837829029,12.04244,0.37408,0.2626963113559077,0.02202000000000001,5,negative_training,CR,ads.1,CES-D,full
RobustScaler,LGBM,0.21383999999999997,0.2105002209024969,9.976099999999999,2.8901100800834563,12.008840000000001,0.2694,0.23152117613730283,0.0652,5,negative_training,CR,ads.1,CES-D,full
StandardScaler,KNN,0.2116,0.09039101172129894,10.480239999999998,1.4782600846941651,12.928059999999999,0.33028,0.22342399602549406,-0.16376000000000002,5,negative_training,CR,ads.1,CES-D,full
StandardScaler,LGBM,0.20972,0.1698274624435047,10.27974,2.1928713888415796,12.223099999999999,0.31151999999999996,0.2750444909464649,-0.01637999999999999,5,negative_training,CR,ads.1,CES-D,full
RobustScaler,RF,0.2068,0.20055099102223353,9.70582,2.530737158813613,11.89966,0.32415999999999995,0.32001220757964843,0.06606,5,negative_training,CR,ads.1,CES-D,full
RobustScaler,ET,0.20502000000000004,0.2631193968524556,10.0902,2.8853130055506977,12.19262,0.30122000000000004,0.3684115049777898,0.0029200000000000033,5,negative_training,CR,ads.1,CES-D,full
MinMaxScaler,RF,0.19927999999999998,0.08445245407920364,10.458639999999999,1.7543406633262537,12.30626,0.35424,0.22969478226550988,-0.023799999999999995,5,negative_training,CR,ads.1,CES-D,full
StandardScaler,RF,0.19556,0.04558259536270395,10.376000000000001,1.5614063132317604,12.27796,0.36866,0.20402658650283792,-0.021760000000000012,5,negative_training,CR,ads.1,CES-D,full
MinMaxScaler,ET,0.19433999999999998,0.22972390602634285,10.68058,2.7900460501575957,12.564039999999999,0.27999999999999997,0.38779875579996387,-0.05804,5,negative_training,CR,ads.1,CES-D,full
MinMaxScaler,SVR,0.19204000000000002,0.17733150594296548,11.41112,2.5031879717672023,13.6601,0.23352,0.21860358414262104,-0.32989999999999997,5,negative_training,CR,ads.1,CES-D,full
RobustScaler,Lasso,0.18104,0.16086695745242402,12.09074,5.347585390903075,15.75082,0.24548,0.24931862545746558,-0.68696,5,negative_training,CR,ads.1,CES-D,full
MinMaxScaler,LGBM,0.17878,0.17556873867519807,10.26424,2.200251043176664,12.1842,0.25494,0.25050591410184314,0.0004999999999999949,5,negative_training,CR,ads.1,CES-D,full
RobustScaler,ElasticNet,0.1748,0.15681973727818832,12.060939999999999,5.30131840658529,15.773039999999998,0.23784,0.2469211675818823,-0.69626,5,negative_training,CR,ads.1,CES-D,full
StandardScaler,SVR,0.17416,0.1698933282974938,11.14366,2.279650172285213,13.19416,0.27082,0.30198153420366614,-0.25436,5,negative_training,CR,ads.1,CES-D,full
RobustScaler,MLP,0.16324,0.14812040035052565,2764396139593.6,6181377684832.576,7024083324312.21,0.2619,0.2477930083759427,-1.881416503458965e+24,5,negative_training,CR,ads.1,CES-D,full
RobustScaler,SVR,0.12251999999999999,0.12054452289506976,10.73528,2.9196660557330865,12.52468,0.19066,0.1478290499191549,-0.02878,5,negative_training,CR,ads.1,CES-D,full
RobustScaler,Ridge,0.11986,0.19862290401663146,13.005099999999999,6.807700617315659,17.83734,0.18284,0.32554407228515164,-1.3164200000000001,5,negative_training,CR,ads.1,CES-D,full
RobustScaler,CatBoost,0.11427999999999998,0.233274370645384,10.6923,3.6183534190291584,12.751339999999999,0.15204000000000004,0.3430067098469066,-0.06421999999999999,5,negative_training,CR,ads.1,CES-D,full
StandardScaler,CatBoost,0.11282,0.1659200771455944,11.52414,2.774506012428158,13.725819999999999,0.17182,0.2798322568968774,-0.2794,5,negative_training,CR,ads.1,CES-D,full
MinMaxScaler,CatBoost,0.11118000000000001,0.15860757232868802,11.38852,2.199243746609275,13.318719999999999,0.14952000000000004,0.2577616961458781,-0.19038,5,negative_training,CR,ads.1,CES-D,full
MinMaxScaler,GB,0.07168,0.19919124478751568,12.26418,2.973158773426,14.34348,0.13824,0.3295181224151412,-0.43342,5,negative_training,CR,ads.1,CES-D,full
StandardScaler,GB,0.028160000000000008,0.18193900901126178,12.692799999999998,2.6395135214656515,14.840500000000002,0.07560000000000001,0.29818377722471756,-0.54604,5,negative_training,CR,ads.1,CES-D,full
RobustScaler,XGB,0.02812,0.2886000121275119,11.903019999999998,2.9414055529627334,14.0768,0.06070000000000002,0.43555332624146037,-0.35216,5,negative_training,CR,ads.1,CES-D,full
RobustScaler,GB,0.025059999999999992,0.27680477416403065,12.22774,3.185953292658258,14.20532,0.09488,0.41830996521718194,-0.40578000000000003,5,negative_training,CR,ads.1,CES-D,full
MinMaxScaler,XGB,0.00024000000000000133,0.18614339365123866,12.745880000000001,2.4276490638063803,14.90916,0.04194000000000001,0.3252767329521127,-0.5626399999999999,5,negative_training,CR,ads.1,CES-D,full
StandardScaler,XGB,-0.028320000000000005,0.19919395573159343,12.671199999999999,2.5607394635143965,15.040960000000002,-0.002939999999999998,0.32401421728066193,-0.5761200000000001,5,negative_training,CR,ads.1,CES-D,full
StandardScaler,LGBM,0.14200000000000002,0.10903964875218557,4.233619999999999,0.7937368342215194,5.13058,0.22084,0.17069748972963836,-0.06458,5,negative_training,CR,HRSD_6.1,HRSD6,full
MinMaxScaler,KNN,0.13216,0.20989016889792625,4.4089599999999995,0.6300580155826921,5.403840000000001,0.18724,0.25918470826806117,-0.21417999999999998,5,negative_training,CR,HRSD_6.1,HRSD6,full
RobustScaler,KNN,0.11383999999999998,0.31479889294595687,4.68898,1.0525797437724136,5.619140000000001,0.16221999999999998,0.34753503708259403,-0.36046,5,negative_training,CR,HRSD_6.1,HRSD6,full
MinMaxScaler,Ridge,0.10344,0.16027603688636677,4.50484,0.7041480689457299,5.29656,0.14756,0.24911958574146673,-0.16304,5,negative_training,CR,HRSD_6.1,HRSD6,full
RobustScaler,SVR,0.10200000000000001,0.29126287954354907,4.82862,1.1817933224553268,5.869280000000001,0.11499999999999999,0.3028578792106951,-0.43822,5,negative_training,CR,HRSD_6.1,HRSD6,full
MinMaxScaler,ElasticNet,0.09262,0.1318758203765952,4.5178199999999995,0.7010340269915576,5.2354,0.1587,0.2506115320570863,-0.13628,5,negative_training,CR,HRSD_6.1,HRSD6,full
RobustScaler,Ridge,0.09141999999999999,0.16290006752607564,4.645560000000001,0.6310482572672238,5.39372,0.13744,0.29960978455317505,-0.22169999999999995,5,negative_training,CR,HRSD_6.1,HRSD6,full
StandardScaler,Ridge,0.08342000000000001,0.12385726462343659,4.505599999999999,0.579408754680148,5.289899999999999,0.12556,0.27329550490266025,-0.18407999999999997,5,negative_training,CR,HRSD_6.1,HRSD6,full
MinMaxScaler,Lasso,0.07790000000000001,0.15550649504120398,4.5866999999999996,0.8389773894450314,5.283120000000001,0.123825,0.2625534913752497,-0.14334,5,negative_training,CR,HRSD_6.1,HRSD6,full
StandardScaler,ElasticNet,0.06816,0.13352497144729147,4.63524,0.6187541418043194,5.4154800000000005,0.12010000000000001,0.2728707661146573,-0.26176000000000005,5,negative_training,CR,HRSD_6.1,HRSD6,full
StandardScaler,Lasso,0.06695999999999999,0.13065275733791462,4.52266,0.862307096109037,5.2297,0.08937500000000001,0.2772488217588429,-0.12301999999999999,5,negative_training,CR,HRSD_6.1,HRSD6,full
RobustScaler,ElasticNet,0.06628,0.16541090351001653,4.78112,0.7701982257834668,5.5197,0.13555999999999999,0.29717239609358065,-0.28138,5,negative_training,CR,HRSD_6.1,HRSD6,full
MinMaxScaler,LGBM,0.06434000000000001,0.2811521794331319,4.62584,0.8766123875465142,5.48814,0.08979999999999999,0.32972251970406874,-0.2386,5,negative_training,CR,HRSD_6.1,HRSD6,full
RobustScaler,Lasso,0.05736,0.1486371689719634,4.854380000000001,0.8078580580770364,5.57928,0.07280000000000003,0.30980749937124935,-0.31201999999999996,5,negative_training,CR,HRSD_6.1,HRSD6,full
StandardScaler,CatBoost,0.0458,0.21252152832125032,4.489120000000001,0.7585152450676256,5.5637799999999995,0.07466,0.30250322808194957,-0.28096,5,negative_training,CR,HRSD_6.1,HRSD6,full
MinMaxScaler,XGB,0.03266,0.30467440489808134,4.683159999999999,0.9393983063642387,5.7119599999999995,0.05456000000000001,0.3718682804434925,-0.35375999999999996,5,negative_training,CR,HRSD_6.1,HRSD6,full
MinMaxScaler,SVR,0.01886,0.2470884720095213,4.87812,0.8536579215353186,5.822920000000001,0.047219999999999984,0.31134636179020947,-0.4166600000000001,5,negative_training,CR,HRSD_6.1,HRSD6,full
RobustScaler,RF,0.017679999999999994,0.2852415590337425,4.800579999999999,1.1522240546004932,5.8275,0.02278,0.34467010604344556,-0.42969999999999997,5,negative_training,CR,HRSD_6.1,HRSD6,full
StandardScaler,RF,0.014979999999999993,0.24453939764381524,4.570780000000001,0.541476261714214,5.531200000000001,0.05567999999999999,0.3224741571041004,-0.29928,5,negative_training,CR,HRSD_6.1,HRSD6,full
StandardScaler,XGB,-0.001880000000000001,0.27742722829599836,4.826160000000001,0.6100286329345536,5.78948,0.013240000000000002,0.32145266058939376,-0.44205999999999995,5,negative_training,CR,HRSD_6.1,HRSD6,full
RobustScaler,CatBoost,-0.003100000000000003,0.2215905006989244,5.0929,1.3024515269291215,6.02516,-0.011780000000000002,0.26880259857374894,-0.50898,5,negative_training,CR,HRSD_6.1,HRSD6,full
RobustScaler,LGBM,-0.003399999999999992,0.2824699010514218,4.8779200000000005,1.1800015580498189,5.8652,0.01752,0.3710965332632467,-0.45746000000000003,5,negative_training,CR,HRSD_6.1,HRSD6,full
MinMaxScaler,CatBoost,-0.006659999999999999,0.23347435191044005,4.78626,1.0681310326921505,5.728039999999999,-0.0025000000000000022,0.26927945521335267,-0.34658,5,negative_training,CR,HRSD_6.1,HRSD6,full
MinMaxScaler,RF,-0.008819999999999995,0.20960357105736532,4.5774799999999995,0.7759093613303035,5.54926,0.01661999999999998,0.26162309148849994,-0.27792000000000006,5,negative_training,CR,HRSD_6.1,HRSD6,full
RobustScaler,MLP,-0.00958,0.26680117503489376,5.6787600000000005,1.4322443813818928,7.48082,0.010419999999999985,0.333990145064192,-1.2468400000000002,5,negative_training,CR,HRSD_6.1,HRSD6,full
MinMaxScaler,MLP,-0.009959999999999997,0.19122968650290675,4.933719999999999,1.0065801468338227,5.773480000000001,-0.04284000000000001,0.28746796865042196,-0.34284000000000003,5,negative_training,CR,HRSD_6.1,HRSD6,full
MinMaxScaler,ET,-0.014260000000000005,0.21341783664914232,4.73576,1.0343831703000586,5.76856,0.013679999999999993,0.28858289450346847,-0.35858,5,negative_training,CR,HRSD_6.1,HRSD6,full
StandardScaler,SVR,-0.017900000000000006,0.20751875818826596,5.11848,0.8250669469806678,6.2106200000000005,-0.013039999999999986,0.2521502191155106,-0.6473800000000001,5,negative_training,CR,HRSD_6.1,HRSD6,full
RobustScaler,ET,-0.02472,0.30319973120040855,4.98062,1.1933359258817275,5.97366,-0.031080000000000017,0.36374180678057894,-0.46943999999999997,5,negative_training,CR,HRSD_6.1,HRSD6,full
StandardScaler,KNN,-0.03901999999999999,0.22233923855226273,4.736020000000001,0.5576613147780648,5.9991200000000005,-0.007240000000000013,0.3137074162336619,-0.56208,5,negative_training,CR,HRSD_6.1,HRSD6,full
StandardScaler,ET,-0.04406,0.218698303605675,4.78542,0.7531421293487703,5.895660000000001,-0.04898,0.3235881750002617,-0.4471000000000001,5,negative_training,CR,HRSD_6.1,HRSD6,full
MinMaxScaler,GB,-0.05007999999999999,0.28030365142109726,4.91854,1.0447077045757827,5.7959,-0.04149999999999998,0.3430607599245358,-0.37968,5,negative_training,CR,HRSD_6.1,HRSD6,full
StandardScaler,GB,-0.06251999999999999,0.23251049868769363,5.13434,0.5867024612186317,6.137099999999999,-0.05544,0.2799373554922601,-0.59884,5,negative_training,CR,HRSD_6.1,HRSD6,full
StandardScaler,MLP,-0.07343999999999999,0.23609799448534077,5.54414,1.344043419313528,7.278180000000001,-0.06567999999999999,0.2901905787581671,-1.1225200000000002,5,negative_training,CR,HRSD_6.1,HRSD6,full
RobustScaler,XGB,-0.09774,0.20404413248118652,5.470339999999999,1.2529405265215106,6.51826,-0.17437999999999998,0.26658959469566695,-0.78222,5,negative_training,CR,HRSD_6.1,HRSD6,full
RobustScaler,GB,-0.15252000000000002,0.16992825544917478,5.4466399999999995,1.1011313899803241,6.5950999999999995,-0.19548000000000001,0.2310963478724837,-0.8089600000000001,5,negative_training,CR,HRSD_6.1,HRSD6,full
MinMaxScaler,XGB,0.12326,0.2035856772958255,7.3782,0.7297339343897881,8.74372,0.18475999999999998,0.28221906916436384,-0.16106,5,negative_training,CR,HRSD_17.1,HRSD17,full
MinMaxScaler,Lasso,0.11851999999999999,0.09119282866541645,7.538639999999999,0.9679236349010182,9.00166,0.20534,0.18436527059074873,-0.22718,5,negative_training,CR,HRSD_17.1,HRSD17,full
MinMaxScaler,Ridge,0.11506000000000001,0.1139902320376619,7.608619999999999,0.7332833811017402,9.00084,0.1955,0.21916756146838884,-0.23757999999999999,5,negative_training,CR,HRSD_17.1,HRSD17,full
MinMaxScaler,ElasticNet,0.11226,0.10101372678997643,7.41014,0.7231349376153808,8.6958,0.20693999999999999,0.2124729582794008,-0.14386000000000002,5,negative_training,CR,HRSD_17.1,HRSD17,full
MinMaxScaler,SVR,0.09202,0.03341888687553791,7.743399999999999,1.1848126413066324,9.24358,0.14494,0.05827549227591305,-0.27746,5,negative_training,CR,HRSD_17.1,HRSD17,full
StandardScaler,MLP,0.08159999999999998,0.11916918645354595,8.157520000000002,1.0909232314878987,9.8112,0.10382000000000002,0.1419414914674353,-0.45636,5,negative_training,CR,HRSD_17.1,HRSD17,full
MinMaxScaler,KNN,0.07966,0.0657238008639184,7.73804,0.4332494350833013,9.21124,0.11706000000000001,0.10188529334501618,-0.2712,5,negative_training,CR,HRSD_17.1,HRSD17,full
RobustScaler,SVR,0.07786,0.27786909327955134,7.70288,1.6349226730949693,8.757679999999999,-0.014539999999999997,0.415566237800907,-0.17395999999999998,5,negative_training,CR,HRSD_17.1,HRSD17,full
MinMaxScaler,CatBoost,0.07237999999999999,0.16441300739296755,7.3092,0.5103270862887836,8.8983,0.12014,0.23865933461735792,-0.19968,5,negative_training,CR,HRSD_17.1,HRSD17,full
RobustScaler,MLP,0.0675,0.22015702350822242,1931191127893.357,4318273249444.0107,6625623122422.397,0.28578000000000003,0.3674658582780175,-1.8493468697298762e+24,5,negative_training,CR,HRSD_17.1,HRSD17,full
RobustScaler,KNN,0.06714,0.32713710122821593,7.283819999999999,1.4587208770014906,8.72544,0.11236000000000002,0.4282684590300808,-0.18213999999999997,5,negative_training,CR,HRSD_17.1,HRSD17,full
StandardScaler,ElasticNet,0.057479999999999996,0.08088666144674286,7.93014,0.9339207584158302,9.145019999999999,0.10646,0.17730332202189555,-0.28944000000000003,5,negative_training,CR,HRSD_17.1,HRSD17,full
StandardScaler,Ridge,0.05373999999999999,0.12036921533348964,8.21756,1.0755942371545135,9.45726,0.0854,0.20233254804899778,-0.4064,5,negative_training,CR,HRSD_17.1,HRSD17,full
MinMaxScaler,MLP,0.040659999999999995,0.0748109149790323,8.296699999999998,0.8905925443209136,9.694239999999999,0.06999999999999999,0.1215870675688825,-0.42618,5,negative_training,CR,HRSD_17.1,HRSD17,full
StandardScaler,SVR,0.0388,0.05019701186325736,8.05984,1.4053149301846894,9.3727,0.07674,0.10104767686592304,-0.3667,5,negative_training,CR,HRSD_17.1,HRSD17,full
MinMaxScaler,ET,0.03787999999999999,0.17502916042762703,7.450200000000001,0.7893828823834479,8.84036,0.11826,0.33541740861201585,-0.18856,5,negative_training,CR,HRSD_17.1,HRSD17,full
MinMaxScaler,LGBM,0.034980000000000004,0.1440134090979031,7.15934,0.598673724160331,8.93986,0.07067999999999997,0.24155222416694902,-0.2085,5,negative_training,CR,HRSD_17.1,HRSD17,full
RobustScaler,Ridge,0.029919999999999992,0.201963343208613,10.75206,5.1977083356994935,16.42664,0.12628,0.30427025322893464,-5.272320000000001,5,negative_training,CR,HRSD_17.1,HRSD17,full
RobustScaler,LGBM,0.029500000000000005,0.14559213577662772,7.590439999999999,1.1840671974174437,8.94024,0.06112000000000001,0.2537755445270486,-0.19899999999999998,5,negative_training,CR,HRSD_17.1,HRSD17,full
RobustScaler,RF,0.02418,0.2142380148339692,7.53304,1.2194934493468998,8.921899999999999,0.05928,0.33225748599542493,-0.18374,5,negative_training,CR,HRSD_17.1,HRSD17,full
RobustScaler,ElasticNet,0.015319999999999992,0.19245123278378864,8.36252,2.8120104653076954,9.6279,0.1282,0.311265104051193,-0.35414,5,negative_training,CR,HRSD_17.1,HRSD17,full
RobustScaler,Lasso,0.013800000000000002,0.19572244378200473,8.43964,2.8113082467065045,9.70548,0.12122,0.3059060100749902,-0.38238000000000005,5,negative_training,CR,HRSD_17.1,HRSD17,full
MinMaxScaler,GB,0.009839999999999998,0.30486381057777256,8.030359999999998,1.3218830405902027,9.50188,0.020760000000000008,0.3751756761838379,-0.44882,5,negative_training,CR,HRSD_17.1,HRSD17,full
MinMaxScaler,RF,-0.00368,0.12580503567027831,7.605700000000001,0.9363612657516327,9.041160000000001,0.026339999999999995,0.21271559181216593,-0.22798,5,negative_training,CR,HRSD_17.1,HRSD17,full
StandardScaler,ET,-0.006620000000000006,0.1797939292634765,7.77004,1.0430388334093803,9.063759999999998,0.06348,0.34369639509311123,-0.24900000000000003,5,negative_training,CR,HRSD_17.1,HRSD17,full
StandardScaler,Lasso,-0.00686,0.1172165218729851,8.283199999999999,0.989602546480151,9.605860000000002,0.0189,0.2005781892429982,-0.4211600000000001,5,negative_training,CR,HRSD_17.1,HRSD17,full
StandardScaler,CatBoost,-0.011780000000000004,0.20712573958829936,7.805160000000001,0.8911399009134315,9.22348,0.013000000000000001,0.30047452471049857,-0.29510000000000003,5,negative_training,CR,HRSD_17.1,HRSD17,full
StandardScaler,KNN,-0.016339999999999997,0.1467367302347984,8.07478,0.6660818095399391,9.383099999999999,0.033200000000000014,0.3284169149115192,-0.36244,5,negative_training,CR,HRSD_17.1,HRSD17,full
StandardScaler,LGBM,-0.0236,0.08043205206881147,7.4401399999999995,0.8944654929062388,9.234379999999998,-0.047939999999999997,0.12847417250171336,-0.27154,5,negative_training,CR,HRSD_17.1,HRSD17,full
StandardScaler,RF,-0.03968000000000001,0.1889703336505495,7.792500000000001,1.2685791008053067,9.090660000000002,-0.0055199999999999945,0.2693977672513267,-0.25542,5,negative_training,CR,HRSD_17.1,HRSD17,full
StandardScaler,XGB,-0.045140000000000007,0.16657383648100324,8.68102,0.852850084715948,9.90694,-0.049519999999999995,0.2136526433255624,-0.46609999999999996,5,negative_training,CR,HRSD_17.1,HRSD17,full
RobustScaler,ET,-0.046960000000000016,0.2444163108305172,7.941460000000001,2.0353115481419546,9.492500000000001,-0.03966000000000001,0.34977338806718844,-0.315,5,negative_training,CR,HRSD_17.1,HRSD17,full
RobustScaler,CatBoost,-0.058739999999999994,0.2040420005783123,8.08714,1.3966117116077754,9.561259999999999,-0.06924000000000001,0.2951494248681505,-0.35512,5,negative_training,CR,HRSD_17.1,HRSD17,full
StandardScaler,GB,-0.12483999999999999,0.19774904045279207,8.62852,1.5360878855065552,10.41182,-0.15002,0.23709307665977933,-0.67896,5,negative_training,CR,HRSD_17.1,HRSD17,full
RobustScaler,XGB,-0.14896,0.3925194937834298,8.76456,2.230086794947676,10.22556,-0.1467,0.502144570816015,-0.57018,5,negative_training,CR,HRSD_17.1,HRSD17,full
RobustScaler,GB,-0.2509,0.30946318036238174,9.231200000000001,1.943240393003398,11.07092,-0.26858000000000004,0.3667891315183698,-0.8452999999999999,5,negative_training,CR,HRSD_17.1,HRSD17,full
StandardScaler,MLP,0.18760000000000002,0.19514085938111475,8.284,1.122740827172505,10.20498,0.22409999999999997,0.23564156042599954,-0.34341999999999995,5,negative_training,CR,HRSD_21.1,HRSD21,full
MinMaxScaler,Lasso,0.17552,0.08832953639638329,7.753540000000001,0.6733069493180659,9.40756,0.26388,0.14080923975364684,-0.1183,5,negative_training,CR,HRSD_21.1,HRSD21,full
MinMaxScaler,SVR,0.16006,0.14949235097489103,7.73454,0.4501510446505704,9.322120000000002,0.238,0.23304363325351757,-0.10768,5,negative_training,CR,HRSD_21.1,HRSD21,full
MinMaxScaler,Ridge,0.15275999999999998,0.13457786965173732,7.75658,0.6598885943854462,9.370819999999998,0.24584,0.20802633967841666,-0.1186,5,negative_training,CR,HRSD_21.1,HRSD21,full
MinMaxScaler,ElasticNet,0.1475,0.13105124951712593,7.70282,0.6266245702172876,9.23472,0.2533,0.21433452824964996,-0.08055999999999999,5,negative_training,CR,HRSD_21.1,HRSD21,full
RobustScaler,MLP,0.09309999999999999,0.1777606114975981,6687887537917.707,14954571160619.709,16211136139676.828,0.1681,0.34344356159345885,-9.91701641276399e+24,5,negative_training,CR,HRSD_21.1,HRSD21,full
StandardScaler,SVR,0.0836,0.13589530896980956,8.4267,1.4553138647728192,10.14066,0.12562,0.18095067559973352,-0.29088,5,negative_training,CR,HRSD_21.1,HRSD21,full
MinMaxScaler,LGBM,0.08053999999999999,0.05845008982029026,7.69828,1.0237256942169615,9.522339999999998,0.13594,0.10293183666873917,-0.12076,5,negative_training,CR,HRSD_21.1,HRSD21,full
MinMaxScaler,GB,0.07482000000000001,0.22044566677528502,8.107980000000001,1.3578977767122244,9.919480000000002,0.0731,0.26890306803753655,-0.22610000000000002,5,negative_training,CR,HRSD_21.1,HRSD21,full
StandardScaler,XGB,0.0747,0.2776323017950181,8.74642,1.7941024237763017,10.183879999999998,0.10470000000000002,0.30479736711461275,-0.32048,5,negative_training,CR,HRSD_21.1,HRSD21,full
MinMaxScaler,XGB,0.07268,0.2397536694192604,8.23266,1.544971730485707,10.121219999999997,0.07046000000000001,0.264943593996911,-0.28234,5,negative_training,CR,HRSD_21.1,HRSD21,full
RobustScaler,LGBM,0.06284000000000001,0.12832025561071797,8.27166,1.4953250392473205,9.633439999999998,0.09722,0.2217452750342158,-0.15588,5,negative_training,CR,HRSD_21.1,HRSD21,full
MinMaxScaler,CatBoost,0.06148,0.21497905014210103,7.92556,1.009910108871081,9.6812,0.08897999999999999,0.29096598942144425,-0.18782000000000001,5,negative_training,CR,HRSD_21.1,HRSD21,full
StandardScaler,Ridge,0.058620000000000005,0.1926842676504753,8.686259999999999,1.7308824535479006,10.41456,0.11258000000000001,0.2803933522749782,-0.4367599999999999,5,negative_training,CR,HRSD_21.1,HRSD21,full
MinMaxScaler,MLP,0.05802,0.15423020780638272,8.50012,0.6488574820405478,10.11008,0.09029999999999998,0.20174724285600534,-0.30972,5,negative_training,CR,HRSD_21.1,HRSD21,full
MinMaxScaler,RF,0.057740000000000014,0.27128175943103877,8.074259999999999,1.34687121618958,9.54356,0.11905999999999999,0.3674189203075966,-0.16592,5,negative_training,CR,HRSD_21.1,HRSD21,full
MinMaxScaler,ET,0.04814,0.21544298085572433,8.219460000000002,1.1942464456719135,9.767579999999999,0.09862,0.3206082687642351,-0.20952,5,negative_training,CR,HRSD_21.1,HRSD21,full
StandardScaler,Lasso,0.04773999999999999,0.1821005436565196,8.71902,1.5941642017057094,10.42708,0.10396000000000001,0.2745939966568825,-0.42628000000000005,5,negative_training,CR,HRSD_21.1,HRSD21,full
StandardScaler,ElasticNet,0.04726000000000001,0.16701677460662448,8.569239999999999,1.4540391064204565,10.12216,0.11838000000000001,0.27245415577671045,-0.32589999999999997,5,negative_training,CR,HRSD_21.1,HRSD21,full
StandardScaler,ET,0.022119999999999994,0.28899601554346727,8.2142,1.5157293013595803,9.82346,0.0595,0.4088154351293503,-0.22574,5,negative_training,CR,HRSD_21.1,HRSD21,full
StandardScaler,GB,0.014319999999999994,0.2994333264685145,8.86014,2.090128024308559,10.33062,0.043120000000000006,0.3515138645914269,-0.36558,5,negative_training,CR,HRSD_21.1,HRSD21,full
MinMaxScaler,KNN,0.009660000000000007,0.24316192752978416,8.55194,1.5429754803625366,10.26022,0.045500000000000006,0.31758919219646,-0.39269999999999994,5,negative_training,CR,HRSD_21.1,HRSD21,full
StandardScaler,KNN,0.005740000000000001,0.15162889896058732,8.7059,0.8711284778951953,10.68042,0.029660000000000002,0.20462463927885124,-0.48988,5,negative_training,CR,HRSD_21.1,HRSD21,full
StandardScaler,LGBM,-0.002539999999999998,0.12871995960223107,8.145340000000001,1.2937885174942618,10.062839999999998,0.007219999999999993,0.19340474916609468,-0.25344,5,negative_training,CR,HRSD_21.1,HRSD21,full
RobustScaler,RF,-0.002539999999999998,0.3290570132970881,8.343399999999999,1.9997176488194528,10.0612,-0.01094000000000001,0.42230955234282824,-0.27426,5,negative_training,CR,HRSD_21.1,HRSD21,full
RobustScaler,XGB,-0.01144,0.20665738070535974,8.989860000000002,1.523598832698424,11.08954,-0.013260000000000004,0.2322773945092376,-0.52988,5,negative_training,CR,HRSD_21.1,HRSD21,full
RobustScaler,SVR,-0.012019999999999992,0.2519782272340212,9.13098,2.1150924038916123,10.86848,-0.05691999999999999,0.3153181996016088,-0.54008,5,negative_training,CR,HRSD_21.1,HRSD21,full
StandardScaler,RF,-0.01605999999999999,0.2444553599330561,8.2524,1.1865529086391386,9.87978,0.014319999999999994,0.3608609524456754,-0.2391,5,negative_training,CR,HRSD_21.1,HRSD21,full
RobustScaler,ET,-0.018120000000000004,0.29989344274258484,8.69378,2.0695353903714717,10.285799999999998,-0.011420000000000008,0.4043671685485853,-0.31692,5,negative_training,CR,HRSD_21.1,HRSD21,full
StandardScaler,CatBoost,-0.022740000000000003,0.18025805945920978,8.76628,1.624596373564831,10.384039999999999,-0.006420000000000004,0.23252826064803392,-0.34992,5,negative_training,CR,HRSD_21.1,HRSD21,full
RobustScaler,CatBoost,-0.030399999999999993,0.26093643862059585,8.82454,1.6401513140561146,10.579820000000002,-0.027959999999999995,0.31805091259105045,-0.40621999999999997,5,negative_training,CR,HRSD_21.1,HRSD21,full
RobustScaler,ElasticNet,-0.04442,0.1568747812747479,9.58618,2.6811443176375276,11.58992,-0.06536,0.25368873250501295,-0.6778,5,negative_training,CR,HRSD_21.1,HRSD21,full
RobustScaler,KNN,-0.0529,0.30513432288092407,8.8837,1.9743333343181946,10.358039999999999,-0.08070000000000001,0.4241601820067509,-0.34136,5,negative_training,CR,HRSD_21.1,HRSD21,full
RobustScaler,Lasso,-0.057800000000000004,0.1467029481639684,9.6286,2.6680601192626825,11.680100000000001,-0.12545,0.24694118733010095,-0.71582,5,negative_training,CR,HRSD_21.1,HRSD21,full
RobustScaler,GB,-0.07115999999999999,0.2055430684795768,9.71074,1.867401269947089,11.610579999999999,-0.07615999999999999,0.2297165927833686,-0.6977399999999999,5,negative_training,CR,HRSD_21.1,HRSD21,full
RobustScaler,Ridge,-0.07922000000000001,0.19712359574642505,10.4031,3.0577998667342507,13.62264,-0.05691999999999999,0.2593497773278396,-1.38966,5,negative_training,CR,HRSD_21.1,HRSD21,full
RobustScaler,KNN,0.2649,0.18368459380143998,9.59048,2.3705652420888987,11.61368,0.31488,0.18510870319895822,0.00438,5,negative_training,CR,HRSD_24.1,HRSD24,full
StandardScaler,MLP,0.22759999999999997,0.2116021384580033,10.379760000000001,1.8904806063538446,12.42592,0.26074,0.27333190080925424,-0.27224000000000004,5,negative_training,CR,HRSD_24.1,HRSD24,full
MinMaxScaler,Ridge,0.18552000000000002,0.14111774162025129,9.8836,1.6054423268993503,12.231959999999999,0.29244000000000003,0.2566860592241036,-0.1699,5,negative_training,CR,HRSD_24.1,HRSD24,full
MinMaxScaler,ElasticNet,0.18312,0.16750531931852194,9.974160000000001,2.0776494562365424,12.483340000000002,0.2817,0.28671585236955416,-0.2378,5,negative_training,CR,HRSD_24.1,HRSD24,full
MinMaxScaler,Lasso,0.16734,0.20051412169720118,10.102699999999999,2.0369824618783543,12.5459,0.25032,0.312019097171952,-0.25616000000000005,5,negative_training,CR,HRSD_24.1,HRSD24,full
RobustScaler,RF,0.16206,0.2165441132887246,9.48878,2.9429650604449926,11.76936,0.22162,0.26605493229782456,-0.019620000000000016,5,negative_training,CR,HRSD_24.1,HRSD24,full
RobustScaler,ET,0.15818,0.2232925704093175,9.785979999999999,3.4403255938936934,11.993579999999998,0.21269999999999997,0.2861130895292978,-0.050940000000000006,5,negative_training,CR,HRSD_24.1,HRSD24,full
MinMaxScaler,MLP,0.15762,0.12488927896340822,10.77206,2.911801425750045,13.611080000000001,0.23896,0.18987978565397634,-0.47780000000000006,5,negative_training,CR,HRSD_24.1,HRSD24,full
StandardScaler,Ridge,0.15733999999999998,0.154822989249013,9.6596,1.6667641734810592,11.722660000000001,0.26592000000000005,0.24872102243276503,-0.07798000000000002,5,negative_training,CR,HRSD_24.1,HRSD24,full
MinMaxScaler,SVR,0.13964000000000001,0.0957559554283701,9.978660000000001,1.560855013446156,12.34164,0.22457999999999995,0.19035904759164982,-0.17204000000000003,5,negative_training,CR,HRSD_24.1,HRSD24,full
RobustScaler,CatBoost,0.13548,0.2519713217808725,9.803640000000001,3.2057845058581216,12.108,0.17626,0.32700437764653856,-0.08048000000000002,5,negative_training,CR,HRSD_24.1,HRSD24,full
StandardScaler,ElasticNet,0.1197,0.13385079379667494,9.99226,1.9592959636052942,11.97902,0.23807999999999999,0.23011613806945397,-0.12020000000000002,5,negative_training,CR,HRSD_24.1,HRSD24,full
MinMaxScaler,KNN,0.11833999999999997,0.1710912417396051,10.40252,1.5463334187684104,12.38242,0.22423999999999994,0.2943522940287709,-0.20712000000000003,5,negative_training,CR,HRSD_24.1,HRSD24,full
RobustScaler,ElasticNet,0.11516000000000001,0.21788743194594773,10.58374,4.281457841436723,12.999799999999999,0.2871,0.3059043886576327,-0.22294,5,negative_training,CR,HRSD_24.1,HRSD24,full
StandardScaler,Lasso,0.10799999999999998,0.1585717818528883,10.156959999999998,1.937342657611192,12.18342,0.2271,0.2627601472826502,-0.17622,5,negative_training,CR,HRSD_24.1,HRSD24,full
RobustScaler,MLP,0.10222,0.1664314333291641,1808533978065.6145,4044003524495.8164,4598839747895.702,0.45131999999999994,0.25364643108074675,-4.380378632974684e+23,5,negative_training,CR,HRSD_24.1,HRSD24,full
RobustScaler,SVR,0.09818,0.22134450975797887,10.44248,2.910955830479054,12.36676,0.11508000000000003,0.568900920196127,-0.12955999999999998,5,negative_training,CR,HRSD_24.1,HRSD24,full
RobustScaler,Ridge,0.09278,0.20545868684482532,15.09194,10.889516896446786,26.58958,0.27494,0.303900860479203,-8.6809,5,negative_training,CR,HRSD_24.1,HRSD24,full
RobustScaler,Lasso,0.09103999999999998,0.2166712555924297,10.7143,4.1873882002986065,13.08996,0.12408000000000001,0.3789296135168113,-0.24246000000000006,5,negative_training,CR,HRSD_24.1,HRSD24,full
RobustScaler,XGB,0.08044,0.38308326510042173,11.03738,3.518423697765805,13.31822,0.09541999999999998,0.40071800184169415,-0.34703999999999996,5,negative_training,CR,HRSD_24.1,HRSD24,full
RobustScaler,GB,0.05807999999999998,0.37061834412235994,10.79162,3.505124590795597,13.41362,0.06390000000000003,0.39006568677595826,-0.3701,5,negative_training,CR,HRSD_24.1,HRSD24,full
StandardScaler,KNN,0.04496000000000001,0.2794903719271918,11.030159999999999,2.1494271080918286,13.209220000000002,0.09301999999999999,0.3576170675457199,-0.47636,5,negative_training,CR,HRSD_24.1,HRSD24,full
StandardScaler,SVR,0.04495999999999999,0.2899169415539561,10.804659999999998,1.9856553573064981,12.70432,0.16709999999999997,0.4205567262569938,-0.34548,5,negative_training,CR,HRSD_24.1,HRSD24,full
MinMaxScaler,LGBM,0.03366,0.23223511362410296,9.91324,1.599908788962671,12.379499999999998,0.06722000000000002,0.38841334554827023,-0.18586,5,negative_training,CR,HRSD_24.1,HRSD24,full
StandardScaler,RF,0.017800000000000003,0.19982639965730253,10.41854,1.72434721793495,12.29588,0.08552,0.3026099337430944,-0.18861999999999998,5,negative_training,CR,HRSD_24.1,HRSD24,full
MinMaxScaler,ET,0.014480000000000007,0.2036493604212888,10.24654,1.3656649618409333,12.33622,0.07742,0.3401089340196755,-0.19524,5,negative_training,CR,HRSD_24.1,HRSD24,full
MinMaxScaler,RF,0.013120000000000003,0.2145326012521174,10.24286,1.5431036219256304,12.349459999999999,0.0657,0.36608175999358394,-0.20056,5,negative_training,CR,HRSD_24.1,HRSD24,full
StandardScaler,LGBM,0.004299999999999993,0.171266882379519,10.510900000000001,1.27356360854101,12.71132,0.00938000000000001,0.27317908411882486,-0.25214,5,negative_training,CR,HRSD_24.1,HRSD24,full
StandardScaler,XGB,-0.012379999999999999,0.23777777860851507,11.21292,1.007389796454183,13.24316,0.009320000000000005,0.3041474182037388,-0.41214000000000006,5,negative_training,CR,HRSD_24.1,HRSD24,full
StandardScaler,GB,-0.018240000000000013,0.2962611820674454,10.89068,1.2735334946517902,13.0361,-0.0065400000000000015,0.3732441868268011,-0.38316000000000006,5,negative_training,CR,HRSD_24.1,HRSD24,full
StandardScaler,ET,-0.02056000000000001,0.2404306615221944,10.70126,1.505136923339534,12.58918,0.032119999999999996,0.3668838058568408,-0.26070000000000004,5,negative_training,CR,HRSD_24.1,HRSD24,full
MinMaxScaler,XGB,-0.02828,0.17368594358784478,11.126340000000003,1.468299829053998,13.05638,-0.038419999999999996,0.276407194190021,-0.33524000000000004,5,negative_training,CR,HRSD_24.1,HRSD24,full
StandardScaler,CatBoost,-0.03822,0.23180481444525694,10.88652,1.4018242318493428,12.86986,-0.06426000000000001,0.3680586475006395,-0.30945999999999996,5,negative_training,CR,HRSD_24.1,HRSD24,full
MinMaxScaler,CatBoost,-0.039400000000000004,0.22428005930086609,10.50892,1.3910631067640324,12.80568,-0.06478,0.3901910583291216,-0.29882,5,negative_training,CR,HRSD_24.1,HRSD24,full
RobustScaler,LGBM,-0.05532,0.09433884141752007,10.90194,2.757963003377674,12.950519999999997,-0.11827999999999998,0.18224254991631345,-0.24996000000000002,5,negative_training,CR,HRSD_24.1,HRSD24,full
MinMaxScaler,GB,-0.08816,0.3031276183392071,10.708940000000002,1.812420585294705,13.13376,-0.1238,0.43655177241651416,-0.3769,5,negative_training,CR,HRSD_24.1,HRSD24,full
StandardScaler,GB,0.05993999999999999,0.2789645461344506,5.7023399999999995,1.3197508715662971,6.983500000000001,0.06744,0.30081705071355247,-0.5057400000000001,5,negative_training,CRADK,phq_8,PHQ8,full
RobustScaler,XGB,0.04248,0.26942556857135885,5.25032,1.1711180521194264,6.60274,0.037520000000000005,0.33709541230933415,-0.3327,5,negative_training,CRADK,phq_8,PHQ8,full
MinMaxScaler,XGB,0.036460000000000006,0.25403980593599895,5.7420599999999995,0.9731201225953557,6.96926,0.04362,0.3012533850432224,-0.48762,5,negative_training,CRADK,phq_8,PHQ8,full
StandardScaler,CatBoost,0.023519999999999992,0.2808520108526909,5.445,1.1851185236085042,6.585420000000001,0.004759999999999981,0.3644301071536214,-0.33772,5,negative_training,CRADK,phq_8,PHQ8,full
RobustScaler,GB,0.01047999999999999,0.3134937431592535,5.6395,1.271436626419107,6.969680000000001,0.008059999999999989,0.36855538661102216,-0.50544,5,negative_training,CRADK,phq_8,PHQ8,full
StandardScaler,XGB,0.00968,0.20274496787836682,5.75418,0.7985831027513668,7.006,0.0017599999999999949,0.2403221026039844,-0.51714,5,negative_training,CRADK,phq_8,PHQ8,full
StandardScaler,ElasticNet,-0.006900000000000006,0.3506370630723455,6.676,1.4998701460459833,8.013079999999999,-0.028339999999999987,0.4163338720306096,-1.0443200000000001,5,negative_training,CRADK,phq_8,PHQ8,full
MinMaxScaler,CatBoost,-0.015399999999999997,0.22639806757125822,5.61508,0.911760432898906,6.7666200000000005,-0.016400000000000005,0.29544363252573236,-0.41064,5,negative_training,CRADK,phq_8,PHQ8,full
RobustScaler,CatBoost,-0.022120000000000004,0.25084034165181646,5.28296,1.2274403398943674,6.533939999999999,-0.024359999999999993,0.39526253047816207,-0.31274,5,negative_training,CRADK,phq_8,PHQ8,full
MinMaxScaler,GB,-0.025480000000000003,0.3250988495827077,6.00986,1.3358211643030662,7.370480000000001,-0.007219999999999993,0.37698937916073977,-0.6848,5,negative_training,CRADK,phq_8,PHQ8,full
StandardScaler,Ridge,-0.026240000000000006,0.36979843563757814,6.9769000000000005,1.6932079892913336,8.368939999999998,-0.02599999999999999,0.4103850143462843,-1.2176000000000002,5,negative_training,CRADK,phq_8,PHQ8,full
RobustScaler,MLP,-0.029099999999999994,0.17922944791523518,7.352380000000001,1.7826734830024258,9.297740000000001,-0.029020000000000008,0.1993204630739152,-1.7662,5,negative_training,CRADK,phq_8,PHQ8,full
MinMaxScaler,ET,-0.03012,0.23667030231949254,5.53668,0.9089817968474398,6.6370000000000005,-0.06626000000000001,0.33258725622007823,-0.346,5,negative_training,CRADK,phq_8,PHQ8,full
StandardScaler,Lasso,-0.030999999999999993,0.3702409890868379,6.98682,1.6437047444720723,8.39784,-0.025980000000000003,0.40535890516923395,-1.22176,5,negative_training,CRADK,phq_8,PHQ8,full
StandardScaler,ET,-0.037680000000000005,0.20500922418271816,5.400399999999999,0.891287585462739,6.46928,-0.05677999999999998,0.29505970921154245,-0.28852,5,negative_training,CRADK,phq_8,PHQ8,full
RobustScaler,ElasticNet,-0.04488000000000001,0.35326972273321133,6.8408,1.5104095520751977,8.146020000000002,-0.07061999999999999,0.4139022674496964,-1.07922,5,negative_training,CRADK,phq_8,PHQ8,full
MinMaxScaler,Lasso,-0.04616,0.32622504962065685,6.713380000000001,1.6948114163528636,8.13252,-0.06588,0.371118683172917,-1.09366,5,negative_training,CRADK,phq_8,PHQ8,full
MinMaxScaler,LGBM,-0.051960000000000006,0.26553264959322803,5.4973,1.2466003810363606,6.5989200000000015,-0.054680000000000006,0.36254317949728415,-0.32964,5,negative_training,CRADK,phq_8,PHQ8,full
RobustScaler,RF,-0.0533,0.23059030768876645,5.320919999999999,1.1430933894481239,6.6214200000000005,-0.07794,0.3800788115641281,-0.35494,5,negative_training,CRADK,phq_8,PHQ8,full
StandardScaler,LGBM,-0.05347999999999999,0.22632565475438263,5.42598,1.1566399902303222,6.57334,-0.06656000000000001,0.3213692471285951,-0.31256,5,negative_training,CRADK,phq_8,PHQ8,full
MinMaxScaler,Ridge,-0.054799999999999995,0.31870551454281426,6.65284,1.64314467196288,8.01444,-0.06912,0.35980444271854123,-1.02534,5,negative_training,CRADK,phq_8,PHQ8,full
RobustScaler,Ridge,-0.05731999999999998,0.3739422642601395,7.008280000000001,1.669040331148412,8.351299999999998,-0.0666,0.41554408310069824,-1.1786400000000001,5,negative_training,CRADK,phq_8,PHQ8,full
MinMaxScaler,MLP,-0.0581,0.33847572291081673,6.558760000000001,1.378056520248716,7.903700000000001,-0.05808000000000002,0.35864631184497076,-0.9155,5,negative_training,CRADK,phq_8,PHQ8,full
RobustScaler,Lasso,-0.05922000000000001,0.37540438463076053,7.0417000000000005,1.6540440229933422,8.396279999999999,-0.06439999999999999,0.41145271903342673,-1.19388,5,negative_training,CRADK,phq_8,PHQ8,full
StandardScaler,KNN,-0.06124,0.24459896361186817,5.67,1.0278576701080746,6.89622,-0.07678,0.2915937362153035,-0.45999999999999996,5,negative_training,CRADK,phq_8,PHQ8,full
RobustScaler,ET,-0.0636,0.25953062439719904,5.46794,1.1651155127282447,6.555200000000001,-0.09904,0.3846863241655466,-0.31404,5,negative_training,CRADK,phq_8,PHQ8,full
MinMaxScaler,RF,-0.06372000000000003,0.2471187103397879,5.595940000000001,0.9438648806900278,6.73668,-0.08832,0.34789148020611255,-0.40049999999999997,5,negative_training,CRADK,phq_8,PHQ8,full
MinMaxScaler,ElasticNet,-0.06530000000000001,0.3255312734592485,6.694919999999999,1.333700325035576,8.09484,-0.06995999999999998,0.3581774881256498,-1.05046,5,negative_training,CRADK,phq_8,PHQ8,full
StandardScaler,RF,-0.06648,0.17933642128692098,5.37552,0.8685725715218047,6.60262,-0.10034000000000001,0.29322195177032706,-0.3517,5,negative_training,CRADK,phq_8,PHQ8,full
StandardScaler,SVR,-0.07305999999999999,0.2776727264244726,5.789340000000001,1.3194560140451823,6.85184,-0.09202,0.3589169360729582,-0.42328,5,negative_training,CRADK,phq_8,PHQ8,full
RobustScaler,LGBM,-0.07787999999999998,0.28340983927873786,5.45214,1.29068200111414,6.60798,-0.12098,0.3887070452152881,-0.32174,5,negative_training,CRADK,phq_8,PHQ8,full
StandardScaler,MLP,-0.08004,0.26873521912842013,7.399260000000001,1.2194163595753502,9.08418,-0.08072,0.28736271852834355,-1.6309400000000003,5,negative_training,CRADK,phq_8,PHQ8,full
MinMaxScaler,KNN,-0.08224000000000001,0.2609051226020677,5.830360000000001,1.0473249366839308,7.125100000000001,-0.09488,0.3257676349792901,-0.5565399999999999,5,negative_training,CRADK,phq_8,PHQ8,full
RobustScaler,SVR,-0.1288,0.324095734313181,6.06512,1.6129980182876853,7.157079999999999,-0.15478,0.3764374410177606,-0.5642799999999999,5,negative_training,CRADK,phq_8,PHQ8,full
MinMaxScaler,SVR,-0.13441999999999998,0.22059487074725923,6.728120000000001,1.2179888000306078,8.119720000000001,-0.14038,0.2382610689978537,-1.0450599999999999,5,negative_training,CRADK,phq_8,PHQ8,full
RobustScaler,KNN,-0.15994,0.2834901462132326,6.15854,1.186777090695637,7.179779999999999,-0.18760000000000002,0.3623934878002087,-0.5952400000000001,5,negative_training,CRADK,phq_8,PHQ8,full
MinMaxScaler,KNN,0.01784,0.05960363243964247,11.66446,1.3037919285683586,13.82408,0.0235,0.07208529669773164,-0.5207,5,negative_training,CRADK,ads.1,CES-D,full
StandardScaler,MLP,-0.009999999999999998,0.1523169393074848,13.231559999999998,3.4366777246346505,16.32346,-0.00985999999999999,0.2199770397109662,-1.344,5,negative_training,CRADK,ads.1,CES-D,full
MinMaxScaler,CatBoost,-0.020460000000000002,0.14718392575278047,11.436139999999998,1.6977355589136958,13.68356,-0.025140000000000006,0.19382237486936332,-0.44918,5,negative_training,CRADK,ads.1,CES-D,full
StandardScaler,Lasso,-0.025600000000000005,0.17563783760909835,11.427240000000001,1.216257432865263,13.69924,-0.0188,0.21641364328526055,-0.46864,5,negative_training,CRADK,ads.1,CES-D,full
StandardScaler,Ridge,-0.026860000000000002,0.19153277265261942,11.672279999999999,1.432268573627167,14.001000000000001,-0.024100000000000003,0.22140772344252133,-0.5409200000000001,5,negative_training,CRADK,ads.1,CES-D,full
StandardScaler,ElasticNet,-0.02754,0.1839870321517253,11.398940000000001,1.196273696943973,13.667259999999999,-0.02718,0.22653281660721922,-0.45861999999999997,5,negative_training,CRADK,ads.1,CES-D,full
RobustScaler,Ridge,-0.027599999999999993,0.18466381616331878,11.76158,1.1575775123074914,14.12246,-0.024400000000000005,0.2188100546135849,-0.5783600000000001,5,negative_training,CRADK,ads.1,CES-D,full
MinMaxScaler,Ridge,-0.02948,0.17866353013416028,11.71892,1.2505934459287718,14.01146,-0.08996,0.33849650367470563,-0.56946,5,negative_training,CRADK,ads.1,CES-D,full
StandardScaler,CatBoost,-0.03062,0.09714413003367728,11.29314,0.9973756428748404,13.960280000000001,-0.04186,0.1336536307026487,-0.5091,5,negative_training,CRADK,ads.1,CES-D,full
RobustScaler,Lasso,-0.031179999999999996,0.1705683352794416,11.40534,1.1522059334164187,13.630700000000001,-0.026860000000000002,0.21391643929347742,-0.4519,5,negative_training,CRADK,ads.1,CES-D,full
MinMaxScaler,ElasticNet,-0.03348,0.18142030481729435,11.56396,1.328966309956727,13.85426,-0.0885,0.3342657400931181,-0.52154,5,negative_training,CRADK,ads.1,CES-D,full
RobustScaler,ElasticNet,-0.036520000000000004,0.18393280566554734,11.98638,1.1732442252148534,14.31556,-0.035660000000000004,0.22467065451455828,-0.6372,5,negative_training,CRADK,ads.1,CES-D,full
RobustScaler,CatBoost,-0.0381,0.07572116612942513,11.344159999999999,0.930635247022162,13.99942,-0.05038,0.114948018686709,-0.52848,5,negative_training,CRADK,ads.1,CES-D,full
StandardScaler,XGB,-0.03934,0.1310194756515229,11.8244,1.4867528997785748,14.996100000000002,-0.04436,0.15116372911515513,-0.74644,5,negative_training,CRADK,ads.1,CES-D,full
MinMaxScaler,Lasso,-0.04129999999999999,0.1764263585749023,11.73616,1.0769129087349634,14.010560000000002,-0.09246000000000001,0.32340779675202636,-0.56918,5,negative_training,CRADK,ads.1,CES-D,full
MinMaxScaler,MLP,-0.043199999999999995,0.20848233738137145,12.221900000000002,1.0102178651162328,14.48494,-0.10726,0.3448999681066961,-0.66586,5,negative_training,CRADK,ads.1,CES-D,full
MinMaxScaler,RF,-0.04344,0.14151341985833005,11.47776,1.456843053660894,13.64536,-0.0573,0.20106879419740897,-0.43888,5,negative_training,CRADK,ads.1,CES-D,full
RobustScaler,RF,-0.04658000000000001,0.09760223870383301,11.29726,0.8495070117426928,13.644540000000001,-0.05863999999999999,0.12875367179230268,-0.44272,5,negative_training,CRADK,ads.1,CES-D,full
MinMaxScaler,XGB,-0.04712,0.14874524194070882,12.41788,1.6516866869960538,15.401019999999999,-0.0517,0.16977789903282464,-0.85512,5,negative_training,CRADK,ads.1,CES-D,full
StandardScaler,RF,-0.05678,0.14087855408116595,11.208459999999999,0.9967793301428359,13.52262,-0.07157999999999999,0.1752715236426043,-0.4096,5,negative_training,CRADK,ads.1,CES-D,full
MinMaxScaler,LGBM,-0.06317999999999999,0.14766428816745097,11.40042,0.9478814467010102,13.48458,-0.08478000000000001,0.187191564980904,-0.41672000000000003,5,negative_training,CRADK,ads.1,CES-D,full
StandardScaler,SVR,-0.06756,0.03366263507213896,11.79112,1.3565156714907503,14.43414,-0.099,0.052935999093244666,-0.60694,5,negative_training,CRADK,ads.1,CES-D,full
MinMaxScaler,GB,-0.06984,0.1287644089024603,12.4629,1.3102211206510148,15.298380000000003,-0.07902,0.15326879003893779,-0.81068,5,negative_training,CRADK,ads.1,CES-D,full
RobustScaler,MLP,-0.07065999999999999,0.1854806270207215,12.532779999999999,1.5338993845751425,14.978560000000002,-0.06961999999999999,0.24638143598899653,-0.8278399999999999,5,negative_training,CRADK,ads.1,CES-D,full
RobustScaler,XGB,-0.07172,0.11060197557005932,12.5484,1.0082943245897995,15.528740000000003,-0.08004,0.13009324732667718,-0.89624,5,negative_training,CRADK,ads.1,CES-D,full
StandardScaler,GB,-0.08608,0.12850547459155193,12.060839999999999,1.6759530312631081,15.29904,-0.1002,0.14724202864671485,-0.78888,5,negative_training,CRADK,ads.1,CES-D,full
StandardScaler,KNN,-0.09698,0.2290978000767358,11.41876,1.2139818997826948,13.90212,-0.12493999999999998,0.26642676855000885,-0.49960000000000004,5,negative_training,CRADK,ads.1,CES-D,full
RobustScaler,LGBM,-0.10308000000000002,0.1581351067916293,11.43794,1.1658153382933327,13.63964,-0.14002,0.22112228969509157,-0.43920000000000003,5,negative_training,CRADK,ads.1,CES-D,full
RobustScaler,GB,-0.10434000000000002,0.09835406956501597,12.46416,1.1385582123896871,15.72244,-0.11982,0.11537383585544861,-0.9062000000000001,5,negative_training,CRADK,ads.1,CES-D,full
RobustScaler,KNN,-0.11645999999999998,0.1689070247207025,11.9932,0.9341326217406172,14.216840000000001,-0.1457,0.20020198550463977,-0.60246,5,negative_training,CRADK,ads.1,CES-D,full
MinMaxScaler,ET,-0.12252,0.12720382069733596,12.319379999999999,1.8107760537957203,14.581039999999998,-0.14298,0.162550828973586,-0.6187,5,negative_training,CRADK,ads.1,CES-D,full
MinMaxScaler,SVR,-0.13158,0.13296180654609052,12.55534,1.291199350603926,14.73066,-0.19676,0.2256269664734249,-0.66212,5,negative_training,CRADK,ads.1,CES-D,full
StandardScaler,ET,-0.13434,0.17696511803177484,12.12812,1.6266544706851542,15.04692,-0.15602,0.2014608076028685,-0.72564,5,negative_training,CRADK,ads.1,CES-D,full
RobustScaler,SVR,-0.13794,0.08918359154014824,12.61282,1.3339974070439569,15.026839999999998,-0.17946,0.11110136362799512,-0.7706800000000001,5,negative_training,CRADK,ads.1,CES-D,full
RobustScaler,ET,-0.14208,0.09525354061660911,12.161100000000001,1.0283664473328569,14.98596,-0.16555999999999998,0.11886323233027107,-0.71092,5,negative_training,CRADK,ads.1,CES-D,full
StandardScaler,LGBM,-0.16138,0.12584294576971727,11.5758,1.0218762229350478,13.942879999999999,-0.22550000000000003,0.1648558309554139,-0.49408,5,negative_training,CRADK,ads.1,CES-D,full
StandardScaler,GB,0.28014,0.21303594297676626,3.98986,0.7039391649851569,4.85086,0.31612,0.2484351565298277,-0.22677999999999998,5,negative_training,CRADK,HRSD_6.1,HRSD6,full
RobustScaler,GB,0.23382,0.24084337649186038,3.8963,0.3953915274762474,4.6790199999999995,0.27386,0.29881094022809807,-0.13291999999999998,5,negative_training,CRADK,HRSD_6.1,HRSD6,full
RobustScaler,LGBM,0.23023999999999994,0.10414212884323037,3.58134,0.2636650393965798,4.55448,0.301,0.11282116379474201,-0.0492,5,negative_training,CRADK,HRSD_6.1,HRSD6,full
RobustScaler,RF,0.23004000000000002,0.16995604725928407,3.7310600000000003,0.5023989530243871,4.5536,0.3129,0.2293615595517261,-0.048440000000000004,5,negative_training,CRADK,HRSD_6.1,HRSD6,full
MinMaxScaler,GB,0.22607999999999998,0.19439003832501295,4.0136400000000005,0.4776354498987694,4.738020000000001,0.25488,0.21611882611193317,-0.15308,5,negative_training,CRADK,HRSD_6.1,HRSD6,full
RobustScaler,XGB,0.22215999999999997,0.20604443210142806,4.0770800000000005,0.6916606769218562,4.839779999999999,0.2718,0.24999435993637936,-0.2089,5,negative_training,CRADK,HRSD_6.1,HRSD6,full
StandardScaler,XGB,0.22035999999999997,0.2695135302726006,4.15236,0.8596351947192483,5.010800000000001,0.25202,0.29881611736986347,-0.3081,5,negative_training,CRADK,HRSD_6.1,HRSD6,full
MinMaxScaler,ET,0.21698,0.21244585663175453,3.8244599999999997,0.6778160834621735,4.5581,0.27348,0.26646923274554607,-0.05782,5,negative_training,CRADK,HRSD_6.1,HRSD6,full
StandardScaler,LGBM,0.2149,0.1477400419656093,3.5982399999999997,0.14825185664941926,4.571299999999999,0.26642,0.16303182818088008,-0.06355999999999999,5,negative_training,CRADK,HRSD_6.1,HRSD6,full
MinMaxScaler,CatBoost,0.21094,0.19346540517622268,3.8343,0.5588559429763634,4.619999999999999,0.27099999999999996,0.24494045194699876,-0.09664000000000003,5,negative_training,CRADK,HRSD_6.1,HRSD6,full
RobustScaler,ET,0.20054,0.17409980758174318,3.90222,0.5953014757246953,4.72086,0.26622,0.22116913663529095,-0.12456,5,negative_training,CRADK,HRSD_6.1,HRSD6,full
MinMaxScaler,LGBM,0.19346000000000002,0.15535740407203,3.6760399999999995,0.1659986987900809,4.59504,0.2412,0.17278893193720482,-0.07354000000000001,5,negative_training,CRADK,HRSD_6.1,HRSD6,full
StandardScaler,ET,0.19322,0.18590558625280737,3.82806,0.5427927947200477,4.620659999999999,0.26180000000000003,0.2461510511860553,-0.07304000000000002,5,negative_training,CRADK,HRSD_6.1,HRSD6,full
StandardScaler,RF,0.19204,0.23137861396421233,3.7214599999999995,0.4848407656127937,4.56518,0.26354,0.31163641154396576,-0.05948000000000001,5,negative_training,CRADK,HRSD_6.1,HRSD6,full
RobustScaler,CatBoost,0.18678,0.14761231994654106,3.9103000000000008,0.5082423880394081,4.68554,0.25305999999999995,0.20198779171029121,-0.10900000000000001,5,negative_training,CRADK,HRSD_6.1,HRSD6,full
StandardScaler,CatBoost,0.17054,0.24087808742183256,3.90002,0.5481824577638361,4.7400199999999995,0.22976000000000002,0.3002096567400856,-0.15016000000000004,5,negative_training,CRADK,HRSD_6.1,HRSD6,full
MinMaxScaler,XGB,0.16652,0.24682171095752498,4.098319999999999,0.6586618912613664,5.00166,0.18482000000000004,0.28887711401216953,-0.30904,5,negative_training,CRADK,HRSD_6.1,HRSD6,full
StandardScaler,KNN,0.16436,0.12684568577606412,3.8782000000000005,0.49781619097815605,4.73396,0.21841999999999998,0.14654428340948683,-0.11829999999999999,5,negative_training,CRADK,HRSD_6.1,HRSD6,full
MinMaxScaler,RF,0.16424,0.17407236426268244,3.74876,0.371625965185427,4.62,0.22766000000000003,0.23649032326926192,-0.0857,5,negative_training,CRADK,HRSD_6.1,HRSD6,full
RobustScaler,KNN,0.15158,0.1387523945739316,3.9404600000000003,0.21844931448736563,4.903180000000001,0.18194,0.17275563087783855,-0.20748000000000003,5,negative_training,CRADK,HRSD_6.1,HRSD6,full
StandardScaler,MLP,0.14772000000000002,0.17975329482376673,4.472579999999999,0.5929070896860653,5.57268,0.18661999999999995,0.21216680230422477,-0.693,5,negative_training,CRADK,HRSD_6.1,HRSD6,full
RobustScaler,MLP,0.13452000000000003,0.1667715563278103,4.6274999999999995,0.8689391664552821,5.8375200000000005,0.1656,0.1979398519752907,-0.95076,5,negative_training,CRADK,HRSD_6.1,HRSD6,full
MinMaxScaler,SVR,0.13042,0.13933855173640924,4.092999999999999,0.18798602341663592,5.148899999999999,0.16047999999999998,0.1663300544098991,-0.32816,5,negative_training,CRADK,HRSD_6.1,HRSD6,full
RobustScaler,Ridge,0.11986000000000001,0.07838241511971929,4.08572,0.31831037840447485,4.8920200000000005,0.18826000000000004,0.12463832877570206,-0.21146000000000004,5,negative_training,CRADK,HRSD_6.1,HRSD6,full
RobustScaler,Lasso,0.11398000000000001,0.08756501584537059,4.1200399999999995,0.29786135701027067,4.95802,0.16832000000000003,0.13530697321276536,-0.24766,5,negative_training,CRADK,HRSD_6.1,HRSD6,full
RobustScaler,ElasticNet,0.11394,0.08498736964984856,4.1188400000000005,0.28234439608393147,4.93538,0.17826000000000003,0.13121845525687306,-0.23879999999999998,5,negative_training,CRADK,HRSD_6.1,HRSD6,full
MinMaxScaler,MLP,0.1133,0.08212323057454572,4.1520600000000005,0.4015292679245191,4.920579999999999,0.16313999999999998,0.12328182347775359,-0.22586000000000003,5,negative_training,CRADK,HRSD_6.1,HRSD6,full
MinMaxScaler,Lasso,0.10704000000000002,0.0893488835968307,4.13544,0.4689264206674648,4.88772,0.15738,0.12843358984315592,-0.20444,5,negative_training,CRADK,HRSD_6.1,HRSD6,full
StandardScaler,Ridge,0.10596000000000001,0.1021439817120911,4.10518,0.33114868563833977,4.904100000000001,0.16953999999999997,0.15153865183510115,-0.21644000000000002,5,negative_training,CRADK,HRSD_6.1,HRSD6,full
MinMaxScaler,KNN,0.10496000000000001,0.16716132327784441,3.93152,0.5430009226511499,4.8914,0.13454000000000002,0.1992585079739382,-0.19937999999999997,5,negative_training,CRADK,HRSD_6.1,HRSD6,full
RobustScaler,SVR,0.10335999999999998,0.11516441724768983,3.9351399999999996,0.4498896231299408,4.7783,0.1628,0.1589374562524517,-0.14752,5,negative_training,CRADK,HRSD_6.1,HRSD6,full
MinMaxScaler,Ridge,0.10196000000000001,0.07107779540756734,4.12108,0.4324607519764077,4.8646,0.15794000000000002,0.11192845036004026,-0.19222,5,negative_training,CRADK,HRSD_6.1,HRSD6,full
StandardScaler,SVR,0.10110000000000001,0.11801561337382441,3.8674400000000007,0.45662307541340913,4.7153599999999996,0.14623999999999998,0.16838618708195752,-0.11054,5,negative_training,CRADK,HRSD_6.1,HRSD6,full
MinMaxScaler,ElasticNet,0.0959,0.07360859324834296,4.161440000000001,0.37626562824685417,4.88824,0.15832000000000002,0.1096750518577493,-0.2048,5,negative_training,CRADK,HRSD_6.1,HRSD6,full
StandardScaler,ElasticNet,0.09440000000000001,0.10767197871312666,4.1777999999999995,0.29536410580840733,5.01168,0.1539,0.15475850542054223,-0.28144,5,negative_training,CRADK,HRSD_6.1,HRSD6,full
StandardScaler,Lasso,0.06695999999999999,0.1352029696419424,4.36188,0.3690164996311141,5.2328,0.11783999999999999,0.1870251400213351,-0.42935999999999996,5,negative_training,CRADK,HRSD_6.1,HRSD6,full
StandardScaler,KNN,0.13534000000000002,0.245122016555021,6.1174,0.6047134652048025,7.506519999999999,0.20016000000000003,0.3541580551109914,-0.21544,5,negative_training,CRADK,HRSD_17.1,HRSD17,full
RobustScaler,KNN,0.04845999999999999,0.1584810020160145,6.45132,0.7801465323899094,7.8534999999999995,0.089,0.31898557961136736,-0.35395999999999994,5,negative_training,CRADK,HRSD_17.1,HRSD17,full
StandardScaler,GB,0.041400000000000006,0.26006454006649965,6.732820000000001,1.3451914926879374,8.321720000000001,0.06454,0.30385566145787046,-0.54,5,negative_training,CRADK,HRSD_17.1,HRSD17,full
RobustScaler,XGB,0.029379999999999996,0.28737963045421294,6.8810400000000005,1.3668873794135348,8.420080000000002,0.044199999999999996,0.3519178739422026,-0.5875600000000001,5,negative_training,CRADK,HRSD_17.1,HRSD17,full
RobustScaler,GB,0.02414,0.2494571165551306,6.74988,1.4167548154144385,8.33262,0.03832000000000001,0.29820841202085496,-0.52984,5,negative_training,CRADK,HRSD_17.1,HRSD17,full
StandardScaler,XGB,0.022139999999999993,0.28657284937690797,6.85974,1.3398365844385653,8.34866,0.041659999999999996,0.3466983602499441,-0.54672,5,negative_training,CRADK,HRSD_17.1,HRSD17,full
MinMaxScaler,KNN,-0.0017400000000000013,0.1393308580322392,6.6442,0.5508312037276029,8.21602,0.021920000000000002,0.2521380118109921,-0.4654,5,negative_training,CRADK,HRSD_17.1,HRSD17,full
StandardScaler,SVR,-0.0036599999999999975,0.18770802593389554,6.506099999999999,1.2136323660812607,7.944039999999999,0.007460000000000004,0.22842410774697142,-0.34152,5,negative_training,CRADK,HRSD_17.1,HRSD17,full
RobustScaler,RF,-0.004359999999999999,0.18001348005080064,6.751,1.2687936258509502,8.109100000000002,0.033699999999999994,0.2837732986029517,-0.42286,5,negative_training,CRADK,HRSD_17.1,HRSD17,full
RobustScaler,LGBM,-0.005380000000000001,0.2234673510828819,6.6556,1.0642470695284998,8.23154,0.01293999999999999,0.3101053095321007,-0.47838,5,negative_training,CRADK,HRSD_17.1,HRSD17,full
RobustScaler,CatBoost,-0.010299999999999998,0.17810171251282228,6.833799999999999,1.390382159695672,8.23706,0.01794000000000001,0.24305705708742548,-0.46852,5,negative_training,CRADK,HRSD_17.1,HRSD17,full
MinMaxScaler,LGBM,-0.012300000000000002,0.19288723389586984,6.58208,0.6641364633868556,8.29834,-0.012180000000000002,0.24183300436458213,-0.48997999999999997,5,negative_training,CRADK,HRSD_17.1,HRSD17,full
StandardScaler,RF,-0.012540000000000006,0.2471026972738258,6.7502200000000006,1.3603777295295598,8.2137,0.010059999999999986,0.33065148268229494,-0.47026,5,negative_training,CRADK,HRSD_17.1,HRSD17,full
MinMaxScaler,XGB,-0.013840000000000005,0.2024073689370029,7.294860000000002,0.7248082422268665,8.85388,-0.005419999999999997,0.24899238341764593,-0.70816,5,negative_training,CRADK,HRSD_17.1,HRSD17,full
MinMaxScaler,GB,-0.014379999999999999,0.2267414320321718,7.17384,1.4484111615836162,8.558239999999998,-0.007000000000000006,0.26572610899194676,-0.5823799999999999,5,negative_training,CRADK,HRSD_17.1,HRSD17,full
MinMaxScaler,RF,-0.019639999999999998,0.17097354473719026,6.776859999999999,0.9357135421698244,8.315560000000001,-0.015879999999999995,0.2135656971519537,-0.4755599999999999,5,negative_training,CRADK,HRSD_17.1,HRSD17,full
MinMaxScaler,CatBoost,-0.023379999999999995,0.19832402022952236,6.74178,1.0943957657081829,8.23704,-0.020260000000000007,0.25001532553025624,-0.45570000000000005,5,negative_training,CRADK,HRSD_17.1,HRSD17,full
StandardScaler,LGBM,-0.027240000000000007,0.22989764679091432,6.770779999999999,1.0094976631968988,8.42556,-0.011060000000000004,0.2901288730891843,-0.5680200000000001,5,negative_training,CRADK,HRSD_17.1,HRSD17,full
RobustScaler,SVR,-0.035620000000000006,0.20555015689607245,6.871900000000001,1.0318050809140265,8.517399999999999,-0.04876,0.2576337963078602,-0.57632,5,negative_training,CRADK,HRSD_17.1,HRSD17,full
MinMaxScaler,SVR,-0.0387,0.1884029192979769,6.841980000000001,0.6766695256918253,8.3367,-0.044219999999999995,0.24571275302678125,-0.501,5,negative_training,CRADK,HRSD_17.1,HRSD17,full
StandardScaler,CatBoost,-0.04006000000000001,0.1934153897703076,7.00188,1.3639553244149896,8.52054,-0.020400000000000012,0.24917430646035715,-0.58422,5,negative_training,CRADK,HRSD_17.1,HRSD17,full
RobustScaler,ET,-0.04018,0.18410691730622183,7.1054200000000005,1.4348899355002813,8.38212,-0.032979999999999995,0.23033978596846874,-0.5170200000000001,5,negative_training,CRADK,HRSD_17.1,HRSD17,full
StandardScaler,Ridge,-0.04434,0.2091978800083787,6.92874,0.9341073696315638,8.47126,-0.039760000000000004,0.2509151211067201,-0.55858,5,negative_training,CRADK,HRSD_17.1,HRSD17,full
StandardScaler,ElasticNet,-0.046579999999999996,0.21122025707777178,6.925619999999999,0.9023612646828324,8.472660000000001,-0.0384,0.2551947491622819,-0.5668200000000001,5,negative_training,CRADK,HRSD_17.1,HRSD17,full
StandardScaler,ET,-0.04914,0.21234728159314872,7.0251,1.2671793894315044,8.45668,-0.04126,0.2671536879775385,-0.55334,5,negative_training,CRADK,HRSD_17.1,HRSD17,full
MinMaxScaler,Ridge,-0.055600000000000004,0.19036566129425758,6.844240000000001,0.770590979703241,8.383880000000001,-0.058679999999999996,0.24376508568701957,-0.51616,5,negative_training,CRADK,HRSD_17.1,HRSD17,full
MinMaxScaler,ElasticNet,-0.056299999999999996,0.19170429051015006,6.737520000000001,0.5976841741254323,8.26942,-0.05788,0.24757913280403906,-0.48200000000000004,5,negative_training,CRADK,HRSD_17.1,HRSD17,full
StandardScaler,Lasso,-0.05702,0.21448388517555347,6.971760000000001,0.898841850939307,8.5315,-0.05562,0.2567205328757324,-0.59078,5,negative_training,CRADK,HRSD_17.1,HRSD17,full
StandardScaler,MLP,-0.06454,0.23589159162632312,8.04682,1.3109711694007613,9.8988,-0.06204,0.2514144049174589,-1.23328,5,negative_training,CRADK,HRSD_17.1,HRSD17,full
MinMaxScaler,ET,-0.07438,0.19742951147181617,7.28548,1.1260668572513808,8.83,-0.09012,0.24355149763448386,-0.68048,5,negative_training,CRADK,HRSD_17.1,HRSD17,full
RobustScaler,Lasso,-0.07787999999999999,0.21320857628153705,7.0674399999999995,1.0358810201948867,8.63392,-0.08394000000000001,0.2610456435185234,-0.62576,5,negative_training,CRADK,HRSD_17.1,HRSD17,full
MinMaxScaler,Lasso,-0.08020000000000001,0.19312102423092106,6.775,0.7016769235196499,8.31792,-0.09095999999999999,0.25806611168458365,-0.49056,5,negative_training,CRADK,HRSD_17.1,HRSD17,full
RobustScaler,Ridge,-0.08080000000000001,0.22908095730549058,7.036959999999999,1.0720078791688052,8.58508,-0.09197999999999999,0.2806138752806069,-0.6064400000000001,5,negative_training,CRADK,HRSD_17.1,HRSD17,full
MinMaxScaler,MLP,-0.08881999999999998,0.15907725167351866,6.93698,0.8462436126789968,8.5786,-0.10703999999999998,0.21171888909589526,-0.5792200000000001,5,negative_training,CRADK,HRSD_17.1,HRSD17,full
RobustScaler,ElasticNet,-0.09230000000000001,0.24975615107540394,7.073,1.0651105811135293,8.62476,-0.09584,0.2996397553730145,-0.6313200000000001,5,negative_training,CRADK,HRSD_17.1,HRSD17,full
RobustScaler,MLP,-0.1246,0.23216279848416715,7.473079999999999,1.0470300435040056,9.288459999999999,-0.12488000000000002,0.2646986815229725,-0.9426400000000001,5,negative_training,CRADK,HRSD_17.1,HRSD17,full
StandardScaler,XGB,0.25636,0.16997921343505504,7.04238,1.7170060095992674,8.87196,0.30584,0.21414330015202437,-0.3234,5,negative_training,CRADK,HRSD_21.1,HRSD21,full
StandardScaler,GB,0.2156,0.21733087677548257,7.21686,1.3521870813611545,8.79212,0.26314000000000004,0.26307573624338676,-0.31301999999999996,5,negative_training,CRADK,HRSD_21.1,HRSD21,full
RobustScaler,XGB,0.17592,0.28813133637284233,7.7156199999999995,1.526644513958636,9.42592,0.23498000000000002,0.34253405962035366,-0.4504,5,negative_training,CRADK,HRSD_21.1,HRSD21,full
MinMaxScaler,CatBoost,0.17099999999999999,0.15642670807761697,7.081860000000001,0.8281722091449338,8.827340000000001,0.2233,0.1956662208967097,-0.27599999999999997,5,negative_training,CRADK,HRSD_21.1,HRSD21,full
RobustScaler,KNN,0.15990000000000001,0.11841374497920416,7.10694,0.6644854949507929,8.753639999999999,0.2372,0.18191815467401817,-0.28398,5,negative_training,CRADK,HRSD_21.1,HRSD21,full
StandardScaler,CatBoost,0.1369,0.1469392221294233,7.36492,1.565010540539583,9.15238,0.20020000000000002,0.20931612455804738,-0.4024,5,negative_training,CRADK,HRSD_21.1,HRSD21,full
MinMaxScaler,GB,0.13466,0.20217807250045688,7.61148,1.3008975908963776,9.58116,0.1689,0.23229129342271956,-0.49478,5,negative_training,CRADK,HRSD_21.1,HRSD21,full
StandardScaler,KNN,0.12672,0.21067684258123862,7.285639999999999,0.8237563978507241,8.937180000000001,0.20550000000000002,0.3160943925475427,-0.34994000000000003,5,negative_training,CRADK,HRSD_21.1,HRSD21,full
MinMaxScaler,XGB,0.11947999999999999,0.19504992181490355,8.036959999999999,1.6532096563957035,10.111740000000001,0.1363,0.209056690875944,-0.6676,5,negative_training,CRADK,HRSD_21.1,HRSD21,full
RobustScaler,RF,0.11904,0.19056818464791023,7.052639999999999,1.3063565298187167,8.83792,0.17628,0.2537127154874189,-0.26602,5,negative_training,CRADK,HRSD_21.1,HRSD21,full
MinMaxScaler,ET,0.11432,0.22060080915536096,7.508260000000002,0.7916598941464702,9.2083,0.14982,0.28486129431707635,-0.40402000000000005,5,negative_training,CRADK,HRSD_21.1,HRSD21,full
MinMaxScaler,RF,0.11162000000000001,0.22119251117522037,7.3107,0.8775013361813191,9.119060000000001,0.15224,0.27436879013473814,-0.36628,5,negative_training,CRADK,HRSD_21.1,HRSD21,full
StandardScaler,RF,0.10988,0.12102374560391031,7.065979999999999,1.1896577940735724,8.744100000000001,0.18561999999999998,0.19635141201427608,-0.25382,5,negative_training,CRADK,HRSD_21.1,HRSD21,full
RobustScaler,CatBoost,0.10162,0.21625575599275965,7.253839999999999,1.1504005228614953,8.892140000000001,0.15556,0.2795374178889116,-0.2989,5,negative_training,CRADK,HRSD_21.1,HRSD21,full
MinMaxScaler,LGBM,0.09807999999999999,0.15513641416508248,7.205,0.8903250333445646,8.982619999999999,0.12977999999999998,0.18983679042798843,-0.32248,5,negative_training,CRADK,HRSD_21.1,HRSD21,full
StandardScaler,ET,0.08993999999999999,0.17066202858281043,7.78224,1.2272176449187808,9.291459999999999,0.13584000000000002,0.22712671133092208,-0.44573999999999997,5,negative_training,CRADK,HRSD_21.1,HRSD21,full
RobustScaler,ET,0.08979999999999999,0.20301411280992265,7.512359999999999,1.451741465619826,9.1095,0.12432000000000001,0.2509360815028401,-0.3597,5,negative_training,CRADK,HRSD_21.1,HRSD21,full
RobustScaler,GB,0.06926,0.16967889674323086,7.794580000000001,1.0731025170038506,9.720220000000001,0.09096,0.1987150170470264,-0.53964,5,negative_training,CRADK,HRSD_21.1,HRSD21,full
MinMaxScaler,KNN,0.057120000000000004,0.08198613907240662,7.51704,0.732129430497095,9.13992,0.1036,0.14191552064520638,-0.37139999999999995,5,negative_training,CRADK,HRSD_21.1,HRSD21,full
RobustScaler,SVR,0.055880000000000006,0.11682678203220356,7.417620000000001,0.9739030685853708,9.309379999999999,0.10977999999999999,0.178800788588865,-0.43271999999999994,5,negative_training,CRADK,HRSD_21.1,HRSD21,full
StandardScaler,LGBM,0.0324,0.14589655581952576,7.4263,1.3979934191547545,9.10614,0.06602,0.212579295793358,-0.32536,5,negative_training,CRADK,HRSD_21.1,HRSD21,full
RobustScaler,LGBM,0.02544,0.16188183344649887,7.51258,1.4301236439553051,9.3337,0.05062,0.22761743562389944,-0.39028,5,negative_training,CRADK,HRSD_21.1,HRSD21,full
MinMaxScaler,ElasticNet,0.023119999999999998,0.12539063760903363,7.5185,0.9491665817968947,9.263020000000001,0.053259999999999995,0.15997617947682086,-0.39320000000000005,5,negative_training,CRADK,HRSD_21.1,HRSD21,full
MinMaxScaler,SVR,0.020999999999999998,0.1904966797610919,7.899760000000001,0.9826804506043662,9.60308,0.039119999999999995,0.2310015519428387,-0.50672,5,negative_training,CRADK,HRSD_21.1,HRSD21,full
MinMaxScaler,Ridge,0.0147,0.1280247046471891,7.67792,1.1127902708956436,9.45372,0.04318,0.17084562329775968,-0.45167999999999997,5,negative_training,CRADK,HRSD_21.1,HRSD21,full
MinMaxScaler,MLP,0.0019000000000000002,0.10512126331052153,8.1843,1.0340186627909576,10.095920000000001,0.01906,0.13465100445225056,-0.70236,5,negative_training,CRADK,HRSD_21.1,HRSD21,full
StandardScaler,ElasticNet,0.000599999999999995,0.13757717834001393,7.8239,1.2808558876782354,9.53396,0.028739999999999998,0.17174834205895553,-0.48514000000000007,5,negative_training,CRADK,HRSD_21.1,HRSD21,full
StandardScaler,SVR,-0.0012599999999999944,0.19775412258661007,8.4672,1.7880313685727107,10.04204,0.027360000000000006,0.22790193724494753,-0.7021600000000001,5,negative_training,CRADK,HRSD_21.1,HRSD21,full
RobustScaler,MLP,-0.005140000000000011,0.19904349524664203,8.173100000000002,1.0599974009402104,10.231460000000002,0.0002599999999999991,0.22908388856486614,-0.7665,5,negative_training,CRADK,HRSD_21.1,HRSD21,full
StandardScaler,Ridge,-0.007239999999999998,0.13956748546850015,7.99058,1.1992298891371915,9.73378,0.01266,0.16293947649357415,-0.55132,5,negative_training,CRADK,HRSD_21.1,HRSD21,full
MinMaxScaler,Lasso,-0.01044,0.10930028819724127,7.61598,1.0452959327386673,9.35326,0.010839999999999999,0.15155097492263123,-0.4187600000000001,5,negative_training,CRADK,HRSD_21.1,HRSD21,full
StandardScaler,Lasso,-0.010879999999999994,0.13310601789551063,7.903699999999999,1.3039829504253497,9.60794,0.008719999999999995,0.15936469809841827,-0.50702,5,negative_training,CRADK,HRSD_21.1,HRSD21,full
RobustScaler,ElasticNet,-0.01458,0.09354109791957757,7.6452,1.0678963620127195,9.4393,-0.013960000000000004,0.13783995429482704,-0.45600000000000007,5,negative_training,CRADK,HRSD_21.1,HRSD21,full
RobustScaler,Ridge,-0.019419999999999996,0.09848587208325871,7.81156,1.014463019532994,9.602619999999998,-0.01964,0.13695248446085234,-0.50548,5,negative_training,CRADK,HRSD_21.1,HRSD21,full
RobustScaler,Lasso,-0.026019999999999998,0.09449516918869451,7.86366,1.0111211168796743,9.64176,-0.029779999999999994,0.13275886787706498,-0.51494,5,negative_training,CRADK,HRSD_21.1,HRSD21,full
StandardScaler,MLP,-0.12806,0.2531170934567636,9.11486,0.9876978677713139,11.63682,-0.13734,0.2788101199741502,-1.5436400000000003,5,negative_training,CRADK,HRSD_21.1,HRSD21,full
StandardScaler,GB,0.23386,0.3253915072647103,9.180159999999999,2.801360410229287,11.03368,0.26646000000000003,0.35380336770584875,-0.31588000000000005,5,negative_training,CRADK,HRSD_24.1,HRSD24,full
MinMaxScaler,XGB,0.17273999999999998,0.207567851557027,9.617840000000001,1.990651014869256,11.69136,0.1894,0.22624738672523934,-0.4459400000000001,5,negative_training,CRADK,HRSD_24.1,HRSD24,full
StandardScaler,XGB,0.1629,0.25148801164270235,9.56758,2.640541258340797,11.582539999999998,0.15886,0.27600938933304425,-0.38276,5,negative_training,CRADK,HRSD_24.1,HRSD24,full
MinMaxScaler,KNN,0.15148,0.09465255939487321,8.48334,1.929534427783034,10.36764,0.21974,0.11205015841131148,-0.1115,5,negative_training,CRADK,HRSD_24.1,HRSD24,full
RobustScaler,MLP,0.15011999999999998,0.1319450150630936,9.26818,1.439565897067585,11.494499999999999,0.18042,0.15791499928759142,-0.38458,5,negative_training,CRADK,HRSD_24.1,HRSD24,full
MinMaxScaler,LGBM,0.15004,0.175148202959665,8.56714,1.8273197155944003,10.4659,0.19574,0.22537123374556922,-0.13162,5,negative_training,CRADK,HRSD_24.1,HRSD24,full
MinMaxScaler,CatBoost,0.1416,0.15784189874681565,8.800060000000002,1.7024895603204162,10.863059999999999,0.18839999999999998,0.2104052280719279,-0.25212,5,negative_training,CRADK,HRSD_24.1,HRSD24,full
RobustScaler,GB,0.13982,0.2618417021790074,9.31076,1.9972175302154744,11.738,0.16804000000000002,0.28809920687152196,-0.49634,5,negative_training,CRADK,HRSD_24.1,HRSD24,full
MinMaxScaler,GB,0.13864,0.20343852388375216,9.407,1.7630361638378267,11.652619999999999,0.15292,0.22403779145492397,-0.44064,5,negative_training,CRADK,HRSD_24.1,HRSD24,full
StandardScaler,CatBoost,0.13122,0.2211845428595769,8.64106,2.3876286673182663,10.879000000000001,0.16965999999999998,0.27448732757633815,-0.25239999999999996,5,negative_training,CRADK,HRSD_24.1,HRSD24,full
MinMaxScaler,ET,0.11796,0.1578977295593575,9.123199999999999,2.306618759136412,11.04016,0.14814,0.20351189891502658,-0.26942000000000005,5,negative_training,CRADK,HRSD_24.1,HRSD24,full
StandardScaler,MLP,0.11600000000000002,0.2367396882654026,9.58394,2.4742815791659605,11.573459999999999,0.13912,0.2676862753299093,-0.39065999999999995,5,negative_training,CRADK,HRSD_24.1,HRSD24,full
RobustScaler,CatBoost,0.1119,0.2363435952167945,8.905,2.2033717911419304,11.294599999999999,0.13792,0.2857452921746918,-0.36614,5,negative_training,CRADK,HRSD_24.1,HRSD24,full
RobustScaler,Ridge,0.10766,0.14255233424956604,9.274640000000002,2.146852617903707,11.19396,0.13448000000000002,0.17205108834296864,-0.28565999999999997,5,negative_training,CRADK,HRSD_24.1,HRSD24,full
StandardScaler,KNN,0.10568,0.18452969137783762,8.781479999999998,2.181169913601414,10.87772,0.14106000000000002,0.2613802842603091,-0.23406000000000002,5,negative_training,CRADK,HRSD_24.1,HRSD24,full
RobustScaler,Lasso,0.09584000000000001,0.13699818611937897,9.16208,2.163261939063321,11.133280000000001,0.11680000000000001,0.16069262584200933,-0.27304,5,negative_training,CRADK,HRSD_24.1,HRSD24,full
RobustScaler,ElasticNet,0.0958,0.14189127880176428,9.27906,2.2156009123937466,11.135839999999998,0.1315,0.18582038370426426,-0.27312,5,negative_training,CRADK,HRSD_24.1,HRSD24,full
StandardScaler,ET,0.09476000000000001,0.16282391716206807,9.22462,2.3608552723536445,11.435379999999999,0.11866000000000002,0.1972861829931331,-0.35852000000000006,5,negative_training,CRADK,HRSD_24.1,HRSD24,full
RobustScaler,XGB,0.09380000000000001,0.19615170149657127,9.76516,1.90195443373389,12.174540000000002,0.11276,0.20953913238342856,-0.6010199999999999,5,negative_training,CRADK,HRSD_24.1,HRSD24,full
MinMaxScaler,MLP,0.09322,0.15864623222755717,9.409320000000001,2.002348747596183,11.4663,0.13172,0.19464091810305456,-0.37757999999999997,5,negative_training,CRADK,HRSD_24.1,HRSD24,full
MinMaxScaler,RF,0.09112,0.13724480682342774,8.962720000000001,1.9591227442403911,10.935039999999997,0.13396,0.19523791383847555,-0.25464000000000003,5,negative_training,CRADK,HRSD_24.1,HRSD24,full
RobustScaler,ET,0.09015999999999999,0.1932047049116558,9.11124,2.610004299421746,11.552280000000001,0.10942,0.22819224789637355,-0.38064,5,negative_training,CRADK,HRSD_24.1,HRSD24,full
StandardScaler,Ridge,0.08406,0.14585432115641964,9.2604,2.330020443043365,11.167979999999998,0.1016,0.18017252842761575,-0.27552,5,negative_training,CRADK,HRSD_24.1,HRSD24,full
StandardScaler,ElasticNet,0.08226,0.1411970183821174,9.08536,2.3360666231937826,10.992919999999998,0.11318000000000002,0.18582566292092165,-0.23232,5,negative_training,CRADK,HRSD_24.1,HRSD24,full
MinMaxScaler,Ridge,0.0819,0.16858804821220275,9.43924,1.9568257684321309,11.25734,0.11286,0.2068469192422261,-0.31029999999999996,5,negative_training,CRADK,HRSD_24.1,HRSD24,full
StandardScaler,RF,0.08005999999999999,0.15071124045670914,8.991520000000001,2.2443303538026664,11.18646,0.12104,0.20730729123694613,-0.30486,5,negative_training,CRADK,HRSD_24.1,HRSD24,full
MinMaxScaler,Lasso,0.07994000000000001,0.16131026935691353,9.42924,1.8955467926168428,11.290420000000001,0.11244000000000001,0.19581711620795564,-0.32026000000000004,5,negative_training,CRADK,HRSD_24.1,HRSD24,full
StandardScaler,Lasso,0.07678,0.138975742487673,9.08314,2.399050222067057,11.01552,0.08535999999999999,0.16996922662646907,-0.24080000000000004,5,negative_training,CRADK,HRSD_24.1,HRSD24,full
MinMaxScaler,ElasticNet,0.07636000000000001,0.17174027774520456,9.3195,2.0546190607993493,11.15886,0.11349999999999998,0.2105296297436539,-0.28602,5,negative_training,CRADK,HRSD_24.1,HRSD24,full
RobustScaler,SVR,0.07318,0.24836522904786812,9.13408,1.8964069808456203,11.32344,0.06158,0.29370656615063956,-0.36254,5,negative_training,CRADK,HRSD_24.1,HRSD24,full
RobustScaler,KNN,0.0718,0.19907094212867937,8.79814,2.133522899572442,11.07696,0.1052,0.25630307255278856,-0.29064,5,negative_training,CRADK,HRSD_24.1,HRSD24,full
StandardScaler,LGBM,0.05888,0.1343734237116849,8.81192,2.2013079639159985,11.18926,0.081,0.1872777883252576,-0.30104,5,negative_training,CRADK,HRSD_24.1,HRSD24,full
RobustScaler,RF,0.048420000000000005,0.21666381100682228,9.1433,2.433199820195621,11.494040000000002,0.08194,0.27777394226240876,-0.3821,5,negative_training,CRADK,HRSD_24.1,HRSD24,full
RobustScaler,LGBM,0.045899999999999996,0.12158295521988269,8.86574,2.0289576025634433,11.193880000000002,0.06964000000000001,0.1726099446729533,-0.32036000000000003,5,negative_training,CRADK,HRSD_24.1,HRSD24,full
MinMaxScaler,SVR,0.036860000000000004,0.1707186955198522,9.272,2.0926221421938553,11.52998,0.06949999999999999,0.19687710633793865,-0.39760000000000006,5,negative_training,CRADK,HRSD_24.1,HRSD24,full
StandardScaler,SVR,0.021240000000000002,0.18468086798583117,9.5297,2.426861747195336,11.63766,0.029419999999999995,0.23278043732238327,-0.42262000000000005,5,negative_training,CRADK,HRSD_24.1,HRSD24,full
StandardScaler,XGB,0.15462,0.16669406708098522,5.21288,0.5011652541826898,6.37578,0.1739,0.19412743237368593,-0.33364,5,negative_training,SHAM,phq_8,PHQ8,full
StandardScaler,CatBoost,0.11120000000000001,0.16130055796555695,5.31114,0.3627845131755211,6.25634,0.13620000000000002,0.20726670017154225,-0.28346,5,negative_training,SHAM,phq_8,PHQ8,full
StandardScaler,RF,0.08954,0.20628876120622763,5.123399999999999,0.6664618256134401,6.1330599999999995,0.12222,0.2665822799812471,-0.22372,5,negative_training,SHAM,phq_8,PHQ8,full
StandardScaler,ET,0.0842,0.21751856242629042,5.23166,0.5257763954382132,6.1759,0.12065999999999999,0.27948159688967,-0.26324000000000003,5,negative_training,SHAM,phq_8,PHQ8,full
RobustScaler,XGB,0.06032,0.2851716535702663,5.601100000000001,1.188412110759563,6.584740000000001,0.08256,0.3291856208888839,-0.42422000000000004,5,negative_training,SHAM,phq_8,PHQ8,full
StandardScaler,GB,0.04880000000000001,0.23274428027343658,5.72274,0.5068970339230641,6.86322,0.056299999999999996,0.2603129846934263,-0.56932,5,negative_training,SHAM,phq_8,PHQ8,full
RobustScaler,CatBoost,0.03924000000000001,0.31119870340346856,5.35252,0.5722412096310439,6.32498,0.04237999999999997,0.37944341080060934,-0.3439,5,negative_training,SHAM,phq_8,PHQ8,full
RobustScaler,LGBM,0.023299999999999998,0.20071033854786852,5.59696,0.3791919540285633,6.517480000000001,0.05704,0.27942715150822406,-0.4131,5,negative_training,SHAM,phq_8,PHQ8,full
RobustScaler,ET,0.013419999999999993,0.3002731456524209,5.41922,0.558687696302684,6.3412999999999995,0.034440000000000005,0.3823373876565042,-0.3348,5,negative_training,SHAM,phq_8,PHQ8,full
RobustScaler,RF,0.007519999999999999,0.2660022687873169,5.208080000000001,0.4125558592481746,6.22862,0.013320000000000009,0.389832537123314,-0.28734000000000004,5,negative_training,SHAM,phq_8,PHQ8,full
MinMaxScaler,SVR,0.0020400000000000062,0.17810843045740427,5.957420000000001,0.9749594745424037,6.9425,0.015920000000000004,0.2684098209827651,-0.56452,5,negative_training,SHAM,phq_8,PHQ8,full
MinMaxScaler,KNN,0.0011799999999999923,0.23267554018418007,5.55712,0.32859759128758115,6.5296400000000006,0.04730000000000003,0.35219449172296835,-0.41583999999999993,5,negative_training,SHAM,phq_8,PHQ8,full
StandardScaler,SVR,0.0007000000000000048,0.11872965088805744,5.61602,0.7506231391317484,6.374,0.045180000000000005,0.22522693444612701,-0.30239999999999995,5,negative_training,SHAM,phq_8,PHQ8,full
StandardScaler,LGBM,-0.0046999999999999984,0.16365240603180878,5.81884,0.4009361208471992,6.616639999999999,0.006999999999999999,0.2263739936476803,-0.44378,5,negative_training,SHAM,phq_8,PHQ8,full
RobustScaler,GB,-0.008420000000000006,0.31319729724248896,5.5662,0.787653588197248,6.60506,-0.03000000000000001,0.36177195855953237,-0.46558,5,negative_training,SHAM,phq_8,PHQ8,full
MinMaxScaler,MLP,-0.012880000000000003,0.25551654936618096,5.829679999999999,0.6307132922334838,6.79748,-0.0077399999999999995,0.3409600387142165,-0.51692,5,negative_training,SHAM,phq_8,PHQ8,full
StandardScaler,KNN,-0.018280000000000008,0.22368957731642303,5.83058,0.7207252715147431,6.829419999999999,-0.0058599999999999946,0.2631997777354685,-0.54974,5,negative_training,SHAM,phq_8,PHQ8,full
MinMaxScaler,LGBM,-0.019339999999999996,0.11329593108315938,5.61206,0.792393979028109,6.60124,-0.021020000000000004,0.15072853744397574,-0.40264,5,negative_training,SHAM,phq_8,PHQ8,full
MinMaxScaler,GB,-0.02196,0.1278545775480878,5.857760000000001,0.9995740657900243,6.99076,-0.027439999999999992,0.1387110233543102,-0.5364800000000001,5,negative_training,SHAM,phq_8,PHQ8,full
StandardScaler,Lasso,-0.03289999999999999,0.21895919711215603,5.39948,0.5703133191500966,6.40668,0.03333999999999998,0.3626530063297421,-0.33412,5,negative_training,SHAM,phq_8,PHQ8,full
StandardScaler,ElasticNet,-0.03688,0.22417858283074235,5.48846,0.5474836371984096,6.52402,0.015959999999999985,0.36821152616397,-0.38323999999999997,5,negative_training,SHAM,phq_8,PHQ8,full
MinMaxScaler,ET,-0.042120000000000005,0.27054523096887145,5.58626,0.9967431780554108,6.563220000000001,-0.03894,0.3950162059966654,-0.40976,5,negative_training,SHAM,phq_8,PHQ8,full
StandardScaler,Ridge,-0.04576,0.2740216652018595,5.62388,0.44850321849458336,6.8151199999999985,0.004000000000000015,0.3751077178624828,-0.5657599999999999,5,negative_training,SHAM,phq_8,PHQ8,full
MinMaxScaler,XGB,-0.04784000000000001,0.18056530120707023,5.86434,0.8689115593660837,7.057080000000001,-0.04988,0.20564592629079723,-0.61688,5,negative_training,SHAM,phq_8,PHQ8,full
RobustScaler,KNN,-0.04842,0.3542235127712445,5.6558399999999995,0.19809107248939822,6.70482,-0.0316,0.43014753283030693,-0.5520799999999999,5,negative_training,SHAM,phq_8,PHQ8,full
MinMaxScaler,ElasticNet,-0.05302,0.2650259081674846,5.65082,0.6214272338737656,6.80804,-0.030200000000000005,0.3721349150509799,-0.56698,5,negative_training,SHAM,phq_8,PHQ8,full
MinMaxScaler,Ridge,-0.05322,0.2746514736898384,5.7741999999999996,0.5409073811661292,6.971640000000001,-0.029220000000000003,0.36799841983356396,-0.64858,5,negative_training,SHAM,phq_8,PHQ8,full
MinMaxScaler,Lasso,-0.06426000000000001,0.26672181763027936,5.83952,0.5809937882628351,7.0634,-0.02622000000000001,0.38249581304897967,-0.71958,5,negative_training,SHAM,phq_8,PHQ8,full
MinMaxScaler,CatBoost,-0.06806000000000001,0.17735790932461964,5.5354600000000005,0.5858821280769705,6.58246,-0.0995,0.25433199759369646,-0.39516,5,negative_training,SHAM,phq_8,PHQ8,full
StandardScaler,MLP,-0.074,0.3677691599359577,6.29944,0.9297490645330063,7.53252,-0.07914000000000002,0.41159100816222893,-0.9095599999999999,5,negative_training,SHAM,phq_8,PHQ8,full
RobustScaler,MLP,-0.08188,0.31169377921286784,6.037000000000001,0.448879310060065,7.250159999999999,-0.10296000000000001,0.3682113360558037,-0.7174200000000001,5,negative_training,SHAM,phq_8,PHQ8,full
RobustScaler,SVR,-0.08762,0.25965217503421767,5.68618,0.6864218833924216,6.615600000000001,-0.06298000000000001,0.375403612129665,-0.45775999999999994,5,negative_training,SHAM,phq_8,PHQ8,full
RobustScaler,Ridge,-0.09434000000000001,0.23178878963401142,5.7194,0.4950636272238146,6.8827799999999995,-0.06931999999999999,0.30366039748376805,-0.59634,5,negative_training,SHAM,phq_8,PHQ8,full
RobustScaler,ElasticNet,-0.10638,0.20961962455838912,5.7353,0.5637010067402751,6.82758,-0.08432,0.27033863393899144,-0.56562,5,negative_training,SHAM,phq_8,PHQ8,full
MinMaxScaler,RF,-0.11344000000000001,0.18935742129634106,5.64336,0.692943910428543,6.691239999999999,-0.14872000000000002,0.25607243506476834,-0.44555999999999996,5,negative_training,SHAM,phq_8,PHQ8,full
RobustScaler,Lasso,-0.12250000000000001,0.22257361703490378,5.8187,0.6406336745754162,7.0568,-0.10914000000000001,0.31279534523390845,-0.7137399999999999,5,negative_training,SHAM,phq_8,PHQ8,full
StandardScaler,ElasticNet,0.15112,0.27100041881886455,11.06034,2.0679885802392626,13.560480000000002,0.11279999999999997,0.42837819155507906,-0.40786,5,negative_training,SHAM,ads.1,CES-D,full
RobustScaler,GB,0.1319,0.3395930579384685,11.288039999999999,1.9808035674947682,13.910999999999998,0.15786,0.3945559060513478,-0.48819999999999986,5,negative_training,SHAM,ads.1,CES-D,full
MinMaxScaler,SVR,0.12332000000000001,0.23686174659492826,10.59926,1.9274431361261992,13.03856,0.13786,0.29691258477875265,-0.28774,5,negative_training,SHAM,ads.1,CES-D,full
StandardScaler,Ridge,0.11945999999999998,0.3276255454020641,11.33236,2.332108595884849,13.876659999999998,0.09738,0.4722705972215505,-0.48733999999999994,5,negative_training,SHAM,ads.1,CES-D,full
RobustScaler,MLP,0.11701999999999999,0.23453778373643763,12.46546,3.5530458733317807,15.35614,0.12352,0.2673183439272359,-0.79894,5,negative_training,SHAM,ads.1,CES-D,full
StandardScaler,SVR,0.1133,0.31620049810207446,11.173359999999999,2.5562239657353967,13.31856,0.12857999999999997,0.40025175452457423,-0.37170000000000003,5,negative_training,SHAM,ads.1,CES-D,full
StandardScaler,Lasso,0.10684,0.3267445913859937,11.530759999999999,2.3214238740479947,14.096460000000002,0.07493999999999998,0.47991704804059626,-0.52914,5,negative_training,SHAM,ads.1,CES-D,full
RobustScaler,RF,0.10404,0.27453748924327254,10.629480000000001,1.7178790038882257,12.95314,0.14809999999999998,0.3666397209796014,-0.2626799999999999,5,negative_training,SHAM,ads.1,CES-D,full
StandardScaler,GB,0.10281999999999998,0.3955069683330497,11.9802,2.6687629372051767,14.26564,0.11286,0.44172560826830043,-0.5545199999999999,5,negative_training,SHAM,ads.1,CES-D,full
StandardScaler,LGBM,0.10188,0.2196261755802345,10.902260000000002,2.2237508410341302,12.9845,0.12416,0.31527306101219627,-0.27056,5,negative_training,SHAM,ads.1,CES-D,full
RobustScaler,Ridge,0.10146,0.2700190419211208,11.0932,2.91391443851737,13.43986,0.10746,0.3713260198262438,-0.35860000000000003,5,negative_training,SHAM,ads.1,CES-D,full
StandardScaler,XGB,0.10116,0.43536265687355413,11.877120000000001,3.12829892865116,14.07372,0.10049999999999999,0.4881849854307279,-0.49934,5,negative_training,SHAM,ads.1,CES-D,full
MinMaxScaler,GB,0.10106,0.2527570335322046,11.447400000000002,1.3394978256794592,14.320860000000001,0.11082,0.3004994958398433,-0.5819600000000001,5,negative_training,SHAM,ads.1,CES-D,full
RobustScaler,ET,0.1006,0.2797326848975643,10.87622,1.6635197299701618,13.23554,0.11383999999999998,0.3519526289147447,-0.32464,5,negative_training,SHAM,ads.1,CES-D,full
StandardScaler,RF,0.0945,0.31539152651902364,10.88036,2.569861079513833,12.873740000000002,0.13301999999999997,0.43080864893824966,-0.2467399999999999,5,negative_training,SHAM,ads.1,CES-D,full
RobustScaler,CatBoost,0.09179999999999998,0.3442587326415991,11.51288,1.7491394161129636,13.82814,0.10714000000000001,0.404812972865248,-0.46974,5,negative_training,SHAM,ads.1,CES-D,full
StandardScaler,ET,0.09042000000000001,0.33718785861890105,11.20966,2.8168971836046843,13.292539999999999,0.10044,0.41923509872146913,-0.33338,5,negative_training,SHAM,ads.1,CES-D,full
MinMaxScaler,CatBoost,0.08656,0.21003148097368643,11.168339999999999,1.623616633629996,13.53276,0.09988000000000001,0.26318748450486773,-0.3982,5,negative_training,SHAM,ads.1,CES-D,full
StandardScaler,CatBoost,0.08127999999999999,0.38059731607041053,11.69274,2.4968427048975275,13.62246,0.09314,0.4561738572079729,-0.40586,5,negative_training,SHAM,ads.1,CES-D,full
MinMaxScaler,RF,0.07664,0.25557255916862437,10.912279999999999,1.8000675826201629,13.322039999999998,0.08428000000000001,0.36371144056793153,-0.3699,5,negative_training,SHAM,ads.1,CES-D,full
RobustScaler,KNN,0.0708,0.2764347572213017,11.09642,2.2300294341106803,13.56768,0.09795999999999999,0.39991667007015347,-0.41442000000000007,5,negative_training,SHAM,ads.1,CES-D,full
RobustScaler,XGB,0.06734,0.3165611599675488,11.7942,2.175247876679805,14.3124,0.08022000000000001,0.37676776268677764,-0.58092,5,negative_training,SHAM,ads.1,CES-D,full
MinMaxScaler,ElasticNet,0.05823999999999999,0.1821522659754745,10.71434,1.800961452391472,13.259780000000001,0.0703,0.30017321665998115,-0.33046,5,negative_training,SHAM,ads.1,CES-D,full
StandardScaler,KNN,0.05466,0.36715698005076797,11.68026,3.358941354504422,13.98578,0.07770000000000002,0.42892354796630133,-0.48716,5,negative_training,SHAM,ads.1,CES-D,full
MinMaxScaler,Lasso,0.05256000000000001,0.20423286464229992,11.128519999999998,1.8331534870272042,13.55786,0.048339999999999994,0.31419833385936347,-0.3888999999999999,5,negative_training,SHAM,ads.1,CES-D,full
MinMaxScaler,KNN,0.05147999999999999,0.312362621003218,10.963560000000001,2.2470810517202096,13.466239999999999,0.060639999999999986,0.39158862726080285,-0.39946,5,negative_training,SHAM,ads.1,CES-D,full
RobustScaler,ElasticNet,0.049420000000000006,0.18314266843092575,10.778659999999999,2.170103597296683,13.164480000000001,0.04798000000000001,0.40329897346757526,-0.30855999999999995,5,negative_training,SHAM,ads.1,CES-D,full
MinMaxScaler,Ridge,0.039599999999999996,0.18321960866675815,10.994200000000001,1.5617003681884691,13.50686,0.04143999999999999,0.2847989255597711,-0.392,5,negative_training,SHAM,ads.1,CES-D,full
RobustScaler,SVR,0.03935999999999999,0.28805655347518133,11.12504,2.2404573736181628,13.57904,0.061860000000000005,0.3700352185941225,-0.41044,5,negative_training,SHAM,ads.1,CES-D,full
MinMaxScaler,ET,0.03738,0.27411967641889556,11.36346,1.7296050294792733,13.853820000000002,0.019200000000000002,0.3608598135010325,-0.48274,5,negative_training,SHAM,ads.1,CES-D,full
MinMaxScaler,XGB,0.034960000000000005,0.27294889265208605,11.5655,1.3191677622652862,14.741760000000003,0.011099999999999988,0.38281771771954337,-0.68466,5,negative_training,SHAM,ads.1,CES-D,full
MinMaxScaler,LGBM,0.02078,0.17487643351807014,11.05902,1.9117251102080546,13.86652,0.016800000000000002,0.23747718837816825,-0.44370000000000004,5,negative_training,SHAM,ads.1,CES-D,full
RobustScaler,Lasso,0.008539999999999996,0.20126731726735964,11.501740000000002,2.10068812487718,13.793899999999999,-0.037874999999999985,0.41026416997669524,-0.43629999999999997,5,negative_training,SHAM,ads.1,CES-D,full
MinMaxScaler,MLP,-0.00017999999999999684,0.17957191317129745,11.279059999999998,1.5392987861360772,14.080880000000002,2.00000000000089e-05,0.23451582462597273,-0.52782,5,negative_training,SHAM,ads.1,CES-D,full
RobustScaler,LGBM,-0.01942000000000001,0.22001222011515637,11.3478,2.3048437994796953,13.973759999999999,-0.031799999999999995,0.307165484714673,-0.4575,5,negative_training,SHAM,ads.1,CES-D,full
StandardScaler,MLP,-0.020539999999999982,0.33726067514609526,13.064580000000001,3.6178608910515067,15.921460000000002,-0.04056,0.41521600161843475,-1.01034,5,negative_training,SHAM,ads.1,CES-D,full
MinMaxScaler,ET,0.06304000000000001,0.2853375246966301,3.74938,0.5750068669155178,4.55452,0.06755999999999998,0.3997518267625553,-0.60562,5,negative_training,SHAM,HRSD_6.1,HRSD6,full
RobustScaler,Ridge,0.06261999999999998,0.15221140561731897,3.50604,0.6428120860718164,4.2233,0.11710000000000001,0.26554541042917684,-0.14368,5,negative_training,SHAM,HRSD_6.1,HRSD6,full
RobustScaler,ElasticNet,0.059300000000000005,0.1571617001689661,3.58012,0.581934418126304,4.27532,0.11476,0.26333994759625823,-0.18042000000000002,5,negative_training,SHAM,HRSD_6.1,HRSD6,full
RobustScaler,GB,0.053959999999999994,0.26769145111489834,3.7914199999999996,0.5428567739284459,4.64084,0.06726000000000001,0.35476574383669013,-0.6545,5,negative_training,SHAM,HRSD_6.1,HRSD6,full
MinMaxScaler,RF,0.05182,0.28443963683003115,3.8156800000000004,0.6646544417966377,4.57212,0.04332000000000002,0.4379515235731005,-0.64928,5,negative_training,SHAM,HRSD_6.1,HRSD6,full
MinMaxScaler,Ridge,0.05023999999999999,0.1421760458023784,3.6273000000000004,0.4857011632681149,4.29074,0.08129999999999998,0.2781784229590786,-0.20898,5,negative_training,SHAM,HRSD_6.1,HRSD6,full
RobustScaler,Lasso,0.049640000000000004,0.15698848046910957,3.63348,0.7540755578852826,4.29576,0.09241999999999999,0.25426273222790635,-0.1718,5,negative_training,SHAM,HRSD_6.1,HRSD6,full
MinMaxScaler,Lasso,0.045219999999999996,0.1322179148224627,3.6429400000000003,0.40096548853984937,4.31708,0.07697999999999999,0.2714561419456189,-0.2541,5,negative_training,SHAM,HRSD_6.1,HRSD6,full
StandardScaler,Ridge,0.04116000000000001,0.15253679228304232,3.5831600000000003,0.4479064444725035,4.28732,0.088,0.27160280742289833,-0.21871999999999997,5,negative_training,SHAM,HRSD_6.1,HRSD6,full
MinMaxScaler,CatBoost,0.038040000000000004,0.26389932360656027,3.79896,0.5271299061901155,4.5378,0.02924,0.4010072418298702,-0.57232,5,negative_training,SHAM,HRSD_6.1,HRSD6,full
RobustScaler,RF,0.03766,0.3137748125646799,3.5862000000000003,0.48950731863783203,4.4432,0.022259999999999995,0.4332552746360972,-0.41934000000000005,5,negative_training,SHAM,HRSD_6.1,HRSD6,full
RobustScaler,KNN,0.03696000000000001,0.2337048737189706,3.7144200000000005,0.4966378227642353,4.44748,0.04403999999999999,0.3072619127064075,-0.36928,5,negative_training,SHAM,HRSD_6.1,HRSD6,full
RobustScaler,ET,0.03632,0.3030834406561995,3.70692,0.46870704283166037,4.49258,0.009699999999999997,0.4492629630850956,-0.5273399999999999,5,negative_training,SHAM,HRSD_6.1,HRSD6,full
StandardScaler,Lasso,0.03391999999999999,0.15763433001729033,3.64032,0.40844523745540223,4.35294,0.07964,0.2721157896925498,-0.26467999999999997,5,negative_training,SHAM,HRSD_6.1,HRSD6,full
StandardScaler,ElasticNet,0.03362,0.16009108969583535,3.63084,0.41198406886674627,4.34342,0.08657999999999999,0.27184782875719277,-0.26234,5,negative_training,SHAM,HRSD_6.1,HRSD6,full
MinMaxScaler,ElasticNet,0.031939999999999996,0.14964848144902773,3.62526,0.4337793079435672,4.30492,0.07214000000000001,0.2866774197595618,-0.23518,5,negative_training,SHAM,HRSD_6.1,HRSD6,full
RobustScaler,XGB,0.021659999999999992,0.14281380535508464,3.94792,0.33526395123842356,4.82524,0.024599999999999993,0.18724325087970461,-0.7245199999999999,5,negative_training,SHAM,HRSD_6.1,HRSD6,full
RobustScaler,MLP,0.014880000000000004,0.3430575053835727,3.82746,0.5245677773176697,4.74474,-0.010919999999999985,0.45475141780977446,-0.6263,5,negative_training,SHAM,HRSD_6.1,HRSD6,full
RobustScaler,CatBoost,0.010079999999999995,0.24795585695845138,3.8177,0.35781827790094767,4.56916,-0.02297999999999999,0.37593764376555855,-0.53094,5,negative_training,SHAM,HRSD_6.1,HRSD6,full
StandardScaler,GB,0.008479999999999977,0.30282765230407876,3.98812,0.6070190170002913,4.88166,0.008179999999999998,0.37418952016324564,-0.84414,5,negative_training,SHAM,HRSD_6.1,HRSD6,full
RobustScaler,LGBM,0.0004799999999999971,0.17486621171627184,3.65954,0.693510672592715,4.43894,0.0089,0.26514197140400086,-0.29526,5,negative_training,SHAM,HRSD_6.1,HRSD6,full
StandardScaler,RF,-0.003180000000000005,0.3202114879263391,3.6997,0.5352424450657852,4.52256,-0.014659999999999996,0.4572679553609678,-0.50552,5,negative_training,SHAM,HRSD_6.1,HRSD6,full
MinMaxScaler,GB,-0.0041600000000000135,0.2815505158936847,4.16744,0.6920254388387758,5.0117,-0.005900000000000005,0.3521547600132646,-0.94952,5,negative_training,SHAM,HRSD_6.1,HRSD6,full
StandardScaler,LGBM,-0.01104,0.19860241186853697,3.7712199999999996,0.6134430185436948,4.55072,0.0008199999999999958,0.2902847085190675,-0.40798000000000006,5,negative_training,SHAM,HRSD_6.1,HRSD6,full
MinMaxScaler,LGBM,-0.01354,0.22290830626066854,3.73044,0.6959882168542796,4.47772,-0.025740000000000013,0.35789783877525716,-0.33546,5,negative_training,SHAM,HRSD_6.1,HRSD6,full
MinMaxScaler,MLP,-0.016319999999999998,0.1480517038064743,3.7370999999999994,0.45956652946009896,4.425599999999999,0.01921999999999998,0.26154306911099745,-0.29386,5,negative_training,SHAM,HRSD_6.1,HRSD6,full
StandardScaler,ET,-0.025440000000000018,0.3607289189959685,3.86606,0.6283984189986479,4.679399999999999,-0.07088000000000001,0.5264961034993516,-0.7031799999999999,5,negative_training,SHAM,HRSD_6.1,HRSD6,full
StandardScaler,KNN,-0.039720000000000005,0.2073126069490228,3.8164000000000002,0.19647364963271802,4.72594,-0.04214,0.3075938360890868,-0.5729599999999999,5,negative_training,SHAM,HRSD_6.1,HRSD6,full
MinMaxScaler,SVR,-0.051739999999999994,0.2254024911131197,3.81356,0.3126165910504431,4.5582,-0.10575999999999999,0.34615572073851386,-0.50258,5,negative_training,SHAM,HRSD_6.1,HRSD6,full
StandardScaler,CatBoost,-0.055600000000000004,0.31599117076272876,3.9163799999999993,0.5980439925289777,4.7401800000000005,-0.058499999999999996,0.4398283528832583,-0.72452,5,negative_training,SHAM,HRSD_6.1,HRSD6,full
MinMaxScaler,KNN,-0.056420000000000005,0.1998139059224858,3.8853999999999997,0.31805204762742806,4.68536,-0.0727,0.3038126643179971,-0.54362,5,negative_training,SHAM,HRSD_6.1,HRSD6,full
MinMaxScaler,XGB,-0.060140000000000006,0.24127917025719398,4.2585999999999995,0.5345156405569438,5.12064,-0.06908,0.30148669456544847,-0.96164,5,negative_training,SHAM,HRSD_6.1,HRSD6,full
StandardScaler,MLP,-0.06301999999999999,0.2973832493601481,4.13726,0.36742571766276777,4.94522,-0.1092,0.4073578156854242,-0.83626,5,negative_training,SHAM,HRSD_6.1,HRSD6,full
RobustScaler,SVR,-0.08034000000000001,0.24618551541469696,3.83502,0.6506597705406413,4.54698,-0.10928,0.3911920078426961,-0.41044,5,negative_training,SHAM,HRSD_6.1,HRSD6,full
StandardScaler,SVR,-0.13546,0.2005379963996848,4.0576799999999995,0.3285835160199002,4.81462,-0.17066,0.28886423800809957,-0.65886,5,negative_training,SHAM,HRSD_6.1,HRSD6,full
StandardScaler,XGB,-0.13942,0.3013226128255229,4.3985199999999995,0.5524025678796217,5.20972,-0.14782,0.36059356899423484,-1.0219200000000002,5,negative_training,SHAM,HRSD_6.1,HRSD6,full
RobustScaler,Ridge,0.056380000000000006,0.21751053307828566,6.6148,1.3584642983899138,8.224920000000001,0.0728,0.3734344186065339,-0.40367999999999993,5,negative_training,SHAM,HRSD_17.1,HRSD17,full
StandardScaler,Ridge,0.05005999999999999,0.16019022442084288,6.866380000000001,1.145691012882619,8.32522,0.07162,0.18535903538808138,-0.41600000000000004,5,negative_training,SHAM,HRSD_17.1,HRSD17,full
RobustScaler,ElasticNet,0.04788,0.20999908809325818,6.58254,1.7266709104516709,8.03732,0.0778,0.38076158550988304,-0.28490000000000004,5,negative_training,SHAM,HRSD_17.1,HRSD17,full
StandardScaler,Lasso,0.04586,0.18604860386468908,6.79594,1.5859758582651875,8.26452,0.04904,0.2142970205112521,-0.3684,5,negative_training,SHAM,HRSD_17.1,HRSD17,full
StandardScaler,XGB,0.04196000000000001,0.17748335978338928,6.98202,0.5302759159154787,8.61966,0.08677999999999998,0.3225001813952978,-0.5554399999999999,5,negative_training,SHAM,HRSD_17.1,HRSD17,full
StandardScaler,ElasticNet,0.03291999999999999,0.19678853371068142,6.7651200000000005,1.608175953370775,8.2667,0.016760000000000008,0.2575294119125037,-0.36394000000000004,5,negative_training,SHAM,HRSD_17.1,HRSD17,full
RobustScaler,Lasso,0.028879999999999996,0.19788655083153073,7.0192000000000005,1.4154976368754557,8.696519999999998,0.07681999999999999,0.36842447258563055,-0.6096600000000001,5,negative_training,SHAM,HRSD_17.1,HRSD17,full
MinMaxScaler,ElasticNet,0.025619999999999997,0.19978058464225196,6.72534,1.357203261490334,8.23664,-0.04938000000000002,0.34573101827866126,-0.36974,5,negative_training,SHAM,HRSD_17.1,HRSD17,full
MinMaxScaler,Ridge,0.01242000000000001,0.2010605058185222,6.7354,1.244552190548874,8.313839999999999,-0.04555999999999999,0.3345301600752913,-0.40498,5,negative_training,SHAM,HRSD_17.1,HRSD17,full
MinMaxScaler,Lasso,0.007779999999999998,0.21198029861286638,6.924580000000001,1.4228224281336017,8.56456,-0.03998,0.3273707332673463,-0.5085200000000001,5,negative_training,SHAM,HRSD_17.1,HRSD17,full
MinMaxScaler,KNN,0.0056799999999999915,0.15473671833149366,6.6479,0.7446573440180388,8.3626,0.032880000000000006,0.23282041791904765,-0.43502,5,negative_training,SHAM,HRSD_17.1,HRSD17,full
RobustScaler,LGBM,-0.008100000000000001,0.1506853675709755,6.512919999999999,1.2630850652271999,8.34242,-0.023440000000000006,0.17882511848171664,-0.36326,5,negative_training,SHAM,HRSD_17.1,HRSD17,full
StandardScaler,SVR,-0.01102,0.06931545282258494,6.842319999999999,1.1130537731843866,8.422099999999999,-0.07236,0.19364346877702845,-0.42052000000000006,5,negative_training,SHAM,HRSD_17.1,HRSD17,full
RobustScaler,XGB,-0.014799999999999999,0.11413748288796281,7.84342,1.1631755443612113,9.403780000000001,-0.023340000000000003,0.15241328026126857,-0.9581199999999999,5,negative_training,SHAM,HRSD_17.1,HRSD17,full
StandardScaler,GB,-0.023120000000000012,0.18043083716482614,7.113160000000001,0.6942883428374699,8.877099999999999,0.010460000000000002,0.2923065479937116,-0.64306,5,negative_training,SHAM,HRSD_17.1,HRSD17,full
StandardScaler,ET,-0.02462,0.08985024763460588,6.72486,0.9027304265393957,8.344039999999998,-0.037000000000000005,0.11798268940823481,-0.38180000000000003,5,negative_training,SHAM,HRSD_17.1,HRSD17,full
StandardScaler,MLP,-0.025879999999999997,0.11058985939045224,7.335119999999999,1.411299920994824,9.17676,-0.05724,0.19290011145668112,-0.7306,5,negative_training,SHAM,HRSD_17.1,HRSD17,full
RobustScaler,RF,-0.028720000000000002,0.13059958652308207,6.859959999999999,0.9112774566508267,8.3798,-0.03478000000000001,0.16250454455183708,-0.40738,5,negative_training,SHAM,HRSD_17.1,HRSD17,full
StandardScaler,RF,-0.029339999999999998,0.17696757612624975,6.46414,1.030180614261402,8.179120000000001,-0.05258,0.2305097655198148,-0.33258,5,negative_training,SHAM,HRSD_17.1,HRSD17,full
StandardScaler,KNN,-0.0306,0.06716892882873747,6.91268,0.6615480383161908,8.691100000000002,-0.02696,0.10224469668398455,-0.59778,5,negative_training,SHAM,HRSD_17.1,HRSD17,full
MinMaxScaler,MLP,-0.03574000000000001,0.205660321890247,7.162139999999999,1.4627437260162826,8.894879999999999,-0.09319999999999998,0.3132132181118798,-0.61194,5,negative_training,SHAM,HRSD_17.1,HRSD17,full
RobustScaler,ET,-0.0522,0.09853103571971625,7.1663,1.220034319189423,8.6009,-0.08515999999999999,0.12530543882848819,-0.45461999999999997,5,negative_training,SHAM,HRSD_17.1,HRSD17,full
RobustScaler,GB,-0.05432,0.14699709861082294,7.90064,0.7084612995781776,9.44308,-0.071,0.1691097276918155,-0.86564,5,negative_training,SHAM,HRSD_17.1,HRSD17,full
RobustScaler,KNN,-0.054759999999999996,0.16300059202346476,7.2637,0.9054939618793713,8.90726,-0.1162,0.25616743547921933,-0.64176,5,negative_training,SHAM,HRSD_17.1,HRSD17,full
MinMaxScaler,SVR,-0.05850000000000001,0.11875598932264426,7.13934,1.01007090741195,8.69982,-0.15782,0.2719038929474898,-0.5353,5,negative_training,SHAM,HRSD_17.1,HRSD17,full
RobustScaler,SVR,-0.06176,0.12176104877997726,7.527600000000001,1.030369601162612,9.21922,-0.08708,0.16270650570889905,-0.7123200000000001,5,negative_training,SHAM,HRSD_17.1,HRSD17,full
RobustScaler,CatBoost,-0.0624,0.0976492703505766,7.270619999999999,0.9446912707334604,8.86868,-0.10066000000000001,0.15876135549937836,-0.6306,5,negative_training,SHAM,HRSD_17.1,HRSD17,full
RobustScaler,MLP,-0.06598,0.10902076407730776,7.656439999999999,1.142984539702966,9.41328,-0.13234,0.24937577669051983,-0.8709399999999998,5,negative_training,SHAM,HRSD_17.1,HRSD17,full
MinMaxScaler,RF,-0.07662,0.18505309238161896,6.73848,0.6981860189090013,8.42668,-0.10069999999999998,0.24702049510111504,-0.47178000000000003,5,negative_training,SHAM,HRSD_17.1,HRSD17,full
StandardScaler,CatBoost,-0.08254,0.14356670226762194,6.907760000000001,0.8593166663110869,8.7396,-0.09432,0.16411906348745717,-0.56688,5,negative_training,SHAM,HRSD_17.1,HRSD17,full
MinMaxScaler,GB,-0.0838,0.2280995396751164,7.56678,0.7750221654894779,9.34068,-0.06256,0.2653996477013487,-0.8758399999999998,5,negative_training,SHAM,HRSD_17.1,HRSD17,full
MinMaxScaler,CatBoost,-0.09137999999999999,0.14766481300567175,7.20844,0.6818157361047043,8.836,-0.10729999999999999,0.20065793031923757,-0.6155,5,negative_training,SHAM,HRSD_17.1,HRSD17,full
MinMaxScaler,LGBM,-0.11285999999999999,0.10664271189349978,6.67468,1.1287901297406886,8.4895,-0.15072000000000002,0.12425013883292041,-0.42336,5,negative_training,SHAM,HRSD_17.1,HRSD17,full
MinMaxScaler,XGB,-0.13136,0.233978702022214,7.755980000000001,0.7302098410730988,9.54534,-0.15504,0.2509632104512532,-0.92332,5,negative_training,SHAM,HRSD_17.1,HRSD17,full
MinMaxScaler,ET,-0.13986,0.1429429886353297,7.3790000000000004,0.7856688392700832,8.969520000000001,-0.19598,0.19285985066882116,-0.6538,5,negative_training,SHAM,HRSD_17.1,HRSD17,full
StandardScaler,LGBM,-0.14066,0.151704673626095,6.84924,1.308810199379574,8.609000000000002,-0.19718,0.1934092345261725,-0.47148,5,negative_training,SHAM,HRSD_17.1,HRSD17,full
MinMaxScaler,SVR,0.05988,0.26609924276480007,7.436399999999999,1.9487068738011872,8.95602,0.023819999999999987,0.3423569511489434,-0.37851999999999997,5,negative_training,SHAM,HRSD_21.1,HRSD21,full
StandardScaler,KNN,0.04690000000000001,0.20133555324383223,7.222479999999999,1.1365347825737673,8.69642,0.07906000000000002,0.2925850098689268,-0.31438,5,negative_training,SHAM,HRSD_21.1,HRSD21,full
MinMaxScaler,KNN,0.045439999999999994,0.19725638899665582,7.2885800000000005,1.3609208268668687,8.80958,0.06060000000000001,0.24855904731069436,-0.3298,5,negative_training,SHAM,HRSD_21.1,HRSD21,full
StandardScaler,Ridge,0.045200000000000004,0.266457079095302,7.345699999999999,1.8788837843251507,8.796719999999999,0.022620000000000008,0.3679688125371497,-0.32068,5,negative_training,SHAM,HRSD_21.1,HRSD21,full
StandardScaler,XGB,0.04494,0.35373914541650603,7.883419999999998,1.7305725344521097,9.58954,0.05612000000000002,0.41567814111401147,-0.71316,5,negative_training,SHAM,HRSD_21.1,HRSD21,full
StandardScaler,ElasticNet,0.03935999999999999,0.2582324301864504,7.541139999999999,1.7841899556941805,9.0307,0.01791999999999999,0.37502846825274483,-0.41591999999999996,5,negative_training,SHAM,HRSD_21.1,HRSD21,full
StandardScaler,Lasso,0.03707999999999999,0.25611803333619443,7.68852,1.7067543121375144,9.20168,0.029300000000000003,0.3610075276223475,-0.48224,5,negative_training,SHAM,HRSD_21.1,HRSD21,full
MinMaxScaler,ElasticNet,0.0331,0.25855816560302247,7.60168,1.6303358509828572,9.13438,-0.012800000000000011,0.42811711598580127,-0.47547999999999996,5,negative_training,SHAM,HRSD_21.1,HRSD21,full
StandardScaler,CatBoost,0.025240000000000005,0.2539240595138633,7.594060000000001,1.4152544640452476,9.17522,0.061860000000000005,0.38154903092525344,-0.5483,5,negative_training,SHAM,HRSD_21.1,HRSD21,full
MinMaxScaler,Lasso,0.02407999999999999,0.26488945241364364,7.597119999999999,1.6754161056286883,9.11682,-0.03226,0.45373551547129304,-0.47533999999999993,5,negative_training,SHAM,HRSD_21.1,HRSD21,full
MinMaxScaler,Ridge,0.021319999999999995,0.26759535123017364,7.66738,1.590677037302041,9.26642,-0.01020000000000001,0.43043068547676755,-0.5237200000000001,5,negative_training,SHAM,HRSD_21.1,HRSD21,full
MinMaxScaler,MLP,0.0132,0.2948962783759741,8.002799999999999,1.8191799265053474,9.5779,-0.04254000000000001,0.43566007735389295,-0.6125400000000001,5,negative_training,SHAM,HRSD_21.1,HRSD21,full
StandardScaler,RF,0.002119999999999997,0.26559506207759204,7.224819999999999,0.9928119318380493,8.911640000000002,0.018500000000000006,0.3867116367527618,-0.4667,5,negative_training,SHAM,HRSD_21.1,HRSD21,full
RobustScaler,Lasso,0.0015000000000000013,0.19060853863350402,7.9581599999999995,1.4388009845006366,9.61884,-0.04853999999999999,0.36083006110910437,-0.72862,5,negative_training,SHAM,HRSD_21.1,HRSD21,full
StandardScaler,ET,0.0004399999999999932,0.2105293874973278,7.642920000000001,1.1729806379476175,9.073039999999999,0.021300000000000003,0.3650054725617138,-0.46912000000000004,5,negative_training,SHAM,HRSD_21.1,HRSD21,full
StandardScaler,GB,-0.0008799999999999974,0.3068198119417975,8.282039999999999,1.506297913096874,9.99032,0.01144,0.38087151770643074,-0.8475199999999999,5,negative_training,SHAM,HRSD_21.1,HRSD21,full
RobustScaler,Ridge,-0.004079999999999995,0.20468135479324928,7.943979999999999,1.7048614832296478,9.6059,-0.03325999999999999,0.3439835722821658,-0.7094799999999999,5,negative_training,SHAM,HRSD_21.1,HRSD21,full
MinMaxScaler,LGBM,-0.00852,0.19359281236657525,7.201560000000001,1.430318053091689,8.86948,-0.02546,0.23165832167224212,-0.33792,5,negative_training,SHAM,HRSD_21.1,HRSD21,full
RobustScaler,ElasticNet,-0.012860000000000005,0.214604061005378,7.965819999999999,1.5681192451468733,9.68026,-0.03639999999999999,0.3400340277089927,-0.73198,5,negative_training,SHAM,HRSD_21.1,HRSD21,full
MinMaxScaler,RF,-0.01915999999999999,0.32760150030181484,7.30844,1.440833086446865,9.017840000000001,-0.02772,0.4323026335797644,-0.4962999999999999,5,negative_training,SHAM,HRSD_21.1,HRSD21,full
StandardScaler,SVR,-0.022740000000000003,0.12799065590893735,7.5921400000000006,1.2998695311453383,9.10718,-0.025519999999999998,0.20107254163609709,-0.43621999999999994,5,negative_training,SHAM,HRSD_21.1,HRSD21,full
MinMaxScaler,XGB,-0.024280000000000003,0.34994454846446743,8.057599999999999,1.5269242892167247,9.8674,-0.0516,0.4100793642698935,-0.83316,5,negative_training,SHAM,HRSD_21.1,HRSD21,full
RobustScaler,MLP,-0.04556,0.1676413075587279,8.03838,1.7035748683283631,9.98182,-0.06720000000000001,0.23062715581648227,-0.77614,5,negative_training,SHAM,HRSD_21.1,HRSD21,full
MinMaxScaler,GB,-0.04676,0.3449316062641984,8.13252,1.4309049433837315,9.88968,-0.050760000000000007,0.40074858452650836,-0.89144,5,negative_training,SHAM,HRSD_21.1,HRSD21,full
MinMaxScaler,CatBoost,-0.05018,0.23501437615601306,7.561580000000001,1.0039653689246453,9.13682,-0.042960000000000005,0.352396641584451,-0.52378,5,negative_training,SHAM,HRSD_21.1,HRSD21,full
StandardScaler,MLP,-0.056319999999999995,0.19893735697450088,8.1616,2.160562573729352,9.916279999999999,-0.09836,0.3131354547156869,-0.7034199999999999,5,negative_training,SHAM,HRSD_21.1,HRSD21,full
RobustScaler,XGB,-0.06052,0.21732272545686518,8.2868,1.067568683973073,10.001139999999998,-0.07758,0.2518340068378375,-0.76522,5,negative_training,SHAM,HRSD_21.1,HRSD21,full
RobustScaler,ET,-0.06824,0.12656963695926446,7.90038,0.8875166460410753,9.451920000000001,-0.09526000000000001,0.15126104257210446,-0.5721999999999999,5,negative_training,SHAM,HRSD_21.1,HRSD21,full
RobustScaler,SVR,-0.07216,0.1691226566726055,7.955520000000002,1.185895858412533,9.48876,-0.13046000000000002,0.2500726254510877,-0.57616,5,negative_training,SHAM,HRSD_21.1,HRSD21,full
RobustScaler,RF,-0.08013999999999999,0.1571247370721746,7.6663,0.9702431215937579,9.373880000000002,-0.10944000000000001,0.1945868520738233,-0.547,5,negative_training,SHAM,HRSD_21.1,HRSD21,full
RobustScaler,KNN,-0.08594,0.14389181005185805,7.99392,0.9077965752303762,9.73422,-0.12126,0.1864961876285947,-0.6658800000000001,5,negative_training,SHAM,HRSD_21.1,HRSD21,full
RobustScaler,CatBoost,-0.0962,0.1515537033529699,8.2016,1.2105858313230002,9.9655,-0.13418000000000002,0.1900962045912543,-0.7510600000000001,5,negative_training,SHAM,HRSD_21.1,HRSD21,full
RobustScaler,GB,-0.09772,0.1933492099802841,8.607520000000001,0.9051730646677463,10.37516,-0.12369999999999999,0.2156443831867642,-0.9543000000000001,5,negative_training,SHAM,HRSD_21.1,HRSD21,full
MinMaxScaler,ET,-0.10894,0.20610840109030007,8.071079999999998,0.73744330765151,9.73832,-0.11098,0.28699071761992584,-0.7380599999999999,5,negative_training,SHAM,HRSD_21.1,HRSD21,full
StandardScaler,LGBM,-0.1561,0.19786213634750838,7.60422,1.573199248982786,9.42644,-0.20518,0.24922440089204748,-0.54316,5,negative_training,SHAM,HRSD_21.1,HRSD21,full
RobustScaler,LGBM,-0.1819,0.20779966313735931,7.72372,1.6233185414452709,9.546240000000001,-0.2424,0.25725490277155066,-0.58118,5,negative_training,SHAM,HRSD_21.1,HRSD21,full
RobustScaler,GB,0.21788,0.22394915047840658,9.03878,1.8423221059304473,10.79318,0.26238,0.2580660225601193,-0.25978,5,negative_training,SHAM,HRSD_24.1,HRSD24,full
RobustScaler,XGB,0.16028,0.20976349062694394,9.054239999999998,2.1115127593741887,10.948580000000002,0.18572,0.22189417973439501,-0.26082,5,negative_training,SHAM,HRSD_24.1,HRSD24,full
RobustScaler,ET,0.11772,0.25790063396587454,8.89216,2.585749764188329,10.785680000000001,0.09797999999999998,0.32059094185581727,-0.21682,5,negative_training,SHAM,HRSD_24.1,HRSD24,full
StandardScaler,GB,0.10332,0.26063826848718896,9.432419999999999,1.5445849546075476,11.53442,0.14178,0.3108556529966923,-0.5225,5,negative_training,SHAM,HRSD_24.1,HRSD24,full
StandardScaler,ET,0.0837,0.18791906502534542,9.24726,1.5854522455753757,11.303099999999999,0.08374000000000001,0.2544580377979835,-0.45586000000000004,5,negative_training,SHAM,HRSD_24.1,HRSD24,full
MinMaxScaler,GB,0.08248,0.16517963554869589,9.59508,1.7138222040223425,11.847019999999999,0.09456,0.1892826008908373,-0.5755399999999999,5,negative_training,SHAM,HRSD_24.1,HRSD24,full
StandardScaler,XGB,0.06490000000000001,0.2337889005064184,9.48334,1.5554117422727654,11.601360000000001,0.07714000000000001,0.2762919343737707,-0.4970600000000001,5,negative_training,SHAM,HRSD_24.1,HRSD24,full
RobustScaler,RF,0.05554,0.1602762084652616,9.06832,1.615735868575059,11.16746,0.03218,0.24046924335556927,-0.36234,5,negative_training,SHAM,HRSD_24.1,HRSD24,full
StandardScaler,SVR,0.044020000000000004,0.11588682841462183,9.246300000000002,1.2297021590612904,11.188039999999997,0.0333,0.15558052577363274,-0.40458,5,negative_training,SHAM,HRSD_24.1,HRSD24,full
RobustScaler,CatBoost,0.03769999999999999,0.19509096596203526,9.44266,1.834416650600403,11.65894,0.01532,0.26192549894960593,-0.46656000000000003,5,negative_training,SHAM,HRSD_24.1,HRSD24,full
StandardScaler,CatBoost,0.03394,0.14678965563008858,9.41158,1.3689004079917584,11.48204,0.02518,0.21394156211451762,-0.52202,5,negative_training,SHAM,HRSD_24.1,HRSD24,full
MinMaxScaler,XGB,0.031259999999999996,0.13194363569342782,10.16446,1.368296811002642,12.502419999999999,0.017959999999999997,0.1516828698304459,-0.86356,5,negative_training,SHAM,HRSD_24.1,HRSD24,full
StandardScaler,RF,0.03064,0.20918688534418214,9.435680000000001,1.549061053348124,11.59196,-0.008640000000000009,0.32205064508552067,-0.5834999999999999,5,negative_training,SHAM,HRSD_24.1,HRSD24,full
StandardScaler,Ridge,0.02218,0.19288558007274675,8.94576,2.44901422984841,10.9959,-0.0371,0.36850183853001334,-0.29108,5,negative_training,SHAM,HRSD_24.1,HRSD24,full
StandardScaler,Lasso,0.021679999999999998,0.22336906007771087,8.88692,2.5360004863958516,10.871500000000001,-0.03656,0.39402219861322535,-0.24706,5,negative_training,SHAM,HRSD_24.1,HRSD24,full
RobustScaler,KNN,0.01966,0.16962777779597302,9.12036,1.6830893003640657,11.12006,-0.03934,0.2779745366036249,-0.34936,5,negative_training,SHAM,HRSD_24.1,HRSD24,full
RobustScaler,ElasticNet,0.018619999999999998,0.15385791172377195,10.07284,2.8542955388326554,11.983740000000001,-0.07360000000000003,0.36184001989829706,-0.6634800000000001,5,negative_training,SHAM,HRSD_24.1,HRSD24,full
MinMaxScaler,ElasticNet,0.015899999999999997,0.22717281967700276,8.94292,2.3993587908022427,10.76102,-0.06356,0.3938203562539651,-0.21976,5,negative_training,SHAM,HRSD_24.1,HRSD24,full
StandardScaler,ElasticNet,0.015340000000000003,0.2184443247145597,9.02128,2.7663693493458177,11.072480000000002,-0.03113999999999999,0.37792700088773756,-0.29902,5,negative_training,SHAM,HRSD_24.1,HRSD24,full
RobustScaler,SVR,0.013740000000000002,0.1287005167044795,9.32556,1.939109244730683,11.416839999999999,-0.05391999999999999,0.28398906140906205,-0.42846,5,negative_training,SHAM,HRSD_24.1,HRSD24,full
MinMaxScaler,Lasso,0.007979999999999998,0.22374685919583318,9.384360000000001,2.8373213358729736,11.22056,-0.0709,0.3959987941900834,-0.3375,5,negative_training,SHAM,HRSD_24.1,HRSD24,full
MinMaxScaler,Ridge,0.007940000000000003,0.23810821699387025,9.29428,2.6442154747675164,11.11862,-0.06534000000000001,0.3919086794139676,-0.30913999999999997,5,negative_training,SHAM,HRSD_24.1,HRSD24,full
RobustScaler,Lasso,0.007740000000000002,0.1743113823019025,9.81286,2.9231126540042895,11.7231,-0.09096000000000001,0.37032454415012783,-0.5320400000000001,5,negative_training,SHAM,HRSD_24.1,HRSD24,full
RobustScaler,Ridge,-0.00014000000000000123,0.1876707302697999,9.69478,2.42806495732713,11.61936,-0.07552,0.34727063221643145,-0.50864,5,negative_training,SHAM,HRSD_24.1,HRSD24,full
MinMaxScaler,RF,-0.003440000000000001,0.2051394476935141,9.332159999999998,1.4833695857742264,11.522720000000001,-0.056299999999999996,0.2869346005625672,-0.5288999999999999,5,negative_training,SHAM,HRSD_24.1,HRSD24,full
MinMaxScaler,MLP,-0.017019999999999997,0.15897185914494427,9.634379999999998,2.7640937252560733,11.56124,-0.1021,0.34672150207334995,-0.46571999999999997,5,negative_training,SHAM,HRSD_24.1,HRSD24,full
MinMaxScaler,CatBoost,-0.01714,0.1634466365515057,9.84336,1.4345280349299554,11.98104,-0.06778,0.24412039447780678,-0.65704,5,negative_training,SHAM,HRSD_24.1,HRSD24,full
RobustScaler,MLP,-0.01916,0.14912678498512597,10.39726,2.227678527750358,12.812940000000001,-0.050280000000000005,0.1914733062335322,-0.84636,5,negative_training,SHAM,HRSD_24.1,HRSD24,full
MinMaxScaler,KNN,-0.020980000000000006,0.12316278658750783,9.379420000000001,1.827320311822753,11.477039999999999,-0.09575999999999998,0.24310456186587695,-0.45522,5,negative_training,SHAM,HRSD_24.1,HRSD24,full
StandardScaler,KNN,-0.023600000000000003,0.11174623036147571,9.153960000000001,1.5484016332980275,11.5781,-0.07778,0.19476655770434512,-0.50452,5,negative_training,SHAM,HRSD_24.1,HRSD24,full
MinMaxScaler,ET,-0.024579999999999994,0.2237688919398762,9.62304,1.4595481006119668,11.98992,-0.10116,0.34400988793928583,-0.6761,5,negative_training,SHAM,HRSD_24.1,HRSD24,full
StandardScaler,MLP,-0.029280000000000007,0.130880888597228,10.08496,1.863106280650678,12.54992,-0.04682000000000001,0.16210042257810436,-0.8129799999999999,5,negative_training,SHAM,HRSD_24.1,HRSD24,full
MinMaxScaler,SVR,-0.03774,0.13389334561508276,9.65508,1.9616611205812269,11.7714,-0.12696,0.32936676820833033,-0.54068,5,negative_training,SHAM,HRSD_24.1,HRSD24,full
RobustScaler,LGBM,-0.05671999999999999,0.08161514565324257,9.4785,1.4902892722555567,11.4689,-0.07824,0.09573645073847266,-0.48532000000000003,5,negative_training,SHAM,HRSD_24.1,HRSD24,full
MinMaxScaler,LGBM,-0.09508000000000001,0.1577889476484332,9.79162,1.6570819916346933,11.87714,-0.14014,0.19734494673033817,-0.55858,5,negative_training,SHAM,HRSD_24.1,HRSD24,full
StandardScaler,LGBM,-0.10295999999999998,0.12252403029610151,9.48388,1.779549721699284,11.61326,-0.16884,0.21458532801661906,-0.50206,5,negative_training,SHAM,HRSD_24.1,HRSD24,full
MinMaxScaler,GB,0.02042,0.08648645558698773,5.4104,0.5216844304749758,6.490839999999999,0.03062,0.10556356852626762,-0.26295999999999997,5,negative_training,ALL_CONDITIONS,phq_8,PHQ8,full
MinMaxScaler,XGB,0.01954,0.08637857373214725,5.4597,0.526222585984296,6.56476,0.03262,0.1072431676145385,-0.29584,5,negative_training,ALL_CONDITIONS,phq_8,PHQ8,full
MinMaxScaler,SVR,0.017499999999999998,0.050316051116914964,5.33596,0.5401137222844835,6.31968,0.01968,0.07320513643181058,-0.18969999999999998,5,negative_training,ALL_CONDITIONS,phq_8,PHQ8,full
RobustScaler,MLP,0.011740000000000002,0.08136029744291745,5.2174,0.49575725410729,6.39954,0.014879999999999999,0.10679116068289547,-0.22138,5,negative_training,ALL_CONDITIONS,phq_8,PHQ8,full
MinMaxScaler,CatBoost,-0.00948,0.03277509725386029,5.391979999999999,0.44251925607819587,6.451100000000001,-0.008360000000000001,0.05355682029396443,-0.24522,5,negative_training,ALL_CONDITIONS,phq_8,PHQ8,full
RobustScaler,GB,-0.0102,0.06119468931206368,5.38184,0.5931273202272843,6.513119999999999,-0.014640000000000004,0.07440986493738581,-0.26474000000000003,5,negative_training,ALL_CONDITIONS,phq_8,PHQ8,full
RobustScaler,SVR,-0.0158,0.051231094073814196,5.207580000000001,0.5807185953626762,6.1568,-0.024840000000000004,0.10179065772456723,-0.12812,5,negative_training,ALL_CONDITIONS,phq_8,PHQ8,full
MinMaxScaler,KNN,-0.016199999999999992,0.1383517798945861,5.39786,0.6930291249291044,6.47984,-0.022400000000000003,0.17669619407333026,-0.25492,5,negative_training,ALL_CONDITIONS,phq_8,PHQ8,full
MinMaxScaler,RF,-0.01702,0.0378874253545949,5.294020000000001,0.5330892955218666,6.299300000000001,-0.019340000000000003,0.06304671284055974,-0.18258,5,negative_training,ALL_CONDITIONS,phq_8,PHQ8,full
StandardScaler,SVR,-0.018480000000000003,0.042141986189547356,5.225700000000001,0.6321606915966858,6.22234,-0.02534,0.08101597373357923,-0.15264,5,negative_training,ALL_CONDITIONS,phq_8,PHQ8,full
MinMaxScaler,LGBM,-0.02228,0.03780399449793633,5.5403,0.41009086188307087,6.71596,-0.02286,0.049135913546000144,-0.35097999999999996,5,negative_training,ALL_CONDITIONS,phq_8,PHQ8,full
StandardScaler,Ridge,-0.02898,0.08711588259324472,5.286160000000001,0.5211956571192818,6.491960000000001,-0.038,0.10847596507982771,-0.25992,5,negative_training,ALL_CONDITIONS,phq_8,PHQ8,full
MinMaxScaler,Lasso,-0.029660000000000002,0.06691373551073053,5.2438400000000005,0.5849248353421148,6.3943200000000004,-0.044480000000000006,0.08483909476179011,-0.2198,5,negative_training,ALL_CONDITIONS,phq_8,PHQ8,full
MinMaxScaler,ElasticNet,-0.030940000000000002,0.06293348075547706,5.1708,0.6203756603865114,6.27652,-0.04996,0.08748227248991651,-0.17302,5,negative_training,ALL_CONDITIONS,phq_8,PHQ8,full
StandardScaler,ElasticNet,-0.032100000000000004,0.08497258381383964,5.2857,0.515986613198443,6.4826,-0.040639999999999996,0.10456561576350037,-0.25686,5,negative_training,ALL_CONDITIONS,phq_8,PHQ8,full
MinMaxScaler,Ridge,-0.0324,0.06789532384487168,5.20878,0.6152977506866087,6.35994,-0.04856,0.08802762634536955,-0.20568,5,negative_training,ALL_CONDITIONS,phq_8,PHQ8,full
RobustScaler,CatBoost,-0.032940000000000004,0.05774883548609444,5.2726,0.5707007753630622,6.35266,-0.050460000000000005,0.09045417624410716,-0.2032,5,negative_training,ALL_CONDITIONS,phq_8,PHQ8,full
StandardScaler,Lasso,-0.03666,0.07940993640596875,5.28716,0.5157385073852832,6.481440000000001,-0.04614,0.09874169838523135,-0.25617999999999996,5,negative_training,ALL_CONDITIONS,phq_8,PHQ8,full
RobustScaler,Ridge,-0.04256,0.09227000054188794,5.2646,0.5085587232562231,6.441420000000001,-0.05434,0.13285152614855428,-0.24775999999999998,5,negative_training,ALL_CONDITIONS,phq_8,PHQ8,full
MinMaxScaler,MLP,-0.04326,0.06571702975637289,5.1729199999999995,0.6420209319017567,6.26478,-0.08504,0.10753949507041587,-0.1672,5,negative_training,ALL_CONDITIONS,phq_8,PHQ8,full
RobustScaler,ElasticNet,-0.04332,0.0860757631392252,5.26086,0.5301234318533751,6.41062,-0.0538,0.12603319007309147,-0.23253999999999997,5,negative_training,ALL_CONDITIONS,phq_8,PHQ8,full
RobustScaler,LGBM,-0.04378,0.059397028545205864,5.39128,0.609352301218269,6.62418,-0.05816,0.07789758019348227,-0.30942,5,negative_training,ALL_CONDITIONS,phq_8,PHQ8,full
StandardScaler,MLP,-0.0439,0.11335997971065451,5.731319999999999,0.4462433215186532,7.4435400000000005,-0.04778,0.12178984768854914,-0.7094799999999999,5,negative_training,ALL_CONDITIONS,phq_8,PHQ8,full
RobustScaler,Lasso,-0.04478000000000001,0.08266158116077868,5.27468,0.5520042998020939,6.4047,-0.056440000000000004,0.1264051146117118,-0.22808,5,negative_training,ALL_CONDITIONS,phq_8,PHQ8,full
StandardScaler,GB,-0.046579999999999996,0.10374647945834115,5.62162,0.46986222661541965,6.690300000000001,-0.05796,0.12736870887309804,-0.33904000000000006,5,negative_training,ALL_CONDITIONS,phq_8,PHQ8,full
RobustScaler,XGB,-0.04742,0.0801016666493276,5.41342,0.5700702912799439,6.55886,-0.06452,0.10940793846883323,-0.28352,5,negative_training,ALL_CONDITIONS,phq_8,PHQ8,full
RobustScaler,KNN,-0.04858,0.08245918384267455,5.410279999999999,0.5613529299825555,6.577500000000001,-0.06886,0.12564423186123588,-0.29064,5,negative_training,ALL_CONDITIONS,phq_8,PHQ8,full
StandardScaler,CatBoost,-0.054299999999999994,0.07511927182820664,5.35414,0.495674286200121,6.5280000000000005,-0.06787999999999998,0.10919339265724827,-0.27532,5,negative_training,ALL_CONDITIONS,phq_8,PHQ8,full
RobustScaler,RF,-0.05778,0.08095385722743544,5.40766,0.47249429943651156,6.5149799999999995,-0.07300000000000001,0.1099397107509384,-0.27254,5,negative_training,ALL_CONDITIONS,phq_8,PHQ8,full
StandardScaler,XGB,-0.061739999999999996,0.10904738878120833,5.64924,0.3440781132243085,6.8035,-0.07538,0.14093238449696366,-0.3897,5,negative_training,ALL_CONDITIONS,phq_8,PHQ8,full
MinMaxScaler,ET,-0.062380000000000005,0.07260428362018319,5.49448,0.35923157851168946,6.54024,-0.07858,0.08993293056494935,-0.28178,5,negative_training,ALL_CONDITIONS,phq_8,PHQ8,full
StandardScaler,LGBM,-0.06636,0.07140446764733982,5.60548,0.5142043582079013,6.8632800000000005,-0.081,0.08507352702221767,-0.40808,5,negative_training,ALL_CONDITIONS,phq_8,PHQ8,full
StandardScaler,RF,-0.07554000000000001,0.05249098017755051,5.489459999999999,0.5053323540008103,6.6181399999999995,-0.09936,0.06820826929339287,-0.30778,5,negative_training,ALL_CONDITIONS,phq_8,PHQ8,full
StandardScaler,KNN,-0.08204,0.10619361091892487,5.48836,0.588265788568399,6.6178799999999995,-0.10866,0.15772942972064535,-0.31128,5,negative_training,ALL_CONDITIONS,phq_8,PHQ8,full
RobustScaler,ET,-0.09258,0.08391910986181872,5.5886,0.4514105060806624,6.701600000000001,-0.12568,0.11330501754114862,-0.35008000000000006,5,negative_training,ALL_CONDITIONS,phq_8,PHQ8,full
StandardScaler,ET,-0.09558,0.10058291107340253,5.56418,0.5788261111940266,6.71048,-0.12022000000000002,0.10660892082748048,-0.35162,5,negative_training,ALL_CONDITIONS,phq_8,PHQ8,full
RobustScaler,GB,0.011719999999999998,0.061795282991503483,11.161959999999999,0.6817012490820309,13.46406,0.013739999999999999,0.07973125485027813,-0.26205999999999996,5,negative_training,ALL_CONDITIONS,ads.1,CES-D,full
StandardScaler,GB,0.00438,0.04807173805886366,11.31568,0.6949953467470117,13.6347,0.006019999999999999,0.05986636785374573,-0.29434,5,negative_training,ALL_CONDITIONS,ads.1,CES-D,full
RobustScaler,KNN,0.004099999999999997,0.09971872943434448,10.927180000000002,0.8217831143312685,13.046539999999998,0.012379999999999988,0.14341709103171768,-0.18756,5,negative_training,ALL_CONDITIONS,ads.1,CES-D,full
StandardScaler,KNN,-0.006459999999999999,0.11164494166777106,11.08118,0.7736568729094307,13.1642,-0.008440000000000008,0.1514611105201596,-0.20929999999999999,5,negative_training,ALL_CONDITIONS,ads.1,CES-D,full
StandardScaler,XGB,-0.00928,0.039211822196883434,11.31616,0.6607072672522988,13.7524,-0.012320000000000001,0.04929839753987953,-0.31629999999999997,5,negative_training,ALL_CONDITIONS,ads.1,CES-D,full
RobustScaler,ET,-0.014620000000000005,0.14656274083135865,11.11928,1.1134181590938768,13.348339999999999,-0.027560000000000008,0.20455017232943118,-0.24370000000000003,5,negative_training,ALL_CONDITIONS,ads.1,CES-D,full
RobustScaler,XGB,-0.015239999999999995,0.08122353722905695,11.20424,0.7734888835658856,13.508500000000002,-0.01892,0.10344337581498392,-0.271,5,negative_training,ALL_CONDITIONS,ads.1,CES-D,full
RobustScaler,MLP,-0.01874,0.11247974484323835,11.30438,1.410955660890873,13.9083,-0.025939999999999998,0.1340799873210018,-0.35354,5,negative_training,ALL_CONDITIONS,ads.1,CES-D,full
RobustScaler,RF,-0.019379999999999998,0.09994877187839779,10.96468,0.9847451457103005,13.22166,-0.02516,0.14583726547079795,-0.21867999999999999,5,negative_training,ALL_CONDITIONS,ads.1,CES-D,full
StandardScaler,MLP,-0.02298,0.08339911270511216,11.85454,1.718189566957034,14.525619999999998,-0.0256,0.09283870421327518,-0.47919999999999996,5,negative_training,ALL_CONDITIONS,ads.1,CES-D,full
RobustScaler,LGBM,-0.02394,0.09217262608822643,11.2069,1.089950271801425,13.699360000000002,-0.026119999999999997,0.12246267594659198,-0.30866000000000005,5,negative_training,ALL_CONDITIONS,ads.1,CES-D,full
StandardScaler,LGBM,-0.02652,0.02958710867928801,11.15922,0.6533818883317783,13.835560000000001,-0.03136,0.0364696860419719,-0.3323,5,negative_training,ALL_CONDITIONS,ads.1,CES-D,full
MinMaxScaler,MLP,-0.02754,0.052146648981502154,10.575959999999998,0.512371767372091,12.74426,-0.0865,0.1335547078915603,-0.13112000000000001,5,negative_training,ALL_CONDITIONS,ads.1,CES-D,full
RobustScaler,SVR,-0.0308,0.08326199613268949,11.101540000000002,0.9920781587153301,13.341,-0.04973999999999999,0.11931767681278412,-0.2415,5,negative_training,ALL_CONDITIONS,ads.1,CES-D,full
StandardScaler,RF,-0.032100000000000004,0.05319793229064453,10.927699999999998,0.5998463970051003,13.19794,-0.04974,0.08169766214525359,-0.21233999999999997,5,negative_training,ALL_CONDITIONS,ads.1,CES-D,full
StandardScaler,CatBoost,-0.03306,0.05012587156349503,10.97316,0.5812420175795966,13.137540000000001,-0.051000000000000004,0.07505541286276426,-0.2015,5,negative_training,ALL_CONDITIONS,ads.1,CES-D,full
MinMaxScaler,RF,-0.03412,0.0813704000235958,11.013839999999998,0.8364514648202842,13.2852,-0.05329999999999999,0.12117014896417351,-0.2291,5,negative_training,ALL_CONDITIONS,ads.1,CES-D,full
RobustScaler,CatBoost,-0.0382,0.04732821568578304,11.06568,0.802630865965171,13.2426,-0.05584,0.07235936705085251,-0.22064000000000003,5,negative_training,ALL_CONDITIONS,ads.1,CES-D,full
MinMaxScaler,CatBoost,-0.039999999999999994,0.08324815313266716,11.058220000000002,0.7182718684453681,13.409880000000001,-0.05616,0.11374551859304172,-0.25336,5,negative_training,ALL_CONDITIONS,ads.1,CES-D,full
MinMaxScaler,LGBM,-0.04758,0.1152496724507276,11.34358,1.0350257421919509,13.97448,-0.061020000000000005,0.14079285138102715,-0.36102,5,negative_training,ALL_CONDITIONS,ads.1,CES-D,full
MinMaxScaler,ET,-0.053259999999999995,0.08616097144299151,11.084100000000001,0.6823499725214325,13.34366,-0.08732000000000001,0.1361486209992595,-0.23982,5,negative_training,ALL_CONDITIONS,ads.1,CES-D,full
MinMaxScaler,KNN,-0.05676,0.07614005516152454,11.37802,0.8041134540598113,13.77526,-0.07454000000000001,0.09861522701895484,-0.32284000000000007,5,negative_training,ALL_CONDITIONS,ads.1,CES-D,full
MinMaxScaler,Lasso,-0.060739999999999995,0.07765206372016135,11.072059999999999,0.7214295759116056,13.2454,-0.09756,0.11959700247079774,-0.22191999999999998,5,negative_training,ALL_CONDITIONS,ads.1,CES-D,full
StandardScaler,ET,-0.06102,0.10337749755144975,11.32054,0.6891212904852096,13.6898,-0.08843999999999999,0.15141325239225262,-0.30612,5,negative_training,ALL_CONDITIONS,ads.1,CES-D,full
StandardScaler,SVR,-0.0632,0.04284582826833903,11.104500000000002,0.7143892356411876,13.427000000000001,-0.09798,0.05721260350657013,-0.25894,5,negative_training,ALL_CONDITIONS,ads.1,CES-D,full
MinMaxScaler,GB,-0.06726000000000001,0.12105148904495146,11.65138,1.1451731515364825,14.16734,-0.08738000000000001,0.14590303972159044,-0.39872,5,negative_training,ALL_CONDITIONS,ads.1,CES-D,full
MinMaxScaler,XGB,-0.06992000000000001,0.09611725651515445,11.665719999999999,0.9640357602288421,14.0572,-0.0889,0.11958745753631524,-0.37704000000000004,5,negative_training,ALL_CONDITIONS,ads.1,CES-D,full
MinMaxScaler,SVR,-0.07078000000000001,0.067982843423911,11.208839999999999,1.0198222310775547,13.54426,-0.09516,0.09820174642031576,-0.28018,5,negative_training,ALL_CONDITIONS,ads.1,CES-D,full
MinMaxScaler,ElasticNet,-0.07512,0.08293299705183696,11.0917,0.9023803549501727,13.49082,-0.10704000000000002,0.11189625999111857,-0.27090000000000003,5,negative_training,ALL_CONDITIONS,ads.1,CES-D,full
StandardScaler,Ridge,-0.07602,0.09496566221535024,11.3175,0.8107453268443793,13.71724,-0.10248000000000002,0.12541450075649146,-0.3153,5,negative_training,ALL_CONDITIONS,ads.1,CES-D,full
MinMaxScaler,Ridge,-0.08030000000000001,0.08859675501958297,11.221599999999999,1.0230862524733682,13.683879999999998,-0.1082,0.11392863994624004,-0.30996,5,negative_training,ALL_CONDITIONS,ads.1,CES-D,full
RobustScaler,Lasso,-0.08120000000000001,0.09539973794513273,11.352459999999999,1.3847762104397954,13.75206,-0.11165999999999998,0.09952443418578173,-0.3314,5,negative_training,ALL_CONDITIONS,ads.1,CES-D,full
StandardScaler,ElasticNet,-0.08294,0.09808683907640209,11.289060000000001,0.7788126045461765,13.594560000000001,-0.11195999999999999,0.1328333843579994,-0.28837999999999997,5,negative_training,ALL_CONDITIONS,ads.1,CES-D,full
RobustScaler,ElasticNet,-0.08452000000000001,0.09775050895008168,11.24578,1.147575468977967,13.65718,-0.12031999999999998,0.10174193825556892,-0.30935999999999997,5,negative_training,ALL_CONDITIONS,ads.1,CES-D,full
RobustScaler,Ridge,-0.08698,0.09361435253207705,11.34936,1.193080956180259,13.756620000000002,-0.12001999999999999,0.10048070461536385,-0.32796,5,negative_training,ALL_CONDITIONS,ads.1,CES-D,full
StandardScaler,Lasso,-0.091,0.0952731074333151,11.336599999999999,0.7976282624130111,13.63202,-0.12182000000000001,0.1265802196237627,-0.29556,5,negative_training,ALL_CONDITIONS,ads.1,CES-D,full
MinMaxScaler,GB,0.07115999999999999,0.10131568486665823,4.24138,0.22544735970953375,5.09044,0.09506,0.13489582276705234,-0.17192000000000002,5,negative_training,ALL_CONDITIONS,HRSD_6.1,HRSD6,full
StandardScaler,GB,0.04537999999999999,0.07453098013577977,4.2973,0.1299753630500796,5.24878,0.05276000000000001,0.09424878248550482,-0.24572,5,negative_training,ALL_CONDITIONS,HRSD_6.1,HRSD6,full
StandardScaler,XGB,0.04472,0.07376172449177147,4.22212,0.10055166333780867,5.13922,0.054839999999999986,0.09325791119256317,-0.19433999999999998,5,negative_training,ALL_CONDITIONS,HRSD_6.1,HRSD6,full
StandardScaler,LGBM,0.04431999999999999,0.1071486910792661,4.24272,0.24418676663570454,5.22738,0.05258,0.13583420776814653,-0.23515999999999998,5,negative_training,ALL_CONDITIONS,HRSD_6.1,HRSD6,full
StandardScaler,CatBoost,0.038140000000000014,0.12002459331320393,4.12232,0.2012386071309378,5.0687,0.037840000000000006,0.16751988837150053,-0.16094000000000003,5,negative_training,ALL_CONDITIONS,HRSD_6.1,HRSD6,full
MinMaxScaler,XGB,0.031200000000000006,0.13762505222523988,4.326919999999999,0.3273850057653835,5.23422,0.03600000000000001,0.18172191667490195,-0.24128,5,negative_training,ALL_CONDITIONS,HRSD_6.1,HRSD6,full
MinMaxScaler,CatBoost,0.030059999999999996,0.1271709204181522,4.160419999999999,0.2795786597721653,5.103219999999999,0.0397,0.1847219667500322,-0.17858000000000002,5,negative_training,ALL_CONDITIONS,HRSD_6.1,HRSD6,full
MinMaxScaler,ET,0.018559999999999997,0.10620764096805842,4.20942,0.12796273676348138,5.06486,0.019020000000000002,0.1564374859168991,-0.16063999999999998,5,negative_training,ALL_CONDITIONS,HRSD_6.1,HRSD6,full
StandardScaler,MLP,0.018060000000000003,0.14532361473621552,4.3982600000000005,0.05933007668965222,5.397659999999999,-0.003080000000000005,0.16947105062517312,-0.32254000000000005,5,negative_training,ALL_CONDITIONS,HRSD_6.1,HRSD6,full
StandardScaler,RF,0.016300000000000002,0.08598133518386417,4.20334,0.14354495114771526,5.10054,0.014199999999999999,0.12862997317888236,-0.17608,5,negative_training,ALL_CONDITIONS,HRSD_6.1,HRSD6,full
StandardScaler,ET,0.016260000000000004,0.15276712015351995,4.1898599999999995,0.35674764610295595,5.09786,0.009399999999999997,0.21377954766534613,-0.1778,5,negative_training,ALL_CONDITIONS,HRSD_6.1,HRSD6,full
MinMaxScaler,RF,0.014740000000000003,0.08355419199537507,4.20312,0.16625064511153026,5.0584999999999996,0.021859999999999997,0.12982423887702943,-0.15689999999999998,5,negative_training,ALL_CONDITIONS,HRSD_6.1,HRSD6,full
StandardScaler,Lasso,0.01166,0.04918686816620875,4.2241800000000005,0.14057098562647988,5.06706,0.0228,0.08309488552251576,-0.16424,5,negative_training,ALL_CONDITIONS,HRSD_6.1,HRSD6,full
StandardScaler,ElasticNet,0.008719999999999999,0.04560265343157128,4.21838,0.14187394757318889,5.05502,0.020399999999999995,0.08137880559457726,-0.15872000000000003,5,negative_training,ALL_CONDITIONS,HRSD_6.1,HRSD6,full
StandardScaler,Ridge,0.007259999999999998,0.044432904474049406,4.27696,0.2129515038688385,5.11468,0.019180000000000003,0.08243720034062292,-0.18856,5,negative_training,ALL_CONDITIONS,HRSD_6.1,HRSD6,full
MinMaxScaler,LGBM,0.007000000000000001,0.09760243337130484,4.3391,0.23814042076052494,5.29904,0.009419999999999994,0.12686268955055305,-0.26896,5,negative_training,ALL_CONDITIONS,HRSD_6.1,HRSD6,full
StandardScaler,SVR,0.00042000000000000094,0.14231237472546088,4.32222,0.3387933027673361,5.286380000000001,-0.014580000000000004,0.18452530178812876,-0.26646,5,negative_training,ALL_CONDITIONS,HRSD_6.1,HRSD6,full
MinMaxScaler,SVR,-0.0007799999999999974,0.11835838373347281,4.1963,0.2383180018378804,5.104,-0.019700000000000002,0.17798801925972432,-0.18,5,negative_training,ALL_CONDITIONS,HRSD_6.1,HRSD6,full
RobustScaler,KNN,-0.0018999999999999926,0.1865518158582221,4.307840000000001,0.43131138171859096,5.22042,-0.009719999999999993,0.2380376272777058,-0.23822000000000002,5,negative_training,ALL_CONDITIONS,HRSD_6.1,HRSD6,full
RobustScaler,GB,-0.0041800000000000006,0.06941251328110805,4.350340000000001,0.1707649642051906,5.32688,-0.010220000000000002,0.09256374560269263,-0.2838,5,negative_training,ALL_CONDITIONS,HRSD_6.1,HRSD6,full
RobustScaler,SVR,-0.012039999999999999,0.1332651042096167,4.212739999999999,0.3263113359967746,5.18968,-0.027379999999999995,0.18396704052628557,-0.22284,5,negative_training,ALL_CONDITIONS,HRSD_6.1,HRSD6,full
RobustScaler,XGB,-0.021360000000000004,0.08674761091811117,4.48928,0.13250619608154177,5.4886,-0.030499999999999992,0.10946999588928465,-0.3630399999999999,5,negative_training,ALL_CONDITIONS,HRSD_6.1,HRSD6,full
RobustScaler,CatBoost,-0.02336,0.1299299734472381,4.31402,0.2532086629639675,5.23224,-0.0506,0.18132186851011656,-0.24148,5,negative_training,ALL_CONDITIONS,HRSD_6.1,HRSD6,full
RobustScaler,Lasso,-0.024520000000000004,0.07102560805793921,4.3251800000000005,0.1973134486039915,5.198659999999999,-0.0365,0.1033087121205177,-0.22666,5,negative_training,ALL_CONDITIONS,HRSD_6.1,HRSD6,full
MinMaxScaler,Ridge,-0.025500000000000005,0.06121899215112905,4.213620000000001,0.129597924366095,5.07058,-0.04562,0.10952747143981732,-0.16426000000000002,5,negative_training,ALL_CONDITIONS,HRSD_6.1,HRSD6,full
RobustScaler,ET,-0.026079999999999992,0.14042879690433868,4.331999999999999,0.3950170945668046,5.25244,-0.03914,0.19541837938126497,-0.251,5,negative_training,ALL_CONDITIONS,HRSD_6.1,HRSD6,full
RobustScaler,RF,-0.026339999999999995,0.08411172926530519,4.350479999999999,0.15787682540512393,5.24846,-0.03968000000000001,0.12265242353903978,-0.2474,5,negative_training,ALL_CONDITIONS,HRSD_6.1,HRSD6,full
RobustScaler,MLP,-0.026719999999999994,0.15119426907128458,4.57634,0.20591766072874867,5.69824,-0.04331999999999999,0.17465167333867715,-0.48848,5,negative_training,ALL_CONDITIONS,HRSD_6.1,HRSD6,full
MinMaxScaler,Lasso,-0.02754,0.07040129970391172,4.23318,0.15147566471219084,5.113160000000001,-0.07110000000000001,0.11988504910955328,-0.18496,5,negative_training,ALL_CONDITIONS,HRSD_6.1,HRSD6,full
RobustScaler,LGBM,-0.02842,0.10757523878662784,4.44756,0.292730691933729,5.435339999999999,-0.036579999999999994,0.13436506986564625,-0.33855999999999997,5,negative_training,ALL_CONDITIONS,HRSD_6.1,HRSD6,full
MinMaxScaler,ElasticNet,-0.030219999999999997,0.059655318287643054,4.19708,0.11710336032753298,5.049580000000001,-0.08471999999999999,0.11382401767641133,-0.15486,5,negative_training,ALL_CONDITIONS,HRSD_6.1,HRSD6,full
RobustScaler,ElasticNet,-0.03076,0.07095349180977635,4.33412,0.18315278321663597,5.212180000000001,-0.0482,0.10403081274314836,-0.23285999999999998,5,negative_training,ALL_CONDITIONS,HRSD_6.1,HRSD6,full
RobustScaler,Ridge,-0.03302000000000001,0.05599077602605629,4.34238,0.2036686819322011,5.2308,-0.050760000000000007,0.09005974683508722,-0.24242000000000002,5,negative_training,ALL_CONDITIONS,HRSD_6.1,HRSD6,full
StandardScaler,KNN,-0.05038,0.07302319494516794,4.38818,0.24589520532129097,5.3243,-0.0727,0.10802321509749653,-0.28523999999999994,5,negative_training,ALL_CONDITIONS,HRSD_6.1,HRSD6,full
MinMaxScaler,MLP,-0.06376,0.06060641880197179,4.285259999999999,0.09336376706196015,5.07596,-0.14672000000000002,0.09853670382146949,-0.16746,5,negative_training,ALL_CONDITIONS,HRSD_6.1,HRSD6,full
MinMaxScaler,KNN,-0.08123999999999999,0.0980437300392024,4.42718,0.14464572928365357,5.38004,-0.11638000000000001,0.13794766036435702,-0.31112,5,negative_training,ALL_CONDITIONS,HRSD_6.1,HRSD6,full
RobustScaler,MLP,0.08302000000000001,0.14060770604771278,7.412560000000001,0.6409906028952375,9.72594,0.08826,0.16171794272745374,-0.64202,5,negative_training,ALL_CONDITIONS,HRSD_17.1,HRSD17,full
RobustScaler,Lasso,0.054979999999999994,0.11603060803081229,6.73306,0.26121650598689194,8.1926,0.06232,0.1656315700583678,-0.1411,5,negative_training,ALL_CONDITIONS,HRSD_17.1,HRSD17,full
RobustScaler,Ridge,0.04618,0.11217112819259686,6.702500000000001,0.3428431201001414,8.13076,0.05126000000000001,0.1697913071979835,-0.12372000000000001,5,negative_training,ALL_CONDITIONS,HRSD_17.1,HRSD17,full
RobustScaler,ElasticNet,0.045419999999999995,0.11721423548357938,6.7788200000000005,0.30668092050207485,8.225959999999999,0.04998000000000001,0.16610647789896696,-0.15032,5,negative_training,ALL_CONDITIONS,HRSD_17.1,HRSD17,full
StandardScaler,Ridge,0.044820000000000006,0.10121651051088452,6.70838,0.3164936444859515,8.1736,0.04086000000000001,0.15709603114019144,-0.13378,5,negative_training,ALL_CONDITIONS,HRSD_17.1,HRSD17,full
StandardScaler,Lasso,0.04344,0.09523236319655204,6.751180000000001,0.40069398797586153,8.210260000000002,0.03553999999999999,0.15524215922229373,-0.14404,5,negative_training,ALL_CONDITIONS,HRSD_17.1,HRSD17,full
StandardScaler,ElasticNet,0.034120000000000004,0.07780255137204692,6.691339999999999,0.3215020497601843,8.154839999999998,0.025379999999999996,0.13369768883567135,-0.12788,5,negative_training,ALL_CONDITIONS,HRSD_17.1,HRSD17,full
StandardScaler,MLP,0.032459999999999996,0.151056191531496,7.26696,0.4777362064989423,8.90438,0.031279999999999995,0.18037704122199147,-0.35351999999999995,5,negative_training,ALL_CONDITIONS,HRSD_17.1,HRSD17,full
RobustScaler,KNN,0.021060000000000002,0.1406754349557875,6.70616,0.32657557777641577,8.2457,0.02894,0.19627343936457628,-0.16341999999999998,5,negative_training,ALL_CONDITIONS,HRSD_17.1,HRSD17,full
MinMaxScaler,Lasso,0.01304,0.08678956158432878,6.805779999999999,0.18719274024384616,8.2499,0.0010599999999999943,0.1263861068314077,-0.15512,5,negative_training,ALL_CONDITIONS,HRSD_17.1,HRSD17,full
RobustScaler,SVR,0.011899999999999994,0.14531749722590187,6.64578,0.45700325709999046,8.21172,0.001100000000000012,0.21363617437128946,-0.15411999999999998,5,negative_training,ALL_CONDITIONS,HRSD_17.1,HRSD17,full
MinMaxScaler,ElasticNet,0.009640000000000001,0.09136133208310834,6.810979999999999,0.08103108662729398,8.23764,0.005559999999999998,0.12583253951184487,-0.15388000000000002,5,negative_training,ALL_CONDITIONS,HRSD_17.1,HRSD17,full
MinMaxScaler,XGB,0.006640000000000002,0.07233331182795379,7.01322,0.5335392412934593,8.69474,0.012099999999999996,0.09070989471937448,-0.28901999999999994,5,negative_training,ALL_CONDITIONS,HRSD_17.1,HRSD17,full
MinMaxScaler,Ridge,0.005999999999999994,0.09547950041762891,6.88156,0.11593945833925541,8.331900000000001,-0.001579999999999998,0.12515706931691872,-0.17966,5,negative_training,ALL_CONDITIONS,HRSD_17.1,HRSD17,full
StandardScaler,ET,0.0055400000000000015,0.1102681867085879,6.74594,0.46405971921725775,8.36946,0.014700000000000005,0.16366632213134139,-0.19722,5,negative_training,ALL_CONDITIONS,HRSD_17.1,HRSD17,full
MinMaxScaler,KNN,0.003440000000000001,0.06626407774956203,6.967619999999999,0.3477301640640338,8.51712,0.006240000000000001,0.08564702563428575,-0.23646000000000003,5,negative_training,ALL_CONDITIONS,HRSD_17.1,HRSD17,full
MinMaxScaler,SVR,0.0025000000000000022,0.0852283110239784,6.9212799999999985,0.2727524005393905,8.480279999999999,0.010239999999999999,0.1069354150877996,-0.22858,5,negative_training,ALL_CONDITIONS,HRSD_17.1,HRSD17,full
MinMaxScaler,GB,-0.005960000000000004,0.0734814466379099,6.990780000000001,0.3891821835593198,8.62994,-0.002840000000000001,0.09733084300467144,-0.27032,5,negative_training,ALL_CONDITIONS,HRSD_17.1,HRSD17,full
StandardScaler,RF,-0.00658,0.10020033433077956,6.813340000000001,0.30429167422063985,8.36258,-0.0019599999999999895,0.14512063257855515,-0.19366,5,negative_training,ALL_CONDITIONS,HRSD_17.1,HRSD17,full
MinMaxScaler,ET,-0.009160000000000001,0.08432871990016212,6.95804,0.3596875213292782,8.45446,-0.0013999999999999985,0.12830637162666553,-0.22089999999999996,5,negative_training,ALL_CONDITIONS,HRSD_17.1,HRSD17,full
MinMaxScaler,MLP,-0.0099,0.04934065261019558,6.736080000000001,0.12563437825690849,8.11636,-0.0187,0.09953378823294129,-0.12029999999999999,5,negative_training,ALL_CONDITIONS,HRSD_17.1,HRSD17,full
MinMaxScaler,CatBoost,-0.0129,0.07627322597084772,6.8762799999999995,0.3763623945082719,8.38784,-0.01744,0.1054927627849418,-0.19813999999999998,5,negative_training,ALL_CONDITIONS,HRSD_17.1,HRSD17,full
MinMaxScaler,LGBM,-0.01296,0.08424205007002145,7.20946,0.44962231150155335,8.808900000000001,-0.012759999999999999,0.10855573683596827,-0.32544,5,negative_training,ALL_CONDITIONS,HRSD_17.1,HRSD17,full
StandardScaler,LGBM,-0.015380000000000005,0.1118730619943872,7.19,0.4552779755270399,8.79692,-0.010979999999999998,0.1405163228952423,-0.3264,5,negative_training,ALL_CONDITIONS,HRSD_17.1,HRSD17,full
StandardScaler,GB,-0.0172,0.11957491375702514,7.096979999999999,0.5663781351711945,8.639619999999999,-0.01616,0.16151056621781748,-0.27484000000000003,5,negative_training,ALL_CONDITIONS,HRSD_17.1,HRSD17,full
RobustScaler,RF,-0.019899999999999994,0.0976226920341782,6.77678,0.3116116766104891,8.437100000000001,-0.019499999999999997,0.14604370921063323,-0.21618000000000004,5,negative_training,ALL_CONDITIONS,HRSD_17.1,HRSD17,full
MinMaxScaler,RF,-0.02004,0.07150869177939141,6.928839999999999,0.2613488339365608,8.399339999999999,-0.024579999999999998,0.10693604163237015,-0.2024,5,negative_training,ALL_CONDITIONS,HRSD_17.1,HRSD17,full
RobustScaler,ET,-0.02112,0.1255583410212161,6.81994,0.5177729260979178,8.578,-0.018619999999999998,0.1743418394993009,-0.26042,5,negative_training,ALL_CONDITIONS,HRSD_17.1,HRSD17,full
RobustScaler,CatBoost,-0.029359999999999997,0.07923044238170074,6.76976,0.38785387454555603,8.41904,-0.04058,0.1162026979032759,-0.20762,5,negative_training,ALL_CONDITIONS,HRSD_17.1,HRSD17,full
StandardScaler,CatBoost,-0.031580000000000004,0.09056653355406731,6.904400000000001,0.4350456182976676,8.457080000000001,-0.04276,0.13362749717030548,-0.21944,5,negative_training,ALL_CONDITIONS,HRSD_17.1,HRSD17,full
StandardScaler,XGB,-0.03758,0.1180248151873156,7.123140000000001,0.6764705115524255,8.753499999999999,-0.04838,0.15137507060279115,-0.30772,5,negative_training,ALL_CONDITIONS,HRSD_17.1,HRSD17,full
RobustScaler,LGBM,-0.04286,0.109663065797013,7.04416,0.6217452798373304,8.79104,-0.052700000000000004,0.14410373000030222,-0.31889999999999996,5,negative_training,ALL_CONDITIONS,HRSD_17.1,HRSD17,full
RobustScaler,XGB,-0.0442,0.07875376181491268,6.8775,0.30825226682053763,8.643440000000002,-0.0595,0.11111856280568067,-0.2718,5,negative_training,ALL_CONDITIONS,HRSD_17.1,HRSD17,full
StandardScaler,KNN,-0.052259999999999994,0.14986431529887295,7.10368,0.5070241779244853,8.6735,-0.0685,0.2026672765889945,-0.28603999999999996,5,negative_training,ALL_CONDITIONS,HRSD_17.1,HRSD17,full
RobustScaler,GB,-0.07302,0.10349235237446291,7.0483400000000005,0.37575069261413213,8.830459999999999,-0.09028,0.1345984658159223,-0.33155999999999997,5,negative_training,ALL_CONDITIONS,HRSD_17.1,HRSD17,full
StandardScaler,SVR,-0.07554,0.14588506777597218,7.31708,1.009478391051537,8.90434,-0.06978,0.2186690581678167,-0.37206,5,negative_training,ALL_CONDITIONS,HRSD_17.1,HRSD17,full
StandardScaler,Lasso,0.16954,0.07340076975073218,7.14776,0.455402539518611,8.744,0.2284,0.08575048104821337,-0.034440000000000005,5,negative_training,ALL_CONDITIONS,HRSD_21.1,HRSD21,full
StandardScaler,Ridge,0.15952,0.06971626065703752,7.13,0.44896788860674647,8.738980000000002,0.22290000000000001,0.07668379881043978,-0.03328,5,negative_training,ALL_CONDITIONS,HRSD_21.1,HRSD21,full
StandardScaler,ElasticNet,0.15617999999999999,0.0725797285748576,7.1276399999999995,0.44731388084878365,8.6879,0.22609999999999997,0.07537055127833417,-0.02116,5,negative_training,ALL_CONDITIONS,HRSD_21.1,HRSD21,full
StandardScaler,MLP,0.13572,0.1154306371809495,7.6626,0.4073315664173353,9.57834,0.15826,0.12522948135323408,-0.25128,5,negative_training,ALL_CONDITIONS,HRSD_21.1,HRSD21,full
MinMaxScaler,Ridge,0.12254000000000001,0.09944753893385196,7.36156,0.29331638719989706,8.89056,0.17514000000000002,0.13997424048731252,-0.07032000000000001,5,negative_training,ALL_CONDITIONS,HRSD_21.1,HRSD21,full
StandardScaler,KNN,0.12094,0.06960188934217232,7.2407200000000005,0.3802434575374046,8.82438,0.17542,0.11050828928184528,-0.0581,5,negative_training,ALL_CONDITIONS,HRSD_21.1,HRSD21,full
MinMaxScaler,KNN,0.12017999999999998,0.11183783796193486,7.268299999999999,0.37055848391313334,8.92178,0.16529999999999997,0.14521370458741145,-0.08336,5,negative_training,ALL_CONDITIONS,HRSD_21.1,HRSD21,full
RobustScaler,Lasso,0.11612,0.07997213264631625,7.229759999999999,0.28675802168378817,8.85098,0.15338000000000002,0.11067351535033121,-0.0602,5,negative_training,ALL_CONDITIONS,HRSD_21.1,HRSD21,full
MinMaxScaler,ElasticNet,0.1131,0.09329890138688665,7.33206,0.24129119959086778,8.81336,0.17149999999999999,0.13880603373052627,-0.05166,5,negative_training,ALL_CONDITIONS,HRSD_21.1,HRSD21,full
RobustScaler,ElasticNet,0.10769999999999999,0.0831887913122916,7.2634,0.3022798703188817,8.885140000000002,0.14026,0.11145103409120975,-0.0681,5,negative_training,ALL_CONDITIONS,HRSD_21.1,HRSD21,full
MinMaxScaler,Lasso,0.10668000000000002,0.09176511864537634,7.335640000000001,0.3424140446885902,8.84154,0.16204000000000002,0.13049799998467412,-0.05798000000000001,5,negative_training,ALL_CONDITIONS,HRSD_21.1,HRSD21,full
RobustScaler,Ridge,0.10378000000000001,0.0848605444243672,7.31012,0.29516750668052866,8.95528,0.12936,0.1066397580642417,-0.0846,5,negative_training,ALL_CONDITIONS,HRSD_21.1,HRSD21,full
MinMaxScaler,SVR,0.09744000000000001,0.09365050987581434,7.3628,0.2207072948499888,8.9495,0.15542,0.1340156968418252,-0.08996000000000001,5,negative_training,ALL_CONDITIONS,HRSD_21.1,HRSD21,full
MinMaxScaler,CatBoost,0.0969,0.11369388725872645,7.4479,0.33680217487421305,8.870560000000001,0.14121999999999998,0.1637758132326016,-0.06898,5,negative_training,ALL_CONDITIONS,HRSD_21.1,HRSD21,full
MinMaxScaler,LGBM,0.0952,0.1320000189393926,7.713900000000001,0.718284758991864,9.293019999999999,0.13047999999999998,0.18014973494290795,-0.17759999999999998,5,negative_training,ALL_CONDITIONS,HRSD_21.1,HRSD21,full
StandardScaler,LGBM,0.08748000000000002,0.09423129522616147,7.5297,0.4872192935424457,9.283199999999999,0.11181999999999999,0.11793848820465691,-0.16958,5,negative_training,ALL_CONDITIONS,HRSD_21.1,HRSD21,full
MinMaxScaler,RF,0.07882,0.09956026817963078,7.43694,0.45094059253963825,8.86602,0.14167999999999997,0.17804700783781796,-0.06904,5,negative_training,ALL_CONDITIONS,HRSD_21.1,HRSD21,full
RobustScaler,LGBM,0.06872,0.07221161263951942,7.64128,0.6543903208330636,9.41156,0.0854,0.0870969287633037,-0.20144,5,negative_training,ALL_CONDITIONS,HRSD_21.1,HRSD21,full
MinMaxScaler,ET,0.06826,0.11419145327037397,7.49414,0.3576614292875317,8.970580000000002,0.11158000000000001,0.17574051041236907,-0.09366,5,negative_training,ALL_CONDITIONS,HRSD_21.1,HRSD21,full
StandardScaler,CatBoost,0.06604,0.07302340720618287,7.4411000000000005,0.25967208167225064,9.018,0.09774000000000001,0.1065051313317814,-0.10328,5,negative_training,ALL_CONDITIONS,HRSD_21.1,HRSD21,full
StandardScaler,XGB,0.06226,0.06087805844473031,7.59854,0.37573829056938035,9.3743,0.07988,0.07698478421090756,-0.19264,5,negative_training,ALL_CONDITIONS,HRSD_21.1,HRSD21,full
StandardScaler,SVR,0.06217999999999999,0.11947956729081337,7.394920000000001,0.2759220125325269,9.071879999999998,0.08406000000000002,0.17240601207614542,-0.12223999999999999,5,negative_training,ALL_CONDITIONS,HRSD_21.1,HRSD21,full
MinMaxScaler,XGB,0.056220000000000006,0.073903159607692,7.7235,0.3896302927134902,9.37038,0.07478,0.09636815864174224,-0.19088,5,negative_training,ALL_CONDITIONS,HRSD_21.1,HRSD21,full
StandardScaler,GB,0.052980000000000006,0.0194315979785503,7.771860000000001,0.23817439618901143,9.462880000000002,0.06903999999999999,0.02747003822348997,-0.21498,5,negative_training,ALL_CONDITIONS,HRSD_21.1,HRSD21,full
RobustScaler,KNN,0.052180000000000004,0.11122089282144788,7.542320000000001,0.5647071161230396,9.21424,0.07882,0.15209532208454013,-0.15706,5,negative_training,ALL_CONDITIONS,HRSD_21.1,HRSD21,full
RobustScaler,XGB,0.04992,0.07828168368143341,7.5331,0.4476320419719755,9.19722,0.06168,0.1044211041887606,-0.14543999999999999,5,negative_training,ALL_CONDITIONS,HRSD_21.1,HRSD21,full
StandardScaler,RF,0.049439999999999984,0.07868092526146346,7.50624,0.19884640554961,9.07474,0.07504000000000001,0.11903196209422073,-0.11635999999999999,5,negative_training,ALL_CONDITIONS,HRSD_21.1,HRSD21,full
StandardScaler,ET,0.04908,0.07479810826484852,7.4695599999999995,0.2815835985990665,9.00988,0.07700000000000001,0.11450235805432131,-0.10122,5,negative_training,ALL_CONDITIONS,HRSD_21.1,HRSD21,full
MinMaxScaler,MLP,0.04022,0.09365936685671113,7.48036,0.33489907136329844,8.973740000000001,0.0253,0.17602940095336347,-0.08936,5,negative_training,ALL_CONDITIONS,HRSD_21.1,HRSD21,full
MinMaxScaler,GB,0.04,0.07875230155366889,7.87432,0.3076163227138635,9.464279999999999,0.06102,0.10309993695439391,-0.22034000000000004,5,negative_training,ALL_CONDITIONS,HRSD_21.1,HRSD21,full
RobustScaler,ET,0.03762,0.1025624541438045,7.466799999999999,0.33553250960227393,9.120860000000002,0.06386,0.14708348989604508,-0.13238,5,negative_training,ALL_CONDITIONS,HRSD_21.1,HRSD21,full
RobustScaler,SVR,0.034339999999999996,0.09665833124982036,7.507980000000001,0.4646362684939698,9.12346,0.03653999999999998,0.1301213779515111,-0.12878,5,negative_training,ALL_CONDITIONS,HRSD_21.1,HRSD21,full
RobustScaler,CatBoost,0.025520000000000008,0.10886306536194909,7.598060000000001,0.39787555592169777,9.23082,0.03575999999999999,0.14849487533245045,-0.16,5,negative_training,ALL_CONDITIONS,HRSD_21.1,HRSD21,full
RobustScaler,RF,0.020300000000000006,0.09780886974093915,7.546899999999999,0.26988103860775403,9.154679999999999,0.030440000000000005,0.13787745646043809,-0.13866,5,negative_training,ALL_CONDITIONS,HRSD_21.1,HRSD21,full
RobustScaler,GB,0.012220000000000003,0.0526802334846762,7.6701999999999995,0.24640246549091166,9.442359999999999,0.01858,0.0712340999802763,-0.20851999999999998,5,negative_training,ALL_CONDITIONS,HRSD_21.1,HRSD21,full
RobustScaler,MLP,-0.00292,0.12231255863565278,7.838799999999999,0.8542088649739006,9.98932,0.012439999999999998,0.1530964010027669,-0.36352,5,negative_training,ALL_CONDITIONS,HRSD_21.1,HRSD21,full
RobustScaler,Lasso,0.15064,0.06468599539312972,9.32566,0.44570272940604716,11.31802,0.20198,0.07643263046631327,-0.05650000000000001,5,negative_training,ALL_CONDITIONS,HRSD_24.1,HRSD24,full
StandardScaler,Lasso,0.13292,0.06549192316614316,9.34838,0.5377094401254268,11.38694,0.17551999999999998,0.07013891216721287,-0.0698,5,negative_training,ALL_CONDITIONS,HRSD_24.1,HRSD24,full
StandardScaler,Ridge,0.13102,0.0663441557335686,9.4299,0.5559554883261792,11.492180000000001,0.16896,0.07704643405116163,-0.08951999999999999,5,negative_training,ALL_CONDITIONS,HRSD_24.1,HRSD24,full
RobustScaler,ElasticNet,0.12838,0.06978178128996135,9.32174,0.4735332754939192,11.317760000000002,0.1885,0.08656659286352905,-0.056600000000000004,5,negative_training,ALL_CONDITIONS,HRSD_24.1,HRSD24,full
StandardScaler,ElasticNet,0.12722,0.06138352384801642,9.34212,0.5268656346735858,11.38776,0.17102,0.07503000733040083,-0.07002,5,negative_training,ALL_CONDITIONS,HRSD_24.1,HRSD24,full
RobustScaler,MLP,0.11804,0.15067937151448438,9.962039999999998,0.5130487384255025,12.67528,0.11184000000000001,0.16923703199950063,-0.3238,5,negative_training,ALL_CONDITIONS,HRSD_24.1,HRSD24,full
RobustScaler,Ridge,0.11788000000000001,0.05574430015705642,9.4881,0.5268841665869264,11.53726,0.16282,0.07679535793262507,-0.09784000000000001,5,negative_training,ALL_CONDITIONS,HRSD_24.1,HRSD24,full
StandardScaler,MLP,0.11235999999999999,0.08886767128714468,10.01272,0.6311624687828009,12.48582,0.12214,0.09748596309212931,-0.28918,5,negative_training,ALL_CONDITIONS,HRSD_24.1,HRSD24,full
MinMaxScaler,Lasso,0.11173999999999999,0.08669064540075822,9.703860000000002,0.6040068608881856,11.7071,0.13732,0.10628220453114436,-0.1312,5,negative_training,ALL_CONDITIONS,HRSD_24.1,HRSD24,full
MinMaxScaler,Ridge,0.11035999999999999,0.0895619506263681,9.763580000000001,0.5904180654417684,11.76942,0.13147999999999999,0.10775825722421462,-0.14306000000000002,5,negative_training,ALL_CONDITIONS,HRSD_24.1,HRSD24,full
MinMaxScaler,ElasticNet,0.10902,0.08552816495166958,9.505080000000001,0.5208022628599068,11.48624,0.14484000000000002,0.12255852887498285,-0.08866,5,negative_training,ALL_CONDITIONS,HRSD_24.1,HRSD24,full
StandardScaler,KNN,0.09894,0.14189567646690296,9.29234,0.6583345335010157,11.51078,0.1272,0.1957575924453506,-0.09884,5,negative_training,ALL_CONDITIONS,HRSD_24.1,HRSD24,full
MinMaxScaler,KNN,0.09396,0.06009494987101662,9.36728,0.5050070068820832,11.68622,0.12794,0.08825793448750087,-0.12884,5,negative_training,ALL_CONDITIONS,HRSD_24.1,HRSD24,full
StandardScaler,GB,0.06726,0.07386516770440585,9.9231,0.7137923192357843,12.244879999999998,0.0887,0.10742134331686604,-0.23900000000000002,5,negative_training,ALL_CONDITIONS,HRSD_24.1,HRSD24,full
RobustScaler,KNN,0.060660000000000006,0.10676997705347697,9.59408,0.4337312843224482,11.749,0.09212000000000001,0.15207359073816862,-0.14434,5,negative_training,ALL_CONDITIONS,HRSD_24.1,HRSD24,full
RobustScaler,XGB,0.059019999999999996,0.09280052262783868,9.67508,0.5727039086648524,12.03448,0.07700000000000001,0.11859890387351815,-0.19866,5,negative_training,ALL_CONDITIONS,HRSD_24.1,HRSD24,full
StandardScaler,CatBoost,0.057940000000000005,0.09115606397821266,9.464340000000002,0.33605245572678094,11.58054,0.07866,0.12741119652526617,-0.1075,5,negative_training,ALL_CONDITIONS,HRSD_24.1,HRSD24,full
StandardScaler,XGB,0.05735999999999999,0.0928550106348602,9.617140000000001,0.6268741843464285,12.0339,0.07461999999999999,0.11396642926756982,-0.19766,5,negative_training,ALL_CONDITIONS,HRSD_24.1,HRSD24,full
MinMaxScaler,MLP,0.05697999999999999,0.0705795437786332,9.3175,0.3252677896749072,11.339220000000001,0.07212,0.13477153631238312,-0.059919999999999994,5,negative_training,ALL_CONDITIONS,HRSD_24.1,HRSD24,full
RobustScaler,SVR,0.05567999999999999,0.07717212579681862,9.37536,0.3001402638767416,11.43816,0.07504000000000001,0.10267756814416673,-0.07937999999999999,5,negative_training,ALL_CONDITIONS,HRSD_24.1,HRSD24,full
RobustScaler,GB,0.051019999999999996,0.06814071470127094,9.97506,0.49841585347980266,12.25442,0.06367999999999999,0.08713373055252484,-0.23935999999999996,5,negative_training,ALL_CONDITIONS,HRSD_24.1,HRSD24,full
MinMaxScaler,CatBoost,0.0498,0.053614969924453,9.653780000000001,0.4258609890562887,11.717500000000001,0.07386,0.07926451286672996,-0.13334,5,negative_training,ALL_CONDITIONS,HRSD_24.1,HRSD24,full
MinMaxScaler,SVR,0.04875999999999999,0.10635207097184332,9.718340000000001,0.28845910975387834,11.97272,0.06032,0.13775359160472006,-0.18644,5,negative_training,ALL_CONDITIONS,HRSD_24.1,HRSD24,full
StandardScaler,ET,0.042460000000000005,0.06649517275712576,9.49596,0.1706676682913309,11.64786,0.06094000000000001,0.09567522145257884,-0.11964000000000001,5,negative_training,ALL_CONDITIONS,HRSD_24.1,HRSD24,full
MinMaxScaler,GB,0.04034,0.11267192640582659,9.93056,0.588844948182457,12.045539999999999,0.05566,0.1488063271504273,-0.19916,5,negative_training,ALL_CONDITIONS,HRSD_24.1,HRSD24,full
RobustScaler,CatBoost,0.04026,0.09043872511264188,9.64446,0.49194209313698695,11.72504,0.06642,0.1303737396871011,-0.13794,5,negative_training,ALL_CONDITIONS,HRSD_24.1,HRSD24,full
StandardScaler,RF,0.03695999999999998,0.09415725144671544,9.54034,0.34666599631345424,11.66676,0.05484,0.1345508008151568,-0.12418,5,negative_training,ALL_CONDITIONS,HRSD_24.1,HRSD24,full
MinMaxScaler,XGB,0.036359999999999996,0.09109743684648873,9.96798,0.7087622464550433,12.15206,0.04744,0.11565216383622054,-0.21974,5,negative_training,ALL_CONDITIONS,HRSD_24.1,HRSD24,full
RobustScaler,LGBM,0.036320000000000005,0.07855655287752894,9.87076,0.5684783751384042,12.32744,0.04738,0.09761627425793304,-0.25712,5,negative_training,ALL_CONDITIONS,HRSD_24.1,HRSD24,full
StandardScaler,SVR,0.036,0.08468916695776385,9.758860000000002,0.1596754927971104,11.82028,0.03831999999999999,0.11405554348649607,-0.153,5,negative_training,ALL_CONDITIONS,HRSD_24.1,HRSD24,full
RobustScaler,RF,0.03306,0.08020329170302176,9.631540000000001,0.22020493409549197,11.635700000000002,0.04766,0.11521242554516418,-0.11754,5,negative_training,ALL_CONDITIONS,HRSD_24.1,HRSD24,full
MinMaxScaler,LGBM,0.031979999999999995,0.12021223731384421,10.124379999999999,0.9720198053537795,12.394839999999999,0.043579999999999994,0.15157188723506743,-0.27164,5,negative_training,ALL_CONDITIONS,HRSD_24.1,HRSD24,full
StandardScaler,LGBM,0.02888,0.07675680425864535,9.9857,0.4203618024987516,12.32756,0.032799999999999996,0.09261025861101996,-0.25536,5,negative_training,ALL_CONDITIONS,HRSD_24.1,HRSD24,full
RobustScaler,ET,0.02534,0.08258358190342678,9.563460000000001,0.20315236400298123,11.70472,0.04468,0.12494745695691449,-0.13198,5,negative_training,ALL_CONDITIONS,HRSD_24.1,HRSD24,full
MinMaxScaler,RF,0.02026,0.06989029260204882,9.699340000000001,0.3789016798590363,11.816500000000001,0.03798,0.11195770183421952,-0.15282,5,negative_training,ALL_CONDITIONS,HRSD_24.1,HRSD24,full
MinMaxScaler,ET,0.018200000000000008,0.05427103278914084,9.63994,0.20230922618605376,11.840340000000001,0.03358,0.08680643409333205,-0.15716000000000002,5,negative_training,ALL_CONDITIONS,HRSD_24.1,HRSD24,full
