fold,phase,condition,target,target_short,features,scaler,model,n_train,n_test,n_features,CCC,MAE,RMSE,Pearson_r,R2,Spearman_r
1,emotion_induction_1,CR,phq_8,PHQ8,full,StandardScaler,Ridge,51,13,5,-0.5721,6.6165,8.2268,-0.6947,-1.163,-0.6841
1,emotion_induction_1,CR,phq_8,PHQ8,full,StandardScaler,Lasso,51,13,5,-0.5419,6.5525,8.1058,-0.6711,-1.0999,-0.5959
1,emotion_induction_1,CR,phq_8,PHQ8,full,StandardScaler,ElasticNet,51,13,5,-0.5659,6.6141,8.216,-0.6873,-1.1573,-0.64
1,emotion_induction_1,CR,phq_8,PHQ8,full,StandardScaler,SVR,51,13,5,-0.1464,5.8286,7.127,-0.2245,-0.6233,-0.2455
1,emotion_induction_1,CR,phq_8,PHQ8,full,StandardScaler,KNN,51,13,5,-0.2027,6.0769,7.6123,-0.3361,-0.852,-0.3407
1,emotion_induction_1,CR,phq_8,PHQ8,full,StandardScaler,RF,51,13,5,-0.3893,5.8279,7.4493,-0.5857,-0.7735,-0.549
1,emotion_induction_1,CR,phq_8,PHQ8,full,StandardScaler,ET,51,13,5,-0.3276,6.0427,7.5151,-0.4755,-0.805,-0.4966
1,emotion_induction_1,CR,phq_8,PHQ8,full,StandardScaler,GB,51,13,5,-0.3502,6.8217,8.2973,-0.4612,-1.2003,-0.4221
1,emotion_induction_1,CR,phq_8,PHQ8,full,StandardScaler,XGB,51,13,5,-0.2578,6.8587,8.1171,-0.3244,-1.1057,-0.3366
1,emotion_induction_1,CR,phq_8,PHQ8,full,StandardScaler,MLP,51,13,5,-0.3719,6.1691,8.0822,-0.5139,-1.0876,-0.5076
1,emotion_induction_1,CR,phq_8,PHQ8,full,StandardScaler,LGBM,51,13,5,-0.4161,5.7726,7.8584,-0.5394,-0.9736,-0.5297
1,emotion_induction_1,CR,phq_8,PHQ8,full,StandardScaler,CatBoost,51,13,5,-0.3673,6.3809,7.7595,-0.5386,-0.9242,-0.5683
1,emotion_induction_1,CR,phq_8,PHQ8,full,MinMaxScaler,Ridge,51,13,10,-0.5923,6.5141,8.2684,-0.7228,-1.1849,-0.709
1,emotion_induction_1,CR,phq_8,PHQ8,full,MinMaxScaler,Lasso,51,13,10,-0.526,6.1961,7.7339,-0.743,-0.9116,-0.72
1,emotion_induction_1,CR,phq_8,PHQ8,full,MinMaxScaler,ElasticNet,51,13,10,-0.5782,6.3885,8.0577,-0.7409,-1.075,-0.72
1,emotion_induction_1,CR,phq_8,PHQ8,full,MinMaxScaler,SVR,51,13,10,-0.6754,6.6918,8.7313,-0.7658,-1.4364,-0.8524
1,emotion_induction_1,CR,phq_8,PHQ8,full,MinMaxScaler,KNN,51,13,10,-0.4159,6.2615,8.0611,-0.6984,-1.0768,-0.616
1,emotion_induction_1,CR,phq_8,PHQ8,full,MinMaxScaler,RF,51,13,10,-0.5253,6.5679,8.0307,-0.6645,-1.0611,-0.6262
1,emotion_induction_1,CR,phq_8,PHQ8,full,MinMaxScaler,ET,51,13,10,-0.4889,6.3273,7.9166,-0.6258,-1.003,-0.5959
1,emotion_induction_1,CR,phq_8,PHQ8,full,MinMaxScaler,GB,51,13,10,-0.4792,6.9881,8.4672,-0.5463,-1.2913,-0.6621
1,emotion_induction_1,CR,phq_8,PHQ8,full,MinMaxScaler,XGB,51,13,10,-0.5286,7.6748,8.9699,-0.623,-1.5714,-0.5986
1,emotion_induction_1,CR,phq_8,PHQ8,full,MinMaxScaler,MLP,51,13,10,-0.6095,6.6081,8.3336,-0.7406,-1.2195,-0.7035
1,emotion_induction_1,CR,phq_8,PHQ8,full,MinMaxScaler,LGBM,51,13,10,-0.4397,6.0804,7.9151,-0.6498,-1.0022,-0.5546
1,emotion_induction_1,CR,phq_8,PHQ8,full,MinMaxScaler,CatBoost,51,13,10,-0.5051,6.6178,8.082,-0.6202,-1.0875,-0.64
1,emotion_induction_1,CR,phq_8,PHQ8,full,RobustScaler,Ridge,51,13,5,-0.4936,6.1836,7.6817,-0.6942,-0.8859,-0.6648
1,emotion_induction_1,CR,phq_8,PHQ8,full,RobustScaler,Lasso,51,13,5,-0.5663,6.497,8.092,-0.7112,-1.0927,-0.7145
1,emotion_induction_1,CR,phq_8,PHQ8,full,RobustScaler,ElasticNet,51,13,5,-0.5407,6.3904,7.9506,-0.7029,-1.0202,-0.7145
1,emotion_induction_1,CR,phq_8,PHQ8,full,RobustScaler,SVR,51,13,5,-0.4545,5.8631,7.6235,-0.5557,-0.8574,-0.4
1,emotion_induction_1,CR,phq_8,PHQ8,full,RobustScaler,KNN,51,13,5,-0.3347,5.989,7.4662,-0.4741,-0.7815,-0.482
1,emotion_induction_1,CR,phq_8,PHQ8,full,RobustScaler,RF,51,13,5,-0.3895,5.8261,7.449,-0.5861,-0.7733,-0.549
1,emotion_induction_1,CR,phq_8,PHQ8,full,RobustScaler,ET,51,13,5,-0.3276,6.0427,7.5151,-0.4755,-0.805,-0.4966
1,emotion_induction_1,CR,phq_8,PHQ8,full,RobustScaler,GB,51,13,5,-0.3502,6.8217,8.2973,-0.4612,-1.2003,-0.4221
1,emotion_induction_1,CR,phq_8,PHQ8,full,RobustScaler,XGB,51,13,5,-0.2578,6.8587,8.1171,-0.3244,-1.1057,-0.3366
1,emotion_induction_1,CR,phq_8,PHQ8,full,RobustScaler,MLP,51,13,5,-0.4965,6.4431,8.1814,-0.625,-1.1392,-0.5131
1,emotion_induction_1,CR,phq_8,PHQ8,full,RobustScaler,LGBM,51,13,5,-0.3758,5.7911,7.7492,-0.482,-0.9192,-0.424
1,emotion_induction_1,CR,phq_8,PHQ8,full,RobustScaler,CatBoost,51,13,5,-0.3656,6.3736,7.7458,-0.5373,-0.9175,-0.5683
2,emotion_induction_1,CR,phq_8,PHQ8,full,StandardScaler,Ridge,51,13,5,-0.1851,5.0207,6.024,-0.1893,-1.1871,-0.221
2,emotion_induction_1,CR,phq_8,PHQ8,full,StandardScaler,Lasso,51,13,5,-0.1811,4.9944,5.9667,-0.1855,-1.1458,-0.221
2,emotion_induction_1,CR,phq_8,PHQ8,full,StandardScaler,ElasticNet,51,13,5,-0.1762,4.9693,5.9131,-0.1808,-1.1074,-0.221
2,emotion_induction_1,CR,phq_8,PHQ8,full,StandardScaler,SVR,51,13,5,-0.0398,4.9129,5.7357,-0.0413,-0.9828,-0.1022
2,emotion_induction_1,CR,phq_8,PHQ8,full,StandardScaler,KNN,51,13,5,0.0414,4.4615,5.0193,0.046,-0.5184,0.1508
2,emotion_induction_1,CR,phq_8,PHQ8,full,StandardScaler,RF,51,13,5,-0.1562,4.8662,5.3706,-0.1919,-0.7384,-0.1215
2,emotion_induction_1,CR,phq_8,PHQ8,full,StandardScaler,ET,51,13,5,-0.0052,4.4615,4.9749,-0.0059,-0.4917,0.116
2,emotion_induction_1,CR,phq_8,PHQ8,full,StandardScaler,GB,51,13,5,0.1657,4.408,5.2789,0.1682,-0.6796,-0.0359
2,emotion_induction_1,CR,phq_8,PHQ8,full,StandardScaler,XGB,51,13,5,0.136,4.4228,5.213,0.1411,-0.6379,0.2044
2,emotion_induction_1,CR,phq_8,PHQ8,full,StandardScaler,MLP,51,13,5,0.0865,4.9102,5.6301,0.0868,-0.9104,0.0083
2,emotion_induction_1,CR,phq_8,PHQ8,full,StandardScaler,LGBM,51,13,5,-0.1525,5.0162,5.6421,-0.1687,-0.9186,-0.2964
2,emotion_induction_1,CR,phq_8,PHQ8,full,StandardScaler,CatBoost,51,13,5,-0.0339,4.6185,5.2075,-0.0388,-0.6345,-0.0276
2,emotion_induction_1,CR,phq_8,PHQ8,full,MinMaxScaler,Ridge,51,13,15,-0.1859,4.6062,5.1796,-0.2132,-0.617,-0.1713
2,emotion_induction_1,CR,phq_8,PHQ8,full,MinMaxScaler,Lasso,51,13,15,-0.1405,4.4529,4.9691,-0.1702,-0.4882,-0.2459
2,emotion_induction_1,CR,phq_8,PHQ8,full,MinMaxScaler,ElasticNet,51,13,15,-0.1657,4.6177,5.2043,-0.1842,-0.6324,-0.1961
2,emotion_induction_1,CR,phq_8,PHQ8,full,MinMaxScaler,SVR,51,13,15,-0.1865,4.7611,5.3915,-0.216,-0.752,-0.3149
2,emotion_induction_1,CR,phq_8,PHQ8,full,MinMaxScaler,KNN,51,13,15,-0.13,4.3675,4.9674,-0.1566,-0.4872,-0.2569
2,emotion_induction_1,CR,phq_8,PHQ8,full,MinMaxScaler,RF,51,13,15,-0.113,4.7273,5.2399,-0.1295,-0.6548,-0.2265
2,emotion_induction_1,CR,phq_8,PHQ8,full,MinMaxScaler,ET,51,13,15,-0.0881,4.6935,5.1903,-0.0992,-0.6237,-0.1105
2,emotion_induction_1,CR,phq_8,PHQ8,full,MinMaxScaler,GB,51,13,15,-0.1847,5.19,5.4467,-0.1969,-0.788,-0.2624
2,emotion_induction_1,CR,phq_8,PHQ8,full,MinMaxScaler,XGB,51,13,15,-0.0014,5.1847,5.5032,-0.0015,-0.8253,-0.047
2,emotion_induction_1,CR,phq_8,PHQ8,full,MinMaxScaler,MLP,51,13,15,-0.211,4.5753,5.1119,-0.2595,-0.5749,-0.395
2,emotion_induction_1,CR,phq_8,PHQ8,full,MinMaxScaler,LGBM,51,13,15,-0.054,4.4196,5.121,-0.0577,-0.5806,-0.1243
2,emotion_induction_1,CR,phq_8,PHQ8,full,MinMaxScaler,CatBoost,51,13,15,-0.0644,4.5448,5.1091,-0.0749,-0.5732,-0.2182
2,emotion_induction_1,CR,phq_8,PHQ8,full,RobustScaler,Ridge,51,13,5,-0.4317,6.2756,7.2857,-0.4387,-2.1993,-0.5
2,emotion_induction_1,CR,phq_8,PHQ8,full,RobustScaler,Lasso,51,13,5,-0.4315,6.2601,7.2633,-0.4385,-2.1797,-0.5
2,emotion_induction_1,CR,phq_8,PHQ8,full,RobustScaler,ElasticNet,51,13,5,-0.4306,6.1955,7.1719,-0.4372,-2.1001,-0.5
2,emotion_induction_1,CR,phq_8,PHQ8,full,RobustScaler,SVR,51,13,5,-0.288,5.501,6.2765,-0.3277,-1.3743,-0.395
2,emotion_induction_1,CR,phq_8,PHQ8,full,RobustScaler,KNN,51,13,5,-0.1834,4.6239,5.1789,-0.2407,-0.6166,-0.3089
2,emotion_induction_1,CR,phq_8,PHQ8,full,RobustScaler,RF,51,13,5,-0.1264,4.8798,5.5452,-0.1672,-0.8533,-0.1547
2,emotion_induction_1,CR,phq_8,PHQ8,full,RobustScaler,ET,51,13,5,-0.1212,4.8273,5.2518,-0.1599,-0.6624,-0.1713
2,emotion_induction_1,CR,phq_8,PHQ8,full,RobustScaler,GB,51,13,5,-0.1069,5.3477,6.2103,-0.1317,-1.3245,0.0193
2,emotion_induction_1,CR,phq_8,PHQ8,full,RobustScaler,XGB,51,13,5,0.0771,5.2207,5.9835,0.0985,-1.1579,0.1464
2,emotion_induction_1,CR,phq_8,PHQ8,full,RobustScaler,MLP,51,13,5,-0.4334,5.7172,6.504,-0.4608,-1.5496,-0.547
2,emotion_induction_1,CR,phq_8,PHQ8,full,RobustScaler,LGBM,51,13,5,-0.2007,5.2279,5.905,-0.2351,-1.1016,-0.3858
2,emotion_induction_1,CR,phq_8,PHQ8,full,RobustScaler,CatBoost,51,13,5,-0.0926,5.0701,5.7428,-0.1142,-0.9878,-0.1022
3,emotion_induction_1,CR,phq_8,PHQ8,full,StandardScaler,Ridge,51,13,5,-0.236,6.8037,7.9119,-0.3266,-0.4904,-0.4573
3,emotion_induction_1,CR,phq_8,PHQ8,full,StandardScaler,Lasso,51,13,5,-0.2279,6.8629,7.9482,-0.3047,-0.5041,-0.4849
3,emotion_induction_1,CR,phq_8,PHQ8,full,StandardScaler,ElasticNet,51,13,5,-0.2328,6.8375,7.9332,-0.3165,-0.4985,-0.4711
3,emotion_induction_1,CR,phq_8,PHQ8,full,StandardScaler,SVR,51,13,5,-0.2749,7.8047,9.1833,-0.2985,-1.0079,-0.4242
3,emotion_induction_1,CR,phq_8,PHQ8,full,StandardScaler,KNN,51,13,5,-0.3613,6.8205,8.6251,-0.465,-0.7713,-0.4039
3,emotion_induction_1,CR,phq_8,PHQ8,full,StandardScaler,RF,51,13,5,-0.0971,5.7706,7.0262,-0.1955,-0.1754,0.0331
3,emotion_induction_1,CR,phq_8,PHQ8,full,StandardScaler,ET,51,13,5,-0.2401,6.155,7.8985,-0.3242,-0.4854,-0.2094
3,emotion_induction_1,CR,phq_8,PHQ8,full,StandardScaler,GB,51,13,5,-0.1456,5.6171,7.4289,-0.2177,-0.314,-0.0551
3,emotion_induction_1,CR,phq_8,PHQ8,full,StandardScaler,XGB,51,13,5,-0.1887,5.8186,7.6601,-0.2663,-0.3971,-0.1047
3,emotion_induction_1,CR,phq_8,PHQ8,full,StandardScaler,MLP,51,13,5,-0.2763,6.4676,7.7588,-0.4471,-0.4333,-0.4435
3,emotion_induction_1,CR,phq_8,PHQ8,full,StandardScaler,LGBM,51,13,5,-0.0873,5.5726,7.115,-0.1488,-0.2053,-0.0433
3,emotion_induction_1,CR,phq_8,PHQ8,full,StandardScaler,CatBoost,51,13,5,-0.1568,6.0454,7.4428,-0.2421,-0.3189,-0.0744
3,emotion_induction_1,CR,phq_8,PHQ8,full,MinMaxScaler,Ridge,51,13,5,-0.1762,6.6562,7.7101,-0.2517,-0.4154,-0.4463
3,emotion_induction_1,CR,phq_8,PHQ8,full,MinMaxScaler,Lasso,51,13,5,-0.2321,6.9432,8.0513,-0.3036,-0.5434,-0.4463
3,emotion_induction_1,CR,phq_8,PHQ8,full,MinMaxScaler,ElasticNet,51,13,5,-0.2008,6.8456,7.9244,-0.2663,-0.4951,-0.416
3,emotion_induction_1,CR,phq_8,PHQ8,full,MinMaxScaler,SVR,51,13,5,-0.1886,6.5729,7.6644,-0.3369,-0.3986,-0.5069
3,emotion_induction_1,CR,phq_8,PHQ8,full,MinMaxScaler,KNN,51,13,5,-0.0867,5.7033,7.1212,-0.1444,-0.2074,0.0097
3,emotion_induction_1,CR,phq_8,PHQ8,full,MinMaxScaler,RF,51,13,5,-0.0529,5.7085,6.9439,-0.0992,-0.148,-0.1019
3,emotion_induction_1,CR,phq_8,PHQ8,full,MinMaxScaler,ET,51,13,5,-0.1368,5.9596,7.5532,-0.1958,-0.3584,-0.2369
3,emotion_induction_1,CR,phq_8,PHQ8,full,MinMaxScaler,GB,51,13,5,-0.0513,5.9646,7.4402,-0.0673,-0.318,-0.1708
3,emotion_induction_1,CR,phq_8,PHQ8,full,MinMaxScaler,XGB,51,13,5,-0.1333,5.9604,7.5027,-0.1868,-0.3402,-0.2149
3,emotion_induction_1,CR,phq_8,PHQ8,full,MinMaxScaler,MLP,51,13,5,-0.2272,7.0384,8.144,-0.2833,-0.5792,-0.416
3,emotion_induction_1,CR,phq_8,PHQ8,full,MinMaxScaler,LGBM,51,13,5,-0.1166,6.0014,7.2755,-0.1835,-0.2603,-0.1178
3,emotion_induction_1,CR,phq_8,PHQ8,full,MinMaxScaler,CatBoost,51,13,5,-0.0861,5.9604,7.1994,-0.1347,-0.2341,-0.0083
3,emotion_induction_1,CR,phq_8,PHQ8,full,RobustScaler,Ridge,51,13,5,-0.0184,5.5225,6.5979,-0.2858,-0.0365,-0.1818
3,emotion_induction_1,CR,phq_8,PHQ8,full,RobustScaler,Lasso,51,13,5,0.0,5.4932,6.5798,,-0.0308,
3,emotion_induction_1,CR,phq_8,PHQ8,full,RobustScaler,ElasticNet,51,13,5,-0.0297,5.5691,6.6274,-0.2953,-0.0458,-0.2259
3,emotion_induction_1,CR,phq_8,PHQ8,full,RobustScaler,SVR,51,13,5,-0.2487,7.2296,8.3462,-0.2889,-0.6585,-0.259
3,emotion_induction_1,CR,phq_8,PHQ8,full,RobustScaler,KNN,51,13,5,-0.3197,7.0879,8.347,-0.4201,-0.6589,-0.3931
3,emotion_induction_1,CR,phq_8,PHQ8,full,RobustScaler,RF,51,13,5,-0.2237,6.6346,7.7784,-0.3154,-0.4406,-0.2176
3,emotion_induction_1,CR,phq_8,PHQ8,full,RobustScaler,ET,51,13,5,-0.3758,7.9538,8.9897,-0.4164,-0.9242,-0.4435
3,emotion_induction_1,CR,phq_8,PHQ8,full,RobustScaler,GB,51,13,5,-0.176,6.3183,7.8066,-0.2248,-0.451,-0.168
3,emotion_induction_1,CR,phq_8,PHQ8,full,RobustScaler,XGB,51,13,5,-0.0406,5.9107,7.4794,-0.0535,-0.3319,-0.0703
3,emotion_induction_1,CR,phq_8,PHQ8,full,RobustScaler,MLP,51,13,5,-0.1325,6.2249,7.4511,-0.2025,-0.3219,-0.1928
3,emotion_induction_1,CR,phq_8,PHQ8,full,RobustScaler,LGBM,51,13,5,0.0411,5.4912,6.6523,0.0845,-0.0536,0.1324
3,emotion_induction_1,CR,phq_8,PHQ8,full,RobustScaler,CatBoost,51,13,5,-0.2536,6.7297,7.9883,-0.34,-0.5194,-0.1928
4,emotion_induction_1,CR,phq_8,PHQ8,full,StandardScaler,Ridge,51,13,5,-0.1909,5.7342,6.5665,-0.2114,-0.6744,-0.3154
4,emotion_induction_1,CR,phq_8,PHQ8,full,StandardScaler,Lasso,51,13,5,-0.1863,5.3471,6.0576,-0.2587,-0.425,-0.3486
4,emotion_induction_1,CR,phq_8,PHQ8,full,StandardScaler,ElasticNet,51,13,5,-0.1978,5.9413,6.8336,-0.2115,-0.8134,-0.3154
4,emotion_induction_1,CR,phq_8,PHQ8,full,StandardScaler,SVR,51,13,5,-0.4001,7.6257,9.04,-0.4126,-2.1735,-0.426
4,emotion_induction_1,CR,phq_8,PHQ8,full,StandardScaler,KNN,51,13,5,-0.2419,5.5812,6.4299,-0.2911,-0.6055,-0.343
4,emotion_induction_1,CR,phq_8,PHQ8,full,StandardScaler,RF,51,13,5,-0.0402,5.1338,6.0458,-0.0472,-0.4194,-0.0636
4,emotion_induction_1,CR,phq_8,PHQ8,full,StandardScaler,ET,51,13,5,-0.2236,5.9104,6.7437,-0.2446,-0.766,-0.3043
4,emotion_induction_1,CR,phq_8,PHQ8,full,StandardScaler,GB,51,13,5,-0.0302,5.2994,6.5177,-0.0314,-0.6496,-0.1134
4,emotion_induction_1,CR,phq_8,PHQ8,full,StandardScaler,XGB,51,13,5,-0.1605,5.5969,6.8473,-0.1693,-0.8207,-0.2711
4,emotion_induction_1,CR,phq_8,PHQ8,full,StandardScaler,MLP,51,13,5,-0.2563,7.2552,8.4548,-0.2692,-1.7759,-0.3043
4,emotion_induction_1,CR,phq_8,PHQ8,full,StandardScaler,LGBM,51,13,5,-0.2022,5.8472,6.7196,-0.2255,-0.7534,-0.2621
4,emotion_induction_1,CR,phq_8,PHQ8,full,StandardScaler,CatBoost,51,13,5,-0.1323,5.4402,6.6744,-0.1391,-0.7299,-0.1909
4,emotion_induction_1,CR,phq_8,PHQ8,full,MinMaxScaler,Ridge,51,13,10,-0.2107,5.5437,6.3777,-0.255,-0.5795,-0.1217
4,emotion_induction_1,CR,phq_8,PHQ8,full,MinMaxScaler,Lasso,51,13,10,-0.196,5.7546,6.6624,-0.2126,-0.7237,-0.166
4,emotion_induction_1,CR,phq_8,PHQ8,full,MinMaxScaler,ElasticNet,51,13,10,-0.2015,5.5928,6.502,-0.2286,-0.6417,-0.166
4,emotion_induction_1,CR,phq_8,PHQ8,full,MinMaxScaler,SVR,51,13,10,-0.1898,5.3522,6.3721,-0.2206,-0.5768,-0.1355
4,emotion_induction_1,CR,phq_8,PHQ8,full,MinMaxScaler,KNN,51,13,10,-0.2545,5.6593,6.5029,-0.3086,-0.6421,-0.295
4,emotion_induction_1,CR,phq_8,PHQ8,full,MinMaxScaler,RF,51,13,10,0.0393,4.5538,5.6191,0.0512,-0.2261,0.047
4,emotion_induction_1,CR,phq_8,PHQ8,full,MinMaxScaler,ET,51,13,10,-0.1149,5.0958,6.0847,-0.1463,-0.4377,-0.0858
4,emotion_induction_1,CR,phq_8,PHQ8,full,MinMaxScaler,GB,51,13,10,-0.0593,5.2241,6.1904,-0.0695,-0.4881,-0.0111
4,emotion_induction_1,CR,phq_8,PHQ8,full,MinMaxScaler,XGB,51,13,10,-0.0247,4.9075,6.0681,-0.029,-0.4299,-0.0719
4,emotion_induction_1,CR,phq_8,PHQ8,full,MinMaxScaler,MLP,51,13,10,-0.2023,5.4108,6.2885,-0.2795,-0.5356,-0.1134
4,emotion_induction_1,CR,phq_8,PHQ8,full,MinMaxScaler,LGBM,51,13,10,0.0427,4.5602,5.4519,0.0696,-0.1542,0.0471
4,emotion_induction_1,CR,phq_8,PHQ8,full,MinMaxScaler,CatBoost,51,13,10,-0.0413,5.0934,6.0253,-0.0506,-0.4098,0.0885
4,emotion_induction_1,CR,phq_8,PHQ8,full,RobustScaler,Ridge,51,13,5,-0.2571,5.9171,6.8119,-0.2804,-0.8019,-0.2794
4,emotion_induction_1,CR,phq_8,PHQ8,full,RobustScaler,Lasso,51,13,5,-0.2721,5.8886,6.7788,-0.3009,-0.7845,-0.3513
4,emotion_induction_1,CR,phq_8,PHQ8,full,RobustScaler,ElasticNet,51,13,5,-0.2644,5.9576,6.8587,-0.2871,-0.8268,-0.3513
4,emotion_induction_1,CR,phq_8,PHQ8,full,RobustScaler,SVR,51,13,5,-0.2985,6.1007,7.6168,-0.3041,-1.2529,-0.3458
4,emotion_induction_1,CR,phq_8,PHQ8,full,RobustScaler,KNN,51,13,5,-0.3147,5.7363,7.0573,-0.3498,-0.9341,-0.3981
4,emotion_induction_1,CR,phq_8,PHQ8,full,RobustScaler,RF,51,13,5,-0.1937,5.3392,6.5167,-0.2454,-0.6491,-0.177
4,emotion_induction_1,CR,phq_8,PHQ8,full,RobustScaler,ET,51,13,5,-0.1873,5.3935,6.4398,-0.2417,-0.6104,-0.1925
4,emotion_induction_1,CR,phq_8,PHQ8,full,RobustScaler,GB,51,13,5,-0.05,5.2978,6.4787,-0.0608,-0.6299,-0.1549
4,emotion_induction_1,CR,phq_8,PHQ8,full,RobustScaler,XGB,51,13,5,-0.2041,5.9116,7.1613,-0.2305,-0.9915,-0.1162
4,emotion_induction_1,CR,phq_8,PHQ8,full,RobustScaler,MLP,51,13,5,-0.3722,6.9243,8.0566,-0.3738,-1.5206,-0.3513
4,emotion_induction_1,CR,phq_8,PHQ8,full,RobustScaler,LGBM,51,13,5,-0.3179,5.6846,6.9421,-0.3631,-0.8715,-0.3194
4,emotion_induction_1,CR,phq_8,PHQ8,full,RobustScaler,CatBoost,51,13,5,-0.2632,6.0336,7.4005,-0.2835,-1.1267,-0.3596
5,emotion_induction_1,CR,phq_8,PHQ8,full,StandardScaler,Ridge,52,12,5,0.1315,7.1364,7.925,0.133,-0.6714,-0.1789
5,emotion_induction_1,CR,phq_8,PHQ8,full,StandardScaler,Lasso,52,12,5,0.1329,7.1293,7.9009,0.1345,-0.6613,-0.1789
5,emotion_induction_1,CR,phq_8,PHQ8,full,StandardScaler,ElasticNet,52,12,5,0.1199,5.7497,6.3835,0.1622,-0.0844,-0.2246
5,emotion_induction_1,CR,phq_8,PHQ8,full,StandardScaler,SVR,52,12,5,-0.1339,6.4186,6.9449,-0.2992,-0.2836,-0.3263
5,emotion_induction_1,CR,phq_8,PHQ8,full,StandardScaler,KNN,52,12,5,-0.126,6.7381,7.7574,-0.1386,-0.6015,-0.1828
5,emotion_induction_1,CR,phq_8,PHQ8,full,StandardScaler,RF,52,12,5,-0.2274,6.4913,7.3167,-0.3433,-0.4247,-0.3368
5,emotion_induction_1,CR,phq_8,PHQ8,full,StandardScaler,ET,52,12,5,-0.1714,6.4395,7.6318,-0.2101,-0.55,-0.2105
5,emotion_induction_1,CR,phq_8,PHQ8,full,StandardScaler,GB,52,12,5,-0.2851,7.4053,8.4369,-0.3497,-0.8943,-0.2842
5,emotion_induction_1,CR,phq_8,PHQ8,full,StandardScaler,XGB,52,12,5,-0.2069,6.9402,7.7504,-0.2572,-0.5986,-0.1404
5,emotion_induction_1,CR,phq_8,PHQ8,full,StandardScaler,MLP,52,12,5,0.297,7.1059,8.5553,0.3161,-0.9479,0.1088
5,emotion_induction_1,CR,phq_8,PHQ8,full,StandardScaler,LGBM,52,12,5,-0.1979,6.1424,7.1586,-0.303,-0.3638,-0.2478
5,emotion_induction_1,CR,phq_8,PHQ8,full,StandardScaler,CatBoost,52,12,5,-0.2504,6.9528,7.948,-0.3041,-0.6811,-0.1789
5,emotion_induction_1,CR,phq_8,PHQ8,full,MinMaxScaler,Ridge,52,12,10,0.1601,5.8332,6.5797,0.1851,-0.1521,-0.1298
5,emotion_induction_1,CR,phq_8,PHQ8,full,MinMaxScaler,Lasso,52,12,10,0.1696,6.2084,6.8065,0.183,-0.2329,-0.1228
5,emotion_induction_1,CR,phq_8,PHQ8,full,MinMaxScaler,ElasticNet,52,12,10,0.1443,5.6076,6.3832,0.1839,-0.0843,-0.1368
5,emotion_induction_1,CR,phq_8,PHQ8,full,MinMaxScaler,SVR,52,12,10,0.1049,5.7674,6.4493,0.161,-0.1069,-0.1404
5,emotion_induction_1,CR,phq_8,PHQ8,full,MinMaxScaler,KNN,52,12,10,-0.3665,7.0833,8.3283,-0.4572,-0.8459,-0.4446
5,emotion_induction_1,CR,phq_8,PHQ8,full,MinMaxScaler,RF,52,12,10,-0.0293,6.1479,6.7935,-0.0414,-0.2282,0.014
5,emotion_induction_1,CR,phq_8,PHQ8,full,MinMaxScaler,ET,52,12,10,-0.0741,6.3612,7.1497,-0.1038,-0.3604,-0.0982
5,emotion_induction_1,CR,phq_8,PHQ8,full,MinMaxScaler,GB,52,12,10,0.0183,6.1857,6.7597,0.0238,-0.216,0.0386
5,emotion_induction_1,CR,phq_8,PHQ8,full,MinMaxScaler,XGB,52,12,10,0.033,6.5709,7.0373,0.0386,-0.3179,0.0035
5,emotion_induction_1,CR,phq_8,PHQ8,full,MinMaxScaler,MLP,52,12,10,0.1526,6.1739,6.851,0.1692,-0.2491,-0.2316
5,emotion_induction_1,CR,phq_8,PHQ8,full,MinMaxScaler,LGBM,52,12,10,-0.1777,6.455,7.1564,-0.2712,-0.3629,-0.2456
5,emotion_induction_1,CR,phq_8,PHQ8,full,MinMaxScaler,CatBoost,52,12,10,-0.1776,6.7655,7.5055,-0.2315,-0.4991,-0.2982
5,emotion_induction_1,CR,phq_8,PHQ8,full,RobustScaler,Ridge,52,12,15,0.0743,5.5741,6.1667,0.157,-0.012,-0.1649
5,emotion_induction_1,CR,phq_8,PHQ8,full,RobustScaler,Lasso,52,12,15,-0.0023,5.7833,6.2639,-0.1792,-0.0442,0.0947
5,emotion_induction_1,CR,phq_8,PHQ8,full,RobustScaler,ElasticNet,52,12,15,0.094,5.5029,6.1801,0.1651,-0.0164,-0.1895
5,emotion_induction_1,CR,phq_8,PHQ8,full,RobustScaler,SVR,52,12,15,0.1319,5.4335,5.9933,0.2669,0.0441,0.1649
5,emotion_induction_1,CR,phq_8,PHQ8,full,RobustScaler,KNN,52,12,15,0.1242,5.3,6.2258,0.1737,-0.0315,0.0655
5,emotion_induction_1,CR,phq_8,PHQ8,full,RobustScaler,RF,52,12,15,-0.0521,6.2493,6.9107,-0.0702,-0.271,-0.0947
5,emotion_induction_1,CR,phq_8,PHQ8,full,RobustScaler,ET,52,12,15,-0.0533,6.3546,7.1143,-0.0684,-0.3469,0.0246
5,emotion_induction_1,CR,phq_8,PHQ8,full,RobustScaler,GB,52,12,15,-0.0988,6.3791,7.1197,-0.1277,-0.349,-0.1053
5,emotion_induction_1,CR,phq_8,PHQ8,full,RobustScaler,XGB,52,12,15,-0.048,6.5766,7.1681,-0.0579,-0.3674,-0.0877
5,emotion_induction_1,CR,phq_8,PHQ8,full,RobustScaler,MLP,52,12,15,0.1833,7.234,8.4149,0.1851,-0.8845,-0.1368
5,emotion_induction_1,CR,phq_8,PHQ8,full,RobustScaler,LGBM,52,12,15,-0.297,6.8246,7.8048,-0.38,-0.6211,-0.3018
5,emotion_induction_1,CR,phq_8,PHQ8,full,RobustScaler,CatBoost,52,12,15,-0.1557,6.8414,7.5452,-0.1856,-0.5151,-0.0456
1,emotion_induction_1,CR,ads.1,CES-D,full,StandardScaler,Ridge,50,13,20,0.4199,11.0398,12.1706,0.4452,0.1158,0.4193
1,emotion_induction_1,CR,ads.1,CES-D,full,StandardScaler,Lasso,50,13,20,0.2966,16.3726,25.5279,0.3914,-2.8901,0.5462
1,emotion_induction_1,CR,ads.1,CES-D,full,StandardScaler,ElasticNet,50,13,20,-0.1308,14.0376,17.7504,-0.1591,-0.8808,0.0966
1,emotion_induction_1,CR,ads.1,CES-D,full,StandardScaler,SVR,50,13,20,0.0304,12.0793,13.5037,0.0509,-0.0885,0.0524
1,emotion_induction_1,CR,ads.1,CES-D,full,StandardScaler,KNN,50,13,20,-0.1885,13.5729,15.2468,-0.2703,-0.3877,-0.1655
1,emotion_induction_1,CR,ads.1,CES-D,full,StandardScaler,RF,50,13,20,-0.1931,13.2882,15.3558,-0.2772,-0.4076,-0.1407
1,emotion_induction_1,CR,ads.1,CES-D,full,StandardScaler,ET,50,13,20,-0.1504,13.3373,15.0457,-0.2114,-0.3513,-0.0607
1,emotion_induction_1,CR,ads.1,CES-D,full,StandardScaler,GB,50,13,20,-0.2906,15.3487,17.7999,-0.3596,-0.8913,-0.1462
1,emotion_induction_1,CR,ads.1,CES-D,full,StandardScaler,XGB,50,13,20,-0.3092,14.0366,17.7908,-0.3774,-0.8894,-0.2097
1,emotion_induction_1,CR,ads.1,CES-D,full,StandardScaler,MLP,50,13,20,-0.0832,14.9439,22.6798,-0.0996,-2.0705,0.2069
1,emotion_induction_1,CR,ads.1,CES-D,full,StandardScaler,LGBM,50,13,20,-0.2719,13.9507,16.1092,-0.3681,-0.5491,-0.2722
1,emotion_induction_1,CR,ads.1,CES-D,full,StandardScaler,CatBoost,50,13,20,-0.1976,14.0381,15.9669,-0.2533,-0.5219,-0.1986
1,emotion_induction_1,CR,ads.1,CES-D,full,MinMaxScaler,Ridge,50,13,5,0.204,11.195,12.9351,0.2703,0.0012,0.3503
1,emotion_induction_1,CR,ads.1,CES-D,full,MinMaxScaler,Lasso,50,13,5,0.1986,11.2333,12.9377,0.2668,0.0008,0.3503
1,emotion_induction_1,CR,ads.1,CES-D,full,MinMaxScaler,ElasticNet,50,13,5,0.1598,11.6557,13.3155,0.2284,-0.0584,0.2814
1,emotion_induction_1,CR,ads.1,CES-D,full,MinMaxScaler,SVR,50,13,5,0.0292,12.0077,14.0013,0.0393,-0.1702,0.1903
1,emotion_induction_1,CR,ads.1,CES-D,full,MinMaxScaler,KNN,50,13,5,-0.2493,14.2063,15.8995,-0.3628,-0.509,-0.2722
1,emotion_induction_1,CR,ads.1,CES-D,full,MinMaxScaler,RF,50,13,5,-0.1755,13.0903,15.1123,-0.3056,-0.3633,-0.1628
1,emotion_induction_1,CR,ads.1,CES-D,full,MinMaxScaler,ET,50,13,5,-0.0406,12.601,14.3754,-0.0698,-0.2336,-0.0386
1,emotion_induction_1,CR,ads.1,CES-D,full,MinMaxScaler,GB,50,13,5,-0.1376,14.1312,17.0821,-0.2093,-0.7419,-0.0221
1,emotion_induction_1,CR,ads.1,CES-D,full,MinMaxScaler,XGB,50,13,5,-0.4349,15.2334,18.2612,-0.5596,-0.9906,-0.4441
1,emotion_induction_1,CR,ads.1,CES-D,full,MinMaxScaler,MLP,50,13,5,-0.2293,14.2723,17.0311,-0.2765,-0.7315,-0.0441
1,emotion_induction_1,CR,ads.1,CES-D,full,MinMaxScaler,LGBM,50,13,5,-0.2701,13.7134,15.7629,-0.3964,-0.4832,-0.2583
1,emotion_induction_1,CR,ads.1,CES-D,full,MinMaxScaler,CatBoost,50,13,5,-0.1016,13.2555,14.9608,-0.1737,-0.3361,-0.1159
1,emotion_induction_1,CR,ads.1,CES-D,full,RobustScaler,Ridge,50,13,5,-0.158,27.7337,59.5237,-0.3589,-20.1501,-0.3476
1,emotion_induction_1,CR,ads.1,CES-D,full,RobustScaler,Lasso,50,13,5,-0.1745,26.4639,54.8506,-0.365,-16.9596,-0.3697
1,emotion_induction_1,CR,ads.1,CES-D,full,RobustScaler,ElasticNet,50,13,5,-0.1681,26.9207,56.5466,-0.3626,-18.0874,-0.3697
1,emotion_induction_1,CR,ads.1,CES-D,full,RobustScaler,SVR,50,13,5,-0.2349,13.9685,16.254,-0.2867,-0.5771,-0.3035
1,emotion_induction_1,CR,ads.1,CES-D,full,RobustScaler,KNN,50,13,5,-0.3208,14.1902,16.6213,-0.4066,-0.6492,-0.2901
1,emotion_induction_1,CR,ads.1,CES-D,full,RobustScaler,RF,50,13,5,-0.3482,14.1184,16.7421,-0.441,-0.6732,-0.2952
1,emotion_induction_1,CR,ads.1,CES-D,full,RobustScaler,ET,50,13,5,-0.337,14.1406,16.1453,-0.4876,-0.556,-0.3007
1,emotion_induction_1,CR,ads.1,CES-D,full,RobustScaler,GB,50,13,5,-0.4458,15.6942,18.627,-0.4964,-1.0712,-0.4248
1,emotion_induction_1,CR,ads.1,CES-D,full,RobustScaler,XGB,50,13,5,-0.3045,13.7111,16.1815,-0.421,-0.563,-0.4359
1,emotion_induction_1,CR,ads.1,CES-D,full,RobustScaler,MLP,50,13,5,-0.1373,30.2826,68.2634,-0.3599,-26.8169,-0.3945
1,emotion_induction_1,CR,ads.1,CES-D,full,RobustScaler,LGBM,50,13,5,-0.3139,13.6132,16.1327,-0.4348,-0.5536,-0.2092
1,emotion_induction_1,CR,ads.1,CES-D,full,RobustScaler,CatBoost,50,13,5,-0.2961,13.61,16.2198,-0.3918,-0.5704,-0.3503
2,emotion_induction_1,CR,ads.1,CES-D,full,StandardScaler,Ridge,50,13,15,-0.2639,12.1949,14.4095,-0.3404,-0.7678,-0.4592
2,emotion_induction_1,CR,ads.1,CES-D,full,StandardScaler,Lasso,50,13,15,-0.2517,11.9333,13.8356,-0.3383,-0.6297,-0.5062
2,emotion_induction_1,CR,ads.1,CES-D,full,StandardScaler,ElasticNet,50,13,15,-0.2849,12.9536,14.9927,-0.3361,-0.9138,-0.4675
2,emotion_induction_1,CR,ads.1,CES-D,full,StandardScaler,SVR,50,13,15,-0.4144,12.8987,14.8083,-0.609,-0.867,-0.6197
2,emotion_induction_1,CR,ads.1,CES-D,full,StandardScaler,KNN,50,13,15,-0.4515,12.569,14.2184,-0.769,-0.7212,-0.6796
2,emotion_induction_1,CR,ads.1,CES-D,full,StandardScaler,RF,50,13,15,-0.3288,12.7106,15.4114,-0.4291,-1.0221,-0.2462
2,emotion_induction_1,CR,ads.1,CES-D,full,StandardScaler,ET,50,13,15,-0.4369,12.9814,14.9407,-0.6948,-0.9005,-0.545
2,emotion_induction_1,CR,ads.1,CES-D,full,StandardScaler,GB,50,13,15,-0.5796,16.0226,18.5124,-0.6657,-1.9178,-0.6722
2,emotion_induction_1,CR,ads.1,CES-D,full,StandardScaler,XGB,50,13,15,-0.538,15.3433,17.9726,-0.6133,-1.7501,-0.5588
2,emotion_induction_1,CR,ads.1,CES-D,full,StandardScaler,MLP,50,13,15,0.0655,24.3154,35.4653,0.1295,-9.7086,-0.1936
2,emotion_induction_1,CR,ads.1,CES-D,full,StandardScaler,LGBM,50,13,15,-0.107,11.1034,13.8704,-0.143,-0.638,-0.1163
2,emotion_induction_1,CR,ads.1,CES-D,full,StandardScaler,CatBoost,50,13,15,-0.4004,12.9174,15.7709,-0.5007,-1.1176,-0.4205
2,emotion_induction_1,CR,ads.1,CES-D,full,MinMaxScaler,Ridge,50,13,10,-0.427,14.1577,16.0885,-0.4741,-1.2037,-0.628
2,emotion_induction_1,CR,ads.1,CES-D,full,MinMaxScaler,Lasso,50,13,10,-0.4011,14.8366,16.4785,-0.4201,-1.3119,-0.628
2,emotion_induction_1,CR,ads.1,CES-D,full,MinMaxScaler,ElasticNet,50,13,10,-0.4317,14.9379,16.8522,-0.4532,-1.4179,-0.628
2,emotion_induction_1,CR,ads.1,CES-D,full,MinMaxScaler,SVR,50,13,10,-0.5334,14.9975,17.2276,-0.5762,-1.5268,-0.7275
2,emotion_induction_1,CR,ads.1,CES-D,full,MinMaxScaler,KNN,50,13,10,-0.5153,13.6154,15.8634,-0.5935,-1.1425,-0.6067
2,emotion_induction_1,CR,ads.1,CES-D,full,MinMaxScaler,RF,50,13,10,-0.538,13.9308,15.5329,-0.67,-1.0541,-0.6833
2,emotion_induction_1,CR,ads.1,CES-D,full,MinMaxScaler,ET,50,13,10,-0.6334,14.98,16.26,-0.8054,-1.251,-0.8327
2,emotion_induction_1,CR,ads.1,CES-D,full,MinMaxScaler,GB,50,13,10,-0.5475,17.0437,18.5827,-0.5854,-1.94,-0.5699
2,emotion_induction_1,CR,ads.1,CES-D,full,MinMaxScaler,XGB,50,13,10,-0.485,15.8175,17.4081,-0.5125,-1.5801,-0.4813
2,emotion_induction_1,CR,ads.1,CES-D,full,MinMaxScaler,MLP,50,13,10,-0.6213,16.5847,18.857,-0.6273,-2.0274,-0.6943
2,emotion_induction_1,CR,ads.1,CES-D,full,MinMaxScaler,LGBM,50,13,10,-0.2417,12.9278,15.0261,-0.324,-0.9223,-0.3518
2,emotion_induction_1,CR,ads.1,CES-D,full,MinMaxScaler,CatBoost,50,13,10,-0.471,14.4648,16.2666,-0.5294,-1.2528,-0.5311
2,emotion_induction_1,CR,ads.1,CES-D,full,RobustScaler,Ridge,50,13,10,-0.0316,11.8352,13.787,-0.0423,-0.6183,-0.0332
2,emotion_induction_1,CR,ads.1,CES-D,full,RobustScaler,Lasso,50,13,10,-0.0723,13.05,15.2198,-0.0857,-0.9722,-0.0913
2,emotion_induction_1,CR,ads.1,CES-D,full,RobustScaler,ElasticNet,50,13,10,-0.0567,12.4312,14.3375,-0.0714,-0.7501,-0.0968
2,emotion_induction_1,CR,ads.1,CES-D,full,RobustScaler,SVR,50,13,10,-0.2047,15.0852,18.4378,-0.2211,-1.8943,-0.1801
2,emotion_induction_1,CR,ads.1,CES-D,full,RobustScaler,KNN,50,13,10,-0.4527,14.417,17.6388,-0.5671,-1.6489,-0.3703
2,emotion_induction_1,CR,ads.1,CES-D,full,RobustScaler,RF,50,13,10,-0.167,11.5535,14.1461,-0.2148,-0.7037,-0.1604
2,emotion_induction_1,CR,ads.1,CES-D,full,RobustScaler,ET,50,13,10,-0.3361,12.9451,15.8436,-0.4663,-1.1371,-0.3375
2,emotion_induction_1,CR,ads.1,CES-D,full,RobustScaler,GB,50,13,10,-0.0828,12.1904,15.0135,-0.0955,-0.9191,-0.119
2,emotion_induction_1,CR,ads.1,CES-D,full,RobustScaler,XGB,50,13,10,-0.2157,12.6795,16.301,-0.2303,-1.2623,-0.1134
2,emotion_induction_1,CR,ads.1,CES-D,full,RobustScaler,MLP,50,13,10,0.0468,39.0634,71.0078,0.1767,-41.9278,-0.0553
2,emotion_induction_1,CR,ads.1,CES-D,full,RobustScaler,LGBM,50,13,10,-0.1043,11.0301,13.0159,-0.1475,-0.4424,-0.177
2,emotion_induction_1,CR,ads.1,CES-D,full,RobustScaler,CatBoost,50,13,10,-0.2529,12.4866,15.6466,-0.2906,-1.0843,-0.2047
3,emotion_induction_1,CR,ads.1,CES-D,full,StandardScaler,Ridge,50,13,5,-0.0149,10.2637,11.7495,-0.4,-0.0213,-0.1708
3,emotion_induction_1,CR,ads.1,CES-D,full,StandardScaler,Lasso,50,13,5,0.0,10.1977,11.672,,-0.0079,
3,emotion_induction_1,CR,ads.1,CES-D,full,StandardScaler,ElasticNet,50,13,5,-0.0301,10.346,11.8416,-0.3608,-0.0374,0.0523
3,emotion_induction_1,CR,ads.1,CES-D,full,StandardScaler,SVR,50,13,5,0.1329,13.6668,15.8368,0.1332,-0.8554,-0.0441
3,emotion_induction_1,CR,ads.1,CES-D,full,StandardScaler,KNN,50,13,5,-0.1004,12.066,14.8668,-0.1104,-0.6351,-0.1674
3,emotion_induction_1,CR,ads.1,CES-D,full,StandardScaler,RF,50,13,5,0.0943,10.289,13.5405,0.1001,-0.3564,0.1901
3,emotion_induction_1,CR,ads.1,CES-D,full,StandardScaler,ET,50,13,5,0.0384,13.6455,17.9347,0.0407,-1.3796,0.1074
3,emotion_induction_1,CR,ads.1,CES-D,full,StandardScaler,GB,50,13,5,0.0278,13.7771,18.2326,0.0296,-1.4593,0.1047
3,emotion_induction_1,CR,ads.1,CES-D,full,StandardScaler,XGB,50,13,5,-0.013,13.0386,17.2078,-0.0133,-1.1906,0.0557
3,emotion_induction_1,CR,ads.1,CES-D,full,StandardScaler,MLP,50,13,5,-0.3543,14.3046,19.6587,-0.3557,-1.8591,0.146
3,emotion_induction_1,CR,ads.1,CES-D,full,StandardScaler,LGBM,50,13,5,0.0824,11.0419,12.7717,0.1043,-0.2067,0.0816
3,emotion_induction_1,CR,ads.1,CES-D,full,StandardScaler,CatBoost,50,13,5,-0.0311,12.7221,16.8667,-0.0313,-1.1046,0.1352
3,emotion_induction_1,CR,ads.1,CES-D,full,MinMaxScaler,Ridge,50,13,5,0.0003,10.1955,11.6701,0.1758,-0.0076,0.1983
3,emotion_induction_1,CR,ads.1,CES-D,full,MinMaxScaler,Lasso,50,13,5,0.0,10.1977,11.672,,-0.0079,
3,emotion_induction_1,CR,ads.1,CES-D,full,MinMaxScaler,ElasticNet,50,13,5,0.0,10.1977,11.672,,-0.0079,
3,emotion_induction_1,CR,ads.1,CES-D,full,MinMaxScaler,SVR,50,13,5,0.1302,13.7551,15.7562,0.1308,-0.8366,-0.0441
3,emotion_induction_1,CR,ads.1,CES-D,full,MinMaxScaler,KNN,50,13,5,-0.0976,12.1342,14.9432,-0.1075,-0.652,-0.1782
3,emotion_induction_1,CR,ads.1,CES-D,full,MinMaxScaler,RF,50,13,5,0.0082,12.3105,17.112,0.0084,-1.1663,0.1102
3,emotion_induction_1,CR,ads.1,CES-D,full,MinMaxScaler,ET,50,13,5,-0.0006,13.8278,18.2759,-0.0007,-1.471,0.0771
3,emotion_induction_1,CR,ads.1,CES-D,full,MinMaxScaler,GB,50,13,5,-0.0176,13.5647,17.9826,-0.0182,-1.3923,-0.0579
3,emotion_induction_1,CR,ads.1,CES-D,full,MinMaxScaler,XGB,50,13,5,-0.0509,13.7256,17.6815,-0.0514,-1.3129,-0.0669
3,emotion_induction_1,CR,ads.1,CES-D,full,MinMaxScaler,MLP,50,13,5,-0.0793,10.9923,12.4182,-0.3281,-0.1409,0.1019
3,emotion_induction_1,CR,ads.1,CES-D,full,MinMaxScaler,LGBM,50,13,5,0.0749,10.916,12.6077,0.1026,-0.1759,0.0816
3,emotion_induction_1,CR,ads.1,CES-D,full,MinMaxScaler,CatBoost,50,13,5,-0.0851,13.1922,17.1822,-0.0855,-1.1841,-0.0523
3,emotion_induction_1,CR,ads.1,CES-D,full,RobustScaler,Ridge,50,13,5,-0.2782,12.117,14.8888,-0.3362,-0.64,0.1019
3,emotion_induction_1,CR,ads.1,CES-D,full,RobustScaler,Lasso,50,13,5,0.0058,10.1591,11.6361,0.245,-0.0017,0.2039
3,emotion_induction_1,CR,ads.1,CES-D,full,RobustScaler,ElasticNet,50,13,5,-0.235,17.6197,30.2554,-0.3103,-5.772,0.0579
3,emotion_induction_1,CR,ads.1,CES-D,full,RobustScaler,SVR,50,13,5,-0.2101,15.0956,17.0786,-0.2142,-1.1578,-0.3526
3,emotion_induction_1,CR,ads.1,CES-D,full,RobustScaler,KNN,50,13,5,-0.3246,15.6748,19.0421,-0.3308,-1.6825,-0.291
3,emotion_induction_1,CR,ads.1,CES-D,full,RobustScaler,RF,50,13,5,-0.1722,13.0426,16.1105,-0.1772,-0.9201,-0.1791
3,emotion_induction_1,CR,ads.1,CES-D,full,RobustScaler,ET,50,13,5,-0.0813,14.9508,17.8075,-0.0817,-1.3459,-0.0551
3,emotion_induction_1,CR,ads.1,CES-D,full,RobustScaler,GB,50,13,5,-0.2001,15.6254,19.5158,-0.2027,-1.8177,-0.3058
3,emotion_induction_1,CR,ads.1,CES-D,full,RobustScaler,XGB,50,13,5,-0.199,15.5105,19.1452,-0.2015,-1.7116,-0.2483
3,emotion_induction_1,CR,ads.1,CES-D,full,RobustScaler,MLP,50,13,5,-0.23,19.0408,32.3974,-0.3243,-6.7649,-0.011
3,emotion_induction_1,CR,ads.1,CES-D,full,RobustScaler,LGBM,50,13,5,-0.0018,11.7614,13.5924,-0.0023,-0.3668,0.0844
3,emotion_induction_1,CR,ads.1,CES-D,full,RobustScaler,CatBoost,50,13,5,-0.1747,13.9011,17.4264,-0.1751,-1.2466,-0.3471
4,emotion_induction_1,CR,ads.1,CES-D,full,StandardScaler,Ridge,51,12,5,-0.0538,11.3926,15.4103,-0.1404,-0.1148,0.007
4,emotion_induction_1,CR,ads.1,CES-D,full,StandardScaler,Lasso,51,12,5,-0.0524,11.3146,15.4777,-0.123,-0.1246,0.1119
4,emotion_induction_1,CR,ads.1,CES-D,full,StandardScaler,ElasticNet,51,12,5,-0.054,11.3514,15.4585,-0.1317,-0.1218,0.007
4,emotion_induction_1,CR,ads.1,CES-D,full,StandardScaler,SVR,51,12,5,-0.1239,11.9973,16.5144,-0.2469,-0.2803,-0.1538
4,emotion_induction_1,CR,ads.1,CES-D,full,StandardScaler,KNN,51,12,5,-0.129,14.9924,18.1303,-0.1638,-0.5431,-0.0211
4,emotion_induction_1,CR,ads.1,CES-D,full,StandardScaler,RF,51,12,5,-0.0335,11.6964,15.5619,-0.0652,-0.1369,0.007
4,emotion_induction_1,CR,ads.1,CES-D,full,StandardScaler,ET,51,12,5,-0.013,11.338,15.265,-0.0319,-0.0939,0.014
4,emotion_induction_1,CR,ads.1,CES-D,full,StandardScaler,GB,51,12,5,-0.0878,13.3794,16.2848,-0.1382,-0.2449,-0.2378
4,emotion_induction_1,CR,ads.1,CES-D,full,StandardScaler,XGB,51,12,5,-0.1796,12.4441,16.6038,-0.343,-0.2942,-0.3566
4,emotion_induction_1,CR,ads.1,CES-D,full,StandardScaler,MLP,51,12,5,-0.1576,13.4227,18.19,-0.2764,-0.5533,-0.1888
4,emotion_induction_1,CR,ads.1,CES-D,full,StandardScaler,LGBM,51,12,5,0.1189,11.7515,14.3485,0.213,0.0335,0.1608
4,emotion_induction_1,CR,ads.1,CES-D,full,StandardScaler,CatBoost,51,12,5,-0.0428,11.6627,15.9732,-0.0797,-0.1977,0.0839
4,emotion_induction_1,CR,ads.1,CES-D,full,MinMaxScaler,Ridge,51,12,10,-0.0934,11.9056,15.5342,-0.2835,-0.1328,-0.2238
4,emotion_induction_1,CR,ads.1,CES-D,full,MinMaxScaler,Lasso,51,12,10,-0.056,11.7779,15.2338,-0.1855,-0.0894,0.014
4,emotion_induction_1,CR,ads.1,CES-D,full,MinMaxScaler,ElasticNet,51,12,10,-0.1094,12.0446,15.6154,-0.3608,-0.1447,-0.2797
4,emotion_induction_1,CR,ads.1,CES-D,full,MinMaxScaler,SVR,51,12,10,-0.2122,12.6861,16.6321,-0.4718,-0.2986,-0.4056
4,emotion_induction_1,CR,ads.1,CES-D,full,MinMaxScaler,KNN,51,12,10,-0.1383,11.9301,17.0064,-0.2345,-0.3577,-0.2942
4,emotion_induction_1,CR,ads.1,CES-D,full,MinMaxScaler,RF,51,12,10,-0.0742,12.5258,15.462,-0.1833,-0.1223,-0.2657
4,emotion_induction_1,CR,ads.1,CES-D,full,MinMaxScaler,ET,51,12,10,-0.2594,13.4162,16.846,-0.592,-0.3322,-0.5175
4,emotion_induction_1,CR,ads.1,CES-D,full,MinMaxScaler,GB,51,12,10,0.0999,12.5514,14.7802,0.1604,-0.0255,0.1818
4,emotion_induction_1,CR,ads.1,CES-D,full,MinMaxScaler,XGB,51,12,10,-0.0182,12.091,15.8525,-0.0272,-0.1797,0.0559
4,emotion_induction_1,CR,ads.1,CES-D,full,MinMaxScaler,MLP,51,12,10,-0.0976,11.8961,15.8545,-0.2068,-0.18,-0.0559
4,emotion_induction_1,CR,ads.1,CES-D,full,MinMaxScaler,LGBM,51,12,10,0.1437,11.3694,14.5388,0.2092,0.0077,0.2308
4,emotion_induction_1,CR,ads.1,CES-D,full,MinMaxScaler,CatBoost,51,12,10,0.0274,11.9637,15.0633,0.0488,-0.0652,0.2308
4,emotion_induction_1,CR,ads.1,CES-D,full,RobustScaler,Ridge,51,12,5,0.0003,11.295,15.0128,0.0009,-0.058,0.0559
4,emotion_induction_1,CR,ads.1,CES-D,full,RobustScaler,Lasso,51,12,5,-0.0084,11.3526,15.0911,-0.0211,-0.0691,0.0559
4,emotion_induction_1,CR,ads.1,CES-D,full,RobustScaler,ElasticNet,51,12,5,-0.0051,11.3314,15.0615,-0.0129,-0.0649,0.0559
4,emotion_induction_1,CR,ads.1,CES-D,full,RobustScaler,SVR,51,12,5,0.2598,10.5047,13.3935,0.4096,0.1579,0.2098
4,emotion_induction_1,CR,ads.1,CES-D,full,RobustScaler,KNN,51,12,5,0.1109,10.6646,14.7942,0.19,-0.0274,0.3158
4,emotion_induction_1,CR,ads.1,CES-D,full,RobustScaler,RF,51,12,5,0.0212,11.504,15.049,0.0455,-0.0632,0.014
4,emotion_induction_1,CR,ads.1,CES-D,full,RobustScaler,ET,51,12,5,-0.0464,11.587,15.5286,-0.0972,-0.132,-0.1119
4,emotion_induction_1,CR,ads.1,CES-D,full,RobustScaler,GB,51,12,5,0.1168,11.0288,15.5049,0.1568,-0.1285,0.1678
4,emotion_induction_1,CR,ads.1,CES-D,full,RobustScaler,XGB,51,12,5,0.0679,11.6215,15.6306,0.1055,-0.1469,0.1119
4,emotion_induction_1,CR,ads.1,CES-D,full,RobustScaler,MLP,51,12,5,-0.0435,11.9721,15.9966,-0.0824,-0.2013,0.021
4,emotion_induction_1,CR,ads.1,CES-D,full,RobustScaler,LGBM,51,12,5,0.1732,10.4722,13.9609,0.3065,0.085,0.3117
4,emotion_induction_1,CR,ads.1,CES-D,full,RobustScaler,CatBoost,51,12,5,0.1033,11.367,14.8328,0.1715,-0.0328,0.1538
5,emotion_induction_1,CR,ads.1,CES-D,full,StandardScaler,Ridge,51,12,5,-0.0813,12.7271,15.1878,-0.0881,-0.5903,-0.1366
5,emotion_induction_1,CR,ads.1,CES-D,full,StandardScaler,Lasso,51,12,5,-0.0645,12.2189,14.7244,-0.0721,-0.4947,-0.1716
5,emotion_induction_1,CR,ads.1,CES-D,full,StandardScaler,ElasticNet,51,12,5,-0.0921,13.2743,15.6911,-0.0972,-0.6975,-0.1366
5,emotion_induction_1,CR,ads.1,CES-D,full,StandardScaler,SVR,51,12,5,-0.2485,18.4903,21.1785,-0.2565,-2.0923,-0.2452
5,emotion_induction_1,CR,ads.1,CES-D,full,StandardScaler,KNN,51,12,5,-0.1254,13.2136,15.1122,-0.1399,-0.5745,-0.1366
5,emotion_induction_1,CR,ads.1,CES-D,full,StandardScaler,RF,51,12,5,-0.2482,13.022,16.5458,-0.2694,-0.8874,-0.1786
5,emotion_induction_1,CR,ads.1,CES-D,full,StandardScaler,ET,51,12,5,-0.2218,13.8508,16.6131,-0.232,-0.9028,-0.1786
5,emotion_induction_1,CR,ads.1,CES-D,full,StandardScaler,GB,51,12,5,-0.154,14.3537,17.2911,-0.1552,-1.0613,-0.1016
5,emotion_induction_1,CR,ads.1,CES-D,full,StandardScaler,XGB,51,12,5,-0.3316,15.1902,18.7533,-0.334,-1.4246,-0.3888
5,emotion_induction_1,CR,ads.1,CES-D,full,StandardScaler,MLP,51,12,5,-0.2179,14.1427,17.0782,-0.224,-1.0108,-0.2032
5,emotion_induction_1,CR,ads.1,CES-D,full,StandardScaler,LGBM,51,12,5,-0.2172,13.6426,16.282,-0.2355,-0.8277,-0.2373
5,emotion_induction_1,CR,ads.1,CES-D,full,StandardScaler,CatBoost,51,12,5,-0.0996,13.2205,16.2899,-0.1017,-0.8295,-0.0315
5,emotion_induction_1,CR,ads.1,CES-D,full,MinMaxScaler,Ridge,51,12,5,-0.0365,13.8907,15.9941,-0.0373,-0.7637,-0.1156
5,emotion_induction_1,CR,ads.1,CES-D,full,MinMaxScaler,Lasso,51,12,5,-0.0265,13.3469,15.4857,-0.0275,-0.6533,-0.1156
5,emotion_induction_1,CR,ads.1,CES-D,full,MinMaxScaler,ElasticNet,51,12,5,-0.0312,13.4924,15.6202,-0.0323,-0.6822,-0.1156
5,emotion_induction_1,CR,ads.1,CES-D,full,MinMaxScaler,SVR,51,12,5,-0.1975,13.8287,16.4067,-0.2064,-0.8558,-0.1961
5,emotion_induction_1,CR,ads.1,CES-D,full,MinMaxScaler,KNN,51,12,5,-0.0004,11.2278,13.8727,-0.0005,-0.3268,-0.0596
5,emotion_induction_1,CR,ads.1,CES-D,full,MinMaxScaler,RF,51,12,5,0.1101,12.7187,14.1479,0.1161,-0.38,0.0701
5,emotion_induction_1,CR,ads.1,CES-D,full,MinMaxScaler,ET,51,12,5,-0.0377,13.0733,15.1777,-0.0397,-0.5882,0.021
5,emotion_induction_1,CR,ads.1,CES-D,full,MinMaxScaler,GB,51,12,5,0.1811,13.6714,14.7468,0.1821,-0.4993,0.1786
5,emotion_induction_1,CR,ads.1,CES-D,full,MinMaxScaler,XGB,51,12,5,0.0859,15.1529,16.1319,0.086,-0.7942,0.1191
5,emotion_induction_1,CR,ads.1,CES-D,full,MinMaxScaler,MLP,51,12,5,-0.0565,13.8645,15.9154,-0.058,-0.7463,-0.1156
5,emotion_induction_1,CR,ads.1,CES-D,full,MinMaxScaler,LGBM,51,12,5,-0.1032,13.6101,15.6709,-0.1095,-0.6931,-0.0299
5,emotion_induction_1,CR,ads.1,CES-D,full,MinMaxScaler,CatBoost,51,12,5,0.1388,13.0886,14.4854,0.1415,-0.4466,0.0946
5,emotion_induction_1,CR,ads.1,CES-D,full,RobustScaler,Ridge,51,12,15,0.0589,14.702,16.5101,0.0596,-0.8793,-0.0245
5,emotion_induction_1,CR,ads.1,CES-D,full,RobustScaler,Lasso,51,12,15,0.0406,14.4869,16.4083,0.0417,-0.8562,-0.1646
5,emotion_induction_1,CR,ads.1,CES-D,full,RobustScaler,ElasticNet,51,12,15,0.0444,14.3843,16.3094,0.0455,-0.8339,-0.1646
5,emotion_induction_1,CR,ads.1,CES-D,full,RobustScaler,SVR,51,12,15,0.0598,12.558,14.5659,0.0626,-0.4628,-0.1121
5,emotion_induction_1,CR,ads.1,CES-D,full,RobustScaler,KNN,51,12,15,-0.2908,12.6969,16.2499,-0.3362,-0.8205,-0.2351
5,emotion_induction_1,CR,ads.1,CES-D,full,RobustScaler,RF,51,12,15,-0.1338,13.2149,15.5269,-0.1456,-0.6621,-0.1401
5,emotion_induction_1,CR,ads.1,CES-D,full,RobustScaler,ET,51,12,15,-0.2058,13.7459,16.4208,-0.2177,-0.859,-0.0806
5,emotion_induction_1,CR,ads.1,CES-D,full,RobustScaler,GB,51,12,15,0.1577,13.8809,15.1874,0.158,-0.5902,0.0946
5,emotion_induction_1,CR,ads.1,CES-D,full,RobustScaler,XGB,51,12,15,0.002,15.1107,16.4385,0.002,-0.863,0.049
5,emotion_induction_1,CR,ads.1,CES-D,full,RobustScaler,MLP,51,12,15,0.0153,15.7498,18.3546,0.0155,-1.3227,-0.0105
5,emotion_induction_1,CR,ads.1,CES-D,full,RobustScaler,LGBM,51,12,15,-0.179,13.8804,16.1352,-0.1893,-0.7949,-0.2756
5,emotion_induction_1,CR,ads.1,CES-D,full,RobustScaler,CatBoost,51,12,15,-0.0814,14.9816,16.56,-0.0823,-0.8907,-0.0595
1,emotion_induction_1,CR,HRSD_6.1,HRSD6,full,StandardScaler,Ridge,49,13,5,-0.1432,6.6713,7.9741,-0.2107,-0.4245,-0.4432
1,emotion_induction_1,CR,HRSD_6.1,HRSD6,full,StandardScaler,Lasso,49,13,5,-0.1522,6.6957,7.9951,-0.2267,-0.432,-0.5069
1,emotion_induction_1,CR,HRSD_6.1,HRSD6,full,StandardScaler,ElasticNet,49,13,5,-0.1631,6.7268,8.0246,-0.2465,-0.4426,-0.5069
1,emotion_induction_1,CR,HRSD_6.1,HRSD6,full,StandardScaler,SVR,49,13,5,-0.2728,7.0284,8.5502,-0.4033,-0.6377,-0.6371
1,emotion_induction_1,CR,HRSD_6.1,HRSD6,full,StandardScaler,KNN,49,13,5,-0.2181,6.8462,8.3354,-0.3028,-0.5565,-0.4535
1,emotion_induction_1,CR,HRSD_6.1,HRSD6,full,StandardScaler,RF,49,13,5,-0.208,6.7292,8.1393,-0.3983,-0.4841,-0.5596
1,emotion_induction_1,CR,HRSD_6.1,HRSD6,full,StandardScaler,ET,49,13,5,-0.3187,7.0431,8.6167,-0.5499,-0.6633,-0.6371
1,emotion_induction_1,CR,HRSD_6.1,HRSD6,full,StandardScaler,GB,49,13,5,-0.0854,6.1766,7.905,-0.1568,-0.3999,-0.2853
1,emotion_induction_1,CR,HRSD_6.1,HRSD6,full,StandardScaler,XGB,49,13,5,-0.0354,5.9385,7.7803,-0.0777,-0.356,-0.0388
1,emotion_induction_1,CR,HRSD_6.1,HRSD6,full,StandardScaler,MLP,49,13,5,-0.1726,6.675,8.149,-0.2639,-0.4876,-0.3878
1,emotion_induction_1,CR,HRSD_6.1,HRSD6,full,StandardScaler,LGBM,49,13,5,-0.1175,6.1435,7.9376,-0.2171,-0.4115,-0.2114
1,emotion_induction_1,CR,HRSD_6.1,HRSD6,full,StandardScaler,CatBoost,49,13,5,-0.0579,6.3027,7.9654,-0.1192,-0.4213,-0.241
1,emotion_induction_1,CR,HRSD_6.1,HRSD6,full,MinMaxScaler,Ridge,49,13,15,-0.1962,6.7756,8.0874,-0.3081,-0.4652,-0.5069
1,emotion_induction_1,CR,HRSD_6.1,HRSD6,full,MinMaxScaler,Lasso,49,13,15,-0.1918,6.2462,7.6311,-0.4468,-0.3045,-0.6177
1,emotion_induction_1,CR,HRSD_6.1,HRSD6,full,MinMaxScaler,ElasticNet,49,13,15,-0.1848,6.5563,7.9054,-0.3146,-0.4,-0.5069
1,emotion_induction_1,CR,HRSD_6.1,HRSD6,full,MinMaxScaler,SVR,49,13,15,-0.1979,6.8896,8.1641,-0.3083,-0.4931,-0.5069
1,emotion_induction_1,CR,HRSD_6.1,HRSD6,full,MinMaxScaler,KNN,49,13,15,-0.2727,6.5165,8.2551,-0.458,-0.5266,-0.463
1,emotion_induction_1,CR,HRSD_6.1,HRSD6,full,MinMaxScaler,RF,49,13,15,-0.134,6.2977,7.9262,-0.2706,-0.4074,-0.3828
1,emotion_induction_1,CR,HRSD_6.1,HRSD6,full,MinMaxScaler,ET,49,13,15,-0.1956,6.5831,8.2666,-0.3331,-0.5309,-0.4488
1,emotion_induction_1,CR,HRSD_6.1,HRSD6,full,MinMaxScaler,GB,49,13,15,-0.0882,6.2377,8.0428,-0.1492,-0.4491,-0.2549
1,emotion_induction_1,CR,HRSD_6.1,HRSD6,full,MinMaxScaler,XGB,49,13,15,-0.1138,6.4597,8.2121,-0.2035,-0.5108,-0.3047
1,emotion_induction_1,CR,HRSD_6.1,HRSD6,full,MinMaxScaler,MLP,49,13,15,-0.1742,6.8753,8.1077,-0.2667,-0.4726,-0.5651
1,emotion_induction_1,CR,HRSD_6.1,HRSD6,full,MinMaxScaler,LGBM,49,13,15,0.0366,5.8398,7.1699,0.0673,-0.1516,0.0306
1,emotion_induction_1,CR,HRSD_6.1,HRSD6,full,MinMaxScaler,CatBoost,49,13,15,-0.1317,6.4663,8.0439,-0.2542,-0.4495,-0.2687
1,emotion_induction_1,CR,HRSD_6.1,HRSD6,full,RobustScaler,Ridge,49,13,10,-0.1926,6.6621,8.0259,-0.2963,-0.443,-0.5014
1,emotion_induction_1,CR,HRSD_6.1,HRSD6,full,RobustScaler,Lasso,49,13,10,-0.1832,6.7085,8.0243,-0.2911,-0.4424,-0.5069
1,emotion_induction_1,CR,HRSD_6.1,HRSD6,full,RobustScaler,ElasticNet,49,13,10,-0.1834,6.6495,7.966,-0.2973,-0.4216,-0.5042
1,emotion_induction_1,CR,HRSD_6.1,HRSD6,full,RobustScaler,SVR,49,13,10,-0.1178,6.771,8.1521,-0.1817,-0.4887,-0.2992
1,emotion_induction_1,CR,HRSD_6.1,HRSD6,full,RobustScaler,KNN,49,13,10,-0.0816,6.0598,7.6373,-0.1586,-0.3067,-0.3124
1,emotion_induction_1,CR,HRSD_6.1,HRSD6,full,RobustScaler,RF,49,13,10,-0.1301,6.5381,8.0584,-0.2553,-0.4547,-0.3186
1,emotion_induction_1,CR,HRSD_6.1,HRSD6,full,RobustScaler,ET,49,13,10,-0.2628,6.9423,8.5085,-0.4773,-0.6218,-0.5984
1,emotion_induction_1,CR,HRSD_6.1,HRSD6,full,RobustScaler,GB,49,13,10,-0.098,6.2965,8.0659,-0.168,-0.4574,-0.2355
1,emotion_induction_1,CR,HRSD_6.1,HRSD6,full,RobustScaler,XGB,49,13,10,-0.1537,6.6059,8.3722,-0.2635,-0.5702,-0.3352
1,emotion_induction_1,CR,HRSD_6.1,HRSD6,full,RobustScaler,MLP,49,13,10,-0.1601,6.5361,8.0806,-0.342,-0.4628,-0.5623
1,emotion_induction_1,CR,HRSD_6.1,HRSD6,full,RobustScaler,LGBM,49,13,10,0.0046,5.9956,7.308,0.0081,-0.1964,-0.0223
1,emotion_induction_1,CR,HRSD_6.1,HRSD6,full,RobustScaler,CatBoost,49,13,10,-0.1436,6.5637,8.0513,-0.3022,-0.4522,-0.4017
2,emotion_induction_1,CR,HRSD_6.1,HRSD6,full,StandardScaler,Ridge,49,13,5,0.218,4.4349,5.578,0.2274,-0.8753,0.1775
2,emotion_induction_1,CR,HRSD_6.1,HRSD6,full,StandardScaler,Lasso,49,13,5,0.0387,3.6374,4.6117,0.0461,-0.2818,0.0055
2,emotion_induction_1,CR,HRSD_6.1,HRSD6,full,StandardScaler,ElasticNet,49,13,5,0.2273,3.4888,4.6327,0.2388,-0.2936,0.1775
2,emotion_induction_1,CR,HRSD_6.1,HRSD6,full,StandardScaler,SVR,49,13,5,-0.1901,4.2756,4.9816,-0.2409,-0.4957,-0.2663
2,emotion_induction_1,CR,HRSD_6.1,HRSD6,full,StandardScaler,KNN,49,13,5,-0.0665,4.641,5.9664,-0.0738,-1.1455,-0.1564
2,emotion_induction_1,CR,HRSD_6.1,HRSD6,full,StandardScaler,RF,49,13,5,-0.202,4.1327,4.8862,-0.2777,-0.439,-0.3051
2,emotion_induction_1,CR,HRSD_6.1,HRSD6,full,StandardScaler,ET,49,13,5,-0.0725,3.9677,5.0324,-0.0827,-0.5263,-0.1581
2,emotion_induction_1,CR,HRSD_6.1,HRSD6,full,StandardScaler,GB,49,13,5,-0.2461,4.3743,5.7074,-0.2615,-0.9633,-0.3357
2,emotion_induction_1,CR,HRSD_6.1,HRSD6,full,StandardScaler,XGB,49,13,5,-0.1736,4.2239,5.1451,-0.2049,-0.5955,-0.147
2,emotion_induction_1,CR,HRSD_6.1,HRSD6,full,StandardScaler,MLP,49,13,5,0.1646,6.7753,8.5835,0.2261,-3.4406,-0.0222
2,emotion_induction_1,CR,HRSD_6.1,HRSD6,full,StandardScaler,LGBM,49,13,5,-0.0042,4.1977,5.1301,-0.0045,-0.5862,-0.1648
2,emotion_induction_1,CR,HRSD_6.1,HRSD6,full,StandardScaler,CatBoost,49,13,5,-0.1482,4.235,4.8949,-0.1873,-0.4441,-0.2136
2,emotion_induction_1,CR,HRSD_6.1,HRSD6,full,MinMaxScaler,Ridge,49,13,10,-0.0957,7.0923,13.9942,-0.1701,-10.8034,-0.1082
2,emotion_induction_1,CR,HRSD_6.1,HRSD6,full,MinMaxScaler,Lasso,49,13,10,-0.1785,5.7878,8.7166,-0.2063,-3.5794,-0.1775
2,emotion_induction_1,CR,HRSD_6.1,HRSD6,full,MinMaxScaler,ElasticNet,49,13,10,-0.1491,5.8419,9.961,-0.1942,-4.9802,-0.2053
2,emotion_induction_1,CR,HRSD_6.1,HRSD6,full,MinMaxScaler,SVR,49,13,10,-0.0812,3.8122,5.0627,-0.0886,-0.5448,-0.1193
2,emotion_induction_1,CR,HRSD_6.1,HRSD6,full,MinMaxScaler,KNN,49,13,10,-0.0287,4.1538,5.5377,-0.0298,-0.8483,-0.0737
2,emotion_induction_1,CR,HRSD_6.1,HRSD6,full,MinMaxScaler,RF,49,13,10,-0.151,3.9888,4.8876,-0.1907,-0.4398,-0.3301
2,emotion_induction_1,CR,HRSD_6.1,HRSD6,full,MinMaxScaler,ET,49,13,10,-0.094,3.9712,4.9576,-0.107,-0.4813,-0.1221
2,emotion_induction_1,CR,HRSD_6.1,HRSD6,full,MinMaxScaler,GB,49,13,10,-0.4456,4.8374,5.9541,-0.5423,-1.1367,-0.5243
2,emotion_induction_1,CR,HRSD_6.1,HRSD6,full,MinMaxScaler,XGB,49,13,10,-0.4229,5.02,6.2157,-0.4834,-1.3286,-0.491
2,emotion_induction_1,CR,HRSD_6.1,HRSD6,full,MinMaxScaler,MLP,49,13,10,0.0044,5.213,8.1359,0.0052,-2.9895,0.0028
2,emotion_induction_1,CR,HRSD_6.1,HRSD6,full,MinMaxScaler,LGBM,49,13,10,-0.0985,4.3347,5.1496,-0.114,-0.5983,-0.2036
2,emotion_induction_1,CR,HRSD_6.1,HRSD6,full,MinMaxScaler,CatBoost,49,13,10,-0.1332,4.0972,5.2021,-0.1454,-0.631,-0.2136
2,emotion_induction_1,CR,HRSD_6.1,HRSD6,full,RobustScaler,Ridge,49,13,5,0.0527,5.0877,6.413,0.0613,-1.4788,0.0194
2,emotion_induction_1,CR,HRSD_6.1,HRSD6,full,RobustScaler,Lasso,49,13,5,0.0477,5.0853,6.4707,0.0542,-1.5235,0.0139
2,emotion_induction_1,CR,HRSD_6.1,HRSD6,full,RobustScaler,ElasticNet,49,13,5,0.078,4.7028,5.7834,0.0919,-1.0159,0.1332
2,emotion_induction_1,CR,HRSD_6.1,HRSD6,full,RobustScaler,SVR,49,13,5,-0.101,4.4026,5.026,-0.1214,-0.5225,-0.197
2,emotion_induction_1,CR,HRSD_6.1,HRSD6,full,RobustScaler,KNN,49,13,5,-0.0718,4.7179,5.9283,-0.0828,-1.1182,-0.1372
2,emotion_induction_1,CR,HRSD_6.1,HRSD6,full,RobustScaler,RF,49,13,5,-0.3621,4.8796,5.4927,-0.4283,-0.8183,-0.3717
2,emotion_induction_1,CR,HRSD_6.1,HRSD6,full,RobustScaler,ET,49,13,5,-0.2286,4.5523,5.4308,-0.268,-0.7776,-0.2097
2,emotion_induction_1,CR,HRSD_6.1,HRSD6,full,RobustScaler,GB,49,13,5,-0.1532,4.4861,5.2686,-0.1695,-0.673,-0.0804
2,emotion_induction_1,CR,HRSD_6.1,HRSD6,full,RobustScaler,XGB,49,13,5,-0.0316,4.3543,5.1056,-0.034,-0.5711,0.0111
2,emotion_induction_1,CR,HRSD_6.1,HRSD6,full,RobustScaler,MLP,49,13,5,-0.1007,4.6733,5.5655,-0.1039,-0.8669,-0.1304
2,emotion_induction_1,CR,HRSD_6.1,HRSD6,full,RobustScaler,LGBM,49,13,5,-0.2698,5.2544,5.871,-0.2781,-1.0775,-0.2402
2,emotion_induction_1,CR,HRSD_6.1,HRSD6,full,RobustScaler,CatBoost,49,13,5,-0.2702,4.934,5.7112,-0.2945,-0.9659,-0.2136
3,emotion_induction_1,CR,HRSD_6.1,HRSD6,full,StandardScaler,Ridge,50,12,5,0.1974,4.8998,5.3597,0.2913,0.0281,0.3039
3,emotion_induction_1,CR,HRSD_6.1,HRSD6,full,StandardScaler,Lasso,50,12,5,0.2167,4.986,5.4311,0.2906,0.002,0.3039
3,emotion_induction_1,CR,HRSD_6.1,HRSD6,full,StandardScaler,ElasticNet,50,12,5,0.2076,4.9431,5.3927,0.2909,0.0161,0.3039
3,emotion_induction_1,CR,HRSD_6.1,HRSD6,full,StandardScaler,SVR,50,12,5,0.1264,4.5231,5.5229,0.232,-0.032,0.3428
3,emotion_induction_1,CR,HRSD_6.1,HRSD6,full,StandardScaler,KNN,50,12,5,0.0786,4.8889,5.9861,0.1885,-0.2124,0.1232
3,emotion_induction_1,CR,HRSD_6.1,HRSD6,full,StandardScaler,RF,50,12,5,0.3418,4.18,4.7661,0.5285,0.2314,0.4708
3,emotion_induction_1,CR,HRSD_6.1,HRSD6,full,StandardScaler,ET,50,12,5,0.2896,4.3342,4.9734,0.5072,0.1631,0.4453
3,emotion_induction_1,CR,HRSD_6.1,HRSD6,full,StandardScaler,GB,50,12,5,0.441,3.9947,4.7442,0.56,0.2385,0.5866
3,emotion_induction_1,CR,HRSD_6.1,HRSD6,full,StandardScaler,XGB,50,12,5,0.5029,3.7072,4.4012,0.6328,0.3446,0.5689
3,emotion_induction_1,CR,HRSD_6.1,HRSD6,full,StandardScaler,MLP,50,12,5,0.0722,5.3069,6.0293,0.1102,-0.23,0.0318
3,emotion_induction_1,CR,HRSD_6.1,HRSD6,full,StandardScaler,LGBM,50,12,5,0.4456,4.107,4.5068,0.6235,0.3128,0.6248
3,emotion_induction_1,CR,HRSD_6.1,HRSD6,full,StandardScaler,CatBoost,50,12,5,0.3344,4.3252,4.8449,0.525,0.2058,0.5301
3,emotion_induction_1,CR,HRSD_6.1,HRSD6,full,MinMaxScaler,Ridge,50,12,5,0.212,4.9491,5.3822,0.2989,0.0199,0.364
3,emotion_induction_1,CR,HRSD_6.1,HRSD6,full,MinMaxScaler,Lasso,50,12,5,0.2147,4.9609,5.3947,0.2974,0.0153,0.364
3,emotion_induction_1,CR,HRSD_6.1,HRSD6,full,MinMaxScaler,ElasticNet,50,12,5,0.1909,4.8678,5.3243,0.303,0.0409,0.3746
3,emotion_induction_1,CR,HRSD_6.1,HRSD6,full,MinMaxScaler,SVR,50,12,5,0.203,4.9572,5.4088,0.3579,0.0102,0.2968
3,emotion_induction_1,CR,HRSD_6.1,HRSD6,full,MinMaxScaler,KNN,50,12,5,0.1192,4.9643,6.0916,0.339,-0.2555,0.3979
3,emotion_induction_1,CR,HRSD_6.1,HRSD6,full,MinMaxScaler,RF,50,12,5,0.3377,4.2667,4.7882,0.5041,0.2243,0.4771
3,emotion_induction_1,CR,HRSD_6.1,HRSD6,full,MinMaxScaler,ET,50,12,5,0.3055,4.3342,4.929,0.5773,0.178,0.5513
3,emotion_induction_1,CR,HRSD_6.1,HRSD6,full,MinMaxScaler,GB,50,12,5,0.4502,3.8813,4.7534,0.5632,0.2355,0.6043
3,emotion_induction_1,CR,HRSD_6.1,HRSD6,full,MinMaxScaler,XGB,50,12,5,0.5032,3.7157,4.4017,0.6332,0.3445,0.5689
3,emotion_induction_1,CR,HRSD_6.1,HRSD6,full,MinMaxScaler,MLP,50,12,5,0.2171,4.9928,5.3845,0.3249,0.019,0.364
3,emotion_induction_1,CR,HRSD_6.1,HRSD6,full,MinMaxScaler,LGBM,50,12,5,0.4645,4.0294,4.449,0.661,0.3303,0.6319
3,emotion_induction_1,CR,HRSD_6.1,HRSD6,full,MinMaxScaler,CatBoost,50,12,5,0.3995,3.9906,4.606,0.6219,0.2822,0.7315
3,emotion_induction_1,CR,HRSD_6.1,HRSD6,full,RobustScaler,Ridge,50,12,10,0.1918,4.9429,5.4415,0.2718,-0.0018,0.3216
3,emotion_induction_1,CR,HRSD_6.1,HRSD6,full,RobustScaler,Lasso,50,12,10,0.2084,4.9656,5.4251,0.2853,0.0042,0.3428
3,emotion_induction_1,CR,HRSD_6.1,HRSD6,full,RobustScaler,ElasticNet,50,12,10,0.2009,4.9599,5.438,0.2782,-0.0005,0.3428
3,emotion_induction_1,CR,HRSD_6.1,HRSD6,full,RobustScaler,SVR,50,12,10,0.1815,4.6529,5.3914,0.4208,0.0165,0.4099
3,emotion_induction_1,CR,HRSD_6.1,HRSD6,full,RobustScaler,KNN,50,12,10,0.1172,4.9537,5.9941,0.2821,-0.2156,0.3759
3,emotion_induction_1,CR,HRSD_6.1,HRSD6,full,RobustScaler,RF,50,12,10,0.2681,4.3267,5.0226,0.409,0.1465,0.4488
3,emotion_induction_1,CR,HRSD_6.1,HRSD6,full,RobustScaler,ET,50,12,10,0.2773,4.3575,5.0714,0.5029,0.1298,0.3922
3,emotion_induction_1,CR,HRSD_6.1,HRSD6,full,RobustScaler,GB,50,12,10,0.3244,4.6934,5.2673,0.3816,0.0613,0.4841
3,emotion_induction_1,CR,HRSD_6.1,HRSD6,full,RobustScaler,XGB,50,12,10,0.3342,4.5855,5.0818,0.3973,0.1262,0.4453
3,emotion_induction_1,CR,HRSD_6.1,HRSD6,full,RobustScaler,MLP,50,12,10,0.1551,5.0841,5.6362,0.2682,-0.0748,0.2085
3,emotion_induction_1,CR,HRSD_6.1,HRSD6,full,RobustScaler,LGBM,50,12,10,0.3916,4.1275,4.6972,0.5722,0.2535,0.4983
3,emotion_induction_1,CR,HRSD_6.1,HRSD6,full,RobustScaler,CatBoost,50,12,10,0.2648,4.3405,5.3008,0.356,0.0493,0.3887
4,emotion_induction_1,CR,HRSD_6.1,HRSD6,full,StandardScaler,Ridge,50,12,5,0.2056,4.704,5.3887,0.299,-0.5351,0.3922
4,emotion_induction_1,CR,HRSD_6.1,HRSD6,full,StandardScaler,Lasso,50,12,5,0.2017,4.6606,5.325,0.2944,-0.499,0.3852
4,emotion_induction_1,CR,HRSD_6.1,HRSD6,full,StandardScaler,ElasticNet,50,12,5,0.202,4.6563,5.3195,0.2957,-0.4959,0.3852
4,emotion_induction_1,CR,HRSD_6.1,HRSD6,full,StandardScaler,SVR,50,12,5,0.24,5.5169,8.191,0.3621,-2.5468,0.3039
4,emotion_induction_1,CR,HRSD_6.1,HRSD6,full,StandardScaler,KNN,50,12,5,0.3043,3.6667,4.8209,0.3415,-0.2286,0.2007
4,emotion_induction_1,CR,HRSD_6.1,HRSD6,full,StandardScaler,RF,50,12,5,0.4256,3.7925,4.8084,0.5437,-0.2223,0.4665
4,emotion_induction_1,CR,HRSD_6.1,HRSD6,full,StandardScaler,ET,50,12,5,0.4226,3.7335,4.7734,0.5043,-0.2045,0.4276
4,emotion_induction_1,CR,HRSD_6.1,HRSD6,full,StandardScaler,GB,50,12,5,0.3163,4.5774,6.2509,0.437,-1.0656,0.3922
4,emotion_induction_1,CR,HRSD_6.1,HRSD6,full,StandardScaler,XGB,50,12,5,0.3258,4.8367,5.8522,0.4418,-0.8104,0.4443
4,emotion_induction_1,CR,HRSD_6.1,HRSD6,full,StandardScaler,MLP,50,12,5,0.3107,4.3912,5.5933,0.435,-0.6538,0.3816
4,emotion_induction_1,CR,HRSD_6.1,HRSD6,full,StandardScaler,LGBM,50,12,5,0.3521,3.9206,4.6045,0.5491,-0.1208,0.4665
4,emotion_induction_1,CR,HRSD_6.1,HRSD6,full,StandardScaler,CatBoost,50,12,5,0.3918,4.1416,5.3017,0.513,-0.4859,0.6043
4,emotion_induction_1,CR,HRSD_6.1,HRSD6,full,MinMaxScaler,Ridge,50,12,20,0.2052,4.2986,4.6963,0.2678,-0.1659,0.258
4,emotion_induction_1,CR,HRSD_6.1,HRSD6,full,MinMaxScaler,Lasso,50,12,20,0.1892,4.3296,4.7552,0.2587,-0.1953,0.2262
4,emotion_induction_1,CR,HRSD_6.1,HRSD6,full,MinMaxScaler,ElasticNet,50,12,20,0.2116,4.471,4.8819,0.2679,-0.2599,0.2968
4,emotion_induction_1,CR,HRSD_6.1,HRSD6,full,MinMaxScaler,SVR,50,12,20,0.2305,4.412,4.8007,0.2959,-0.2183,0.2968
4,emotion_induction_1,CR,HRSD_6.1,HRSD6,full,MinMaxScaler,KNN,50,12,20,0.4986,3.0,3.5347,0.6487,0.3395,0.5018
4,emotion_induction_1,CR,HRSD_6.1,HRSD6,full,MinMaxScaler,RF,50,12,20,0.4406,3.5979,3.9068,0.5681,0.1931,0.5513
4,emotion_induction_1,CR,HRSD_6.1,HRSD6,full,MinMaxScaler,ET,50,12,20,0.4723,3.4642,3.7856,0.5805,0.2424,0.47
4,emotion_induction_1,CR,HRSD_6.1,HRSD6,full,MinMaxScaler,GB,50,12,20,0.0869,4.9838,6.0638,0.1079,-0.9438,-0.0353
4,emotion_induction_1,CR,HRSD_6.1,HRSD6,full,MinMaxScaler,XGB,50,12,20,0.1395,5.0992,5.8526,0.163,-0.8107,0.1767
4,emotion_induction_1,CR,HRSD_6.1,HRSD6,full,MinMaxScaler,MLP,50,12,20,0.2029,4.302,4.7383,0.2484,-0.1869,0.2297
4,emotion_induction_1,CR,HRSD_6.1,HRSD6,full,MinMaxScaler,LGBM,50,12,20,0.187,3.984,4.556,0.222,-0.0973,-0.0478
4,emotion_induction_1,CR,HRSD_6.1,HRSD6,full,MinMaxScaler,CatBoost,50,12,20,0.3118,4.2706,4.9176,0.3737,-0.2784,0.318
4,emotion_induction_1,CR,HRSD_6.1,HRSD6,full,RobustScaler,Ridge,50,12,10,0.2046,4.3764,4.8359,0.2713,-0.2363,0.2262
4,emotion_induction_1,CR,HRSD_6.1,HRSD6,full,RobustScaler,Lasso,50,12,10,0.1389,3.827,4.4905,0.2906,-0.066,0.2438
4,emotion_induction_1,CR,HRSD_6.1,HRSD6,full,RobustScaler,ElasticNet,50,12,10,0.1558,3.8802,4.427,0.2796,-0.0361,0.3039
4,emotion_induction_1,CR,HRSD_6.1,HRSD6,full,RobustScaler,SVR,50,12,10,0.4972,3.5091,4.1742,0.6391,0.0789,0.5866
4,emotion_induction_1,CR,HRSD_6.1,HRSD6,full,RobustScaler,KNN,50,12,10,0.4651,3.1019,3.6233,0.5636,0.306,0.4567
4,emotion_induction_1,CR,HRSD_6.1,HRSD6,full,RobustScaler,RF,50,12,10,0.4254,3.4693,4.0998,0.554,0.1115,0.5795
4,emotion_induction_1,CR,HRSD_6.1,HRSD6,full,RobustScaler,ET,50,12,10,0.4339,3.4758,4.0487,0.5337,0.1334,0.4877
4,emotion_induction_1,CR,HRSD_6.1,HRSD6,full,RobustScaler,GB,50,12,10,0.2116,4.469,5.4185,0.2888,-0.5521,0.1838
4,emotion_induction_1,CR,HRSD_6.1,HRSD6,full,RobustScaler,XGB,50,12,10,0.1041,4.575,5.2828,0.1423,-0.4753,0.0707
4,emotion_induction_1,CR,HRSD_6.1,HRSD6,full,RobustScaler,MLP,50,12,10,0.4547,4.0407,4.8724,0.5755,-0.255,0.4735
4,emotion_induction_1,CR,HRSD_6.1,HRSD6,full,RobustScaler,LGBM,50,12,10,0.2477,3.9387,4.5312,0.2707,-0.0854,0.183
4,emotion_induction_1,CR,HRSD_6.1,HRSD6,full,RobustScaler,CatBoost,50,12,10,0.2696,4.0461,4.8376,0.361,-0.2371,0.2368
5,emotion_induction_1,CR,HRSD_6.1,HRSD6,full,StandardScaler,Ridge,50,12,10,0.125,3.975,4.6054,0.1824,-0.0154,0.1419
5,emotion_induction_1,CR,HRSD_6.1,HRSD6,full,StandardScaler,Lasso,50,12,10,0.0447,4.1408,4.5921,0.1058,-0.0095,0.156
5,emotion_induction_1,CR,HRSD_6.1,HRSD6,full,StandardScaler,ElasticNet,50,12,10,0.1025,3.9725,4.4897,0.2105,0.035,0.1844
5,emotion_induction_1,CR,HRSD_6.1,HRSD6,full,StandardScaler,SVR,50,12,10,0.0838,4.0681,5.0104,0.0988,-0.2018,0.2128
5,emotion_induction_1,CR,HRSD_6.1,HRSD6,full,StandardScaler,KNN,50,12,10,-0.0133,4.4167,4.984,-0.019,-0.1892,0.0284
5,emotion_induction_1,CR,HRSD_6.1,HRSD6,full,StandardScaler,RF,50,12,10,0.2791,3.6514,4.3545,0.3503,0.0923,0.2483
5,emotion_induction_1,CR,HRSD_6.1,HRSD6,full,StandardScaler,ET,50,12,10,0.0852,4.37,4.9712,0.1018,-0.183,0.0567
5,emotion_induction_1,CR,HRSD_6.1,HRSD6,full,StandardScaler,GB,50,12,10,0.3828,3.4636,4.5219,0.3998,0.0211,0.3334
5,emotion_induction_1,CR,HRSD_6.1,HRSD6,full,StandardScaler,XGB,50,12,10,0.3933,3.763,4.3432,0.4199,0.0969,0.3546
5,emotion_induction_1,CR,HRSD_6.1,HRSD6,full,StandardScaler,MLP,50,12,10,0.1202,4.1014,4.9611,0.1388,-0.1782,0.1277
5,emotion_induction_1,CR,HRSD_6.1,HRSD6,full,StandardScaler,LGBM,50,12,10,0.3331,3.5544,4.4134,0.3751,0.0676,0.2432
5,emotion_induction_1,CR,HRSD_6.1,HRSD6,full,StandardScaler,CatBoost,50,12,10,0.4192,3.2839,3.9401,0.5122,0.2568,0.4681
5,emotion_induction_1,CR,HRSD_6.1,HRSD6,full,MinMaxScaler,Ridge,50,12,15,0.0761,3.9687,4.5926,0.1472,-0.0097,0.1206
5,emotion_induction_1,CR,HRSD_6.1,HRSD6,full,MinMaxScaler,Lasso,50,12,15,0.0556,4.1197,4.6548,0.1002,-0.0373,0.1064
5,emotion_induction_1,CR,HRSD_6.1,HRSD6,full,MinMaxScaler,ElasticNet,50,12,15,0.0471,4.076,4.5933,0.1116,-0.01,0.1986
5,emotion_induction_1,CR,HRSD_6.1,HRSD6,full,MinMaxScaler,SVR,50,12,15,0.0463,4.0869,4.9213,0.0629,-0.1594,0.0709
5,emotion_induction_1,CR,HRSD_6.1,HRSD6,full,MinMaxScaler,KNN,50,12,15,-0.0692,4.45,5.2074,-0.0915,-0.2981,-0.1075
5,emotion_induction_1,CR,HRSD_6.1,HRSD6,full,MinMaxScaler,RF,50,12,15,0.3638,3.8376,4.6619,0.395,-0.0404,0.3901
5,emotion_induction_1,CR,HRSD_6.1,HRSD6,full,MinMaxScaler,ET,50,12,15,0.1535,4.1892,5.1442,0.1759,-0.2669,0.0993
5,emotion_induction_1,CR,HRSD_6.1,HRSD6,full,MinMaxScaler,GB,50,12,15,0.3496,4.1415,4.9684,0.381,-0.1817,0.2979
5,emotion_induction_1,CR,HRSD_6.1,HRSD6,full,MinMaxScaler,XGB,50,12,15,0.3854,3.6743,4.767,0.412,-0.0879,0.3972
5,emotion_induction_1,CR,HRSD_6.1,HRSD6,full,MinMaxScaler,MLP,50,12,15,0.065,3.965,4.6791,0.1133,-0.0481,0.0851
5,emotion_induction_1,CR,HRSD_6.1,HRSD6,full,MinMaxScaler,LGBM,50,12,15,0.2989,3.6273,4.5249,0.3453,0.0198,0.2576
5,emotion_induction_1,CR,HRSD_6.1,HRSD6,full,MinMaxScaler,CatBoost,50,12,15,0.3169,4.1154,5.0457,0.3396,-0.2188,0.2199
5,emotion_induction_1,CR,HRSD_6.1,HRSD6,full,RobustScaler,Ridge,50,12,5,0.0138,4.0572,4.61,0.063,-0.0174,0.0071
5,emotion_induction_1,CR,HRSD_6.1,HRSD6,full,RobustScaler,Lasso,50,12,5,0.0,4.12,4.6114,,-0.018,
5,emotion_induction_1,CR,HRSD_6.1,HRSD6,full,RobustScaler,ElasticNet,50,12,5,-0.0551,4.2272,4.9858,-0.092,-0.19,-0.1277
5,emotion_induction_1,CR,HRSD_6.1,HRSD6,full,RobustScaler,SVR,50,12,5,0.0552,4.7163,5.4718,0.0585,-0.4333,-0.1064
5,emotion_induction_1,CR,HRSD_6.1,HRSD6,full,RobustScaler,KNN,50,12,5,0.1027,4.4167,5.0083,0.1192,-0.2008,0.058
5,emotion_induction_1,CR,HRSD_6.1,HRSD6,full,RobustScaler,RF,50,12,5,0.2709,3.4898,4.6299,0.3006,-0.0262,0.1135
5,emotion_induction_1,CR,HRSD_6.1,HRSD6,full,RobustScaler,ET,50,12,5,0.0825,4.3242,5.1561,0.0953,-0.2727,0.0142
5,emotion_induction_1,CR,HRSD_6.1,HRSD6,full,RobustScaler,GB,50,12,5,0.339,3.6752,5.0009,0.3452,-0.1972,0.2624
5,emotion_induction_1,CR,HRSD_6.1,HRSD6,full,RobustScaler,XGB,50,12,5,0.3259,3.7445,5.0519,0.328,-0.2218,0.156
5,emotion_induction_1,CR,HRSD_6.1,HRSD6,full,RobustScaler,MLP,50,12,5,0.1013,4.8377,5.7718,0.1078,-0.5948,0.0922
5,emotion_induction_1,CR,HRSD_6.1,HRSD6,full,RobustScaler,LGBM,50,12,5,0.2381,3.652,4.7825,0.2596,-0.0949,0.1505
5,emotion_induction_1,CR,HRSD_6.1,HRSD6,full,RobustScaler,CatBoost,50,12,5,0.2032,3.8628,4.9333,0.2188,-0.1651,0.0638
1,emotion_induction_1,CR,HRSD_17.1,HRSD17,full,StandardScaler,Ridge,49,13,5,-0.3273,12.1255,15.0626,-0.385,-0.9389,-0.4986
1,emotion_induction_1,CR,HRSD_17.1,HRSD17,full,StandardScaler,Lasso,49,13,5,-0.3264,12.1062,15.028,-0.3857,-0.93,-0.4931
1,emotion_induction_1,CR,HRSD_17.1,HRSD17,full,StandardScaler,ElasticNet,49,13,5,-0.3254,12.0881,14.9948,-0.3862,-0.9215,-0.4931
1,emotion_induction_1,CR,HRSD_17.1,HRSD17,full,StandardScaler,SVR,49,13,5,-0.3124,11.8321,14.9507,-0.376,-0.9102,-0.4298
1,emotion_induction_1,CR,HRSD_17.1,HRSD17,full,StandardScaler,KNN,49,13,5,-0.2505,11.5231,14.3176,-0.3368,-0.7518,-0.3747
1,emotion_induction_1,CR,HRSD_17.1,HRSD17,full,StandardScaler,RF,49,13,5,-0.1641,10.363,12.7421,-0.3145,-0.3875,-0.3526
1,emotion_induction_1,CR,HRSD_17.1,HRSD17,full,StandardScaler,ET,49,13,5,-0.288,11.3412,13.9541,-0.394,-0.664,-0.4959
1,emotion_induction_1,CR,HRSD_17.1,HRSD17,full,StandardScaler,GB,49,13,5,-0.2399,11.3594,14.1373,-0.3101,-0.708,-0.3141
1,emotion_induction_1,CR,HRSD_17.1,HRSD17,full,StandardScaler,XGB,49,13,5,-0.2562,11.1497,13.9959,-0.4225,-0.674,-0.4353
1,emotion_induction_1,CR,HRSD_17.1,HRSD17,full,StandardScaler,MLP,49,13,5,-0.2942,12.8364,15.5609,-0.3416,-1.0693,-0.3884
1,emotion_induction_1,CR,HRSD_17.1,HRSD17,full,StandardScaler,LGBM,49,13,5,-0.082,9.9741,12.2215,-0.1515,-0.2764,-0.2271
1,emotion_induction_1,CR,HRSD_17.1,HRSD17,full,StandardScaler,CatBoost,49,13,5,-0.181,10.805,13.3087,-0.2672,-0.5136,-0.2975
1,emotion_induction_1,CR,HRSD_17.1,HRSD17,full,MinMaxScaler,Ridge,49,13,10,-0.3071,11.9876,14.7887,-0.3908,-0.869,-0.5152
1,emotion_induction_1,CR,HRSD_17.1,HRSD17,full,MinMaxScaler,Lasso,49,13,10,-0.3306,12.161,14.9989,-0.4107,-0.9225,-0.5647
1,emotion_induction_1,CR,HRSD_17.1,HRSD17,full,MinMaxScaler,ElasticNet,49,13,10,-0.2982,11.7773,14.5346,-0.3891,-0.8053,-0.5152
1,emotion_induction_1,CR,HRSD_17.1,HRSD17,full,MinMaxScaler,SVR,49,13,10,-0.2512,11.541,14.1667,-0.3251,-0.7151,-0.4656
1,emotion_induction_1,CR,HRSD_17.1,HRSD17,full,MinMaxScaler,KNN,49,13,10,-0.2044,10.6752,13.4649,-0.3474,-0.5494,-0.449
1,emotion_induction_1,CR,HRSD_17.1,HRSD17,full,MinMaxScaler,RF,49,13,10,-0.092,9.9986,12.6153,-0.1705,-0.36,-0.2424
1,emotion_induction_1,CR,HRSD_17.1,HRSD17,full,MinMaxScaler,ET,49,13,10,-0.259,11.1873,14.0113,-0.3604,-0.6777,-0.5289
1,emotion_induction_1,CR,HRSD_17.1,HRSD17,full,MinMaxScaler,GB,49,13,10,-0.0443,10.225,12.9416,-0.0799,-0.4313,-0.1322
1,emotion_induction_1,CR,HRSD_17.1,HRSD17,full,MinMaxScaler,XGB,49,13,10,-0.1188,10.2829,13.2746,-0.24,-0.5059,-0.3416
1,emotion_induction_1,CR,HRSD_17.1,HRSD17,full,MinMaxScaler,MLP,49,13,10,-0.2977,11.7979,14.6441,-0.3934,-0.8326,-0.5069
1,emotion_induction_1,CR,HRSD_17.1,HRSD17,full,MinMaxScaler,LGBM,49,13,10,-0.0633,10.1431,12.4595,-0.1095,-0.3266,-0.2133
1,emotion_induction_1,CR,HRSD_17.1,HRSD17,full,MinMaxScaler,CatBoost,49,13,10,-0.1277,10.5952,13.1162,-0.2222,-0.4702,-0.3691
1,emotion_induction_1,CR,HRSD_17.1,HRSD17,full,RobustScaler,Ridge,49,13,5,-0.3711,11.7348,14.1752,-0.5299,-0.7171,-0.6474
1,emotion_induction_1,CR,HRSD_17.1,HRSD17,full,RobustScaler,Lasso,49,13,5,-0.4078,12.1586,14.7144,-0.5333,-0.8503,-0.6474
1,emotion_induction_1,CR,HRSD_17.1,HRSD17,full,RobustScaler,ElasticNet,49,13,5,-0.3901,11.9584,14.5003,-0.5258,-0.7968,-0.6474
1,emotion_induction_1,CR,HRSD_17.1,HRSD17,full,RobustScaler,SVR,49,13,5,-0.2798,11.4093,14.5211,-0.3641,-0.802,-0.438
1,emotion_induction_1,CR,HRSD_17.1,HRSD17,full,RobustScaler,KNN,49,13,5,-0.2963,11.4274,13.8342,-0.4612,-0.6355,-0.6014
1,emotion_induction_1,CR,HRSD_17.1,HRSD17,full,RobustScaler,RF,49,13,5,-0.2169,10.4865,13.0726,-0.3837,-0.4604,-0.416
1,emotion_induction_1,CR,HRSD_17.1,HRSD17,full,RobustScaler,ET,49,13,5,-0.2598,10.9462,13.8239,-0.3678,-0.6331,-0.3333
1,emotion_induction_1,CR,HRSD_17.1,HRSD17,full,RobustScaler,GB,49,13,5,-0.0881,9.6625,12.7871,-0.1626,-0.3973,-0.2727
1,emotion_induction_1,CR,HRSD_17.1,HRSD17,full,RobustScaler,XGB,49,13,5,-0.0439,9.9534,12.8521,-0.0641,-0.4116,-0.0083
1,emotion_induction_1,CR,HRSD_17.1,HRSD17,full,RobustScaler,MLP,49,13,5,-0.3115,11.7375,15.254,-0.3556,-0.9885,-0.3774
1,emotion_induction_1,CR,HRSD_17.1,HRSD17,full,RobustScaler,LGBM,49,13,5,-0.2401,11.0198,13.5083,-0.3673,-0.5594,-0.5042
1,emotion_induction_1,CR,HRSD_17.1,HRSD17,full,RobustScaler,CatBoost,49,13,5,-0.2009,10.3702,13.1811,-0.3385,-0.4847,-0.3278
2,emotion_induction_1,CR,HRSD_17.1,HRSD17,full,StandardScaler,Ridge,49,13,5,-0.0165,23.996,56.7199,-0.0661,-61.4941,0.2865
2,emotion_induction_1,CR,HRSD_17.1,HRSD17,full,StandardScaler,Lasso,49,13,5,-0.0299,15.4067,31.0988,-0.066,-17.7869,0.2204
2,emotion_induction_1,CR,HRSD_17.1,HRSD17,full,StandardScaler,ElasticNet,49,13,5,-0.0307,14.454,28.8532,-0.0632,-15.1717,0.2259
2,emotion_induction_1,CR,HRSD_17.1,HRSD17,full,StandardScaler,SVR,49,13,5,0.0266,6.2638,8.3759,0.0498,-0.3628,-0.0468
2,emotion_induction_1,CR,HRSD_17.1,HRSD17,full,StandardScaler,KNN,49,13,5,0.0331,7.6703,9.0606,0.045,-0.5947,0.0621
2,emotion_induction_1,CR,HRSD_17.1,HRSD17,full,StandardScaler,RF,49,13,5,0.0013,6.9519,8.4621,0.0016,-0.391,-0.0716
2,emotion_induction_1,CR,HRSD_17.1,HRSD17,full,StandardScaler,ET,49,13,5,0.0148,6.6692,8.7679,0.0199,-0.4933,0.0303
2,emotion_induction_1,CR,HRSD_17.1,HRSD17,full,StandardScaler,GB,49,13,5,0.0595,6.6366,9.0149,0.0711,-0.5787,0.1185
2,emotion_induction_1,CR,HRSD_17.1,HRSD17,full,StandardScaler,XGB,49,13,5,0.1653,6.2318,8.8509,0.2007,-0.5217,0.157
2,emotion_induction_1,CR,HRSD_17.1,HRSD17,full,StandardScaler,MLP,49,13,5,-0.0147,27.674,67.2402,-0.0694,-86.8265,0.2755
2,emotion_induction_1,CR,HRSD_17.1,HRSD17,full,StandardScaler,LGBM,49,13,5,-0.0338,7.0979,8.5994,-0.04,-0.4365,-0.1062
2,emotion_induction_1,CR,HRSD_17.1,HRSD17,full,StandardScaler,CatBoost,49,13,5,-0.0205,7.1521,9.2643,-0.0238,-0.6672,-0.0634
2,emotion_induction_1,CR,HRSD_17.1,HRSD17,full,MinMaxScaler,Ridge,49,13,10,-0.0665,12.7587,22.6532,-0.1122,-8.9684,-0.135
2,emotion_induction_1,CR,HRSD_17.1,HRSD17,full,MinMaxScaler,Lasso,49,13,10,-0.059,14.6627,26.6638,-0.1158,-12.8106,-0.1212
2,emotion_induction_1,CR,HRSD_17.1,HRSD17,full,MinMaxScaler,ElasticNet,49,13,10,-0.0571,14.6813,27.4028,-0.115,-13.5868,-0.2066
2,emotion_induction_1,CR,HRSD_17.1,HRSD17,full,MinMaxScaler,SVR,49,13,10,0.0776,6.346,7.7417,0.1002,-0.1642,0.2452
2,emotion_induction_1,CR,HRSD_17.1,HRSD17,full,MinMaxScaler,KNN,49,13,10,0.119,6.2564,7.3873,0.1588,-0.0601,0.2011
2,emotion_induction_1,CR,HRSD_17.1,HRSD17,full,MinMaxScaler,RF,49,13,10,-0.2272,7.1154,8.9739,-0.2827,-0.5643,-0.2231
2,emotion_induction_1,CR,HRSD_17.1,HRSD17,full,MinMaxScaler,ET,49,13,10,-0.026,6.965,8.3432,-0.0303,-0.3522,0.0579
2,emotion_induction_1,CR,HRSD_17.1,HRSD17,full,MinMaxScaler,GB,49,13,10,-0.2094,7.336,9.1577,-0.2424,-0.6291,-0.168
2,emotion_induction_1,CR,HRSD_17.1,HRSD17,full,MinMaxScaler,XGB,49,13,10,-0.297,7.5025,9.2312,-0.4014,-0.6553,-0.3278
2,emotion_induction_1,CR,HRSD_17.1,HRSD17,full,MinMaxScaler,MLP,49,13,10,-0.0618,7.5845,8.7978,-0.0699,-0.5035,-0.011
2,emotion_induction_1,CR,HRSD_17.1,HRSD17,full,MinMaxScaler,LGBM,49,13,10,-0.2676,6.6579,9.0874,-0.374,-0.6042,-0.1862
2,emotion_induction_1,CR,HRSD_17.1,HRSD17,full,MinMaxScaler,CatBoost,49,13,10,-0.1703,7.0558,8.9084,-0.2114,-0.5416,-0.2424
2,emotion_induction_1,CR,HRSD_17.1,HRSD17,full,RobustScaler,Ridge,49,13,5,-0.0525,9.5797,11.2429,-0.0535,-1.4554,-0.0937
2,emotion_induction_1,CR,HRSD_17.1,HRSD17,full,RobustScaler,Lasso,49,13,5,-0.0493,9.3856,11.0098,-0.05,-1.3546,-0.1377
2,emotion_induction_1,CR,HRSD_17.1,HRSD17,full,RobustScaler,ElasticNet,49,13,5,-0.0471,9.1583,10.7367,-0.0475,-1.2393,-0.1074
2,emotion_induction_1,CR,HRSD_17.1,HRSD17,full,RobustScaler,SVR,49,13,5,-0.004,7.0055,8.2396,-0.0049,-0.3188,-0.0909
2,emotion_induction_1,CR,HRSD_17.1,HRSD17,full,RobustScaler,KNN,49,13,5,0.0354,7.0,8.3718,0.0389,-0.3614,0.0028
2,emotion_induction_1,CR,HRSD_17.1,HRSD17,full,RobustScaler,RF,49,13,5,-0.0808,6.8131,8.5092,-0.0971,-0.4065,-0.0882
2,emotion_induction_1,CR,HRSD_17.1,HRSD17,full,RobustScaler,ET,49,13,5,-0.0232,6.9438,8.4368,-0.0266,-0.3827,-0.1903
2,emotion_induction_1,CR,HRSD_17.1,HRSD17,full,RobustScaler,GB,49,13,5,-0.1469,8.1365,10.2083,-0.1539,-1.0243,-0.0165
2,emotion_induction_1,CR,HRSD_17.1,HRSD17,full,RobustScaler,XGB,49,13,5,-0.1319,8.0308,10.0607,-0.1408,-0.9662,-0.022
2,emotion_induction_1,CR,HRSD_17.1,HRSD17,full,RobustScaler,MLP,49,13,5,-0.0857,11.1422,13.7377,-0.0998,-2.666,-0.2369
2,emotion_induction_1,CR,HRSD_17.1,HRSD17,full,RobustScaler,LGBM,49,13,5,-0.1619,6.9288,9.3586,-0.1966,-0.7013,-0.1644
2,emotion_induction_1,CR,HRSD_17.1,HRSD17,full,RobustScaler,CatBoost,49,13,5,-0.2038,7.8452,10.4303,-0.2182,-1.1133,-0.124
3,emotion_induction_1,CR,HRSD_17.1,HRSD17,full,StandardScaler,Ridge,50,12,5,0.2158,6.8657,8.1455,0.2873,0.0476,0.1449
3,emotion_induction_1,CR,HRSD_17.1,HRSD17,full,StandardScaler,Lasso,50,12,5,0.2834,6.8427,8.0574,0.3432,0.0681,0.2226
3,emotion_induction_1,CR,HRSD_17.1,HRSD17,full,StandardScaler,ElasticNet,50,12,5,0.2394,6.9254,8.1492,0.3026,0.0468,0.1449
3,emotion_induction_1,CR,HRSD_17.1,HRSD17,full,StandardScaler,SVR,50,12,5,0.1709,7.4895,9.0203,0.1967,-0.1679,0.1343
3,emotion_induction_1,CR,HRSD_17.1,HRSD17,full,StandardScaler,KNN,50,12,5,-0.0737,7.8889,10.06,-0.0839,-0.4527,-0.0743
3,emotion_induction_1,CR,HRSD_17.1,HRSD17,full,StandardScaler,RF,50,12,5,0.2018,6.8325,8.1656,0.3084,0.0429,0.2756
3,emotion_induction_1,CR,HRSD_17.1,HRSD17,full,StandardScaler,ET,50,12,5,0.1413,6.8383,8.386,0.208,-0.0094,0.1593
3,emotion_induction_1,CR,HRSD_17.1,HRSD17,full,StandardScaler,GB,50,12,5,0.4073,6.9494,8.2675,0.4834,0.0189,0.4559
3,emotion_induction_1,CR,HRSD_17.1,HRSD17,full,StandardScaler,XGB,50,12,5,0.3808,6.3945,7.6654,0.441,0.1566,0.417
3,emotion_induction_1,CR,HRSD_17.1,HRSD17,full,StandardScaler,MLP,50,12,5,0.1743,7.3093,8.7312,0.2047,-0.0943,0.0954
3,emotion_induction_1,CR,HRSD_17.1,HRSD17,full,StandardScaler,LGBM,50,12,5,0.3019,6.3878,7.6296,0.4779,0.1644,0.3262
3,emotion_induction_1,CR,HRSD_17.1,HRSD17,full,StandardScaler,CatBoost,50,12,5,0.4125,6.3701,7.5091,0.4788,0.1906,0.4099
3,emotion_induction_1,CR,HRSD_17.1,HRSD17,full,MinMaxScaler,Ridge,50,12,5,0.3639,5.9014,7.3306,0.4842,0.2286,0.2686
3,emotion_induction_1,CR,HRSD_17.1,HRSD17,full,MinMaxScaler,Lasso,50,12,5,0.4465,6.0494,7.404,0.4925,0.2131,0.3039
3,emotion_induction_1,CR,HRSD_17.1,HRSD17,full,MinMaxScaler,ElasticNet,50,12,5,0.4115,5.9828,7.3298,0.4885,0.2288,0.3039
3,emotion_induction_1,CR,HRSD_17.1,HRSD17,full,MinMaxScaler,SVR,50,12,5,0.3841,6.4223,7.4274,0.4721,0.2081,0.1626
3,emotion_induction_1,CR,HRSD_17.1,HRSD17,full,MinMaxScaler,KNN,50,12,5,0.4049,6.3148,7.2776,0.5357,0.2398,0.4655
3,emotion_induction_1,CR,HRSD_17.1,HRSD17,full,MinMaxScaler,RF,50,12,5,0.2727,6.6367,7.7482,0.4244,0.1383,0.3816
3,emotion_induction_1,CR,HRSD_17.1,HRSD17,full,MinMaxScaler,ET,50,12,5,0.3582,5.9146,7.3575,0.4777,0.223,0.3322
3,emotion_induction_1,CR,HRSD_17.1,HRSD17,full,MinMaxScaler,GB,50,12,5,0.4314,6.1787,7.4523,0.5313,0.2028,0.3781
3,emotion_induction_1,CR,HRSD_17.1,HRSD17,full,MinMaxScaler,XGB,50,12,5,0.4411,5.7506,6.8704,0.6082,0.3225,0.7421
3,emotion_induction_1,CR,HRSD_17.1,HRSD17,full,MinMaxScaler,MLP,50,12,5,0.4885,6.4098,7.567,0.504,0.1781,0.3816
3,emotion_induction_1,CR,HRSD_17.1,HRSD17,full,MinMaxScaler,LGBM,50,12,5,0.2593,6.5927,7.6243,0.4801,0.1656,0.2753
3,emotion_induction_1,CR,HRSD_17.1,HRSD17,full,MinMaxScaler,CatBoost,50,12,5,0.3194,6.4348,7.6338,0.4664,0.1635,0.318
3,emotion_induction_1,CR,HRSD_17.1,HRSD17,full,RobustScaler,Ridge,50,12,5,0.3074,6.7573,8.0115,0.3654,0.0787,0.2792
3,emotion_induction_1,CR,HRSD_17.1,HRSD17,full,RobustScaler,Lasso,50,12,5,0.2898,6.7922,8.0292,0.3514,0.0746,0.2226
3,emotion_induction_1,CR,HRSD_17.1,HRSD17,full,RobustScaler,ElasticNet,50,12,5,0.2361,6.8385,8.1211,0.306,0.0533,0.1449
3,emotion_induction_1,CR,HRSD_17.1,HRSD17,full,RobustScaler,SVR,50,12,5,0.1893,7.7368,9.386,0.2194,-0.2645,0.1025
3,emotion_induction_1,CR,HRSD_17.1,HRSD17,full,RobustScaler,KNN,50,12,5,0.0781,6.9667,9.2646,0.0911,-0.2321,0.1188
3,emotion_induction_1,CR,HRSD_17.1,HRSD17,full,RobustScaler,RF,50,12,5,0.2018,6.8325,8.1656,0.3084,0.0429,0.2756
3,emotion_induction_1,CR,HRSD_17.1,HRSD17,full,RobustScaler,ET,50,12,5,0.1413,6.8383,8.386,0.208,-0.0094,0.1593
3,emotion_induction_1,CR,HRSD_17.1,HRSD17,full,RobustScaler,GB,50,12,5,0.4073,6.9494,8.2675,0.4834,0.0189,0.4559
3,emotion_induction_1,CR,HRSD_17.1,HRSD17,full,RobustScaler,XGB,50,12,5,0.3808,6.3945,7.6654,0.441,0.1566,0.417
3,emotion_induction_1,CR,HRSD_17.1,HRSD17,full,RobustScaler,MLP,50,12,5,0.1668,7.059,8.7524,0.2008,-0.0996,0.0707
3,emotion_induction_1,CR,HRSD_17.1,HRSD17,full,RobustScaler,LGBM,50,12,5,0.309,6.4652,7.5964,0.4828,0.1717,0.4468
3,emotion_induction_1,CR,HRSD_17.1,HRSD17,full,RobustScaler,CatBoost,50,12,5,0.4125,6.3701,7.5091,0.4788,0.1906,0.4099
4,emotion_induction_1,CR,HRSD_17.1,HRSD17,full,StandardScaler,Ridge,50,12,5,0.1728,7.3785,8.39,0.2346,-0.2331,0.1614
4,emotion_induction_1,CR,HRSD_17.1,HRSD17,full,StandardScaler,Lasso,50,12,5,0.224,7.5677,8.8877,0.2905,-0.3838,0.2316
4,emotion_induction_1,CR,HRSD_17.1,HRSD17,full,StandardScaler,ElasticNet,50,12,5,0.2001,7.4876,8.6369,0.2633,-0.3068,0.1965
4,emotion_induction_1,CR,HRSD_17.1,HRSD17,full,StandardScaler,SVR,50,12,5,0.068,10.132,12.9055,0.0905,-1.9177,0.014
4,emotion_induction_1,CR,HRSD_17.1,HRSD17,full,StandardScaler,KNN,50,12,5,0.0881,7.2963,8.0014,0.1144,-0.1216,0.1388
4,emotion_induction_1,CR,HRSD_17.1,HRSD17,full,StandardScaler,RF,50,12,5,0.3578,6.4361,7.4952,0.486,0.0159,0.4561
4,emotion_induction_1,CR,HRSD_17.1,HRSD17,full,StandardScaler,ET,50,12,5,0.1893,7.4183,8.637,0.2401,-0.3068,0.2281
4,emotion_induction_1,CR,HRSD_17.1,HRSD17,full,StandardScaler,GB,50,12,5,0.3895,7.0419,9.2092,0.5075,-0.4857,0.4737
4,emotion_induction_1,CR,HRSD_17.1,HRSD17,full,StandardScaler,XGB,50,12,5,0.2593,8.1939,10.4127,0.3194,-0.8994,0.2211
4,emotion_induction_1,CR,HRSD_17.1,HRSD17,full,StandardScaler,MLP,50,12,5,0.1899,7.6622,9.0137,0.2261,-0.4233,0.2526
4,emotion_induction_1,CR,HRSD_17.1,HRSD17,full,StandardScaler,LGBM,50,12,5,0.2808,6.0813,7.2511,0.4257,0.0789,0.5443
4,emotion_induction_1,CR,HRSD_17.1,HRSD17,full,StandardScaler,CatBoost,50,12,5,0.2655,7.232,8.5869,0.332,-0.2917,0.2702
4,emotion_induction_1,CR,HRSD_17.1,HRSD17,full,MinMaxScaler,Ridge,50,12,15,0.1462,6.6329,7.6932,0.2132,-0.0368,0.3614
4,emotion_induction_1,CR,HRSD_17.1,HRSD17,full,MinMaxScaler,Lasso,50,12,15,0.1437,6.9519,7.9393,0.2026,-0.1042,0.3123
4,emotion_induction_1,CR,HRSD_17.1,HRSD17,full,MinMaxScaler,ElasticNet,50,12,15,0.1563,6.876,7.8537,0.2144,-0.0805,0.407
4,emotion_induction_1,CR,HRSD_17.1,HRSD17,full,MinMaxScaler,SVR,50,12,15,0.1717,6.4184,7.5557,0.2369,-0.0001,0.386
4,emotion_induction_1,CR,HRSD_17.1,HRSD17,full,MinMaxScaler,KNN,50,12,15,0.2838,5.7143,7.1259,0.4068,0.1104,0.5123
4,emotion_induction_1,CR,HRSD_17.1,HRSD17,full,MinMaxScaler,RF,50,12,15,0.2328,6.6971,7.5195,0.364,0.0095,0.4456
4,emotion_induction_1,CR,HRSD_17.1,HRSD17,full,MinMaxScaler,ET,50,12,15,0.0574,6.8758,7.9599,0.1135,-0.1099,0.0386
4,emotion_induction_1,CR,HRSD_17.1,HRSD17,full,MinMaxScaler,GB,50,12,15,0.1331,7.8761,9.3115,0.1694,-0.5189,0.1754
4,emotion_induction_1,CR,HRSD_17.1,HRSD17,full,MinMaxScaler,XGB,50,12,15,-0.0437,8.7763,9.791,-0.0565,-0.6793,0.0211
4,emotion_induction_1,CR,HRSD_17.1,HRSD17,full,MinMaxScaler,MLP,50,12,15,0.1953,7.0549,7.963,0.2456,-0.1108,0.3719
4,emotion_induction_1,CR,HRSD_17.1,HRSD17,full,MinMaxScaler,LGBM,50,12,15,0.1525,6.7353,7.7263,0.2022,-0.0458,-0.0248
4,emotion_induction_1,CR,HRSD_17.1,HRSD17,full,MinMaxScaler,CatBoost,50,12,15,0.1335,7.7164,8.7533,0.1925,-0.3422,0.3088
4,emotion_induction_1,CR,HRSD_17.1,HRSD17,full,RobustScaler,Ridge,50,12,5,0.1025,7.3634,8.453,0.1531,-0.2517,0.1439
4,emotion_induction_1,CR,HRSD_17.1,HRSD17,full,RobustScaler,Lasso,50,12,5,0.0817,7.0752,8.2736,0.1343,-0.1992,0.1158
4,emotion_induction_1,CR,HRSD_17.1,HRSD17,full,RobustScaler,ElasticNet,50,12,5,0.0734,6.9001,8.0825,0.1302,-0.1444,0.1158
4,emotion_induction_1,CR,HRSD_17.1,HRSD17,full,RobustScaler,SVR,50,12,5,0.0345,7.3549,8.3841,0.0538,-0.2314,0.0
4,emotion_induction_1,CR,HRSD_17.1,HRSD17,full,RobustScaler,KNN,50,12,5,-0.0812,7.4815,8.6455,-0.1123,-0.3094,-0.123
4,emotion_induction_1,CR,HRSD_17.1,HRSD17,full,RobustScaler,RF,50,12,5,0.1083,6.8001,7.7213,0.2029,-0.0444,0.2737
4,emotion_induction_1,CR,HRSD_17.1,HRSD17,full,RobustScaler,ET,50,12,5,0.0283,8.7933,9.9837,0.0371,-0.7461,0.0877
4,emotion_induction_1,CR,HRSD_17.1,HRSD17,full,RobustScaler,GB,50,12,5,0.1854,8.361,10.8917,0.2267,-1.0782,0.1579
4,emotion_induction_1,CR,HRSD_17.1,HRSD17,full,RobustScaler,XGB,50,12,5,0.1665,7.7443,9.8029,0.2055,-0.6834,0.1509
4,emotion_induction_1,CR,HRSD_17.1,HRSD17,full,RobustScaler,MLP,50,12,5,0.108,8.5214,10.0862,0.1428,-0.7821,0.1298
4,emotion_induction_1,CR,HRSD_17.1,HRSD17,full,RobustScaler,LGBM,50,12,5,-0.0866,7.6538,9.1572,-0.1038,-0.469,-0.0194
4,emotion_induction_1,CR,HRSD_17.1,HRSD17,full,RobustScaler,CatBoost,50,12,5,0.1026,8.1711,9.8134,0.1337,-0.6871,0.1263
5,emotion_induction_1,CR,HRSD_17.1,HRSD17,full,StandardScaler,Ridge,50,12,5,0.2006,7.6217,9.4127,0.2088,-0.5255,0.1439
5,emotion_induction_1,CR,HRSD_17.1,HRSD17,full,StandardScaler,Lasso,50,12,5,0.2032,7.6704,9.4428,0.211,-0.5353,0.1439
5,emotion_induction_1,CR,HRSD_17.1,HRSD17,full,StandardScaler,ElasticNet,50,12,5,0.2019,7.6579,9.4408,0.2098,-0.5347,0.1439
5,emotion_induction_1,CR,HRSD_17.1,HRSD17,full,StandardScaler,SVR,50,12,5,-0.188,7.5824,9.7728,-0.2102,-0.6445,0.0667
5,emotion_induction_1,CR,HRSD_17.1,HRSD17,full,StandardScaler,KNN,50,12,5,-0.1377,8.1429,9.6806,-0.1535,-0.6136,-0.1178
5,emotion_induction_1,CR,HRSD_17.1,HRSD17,full,StandardScaler,RF,50,12,5,0.0574,6.3775,8.5297,0.0667,-0.2528,-0.0105
5,emotion_induction_1,CR,HRSD_17.1,HRSD17,full,StandardScaler,ET,50,12,5,-0.0586,6.4679,8.7931,-0.0731,-0.3313,0.1333
5,emotion_induction_1,CR,HRSD_17.1,HRSD17,full,StandardScaler,GB,50,12,5,-0.047,8.9051,10.4603,-0.048,-0.884,-0.0667
5,emotion_induction_1,CR,HRSD_17.1,HRSD17,full,StandardScaler,XGB,50,12,5,0.0503,7.4058,9.0329,0.054,-0.4049,0.1404
5,emotion_induction_1,CR,HRSD_17.1,HRSD17,full,StandardScaler,MLP,50,12,5,0.1109,8.8275,11.1244,0.1167,-1.1309,0.0912
5,emotion_induction_1,CR,HRSD_17.1,HRSD17,full,StandardScaler,LGBM,50,12,5,0.0574,6.7375,9.2732,0.0624,-0.4807,0.1307
5,emotion_induction_1,CR,HRSD_17.1,HRSD17,full,StandardScaler,CatBoost,50,12,5,0.0073,6.9564,9.0587,0.008,-0.413,0.1509
5,emotion_induction_1,CR,HRSD_17.1,HRSD17,full,MinMaxScaler,Ridge,50,12,10,0.2068,8.4018,11.0982,0.2381,-1.1208,0.1298
5,emotion_induction_1,CR,HRSD_17.1,HRSD17,full,MinMaxScaler,Lasso,50,12,10,0.2147,7.7395,9.9528,0.243,-0.7056,0.1298
5,emotion_induction_1,CR,HRSD_17.1,HRSD17,full,MinMaxScaler,ElasticNet,50,12,10,0.2114,7.9474,10.2917,0.2413,-0.8238,0.1649
5,emotion_induction_1,CR,HRSD_17.1,HRSD17,full,MinMaxScaler,SVR,50,12,10,-0.0341,7.7618,9.6864,-0.0396,-0.6156,0.0281
5,emotion_induction_1,CR,HRSD_17.1,HRSD17,full,MinMaxScaler,KNN,50,12,10,-0.0034,6.7222,8.6463,-0.0053,-0.2873,0.0826
5,emotion_induction_1,CR,HRSD_17.1,HRSD17,full,MinMaxScaler,RF,50,12,10,0.2002,7.8858,9.2793,0.2283,-0.4826,0.3053
5,emotion_induction_1,CR,HRSD_17.1,HRSD17,full,MinMaxScaler,ET,50,12,10,0.096,7.7275,9.1977,0.1091,-0.4566,0.1825
5,emotion_induction_1,CR,HRSD_17.1,HRSD17,full,MinMaxScaler,GB,50,12,10,0.2134,7.7801,9.248,0.2379,-0.4726,0.2491
5,emotion_induction_1,CR,HRSD_17.1,HRSD17,full,MinMaxScaler,XGB,50,12,10,0.0005,9.1573,10.7449,0.0006,-0.9879,0.1684
5,emotion_induction_1,CR,HRSD_17.1,HRSD17,full,MinMaxScaler,MLP,50,12,10,0.2057,7.3649,9.1369,0.237,-0.4375,0.2105
5,emotion_induction_1,CR,HRSD_17.1,HRSD17,full,MinMaxScaler,LGBM,50,12,10,0.077,7.9902,9.3895,0.0995,-0.518,0.223
5,emotion_induction_1,CR,HRSD_17.1,HRSD17,full,MinMaxScaler,CatBoost,50,12,10,0.1102,7.6422,9.2114,0.1277,-0.461,0.2246
5,emotion_induction_1,CR,HRSD_17.1,HRSD17,full,RobustScaler,Ridge,50,12,5,0.037,5.969,7.7654,0.1208,-0.0383,0.207
5,emotion_induction_1,CR,HRSD_17.1,HRSD17,full,RobustScaler,Lasso,50,12,5,0.068,6.0805,7.9176,0.1194,-0.0794,0.207
5,emotion_induction_1,CR,HRSD_17.1,HRSD17,full,RobustScaler,ElasticNet,50,12,5,0.059,5.9996,7.8644,0.1155,-0.0649,0.207
5,emotion_induction_1,CR,HRSD_17.1,HRSD17,full,RobustScaler,SVR,50,12,5,0.1758,7.5063,9.6391,0.1883,-0.5998,0.3439
5,emotion_induction_1,CR,HRSD_17.1,HRSD17,full,RobustScaler,KNN,50,12,5,0.2164,6.4444,8.3665,0.2576,-0.2053,0.3726
5,emotion_induction_1,CR,HRSD_17.1,HRSD17,full,RobustScaler,RF,50,12,5,0.1979,6.4558,8.2713,0.2517,-0.178,0.2877
5,emotion_induction_1,CR,HRSD_17.1,HRSD17,full,RobustScaler,ET,50,12,5,0.1282,7.0629,8.8057,0.151,-0.3351,0.3404
5,emotion_induction_1,CR,HRSD_17.1,HRSD17,full,RobustScaler,GB,50,12,5,0.0771,8.2949,10.3655,0.0829,-0.8501,0.2842
5,emotion_induction_1,CR,HRSD_17.1,HRSD17,full,RobustScaler,XGB,50,12,5,0.0749,7.4003,9.6882,0.0826,-0.6162,0.2316
5,emotion_induction_1,CR,HRSD_17.1,HRSD17,full,RobustScaler,MLP,50,12,5,0.2161,6.5207,8.143,0.2457,-0.1417,0.3333
5,emotion_induction_1,CR,HRSD_17.1,HRSD17,full,RobustScaler,LGBM,50,12,5,0.0586,6.6109,9.019,0.0699,-0.4006,0.2682
5,emotion_induction_1,CR,HRSD_17.1,HRSD17,full,RobustScaler,CatBoost,50,12,5,0.2476,7.032,8.4971,0.281,-0.2432,0.4281
1,emotion_induction_1,CR,HRSD_21.1,HRSD21,full,StandardScaler,Ridge,49,13,5,-0.3949,13.0112,15.9679,-0.4536,-0.9703,-0.5028
1,emotion_induction_1,CR,HRSD_21.1,HRSD21,full,StandardScaler,Lasso,49,13,5,-0.3941,13.0064,15.9677,-0.4524,-0.9703,-0.5028
1,emotion_induction_1,CR,HRSD_21.1,HRSD21,full,StandardScaler,ElasticNet,49,13,5,-0.4026,13.042,15.9413,-0.4649,-0.9637,-0.5801
1,emotion_induction_1,CR,HRSD_21.1,HRSD21,full,StandardScaler,SVR,49,13,5,-0.245,11.7282,15.1229,-0.2883,-0.7673,-0.4309
1,emotion_induction_1,CR,HRSD_21.1,HRSD21,full,StandardScaler,KNN,49,13,5,-0.2399,12.0513,15.2394,-0.2887,-0.7946,-0.3269
1,emotion_induction_1,CR,HRSD_21.1,HRSD21,full,StandardScaler,RF,49,13,5,-0.2602,11.6704,14.3551,-0.3558,-0.5924,-0.3757
1,emotion_induction_1,CR,HRSD_21.1,HRSD21,full,StandardScaler,ET,49,13,5,-0.3513,12.2531,15.1147,-0.4399,-0.7654,-0.4972
1,emotion_induction_1,CR,HRSD_21.1,HRSD21,full,StandardScaler,GB,49,13,5,-0.1006,10.7072,14.0874,-0.1336,-0.5336,-0.0166
1,emotion_induction_1,CR,HRSD_21.1,HRSD21,full,StandardScaler,XGB,49,13,5,-0.0791,10.6593,14.1403,-0.1051,-0.5451,-0.0718
1,emotion_induction_1,CR,HRSD_21.1,HRSD21,full,StandardScaler,MLP,49,13,5,-0.4266,13.4043,16.8222,-0.4646,-1.1868,-0.5028
1,emotion_induction_1,CR,HRSD_21.1,HRSD21,full,StandardScaler,LGBM,49,13,5,-0.1301,10.86,13.4923,-0.1925,-0.4067,-0.2698
1,emotion_induction_1,CR,HRSD_21.1,HRSD21,full,StandardScaler,CatBoost,49,13,5,-0.2685,11.7246,14.2716,-0.3988,-0.5739,-0.4033
1,emotion_induction_1,CR,HRSD_21.1,HRSD21,full,MinMaxScaler,Ridge,49,13,10,-0.3064,12.8708,15.7293,-0.3583,-0.9119,-0.4862
1,emotion_induction_1,CR,HRSD_21.1,HRSD21,full,MinMaxScaler,Lasso,49,13,10,-0.3156,12.3014,15.1437,-0.3935,-0.7721,-0.5193
1,emotion_induction_1,CR,HRSD_21.1,HRSD21,full,MinMaxScaler,ElasticNet,49,13,10,-0.2947,12.4915,15.3164,-0.3574,-0.8128,-0.4862
1,emotion_induction_1,CR,HRSD_21.1,HRSD21,full,MinMaxScaler,SVR,49,13,10,-0.2472,12.3775,15.0179,-0.2918,-0.7428,-0.3978
1,emotion_induction_1,CR,HRSD_21.1,HRSD21,full,MinMaxScaler,KNN,49,13,10,-0.2769,12.0,15.3615,-0.3394,-0.8235,-0.3264
1,emotion_induction_1,CR,HRSD_21.1,HRSD21,full,MinMaxScaler,RF,49,13,10,-0.0352,10.426,13.0734,-0.062,-0.3207,-0.1713
1,emotion_induction_1,CR,HRSD_21.1,HRSD21,full,MinMaxScaler,ET,49,13,10,-0.2626,11.995,14.9175,-0.3454,-0.7196,-0.3812
1,emotion_induction_1,CR,HRSD_21.1,HRSD21,full,MinMaxScaler,GB,49,13,10,-0.0193,10.6868,14.0926,-0.0316,-0.5347,-0.1326
1,emotion_induction_1,CR,HRSD_21.1,HRSD21,full,MinMaxScaler,XGB,49,13,10,-0.065,11.0166,14.4178,-0.0999,-0.6063,-0.2928
1,emotion_induction_1,CR,HRSD_21.1,HRSD21,full,MinMaxScaler,MLP,49,13,10,-0.2179,11.2002,13.1722,-0.4113,-0.3408,-0.5691
1,emotion_induction_1,CR,HRSD_21.1,HRSD21,full,MinMaxScaler,LGBM,49,13,10,0.069,9.8499,12.5366,0.106,-0.2145,0.0362
1,emotion_induction_1,CR,HRSD_21.1,HRSD21,full,MinMaxScaler,CatBoost,49,13,10,-0.0957,10.9158,13.6649,-0.169,-0.4429,-0.1381
1,emotion_induction_1,CR,HRSD_21.1,HRSD21,full,RobustScaler,Ridge,49,13,5,-0.3988,12.9421,15.7607,-0.4693,-0.9195,-0.5746
1,emotion_induction_1,CR,HRSD_21.1,HRSD21,full,RobustScaler,Lasso,49,13,5,-0.4276,13.1214,15.8282,-0.5044,-0.936,-0.5691
1,emotion_induction_1,CR,HRSD_21.1,HRSD21,full,RobustScaler,ElasticNet,49,13,5,-0.3871,12.8984,15.8016,-0.4513,-0.9295,-0.5359
1,emotion_induction_1,CR,HRSD_21.1,HRSD21,full,RobustScaler,SVR,49,13,5,-0.3108,12.2125,15.5335,-0.3609,-0.8646,-0.4144
1,emotion_induction_1,CR,HRSD_21.1,HRSD21,full,RobustScaler,KNN,49,13,5,-0.2843,12.0769,15.243,-0.3468,-0.7955,-0.3435
1,emotion_induction_1,CR,HRSD_21.1,HRSD21,full,RobustScaler,RF,49,13,5,-0.2141,11.3558,13.9248,-0.3179,-0.4984,-0.3702
1,emotion_induction_1,CR,HRSD_21.1,HRSD21,full,RobustScaler,ET,49,13,5,-0.3407,12.1162,14.7437,-0.4457,-0.6798,-0.4862
1,emotion_induction_1,CR,HRSD_21.1,HRSD21,full,RobustScaler,GB,49,13,5,-0.0697,10.6247,14.1403,-0.0916,-0.5451,0.0442
1,emotion_induction_1,CR,HRSD_21.1,HRSD21,full,RobustScaler,XGB,49,13,5,-0.0857,10.7436,14.1234,-0.1173,-0.5414,0.0276
1,emotion_induction_1,CR,HRSD_21.1,HRSD21,full,RobustScaler,MLP,49,13,5,-0.411,13.2742,16.6313,-0.4533,-1.1374,-0.453
1,emotion_induction_1,CR,HRSD_21.1,HRSD21,full,RobustScaler,LGBM,49,13,5,-0.1188,10.825,13.5818,-0.1693,-0.4254,-0.1326
1,emotion_induction_1,CR,HRSD_21.1,HRSD21,full,RobustScaler,CatBoost,49,13,5,-0.2802,11.8539,14.3165,-0.4005,-0.5838,-0.453
2,emotion_induction_1,CR,HRSD_21.1,HRSD21,full,StandardScaler,Ridge,49,13,10,-0.0311,19.9558,45.3342,-0.0904,-31.6743,0.1185
2,emotion_induction_1,CR,HRSD_21.1,HRSD21,full,StandardScaler,Lasso,49,13,10,-0.0404,12.9573,23.019,-0.0617,-7.4241,0.1019
2,emotion_induction_1,CR,HRSD_21.1,HRSD21,full,StandardScaler,ElasticNet,49,13,10,-0.0406,13.9092,27.8438,-0.0741,-11.3256,0.1129
2,emotion_induction_1,CR,HRSD_21.1,HRSD21,full,StandardScaler,SVR,49,13,10,-0.3134,9.0683,10.9712,-0.3571,-0.9136,-0.3499
2,emotion_induction_1,CR,HRSD_21.1,HRSD21,full,StandardScaler,KNN,49,13,10,0.1154,7.9692,10.1169,0.1284,-0.6272,0.0428
2,emotion_induction_1,CR,HRSD_21.1,HRSD21,full,StandardScaler,RF,49,13,10,0.0646,7.3619,8.7432,0.0863,-0.2153,-0.0193
2,emotion_induction_1,CR,HRSD_21.1,HRSD21,full,StandardScaler,ET,49,13,10,0.0571,7.5162,9.3069,0.0689,-0.3771,-0.0799
2,emotion_induction_1,CR,HRSD_21.1,HRSD21,full,StandardScaler,GB,49,13,10,0.1108,7.2601,9.1999,0.1297,-0.3456,0.0661
2,emotion_induction_1,CR,HRSD_21.1,HRSD21,full,StandardScaler,XGB,49,13,10,0.0615,7.4052,9.5536,0.0758,-0.4511,-0.0468
2,emotion_induction_1,CR,HRSD_21.1,HRSD21,full,StandardScaler,MLP,49,13,10,-0.0222,30.2484,75.7807,-0.1075,-90.2999,0.1433
2,emotion_induction_1,CR,HRSD_21.1,HRSD21,full,StandardScaler,LGBM,49,13,10,0.1001,6.8596,8.8905,0.111,-0.2566,-0.0028
2,emotion_induction_1,CR,HRSD_21.1,HRSD21,full,StandardScaler,CatBoost,49,13,10,0.1577,6.7046,8.7752,0.1747,-0.2242,0.0055
2,emotion_induction_1,CR,HRSD_21.1,HRSD21,full,MinMaxScaler,Ridge,49,13,15,-0.0468,15.0211,33.2238,-0.101,-16.549,0.0551
2,emotion_induction_1,CR,HRSD_21.1,HRSD21,full,MinMaxScaler,Lasso,49,13,15,-0.0459,15.1114,29.8693,-0.0888,-13.1842,0.135
2,emotion_induction_1,CR,HRSD_21.1,HRSD21,full,MinMaxScaler,ElasticNet,49,13,15,-0.0576,13.0118,26.2533,-0.0994,-9.9577,0.0083
2,emotion_induction_1,CR,HRSD_21.1,HRSD21,full,MinMaxScaler,SVR,49,13,15,0.3207,6.2325,8.841,0.3473,-0.2427,0.0771
2,emotion_induction_1,CR,HRSD_21.1,HRSD21,full,MinMaxScaler,KNN,49,13,15,0.153,7.2418,9.0143,0.1937,-0.2919,0.1405
2,emotion_induction_1,CR,HRSD_21.1,HRSD21,full,MinMaxScaler,RF,49,13,15,0.0135,7.2577,8.7406,0.0184,-0.2146,-0.1322
2,emotion_induction_1,CR,HRSD_21.1,HRSD21,full,MinMaxScaler,ET,49,13,15,0.1207,6.9342,8.6808,0.1445,-0.198,-0.0165
2,emotion_induction_1,CR,HRSD_21.1,HRSD21,full,MinMaxScaler,GB,49,13,15,0.0055,6.9738,8.9967,0.0086,-0.2868,-0.1157
2,emotion_induction_1,CR,HRSD_21.1,HRSD21,full,MinMaxScaler,XGB,49,13,15,0.017,7.1654,9.0058,0.0255,-0.2894,-0.1267
2,emotion_induction_1,CR,HRSD_21.1,HRSD21,full,MinMaxScaler,MLP,49,13,15,-0.0347,18.7142,42.9308,-0.0959,-28.3016,0.011
2,emotion_induction_1,CR,HRSD_21.1,HRSD21,full,MinMaxScaler,LGBM,49,13,15,0.0433,7.0597,8.9324,0.0505,-0.2685,0.0882
2,emotion_induction_1,CR,HRSD_21.1,HRSD21,full,MinMaxScaler,CatBoost,49,13,15,0.0626,7.1051,9.3712,0.0676,-0.3962,0.0303
2,emotion_induction_1,CR,HRSD_21.1,HRSD21,full,RobustScaler,Ridge,49,13,10,-0.0364,16.123,36.2572,-0.0855,-19.8998,0.1295
2,emotion_induction_1,CR,HRSD_21.1,HRSD21,full,RobustScaler,Lasso,49,13,10,-0.0337,18.8526,41.884,-0.0906,-26.8901,0.0964
2,emotion_induction_1,CR,HRSD_21.1,HRSD21,full,RobustScaler,ElasticNet,49,13,10,-0.0338,18.1105,40.0219,-0.087,-24.4654,0.0964
2,emotion_induction_1,CR,HRSD_21.1,HRSD21,full,RobustScaler,SVR,49,13,10,-0.2448,9.4511,10.8697,-0.2658,-0.8784,-0.4105
2,emotion_induction_1,CR,HRSD_21.1,HRSD21,full,RobustScaler,KNN,49,13,10,0.0607,9.9231,11.2223,0.0659,-1.0022,0.0028
2,emotion_induction_1,CR,HRSD_21.1,HRSD21,full,RobustScaler,RF,49,13,10,0.1192,7.2092,8.4172,0.1762,-0.1264,-0.022
2,emotion_induction_1,CR,HRSD_21.1,HRSD21,full,RobustScaler,ET,49,13,10,0.0839,7.325,8.9202,0.1063,-0.265,-0.0468
2,emotion_induction_1,CR,HRSD_21.1,HRSD21,full,RobustScaler,GB,49,13,10,0.0953,7.2302,9.0731,0.122,-0.3088,-0.0193
2,emotion_induction_1,CR,HRSD_21.1,HRSD21,full,RobustScaler,XGB,49,13,10,0.0985,7.9488,9.5837,0.1263,-0.4602,-0.022
2,emotion_induction_1,CR,HRSD_21.1,HRSD21,full,RobustScaler,MLP,49,13,10,-0.0144,44.8779,131.2355,-0.1221,-272.8144,0.0055
2,emotion_induction_1,CR,HRSD_21.1,HRSD21,full,RobustScaler,LGBM,49,13,10,0.0963,7.271,8.9018,0.1074,-0.2598,-0.0193
2,emotion_induction_1,CR,HRSD_21.1,HRSD21,full,RobustScaler,CatBoost,49,13,10,0.196,6.6282,8.5384,0.2218,-0.1591,0.0689
3,emotion_induction_1,CR,HRSD_21.1,HRSD21,full,StandardScaler,Ridge,50,12,10,0.3798,6.6382,7.7142,0.4679,0.2003,0.4374
3,emotion_induction_1,CR,HRSD_21.1,HRSD21,full,StandardScaler,Lasso,50,12,10,0.3334,6.4834,7.7598,0.4756,0.1908,0.4092
3,emotion_induction_1,CR,HRSD_21.1,HRSD21,full,StandardScaler,ElasticNet,50,12,10,0.3246,6.4892,7.6592,0.4911,0.2116,0.3563
3,emotion_induction_1,CR,HRSD_21.1,HRSD21,full,StandardScaler,SVR,50,12,10,0.2221,6.8135,8.2809,0.3092,0.0784,0.3598
3,emotion_induction_1,CR,HRSD_21.1,HRSD21,full,StandardScaler,KNN,50,12,10,0.1539,7.6667,9.1156,0.1943,-0.1167,0.0106
3,emotion_induction_1,CR,HRSD_21.1,HRSD21,full,StandardScaler,RF,50,12,10,0.242,7.1675,8.2374,0.408,0.0881,0.4833
3,emotion_induction_1,CR,HRSD_21.1,HRSD21,full,StandardScaler,ET,50,12,10,0.1837,7.355,8.436,0.2868,0.0436,0.254
3,emotion_induction_1,CR,HRSD_21.1,HRSD21,full,StandardScaler,GB,50,12,10,0.3624,6.5275,7.8557,0.4771,0.1706,0.4233
3,emotion_induction_1,CR,HRSD_21.1,HRSD21,full,StandardScaler,XGB,50,12,10,0.3628,6.74,7.7574,0.4871,0.1913,0.575
3,emotion_induction_1,CR,HRSD_21.1,HRSD21,full,StandardScaler,MLP,50,12,10,0.4407,6.345,7.907,0.4712,0.1598,0.388
3,emotion_induction_1,CR,HRSD_21.1,HRSD21,full,StandardScaler,LGBM,50,12,10,0.5177,5.9642,6.9849,0.6259,0.3443,0.4991
3,emotion_induction_1,CR,HRSD_21.1,HRSD21,full,StandardScaler,CatBoost,50,12,10,0.3987,6.669,7.6515,0.5001,0.2132,0.4445
3,emotion_induction_1,CR,HRSD_21.1,HRSD21,full,MinMaxScaler,Ridge,50,12,10,0.3853,6.45,7.4185,0.5276,0.2604,0.4057
3,emotion_induction_1,CR,HRSD_21.1,HRSD21,full,MinMaxScaler,Lasso,50,12,10,0.3296,6.7781,7.7649,0.4515,0.1897,0.4092
3,emotion_induction_1,CR,HRSD_21.1,HRSD21,full,MinMaxScaler,ElasticNet,50,12,10,0.3929,6.5504,7.5438,0.4963,0.2352,0.4057
3,emotion_induction_1,CR,HRSD_21.1,HRSD21,full,MinMaxScaler,SVR,50,12,10,0.4155,6.7458,7.7436,0.4688,0.1941,0.3986
3,emotion_induction_1,CR,HRSD_21.1,HRSD21,full,MinMaxScaler,KNN,50,12,10,0.602,5.6,6.7809,0.642,0.3821,0.5954
3,emotion_induction_1,CR,HRSD_21.1,HRSD21,full,MinMaxScaler,RF,50,12,10,0.2805,6.6986,7.7782,0.4803,0.1869,0.4374
3,emotion_induction_1,CR,HRSD_21.1,HRSD21,full,MinMaxScaler,ET,50,12,10,0.3702,6.2,7.3661,0.5603,0.2708,0.3915
3,emotion_induction_1,CR,HRSD_21.1,HRSD21,full,MinMaxScaler,GB,50,12,10,0.3353,6.7517,9.0518,0.3923,-0.1011,0.3986
3,emotion_induction_1,CR,HRSD_21.1,HRSD21,full,MinMaxScaler,XGB,50,12,10,0.2434,6.8617,8.4204,0.376,0.0471,0.4692
3,emotion_induction_1,CR,HRSD_21.1,HRSD21,full,MinMaxScaler,MLP,50,12,10,0.4968,6.0661,7.0343,0.5811,0.335,0.5644
3,emotion_induction_1,CR,HRSD_21.1,HRSD21,full,MinMaxScaler,LGBM,50,12,10,0.4652,5.8728,7.0828,0.5769,0.3258,0.388
3,emotion_induction_1,CR,HRSD_21.1,HRSD21,full,MinMaxScaler,CatBoost,50,12,10,0.3251,6.6247,8.1787,0.412,0.101,0.4021
3,emotion_induction_1,CR,HRSD_21.1,HRSD21,full,RobustScaler,Ridge,50,12,5,0.359,6.2803,8.0139,0.4916,0.1369,0.2469
3,emotion_induction_1,CR,HRSD_21.1,HRSD21,full,RobustScaler,Lasso,50,12,5,0.3805,6.668,8.2177,0.4621,0.0924,0.3069
3,emotion_induction_1,CR,HRSD_21.1,HRSD21,full,RobustScaler,ElasticNet,50,12,5,0.3741,6.2388,8.0428,0.4891,0.1307,0.2469
3,emotion_induction_1,CR,HRSD_21.1,HRSD21,full,RobustScaler,SVR,50,12,5,-0.0314,9.8168,11.2168,-0.0441,-0.6909,-0.0388
3,emotion_induction_1,CR,HRSD_21.1,HRSD21,full,RobustScaler,KNN,50,12,5,0.221,7.0714,8.5045,0.2812,0.028,0.2474
3,emotion_induction_1,CR,HRSD_21.1,HRSD21,full,RobustScaler,RF,50,12,5,0.109,8.1554,9.657,0.1942,-0.2533,0.2328
3,emotion_induction_1,CR,HRSD_21.1,HRSD21,full,RobustScaler,ET,50,12,5,-0.0586,9.0808,10.5635,-0.0801,-0.4996,-0.1023
3,emotion_induction_1,CR,HRSD_21.1,HRSD21,full,RobustScaler,GB,50,12,5,0.2284,8.5927,10.1348,0.2933,-0.3804,0.2716
3,emotion_induction_1,CR,HRSD_21.1,HRSD21,full,RobustScaler,XGB,50,12,5,-0.0803,9.7527,11.4368,-0.116,-0.7579,-0.2434
3,emotion_induction_1,CR,HRSD_21.1,HRSD21,full,RobustScaler,MLP,50,12,5,0.3806,7.2583,9.0251,0.4261,-0.0946,0.3175
3,emotion_induction_1,CR,HRSD_21.1,HRSD21,full,RobustScaler,LGBM,50,12,5,0.2268,7.1744,8.6904,0.3468,-0.015,0.1673
3,emotion_induction_1,CR,HRSD_21.1,HRSD21,full,RobustScaler,CatBoost,50,12,5,0.1975,7.922,9.2182,0.3124,-0.142,0.3245
4,emotion_induction_1,CR,HRSD_21.1,HRSD21,full,StandardScaler,Ridge,50,12,5,0.1675,8.4484,9.6868,0.2407,-0.1869,0.1786
4,emotion_induction_1,CR,HRSD_21.1,HRSD21,full,StandardScaler,Lasso,50,12,5,0.1735,8.7034,10.046,0.2386,-0.2766,0.1786
4,emotion_induction_1,CR,HRSD_21.1,HRSD21,full,StandardScaler,ElasticNet,50,12,5,0.1725,8.6104,9.9038,0.2403,-0.2407,0.1786
4,emotion_induction_1,CR,HRSD_21.1,HRSD21,full,StandardScaler,SVR,50,12,5,0.1102,9.2294,13.2065,0.1492,-1.2062,0.2347
4,emotion_induction_1,CR,HRSD_21.1,HRSD21,full,StandardScaler,KNN,50,12,5,0.3096,6.8056,9.2521,0.3453,-0.0828,0.3656
4,emotion_induction_1,CR,HRSD_21.1,HRSD21,full,StandardScaler,RF,50,12,5,0.3636,7.1289,8.5962,0.5081,0.0653,0.4939
4,emotion_induction_1,CR,HRSD_21.1,HRSD21,full,StandardScaler,ET,50,12,5,0.1438,8.4375,9.9712,0.1884,-0.2577,0.0876
4,emotion_induction_1,CR,HRSD_21.1,HRSD21,full,StandardScaler,GB,50,12,5,0.2766,8.6684,11.5895,0.3455,-0.699,0.2872
4,emotion_induction_1,CR,HRSD_21.1,HRSD21,full,StandardScaler,XGB,50,12,5,0.3777,7.8166,10.1278,0.4416,-0.2975,0.3818
4,emotion_induction_1,CR,HRSD_21.1,HRSD21,full,StandardScaler,MLP,50,12,5,0.2271,8.9236,10.9026,0.2831,-0.5036,0.2802
4,emotion_induction_1,CR,HRSD_21.1,HRSD21,full,StandardScaler,LGBM,50,12,5,0.3021,7.099,8.2614,0.4778,0.1367,0.6209
4,emotion_induction_1,CR,HRSD_21.1,HRSD21,full,StandardScaler,CatBoost,50,12,5,0.2362,8.7871,11.5443,0.3105,-0.6858,0.2347
4,emotion_induction_1,CR,HRSD_21.1,HRSD21,full,MinMaxScaler,Ridge,50,12,15,0.1777,7.9002,8.9063,0.2736,-0.0034,0.4413
4,emotion_induction_1,CR,HRSD_21.1,HRSD21,full,MinMaxScaler,Lasso,50,12,15,0.1614,8.3375,9.417,0.2397,-0.1217,0.2977
4,emotion_induction_1,CR,HRSD_21.1,HRSD21,full,MinMaxScaler,ElasticNet,50,12,15,0.1793,8.2228,9.172,0.2602,-0.0641,0.4413
4,emotion_induction_1,CR,HRSD_21.1,HRSD21,full,MinMaxScaler,SVR,50,12,15,0.2429,8.0175,9.0239,0.2824,-0.0301,0.3678
4,emotion_induction_1,CR,HRSD_21.1,HRSD21,full,MinMaxScaler,KNN,50,12,15,0.2093,7.0595,8.3787,0.3744,0.112,0.4632
4,emotion_induction_1,CR,HRSD_21.1,HRSD21,full,MinMaxScaler,RF,50,12,15,0.2848,7.3949,8.5288,0.5002,0.0799,0.5429
4,emotion_induction_1,CR,HRSD_21.1,HRSD21,full,MinMaxScaler,ET,50,12,15,0.1693,7.4313,8.8713,0.3456,0.0045,0.4904
4,emotion_induction_1,CR,HRSD_21.1,HRSD21,full,MinMaxScaler,GB,50,12,15,0.2753,8.9201,11.5725,0.3766,-0.694,0.3503
4,emotion_induction_1,CR,HRSD_21.1,HRSD21,full,MinMaxScaler,XGB,50,12,15,0.2232,8.4009,10.7885,0.2989,-0.4723,0.3363
4,emotion_induction_1,CR,HRSD_21.1,HRSD21,full,MinMaxScaler,MLP,50,12,15,0.1973,8.3598,9.2688,0.2567,-0.0867,0.3468
4,emotion_induction_1,CR,HRSD_21.1,HRSD21,full,MinMaxScaler,LGBM,50,12,15,0.3396,6.7018,8.1078,0.4585,0.1685,0.5079
4,emotion_induction_1,CR,HRSD_21.1,HRSD21,full,MinMaxScaler,CatBoost,50,12,15,0.2508,7.7036,9.7025,0.3532,-0.1908,0.4028
4,emotion_induction_1,CR,HRSD_21.1,HRSD21,full,RobustScaler,Ridge,50,12,5,0.0808,8.1329,9.7053,0.1422,-0.1915,0.1331
4,emotion_induction_1,CR,HRSD_21.1,HRSD21,full,RobustScaler,Lasso,50,12,5,0.0687,8.0013,9.6812,0.1244,-0.1856,0.1331
4,emotion_induction_1,CR,HRSD_21.1,HRSD21,full,RobustScaler,ElasticNet,50,12,5,0.0563,7.7462,9.4604,0.1148,-0.1321,0.1646
4,emotion_induction_1,CR,HRSD_21.1,HRSD21,full,RobustScaler,SVR,50,12,5,-0.0278,8.6883,11.1308,-0.0451,-0.5672,-0.1051
4,emotion_induction_1,CR,HRSD_21.1,HRSD21,full,RobustScaler,KNN,50,12,5,0.0157,8.0476,10.015,0.0203,-0.2687,0.1789
4,emotion_induction_1,CR,HRSD_21.1,HRSD21,full,RobustScaler,RF,50,12,5,0.0564,8.7433,10.6555,0.0826,-0.4362,0.0245
4,emotion_induction_1,CR,HRSD_21.1,HRSD21,full,RobustScaler,ET,50,12,5,0.0471,8.2165,10.6003,0.07,-0.4214,0.0105
4,emotion_induction_1,CR,HRSD_21.1,HRSD21,full,RobustScaler,GB,50,12,5,0.1105,10.4481,13.3481,0.1527,-1.2537,0.1191
4,emotion_induction_1,CR,HRSD_21.1,HRSD21,full,RobustScaler,XGB,50,12,5,0.1935,9.6368,11.9898,0.2478,-0.8184,0.1611
4,emotion_induction_1,CR,HRSD_21.1,HRSD21,full,RobustScaler,MLP,50,12,5,0.1341,9.2102,10.8977,0.1821,-0.5022,0.0771
4,emotion_induction_1,CR,HRSD_21.1,HRSD21,full,RobustScaler,LGBM,50,12,5,-0.0845,8.8357,10.496,-0.1162,-0.3935,-0.1449
4,emotion_induction_1,CR,HRSD_21.1,HRSD21,full,RobustScaler,CatBoost,50,12,5,0.0553,8.886,12.1553,0.0743,-0.869,0.1331
5,emotion_induction_1,CR,HRSD_21.1,HRSD21,full,StandardScaler,Ridge,50,12,5,0.2206,8.0943,9.803,0.2408,-0.287,-0.0428
5,emotion_induction_1,CR,HRSD_21.1,HRSD21,full,StandardScaler,Lasso,50,12,5,0.2356,8.0456,9.7039,0.2551,-0.2611,-0.025
5,emotion_induction_1,CR,HRSD_21.1,HRSD21,full,StandardScaler,ElasticNet,50,12,5,0.2444,8.0269,9.645,0.2639,-0.2459,0.025
5,emotion_induction_1,CR,HRSD_21.1,HRSD21,full,StandardScaler,SVR,50,12,5,0.0525,7.6829,9.0455,0.0788,-0.0958,-0.0963
5,emotion_induction_1,CR,HRSD_21.1,HRSD21,full,StandardScaler,KNN,50,12,5,-0.0287,8.119,9.9475,-0.0377,-0.3253,-0.1452
5,emotion_induction_1,CR,HRSD_21.1,HRSD21,full,StandardScaler,RF,50,12,5,0.216,6.7772,8.9368,0.2535,-0.0696,0.1819
5,emotion_induction_1,CR,HRSD_21.1,HRSD21,full,StandardScaler,ET,50,12,5,-0.0402,7.6675,10.0273,-0.0481,-0.3466,-0.0321
5,emotion_induction_1,CR,HRSD_21.1,HRSD21,full,StandardScaler,GB,50,12,5,0.0944,8.4273,9.9568,0.103,-0.3277,0.3352
5,emotion_induction_1,CR,HRSD_21.1,HRSD21,full,StandardScaler,XGB,50,12,5,0.0685,8.4171,10.0781,0.0747,-0.3603,0.1997
5,emotion_induction_1,CR,HRSD_21.1,HRSD21,full,StandardScaler,MLP,50,12,5,0.1728,9.5563,11.5993,0.1842,-0.8019,0.0464
5,emotion_induction_1,CR,HRSD_21.1,HRSD21,full,StandardScaler,LGBM,50,12,5,0.1075,7.6416,10.262,0.118,-0.4104,0.1223
5,emotion_induction_1,CR,HRSD_21.1,HRSD21,full,StandardScaler,CatBoost,50,12,5,0.0897,6.9601,9.1394,0.1162,-0.1187,0.0428
5,emotion_induction_1,CR,HRSD_21.1,HRSD21,full,MinMaxScaler,Ridge,50,12,10,0.2005,9.5502,12.3061,0.2244,-1.0282,0.0606
5,emotion_induction_1,CR,HRSD_21.1,HRSD21,full,MinMaxScaler,Lasso,50,12,10,0.2063,9.0409,11.2137,0.2275,-0.6841,0.0606
5,emotion_induction_1,CR,HRSD_21.1,HRSD21,full,MinMaxScaler,ElasticNet,50,12,10,0.2056,9.0984,11.4133,0.2282,-0.7446,0.0998
5,emotion_induction_1,CR,HRSD_21.1,HRSD21,full,MinMaxScaler,SVR,50,12,10,-0.0353,8.6715,10.5177,-0.04,-0.4815,-0.1105
5,emotion_induction_1,CR,HRSD_21.1,HRSD21,full,MinMaxScaler,KNN,50,12,10,0.0381,7.3333,9.4386,0.0708,-0.1931,0.1533
5,emotion_induction_1,CR,HRSD_21.1,HRSD21,full,MinMaxScaler,RF,50,12,10,0.2641,8.3275,9.635,0.2979,-0.2433,0.2246
5,emotion_induction_1,CR,HRSD_21.1,HRSD21,full,MinMaxScaler,ET,50,12,10,0.1036,8.1946,10.0424,0.1192,-0.3507,0.2353
5,emotion_induction_1,CR,HRSD_21.1,HRSD21,full,MinMaxScaler,GB,50,12,10,0.2911,8.7802,9.9428,0.3284,-0.324,0.2567
5,emotion_induction_1,CR,HRSD_21.1,HRSD21,full,MinMaxScaler,XGB,50,12,10,0.1705,9.4121,10.698,0.1998,-0.5328,0.2781
5,emotion_induction_1,CR,HRSD_21.1,HRSD21,full,MinMaxScaler,MLP,50,12,10,0.2031,8.5696,10.56,0.2284,-0.4935,0.1426
5,emotion_induction_1,CR,HRSD_21.1,HRSD21,full,MinMaxScaler,LGBM,50,12,10,0.0988,8.4961,10.1426,0.1259,-0.3778,0.1709
5,emotion_induction_1,CR,HRSD_21.1,HRSD21,full,MinMaxScaler,CatBoost,50,12,10,0.1823,7.7773,9.5417,0.2187,-0.2193,0.2781
5,emotion_induction_1,CR,HRSD_21.1,HRSD21,full,RobustScaler,Ridge,50,12,5,0.0622,7.1206,8.5748,0.2982,0.0153,0.3138
5,emotion_induction_1,CR,HRSD_21.1,HRSD21,full,RobustScaler,Lasso,50,12,5,0.0111,7.4356,8.7108,0.3856,-0.0162,0.328
5,emotion_induction_1,CR,HRSD_21.1,HRSD21,full,RobustScaler,ElasticNet,50,12,5,0.0905,6.9787,8.5415,0.2804,0.0229,0.1462
5,emotion_induction_1,CR,HRSD_21.1,HRSD21,full,RobustScaler,SVR,50,12,5,0.2849,7.5393,9.5007,0.3224,-0.2089,0.3637
5,emotion_induction_1,CR,HRSD_21.1,HRSD21,full,RobustScaler,KNN,50,12,5,0.2352,7.8704,9.4776,0.3241,-0.203,0.3238
5,emotion_induction_1,CR,HRSD_21.1,HRSD21,full,RobustScaler,RF,50,12,5,0.3102,7.54,9.0344,0.3615,-0.0931,0.4101
5,emotion_induction_1,CR,HRSD_21.1,HRSD21,full,RobustScaler,ET,50,12,5,0.186,7.8956,9.5912,0.225,-0.232,0.2746
5,emotion_induction_1,CR,HRSD_21.1,HRSD21,full,RobustScaler,GB,50,12,5,0.3684,8.3239,9.5807,0.407,-0.2293,0.4386
5,emotion_induction_1,CR,HRSD_21.1,HRSD21,full,RobustScaler,XGB,50,12,5,0.3074,8.2483,9.5061,0.3578,-0.2103,0.353
5,emotion_induction_1,CR,HRSD_21.1,HRSD21,full,RobustScaler,MLP,50,12,5,0.2866,8.8785,10.4856,0.3109,-0.4725,0.2853
5,emotion_induction_1,CR,HRSD_21.1,HRSD21,full,RobustScaler,LGBM,50,12,5,0.166,7.5497,9.4768,0.2158,-0.2028,0.2202
5,emotion_induction_1,CR,HRSD_21.1,HRSD21,full,RobustScaler,CatBoost,50,12,5,0.2027,8.5128,9.917,0.2471,-0.3172,0.353
1,emotion_induction_1,CR,HRSD_24.1,HRSD24,full,StandardScaler,Ridge,49,13,5,-0.1608,16.157,19.783,-0.2172,-0.6148,-0.3829
1,emotion_induction_1,CR,HRSD_24.1,HRSD24,full,StandardScaler,Lasso,49,13,5,-0.1634,16.1533,19.7549,-0.2219,-0.6102,-0.3829
1,emotion_induction_1,CR,HRSD_24.1,HRSD24,full,StandardScaler,ElasticNet,49,13,5,-0.1689,16.1465,19.702,-0.2319,-0.6016,-0.3829
1,emotion_induction_1,CR,HRSD_24.1,HRSD24,full,StandardScaler,SVR,49,13,5,-0.2465,15.6287,19.4606,-0.3813,-0.5626,-0.4931
1,emotion_induction_1,CR,HRSD_24.1,HRSD24,full,StandardScaler,KNN,49,13,5,-0.2801,16.2564,19.6678,-0.4108,-0.596,-0.44
1,emotion_induction_1,CR,HRSD_24.1,HRSD24,full,StandardScaler,RF,49,13,5,-0.1586,14.9615,18.1746,-0.3126,-0.3629,-0.2865
1,emotion_induction_1,CR,HRSD_24.1,HRSD24,full,StandardScaler,ET,49,13,5,-0.1238,14.3173,17.6123,-0.229,-0.2799,-0.3691
1,emotion_induction_1,CR,HRSD_24.1,HRSD24,full,StandardScaler,GB,49,13,5,0.0662,12.5269,17.6449,0.118,-0.2846,0.0937
1,emotion_induction_1,CR,HRSD_24.1,HRSD24,full,StandardScaler,XGB,49,13,5,0.0573,12.5248,17.8826,0.0989,-0.3194,0.1295
1,emotion_induction_1,CR,HRSD_24.1,HRSD24,full,StandardScaler,MLP,49,13,5,-0.1817,15.8745,19.5527,-0.2559,-0.5774,-0.3333
1,emotion_induction_1,CR,HRSD_24.1,HRSD24,full,StandardScaler,LGBM,49,13,5,0.0509,13.2297,17.019,0.0924,-0.1951,-0.0372
1,emotion_induction_1,CR,HRSD_24.1,HRSD24,full,StandardScaler,CatBoost,49,13,5,-0.0524,13.5835,18.1004,-0.108,-0.3518,-0.0744
1,emotion_induction_1,CR,HRSD_24.1,HRSD24,full,MinMaxScaler,Ridge,49,13,15,-0.2474,16.6796,19.9351,-0.3515,-0.6397,-0.5069
1,emotion_induction_1,CR,HRSD_24.1,HRSD24,full,MinMaxScaler,Lasso,49,13,15,-0.2444,16.1473,19.4292,-0.3809,-0.5575,-0.4931
1,emotion_induction_1,CR,HRSD_24.1,HRSD24,full,MinMaxScaler,ElasticNet,49,13,15,-0.2476,16.6319,19.8788,-0.355,-0.6304,-0.4821
1,emotion_induction_1,CR,HRSD_24.1,HRSD24,full,MinMaxScaler,SVR,49,13,15,-0.2457,16.4087,19.4662,-0.3526,-0.5635,-0.5096
1,emotion_induction_1,CR,HRSD_24.1,HRSD24,full,MinMaxScaler,KNN,49,13,15,-0.1991,15.3846,19.3936,-0.2897,-0.5518,-0.3384
1,emotion_induction_1,CR,HRSD_24.1,HRSD24,full,MinMaxScaler,RF,49,13,15,-0.0508,13.8319,17.879,-0.1016,-0.3189,-0.2672
1,emotion_induction_1,CR,HRSD_24.1,HRSD24,full,MinMaxScaler,ET,49,13,15,-0.1804,15.2512,18.8848,-0.3478,-0.4715,-0.416
1,emotion_induction_1,CR,HRSD_24.1,HRSD24,full,MinMaxScaler,GB,49,13,15,-0.0921,14.0924,18.8505,-0.1634,-0.4661,-0.2865
1,emotion_induction_1,CR,HRSD_24.1,HRSD24,full,MinMaxScaler,XGB,49,13,15,-0.0184,13.8649,18.5968,-0.0301,-0.4269,-0.135
1,emotion_induction_1,CR,HRSD_24.1,HRSD24,full,MinMaxScaler,MLP,49,13,15,-0.205,15.0313,17.903,-0.447,-0.3224,-0.562
1,emotion_induction_1,CR,HRSD_24.1,HRSD24,full,MinMaxScaler,LGBM,49,13,15,-0.0012,13.7969,17.4159,-0.0019,-0.2515,-0.0471
1,emotion_induction_1,CR,HRSD_24.1,HRSD24,full,MinMaxScaler,CatBoost,49,13,15,-0.0777,14.4266,18.3065,-0.1547,-0.3827,-0.3168
1,emotion_induction_1,CR,HRSD_24.1,HRSD24,full,RobustScaler,Ridge,49,13,5,-0.2635,15.3044,19.0688,-0.4376,-0.5003,-0.5014
1,emotion_induction_1,CR,HRSD_24.1,HRSD24,full,RobustScaler,Lasso,49,13,5,-0.3075,15.7311,19.1459,-0.5409,-0.5124,-0.6171
1,emotion_induction_1,CR,HRSD_24.1,HRSD24,full,RobustScaler,ElasticNet,49,13,5,-0.2861,15.5098,19.0931,-0.4936,-0.5041,-0.5289
1,emotion_induction_1,CR,HRSD_24.1,HRSD24,full,RobustScaler,SVR,49,13,5,-0.3529,16.6315,20.0015,-0.5562,-0.6506,-0.5069
1,emotion_induction_1,CR,HRSD_24.1,HRSD24,full,RobustScaler,KNN,49,13,5,-0.3295,16.7436,20.2769,-0.4461,-0.6964,-0.4177
1,emotion_induction_1,CR,HRSD_24.1,HRSD24,full,RobustScaler,RF,49,13,5,-0.2765,15.8973,18.9332,-0.4677,-0.479,-0.5014
1,emotion_induction_1,CR,HRSD_24.1,HRSD24,full,RobustScaler,ET,49,13,5,-0.2652,15.8004,18.873,-0.4169,-0.4696,-0.4242
1,emotion_induction_1,CR,HRSD_24.1,HRSD24,full,RobustScaler,GB,49,13,5,-0.1459,14.7013,18.2803,-0.2222,-0.3788,-0.0331
1,emotion_induction_1,CR,HRSD_24.1,HRSD24,full,RobustScaler,XGB,49,13,5,-0.0946,14.2998,18.3153,-0.1273,-0.3841,-0.0468
1,emotion_induction_1,CR,HRSD_24.1,HRSD24,full,RobustScaler,MLP,49,13,5,-0.332,16.0912,19.8894,-0.4909,-0.6322,-0.4656
1,emotion_induction_1,CR,HRSD_24.1,HRSD24,full,RobustScaler,LGBM,49,13,5,-0.1009,14.3147,17.8611,-0.1885,-0.3163,-0.304
1,emotion_induction_1,CR,HRSD_24.1,HRSD24,full,RobustScaler,CatBoost,49,13,5,-0.2681,15.8494,19.1589,-0.4166,-0.5145,-0.2562
2,emotion_induction_1,CR,HRSD_24.1,HRSD24,full,StandardScaler,Ridge,49,13,5,0.0823,19.5019,26.8053,0.1484,-6.6113,0.1403
2,emotion_induction_1,CR,HRSD_24.1,HRSD24,full,StandardScaler,Lasso,49,13,5,0.0824,19.4907,26.7852,0.1485,-6.5999,0.1403
2,emotion_induction_1,CR,HRSD_24.1,HRSD24,full,StandardScaler,ElasticNet,49,13,5,0.0836,19.3537,26.5548,0.1496,-6.4697,0.1403
2,emotion_induction_1,CR,HRSD_24.1,HRSD24,full,StandardScaler,SVR,49,13,5,0.008,9.3295,12.3489,0.0105,-0.6154,0.0028
2,emotion_induction_1,CR,HRSD_24.1,HRSD24,full,StandardScaler,KNN,49,13,5,0.1605,8.7231,11.7948,0.2061,-0.4737,0.0165
2,emotion_induction_1,CR,HRSD_24.1,HRSD24,full,StandardScaler,RF,49,13,5,0.1138,8.5754,10.9073,0.1441,-0.2602,0.0908
2,emotion_induction_1,CR,HRSD_24.1,HRSD24,full,StandardScaler,ET,49,13,5,0.1377,8.4413,11.3125,0.1695,-0.3556,0.055
2,emotion_induction_1,CR,HRSD_24.1,HRSD24,full,StandardScaler,GB,49,13,5,0.1474,9.5183,12.0267,0.1816,-0.5322,0.0688
2,emotion_induction_1,CR,HRSD_24.1,HRSD24,full,StandardScaler,XGB,49,13,5,0.0125,10.2572,12.7872,0.0167,-0.7321,-0.0578
2,emotion_induction_1,CR,HRSD_24.1,HRSD24,full,StandardScaler,MLP,49,13,5,0.1686,12.0558,14.5771,0.1961,-1.2509,0.1403
2,emotion_induction_1,CR,HRSD_24.1,HRSD24,full,StandardScaler,LGBM,49,13,5,0.0021,11.7158,13.4977,0.0022,-0.9299,0.0028
2,emotion_induction_1,CR,HRSD_24.1,HRSD24,full,StandardScaler,CatBoost,49,13,5,0.1081,8.6918,11.4452,0.1533,-0.3876,0.0358
2,emotion_induction_1,CR,HRSD_24.1,HRSD24,full,MinMaxScaler,Ridge,49,13,10,-0.0736,15.155,22.7227,-0.0926,-4.4694,-0.0193
2,emotion_induction_1,CR,HRSD_24.1,HRSD24,full,MinMaxScaler,Lasso,49,13,10,-0.0775,15.6647,21.824,-0.0948,-4.0453,-0.0385
2,emotion_induction_1,CR,HRSD_24.1,HRSD24,full,MinMaxScaler,ElasticNet,49,13,10,-0.084,13.8785,19.8496,-0.0958,-3.1737,-0.0715
2,emotion_induction_1,CR,HRSD_24.1,HRSD24,full,MinMaxScaler,SVR,49,13,10,-0.0747,10.2973,13.1374,-0.1002,-0.8283,-0.055
2,emotion_induction_1,CR,HRSD_24.1,HRSD24,full,MinMaxScaler,KNN,49,13,10,-0.0344,10.7912,12.897,-0.045,-0.762,-0.0908
2,emotion_induction_1,CR,HRSD_24.1,HRSD24,full,MinMaxScaler,RF,49,13,10,-0.1763,10.69,12.7068,-0.2101,-0.7104,-0.088
2,emotion_induction_1,CR,HRSD_24.1,HRSD24,full,MinMaxScaler,ET,49,13,10,-0.0898,10.1362,12.4896,-0.103,-0.6524,-0.1486
2,emotion_induction_1,CR,HRSD_24.1,HRSD24,full,MinMaxScaler,GB,49,13,10,0.0548,9.5334,12.7857,0.0671,-0.7317,0.0055
2,emotion_induction_1,CR,HRSD_24.1,HRSD24,full,MinMaxScaler,XGB,49,13,10,0.0106,10.0826,13.3164,0.0141,-0.8784,0.055
2,emotion_induction_1,CR,HRSD_24.1,HRSD24,full,MinMaxScaler,MLP,49,13,10,-0.0635,14.4409,19.9327,-0.0743,-3.2087,0.0193
2,emotion_induction_1,CR,HRSD_24.1,HRSD24,full,MinMaxScaler,LGBM,49,13,10,-0.1768,11.7334,14.0462,-0.1858,-1.0899,-0.1073
2,emotion_induction_1,CR,HRSD_24.1,HRSD24,full,MinMaxScaler,CatBoost,49,13,10,-0.0711,10.4865,13.3677,-0.0785,-0.8929,-0.044
2,emotion_induction_1,CR,HRSD_24.1,HRSD24,full,RobustScaler,Ridge,49,13,10,-0.0391,21.9279,43.726,-0.0894,-19.2533,0.088
2,emotion_induction_1,CR,HRSD_24.1,HRSD24,full,RobustScaler,Lasso,49,13,10,-0.0448,22.7979,41.338,-0.0964,-17.1016,0.0358
2,emotion_induction_1,CR,HRSD_24.1,HRSD24,full,RobustScaler,ElasticNet,49,13,10,-0.0394,23.9696,45.7211,-0.0937,-21.1438,0.0358
2,emotion_induction_1,CR,HRSD_24.1,HRSD24,full,RobustScaler,SVR,49,13,10,-0.2655,10.6537,13.007,-0.3535,-0.7921,-0.564
2,emotion_induction_1,CR,HRSD_24.1,HRSD24,full,RobustScaler,KNN,49,13,10,-0.1347,10.9487,14.2832,-0.1726,-1.1611,-0.1521
2,emotion_induction_1,CR,HRSD_24.1,HRSD24,full,RobustScaler,RF,49,13,10,-0.1865,10.84,12.645,-0.2709,-0.6938,-0.2503
2,emotion_induction_1,CR,HRSD_24.1,HRSD24,full,RobustScaler,ET,49,13,10,-0.096,10.3312,12.405,-0.1279,-0.6301,-0.1458
2,emotion_induction_1,CR,HRSD_24.1,HRSD24,full,RobustScaler,GB,49,13,10,-0.0631,9.9659,12.7198,-0.075,-0.7139,-0.1018
2,emotion_induction_1,CR,HRSD_24.1,HRSD24,full,RobustScaler,XGB,49,13,10,-0.0313,10.2699,12.5697,-0.042,-0.6737,-0.0358
2,emotion_induction_1,CR,HRSD_24.1,HRSD24,full,RobustScaler,MLP,49,13,10,-0.0148,45.6802,121.3831,-0.0938,-155.0751,0.1183
2,emotion_induction_1,CR,HRSD_24.1,HRSD24,full,RobustScaler,LGBM,49,13,10,-0.2027,11.37,13.8076,-0.2158,-1.0195,-0.1788
2,emotion_induction_1,CR,HRSD_24.1,HRSD24,full,RobustScaler,CatBoost,49,13,10,-0.0943,9.947,12.6109,-0.1157,-0.6847,-0.088
3,emotion_induction_1,CR,HRSD_24.1,HRSD24,full,StandardScaler,Ridge,50,12,5,0.0008,11.5736,14.3975,0.001,-0.5596,0.0741
3,emotion_induction_1,CR,HRSD_24.1,HRSD24,full,StandardScaler,Lasso,50,12,5,0.001,11.59,14.4656,0.0012,-0.5744,0.0741
3,emotion_induction_1,CR,HRSD_24.1,HRSD24,full,StandardScaler,ElasticNet,50,12,5,0.0005,11.5145,14.1589,0.0006,-0.5084,0.0741
3,emotion_induction_1,CR,HRSD_24.1,HRSD24,full,StandardScaler,SVR,50,12,5,-0.0807,11.2233,13.36,-0.1018,-0.3429,-0.1376
3,emotion_induction_1,CR,HRSD_24.1,HRSD24,full,StandardScaler,KNN,50,12,5,0.0002,10.4,12.578,0.0002,-0.1903,-0.2171
3,emotion_induction_1,CR,HRSD_24.1,HRSD24,full,StandardScaler,RF,50,12,5,-0.0607,11.0517,13.206,-0.0953,-0.3122,-0.2046
3,emotion_induction_1,CR,HRSD_24.1,HRSD24,full,StandardScaler,ET,50,12,5,-0.0183,10.5475,12.6039,-0.0318,-0.1952,-0.0952
3,emotion_induction_1,CR,HRSD_24.1,HRSD24,full,StandardScaler,GB,50,12,5,-0.2598,13.3707,15.2082,-0.3165,-0.7402,-0.3069
3,emotion_induction_1,CR,HRSD_24.1,HRSD24,full,StandardScaler,XGB,50,12,5,-0.2215,12.8674,15.2613,-0.2734,-0.7524,-0.2011
3,emotion_induction_1,CR,HRSD_24.1,HRSD24,full,StandardScaler,MLP,50,12,5,-0.0577,12.4358,15.7851,-0.06,-0.8747,0.0282
3,emotion_induction_1,CR,HRSD_24.1,HRSD24,full,StandardScaler,LGBM,50,12,5,0.2486,9.0226,10.816,0.5316,0.1198,0.446
3,emotion_induction_1,CR,HRSD_24.1,HRSD24,full,StandardScaler,CatBoost,50,12,5,-0.1239,12.4313,14.117,-0.1654,-0.4994,-0.2187
3,emotion_induction_1,CR,HRSD_24.1,HRSD24,full,MinMaxScaler,Ridge,50,12,10,0.2661,9.4139,10.8307,0.4606,0.1174,0.5291
3,emotion_induction_1,CR,HRSD_24.1,HRSD24,full,MinMaxScaler,Lasso,50,12,10,0.209,9.5224,10.8484,0.4793,0.1145,0.3527
3,emotion_induction_1,CR,HRSD_24.1,HRSD24,full,MinMaxScaler,ElasticNet,50,12,10,0.2493,9.4906,10.8131,0.4625,0.1203,0.4268
3,emotion_induction_1,CR,HRSD_24.1,HRSD24,full,MinMaxScaler,SVR,50,12,10,0.3773,8.7158,9.9371,0.5156,0.257,0.4162
3,emotion_induction_1,CR,HRSD_24.1,HRSD24,full,MinMaxScaler,KNN,50,12,10,0.3707,8.85,10.2478,0.5059,0.2099,0.5177
3,emotion_induction_1,CR,HRSD_24.1,HRSD24,full,MinMaxScaler,RF,50,12,10,0.1896,9.715,11.1269,0.3969,0.0685,0.3457
3,emotion_induction_1,CR,HRSD_24.1,HRSD24,full,MinMaxScaler,ET,50,12,10,0.1663,10.2188,11.2227,0.2819,0.0524,0.2363
3,emotion_induction_1,CR,HRSD_24.1,HRSD24,full,MinMaxScaler,GB,50,12,10,0.2292,10.0501,11.6366,0.2928,-0.0188,0.2646
3,emotion_induction_1,CR,HRSD_24.1,HRSD24,full,MinMaxScaler,XGB,50,12,10,-0.0174,11.1564,12.8149,-0.0274,-0.2356,-0.1129
3,emotion_induction_1,CR,HRSD_24.1,HRSD24,full,MinMaxScaler,MLP,50,12,10,0.485,7.8058,9.1133,0.6954,0.3751,0.5573
3,emotion_induction_1,CR,HRSD_24.1,HRSD24,full,MinMaxScaler,LGBM,50,12,10,0.3826,9.0449,9.8197,0.5921,0.2745,0.4762
3,emotion_induction_1,CR,HRSD_24.1,HRSD24,full,MinMaxScaler,CatBoost,50,12,10,0.198,9.9433,10.9772,0.3245,0.0934,0.1235
3,emotion_induction_1,CR,HRSD_24.1,HRSD24,full,RobustScaler,Ridge,50,12,5,0.2492,8.9301,11.0111,0.3653,0.0878,0.2822
3,emotion_induction_1,CR,HRSD_24.1,HRSD24,full,RobustScaler,Lasso,50,12,5,0.2526,8.8929,10.997,0.3693,0.0901,0.2822
3,emotion_induction_1,CR,HRSD_24.1,HRSD24,full,RobustScaler,ElasticNet,50,12,5,0.2378,9.0436,11.0522,0.3529,0.0809,0.2575
3,emotion_induction_1,CR,HRSD_24.1,HRSD24,full,RobustScaler,SVR,50,12,5,0.2354,9.2957,11.3069,0.3328,0.0381,0.2505
3,emotion_induction_1,CR,HRSD_24.1,HRSD24,full,RobustScaler,KNN,50,12,5,0.1827,9.3,11.5138,0.245,0.0026,0.3633
3,emotion_induction_1,CR,HRSD_24.1,HRSD24,full,RobustScaler,RF,50,12,5,0.2116,9.2414,11.0264,0.4935,0.0852,0.4057
3,emotion_induction_1,CR,HRSD_24.1,HRSD24,full,RobustScaler,ET,50,12,5,0.1495,9.5187,11.1769,0.3328,0.0601,0.1446
3,emotion_induction_1,CR,HRSD_24.1,HRSD24,full,RobustScaler,GB,50,12,5,0.304,9.0635,10.9441,0.4012,0.0988,0.3845
3,emotion_induction_1,CR,HRSD_24.1,HRSD24,full,RobustScaler,XGB,50,12,5,0.2153,9.0934,11.4379,0.3338,0.0157,0.2822
3,emotion_induction_1,CR,HRSD_24.1,HRSD24,full,RobustScaler,MLP,50,12,5,0.1528,9.3305,11.4566,0.2213,0.0125,0.2681
3,emotion_induction_1,CR,HRSD_24.1,HRSD24,full,RobustScaler,LGBM,50,12,5,0.3517,8.6544,10.0934,0.5704,0.2335,0.3598
3,emotion_induction_1,CR,HRSD_24.1,HRSD24,full,RobustScaler,CatBoost,50,12,5,0.3145,9.0073,10.4886,0.4716,0.1723,0.4409
4,emotion_induction_1,CR,HRSD_24.1,HRSD24,full,StandardScaler,Ridge,50,12,5,0.1405,10.4943,12.1113,0.2109,-0.525,0.186
4,emotion_induction_1,CR,HRSD_24.1,HRSD24,full,StandardScaler,Lasso,50,12,5,0.1125,10.428,12.0504,0.1753,-0.5097,0.186
4,emotion_induction_1,CR,HRSD_24.1,HRSD24,full,StandardScaler,ElasticNet,50,12,5,0.1631,10.689,12.5864,0.2398,-0.647,0.186
4,emotion_induction_1,CR,HRSD_24.1,HRSD24,full,StandardScaler,SVR,50,12,5,-0.0011,14.0062,17.236,-0.0015,-2.0885,-0.0175
4,emotion_induction_1,CR,HRSD_24.1,HRSD24,full,StandardScaler,KNN,50,12,5,0.0869,10.0185,10.9079,0.1115,-0.237,0.0842
4,emotion_induction_1,CR,HRSD_24.1,HRSD24,full,StandardScaler,RF,50,12,5,0.3756,8.8629,10.7578,0.5088,-0.2032,0.4912
4,emotion_induction_1,CR,HRSD_24.1,HRSD24,full,StandardScaler,ET,50,12,5,0.2199,9.725,12.1675,0.3085,-0.5392,0.3088
4,emotion_induction_1,CR,HRSD_24.1,HRSD24,full,StandardScaler,GB,50,12,5,0.3086,10.4784,14.4782,0.4591,-1.1793,0.4211
4,emotion_induction_1,CR,HRSD_24.1,HRSD24,full,StandardScaler,XGB,50,12,5,0.3141,10.1162,13.7825,0.4402,-0.9749,0.4316
4,emotion_induction_1,CR,HRSD_24.1,HRSD24,full,StandardScaler,MLP,50,12,5,0.1736,10.3864,12.8185,0.2226,-0.7083,0.2035
4,emotion_induction_1,CR,HRSD_24.1,HRSD24,full,StandardScaler,LGBM,50,12,5,0.2868,8.9292,10.108,0.4495,-0.0622,0.432
4,emotion_induction_1,CR,HRSD_24.1,HRSD24,full,StandardScaler,CatBoost,50,12,5,0.2894,10.4874,13.5924,0.4076,-0.9208,0.386
4,emotion_induction_1,CR,HRSD_24.1,HRSD24,full,MinMaxScaler,Ridge,50,12,15,0.1703,9.9343,10.7658,0.2433,-0.205,0.2632
4,emotion_induction_1,CR,HRSD_24.1,HRSD24,full,MinMaxScaler,Lasso,50,12,15,0.1528,10.4368,11.572,0.2222,-0.3922,0.2807
4,emotion_induction_1,CR,HRSD_24.1,HRSD24,full,MinMaxScaler,ElasticNet,50,12,15,0.1809,10.2652,11.22,0.2535,-0.3088,0.2807
4,emotion_induction_1,CR,HRSD_24.1,HRSD24,full,MinMaxScaler,SVR,50,12,15,0.1993,10.075,11.0116,0.2888,-0.2606,0.3228
4,emotion_induction_1,CR,HRSD_24.1,HRSD24,full,MinMaxScaler,KNN,50,12,15,0.2113,8.5833,9.652,0.3345,0.0315,0.2004
4,emotion_induction_1,CR,HRSD_24.1,HRSD24,full,MinMaxScaler,RF,50,12,15,0.4073,8.69,9.4297,0.5681,0.0756,0.6246
4,emotion_induction_1,CR,HRSD_24.1,HRSD24,full,MinMaxScaler,ET,50,12,15,0.3688,8.7558,9.5157,0.5309,0.0586,0.5404
4,emotion_induction_1,CR,HRSD_24.1,HRSD24,full,MinMaxScaler,GB,50,12,15,0.227,10.878,14.0573,0.3325,-1.0544,0.3123
4,emotion_induction_1,CR,HRSD_24.1,HRSD24,full,MinMaxScaler,XGB,50,12,15,0.2701,10.5877,13.294,0.418,-0.8374,0.4
4,emotion_induction_1,CR,HRSD_24.1,HRSD24,full,MinMaxScaler,MLP,50,12,15,0.1739,9.4341,10.2667,0.2569,-0.0958,0.3263
4,emotion_induction_1,CR,HRSD_24.1,HRSD24,full,MinMaxScaler,LGBM,50,12,15,0.3314,8.5633,9.5201,0.3948,0.0578,0.3228
4,emotion_induction_1,CR,HRSD_24.1,HRSD24,full,MinMaxScaler,CatBoost,50,12,15,0.263,9.9677,12.4497,0.4079,-0.6114,0.4
4,emotion_induction_1,CR,HRSD_24.1,HRSD24,full,RobustScaler,Ridge,50,12,5,0.0784,10.4933,12.2269,0.1296,-0.5542,0.1053
4,emotion_induction_1,CR,HRSD_24.1,HRSD24,full,RobustScaler,Lasso,50,12,5,0.0701,10.3631,12.2206,0.1184,-0.5526,0.1053
4,emotion_induction_1,CR,HRSD_24.1,HRSD24,full,RobustScaler,ElasticNet,50,12,5,0.0645,9.9763,11.6811,0.1161,-0.4186,0.1053
4,emotion_induction_1,CR,HRSD_24.1,HRSD24,full,RobustScaler,SVR,50,12,5,-0.1026,11.2327,13.0786,-0.1541,-0.7783,-0.1193
4,emotion_induction_1,CR,HRSD_24.1,HRSD24,full,RobustScaler,KNN,50,12,5,-0.0781,12.6667,15.384,-0.089,-1.4605,-0.2372
4,emotion_induction_1,CR,HRSD_24.1,HRSD24,full,RobustScaler,RF,50,12,5,0.1364,9.7033,11.2486,0.2224,-0.3155,0.3228
4,emotion_induction_1,CR,HRSD_24.1,HRSD24,full,RobustScaler,ET,50,12,5,0.0569,11.515,13.0094,0.084,-0.7595,0.0702
4,emotion_induction_1,CR,HRSD_24.1,HRSD24,full,RobustScaler,GB,50,12,5,0.2117,11.4873,15.2703,0.2886,-1.4243,0.2702
4,emotion_induction_1,CR,HRSD_24.1,HRSD24,full,RobustScaler,XGB,50,12,5,0.1334,11.9559,15.3024,0.1795,-1.4345,0.0807
4,emotion_induction_1,CR,HRSD_24.1,HRSD24,full,RobustScaler,MLP,50,12,5,0.0886,11.6551,14.1104,0.1246,-1.07,0.1088
4,emotion_induction_1,CR,HRSD_24.1,HRSD24,full,RobustScaler,LGBM,50,12,5,-0.0765,10.2515,12.4296,-0.0967,-0.6062,-0.164
4,emotion_induction_1,CR,HRSD_24.1,HRSD24,full,RobustScaler,CatBoost,50,12,5,0.1039,11.6687,14.45,0.1561,-1.1708,0.1684
5,emotion_induction_1,CR,HRSD_24.1,HRSD24,full,StandardScaler,Ridge,50,12,5,0.24,8.3662,10.5266,0.3787,0.1381,0.386
5,emotion_induction_1,CR,HRSD_24.1,HRSD24,full,StandardScaler,Lasso,50,12,5,0.2225,8.4954,10.5346,0.3828,0.1367,0.4281
5,emotion_induction_1,CR,HRSD_24.1,HRSD24,full,StandardScaler,ElasticNet,50,12,5,0.205,8.5786,10.5712,0.3817,0.1307,0.4772
5,emotion_induction_1,CR,HRSD_24.1,HRSD24,full,StandardScaler,SVR,50,12,5,0.3125,7.9085,10.5123,0.3934,0.1404,0.593
5,emotion_induction_1,CR,HRSD_24.1,HRSD24,full,StandardScaler,KNN,50,12,5,0.4181,8.3889,10.569,0.4659,0.1311,0.4674
5,emotion_induction_1,CR,HRSD_24.1,HRSD24,full,StandardScaler,RF,50,12,5,0.2568,8.6616,11.0576,0.3197,0.0489,0.2175
5,emotion_induction_1,CR,HRSD_24.1,HRSD24,full,StandardScaler,ET,50,12,5,0.2124,10.3793,12.1126,0.2297,-0.1413,0.2982
5,emotion_induction_1,CR,HRSD_24.1,HRSD24,full,StandardScaler,GB,50,12,5,0.5657,8.4221,9.8149,0.5771,0.2507,0.5509
5,emotion_induction_1,CR,HRSD_24.1,HRSD24,full,StandardScaler,XGB,50,12,5,0.4304,8.678,10.4302,0.46,0.1538,0.3708
5,emotion_induction_1,CR,HRSD_24.1,HRSD24,full,StandardScaler,MLP,50,12,5,0.2773,8.0908,10.7399,0.3504,0.1028,0.4281
5,emotion_induction_1,CR,HRSD_24.1,HRSD24,full,StandardScaler,LGBM,50,12,5,0.2242,9.0867,11.3871,0.2729,-0.0086,0.3322
5,emotion_induction_1,CR,HRSD_24.1,HRSD24,full,StandardScaler,CatBoost,50,12,5,0.3052,8.8942,10.8078,0.3693,0.0914,0.3649
5,emotion_induction_1,CR,HRSD_24.1,HRSD24,full,MinMaxScaler,Ridge,50,12,10,0.1851,11.7982,14.6114,0.1975,-0.6607,0.0596
5,emotion_induction_1,CR,HRSD_24.1,HRSD24,full,MinMaxScaler,Lasso,50,12,10,0.1916,11.2166,13.653,0.2058,-0.45,0.1228
5,emotion_induction_1,CR,HRSD_24.1,HRSD24,full,MinMaxScaler,ElasticNet,50,12,10,0.182,11.3673,13.7864,0.1971,-0.4785,0.0456
5,emotion_induction_1,CR,HRSD_24.1,HRSD24,full,MinMaxScaler,SVR,50,12,10,0.0286,10.0466,12.0634,0.0416,-0.132,0.0772
5,emotion_induction_1,CR,HRSD_24.1,HRSD24,full,MinMaxScaler,KNN,50,12,10,0.084,9.119,11.5002,0.1698,-0.0288,0.2526
5,emotion_induction_1,CR,HRSD_24.1,HRSD24,full,MinMaxScaler,RF,50,12,10,0.1902,11.13,13.0364,0.2084,-0.322,0.2632
5,emotion_induction_1,CR,HRSD_24.1,HRSD24,full,MinMaxScaler,ET,50,12,10,0.1557,10.4996,12.7535,0.1823,-0.2652,0.393
5,emotion_induction_1,CR,HRSD_24.1,HRSD24,full,MinMaxScaler,GB,50,12,10,0.3835,10.4568,11.9272,0.4465,-0.1066,0.393
5,emotion_induction_1,CR,HRSD_24.1,HRSD24,full,MinMaxScaler,XGB,50,12,10,0.2879,11.1547,12.1391,0.3446,-0.1463,0.3684
5,emotion_induction_1,CR,HRSD_24.1,HRSD24,full,MinMaxScaler,MLP,50,12,10,0.1987,10.2069,12.3427,0.2246,-0.185,0.1649
5,emotion_induction_1,CR,HRSD_24.1,HRSD24,full,MinMaxScaler,LGBM,50,12,10,0.1101,10.3634,12.7518,0.137,-0.2649,0.1975
5,emotion_induction_1,CR,HRSD_24.1,HRSD24,full,MinMaxScaler,CatBoost,50,12,10,0.1974,10.9951,12.7629,0.2288,-0.2671,0.4281
5,emotion_induction_1,CR,HRSD_24.1,HRSD24,full,RobustScaler,Ridge,50,12,10,0.1606,9.1249,11.1858,0.2844,0.0267,0.2737
5,emotion_induction_1,CR,HRSD_24.1,HRSD24,full,RobustScaler,Lasso,50,12,10,0.0092,9.5161,11.4234,0.3202,-0.0151,0.2842
5,emotion_induction_1,CR,HRSD_24.1,HRSD24,full,RobustScaler,ElasticNet,50,12,10,0.2149,9.5215,11.4772,0.2858,-0.0247,0.414
5,emotion_induction_1,CR,HRSD_24.1,HRSD24,full,RobustScaler,SVR,50,12,10,0.2613,9.1808,11.2011,0.322,0.024,0.3965
5,emotion_induction_1,CR,HRSD_24.1,HRSD24,full,RobustScaler,KNN,50,12,10,0.194,8.6548,11.139,0.2962,0.0348,0.3193
5,emotion_induction_1,CR,HRSD_24.1,HRSD24,full,RobustScaler,RF,50,12,10,0.247,10.08,12.0291,0.2855,-0.1256,0.3719
5,emotion_induction_1,CR,HRSD_24.1,HRSD24,full,RobustScaler,ET,50,12,10,0.3018,9.3704,11.5691,0.3574,-0.0411,0.4842
5,emotion_induction_1,CR,HRSD_24.1,HRSD24,full,RobustScaler,GB,50,12,10,0.5329,10.4209,11.7928,0.6277,-0.0818,0.5053
5,emotion_induction_1,CR,HRSD_24.1,HRSD24,full,RobustScaler,XGB,50,12,10,0.3531,10.9063,12.2333,0.4277,-0.1641,0.4351
5,emotion_induction_1,CR,HRSD_24.1,HRSD24,full,RobustScaler,MLP,50,12,10,0.2917,11.0092,13.6711,0.2963,-0.4538,0.579
5,emotion_induction_1,CR,HRSD_24.1,HRSD24,full,RobustScaler,LGBM,50,12,10,0.0881,10.5436,12.4925,0.1085,-0.214,0.2905
5,emotion_induction_1,CR,HRSD_24.1,HRSD24,full,RobustScaler,CatBoost,50,12,10,0.3158,10.6744,12.1839,0.3622,-0.1547,0.2281
