fold,phase,condition,target,target_short,features,scaler,model,n_train,n_test,n_features,CCC,MAE,RMSE,Pearson_r,R2,Spearman_r
1,latency,CRADK,phq_8,PHQ8,full,StandardScaler,Ridge,48,13,5,0.1129,5.3717,6.76,0.1751,-0.0369,-0.0386
1,latency,CRADK,phq_8,PHQ8,full,StandardScaler,Lasso,48,13,5,0.112,5.2462,6.6239,0.1963,0.0044,-0.0938
1,latency,CRADK,phq_8,PHQ8,full,StandardScaler,ElasticNet,48,13,5,0.1083,5.2764,6.6261,0.1947,0.0038,-0.0745
1,latency,CRADK,phq_8,PHQ8,full,StandardScaler,SVR,48,13,5,-0.1399,6.5796,7.8994,-0.2208,-0.4159,-0.3172
1,latency,CRADK,phq_8,PHQ8,full,StandardScaler,KNN,48,13,5,-0.2861,6.8923,8.5247,-0.3875,-0.6489,-0.5173
1,latency,CRADK,phq_8,PHQ8,full,StandardScaler,RF,48,13,5,-0.1072,5.9663,7.2344,-0.2142,-0.1875,-0.309
1,latency,CRADK,phq_8,PHQ8,full,StandardScaler,ET,48,13,5,-0.0447,5.7215,7.0147,-0.1032,-0.1165,-0.1545
1,latency,CRADK,phq_8,PHQ8,full,StandardScaler,GB,48,13,5,-0.1503,7.2086,8.0521,-0.182,-0.4712,-0.3255
1,latency,CRADK,phq_8,PHQ8,full,StandardScaler,XGB,48,13,5,-0.156,6.9907,7.8475,-0.2153,-0.3974,-0.1903
1,latency,CRADK,phq_8,PHQ8,full,StandardScaler,MLP,48,13,5,0.1247,5.4703,6.5486,0.2181,0.0269,0.2483
1,latency,CRADK,phq_8,PHQ8,full,StandardScaler,LGBM,48,13,5,-0.0541,6.1894,7.2312,-0.0863,-0.1865,-0.2583
1,latency,CRADK,phq_8,PHQ8,full,StandardScaler,CatBoost,48,13,5,-0.0655,6.1457,7.2285,-0.1102,-0.1856,-0.2317
1,latency,CRADK,phq_8,PHQ8,full,MinMaxScaler,Ridge,48,13,10,-0.2054,5.9613,7.5418,-0.4378,-0.2906,-0.3807
1,latency,CRADK,phq_8,PHQ8,full,MinMaxScaler,Lasso,48,13,10,-0.1987,5.9926,7.5201,-0.4292,-0.2832,-0.4386
1,latency,CRADK,phq_8,PHQ8,full,MinMaxScaler,ElasticNet,48,13,10,-0.16,5.8214,7.3534,-0.3762,-0.2269,-0.3531
1,latency,CRADK,phq_8,PHQ8,full,MinMaxScaler,SVR,48,13,10,-0.1944,6.7831,7.977,-0.2863,-0.4439,-0.3614
1,latency,CRADK,phq_8,PHQ8,full,MinMaxScaler,KNN,48,13,10,-0.2753,6.9538,8.371,-0.374,-0.59,-0.3472
1,latency,CRADK,phq_8,PHQ8,full,MinMaxScaler,RF,48,13,10,-0.1561,6.3973,7.6411,-0.2415,-0.3248,-0.2041
1,latency,CRADK,phq_8,PHQ8,full,MinMaxScaler,ET,48,13,10,-0.1566,6.2923,7.6875,-0.2445,-0.341,-0.2759
1,latency,CRADK,phq_8,PHQ8,full,MinMaxScaler,GB,48,13,10,-0.0763,6.6202,7.8822,-0.0933,-0.4097,-0.1545
1,latency,CRADK,phq_8,PHQ8,full,MinMaxScaler,XGB,48,13,10,-0.0477,6.335,7.5039,-0.0626,-0.2777,-0.1683
1,latency,CRADK,phq_8,PHQ8,full,MinMaxScaler,MLP,48,13,10,-0.2149,6.2244,7.6384,-0.4027,-0.3239,-0.411
1,latency,CRADK,phq_8,PHQ8,full,MinMaxScaler,LGBM,48,13,10,-0.2927,7.1091,8.2989,-0.4026,-0.5627,-0.3218
1,latency,CRADK,phq_8,PHQ8,full,MinMaxScaler,CatBoost,48,13,10,-0.1474,6.6401,7.8853,-0.1957,-0.4109,-0.3614
1,latency,CRADK,phq_8,PHQ8,full,RobustScaler,Ridge,48,13,10,0.0667,5.2467,6.5782,0.1611,0.0181,-0.0607
1,latency,CRADK,phq_8,PHQ8,full,RobustScaler,Lasso,48,13,10,0.0764,5.0513,6.5043,0.2274,0.0401,-0.0745
1,latency,CRADK,phq_8,PHQ8,full,RobustScaler,ElasticNet,48,13,10,0.0779,5.059,6.5037,0.227,0.0402,-0.0938
1,latency,CRADK,phq_8,PHQ8,full,RobustScaler,SVR,48,13,10,0.0586,5.7006,6.7545,0.1283,-0.0352,-0.0386
1,latency,CRADK,phq_8,PHQ8,full,RobustScaler,KNN,48,13,10,0.0854,6.4103,7.6057,0.1124,-0.3126,-0.0442
1,latency,CRADK,phq_8,PHQ8,full,RobustScaler,RF,48,13,10,-0.019,5.9179,7.01,-0.0342,-0.115,-0.1131
1,latency,CRADK,phq_8,PHQ8,full,RobustScaler,ET,48,13,10,-0.048,5.9062,7.1187,-0.0943,-0.1499,-0.2897
1,latency,CRADK,phq_8,PHQ8,full,RobustScaler,GB,48,13,10,0.046,6.404,7.4509,0.0551,-0.2597,0.011
1,latency,CRADK,phq_8,PHQ8,full,RobustScaler,XGB,48,13,10,0.0176,6.5548,7.3048,0.0227,-0.2108,-0.1848
1,latency,CRADK,phq_8,PHQ8,full,RobustScaler,MLP,48,13,10,0.0794,6.5382,7.2708,0.0951,-0.1995,-0.0248
1,latency,CRADK,phq_8,PHQ8,full,RobustScaler,LGBM,48,13,10,-0.0255,6.2199,7.1738,-0.0392,-0.1677,-0.116
1,latency,CRADK,phq_8,PHQ8,full,RobustScaler,CatBoost,48,13,10,-0.0388,6.0668,7.1262,-0.065,-0.1523,-0.149
2,latency,CRADK,phq_8,PHQ8,full,StandardScaler,Ridge,49,12,10,-0.2886,5.6545,7.0255,-0.5153,-0.6095,-0.655
2,latency,CRADK,phq_8,PHQ8,full,StandardScaler,Lasso,49,12,10,-0.2127,5.4005,6.6383,-0.4958,-0.437,-0.683
2,latency,CRADK,phq_8,PHQ8,full,StandardScaler,ElasticNet,49,12,10,-0.2781,5.7031,7.014,-0.4798,-0.6042,-0.606
2,latency,CRADK,phq_8,PHQ8,full,StandardScaler,SVR,49,12,10,-0.0633,5.8092,7.1494,-0.0958,-0.6668,-0.1961
2,latency,CRADK,phq_8,PHQ8,full,StandardScaler,KNN,49,12,10,-0.3257,6.4259,7.7845,-0.4634,-0.976,-0.62
2,latency,CRADK,phq_8,PHQ8,full,StandardScaler,RF,49,12,10,-0.2349,5.8913,7.2477,-0.4493,-0.7129,-0.5219
2,latency,CRADK,phq_8,PHQ8,full,StandardScaler,ET,49,12,10,-0.281,6.0737,7.6099,-0.4324,-0.8884,-0.5079
2,latency,CRADK,phq_8,PHQ8,full,StandardScaler,GB,49,12,10,0.005,5.3901,6.6519,0.0097,-0.4429,-0.035
2,latency,CRADK,phq_8,PHQ8,full,StandardScaler,XGB,49,12,10,-0.117,6.0987,7.2917,-0.1809,-0.7338,-0.1541
2,latency,CRADK,phq_8,PHQ8,full,StandardScaler,MLP,49,12,10,-0.2073,6.1308,7.237,-0.3166,-0.7079,-0.4413
2,latency,CRADK,phq_8,PHQ8,full,StandardScaler,LGBM,49,12,10,-0.0189,5.7812,6.8816,-0.0404,-0.5442,-0.1266
2,latency,CRADK,phq_8,PHQ8,full,StandardScaler,CatBoost,49,12,10,-0.1728,5.8781,7.2128,-0.2945,-0.6965,-0.4133
2,latency,CRADK,phq_8,PHQ8,full,MinMaxScaler,Ridge,49,12,5,-0.2488,5.8619,7.0719,-0.3664,-0.6308,-0.4448
2,latency,CRADK,phq_8,PHQ8,full,MinMaxScaler,Lasso,49,12,5,-0.2451,5.7523,6.9504,-0.3948,-0.5753,-0.4448
2,latency,CRADK,phq_8,PHQ8,full,MinMaxScaler,ElasticNet,49,12,5,-0.2009,5.5042,6.6604,-0.398,-0.4466,-0.4448
2,latency,CRADK,phq_8,PHQ8,full,MinMaxScaler,SVR,49,12,5,-0.1548,6.057,7.3821,-0.308,-0.777,-0.2732
2,latency,CRADK,phq_8,PHQ8,full,MinMaxScaler,KNN,49,12,5,-0.1882,6.0093,7.5464,-0.3118,-0.857,-0.406
2,latency,CRADK,phq_8,PHQ8,full,MinMaxScaler,RF,49,12,5,-0.1428,5.6757,7.1584,-0.2795,-0.671,-0.2872
2,latency,CRADK,phq_8,PHQ8,full,MinMaxScaler,ET,49,12,5,-0.0777,5.75,6.8271,-0.1467,-0.5199,-0.2032
2,latency,CRADK,phq_8,PHQ8,full,MinMaxScaler,GB,49,12,5,-0.09,6.2051,7.1713,-0.1535,-0.677,-0.2807
2,latency,CRADK,phq_8,PHQ8,full,MinMaxScaler,XGB,49,12,5,-0.0418,6.0296,7.2291,-0.0815,-0.7041,-0.1121
2,latency,CRADK,phq_8,PHQ8,full,MinMaxScaler,MLP,49,12,5,-0.2327,5.8745,7.2525,-0.3694,-0.7152,-0.4028
2,latency,CRADK,phq_8,PHQ8,full,MinMaxScaler,LGBM,49,12,5,0.0223,5.8113,6.7616,0.0476,-0.4908,0.0073
2,latency,CRADK,phq_8,PHQ8,full,MinMaxScaler,CatBoost,49,12,5,-0.117,6.0625,7.1705,-0.1966,-0.6766,-0.3433
2,latency,CRADK,phq_8,PHQ8,full,RobustScaler,Ridge,49,12,10,-0.1541,6.2151,7.3415,-0.1786,-0.7575,-0.4028
2,latency,CRADK,phq_8,PHQ8,full,RobustScaler,Lasso,49,12,10,-0.2171,6.1735,7.3326,-0.2737,-0.7533,-0.4308
2,latency,CRADK,phq_8,PHQ8,full,RobustScaler,ElasticNet,49,12,10,-0.2103,6.0975,7.2387,-0.2717,-0.7086,-0.4378
2,latency,CRADK,phq_8,PHQ8,full,RobustScaler,SVR,49,12,10,-0.1965,6.5295,7.906,-0.362,-1.0382,-0.4343
2,latency,CRADK,phq_8,PHQ8,full,RobustScaler,KNN,49,12,10,-0.1647,5.8519,7.3714,-0.2625,-0.7719,-0.2207
2,latency,CRADK,phq_8,PHQ8,full,RobustScaler,RF,49,12,10,-0.1722,5.8962,7.3779,-0.3026,-0.775,-0.2592
2,latency,CRADK,phq_8,PHQ8,full,RobustScaler,ET,49,12,10,-0.1342,5.89,7.1114,-0.2429,-0.6491,-0.2837
2,latency,CRADK,phq_8,PHQ8,full,RobustScaler,GB,49,12,10,0.0899,6.0198,7.1507,0.1995,-0.6674,0.2347
2,latency,CRADK,phq_8,PHQ8,full,RobustScaler,XGB,49,12,10,-0.0085,6.339,7.3837,-0.0148,-0.7778,0.0035
2,latency,CRADK,phq_8,PHQ8,full,RobustScaler,MLP,49,12,10,-0.246,6.4656,7.5027,-0.4551,-0.8356,-0.3713
2,latency,CRADK,phq_8,PHQ8,full,RobustScaler,LGBM,49,12,10,-0.0028,5.6292,6.7423,-0.0058,-0.4823,-0.0787
2,latency,CRADK,phq_8,PHQ8,full,RobustScaler,CatBoost,49,12,10,-0.0675,6.4981,7.5731,-0.1221,-0.8702,-0.1926
3,latency,CRADK,phq_8,PHQ8,full,StandardScaler,Ridge,49,12,5,-0.1025,5.5025,6.7931,-0.1412,-0.6243,-0.1754
3,latency,CRADK,phq_8,PHQ8,full,StandardScaler,Lasso,49,12,5,-0.107,5.5159,6.7888,-0.1476,-0.6223,-0.1754
3,latency,CRADK,phq_8,PHQ8,full,StandardScaler,ElasticNet,49,12,5,-0.1081,5.5193,6.7875,-0.1492,-0.6216,-0.1649
3,latency,CRADK,phq_8,PHQ8,full,StandardScaler,SVR,49,12,5,-0.1222,6.8936,8.0145,-0.1321,-1.2609,-0.1439
3,latency,CRADK,phq_8,PHQ8,full,StandardScaler,KNN,49,12,5,-0.1355,5.7738,7.0476,-0.1536,-0.7483,-0.2302
3,latency,CRADK,phq_8,PHQ8,full,StandardScaler,RF,49,12,5,-0.1662,5.9272,6.7147,-0.2007,-0.587,-0.1895
3,latency,CRADK,phq_8,PHQ8,full,StandardScaler,ET,49,12,5,-0.1775,6.3217,7.1847,-0.1971,-0.817,-0.2632
3,latency,CRADK,phq_8,PHQ8,full,StandardScaler,GB,49,12,5,-0.0484,6.1148,7.469,-0.0547,-0.9636,-0.1754
3,latency,CRADK,phq_8,PHQ8,full,StandardScaler,XGB,49,12,5,-0.1823,5.8925,7.205,-0.2227,-0.8273,-0.2526
3,latency,CRADK,phq_8,PHQ8,full,StandardScaler,MLP,49,12,5,-0.1118,5.859,7.0611,-0.142,-0.755,-0.3579
3,latency,CRADK,phq_8,PHQ8,full,StandardScaler,LGBM,49,12,5,-0.0544,5.4351,6.1803,-0.0819,-0.3445,-0.0859
3,latency,CRADK,phq_8,PHQ8,full,StandardScaler,CatBoost,49,12,5,-0.174,5.9722,6.8606,-0.2054,-0.6568,-0.2421
3,latency,CRADK,phq_8,PHQ8,full,MinMaxScaler,Ridge,49,12,5,-0.1977,5.8095,6.8756,-0.2611,-0.664,-0.3088
3,latency,CRADK,phq_8,PHQ8,full,MinMaxScaler,Lasso,49,12,5,-0.2014,5.8309,6.9036,-0.2656,-0.6776,-0.2035
3,latency,CRADK,phq_8,PHQ8,full,MinMaxScaler,ElasticNet,49,12,5,-0.1901,5.784,6.7516,-0.2559,-0.6045,-0.3088
3,latency,CRADK,phq_8,PHQ8,full,MinMaxScaler,SVR,49,12,5,-0.2421,6.3524,7.2299,-0.278,-0.8399,-0.3088
3,latency,CRADK,phq_8,PHQ8,full,MinMaxScaler,KNN,49,12,5,-0.0055,6.5833,7.7094,-0.006,-1.0921,-0.0545
3,latency,CRADK,phq_8,PHQ8,full,MinMaxScaler,RF,49,12,5,-0.1376,5.7601,6.6048,-0.169,-0.5355,-0.2667
3,latency,CRADK,phq_8,PHQ8,full,MinMaxScaler,ET,49,12,5,-0.1139,6.3188,7.1717,-0.1246,-0.8104,-0.2632
3,latency,CRADK,phq_8,PHQ8,full,MinMaxScaler,GB,49,12,5,-0.1082,6.2108,7.3385,-0.1224,-0.8956,-0.1754
3,latency,CRADK,phq_8,PHQ8,full,MinMaxScaler,XGB,49,12,5,-0.0511,5.7264,6.9609,-0.0605,-0.7055,-0.0526
3,latency,CRADK,phq_8,PHQ8,full,MinMaxScaler,MLP,49,12,5,-0.1904,5.8643,6.4537,-0.2487,-0.4661,-0.3123
3,latency,CRADK,phq_8,PHQ8,full,MinMaxScaler,LGBM,49,12,5,-0.1392,5.6891,6.611,-0.2054,-0.5384,-0.2004
3,latency,CRADK,phq_8,PHQ8,full,MinMaxScaler,CatBoost,49,12,5,-0.1866,5.9754,6.9393,-0.2207,-0.695,-0.2105
3,latency,CRADK,phq_8,PHQ8,full,RobustScaler,Ridge,49,12,5,-0.1028,5.5036,6.793,-0.1416,-0.6242,-0.1754
3,latency,CRADK,phq_8,PHQ8,full,RobustScaler,Lasso,49,12,5,-0.1096,5.5249,6.7882,-0.1513,-0.622,-0.1649
3,latency,CRADK,phq_8,PHQ8,full,RobustScaler,ElasticNet,49,12,5,-0.1127,5.5351,6.7864,-0.1557,-0.6211,-0.1649
3,latency,CRADK,phq_8,PHQ8,full,RobustScaler,SVR,49,12,5,-0.105,6.4575,7.6643,-0.118,-1.0677,-0.214
3,latency,CRADK,phq_8,PHQ8,full,RobustScaler,KNN,49,12,5,-0.0964,5.95,6.9983,-0.1085,-0.7239,-0.1441
3,latency,CRADK,phq_8,PHQ8,full,RobustScaler,RF,49,12,5,-0.1662,5.9272,6.7147,-0.2007,-0.587,-0.1895
3,latency,CRADK,phq_8,PHQ8,full,RobustScaler,ET,49,12,5,-0.1775,6.3217,7.1847,-0.1971,-0.817,-0.2632
3,latency,CRADK,phq_8,PHQ8,full,RobustScaler,GB,49,12,5,-0.0484,6.1148,7.469,-0.0547,-0.9636,-0.1754
3,latency,CRADK,phq_8,PHQ8,full,RobustScaler,XGB,49,12,5,-0.1823,5.8925,7.205,-0.2227,-0.8273,-0.2526
3,latency,CRADK,phq_8,PHQ8,full,RobustScaler,MLP,49,12,5,-0.0606,5.5638,6.7562,-0.08,-0.6067,-0.2035
3,latency,CRADK,phq_8,PHQ8,full,RobustScaler,LGBM,49,12,5,-0.0605,5.3785,6.2585,-0.0866,-0.3787,0.0
3,latency,CRADK,phq_8,PHQ8,full,RobustScaler,CatBoost,49,12,5,-0.174,5.9722,6.8606,-0.2054,-0.6568,-0.2421
4,latency,CRADK,phq_8,PHQ8,full,StandardScaler,Ridge,49,12,5,-0.1063,6.1158,6.7765,-0.1431,-0.3814,0.014
4,latency,CRADK,phq_8,PHQ8,full,StandardScaler,Lasso,49,12,5,-0.1163,5.8426,6.4216,-0.218,-0.2405,-0.1509
4,latency,CRADK,phq_8,PHQ8,full,StandardScaler,ElasticNet,49,12,5,-0.1067,6.0885,6.7326,-0.1469,-0.3635,0.014
4,latency,CRADK,phq_8,PHQ8,full,StandardScaler,SVR,49,12,5,-0.2504,6.674,7.4528,-0.2952,-0.6708,-0.2281
4,latency,CRADK,phq_8,PHQ8,full,StandardScaler,KNN,49,12,5,-0.1449,5.9833,6.8442,-0.1862,-0.4091,-0.1446
4,latency,CRADK,phq_8,PHQ8,full,StandardScaler,RF,49,12,5,-0.3466,6.5536,7.533,-0.4252,-0.707,-0.2756
4,latency,CRADK,phq_8,PHQ8,full,StandardScaler,ET,49,12,5,-0.1735,6.4592,7.5169,-0.1935,-0.6997,-0.0632
4,latency,CRADK,phq_8,PHQ8,full,StandardScaler,GB,49,12,5,-0.0994,6.2103,7.0623,-0.1125,-0.5003,-0.1333
4,latency,CRADK,phq_8,PHQ8,full,StandardScaler,XGB,49,12,5,-0.0515,5.9953,7.0658,-0.0568,-0.5018,-0.1866
4,latency,CRADK,phq_8,PHQ8,full,StandardScaler,MLP,49,12,5,-0.2459,6.5371,7.5418,-0.2766,-0.711,-0.1895
4,latency,CRADK,phq_8,PHQ8,full,StandardScaler,LGBM,49,12,5,-0.3497,6.6658,7.4823,-0.4395,-0.6841,-0.4368
4,latency,CRADK,phq_8,PHQ8,full,StandardScaler,CatBoost,49,12,5,-0.2396,6.395,7.274,-0.289,-0.5917,-0.193
4,latency,CRADK,phq_8,PHQ8,full,MinMaxScaler,Ridge,49,12,5,-0.1024,5.6548,6.2408,-0.2762,-0.1716,-0.2281
4,latency,CRADK,phq_8,PHQ8,full,MinMaxScaler,Lasso,49,12,5,-0.1227,5.745,6.3395,-0.2797,-0.209,-0.2281
4,latency,CRADK,phq_8,PHQ8,full,MinMaxScaler,ElasticNet,49,12,5,-0.114,5.709,6.2977,-0.2762,-0.1931,-0.2281
4,latency,CRADK,phq_8,PHQ8,full,MinMaxScaler,SVR,49,12,5,-0.2329,6.6674,7.5153,-0.2778,-0.699,-0.2281
4,latency,CRADK,phq_8,PHQ8,full,MinMaxScaler,KNN,49,12,5,-0.2749,6.2685,7.0437,-0.3987,-0.4925,-0.375
4,latency,CRADK,phq_8,PHQ8,full,MinMaxScaler,RF,49,12,5,-0.4065,6.8598,7.8434,-0.4832,-0.8506,-0.4134
4,latency,CRADK,phq_8,PHQ8,full,MinMaxScaler,ET,49,12,5,-0.1215,6.8575,7.7927,-0.125,-0.8267,-0.0632
4,latency,CRADK,phq_8,PHQ8,full,MinMaxScaler,GB,49,12,5,-0.039,6.5232,7.2359,-0.0412,-0.575,0.109
4,latency,CRADK,phq_8,PHQ8,full,MinMaxScaler,XGB,49,12,5,-0.0366,6.3539,7.2511,-0.0386,-0.5816,-0.0527
4,latency,CRADK,phq_8,PHQ8,full,MinMaxScaler,MLP,49,12,5,-0.0894,5.5854,6.1726,-0.2752,-0.1461,-0.2281
4,latency,CRADK,phq_8,PHQ8,full,MinMaxScaler,LGBM,49,12,5,-0.3333,6.528,7.3393,-0.4395,-0.6204,-0.4368
4,latency,CRADK,phq_8,PHQ8,full,MinMaxScaler,CatBoost,49,12,5,-0.2962,6.6195,7.4688,-0.3549,-0.678,-0.2847
4,latency,CRADK,phq_8,PHQ8,full,RobustScaler,Ridge,49,12,5,-0.0948,6.0868,6.7551,-0.1275,-0.3726,0.014
4,latency,CRADK,phq_8,PHQ8,full,RobustScaler,Lasso,49,12,5,-0.0979,5.6275,6.2172,-0.2871,-0.1628,-0.2281
4,latency,CRADK,phq_8,PHQ8,full,RobustScaler,ElasticNet,49,12,5,-0.1036,6.0453,6.6672,-0.1486,-0.3372,-0.0211
4,latency,CRADK,phq_8,PHQ8,full,RobustScaler,SVR,49,12,5,-0.0423,5.5184,6.0533,-0.0987,-0.1023,-0.0702
4,latency,CRADK,phq_8,PHQ8,full,RobustScaler,KNN,49,12,5,0.0092,5.9333,6.7152,0.0105,-0.3565,-0.0123
4,latency,CRADK,phq_8,PHQ8,full,RobustScaler,RF,49,12,5,-0.3045,6.4131,7.3268,-0.3864,-0.6148,-0.4523
4,latency,CRADK,phq_8,PHQ8,full,RobustScaler,ET,49,12,5,-0.1282,6.3021,7.1472,-0.1451,-0.5366,-0.0877
4,latency,CRADK,phq_8,PHQ8,full,RobustScaler,GB,49,12,5,-0.0812,6.0369,6.8225,-0.0978,-0.4002,-0.0808
4,latency,CRADK,phq_8,PHQ8,full,RobustScaler,XGB,49,12,5,0.0018,5.6599,6.6786,0.0021,-0.3418,0.0808
4,latency,CRADK,phq_8,PHQ8,full,RobustScaler,MLP,49,12,5,-0.0032,5.9342,7.0935,-0.0034,-0.5136,-0.1333
4,latency,CRADK,phq_8,PHQ8,full,RobustScaler,LGBM,49,12,5,-0.3495,6.6446,7.494,-0.4395,-0.6894,-0.4368
4,latency,CRADK,phq_8,PHQ8,full,RobustScaler,CatBoost,49,12,5,-0.2068,6.1694,7.0345,-0.264,-0.4886,-0.232
5,latency,CRADK,phq_8,PHQ8,full,StandardScaler,Ridge,49,12,5,-0.2542,5.0327,6.1931,-0.2684,-0.9019,-0.2857
5,latency,CRADK,phq_8,PHQ8,full,StandardScaler,Lasso,49,12,5,-0.2567,5.0321,6.1881,-0.2714,-0.8988,-0.261
5,latency,CRADK,phq_8,PHQ8,full,StandardScaler,ElasticNet,49,12,5,-0.2581,5.0327,6.1844,-0.2732,-0.8965,-0.261
5,latency,CRADK,phq_8,PHQ8,full,StandardScaler,SVR,49,12,5,-0.317,5.8873,7.1362,-0.3174,-1.5252,-0.2716
5,latency,CRADK,phq_8,PHQ8,full,StandardScaler,KNN,49,12,5,-0.2831,5.0,5.8561,-0.3363,-0.7005,-0.3947
5,latency,CRADK,phq_8,PHQ8,full,StandardScaler,RF,49,12,5,-0.3401,5.1698,6.0708,-0.396,-0.8275,-0.4586
5,latency,CRADK,phq_8,PHQ8,full,StandardScaler,ET,49,12,5,-0.4399,5.7262,6.6496,-0.4662,-1.1926,-0.5009
5,latency,CRADK,phq_8,PHQ8,full,StandardScaler,GB,49,12,5,-0.3667,6.757,8.3884,-0.3763,-2.4892,-0.261
5,latency,CRADK,phq_8,PHQ8,full,StandardScaler,XGB,49,12,5,-0.3384,6.5082,8.332,-0.3474,-2.4424,-0.2505
5,latency,CRADK,phq_8,PHQ8,full,StandardScaler,MLP,49,12,5,-0.2881,5.3944,6.4893,-0.2984,-1.0881,-0.3281
5,latency,CRADK,phq_8,PHQ8,full,StandardScaler,LGBM,49,12,5,-0.3222,5.0512,5.775,-0.4224,-0.6537,-0.4721
5,latency,CRADK,phq_8,PHQ8,full,StandardScaler,CatBoost,49,12,5,-0.4837,5.8668,6.9615,-0.5017,-1.4031,-0.5503
5,latency,CRADK,phq_8,PHQ8,full,MinMaxScaler,Ridge,49,12,5,-0.1774,4.7455,5.6529,-0.2049,-0.5846,-0.1834
5,latency,CRADK,phq_8,PHQ8,full,MinMaxScaler,Lasso,49,12,5,-0.1856,4.7829,5.7334,-0.2104,-0.63,-0.2081
5,latency,CRADK,phq_8,PHQ8,full,MinMaxScaler,ElasticNet,49,12,5,-0.1821,4.9232,5.9025,-0.197,-0.7276,-0.2081
5,latency,CRADK,phq_8,PHQ8,full,MinMaxScaler,SVR,49,12,5,0.1354,4.4252,5.5419,0.1377,-0.523,0.1482
5,latency,CRADK,phq_8,PHQ8,full,MinMaxScaler,KNN,49,12,5,0.1627,4.4722,5.5302,0.165,-0.5165,0.0619
5,latency,CRADK,phq_8,PHQ8,full,MinMaxScaler,RF,49,12,5,0.0756,4.1305,4.9721,0.0903,-0.2259,0.0776
5,latency,CRADK,phq_8,PHQ8,full,MinMaxScaler,ET,49,12,5,0.1334,4.6017,5.3941,0.141,-0.4428,0.1693
5,latency,CRADK,phq_8,PHQ8,full,MinMaxScaler,GB,49,12,5,0.2808,4.3033,5.4667,0.2842,-0.4819,0.3845
5,latency,CRADK,phq_8,PHQ8,full,MinMaxScaler,XGB,49,12,5,0.2448,4.5217,5.4953,0.2455,-0.4974,0.261
5,latency,CRADK,phq_8,PHQ8,full,MinMaxScaler,MLP,49,12,5,-0.0545,4.5929,5.5281,-0.0596,-0.5154,-0.0494
5,latency,CRADK,phq_8,PHQ8,full,MinMaxScaler,LGBM,49,12,5,0.2253,4.4316,5.2484,0.2444,-0.3659,0.2531
5,latency,CRADK,phq_8,PHQ8,full,MinMaxScaler,CatBoost,49,12,5,0.2028,3.9843,4.9322,0.2161,-0.2063,0.1376
5,latency,CRADK,phq_8,PHQ8,full,RobustScaler,Ridge,49,12,15,-0.2826,4.6526,5.3618,-0.4931,-0.4256,-0.575
5,latency,CRADK,phq_8,PHQ8,full,RobustScaler,Lasso,49,12,15,-0.2093,4.4974,5.3163,-0.3116,-0.4015,-0.2434
5,latency,CRADK,phq_8,PHQ8,full,RobustScaler,ElasticNet,49,12,15,-0.2819,4.6985,5.5029,-0.4075,-0.5016,-0.4974
5,latency,CRADK,phq_8,PHQ8,full,RobustScaler,SVR,49,12,15,-0.3173,5.3583,6.2073,-0.4682,-0.9106,-0.6596
5,latency,CRADK,phq_8,PHQ8,full,RobustScaler,KNN,49,12,15,-0.5894,6.3333,7.537,-0.6379,-1.8169,-0.6385
5,latency,CRADK,phq_8,PHQ8,full,RobustScaler,RF,49,12,15,-0.3285,4.8931,5.6968,-0.4796,-0.6093,-0.582
5,latency,CRADK,phq_8,PHQ8,full,RobustScaler,ET,49,12,15,-0.5865,6.0825,6.9809,-0.64,-1.4165,-0.5997
5,latency,CRADK,phq_8,PHQ8,full,RobustScaler,GB,49,12,15,-0.3784,5.412,6.7811,-0.3995,-1.2801,-0.3492
5,latency,CRADK,phq_8,PHQ8,full,RobustScaler,XGB,49,12,15,-0.3825,5.908,6.8177,-0.4201,-1.3048,-0.4304
5,latency,CRADK,phq_8,PHQ8,full,RobustScaler,MLP,49,12,15,-0.4289,6.3022,7.3607,-0.465,-1.6866,-0.4762
5,latency,CRADK,phq_8,PHQ8,full,RobustScaler,LGBM,49,12,15,0.0482,4.3638,5.001,0.0643,-0.2402,0.1058
5,latency,CRADK,phq_8,PHQ8,full,RobustScaler,CatBoost,49,12,15,-0.2774,5.0837,5.8246,-0.3377,-0.6823,-0.4762
1,latency,CRADK,ads.1,CES-D,full,StandardScaler,Ridge,49,13,5,-0.1576,14.3274,16.784,-0.253,-0.4635,-0.2582
1,latency,CRADK,ads.1,CES-D,full,StandardScaler,Lasso,49,13,5,-0.1541,14.5083,17.038,-0.2341,-0.5081,-0.2582
1,latency,CRADK,ads.1,CES-D,full,StandardScaler,ElasticNet,49,13,5,-0.1577,14.4653,16.9758,-0.2436,-0.4971,-0.2582
1,latency,CRADK,ads.1,CES-D,full,StandardScaler,SVR,49,13,5,0.1507,13.3404,14.2852,0.2748,-0.0602,0.2802
1,latency,CRADK,ads.1,CES-D,full,StandardScaler,KNN,49,13,5,-0.0096,14.7077,15.9624,-0.0171,-0.3237,0.0385
1,latency,CRADK,ads.1,CES-D,full,StandardScaler,RF,49,13,5,-0.1168,15.1922,16.3344,-0.2244,-0.3861,-0.2747
1,latency,CRADK,ads.1,CES-D,full,StandardScaler,ET,49,13,5,-0.0092,14.417,15.5769,-0.0169,-0.2606,0.2143
1,latency,CRADK,ads.1,CES-D,full,StandardScaler,GB,49,13,5,-0.3065,16.7609,18.4671,-0.4122,-0.7717,-0.2912
1,latency,CRADK,ads.1,CES-D,full,StandardScaler,XGB,49,13,5,-0.1069,16.3611,17.2972,-0.1422,-0.5544,-0.2582
1,latency,CRADK,ads.1,CES-D,full,StandardScaler,MLP,49,13,5,-0.3146,15.5431,19.0157,-0.3662,-0.8786,-0.3132
1,latency,CRADK,ads.1,CES-D,full,StandardScaler,LGBM,49,13,5,-0.1097,14.3515,16.1894,-0.1972,-0.3616,-0.2948
1,latency,CRADK,ads.1,CES-D,full,StandardScaler,CatBoost,49,13,5,-0.0573,14.5887,15.8612,-0.0895,-0.307,-0.0495
1,latency,CRADK,ads.1,CES-D,full,MinMaxScaler,Ridge,49,13,5,0.1633,12.3308,14.5666,0.2108,-0.1023,0.1538
1,latency,CRADK,ads.1,CES-D,full,MinMaxScaler,Lasso,49,13,5,0.1584,12.3612,14.5372,0.2078,-0.0979,0.1538
1,latency,CRADK,ads.1,CES-D,full,MinMaxScaler,ElasticNet,49,13,5,0.129,12.5335,14.4561,0.1864,-0.0857,0.1538
1,latency,CRADK,ads.1,CES-D,full,MinMaxScaler,SVR,49,13,5,0.099,12.4187,14.2072,0.1583,-0.0486,0.2033
1,latency,CRADK,ads.1,CES-D,full,MinMaxScaler,KNN,49,13,5,0.1711,13.5005,14.551,0.2495,-0.1,0.2173
1,latency,CRADK,ads.1,CES-D,full,MinMaxScaler,RF,49,13,5,-0.0701,14.7812,16.1533,-0.119,-0.3556,-0.0604
1,latency,CRADK,ads.1,CES-D,full,MinMaxScaler,ET,49,13,5,0.0898,13.795,15.1869,0.1215,-0.1982,0.2253
1,latency,CRADK,ads.1,CES-D,full,MinMaxScaler,GB,49,13,5,-0.1316,16.1853,17.6071,-0.1592,-0.6106,-0.1978
1,latency,CRADK,ads.1,CES-D,full,MinMaxScaler,XGB,49,13,5,-0.0418,15.2808,18.2265,-0.0448,-0.7259,0.0824
1,latency,CRADK,ads.1,CES-D,full,MinMaxScaler,MLP,49,13,5,0.1497,12.1824,14.1094,0.2173,-0.0342,0.2912
1,latency,CRADK,ads.1,CES-D,full,MinMaxScaler,LGBM,49,13,5,-0.0823,14.5713,16.3689,-0.1327,-0.392,-0.1657
1,latency,CRADK,ads.1,CES-D,full,MinMaxScaler,CatBoost,49,13,5,-0.0537,15.3615,16.747,-0.0703,-0.4571,-0.0769
1,latency,CRADK,ads.1,CES-D,full,RobustScaler,Ridge,49,13,15,-0.0052,13.8819,15.5172,-0.0082,-0.2509,-0.022
1,latency,CRADK,ads.1,CES-D,full,RobustScaler,Lasso,49,13,15,0.1314,12.3709,14.2089,0.1889,-0.0489,0.0495
1,latency,CRADK,ads.1,CES-D,full,RobustScaler,ElasticNet,49,13,15,0.149,12.1851,14.1967,0.2023,-0.0471,0.0275
1,latency,CRADK,ads.1,CES-D,full,RobustScaler,SVR,49,13,15,0.0745,13.2891,14.0874,0.1816,-0.031,0.3352
1,latency,CRADK,ads.1,CES-D,full,RobustScaler,KNN,49,13,15,-0.2114,15.1231,17.0624,-0.4218,-0.5124,-0.4132
1,latency,CRADK,ads.1,CES-D,full,RobustScaler,RF,49,13,15,-0.068,15.321,16.4149,-0.1308,-0.3998,-0.0934
1,latency,CRADK,ads.1,CES-D,full,RobustScaler,ET,49,13,15,0.0665,13.8028,15.239,0.1123,-0.2065,0.0495
1,latency,CRADK,ads.1,CES-D,full,RobustScaler,GB,49,13,15,-0.0312,15.7125,16.8808,-0.0451,-0.4804,0.0385
1,latency,CRADK,ads.1,CES-D,full,RobustScaler,XGB,49,13,15,0.0146,15.9414,17.2308,0.0209,-0.5425,0.2198
1,latency,CRADK,ads.1,CES-D,full,RobustScaler,MLP,49,13,15,0.0765,13.5345,15.4237,0.089,-0.2359,-0.011
1,latency,CRADK,ads.1,CES-D,full,RobustScaler,LGBM,49,13,15,-0.1947,15.4449,16.9334,-0.3419,-0.4897,-0.4072
1,latency,CRADK,ads.1,CES-D,full,RobustScaler,CatBoost,49,13,15,-0.1003,15.0337,16.1388,-0.1941,-0.3532,-0.2143
2,latency,CRADK,ads.1,CES-D,full,StandardScaler,Ridge,49,13,5,-0.3606,13.5912,16.4767,-0.6123,-0.6154,-0.6465
2,latency,CRADK,ads.1,CES-D,full,StandardScaler,Lasso,49,13,5,-0.4062,14.2173,17.0872,-0.614,-0.7373,-0.63
2,latency,CRADK,ads.1,CES-D,full,StandardScaler,ElasticNet,49,13,5,-0.3891,13.9665,16.8469,-0.6136,-0.6888,-0.6465
2,latency,CRADK,ads.1,CES-D,full,StandardScaler,SVR,49,13,5,-0.4655,14.316,17.6787,-0.5844,-0.8597,-0.6575
2,latency,CRADK,ads.1,CES-D,full,StandardScaler,KNN,49,13,5,-0.361,13.4991,16.724,-0.5459,-0.6642,-0.5034
2,latency,CRADK,ads.1,CES-D,full,StandardScaler,RF,49,13,5,-0.5748,16.2017,19.0632,-0.7121,-1.1624,-0.7428
2,latency,CRADK,ads.1,CES-D,full,StandardScaler,ET,49,13,5,-0.5342,16.042,19.5503,-0.6179,-1.2743,-0.729
2,latency,CRADK,ads.1,CES-D,full,StandardScaler,GB,49,13,5,-0.647,18.6545,21.881,-0.7299,-1.8489,-0.7813
2,latency,CRADK,ads.1,CES-D,full,StandardScaler,XGB,49,13,5,-0.6429,19.3544,21.7845,-0.6893,-1.8238,-0.7428
2,latency,CRADK,ads.1,CES-D,full,StandardScaler,MLP,49,13,5,-0.5394,15.1206,18.408,-0.6786,-1.0163,-0.7318
2,latency,CRADK,ads.1,CES-D,full,StandardScaler,LGBM,49,13,5,-0.4193,14.7961,18.447,-0.5652,-1.0248,-0.5226
2,latency,CRADK,ads.1,CES-D,full,StandardScaler,CatBoost,49,13,5,-0.5869,17.5687,20.5228,-0.6692,-1.5062,-0.7373
2,latency,CRADK,ads.1,CES-D,full,MinMaxScaler,Ridge,49,13,5,-0.2638,14.1459,17.3224,-0.3216,-0.7855,-0.3604
2,latency,CRADK,ads.1,CES-D,full,MinMaxScaler,Lasso,49,13,5,-0.2653,14.0084,17.0897,-0.3318,-0.7378,-0.3604
2,latency,CRADK,ads.1,CES-D,full,MinMaxScaler,ElasticNet,49,13,5,-0.2657,14.0527,17.1426,-0.3309,-0.7486,-0.3604
2,latency,CRADK,ads.1,CES-D,full,MinMaxScaler,SVR,49,13,5,-0.2798,14.4265,17.7978,-0.3175,-0.8848,-0.3604
2,latency,CRADK,ads.1,CES-D,full,MinMaxScaler,KNN,49,13,5,-0.2246,16.2171,19.0878,-0.3078,-1.1679,-0.3802
2,latency,CRADK,ads.1,CES-D,full,MinMaxScaler,RF,49,13,5,-0.2823,14.3489,17.1191,-0.3796,-0.7438,-0.2586
2,latency,CRADK,ads.1,CES-D,full,MinMaxScaler,ET,49,13,5,-0.2694,15.5173,18.4126,-0.3434,-1.0173,-0.2944
2,latency,CRADK,ads.1,CES-D,full,MinMaxScaler,GB,49,13,5,-0.4242,18.5267,21.6646,-0.4849,-1.7928,-0.4457
2,latency,CRADK,ads.1,CES-D,full,MinMaxScaler,XGB,49,13,5,-0.2886,17.9924,20.2808,-0.3231,-1.4474,-0.2421
2,latency,CRADK,ads.1,CES-D,full,MinMaxScaler,MLP,49,13,5,-0.306,14.5113,17.5039,-0.3717,-0.8231,-0.4264
2,latency,CRADK,ads.1,CES-D,full,MinMaxScaler,LGBM,49,13,5,-0.1539,13.4471,16.5738,-0.2106,-0.6345,-0.208
2,latency,CRADK,ads.1,CES-D,full,MinMaxScaler,CatBoost,49,13,5,-0.3367,16.5933,19.7985,-0.4157,-1.3324,-0.3549
2,latency,CRADK,ads.1,CES-D,full,RobustScaler,Ridge,49,13,5,-0.3055,14.321,17.6555,-0.3742,-0.8548,-0.4319
2,latency,CRADK,ads.1,CES-D,full,RobustScaler,Lasso,49,13,5,-0.3037,14.3074,17.652,-0.3716,-0.8541,-0.4319
2,latency,CRADK,ads.1,CES-D,full,RobustScaler,ElasticNet,49,13,5,-0.3087,14.4875,17.8461,-0.3749,-0.8951,-0.4319
2,latency,CRADK,ads.1,CES-D,full,RobustScaler,SVR,49,13,5,-0.1922,12.1385,15.5796,-0.2542,-0.4443,-0.1898
2,latency,CRADK,ads.1,CES-D,full,RobustScaler,KNN,49,13,5,-0.1969,12.2841,15.9553,-0.2435,-0.5148,-0.1102
2,latency,CRADK,ads.1,CES-D,full,RobustScaler,RF,49,13,5,-0.3731,13.2975,16.9847,-0.491,-0.7165,-0.4869
2,latency,CRADK,ads.1,CES-D,full,RobustScaler,ET,49,13,5,-0.4597,15.5668,19.614,-0.5282,-1.2891,-0.4154
2,latency,CRADK,ads.1,CES-D,full,RobustScaler,GB,49,13,5,-0.3646,17.3169,20.0357,-0.4431,-1.3886,-0.4759
2,latency,CRADK,ads.1,CES-D,full,RobustScaler,XGB,49,13,5,-0.5007,17.9081,20.6625,-0.5585,-1.5404,-0.63
2,latency,CRADK,ads.1,CES-D,full,RobustScaler,MLP,49,13,5,-0.4434,14.9283,19.0005,-0.5008,-1.1482,-0.542
2,latency,CRADK,ads.1,CES-D,full,RobustScaler,LGBM,49,13,5,-0.5183,14.3757,18.0963,-0.6693,-0.9486,-0.575
2,latency,CRADK,ads.1,CES-D,full,RobustScaler,CatBoost,49,13,5,-0.46,15.3516,18.6313,-0.5563,-1.0655,-0.553
3,latency,CRADK,ads.1,CES-D,full,StandardScaler,Ridge,50,12,5,-0.5282,9.5128,11.7511,-0.7493,-1.4336,-0.7719
3,latency,CRADK,ads.1,CES-D,full,StandardScaler,Lasso,50,12,5,-0.5048,9.3278,11.5143,-0.7253,-1.3365,-0.807
3,latency,CRADK,ads.1,CES-D,full,StandardScaler,ElasticNet,50,12,5,-0.5506,9.9053,12.1998,-0.7449,-1.623,-0.7544
3,latency,CRADK,ads.1,CES-D,full,StandardScaler,SVR,50,12,5,-0.2023,9.3689,12.1718,-0.285,-1.6109,-0.4912
3,latency,CRADK,ads.1,CES-D,full,StandardScaler,KNN,50,12,5,-0.3602,9.0492,11.0693,-0.584,-1.1594,-0.5965
3,latency,CRADK,ads.1,CES-D,full,StandardScaler,RF,50,12,5,-0.4338,9.6238,11.6407,-0.4801,-1.3881,-0.5333
3,latency,CRADK,ads.1,CES-D,full,StandardScaler,ET,50,12,5,-0.1943,8.3956,10.939,-0.2377,-1.1088,-0.5333
3,latency,CRADK,ads.1,CES-D,full,StandardScaler,GB,50,12,5,-0.655,11.4859,13.6964,-0.7537,-2.306,-0.7487
3,latency,CRADK,ads.1,CES-D,full,StandardScaler,XGB,50,12,5,-0.4884,10.843,12.7536,-0.623,-1.8665,-0.6608
3,latency,CRADK,ads.1,CES-D,full,StandardScaler,MLP,50,12,5,-0.2585,8.5402,11.2497,-0.4279,-1.2303,-0.6
3,latency,CRADK,ads.1,CES-D,full,StandardScaler,LGBM,50,12,5,-0.4545,9.9984,12.4198,-0.5274,-1.7184,-0.4663
3,latency,CRADK,ads.1,CES-D,full,StandardScaler,CatBoost,50,12,5,-0.3409,9.409,11.9067,-0.4034,-1.4985,-0.5193
3,latency,CRADK,ads.1,CES-D,full,MinMaxScaler,Ridge,50,12,10,-0.4733,9.4061,11.5265,-0.5788,-1.3414,-0.7228
3,latency,CRADK,ads.1,CES-D,full,MinMaxScaler,Lasso,50,12,10,-0.4796,9.5887,11.6405,-0.6184,-1.388,-0.7018
3,latency,CRADK,ads.1,CES-D,full,MinMaxScaler,ElasticNet,50,12,10,-0.4351,9.1158,11.3124,-0.5382,-1.2552,-0.6351
3,latency,CRADK,ads.1,CES-D,full,MinMaxScaler,SVR,50,12,10,-0.1631,8.8775,11.1488,-0.1937,-1.1905,-0.4211
3,latency,CRADK,ads.1,CES-D,full,MinMaxScaler,KNN,50,12,10,-0.1598,10.2648,12.0188,-0.1606,-1.5457,-0.214
3,latency,CRADK,ads.1,CES-D,full,MinMaxScaler,RF,50,12,10,-0.1403,7.9013,9.7439,-0.1611,-0.6732,-0.3614
3,latency,CRADK,ads.1,CES-D,full,MinMaxScaler,ET,50,12,10,-0.1113,8.0673,9.9243,-0.1246,-0.7357,-0.2456
3,latency,CRADK,ads.1,CES-D,full,MinMaxScaler,GB,50,12,10,0.0495,9.2485,10.9821,0.0529,-1.1255,-0.2105
3,latency,CRADK,ads.1,CES-D,full,MinMaxScaler,XGB,50,12,10,0.0694,7.7318,9.5289,0.0773,-0.6002,0.0
3,latency,CRADK,ads.1,CES-D,full,MinMaxScaler,MLP,50,12,10,-0.4214,9.3692,11.478,-0.4958,-1.3218,-0.6
3,latency,CRADK,ads.1,CES-D,full,MinMaxScaler,LGBM,50,12,10,0.0025,7.8467,9.9081,0.0027,-0.7301,-0.2456
3,latency,CRADK,ads.1,CES-D,full,MinMaxScaler,CatBoost,50,12,10,0.0638,9.1657,10.9551,0.0667,-1.115,-0.1018
3,latency,CRADK,ads.1,CES-D,full,RobustScaler,Ridge,50,12,10,-0.4066,8.8558,10.7471,-0.578,-1.0355,-0.5825
3,latency,CRADK,ads.1,CES-D,full,RobustScaler,Lasso,50,12,10,-0.4256,8.9385,10.743,-0.5956,-1.0339,-0.7018
3,latency,CRADK,ads.1,CES-D,full,RobustScaler,ElasticNet,50,12,10,-0.4215,9.0627,10.9881,-0.575,-1.1278,-0.5825
3,latency,CRADK,ads.1,CES-D,full,RobustScaler,SVR,50,12,10,-0.3372,8.1745,11.1454,-0.3481,-1.1891,-0.3053
3,latency,CRADK,ads.1,CES-D,full,RobustScaler,KNN,50,12,10,-0.2143,9.3315,10.1174,-0.2353,-0.8039,-0.4356
3,latency,CRADK,ads.1,CES-D,full,RobustScaler,RF,50,12,10,-0.1887,8.2694,9.7161,-0.2114,-0.6637,-0.4632
3,latency,CRADK,ads.1,CES-D,full,RobustScaler,ET,50,12,10,-0.1252,7.3045,9.4741,-0.1667,-0.5818,-0.207
3,latency,CRADK,ads.1,CES-D,full,RobustScaler,GB,50,12,10,-0.1968,8.4482,10.3448,-0.2061,-0.886,-0.414
3,latency,CRADK,ads.1,CES-D,full,RobustScaler,XGB,50,12,10,-0.3462,9.9148,11.628,-0.4378,-1.3829,-0.5439
3,latency,CRADK,ads.1,CES-D,full,RobustScaler,MLP,50,12,10,-0.3469,10.4103,13.095,-0.3985,-2.022,-0.3579
3,latency,CRADK,ads.1,CES-D,full,RobustScaler,LGBM,50,12,10,0.0891,7.2942,9.4223,0.092,-0.5646,-0.058
3,latency,CRADK,ads.1,CES-D,full,RobustScaler,CatBoost,50,12,10,-0.3329,9.1967,10.968,-0.3478,-1.12,-0.5018
4,latency,CRADK,ads.1,CES-D,full,StandardScaler,Ridge,50,12,5,-0.2026,11.2154,15.7462,-0.2911,-2.2004,-0.2627
4,latency,CRADK,ads.1,CES-D,full,StandardScaler,Lasso,50,12,5,-0.2344,10.2845,14.8885,-0.3393,-1.8612,-0.2347
4,latency,CRADK,ads.1,CES-D,full,StandardScaler,ElasticNet,50,12,5,-0.207,11.7971,16.445,-0.2968,-2.4908,-0.2627
4,latency,CRADK,ads.1,CES-D,full,StandardScaler,SVR,50,12,5,-0.0096,9.2974,12.1489,-0.0134,-0.9051,-0.1051
4,latency,CRADK,ads.1,CES-D,full,StandardScaler,KNN,50,12,5,-0.2799,10.0706,13.0256,-0.334,-1.19,-0.2662
4,latency,CRADK,ads.1,CES-D,full,StandardScaler,RF,50,12,5,-0.2271,9.942,12.7253,-0.4655,-1.0902,-0.2732
4,latency,CRADK,ads.1,CES-D,full,StandardScaler,ET,50,12,5,-0.0798,8.5298,11.9846,-0.1486,-0.854,-0.0455
4,latency,CRADK,ads.1,CES-D,full,StandardScaler,GB,50,12,5,-0.2619,12.1289,15.6607,-0.4087,-2.1658,-0.3117
4,latency,CRADK,ads.1,CES-D,full,StandardScaler,XGB,50,12,5,-0.2836,11.2372,14.5174,-0.5051,-1.7204,-0.2802
4,latency,CRADK,ads.1,CES-D,full,StandardScaler,MLP,50,12,5,-0.2419,11.0415,14.6966,-0.3432,-1.788,-0.2172
4,latency,CRADK,ads.1,CES-D,full,StandardScaler,LGBM,50,12,5,-0.368,11.2855,14.4804,-0.6215,-1.7065,-0.5536
4,latency,CRADK,ads.1,CES-D,full,StandardScaler,CatBoost,50,12,5,-0.1465,10.234,13.6938,-0.3168,-1.4205,-0.1121
4,latency,CRADK,ads.1,CES-D,full,MinMaxScaler,Ridge,50,12,10,-0.1454,10.8808,15.068,-0.1975,-1.9307,-0.1331
4,latency,CRADK,ads.1,CES-D,full,MinMaxScaler,Lasso,50,12,10,-0.1938,11.9578,17.0581,-0.2635,-2.7559,-0.2557
4,latency,CRADK,ads.1,CES-D,full,MinMaxScaler,ElasticNet,50,12,10,-0.1652,11.7893,16.5449,-0.2263,-2.5333,-0.1646
4,latency,CRADK,ads.1,CES-D,full,MinMaxScaler,SVR,50,12,10,-0.2301,10.3497,14.6097,-0.3254,-1.7551,-0.2837
4,latency,CRADK,ads.1,CES-D,full,MinMaxScaler,KNN,50,12,10,-0.2051,8.9159,11.7236,-0.2405,-0.7741,-0.1599
4,latency,CRADK,ads.1,CES-D,full,MinMaxScaler,RF,50,12,10,-0.2229,10.1317,13.1675,-0.3189,-1.238,-0.2137
4,latency,CRADK,ads.1,CES-D,full,MinMaxScaler,ET,50,12,10,-0.1077,9.749,13.0644,-0.1654,-1.2031,-0.1786
4,latency,CRADK,ads.1,CES-D,full,MinMaxScaler,GB,50,12,10,-0.0675,9.5791,13.3211,-0.0987,-1.2905,-0.2102
4,latency,CRADK,ads.1,CES-D,full,MinMaxScaler,XGB,50,12,10,-0.219,11.0257,13.835,-0.4086,-1.4706,-0.2242
4,latency,CRADK,ads.1,CES-D,full,MinMaxScaler,MLP,50,12,10,-0.2751,12.0958,15.5402,-0.3687,-2.1172,-0.2907
4,latency,CRADK,ads.1,CES-D,full,MinMaxScaler,LGBM,50,12,10,-0.3521,11.6073,14.0948,-0.7232,-1.5643,-0.641
4,latency,CRADK,ads.1,CES-D,full,MinMaxScaler,CatBoost,50,12,10,-0.1646,10.5166,13.8139,-0.2773,-1.4631,-0.2872
4,latency,CRADK,ads.1,CES-D,full,RobustScaler,Ridge,50,12,20,0.0389,36.2208,60.4588,0.1637,-46.1817,0.0245
4,latency,CRADK,ads.1,CES-D,full,RobustScaler,Lasso,50,12,20,0.2024,7.8167,9.6512,0.3569,-0.2023,0.2452
4,latency,CRADK,ads.1,CES-D,full,RobustScaler,ElasticNet,50,12,20,-0.055,17.0906,25.7313,-0.0964,-7.5463,-0.1786
4,latency,CRADK,ads.1,CES-D,full,RobustScaler,SVR,50,12,20,-0.1303,10.6689,13.0245,-0.3032,-1.1897,-0.1263
4,latency,CRADK,ads.1,CES-D,full,RobustScaler,KNN,50,12,20,-0.185,8.7244,11.8152,-0.2727,-0.8019,-0.1281
4,latency,CRADK,ads.1,CES-D,full,RobustScaler,RF,50,12,20,-0.2369,10.1449,12.8555,-0.4598,-1.1332,-0.2662
4,latency,CRADK,ads.1,CES-D,full,RobustScaler,ET,50,12,20,-0.0453,9.2538,12.6266,-0.0781,-1.0579,0.0315
4,latency,CRADK,ads.1,CES-D,full,RobustScaler,GB,50,12,20,-0.1137,9.7603,13.1148,-0.1396,-1.2201,0.035
4,latency,CRADK,ads.1,CES-D,full,RobustScaler,XGB,50,12,20,-0.2774,10.6745,14.1616,-0.3932,-1.5887,-0.2452
4,latency,CRADK,ads.1,CES-D,full,RobustScaler,MLP,50,12,20,-0.0014,20.4747,30.9591,-0.0026,-11.3717,-0.4238
4,latency,CRADK,ads.1,CES-D,full,RobustScaler,LGBM,50,12,20,-0.3827,11.1174,14.1713,-0.7578,-1.5922,-0.669
4,latency,CRADK,ads.1,CES-D,full,RobustScaler,CatBoost,50,12,20,-0.2455,11.0443,14.3396,-0.5636,-1.6542,-0.4869
5,latency,CRADK,ads.1,CES-D,full,StandardScaler,Ridge,50,12,5,-0.0048,11.8258,13.1304,-0.0123,-0.0471,0.0352
5,latency,CRADK,ads.1,CES-D,full,StandardScaler,Lasso,50,12,5,0.0338,11.6669,13.2392,0.0585,-0.0645,0.0845
5,latency,CRADK,ads.1,CES-D,full,StandardScaler,ElasticNet,50,12,5,0.0051,11.8011,13.2724,0.0101,-0.0699,0.007
5,latency,CRADK,ads.1,CES-D,full,StandardScaler,SVR,50,12,5,-0.0139,11.8999,13.4786,-0.027,-0.1034,-0.1268
5,latency,CRADK,ads.1,CES-D,full,StandardScaler,KNN,50,12,5,0.1074,11.9,14.3611,0.121,-0.2526,0.2407
5,latency,CRADK,ads.1,CES-D,full,StandardScaler,RF,50,12,5,-0.0107,12.7122,14.6739,-0.0128,-0.3078,-0.0141
5,latency,CRADK,ads.1,CES-D,full,StandardScaler,ET,50,12,5,0.0276,13.0272,14.7285,0.0322,-0.3175,0.0423
5,latency,CRADK,ads.1,CES-D,full,StandardScaler,GB,50,12,5,-0.0489,13.7842,15.2662,-0.0559,-0.4155,-0.0563
5,latency,CRADK,ads.1,CES-D,full,StandardScaler,XGB,50,12,5,-0.0497,14.1278,15.7021,-0.0543,-0.4975,0.0141
5,latency,CRADK,ads.1,CES-D,full,StandardScaler,MLP,50,12,5,0.0249,11.4152,14.3822,0.0305,-0.2563,0.0141
5,latency,CRADK,ads.1,CES-D,full,StandardScaler,LGBM,50,12,5,-0.1347,13.6369,15.1753,-0.1723,-0.3987,-0.0887
5,latency,CRADK,ads.1,CES-D,full,StandardScaler,CatBoost,50,12,5,-0.0494,13.4141,15.2092,-0.058,-0.4049,-0.0704
5,latency,CRADK,ads.1,CES-D,full,MinMaxScaler,Ridge,50,12,15,0.0855,11.3238,13.1345,0.1283,-0.0478,0.2465
5,latency,CRADK,ads.1,CES-D,full,MinMaxScaler,Lasso,50,12,15,0.0093,11.9531,13.0523,0.023,-0.0347,0.1197
5,latency,CRADK,ads.1,CES-D,full,MinMaxScaler,ElasticNet,50,12,15,0.0727,11.22,12.9267,0.1295,-0.0149,0.2465
5,latency,CRADK,ads.1,CES-D,full,MinMaxScaler,SVR,50,12,15,0.0639,10.9097,12.9009,0.142,-0.0108,0.2535
5,latency,CRADK,ads.1,CES-D,full,MinMaxScaler,KNN,50,12,15,0.3659,9.4277,12.6646,0.386,0.0259,0.5274
5,latency,CRADK,ads.1,CES-D,full,MinMaxScaler,RF,50,12,15,-0.1283,13.4068,15.2508,-0.1601,-0.4126,0.0493
5,latency,CRADK,ads.1,CES-D,full,MinMaxScaler,ET,50,12,15,0.0512,12.203,14.3005,0.0603,-0.2421,0.0916
5,latency,CRADK,ads.1,CES-D,full,MinMaxScaler,GB,50,12,15,-0.1725,14.6475,16.2891,-0.1957,-0.6115,-0.2324
5,latency,CRADK,ads.1,CES-D,full,MinMaxScaler,XGB,50,12,15,-0.2454,15.2431,16.6896,-0.285,-0.6917,-0.1127
5,latency,CRADK,ads.1,CES-D,full,MinMaxScaler,MLP,50,12,15,-0.0335,12.2455,13.8358,-0.0537,-0.1626,0.162
5,latency,CRADK,ads.1,CES-D,full,MinMaxScaler,LGBM,50,12,15,-0.2038,13.4552,15.055,-0.3076,-0.3766,-0.311
5,latency,CRADK,ads.1,CES-D,full,MinMaxScaler,CatBoost,50,12,15,-0.0825,12.7793,15.3136,-0.0966,-0.4243,0.0563
5,latency,CRADK,ads.1,CES-D,full,RobustScaler,Ridge,50,12,5,0.1933,10.6824,12.6513,0.2573,0.0279,0.3944
5,latency,CRADK,ads.1,CES-D,full,RobustScaler,Lasso,50,12,5,0.2133,10.6226,12.4836,0.2847,0.0535,0.3944
5,latency,CRADK,ads.1,CES-D,full,RobustScaler,ElasticNet,50,12,5,0.1459,10.8023,12.8802,0.203,-0.0076,0.2747
5,latency,CRADK,ads.1,CES-D,full,RobustScaler,SVR,50,12,5,0.2137,10.0517,12.3096,0.3501,0.0797,0.3662
5,latency,CRADK,ads.1,CES-D,full,RobustScaler,KNN,50,12,5,0.2301,9.7388,12.8942,0.275,-0.0098,0.1876
5,latency,CRADK,ads.1,CES-D,full,RobustScaler,RF,50,12,5,-0.036,12.28,14.0831,-0.0519,-0.2046,-0.0282
5,latency,CRADK,ads.1,CES-D,full,RobustScaler,ET,50,12,5,0.1315,11.4624,13.2835,0.169,-0.0717,0.1479
5,latency,CRADK,ads.1,CES-D,full,RobustScaler,GB,50,12,5,-0.1685,16.088,18.1068,-0.1732,-0.9913,-0.2394
5,latency,CRADK,ads.1,CES-D,full,RobustScaler,XGB,50,12,5,-0.2203,14.7764,16.8684,-0.2465,-0.7282,-0.3732
5,latency,CRADK,ads.1,CES-D,full,RobustScaler,MLP,50,12,5,-0.0334,12.7808,14.7775,-0.0403,-0.3263,-0.0916
5,latency,CRADK,ads.1,CES-D,full,RobustScaler,LGBM,50,12,5,-0.0727,12.7305,14.2875,-0.1073,-0.2398,-0.1062
5,latency,CRADK,ads.1,CES-D,full,RobustScaler,CatBoost,50,12,5,-0.0619,12.9201,14.8684,-0.0765,-0.3427,-0.0282
1,latency,CRADK,HRSD_6.1,HRSD6,full,StandardScaler,Ridge,47,12,5,-0.1885,5.8654,6.5145,-0.1961,-1.048,-0.232
1,latency,CRADK,HRSD_6.1,HRSD6,full,StandardScaler,Lasso,47,12,5,-0.1852,5.8485,6.4989,-0.192,-1.0382,-0.2601
1,latency,CRADK,HRSD_6.1,HRSD6,full,StandardScaler,ElasticNet,47,12,5,-0.175,5.7415,6.3503,-0.1857,-0.9461,-0.1933
1,latency,CRADK,HRSD_6.1,HRSD6,full,StandardScaler,SVR,47,12,5,0.0633,4.5559,5.0341,0.0772,-0.223,0.1898
1,latency,CRADK,HRSD_6.1,HRSD6,full,StandardScaler,KNN,47,12,5,0.0551,4.7315,5.1323,0.0698,-0.2711,0.1371
1,latency,CRADK,HRSD_6.1,HRSD6,full,StandardScaler,RF,47,12,5,0.1708,4.3516,4.9622,0.1925,-0.1883,0.1406
1,latency,CRADK,HRSD_6.1,HRSD6,full,StandardScaler,ET,47,12,5,0.0666,4.4121,5.0723,0.0771,-0.2416,0.0422
1,latency,CRADK,HRSD_6.1,HRSD6,full,StandardScaler,GB,47,12,5,0.239,4.8054,5.5654,0.2406,-0.4947,0.1125
1,latency,CRADK,HRSD_6.1,HRSD6,full,StandardScaler,XGB,47,12,5,0.1458,4.5432,5.1635,0.1553,-0.2866,0.116
1,latency,CRADK,HRSD_6.1,HRSD6,full,StandardScaler,MLP,47,12,5,-0.1715,9.3214,12.6981,-0.2421,-6.781,-0.1301
1,latency,CRADK,HRSD_6.1,HRSD6,full,StandardScaler,LGBM,47,12,5,-0.0171,4.6825,5.2963,-0.0238,-0.3537,0.0352
1,latency,CRADK,HRSD_6.1,HRSD6,full,StandardScaler,CatBoost,47,12,5,0.0977,4.6226,5.2399,0.1073,-0.325,0.1019
1,latency,CRADK,HRSD_6.1,HRSD6,full,MinMaxScaler,Ridge,47,12,20,0.1099,4.6576,4.9143,0.1483,-0.1654,0.1582
1,latency,CRADK,HRSD_6.1,HRSD6,full,MinMaxScaler,Lasso,47,12,20,-0.0074,4.8578,5.1822,-0.01,-0.296,-0.0246
1,latency,CRADK,HRSD_6.1,HRSD6,full,MinMaxScaler,ElasticNet,47,12,20,0.1654,4.394,4.6336,0.2554,-0.0361,0.1301
1,latency,CRADK,HRSD_6.1,HRSD6,full,MinMaxScaler,SVR,47,12,20,-0.0414,4.6839,5.1061,-0.0558,-0.2582,0.0035
1,latency,CRADK,HRSD_6.1,HRSD6,full,MinMaxScaler,KNN,47,12,20,-0.1533,5.6111,6.2687,-0.1585,-0.8963,-0.123
1,latency,CRADK,HRSD_6.1,HRSD6,full,MinMaxScaler,RF,47,12,20,0.3835,3.3865,4.0465,0.4765,0.2098,0.3058
1,latency,CRADK,HRSD_6.1,HRSD6,full,MinMaxScaler,ET,47,12,20,0.3275,3.6079,4.2885,0.3901,0.1125,0.2707
1,latency,CRADK,HRSD_6.1,HRSD6,full,MinMaxScaler,GB,47,12,20,0.3652,3.4431,4.1444,0.4452,0.1711,0.3761
1,latency,CRADK,HRSD_6.1,HRSD6,full,MinMaxScaler,XGB,47,12,20,0.2292,3.7087,4.5066,0.2857,0.0199,0.1301
1,latency,CRADK,HRSD_6.1,HRSD6,full,MinMaxScaler,MLP,47,12,20,-0.0389,4.5525,5.1162,-0.0548,-0.2631,-0.1511
1,latency,CRADK,HRSD_6.1,HRSD6,full,MinMaxScaler,LGBM,47,12,20,0.026,4.4107,4.8679,0.0398,-0.1435,0.007
1,latency,CRADK,HRSD_6.1,HRSD6,full,MinMaxScaler,CatBoost,47,12,20,0.2864,3.6815,4.2811,0.408,0.1156,0.239
1,latency,CRADK,HRSD_6.1,HRSD6,full,RobustScaler,Ridge,47,12,15,-0.2413,4.8925,5.5972,-0.3312,-0.5119,-0.1652
1,latency,CRADK,HRSD_6.1,HRSD6,full,RobustScaler,Lasso,47,12,15,0.0041,4.2083,4.644,0.3553,-0.0408,0.239
1,latency,CRADK,HRSD_6.1,HRSD6,full,RobustScaler,ElasticNet,47,12,15,-0.3426,4.9382,5.8968,-0.4354,-0.678,-0.1301
1,latency,CRADK,HRSD_6.1,HRSD6,full,RobustScaler,SVR,47,12,15,0.0823,4.3211,4.9359,0.0995,-0.1757,0.0562
1,latency,CRADK,HRSD_6.1,HRSD6,full,RobustScaler,KNN,47,12,15,-0.1685,4.6111,5.4467,-0.2182,-0.4316,-0.4099
1,latency,CRADK,HRSD_6.1,HRSD6,full,RobustScaler,RF,47,12,15,0.3722,3.4339,4.1015,0.4579,0.1882,0.2636
1,latency,CRADK,HRSD_6.1,HRSD6,full,RobustScaler,ET,47,12,15,0.2923,3.7433,4.3864,0.3541,0.0715,0.2917
1,latency,CRADK,HRSD_6.1,HRSD6,full,RobustScaler,GB,47,12,15,0.3092,3.6502,4.3561,0.3667,0.0843,0.2882
1,latency,CRADK,HRSD_6.1,HRSD6,full,RobustScaler,XGB,47,12,15,0.2251,3.7954,4.5366,0.2766,0.0068,0.1301
1,latency,CRADK,HRSD_6.1,HRSD6,full,RobustScaler,MLP,47,12,15,0.0829,6.5631,7.6182,0.1019,-1.8007,0.1793
1,latency,CRADK,HRSD_6.1,HRSD6,full,RobustScaler,LGBM,47,12,15,-0.0073,4.4131,4.9743,-0.0143,-0.1941,-0.0035
1,latency,CRADK,HRSD_6.1,HRSD6,full,RobustScaler,CatBoost,47,12,15,0.2026,3.8531,4.5242,0.2981,0.0122,0.2214
2,latency,CRADK,HRSD_6.1,HRSD6,full,StandardScaler,Ridge,47,12,5,0.2388,3.2106,4.1364,0.2522,-0.2674,0.2933
2,latency,CRADK,HRSD_6.1,HRSD6,full,StandardScaler,Lasso,47,12,5,0.2163,3.1378,4.1557,0.2276,-0.2792,0.2721
2,latency,CRADK,HRSD_6.1,HRSD6,full,StandardScaler,ElasticNet,47,12,5,0.1858,3.3253,4.2653,0.1928,-0.3476,0.2403
2,latency,CRADK,HRSD_6.1,HRSD6,full,StandardScaler,SVR,47,12,5,0.1802,2.9736,3.7015,0.2288,-0.0149,0.2933
2,latency,CRADK,HRSD_6.1,HRSD6,full,StandardScaler,KNN,47,12,5,0.1297,3.3796,4.1854,0.1393,-0.2976,0.2726
2,latency,CRADK,HRSD_6.1,HRSD6,full,StandardScaler,RF,47,12,5,-0.0968,4.3146,5.1748,-0.1002,-0.9836,0.0071
2,latency,CRADK,HRSD_6.1,HRSD6,full,StandardScaler,ET,47,12,5,-0.0369,4.1222,4.8409,-0.0382,-0.7359,0.0318
2,latency,CRADK,HRSD_6.1,HRSD6,full,StandardScaler,GB,47,12,5,-0.2879,5.8555,6.7831,-0.3112,-2.4081,-0.3357
2,latency,CRADK,HRSD_6.1,HRSD6,full,StandardScaler,XGB,47,12,5,-0.2987,6.0074,6.7043,-0.3275,-2.3294,-0.3174
2,latency,CRADK,HRSD_6.1,HRSD6,full,StandardScaler,MLP,47,12,5,0.1357,3.7817,4.6713,0.1383,-0.6164,0.0318
2,latency,CRADK,HRSD_6.1,HRSD6,full,StandardScaler,LGBM,47,12,5,0.073,3.3721,4.1644,0.0814,-0.2846,0.0924
2,latency,CRADK,HRSD_6.1,HRSD6,full,StandardScaler,CatBoost,47,12,5,-0.1459,4.593,5.4915,-0.1504,-1.2338,0.0353
2,latency,CRADK,HRSD_6.1,HRSD6,full,MinMaxScaler,Ridge,47,12,5,-0.1375,3.7919,4.7774,-0.1465,-0.6906,-0.0919
2,latency,CRADK,HRSD_6.1,HRSD6,full,MinMaxScaler,Lasso,47,12,5,-0.0597,3.584,4.4176,-0.0677,-0.4456,-0.0777
2,latency,CRADK,HRSD_6.1,HRSD6,full,MinMaxScaler,ElasticNet,47,12,5,-0.0786,3.4118,4.2412,-0.1002,-0.3325,-0.0777
2,latency,CRADK,HRSD_6.1,HRSD6,full,MinMaxScaler,SVR,47,12,5,0.168,4.3189,5.4817,0.1858,-1.2259,0.1555
2,latency,CRADK,HRSD_6.1,HRSD6,full,MinMaxScaler,KNN,47,12,5,-0.0454,3.6574,4.5708,-0.0496,-0.5476,0.0071
2,latency,CRADK,HRSD_6.1,HRSD6,full,MinMaxScaler,RF,47,12,5,-0.2736,4.8292,5.3861,-0.287,-1.1489,-0.2686
2,latency,CRADK,HRSD_6.1,HRSD6,full,MinMaxScaler,ET,47,12,5,-0.1365,4.48,5.1495,-0.1496,-0.9643,-0.106
2,latency,CRADK,HRSD_6.1,HRSD6,full,MinMaxScaler,GB,47,12,5,-0.4494,5.2892,5.9971,-0.4875,-1.6641,-0.3569
2,latency,CRADK,HRSD_6.1,HRSD6,full,MinMaxScaler,XGB,47,12,5,-0.4062,5.025,5.6402,-0.444,-1.3564,-0.3463
2,latency,CRADK,HRSD_6.1,HRSD6,full,MinMaxScaler,MLP,47,12,5,-0.0702,3.8697,4.7916,-0.073,-0.7007,-0.0919
2,latency,CRADK,HRSD_6.1,HRSD6,full,MinMaxScaler,LGBM,47,12,5,-0.287,5.2041,6.0486,-0.2925,-1.71,-0.1634
2,latency,CRADK,HRSD_6.1,HRSD6,full,MinMaxScaler,CatBoost,47,12,5,-0.342,4.9812,5.6495,-0.37,-1.3642,-0.1732
2,latency,CRADK,HRSD_6.1,HRSD6,full,RobustScaler,Ridge,47,12,5,0.08,3.4347,4.2998,0.0856,-0.3695,-0.0035
2,latency,CRADK,HRSD_6.1,HRSD6,full,RobustScaler,Lasso,47,12,5,0.0371,3.5353,4.4874,0.0387,-0.4916,0.0071
2,latency,CRADK,HRSD_6.1,HRSD6,full,RobustScaler,ElasticNet,47,12,5,0.0646,3.4359,4.3594,0.0685,-0.4077,-0.0035
2,latency,CRADK,HRSD_6.1,HRSD6,full,RobustScaler,SVR,47,12,5,0.1899,2.7653,3.7094,0.2477,-0.0192,0.3852
2,latency,CRADK,HRSD_6.1,HRSD6,full,RobustScaler,KNN,47,12,5,0.1174,3.2963,4.1383,0.1281,-0.2686,0.2496
2,latency,CRADK,HRSD_6.1,HRSD6,full,RobustScaler,RF,47,12,5,0.1088,3.3332,4.2275,0.1168,-0.3238,0.0671
2,latency,CRADK,HRSD_6.1,HRSD6,full,RobustScaler,ET,47,12,5,0.2603,2.9767,3.8401,0.2837,-0.0923,0.371
2,latency,CRADK,HRSD_6.1,HRSD6,full,RobustScaler,GB,47,12,5,0.0104,4.3341,5.1055,0.0105,-0.9309,-0.053
2,latency,CRADK,HRSD_6.1,HRSD6,full,RobustScaler,XGB,47,12,5,-0.0245,3.9791,5.1611,-0.0245,-0.9731,-0.0053
2,latency,CRADK,HRSD_6.1,HRSD6,full,RobustScaler,MLP,47,12,5,0.1066,3.4598,4.6375,0.1075,-0.5931,0.2474
2,latency,CRADK,HRSD_6.1,HRSD6,full,RobustScaler,LGBM,47,12,5,0.0378,3.5266,4.473,0.0396,-0.482,0.0812
2,latency,CRADK,HRSD_6.1,HRSD6,full,RobustScaler,CatBoost,47,12,5,-0.0098,3.8051,4.7859,-0.01,-0.6966,0.0848
3,latency,CRADK,HRSD_6.1,HRSD6,full,StandardScaler,Ridge,47,12,5,0.1924,2.874,3.2395,0.3084,0.0435,0.1805
3,latency,CRADK,HRSD_6.1,HRSD6,full,StandardScaler,Lasso,47,12,5,0.0594,2.9903,3.4213,0.1611,-0.0668,0.0248
3,latency,CRADK,HRSD_6.1,HRSD6,full,StandardScaler,ElasticNet,47,12,5,0.1125,3.0264,3.3611,0.2732,-0.0296,0.2407
3,latency,CRADK,HRSD_6.1,HRSD6,full,StandardScaler,SVR,47,12,5,0.1954,2.8742,3.2532,0.2807,0.0355,0.2903
3,latency,CRADK,HRSD_6.1,HRSD6,full,StandardScaler,KNN,47,12,5,0.2587,2.9167,3.5171,0.2857,-0.1274,0.3363
3,latency,CRADK,HRSD_6.1,HRSD6,full,StandardScaler,RF,47,12,5,0.0886,3.3746,3.834,0.1247,-0.3397,0.1593
3,latency,CRADK,HRSD_6.1,HRSD6,full,StandardScaler,ET,47,12,5,-0.0157,3.5042,3.9963,-0.0224,-0.4555,-0.0425
3,latency,CRADK,HRSD_6.1,HRSD6,full,StandardScaler,GB,47,12,5,0.0066,4.1219,5.233,0.0075,-1.4958,-0.0956
3,latency,CRADK,HRSD_6.1,HRSD6,full,StandardScaler,XGB,47,12,5,0.1005,3.4327,4.3014,0.1056,-0.6863,0.0991
3,latency,CRADK,HRSD_6.1,HRSD6,full,StandardScaler,MLP,47,12,5,-0.1232,3.8772,4.4398,-0.1429,-0.7965,-0.177
3,latency,CRADK,HRSD_6.1,HRSD6,full,StandardScaler,LGBM,47,12,5,-0.0072,3.4285,3.8271,-0.0087,-0.3349,0.0036
3,latency,CRADK,HRSD_6.1,HRSD6,full,StandardScaler,CatBoost,47,12,5,0.039,3.3242,3.8987,0.0528,-0.3853,0.131
3,latency,CRADK,HRSD_6.1,HRSD6,full,MinMaxScaler,Ridge,47,12,15,0.0898,3.4956,3.9605,0.12,-0.4296,-0.0389
3,latency,CRADK,HRSD_6.1,HRSD6,full,MinMaxScaler,Lasso,47,12,15,0.0158,3.2637,3.724,0.0252,-0.264,-0.1345
3,latency,CRADK,HRSD_6.1,HRSD6,full,MinMaxScaler,ElasticNet,47,12,15,0.0769,3.4409,3.8442,0.1254,-0.3469,0.0177
3,latency,CRADK,HRSD_6.1,HRSD6,full,MinMaxScaler,SVR,47,12,15,-0.0465,3.2083,3.7751,-0.0634,-0.2989,-0.1062
3,latency,CRADK,HRSD_6.1,HRSD6,full,MinMaxScaler,KNN,47,12,15,-0.0004,4.0278,4.6855,-0.0005,-1.0008,0.0107
3,latency,CRADK,HRSD_6.1,HRSD6,full,MinMaxScaler,RF,47,12,15,0.0275,3.5025,4.2023,0.035,-0.6095,-0.1593
3,latency,CRADK,HRSD_6.1,HRSD6,full,MinMaxScaler,ET,47,12,15,0.0139,3.6975,4.3149,0.0171,-0.6969,-0.1239
3,latency,CRADK,HRSD_6.1,HRSD6,full,MinMaxScaler,GB,47,12,15,-0.0944,4.4446,5.2733,-0.1189,-1.5344,-0.0991
3,latency,CRADK,HRSD_6.1,HRSD6,full,MinMaxScaler,XGB,47,12,15,-0.179,3.8166,4.5202,-0.2181,-0.8622,-0.2549
3,latency,CRADK,HRSD_6.1,HRSD6,full,MinMaxScaler,MLP,47,12,15,0.1142,3.4964,4.0844,0.1528,-0.5204,0.0142
3,latency,CRADK,HRSD_6.1,HRSD6,full,MinMaxScaler,LGBM,47,12,15,-0.0645,3.0822,3.9605,-0.0772,-0.4296,-0.2128
3,latency,CRADK,HRSD_6.1,HRSD6,full,MinMaxScaler,CatBoost,47,12,15,0.0036,3.2188,3.8388,0.0056,-0.3431,-0.0779
3,latency,CRADK,HRSD_6.1,HRSD6,full,RobustScaler,Ridge,47,12,5,-0.0233,3.2477,3.8386,-0.0302,-0.3429,-0.1628
3,latency,CRADK,HRSD_6.1,HRSD6,full,RobustScaler,Lasso,47,12,5,-0.0165,3.2651,3.7743,-0.0235,-0.2983,-0.1168
3,latency,CRADK,HRSD_6.1,HRSD6,full,RobustScaler,ElasticNet,47,12,5,-0.0108,3.2652,3.7505,-0.0158,-0.282,-0.0991
3,latency,CRADK,HRSD_6.1,HRSD6,full,RobustScaler,SVR,47,12,5,-0.2489,3.745,4.4054,-0.3383,-0.7688,-0.308
3,latency,CRADK,HRSD_6.1,HRSD6,full,RobustScaler,KNN,47,12,5,-0.1297,4.0119,4.7069,-0.213,-1.0192,-0.1385
3,latency,CRADK,HRSD_6.1,HRSD6,full,RobustScaler,RF,47,12,5,-0.0202,3.1842,3.9828,-0.0457,-0.4457,0.0354
3,latency,CRADK,HRSD_6.1,HRSD6,full,RobustScaler,ET,47,12,5,-0.11,3.3937,4.2134,-0.2228,-0.618,-0.2549
3,latency,CRADK,HRSD_6.1,HRSD6,full,RobustScaler,GB,47,12,5,-0.2829,3.7476,4.5711,-0.3442,-0.9043,-0.4354
3,latency,CRADK,HRSD_6.1,HRSD6,full,RobustScaler,XGB,47,12,5,-0.2875,4.2284,5.2676,-0.3121,-1.5289,-0.3505
3,latency,CRADK,HRSD_6.1,HRSD6,full,RobustScaler,MLP,47,12,5,-0.1885,3.5273,4.0717,-0.2686,-0.511,-0.2336
3,latency,CRADK,HRSD_6.1,HRSD6,full,RobustScaler,LGBM,47,12,5,-0.1273,3.2496,4.0002,-0.1861,-0.4584,-0.1619
3,latency,CRADK,HRSD_6.1,HRSD6,full,RobustScaler,CatBoost,47,12,5,-0.1127,3.5055,4.1221,-0.2466,-0.5486,-0.2513
4,latency,CRADK,HRSD_6.1,HRSD6,full,StandardScaler,Ridge,47,12,5,-0.2468,6.1088,7.5333,-0.289,-0.7255,-0.0424
4,latency,CRADK,HRSD_6.1,HRSD6,full,StandardScaler,Lasso,47,12,5,-0.2853,6.2151,7.8176,-0.3191,-0.8582,-0.0106
4,latency,CRADK,HRSD_6.1,HRSD6,full,StandardScaler,ElasticNet,47,12,5,-0.2871,6.2502,7.881,-0.3167,-0.8885,0.0848
4,latency,CRADK,HRSD_6.1,HRSD6,full,StandardScaler,SVR,47,12,5,0.0092,5.2854,6.4972,0.0274,-0.2835,-0.0495
4,latency,CRADK,HRSD_6.1,HRSD6,full,StandardScaler,KNN,47,12,5,-0.0362,5.2778,6.7082,-0.0593,-0.3682,-0.0956
4,latency,CRADK,HRSD_6.1,HRSD6,full,StandardScaler,RF,47,12,5,-0.0667,5.1385,6.5029,-0.126,-0.2858,-0.1166
4,latency,CRADK,HRSD_6.1,HRSD6,full,StandardScaler,ET,47,12,5,-0.0763,5.39,6.7582,-0.1182,-0.3887,-0.1484
4,latency,CRADK,HRSD_6.1,HRSD6,full,StandardScaler,GB,47,12,5,-0.0645,5.8496,6.8942,-0.0799,-0.4452,-0.1201
4,latency,CRADK,HRSD_6.1,HRSD6,full,StandardScaler,XGB,47,12,5,-0.0073,5.7936,6.8962,-0.0096,-0.446,-0.0565
4,latency,CRADK,HRSD_6.1,HRSD6,full,StandardScaler,MLP,47,12,5,0.355,5.2563,6.5146,0.4596,-0.2904,0.4735
4,latency,CRADK,HRSD_6.1,HRSD6,full,StandardScaler,LGBM,47,12,5,-0.0868,5.6273,6.8736,-0.1354,-0.4365,-0.1234
4,latency,CRADK,HRSD_6.1,HRSD6,full,StandardScaler,CatBoost,47,12,5,-0.0377,5.1761,6.5216,-0.0659,-0.2932,-0.0353
4,latency,CRADK,HRSD_6.1,HRSD6,full,MinMaxScaler,Ridge,47,12,10,-0.2862,6.2337,7.7265,-0.3294,-0.8152,-0.1944
4,latency,CRADK,HRSD_6.1,HRSD6,full,MinMaxScaler,Lasso,47,12,10,-0.3699,6.5578,8.797,-0.3786,-1.353,-0.0989
4,latency,CRADK,HRSD_6.1,HRSD6,full,MinMaxScaler,ElasticNet,47,12,10,-0.3242,6.1692,7.8329,-0.371,-0.8655,-0.1873
4,latency,CRADK,HRSD_6.1,HRSD6,full,MinMaxScaler,SVR,47,12,10,-0.0318,5.3425,6.717,-0.0898,-0.3718,-0.1767
4,latency,CRADK,HRSD_6.1,HRSD6,full,MinMaxScaler,KNN,47,12,10,0.0151,5.3333,6.5903,0.024,-0.3206,0.0389
4,latency,CRADK,HRSD_6.1,HRSD6,full,MinMaxScaler,RF,47,12,10,-0.138,5.4027,6.8792,-0.2328,-0.4389,-0.2085
4,latency,CRADK,HRSD_6.1,HRSD6,full,MinMaxScaler,ET,47,12,10,-0.1422,5.9742,7.1541,-0.2675,-0.5562,-0.4099
4,latency,CRADK,HRSD_6.1,HRSD6,full,MinMaxScaler,GB,47,12,10,-0.0264,5.6074,7.3594,-0.0355,-0.6468,-0.2085
4,latency,CRADK,HRSD_6.1,HRSD6,full,MinMaxScaler,XGB,47,12,10,-0.1177,6.0361,7.921,-0.1927,-0.9077,-0.4488
4,latency,CRADK,HRSD_6.1,HRSD6,full,MinMaxScaler,MLP,47,12,10,-0.3716,7.1715,10.1336,-0.3744,-2.1223,-0.1378
4,latency,CRADK,HRSD_6.1,HRSD6,full,MinMaxScaler,LGBM,47,12,10,-0.0907,5.4548,6.912,-0.1335,-0.4527,-0.1257
4,latency,CRADK,HRSD_6.1,HRSD6,full,MinMaxScaler,CatBoost,47,12,10,-0.1172,5.6019,6.9825,-0.2084,-0.4824,-0.2332
4,latency,CRADK,HRSD_6.1,HRSD6,full,RobustScaler,Ridge,47,12,10,-0.339,8.4668,13.6108,-0.4009,-4.6327,-0.3357
4,latency,CRADK,HRSD_6.1,HRSD6,full,RobustScaler,Lasso,47,12,10,0.0,5.2199,6.069,,-0.1199,
4,latency,CRADK,HRSD_6.1,HRSD6,full,RobustScaler,ElasticNet,47,12,10,-0.0349,5.4605,6.6547,-0.0529,-0.3465,0.0177
4,latency,CRADK,HRSD_6.1,HRSD6,full,RobustScaler,SVR,47,12,10,-0.1035,5.5662,6.8869,-0.1853,-0.4421,-0.2156
4,latency,CRADK,HRSD_6.1,HRSD6,full,RobustScaler,KNN,47,12,10,-0.1969,5.7381,7.1336,-0.3221,-0.5473,-0.371
4,latency,CRADK,HRSD_6.1,HRSD6,full,RobustScaler,RF,47,12,10,-0.0524,5.13,6.5432,-0.082,-0.3018,-0.0495
4,latency,CRADK,HRSD_6.1,HRSD6,full,RobustScaler,ET,47,12,10,-0.0999,5.4033,6.8756,-0.1535,-0.4374,-0.1307
4,latency,CRADK,HRSD_6.1,HRSD6,full,RobustScaler,GB,47,12,10,-0.0908,5.81,7.0172,-0.1082,-0.4972,-0.0212
4,latency,CRADK,HRSD_6.1,HRSD6,full,RobustScaler,XGB,47,12,10,-0.0499,5.733,7.1178,-0.0622,-0.5404,-0.1307
4,latency,CRADK,HRSD_6.1,HRSD6,full,RobustScaler,MLP,47,12,10,0.2329,7.7188,10.2052,0.2912,-2.1666,-0.0389
4,latency,CRADK,HRSD_6.1,HRSD6,full,RobustScaler,LGBM,47,12,10,-0.0718,5.4,6.7223,-0.1022,-0.374,-0.1812
4,latency,CRADK,HRSD_6.1,HRSD6,full,RobustScaler,CatBoost,47,12,10,-0.05,5.0873,6.5984,-0.0793,-0.3238,-0.0495
5,latency,CRADK,HRSD_6.1,HRSD6,full,StandardScaler,Ridge,48,11,10,-0.0003,4.1448,4.9951,-0.0004,-0.2913,0.078
5,latency,CRADK,HRSD_6.1,HRSD6,full,StandardScaler,Lasso,48,11,10,-0.006,4.1699,4.8956,-0.0077,-0.2404,0.0917
5,latency,CRADK,HRSD_6.1,HRSD6,full,StandardScaler,ElasticNet,48,11,10,-0.0081,4.1801,4.9331,-0.0102,-0.2595,0.0917
5,latency,CRADK,HRSD_6.1,HRSD6,full,StandardScaler,SVR,48,11,10,0.0071,4.03,5.4458,0.0077,-0.5349,0.0826
5,latency,CRADK,HRSD_6.1,HRSD6,full,StandardScaler,KNN,48,11,10,0.1711,3.8081,4.4017,0.2291,-0.0027,0.4046
5,latency,CRADK,HRSD_6.1,HRSD6,full,StandardScaler,RF,48,11,10,-0.0461,4.2308,5.0305,-0.0592,-0.3097,0.0596
5,latency,CRADK,HRSD_6.1,HRSD6,full,StandardScaler,ET,48,11,10,-0.1181,4.8109,5.5034,-0.1309,-0.5675,0.0183
5,latency,CRADK,HRSD_6.1,HRSD6,full,StandardScaler,GB,48,11,10,0.0189,4.0441,5.2851,0.0212,-0.4456,0.1468
5,latency,CRADK,HRSD_6.1,HRSD6,full,StandardScaler,XGB,48,11,10,-0.0707,4.4559,5.8415,-0.0784,-0.766,0.0688
5,latency,CRADK,HRSD_6.1,HRSD6,full,StandardScaler,MLP,48,11,10,0.0191,4.2416,5.6188,0.0196,-0.6339,0.0
5,latency,CRADK,HRSD_6.1,HRSD6,full,StandardScaler,LGBM,48,11,10,0.1354,3.7293,4.6,0.1675,-0.0951,0.3898
5,latency,CRADK,HRSD_6.1,HRSD6,full,StandardScaler,CatBoost,48,11,10,-0.0143,4.1073,4.9506,-0.0188,-0.2684,0.0688
5,latency,CRADK,HRSD_6.1,HRSD6,full,MinMaxScaler,Ridge,48,11,10,0.0144,4.1484,4.9643,0.0172,-0.2754,0.0917
5,latency,CRADK,HRSD_6.1,HRSD6,full,MinMaxScaler,Lasso,48,11,10,-0.0082,4.1912,4.9353,-0.0103,-0.2605,0.0917
5,latency,CRADK,HRSD_6.1,HRSD6,full,MinMaxScaler,ElasticNet,48,11,10,-0.0205,4.2307,4.9502,-0.0259,-0.2682,0.0917
5,latency,CRADK,HRSD_6.1,HRSD6,full,MinMaxScaler,SVR,48,11,10,0.0946,3.6863,4.9284,0.1104,-0.2571,0.0688
5,latency,CRADK,HRSD_6.1,HRSD6,full,MinMaxScaler,KNN,48,11,10,0.1071,4.0,4.5389,0.1458,-0.0662,0.1422
5,latency,CRADK,HRSD_6.1,HRSD6,full,MinMaxScaler,RF,48,11,10,0.0448,4.0177,4.8183,0.0573,-0.2015,0.1009
5,latency,CRADK,HRSD_6.1,HRSD6,full,MinMaxScaler,ET,48,11,10,-0.0238,4.4541,5.2227,-0.0267,-0.4117,0.0183
5,latency,CRADK,HRSD_6.1,HRSD6,full,MinMaxScaler,GB,48,11,10,-0.0675,4.4398,5.449,-0.0789,-0.5367,-0.0275
5,latency,CRADK,HRSD_6.1,HRSD6,full,MinMaxScaler,XGB,48,11,10,-0.1863,4.7675,5.8532,-0.2021,-0.7731,0.0092
5,latency,CRADK,HRSD_6.1,HRSD6,full,MinMaxScaler,MLP,48,11,10,-0.0405,4.3481,4.9993,-0.0511,-0.2935,0.0321
5,latency,CRADK,HRSD_6.1,HRSD6,full,MinMaxScaler,LGBM,48,11,10,0.186,3.6017,4.536,0.2211,-0.0649,0.3434
5,latency,CRADK,HRSD_6.1,HRSD6,full,MinMaxScaler,CatBoost,48,11,10,0.0025,4.0143,4.9676,0.0032,-0.2771,0.1009
5,latency,CRADK,HRSD_6.1,HRSD6,full,RobustScaler,Ridge,48,11,15,0.001,4.1519,4.9798,0.0012,-0.2834,0.078
5,latency,CRADK,HRSD_6.1,HRSD6,full,RobustScaler,Lasso,48,11,15,-0.0044,4.1427,4.8651,-0.0057,-0.225,0.078
5,latency,CRADK,HRSD_6.1,HRSD6,full,RobustScaler,ElasticNet,48,11,15,-0.0115,4.1854,4.9302,-0.0145,-0.258,0.0321
5,latency,CRADK,HRSD_6.1,HRSD6,full,RobustScaler,SVR,48,11,15,-0.1204,4.2593,5.6279,-0.139,-0.6392,-0.1651
5,latency,CRADK,HRSD_6.1,HRSD6,full,RobustScaler,KNN,48,11,15,-0.0185,4.2121,4.8382,-0.0265,-0.2115,0.0828
5,latency,CRADK,HRSD_6.1,HRSD6,full,RobustScaler,RF,48,11,15,-0.0216,4.2626,5.0032,-0.0267,-0.2955,0.0596
5,latency,CRADK,HRSD_6.1,HRSD6,full,RobustScaler,ET,48,11,15,-0.0334,4.7,5.4335,-0.036,-0.5279,0.0505
5,latency,CRADK,HRSD_6.1,HRSD6,full,RobustScaler,GB,48,11,15,-0.0095,4.1156,5.4198,-0.0107,-0.5202,-0.0092
5,latency,CRADK,HRSD_6.1,HRSD6,full,RobustScaler,XGB,48,11,15,-0.0856,4.4528,5.8447,-0.0948,-0.7679,0.0046
5,latency,CRADK,HRSD_6.1,HRSD6,full,RobustScaler,MLP,48,11,15,-0.0546,4.4996,5.9667,-0.0558,-0.8425,-0.0963
5,latency,CRADK,HRSD_6.1,HRSD6,full,RobustScaler,LGBM,48,11,15,0.1346,3.6903,4.5839,0.1691,-0.0875,0.3519
5,latency,CRADK,HRSD_6.1,HRSD6,full,RobustScaler,CatBoost,48,11,15,-0.0183,4.0959,4.9714,-0.025,-0.2791,0.0413
1,latency,CRADK,HRSD_17.1,HRSD17,full,StandardScaler,Ridge,47,12,10,-0.0978,19.1184,39.0883,-0.3295,-37.6605,-0.2226
1,latency,CRADK,HRSD_17.1,HRSD17,full,StandardScaler,Lasso,47,12,10,-0.0781,22.9503,48.9123,-0.3296,-59.5354,-0.205
1,latency,CRADK,HRSD_17.1,HRSD17,full,StandardScaler,ElasticNet,47,12,10,-0.0849,21.3327,44.8989,-0.3292,-50.0087,-0.205
1,latency,CRADK,HRSD_17.1,HRSD17,full,StandardScaler,SVR,47,12,10,0.2835,5.0288,6.5366,0.3151,-0.0811,0.1558
1,latency,CRADK,HRSD_17.1,HRSD17,full,StandardScaler,KNN,47,12,10,0.1626,6.0167,7.1812,0.1706,-0.3049,0.085
1,latency,CRADK,HRSD_17.1,HRSD17,full,StandardScaler,RF,47,12,10,0.2107,5.7415,6.8784,0.2373,-0.1971,0.1661
1,latency,CRADK,HRSD_17.1,HRSD17,full,StandardScaler,ET,47,12,10,0.1469,6.1363,7.2028,0.1736,-0.3127,0.1802
1,latency,CRADK,HRSD_17.1,HRSD17,full,StandardScaler,GB,47,12,10,-0.0777,6.3938,8.3238,-0.087,-0.7531,-0.106
1,latency,CRADK,HRSD_17.1,HRSD17,full,StandardScaler,XGB,47,12,10,0.0553,6.7937,8.6826,0.0581,-0.9075,0.0565
1,latency,CRADK,HRSD_17.1,HRSD17,full,StandardScaler,MLP,47,12,10,0.1255,18.7008,35.7729,0.409,-31.3805,0.318
1,latency,CRADK,HRSD_17.1,HRSD17,full,StandardScaler,LGBM,47,12,10,0.1304,5.6833,6.7592,0.1557,-0.156,0.1434
1,latency,CRADK,HRSD_17.1,HRSD17,full,StandardScaler,CatBoost,47,12,10,0.1416,5.6548,6.978,0.1659,-0.2321,0.2085
1,latency,CRADK,HRSD_17.1,HRSD17,full,MinMaxScaler,Ridge,47,12,10,-0.1141,15.9816,31.456,-0.3082,-24.037,-0.152
1,latency,CRADK,HRSD_17.1,HRSD17,full,MinMaxScaler,Lasso,47,12,10,-0.1129,16.4699,32.2967,-0.3137,-25.3931,-0.1944
1,latency,CRADK,HRSD_17.1,HRSD17,full,MinMaxScaler,ElasticNet,47,12,10,-0.1041,17.4419,34.9111,-0.3133,-29.8391,-0.1802
1,latency,CRADK,HRSD_17.1,HRSD17,full,MinMaxScaler,SVR,47,12,10,-0.152,11.1179,15.0192,-0.2933,-4.7078,-0.2403
1,latency,CRADK,HRSD_17.1,HRSD17,full,MinMaxScaler,KNN,47,12,10,0.0126,6.0741,7.1954,0.017,-0.31,-0.0673
1,latency,CRADK,HRSD_17.1,HRSD17,full,MinMaxScaler,RF,47,12,10,0.1989,5.2388,6.3878,0.2875,-0.0325,0.3039
1,latency,CRADK,HRSD_17.1,HRSD17,full,MinMaxScaler,ET,47,12,10,0.0756,5.6883,7.1947,0.101,-0.3098,-0.0212
1,latency,CRADK,HRSD_17.1,HRSD17,full,MinMaxScaler,GB,47,12,10,0.2598,5.1942,7.0988,0.3145,-0.2751,0.1944
1,latency,CRADK,HRSD_17.1,HRSD17,full,MinMaxScaler,XGB,47,12,10,-0.0691,5.8281,8.011,-0.0888,-0.6238,-0.2226
1,latency,CRADK,HRSD_17.1,HRSD17,full,MinMaxScaler,MLP,47,12,10,-0.0445,9.9007,14.5082,-0.0622,-4.326,-0.0283
1,latency,CRADK,HRSD_17.1,HRSD17,full,MinMaxScaler,LGBM,47,12,10,0.1348,5.5872,6.6276,0.1986,-0.1114,0.1363
1,latency,CRADK,HRSD_17.1,HRSD17,full,MinMaxScaler,CatBoost,47,12,10,0.1499,5.3849,6.883,0.198,-0.1988,0.2756
1,latency,CRADK,HRSD_17.1,HRSD17,full,RobustScaler,Ridge,47,12,10,-0.0822,19.6628,41.6428,-0.2892,-42.8787,-0.0954
1,latency,CRADK,HRSD_17.1,HRSD17,full,RobustScaler,Lasso,47,12,10,-0.0686,23.1821,49.8293,-0.2911,-61.8267,-0.0742
1,latency,CRADK,HRSD_17.1,HRSD17,full,RobustScaler,ElasticNet,47,12,10,-0.0735,21.7261,46.6097,-0.2909,-53.9702,-0.0601
1,latency,CRADK,HRSD_17.1,HRSD17,full,RobustScaler,SVR,47,12,10,0.1246,5.7072,7.4378,0.1858,-0.3998,0.0283
1,latency,CRADK,HRSD_17.1,HRSD17,full,RobustScaler,KNN,47,12,10,0.1703,5.65,6.8932,0.1909,-0.2023,0.1918
1,latency,CRADK,HRSD_17.1,HRSD17,full,RobustScaler,RF,47,12,10,0.1709,5.889,7.0841,0.198,-0.2698,0.1449
1,latency,CRADK,HRSD_17.1,HRSD17,full,RobustScaler,ET,47,12,10,0.1304,6.1379,7.2073,0.1615,-0.3144,0.0938
1,latency,CRADK,HRSD_17.1,HRSD17,full,RobustScaler,GB,47,12,10,0.1004,6.0595,7.6764,0.1107,-0.491,0.1201
1,latency,CRADK,HRSD_17.1,HRSD17,full,RobustScaler,XGB,47,12,10,0.1361,6.342,7.8191,0.1774,-0.547,0.1732
1,latency,CRADK,HRSD_17.1,HRSD17,full,RobustScaler,MLP,47,12,10,0.0961,22.1226,43.7417,0.3783,-47.4133,0.152
1,latency,CRADK,HRSD_17.1,HRSD17,full,RobustScaler,LGBM,47,12,10,0.0031,6.1755,7.6654,0.0037,-0.4868,-0.0336
1,latency,CRADK,HRSD_17.1,HRSD17,full,RobustScaler,CatBoost,47,12,10,0.1283,6.0154,7.2322,0.1596,-0.3235,0.1449
2,latency,CRADK,HRSD_17.1,HRSD17,full,StandardScaler,Ridge,47,12,5,0.0439,8.1206,9.0872,0.0516,-0.3581,0.2587
2,latency,CRADK,HRSD_17.1,HRSD17,full,StandardScaler,Lasso,47,12,5,0.0511,7.8794,8.975,0.0605,-0.3247,0.2657
2,latency,CRADK,HRSD_17.1,HRSD17,full,StandardScaler,ElasticNet,47,12,5,0.0574,7.5563,8.9017,0.0677,-0.3032,0.1608
2,latency,CRADK,HRSD_17.1,HRSD17,full,StandardScaler,SVR,47,12,5,0.1045,6.5998,7.7262,0.1855,0.0183,0.2657
2,latency,CRADK,HRSD_17.1,HRSD17,full,StandardScaler,KNN,47,12,5,-0.0234,7.6481,8.8207,-0.03,-0.2796,0.063
2,latency,CRADK,HRSD_17.1,HRSD17,full,StandardScaler,RF,47,12,5,0.1683,6.7983,8.8673,0.1907,-0.2931,0.3357
2,latency,CRADK,HRSD_17.1,HRSD17,full,StandardScaler,ET,47,12,5,0.1257,6.8625,8.4761,0.1543,-0.1815,0.1888
2,latency,CRADK,HRSD_17.1,HRSD17,full,StandardScaler,GB,47,12,5,0.0777,7.343,9.6982,0.0812,-0.5468,0.1119
2,latency,CRADK,HRSD_17.1,HRSD17,full,StandardScaler,XGB,47,12,5,0.166,6.5457,8.7343,0.1845,-0.2546,0.2517
2,latency,CRADK,HRSD_17.1,HRSD17,full,StandardScaler,MLP,47,12,5,0.0681,7.8361,9.2752,0.0748,-0.4148,0.1818
2,latency,CRADK,HRSD_17.1,HRSD17,full,StandardScaler,LGBM,47,12,5,0.0902,6.989,8.2308,0.1176,-0.1141,0.1282
2,latency,CRADK,HRSD_17.1,HRSD17,full,StandardScaler,CatBoost,47,12,5,0.1212,6.8187,8.6918,0.1384,-0.2425,0.1888
2,latency,CRADK,HRSD_17.1,HRSD17,full,MinMaxScaler,Ridge,47,12,5,0.0512,7.1089,8.2357,0.0782,-0.1155,0.1818
2,latency,CRADK,HRSD_17.1,HRSD17,full,MinMaxScaler,Lasso,47,12,5,0.0805,6.9157,8.1893,0.1194,-0.1029,0.1119
2,latency,CRADK,HRSD_17.1,HRSD17,full,MinMaxScaler,ElasticNet,47,12,5,0.0581,7.1539,8.3426,0.0821,-0.1446,0.1818
2,latency,CRADK,HRSD_17.1,HRSD17,full,MinMaxScaler,SVR,47,12,5,0.1089,7.2077,8.8839,0.1221,-0.298,0.1818
2,latency,CRADK,HRSD_17.1,HRSD17,full,MinMaxScaler,KNN,47,12,5,0.0309,7.0926,8.6151,0.0392,-0.2206,0.0141
2,latency,CRADK,HRSD_17.1,HRSD17,full,MinMaxScaler,RF,47,12,5,0.1895,6.1596,8.1898,0.2157,-0.1031,0.3217
2,latency,CRADK,HRSD_17.1,HRSD17,full,MinMaxScaler,ET,47,12,5,0.1153,6.7925,8.7139,0.129,-0.2488,0.1538
2,latency,CRADK,HRSD_17.1,HRSD17,full,MinMaxScaler,GB,47,12,5,0.2174,6.9359,9.0469,0.2212,-0.346,0.1818
2,latency,CRADK,HRSD_17.1,HRSD17,full,MinMaxScaler,XGB,47,12,5,0.2228,6.6117,8.6204,0.2324,-0.2221,0.1189
2,latency,CRADK,HRSD_17.1,HRSD17,full,MinMaxScaler,MLP,47,12,5,0.0822,7.2279,8.6059,0.1003,-0.218,0.1818
2,latency,CRADK,HRSD_17.1,HRSD17,full,MinMaxScaler,LGBM,47,12,5,0.0101,6.7322,8.1915,0.017,-0.1035,0.0368
2,latency,CRADK,HRSD_17.1,HRSD17,full,MinMaxScaler,CatBoost,47,12,5,0.2049,6.1546,8.0517,0.2353,-0.0662,0.2867
2,latency,CRADK,HRSD_17.1,HRSD17,full,RobustScaler,Ridge,47,12,5,0.0445,8.0891,9.072,0.0524,-0.3535,0.2378
2,latency,CRADK,HRSD_17.1,HRSD17,full,RobustScaler,Lasso,47,12,5,0.0523,7.825,8.9582,0.0619,-0.3198,0.2028
2,latency,CRADK,HRSD_17.1,HRSD17,full,RobustScaler,ElasticNet,47,12,5,0.0569,7.535,8.8897,0.0671,-0.2997,0.1608
2,latency,CRADK,HRSD_17.1,HRSD17,full,RobustScaler,SVR,47,12,5,0.1859,6.5671,8.1828,0.2149,-0.1012,0.3217
2,latency,CRADK,HRSD_17.1,HRSD17,full,RobustScaler,KNN,47,12,5,0.009,7.4815,8.7561,0.0113,-0.2609,0.1649
2,latency,CRADK,HRSD_17.1,HRSD17,full,RobustScaler,RF,47,12,5,0.1686,6.7883,8.8653,0.191,-0.2925,0.3357
2,latency,CRADK,HRSD_17.1,HRSD17,full,RobustScaler,ET,47,12,5,0.1257,6.8625,8.4761,0.1543,-0.1815,0.1888
2,latency,CRADK,HRSD_17.1,HRSD17,full,RobustScaler,GB,47,12,5,0.0777,7.343,9.6982,0.0812,-0.5468,0.1119
2,latency,CRADK,HRSD_17.1,HRSD17,full,RobustScaler,XGB,47,12,5,0.166,6.5457,8.7343,0.1845,-0.2546,0.2517
2,latency,CRADK,HRSD_17.1,HRSD17,full,RobustScaler,MLP,47,12,5,0.1257,7.0447,8.5316,0.1476,-0.1971,0.2098
2,latency,CRADK,HRSD_17.1,HRSD17,full,RobustScaler,LGBM,47,12,5,0.0731,7.0846,8.303,0.0955,-0.1338,0.1282
2,latency,CRADK,HRSD_17.1,HRSD17,full,RobustScaler,CatBoost,47,12,5,0.1212,6.8187,8.6918,0.1384,-0.2425,0.1888
3,latency,CRADK,HRSD_17.1,HRSD17,full,StandardScaler,Ridge,47,12,5,-0.1483,5.5109,6.6563,-0.1957,-0.4181,-0.0707
3,latency,CRADK,HRSD_17.1,HRSD17,full,StandardScaler,Lasso,47,12,5,-0.1668,5.6294,6.9844,-0.1938,-0.5613,-0.0318
3,latency,CRADK,HRSD_17.1,HRSD17,full,StandardScaler,ElasticNet,47,12,5,-0.1641,5.5608,6.8946,-0.1962,-0.5215,-0.1343
3,latency,CRADK,HRSD_17.1,HRSD17,full,StandardScaler,SVR,47,12,5,-0.1868,5.6721,7.3454,-0.2415,-0.7269,-0.2297
3,latency,CRADK,HRSD_17.1,HRSD17,full,StandardScaler,KNN,47,12,5,-0.1086,5.7857,6.7665,-0.1424,-0.4655,-0.1414
3,latency,CRADK,HRSD_17.1,HRSD17,full,StandardScaler,RF,47,12,5,-0.0693,5.5896,7.0525,-0.0751,-0.5919,0.0283
3,latency,CRADK,HRSD_17.1,HRSD17,full,StandardScaler,ET,47,12,5,0.0626,4.855,6.2991,0.0771,-0.27,0.0848
3,latency,CRADK,HRSD_17.1,HRSD17,full,StandardScaler,GB,47,12,5,0.2587,4.8653,6.1038,0.2717,-0.1925,0.1802
3,latency,CRADK,HRSD_17.1,HRSD17,full,StandardScaler,XGB,47,12,5,0.1677,5.2732,6.6506,0.1736,-0.4157,0.0919
3,latency,CRADK,HRSD_17.1,HRSD17,full,StandardScaler,MLP,47,12,5,-0.0935,6.2598,7.3337,-0.0979,-0.7214,-0.2368
3,latency,CRADK,HRSD_17.1,HRSD17,full,StandardScaler,LGBM,47,12,5,-0.1476,5.5665,7.214,-0.1597,-0.6657,-0.1085
3,latency,CRADK,HRSD_17.1,HRSD17,full,StandardScaler,CatBoost,47,12,5,0.0323,5.0599,6.9401,0.0341,-0.5416,0.1626
3,latency,CRADK,HRSD_17.1,HRSD17,full,MinMaxScaler,Ridge,47,12,5,-0.152,5.4267,6.816,-0.1908,-0.487,-0.2014
3,latency,CRADK,HRSD_17.1,HRSD17,full,MinMaxScaler,Lasso,47,12,5,-0.1254,5.3409,6.5274,-0.185,-0.3637,-0.2933
3,latency,CRADK,HRSD_17.1,HRSD17,full,MinMaxScaler,ElasticNet,47,12,5,-0.1507,5.4169,6.7922,-0.1912,-0.4766,-0.2014
3,latency,CRADK,HRSD_17.1,HRSD17,full,MinMaxScaler,SVR,47,12,5,-0.516,7.9203,9.1276,-0.5277,-1.6666,-0.5689
3,latency,CRADK,HRSD_17.1,HRSD17,full,MinMaxScaler,KNN,47,12,5,-0.201,6.2667,7.2277,-0.2338,-0.6721,-0.1986
3,latency,CRADK,HRSD_17.1,HRSD17,full,MinMaxScaler,RF,47,12,5,-0.1504,5.885,7.4694,-0.1645,-0.7857,-0.1979
3,latency,CRADK,HRSD_17.1,HRSD17,full,MinMaxScaler,ET,47,12,5,-0.2777,6.4092,7.5073,-0.3246,-0.8039,-0.1802
3,latency,CRADK,HRSD_17.1,HRSD17,full,MinMaxScaler,GB,47,12,5,-0.2167,6.4731,7.9663,-0.2215,-1.0312,-0.1131
3,latency,CRADK,HRSD_17.1,HRSD17,full,MinMaxScaler,XGB,47,12,5,-0.3108,6.8624,8.4699,-0.314,-1.2961,-0.1343
3,latency,CRADK,HRSD_17.1,HRSD17,full,MinMaxScaler,MLP,47,12,5,-0.1919,5.6489,6.813,-0.2515,-0.4857,-0.3534
3,latency,CRADK,HRSD_17.1,HRSD17,full,MinMaxScaler,LGBM,47,12,5,-0.0688,5.3384,6.6308,-0.0861,-0.4073,-0.0798
3,latency,CRADK,HRSD_17.1,HRSD17,full,MinMaxScaler,CatBoost,47,12,5,-0.3161,6.8214,8.3655,-0.3269,-1.2399,-0.2756
3,latency,CRADK,HRSD_17.1,HRSD17,full,RobustScaler,Ridge,47,12,5,-0.0227,5.3741,6.274,-0.0341,-0.2599,-0.1555
3,latency,CRADK,HRSD_17.1,HRSD17,full,RobustScaler,Lasso,47,12,5,-0.0302,5.3774,6.2972,-0.0453,-0.2692,-0.1626
3,latency,CRADK,HRSD_17.1,HRSD17,full,RobustScaler,ElasticNet,47,12,5,-0.0343,5.3786,6.3096,-0.0515,-0.2742,-0.1626
3,latency,CRADK,HRSD_17.1,HRSD17,full,RobustScaler,SVR,47,12,5,0.0998,6.357,7.0345,0.1076,-0.5839,-0.1131
3,latency,CRADK,HRSD_17.1,HRSD17,full,RobustScaler,KNN,47,12,5,-0.0766,6.55,7.4411,-0.0861,-0.7722,-0.2297
3,latency,CRADK,HRSD_17.1,HRSD17,full,RobustScaler,RF,47,12,5,0.0081,5.7794,6.5964,0.0136,-0.3927,-0.1025
3,latency,CRADK,HRSD_17.1,HRSD17,full,RobustScaler,ET,47,12,5,-0.1116,5.8583,6.7841,-0.15,-0.4731,-0.0283
3,latency,CRADK,HRSD_17.1,HRSD17,full,RobustScaler,GB,47,12,5,-0.2322,6.9573,7.9944,-0.2877,-1.0456,-0.2933
3,latency,CRADK,HRSD_17.1,HRSD17,full,RobustScaler,XGB,47,12,5,-0.0437,5.8696,6.925,-0.051,-0.5349,0.0283
3,latency,CRADK,HRSD_17.1,HRSD17,full,RobustScaler,MLP,47,12,5,0.2164,4.7696,5.4266,0.299,0.0574,0.3004
3,latency,CRADK,HRSD_17.1,HRSD17,full,RobustScaler,LGBM,47,12,5,-0.127,5.7615,6.8766,-0.2804,-0.5136,-0.2757
3,latency,CRADK,HRSD_17.1,HRSD17,full,RobustScaler,CatBoost,47,12,5,-0.0821,5.8655,6.6268,-0.1268,-0.4056,-0.318
4,latency,CRADK,HRSD_17.1,HRSD17,full,StandardScaler,Ridge,47,12,10,-0.1296,9.1709,11.1411,-0.1505,-0.9644,-0.5062
4,latency,CRADK,HRSD_17.1,HRSD17,full,StandardScaler,Lasso,47,12,10,-0.1733,8.7934,10.7727,-0.2079,-0.8366,-0.4745
4,latency,CRADK,HRSD_17.1,HRSD17,full,StandardScaler,ElasticNet,47,12,10,-0.1769,8.733,10.6839,-0.2138,-0.8065,-0.4745
4,latency,CRADK,HRSD_17.1,HRSD17,full,StandardScaler,SVR,47,12,10,-0.232,7.8373,9.3523,-0.441,-0.3842,-0.5448
4,latency,CRADK,HRSD_17.1,HRSD17,full,StandardScaler,KNN,47,12,10,-0.2083,7.9333,9.4541,-0.3246,-0.4145,-0.5828
4,latency,CRADK,HRSD_17.1,HRSD17,full,StandardScaler,RF,47,12,10,-0.3539,7.8208,9.7065,-0.7058,-0.491,-0.4956
4,latency,CRADK,HRSD_17.1,HRSD17,full,StandardScaler,ET,47,12,10,-0.2705,7.6217,9.3287,-0.5868,-0.3772,-0.5343
4,latency,CRADK,HRSD_17.1,HRSD17,full,StandardScaler,GB,47,12,10,-0.327,8.4047,9.9996,-0.5067,-0.5825,-0.4605
4,latency,CRADK,HRSD_17.1,HRSD17,full,StandardScaler,XGB,47,12,10,-0.3581,8.2688,10.1905,-0.6578,-0.6435,-0.5202
4,latency,CRADK,HRSD_17.1,HRSD17,full,StandardScaler,MLP,47,12,10,-0.1973,8.367,9.6305,-0.344,-0.4678,-0.4991
4,latency,CRADK,HRSD_17.1,HRSD17,full,StandardScaler,LGBM,47,12,10,-0.1854,7.1918,9.0052,-0.3718,-0.2834,-0.1567
4,latency,CRADK,HRSD_17.1,HRSD17,full,StandardScaler,CatBoost,47,12,10,-0.3168,7.5198,9.5107,-0.6005,-0.4315,-0.587
4,latency,CRADK,HRSD_17.1,HRSD17,full,MinMaxScaler,Ridge,47,12,10,-0.1815,8.8151,10.7772,-0.2169,-0.8381,-0.4745
4,latency,CRADK,HRSD_17.1,HRSD17,full,MinMaxScaler,Lasso,47,12,10,-0.1795,8.9446,10.9303,-0.2117,-0.8908,-0.5062
4,latency,CRADK,HRSD_17.1,HRSD17,full,MinMaxScaler,ElasticNet,47,12,10,-0.2079,8.2124,10.1646,-0.2762,-0.6351,-0.478
4,latency,CRADK,HRSD_17.1,HRSD17,full,MinMaxScaler,SVR,47,12,10,-0.2609,7.8016,9.3449,-0.5414,-0.382,-0.6995
4,latency,CRADK,HRSD_17.1,HRSD17,full,MinMaxScaler,KNN,47,12,10,-0.2794,7.6296,9.3448,-0.5642,-0.382,-0.582
4,latency,CRADK,HRSD_17.1,HRSD17,full,MinMaxScaler,RF,47,12,10,-0.3562,7.9742,9.6156,-0.7654,-0.4633,-0.8577
4,latency,CRADK,HRSD_17.1,HRSD17,full,MinMaxScaler,ET,47,12,10,-0.2845,7.5475,9.3586,-0.635,-0.3861,-0.5413
4,latency,CRADK,HRSD_17.1,HRSD17,full,MinMaxScaler,GB,47,12,10,-0.2125,8.1865,9.6756,-0.4201,-0.4816,-0.3585
4,latency,CRADK,HRSD_17.1,HRSD17,full,MinMaxScaler,XGB,47,12,10,-0.4224,8.472,10.4328,-0.8381,-0.7226,-0.696
4,latency,CRADK,HRSD_17.1,HRSD17,full,MinMaxScaler,MLP,47,12,10,-0.2698,8.4044,10.3694,-0.3546,-0.7017,-0.478
4,latency,CRADK,HRSD_17.1,HRSD17,full,MinMaxScaler,LGBM,47,12,10,-0.1971,7.1875,9.027,-0.4323,-0.2896,-0.2456
4,latency,CRADK,HRSD_17.1,HRSD17,full,MinMaxScaler,CatBoost,47,12,10,-0.4061,8.1793,10.0677,-0.745,-0.6041,-0.7381
4,latency,CRADK,HRSD_17.1,HRSD17,full,RobustScaler,Ridge,47,12,5,-0.4542,8.294,10.4279,-0.6646,-0.7209,-0.6327
4,latency,CRADK,HRSD_17.1,HRSD17,full,RobustScaler,Lasso,47,12,5,-0.4641,8.3471,10.4974,-0.6667,-0.7439,-0.6503
4,latency,CRADK,HRSD_17.1,HRSD17,full,RobustScaler,ElasticNet,47,12,5,-0.4215,8.1502,10.2052,-0.6579,-0.6482,-0.6327
4,latency,CRADK,HRSD_17.1,HRSD17,full,RobustScaler,SVR,47,12,5,-0.1114,7.3567,9.0757,-0.1874,-0.3036,-0.3339
4,latency,CRADK,HRSD_17.1,HRSD17,full,RobustScaler,KNN,47,12,5,-0.312,8.6944,10.4894,-0.381,-0.7413,-0.4717
4,latency,CRADK,HRSD_17.1,HRSD17,full,RobustScaler,RF,47,12,5,-0.3255,7.7203,9.6446,-0.6513,-0.4721,-0.6468
4,latency,CRADK,HRSD_17.1,HRSD17,full,RobustScaler,ET,47,12,5,-0.2011,7.2697,9.211,-0.3925,-0.3427,-0.5343
4,latency,CRADK,HRSD_17.1,HRSD17,full,RobustScaler,GB,47,12,5,-0.3441,8.1106,10.0915,-0.5094,-0.6117,-0.4886
4,latency,CRADK,HRSD_17.1,HRSD17,full,RobustScaler,XGB,47,12,5,-0.3066,7.8385,9.7746,-0.528,-0.512,-0.5694
4,latency,CRADK,HRSD_17.1,HRSD17,full,RobustScaler,MLP,47,12,5,-0.3315,8.1332,10.2339,-0.4885,-0.6575,-0.5765
4,latency,CRADK,HRSD_17.1,HRSD17,full,RobustScaler,LGBM,47,12,5,-0.2583,7.0572,9.2739,-0.5221,-0.3611,-0.4374
4,latency,CRADK,HRSD_17.1,HRSD17,full,RobustScaler,CatBoost,47,12,5,-0.24,7.3452,9.4019,-0.4357,-0.3989,-0.4921
5,latency,CRADK,HRSD_17.1,HRSD17,full,StandardScaler,Ridge,48,11,5,-0.0989,7.0779,7.9562,-0.1097,-0.535,0.0774
5,latency,CRADK,HRSD_17.1,HRSD17,full,StandardScaler,Lasso,48,11,5,-0.0814,6.6855,7.4002,-0.1052,-0.3279,0.0774
5,latency,CRADK,HRSD_17.1,HRSD17,full,StandardScaler,ElasticNet,48,11,5,-0.0989,7.1208,8.004,-0.1088,-0.5534,0.0774
5,latency,CRADK,HRSD_17.1,HRSD17,full,StandardScaler,SVR,48,11,5,0.0407,6.0377,6.5588,0.0774,-0.0431,0.0046
5,latency,CRADK,HRSD_17.1,HRSD17,full,StandardScaler,KNN,48,11,5,-0.0734,6.9455,7.7507,-0.0833,-0.4567,0.1621
5,latency,CRADK,HRSD_17.1,HRSD17,full,StandardScaler,RF,48,11,5,-0.167,7.5725,8.4401,-0.1793,-0.7273,-0.0137
5,latency,CRADK,HRSD_17.1,HRSD17,full,StandardScaler,ET,48,11,5,-0.1531,7.8095,8.7851,-0.1588,-0.8714,0.041
5,latency,CRADK,HRSD_17.1,HRSD17,full,StandardScaler,GB,48,11,5,-0.35,9.2887,10.8272,-0.3914,-1.8426,-0.1913
5,latency,CRADK,HRSD_17.1,HRSD17,full,StandardScaler,XGB,48,11,5,-0.399,8.6088,10.2394,-0.4228,-1.5423,-0.2785
5,latency,CRADK,HRSD_17.1,HRSD17,full,StandardScaler,MLP,48,11,5,0.024,6.6657,7.42,0.0273,-0.335,0.0774
5,latency,CRADK,HRSD_17.1,HRSD17,full,StandardScaler,LGBM,48,11,5,0.1089,6.3233,7.56,0.1264,-0.3859,0.1113
5,latency,CRADK,HRSD_17.1,HRSD17,full,StandardScaler,CatBoost,48,11,5,-0.2566,7.7213,8.8962,-0.2757,-0.9191,-0.205
5,latency,CRADK,HRSD_17.1,HRSD17,full,MinMaxScaler,Ridge,48,11,10,-0.1007,7.1206,7.9968,-0.111,-0.5507,0.0774
5,latency,CRADK,HRSD_17.1,HRSD17,full,MinMaxScaler,Lasso,48,11,10,-0.0921,6.9606,7.7932,-0.1053,-0.4727,0.0774
5,latency,CRADK,HRSD_17.1,HRSD17,full,MinMaxScaler,ElasticNet,48,11,10,-0.1008,7.1585,8.0378,-0.1103,-0.5666,0.0774
5,latency,CRADK,HRSD_17.1,HRSD17,full,MinMaxScaler,SVR,48,11,10,-0.0054,6.8063,7.5357,-0.0061,-0.377,0.0638
5,latency,CRADK,HRSD_17.1,HRSD17,full,MinMaxScaler,KNN,48,11,10,0.0487,6.3838,7.0666,0.0596,-0.2109,0.1256
5,latency,CRADK,HRSD_17.1,HRSD17,full,MinMaxScaler,RF,48,11,10,-0.2132,7.933,8.8738,-0.2278,-0.9094,-0.1686
5,latency,CRADK,HRSD_17.1,HRSD17,full,MinMaxScaler,ET,48,11,10,-0.1822,7.7755,9.0313,-0.1873,-0.9778,-0.0501
5,latency,CRADK,HRSD_17.1,HRSD17,full,MinMaxScaler,GB,48,11,10,-0.3715,8.6885,10.2873,-0.3835,-1.5662,-0.3144
5,latency,CRADK,HRSD_17.1,HRSD17,full,MinMaxScaler,XGB,48,11,10,-0.3257,8.3855,9.9428,-0.3489,-1.3972,-0.1507
5,latency,CRADK,HRSD_17.1,HRSD17,full,MinMaxScaler,MLP,48,11,10,-0.1086,7.9638,8.9213,-0.1099,-0.9299,0.0774
5,latency,CRADK,HRSD_17.1,HRSD17,full,MinMaxScaler,LGBM,48,11,10,-0.1006,7.2727,8.5551,-0.1289,-0.7747,0.0612
5,latency,CRADK,HRSD_17.1,HRSD17,full,MinMaxScaler,CatBoost,48,11,10,-0.195,7.6776,8.7834,-0.2106,-0.8707,-0.1321
5,latency,CRADK,HRSD_17.1,HRSD17,full,RobustScaler,Ridge,48,11,5,-0.1,7.1313,8.0179,-0.1097,-0.5588,0.0774
5,latency,CRADK,HRSD_17.1,HRSD17,full,RobustScaler,Lasso,48,11,5,-0.0966,7.1496,8.0452,-0.1052,-0.5695,0.0774
5,latency,CRADK,HRSD_17.1,HRSD17,full,RobustScaler,ElasticNet,48,11,5,-0.1007,7.2017,8.1029,-0.109,-0.5921,0.0774
5,latency,CRADK,HRSD_17.1,HRSD17,full,RobustScaler,SVR,48,11,5,0.0244,6.1822,6.6806,0.0412,-0.0822,-0.0319
5,latency,CRADK,HRSD_17.1,HRSD17,full,RobustScaler,KNN,48,11,5,0.0593,6.2424,7.0774,0.0711,-0.2146,0.135
5,latency,CRADK,HRSD_17.1,HRSD17,full,RobustScaler,RF,48,11,5,-0.0011,6.8173,7.8532,-0.0012,-0.4955,0.1276
5,latency,CRADK,HRSD_17.1,HRSD17,full,RobustScaler,ET,48,11,5,0.0517,6.7136,7.7669,0.0545,-0.4628,0.2779
5,latency,CRADK,HRSD_17.1,HRSD17,full,RobustScaler,GB,48,11,5,-0.0289,6.9038,8.2904,-0.0299,-0.6666,0.1412
5,latency,CRADK,HRSD_17.1,HRSD17,full,RobustScaler,XGB,48,11,5,0.0906,5.6492,7.0285,0.1151,-0.1979,0.1655
5,latency,CRADK,HRSD_17.1,HRSD17,full,RobustScaler,MLP,48,11,5,-0.0148,6.8947,7.7009,-0.0162,-0.438,0.0774
5,latency,CRADK,HRSD_17.1,HRSD17,full,RobustScaler,LGBM,48,11,5,0.1661,5.8425,6.4719,0.23,-0.0157,0.3472
5,latency,CRADK,HRSD_17.1,HRSD17,full,RobustScaler,CatBoost,48,11,5,-0.0414,6.7822,7.7303,-0.046,-0.449,0.0957
1,latency,CRADK,HRSD_21.1,HRSD21,full,StandardScaler,Ridge,47,12,10,-0.1129,23.3751,50.3145,-0.3774,-38.3038,-0.0351
1,latency,CRADK,HRSD_21.1,HRSD21,full,StandardScaler,Lasso,47,12,10,-0.085,27.7586,63.8905,-0.3611,-62.3754,0.1439
1,latency,CRADK,HRSD_21.1,HRSD21,full,StandardScaler,ElasticNet,47,12,10,-0.1,25.8364,56.8329,-0.3783,-49.1474,-0.0351
1,latency,CRADK,HRSD_21.1,HRSD21,full,StandardScaler,SVR,47,12,10,0.3778,5.8813,7.227,0.5234,0.1891,0.5624
1,latency,CRADK,HRSD_21.1,HRSD21,full,StandardScaler,KNN,47,12,10,0.2197,6.3214,8.3506,0.2797,-0.0826,0.2632
1,latency,CRADK,HRSD_21.1,HRSD21,full,StandardScaler,RF,47,12,10,0.2627,6.4501,7.8569,0.3298,0.0416,0.2281
1,latency,CRADK,HRSD_21.1,HRSD21,full,StandardScaler,ET,47,12,10,0.2658,7.225,8.3104,0.3294,-0.0723,0.2935
1,latency,CRADK,HRSD_21.1,HRSD21,full,StandardScaler,GB,47,12,10,0.5075,5.3979,6.8316,0.608,0.2754,0.6351
1,latency,CRADK,HRSD_21.1,HRSD21,full,StandardScaler,XGB,47,12,10,0.4839,6.1832,7.5014,0.5611,0.1264,0.5579
1,latency,CRADK,HRSD_21.1,HRSD21,full,StandardScaler,MLP,47,12,10,0.3148,12.1258,18.4651,0.4762,-4.2936,0.4386
1,latency,CRADK,HRSD_21.1,HRSD21,full,StandardScaler,LGBM,47,12,10,0.2445,6.5298,7.6004,0.3447,0.1031,0.3691
1,latency,CRADK,HRSD_21.1,HRSD21,full,StandardScaler,CatBoost,47,12,10,0.2812,6.417,7.8664,0.3719,0.0393,0.2
1,latency,CRADK,HRSD_21.1,HRSD21,full,MinMaxScaler,Ridge,47,12,5,-0.1326,21.2882,44.0762,-0.388,-29.1617,-0.1298
1,latency,CRADK,HRSD_21.1,HRSD21,full,MinMaxScaler,Lasso,47,12,5,-0.1342,21.0585,43.5291,-0.3877,-28.4177,-0.1298
1,latency,CRADK,HRSD_21.1,HRSD21,full,MinMaxScaler,ElasticNet,47,12,5,-0.1382,20.4835,42.207,-0.3867,-26.6578,-0.1684
1,latency,CRADK,HRSD_21.1,HRSD21,full,MinMaxScaler,SVR,47,12,5,0.0441,7.7928,10.0934,0.0621,-0.5817,0.0211
1,latency,CRADK,HRSD_21.1,HRSD21,full,MinMaxScaler,KNN,47,12,5,0.0027,7.2167,9.3179,0.0032,-0.348,-0.0772
1,latency,CRADK,HRSD_21.1,HRSD21,full,MinMaxScaler,RF,47,12,5,0.0442,6.7455,8.3431,0.0753,-0.0807,0.214
1,latency,CRADK,HRSD_21.1,HRSD21,full,MinMaxScaler,ET,47,12,5,-0.0623,7.2996,9.0902,-0.1157,-0.2829,-0.0596
1,latency,CRADK,HRSD_21.1,HRSD21,full,MinMaxScaler,GB,47,12,5,0.4548,6.6182,7.6393,0.49,0.094,0.5439
1,latency,CRADK,HRSD_21.1,HRSD21,full,MinMaxScaler,XGB,47,12,5,0.4022,6.0959,7.6454,0.4627,0.0925,0.4035
1,latency,CRADK,HRSD_21.1,HRSD21,full,MinMaxScaler,MLP,47,12,5,-0.106,9.2546,13.1033,-0.1404,-1.6657,-0.0105
1,latency,CRADK,HRSD_21.1,HRSD21,full,MinMaxScaler,LGBM,47,12,5,0.0246,7.2468,8.5221,0.0367,-0.1276,0.0475
1,latency,CRADK,HRSD_21.1,HRSD21,full,MinMaxScaler,CatBoost,47,12,5,0.173,6.4267,8.0722,0.2518,-0.0117,0.3614
1,latency,CRADK,HRSD_21.1,HRSD21,full,RobustScaler,Ridge,47,12,15,-0.1276,21.7214,45.373,-0.3843,-30.9627,-0.0877
1,latency,CRADK,HRSD_21.1,HRSD21,full,RobustScaler,Lasso,47,12,15,-0.1494,20.0265,39.8564,-0.393,-23.663,-0.1544
1,latency,CRADK,HRSD_21.1,HRSD21,full,RobustScaler,ElasticNet,47,12,15,-0.1844,16.5595,31.347,-0.3849,-14.256,-0.0526
1,latency,CRADK,HRSD_21.1,HRSD21,full,RobustScaler,SVR,47,12,15,0.2846,6.6307,8.1532,0.3388,-0.0321,0.3251
1,latency,CRADK,HRSD_21.1,HRSD21,full,RobustScaler,KNN,47,12,15,0.216,6.7333,8.4,0.2818,-0.0955,0.2355
1,latency,CRADK,HRSD_21.1,HRSD21,full,RobustScaler,RF,47,12,15,0.1386,7.6439,9.1296,0.1592,-0.294,0.1053
1,latency,CRADK,HRSD_21.1,HRSD21,full,RobustScaler,ET,47,12,15,0.1593,7.9217,9.2114,0.191,-0.3173,0.1825
1,latency,CRADK,HRSD_21.1,HRSD21,full,RobustScaler,GB,47,12,15,0.1392,7.3172,9.5378,0.1561,-0.4124,0.1053
1,latency,CRADK,HRSD_21.1,HRSD21,full,RobustScaler,XGB,47,12,15,0.2208,8.0648,9.5652,0.2509,-0.4205,0.1719
1,latency,CRADK,HRSD_21.1,HRSD21,full,RobustScaler,MLP,47,12,15,0.2012,15.9173,28.8024,0.4353,-11.8797,0.3263
1,latency,CRADK,HRSD_21.1,HRSD21,full,RobustScaler,LGBM,47,12,15,0.0176,7.287,8.7617,0.0247,-0.1919,0.0369
1,latency,CRADK,HRSD_21.1,HRSD21,full,RobustScaler,CatBoost,47,12,15,0.1663,7.3797,8.7656,0.1974,-0.1929,0.186
2,latency,CRADK,HRSD_21.1,HRSD21,full,StandardScaler,Ridge,47,12,10,0.0708,7.8836,8.7898,0.1263,-0.0501,0.1891
2,latency,CRADK,HRSD_21.1,HRSD21,full,StandardScaler,Lasso,47,12,10,0.1202,7.6282,8.669,0.2022,-0.0214,0.1576
2,latency,CRADK,HRSD_21.1,HRSD21,full,StandardScaler,ElasticNet,47,12,10,0.1496,7.6031,9.6342,0.164,-0.2615,0.0876
2,latency,CRADK,HRSD_21.1,HRSD21,full,StandardScaler,SVR,47,12,10,0.1006,8.1048,10.2079,0.1071,-0.4162,0.0175
2,latency,CRADK,HRSD_21.1,HRSD21,full,StandardScaler,KNN,47,12,10,0.1452,7.9537,9.2237,0.1734,-0.1563,0.2654
2,latency,CRADK,HRSD_21.1,HRSD21,full,StandardScaler,RF,47,12,10,0.2087,7.2234,8.8496,0.2505,-0.0644,0.2872
2,latency,CRADK,HRSD_21.1,HRSD21,full,StandardScaler,ET,47,12,10,0.2009,7.4517,9.0643,0.2379,-0.1167,0.3643
2,latency,CRADK,HRSD_21.1,HRSD21,full,StandardScaler,GB,47,12,10,0.1888,7.6347,9.8773,0.2071,-0.326,0.2102
2,latency,CRADK,HRSD_21.1,HRSD21,full,StandardScaler,XGB,47,12,10,0.0563,9.1729,11.2318,0.0634,-0.7146,0.0525
2,latency,CRADK,HRSD_21.1,HRSD21,full,StandardScaler,MLP,47,12,10,0.1615,9.0494,10.959,0.1743,-0.6323,0.1786
2,latency,CRADK,HRSD_21.1,HRSD21,full,StandardScaler,LGBM,47,12,10,0.0648,7.7168,9.1966,0.0836,-0.1495,0.088
2,latency,CRADK,HRSD_21.1,HRSD21,full,StandardScaler,CatBoost,47,12,10,0.1669,7.3164,9.1417,0.1956,-0.1358,0.1156
2,latency,CRADK,HRSD_21.1,HRSD21,full,MinMaxScaler,Ridge,47,12,5,0.1016,7.8221,8.8271,0.1595,-0.059,0.2312
2,latency,CRADK,HRSD_21.1,HRSD21,full,MinMaxScaler,Lasso,47,12,5,0.1341,7.6292,8.7707,0.2013,-0.0455,0.1576
2,latency,CRADK,HRSD_21.1,HRSD21,full,MinMaxScaler,ElasticNet,47,12,5,0.1151,7.8196,8.9083,0.1668,-0.0786,0.2312
2,latency,CRADK,HRSD_21.1,HRSD21,full,MinMaxScaler,SVR,47,12,5,0.1986,7.7103,9.3734,0.2209,-0.1941,0.2592
2,latency,CRADK,HRSD_21.1,HRSD21,full,MinMaxScaler,KNN,47,12,5,0.0915,7.8889,9.3334,0.1133,-0.184,0.0529
2,latency,CRADK,HRSD_21.1,HRSD21,full,MinMaxScaler,RF,47,12,5,0.2516,6.9338,8.2231,0.3335,0.081,0.3433
2,latency,CRADK,HRSD_21.1,HRSD21,full,MinMaxScaler,ET,47,12,5,0.2206,7.2858,9.1919,0.2415,-0.1483,0.3152
2,latency,CRADK,HRSD_21.1,HRSD21,full,MinMaxScaler,GB,47,12,5,0.3354,7.1009,8.8184,0.3474,-0.0569,0.2102
2,latency,CRADK,HRSD_21.1,HRSD21,full,MinMaxScaler,XGB,47,12,5,0.2404,8.3062,10.5251,0.2435,-0.5056,0.1086
2,latency,CRADK,HRSD_21.1,HRSD21,full,MinMaxScaler,MLP,47,12,5,0.162,7.7998,9.1362,0.2,-0.1345,0.2557
2,latency,CRADK,HRSD_21.1,HRSD21,full,MinMaxScaler,LGBM,47,12,5,0.0839,7.3913,8.6737,0.1387,-0.0225,0.1512
2,latency,CRADK,HRSD_21.1,HRSD21,full,MinMaxScaler,CatBoost,47,12,5,0.2703,6.6773,8.5637,0.3064,0.0033,0.4343
2,latency,CRADK,HRSD_21.1,HRSD21,full,RobustScaler,Ridge,47,12,10,0.0902,9.7509,11.926,0.0968,-0.9331,0.2592
2,latency,CRADK,HRSD_21.1,HRSD21,full,RobustScaler,Lasso,47,12,10,0.0514,10.0959,12.106,0.0545,-0.9919,0.1296
2,latency,CRADK,HRSD_21.1,HRSD21,full,RobustScaler,ElasticNet,47,12,10,0.0572,9.7864,11.7527,0.0605,-0.8773,0.2137
2,latency,CRADK,HRSD_21.1,HRSD21,full,RobustScaler,SVR,47,12,10,0.0404,7.7595,8.6012,0.106,-0.0055,0.1086
2,latency,CRADK,HRSD_21.1,HRSD21,full,RobustScaler,KNN,47,12,10,0.0721,7.8519,8.7525,0.1173,-0.0412,0.2242
2,latency,CRADK,HRSD_21.1,HRSD21,full,RobustScaler,RF,47,12,10,0.2364,6.9727,8.3808,0.2981,0.0454,0.2802
2,latency,CRADK,HRSD_21.1,HRSD21,full,RobustScaler,ET,47,12,10,0.233,7.5404,9.0767,0.2617,-0.1197,0.2382
2,latency,CRADK,HRSD_21.1,HRSD21,full,RobustScaler,GB,47,12,10,0.1234,9.103,10.7044,0.1292,-0.5573,0.1716
2,latency,CRADK,HRSD_21.1,HRSD21,full,RobustScaler,XGB,47,12,10,0.199,8.2446,10.3498,0.2118,-0.4559,0.1926
2,latency,CRADK,HRSD_21.1,HRSD21,full,RobustScaler,MLP,47,12,10,0.2125,8.781,10.4347,0.2349,-0.4799,0.2837
2,latency,CRADK,HRSD_21.1,HRSD21,full,RobustScaler,LGBM,47,12,10,0.0839,7.6204,9.2321,0.1033,-0.1584,0.1294
2,latency,CRADK,HRSD_21.1,HRSD21,full,RobustScaler,CatBoost,47,12,10,0.2452,6.9373,8.7077,0.28,-0.0305,0.2557
3,latency,CRADK,HRSD_21.1,HRSD21,full,StandardScaler,Ridge,47,12,5,-0.0579,6.2969,7.5162,-0.0747,-0.5269,-0.1646
3,latency,CRADK,HRSD_21.1,HRSD21,full,StandardScaler,Lasso,47,12,5,-0.0596,6.0482,7.2801,-0.0875,-0.4324,-0.0841
3,latency,CRADK,HRSD_21.1,HRSD21,full,StandardScaler,ElasticNet,47,12,5,-0.0548,5.9582,7.2006,-0.0843,-0.4013,-0.0841
3,latency,CRADK,HRSD_21.1,HRSD21,full,StandardScaler,SVR,47,12,5,0.0102,6.0571,7.5093,0.0116,-0.524,-0.0105
3,latency,CRADK,HRSD_21.1,HRSD21,full,StandardScaler,KNN,47,12,5,0.0063,5.5,7.4707,0.0085,-0.5084,-0.0911
3,latency,CRADK,HRSD_21.1,HRSD21,full,StandardScaler,RF,47,12,5,-0.1149,6.5771,8.4626,-0.1449,-0.9356,-0.1086
3,latency,CRADK,HRSD_21.1,HRSD21,full,StandardScaler,ET,47,12,5,0.0202,5.6558,7.5534,0.022,-0.542,0.063
3,latency,CRADK,HRSD_21.1,HRSD21,full,StandardScaler,GB,47,12,5,-0.1921,6.7206,8.3761,-0.2023,-0.8962,-0.1751
3,latency,CRADK,HRSD_21.1,HRSD21,full,StandardScaler,XGB,47,12,5,-0.1608,6.9483,9.0153,-0.1679,-1.1966,-0.0455
3,latency,CRADK,HRSD_21.1,HRSD21,full,StandardScaler,MLP,47,12,5,0.1995,6.3854,7.1546,0.2056,-0.3835,-0.0911
3,latency,CRADK,HRSD_21.1,HRSD21,full,StandardScaler,LGBM,47,12,5,-0.0834,5.4776,7.5853,-0.1179,-0.555,-0.0989
3,latency,CRADK,HRSD_21.1,HRSD21,full,StandardScaler,CatBoost,47,12,5,-0.1684,6.1802,8.2922,-0.194,-0.8584,-0.2627
3,latency,CRADK,HRSD_21.1,HRSD21,full,MinMaxScaler,Ridge,47,12,5,-0.0585,6.1373,7.3592,-0.0807,-0.4637,-0.1226
3,latency,CRADK,HRSD_21.1,HRSD21,full,MinMaxScaler,Lasso,47,12,5,-0.0674,6.341,7.5556,-0.0863,-0.5429,-0.0841
3,latency,CRADK,HRSD_21.1,HRSD21,full,MinMaxScaler,ElasticNet,47,12,5,-0.0594,6.0437,7.2721,-0.0868,-0.4293,-0.1226
3,latency,CRADK,HRSD_21.1,HRSD21,full,MinMaxScaler,SVR,47,12,5,-0.0578,6.6237,7.7733,-0.0794,-0.6331,-0.0455
3,latency,CRADK,HRSD_21.1,HRSD21,full,MinMaxScaler,KNN,47,12,5,-0.039,6.1071,7.4673,-0.0487,-0.507,-0.0701
3,latency,CRADK,HRSD_21.1,HRSD21,full,MinMaxScaler,RF,47,12,5,0.0804,5.5313,7.3178,0.1304,-0.4473,0.1086
3,latency,CRADK,HRSD_21.1,HRSD21,full,MinMaxScaler,ET,47,12,5,0.1191,5.4358,7.1313,0.1435,-0.3745,0.1086
3,latency,CRADK,HRSD_21.1,HRSD21,full,MinMaxScaler,GB,47,12,5,-0.1442,7.4285,9.3575,-0.1536,-1.3666,-0.0946
3,latency,CRADK,HRSD_21.1,HRSD21,full,MinMaxScaler,XGB,47,12,5,0.012,7.1727,9.0916,0.0129,-1.234,-0.028
3,latency,CRADK,HRSD_21.1,HRSD21,full,MinMaxScaler,MLP,47,12,5,-0.0768,5.5534,6.8884,-0.1436,-0.2824,-0.3888
3,latency,CRADK,HRSD_21.1,HRSD21,full,MinMaxScaler,LGBM,47,12,5,-0.0398,5.5799,7.4523,-0.0534,-0.501,-0.0707
3,latency,CRADK,HRSD_21.1,HRSD21,full,MinMaxScaler,CatBoost,47,12,5,0.0373,5.8828,7.7432,0.0513,-0.6205,-0.0315
3,latency,CRADK,HRSD_21.1,HRSD21,full,RobustScaler,Ridge,47,12,5,0.1363,6.7416,7.9117,0.1433,-0.6918,0.0525
3,latency,CRADK,HRSD_21.1,HRSD21,full,RobustScaler,Lasso,47,12,5,0.0948,6.2782,7.6053,0.103,-0.5633,0.0385
3,latency,CRADK,HRSD_21.1,HRSD21,full,RobustScaler,ElasticNet,47,12,5,0.0862,6.1768,7.559,0.0946,-0.5443,0.0385
3,latency,CRADK,HRSD_21.1,HRSD21,full,RobustScaler,SVR,47,12,5,0.0093,6.2585,7.8027,0.0118,-0.6454,-0.007
3,latency,CRADK,HRSD_21.1,HRSD21,full,RobustScaler,KNN,47,12,5,-0.307,8.5,9.6657,-0.3395,-1.525,-0.309
3,latency,CRADK,HRSD_21.1,HRSD21,full,RobustScaler,RF,47,12,5,-0.083,7.0459,8.3265,-0.1183,-0.8738,-0.1086
3,latency,CRADK,HRSD_21.1,HRSD21,full,RobustScaler,ET,47,12,5,-0.0646,5.9592,7.9527,-0.071,-0.7093,-0.1175
3,latency,CRADK,HRSD_21.1,HRSD21,full,RobustScaler,GB,47,12,5,-0.283,7.781,9.6755,-0.3009,-1.5302,-0.4133
3,latency,CRADK,HRSD_21.1,HRSD21,full,RobustScaler,XGB,47,12,5,-0.2658,7.7528,9.2607,-0.2725,-1.3179,-0.2452
3,latency,CRADK,HRSD_21.1,HRSD21,full,RobustScaler,MLP,47,12,5,0.1121,5.3936,6.6416,0.132,-0.1922,0.1331
3,latency,CRADK,HRSD_21.1,HRSD21,full,RobustScaler,LGBM,47,12,5,-0.063,5.8592,7.4541,-0.1154,-0.5017,-0.0646
3,latency,CRADK,HRSD_21.1,HRSD21,full,RobustScaler,CatBoost,47,12,5,-0.1245,6.1687,7.808,-0.1647,-0.6477,-0.0981
4,latency,CRADK,HRSD_21.1,HRSD21,full,StandardScaler,Ridge,47,12,5,-0.0076,8.6155,10.1153,-0.011,-0.2715,-0.1474
4,latency,CRADK,HRSD_21.1,HRSD21,full,StandardScaler,Lasso,47,12,5,0.0138,9.0484,10.5613,0.0172,-0.3861,-0.1649
4,latency,CRADK,HRSD_21.1,HRSD21,full,StandardScaler,ElasticNet,47,12,5,0.0092,8.9204,10.4037,0.0119,-0.345,-0.1474
4,latency,CRADK,HRSD_21.1,HRSD21,full,StandardScaler,SVR,47,12,5,-0.0717,8.7674,10.1428,-0.0976,-0.2784,-0.1439
4,latency,CRADK,HRSD_21.1,HRSD21,full,StandardScaler,KNN,47,12,5,-0.0847,8.3611,9.6687,-0.1775,-0.1617,-0.239
4,latency,CRADK,HRSD_21.1,HRSD21,full,StandardScaler,RF,47,12,5,-0.1428,8.6784,10.275,-0.2394,-0.3119,-0.1719
4,latency,CRADK,HRSD_21.1,HRSD21,full,StandardScaler,ET,47,12,5,-0.1758,8.7154,10.3555,-0.2773,-0.3326,-0.2373
4,latency,CRADK,HRSD_21.1,HRSD21,full,StandardScaler,GB,47,12,5,-0.0511,8.7925,10.3483,-0.0653,-0.3307,0.0246
4,latency,CRADK,HRSD_21.1,HRSD21,full,StandardScaler,XGB,47,12,5,-0.0314,8.9044,10.2829,-0.0422,-0.314,0.0
4,latency,CRADK,HRSD_21.1,HRSD21,full,StandardScaler,MLP,47,12,5,0.0391,8.9909,10.0743,0.0567,-0.2612,-0.1123
4,latency,CRADK,HRSD_21.1,HRSD21,full,StandardScaler,LGBM,47,12,5,-0.054,8.1287,9.9346,-0.0811,-0.2265,-0.0251
4,latency,CRADK,HRSD_21.1,HRSD21,full,StandardScaler,CatBoost,47,12,5,-0.1587,8.7043,10.3584,-0.2421,-0.3333,-0.2561
4,latency,CRADK,HRSD_21.1,HRSD21,full,MinMaxScaler,Ridge,47,12,5,-0.0942,8.0781,9.9439,-0.1889,-0.2288,-0.2491
4,latency,CRADK,HRSD_21.1,HRSD21,full,MinMaxScaler,Lasso,47,12,5,-0.1051,8.1355,10.0978,-0.1866,-0.2671,-0.2491
4,latency,CRADK,HRSD_21.1,HRSD21,full,MinMaxScaler,ElasticNet,47,12,5,-0.046,8.4353,10.1323,-0.0702,-0.2758,-0.1649
4,latency,CRADK,HRSD_21.1,HRSD21,full,MinMaxScaler,SVR,47,12,5,-0.1073,8.3149,10.1215,-0.1617,-0.273,-0.3684
4,latency,CRADK,HRSD_21.1,HRSD21,full,MinMaxScaler,KNN,47,12,5,-0.1875,8.0926,10.1353,-0.3683,-0.2765,-0.2764
4,latency,CRADK,HRSD_21.1,HRSD21,full,MinMaxScaler,RF,47,12,5,-0.2011,8.9343,10.3821,-0.3691,-0.3394,-0.3509
4,latency,CRADK,HRSD_21.1,HRSD21,full,MinMaxScaler,ET,47,12,5,-0.1927,8.5683,10.4497,-0.2955,-0.3569,-0.2807
4,latency,CRADK,HRSD_21.1,HRSD21,full,MinMaxScaler,GB,47,12,5,-0.1518,9.1611,10.9628,-0.1924,-0.4935,-0.1228
4,latency,CRADK,HRSD_21.1,HRSD21,full,MinMaxScaler,XGB,47,12,5,-0.2002,9.3145,11.1572,-0.2598,-0.5469,-0.1509
4,latency,CRADK,HRSD_21.1,HRSD21,full,MinMaxScaler,MLP,47,12,5,-0.0351,8.6381,10.4196,-0.0451,-0.3491,-0.2105
4,latency,CRADK,HRSD_21.1,HRSD21,full,MinMaxScaler,LGBM,47,12,5,-0.0281,7.8175,9.7362,-0.043,-0.178,-0.018
4,latency,CRADK,HRSD_21.1,HRSD21,full,MinMaxScaler,CatBoost,47,12,5,-0.1292,8.5777,10.1953,-0.201,-0.2917,-0.1825
4,latency,CRADK,HRSD_21.1,HRSD21,full,RobustScaler,Ridge,47,12,20,0.3567,10.5118,13.1406,0.4307,-1.1458,0.014
4,latency,CRADK,HRSD_21.1,HRSD21,full,RobustScaler,Lasso,47,12,20,0.0394,7.8451,9.1287,0.2306,-0.0355,0.2842
4,latency,CRADK,HRSD_21.1,HRSD21,full,RobustScaler,ElasticNet,47,12,20,0.0053,8.867,10.3565,0.0069,-0.3328,-0.1474
4,latency,CRADK,HRSD_21.1,HRSD21,full,RobustScaler,SVR,47,12,20,-0.1071,8.5902,9.8354,-0.2259,-0.2021,-0.4737
4,latency,CRADK,HRSD_21.1,HRSD21,full,RobustScaler,KNN,47,12,20,-0.0093,8.0952,9.2663,-0.0207,-0.067,-0.0299
4,latency,CRADK,HRSD_21.1,HRSD21,full,RobustScaler,RF,47,12,20,-0.0788,8.195,9.7629,-0.1386,-0.1844,0.0281
4,latency,CRADK,HRSD_21.1,HRSD21,full,RobustScaler,ET,47,12,20,-0.1246,8.5075,10.0131,-0.2108,-0.2459,-0.186
4,latency,CRADK,HRSD_21.1,HRSD21,full,RobustScaler,GB,47,12,20,-0.1967,8.8512,10.6006,-0.2813,-0.3964,-0.2351
4,latency,CRADK,HRSD_21.1,HRSD21,full,RobustScaler,XGB,47,12,20,-0.1934,9.0287,10.9158,-0.2464,-0.4807,-0.2526
4,latency,CRADK,HRSD_21.1,HRSD21,full,RobustScaler,MLP,47,12,20,-0.1349,23.9796,37.2745,-0.273,-16.2654,-0.3474
4,latency,CRADK,HRSD_21.1,HRSD21,full,RobustScaler,LGBM,47,12,20,-0.0627,7.9015,9.9678,-0.0906,-0.2347,-0.1336
4,latency,CRADK,HRSD_21.1,HRSD21,full,RobustScaler,CatBoost,47,12,20,-0.2015,8.6442,10.5058,-0.3095,-0.3716,-0.3053
5,latency,CRADK,HRSD_21.1,HRSD21,full,StandardScaler,Ridge,48,11,5,-0.3902,9.8086,10.5968,-0.4801,-0.778,-0.4932
5,latency,CRADK,HRSD_21.1,HRSD21,full,StandardScaler,Lasso,48,11,5,-0.4086,10.1219,10.9658,-0.4682,-0.904,-0.4932
5,latency,CRADK,HRSD_21.1,HRSD21,full,StandardScaler,ElasticNet,48,11,5,-0.3072,8.9604,9.7347,-0.4994,-0.5004,-0.4795
5,latency,CRADK,HRSD_21.1,HRSD21,full,StandardScaler,SVR,48,11,5,-0.4042,9.1518,10.1828,-0.6021,-0.6418,-0.484
5,latency,CRADK,HRSD_21.1,HRSD21,full,StandardScaler,KNN,48,11,5,-0.388,9.4182,10.6553,-0.476,-0.7977,-0.3661
5,latency,CRADK,HRSD_21.1,HRSD21,full,StandardScaler,RF,48,11,5,-0.2086,8.6651,9.3897,-0.3624,-0.396,-0.3425
5,latency,CRADK,HRSD_21.1,HRSD21,full,StandardScaler,ET,48,11,5,-0.1916,8.7436,9.335,-0.2957,-0.3798,-0.2466
5,latency,CRADK,HRSD_21.1,HRSD21,full,StandardScaler,GB,48,11,5,0.1711,8.2755,9.2737,0.1855,-0.3617,0.0868
5,latency,CRADK,HRSD_21.1,HRSD21,full,StandardScaler,XGB,48,11,5,0.1344,8.1334,9.4244,0.1531,-0.4063,0.169
5,latency,CRADK,HRSD_21.1,HRSD21,full,StandardScaler,MLP,48,11,5,-0.4518,10.697,11.7237,-0.4875,-1.1762,-0.4521
5,latency,CRADK,HRSD_21.1,HRSD21,full,StandardScaler,LGBM,48,11,5,-0.1003,8.4863,9.0445,-0.1545,-0.2952,-0.2648
5,latency,CRADK,HRSD_21.1,HRSD21,full,StandardScaler,CatBoost,48,11,5,-0.1845,9.0816,9.7303,-0.2432,-0.4991,-0.2146
5,latency,CRADK,HRSD_21.1,HRSD21,full,MinMaxScaler,Ridge,48,11,10,-0.365,9.6378,10.4418,-0.4558,-0.7263,-0.5251
5,latency,CRADK,HRSD_21.1,HRSD21,full,MinMaxScaler,Lasso,48,11,10,-0.3825,9.7626,10.5867,-0.4658,-0.7746,-0.3607
5,latency,CRADK,HRSD_21.1,HRSD21,full,MinMaxScaler,ElasticNet,48,11,10,-0.3041,9.044,9.8228,-0.4501,-0.5277,-0.4932
5,latency,CRADK,HRSD_21.1,HRSD21,full,MinMaxScaler,SVR,48,11,10,-0.4008,9.5397,10.3847,-0.5243,-0.7075,-0.4977
5,latency,CRADK,HRSD_21.1,HRSD21,full,MinMaxScaler,KNN,48,11,10,-0.2837,9.0606,9.6612,-0.4291,-0.4779,-0.4429
5,latency,CRADK,HRSD_21.1,HRSD21,full,MinMaxScaler,RF,48,11,10,-0.1504,8.6788,9.4028,-0.2197,-0.3999,-0.1005
5,latency,CRADK,HRSD_21.1,HRSD21,full,MinMaxScaler,ET,48,11,10,-0.2352,9.0568,9.6183,-0.3485,-0.4648,-0.169
5,latency,CRADK,HRSD_21.1,HRSD21,full,MinMaxScaler,GB,48,11,10,0.1816,8.557,9.5233,0.1927,-0.436,0.347
5,latency,CRADK,HRSD_21.1,HRSD21,full,MinMaxScaler,XGB,48,11,10,0.0376,8.1768,9.9401,0.0451,-0.5644,0.21
5,latency,CRADK,HRSD_21.1,HRSD21,full,MinMaxScaler,MLP,48,11,10,-0.2347,8.793,9.8497,-0.2995,-0.5361,-0.1827
5,latency,CRADK,HRSD_21.1,HRSD21,full,MinMaxScaler,LGBM,48,11,10,-0.0743,8.3822,9.0546,-0.114,-0.2981,-0.0642
5,latency,CRADK,HRSD_21.1,HRSD21,full,MinMaxScaler,CatBoost,48,11,10,-0.131,8.6432,9.3836,-0.1955,-0.3942,-0.0457
5,latency,CRADK,HRSD_21.1,HRSD21,full,RobustScaler,Ridge,48,11,5,-0.1177,7.6739,8.684,-0.4266,-0.1941,-0.3516
5,latency,CRADK,HRSD_21.1,HRSD21,full,RobustScaler,Lasso,48,11,5,-0.2487,8.5824,9.4521,-0.4295,-0.4146,-0.3242
5,latency,CRADK,HRSD_21.1,HRSD21,full,RobustScaler,ElasticNet,48,11,5,-0.2264,8.3799,9.2671,-0.446,-0.3598,-0.3516
5,latency,CRADK,HRSD_21.1,HRSD21,full,RobustScaler,SVR,48,11,5,-0.2279,8.9603,9.6847,-0.3119,-0.4851,-0.4384
5,latency,CRADK,HRSD_21.1,HRSD21,full,RobustScaler,KNN,48,11,5,-0.4862,9.7403,10.5512,-0.6853,-0.7627,-0.714
5,latency,CRADK,HRSD_21.1,HRSD21,full,RobustScaler,RF,48,11,5,-0.2763,9.164,9.8076,-0.4082,-0.523,-0.274
5,latency,CRADK,HRSD_21.1,HRSD21,full,RobustScaler,ET,48,11,5,-0.2334,8.9036,9.6938,-0.3377,-0.4879,-0.2466
5,latency,CRADK,HRSD_21.1,HRSD21,full,RobustScaler,GB,48,11,5,-0.177,10.5796,12.0888,-0.1892,-1.3139,0.0137
5,latency,CRADK,HRSD_21.1,HRSD21,full,RobustScaler,XGB,48,11,5,0.0286,9.3455,10.4195,0.0311,-0.719,0.1324
5,latency,CRADK,HRSD_21.1,HRSD21,full,RobustScaler,MLP,48,11,5,-0.4857,11.1076,12.2083,-0.5051,-1.3599,-0.4795
5,latency,CRADK,HRSD_21.1,HRSD21,full,RobustScaler,LGBM,48,11,5,-0.1528,8.5742,9.0632,-0.279,-0.3006,-0.1762
5,latency,CRADK,HRSD_21.1,HRSD21,full,RobustScaler,CatBoost,48,11,5,-0.1958,9.1644,10.0336,-0.2504,-0.594,-0.0365
1,latency,CRADK,HRSD_24.1,HRSD24,full,StandardScaler,Ridge,47,12,10,0.0132,9.8415,11.653,0.0155,-0.3892,0.021
1,latency,CRADK,HRSD_24.1,HRSD24,full,StandardScaler,Lasso,47,12,10,-0.0374,9.4737,11.388,-0.0483,-0.3267,0.007
1,latency,CRADK,HRSD_24.1,HRSD24,full,StandardScaler,ElasticNet,47,12,10,-0.0056,9.9022,11.7643,-0.0066,-0.4158,0.014
1,latency,CRADK,HRSD_24.1,HRSD24,full,StandardScaler,SVR,47,12,10,0.2136,9.0824,10.457,0.2427,-0.1187,0.2592
1,latency,CRADK,HRSD_24.1,HRSD24,full,StandardScaler,KNN,47,12,10,0.2214,9.4167,11.2805,0.2333,-0.3018,0.186
1,latency,CRADK,HRSD_24.1,HRSD24,full,StandardScaler,RF,47,12,10,0.266,8.6763,10.3705,0.2893,-0.1002,0.2417
1,latency,CRADK,HRSD_24.1,HRSD24,full,StandardScaler,ET,47,12,10,0.2469,9.1862,10.7039,0.2801,-0.1721,0.2172
1,latency,CRADK,HRSD_24.1,HRSD24,full,StandardScaler,GB,47,12,10,0.2572,9.1209,10.9155,0.268,-0.2189,0.2767
1,latency,CRADK,HRSD_24.1,HRSD24,full,StandardScaler,XGB,47,12,10,0.1388,9.6839,11.5633,0.1512,-0.3679,0.1646
1,latency,CRADK,HRSD_24.1,HRSD24,full,StandardScaler,MLP,47,12,10,0.2846,10.8538,13.1424,0.2904,-0.767,0.2172
1,latency,CRADK,HRSD_24.1,HRSD24,full,StandardScaler,LGBM,47,12,10,0.2038,8.95,10.3563,0.2335,-0.0972,0.3257
1,latency,CRADK,HRSD_24.1,HRSD24,full,StandardScaler,CatBoost,47,12,10,0.2624,8.7806,10.6432,0.2819,-0.1589,0.2907
1,latency,CRADK,HRSD_24.1,HRSD24,full,MinMaxScaler,Ridge,47,12,10,-0.134,24.5901,50.3858,-0.3638,-24.9717,-0.2207
1,latency,CRADK,HRSD_24.1,HRSD24,full,MinMaxScaler,Lasso,47,12,10,-0.1258,26.015,53.7496,-0.3652,-28.5552,-0.3608
1,latency,CRADK,HRSD_24.1,HRSD24,full,MinMaxScaler,ElasticNet,47,12,10,-0.1352,24.4153,49.9389,-0.3637,-24.5129,-0.2207
1,latency,CRADK,HRSD_24.1,HRSD24,full,MinMaxScaler,SVR,47,12,10,-0.1123,10.4373,13.5476,-0.1563,-0.8776,-0.1366
1,latency,CRADK,HRSD_24.1,HRSD24,full,MinMaxScaler,KNN,47,12,10,-0.0048,8.2407,11.4993,-0.006,-0.3528,-0.063
1,latency,CRADK,HRSD_24.1,HRSD24,full,MinMaxScaler,RF,47,12,10,0.2079,7.829,9.8757,0.2682,0.0023,0.1926
1,latency,CRADK,HRSD_24.1,HRSD24,full,MinMaxScaler,ET,47,12,10,0.1109,8.8717,11.0716,0.1392,-0.254,0.1576
1,latency,CRADK,HRSD_24.1,HRSD24,full,MinMaxScaler,GB,47,12,10,0.2679,7.7246,9.9716,0.3108,-0.0172,0.2592
1,latency,CRADK,HRSD_24.1,HRSD24,full,MinMaxScaler,XGB,47,12,10,0.2536,8.2739,10.4295,0.2868,-0.1128,0.2487
1,latency,CRADK,HRSD_24.1,HRSD24,full,MinMaxScaler,MLP,47,12,10,-0.1456,11.1374,15.2237,-0.1849,-1.371,-0.049
1,latency,CRADK,HRSD_24.1,HRSD24,full,MinMaxScaler,LGBM,47,12,10,-0.0409,9.1252,10.8541,-0.061,-0.2052,0.0667
1,latency,CRADK,HRSD_24.1,HRSD24,full,MinMaxScaler,CatBoost,47,12,10,0.1995,8.0259,10.4286,0.2478,-0.1126,0.2697
1,latency,CRADK,HRSD_24.1,HRSD24,full,RobustScaler,Ridge,47,12,15,-0.1495,23.2689,46.3813,-0.3715,-21.0074,-0.1786
1,latency,CRADK,HRSD_24.1,HRSD24,full,RobustScaler,Lasso,47,12,15,-0.167,22.3718,43.009,-0.3829,-17.9235,-0.1576
1,latency,CRADK,HRSD_24.1,HRSD24,full,RobustScaler,ElasticNet,47,12,15,-0.1329,25.1322,51.4187,-0.3672,-26.0474,-0.2732
1,latency,CRADK,HRSD_24.1,HRSD24,full,RobustScaler,SVR,47,12,15,0.1905,8.5445,10.4678,0.2262,-0.121,0.2123
1,latency,CRADK,HRSD_24.1,HRSD24,full,RobustScaler,KNN,47,12,15,0.0367,8.3095,10.9307,0.0507,-0.2223,0.0841
1,latency,CRADK,HRSD_24.1,HRSD24,full,RobustScaler,RF,47,12,15,0.2184,8.6288,10.4786,0.2506,-0.1233,0.2557
1,latency,CRADK,HRSD_24.1,HRSD24,full,RobustScaler,ET,47,12,15,0.1862,9.3533,10.9364,0.2173,-0.2236,0.1156
1,latency,CRADK,HRSD_24.1,HRSD24,full,RobustScaler,GB,47,12,15,0.1441,8.7712,11.3911,0.1613,-0.3274,0.1331
1,latency,CRADK,HRSD_24.1,HRSD24,full,RobustScaler,XGB,47,12,15,0.2776,8.7023,11.1876,0.3445,-0.2804,0.2592
1,latency,CRADK,HRSD_24.1,HRSD24,full,RobustScaler,MLP,47,12,15,0.4243,7.2754,9.6282,0.4527,0.0516,0.2872
1,latency,CRADK,HRSD_24.1,HRSD24,full,RobustScaler,LGBM,47,12,15,0.1025,8.6351,10.1867,0.1436,-0.0616,0.2491
1,latency,CRADK,HRSD_24.1,HRSD24,full,RobustScaler,CatBoost,47,12,15,0.241,8.4373,10.3823,0.285,-0.1027,0.3152
2,latency,CRADK,HRSD_24.1,HRSD24,full,StandardScaler,Ridge,47,12,5,0.0591,9.4921,10.7369,0.1181,-0.021,0.0315
2,latency,CRADK,HRSD_24.1,HRSD24,full,StandardScaler,Lasso,47,12,5,0.155,9.2583,10.7143,0.2283,-0.0167,0.1541
2,latency,CRADK,HRSD_24.1,HRSD24,full,StandardScaler,ElasticNet,47,12,5,0.0947,9.5638,10.7968,0.155,-0.0324,0.0455
2,latency,CRADK,HRSD_24.1,HRSD24,full,StandardScaler,SVR,47,12,5,0.1356,10.125,12.1063,0.1455,-0.298,-0.0911
2,latency,CRADK,HRSD_24.1,HRSD24,full,StandardScaler,KNN,47,12,5,0.2948,9.1333,11.0003,0.3239,-0.0717,0.419
2,latency,CRADK,HRSD_24.1,HRSD24,full,StandardScaler,RF,47,12,5,0.1702,9.4508,11.4915,0.1911,-0.1696,0.1506
2,latency,CRADK,HRSD_24.1,HRSD24,full,StandardScaler,ET,47,12,5,0.2899,9.0358,11.1219,0.3115,-0.0955,0.4098
2,latency,CRADK,HRSD_24.1,HRSD24,full,StandardScaler,GB,47,12,5,0.213,10.4722,13.6314,0.2173,-0.6457,0.2172
2,latency,CRADK,HRSD_24.1,HRSD24,full,StandardScaler,XGB,47,12,5,0.1522,10.5398,13.4503,0.1554,-0.6023,-0.0105
2,latency,CRADK,HRSD_24.1,HRSD24,full,StandardScaler,MLP,47,12,5,0.2047,11.7199,13.7571,0.2188,-0.6762,0.3888
2,latency,CRADK,HRSD_24.1,HRSD24,full,StandardScaler,LGBM,47,12,5,0.0809,10.2761,12.2075,0.0889,-0.3198,0.068
2,latency,CRADK,HRSD_24.1,HRSD24,full,StandardScaler,CatBoost,47,12,5,0.1478,9.604,12.1879,0.1583,-0.3156,0.1926
2,latency,CRADK,HRSD_24.1,HRSD24,full,MinMaxScaler,Ridge,47,12,5,0.1929,9.2105,10.9099,0.2402,-0.0542,0.2032
2,latency,CRADK,HRSD_24.1,HRSD24,full,MinMaxScaler,Lasso,47,12,5,0.1834,9.3186,10.9641,0.2323,-0.0647,0.1891
2,latency,CRADK,HRSD_24.1,HRSD24,full,MinMaxScaler,ElasticNet,47,12,5,0.1519,9.4569,10.845,0.2096,-0.0417,0.2277
2,latency,CRADK,HRSD_24.1,HRSD24,full,MinMaxScaler,SVR,47,12,5,0.2022,9.449,11.0032,0.2405,-0.0723,0.2277
2,latency,CRADK,HRSD_24.1,HRSD24,full,MinMaxScaler,KNN,47,12,5,0.2142,8.9444,10.3078,0.3089,0.059,0.2267
2,latency,CRADK,HRSD_24.1,HRSD24,full,MinMaxScaler,RF,47,12,5,0.2057,9.8617,11.9784,0.2131,-0.2708,0.1646
2,latency,CRADK,HRSD_24.1,HRSD24,full,MinMaxScaler,ET,47,12,5,0.0937,11.0835,13.3827,0.0952,-0.5862,0.0981
2,latency,CRADK,HRSD_24.1,HRSD24,full,MinMaxScaler,GB,47,12,5,0.2463,11.0254,13.8102,0.251,-0.6892,0.1926
2,latency,CRADK,HRSD_24.1,HRSD24,full,MinMaxScaler,XGB,47,12,5,0.2762,10.424,12.2834,0.28,-0.3363,0.2172
2,latency,CRADK,HRSD_24.1,HRSD24,full,MinMaxScaler,MLP,47,12,5,0.1661,9.5255,10.9592,0.2183,-0.0637,0.2277
2,latency,CRADK,HRSD_24.1,HRSD24,full,MinMaxScaler,LGBM,47,12,5,0.1676,8.34,10.1677,0.3034,0.0844,0.4683
2,latency,CRADK,HRSD_24.1,HRSD24,full,MinMaxScaler,CatBoost,47,12,5,0.2858,8.6657,10.6866,0.314,-0.0115,0.3573
2,latency,CRADK,HRSD_24.1,HRSD24,full,RobustScaler,Ridge,47,12,10,0.0835,10.4621,12.4931,0.0902,-0.3823,0.2557
2,latency,CRADK,HRSD_24.1,HRSD24,full,RobustScaler,Lasso,47,12,10,0.0508,10.024,12.488,0.055,-0.3812,0.1751
2,latency,CRADK,HRSD_24.1,HRSD24,full,RobustScaler,ElasticNet,47,12,10,0.0581,10.3275,12.3247,0.0644,-0.3453,0.1366
2,latency,CRADK,HRSD_24.1,HRSD24,full,RobustScaler,SVR,47,12,10,0.0622,9.3789,10.6492,0.125,-0.0044,0.0946
2,latency,CRADK,HRSD_24.1,HRSD24,full,RobustScaler,KNN,47,12,10,0.0414,10.0463,11.4953,0.054,-0.1703,0.0911
2,latency,CRADK,HRSD_24.1,HRSD24,full,RobustScaler,RF,47,12,10,0.2407,8.7702,10.5242,0.2878,0.019,0.3117
2,latency,CRADK,HRSD_24.1,HRSD24,full,RobustScaler,ET,47,12,10,0.2292,9.3258,11.2386,0.2529,-0.1186,0.4028
2,latency,CRADK,HRSD_24.1,HRSD24,full,RobustScaler,GB,47,12,10,0.2231,10.1562,12.4114,0.2297,-0.3643,0.3713
2,latency,CRADK,HRSD_24.1,HRSD24,full,RobustScaler,XGB,47,12,10,0.2117,10.1753,12.7342,0.2148,-0.4362,0.1786
2,latency,CRADK,HRSD_24.1,HRSD24,full,RobustScaler,MLP,47,12,10,0.0681,11.4388,13.7471,0.0689,-0.6737,0.1506
2,latency,CRADK,HRSD_24.1,HRSD24,full,RobustScaler,LGBM,47,12,10,0.0823,9.5483,11.4345,0.1015,-0.158,0.0787
2,latency,CRADK,HRSD_24.1,HRSD24,full,RobustScaler,CatBoost,47,12,10,0.2016,8.9805,11.1177,0.2278,-0.0947,0.2312
3,latency,CRADK,HRSD_24.1,HRSD24,full,StandardScaler,Ridge,47,12,5,0.1452,7.7913,8.8871,0.2118,-0.3802,0.2277
3,latency,CRADK,HRSD_24.1,HRSD24,full,StandardScaler,Lasso,47,12,5,0.0961,7.8804,9.0599,0.1491,-0.4344,0.2277
3,latency,CRADK,HRSD_24.1,HRSD24,full,StandardScaler,ElasticNet,47,12,5,0.1721,7.8744,8.9236,0.2366,-0.3916,0.2277
3,latency,CRADK,HRSD_24.1,HRSD24,full,StandardScaler,SVR,47,12,5,0.153,9.0719,9.74,0.1989,-0.6579,0.1576
3,latency,CRADK,HRSD_24.1,HRSD24,full,StandardScaler,KNN,47,12,5,0.089,8.0119,9.0367,0.148,-0.4271,0.0561
3,latency,CRADK,HRSD_24.1,HRSD24,full,StandardScaler,RF,47,12,5,0.2052,8.0073,9.5091,0.3685,-0.5802,0.1296
3,latency,CRADK,HRSD_24.1,HRSD24,full,StandardScaler,ET,47,12,5,0.1904,8.1758,9.465,0.2939,-0.5656,0.2277
3,latency,CRADK,HRSD_24.1,HRSD24,full,StandardScaler,GB,47,12,5,0.0327,8.7166,10.5847,0.0357,-0.9579,0.035
3,latency,CRADK,HRSD_24.1,HRSD24,full,StandardScaler,XGB,47,12,5,0.0223,8.8698,11.0916,0.024,-1.1499,0.1261
3,latency,CRADK,HRSD_24.1,HRSD24,full,StandardScaler,MLP,47,12,5,0.1991,8.0695,9.0694,0.2187,-0.4375,0.2347
3,latency,CRADK,HRSD_24.1,HRSD24,full,StandardScaler,LGBM,47,12,5,0.1473,6.9541,9.102,0.213,-0.4478,0.0141
3,latency,CRADK,HRSD_24.1,HRSD24,full,StandardScaler,CatBoost,47,12,5,0.1284,8.1575,9.8222,0.2018,-0.686,0.0666
3,latency,CRADK,HRSD_24.1,HRSD24,full,MinMaxScaler,Ridge,47,12,5,0.1631,7.9782,9.0347,0.2213,-0.4265,0.2277
3,latency,CRADK,HRSD_24.1,HRSD24,full,MinMaxScaler,Lasso,47,12,5,0.1137,8.1241,9.2376,0.1613,-0.4912,0.2277
3,latency,CRADK,HRSD_24.1,HRSD24,full,MinMaxScaler,ElasticNet,47,12,5,0.1282,8.0266,9.1289,0.1801,-0.4564,0.2277
3,latency,CRADK,HRSD_24.1,HRSD24,full,MinMaxScaler,SVR,47,12,5,0.1468,8.3504,9.4068,0.1928,-0.5464,0.2067
3,latency,CRADK,HRSD_24.1,HRSD24,full,MinMaxScaler,KNN,47,12,5,0.1077,7.9815,9.202,0.1642,-0.4798,0.187
3,latency,CRADK,HRSD_24.1,HRSD24,full,MinMaxScaler,RF,47,12,5,0.2033,8.1971,9.7779,0.3617,-0.6708,0.2172
3,latency,CRADK,HRSD_24.1,HRSD24,full,MinMaxScaler,ET,47,12,5,0.2827,7.5492,8.8469,0.4267,-0.3678,0.4238
3,latency,CRADK,HRSD_24.1,HRSD24,full,MinMaxScaler,GB,47,12,5,0.0861,8.1348,9.7736,0.0949,-0.6694,0.0315
3,latency,CRADK,HRSD_24.1,HRSD24,full,MinMaxScaler,XGB,47,12,5,-0.0229,9.2596,12.0188,-0.0275,-1.5244,0.0
3,latency,CRADK,HRSD_24.1,HRSD24,full,MinMaxScaler,MLP,47,12,5,0.1112,8.2621,9.4046,0.1504,-0.5457,0.2277
3,latency,CRADK,HRSD_24.1,HRSD24,full,MinMaxScaler,LGBM,47,12,5,0.2369,7.2733,8.8122,0.3296,-0.3571,0.1305
3,latency,CRADK,HRSD_24.1,HRSD24,full,MinMaxScaler,CatBoost,47,12,5,0.1204,8.1461,10.0642,0.1791,-0.7701,0.0105
3,latency,CRADK,HRSD_24.1,HRSD24,full,RobustScaler,Ridge,47,12,10,0.2064,7.4082,8.9127,0.2644,-0.3882,0.2417
3,latency,CRADK,HRSD_24.1,HRSD24,full,RobustScaler,Lasso,47,12,10,0.2225,7.343,8.8407,0.2777,-0.3659,0.2487
3,latency,CRADK,HRSD_24.1,HRSD24,full,RobustScaler,ElasticNet,47,12,10,0.2912,7.7778,9.2621,0.3232,-0.4992,0.3222
3,latency,CRADK,HRSD_24.1,HRSD24,full,RobustScaler,SVR,47,12,10,0.1608,7.6615,9.6126,0.245,-0.6148,0.056
3,latency,CRADK,HRSD_24.1,HRSD24,full,RobustScaler,KNN,47,12,10,0.133,8.8704,9.8824,0.1907,-0.7067,0.0455
3,latency,CRADK,HRSD_24.1,HRSD24,full,RobustScaler,RF,47,12,10,0.1771,8.1457,9.8668,0.3011,-0.7013,0.2557
3,latency,CRADK,HRSD_24.1,HRSD24,full,RobustScaler,ET,47,12,10,0.0885,8.5775,10.2042,0.1217,-0.8197,0.028
3,latency,CRADK,HRSD_24.1,HRSD24,full,RobustScaler,GB,47,12,10,0.1459,9.8002,11.7317,0.2835,-1.4053,0.1366
3,latency,CRADK,HRSD_24.1,HRSD24,full,RobustScaler,XGB,47,12,10,0.1612,9.9907,11.8456,0.334,-1.4522,0.1786
3,latency,CRADK,HRSD_24.1,HRSD24,full,RobustScaler,MLP,47,12,10,0.2003,7.7499,9.4031,0.2234,-0.5452,0.2522
3,latency,CRADK,HRSD_24.1,HRSD24,full,RobustScaler,LGBM,47,12,10,0.3109,6.9068,8.6269,0.5009,-0.3006,0.4675
3,latency,CRADK,HRSD_24.1,HRSD24,full,RobustScaler,CatBoost,47,12,10,0.1702,8.6704,9.9298,0.3043,-0.7231,0.2942
4,latency,CRADK,HRSD_24.1,HRSD24,full,StandardScaler,Ridge,47,12,5,0.0929,10.4695,11.5439,0.1462,-0.1932,-0.0876
4,latency,CRADK,HRSD_24.1,HRSD24,full,StandardScaler,Lasso,47,12,5,0.1098,11.8679,12.9635,0.1399,-0.5047,-0.1296
4,latency,CRADK,HRSD_24.1,HRSD24,full,StandardScaler,ElasticNet,47,12,5,0.1087,11.2417,12.2634,0.1466,-0.3465,-0.1296
4,latency,CRADK,HRSD_24.1,HRSD24,full,StandardScaler,SVR,47,12,5,-0.1654,11.8814,13.3107,-0.2404,-0.5864,-0.2067
4,latency,CRADK,HRSD_24.1,HRSD24,full,StandardScaler,KNN,47,12,5,-0.0043,9.8611,11.6124,-0.0059,-0.2074,-0.014
4,latency,CRADK,HRSD_24.1,HRSD24,full,StandardScaler,RF,47,12,5,-0.3657,11.6542,13.222,-0.5529,-0.5653,-0.5639
4,latency,CRADK,HRSD_24.1,HRSD24,full,StandardScaler,ET,47,12,5,-0.3871,12.0342,13.6611,-0.5326,-0.671,-0.4869
4,latency,CRADK,HRSD_24.1,HRSD24,full,StandardScaler,GB,47,12,5,-0.4614,12.7335,14.6904,-0.5618,-0.9322,-0.5254
4,latency,CRADK,HRSD_24.1,HRSD24,full,StandardScaler,XGB,47,12,5,-0.4966,12.9688,14.695,-0.6791,-0.9334,-0.6375
4,latency,CRADK,HRSD_24.1,HRSD24,full,StandardScaler,MLP,47,12,5,-0.0625,11.703,13.1857,-0.1585,-0.5567,-0.1646
4,latency,CRADK,HRSD_24.1,HRSD24,full,StandardScaler,LGBM,47,12,5,-0.2548,11.7125,13.4248,-0.3271,-0.6137,-0.2915
4,latency,CRADK,HRSD_24.1,HRSD24,full,StandardScaler,CatBoost,47,12,5,-0.5046,12.8633,14.4463,-0.6507,-0.8686,-0.5814
4,latency,CRADK,HRSD_24.1,HRSD24,full,MinMaxScaler,Ridge,47,12,5,0.1181,11.3039,12.4128,0.1559,-0.3795,-0.049
4,latency,CRADK,HRSD_24.1,HRSD24,full,MinMaxScaler,Lasso,47,12,5,0.0554,10.6566,11.7578,0.091,-0.2378,-0.1366
4,latency,CRADK,HRSD_24.1,HRSD24,full,MinMaxScaler,ElasticNet,47,12,5,0.0555,10.2868,11.5604,0.0995,-0.1966,-0.0315
4,latency,CRADK,HRSD_24.1,HRSD24,full,MinMaxScaler,SVR,47,12,5,-0.1037,11.9202,13.4656,-0.1867,-0.6235,-0.1506
4,latency,CRADK,HRSD_24.1,HRSD24,full,MinMaxScaler,KNN,47,12,5,-0.178,12.5,14.4686,-0.219,-0.8743,-0.2557
4,latency,CRADK,HRSD_24.1,HRSD24,full,MinMaxScaler,RF,47,12,5,-0.2867,12.2467,13.452,-0.4612,-0.6202,-0.5289
4,latency,CRADK,HRSD_24.1,HRSD24,full,MinMaxScaler,ET,47,12,5,-0.2615,11.9575,13.3048,-0.434,-0.5849,-0.5534
4,latency,CRADK,HRSD_24.1,HRSD24,full,MinMaxScaler,GB,47,12,5,-0.2904,13.0925,14.1014,-0.4713,-0.7804,-0.4623
4,latency,CRADK,HRSD_24.1,HRSD24,full,MinMaxScaler,XGB,47,12,5,-0.288,13.0644,14.0541,-0.5427,-0.7685,-0.4203
4,latency,CRADK,HRSD_24.1,HRSD24,full,MinMaxScaler,MLP,47,12,5,0.0494,10.6607,12.0035,0.0778,-0.2901,-0.0876
4,latency,CRADK,HRSD_24.1,HRSD24,full,MinMaxScaler,LGBM,47,12,5,-0.2627,11.7301,13.4232,-0.3455,-0.6133,-0.2496
4,latency,CRADK,HRSD_24.1,HRSD24,full,MinMaxScaler,CatBoost,47,12,5,-0.2713,13.0279,13.877,-0.4766,-0.7242,-0.4588
4,latency,CRADK,HRSD_24.1,HRSD24,full,RobustScaler,Ridge,47,12,5,0.1122,9.4639,10.7173,0.2502,-0.0284,-0.007
4,latency,CRADK,HRSD_24.1,HRSD24,full,RobustScaler,Lasso,47,12,5,0.0331,9.5576,10.6928,0.2788,-0.0237,0.3292
4,latency,CRADK,HRSD_24.1,HRSD24,full,RobustScaler,ElasticNet,47,12,5,0.1305,10.467,11.4634,0.1939,-0.1766,-0.049
4,latency,CRADK,HRSD_24.1,HRSD24,full,RobustScaler,SVR,47,12,5,-0.3229,12.8874,14.1904,-0.4991,-0.803,-0.613
4,latency,CRADK,HRSD_24.1,HRSD24,full,RobustScaler,KNN,47,12,5,-0.3935,12.2167,13.7216,-0.5285,-0.6858,-0.5193
4,latency,CRADK,HRSD_24.1,HRSD24,full,RobustScaler,RF,47,12,5,-0.3839,12.48,13.8882,-0.5659,-0.727,-0.5779
4,latency,CRADK,HRSD_24.1,HRSD24,full,RobustScaler,ET,47,12,5,-0.2989,12.025,13.3471,-0.4861,-0.595,-0.5429
4,latency,CRADK,HRSD_24.1,HRSD24,full,RobustScaler,GB,47,12,5,-0.2808,12.6336,14.309,-0.364,-0.8332,-0.3328
4,latency,CRADK,HRSD_24.1,HRSD24,full,RobustScaler,XGB,47,12,5,-0.33,12.9672,14.1683,-0.5161,-0.7974,-0.4904
4,latency,CRADK,HRSD_24.1,HRSD24,full,RobustScaler,MLP,47,12,5,0.0617,11.5934,12.8837,0.0945,-0.4862,-0.0105
4,latency,CRADK,HRSD_24.1,HRSD24,full,RobustScaler,LGBM,47,12,5,-0.4142,12.7343,14.6518,-0.4961,-0.9221,-0.42
4,latency,CRADK,HRSD_24.1,HRSD24,full,RobustScaler,CatBoost,47,12,5,-0.4023,13.379,14.6271,-0.5549,-0.9156,-0.6375
5,latency,CRADK,HRSD_24.1,HRSD24,full,StandardScaler,Ridge,48,11,5,-0.2053,11.5929,13.5105,-0.252,-0.5389,-0.1142
5,latency,CRADK,HRSD_24.1,HRSD24,full,StandardScaler,Lasso,48,11,5,-0.2089,11.3935,13.1899,-0.2811,-0.4667,-0.1142
5,latency,CRADK,HRSD_24.1,HRSD24,full,StandardScaler,ElasticNet,48,11,5,-0.1471,10.8573,12.6415,-0.2198,-0.3473,-0.0868
5,latency,CRADK,HRSD_24.1,HRSD24,full,StandardScaler,SVR,48,11,5,0.2281,8.7488,10.4866,0.3097,0.0729,0.484
5,latency,CRADK,HRSD_24.1,HRSD24,full,StandardScaler,KNN,48,11,5,0.0954,10.3273,12.1966,0.1114,-0.2541,0.1963
5,latency,CRADK,HRSD_24.1,HRSD24,full,StandardScaler,RF,48,11,5,0.2043,9.3218,10.8337,0.2698,0.0105,0.2146
5,latency,CRADK,HRSD_24.1,HRSD24,full,StandardScaler,ET,48,11,5,0.0713,9.8145,11.8281,0.0938,-0.1795,0.21
5,latency,CRADK,HRSD_24.1,HRSD24,full,StandardScaler,GB,48,11,5,0.1992,9.6818,11.3279,0.2335,-0.0819,0.2922
5,latency,CRADK,HRSD_24.1,HRSD24,full,StandardScaler,XGB,48,11,5,0.239,10.0625,11.2541,0.2711,-0.0678,0.379
5,latency,CRADK,HRSD_24.1,HRSD24,full,StandardScaler,MLP,48,11,5,0.1376,10.1995,12.0838,0.1503,-0.2311,0.1644
5,latency,CRADK,HRSD_24.1,HRSD24,full,StandardScaler,LGBM,48,11,5,0.2147,8.5648,10.879,0.2992,0.0022,0.4019
5,latency,CRADK,HRSD_24.1,HRSD24,full,StandardScaler,CatBoost,48,11,5,0.2634,8.8462,10.5689,0.3498,0.0583,0.4384
5,latency,CRADK,HRSD_24.1,HRSD24,full,MinMaxScaler,Ridge,48,11,10,-0.2021,11.5083,13.3817,-0.2563,-0.5097,-0.1142
5,latency,CRADK,HRSD_24.1,HRSD24,full,MinMaxScaler,Lasso,48,11,10,-0.2339,11.7954,13.7285,-0.2828,-0.589,-0.2192
5,latency,CRADK,HRSD_24.1,HRSD24,full,MinMaxScaler,ElasticNet,48,11,10,-0.164,11.0716,12.8005,-0.239,-0.3814,-0.0411
5,latency,CRADK,HRSD_24.1,HRSD24,full,MinMaxScaler,SVR,48,11,10,-0.1396,10.9271,12.8227,-0.1879,-0.3862,-0.1005
5,latency,CRADK,HRSD_24.1,HRSD24,full,MinMaxScaler,KNN,48,11,10,0.1529,9.9818,11.5791,0.1775,-0.1304,0.2648
5,latency,CRADK,HRSD_24.1,HRSD24,full,MinMaxScaler,RF,48,11,10,0.0433,10.0291,12.1138,0.061,-0.2372,0.0548
5,latency,CRADK,HRSD_24.1,HRSD24,full,MinMaxScaler,ET,48,11,10,0.0478,10.1736,12.0347,0.064,-0.2211,0.1233
5,latency,CRADK,HRSD_24.1,HRSD24,full,MinMaxScaler,GB,48,11,10,0.2008,9.1808,10.8943,0.2817,-0.0006,0.4886
5,latency,CRADK,HRSD_24.1,HRSD24,full,MinMaxScaler,XGB,48,11,10,0.0861,9.6564,12.0364,0.1328,-0.2214,0.1233
5,latency,CRADK,HRSD_24.1,HRSD24,full,MinMaxScaler,MLP,48,11,10,-0.1486,11.5217,13.5534,-0.1747,-0.5487,0.0
5,latency,CRADK,HRSD_24.1,HRSD24,full,MinMaxScaler,LGBM,48,11,10,0.0477,9.8179,12.3425,0.0745,-0.2843,0.1663
5,latency,CRADK,HRSD_24.1,HRSD24,full,MinMaxScaler,CatBoost,48,11,10,0.145,9.5419,11.2988,0.2123,-0.0763,0.2237
5,latency,CRADK,HRSD_24.1,HRSD24,full,RobustScaler,Ridge,48,11,5,-0.2092,11.3032,13.0484,-0.3026,-0.4355,-0.105
5,latency,CRADK,HRSD_24.1,HRSD24,full,RobustScaler,Lasso,48,11,5,-0.1822,11.0316,12.7563,-0.2889,-0.3719,-0.0776
5,latency,CRADK,HRSD_24.1,HRSD24,full,RobustScaler,ElasticNet,48,11,5,-0.1472,10.6313,12.3726,-0.2824,-0.2906,-0.0776
5,latency,CRADK,HRSD_24.1,HRSD24,full,RobustScaler,SVR,48,11,5,-0.0059,9.7961,12.3306,-0.0092,-0.2819,-0.2283
5,latency,CRADK,HRSD_24.1,HRSD24,full,RobustScaler,KNN,48,11,5,-0.0706,9.899,11.9536,-0.1355,-0.2047,-0.2283
5,latency,CRADK,HRSD_24.1,HRSD24,full,RobustScaler,RF,48,11,5,-0.1083,10.1491,12.3892,-0.1919,-0.2941,-0.2603
5,latency,CRADK,HRSD_24.1,HRSD24,full,RobustScaler,ET,48,11,5,-0.0775,10.2141,12.6714,-0.1158,-0.3537,-0.1142
5,latency,CRADK,HRSD_24.1,HRSD24,full,RobustScaler,GB,48,11,5,-0.1812,11.5763,13.9714,-0.2149,-0.6457,-0.3425
5,latency,CRADK,HRSD_24.1,HRSD24,full,RobustScaler,XGB,48,11,5,-0.1892,11.4811,14.0466,-0.2259,-0.6635,-0.3927
5,latency,CRADK,HRSD_24.1,HRSD24,full,RobustScaler,MLP,48,11,5,-0.1769,11.2697,13.4332,-0.217,-0.5214,-0.3196
5,latency,CRADK,HRSD_24.1,HRSD24,full,RobustScaler,LGBM,48,11,5,-0.146,10.1673,12.8554,-0.265,-0.3933,-0.3959
5,latency,CRADK,HRSD_24.1,HRSD24,full,RobustScaler,CatBoost,48,11,5,-0.1742,10.5273,13.1193,-0.2704,-0.4511,-0.3836
