fold,phase,condition,target,target_short,features,scaler,model,n_train,n_test,n_features,CCC,MAE,RMSE,Pearson_r,R2,Spearman_r
1,positive_training,SHAM,phq_8,PHQ8,full,StandardScaler,Ridge,48,13,20,-0.0447,8.1392,9.4563,-0.0495,-2.1159,-0.2715
1,positive_training,SHAM,phq_8,PHQ8,full,StandardScaler,Lasso,48,13,20,-0.0356,8.1367,9.464,-0.0395,-2.121,-0.2327
1,positive_training,SHAM,phq_8,PHQ8,full,StandardScaler,ElasticNet,48,13,20,-0.039,7.9839,9.2962,-0.0432,-2.0113,-0.2327
1,positive_training,SHAM,phq_8,PHQ8,full,StandardScaler,SVR,48,13,20,-0.0901,6.0081,6.9877,-0.1241,-0.7014,-0.1108
1,positive_training,SHAM,phq_8,PHQ8,full,StandardScaler,KNN,48,13,20,-0.0949,6.4615,7.2459,-0.1367,-0.8295,-0.2458
1,positive_training,SHAM,phq_8,PHQ8,full,StandardScaler,RF,48,13,20,-0.2707,6.1378,7.1144,-0.4157,-0.7637,-0.4128
1,positive_training,SHAM,phq_8,PHQ8,full,StandardScaler,ET,48,13,20,-0.1069,6.3477,7.3421,-0.1547,-0.8784,-0.2521
1,positive_training,SHAM,phq_8,PHQ8,full,StandardScaler,GB,48,13,20,-0.1706,7.4055,8.2568,-0.2391,-1.3756,-0.2521
1,positive_training,SHAM,phq_8,PHQ8,full,StandardScaler,XGB,48,13,20,-0.1553,7.222,8.1537,-0.2085,-1.3166,-0.1385
1,positive_training,SHAM,phq_8,PHQ8,full,StandardScaler,MLP,48,13,20,-0.1743,7.4844,9.7967,-0.2083,-2.3443,-0.3047
1,positive_training,SHAM,phq_8,PHQ8,full,StandardScaler,LGBM,48,13,20,-0.3813,6.6676,7.7656,-0.5496,-1.1013,-0.632
1,positive_training,SHAM,phq_8,PHQ8,full,StandardScaler,CatBoost,48,13,20,-0.2013,6.2971,7.4137,-0.296,-0.9152,-0.3186
1,positive_training,SHAM,phq_8,PHQ8,full,MinMaxScaler,Ridge,48,13,10,-0.0364,7.1248,8.4486,-0.0415,-1.4872,-0.1551
1,positive_training,SHAM,phq_8,PHQ8,full,MinMaxScaler,Lasso,48,13,10,-0.041,7.1158,8.482,-0.0469,-1.5069,-0.1801
1,positive_training,SHAM,phq_8,PHQ8,full,MinMaxScaler,ElasticNet,48,13,10,-0.0248,6.9458,8.1039,-0.0284,-1.2884,-0.1551
1,positive_training,SHAM,phq_8,PHQ8,full,MinMaxScaler,SVR,48,13,10,-0.1075,6.8449,8.1072,-0.1246,-1.2903,-0.2299
1,positive_training,SHAM,phq_8,PHQ8,full,MinMaxScaler,KNN,48,13,10,-0.2063,6.5538,7.4085,-0.2473,-0.9125,-0.2953
1,positive_training,SHAM,phq_8,PHQ8,full,MinMaxScaler,RF,48,13,10,-0.1614,5.9677,6.8761,-0.2295,-0.6475,-0.2826
1,positive_training,SHAM,phq_8,PHQ8,full,MinMaxScaler,ET,48,13,10,-0.0334,6.2723,7.2444,-0.0425,-0.8287,-0.2188
1,positive_training,SHAM,phq_8,PHQ8,full,MinMaxScaler,GB,48,13,10,-0.1319,7.4929,8.5516,-0.1576,-1.5482,-0.3047
1,positive_training,SHAM,phq_8,PHQ8,full,MinMaxScaler,XGB,48,13,10,-0.2112,7.4448,8.5053,-0.2505,-1.5207,-0.1995
1,positive_training,SHAM,phq_8,PHQ8,full,MinMaxScaler,MLP,48,13,10,0.0122,5.7027,6.591,0.0161,-0.5137,-0.0942
1,positive_training,SHAM,phq_8,PHQ8,full,MinMaxScaler,LGBM,48,13,10,-0.14,5.9873,7.0532,-0.1896,-0.7335,-0.2014
1,positive_training,SHAM,phq_8,PHQ8,full,MinMaxScaler,CatBoost,48,13,10,-0.1951,5.948,7.1659,-0.256,-0.7893,-0.3989
1,positive_training,SHAM,phq_8,PHQ8,full,RobustScaler,Ridge,48,13,15,-0.1022,6.7223,8.0205,-0.1141,-1.2416,-0.2659
1,positive_training,SHAM,phq_8,PHQ8,full,RobustScaler,Lasso,48,13,15,-0.0349,8.0427,9.3344,-0.0387,-2.0361,-0.1718
1,positive_training,SHAM,phq_8,PHQ8,full,RobustScaler,ElasticNet,48,13,15,-0.0464,7.7951,9.1015,-0.051,-1.8865,-0.3047
1,positive_training,SHAM,phq_8,PHQ8,full,RobustScaler,SVR,48,13,15,-0.2551,6.8068,7.9671,-0.2768,-1.2118,-0.3241
1,positive_training,SHAM,phq_8,PHQ8,full,RobustScaler,KNN,48,13,15,-0.2693,6.7912,7.5835,-0.3421,-1.004,-0.4417
1,positive_training,SHAM,phq_8,PHQ8,full,RobustScaler,RF,48,13,15,-0.2491,6.0366,7.0486,-0.3697,-0.7312,-0.4432
1,positive_training,SHAM,phq_8,PHQ8,full,RobustScaler,ET,48,13,15,-0.1258,6.4808,7.3998,-0.1732,-0.908,-0.2521
1,positive_training,SHAM,phq_8,PHQ8,full,RobustScaler,GB,48,13,15,-0.1394,6.7622,8.0804,-0.167,-1.2751,-0.1302
1,positive_training,SHAM,phq_8,PHQ8,full,RobustScaler,XGB,48,13,15,-0.1853,7.3512,8.0851,-0.2196,-1.2778,-0.2022
1,positive_training,SHAM,phq_8,PHQ8,full,RobustScaler,MLP,48,13,15,-0.0556,7.9632,9.5234,-0.0691,-2.1603,-0.2438
1,positive_training,SHAM,phq_8,PHQ8,full,RobustScaler,LGBM,48,13,15,-0.1983,6.0758,7.1641,-0.2895,-0.7884,-0.3592
1,positive_training,SHAM,phq_8,PHQ8,full,RobustScaler,CatBoost,48,13,15,-0.252,6.2566,7.2509,-0.3421,-0.832,-0.3019
2,positive_training,SHAM,phq_8,PHQ8,full,StandardScaler,Ridge,49,12,5,-0.1344,6.6716,7.562,-0.2592,-0.3292,-0.2535
2,positive_training,SHAM,phq_8,PHQ8,full,StandardScaler,Lasso,49,12,5,-0.0819,6.3784,7.191,-0.2608,-0.202,-0.2535
2,positive_training,SHAM,phq_8,PHQ8,full,StandardScaler,ElasticNet,49,12,5,-0.1342,6.5784,7.4089,-0.3691,-0.2759,-0.3028
2,positive_training,SHAM,phq_8,PHQ8,full,StandardScaler,SVR,49,12,5,-0.0139,6.4381,7.1748,-0.0311,-0.1966,-0.1197
2,positive_training,SHAM,phq_8,PHQ8,full,StandardScaler,KNN,49,12,5,-0.1057,6.4667,7.6123,-0.1443,-0.3469,-0.1851
2,positive_training,SHAM,phq_8,PHQ8,full,StandardScaler,RF,49,12,5,-0.2117,6.5169,7.8405,-0.3488,-0.4289,-0.3521
2,positive_training,SHAM,phq_8,PHQ8,full,StandardScaler,ET,49,12,5,-0.069,6.1082,7.2621,-0.1216,-0.2259,-0.2676
2,positive_training,SHAM,phq_8,PHQ8,full,StandardScaler,GB,49,12,5,-0.014,6.3862,7.4972,-0.0215,-0.3065,-0.1479
2,positive_training,SHAM,phq_8,PHQ8,full,StandardScaler,XGB,49,12,5,-0.0108,6.2135,7.5118,-0.0144,-0.3116,-0.1408
2,positive_training,SHAM,phq_8,PHQ8,full,StandardScaler,MLP,49,12,5,-0.1743,6.6726,8.1386,-0.206,-0.5396,-0.1901
2,positive_training,SHAM,phq_8,PHQ8,full,StandardScaler,LGBM,49,12,5,-0.1655,7.243,8.2952,-0.2124,-0.5995,0.0072
2,positive_training,SHAM,phq_8,PHQ8,full,StandardScaler,CatBoost,49,12,5,-0.0451,6.2779,7.5223,-0.0649,-0.3153,-0.162
2,positive_training,SHAM,phq_8,PHQ8,full,MinMaxScaler,Ridge,49,12,10,0.0078,6.3005,7.3942,0.0131,-0.2709,0.0845
2,positive_training,SHAM,phq_8,PHQ8,full,MinMaxScaler,Lasso,49,12,10,0.0382,6.7907,7.735,0.0532,-0.3907,0.0282
2,positive_training,SHAM,phq_8,PHQ8,full,MinMaxScaler,ElasticNet,49,12,10,-0.017,6.2121,7.0975,-0.0443,-0.1709,0.007
2,positive_training,SHAM,phq_8,PHQ8,full,MinMaxScaler,SVR,49,12,10,-0.0186,6.5829,7.5405,-0.0375,-0.3217,0.0845
2,positive_training,SHAM,phq_8,PHQ8,full,MinMaxScaler,KNN,49,12,10,0.0185,5.7619,6.9603,0.0323,-0.1261,0.1241
2,positive_training,SHAM,phq_8,PHQ8,full,MinMaxScaler,RF,49,12,10,-0.1384,6.6591,7.8324,-0.202,-0.426,-0.2042
2,positive_training,SHAM,phq_8,PHQ8,full,MinMaxScaler,ET,49,12,10,-0.0459,6.2883,7.418,-0.0708,-0.2791,-0.0423
2,positive_training,SHAM,phq_8,PHQ8,full,MinMaxScaler,GB,49,12,10,0.086,6.5787,7.5033,0.0949,-0.3087,0.0916
2,positive_training,SHAM,phq_8,PHQ8,full,MinMaxScaler,XGB,49,12,10,0.091,6.5631,7.6874,0.0985,-0.3736,0.0563
2,positive_training,SHAM,phq_8,PHQ8,full,MinMaxScaler,MLP,49,12,10,-0.1563,6.6151,7.5451,-0.3349,-0.3233,-0.1901
2,positive_training,SHAM,phq_8,PHQ8,full,MinMaxScaler,LGBM,49,12,10,-0.1819,7.4778,8.6052,-0.2316,-0.7212,-0.1943
2,positive_training,SHAM,phq_8,PHQ8,full,MinMaxScaler,CatBoost,49,12,10,-0.016,6.3105,7.6393,-0.0209,-0.3565,-0.0986
2,positive_training,SHAM,phq_8,PHQ8,full,RobustScaler,Ridge,49,12,5,-0.1491,6.7255,7.5538,-0.339,-0.3263,-0.3028
2,positive_training,SHAM,phq_8,PHQ8,full,RobustScaler,Lasso,49,12,5,-0.1188,6.6857,7.5524,-0.2245,-0.3258,-0.2113
2,positive_training,SHAM,phq_8,PHQ8,full,RobustScaler,ElasticNet,49,12,5,-0.1424,6.579,7.3923,-0.548,-0.2702,-0.4789
2,positive_training,SHAM,phq_8,PHQ8,full,RobustScaler,SVR,49,12,5,-0.0761,6.7143,7.3703,-0.2299,-0.2627,-0.1901
2,positive_training,SHAM,phq_8,PHQ8,full,RobustScaler,KNN,49,12,5,-0.1516,6.369,7.5068,-0.2436,-0.3099,-0.3816
2,positive_training,SHAM,phq_8,PHQ8,full,RobustScaler,RF,49,12,5,-0.2393,6.6013,7.9591,-0.3713,-0.4725,-0.3873
2,positive_training,SHAM,phq_8,PHQ8,full,RobustScaler,ET,49,12,5,-0.0641,6.0874,7.2469,-0.1151,-0.2208,-0.2465
2,positive_training,SHAM,phq_8,PHQ8,full,RobustScaler,GB,49,12,5,0.0436,6.2537,7.3534,0.06,-0.2569,-0.1761
2,positive_training,SHAM,phq_8,PHQ8,full,RobustScaler,XGB,49,12,5,0.0528,6.1069,7.2894,0.0714,-0.2351,-0.0775
2,positive_training,SHAM,phq_8,PHQ8,full,RobustScaler,MLP,49,12,5,-0.0866,6.3462,7.6091,-0.1191,-0.3458,-0.1761
2,positive_training,SHAM,phq_8,PHQ8,full,RobustScaler,LGBM,49,12,5,-0.1942,7.2126,8.2376,-0.2599,-0.5773,-0.363
2,positive_training,SHAM,phq_8,PHQ8,full,RobustScaler,CatBoost,49,12,5,-0.0713,6.3328,7.576,-0.104,-0.3342,-0.1197
3,positive_training,SHAM,phq_8,PHQ8,full,StandardScaler,Ridge,49,12,10,-0.0113,7.3475,7.9887,-0.0202,-0.2966,-0.3678
3,positive_training,SHAM,phq_8,PHQ8,full,StandardScaler,Lasso,49,12,10,0.0099,6.5562,7.3341,0.0252,-0.0928,-0.1891
3,positive_training,SHAM,phq_8,PHQ8,full,StandardScaler,ElasticNet,49,12,10,-0.0308,6.7008,7.5322,-0.0808,-0.1526,-0.2522
3,positive_training,SHAM,phq_8,PHQ8,full,StandardScaler,SVR,49,12,10,-0.1005,7.5962,8.7352,-0.1598,-0.5502,-0.0806
3,positive_training,SHAM,phq_8,PHQ8,full,StandardScaler,KNN,49,12,10,0.0391,6.95,8.6601,0.0593,-0.5236,0.1494
3,positive_training,SHAM,phq_8,PHQ8,full,StandardScaler,RF,49,12,10,-0.0446,6.6025,7.9405,-0.1043,-0.281,-0.0876
3,positive_training,SHAM,phq_8,PHQ8,full,StandardScaler,ET,49,12,10,0.0387,6.8571,7.9466,0.0825,-0.2829,0.0175
3,positive_training,SHAM,phq_8,PHQ8,full,StandardScaler,GB,49,12,10,-0.1045,6.9922,8.78,-0.1408,-0.5661,-0.1331
3,positive_training,SHAM,phq_8,PHQ8,full,StandardScaler,XGB,49,12,10,-0.0303,7.1458,8.5427,-0.0446,-0.4826,-0.0595
3,positive_training,SHAM,phq_8,PHQ8,full,StandardScaler,MLP,49,12,10,-0.0769,8.0204,9.0737,-0.1475,-0.6727,-0.2067
3,positive_training,SHAM,phq_8,PHQ8,full,StandardScaler,LGBM,49,12,10,-0.1258,7.07,8.1118,-0.2786,-0.3368,-0.2412
3,positive_training,SHAM,phq_8,PHQ8,full,StandardScaler,CatBoost,49,12,10,-0.0674,7.2403,8.6358,-0.1198,-0.5151,-0.1506
3,positive_training,SHAM,phq_8,PHQ8,full,MinMaxScaler,Ridge,49,12,20,-0.1067,7.055,7.8059,-0.2217,-0.2379,-0.2977
3,positive_training,SHAM,phq_8,PHQ8,full,MinMaxScaler,Lasso,49,12,20,-0.0451,6.5261,7.5572,-0.1058,-0.1603,-0.2277
3,positive_training,SHAM,phq_8,PHQ8,full,MinMaxScaler,ElasticNet,49,12,20,-0.0703,6.7249,7.4478,-0.2312,-0.1269,-0.4273
3,positive_training,SHAM,phq_8,PHQ8,full,MinMaxScaler,SVR,49,12,20,-0.1007,7.1204,8.0868,-0.2002,-0.3286,-0.2557
3,positive_training,SHAM,phq_8,PHQ8,full,MinMaxScaler,KNN,49,12,20,-0.0037,6.6019,8.2494,-0.0066,-0.3826,-0.0561
3,positive_training,SHAM,phq_8,PHQ8,full,MinMaxScaler,RF,49,12,20,0.0066,6.4606,7.6061,0.0182,-0.1753,-0.0841
3,positive_training,SHAM,phq_8,PHQ8,full,MinMaxScaler,ET,49,12,20,-0.0461,6.7267,7.9965,-0.0882,-0.2991,-0.2032
3,positive_training,SHAM,phq_8,PHQ8,full,MinMaxScaler,GB,49,12,20,-0.0276,6.9222,8.0946,-0.0432,-0.3312,-0.0245
3,positive_training,SHAM,phq_8,PHQ8,full,MinMaxScaler,XGB,49,12,20,-0.0163,7.0366,8.0815,-0.0297,-0.3268,-0.1366
3,positive_training,SHAM,phq_8,PHQ8,full,MinMaxScaler,MLP,49,12,20,-0.1167,7.1795,7.9336,-0.2073,-0.2787,-0.2067
3,positive_training,SHAM,phq_8,PHQ8,full,MinMaxScaler,LGBM,49,12,20,-0.1269,7.0414,8.0337,-0.2413,-0.3112,-0.2277
3,positive_training,SHAM,phq_8,PHQ8,full,MinMaxScaler,CatBoost,49,12,20,0.0371,6.4179,7.6504,0.0741,-0.1891,0.035
3,positive_training,SHAM,phq_8,PHQ8,full,RobustScaler,Ridge,49,12,5,-0.073,6.5745,7.4924,-0.1967,-0.1405,-0.1506
3,positive_training,SHAM,phq_8,PHQ8,full,RobustScaler,Lasso,49,12,5,-0.072,6.5777,7.4776,-0.205,-0.1359,-0.1506
3,positive_training,SHAM,phq_8,PHQ8,full,RobustScaler,ElasticNet,49,12,5,-0.0764,6.613,7.6114,-0.1654,-0.177,-0.0841
3,positive_training,SHAM,phq_8,PHQ8,full,RobustScaler,SVR,49,12,5,-0.137,6.5122,7.6595,-0.3551,-0.1919,-0.3117
3,positive_training,SHAM,phq_8,PHQ8,full,RobustScaler,KNN,49,12,5,-0.1456,7.119,8.5831,-0.2617,-0.4967,-0.1877
3,positive_training,SHAM,phq_8,PHQ8,full,RobustScaler,RF,49,12,5,0.0411,6.2767,7.629,0.0724,-0.1824,0.0876
3,positive_training,SHAM,phq_8,PHQ8,full,RobustScaler,ET,49,12,5,0.028,6.4121,7.6725,0.0534,-0.196,0.0841
3,positive_training,SHAM,phq_8,PHQ8,full,RobustScaler,GB,49,12,5,-0.129,6.9241,8.4489,-0.1734,-0.4502,-0.0771
3,positive_training,SHAM,phq_8,PHQ8,full,RobustScaler,XGB,49,12,5,-0.0124,6.9212,8.1529,-0.0171,-0.3504,0.1646
3,positive_training,SHAM,phq_8,PHQ8,full,RobustScaler,MLP,49,12,5,-0.3731,8.1824,9.3645,-0.5782,-0.7816,-0.5464
3,positive_training,SHAM,phq_8,PHQ8,full,RobustScaler,LGBM,49,12,5,-0.1185,7.2328,8.1252,-0.1894,-0.3412,-0.1129
3,positive_training,SHAM,phq_8,PHQ8,full,RobustScaler,CatBoost,49,12,5,0.0334,6.4695,7.6235,0.0573,-0.1807,0.1086
4,positive_training,SHAM,phq_8,PHQ8,full,StandardScaler,Ridge,49,12,10,-0.3742,5.8383,7.4426,-0.3744,-1.8296,-0.1786
4,positive_training,SHAM,phq_8,PHQ8,full,StandardScaler,Lasso,49,12,10,-0.3659,6.0266,8.1094,-0.3725,-2.3593,-0.2032
4,positive_training,SHAM,phq_8,PHQ8,full,StandardScaler,ElasticNet,49,12,10,-0.3672,5.954,7.8912,-0.3709,-2.1809,-0.1856
4,positive_training,SHAM,phq_8,PHQ8,full,StandardScaler,SVR,49,12,10,-0.0782,4.5011,5.9457,-0.0799,-0.8058,0.007
4,positive_training,SHAM,phq_8,PHQ8,full,StandardScaler,KNN,49,12,10,-0.2172,5.0463,6.2809,-0.2259,-1.0152,-0.1786
4,positive_training,SHAM,phq_8,PHQ8,full,StandardScaler,RF,49,12,10,-0.1736,4.4404,5.6614,-0.1936,-0.6373,-0.0737
4,positive_training,SHAM,phq_8,PHQ8,full,StandardScaler,ET,49,12,10,-0.169,4.6271,5.7338,-0.184,-0.6794,-0.0911
4,positive_training,SHAM,phq_8,PHQ8,full,StandardScaler,GB,49,12,10,-0.0023,4.4885,5.5643,-0.0024,-0.5816,-0.0105
4,positive_training,SHAM,phq_8,PHQ8,full,StandardScaler,XGB,49,12,10,-0.1486,4.7915,6.0421,-0.1583,-0.8648,-0.2067
4,positive_training,SHAM,phq_8,PHQ8,full,StandardScaler,MLP,49,12,10,-0.3799,7.0572,9.3274,-0.4105,-3.4442,-0.3292
4,positive_training,SHAM,phq_8,PHQ8,full,StandardScaler,LGBM,49,12,10,-0.1667,4.1951,5.7325,-0.1821,-0.6786,-0.0841
4,positive_training,SHAM,phq_8,PHQ8,full,StandardScaler,CatBoost,49,12,10,-0.1601,4.761,5.9849,-0.1706,-0.8297,-0.1681
4,positive_training,SHAM,phq_8,PHQ8,full,MinMaxScaler,Ridge,49,12,10,-0.4301,5.7987,7.1013,-0.433,-1.576,-0.1961
4,positive_training,SHAM,phq_8,PHQ8,full,MinMaxScaler,Lasso,49,12,10,-0.3862,5.6785,6.863,-0.3907,-1.406,-0.0876
4,positive_training,SHAM,phq_8,PHQ8,full,MinMaxScaler,ElasticNet,49,12,10,-0.3902,6.0262,7.7439,-0.3921,-2.0633,-0.1086
4,positive_training,SHAM,phq_8,PHQ8,full,MinMaxScaler,SVR,49,12,10,-0.3689,6.6222,8.8164,-0.3885,-2.9705,-0.2417
4,positive_training,SHAM,phq_8,PHQ8,full,MinMaxScaler,KNN,49,12,10,-0.288,5.5238,6.6096,-0.2916,-1.2316,-0.2039
4,positive_training,SHAM,phq_8,PHQ8,full,MinMaxScaler,RF,49,12,10,-0.2844,4.8817,5.8814,-0.3417,-0.767,-0.3152
4,positive_training,SHAM,phq_8,PHQ8,full,MinMaxScaler,ET,49,12,10,-0.3186,4.9846,6.0674,-0.3644,-0.8805,-0.3187
4,positive_training,SHAM,phq_8,PHQ8,full,MinMaxScaler,GB,49,12,10,0.0963,4.4052,5.2793,0.1103,-0.4237,0.0911
4,positive_training,SHAM,phq_8,PHQ8,full,MinMaxScaler,XGB,49,12,10,0.1355,4.3974,5.2351,0.1488,-0.3999,0.1471
4,positive_training,SHAM,phq_8,PHQ8,full,MinMaxScaler,MLP,49,12,10,-0.3125,6.4609,9.0505,-0.3371,-3.1842,-0.2102
4,positive_training,SHAM,phq_8,PHQ8,full,MinMaxScaler,LGBM,49,12,10,-0.2814,4.8074,5.8722,-0.3227,-0.7614,-0.2627
4,positive_training,SHAM,phq_8,PHQ8,full,MinMaxScaler,CatBoost,49,12,10,-0.1253,4.7193,5.6241,-0.1561,-0.6157,-0.2417
4,positive_training,SHAM,phq_8,PHQ8,full,RobustScaler,Ridge,49,12,10,-0.3798,5.8333,7.3412,-0.3798,-1.7529,-0.1261
4,positive_training,SHAM,phq_8,PHQ8,full,RobustScaler,Lasso,49,12,10,-0.3833,5.8543,7.2693,-0.3835,-1.6993,-0.0666
4,positive_training,SHAM,phq_8,PHQ8,full,RobustScaler,ElasticNet,49,12,10,-0.4136,5.8426,7.1402,-0.4152,-1.6043,-0.0736
4,positive_training,SHAM,phq_8,PHQ8,full,RobustScaler,SVR,49,12,10,-0.2093,4.9554,6.3864,-0.2121,-1.0834,-0.1191
4,positive_training,SHAM,phq_8,PHQ8,full,RobustScaler,KNN,49,12,10,-0.3044,5.1204,6.2162,-0.323,-0.9739,-0.2123
4,positive_training,SHAM,phq_8,PHQ8,full,RobustScaler,RF,49,12,10,-0.3857,5.021,6.0807,-0.4381,-0.8887,-0.3643
4,positive_training,SHAM,phq_8,PHQ8,full,RobustScaler,ET,49,12,10,-0.3059,5.0358,5.9036,-0.3485,-0.7803,-0.3363
4,positive_training,SHAM,phq_8,PHQ8,full,RobustScaler,GB,49,12,10,-0.315,5.5707,6.9474,-0.3158,-1.4656,-0.2452
4,positive_training,SHAM,phq_8,PHQ8,full,RobustScaler,XGB,49,12,10,-0.1158,5.0097,5.7194,-0.1254,-0.6709,-0.0736
4,positive_training,SHAM,phq_8,PHQ8,full,RobustScaler,MLP,49,12,10,-0.3429,6.8854,8.9517,-0.3675,-3.0934,-0.1401
4,positive_training,SHAM,phq_8,PHQ8,full,RobustScaler,LGBM,49,12,10,-0.2463,4.5815,5.63,-0.3182,-0.6192,-0.3761
4,positive_training,SHAM,phq_8,PHQ8,full,RobustScaler,CatBoost,49,12,10,-0.2661,4.9035,6.0651,-0.2837,-0.8791,-0.2767
5,positive_training,SHAM,phq_8,PHQ8,full,StandardScaler,Ridge,49,12,5,0.2094,3.9604,4.927,0.2833,0.047,0.3351
5,positive_training,SHAM,phq_8,PHQ8,full,StandardScaler,Lasso,49,12,5,0.2427,3.892,4.8539,0.3221,0.0751,0.3351
5,positive_training,SHAM,phq_8,PHQ8,full,StandardScaler,ElasticNet,49,12,5,0.1972,3.9778,4.9532,0.269,0.0368,0.3351
5,positive_training,SHAM,phq_8,PHQ8,full,StandardScaler,SVR,49,12,5,-0.0358,4.1858,5.3454,-0.0687,-0.1218,-0.0494
5,positive_training,SHAM,phq_8,PHQ8,full,StandardScaler,KNN,49,12,5,-0.0614,4.8241,5.9498,-0.0735,-0.3898,-0.0761
5,positive_training,SHAM,phq_8,PHQ8,full,StandardScaler,RF,49,12,5,-0.0747,4.7339,6.0726,-0.0854,-0.4477,-0.1587
5,positive_training,SHAM,phq_8,PHQ8,full,StandardScaler,ET,49,12,5,0.0355,4.7262,6.1466,0.0374,-0.4832,-0.0317
5,positive_training,SHAM,phq_8,PHQ8,full,StandardScaler,GB,49,12,5,-0.013,4.7482,6.5413,-0.0133,-0.6798,-0.1129
5,positive_training,SHAM,phq_8,PHQ8,full,StandardScaler,XGB,49,12,5,0.0498,4.4883,6.3873,0.0507,-0.6017,-0.0282
5,positive_training,SHAM,phq_8,PHQ8,full,StandardScaler,MLP,49,12,5,0.0777,4.4251,5.4469,0.0963,-0.1648,-0.0423
5,positive_training,SHAM,phq_8,PHQ8,full,StandardScaler,LGBM,49,12,5,-0.1361,5.1872,6.2257,-0.157,-0.5216,-0.1946
5,positive_training,SHAM,phq_8,PHQ8,full,StandardScaler,CatBoost,49,12,5,-0.0414,4.6766,6.1418,-0.0456,-0.4809,-0.1517
5,positive_training,SHAM,phq_8,PHQ8,full,MinMaxScaler,Ridge,49,12,5,-0.255,5.4385,7.7518,-0.2667,-1.3591,-0.0141
5,positive_training,SHAM,phq_8,PHQ8,full,MinMaxScaler,Lasso,49,12,5,-0.207,5.1521,7.1129,-0.219,-0.9862,-0.0952
5,positive_training,SHAM,phq_8,PHQ8,full,MinMaxScaler,ElasticNet,49,12,5,-0.2482,5.1536,7.0412,-0.2748,-0.9464,-0.0141
5,positive_training,SHAM,phq_8,PHQ8,full,MinMaxScaler,SVR,49,12,5,-0.2338,5.2109,6.7929,-0.2508,-0.8115,-0.1834
5,positive_training,SHAM,phq_8,PHQ8,full,MinMaxScaler,KNN,49,12,5,-0.2447,5.3095,6.2477,-0.3439,-0.5324,-0.2968
5,positive_training,SHAM,phq_8,PHQ8,full,MinMaxScaler,RF,49,12,5,-0.1104,4.7897,5.7574,-0.1565,-0.3013,-0.1623
5,positive_training,SHAM,phq_8,PHQ8,full,MinMaxScaler,ET,49,12,5,-0.2101,5.559,6.3345,-0.2489,-0.5753,-0.2751
5,positive_training,SHAM,phq_8,PHQ8,full,MinMaxScaler,GB,49,12,5,-0.1237,6.5201,8.0411,-0.1245,-1.5384,-0.1482
5,positive_training,SHAM,phq_8,PHQ8,full,MinMaxScaler,XGB,49,12,5,-0.1241,5.7638,7.3803,-0.1246,-1.1384,-0.0388
5,positive_training,SHAM,phq_8,PHQ8,full,MinMaxScaler,MLP,49,12,5,-0.1845,8.0959,16.865,-0.3109,-10.1662,0.261
5,positive_training,SHAM,phq_8,PHQ8,full,MinMaxScaler,LGBM,49,12,5,-0.0786,4.6977,5.7436,-0.1058,-0.2951,-0.0336
5,positive_training,SHAM,phq_8,PHQ8,full,MinMaxScaler,CatBoost,49,12,5,-0.1878,5.2967,6.4505,-0.213,-0.6335,-0.1482
5,positive_training,SHAM,phq_8,PHQ8,full,RobustScaler,Ridge,49,12,10,0.0908,4.0987,5.1428,0.1378,-0.0383,0.0952
5,positive_training,SHAM,phq_8,PHQ8,full,RobustScaler,Lasso,49,12,10,0.1069,4.1282,5.2049,0.1458,-0.0635,0.1411
5,positive_training,SHAM,phq_8,PHQ8,full,RobustScaler,ElasticNet,49,12,10,0.1178,4.0763,5.1374,0.1658,-0.0362,0.1411
5,positive_training,SHAM,phq_8,PHQ8,full,RobustScaler,SVR,49,12,10,-0.0163,4.7916,6.0987,-0.0179,-0.4602,-0.1094
5,positive_training,SHAM,phq_8,PHQ8,full,RobustScaler,KNN,49,12,10,-0.2034,6.1389,7.5012,-0.2089,-1.209,-0.2827
5,positive_training,SHAM,phq_8,PHQ8,full,RobustScaler,RF,49,12,10,-0.1146,5.0479,6.3571,-0.1256,-0.5866,-0.1552
5,positive_training,SHAM,phq_8,PHQ8,full,RobustScaler,ET,49,12,10,-0.0646,5.6438,6.5983,-0.0675,-0.7092,-0.1623
5,positive_training,SHAM,phq_8,PHQ8,full,RobustScaler,GB,49,12,10,-0.0988,5.6422,7.1541,-0.0994,-1.0093,-0.2152
5,positive_training,SHAM,phq_8,PHQ8,full,RobustScaler,XGB,49,12,10,-0.0618,5.3865,7.0291,-0.0624,-0.9397,-0.2469
5,positive_training,SHAM,phq_8,PHQ8,full,RobustScaler,MLP,49,12,10,0.0334,4.7678,5.7233,0.0389,-0.286,-0.1058
5,positive_training,SHAM,phq_8,PHQ8,full,RobustScaler,LGBM,49,12,10,-0.2116,5.1999,6.2873,-0.2584,-0.5519,-0.1946
5,positive_training,SHAM,phq_8,PHQ8,full,RobustScaler,CatBoost,49,12,10,-0.162,5.5832,6.932,-0.1685,-0.8864,-0.3351
1,positive_training,SHAM,ads.1,CES-D,full,StandardScaler,Ridge,48,13,5,0.1472,12.3053,14.7329,0.1785,-0.8662,0.2149
1,positive_training,SHAM,ads.1,CES-D,full,StandardScaler,Lasso,48,13,5,0.1472,12.2975,14.7222,0.1785,-0.8635,0.2149
1,positive_training,SHAM,ads.1,CES-D,full,StandardScaler,ElasticNet,48,13,5,0.1479,12.2686,14.6799,0.1795,-0.8528,0.2424
1,positive_training,SHAM,ads.1,CES-D,full,StandardScaler,SVR,48,13,5,0.379,9.7064,11.16,0.481,-0.0708,0.3554
1,positive_training,SHAM,ads.1,CES-D,full,StandardScaler,KNN,48,13,5,0.1322,11.5563,13.1563,0.2077,-0.4882,0.4105
1,positive_training,SHAM,ads.1,CES-D,full,StandardScaler,RF,48,13,5,0.3069,10.1924,11.768,0.3841,-0.1907,0.551
1,positive_training,SHAM,ads.1,CES-D,full,StandardScaler,ET,48,13,5,0.2569,11.0337,12.3677,0.314,-0.3151,0.4573
1,positive_training,SHAM,ads.1,CES-D,full,StandardScaler,GB,48,13,5,0.2284,10.9153,13.0759,0.256,-0.4701,0.3884
1,positive_training,SHAM,ads.1,CES-D,full,StandardScaler,XGB,48,13,5,0.0974,12.4402,14.3751,0.1166,-0.7767,0.3278
1,positive_training,SHAM,ads.1,CES-D,full,StandardScaler,MLP,48,13,5,0.1833,11.6898,14.6576,0.2057,-0.8472,0.3168
1,positive_training,SHAM,ads.1,CES-D,full,StandardScaler,LGBM,48,13,5,0.1327,11.3396,12.953,0.1999,-0.4426,0.313
1,positive_training,SHAM,ads.1,CES-D,full,StandardScaler,CatBoost,48,13,5,0.3169,10.0879,11.969,0.3746,-0.2317,0.4187
1,positive_training,SHAM,ads.1,CES-D,full,MinMaxScaler,Ridge,48,13,15,0.1832,11.0236,13.4701,0.2312,-0.56,0.3141
1,positive_training,SHAM,ads.1,CES-D,full,MinMaxScaler,Lasso,48,13,15,0.1488,11.2497,13.9065,0.182,-0.6628,0.2507
1,positive_training,SHAM,ads.1,CES-D,full,MinMaxScaler,ElasticNet,48,13,15,0.1769,10.803,13.2617,0.2269,-0.5121,0.3058
1,positive_training,SHAM,ads.1,CES-D,full,MinMaxScaler,SVR,48,13,15,0.1807,10.626,13.1784,0.2322,-0.4932,0.3085
1,positive_training,SHAM,ads.1,CES-D,full,MinMaxScaler,KNN,48,13,15,0.1486,11.4315,12.8349,0.2353,-0.4164,0.3774
1,positive_training,SHAM,ads.1,CES-D,full,MinMaxScaler,RF,48,13,15,0.1361,10.205,12.5422,0.2079,-0.3525,0.292
1,positive_training,SHAM,ads.1,CES-D,full,MinMaxScaler,ET,48,13,15,0.2424,10.0888,11.8576,0.3673,-0.2089,0.3554
1,positive_training,SHAM,ads.1,CES-D,full,MinMaxScaler,GB,48,13,15,-0.0565,13.3784,16.344,-0.0578,-1.2967,-0.0799
1,positive_training,SHAM,ads.1,CES-D,full,MinMaxScaler,XGB,48,13,15,0.125,10.2686,13.0471,0.1459,-0.4636,0.2094
1,positive_training,SHAM,ads.1,CES-D,full,MinMaxScaler,MLP,48,13,15,0.1657,11.4409,14.1547,0.2091,-0.7226,0.2452
1,positive_training,SHAM,ads.1,CES-D,full,MinMaxScaler,LGBM,48,13,15,0.0451,11.341,13.3581,0.0785,-0.5342,0.0964
1,positive_training,SHAM,ads.1,CES-D,full,MinMaxScaler,CatBoost,48,13,15,0.0786,11.4122,13.5722,0.1123,-0.5838,0.2755
1,positive_training,SHAM,ads.1,CES-D,full,RobustScaler,Ridge,48,13,5,0.1421,12.5426,15.2941,0.1708,-1.0111,0.2314
1,positive_training,SHAM,ads.1,CES-D,full,RobustScaler,Lasso,48,13,5,0.1425,12.5445,15.2941,0.1713,-1.0111,0.2314
1,positive_training,SHAM,ads.1,CES-D,full,RobustScaler,ElasticNet,48,13,5,0.1386,12.4969,15.2471,0.1664,-0.9988,0.2314
1,positive_training,SHAM,ads.1,CES-D,full,RobustScaler,SVR,48,13,5,0.3042,10.714,13.0576,0.3479,-0.466,0.4077
1,positive_training,SHAM,ads.1,CES-D,full,RobustScaler,KNN,48,13,5,0.2013,11.1162,13.0121,0.247,-0.4558,0.3196
1,positive_training,SHAM,ads.1,CES-D,full,RobustScaler,RF,48,13,5,0.2626,10.639,12.1434,0.3437,-0.2679,0.3995
1,positive_training,SHAM,ads.1,CES-D,full,RobustScaler,ET,48,13,5,0.238,11.3711,12.9723,0.3013,-0.4469,0.3499
1,positive_training,SHAM,ads.1,CES-D,full,RobustScaler,GB,48,13,5,0.2736,10.5074,12.519,0.3238,-0.3475,0.3884
1,positive_training,SHAM,ads.1,CES-D,full,RobustScaler,XGB,48,13,5,0.222,11.1805,13.047,0.3063,-0.4636,0.3636
1,positive_training,SHAM,ads.1,CES-D,full,RobustScaler,MLP,48,13,5,0.2097,11.9247,14.8957,0.2362,-0.9077,0.4298
1,positive_training,SHAM,ads.1,CES-D,full,RobustScaler,LGBM,48,13,5,0.1581,10.8845,12.3581,0.2337,-0.3131,0.3591
1,positive_training,SHAM,ads.1,CES-D,full,RobustScaler,CatBoost,48,13,5,0.2949,10.8103,12.5154,0.3579,-0.3467,0.416
2,positive_training,SHAM,ads.1,CES-D,full,StandardScaler,Ridge,49,12,10,-0.5362,18.3463,26.2732,-0.5651,-3.3377,-0.7395
2,positive_training,SHAM,ads.1,CES-D,full,StandardScaler,Lasso,49,12,10,-0.5777,16.9756,23.4726,-0.5826,-2.4622,-0.7606
2,positive_training,SHAM,ads.1,CES-D,full,StandardScaler,ElasticNet,49,12,10,-0.5273,19.4354,28.0233,-0.5768,-3.9349,-0.7747
2,positive_training,SHAM,ads.1,CES-D,full,StandardScaler,SVR,49,12,10,-0.2781,13.9421,16.8287,-0.458,-0.7797,-0.3169
2,positive_training,SHAM,ads.1,CES-D,full,StandardScaler,KNN,49,12,10,-0.4336,13.6095,16.8506,-0.6352,-0.7843,-0.6173
2,positive_training,SHAM,ads.1,CES-D,full,StandardScaler,RF,49,12,10,-0.1518,11.9728,14.9276,-0.3325,-0.4003,-0.2465
2,positive_training,SHAM,ads.1,CES-D,full,StandardScaler,ET,49,12,10,-0.2126,12.2872,15.4928,-0.4597,-0.5083,-0.3169
2,positive_training,SHAM,ads.1,CES-D,full,StandardScaler,GB,49,12,10,-0.2461,14.6448,16.9463,-0.327,-0.8046,-0.2887
2,positive_training,SHAM,ads.1,CES-D,full,StandardScaler,XGB,49,12,10,-0.4043,14.7451,17.6518,-0.5082,-0.958,-0.4718
2,positive_training,SHAM,ads.1,CES-D,full,StandardScaler,MLP,49,12,10,-0.178,12.806,16.1913,-0.2085,-0.6474,-0.5916
2,positive_training,SHAM,ads.1,CES-D,full,StandardScaler,LGBM,49,12,10,-0.1116,12.697,14.9505,-0.1869,-0.4046,-0.169
2,positive_training,SHAM,ads.1,CES-D,full,StandardScaler,CatBoost,49,12,10,-0.2914,13.4065,16.4509,-0.5007,-0.7007,-0.4507
2,positive_training,SHAM,ads.1,CES-D,full,MinMaxScaler,Ridge,49,12,10,-0.5673,16.9134,23.4949,-0.5713,-2.4688,-0.7395
2,positive_training,SHAM,ads.1,CES-D,full,MinMaxScaler,Lasso,49,12,10,-0.5757,18.7215,26.0116,-0.6017,-3.2518,-0.7747
2,positive_training,SHAM,ads.1,CES-D,full,MinMaxScaler,ElasticNet,49,12,10,-0.5589,18.5406,26.0595,-0.5847,-3.2675,-0.7395
2,positive_training,SHAM,ads.1,CES-D,full,MinMaxScaler,SVR,49,12,10,-0.364,12.7997,15.8642,-0.6589,-0.5815,-0.6479
2,positive_training,SHAM,ads.1,CES-D,full,MinMaxScaler,KNN,49,12,10,-0.5632,13.9878,18.1639,-0.7417,-1.0733,-0.7668
2,positive_training,SHAM,ads.1,CES-D,full,MinMaxScaler,RF,49,12,10,-0.2643,12.5113,15.5658,-0.5552,-0.5226,-0.5845
2,positive_training,SHAM,ads.1,CES-D,full,MinMaxScaler,ET,49,12,10,-0.3669,12.4958,16.3345,-0.7354,-0.6767,-0.6479
2,positive_training,SHAM,ads.1,CES-D,full,MinMaxScaler,GB,49,12,10,-0.1432,17.0761,19.3889,-0.1725,-1.3623,-0.1056
2,positive_training,SHAM,ads.1,CES-D,full,MinMaxScaler,XGB,49,12,10,-0.4416,15.4923,17.5915,-0.5518,-0.9446,-0.6268
2,positive_training,SHAM,ads.1,CES-D,full,MinMaxScaler,MLP,49,12,10,-0.7032,16.7414,20.8864,-0.7314,-1.7413,-0.7747
2,positive_training,SHAM,ads.1,CES-D,full,MinMaxScaler,LGBM,49,12,10,-0.1767,12.6709,14.9993,-0.3135,-0.4138,-0.3662
2,positive_training,SHAM,ads.1,CES-D,full,MinMaxScaler,CatBoost,49,12,10,-0.3818,14.1277,16.7047,-0.6165,-0.7535,-0.4507
2,positive_training,SHAM,ads.1,CES-D,full,RobustScaler,Ridge,49,12,10,-0.5123,18.1782,26.397,-0.5447,-3.3787,-0.7395
2,positive_training,SHAM,ads.1,CES-D,full,RobustScaler,Lasso,49,12,10,-0.5241,20.0936,29.0472,-0.5872,-4.3021,-0.7888
2,positive_training,SHAM,ads.1,CES-D,full,RobustScaler,ElasticNet,49,12,10,-0.5175,19.3093,28.0217,-0.5681,-3.9343,-0.7747
2,positive_training,SHAM,ads.1,CES-D,full,RobustScaler,SVR,49,12,10,-0.2673,13.4623,16.2367,-0.4534,-0.6567,-0.4648
2,positive_training,SHAM,ads.1,CES-D,full,RobustScaler,KNN,49,12,10,-0.3524,14.7507,16.8622,-0.4941,-0.7867,-0.3451
2,positive_training,SHAM,ads.1,CES-D,full,RobustScaler,RF,49,12,10,-0.1518,11.9728,14.9276,-0.3325,-0.4003,-0.2465
2,positive_training,SHAM,ads.1,CES-D,full,RobustScaler,ET,49,12,10,-0.2126,12.2872,15.4928,-0.4597,-0.5083,-0.3169
2,positive_training,SHAM,ads.1,CES-D,full,RobustScaler,GB,49,12,10,-0.2461,14.6448,16.9463,-0.327,-0.8046,-0.2887
2,positive_training,SHAM,ads.1,CES-D,full,RobustScaler,XGB,49,12,10,-0.4043,14.7451,17.6518,-0.5082,-0.958,-0.4718
2,positive_training,SHAM,ads.1,CES-D,full,RobustScaler,MLP,49,12,10,-0.1533,13.6831,17.4183,-0.1615,-0.9065,-0.4437
2,positive_training,SHAM,ads.1,CES-D,full,RobustScaler,LGBM,49,12,10,-0.117,12.5163,14.7209,-0.198,-0.3618,-0.1197
2,positive_training,SHAM,ads.1,CES-D,full,RobustScaler,CatBoost,49,12,10,-0.2914,13.4065,16.4509,-0.5007,-0.7007,-0.4507
3,positive_training,SHAM,ads.1,CES-D,full,StandardScaler,Ridge,49,12,10,0.1376,12.1103,13.6356,0.2814,-0.008,0.331
3,positive_training,SHAM,ads.1,CES-D,full,StandardScaler,Lasso,49,12,10,0.1771,11.6232,13.9561,0.2813,-0.056,0.2887
3,positive_training,SHAM,ads.1,CES-D,full,StandardScaler,ElasticNet,49,12,10,0.1746,11.7675,13.6705,0.2879,-0.0132,0.331
3,positive_training,SHAM,ads.1,CES-D,full,StandardScaler,SVR,49,12,10,0.1946,11.9244,14.2012,0.2752,-0.0934,0.3592
3,positive_training,SHAM,ads.1,CES-D,full,StandardScaler,KNN,49,12,10,0.1932,11.8963,14.1351,0.2902,-0.0832,0.3592
3,positive_training,SHAM,ads.1,CES-D,full,StandardScaler,RF,49,12,10,0.1775,12.082,14.453,0.3341,-0.1325,0.3028
3,positive_training,SHAM,ads.1,CES-D,full,StandardScaler,ET,49,12,10,0.1282,12.288,15.0222,0.2166,-0.2235,0.1268
3,positive_training,SHAM,ads.1,CES-D,full,StandardScaler,GB,49,12,10,0.2678,11.3578,14.3936,0.4126,-0.1232,0.4859
3,positive_training,SHAM,ads.1,CES-D,full,StandardScaler,XGB,49,12,10,0.3058,10.97,13.8843,0.4506,-0.0451,0.4437
3,positive_training,SHAM,ads.1,CES-D,full,StandardScaler,MLP,49,12,10,0.0944,12.7674,14.6355,0.1795,-0.1613,0.1197
3,positive_training,SHAM,ads.1,CES-D,full,StandardScaler,LGBM,49,12,10,0.2172,11.699,14.0004,0.389,-0.0627,0.4134
3,positive_training,SHAM,ads.1,CES-D,full,StandardScaler,CatBoost,49,12,10,0.1751,12.089,14.4931,0.3374,-0.1388,0.4014
3,positive_training,SHAM,ads.1,CES-D,full,MinMaxScaler,Ridge,49,12,5,0.1895,11.5273,13.9538,0.2997,-0.0556,0.2887
3,positive_training,SHAM,ads.1,CES-D,full,MinMaxScaler,Lasso,49,12,5,0.0862,12.4123,13.6077,0.4372,-0.0039,0.3944
3,positive_training,SHAM,ads.1,CES-D,full,MinMaxScaler,ElasticNet,49,12,5,0.162,11.7566,13.7125,0.3165,-0.0194,0.2887
3,positive_training,SHAM,ads.1,CES-D,full,MinMaxScaler,SVR,49,12,5,0.1521,12.2375,14.5225,0.2175,-0.1434,0.2183
3,positive_training,SHAM,ads.1,CES-D,full,MinMaxScaler,KNN,49,12,5,0.1944,11.4112,14.1264,0.3047,-0.0819,0.2324
3,positive_training,SHAM,ads.1,CES-D,full,MinMaxScaler,RF,49,12,5,0.1886,11.8362,14.1499,0.3352,-0.0855,0.3944
3,positive_training,SHAM,ads.1,CES-D,full,MinMaxScaler,ET,49,12,5,0.1302,12.2884,14.8285,0.2161,-0.1921,0.1056
3,positive_training,SHAM,ads.1,CES-D,full,MinMaxScaler,GB,49,12,5,0.0684,12.7837,15.9875,0.1087,-0.3857,0.0845
3,positive_training,SHAM,ads.1,CES-D,full,MinMaxScaler,XGB,49,12,5,0.0622,13.0509,16.2322,0.088,-0.4285,-0.0493
3,positive_training,SHAM,ads.1,CES-D,full,MinMaxScaler,MLP,49,12,5,0.222,11.5022,14.2729,0.2876,-0.1044,0.324
3,positive_training,SHAM,ads.1,CES-D,full,MinMaxScaler,LGBM,49,12,5,0.0661,13.3188,15.4898,0.1092,-0.3008,0.1103
3,positive_training,SHAM,ads.1,CES-D,full,MinMaxScaler,CatBoost,49,12,5,0.1265,12.5996,15.0357,0.2073,-0.2256,0.1268
3,positive_training,SHAM,ads.1,CES-D,full,RobustScaler,Ridge,49,12,5,0.0858,12.4413,13.683,0.3703,-0.015,0.4085
3,positive_training,SHAM,ads.1,CES-D,full,RobustScaler,Lasso,49,12,5,0.2059,11.4022,13.2808,0.3957,0.0438,0.3451
3,positive_training,SHAM,ads.1,CES-D,full,RobustScaler,ElasticNet,49,12,5,0.1786,11.6577,13.3407,0.3926,0.0351,0.3732
3,positive_training,SHAM,ads.1,CES-D,full,RobustScaler,SVR,49,12,5,0.2292,11.6541,13.9209,0.4161,-0.0506,0.3944
3,positive_training,SHAM,ads.1,CES-D,full,RobustScaler,KNN,49,12,5,0.1606,11.918,14.5413,0.3688,-0.1464,0.5282
3,positive_training,SHAM,ads.1,CES-D,full,RobustScaler,RF,49,12,5,0.2231,11.7056,13.8459,0.5038,-0.0393,0.5071
3,positive_training,SHAM,ads.1,CES-D,full,RobustScaler,ET,49,12,5,0.1891,12.176,14.699,0.3283,-0.1714,0.2465
3,positive_training,SHAM,ads.1,CES-D,full,RobustScaler,GB,49,12,5,0.1524,12.3059,15.7489,0.2956,-0.3447,0.2324
3,positive_training,SHAM,ads.1,CES-D,full,RobustScaler,XGB,49,12,5,0.1465,12.3798,15.6522,0.2564,-0.3282,0.0986
3,positive_training,SHAM,ads.1,CES-D,full,RobustScaler,MLP,49,12,5,0.1651,11.765,14.7574,0.4831,-0.1807,0.4225
3,positive_training,SHAM,ads.1,CES-D,full,RobustScaler,LGBM,49,12,5,0.2338,11.955,13.9045,0.4919,-0.0482,0.4591
3,positive_training,SHAM,ads.1,CES-D,full,RobustScaler,CatBoost,49,12,5,0.268,11.3063,13.8342,0.5905,-0.0376,0.4155
4,positive_training,SHAM,ads.1,CES-D,full,StandardScaler,Ridge,49,12,5,0.1687,11.315,13.7067,0.2168,-0.175,0.3398
4,positive_training,SHAM,ads.1,CES-D,full,StandardScaler,Lasso,49,12,5,0.1688,11.2863,13.6799,0.2176,-0.1704,0.3398
4,positive_training,SHAM,ads.1,CES-D,full,StandardScaler,ElasticNet,49,12,5,0.1689,11.2691,13.664,0.218,-0.1677,0.3398
4,positive_training,SHAM,ads.1,CES-D,full,StandardScaler,SVR,49,12,5,0.211,9.6696,12.4302,0.2798,0.0337,0.1786
4,positive_training,SHAM,ads.1,CES-D,full,StandardScaler,KNN,49,12,5,0.2508,9.3294,11.8025,0.389,0.1288,0.5289
4,positive_training,SHAM,ads.1,CES-D,full,StandardScaler,RF,49,12,5,0.222,10.0529,12.4152,0.292,0.036,0.1681
4,positive_training,SHAM,ads.1,CES-D,full,StandardScaler,ET,49,12,5,0.1214,10.1291,13.1358,0.1673,-0.0792,0.2837
4,positive_training,SHAM,ads.1,CES-D,full,StandardScaler,GB,49,12,5,0.2043,10.2864,13.2356,0.2442,-0.0956,0.2837
4,positive_training,SHAM,ads.1,CES-D,full,StandardScaler,XGB,49,12,5,0.1332,10.3317,13.6978,0.1541,-0.1735,0.035
4,positive_training,SHAM,ads.1,CES-D,full,StandardScaler,MLP,49,12,5,0.2495,10.4805,13.4134,0.2789,-0.1253,0.4518
4,positive_training,SHAM,ads.1,CES-D,full,StandardScaler,LGBM,49,12,5,0.3107,9.2581,11.709,0.405,0.1425,0.4779
4,positive_training,SHAM,ads.1,CES-D,full,StandardScaler,CatBoost,49,12,5,0.1804,9.8908,12.6769,0.2373,-0.0051,0.3222
4,positive_training,SHAM,ads.1,CES-D,full,MinMaxScaler,Ridge,49,12,10,0.2553,9.8427,11.7663,0.4319,0.1341,0.4518
4,positive_training,SHAM,ads.1,CES-D,full,MinMaxScaler,Lasso,49,12,10,0.1049,10.1197,12.2902,0.3354,0.0553,0.3187
4,positive_training,SHAM,ads.1,CES-D,full,MinMaxScaler,ElasticNet,49,12,10,0.2145,9.8352,11.7929,0.4507,0.1302,0.5149
4,positive_training,SHAM,ads.1,CES-D,full,MinMaxScaler,SVR,49,12,10,0.2133,9.452,11.7018,0.4546,0.1436,0.5849
4,positive_training,SHAM,ads.1,CES-D,full,MinMaxScaler,KNN,49,12,10,0.3142,9.1929,11.3258,0.4526,0.1977,0.5429
4,positive_training,SHAM,ads.1,CES-D,full,MinMaxScaler,RF,49,12,10,0.082,10.3822,13.2269,0.1298,-0.0942,-0.056
4,positive_training,SHAM,ads.1,CES-D,full,MinMaxScaler,ET,49,12,10,0.2046,9.7259,12.1282,0.3304,0.08,0.3398
4,positive_training,SHAM,ads.1,CES-D,full,MinMaxScaler,GB,49,12,10,0.196,10.1706,12.9162,0.2896,-0.0434,0.1541
4,positive_training,SHAM,ads.1,CES-D,full,MinMaxScaler,XGB,49,12,10,0.0679,10.7238,14.0714,0.099,-0.2384,0.0
4,positive_training,SHAM,ads.1,CES-D,full,MinMaxScaler,MLP,49,12,10,0.2605,9.7677,11.9611,0.3814,0.1052,0.4098
4,positive_training,SHAM,ads.1,CES-D,full,MinMaxScaler,LGBM,49,12,10,0.0691,11.1692,13.1552,0.1419,-0.0823,-0.0561
4,positive_training,SHAM,ads.1,CES-D,full,MinMaxScaler,CatBoost,49,12,10,0.0076,11.1064,13.8324,0.0121,-0.1967,-0.1751
4,positive_training,SHAM,ads.1,CES-D,full,RobustScaler,Ridge,49,12,5,0.2408,9.0519,11.7772,0.3797,0.1325,0.5219
4,positive_training,SHAM,ads.1,CES-D,full,RobustScaler,Lasso,49,12,5,0.2402,9.2028,11.8511,0.3685,0.1216,0.4168
4,positive_training,SHAM,ads.1,CES-D,full,RobustScaler,ElasticNet,49,12,5,0.2185,8.8354,11.7292,0.3919,0.1396,0.5569
4,positive_training,SHAM,ads.1,CES-D,full,RobustScaler,SVR,49,12,5,0.2291,8.0471,11.5459,0.4526,0.1663,0.627
4,positive_training,SHAM,ads.1,CES-D,full,RobustScaler,KNN,49,12,5,0.1735,9.1208,12.5018,0.2558,0.0225,0.393
4,positive_training,SHAM,ads.1,CES-D,full,RobustScaler,RF,49,12,5,0.3079,7.2988,11.0206,0.5449,0.2404,0.676
4,positive_training,SHAM,ads.1,CES-D,full,RobustScaler,ET,49,12,5,0.226,8.5003,11.5113,0.4556,0.1712,0.704
4,positive_training,SHAM,ads.1,CES-D,full,RobustScaler,GB,49,12,5,0.3705,7.7636,11.482,0.437,0.1755,0.4035
4,positive_training,SHAM,ads.1,CES-D,full,RobustScaler,XGB,49,12,5,0.2536,8.834,12.0176,0.3381,0.0967,0.2697
4,positive_training,SHAM,ads.1,CES-D,full,RobustScaler,MLP,49,12,5,0.2057,8.7162,12.1474,0.3029,0.0771,0.5569
4,positive_training,SHAM,ads.1,CES-D,full,RobustScaler,LGBM,49,12,5,0.2897,8.7477,11.615,0.4206,0.1563,0.4877
4,positive_training,SHAM,ads.1,CES-D,full,RobustScaler,CatBoost,49,12,5,0.2096,8.4842,11.9017,0.3379,0.1141,0.4729
5,positive_training,SHAM,ads.1,CES-D,full,StandardScaler,Ridge,49,12,10,0.3159,10.2504,12.5722,0.421,-1.0244,0.5202
5,positive_training,SHAM,ads.1,CES-D,full,StandardScaler,Lasso,49,12,10,0.3028,11.0516,13.4103,0.4092,-1.3033,0.5202
5,positive_training,SHAM,ads.1,CES-D,full,StandardScaler,ElasticNet,49,12,10,0.3147,10.7265,13.0386,0.4219,-1.1774,0.5202
5,positive_training,SHAM,ads.1,CES-D,full,StandardScaler,SVR,49,12,10,0.2412,9.5881,11.9507,0.2995,-0.8292,0.471
5,positive_training,SHAM,ads.1,CES-D,full,StandardScaler,KNN,49,12,10,0.353,8.1134,10.2796,0.4311,-0.3534,0.6784
5,positive_training,SHAM,ads.1,CES-D,full,StandardScaler,RF,49,12,10,0.1985,8.3261,10.478,0.2637,-0.4062,0.4464
5,positive_training,SHAM,ads.1,CES-D,full,StandardScaler,ET,49,12,10,0.2219,8.3579,10.9956,0.3147,-0.5485,0.4007
5,positive_training,SHAM,ads.1,CES-D,full,StandardScaler,GB,49,12,10,0.3284,8.3214,10.5371,0.3556,-0.4221,0.3445
5,positive_training,SHAM,ads.1,CES-D,full,StandardScaler,XGB,49,12,10,0.3704,8.1897,10.1924,0.4126,-0.3305,0.464
5,positive_training,SHAM,ads.1,CES-D,full,StandardScaler,MLP,49,12,10,0.3933,12.1819,14.2713,0.5698,-1.6086,0.6222
5,positive_training,SHAM,ads.1,CES-D,full,StandardScaler,LGBM,49,12,10,0.2636,7.7558,9.8655,0.2987,-0.2466,0.4366
5,positive_training,SHAM,ads.1,CES-D,full,StandardScaler,CatBoost,49,12,10,0.3156,7.24,9.8699,0.371,-0.2477,0.6116
5,positive_training,SHAM,ads.1,CES-D,full,MinMaxScaler,Ridge,49,12,10,0.2841,9.7284,12.2867,0.359,-0.9335,0.4042
5,positive_training,SHAM,ads.1,CES-D,full,MinMaxScaler,Lasso,49,12,10,0.3074,9.7242,12.2797,0.393,-0.9313,0.4745
5,positive_training,SHAM,ads.1,CES-D,full,MinMaxScaler,ElasticNet,49,12,10,0.2883,10.0429,12.6746,0.3667,-1.0576,0.4745
5,positive_training,SHAM,ads.1,CES-D,full,MinMaxScaler,SVR,49,12,10,0.2111,10.5757,13.0205,0.264,-1.1714,0.3866
5,positive_training,SHAM,ads.1,CES-D,full,MinMaxScaler,KNN,49,12,10,0.1747,10.6134,13.5495,0.2343,-1.3514,0.2042
5,positive_training,SHAM,ads.1,CES-D,full,MinMaxScaler,RF,49,12,10,0.2208,8.8853,10.8456,0.2708,-0.5066,0.4851
5,positive_training,SHAM,ads.1,CES-D,full,MinMaxScaler,ET,49,12,10,0.2675,8.9472,11.0426,0.3106,-0.5618,0.3796
5,positive_training,SHAM,ads.1,CES-D,full,MinMaxScaler,GB,49,12,10,0.1479,8.9323,11.3755,0.1553,-0.6574,0.2285
5,positive_training,SHAM,ads.1,CES-D,full,MinMaxScaler,XGB,49,12,10,0.1942,8.6188,11.0147,0.223,-0.5539,0.4464
5,positive_training,SHAM,ads.1,CES-D,full,MinMaxScaler,MLP,49,12,10,0.2341,11.7383,14.7347,0.3241,-1.7807,0.4253
5,positive_training,SHAM,ads.1,CES-D,full,MinMaxScaler,LGBM,49,12,10,-0.0684,9.7674,11.835,-0.0808,-0.794,-0.1305
5,positive_training,SHAM,ads.1,CES-D,full,MinMaxScaler,CatBoost,49,12,10,0.2133,8.8489,10.9475,0.238,-0.535,0.3093
5,positive_training,SHAM,ads.1,CES-D,full,RobustScaler,Ridge,49,12,10,0.2735,10.4038,12.9588,0.3662,-1.1508,0.4921
5,positive_training,SHAM,ads.1,CES-D,full,RobustScaler,Lasso,49,12,10,0.2324,11.1737,14.1098,0.3165,-1.5499,0.4745
5,positive_training,SHAM,ads.1,CES-D,full,RobustScaler,ElasticNet,49,12,10,0.2583,10.6786,13.4722,0.3464,-1.3247,0.4464
5,positive_training,SHAM,ads.1,CES-D,full,RobustScaler,SVR,49,12,10,0.2362,8.8168,11.3845,0.2911,-0.66,0.471
5,positive_training,SHAM,ads.1,CES-D,full,RobustScaler,KNN,49,12,10,0.3408,8.397,10.497,0.4047,-0.4113,0.5659
5,positive_training,SHAM,ads.1,CES-D,full,RobustScaler,RF,49,12,10,0.1686,8.9879,11.8661,0.2231,-0.8034,0.4113
5,positive_training,SHAM,ads.1,CES-D,full,RobustScaler,ET,49,12,10,0.1522,9.2875,11.7675,0.1902,-0.7736,0.2214
5,positive_training,SHAM,ads.1,CES-D,full,RobustScaler,GB,49,12,10,0.1648,10.4322,13.3081,0.2056,-1.2684,0.2566
5,positive_training,SHAM,ads.1,CES-D,full,RobustScaler,XGB,49,12,10,0.2137,10.1809,12.4268,0.2696,-0.9779,0.2953
5,positive_training,SHAM,ads.1,CES-D,full,RobustScaler,MLP,49,12,10,0.3109,13.1687,15.7058,0.4525,-2.1594,0.4816
5,positive_training,SHAM,ads.1,CES-D,full,RobustScaler,LGBM,49,12,10,0.085,9.6906,11.8312,0.1027,-0.7928,0.0845
5,positive_training,SHAM,ads.1,CES-D,full,RobustScaler,CatBoost,49,12,10,0.136,9.4919,12.7014,0.1815,-1.0662,0.2425
1,positive_training,SHAM,HRSD_6.1,HRSD6,full,StandardScaler,Ridge,48,12,5,0.3054,4.0906,4.8739,0.3061,-0.4873,0.2567
1,positive_training,SHAM,HRSD_6.1,HRSD6,full,StandardScaler,Lasso,48,12,5,0.3018,4.0697,4.8582,0.3023,-0.4777,0.2674
1,positive_training,SHAM,HRSD_6.1,HRSD6,full,StandardScaler,ElasticNet,48,12,5,0.3026,3.9064,4.6643,0.3028,-0.3621,0.2567
1,positive_training,SHAM,HRSD_6.1,HRSD6,full,StandardScaler,SVR,48,12,5,0.2377,4.1391,4.7734,0.25,-0.4266,0.3031
1,positive_training,SHAM,HRSD_6.1,HRSD6,full,StandardScaler,KNN,48,12,5,0.2739,3.1548,4.1068,0.2976,-0.0559,0.1313
1,positive_training,SHAM,HRSD_6.1,HRSD6,full,StandardScaler,RF,48,12,5,0.299,3.1225,3.9705,0.3357,0.013,0.2853
1,positive_training,SHAM,HRSD_6.1,HRSD6,full,StandardScaler,ET,48,12,5,0.3575,3.0968,4.1011,0.3735,-0.053,0.435
1,positive_training,SHAM,HRSD_6.1,HRSD6,full,StandardScaler,GB,48,12,5,0.1309,4.0956,5.089,0.1345,-0.6214,0.2211
1,positive_training,SHAM,HRSD_6.1,HRSD6,full,StandardScaler,XGB,48,12,5,0.2249,3.6687,4.4792,0.2361,-0.2561,0.1498
1,positive_training,SHAM,HRSD_6.1,HRSD6,full,StandardScaler,MLP,48,12,5,0.2843,3.8032,4.7547,0.2858,-0.4154,0.2888
1,positive_training,SHAM,HRSD_6.1,HRSD6,full,StandardScaler,LGBM,48,12,5,0.3096,3.2342,3.9841,0.3379,0.0062,0.3006
1,positive_training,SHAM,HRSD_6.1,HRSD6,full,StandardScaler,CatBoost,48,12,5,0.378,3.0663,3.7874,0.4178,0.1019,0.4635
1,positive_training,SHAM,HRSD_6.1,HRSD6,full,MinMaxScaler,Ridge,48,12,10,0.3097,3.3558,4.0558,0.3294,-0.0299,0.2674
1,positive_training,SHAM,HRSD_6.1,HRSD6,full,MinMaxScaler,Lasso,48,12,10,0.2866,3.4799,4.1303,0.3043,-0.0681,0.2139
1,positive_training,SHAM,HRSD_6.1,HRSD6,full,MinMaxScaler,ElasticNet,48,12,10,0.3201,3.6281,4.3474,0.3238,-0.1833,0.2888
1,positive_training,SHAM,HRSD_6.1,HRSD6,full,MinMaxScaler,SVR,48,12,10,0.2997,3.8926,4.7403,0.2998,-0.4068,0.2567
1,positive_training,SHAM,HRSD_6.1,HRSD6,full,MinMaxScaler,KNN,48,12,10,0.0966,3.4167,4.4145,0.1102,-0.2201,-0.0285
1,positive_training,SHAM,HRSD_6.1,HRSD6,full,MinMaxScaler,RF,48,12,10,0.2946,2.9043,3.9014,0.3456,0.047,0.2746
1,positive_training,SHAM,HRSD_6.1,HRSD6,full,MinMaxScaler,ET,48,12,10,0.3868,2.7867,3.7749,0.4384,0.1078,0.4635
1,positive_training,SHAM,HRSD_6.1,HRSD6,full,MinMaxScaler,GB,48,12,10,0.142,3.9496,5.0921,0.1458,-0.6234,0.1319
1,positive_training,SHAM,HRSD_6.1,HRSD6,full,MinMaxScaler,XGB,48,12,10,0.2613,3.5096,4.3926,0.2724,-0.208,0.1997
1,positive_training,SHAM,HRSD_6.1,HRSD6,full,MinMaxScaler,MLP,48,12,10,0.3552,3.2832,3.8912,0.3822,0.052,0.2746
1,positive_training,SHAM,HRSD_6.1,HRSD6,full,MinMaxScaler,LGBM,48,12,10,0.3764,2.9838,3.7555,0.4169,0.117,0.3447
1,positive_training,SHAM,HRSD_6.1,HRSD6,full,MinMaxScaler,CatBoost,48,12,10,0.3864,2.8734,3.7816,0.4256,0.1047,0.378
1,positive_training,SHAM,HRSD_6.1,HRSD6,full,RobustScaler,Ridge,48,12,10,0.2769,3.9763,4.7844,0.2771,-0.4332,0.2139
1,positive_training,SHAM,HRSD_6.1,HRSD6,full,RobustScaler,Lasso,48,12,10,0.3116,3.8173,4.5796,0.3121,-0.3131,0.2853
1,positive_training,SHAM,HRSD_6.1,HRSD6,full,RobustScaler,ElasticNet,48,12,10,0.3121,3.7166,4.4884,0.3137,-0.2613,0.2853
1,positive_training,SHAM,HRSD_6.1,HRSD6,full,RobustScaler,SVR,48,12,10,0.2629,3.5852,4.5229,0.3197,-0.2808,0.3572
1,positive_training,SHAM,HRSD_6.1,HRSD6,full,RobustScaler,KNN,48,12,10,0.2402,3.0357,4.1365,0.2766,-0.0713,0.175
1,positive_training,SHAM,HRSD_6.1,HRSD6,full,RobustScaler,RF,48,12,10,0.2727,3.0209,3.9165,0.3269,0.0396,0.296
1,positive_training,SHAM,HRSD_6.1,HRSD6,full,RobustScaler,ET,48,12,10,0.3385,2.8608,3.7891,0.4017,0.1011,0.5099
1,positive_training,SHAM,HRSD_6.1,HRSD6,full,RobustScaler,GB,48,12,10,0.0691,3.988,5.2253,0.0721,-0.7094,0.0535
1,positive_training,SHAM,HRSD_6.1,HRSD6,full,RobustScaler,XGB,48,12,10,0.2695,3.1836,4.1133,0.2955,-0.0593,0.2888
1,positive_training,SHAM,HRSD_6.1,HRSD6,full,RobustScaler,MLP,48,12,10,0.3179,3.7636,4.5799,0.3188,-0.3132,0.3174
1,positive_training,SHAM,HRSD_6.1,HRSD6,full,RobustScaler,LGBM,48,12,10,0.3657,3.083,3.8136,0.3991,0.0894,0.3256
1,positive_training,SHAM,HRSD_6.1,HRSD6,full,RobustScaler,CatBoost,48,12,10,0.3902,2.8602,3.6757,0.442,0.1541,0.3637
2,positive_training,SHAM,HRSD_6.1,HRSD6,full,StandardScaler,Ridge,48,12,5,-0.0533,4.0975,4.7296,-0.0924,-0.1637,-0.1056
2,positive_training,SHAM,HRSD_6.1,HRSD6,full,StandardScaler,Lasso,48,12,5,-0.0546,4.1011,4.724,-0.0958,-0.161,-0.1056
2,positive_training,SHAM,HRSD_6.1,HRSD6,full,StandardScaler,ElasticNet,48,12,5,-0.0564,4.1023,4.7067,-0.1025,-0.1525,-0.1408
2,positive_training,SHAM,HRSD_6.1,HRSD6,full,StandardScaler,SVR,48,12,5,-0.1161,4.6643,5.1847,-0.1474,-0.3985,-0.1761
2,positive_training,SHAM,HRSD_6.1,HRSD6,full,StandardScaler,KNN,48,12,5,-0.05,4.4352,4.8188,-0.0785,-0.208,-0.067
2,positive_training,SHAM,HRSD_6.1,HRSD6,full,StandardScaler,RF,48,12,5,-0.019,4.4279,4.7974,-0.0284,-0.1973,0.0423
2,positive_training,SHAM,HRSD_6.1,HRSD6,full,StandardScaler,ET,48,12,5,-0.1669,4.7032,5.0738,-0.2855,-0.3393,-0.331
2,positive_training,SHAM,HRSD_6.1,HRSD6,full,StandardScaler,GB,48,12,5,-0.0696,4.7615,5.6819,-0.0789,-0.6795,-0.1056
2,positive_training,SHAM,HRSD_6.1,HRSD6,full,StandardScaler,XGB,48,12,5,-0.0973,4.9212,5.7654,-0.1094,-0.7292,-0.1338
2,positive_training,SHAM,HRSD_6.1,HRSD6,full,StandardScaler,MLP,48,12,5,-0.0813,4.6384,4.9579,-0.1129,-0.2788,-0.0916
2,positive_training,SHAM,HRSD_6.1,HRSD6,full,StandardScaler,LGBM,48,12,5,-0.0562,4.5949,5.2116,-0.0697,-0.413,0.0213
2,positive_training,SHAM,HRSD_6.1,HRSD6,full,StandardScaler,CatBoost,48,12,5,-0.1045,4.8322,5.5421,-0.1305,-0.5979,-0.2535
2,positive_training,SHAM,HRSD_6.1,HRSD6,full,MinMaxScaler,Ridge,48,12,5,-0.0535,3.9283,4.6251,-0.127,-0.1128,0.0141
2,positive_training,SHAM,HRSD_6.1,HRSD6,full,MinMaxScaler,Lasso,48,12,5,-0.0352,3.8926,4.5728,-0.0884,-0.0878,-0.0352
2,positive_training,SHAM,HRSD_6.1,HRSD6,full,MinMaxScaler,ElasticNet,48,12,5,-0.0319,3.8337,4.5073,-0.1167,-0.0569,0.007
2,positive_training,SHAM,HRSD_6.1,HRSD6,full,MinMaxScaler,SVR,48,12,5,-0.0873,3.9569,4.7247,-0.2208,-0.1613,-0.3169
2,positive_training,SHAM,HRSD_6.1,HRSD6,full,MinMaxScaler,KNN,48,12,5,-0.073,4.0238,4.7933,-0.1252,-0.1953,-0.1095
2,positive_training,SHAM,HRSD_6.1,HRSD6,full,MinMaxScaler,RF,48,12,5,0.095,3.7703,4.266,0.2314,0.0533,0.1549
2,positive_training,SHAM,HRSD_6.1,HRSD6,full,MinMaxScaler,ET,48,12,5,0.0667,3.8792,4.4278,0.1206,-0.0199,0.1728
2,positive_training,SHAM,HRSD_6.1,HRSD6,full,MinMaxScaler,GB,48,12,5,0.0699,4.1017,4.643,0.0938,-0.1215,0.2394
2,positive_training,SHAM,HRSD_6.1,HRSD6,full,MinMaxScaler,XGB,48,12,5,0.0814,4.1219,4.6157,0.1082,-0.1083,0.0986
2,positive_training,SHAM,HRSD_6.1,HRSD6,full,MinMaxScaler,MLP,48,12,5,-0.0976,3.9887,4.703,-0.2505,-0.1506,-0.2254
2,positive_training,SHAM,HRSD_6.1,HRSD6,full,MinMaxScaler,LGBM,48,12,5,0.0437,4.028,4.5173,0.0757,-0.0616,0.0848
2,positive_training,SHAM,HRSD_6.1,HRSD6,full,MinMaxScaler,CatBoost,48,12,5,0.0988,3.8534,4.3259,0.1886,0.0265,0.1338
2,positive_training,SHAM,HRSD_6.1,HRSD6,full,RobustScaler,Ridge,48,12,10,-0.0837,4.0564,4.662,-0.2158,-0.1307,-0.2747
2,positive_training,SHAM,HRSD_6.1,HRSD6,full,RobustScaler,Lasso,48,12,10,-0.0716,4.0293,4.6611,-0.1638,-0.1302,-0.2254
2,positive_training,SHAM,HRSD_6.1,HRSD6,full,RobustScaler,ElasticNet,48,12,10,-0.0731,4.0695,4.5892,-0.3246,-0.0957,-0.3099
2,positive_training,SHAM,HRSD_6.1,HRSD6,full,RobustScaler,SVR,48,12,10,-0.2649,4.8181,5.2835,-0.3952,-0.4522,-0.4437
2,positive_training,SHAM,HRSD_6.1,HRSD6,full,RobustScaler,KNN,48,12,10,-0.1722,4.7,4.9887,-0.2941,-0.2947,-0.3034
2,positive_training,SHAM,HRSD_6.1,HRSD6,full,RobustScaler,RF,48,12,10,-0.0444,4.4568,4.742,-0.0745,-0.1698,-0.0141
2,positive_training,SHAM,HRSD_6.1,HRSD6,full,RobustScaler,ET,48,12,10,-0.2268,4.6983,5.027,-0.4611,-0.3147,-0.5916
2,positive_training,SHAM,HRSD_6.1,HRSD6,full,RobustScaler,GB,48,12,10,-0.0784,4.6519,5.296,-0.0917,-0.4591,-0.1831
2,positive_training,SHAM,HRSD_6.1,HRSD6,full,RobustScaler,XGB,48,12,10,-0.1113,4.8895,5.3546,-0.1278,-0.4916,-0.2394
2,positive_training,SHAM,HRSD_6.1,HRSD6,full,RobustScaler,MLP,48,12,10,-0.032,4.4573,5.0296,-0.0389,-0.316,0.0141
2,positive_training,SHAM,HRSD_6.1,HRSD6,full,RobustScaler,LGBM,48,12,10,-0.034,4.4322,4.8912,-0.0484,-0.2446,0.0282
2,positive_training,SHAM,HRSD_6.1,HRSD6,full,RobustScaler,CatBoost,48,12,10,-0.2216,4.6971,5.2544,-0.3504,-0.4363,-0.3169
3,positive_training,SHAM,HRSD_6.1,HRSD6,full,StandardScaler,Ridge,48,12,20,-0.1174,4.4463,4.9175,-0.3204,-0.1623,-0.2817
3,positive_training,SHAM,HRSD_6.1,HRSD6,full,StandardScaler,Lasso,48,12,20,-0.2541,4.8901,5.3797,-0.4858,-0.391,-0.4225
3,positive_training,SHAM,HRSD_6.1,HRSD6,full,StandardScaler,ElasticNet,48,12,20,-0.1638,4.5802,5.0023,-0.5191,-0.2027,-0.4789
3,positive_training,SHAM,HRSD_6.1,HRSD6,full,StandardScaler,SVR,48,12,20,-0.128,4.6136,5.0295,-0.2794,-0.2158,-0.2852
3,positive_training,SHAM,HRSD_6.1,HRSD6,full,StandardScaler,KNN,48,12,20,-0.0603,4.6786,5.1845,-0.0786,-0.2919,0.1517
3,positive_training,SHAM,HRSD_6.1,HRSD6,full,StandardScaler,RF,48,12,20,0.1354,4.0573,4.3944,0.2826,0.0718,0.3028
3,positive_training,SHAM,HRSD_6.1,HRSD6,full,StandardScaler,ET,48,12,20,0.06,4.38,4.7888,0.0854,-0.1022,0.1937
3,positive_training,SHAM,HRSD_6.1,HRSD6,full,StandardScaler,GB,48,12,20,-0.0387,4.563,5.0995,-0.0587,-0.2499,-0.2183
3,positive_training,SHAM,HRSD_6.1,HRSD6,full,StandardScaler,XGB,48,12,20,-0.0503,4.6527,5.1238,-0.0815,-0.2619,-0.162
3,positive_training,SHAM,HRSD_6.1,HRSD6,full,StandardScaler,MLP,48,12,20,-0.2819,5.3197,5.8154,-0.3551,-0.6255,-0.0845
3,positive_training,SHAM,HRSD_6.1,HRSD6,full,StandardScaler,LGBM,48,12,20,-0.0033,4.2969,4.7361,-0.007,-0.0781,-0.0211
3,positive_training,SHAM,HRSD_6.1,HRSD6,full,StandardScaler,CatBoost,48,12,20,0.0284,4.3917,4.7072,0.0632,-0.065,0.1866
3,positive_training,SHAM,HRSD_6.1,HRSD6,full,MinMaxScaler,Ridge,48,12,5,-0.2099,4.7383,5.2001,-0.477,-0.2997,-0.4437
3,positive_training,SHAM,HRSD_6.1,HRSD6,full,MinMaxScaler,Lasso,48,12,5,-0.2409,4.8047,5.2443,-0.5773,-0.3219,-0.5
3,positive_training,SHAM,HRSD_6.1,HRSD6,full,MinMaxScaler,ElasticNet,48,12,5,-0.2366,4.8308,5.3166,-0.4745,-0.3586,-0.419
3,positive_training,SHAM,HRSD_6.1,HRSD6,full,MinMaxScaler,SVR,48,12,5,-0.2408,4.9526,5.286,-0.5159,-0.343,-0.4824
3,positive_training,SHAM,HRSD_6.1,HRSD6,full,MinMaxScaler,KNN,48,12,5,-0.1857,5.05,5.5776,-0.2358,-0.4953,-0.1358
3,positive_training,SHAM,HRSD_6.1,HRSD6,full,MinMaxScaler,RF,48,12,5,-0.0618,4.5209,4.8994,-0.1379,-0.1538,-0.1901
3,positive_training,SHAM,HRSD_6.1,HRSD6,full,MinMaxScaler,ET,48,12,5,-0.0419,4.5393,4.9475,-0.0834,-0.1765,-0.1585
3,positive_training,SHAM,HRSD_6.1,HRSD6,full,MinMaxScaler,GB,48,12,5,-0.0845,4.811,5.1572,-0.1287,-0.2783,0.0211
3,positive_training,SHAM,HRSD_6.1,HRSD6,full,MinMaxScaler,XGB,48,12,5,-0.1464,4.9764,5.3574,-0.1988,-0.3795,-0.2465
3,positive_training,SHAM,HRSD_6.1,HRSD6,full,MinMaxScaler,MLP,48,12,5,-0.1837,4.6982,5.1546,-0.3952,-0.2771,-0.4331
3,positive_training,SHAM,HRSD_6.1,HRSD6,full,MinMaxScaler,LGBM,48,12,5,-0.1124,4.4809,4.978,-0.2358,-0.191,-0.1643
3,positive_training,SHAM,HRSD_6.1,HRSD6,full,MinMaxScaler,CatBoost,48,12,5,-0.1267,4.7895,5.192,-0.2567,-0.2957,-0.243
3,positive_training,SHAM,HRSD_6.1,HRSD6,full,RobustScaler,Ridge,48,12,10,-0.1125,4.4469,4.858,-0.4399,-0.1343,-0.412
3,positive_training,SHAM,HRSD_6.1,HRSD6,full,RobustScaler,Lasso,48,12,10,-0.1308,4.5202,4.8897,-0.5502,-0.1492,-0.5
3,positive_training,SHAM,HRSD_6.1,HRSD6,full,RobustScaler,ElasticNet,48,12,10,-0.1609,4.5836,4.9674,-0.6139,-0.186,-0.5704
3,positive_training,SHAM,HRSD_6.1,HRSD6,full,RobustScaler,SVR,48,12,10,-0.0725,4.4697,4.896,-0.1797,-0.1521,-0.1972
3,positive_training,SHAM,HRSD_6.1,HRSD6,full,RobustScaler,KNN,48,12,10,-0.0248,4.4907,5.0421,-0.044,-0.2219,0.3357
3,positive_training,SHAM,HRSD_6.1,HRSD6,full,RobustScaler,RF,48,12,10,0.0677,4.1914,4.578,0.1417,-0.0073,0.1197
3,positive_training,SHAM,HRSD_6.1,HRSD6,full,RobustScaler,ET,48,12,10,0.0183,4.4275,4.919,0.0267,-0.163,0.0493
3,positive_training,SHAM,HRSD_6.1,HRSD6,full,RobustScaler,GB,48,12,10,-0.1351,4.8224,5.4156,-0.1949,-0.4097,-0.1021
3,positive_training,SHAM,HRSD_6.1,HRSD6,full,RobustScaler,XGB,48,12,10,-0.0596,4.728,5.3926,-0.0858,-0.3977,0.0599
3,positive_training,SHAM,HRSD_6.1,HRSD6,full,RobustScaler,MLP,48,12,10,-0.1379,4.8692,5.3826,-0.2672,-0.3925,-0.1901
3,positive_training,SHAM,HRSD_6.1,HRSD6,full,RobustScaler,LGBM,48,12,10,-0.0067,4.3388,4.8085,-0.0131,-0.1113,0.0282
3,positive_training,SHAM,HRSD_6.1,HRSD6,full,RobustScaler,CatBoost,48,12,10,0.0424,4.3499,4.788,0.1083,-0.1019,0.2218
4,positive_training,SHAM,HRSD_6.1,HRSD6,full,StandardScaler,Ridge,48,12,5,-0.0173,3.2467,4.4417,-0.0837,-0.0526,-0.1027
4,positive_training,SHAM,HRSD_6.1,HRSD6,full,StandardScaler,Lasso,48,12,5,-0.0048,3.2118,4.4049,-0.0391,-0.0352,-0.0814
4,positive_training,SHAM,HRSD_6.1,HRSD6,full,StandardScaler,ElasticNet,48,12,5,-0.0132,3.255,4.4342,-0.0646,-0.049,-0.1027
4,positive_training,SHAM,HRSD_6.1,HRSD6,full,StandardScaler,SVR,48,12,5,-0.3556,4.162,5.6251,-0.4537,-0.6882,-0.3894
4,positive_training,SHAM,HRSD_6.1,HRSD6,full,StandardScaler,KNN,48,12,5,-0.2271,3.45,5.3482,-0.3223,-0.5261,-0.0993
4,positive_training,SHAM,HRSD_6.1,HRSD6,full,StandardScaler,RF,48,12,5,-0.1158,3.73,4.9572,-0.1902,-0.3111,-0.3363
4,positive_training,SHAM,HRSD_6.1,HRSD6,full,StandardScaler,ET,48,12,5,-0.1808,3.6648,5.0338,-0.3026,-0.3519,-0.1947
4,positive_training,SHAM,HRSD_6.1,HRSD6,full,StandardScaler,GB,48,12,5,-0.2299,4.4977,5.6089,-0.3012,-0.6785,-0.3398
4,positive_training,SHAM,HRSD_6.1,HRSD6,full,StandardScaler,XGB,48,12,5,-0.1784,4.1232,5.2647,-0.256,-0.4788,-0.3009
4,positive_training,SHAM,HRSD_6.1,HRSD6,full,StandardScaler,MLP,48,12,5,-0.2613,3.921,5.2538,-0.4108,-0.4727,-0.3115
4,positive_training,SHAM,HRSD_6.1,HRSD6,full,StandardScaler,LGBM,48,12,5,-0.0163,3.647,4.9864,-0.0193,-0.3266,-0.0376
4,positive_training,SHAM,HRSD_6.1,HRSD6,full,StandardScaler,CatBoost,48,12,5,-0.1118,3.6578,4.9777,-0.1741,-0.322,-0.2549
4,positive_training,SHAM,HRSD_6.1,HRSD6,full,MinMaxScaler,Ridge,48,12,5,-0.0325,3.2907,4.5047,-0.1043,-0.0827,-0.1133
4,positive_training,SHAM,HRSD_6.1,HRSD6,full,MinMaxScaler,Lasso,48,12,5,-0.0109,3.2628,4.4308,-0.0516,-0.0474,-0.1593
4,positive_training,SHAM,HRSD_6.1,HRSD6,full,MinMaxScaler,ElasticNet,48,12,5,-0.0177,3.2307,4.4391,-0.0945,-0.0514,-0.1381
4,positive_training,SHAM,HRSD_6.1,HRSD6,full,MinMaxScaler,SVR,48,12,5,-0.2105,3.883,5.1306,-0.3062,-0.4044,-0.2938
4,positive_training,SHAM,HRSD_6.1,HRSD6,full,MinMaxScaler,KNN,48,12,5,-0.3108,3.6944,5.5786,-0.4011,-0.6604,-0.135
4,positive_training,SHAM,HRSD_6.1,HRSD6,full,MinMaxScaler,RF,48,12,5,-0.2728,3.8908,5.3666,-0.4383,-0.5366,-0.3434
4,positive_training,SHAM,HRSD_6.1,HRSD6,full,MinMaxScaler,ET,48,12,5,-0.3494,3.9751,5.5802,-0.5295,-0.6614,-0.3894
4,positive_training,SHAM,HRSD_6.1,HRSD6,full,MinMaxScaler,GB,48,12,5,-0.2843,4.6267,5.7776,-0.4213,-0.781,-0.4708
4,positive_training,SHAM,HRSD_6.1,HRSD6,full,MinMaxScaler,XGB,48,12,5,-0.3544,4.5296,5.9358,-0.4737,-0.8798,-0.223
4,positive_training,SHAM,HRSD_6.1,HRSD6,full,MinMaxScaler,MLP,48,12,5,-0.0769,3.4853,4.6812,-0.1716,-0.1692,-0.1381
4,positive_training,SHAM,HRSD_6.1,HRSD6,full,MinMaxScaler,LGBM,48,12,5,-0.088,3.7314,5.0496,-0.1156,-0.3604,-0.0447
4,positive_training,SHAM,HRSD_6.1,HRSD6,full,MinMaxScaler,CatBoost,48,12,5,-0.2628,4.0091,5.4384,-0.4326,-0.578,-0.3894
4,positive_training,SHAM,HRSD_6.1,HRSD6,full,RobustScaler,Ridge,48,12,20,-0.0367,3.2823,4.5137,-0.1181,-0.087,-0.1805
4,positive_training,SHAM,HRSD_6.1,HRSD6,full,RobustScaler,Lasso,48,12,20,0.0,3.1354,4.3903,,-0.0284,
4,positive_training,SHAM,HRSD_6.1,HRSD6,full,RobustScaler,ElasticNet,48,12,20,-0.0154,3.2372,4.4332,-0.0819,-0.0486,-0.1027
4,positive_training,SHAM,HRSD_6.1,HRSD6,full,RobustScaler,SVR,48,12,20,-0.365,4.1859,5.6045,-0.4699,-0.6758,-0.3894
4,positive_training,SHAM,HRSD_6.1,HRSD6,full,RobustScaler,KNN,48,12,20,-0.1716,3.5556,5.4194,-0.2369,-0.567,-0.0675
4,positive_training,SHAM,HRSD_6.1,HRSD6,full,RobustScaler,RF,48,12,20,0.0364,3.1312,4.5929,0.054,-0.1255,0.1345
4,positive_training,SHAM,HRSD_6.1,HRSD6,full,RobustScaler,ET,48,12,20,0.2249,2.7925,4.1367,0.3315,0.087,0.5346
4,positive_training,SHAM,HRSD_6.1,HRSD6,full,RobustScaler,GB,48,12,20,-0.0702,3.3494,5.0579,-0.0921,-0.3649,0.0212
4,positive_training,SHAM,HRSD_6.1,HRSD6,full,RobustScaler,XGB,48,12,20,-0.2841,3.8916,5.4287,-0.4402,-0.5723,-0.2655
4,positive_training,SHAM,HRSD_6.1,HRSD6,full,RobustScaler,MLP,48,12,20,-0.3535,4.2835,5.5303,-0.4985,-0.6318,-0.4673
4,positive_training,SHAM,HRSD_6.1,HRSD6,full,RobustScaler,LGBM,48,12,20,-0.011,3.5594,4.902,-0.0135,-0.2821,-0.0376
4,positive_training,SHAM,HRSD_6.1,HRSD6,full,RobustScaler,CatBoost,48,12,20,-0.0769,3.5208,4.9017,-0.109,-0.2819,-0.1522
5,positive_training,SHAM,HRSD_6.1,HRSD6,full,StandardScaler,Ridge,48,12,5,0.2021,4.2803,8.2945,0.3836,-8.9568,0.0493
5,positive_training,SHAM,HRSD_6.1,HRSD6,full,StandardScaler,Lasso,48,12,5,0.1485,5.383,11.7816,0.3821,-19.0885,0.0739
5,positive_training,SHAM,HRSD_6.1,HRSD6,full,StandardScaler,ElasticNet,48,12,5,0.2487,3.6824,6.3946,0.3836,-4.9179,0.0739
5,positive_training,SHAM,HRSD_6.1,HRSD6,full,StandardScaler,SVR,48,12,5,-0.2513,3.21,3.8338,-0.283,-1.1271,-0.2958
5,positive_training,SHAM,HRSD_6.1,HRSD6,full,StandardScaler,KNN,48,12,5,0.0353,2.5185,3.1213,0.0399,-0.41,0.0177
5,positive_training,SHAM,HRSD_6.1,HRSD6,full,StandardScaler,RF,48,12,5,0.085,2.6066,3.1954,0.0877,-0.4777,-0.088
5,positive_training,SHAM,HRSD_6.1,HRSD6,full,StandardScaler,ET,48,12,5,-0.0223,3.1125,3.7053,-0.0224,-0.987,-0.0423
5,positive_training,SHAM,HRSD_6.1,HRSD6,full,StandardScaler,GB,48,12,5,-0.0316,2.8946,3.3132,-0.0478,-0.5887,-0.1479
5,positive_training,SHAM,HRSD_6.1,HRSD6,full,StandardScaler,XGB,48,12,5,0.0706,2.3857,3.1083,0.08,-0.3982,0.0563
5,positive_training,SHAM,HRSD_6.1,HRSD6,full,StandardScaler,MLP,48,12,5,-0.4202,3.4294,4.7619,-0.4279,-2.2817,-0.3063
5,positive_training,SHAM,HRSD_6.1,HRSD6,full,StandardScaler,LGBM,48,12,5,0.1497,2.2705,2.8283,0.1696,-0.1577,0.099
5,positive_training,SHAM,HRSD_6.1,HRSD6,full,StandardScaler,CatBoost,48,12,5,0.0674,2.6359,3.1922,0.0709,-0.4748,-0.1373
5,positive_training,SHAM,HRSD_6.1,HRSD6,full,MinMaxScaler,Ridge,48,12,5,0.2906,3.2759,5.1762,0.3842,-2.8776,0.1303
5,positive_training,SHAM,HRSD_6.1,HRSD6,full,MinMaxScaler,Lasso,48,12,5,0.228,3.9266,7.1314,0.3829,-6.3603,0.1092
5,positive_training,SHAM,HRSD_6.1,HRSD6,full,MinMaxScaler,ElasticNet,48,12,5,0.2247,3.9583,7.2969,0.3841,-6.7058,0.1303
5,positive_training,SHAM,HRSD_6.1,HRSD6,full,MinMaxScaler,SVR,48,12,5,-0.2714,3.0356,3.6075,-0.31,-0.8834,-0.2606
5,positive_training,SHAM,HRSD_6.1,HRSD6,full,MinMaxScaler,KNN,48,12,5,0.0472,2.5185,3.1342,0.0502,-0.4216,-0.0053
5,positive_training,SHAM,HRSD_6.1,HRSD6,full,MinMaxScaler,RF,48,12,5,0.0203,2.6912,3.5435,0.022,-0.8172,0.0493
5,positive_training,SHAM,HRSD_6.1,HRSD6,full,MinMaxScaler,ET,48,12,5,0.2285,2.5833,3.4062,0.2432,-0.6791,0.2711
5,positive_training,SHAM,HRSD_6.1,HRSD6,full,MinMaxScaler,GB,48,12,5,-0.0318,2.4902,3.2678,-0.0338,-0.5455,0.0458
5,positive_training,SHAM,HRSD_6.1,HRSD6,full,MinMaxScaler,XGB,48,12,5,0.0504,2.4822,3.2037,0.0525,-0.4854,0.1655
5,positive_training,SHAM,HRSD_6.1,HRSD6,full,MinMaxScaler,MLP,48,12,5,-0.2565,4.741,8.9176,-0.4238,-10.5088,-0.2711
5,positive_training,SHAM,HRSD_6.1,HRSD6,full,MinMaxScaler,LGBM,48,12,5,0.1718,2.2291,2.8601,0.1876,-0.1839,0.1862
5,positive_training,SHAM,HRSD_6.1,HRSD6,full,MinMaxScaler,CatBoost,48,12,5,0.1315,2.6078,3.4919,0.1318,-0.7647,0.1232
5,positive_training,SHAM,HRSD_6.1,HRSD6,full,RobustScaler,Ridge,48,12,5,0.1675,4.9074,10.3485,0.384,-14.4986,0.0493
5,positive_training,SHAM,HRSD_6.1,HRSD6,full,RobustScaler,Lasso,48,12,5,0.2523,3.642,6.3066,0.3849,-4.7561,0.0669
5,positive_training,SHAM,HRSD_6.1,HRSD6,full,RobustScaler,ElasticNet,48,12,5,0.2294,3.9025,7.1247,0.3849,-6.3465,0.0669
5,positive_training,SHAM,HRSD_6.1,HRSD6,full,RobustScaler,SVR,48,12,5,-0.2529,3.1947,3.8194,-0.2879,-1.1112,-0.2958
5,positive_training,SHAM,HRSD_6.1,HRSD6,full,RobustScaler,KNN,48,12,5,-0.0533,3.75,4.7052,-0.0621,-2.204,0.0979
5,positive_training,SHAM,HRSD_6.1,HRSD6,full,RobustScaler,RF,48,12,5,0.1282,2.4627,3.1486,0.1315,-0.4348,-0.0141
5,positive_training,SHAM,HRSD_6.1,HRSD6,full,RobustScaler,ET,48,12,5,0.0194,3.1146,3.7741,0.0195,-1.0615,0.0211
5,positive_training,SHAM,HRSD_6.1,HRSD6,full,RobustScaler,GB,48,12,5,0.0151,2.8675,3.2718,0.022,-0.5492,-0.0634
5,positive_training,SHAM,HRSD_6.1,HRSD6,full,RobustScaler,XGB,48,12,5,0.013,2.487,3.2075,0.0151,-0.4889,0.0528
5,positive_training,SHAM,HRSD_6.1,HRSD6,full,RobustScaler,MLP,48,12,5,-0.1233,2.586,3.0375,-0.1805,-0.3353,-0.1268
5,positive_training,SHAM,HRSD_6.1,HRSD6,full,RobustScaler,LGBM,48,12,5,0.1442,2.2556,2.826,0.1648,-0.1558,0.099
5,positive_training,SHAM,HRSD_6.1,HRSD6,full,RobustScaler,CatBoost,48,12,5,0.0395,2.6583,3.304,0.0418,-0.5798,-0.0282
1,positive_training,SHAM,HRSD_17.1,HRSD17,full,StandardScaler,Ridge,48,12,5,0.1991,5.1695,7.5083,0.2159,-0.2109,0.1789
1,positive_training,SHAM,HRSD_17.1,HRSD17,full,StandardScaler,Lasso,48,12,5,0.167,5.2258,7.0261,0.2104,-0.0604,0.1789
1,positive_training,SHAM,HRSD_17.1,HRSD17,full,StandardScaler,ElasticNet,48,12,5,0.1568,5.1961,6.9645,0.2048,-0.0419,0.207
1,positive_training,SHAM,HRSD_17.1,HRSD17,full,StandardScaler,SVR,48,12,5,0.1339,5.3565,6.8217,0.1972,0.0004,0.0491
1,positive_training,SHAM,HRSD_17.1,HRSD17,full,StandardScaler,KNN,48,12,5,0.3282,4.8929,7.0645,0.3398,-0.072,0.3656
1,positive_training,SHAM,HRSD_17.1,HRSD17,full,StandardScaler,RF,48,12,5,0.4075,4.2604,6.5505,0.4326,0.0783,0.393
1,positive_training,SHAM,HRSD_17.1,HRSD17,full,StandardScaler,ET,48,12,5,0.3747,4.7233,7.2573,0.4034,-0.1313,0.2526
1,positive_training,SHAM,HRSD_17.1,HRSD17,full,StandardScaler,GB,48,12,5,0.3062,5.5655,8.8902,0.3181,-0.6977,0.193
1,positive_training,SHAM,HRSD_17.1,HRSD17,full,StandardScaler,XGB,48,12,5,0.3759,4.7375,7.4128,0.3783,-0.1803,0.2421
1,positive_training,SHAM,HRSD_17.1,HRSD17,full,StandardScaler,MLP,48,12,5,0.3479,4.9413,8.1717,0.3604,-0.4344,0.2211
1,positive_training,SHAM,HRSD_17.1,HRSD17,full,StandardScaler,LGBM,48,12,5,0.28,4.7669,6.6522,0.3303,0.0495,0.3121
1,positive_training,SHAM,HRSD_17.1,HRSD17,full,StandardScaler,CatBoost,48,12,5,0.4305,4.3125,6.6636,0.4397,0.0462,0.2597
1,positive_training,SHAM,HRSD_17.1,HRSD17,full,MinMaxScaler,Ridge,48,12,5,0.175,5.1593,7.2696,0.2001,-0.1351,0.207
1,positive_training,SHAM,HRSD_17.1,HRSD17,full,MinMaxScaler,Lasso,48,12,5,0.184,5.1688,7.3946,0.2054,-0.1745,0.1789
1,positive_training,SHAM,HRSD_17.1,HRSD17,full,MinMaxScaler,ElasticNet,48,12,5,0.1639,5.1899,7.1054,0.1984,-0.0844,0.207
1,positive_training,SHAM,HRSD_17.1,HRSD17,full,MinMaxScaler,SVR,48,12,5,0.1588,5.3372,7.2629,0.1824,-0.133,0.1965
1,positive_training,SHAM,HRSD_17.1,HRSD17,full,MinMaxScaler,KNN,48,12,5,0.3013,4.9,6.8152,0.3322,0.0023,0.1852
1,positive_training,SHAM,HRSD_17.1,HRSD17,full,MinMaxScaler,RF,48,12,5,0.3305,4.8941,6.987,0.344,-0.0486,0.2175
1,positive_training,SHAM,HRSD_17.1,HRSD17,full,MinMaxScaler,ET,48,12,5,0.2339,5.2483,7.5069,0.2518,-0.2105,0.1684
1,positive_training,SHAM,HRSD_17.1,HRSD17,full,MinMaxScaler,GB,48,12,5,0.315,5.5458,8.7608,0.3255,-0.6486,0.1509
1,positive_training,SHAM,HRSD_17.1,HRSD17,full,MinMaxScaler,XGB,48,12,5,0.4008,4.9386,7.471,0.4027,-0.1989,0.2667
1,positive_training,SHAM,HRSD_17.1,HRSD17,full,MinMaxScaler,MLP,48,12,5,0.2116,5.0353,7.5602,0.2251,-0.2277,0.2316
1,positive_training,SHAM,HRSD_17.1,HRSD17,full,MinMaxScaler,LGBM,48,12,5,0.3052,4.8103,6.5257,0.3596,0.0853,0.3286
1,positive_training,SHAM,HRSD_17.1,HRSD17,full,MinMaxScaler,CatBoost,48,12,5,0.4764,4.2996,6.2225,0.4932,0.1683,0.3895
1,positive_training,SHAM,HRSD_17.1,HRSD17,full,RobustScaler,Ridge,48,12,10,0.2025,5.472,8.0082,0.2098,-0.3775,0.1404
1,positive_training,SHAM,HRSD_17.1,HRSD17,full,RobustScaler,Lasso,48,12,10,0.1468,5.2772,7.2901,0.1778,-0.1416,0.1965
1,positive_training,SHAM,HRSD_17.1,HRSD17,full,RobustScaler,ElasticNet,48,12,10,0.1487,5.2739,7.276,0.1804,-0.1371,0.1965
1,positive_training,SHAM,HRSD_17.1,HRSD17,full,RobustScaler,SVR,48,12,10,0.1189,5.8661,7.6195,0.1452,-0.247,0.1158
1,positive_training,SHAM,HRSD_17.1,HRSD17,full,RobustScaler,KNN,48,12,10,0.147,6.6667,8.5872,0.1474,-0.5839,0.1664
1,positive_training,SHAM,HRSD_17.1,HRSD17,full,RobustScaler,RF,48,12,10,0.3579,4.2167,7.0918,0.3765,-0.0803,0.2667
1,positive_training,SHAM,HRSD_17.1,HRSD17,full,RobustScaler,ET,48,12,10,0.2759,4.7646,7.1515,0.3157,-0.0986,0.2597
1,positive_training,SHAM,HRSD_17.1,HRSD17,full,RobustScaler,GB,48,12,10,0.1996,6.2106,9.9169,0.2091,-1.1124,0.1298
1,positive_training,SHAM,HRSD_17.1,HRSD17,full,RobustScaler,XGB,48,12,10,0.2996,4.9666,8.0159,0.3001,-0.3802,0.1439
1,positive_training,SHAM,HRSD_17.1,HRSD17,full,RobustScaler,MLP,48,12,10,0.3324,5.5622,8.6813,0.3654,-0.6188,0.193
1,positive_training,SHAM,HRSD_17.1,HRSD17,full,RobustScaler,LGBM,48,12,10,0.277,4.7142,6.5437,0.3409,0.0802,0.2628
1,positive_training,SHAM,HRSD_17.1,HRSD17,full,RobustScaler,CatBoost,48,12,10,0.3896,4.5062,6.7473,0.4036,0.0221,0.3088
2,positive_training,SHAM,HRSD_17.1,HRSD17,full,StandardScaler,Ridge,48,12,5,-0.2506,8.8787,9.9367,-0.5208,-0.3333,-0.4456
2,positive_training,SHAM,HRSD_17.1,HRSD17,full,StandardScaler,Lasso,48,12,5,-0.2462,8.9014,9.892,-0.5346,-0.3213,-0.4386
2,positive_training,SHAM,HRSD_17.1,HRSD17,full,StandardScaler,ElasticNet,48,12,5,-0.2489,8.8173,9.964,-0.4933,-0.3406,-0.3684
2,positive_training,SHAM,HRSD_17.1,HRSD17,full,StandardScaler,SVR,48,12,5,-0.1471,8.5747,9.3681,-0.5506,-0.1851,-0.4912
2,positive_training,SHAM,HRSD_17.1,HRSD17,full,StandardScaler,KNN,48,12,5,-0.1856,9.0333,9.8614,-0.3608,-0.3132,-0.2377
2,positive_training,SHAM,HRSD_17.1,HRSD17,full,StandardScaler,RF,48,12,5,-0.2156,9.2131,10.1488,-0.3314,-0.3908,-0.4211
2,positive_training,SHAM,HRSD_17.1,HRSD17,full,StandardScaler,ET,48,12,5,-0.1161,8.4225,9.491,-0.2436,-0.2164,-0.1684
2,positive_training,SHAM,HRSD_17.1,HRSD17,full,StandardScaler,GB,48,12,5,-0.0412,9.4168,10.3153,-0.0463,-0.4368,-0.1895
2,positive_training,SHAM,HRSD_17.1,HRSD17,full,StandardScaler,XGB,48,12,5,-0.1487,9.3104,10.3353,-0.1887,-0.4424,-0.3649
2,positive_training,SHAM,HRSD_17.1,HRSD17,full,StandardScaler,MLP,48,12,5,-0.2812,9.187,10.3328,-0.4735,-0.4417,-0.3754
2,positive_training,SHAM,HRSD_17.1,HRSD17,full,StandardScaler,LGBM,48,12,5,-0.3378,9.7428,10.6131,-0.5539,-0.521,-0.4653
2,positive_training,SHAM,HRSD_17.1,HRSD17,full,StandardScaler,CatBoost,48,12,5,-0.1008,8.2349,9.472,-0.2217,-0.2115,-0.2561
2,positive_training,SHAM,HRSD_17.1,HRSD17,full,MinMaxScaler,Ridge,48,12,5,-0.199,8.6831,9.5858,-0.5669,-0.2408,-0.5228
2,positive_training,SHAM,HRSD_17.1,HRSD17,full,MinMaxScaler,Lasso,48,12,5,-0.1846,8.6445,9.5215,-0.5315,-0.2242,-0.5123
2,positive_training,SHAM,HRSD_17.1,HRSD17,full,MinMaxScaler,ElasticNet,48,12,5,-0.1421,8.4762,9.2938,-0.5385,-0.1664,-0.5228
2,positive_training,SHAM,HRSD_17.1,HRSD17,full,MinMaxScaler,SVR,48,12,5,-0.2649,8.9744,10.0371,-0.5948,-0.3604,-0.4211
2,positive_training,SHAM,HRSD_17.1,HRSD17,full,MinMaxScaler,KNN,48,12,5,0.0354,7.5741,8.8387,0.1133,-0.0549,-0.0776
2,positive_training,SHAM,HRSD_17.1,HRSD17,full,MinMaxScaler,RF,48,12,5,-0.0573,8.0293,9.1852,-0.1652,-0.1392,-0.2561
2,positive_training,SHAM,HRSD_17.1,HRSD17,full,MinMaxScaler,ET,48,12,5,0.0155,7.6869,8.9481,0.051,-0.0812,-0.0702
2,positive_training,SHAM,HRSD_17.1,HRSD17,full,MinMaxScaler,GB,48,12,5,0.0009,7.7005,9.2326,0.0023,-0.151,-0.0281
2,positive_training,SHAM,HRSD_17.1,HRSD17,full,MinMaxScaler,XGB,48,12,5,0.0604,7.333,8.7847,0.1222,-0.0421,0.1333
2,positive_training,SHAM,HRSD_17.1,HRSD17,full,MinMaxScaler,MLP,48,12,5,-0.1397,8.4731,9.2647,-0.5535,-0.1591,-0.4772
2,positive_training,SHAM,HRSD_17.1,HRSD17,full,MinMaxScaler,LGBM,48,12,5,-0.2751,9.3546,10.3445,-0.4599,-0.445,-0.4547
2,positive_training,SHAM,HRSD_17.1,HRSD17,full,MinMaxScaler,CatBoost,48,12,5,-0.0146,7.9459,9.0933,-0.0699,-0.1166,-0.0211
2,positive_training,SHAM,HRSD_17.1,HRSD17,full,RobustScaler,Ridge,48,12,5,-0.2842,9.0451,10.0179,-0.6385,-0.3552,-0.5579
2,positive_training,SHAM,HRSD_17.1,HRSD17,full,RobustScaler,Lasso,48,12,5,-0.2796,9.0137,10.0019,-0.6292,-0.3508,-0.5123
2,positive_training,SHAM,HRSD_17.1,HRSD17,full,RobustScaler,ElasticNet,48,12,5,-0.2778,8.9935,9.994,-0.6327,-0.3487,-0.5053
2,positive_training,SHAM,HRSD_17.1,HRSD17,full,RobustScaler,SVR,48,12,5,-0.2449,8.9223,9.9295,-0.6114,-0.3314,-0.4456
2,positive_training,SHAM,HRSD_17.1,HRSD17,full,RobustScaler,KNN,48,12,5,-0.0327,8.0556,9.0974,-0.1375,-0.1176,-0.0264
2,positive_training,SHAM,HRSD_17.1,HRSD17,full,RobustScaler,RF,48,12,5,-0.1525,8.5175,9.6253,-0.355,-0.251,-0.3789
2,positive_training,SHAM,HRSD_17.1,HRSD17,full,RobustScaler,ET,48,12,5,0.0463,7.7808,8.829,0.1136,-0.0526,0.0877
2,positive_training,SHAM,HRSD_17.1,HRSD17,full,RobustScaler,GB,48,12,5,0.0236,7.4747,9.2809,0.0355,-0.1631,0.1053
2,positive_training,SHAM,HRSD_17.1,HRSD17,full,RobustScaler,XGB,48,12,5,-0.0051,7.7219,9.2338,-0.0104,-0.1513,-0.0632
2,positive_training,SHAM,HRSD_17.1,HRSD17,full,RobustScaler,MLP,48,12,5,0.0166,7.9009,9.1024,0.0349,-0.1188,0.0246
2,positive_training,SHAM,HRSD_17.1,HRSD17,full,RobustScaler,LGBM,48,12,5,-0.3552,9.4691,10.5025,-0.6678,-0.4895,-0.6173
2,positive_training,SHAM,HRSD_17.1,HRSD17,full,RobustScaler,CatBoost,48,12,5,-0.024,7.9491,9.171,-0.0743,-0.1357,-0.0877
3,positive_training,SHAM,HRSD_17.1,HRSD17,full,StandardScaler,Ridge,48,12,5,0.0051,6.8429,7.7898,0.1492,0.0048,0.0984
3,positive_training,SHAM,HRSD_17.1,HRSD17,full,StandardScaler,Lasso,48,12,5,0.0023,6.8698,7.8009,0.1518,0.0019,0.116
3,positive_training,SHAM,HRSD_17.1,HRSD17,full,StandardScaler,ElasticNet,48,12,5,0.0054,6.8402,7.7888,0.1493,0.005,0.0984
3,positive_training,SHAM,HRSD_17.1,HRSD17,full,StandardScaler,SVR,48,12,5,0.0861,6.5906,8.001,0.1566,-0.0499,0.116
3,positive_training,SHAM,HRSD_17.1,HRSD17,full,StandardScaler,KNN,48,12,5,0.0082,6.7963,8.3737,0.0119,-0.15,0.1589
3,positive_training,SHAM,HRSD_17.1,HRSD17,full,StandardScaler,RF,48,12,5,0.1211,6.1778,8.2283,0.157,-0.1104,0.2905
3,positive_training,SHAM,HRSD_17.1,HRSD17,full,StandardScaler,ET,48,12,5,0.1099,7.1562,9.198,0.1174,-0.3876,0.1019
3,positive_training,SHAM,HRSD_17.1,HRSD17,full,StandardScaler,GB,48,12,5,0.2259,6.751,8.9461,0.2333,-0.3126,0.2905
3,positive_training,SHAM,HRSD_17.1,HRSD17,full,StandardScaler,XGB,48,12,5,0.1078,6.983,8.8683,0.1278,-0.2899,0.2205
3,positive_training,SHAM,HRSD_17.1,HRSD17,full,StandardScaler,MLP,48,12,5,0.1042,6.4443,7.95,0.1619,-0.0366,0.0984
3,positive_training,SHAM,HRSD_17.1,HRSD17,full,StandardScaler,LGBM,48,12,5,-0.014,6.9577,8.4631,-0.0229,-0.1747,0.019
3,positive_training,SHAM,HRSD_17.1,HRSD17,full,StandardScaler,CatBoost,48,12,5,0.1199,6.7448,8.4485,0.1427,-0.1707,0.2975
3,positive_training,SHAM,HRSD_17.1,HRSD17,full,MinMaxScaler,Ridge,48,12,5,0.0063,6.8326,7.7854,0.1556,0.0059,0.116
3,positive_training,SHAM,HRSD_17.1,HRSD17,full,MinMaxScaler,Lasso,48,12,5,0.0038,6.8549,7.7948,0.1518,0.0035,0.116
3,positive_training,SHAM,HRSD_17.1,HRSD17,full,MinMaxScaler,ElasticNet,48,12,5,0.0039,6.856,7.7946,0.1557,0.0035,0.116
3,positive_training,SHAM,HRSD_17.1,HRSD17,full,MinMaxScaler,SVR,48,12,5,0.0203,6.8725,7.7818,0.1553,0.0068,0.116
3,positive_training,SHAM,HRSD_17.1,HRSD17,full,MinMaxScaler,KNN,48,12,5,0.0221,6.9722,8.3033,0.0323,-0.1308,0.2102
3,positive_training,SHAM,HRSD_17.1,HRSD17,full,MinMaxScaler,RF,48,12,5,0.1392,5.9799,8.0801,0.1887,-0.0708,0.3011
3,positive_training,SHAM,HRSD_17.1,HRSD17,full,MinMaxScaler,ET,48,12,5,0.0722,6.945,9.1557,0.083,-0.3748,0.0879
3,positive_training,SHAM,HRSD_17.1,HRSD17,full,MinMaxScaler,GB,48,12,5,0.1785,6.4139,8.6674,0.1988,-0.2321,0.2571
3,positive_training,SHAM,HRSD_17.1,HRSD17,full,MinMaxScaler,XGB,48,12,5,0.146,6.5625,8.6772,0.1657,-0.2349,0.2961
3,positive_training,SHAM,HRSD_17.1,HRSD17,full,MinMaxScaler,MLP,48,12,5,0.0416,6.6621,7.7161,0.1574,0.0235,0.116
3,positive_training,SHAM,HRSD_17.1,HRSD17,full,MinMaxScaler,LGBM,48,12,5,0.014,6.5502,8.3228,0.0232,-0.1361,0.1068
3,positive_training,SHAM,HRSD_17.1,HRSD17,full,MinMaxScaler,CatBoost,48,12,5,0.0888,6.3549,8.1744,0.1265,-0.0959,0.1954
3,positive_training,SHAM,HRSD_17.1,HRSD17,full,RobustScaler,Ridge,48,12,5,0.0077,6.8253,7.7808,0.1575,0.0071,0.1301
3,positive_training,SHAM,HRSD_17.1,HRSD17,full,RobustScaler,Lasso,48,12,5,0.0007,6.8853,7.8075,0.1518,0.0002,0.116
3,positive_training,SHAM,HRSD_17.1,HRSD17,full,RobustScaler,ElasticNet,48,12,5,0.0068,6.8251,7.7838,0.1518,0.0063,0.116
3,positive_training,SHAM,HRSD_17.1,HRSD17,full,RobustScaler,SVR,48,12,5,0.1037,6.4848,7.9296,0.2014,-0.0313,0.1301
3,positive_training,SHAM,HRSD_17.1,HRSD17,full,RobustScaler,KNN,48,12,5,0.1609,6.4286,7.9038,0.2242,-0.0246,0.212
3,positive_training,SHAM,HRSD_17.1,HRSD17,full,RobustScaler,RF,48,12,5,0.0912,6.543,8.287,0.1243,-0.1263,0.3046
3,positive_training,SHAM,HRSD_17.1,HRSD17,full,RobustScaler,ET,48,12,5,0.0169,6.9172,8.5934,0.022,-0.2112,-0.1265
3,positive_training,SHAM,HRSD_17.1,HRSD17,full,RobustScaler,GB,48,12,5,0.1489,5.9854,8.2391,0.182,-0.1133,0.2575
3,positive_training,SHAM,HRSD_17.1,HRSD17,full,RobustScaler,XGB,48,12,5,0.0124,6.668,8.5618,0.0191,-0.2023,0.0952
3,positive_training,SHAM,HRSD_17.1,HRSD17,full,RobustScaler,MLP,48,12,5,0.0911,6.4064,8.8926,0.1252,-0.2969,0.2074
3,positive_training,SHAM,HRSD_17.1,HRSD17,full,RobustScaler,LGBM,48,12,5,-0.0081,6.8848,8.4675,-0.0131,-0.1759,0.019
3,positive_training,SHAM,HRSD_17.1,HRSD17,full,RobustScaler,CatBoost,48,12,5,0.1018,6.563,8.2159,0.1383,-0.1071,0.1567
4,positive_training,SHAM,HRSD_17.1,HRSD17,full,StandardScaler,Ridge,48,12,5,0.0022,5.1845,7.8264,0.0527,0.0017,0.0737
4,positive_training,SHAM,HRSD_17.1,HRSD17,full,StandardScaler,Lasso,48,12,5,0.0011,5.1901,7.8291,0.0511,0.001,0.0561
4,positive_training,SHAM,HRSD_17.1,HRSD17,full,StandardScaler,ElasticNet,48,12,5,0.0023,5.1838,7.8262,0.0528,0.0017,0.0737
4,positive_training,SHAM,HRSD_17.1,HRSD17,full,StandardScaler,SVR,48,12,5,0.0121,5.2233,7.9744,0.0303,-0.0365,0.0737
4,positive_training,SHAM,HRSD_17.1,HRSD17,full,StandardScaler,KNN,48,12,5,0.1129,4.9167,7.9215,0.1669,-0.0228,0.3792
4,positive_training,SHAM,HRSD_17.1,HRSD17,full,StandardScaler,RF,48,12,5,0.3965,4.2777,6.6681,0.5314,0.2753,0.5404
4,positive_training,SHAM,HRSD_17.1,HRSD17,full,StandardScaler,ET,48,12,5,0.568,4.4583,5.9388,0.6579,0.4251,0.6907
4,positive_training,SHAM,HRSD_17.1,HRSD17,full,StandardScaler,GB,48,12,5,0.4628,4.9923,7.1518,0.5024,0.1663,0.5747
4,positive_training,SHAM,HRSD_17.1,HRSD17,full,StandardScaler,XGB,48,12,5,0.5231,4.4008,6.3386,0.5959,0.3451,0.6109
4,positive_training,SHAM,HRSD_17.1,HRSD17,full,StandardScaler,MLP,48,12,5,0.0176,5.5564,8.177,0.0296,-0.0898,0.0737
4,positive_training,SHAM,HRSD_17.1,HRSD17,full,StandardScaler,LGBM,48,12,5,0.1673,5.8172,8.0024,0.2301,-0.0437,0.3789
4,positive_training,SHAM,HRSD_17.1,HRSD17,full,StandardScaler,CatBoost,48,12,5,0.3709,4.3724,6.7669,0.5162,0.2537,0.5378
4,positive_training,SHAM,HRSD_17.1,HRSD17,full,MinMaxScaler,Ridge,48,12,5,0.0026,5.1824,7.8255,0.0545,0.0019,0.0561
4,positive_training,SHAM,HRSD_17.1,HRSD17,full,MinMaxScaler,Lasso,48,12,5,0.0016,5.188,7.8277,0.0511,0.0013,0.0561
4,positive_training,SHAM,HRSD_17.1,HRSD17,full,MinMaxScaler,ElasticNet,48,12,5,0.0016,5.1873,7.8276,0.0545,0.0013,0.0561
4,positive_training,SHAM,HRSD_17.1,HRSD17,full,MinMaxScaler,SVR,48,12,5,0.0167,5.156,7.8938,0.0487,-0.0156,0.0561
4,positive_training,SHAM,HRSD_17.1,HRSD17,full,MinMaxScaler,KNN,48,12,5,0.3571,4.3833,6.8724,0.4963,0.2302,0.5802
4,positive_training,SHAM,HRSD_17.1,HRSD17,full,MinMaxScaler,RF,48,12,5,0.5444,4.3583,6.0214,0.6532,0.409,0.7158
4,positive_training,SHAM,HRSD_17.1,HRSD17,full,MinMaxScaler,ET,48,12,5,0.5641,4.2575,5.9882,0.6499,0.4155,0.7719
4,positive_training,SHAM,HRSD_17.1,HRSD17,full,MinMaxScaler,GB,48,12,5,0.4238,4.7207,6.5993,0.5431,0.2902,0.6567
4,positive_training,SHAM,HRSD_17.1,HRSD17,full,MinMaxScaler,XGB,48,12,5,0.4807,4.3604,6.3055,0.6026,0.352,0.6567
4,positive_training,SHAM,HRSD_17.1,HRSD17,full,MinMaxScaler,MLP,48,12,5,0.004,5.1646,7.8235,0.0548,0.0024,0.0561
4,positive_training,SHAM,HRSD_17.1,HRSD17,full,MinMaxScaler,LGBM,48,12,5,0.1454,5.7519,7.9912,0.2127,-0.0408,0.2383
4,positive_training,SHAM,HRSD_17.1,HRSD17,full,MinMaxScaler,CatBoost,48,12,5,0.3245,4.667,6.9385,0.4739,0.2153,0.5863
4,positive_training,SHAM,HRSD_17.1,HRSD17,full,RobustScaler,Ridge,48,12,5,0.003,5.1814,7.8256,0.0522,0.0019,0.0737
4,positive_training,SHAM,HRSD_17.1,HRSD17,full,RobustScaler,Lasso,48,12,5,0.0012,5.1871,7.8286,0.064,0.0011,0.0246
4,positive_training,SHAM,HRSD_17.1,HRSD17,full,RobustScaler,ElasticNet,48,12,5,0.0028,5.1829,7.8259,0.0511,0.0018,0.0561
4,positive_training,SHAM,HRSD_17.1,HRSD17,full,RobustScaler,SVR,48,12,5,0.0082,5.1836,7.95,0.0232,-0.0301,0.0561
4,positive_training,SHAM,HRSD_17.1,HRSD17,full,RobustScaler,KNN,48,12,5,0.4424,4.5833,6.5242,0.5754,0.3062,0.6186
4,positive_training,SHAM,HRSD_17.1,HRSD17,full,RobustScaler,RF,48,12,5,0.4484,3.6667,6.3346,0.6355,0.346,0.8456
4,positive_training,SHAM,HRSD_17.1,HRSD17,full,RobustScaler,ET,48,12,5,0.4285,4.0083,6.3886,0.6387,0.3348,0.7474
4,positive_training,SHAM,HRSD_17.1,HRSD17,full,RobustScaler,GB,48,12,5,0.4899,4.0563,6.1362,0.6633,0.3863,0.7088
4,positive_training,SHAM,HRSD_17.1,HRSD17,full,RobustScaler,XGB,48,12,5,0.4885,4.2284,6.2348,0.6195,0.3664,0.6889
4,positive_training,SHAM,HRSD_17.1,HRSD17,full,RobustScaler,MLP,48,12,5,-0.0059,5.8805,8.3903,-0.0096,-0.1474,0.1228
4,positive_training,SHAM,HRSD_17.1,HRSD17,full,RobustScaler,LGBM,48,12,5,-0.0778,5.8904,8.8849,-0.1099,-0.2867,0.0197
4,positive_training,SHAM,HRSD_17.1,HRSD17,full,RobustScaler,CatBoost,48,12,5,0.2388,4.3834,7.2222,0.3904,0.1499,0.4491
5,positive_training,SHAM,HRSD_17.1,HRSD17,full,StandardScaler,Ridge,48,12,5,0.1684,9.3261,20.951,0.4206,-17.5687,0.1094
5,positive_training,SHAM,HRSD_17.1,HRSD17,full,StandardScaler,Lasso,48,12,5,0.1651,9.4723,21.4006,0.4201,-18.3742,0.1094
5,positive_training,SHAM,HRSD_17.1,HRSD17,full,StandardScaler,ElasticNet,48,12,5,0.2013,8.1166,17.0486,0.4208,-11.2956,0.1411
5,positive_training,SHAM,HRSD_17.1,HRSD17,full,StandardScaler,SVR,48,12,5,-0.0497,4.0613,5.1024,-0.1241,-0.1013,-0.2046
5,positive_training,SHAM,HRSD_17.1,HRSD17,full,StandardScaler,KNN,48,12,5,0.2716,5.4167,6.3721,0.2862,-0.7176,0.3932
5,positive_training,SHAM,HRSD_17.1,HRSD17,full,StandardScaler,RF,48,12,5,0.307,4.8404,5.5977,0.313,-0.3255,0.0811
5,positive_training,SHAM,HRSD_17.1,HRSD17,full,StandardScaler,ET,48,12,5,0.1235,6.6397,7.2635,0.1268,-1.2319,0.0529
5,positive_training,SHAM,HRSD_17.1,HRSD17,full,StandardScaler,GB,48,12,5,0.1704,6.1666,7.1463,0.1846,-1.1604,0.2085
5,positive_training,SHAM,HRSD_17.1,HRSD17,full,StandardScaler,XGB,48,12,5,0.2806,5.1967,5.7316,0.29,-0.3897,0.2615
5,positive_training,SHAM,HRSD_17.1,HRSD17,full,StandardScaler,MLP,48,12,5,-0.4074,6.0739,9.5918,-0.428,-2.892,-0.3245
5,positive_training,SHAM,HRSD_17.1,HRSD17,full,StandardScaler,LGBM,48,12,5,0.2775,5.2495,5.6556,0.289,-0.3531,0.2498
5,positive_training,SHAM,HRSD_17.1,HRSD17,full,StandardScaler,CatBoost,48,12,5,0.2202,5.6353,6.2853,0.2227,-0.6712,-0.0212
5,positive_training,SHAM,HRSD_17.1,HRSD17,full,MinMaxScaler,Ridge,48,12,5,0.1737,9.1107,20.2509,0.4208,-16.3485,0.0847
5,positive_training,SHAM,HRSD_17.1,HRSD17,full,MinMaxScaler,Lasso,48,12,5,0.1573,9.8528,22.6533,0.4207,-20.7088,0.067
5,positive_training,SHAM,HRSD_17.1,HRSD17,full,MinMaxScaler,ElasticNet,48,12,5,0.2082,7.9139,16.3925,0.4208,-10.3674,0.0847
5,positive_training,SHAM,HRSD_17.1,HRSD17,full,MinMaxScaler,SVR,48,12,5,-0.1163,4.284,5.3644,-0.3461,-0.2173,-0.381
5,positive_training,SHAM,HRSD_17.1,HRSD17,full,MinMaxScaler,KNN,48,12,5,0.3308,5.25,6.6701,0.4003,-0.8821,0.2058
5,positive_training,SHAM,HRSD_17.1,HRSD17,full,MinMaxScaler,RF,48,12,5,0.3085,5.2225,6.1329,0.3539,-0.5912,0.1693
5,positive_training,SHAM,HRSD_17.1,HRSD17,full,MinMaxScaler,ET,48,12,5,0.3957,4.8433,6.5564,0.4555,-0.8184,0.321
5,positive_training,SHAM,HRSD_17.1,HRSD17,full,MinMaxScaler,GB,48,12,5,0.2262,5.7215,6.7416,0.2418,-0.9226,0.1661
5,positive_training,SHAM,HRSD_17.1,HRSD17,full,MinMaxScaler,XGB,48,12,5,0.2198,5.6276,6.6244,0.2341,-0.8564,0.1944
5,positive_training,SHAM,HRSD_17.1,HRSD17,full,MinMaxScaler,MLP,48,12,5,0.4038,4.0889,5.0936,0.4069,-0.0975,0.134
5,positive_training,SHAM,HRSD_17.1,HRSD17,full,MinMaxScaler,LGBM,48,12,5,0.3253,4.7766,5.1708,0.3357,-0.1311,0.2698
5,positive_training,SHAM,HRSD_17.1,HRSD17,full,MinMaxScaler,CatBoost,48,12,5,0.2723,5.142,5.7337,0.2887,-0.3907,0.1873
5,positive_training,SHAM,HRSD_17.1,HRSD17,full,RobustScaler,Ridge,48,12,5,0.1819,8.7756,19.1986,0.4211,-14.5924,0.134
5,positive_training,SHAM,HRSD_17.1,HRSD17,full,RobustScaler,Lasso,48,12,5,0.2055,7.9864,16.663,0.4214,-10.7457,0.1094
5,positive_training,SHAM,HRSD_17.1,HRSD17,full,RobustScaler,ElasticNet,48,12,5,0.1986,8.2002,17.3365,0.4211,-11.7144,0.1094
5,positive_training,SHAM,HRSD_17.1,HRSD17,full,RobustScaler,SVR,48,12,5,-0.0402,4.0168,5.054,-0.107,-0.0805,-0.0811
5,positive_training,SHAM,HRSD_17.1,HRSD17,full,RobustScaler,KNN,48,12,5,0.3476,5.5333,6.4503,0.3714,-0.7601,0.2827
5,positive_training,SHAM,HRSD_17.1,HRSD17,full,RobustScaler,RF,48,12,5,0.3119,5.3375,6.0359,0.3226,-0.5412,0.127
5,positive_training,SHAM,HRSD_17.1,HRSD17,full,RobustScaler,ET,48,12,5,0.3107,4.8367,5.9598,0.313,-0.5026,0.2363
5,positive_training,SHAM,HRSD_17.1,HRSD17,full,RobustScaler,GB,48,12,5,0.2207,5.8487,7.104,0.2378,-1.1349,0.2787
5,positive_training,SHAM,HRSD_17.1,HRSD17,full,RobustScaler,XGB,48,12,5,0.185,5.8972,6.7708,0.1933,-0.9394,0.0655
5,positive_training,SHAM,HRSD_17.1,HRSD17,full,RobustScaler,MLP,48,12,5,-0.2845,5.9572,7.8935,-0.2957,-1.6358,-0.2928
5,positive_training,SHAM,HRSD_17.1,HRSD17,full,RobustScaler,LGBM,48,12,5,0.257,5.2942,5.7311,0.2688,-0.3895,0.1426
5,positive_training,SHAM,HRSD_17.1,HRSD17,full,RobustScaler,CatBoost,48,12,5,0.2775,5.0613,5.7494,0.2791,-0.3983,0.0212
1,positive_training,SHAM,HRSD_21.1,HRSD21,full,StandardScaler,Ridge,48,12,5,0.2084,6.1258,8.434,0.2285,-0.2475,0.1891
1,positive_training,SHAM,HRSD_21.1,HRSD21,full,StandardScaler,Lasso,48,12,5,0.1791,5.9027,7.9697,0.2155,-0.1139,0.2102
1,positive_training,SHAM,HRSD_21.1,HRSD21,full,StandardScaler,ElasticNet,48,12,5,0.1873,5.8779,7.6912,0.2407,-0.0374,0.2172
1,positive_training,SHAM,HRSD_21.1,HRSD21,full,StandardScaler,SVR,48,12,5,0.1488,6.0286,8.5377,0.1586,-0.2784,0.1611
1,positive_training,SHAM,HRSD_21.1,HRSD21,full,StandardScaler,KNN,48,12,5,0.3269,5.85,8.2055,0.3334,-0.1808,0.1807
1,positive_training,SHAM,HRSD_21.1,HRSD21,full,StandardScaler,RF,48,12,5,0.2834,5.4942,8.4674,0.2941,-0.2574,0.056
1,positive_training,SHAM,HRSD_21.1,HRSD21,full,StandardScaler,ET,48,12,5,0.3084,5.5648,8.4603,0.3315,-0.2553,0.2837
1,positive_training,SHAM,HRSD_21.1,HRSD21,full,StandardScaler,GB,48,12,5,0.3243,6.7921,9.466,0.3382,-0.5714,0.3012
1,positive_training,SHAM,HRSD_21.1,HRSD21,full,StandardScaler,XGB,48,12,5,0.2431,6.0681,8.55,0.2472,-0.282,0.1611
1,positive_training,SHAM,HRSD_21.1,HRSD21,full,StandardScaler,MLP,48,12,5,0.3177,8.0606,11.3433,0.3607,-1.2565,0.2557
1,positive_training,SHAM,HRSD_21.1,HRSD21,full,StandardScaler,LGBM,48,12,5,0.3033,5.2876,7.1989,0.362,0.0911,0.1725
1,positive_training,SHAM,HRSD_21.1,HRSD21,full,StandardScaler,CatBoost,48,12,5,0.3449,5.8948,8.6103,0.3473,-0.3002,0.2067
1,positive_training,SHAM,HRSD_21.1,HRSD21,full,MinMaxScaler,Ridge,48,12,5,0.1872,5.9058,8.0694,0.2185,-0.1419,0.2102
1,positive_training,SHAM,HRSD_21.1,HRSD21,full,MinMaxScaler,Lasso,48,12,5,0.1878,6.038,8.3961,0.2092,-0.2363,0.2102
1,positive_training,SHAM,HRSD_21.1,HRSD21,full,MinMaxScaler,ElasticNet,48,12,5,0.1722,5.9412,7.9103,0.2114,-0.0974,0.2102
1,positive_training,SHAM,HRSD_21.1,HRSD21,full,MinMaxScaler,SVR,48,12,5,0.2442,6.2013,8.8732,0.2532,-0.3808,0.2207
1,positive_training,SHAM,HRSD_21.1,HRSD21,full,MinMaxScaler,KNN,48,12,5,0.3117,6.3167,8.5446,0.3137,-0.2804,0.1496
1,positive_training,SHAM,HRSD_21.1,HRSD21,full,MinMaxScaler,RF,48,12,5,0.3163,5.2825,8.4809,0.3231,-0.2614,0.2347
1,positive_training,SHAM,HRSD_21.1,HRSD21,full,MinMaxScaler,ET,48,12,5,0.2882,5.0492,8.4241,0.3066,-0.2446,0.1156
1,positive_training,SHAM,HRSD_21.1,HRSD21,full,MinMaxScaler,GB,48,12,5,0.2867,6.8404,10.2913,0.3061,-0.8574,0.2452
1,positive_training,SHAM,HRSD_21.1,HRSD21,full,MinMaxScaler,XGB,48,12,5,0.203,6.0549,9.1102,0.2041,-0.4555,0.2067
1,positive_training,SHAM,HRSD_21.1,HRSD21,full,MinMaxScaler,MLP,48,12,5,0.2508,6.1775,8.8743,0.2654,-0.3811,0.2207
1,positive_training,SHAM,HRSD_21.1,HRSD21,full,MinMaxScaler,LGBM,48,12,5,0.4674,4.5672,6.4694,0.5249,0.266,0.4187
1,positive_training,SHAM,HRSD_21.1,HRSD21,full,MinMaxScaler,CatBoost,48,12,5,0.3278,5.1018,8.0662,0.3341,-0.1411,0.3818
1,positive_training,SHAM,HRSD_21.1,HRSD21,full,RobustScaler,Ridge,48,12,10,0.202,6.6505,9.0315,0.2114,-0.4305,0.1891
1,positive_training,SHAM,HRSD_21.1,HRSD21,full,RobustScaler,Lasso,48,12,10,0.1546,5.9903,8.2314,0.1798,-0.1883,0.2102
1,positive_training,SHAM,HRSD_21.1,HRSD21,full,RobustScaler,ElasticNet,48,12,10,0.1591,5.9597,8.205,0.1854,-0.1807,0.2277
1,positive_training,SHAM,HRSD_21.1,HRSD21,full,RobustScaler,SVR,48,12,10,0.0639,6.8999,8.5512,0.0807,-0.2824,0.028
1,positive_training,SHAM,HRSD_21.1,HRSD21,full,RobustScaler,KNN,48,12,10,0.1404,7.4444,9.3264,0.1419,-0.5254,0.1404
1,positive_training,SHAM,HRSD_21.1,HRSD21,full,RobustScaler,RF,48,12,10,0.302,5.42,8.3364,0.3174,-0.2188,0.2837
1,positive_training,SHAM,HRSD_21.1,HRSD21,full,RobustScaler,ET,48,12,10,0.2959,5.5767,8.2398,0.3238,-0.1907,0.2312
1,positive_training,SHAM,HRSD_21.1,HRSD21,full,RobustScaler,GB,48,12,10,0.2808,6.5793,9.7661,0.2981,-0.6727,0.1576
1,positive_training,SHAM,HRSD_21.1,HRSD21,full,RobustScaler,XGB,48,12,10,0.2042,6.5109,9.3268,0.2052,-0.5256,0.0981
1,positive_training,SHAM,HRSD_21.1,HRSD21,full,RobustScaler,MLP,48,12,10,0.3029,7.3916,11.222,0.3579,-1.2085,0.3538
1,positive_training,SHAM,HRSD_21.1,HRSD21,full,RobustScaler,LGBM,48,12,10,0.2735,5.3569,7.3404,0.3333,0.0551,0.1879
1,positive_training,SHAM,HRSD_21.1,HRSD21,full,RobustScaler,CatBoost,48,12,10,0.2819,6.0273,8.9307,0.2855,-0.3987,0.2312
2,positive_training,SHAM,HRSD_21.1,HRSD21,full,StandardScaler,Ridge,48,12,5,-0.1894,9.6857,10.6576,-0.4065,-0.2632,-0.3404
2,positive_training,SHAM,HRSD_21.1,HRSD21,full,StandardScaler,Lasso,48,12,5,-0.1949,9.7487,10.6599,-0.4307,-0.2638,-0.3719
2,positive_training,SHAM,HRSD_21.1,HRSD21,full,StandardScaler,ElasticNet,48,12,5,-0.1867,9.7064,10.6001,-0.4277,-0.2496,-0.3719
2,positive_training,SHAM,HRSD_21.1,HRSD21,full,StandardScaler,SVR,48,12,5,-0.1202,9.4204,10.235,-0.4322,-0.165,-0.3439
2,positive_training,SHAM,HRSD_21.1,HRSD21,full,StandardScaler,KNN,48,12,5,-0.3189,10.7167,11.8734,-0.4708,-0.5679,-0.3726
2,positive_training,SHAM,HRSD_21.1,HRSD21,full,StandardScaler,RF,48,12,5,-0.1531,9.5884,10.737,-0.2649,-0.2821,-0.3544
2,positive_training,SHAM,HRSD_21.1,HRSD21,full,StandardScaler,ET,48,12,5,-0.2057,9.8596,10.9233,-0.4159,-0.327,-0.3474
2,positive_training,SHAM,HRSD_21.1,HRSD21,full,StandardScaler,GB,48,12,5,-0.0232,9.0947,10.807,-0.0323,-0.2989,-0.0316
2,positive_training,SHAM,HRSD_21.1,HRSD21,full,StandardScaler,XGB,48,12,5,0.0098,9.3842,10.6643,0.0119,-0.2648,-0.007
2,positive_training,SHAM,HRSD_21.1,HRSD21,full,StandardScaler,MLP,48,12,5,-0.2804,10.4158,11.3462,-0.4624,-0.4317,-0.3474
2,positive_training,SHAM,HRSD_21.1,HRSD21,full,StandardScaler,LGBM,48,12,5,-0.2619,10.3743,11.2364,-0.4402,-0.4041,-0.2748
2,positive_training,SHAM,HRSD_21.1,HRSD21,full,StandardScaler,CatBoost,48,12,5,-0.1296,9.411,10.7173,-0.2572,-0.2774,-0.4
2,positive_training,SHAM,HRSD_21.1,HRSD21,full,MinMaxScaler,Ridge,48,12,5,-0.1731,9.5906,10.432,-0.5051,-0.2103,-0.4491
2,positive_training,SHAM,HRSD_21.1,HRSD21,full,MinMaxScaler,Lasso,48,12,5,-0.1644,9.5769,10.4001,-0.4674,-0.2029,-0.3509
2,positive_training,SHAM,HRSD_21.1,HRSD21,full,MinMaxScaler,ElasticNet,48,12,5,-0.1215,9.3567,10.1355,-0.4774,-0.1425,-0.407
2,positive_training,SHAM,HRSD_21.1,HRSD21,full,MinMaxScaler,SVR,48,12,5,-0.275,10.1427,11.18,-0.5035,-0.3901,-0.3895
2,positive_training,SHAM,HRSD_21.1,HRSD21,full,MinMaxScaler,KNN,48,12,5,0.0226,8.7857,9.8316,0.0787,-0.075,-0.0967
2,positive_training,SHAM,HRSD_21.1,HRSD21,full,MinMaxScaler,RF,48,12,5,-0.0719,9.2449,10.216,-0.1881,-0.1607,-0.0982
2,positive_training,SHAM,HRSD_21.1,HRSD21,full,MinMaxScaler,ET,48,12,5,0.0253,8.7049,9.9133,0.0698,-0.0929,-0.014
2,positive_training,SHAM,HRSD_21.1,HRSD21,full,MinMaxScaler,GB,48,12,5,0.0517,8.8222,10.5866,0.0671,-0.2464,0.1895
2,positive_training,SHAM,HRSD_21.1,HRSD21,full,MinMaxScaler,XGB,48,12,5,0.0508,8.7293,10.1315,0.1178,-0.1416,0.2561
2,positive_training,SHAM,HRSD_21.1,HRSD21,full,MinMaxScaler,MLP,48,12,5,-0.1156,9.3307,10.0966,-0.4634,-0.1337,-0.407
2,positive_training,SHAM,HRSD_21.1,HRSD21,full,MinMaxScaler,LGBM,48,12,5,-0.2882,10.4331,11.2979,-0.5062,-0.4196,-0.4233
2,positive_training,SHAM,HRSD_21.1,HRSD21,full,MinMaxScaler,CatBoost,48,12,5,-0.0653,9.266,10.3058,-0.2124,-0.1812,-0.2316
2,positive_training,SHAM,HRSD_21.1,HRSD21,full,RobustScaler,Ridge,48,12,5,-0.2522,9.919,10.9333,-0.5401,-0.3294,-0.4316
2,positive_training,SHAM,HRSD_21.1,HRSD21,full,RobustScaler,Lasso,48,12,5,-0.2414,9.8957,10.8734,-0.5271,-0.3149,-0.3895
2,positive_training,SHAM,HRSD_21.1,HRSD21,full,RobustScaler,ElasticNet,48,12,5,-0.24,9.8757,10.848,-0.5399,-0.3088,-0.3895
2,positive_training,SHAM,HRSD_21.1,HRSD21,full,RobustScaler,SVR,48,12,5,-0.1915,9.7476,10.5273,-0.5568,-0.2325,-0.5053
2,positive_training,SHAM,HRSD_21.1,HRSD21,full,RobustScaler,KNN,48,12,5,0.1355,8.0119,9.1109,0.5677,0.0768,0.4561
2,positive_training,SHAM,HRSD_21.1,HRSD21,full,RobustScaler,RF,48,12,5,-0.1046,9.4355,10.3133,-0.2461,-0.1829,-0.3123
2,positive_training,SHAM,HRSD_21.1,HRSD21,full,RobustScaler,ET,48,12,5,0.0255,8.6726,9.8272,0.0749,-0.074,-0.1123
2,positive_training,SHAM,HRSD_21.1,HRSD21,full,RobustScaler,GB,48,12,5,0.1027,8.2048,9.6693,0.1738,-0.0398,0.1789
2,positive_training,SHAM,HRSD_21.1,HRSD21,full,RobustScaler,XGB,48,12,5,0.0162,8.6806,10.171,0.0369,-0.1505,0.1719
2,positive_training,SHAM,HRSD_21.1,HRSD21,full,RobustScaler,MLP,48,12,5,-0.037,9.28,10.312,-0.0692,-0.1826,-0.014
2,positive_training,SHAM,HRSD_21.1,HRSD21,full,RobustScaler,LGBM,48,12,5,-0.2936,10.3174,11.2654,-0.544,-0.4114,-0.4103
2,positive_training,SHAM,HRSD_21.1,HRSD21,full,RobustScaler,CatBoost,48,12,5,-0.0491,8.888,10.1909,-0.1844,-0.155,-0.214
3,positive_training,SHAM,HRSD_21.1,HRSD21,full,StandardScaler,Ridge,48,12,5,0.0163,7.6147,8.5128,0.4117,0.0126,0.3566
3,positive_training,SHAM,HRSD_21.1,HRSD21,full,StandardScaler,Lasso,48,12,5,0.0101,7.66,8.544,0.4153,0.0053,0.3706
3,positive_training,SHAM,HRSD_21.1,HRSD21,full,StandardScaler,ElasticNet,48,12,5,0.0174,7.6071,8.5074,0.4118,0.0138,0.3566
3,positive_training,SHAM,HRSD_21.1,HRSD21,full,StandardScaler,SVR,48,12,5,0.2907,6.7791,8.2453,0.3649,0.0736,0.3357
3,positive_training,SHAM,HRSD_21.1,HRSD21,full,StandardScaler,KNN,48,12,5,0.2813,6.6944,8.1041,0.4353,0.1051,0.4263
3,positive_training,SHAM,HRSD_21.1,HRSD21,full,StandardScaler,RF,48,12,5,0.3569,6.4917,7.9081,0.4294,0.1479,0.2727
3,positive_training,SHAM,HRSD_21.1,HRSD21,full,StandardScaler,ET,48,12,5,0.2367,7.0725,8.7471,0.2835,-0.0426,0.1678
3,positive_training,SHAM,HRSD_21.1,HRSD21,full,StandardScaler,GB,48,12,5,0.3601,7.2222,8.5239,0.386,0.01,0.1189
3,positive_training,SHAM,HRSD_21.1,HRSD21,full,StandardScaler,XGB,48,12,5,0.3814,6.9723,7.9706,0.4394,0.1343,0.2587
3,positive_training,SHAM,HRSD_21.1,HRSD21,full,StandardScaler,MLP,48,12,5,0.3074,6.4737,7.8758,0.404,0.1548,0.3566
3,positive_training,SHAM,HRSD_21.1,HRSD21,full,StandardScaler,LGBM,48,12,5,0.3625,5.9688,7.6311,0.588,0.2065,0.5158
3,positive_training,SHAM,HRSD_21.1,HRSD21,full,StandardScaler,CatBoost,48,12,5,0.3442,7.2961,8.5769,0.3672,-0.0024,0.2378
3,positive_training,SHAM,HRSD_21.1,HRSD21,full,MinMaxScaler,Ridge,48,12,5,0.0161,7.6134,8.5127,0.3845,0.0126,0.3007
3,positive_training,SHAM,HRSD_21.1,HRSD21,full,MinMaxScaler,Lasso,48,12,5,0.0092,7.6597,8.5462,0.3262,0.0048,0.2797
3,positive_training,SHAM,HRSD_21.1,HRSD21,full,MinMaxScaler,ElasticNet,48,12,5,0.0098,7.6575,8.5438,0.3838,0.0054,0.3007
3,positive_training,SHAM,HRSD_21.1,HRSD21,full,MinMaxScaler,SVR,48,12,5,0.0491,7.6222,8.5054,0.3786,0.0143,0.3007
3,positive_training,SHAM,HRSD_21.1,HRSD21,full,MinMaxScaler,KNN,48,12,5,0.2449,6.7222,8.334,0.3897,0.0536,0.2561
3,positive_training,SHAM,HRSD_21.1,HRSD21,full,MinMaxScaler,RF,48,12,5,0.3431,6.89,8.147,0.4046,0.0956,0.1608
3,positive_training,SHAM,HRSD_21.1,HRSD21,full,MinMaxScaler,ET,48,12,5,0.2275,7.3483,8.6052,0.2856,-0.009,0.0699
3,positive_training,SHAM,HRSD_21.1,HRSD21,full,MinMaxScaler,GB,48,12,5,0.3582,8.0699,9.1616,0.3726,-0.1437,0.1329
3,positive_training,SHAM,HRSD_21.1,HRSD21,full,MinMaxScaler,XGB,48,12,5,0.334,8.2118,9.1569,0.3449,-0.1425,0.0979
3,positive_training,SHAM,HRSD_21.1,HRSD21,full,MinMaxScaler,MLP,48,12,5,0.0591,7.4069,8.3536,0.3505,0.0491,0.2657
3,positive_training,SHAM,HRSD_21.1,HRSD21,full,MinMaxScaler,LGBM,48,12,5,0.306,6.2627,8.2549,0.4337,0.0715,0.3595
3,positive_training,SHAM,HRSD_21.1,HRSD21,full,MinMaxScaler,CatBoost,48,12,5,0.3944,6.9376,8.0773,0.4327,0.111,0.2587
3,positive_training,SHAM,HRSD_21.1,HRSD21,full,RobustScaler,Ridge,48,12,5,0.0231,7.5736,8.482,0.4016,0.0197,0.2867
3,positive_training,SHAM,HRSD_21.1,HRSD21,full,RobustScaler,Lasso,48,12,5,0.0085,7.6707,8.552,0.4153,0.0034,0.3706
3,positive_training,SHAM,HRSD_21.1,HRSD21,full,RobustScaler,ElasticNet,48,12,5,0.025,7.5633,8.4739,0.4153,0.0216,0.3706
3,positive_training,SHAM,HRSD_21.1,HRSD21,full,RobustScaler,SVR,48,12,5,0.0118,8.0171,9.1142,0.0231,-0.1319,-0.1469
3,positive_training,SHAM,HRSD_21.1,HRSD21,full,RobustScaler,KNN,48,12,5,0.2908,6.5556,8.263,0.4385,0.0696,0.2867
3,positive_training,SHAM,HRSD_21.1,HRSD21,full,RobustScaler,RF,48,12,5,0.3374,6.3708,8.2796,0.402,0.0659,0.1716
3,positive_training,SHAM,HRSD_21.1,HRSD21,full,RobustScaler,ET,48,12,5,0.2082,7.1517,8.9281,0.2472,-0.0861,0.1189
3,positive_training,SHAM,HRSD_21.1,HRSD21,full,RobustScaler,GB,48,12,5,0.2877,7.026,8.9847,0.3572,-0.1,0.3117
3,positive_training,SHAM,HRSD_21.1,HRSD21,full,RobustScaler,XGB,48,12,5,0.3029,7.0205,9.0431,0.3388,-0.1143,0.3047
3,positive_training,SHAM,HRSD_21.1,HRSD21,full,RobustScaler,MLP,48,12,5,0.284,9.423,10.9031,0.286,-0.6198,0.1538
3,positive_training,SHAM,HRSD_21.1,HRSD21,full,RobustScaler,LGBM,48,12,5,0.1761,6.6326,8.6981,0.2562,-0.0309,0.022
3,positive_training,SHAM,HRSD_21.1,HRSD21,full,RobustScaler,CatBoost,48,12,5,0.3442,6.7764,8.3856,0.3946,0.0418,0.2517
4,positive_training,SHAM,HRSD_21.1,HRSD21,full,StandardScaler,Ridge,48,12,5,0.0033,5.455,7.7455,0.0703,0.001,0.0808
4,positive_training,SHAM,HRSD_21.1,HRSD21,full,StandardScaler,Lasso,48,12,5,0.0018,5.4626,7.7478,0.0599,0.0004,0.0492
4,positive_training,SHAM,HRSD_21.1,HRSD21,full,StandardScaler,ElasticNet,48,12,5,0.0036,5.454,7.7455,0.0699,0.001,0.0808
4,positive_training,SHAM,HRSD_21.1,HRSD21,full,StandardScaler,SVR,48,12,5,0.0188,5.4338,7.8458,0.0488,-0.025,0.0808
4,positive_training,SHAM,HRSD_21.1,HRSD21,full,StandardScaler,KNN,48,12,5,0.347,6.1944,7.918,0.3759,-0.0439,0.3905
4,positive_training,SHAM,HRSD_21.1,HRSD21,full,StandardScaler,RF,48,12,5,0.3836,4.9004,6.8302,0.4801,0.2232,0.4605
4,positive_training,SHAM,HRSD_21.1,HRSD21,full,StandardScaler,ET,48,12,5,0.4156,4.7304,6.7929,0.4974,0.2317,0.6643
4,positive_training,SHAM,HRSD_21.1,HRSD21,full,StandardScaler,GB,48,12,5,0.2779,5.7019,8.1114,0.312,-0.0956,0.4569
4,positive_training,SHAM,HRSD_21.1,HRSD21,full,StandardScaler,XGB,48,12,5,0.2264,6.8034,8.9661,0.2402,-0.3386,0.3691
4,positive_training,SHAM,HRSD_21.1,HRSD21,full,StandardScaler,MLP,48,12,5,0.0343,5.7852,8.0939,0.0539,-0.0908,0.0808
4,positive_training,SHAM,HRSD_21.1,HRSD21,full,StandardScaler,LGBM,48,12,5,0.2007,5.8375,7.981,0.2604,-0.0606,0.3423
4,positive_training,SHAM,HRSD_21.1,HRSD21,full,StandardScaler,CatBoost,48,12,5,0.3065,5.1912,7.3088,0.3855,0.1105,0.3304
4,positive_training,SHAM,HRSD_21.1,HRSD21,full,MinMaxScaler,Ridge,48,12,5,0.0036,5.455,7.7469,0.0644,0.0007,0.0492
4,positive_training,SHAM,HRSD_21.1,HRSD21,full,MinMaxScaler,Lasso,48,12,5,0.0024,5.4605,7.7476,0.0599,0.0005,0.0492
4,positive_training,SHAM,HRSD_21.1,HRSD21,full,MinMaxScaler,ElasticNet,48,12,5,0.0022,5.4604,7.7471,0.0644,0.0006,0.0492
4,positive_training,SHAM,HRSD_21.1,HRSD21,full,MinMaxScaler,SVR,48,12,5,0.0156,5.287,7.7489,0.0634,0.0002,0.0492
4,positive_training,SHAM,HRSD_21.1,HRSD21,full,MinMaxScaler,KNN,48,12,5,0.3154,5.1786,7.1537,0.4217,0.1479,0.4929
4,positive_training,SHAM,HRSD_21.1,HRSD21,full,MinMaxScaler,RF,48,12,5,0.3962,4.8084,6.8386,0.4805,0.2213,0.5546
4,positive_training,SHAM,HRSD_21.1,HRSD21,full,MinMaxScaler,ET,48,12,5,0.6218,4.315,5.7626,0.6688,0.4471,0.7663
4,positive_training,SHAM,HRSD_21.1,HRSD21,full,MinMaxScaler,GB,48,12,5,0.4624,5.1098,6.645,0.5243,0.2648,0.6349
4,positive_training,SHAM,HRSD_21.1,HRSD21,full,MinMaxScaler,XGB,48,12,5,0.5577,5.1822,6.3487,0.5914,0.3288,0.7407
4,positive_training,SHAM,HRSD_21.1,HRSD21,full,MinMaxScaler,MLP,48,12,5,0.0159,5.2921,7.7562,0.0635,-0.0017,0.0492
4,positive_training,SHAM,HRSD_21.1,HRSD21,full,MinMaxScaler,LGBM,48,12,5,0.1556,5.9639,8.1387,0.2113,-0.103,0.2197
4,positive_training,SHAM,HRSD_21.1,HRSD21,full,MinMaxScaler,CatBoost,48,12,5,0.3145,5.0419,7.1537,0.4099,0.1479,0.6208
4,positive_training,SHAM,HRSD_21.1,HRSD21,full,RobustScaler,Ridge,48,12,5,0.004,5.4549,7.7488,0.0599,0.0002,0.0492
4,positive_training,SHAM,HRSD_21.1,HRSD21,full,RobustScaler,Lasso,48,12,5,0.0021,5.4581,7.746,0.0787,0.0009,0.0316
4,positive_training,SHAM,HRSD_21.1,HRSD21,full,RobustScaler,ElasticNet,48,12,5,0.0039,5.4555,7.7485,0.0599,0.0003,0.0492
4,positive_training,SHAM,HRSD_21.1,HRSD21,full,RobustScaler,SVR,48,12,5,0.0125,5.47,7.8745,0.0321,-0.0325,0.0492
4,positive_training,SHAM,HRSD_21.1,HRSD21,full,RobustScaler,KNN,48,12,5,0.1111,5.7143,7.9819,0.1591,-0.0609,0.2801
4,positive_training,SHAM,HRSD_21.1,HRSD21,full,RobustScaler,RF,48,12,5,0.3552,4.3991,6.8222,0.477,0.225,0.5202
4,positive_training,SHAM,HRSD_21.1,HRSD21,full,RobustScaler,ET,48,12,5,0.4736,3.96,6.1492,0.6427,0.3704,0.7557
4,positive_training,SHAM,HRSD_21.1,HRSD21,full,RobustScaler,GB,48,12,5,0.4658,4.3452,6.3377,0.5809,0.3312,0.6925
4,positive_training,SHAM,HRSD_21.1,HRSD21,full,RobustScaler,XGB,48,12,5,0.5149,4.4671,6.2809,0.5913,0.3431,0.7201
4,positive_training,SHAM,HRSD_21.1,HRSD21,full,RobustScaler,MLP,48,12,5,-0.0087,6.0885,8.5162,-0.0128,-0.2076,-0.0035
4,positive_training,SHAM,HRSD_21.1,HRSD21,full,RobustScaler,LGBM,48,12,5,-0.023,6.0499,8.8326,-0.0302,-0.299,0.0474
4,positive_training,SHAM,HRSD_21.1,HRSD21,full,RobustScaler,CatBoost,48,12,5,0.2859,4.6345,7.1044,0.4035,0.1596,0.4569
5,positive_training,SHAM,HRSD_21.1,HRSD21,full,StandardScaler,Ridge,48,12,5,0.2264,8.3103,16.825,0.4391,-9.2113,0.2011
5,positive_training,SHAM,HRSD_21.1,HRSD21,full,StandardScaler,Lasso,48,12,5,0.2476,7.7624,15.0431,0.4383,-7.163,0.1728
5,positive_training,SHAM,HRSD_21.1,HRSD21,full,StandardScaler,ElasticNet,48,12,5,0.2181,8.5544,17.6029,0.4391,-10.1774,0.2011
5,positive_training,SHAM,HRSD_21.1,HRSD21,full,StandardScaler,SVR,48,12,5,0.0063,4.2934,5.3755,0.0149,-0.0423,-0.0106
5,positive_training,SHAM,HRSD_21.1,HRSD21,full,StandardScaler,KNN,48,12,5,0.2988,6.4444,7.487,0.3291,-1.022,-0.133
5,positive_training,SHAM,HRSD_21.1,HRSD21,full,StandardScaler,RF,48,12,5,0.2692,6.0162,6.6885,0.282,-0.6137,0.067
5,positive_training,SHAM,HRSD_21.1,HRSD21,full,StandardScaler,ET,48,12,5,0.2786,5.8117,6.8398,0.2837,-0.6875,0.2116
5,positive_training,SHAM,HRSD_21.1,HRSD21,full,StandardScaler,GB,48,12,5,0.2151,6.6173,7.8596,0.2307,-1.2283,0.1767
5,positive_training,SHAM,HRSD_21.1,HRSD21,full,StandardScaler,XGB,48,12,5,0.1604,6.5981,7.3318,0.1668,-0.9391,0.0425
5,positive_training,SHAM,HRSD_21.1,HRSD21,full,StandardScaler,MLP,48,12,5,-0.3056,6.0235,7.9024,-0.327,-1.2526,-0.2646
5,positive_training,SHAM,HRSD_21.1,HRSD21,full,StandardScaler,LGBM,48,12,5,0.2806,5.7336,6.137,0.2936,-0.3586,0.1141
5,positive_training,SHAM,HRSD_21.1,HRSD21,full,StandardScaler,CatBoost,48,12,5,0.269,5.7523,6.329,0.2711,-0.4449,-0.0317
5,positive_training,SHAM,HRSD_21.1,HRSD21,full,MinMaxScaler,Ridge,48,12,5,0.1849,9.7281,21.3706,0.4389,-15.4742,0.1728
5,positive_training,SHAM,HRSD_21.1,HRSD21,full,MinMaxScaler,Lasso,48,12,5,0.2035,9.031,19.0828,0.4383,-12.1358,0.1728
5,positive_training,SHAM,HRSD_21.1,HRSD21,full,MinMaxScaler,ElasticNet,48,12,5,0.2197,8.509,17.4417,0.4389,-9.9736,0.1728
5,positive_training,SHAM,HRSD_21.1,HRSD21,full,MinMaxScaler,SVR,48,12,5,-0.1252,4.5697,5.7952,-0.3242,-0.2115,-0.2928
5,positive_training,SHAM,HRSD_21.1,HRSD21,full,MinMaxScaler,KNN,48,12,5,0.3237,6.0556,7.2915,0.378,-0.9178,0.154
5,positive_training,SHAM,HRSD_21.1,HRSD21,full,MinMaxScaler,RF,48,12,5,0.2292,6.4475,7.295,0.2526,-0.9197,0.0176
5,positive_training,SHAM,HRSD_21.1,HRSD21,full,MinMaxScaler,ET,48,12,5,0.1655,6.7158,7.8312,0.1732,-1.2122,0.06
5,positive_training,SHAM,HRSD_21.1,HRSD21,full,MinMaxScaler,GB,48,12,5,0.1586,6.6324,7.6019,0.167,-1.0846,0.0248
5,positive_training,SHAM,HRSD_21.1,HRSD21,full,MinMaxScaler,XGB,48,12,5,0.1759,6.566,7.2699,0.1853,-0.9065,0.085
5,positive_training,SHAM,HRSD_21.1,HRSD21,full,MinMaxScaler,MLP,48,12,5,0.3993,5.2947,7.3468,0.4375,-0.947,0.1728
5,positive_training,SHAM,HRSD_21.1,HRSD21,full,MinMaxScaler,LGBM,48,12,5,0.3236,5.4007,5.729,0.3368,-0.1839,0.2586
5,positive_training,SHAM,HRSD_21.1,HRSD21,full,MinMaxScaler,CatBoost,48,12,5,0.0972,7.1441,7.8658,0.1018,-1.2318,-0.0531
5,positive_training,SHAM,HRSD_21.1,HRSD21,full,RobustScaler,Ridge,48,12,5,0.1855,9.6996,21.3003,0.4392,-15.3661,0.2011
5,positive_training,SHAM,HRSD_21.1,HRSD21,full,RobustScaler,Lasso,48,12,5,0.2035,9.0275,19.138,0.4395,-12.2119,0.1728
5,positive_training,SHAM,HRSD_21.1,HRSD21,full,RobustScaler,ElasticNet,48,12,5,0.1982,9.2144,19.7272,0.4392,-13.0379,0.1728
5,positive_training,SHAM,HRSD_21.1,HRSD21,full,RobustScaler,SVR,48,12,5,0.0067,4.2923,5.3744,0.016,-0.0419,-0.0106
5,positive_training,SHAM,HRSD_21.1,HRSD21,full,RobustScaler,KNN,48,12,5,0.3154,6.2,6.9527,0.3348,-0.7437,0.212
5,positive_training,SHAM,HRSD_21.1,HRSD21,full,RobustScaler,RF,48,12,5,0.2802,5.9517,6.5816,0.2928,-0.5626,0.067
5,positive_training,SHAM,HRSD_21.1,HRSD21,full,RobustScaler,ET,48,12,5,0.2827,5.7258,6.5818,0.2855,-0.5627,0.2116
5,positive_training,SHAM,HRSD_21.1,HRSD21,full,RobustScaler,GB,48,12,5,0.2361,6.3079,7.6706,0.2531,-1.1224,0.2399
5,positive_training,SHAM,HRSD_21.1,HRSD21,full,RobustScaler,XGB,48,12,5,0.1604,6.5981,7.3318,0.1668,-0.9391,0.0425
5,positive_training,SHAM,HRSD_21.1,HRSD21,full,RobustScaler,MLP,48,12,5,-0.3027,6.8624,9.7466,-0.328,-2.4267,-0.2505
5,positive_training,SHAM,HRSD_21.1,HRSD21,full,RobustScaler,LGBM,48,12,5,0.2779,5.7322,6.1138,0.2928,-0.3483,0.1141
5,positive_training,SHAM,HRSD_21.1,HRSD21,full,RobustScaler,CatBoost,48,12,5,0.3,5.4898,5.9868,0.3025,-0.2929,0.0388
1,positive_training,SHAM,HRSD_24.1,HRSD24,full,StandardScaler,Ridge,48,12,5,0.2061,8.548,11.7668,0.21,-0.3564,0.1237
1,positive_training,SHAM,HRSD_24.1,HRSD24,full,StandardScaler,Lasso,48,12,5,0.1836,8.4709,11.0583,0.1974,-0.198,0.1555
1,positive_training,SHAM,HRSD_24.1,HRSD24,full,StandardScaler,ElasticNet,48,12,5,0.1897,8.304,10.6168,0.2152,-0.1042,0.1555
1,positive_training,SHAM,HRSD_24.1,HRSD24,full,StandardScaler,SVR,48,12,5,0.233,7.9189,10.7678,0.2493,-0.1359,0.2226
1,positive_training,SHAM,HRSD_24.1,HRSD24,full,StandardScaler,KNN,48,12,5,0.3463,7.7976,10.4427,0.3557,-0.0683,0.2855
1,positive_training,SHAM,HRSD_24.1,HRSD24,full,StandardScaler,RF,48,12,5,0.3344,7.4072,10.4255,0.3456,-0.0648,0.2933
1,positive_training,SHAM,HRSD_24.1,HRSD24,full,StandardScaler,ET,48,12,5,0.3515,7.3608,10.4703,0.3628,-0.074,0.3074
1,positive_training,SHAM,HRSD_24.1,HRSD24,full,StandardScaler,GB,48,12,5,0.339,7.5284,11.6295,0.3425,-0.325,0.2721
1,positive_training,SHAM,HRSD_24.1,HRSD24,full,StandardScaler,XGB,48,12,5,0.373,6.8264,10.7797,0.3757,-0.1384,0.3887
1,positive_training,SHAM,HRSD_24.1,HRSD24,full,StandardScaler,MLP,48,12,5,0.3394,9.0812,13.7697,0.3687,-0.8575,0.3675
1,positive_training,SHAM,HRSD_24.1,HRSD24,full,StandardScaler,LGBM,48,12,5,0.3591,7.2789,9.7181,0.3898,0.0748,0.2268
1,positive_training,SHAM,HRSD_24.1,HRSD24,full,StandardScaler,CatBoost,48,12,5,0.2823,7.4757,11.306,0.2864,-0.2523,0.1979
1,positive_training,SHAM,HRSD_24.1,HRSD24,full,MinMaxScaler,Ridge,48,12,5,0.2058,8.2906,11.1837,0.2158,-0.2253,0.1661
1,positive_training,SHAM,HRSD_24.1,HRSD24,full,MinMaxScaler,Lasso,48,12,5,0.2005,8.4774,11.5093,0.2066,-0.2977,0.1661
1,positive_training,SHAM,HRSD_24.1,HRSD24,full,MinMaxScaler,ElasticNet,48,12,5,0.1754,8.273,10.5269,0.2052,-0.0856,0.1661
1,positive_training,SHAM,HRSD_24.1,HRSD24,full,MinMaxScaler,SVR,48,12,5,0.1963,8.2757,10.5505,0.223,-0.0905,0.152
1,positive_training,SHAM,HRSD_24.1,HRSD24,full,MinMaxScaler,KNN,48,12,5,0.4526,6.75,10.0051,0.4571,0.0193,0.3155
1,positive_training,SHAM,HRSD_24.1,HRSD24,full,MinMaxScaler,RF,48,12,5,0.3053,8.2085,10.8503,0.3127,-0.1533,0.1555
1,positive_training,SHAM,HRSD_24.1,HRSD24,full,MinMaxScaler,ET,48,12,5,0.3384,7.8358,10.793,0.3434,-0.1412,0.1272
1,positive_training,SHAM,HRSD_24.1,HRSD24,full,MinMaxScaler,GB,48,12,5,0.3527,8.4145,11.4723,0.3528,-0.2894,0.1732
1,positive_training,SHAM,HRSD_24.1,HRSD24,full,MinMaxScaler,XGB,48,12,5,0.3672,8.042,10.7026,0.3724,-0.1222,0.1876
1,positive_training,SHAM,HRSD_24.1,HRSD24,full,MinMaxScaler,MLP,48,12,5,0.2703,8.1794,12.0303,0.2725,-0.4179,0.1378
1,positive_training,SHAM,HRSD_24.1,HRSD24,full,MinMaxScaler,LGBM,48,12,5,0.2956,8.3778,10.3738,0.3386,-0.0543,0.3078
1,positive_training,SHAM,HRSD_24.1,HRSD24,full,MinMaxScaler,CatBoost,48,12,5,0.2784,8.5203,10.9276,0.2873,-0.1698,0.1131
1,positive_training,SHAM,HRSD_24.1,HRSD24,full,RobustScaler,Ridge,48,12,10,0.0323,10.6237,14.7446,0.0325,-1.1298,0.0848
1,positive_training,SHAM,HRSD_24.1,HRSD24,full,RobustScaler,Lasso,48,12,10,0.0226,8.0817,10.008,0.3213,0.0188,0.311
1,positive_training,SHAM,HRSD_24.1,HRSD24,full,RobustScaler,ElasticNet,48,12,10,0.1127,9.7577,13.5509,0.1129,-0.7989,0.1131
1,positive_training,SHAM,HRSD_24.1,HRSD24,full,RobustScaler,SVR,48,12,10,0.2075,8.1517,10.3757,0.2405,-0.0547,0.2191
1,positive_training,SHAM,HRSD_24.1,HRSD24,full,RobustScaler,KNN,48,12,10,0.2682,7.7024,10.548,0.2857,-0.09,0.3422
1,positive_training,SHAM,HRSD_24.1,HRSD24,full,RobustScaler,RF,48,12,10,0.3787,6.6417,10.0756,0.3924,0.0055,0.3286
1,positive_training,SHAM,HRSD_24.1,HRSD24,full,RobustScaler,ET,48,12,10,0.3945,6.6171,9.572,0.4267,0.1024,0.4665
1,positive_training,SHAM,HRSD_24.1,HRSD24,full,RobustScaler,GB,48,12,10,0.5633,6.4342,9.0322,0.5725,0.2008,0.4347
1,positive_training,SHAM,HRSD_24.1,HRSD24,full,RobustScaler,XGB,48,12,10,0.49,6.8569,8.9471,0.5158,0.2158,0.318
1,positive_training,SHAM,HRSD_24.1,HRSD24,full,RobustScaler,MLP,48,12,10,0.3515,8.0684,13.0209,0.3745,-0.661,0.3357
1,positive_training,SHAM,HRSD_24.1,HRSD24,full,RobustScaler,LGBM,48,12,10,0.4348,7.3271,9.4462,0.458,0.1258,0.4202
1,positive_training,SHAM,HRSD_24.1,HRSD24,full,RobustScaler,CatBoost,48,12,10,0.4561,6.4623,9.2334,0.4806,0.1648,0.4559
2,positive_training,SHAM,HRSD_24.1,HRSD24,full,StandardScaler,Ridge,48,12,10,-0.1432,11.6201,12.8207,-0.5677,-0.1653,-0.3503
2,positive_training,SHAM,HRSD_24.1,HRSD24,full,StandardScaler,Lasso,48,12,10,-0.1606,11.7483,12.9667,-0.5086,-0.192,-0.3503
2,positive_training,SHAM,HRSD_24.1,HRSD24,full,StandardScaler,ElasticNet,48,12,10,-0.1801,11.8209,13.0859,-0.5675,-0.214,-0.3503
2,positive_training,SHAM,HRSD_24.1,HRSD24,full,StandardScaler,SVR,48,12,10,-0.09,11.4747,12.7145,-0.2379,-0.1461,-0.1576
2,positive_training,SHAM,HRSD_24.1,HRSD24,full,StandardScaler,KNN,48,12,10,0.0719,10.5667,12.2333,0.2082,-0.061,-0.06
2,positive_training,SHAM,HRSD_24.1,HRSD24,full,StandardScaler,RF,48,12,10,-0.1821,11.7464,13.6,-0.3145,-0.3112,-0.3117
2,positive_training,SHAM,HRSD_24.1,HRSD24,full,StandardScaler,ET,48,12,10,-0.0597,11.2492,12.7984,-0.1332,-0.1612,-0.0105
2,positive_training,SHAM,HRSD_24.1,HRSD24,full,StandardScaler,GB,48,12,10,-0.3333,14.1098,16.2055,-0.3698,-0.8618,-0.3783
2,positive_training,SHAM,HRSD_24.1,HRSD24,full,StandardScaler,XGB,48,12,10,-0.2991,12.7602,15.1704,-0.3721,-0.6316,-0.3643
2,positive_training,SHAM,HRSD_24.1,HRSD24,full,StandardScaler,MLP,48,12,10,-0.1765,12.2786,13.6828,-0.3057,-0.3273,-0.2277
2,positive_training,SHAM,HRSD_24.1,HRSD24,full,StandardScaler,LGBM,48,12,10,-0.2443,12.2588,14.5556,-0.3242,-0.502,-0.2923
2,positive_training,SHAM,HRSD_24.1,HRSD24,full,StandardScaler,CatBoost,48,12,10,-0.123,11.2413,13.0192,-0.2768,-0.2017,-0.3257
2,positive_training,SHAM,HRSD_24.1,HRSD24,full,MinMaxScaler,Ridge,48,12,5,-0.1396,11.6509,12.8438,-0.4429,-0.1695,-0.4098
2,positive_training,SHAM,HRSD_24.1,HRSD24,full,MinMaxScaler,Lasso,48,12,5,-0.1376,11.655,12.8562,-0.4129,-0.1717,-0.3468
2,positive_training,SHAM,HRSD_24.1,HRSD24,full,MinMaxScaler,ElasticNet,48,12,5,-0.0989,11.4114,12.5393,-0.4382,-0.1147,-0.3958
2,positive_training,SHAM,HRSD_24.1,HRSD24,full,MinMaxScaler,SVR,48,12,5,-0.2301,12.2159,13.6457,-0.4585,-0.3201,-0.4098
2,positive_training,SHAM,HRSD_24.1,HRSD24,full,MinMaxScaler,KNN,48,12,5,0.034,10.7024,12.4191,0.0848,-0.0934,-0.0211
2,positive_training,SHAM,HRSD_24.1,HRSD24,full,MinMaxScaler,RF,48,12,5,0.0893,10.0589,11.8399,0.1882,0.0062,0.0841
2,positive_training,SHAM,HRSD_24.1,HRSD24,full,MinMaxScaler,ET,48,12,5,0.2168,9.3563,11.1733,0.4321,0.1149,0.4518
2,positive_training,SHAM,HRSD_24.1,HRSD24,full,MinMaxScaler,GB,48,12,5,0.3137,9.0728,10.7287,0.4789,0.184,0.5499
2,positive_training,SHAM,HRSD_24.1,HRSD24,full,MinMaxScaler,XGB,48,12,5,0.261,9.3399,11.0503,0.4516,0.1343,0.4133
2,positive_training,SHAM,HRSD_24.1,HRSD24,full,MinMaxScaler,MLP,48,12,5,-0.1507,11.7701,13.0323,-0.37,-0.2041,-0.2627
2,positive_training,SHAM,HRSD_24.1,HRSD24,full,MinMaxScaler,LGBM,48,12,5,-0.2543,12.6999,13.895,-0.468,-0.3688,-0.4085
2,positive_training,SHAM,HRSD_24.1,HRSD24,full,MinMaxScaler,CatBoost,48,12,5,0.1695,9.7653,11.2917,0.4558,0.0961,0.3958
2,positive_training,SHAM,HRSD_24.1,HRSD24,full,RobustScaler,Ridge,48,12,5,-0.1516,11.6421,12.8878,-0.5624,-0.1775,-0.3608
2,positive_training,SHAM,HRSD_24.1,HRSD24,full,RobustScaler,Lasso,48,12,5,-0.1631,11.7632,12.9915,-0.4967,-0.1965,-0.4028
2,positive_training,SHAM,HRSD_24.1,HRSD24,full,RobustScaler,ElasticNet,48,12,5,-0.1765,11.8016,13.066,-0.5531,-0.2103,-0.3608
2,positive_training,SHAM,HRSD_24.1,HRSD24,full,RobustScaler,SVR,48,12,5,-0.0596,11.2644,12.5444,-0.3128,-0.1156,-0.2452
2,positive_training,SHAM,HRSD_24.1,HRSD24,full,RobustScaler,KNN,48,12,5,0.0309,11.1071,12.4262,0.1009,-0.0947,0.1821
2,positive_training,SHAM,HRSD_24.1,HRSD24,full,RobustScaler,RF,48,12,5,-0.0389,11.0023,12.6241,-0.1071,-0.1298,-0.1681
2,positive_training,SHAM,HRSD_24.1,HRSD24,full,RobustScaler,ET,48,12,5,0.026,10.6242,12.3987,0.0797,-0.0898,0.1471
2,positive_training,SHAM,HRSD_24.1,HRSD24,full,RobustScaler,GB,48,12,5,0.053,11.2045,13.0132,0.0984,-0.2005,0.2732
2,positive_training,SHAM,HRSD_24.1,HRSD24,full,RobustScaler,XGB,48,12,5,-0.0014,10.5448,13.0376,-0.002,-0.2051,-0.0175
2,positive_training,SHAM,HRSD_24.1,HRSD24,full,RobustScaler,MLP,48,12,5,-0.1096,11.5159,13.1735,-0.265,-0.2303,-0.2697
2,positive_training,SHAM,HRSD_24.1,HRSD24,full,RobustScaler,LGBM,48,12,5,-0.2856,12.5779,14.0471,-0.5675,-0.3989,-0.471
2,positive_training,SHAM,HRSD_24.1,HRSD24,full,RobustScaler,CatBoost,48,12,5,-0.0419,10.9204,12.7208,-0.162,-0.1472,-0.0595
3,positive_training,SHAM,HRSD_24.1,HRSD24,full,StandardScaler,Ridge,48,12,5,0.1719,8.084,9.2826,0.251,0.0333,0.1408
3,positive_training,SHAM,HRSD_24.1,HRSD24,full,StandardScaler,Lasso,48,12,5,0.1366,7.995,9.3066,0.2234,0.0283,0.0775
3,positive_training,SHAM,HRSD_24.1,HRSD24,full,StandardScaler,ElasticNet,48,12,5,0.1376,7.9089,9.148,0.2538,0.0612,0.1408
3,positive_training,SHAM,HRSD_24.1,HRSD24,full,StandardScaler,SVR,48,12,5,0.2544,8.3103,9.2129,0.3098,0.0478,0.2394
3,positive_training,SHAM,HRSD_24.1,HRSD24,full,StandardScaler,KNN,48,12,5,0.2224,7.4833,9.5406,0.2831,-0.0211,0.2148
3,positive_training,SHAM,HRSD_24.1,HRSD24,full,StandardScaler,RF,48,12,5,0.3225,7.3954,9.0571,0.3889,0.0797,0.3556
3,positive_training,SHAM,HRSD_24.1,HRSD24,full,StandardScaler,ET,48,12,5,0.3457,7.5719,9.1945,0.3805,0.0516,0.1549
3,positive_training,SHAM,HRSD_24.1,HRSD24,full,StandardScaler,GB,48,12,5,0.3136,7.7302,9.6279,0.344,-0.0399,0.2289
3,positive_training,SHAM,HRSD_24.1,HRSD24,full,StandardScaler,XGB,48,12,5,0.2138,8.0183,9.71,0.3064,-0.0577,0.2747
3,positive_training,SHAM,HRSD_24.1,HRSD24,full,StandardScaler,MLP,48,12,5,0.33,7.4839,8.981,0.3803,0.0951,0.2359
3,positive_training,SHAM,HRSD_24.1,HRSD24,full,StandardScaler,LGBM,48,12,5,0.1903,7.6319,9.3442,0.267,0.0205,0.1396
3,positive_training,SHAM,HRSD_24.1,HRSD24,full,StandardScaler,CatBoost,48,12,5,0.3598,7.5716,9.3093,0.3824,0.0278,0.4718
3,positive_training,SHAM,HRSD_24.1,HRSD24,full,MinMaxScaler,Ridge,48,12,5,0.1561,8.1283,9.3581,0.2304,0.0176,0.1092
3,positive_training,SHAM,HRSD_24.1,HRSD24,full,MinMaxScaler,Lasso,48,12,5,0.1564,8.1335,9.4425,0.2236,-0.0003,0.0775
3,positive_training,SHAM,HRSD_24.1,HRSD24,full,MinMaxScaler,ElasticNet,48,12,5,0.1694,8.1525,9.3878,0.2381,0.0113,0.1408
3,positive_training,SHAM,HRSD_24.1,HRSD24,full,MinMaxScaler,SVR,48,12,5,0.2217,8.6449,9.5616,0.2636,-0.0256,0.1655
3,positive_training,SHAM,HRSD_24.1,HRSD24,full,MinMaxScaler,KNN,48,12,5,0.1676,7.9524,9.6025,0.217,-0.0344,0.0123
3,positive_training,SHAM,HRSD_24.1,HRSD24,full,MinMaxScaler,RF,48,12,5,0.3434,7.145,8.808,0.4333,0.1297,0.3697
3,positive_training,SHAM,HRSD_24.1,HRSD24,full,MinMaxScaler,ET,48,12,5,0.3384,7.1143,8.8818,0.3964,0.115,0.2394
3,positive_training,SHAM,HRSD_24.1,HRSD24,full,MinMaxScaler,GB,48,12,5,0.3633,8.0358,9.7842,0.3747,-0.074,0.2747
3,positive_training,SHAM,HRSD_24.1,HRSD24,full,MinMaxScaler,XGB,48,12,5,0.3323,8.145,9.9343,0.3551,-0.1072,0.1444
3,positive_training,SHAM,HRSD_24.1,HRSD24,full,MinMaxScaler,MLP,48,12,5,0.1986,8.1305,9.3905,0.2604,0.0107,0.2078
3,positive_training,SHAM,HRSD_24.1,HRSD24,full,MinMaxScaler,LGBM,48,12,5,0.2883,7.237,8.5635,0.4831,0.1773,0.5053
3,positive_training,SHAM,HRSD_24.1,HRSD24,full,MinMaxScaler,CatBoost,48,12,5,0.3598,7.7551,9.3,0.3921,0.0297,0.3732
3,positive_training,SHAM,HRSD_24.1,HRSD24,full,RobustScaler,Ridge,48,12,10,0.0403,9.364,11.0652,0.0508,-0.3736,-0.2183
3,positive_training,SHAM,HRSD_24.1,HRSD24,full,RobustScaler,Lasso,48,12,10,0.0161,8.4717,9.4075,0.4751,0.0071,0.3979
3,positive_training,SHAM,HRSD_24.1,HRSD24,full,RobustScaler,ElasticNet,48,12,10,0.0363,8.8937,10.4358,0.0497,-0.2218,-0.1585
3,positive_training,SHAM,HRSD_24.1,HRSD24,full,RobustScaler,SVR,48,12,10,0.0588,8.72,9.3678,0.32,0.0155,0.3099
3,positive_training,SHAM,HRSD_24.1,HRSD24,full,RobustScaler,KNN,48,12,10,0.206,7.6667,10.0342,0.2355,-0.1295,0.1517
3,positive_training,SHAM,HRSD_24.1,HRSD24,full,RobustScaler,RF,48,12,10,0.3295,7.0188,8.9339,0.4012,0.1046,0.2254
3,positive_training,SHAM,HRSD_24.1,HRSD24,full,RobustScaler,ET,48,12,10,0.2979,7.5742,9.3683,0.3314,0.0154,0.1408
3,positive_training,SHAM,HRSD_24.1,HRSD24,full,RobustScaler,GB,48,12,10,0.4167,7.5726,9.0753,0.4953,0.076,0.4859
3,positive_training,SHAM,HRSD_24.1,HRSD24,full,RobustScaler,XGB,48,12,10,0.1772,8.1489,10.2097,0.251,-0.1694,0.0176
3,positive_training,SHAM,HRSD_24.1,HRSD24,full,RobustScaler,MLP,48,12,10,0.4055,8.8696,10.4053,0.4056,-0.2146,0.2007
3,positive_training,SHAM,HRSD_24.1,HRSD24,full,RobustScaler,LGBM,48,12,10,0.3056,7.178,8.6165,0.4697,0.1671,0.1174
3,positive_training,SHAM,HRSD_24.1,HRSD24,full,RobustScaler,CatBoost,48,12,10,0.3127,7.8228,9.426,0.3406,0.0033,0.2958
4,positive_training,SHAM,HRSD_24.1,HRSD24,full,StandardScaler,Ridge,48,12,5,0.0055,7.8221,10.707,0.1369,-0.0063,0.2032
4,positive_training,SHAM,HRSD_24.1,HRSD24,full,StandardScaler,Lasso,48,12,5,0.0041,7.8282,10.7184,0.1337,-0.0085,0.1891
4,positive_training,SHAM,HRSD_24.1,HRSD24,full,StandardScaler,ElasticNet,48,12,5,0.0054,7.822,10.7076,0.1373,-0.0065,0.2032
4,positive_training,SHAM,HRSD_24.1,HRSD24,full,StandardScaler,SVR,48,12,5,0.0467,7.9,10.79,0.1368,-0.022,0.2032
4,positive_training,SHAM,HRSD_24.1,HRSD24,full,StandardScaler,KNN,48,12,5,0.3324,7.6111,10.094,0.3821,0.1056,0.3023
4,positive_training,SHAM,HRSD_24.1,HRSD24,full,StandardScaler,RF,48,12,5,0.4288,6.7068,8.9066,0.5718,0.3036,0.5289
4,positive_training,SHAM,HRSD_24.1,HRSD24,full,StandardScaler,ET,48,12,5,0.364,6.7629,9.3567,0.4823,0.2315,0.3958
4,positive_training,SHAM,HRSD_24.1,HRSD24,full,StandardScaler,GB,48,12,5,0.1466,8.6745,11.6121,0.1644,-0.1837,0.2417
4,positive_training,SHAM,HRSD_24.1,HRSD24,full,StandardScaler,XGB,48,12,5,0.3783,7.1477,9.9026,0.4299,0.1392,0.4228
4,positive_training,SHAM,HRSD_24.1,HRSD24,full,StandardScaler,MLP,48,12,5,0.082,8.2118,10.9134,0.1381,-0.0455,0.2032
4,positive_training,SHAM,HRSD_24.1,HRSD24,full,StandardScaler,LGBM,48,12,5,0.2393,7.7169,10.2899,0.3155,0.0705,0.3562
4,positive_training,SHAM,HRSD_24.1,HRSD24,full,StandardScaler,CatBoost,48,12,5,0.3142,7.3885,9.6036,0.441,0.1904,0.2942
4,positive_training,SHAM,HRSD_24.1,HRSD24,full,MinMaxScaler,Ridge,48,12,5,0.0068,7.8097,10.6964,0.1419,-0.0044,0.1891
4,positive_training,SHAM,HRSD_24.1,HRSD24,full,MinMaxScaler,Lasso,48,12,5,0.0051,7.8212,10.7096,0.1337,-0.0068,0.1891
4,positive_training,SHAM,HRSD_24.1,HRSD24,full,MinMaxScaler,ElasticNet,48,12,5,0.0041,7.8282,10.7192,0.142,-0.0086,0.1891
4,positive_training,SHAM,HRSD_24.1,HRSD24,full,MinMaxScaler,SVR,48,12,5,0.0471,7.8067,10.7413,0.142,-0.0128,0.1891
4,positive_training,SHAM,HRSD_24.1,HRSD24,full,MinMaxScaler,KNN,48,12,5,0.3442,6.9167,9.3041,0.5009,0.2401,0.5518
4,positive_training,SHAM,HRSD_24.1,HRSD24,full,MinMaxScaler,RF,48,12,5,0.4455,5.768,8.8492,0.5708,0.3126,0.5509
4,positive_training,SHAM,HRSD_24.1,HRSD24,full,MinMaxScaler,ET,48,12,5,0.5807,6.0167,8.1453,0.6647,0.4176,0.6935
4,positive_training,SHAM,HRSD_24.1,HRSD24,full,MinMaxScaler,GB,48,12,5,0.3839,6.5875,9.7272,0.4404,0.1694,0.5413
4,positive_training,SHAM,HRSD_24.1,HRSD24,full,MinMaxScaler,XGB,48,12,5,0.4579,6.2483,9.0709,0.5328,0.2777,0.5835
4,positive_training,SHAM,HRSD_24.1,HRSD24,full,MinMaxScaler,MLP,48,12,5,0.0323,7.5497,10.6245,0.1414,0.0091,0.1891
4,positive_training,SHAM,HRSD_24.1,HRSD24,full,MinMaxScaler,LGBM,48,12,5,0.2003,7.94,10.3944,0.2827,0.0516,0.3136
4,positive_training,SHAM,HRSD_24.1,HRSD24,full,MinMaxScaler,CatBoost,48,12,5,0.3455,6.3401,9.3803,0.4812,0.2276,0.4148
4,positive_training,SHAM,HRSD_24.1,HRSD24,full,RobustScaler,Ridge,48,12,5,0.0079,7.7999,10.6864,0.1354,-0.0025,0.2382
4,positive_training,SHAM,HRSD_24.1,HRSD24,full,RobustScaler,Lasso,48,12,5,0.0034,7.8298,10.7234,0.1216,-0.0094,0.2382
4,positive_training,SHAM,HRSD_24.1,HRSD24,full,RobustScaler,ElasticNet,48,12,5,0.0075,7.8044,10.6895,0.1337,-0.0031,0.1891
4,positive_training,SHAM,HRSD_24.1,HRSD24,full,RobustScaler,SVR,48,12,5,0.0025,7.7879,10.9181,0.0138,-0.0464,0.1611
4,positive_training,SHAM,HRSD_24.1,HRSD24,full,RobustScaler,KNN,48,12,5,0.3108,6.9667,9.7276,0.4232,0.1693,0.4378
4,positive_training,SHAM,HRSD_24.1,HRSD24,full,RobustScaler,RF,48,12,5,0.2864,7.1727,9.7787,0.4161,0.1606,0.3608
4,positive_training,SHAM,HRSD_24.1,HRSD24,full,RobustScaler,ET,48,12,5,0.4644,6.5135,8.6789,0.6186,0.3388,0.5464
4,positive_training,SHAM,HRSD_24.1,HRSD24,full,RobustScaler,GB,48,12,5,0.413,8.0095,9.8401,0.4473,0.15,0.4448
4,positive_training,SHAM,HRSD_24.1,HRSD24,full,RobustScaler,XGB,48,12,5,0.5335,6.3677,8.794,0.5758,0.3211,0.5825
4,positive_training,SHAM,HRSD_24.1,HRSD24,full,RobustScaler,MLP,48,12,5,0.0876,8.1867,10.938,0.1299,-0.0502,0.2977
4,positive_training,SHAM,HRSD_24.1,HRSD24,full,RobustScaler,LGBM,48,12,5,0.1605,8.1789,10.7546,0.2148,-0.0153,0.0827
4,positive_training,SHAM,HRSD_24.1,HRSD24,full,RobustScaler,CatBoost,48,12,5,0.2402,7.2344,9.9872,0.371,0.1244,0.3608
5,positive_training,SHAM,HRSD_24.1,HRSD24,full,StandardScaler,Ridge,48,12,5,0.1912,10.939,22.8987,0.3948,-11.3619,0.1235
5,positive_training,SHAM,HRSD_24.1,HRSD24,full,StandardScaler,Lasso,48,12,5,0.183,11.3099,24.0527,0.3941,-12.6393,0.0811
5,positive_training,SHAM,HRSD_24.1,HRSD24,full,StandardScaler,ElasticNet,48,12,5,0.1678,12.0554,26.6057,0.3947,-15.6883,0.1235
5,positive_training,SHAM,HRSD_24.1,HRSD24,full,StandardScaler,SVR,48,12,5,-0.0007,6.5627,8.0721,-0.0008,-0.5361,-0.2857
5,positive_training,SHAM,HRSD_24.1,HRSD24,full,StandardScaler,KNN,48,12,5,0.1794,7.0463,7.542,0.185,-0.341,-0.3084
5,positive_training,SHAM,HRSD_24.1,HRSD24,full,StandardScaler,RF,48,12,5,0.1683,7.1986,8.1821,0.1757,-0.5783,-0.194
5,positive_training,SHAM,HRSD_24.1,HRSD24,full,StandardScaler,ET,48,12,5,0.0025,9.6042,10.4767,0.0026,-1.5877,-0.1305
5,positive_training,SHAM,HRSD_24.1,HRSD24,full,StandardScaler,GB,48,12,5,-0.0226,8.9645,10.113,-0.0235,-1.4111,-0.2716
5,positive_training,SHAM,HRSD_24.1,HRSD24,full,StandardScaler,XGB,48,12,5,0.1801,6.1868,7.2092,0.1918,-0.2253,-0.0517
5,positive_training,SHAM,HRSD_24.1,HRSD24,full,StandardScaler,MLP,48,12,5,-0.2204,6.378,8.2435,-0.269,-0.6021,-0.3069
5,positive_training,SHAM,HRSD_24.1,HRSD24,full,StandardScaler,LGBM,48,12,5,0.2217,7.1504,7.5403,0.235,-0.3404,0.0154
5,positive_training,SHAM,HRSD_24.1,HRSD24,full,StandardScaler,CatBoost,48,12,5,0.106,7.7993,8.7084,0.108,-0.7879,-0.2262
5,positive_training,SHAM,HRSD_24.1,HRSD24,full,MinMaxScaler,Ridge,48,12,5,0.1542,12.8658,29.2382,0.3944,-19.1542,0.0811
5,positive_training,SHAM,HRSD_24.1,HRSD24,full,MinMaxScaler,Lasso,48,12,5,0.1594,12.5387,28.143,0.3941,-17.6725,0.0811
5,positive_training,SHAM,HRSD_24.1,HRSD24,full,MinMaxScaler,ElasticNet,48,12,5,0.194,10.8257,22.4781,0.3944,-10.9119,0.0811
5,positive_training,SHAM,HRSD_24.1,HRSD24,full,MinMaxScaler,SVR,48,12,5,-0.0766,5.4607,7.0856,-0.2508,-0.1836,-0.3422
5,positive_training,SHAM,HRSD_24.1,HRSD24,full,MinMaxScaler,KNN,48,12,5,0.2807,7.7167,9.6697,0.3278,-1.2044,0.0695
5,positive_training,SHAM,HRSD_24.1,HRSD24,full,MinMaxScaler,RF,48,12,5,0.2439,7.2675,8.5548,0.2728,-0.7254,-0.0742
5,positive_training,SHAM,HRSD_24.1,HRSD24,full,MinMaxScaler,ET,48,12,5,0.1219,8.5071,9.7543,0.131,-1.2431,-0.1728
5,positive_training,SHAM,HRSD_24.1,HRSD24,full,MinMaxScaler,GB,48,12,5,0.1172,7.9514,9.3845,0.1218,-1.0763,-0.1204
5,positive_training,SHAM,HRSD_24.1,HRSD24,full,MinMaxScaler,XGB,48,12,5,0.0657,8.3778,10.1014,0.0709,-1.4056,-0.1345
5,positive_training,SHAM,HRSD_24.1,HRSD24,full,MinMaxScaler,MLP,48,12,5,0.3468,6.8928,10.2064,0.3946,-1.4559,0.0811
5,positive_training,SHAM,HRSD_24.1,HRSD24,full,MinMaxScaler,LGBM,48,12,5,0.2459,7.4353,7.868,0.2598,-0.4595,0.0154
5,positive_training,SHAM,HRSD_24.1,HRSD24,full,MinMaxScaler,CatBoost,48,12,5,0.1837,7.3107,8.2463,0.1912,-0.6032,-0.1239
5,positive_training,SHAM,HRSD_24.1,HRSD24,full,RobustScaler,Ridge,48,12,5,0.1565,12.7253,28.7846,0.395,-18.5337,0.1235
5,positive_training,SHAM,HRSD_24.1,HRSD24,full,RobustScaler,Lasso,48,12,5,0.1601,12.5003,28.0474,0.3946,-17.5459,0.0811
5,positive_training,SHAM,HRSD_24.1,HRSD24,full,RobustScaler,ElasticNet,48,12,5,0.1578,12.6406,28.4981,0.3945,-18.1467,0.0811
5,positive_training,SHAM,HRSD_24.1,HRSD24,full,RobustScaler,SVR,48,12,5,0.0139,6.6084,7.9966,0.0157,-0.5076,-0.1905
5,positive_training,SHAM,HRSD_24.1,HRSD24,full,RobustScaler,KNN,48,12,5,0.2111,6.8981,7.4762,0.2158,-0.3177,-0.1744
5,positive_training,SHAM,HRSD_24.1,HRSD24,full,RobustScaler,RF,48,12,5,0.1616,7.1067,8.0343,0.1681,-0.5218,-0.2011
5,positive_training,SHAM,HRSD_24.1,HRSD24,full,RobustScaler,ET,48,12,5,0.0062,9.0825,10.0116,0.0064,-1.3631,-0.1199
5,positive_training,SHAM,HRSD_24.1,HRSD24,full,RobustScaler,GB,48,12,5,-0.0237,9.0189,10.3725,-0.0255,-1.5365,-0.159
5,positive_training,SHAM,HRSD_24.1,HRSD24,full,RobustScaler,XGB,48,12,5,0.0402,7.8258,9.0671,0.0433,-0.9382,-0.1449
5,positive_training,SHAM,HRSD_24.1,HRSD24,full,RobustScaler,MLP,48,12,5,0.3734,5.7322,7.038,0.3801,-0.1678,0.0529
5,positive_training,SHAM,HRSD_24.1,HRSD24,full,RobustScaler,LGBM,48,12,5,0.1725,7.5664,8.0999,0.1836,-0.5468,-0.1309
5,positive_training,SHAM,HRSD_24.1,HRSD24,full,RobustScaler,CatBoost,48,12,5,0.0788,7.8543,8.6601,0.0801,-0.7681,-0.2963
