fold,phase,condition,target,target_short,features,scaler,model,n_train,n_test,n_features,CCC,MAE,RMSE,Pearson_r,R2,Spearman_r
1,negative_training,CR,phq_8,PHQ8,full,StandardScaler,Ridge,48,12,5,0.0633,3.8658,4.9158,0.0994,-0.0651,0.1158
1,negative_training,CR,phq_8,PHQ8,full,StandardScaler,Lasso,48,12,5,0.162,3.6438,4.7276,0.2295,0.0149,0.1719
1,negative_training,CR,phq_8,PHQ8,full,StandardScaler,ElasticNet,48,12,5,0.0604,3.8531,4.8728,0.1019,-0.0466,0.1158
1,negative_training,CR,phq_8,PHQ8,full,StandardScaler,SVR,48,12,5,0.2123,3.538,4.6784,0.3446,0.0353,0.4105
1,negative_training,CR,phq_8,PHQ8,full,StandardScaler,KNN,48,12,5,0.2887,4.037,4.8368,0.3673,-0.0312,0.4851
1,negative_training,CR,phq_8,PHQ8,full,StandardScaler,RF,48,12,5,0.3574,3.5961,4.7705,0.4007,-0.0031,0.4175
1,negative_training,CR,phq_8,PHQ8,full,StandardScaler,ET,48,12,5,0.0658,4.2017,5.7924,0.0715,-0.4789,0.2491
1,negative_training,CR,phq_8,PHQ8,full,StandardScaler,GB,48,12,5,0.2599,4.6173,5.9358,0.2622,-0.553,0.3825
1,negative_training,CR,phq_8,PHQ8,full,StandardScaler,XGB,48,12,5,0.3035,4.219,5.4298,0.3187,-0.2995,0.3754
1,negative_training,CR,phq_8,PHQ8,full,StandardScaler,MLP,48,12,5,0.2531,3.4012,4.5992,0.3639,0.0676,0.4561
1,negative_training,CR,phq_8,PHQ8,full,StandardScaler,LGBM,48,12,5,0.3644,3.4569,4.498,0.4517,0.1082,0.5816
1,negative_training,CR,phq_8,PHQ8,full,StandardScaler,CatBoost,48,12,5,0.2623,4.1771,5.2994,0.2933,-0.2378,0.4
1,negative_training,CR,phq_8,PHQ8,full,MinMaxScaler,Ridge,48,12,5,0.0088,3.7327,4.7436,0.2069,0.0082,0.1719
1,negative_training,CR,phq_8,PHQ8,full,MinMaxScaler,Lasso,48,12,5,0.0085,3.7327,4.7443,0.2021,0.0079,0.0912
1,negative_training,CR,phq_8,PHQ8,full,MinMaxScaler,ElasticNet,48,12,5,0.0085,3.7315,4.7444,0.207,0.0079,0.1719
1,negative_training,CR,phq_8,PHQ8,full,MinMaxScaler,SVR,48,12,5,0.0063,3.7449,4.7617,0.2078,0.0006,0.1719
1,negative_training,CR,phq_8,PHQ8,full,MinMaxScaler,KNN,48,12,5,0.1774,4.0833,5.0631,0.2153,-0.1299,0.1111
1,negative_training,CR,phq_8,PHQ8,full,MinMaxScaler,RF,48,12,5,0.1908,4.3805,5.2651,0.2171,-0.2219,0.2456
1,negative_training,CR,phq_8,PHQ8,full,MinMaxScaler,ET,48,12,5,0.2446,4.8494,5.6164,0.2679,-0.3903,0.2211
1,negative_training,CR,phq_8,PHQ8,full,MinMaxScaler,GB,48,12,5,0.1747,5.2609,5.9451,0.1814,-0.5579,0.2412
1,negative_training,CR,phq_8,PHQ8,full,MinMaxScaler,XGB,48,12,5,0.1224,5.2177,6.1304,0.1251,-0.6565,0.182
1,negative_training,CR,phq_8,PHQ8,full,MinMaxScaler,MLP,48,12,5,0.0156,3.7156,4.7295,0.2105,0.0141,0.1719
1,negative_training,CR,phq_8,PHQ8,full,MinMaxScaler,LGBM,48,12,5,0.2174,3.8667,4.8639,0.2727,-0.0427,0.3077
1,negative_training,CR,phq_8,PHQ8,full,MinMaxScaler,CatBoost,48,12,5,0.1955,4.3457,5.1518,0.2259,-0.1698,0.1582
1,negative_training,CR,phq_8,PHQ8,full,RobustScaler,Ridge,48,12,15,0.4638,3.65,4.6002,0.4779,0.0672,0.579
1,negative_training,CR,phq_8,PHQ8,full,RobustScaler,Lasso,48,12,15,0.3931,3.6325,4.661,0.4118,0.0424,0.4035
1,negative_training,CR,phq_8,PHQ8,full,RobustScaler,ElasticNet,48,12,15,0.3957,3.6248,4.6436,0.4152,0.0496,0.4035
1,negative_training,CR,phq_8,PHQ8,full,RobustScaler,SVR,48,12,15,0.2629,2.9929,4.2971,0.4579,0.1861,0.4877
1,negative_training,CR,phq_8,PHQ8,full,RobustScaler,KNN,48,12,15,0.3199,3.5926,4.6775,0.4117,0.0357,0.4737
1,negative_training,CR,phq_8,PHQ8,full,RobustScaler,RF,48,12,15,0.2818,3.9726,4.9052,0.3279,-0.0605,0.386
1,negative_training,CR,phq_8,PHQ8,full,RobustScaler,ET,48,12,15,0.0799,3.9075,5.3452,0.0965,-0.2593,0.2351
1,negative_training,CR,phq_8,PHQ8,full,RobustScaler,GB,48,12,15,0.1955,4.2894,5.6032,0.1997,-0.3838,0.2246
1,negative_training,CR,phq_8,PHQ8,full,RobustScaler,XGB,48,12,15,0.1538,4.4543,5.8946,0.1618,-0.5315,0.2421
1,negative_training,CR,phq_8,PHQ8,full,RobustScaler,MLP,48,12,15,0.3739,4.3049,5.0306,0.3782,-0.1155,0.393
1,negative_training,CR,phq_8,PHQ8,full,RobustScaler,LGBM,48,12,15,0.363,3.5578,4.6039,0.4551,0.0658,0.6643
1,negative_training,CR,phq_8,PHQ8,full,RobustScaler,CatBoost,48,12,15,0.3064,3.7128,4.8667,0.3542,-0.044,0.3754
2,negative_training,CR,phq_8,PHQ8,full,StandardScaler,Ridge,48,12,10,-0.2365,5.2092,6.5027,-0.2382,-1.6291,-0.1579
2,negative_training,CR,phq_8,PHQ8,full,StandardScaler,Lasso,48,12,10,-0.2676,5.061,6.2656,-0.2682,-1.4409,-0.186
2,negative_training,CR,phq_8,PHQ8,full,StandardScaler,ElasticNet,48,12,10,-0.2694,4.8865,6.0199,-0.2716,-1.2532,-0.2386
2,negative_training,CR,phq_8,PHQ8,full,StandardScaler,SVR,48,12,10,-0.1668,5.7275,6.5528,-0.1682,-1.6698,-0.2351
2,negative_training,CR,phq_8,PHQ8,full,StandardScaler,KNN,48,12,10,-0.0687,4.881,5.5457,-0.0727,-0.9122,-0.065
2,negative_training,CR,phq_8,PHQ8,full,StandardScaler,RF,48,12,10,-0.1499,4.8523,5.6181,-0.1525,-0.9625,-0.1018
2,negative_training,CR,phq_8,PHQ8,full,StandardScaler,ET,48,12,10,-0.2518,4.8883,5.6917,-0.2606,-1.0142,-0.2807
2,negative_training,CR,phq_8,PHQ8,full,StandardScaler,GB,48,12,10,-0.1346,6.4154,7.1538,-0.141,-2.182,0.1053
2,negative_training,CR,phq_8,PHQ8,full,StandardScaler,XGB,48,12,10,-0.1743,6.865,7.8747,-0.1895,-2.8556,-0.2632
2,negative_training,CR,phq_8,PHQ8,full,StandardScaler,MLP,48,12,10,-0.3724,7.0278,9.1779,-0.4238,-4.2373,-0.2807
2,negative_training,CR,phq_8,PHQ8,full,StandardScaler,LGBM,48,12,10,-0.0267,4.4402,5.2876,-0.0287,-0.7383,0.0912
2,negative_training,CR,phq_8,PHQ8,full,StandardScaler,CatBoost,48,12,10,-0.1178,5.5632,6.1447,-0.1181,-1.3476,-0.1404
2,negative_training,CR,phq_8,PHQ8,full,MinMaxScaler,Ridge,48,12,10,-0.2928,4.6535,5.6011,-0.3102,-0.9506,-0.2737
2,negative_training,CR,phq_8,PHQ8,full,MinMaxScaler,Lasso,48,12,10,-0.2811,4.4791,5.5117,-0.3013,-0.8889,-0.1965
2,negative_training,CR,phq_8,PHQ8,full,MinMaxScaler,ElasticNet,48,12,10,-0.2883,4.3945,5.3735,-0.3208,-0.7953,-0.2912
2,negative_training,CR,phq_8,PHQ8,full,MinMaxScaler,SVR,48,12,10,-0.1324,3.9865,4.7663,-0.1661,-0.4125,-0.3263
2,negative_training,CR,phq_8,PHQ8,full,MinMaxScaler,KNN,48,12,10,-0.0634,4.5119,5.308,-0.0649,-0.7518,-0.0175
2,negative_training,CR,phq_8,PHQ8,full,MinMaxScaler,RF,48,12,10,0.0095,4.0233,4.7277,0.0104,-0.3897,-0.0456
2,negative_training,CR,phq_8,PHQ8,full,MinMaxScaler,ET,48,12,10,-0.1201,3.91,4.6292,-0.1656,-0.3324,-0.2211
2,negative_training,CR,phq_8,PHQ8,full,MinMaxScaler,GB,48,12,10,-0.0368,5.0236,5.8954,-0.037,-1.161,-0.0386
2,negative_training,CR,phq_8,PHQ8,full,MinMaxScaler,XGB,48,12,10,-0.0111,4.6908,5.7135,-0.0112,-1.0297,-0.0947
2,negative_training,CR,phq_8,PHQ8,full,MinMaxScaler,MLP,48,12,10,-0.3102,4.7833,5.7435,-0.3232,-1.051,-0.2947
2,negative_training,CR,phq_8,PHQ8,full,MinMaxScaler,LGBM,48,12,10,0.2347,4.0442,4.6285,0.2607,-0.332,0.3005
2,negative_training,CR,phq_8,PHQ8,full,MinMaxScaler,CatBoost,48,12,10,0.0561,3.9946,4.5767,0.064,-0.3023,0.0386
2,negative_training,CR,phq_8,PHQ8,full,RobustScaler,Ridge,48,12,5,-0.3393,4.63,6.0636,-0.3444,-1.286,-0.2456
2,negative_training,CR,phq_8,PHQ8,full,RobustScaler,Lasso,48,12,5,-0.3432,4.775,6.3265,-0.3445,-1.4886,-0.2667
2,negative_training,CR,phq_8,PHQ8,full,RobustScaler,ElasticNet,48,12,5,-0.3426,4.7222,6.2281,-0.345,-1.4117,-0.2456
2,negative_training,CR,phq_8,PHQ8,full,RobustScaler,SVR,48,12,5,-0.1649,4.7518,6.0221,-0.1664,-1.2549,-0.207
2,negative_training,CR,phq_8,PHQ8,full,RobustScaler,KNN,48,12,5,-0.0896,4.8333,5.6761,-0.0923,-1.0032,-0.123
2,negative_training,CR,phq_8,PHQ8,full,RobustScaler,RF,48,12,5,-0.0531,4.3771,5.2235,-0.0582,-0.6965,0.0912
2,negative_training,CR,phq_8,PHQ8,full,RobustScaler,ET,48,12,5,-0.0859,4.5375,5.5042,-0.0904,-0.8837,-0.1649
2,negative_training,CR,phq_8,PHQ8,full,RobustScaler,GB,48,12,5,-0.1941,5.3511,6.49,-0.2049,-1.6189,-0.2421
2,negative_training,CR,phq_8,PHQ8,full,RobustScaler,XGB,48,12,5,-0.1249,5.102,6.0322,-0.1328,-1.2624,-0.0596
2,negative_training,CR,phq_8,PHQ8,full,RobustScaler,MLP,48,12,5,-0.3604,5.2317,6.8822,-0.3617,-1.945,-0.2175
2,negative_training,CR,phq_8,PHQ8,full,RobustScaler,LGBM,48,12,5,0.1328,4.0814,4.9288,0.1459,-0.5105,0.1021
2,negative_training,CR,phq_8,PHQ8,full,RobustScaler,CatBoost,48,12,5,-0.0381,4.4288,5.1929,-0.0412,-0.6767,0.0842
3,negative_training,CR,phq_8,PHQ8,full,StandardScaler,Ridge,48,12,15,0.3459,5.0472,6.072,0.4002,0.1216,0.3569
3,negative_training,CR,phq_8,PHQ8,full,StandardScaler,Lasso,48,12,15,0.3225,5.0351,6.0943,0.385,0.1151,0.3569
3,negative_training,CR,phq_8,PHQ8,full,StandardScaler,ElasticNet,48,12,15,0.3334,4.9176,5.9803,0.4131,0.1479,0.4028
3,negative_training,CR,phq_8,PHQ8,full,StandardScaler,SVR,48,12,15,-0.0859,6.0332,7.0361,-0.1597,-0.1795,-0.212
3,negative_training,CR,phq_8,PHQ8,full,StandardScaler,KNN,48,12,15,0.0254,6.0185,7.1007,0.0327,-0.2013,0.0478
3,negative_training,CR,phq_8,PHQ8,full,StandardScaler,RF,48,12,15,-0.0885,6.4392,7.6751,-0.1061,-0.4035,-0.1343
3,negative_training,CR,phq_8,PHQ8,full,StandardScaler,ET,48,12,15,-0.0286,6.0025,7.5032,-0.0343,-0.3413,-0.0389
3,negative_training,CR,phq_8,PHQ8,full,StandardScaler,GB,48,12,15,0.023,6.4043,7.6367,0.0252,-0.3895,-0.0424
3,negative_training,CR,phq_8,PHQ8,full,StandardScaler,XGB,48,12,15,0.0256,6.3078,7.5432,0.0285,-0.3557,0.0353
3,negative_training,CR,phq_8,PHQ8,full,StandardScaler,MLP,48,12,15,0.141,5.5354,6.4858,0.2034,-0.0022,0.1626
3,negative_training,CR,phq_8,PHQ8,full,StandardScaler,LGBM,48,12,15,-0.0774,6.0916,7.1866,-0.1173,-0.2305,-0.1138
3,negative_training,CR,phq_8,PHQ8,full,StandardScaler,CatBoost,48,12,15,-0.0408,6.2062,7.3165,-0.0529,-0.2754,0.0
3,negative_training,CR,phq_8,PHQ8,full,MinMaxScaler,Ridge,48,12,5,0.2967,5.0046,5.9927,0.4061,0.1444,0.318
3,negative_training,CR,phq_8,PHQ8,full,MinMaxScaler,Lasso,48,12,5,0.2692,5.0608,5.995,0.4105,0.1437,0.3322
3,negative_training,CR,phq_8,PHQ8,full,MinMaxScaler,ElasticNet,48,12,5,0.223,5.1457,6.0313,0.4111,0.1333,0.318
3,negative_training,CR,phq_8,PHQ8,full,MinMaxScaler,SVR,48,12,5,0.0805,5.6386,6.5409,0.1605,-0.0193,0.1979
3,negative_training,CR,phq_8,PHQ8,full,MinMaxScaler,KNN,48,12,5,0.0198,6.287,7.4088,0.0247,-0.3078,-0.069
3,negative_training,CR,phq_8,PHQ8,full,MinMaxScaler,RF,48,12,5,0.0788,5.9607,7.1308,0.1,-0.2115,-0.0035
3,negative_training,CR,phq_8,PHQ8,full,MinMaxScaler,ET,48,12,5,0.0335,5.9842,7.3397,0.0449,-0.2835,0.0565
3,negative_training,CR,phq_8,PHQ8,full,MinMaxScaler,GB,48,12,5,-0.1459,7.1499,8.4333,-0.1693,-0.6944,0.0283
3,negative_training,CR,phq_8,PHQ8,full,MinMaxScaler,XGB,48,12,5,-0.1824,7.2526,8.5209,-0.2162,-0.7299,-0.2862
3,negative_training,CR,phq_8,PHQ8,full,MinMaxScaler,MLP,48,12,5,0.3167,4.9634,6.0444,0.3972,0.1296,0.2862
3,negative_training,CR,phq_8,PHQ8,full,MinMaxScaler,LGBM,48,12,5,-0.0304,6.5707,7.4194,-0.0382,-0.3115,0.0145
3,negative_training,CR,phq_8,PHQ8,full,MinMaxScaler,CatBoost,48,12,5,0.0136,6.2587,7.3806,0.0172,-0.2978,-0.053
3,negative_training,CR,phq_8,PHQ8,full,RobustScaler,Ridge,48,12,15,0.2891,5.3554,6.0745,0.3892,0.1209,0.4983
3,negative_training,CR,phq_8,PHQ8,full,RobustScaler,Lasso,48,12,15,0.2707,5.3756,6.0987,0.3769,0.1138,0.4382
3,negative_training,CR,phq_8,PHQ8,full,RobustScaler,ElasticNet,48,12,15,0.3104,5.2468,5.9753,0.4151,0.1493,0.4983
3,negative_training,CR,phq_8,PHQ8,full,RobustScaler,SVR,48,12,15,-0.0859,6.0456,7.0394,-0.1595,-0.1806,-0.2332
3,negative_training,CR,phq_8,PHQ8,full,RobustScaler,KNN,48,12,15,0.0157,6.25,7.1693,0.0198,-0.2246,0.0762
3,negative_training,CR,phq_8,PHQ8,full,RobustScaler,RF,48,12,15,0.0279,5.6077,6.9393,0.0394,-0.1473,-0.0954
3,negative_training,CR,phq_8,PHQ8,full,RobustScaler,ET,48,12,15,-0.0118,5.845,7.4751,-0.0141,-0.3313,-0.1449
3,negative_training,CR,phq_8,PHQ8,full,RobustScaler,GB,48,12,15,0.1937,5.38,6.8527,0.2201,-0.1188,0.2368
3,negative_training,CR,phq_8,PHQ8,full,RobustScaler,XGB,48,12,15,0.1329,5.6966,6.7969,0.1638,-0.1007,0.1732
3,negative_training,CR,phq_8,PHQ8,full,RobustScaler,MLP,48,12,15,0.0519,7.1492,8.6727,0.052,-0.7921,-0.152
3,negative_training,CR,phq_8,PHQ8,full,RobustScaler,LGBM,48,12,15,0.0072,5.7411,6.9441,0.0105,-0.1489,0.068
3,negative_training,CR,phq_8,PHQ8,full,RobustScaler,CatBoost,48,12,15,0.0183,5.8616,7.0581,0.0242,-0.1869,-0.053
4,negative_training,CR,phq_8,PHQ8,full,StandardScaler,Ridge,48,12,10,-0.0702,4.6236,5.2648,-0.2125,-0.1054,-0.3028
4,negative_training,CR,phq_8,PHQ8,full,StandardScaler,Lasso,48,12,10,-0.0623,4.4288,5.1857,-0.3642,-0.0724,-0.2465
4,negative_training,CR,phq_8,PHQ8,full,StandardScaler,ElasticNet,48,12,10,-0.0901,4.6539,5.3146,-0.2705,-0.1264,-0.3416
4,negative_training,CR,phq_8,PHQ8,full,StandardScaler,SVR,48,12,10,-0.0215,4.4336,5.4231,-0.0373,-0.1728,-0.1338
4,negative_training,CR,phq_8,PHQ8,full,StandardScaler,KNN,48,12,10,-0.1034,5.131,6.4769,-0.1123,-0.6729,-0.0423
4,negative_training,CR,phq_8,PHQ8,full,StandardScaler,RF,48,12,10,0.3334,3.8711,4.4433,0.4732,0.2127,0.3169
4,negative_training,CR,phq_8,PHQ8,full,StandardScaler,ET,48,12,10,0.3642,4.2375,4.8359,0.4061,0.0674,0.2394
4,negative_training,CR,phq_8,PHQ8,full,StandardScaler,GB,48,12,10,0.4815,4.0942,4.5024,0.502,0.1916,0.1866
4,negative_training,CR,phq_8,PHQ8,full,StandardScaler,XGB,48,12,10,0.4349,4.2326,4.8599,0.4438,0.0581,0.3099
4,negative_training,CR,phq_8,PHQ8,full,StandardScaler,MLP,48,12,10,-0.1584,5.2136,6.2438,-0.1976,-0.5547,-0.2676
4,negative_training,CR,phq_8,PHQ8,full,StandardScaler,LGBM,48,12,10,0.2756,3.8763,4.7847,0.3404,0.087,0.2155
4,negative_training,CR,phq_8,PHQ8,full,StandardScaler,CatBoost,48,12,10,0.1824,4.4446,5.0193,0.2349,-0.0046,0.1127
4,negative_training,CR,phq_8,PHQ8,full,MinMaxScaler,Ridge,48,12,10,0.2596,4.0781,4.8147,0.3319,0.0756,0.4049
4,negative_training,CR,phq_8,PHQ8,full,MinMaxScaler,Lasso,48,12,10,0.2512,4.0915,4.8404,0.3233,0.0657,0.3416
4,negative_training,CR,phq_8,PHQ8,full,MinMaxScaler,ElasticNet,48,12,10,0.251,4.0293,4.7578,0.3417,0.0973,0.4331
4,negative_training,CR,phq_8,PHQ8,full,MinMaxScaler,SVR,48,12,10,0.2737,3.725,4.6743,0.3679,0.1287,0.3909
4,negative_training,CR,phq_8,PHQ8,full,MinMaxScaler,KNN,48,12,10,0.3355,3.8704,4.7062,0.3907,0.1168,0.2721
4,negative_training,CR,phq_8,PHQ8,full,MinMaxScaler,RF,48,12,10,0.3437,3.8483,5.0317,0.4006,-0.0096,0.3697
4,negative_training,CR,phq_8,PHQ8,full,MinMaxScaler,ET,48,12,10,0.3373,3.815,4.9729,0.3679,0.0138,0.3803
4,negative_training,CR,phq_8,PHQ8,full,MinMaxScaler,GB,48,12,10,0.1982,4.5415,5.8158,0.2246,-0.3488,0.3627
4,negative_training,CR,phq_8,PHQ8,full,MinMaxScaler,XGB,48,12,10,0.1341,4.4482,5.833,0.143,-0.3568,0.2042
4,negative_training,CR,phq_8,PHQ8,full,MinMaxScaler,MLP,48,12,10,0.0553,4.1227,4.9065,0.2378,0.04,0.3204
4,negative_training,CR,phq_8,PHQ8,full,MinMaxScaler,LGBM,48,12,10,0.5236,3.1978,4.127,0.5848,0.3208,0.5077
4,negative_training,CR,phq_8,PHQ8,full,MinMaxScaler,CatBoost,48,12,10,0.174,4.2287,5.4249,0.2151,-0.1736,0.3627
4,negative_training,CR,phq_8,PHQ8,full,RobustScaler,Ridge,48,12,5,0.4384,4.0517,4.8652,0.4525,0.0561,0.4789
4,negative_training,CR,phq_8,PHQ8,full,RobustScaler,Lasso,48,12,5,0.4329,4.0117,4.8508,0.4488,0.0617,0.4507
4,negative_training,CR,phq_8,PHQ8,full,RobustScaler,ElasticNet,48,12,5,0.4303,3.9895,4.8312,0.4477,0.0692,0.4507
4,negative_training,CR,phq_8,PHQ8,full,RobustScaler,SVR,48,12,5,0.3303,3.3815,4.3257,0.5592,0.2538,0.4789
4,negative_training,CR,phq_8,PHQ8,full,RobustScaler,KNN,48,12,5,0.5365,3.0278,4.1807,0.5772,0.303,0.4885
4,negative_training,CR,phq_8,PHQ8,full,RobustScaler,RF,48,12,5,0.498,3.4043,4.1496,0.577,0.3133,0.3732
4,negative_training,CR,phq_8,PHQ8,full,RobustScaler,ET,48,12,5,0.3909,3.9483,4.9009,0.4147,0.0422,0.3592
4,negative_training,CR,phq_8,PHQ8,full,RobustScaler,GB,48,12,5,0.4625,3.6842,4.555,0.4942,0.1726,0.3486
4,negative_training,CR,phq_8,PHQ8,full,RobustScaler,XGB,48,12,5,0.4571,3.46,4.5322,0.4861,0.1809,0.3845
4,negative_training,CR,phq_8,PHQ8,full,RobustScaler,MLP,48,12,5,0.3766,4.0004,5.9891,0.3926,-0.4304,0.5951
4,negative_training,CR,phq_8,PHQ8,full,RobustScaler,LGBM,48,12,5,0.537,2.8907,3.9575,0.6184,0.3754,0.5371
4,negative_training,CR,phq_8,PHQ8,full,RobustScaler,CatBoost,48,12,5,0.4409,3.5875,4.5287,0.4822,0.1821,0.4366
5,negative_training,CR,phq_8,PHQ8,full,StandardScaler,Ridge,48,12,5,0.0885,8.0635,9.7198,0.1001,-0.8887,-0.2351
5,negative_training,CR,phq_8,PHQ8,full,StandardScaler,Lasso,48,12,5,0.129,8.7128,10.6376,0.1478,-1.2622,-0.2807
5,negative_training,CR,phq_8,PHQ8,full,StandardScaler,ElasticNet,48,12,5,0.1241,8.4409,10.2377,0.1411,-1.0953,-0.2491
5,negative_training,CR,phq_8,PHQ8,full,StandardScaler,SVR,48,12,5,-0.1386,7.4957,8.3302,-0.2065,-0.3873,-0.0491
5,negative_training,CR,phq_8,PHQ8,full,StandardScaler,KNN,48,12,5,-0.1461,7.0185,8.5235,-0.192,-0.4524,-0.2496
5,negative_training,CR,phq_8,PHQ8,full,StandardScaler,RF,48,12,5,-0.083,7.2923,8.3938,-0.1139,-0.4085,-0.0947
5,negative_training,CR,phq_8,PHQ8,full,StandardScaler,ET,48,12,5,-0.1957,7.8452,8.8826,-0.2492,-0.5773,-0.2561
5,negative_training,CR,phq_8,PHQ8,full,StandardScaler,GB,48,12,5,-0.149,7.5317,8.9252,-0.1743,-0.5925,-0.1965
5,negative_training,CR,phq_8,PHQ8,full,StandardScaler,XGB,48,12,5,-0.1475,7.4247,8.524,-0.1861,-0.4526,-0.0491
5,negative_training,CR,phq_8,PHQ8,full,StandardScaler,MLP,48,12,5,0.1255,11.559,15.6161,0.1806,-3.8752,-0.393
5,negative_training,CR,phq_8,PHQ8,full,StandardScaler,LGBM,48,12,5,-0.1063,7.3755,8.6613,-0.1414,-0.4998,-0.1892
5,negative_training,CR,phq_8,PHQ8,full,StandardScaler,CatBoost,48,12,5,-0.163,7.4833,8.6959,-0.2107,-0.5117,-0.2421
5,negative_training,CR,phq_8,PHQ8,full,MinMaxScaler,Ridge,48,12,5,0.1627,10.4523,14.5042,0.2226,-3.2057,-0.2175
5,negative_training,CR,phq_8,PHQ8,full,MinMaxScaler,Lasso,48,12,5,0.162,10.475,14.5359,0.2218,-3.2241,-0.2175
5,negative_training,CR,phq_8,PHQ8,full,MinMaxScaler,ElasticNet,48,12,5,0.1643,10.3028,14.1886,0.2214,-3.0246,-0.2175
5,negative_training,CR,phq_8,PHQ8,full,MinMaxScaler,SVR,48,12,5,-0.1035,7.3551,8.162,-0.169,-0.3318,-0.0491
5,negative_training,CR,phq_8,PHQ8,full,MinMaxScaler,KNN,48,12,5,-0.1256,7.3426,8.4726,-0.1589,-0.4351,-0.2447
5,negative_training,CR,phq_8,PHQ8,full,MinMaxScaler,RF,48,12,5,0.1182,6.6067,7.3636,0.1759,-0.084,-0.0491
5,negative_training,CR,phq_8,PHQ8,full,MinMaxScaler,ET,48,12,5,0.0251,6.8467,7.7671,0.0333,-0.2061,-0.0842
5,negative_training,CR,phq_8,PHQ8,full,MinMaxScaler,GB,48,12,5,0.2555,6.249,7.3648,0.3511,-0.0844,0.2597
5,negative_training,CR,phq_8,PHQ8,full,MinMaxScaler,XGB,48,12,5,0.1901,6.2064,7.3324,0.2629,-0.0748,0.2175
5,negative_training,CR,phq_8,PHQ8,full,MinMaxScaler,MLP,48,12,5,0.1688,9.9126,13.2347,0.2186,-2.5017,-0.2491
5,negative_training,CR,phq_8,PHQ8,full,MinMaxScaler,LGBM,48,12,5,0.1204,6.4432,7.3561,0.1742,-0.0818,0.0559
5,negative_training,CR,phq_8,PHQ8,full,MinMaxScaler,CatBoost,48,12,5,0.1169,6.4871,7.2835,0.1822,-0.0606,0.0035
5,negative_training,CR,phq_8,PHQ8,full,RobustScaler,Ridge,48,12,5,0.0925,8.0448,9.706,0.1048,-0.8833,-0.2351
5,negative_training,CR,phq_8,PHQ8,full,RobustScaler,Lasso,48,12,5,0.1307,8.6598,10.5762,0.1496,-1.2362,-0.2491
5,negative_training,CR,phq_8,PHQ8,full,RobustScaler,ElasticNet,48,12,5,0.1316,8.5791,10.4715,0.1504,-1.1921,-0.2491
5,negative_training,CR,phq_8,PHQ8,full,RobustScaler,SVR,48,12,5,-0.1052,7.4396,8.2979,-0.1514,-0.3765,0.0947
5,negative_training,CR,phq_8,PHQ8,full,RobustScaler,KNN,48,12,5,-0.0651,6.9048,8.3226,-0.0795,-0.3847,-0.1019
5,negative_training,CR,phq_8,PHQ8,full,RobustScaler,RF,48,12,5,-0.083,7.2923,8.3938,-0.1139,-0.4085,-0.0947
5,negative_training,CR,phq_8,PHQ8,full,RobustScaler,ET,48,12,5,-0.1957,7.8452,8.8826,-0.2492,-0.5773,-0.2561
5,negative_training,CR,phq_8,PHQ8,full,RobustScaler,GB,48,12,5,-0.149,7.5317,8.9252,-0.1743,-0.5925,-0.1965
5,negative_training,CR,phq_8,PHQ8,full,RobustScaler,XGB,48,12,5,-0.1475,7.4247,8.524,-0.1861,-0.4526,-0.0491
5,negative_training,CR,phq_8,PHQ8,full,RobustScaler,MLP,48,12,5,0.115,10.0815,12.6619,0.1458,-2.2052,-0.2807
5,negative_training,CR,phq_8,PHQ8,full,RobustScaler,LGBM,48,12,5,-0.1077,7.3753,8.6305,-0.1429,-0.4891,-0.1892
5,negative_training,CR,phq_8,PHQ8,full,RobustScaler,CatBoost,48,12,5,-0.163,7.4833,8.6959,-0.2107,-0.5117,-0.2421
1,negative_training,CR,ads.1,CES-D,full,StandardScaler,Ridge,47,12,10,0.4839,9.1988,10.9266,0.4885,0.0895,0.4246
1,negative_training,CR,ads.1,CES-D,full,StandardScaler,Lasso,47,12,10,0.476,9.3984,11.1962,0.479,0.044,0.4667
1,negative_training,CR,ads.1,CES-D,full,StandardScaler,ElasticNet,47,12,10,0.4936,8.7816,10.4129,0.507,0.173,0.4246
1,negative_training,CR,ads.1,CES-D,full,StandardScaler,SVR,47,12,10,0.3664,8.5808,10.2721,0.466,0.1953,0.386
1,negative_training,CR,ads.1,CES-D,full,StandardScaler,KNN,47,12,10,0.3284,9.3785,11.3116,0.4161,0.0242,0.0756
1,negative_training,CR,ads.1,CES-D,full,StandardScaler,RF,47,12,10,0.2249,9.8825,10.9302,0.4324,0.0888,0.4386
1,negative_training,CR,ads.1,CES-D,full,StandardScaler,ET,47,12,10,0.3184,9.0093,10.2716,0.5427,0.1953,0.4912
1,negative_training,CR,ads.1,CES-D,full,StandardScaler,GB,47,12,10,0.0037,12.2643,13.4777,0.006,-0.3854,-0.1158
1,negative_training,CR,ads.1,CES-D,full,StandardScaler,XGB,47,12,10,-0.0586,11.9841,13.3321,-0.0778,-0.3556,-0.1053
1,negative_training,CR,ads.1,CES-D,full,StandardScaler,MLP,47,12,10,0.5289,7.7668,11.2698,0.5303,0.0314,0.4246
1,negative_training,CR,ads.1,CES-D,full,StandardScaler,LGBM,47,12,10,0.3804,8.3957,9.6378,0.6794,0.2916,0.6807
1,negative_training,CR,ads.1,CES-D,full,StandardScaler,CatBoost,47,12,10,0.1538,10.7384,12.3215,0.2209,-0.1579,0.2561
1,negative_training,CR,ads.1,CES-D,full,MinMaxScaler,Ridge,47,12,15,0.4565,9.5426,11.1936,0.4615,0.0444,0.4105
1,negative_training,CR,ads.1,CES-D,full,MinMaxScaler,Lasso,47,12,15,0.4477,9.8579,11.4746,0.4501,-0.0042,0.4105
1,negative_training,CR,ads.1,CES-D,full,MinMaxScaler,ElasticNet,47,12,15,0.4615,9.2794,10.9271,0.471,0.0894,0.4421
1,negative_training,CR,ads.1,CES-D,full,MinMaxScaler,SVR,47,12,15,0.3495,9.6023,11.2118,0.3838,0.0413,0.393
1,negative_training,CR,ads.1,CES-D,full,MinMaxScaler,KNN,47,12,15,0.507,7.8411,10.0204,0.6196,0.2342,0.5368
1,negative_training,CR,ads.1,CES-D,full,MinMaxScaler,RF,47,12,15,0.2942,9.2593,10.4197,0.4936,0.172,0.3789
1,negative_training,CR,ads.1,CES-D,full,MinMaxScaler,ET,47,12,15,0.3276,8.9832,10.3551,0.4678,0.1822,0.4035
1,negative_training,CR,ads.1,CES-D,full,MinMaxScaler,GB,47,12,15,0.0324,11.1503,12.3771,0.0517,-0.1683,0.1579
1,negative_training,CR,ads.1,CES-D,full,MinMaxScaler,XGB,47,12,15,-0.1159,12.1116,13.7304,-0.1611,-0.4378,-0.3088
1,negative_training,CR,ads.1,CES-D,full,MinMaxScaler,MLP,47,12,15,0.4609,8.5452,10.4723,0.4925,0.1636,0.4597
1,negative_training,CR,ads.1,CES-D,full,MinMaxScaler,LGBM,47,12,15,0.3892,7.775,9.8853,0.566,0.2547,0.3684
1,negative_training,CR,ads.1,CES-D,full,MinMaxScaler,CatBoost,47,12,15,0.1274,10.7687,12.2639,0.1784,-0.1471,0.2035
1,negative_training,CR,ads.1,CES-D,full,RobustScaler,Ridge,47,12,5,0.0162,11.0165,12.4067,0.022,-0.174,-0.1649
1,negative_training,CR,ads.1,CES-D,full,RobustScaler,Lasso,47,12,5,0.0259,10.811,12.1964,0.0372,-0.1345,0.0351
1,negative_training,CR,ads.1,CES-D,full,RobustScaler,ElasticNet,47,12,5,0.0259,10.811,12.1964,0.0372,-0.1345,0.0351
1,negative_training,CR,ads.1,CES-D,full,RobustScaler,SVR,47,12,5,0.0002,9.961,11.4879,0.0418,-0.0065,-0.0179
1,negative_training,CR,ads.1,CES-D,full,RobustScaler,KNN,47,12,5,0.1755,8.5267,11.3211,0.2493,0.0225,-0.0283
1,negative_training,CR,ads.1,CES-D,full,RobustScaler,RF,47,12,5,-0.0793,10.0294,12.2939,-0.1662,-0.1527,-0.2491
1,negative_training,CR,ads.1,CES-D,full,RobustScaler,ET,47,12,5,-0.1568,12.0906,14.0485,-0.1922,-0.5052,-0.3474
1,negative_training,CR,ads.1,CES-D,full,RobustScaler,GB,47,12,5,-0.2635,12.9892,14.8593,-0.3044,-0.684,-0.414
1,negative_training,CR,ads.1,CES-D,full,RobustScaler,XGB,47,12,5,-0.2535,11.8355,14.2455,-0.3674,-0.5477,-0.3263
1,negative_training,CR,ads.1,CES-D,full,RobustScaler,MLP,47,12,5,-0.0,13821980697902.328,35120416621474.77,-0.0703,-9.407082517294825e+24,0.007
1,negative_training,CR,ads.1,CES-D,full,RobustScaler,LGBM,47,12,5,-0.0074,9.9468,11.9125,-0.0155,-0.0823,-0.033
1,negative_training,CR,ads.1,CES-D,full,RobustScaler,CatBoost,47,12,5,-0.0866,10.0858,12.5697,-0.1562,-0.205,-0.2
2,negative_training,CR,ads.1,CES-D,full,StandardScaler,Ridge,47,12,10,0.125,8.9922,11.0909,0.134,-0.5556,0.0218
2,negative_training,CR,ads.1,CES-D,full,StandardScaler,Lasso,47,12,10,0.1144,8.9,10.8181,0.1229,-0.48,0.029
2,negative_training,CR,ads.1,CES-D,full,StandardScaler,ElasticNet,47,12,10,0.1249,8.3448,9.9175,0.1464,-0.2438,0.1378
2,negative_training,CR,ads.1,CES-D,full,StandardScaler,SVR,47,12,10,0.1473,10.1876,12.9498,0.1555,-1.1207,0.1958
2,negative_training,CR,ads.1,CES-D,full,StandardScaler,KNN,47,12,10,0.144,8.8351,11.152,0.1469,-0.5728,0.0654
2,negative_training,CR,ads.1,CES-D,full,StandardScaler,RF,47,12,10,0.1527,8.6124,10.2899,0.1666,-0.339,0.1595
2,negative_training,CR,ads.1,CES-D,full,StandardScaler,ET,47,12,10,0.1555,8.2324,9.7553,0.1738,-0.2035,0.1088
2,negative_training,CR,ads.1,CES-D,full,StandardScaler,GB,47,12,10,0.0482,10.4469,13.5791,0.052,-1.3318,0.029
2,negative_training,CR,ads.1,CES-D,full,StandardScaler,XGB,47,12,10,0.0208,10.0439,13.1461,0.0216,-1.1855,0.0435
2,negative_training,CR,ads.1,CES-D,full,StandardScaler,MLP,47,12,10,0.0696,9.8423,13.4372,0.0711,-1.2834,0.203
2,negative_training,CR,ads.1,CES-D,full,StandardScaler,LGBM,47,12,10,0.1104,9.5364,10.8676,0.1154,-0.4936,0.0435
2,negative_training,CR,ads.1,CES-D,full,StandardScaler,CatBoost,47,12,10,0.1786,8.4919,11.5742,0.1831,-0.6941,0.2465
2,negative_training,CR,ads.1,CES-D,full,MinMaxScaler,Ridge,47,12,20,0.1433,8.9943,12.0713,0.1535,-0.8427,0.058
2,negative_training,CR,ads.1,CES-D,full,MinMaxScaler,Lasso,47,12,20,0.1685,9.4735,12.3159,0.1855,-0.9182,0.087
2,negative_training,CR,ads.1,CES-D,full,MinMaxScaler,ElasticNet,47,12,20,0.1276,8.5073,10.5809,0.1366,-0.4158,0.174
2,negative_training,CR,ads.1,CES-D,full,MinMaxScaler,SVR,47,12,20,0.1154,10.6467,13.6899,0.1221,-1.37,0.0798
2,negative_training,CR,ads.1,CES-D,full,MinMaxScaler,KNN,47,12,20,0.1219,8.0198,10.5945,0.1279,-0.4194,0.1668
2,negative_training,CR,ads.1,CES-D,full,MinMaxScaler,RF,47,12,20,0.126,8.572,10.2071,0.1401,-0.3175,0.2248
2,negative_training,CR,ads.1,CES-D,full,MinMaxScaler,ET,47,12,20,0.2273,8.0601,9.7366,0.2449,-0.1989,0.1233
2,negative_training,CR,ads.1,CES-D,full,MinMaxScaler,GB,47,12,20,0.0914,9.7996,12.7143,0.0956,-1.0443,0.1668
2,negative_training,CR,ads.1,CES-D,full,MinMaxScaler,XGB,47,12,20,-0.0043,10.6307,13.1966,-0.0043,-1.2023,0.0943
2,negative_training,CR,ads.1,CES-D,full,MinMaxScaler,MLP,47,12,20,0.1497,8.8906,11.8884,0.1569,-0.7873,0.1378
2,negative_training,CR,ads.1,CES-D,full,MinMaxScaler,LGBM,47,12,20,-0.0092,9.0475,10.1949,-0.0111,-0.3144,0.0943
2,negative_training,CR,ads.1,CES-D,full,MinMaxScaler,CatBoost,47,12,20,0.1338,8.8378,10.7025,0.1376,-0.4485,0.1885
2,negative_training,CR,ads.1,CES-D,full,RobustScaler,Ridge,47,12,15,-0.1738,8.2985,10.2589,-0.3093,-0.3309,-0.0363
2,negative_training,CR,ads.1,CES-D,full,RobustScaler,Lasso,47,12,15,-0.0001,7.5831,8.9322,-0.0731,-0.0089,0.087
2,negative_training,CR,ads.1,CES-D,full,RobustScaler,ElasticNet,47,12,15,-0.0001,7.5832,8.9324,-0.0814,-0.009,0.058
2,negative_training,CR,ads.1,CES-D,full,RobustScaler,SVR,47,12,15,0.2889,6.9507,9.1894,0.3316,-0.0679,0.3916
2,negative_training,CR,ads.1,CES-D,full,RobustScaler,KNN,47,12,15,0.1995,7.0213,10.9633,0.2044,-0.52,0.4786
2,negative_training,CR,ads.1,CES-D,full,RobustScaler,RF,47,12,15,0.4705,6.0326,8.1976,0.5185,0.1502,0.5946
2,negative_training,CR,ads.1,CES-D,full,RobustScaler,ET,47,12,15,0.5066,5.689,7.8315,0.5597,0.2244,0.5873
2,negative_training,CR,ads.1,CES-D,full,RobustScaler,GB,47,12,15,0.1346,9.6125,12.5371,0.1579,-0.9877,0.4278
2,negative_training,CR,ads.1,CES-D,full,RobustScaler,XGB,47,12,15,0.2142,8.9805,11.6871,0.2482,-0.7273,0.4133
2,negative_training,CR,ads.1,CES-D,full,RobustScaler,MLP,47,12,15,0.0095,18.6001,20.5962,0.1271,-4.3645,0.2175
2,negative_training,CR,ads.1,CES-D,full,RobustScaler,LGBM,47,12,15,0.4976,5.6789,7.4852,0.5626,0.2915,0.5811
2,negative_training,CR,ads.1,CES-D,full,RobustScaler,CatBoost,47,12,15,0.3426,6.0988,8.9908,0.3919,-0.0222,0.5293
3,negative_training,CR,ads.1,CES-D,full,StandardScaler,Ridge,47,12,5,0.2911,9.2924,12.2274,0.3225,-0.1279,0.1895
3,negative_training,CR,ads.1,CES-D,full,StandardScaler,Lasso,47,12,5,0.2955,9.0933,11.9017,0.3298,-0.0686,0.1825
3,negative_training,CR,ads.1,CES-D,full,StandardScaler,ElasticNet,47,12,5,0.2718,8.9025,11.3073,0.3326,0.0355,0.2702
3,negative_training,CR,ads.1,CES-D,full,StandardScaler,SVR,47,12,5,0.0172,11.7746,14.085,0.0204,-0.4966,0.0632
3,negative_training,CR,ads.1,CES-D,full,StandardScaler,KNN,47,12,5,0.113,11.0663,14.1563,0.1351,-0.5118,0.1237
3,negative_training,CR,ads.1,CES-D,full,StandardScaler,RF,47,12,5,0.2402,9.7958,11.909,0.3212,-0.0699,0.1544
3,negative_training,CR,ads.1,CES-D,full,StandardScaler,ET,47,12,5,0.2403,9.9026,12.1982,0.3021,-0.1225,0.2281
3,negative_training,CR,ads.1,CES-D,full,StandardScaler,GB,47,12,5,0.0885,12.4149,14.6229,0.1171,-0.6131,0.1439
3,negative_training,CR,ads.1,CES-D,full,StandardScaler,XGB,47,12,5,-0.0302,13.0667,15.7669,-0.0361,-0.8754,0.014
3,negative_training,CR,ads.1,CES-D,full,StandardScaler,MLP,47,12,5,0.152,11.7316,14.7162,0.1581,-0.6338,0.1825
3,negative_training,CR,ads.1,CES-D,full,StandardScaler,LGBM,47,12,5,0.3875,8.2314,10.8157,0.4924,0.1175,0.2482
3,negative_training,CR,ads.1,CES-D,full,StandardScaler,CatBoost,47,12,5,0.1944,10.5377,13.1105,0.2601,-0.2967,0.2
3,negative_training,CR,ads.1,CES-D,full,MinMaxScaler,Ridge,47,12,10,0.3056,9.5139,12.2212,0.324,-0.1268,0.4702
3,negative_training,CR,ads.1,CES-D,full,MinMaxScaler,Lasso,47,12,10,0.3005,9.8107,12.2952,0.3199,-0.1404,0.4561
3,negative_training,CR,ads.1,CES-D,full,MinMaxScaler,ElasticNet,47,12,10,0.3004,9.3132,11.6687,0.3294,-0.0272,0.4632
3,negative_training,CR,ads.1,CES-D,full,MinMaxScaler,SVR,47,12,10,0.3446,9.4635,12.4228,0.3621,-0.1642,0.4421
3,negative_training,CR,ads.1,CES-D,full,MinMaxScaler,KNN,47,12,10,0.2173,12.3593,15.1156,0.2248,-0.7237,0.1298
3,negative_training,CR,ads.1,CES-D,full,MinMaxScaler,RF,47,12,10,0.2495,10.555,12.2817,0.3152,-0.1379,0.2246
3,negative_training,CR,ads.1,CES-D,full,MinMaxScaler,ET,47,12,10,0.2294,10.8934,12.731,0.2532,-0.2227,0.1053
3,negative_training,CR,ads.1,CES-D,full,MinMaxScaler,GB,47,12,10,0.121,12.2548,14.6611,0.1652,-0.6216,0.1333
3,negative_training,CR,ads.1,CES-D,full,MinMaxScaler,XGB,47,12,10,0.0164,13.1473,15.6987,0.0201,-0.8592,-0.0596
3,negative_training,CR,ads.1,CES-D,full,MinMaxScaler,MLP,47,12,10,0.2694,9.7524,12.0302,0.2992,-0.0918,0.3754
3,negative_training,CR,ads.1,CES-D,full,MinMaxScaler,LGBM,47,12,10,0.2748,9.3233,11.4789,0.3693,0.006,0.2124
3,negative_training,CR,ads.1,CES-D,full,MinMaxScaler,CatBoost,47,12,10,0.2379,10.6722,12.5315,0.2942,-0.1847,0.2597
3,negative_training,CR,ads.1,CES-D,full,RobustScaler,Ridge,47,12,5,0.299,8.9413,11.2288,0.3396,0.0488,0.2877
3,negative_training,CR,ads.1,CES-D,full,RobustScaler,Lasso,47,12,5,0.3291,9.1065,11.8064,0.3439,-0.0516,0.2947
3,negative_training,CR,ads.1,CES-D,full,RobustScaler,ElasticNet,47,12,5,0.3179,9.0184,11.4984,0.3424,0.0026,0.2947
3,negative_training,CR,ads.1,CES-D,full,RobustScaler,SVR,47,12,5,0.1795,9.7422,11.3766,0.2783,0.0236,0.2211
3,negative_training,CR,ads.1,CES-D,full,RobustScaler,KNN,47,12,5,0.4551,7.4834,9.7987,0.5279,0.2757,0.4991
3,negative_training,CR,ads.1,CES-D,full,RobustScaler,RF,47,12,5,0.2729,8.8179,10.9411,0.3602,0.0969,0.3579
3,negative_training,CR,ads.1,CES-D,full,RobustScaler,ET,47,12,5,0.2315,9.3328,11.4081,0.282,0.0182,0.3193
3,negative_training,CR,ads.1,CES-D,full,RobustScaler,GB,47,12,5,0.1915,10.3065,11.4788,0.3096,0.006,0.1649
3,negative_training,CR,ads.1,CES-D,full,RobustScaler,XGB,47,12,5,0.1985,10.7706,11.999,0.2448,-0.0862,0.1649
3,negative_training,CR,ads.1,CES-D,full,RobustScaler,MLP,47,12,5,0.2344,9.6562,12.2721,0.2544,-0.1362,0.3193
3,negative_training,CR,ads.1,CES-D,full,RobustScaler,LGBM,47,12,5,0.3653,9.0585,10.9602,0.4406,0.0938,0.4192
3,negative_training,CR,ads.1,CES-D,full,RobustScaler,CatBoost,47,12,5,0.2808,9.4427,10.6493,0.4006,0.1444,0.2772
4,negative_training,CR,ads.1,CES-D,full,StandardScaler,Ridge,47,12,10,0.2379,11.6796,13.2943,0.4305,0.1428,0.2697
4,negative_training,CR,ads.1,CES-D,full,StandardScaler,Lasso,47,12,10,0.235,11.6951,13.3173,0.4289,0.1399,0.2697
4,negative_training,CR,ads.1,CES-D,full,StandardScaler,ElasticNet,47,12,10,0.215,11.648,13.3911,0.4345,0.1303,0.2837
4,negative_training,CR,ads.1,CES-D,full,StandardScaler,SVR,47,12,10,0.3329,10.4976,12.199,0.6997,0.2782,0.5744
4,negative_training,CR,ads.1,CES-D,full,StandardScaler,KNN,47,12,10,0.2783,10.5256,12.8924,0.6738,0.1939,0.6877
4,negative_training,CR,ads.1,CES-D,full,StandardScaler,RF,47,12,10,0.2196,10.7856,13.1163,0.6875,0.1656,0.6515
4,negative_training,CR,ads.1,CES-D,full,StandardScaler,ET,47,12,10,0.3563,9.7965,12.1797,0.7397,0.2805,0.7601
4,negative_training,CR,ads.1,CES-D,full,StandardScaler,GB,47,12,10,0.2514,11.1519,13.1617,0.5181,0.1598,0.4834
4,negative_training,CR,ads.1,CES-D,full,StandardScaler,XGB,47,12,10,0.2418,11.4438,13.3596,0.4911,0.1344,0.3818
4,negative_training,CR,ads.1,CES-D,full,StandardScaler,MLP,47,12,10,0.3468,11.2861,13.2041,0.5716,0.1544,0.4869
4,negative_training,CR,ads.1,CES-D,full,StandardScaler,LGBM,47,12,10,0.0023,12.5642,14.7774,0.005,-0.0591,-0.207
4,negative_training,CR,ads.1,CES-D,full,StandardScaler,CatBoost,47,12,10,0.2183,11.869,13.6177,0.4795,0.1006,0.3047
4,negative_training,CR,ads.1,CES-D,full,MinMaxScaler,Ridge,47,12,5,0.2124,11.6951,13.4063,0.4359,0.1283,0.2382
4,negative_training,CR,ads.1,CES-D,full,MinMaxScaler,Lasso,47,12,5,0.1931,11.7216,13.4633,0.4199,0.1209,0.1716
4,negative_training,CR,ads.1,CES-D,full,MinMaxScaler,ElasticNet,47,12,5,0.2061,11.6573,13.3907,0.4458,0.1304,0.2032
4,negative_training,CR,ads.1,CES-D,full,MinMaxScaler,SVR,47,12,5,0.2247,11.7748,13.3766,0.4004,0.1322,0.1681
4,negative_training,CR,ads.1,CES-D,full,MinMaxScaler,KNN,47,12,5,0.2443,10.3422,12.9579,0.6564,0.1857,0.676
4,negative_training,CR,ads.1,CES-D,full,MinMaxScaler,RF,47,12,5,0.2306,10.7629,12.9201,0.6736,0.1904,0.5919
4,negative_training,CR,ads.1,CES-D,full,MinMaxScaler,ET,47,12,5,0.3859,10.1916,11.8676,0.7445,0.3169,0.641
4,negative_training,CR,ads.1,CES-D,full,MinMaxScaler,GB,47,12,5,0.3342,10.7712,12.5325,0.6471,0.2383,0.5639
4,negative_training,CR,ads.1,CES-D,full,MinMaxScaler,XGB,47,12,5,0.2968,11.111,12.8523,0.5914,0.1989,0.5744
4,negative_training,CR,ads.1,CES-D,full,MinMaxScaler,MLP,47,12,5,0.2038,11.651,13.4665,0.5215,0.1205,0.3398
4,negative_training,CR,ads.1,CES-D,full,MinMaxScaler,LGBM,47,12,5,0.0024,12.6394,14.7619,0.0054,-0.0569,-0.1614
4,negative_training,CR,ads.1,CES-D,full,MinMaxScaler,CatBoost,47,12,5,0.2156,11.8505,13.5417,0.4084,0.1106,0.3853
4,negative_training,CR,ads.1,CES-D,full,RobustScaler,Ridge,47,12,5,0.1793,11.87,13.6176,0.3671,0.1006,0.0841
4,negative_training,CR,ads.1,CES-D,full,RobustScaler,Lasso,47,12,5,0.216,11.7303,13.4296,0.4258,0.1253,0.2032
4,negative_training,CR,ads.1,CES-D,full,RobustScaler,ElasticNet,47,12,5,0.1988,11.8045,13.5217,0.3979,0.1133,0.1156
4,negative_training,CR,ads.1,CES-D,full,RobustScaler,SVR,47,12,5,0.1317,12.3329,13.9317,0.2822,0.0587,0.1856
4,negative_training,CR,ads.1,CES-D,full,RobustScaler,KNN,47,12,5,0.2012,11.6256,13.4686,0.4426,0.1202,0.3713
4,negative_training,CR,ads.1,CES-D,full,RobustScaler,RF,47,12,5,0.2306,10.7629,12.9201,0.6736,0.1904,0.5919
4,negative_training,CR,ads.1,CES-D,full,RobustScaler,ET,47,12,5,0.3859,10.1916,11.8676,0.7445,0.3169,0.641
4,negative_training,CR,ads.1,CES-D,full,RobustScaler,GB,47,12,5,0.3342,10.7712,12.5325,0.6471,0.2383,0.5639
4,negative_training,CR,ads.1,CES-D,full,RobustScaler,XGB,47,12,5,0.2968,11.111,12.8523,0.5914,0.1989,0.5744
4,negative_training,CR,ads.1,CES-D,full,RobustScaler,MLP,47,12,5,0.3193,10.9277,12.5753,0.5463,0.233,0.1891
4,negative_training,CR,ads.1,CES-D,full,RobustScaler,LGBM,47,12,5,0.0757,12.1787,14.3143,0.1492,0.0062,0.0385
4,negative_training,CR,ads.1,CES-D,full,RobustScaler,CatBoost,47,12,5,0.2156,11.8505,13.5417,0.4084,0.1106,0.3853
5,negative_training,CR,ads.1,CES-D,full,StandardScaler,Ridge,48,11,5,0.2755,25.3001,42.3778,0.4957,-6.4725,0.0182
5,negative_training,CR,ads.1,CES-D,full,StandardScaler,Lasso,48,11,5,0.3254,21.8865,33.8107,0.495,-3.7566,0.0364
5,negative_training,CR,ads.1,CES-D,full,StandardScaler,ElasticNet,48,11,5,0.3227,21.8431,34.1702,0.4949,-3.8583,0.0
5,negative_training,CR,ads.1,CES-D,full,StandardScaler,SVR,48,11,5,0.007,14.6777,16.4649,0.0125,-0.128,-0.1781
5,negative_training,CR,ads.1,CES-D,full,StandardScaler,KNN,48,11,5,0.1943,12.5957,15.128,0.2795,0.0477,0.0911
5,negative_training,CR,ads.1,CES-D,full,StandardScaler,RF,48,11,5,0.1404,12.8037,15.1444,0.2356,0.0457,0.0638
5,negative_training,CR,ads.1,CES-D,full,StandardScaler,ET,48,11,5,0.0579,13.147,15.8074,0.1121,-0.0397,-0.1139
5,negative_training,CR,ads.1,CES-D,full,StandardScaler,GB,48,11,5,-0.251,17.186,19.3611,-0.3152,-0.5597,-0.4556
5,negative_training,CR,ads.1,CES-D,full,StandardScaler,XGB,48,11,5,-0.3154,16.8175,19.6001,-0.4135,-0.5985,-0.5239
5,negative_training,CR,ads.1,CES-D,full,StandardScaler,MLP,48,11,5,0.1842,34.6825,64.4437,0.474,-16.2802,0.0137
5,negative_training,CR,ads.1,CES-D,full,StandardScaler,LGBM,48,11,5,0.168,12.671,15.017,0.2654,0.0617,0.137
5,negative_training,CR,ads.1,CES-D,full,StandardScaler,CatBoost,48,11,5,-0.181,15.9837,18.0052,-0.2845,-0.3489,-0.4374
5,negative_training,CR,ads.1,CES-D,full,MinMaxScaler,Ridge,48,11,5,0.2953,23.0568,34.352,0.4544,-3.9101,0.0182
5,negative_training,CR,ads.1,CES-D,full,MinMaxScaler,Lasso,48,11,5,0.2944,23.6769,35.6388,0.4651,-4.2849,-0.0683
5,negative_training,CR,ads.1,CES-D,full,MinMaxScaler,ElasticNet,48,11,5,0.28,24.6201,37.6961,0.4612,-4.9126,0.0091
5,negative_training,CR,ads.1,CES-D,full,MinMaxScaler,SVR,48,11,5,-0.074,15.5683,17.5994,-0.1008,-0.2888,-0.2278
5,negative_training,CR,ads.1,CES-D,full,MinMaxScaler,KNN,48,11,5,0.1153,13.3836,15.7505,0.1702,-0.0322,0.0548
5,negative_training,CR,ads.1,CES-D,full,MinMaxScaler,RF,48,11,5,0.0961,13.144,15.7027,0.1487,-0.026,0.0957
5,negative_training,CR,ads.1,CES-D,full,MinMaxScaler,ET,48,11,5,-0.1985,15.2746,18.1299,-0.3104,-0.3677,-0.5376
5,negative_training,CR,ads.1,CES-D,full,MinMaxScaler,GB,48,11,5,-0.2206,17.345,19.4324,-0.2684,-0.5712,-0.4328
5,negative_training,CR,ads.1,CES-D,full,MinMaxScaler,XGB,48,11,5,-0.1918,16.7288,19.0678,-0.2364,-0.5128,-0.4692
5,negative_training,CR,ads.1,CES-D,full,MinMaxScaler,MLP,48,11,5,0.2804,23.7881,36.687,0.4536,-4.6003,0.041
5,negative_training,CR,ads.1,CES-D,full,MinMaxScaler,LGBM,48,11,5,0.2367,12.536,14.6,0.3451,0.1131,0.2151
5,negative_training,CR,ads.1,CES-D,full,MinMaxScaler,CatBoost,48,11,5,-0.1588,14.8134,17.554,-0.271,-0.2822,-0.4738
5,negative_training,CR,ads.1,CES-D,full,RobustScaler,Ridge,48,11,5,0.2786,24.8992,41.6747,0.4948,-6.2266,0.0182
5,negative_training,CR,ads.1,CES-D,full,RobustScaler,Lasso,48,11,5,0.3343,21.2228,32.3895,0.4936,-3.3651,0.0
5,negative_training,CR,ads.1,CES-D,full,RobustScaler,ElasticNet,48,11,5,0.3315,21.0876,32.7163,0.4931,-3.4537,0.0
5,negative_training,CR,ads.1,CES-D,full,RobustScaler,SVR,48,11,5,0.0123,14.6896,16.6378,0.0194,-0.1518,-0.1321
5,negative_training,CR,ads.1,CES-D,full,RobustScaler,KNN,48,11,5,0.2188,12.3937,14.864,0.3139,0.0807,0.2009
5,negative_training,CR,ads.1,CES-D,full,RobustScaler,RF,48,11,5,0.1393,12.8863,15.1456,0.2347,0.0455,0.1002
5,negative_training,CR,ads.1,CES-D,full,RobustScaler,ET,48,11,5,0.0579,13.147,15.8074,0.1121,-0.0397,-0.1139
5,negative_training,CR,ads.1,CES-D,full,RobustScaler,GB,48,11,5,-0.2715,17.4593,19.6189,-0.3358,-0.6015,-0.3827
5,negative_training,CR,ads.1,CES-D,full,RobustScaler,XGB,48,11,5,-0.3154,16.8175,19.6001,-0.4135,-0.5985,-0.5239
5,negative_training,CR,ads.1,CES-D,full,RobustScaler,MLP,48,11,5,0.253,26.488,40.8358,0.452,-5.9386,-0.0273
5,negative_training,CR,ads.1,CES-D,full,RobustScaler,LGBM,48,11,5,0.138,13.0176,15.372,0.2101,0.0168,0.137
5,negative_training,CR,ads.1,CES-D,full,RobustScaler,CatBoost,48,11,5,-0.181,15.9837,18.0052,-0.2845,-0.3489,-0.4374
1,negative_training,CR,HRSD_6.1,HRSD6,full,StandardScaler,Ridge,47,12,5,0.1612,5.2638,6.2556,0.3484,0.1033,-0.0847
1,negative_training,CR,HRSD_6.1,HRSD6,full,StandardScaler,Lasso,47,12,5,-0.0,5.7872,6.6089,,-0.0009,
1,negative_training,CR,HRSD_6.1,HRSD6,full,StandardScaler,ElasticNet,47,12,5,0.1175,5.4176,6.3153,0.3483,0.0861,-0.0564
1,negative_training,CR,HRSD_6.1,HRSD6,full,StandardScaler,SVR,47,12,5,-0.094,5.5734,7.3,-0.1765,-0.2212,-0.1411
1,negative_training,CR,HRSD_6.1,HRSD6,full,StandardScaler,KNN,47,12,5,0.0745,5.1833,6.974,0.1056,-0.1145,0.0372
1,negative_training,CR,HRSD_6.1,HRSD6,full,StandardScaler,RF,47,12,5,0.1011,5.0572,6.8017,0.1525,-0.0601,0.1129
1,negative_training,CR,HRSD_6.1,HRSD6,full,StandardScaler,ET,47,12,5,-0.1309,5.9224,7.9172,-0.193,-0.4364,-0.1482
1,negative_training,CR,HRSD_6.1,HRSD6,full,StandardScaler,GB,47,12,5,-0.0296,5.7773,7.5529,-0.0427,-0.3072,-0.0813
1,negative_training,CR,HRSD_6.1,HRSD6,full,StandardScaler,XGB,47,12,5,-0.0048,5.6799,7.291,-0.0073,-0.2182,-0.0796
1,negative_training,CR,HRSD_6.1,HRSD6,full,StandardScaler,MLP,47,12,5,-0.3367,7.7363,12.491,-0.386,-2.5754,-0.381
1,negative_training,CR,HRSD_6.1,HRSD6,full,StandardScaler,LGBM,47,12,5,0.1227,4.9806,6.7841,0.173,-0.0547,0.3571
1,negative_training,CR,HRSD_6.1,HRSD6,full,StandardScaler,CatBoost,47,12,5,-0.0216,5.5235,7.2447,-0.0357,-0.2027,0.0317
1,negative_training,CR,HRSD_6.1,HRSD6,full,MinMaxScaler,Ridge,47,12,5,0.1942,5.135,6.2359,0.3482,0.1089,-0.0847
1,negative_training,CR,HRSD_6.1,HRSD6,full,MinMaxScaler,Lasso,47,12,5,-0.0,5.7872,6.6089,,-0.0009,
1,negative_training,CR,HRSD_6.1,HRSD6,full,MinMaxScaler,ElasticNet,47,12,5,0.0992,5.4783,6.3492,0.3483,0.0762,-0.0847
1,negative_training,CR,HRSD_6.1,HRSD6,full,MinMaxScaler,SVR,47,12,5,-0.0923,5.5708,7.3506,-0.1649,-0.2382,-0.1411
1,negative_training,CR,HRSD_6.1,HRSD6,full,MinMaxScaler,KNN,47,12,5,0.1174,4.9167,6.8007,0.1756,-0.0598,0.1997
1,negative_training,CR,HRSD_6.1,HRSD6,full,MinMaxScaler,RF,47,12,5,0.1057,5.0189,6.8105,0.16,-0.0629,0.2011
1,negative_training,CR,HRSD_6.1,HRSD6,full,MinMaxScaler,ET,47,12,5,-0.1201,5.8609,7.9225,-0.1824,-0.4383,-0.2293
1,negative_training,CR,HRSD_6.1,HRSD6,full,MinMaxScaler,GB,47,12,5,-0.0465,5.823,7.6431,-0.0667,-0.3387,-0.0813
1,negative_training,CR,HRSD_6.1,HRSD6,full,MinMaxScaler,XGB,47,12,5,-0.0048,5.6799,7.291,-0.0073,-0.2182,-0.0796
1,negative_training,CR,HRSD_6.1,HRSD6,full,MinMaxScaler,MLP,47,12,5,-0.2424,6.3179,7.8295,-0.4076,-0.4047,-0.381
1,negative_training,CR,HRSD_6.1,HRSD6,full,MinMaxScaler,LGBM,47,12,5,0.1111,5.1097,6.8916,0.1492,-0.0883,0.3222
1,negative_training,CR,HRSD_6.1,HRSD6,full,MinMaxScaler,CatBoost,47,12,5,-0.0225,5.475,7.2428,-0.0381,-0.2021,0.067
1,negative_training,CR,HRSD_6.1,HRSD6,full,RobustScaler,Ridge,47,12,6,0.2013,5.1052,6.2365,0.3474,0.1087,-0.1905
1,negative_training,CR,HRSD_6.1,HRSD6,full,RobustScaler,Lasso,47,12,6,-0.0,5.7872,6.6089,,-0.0009,
1,negative_training,CR,HRSD_6.1,HRSD6,full,RobustScaler,ElasticNet,47,12,6,0.0586,5.6075,6.4405,0.3481,0.0495,-0.067
1,negative_training,CR,HRSD_6.1,HRSD6,full,RobustScaler,SVR,47,12,6,0.12,4.9889,6.8355,0.1755,-0.0707,0.2081
1,negative_training,CR,HRSD_6.1,HRSD6,full,RobustScaler,KNN,47,12,6,0.1617,4.8667,6.6086,0.238,-0.0008,0.2562
1,negative_training,CR,HRSD_6.1,HRSD6,full,RobustScaler,RF,47,12,6,0.1111,5.0573,6.7713,0.1668,-0.0507,0.1764
1,negative_training,CR,HRSD_6.1,HRSD6,full,RobustScaler,ET,47,12,6,-0.1167,5.813,7.8906,-0.1779,-0.4267,-0.1482
1,negative_training,CR,HRSD_6.1,HRSD6,full,RobustScaler,GB,47,12,6,-0.0573,5.9051,7.6806,-0.0807,-0.3518,-0.0813
1,negative_training,CR,HRSD_6.1,HRSD6,full,RobustScaler,XGB,47,12,6,-0.0048,5.6799,7.291,-0.0073,-0.2182,-0.0796
1,negative_training,CR,HRSD_6.1,HRSD6,full,RobustScaler,MLP,47,12,6,-0.2775,7.6928,13.2155,-0.3299,-3.0021,-0.0247
1,negative_training,CR,HRSD_6.1,HRSD6,full,RobustScaler,LGBM,47,12,6,0.1371,4.8008,6.7177,0.2005,-0.0341,0.3571
1,negative_training,CR,HRSD_6.1,HRSD6,full,RobustScaler,CatBoost,47,12,6,0.0029,5.4379,7.1885,0.0047,-0.1841,0.0494
2,negative_training,CR,HRSD_6.1,HRSD6,full,StandardScaler,Ridge,47,12,20,0.0571,4.2059,5.2215,0.0594,-0.725,0.0635
2,negative_training,CR,HRSD_6.1,HRSD6,full,StandardScaler,Lasso,47,12,20,0.1029,3.7558,4.5395,0.1208,-0.3038,0.0917
2,negative_training,CR,HRSD_6.1,HRSD6,full,StandardScaler,ElasticNet,47,12,20,0.0188,4.6604,5.6915,0.0192,-1.0495,0.0282
2,negative_training,CR,HRSD_6.1,HRSD6,full,StandardScaler,SVR,47,12,20,-0.0339,5.1241,5.9706,-0.0355,-1.2554,-0.06
2,negative_training,CR,HRSD_6.1,HRSD6,full,StandardScaler,KNN,47,12,20,-0.2364,4.7222,6.1222,-0.2994,-1.3714,-0.2611
2,negative_training,CR,HRSD_6.1,HRSD6,full,StandardScaler,RF,47,12,20,-0.3416,4.3692,5.5193,-0.4037,-0.9274,-0.321
2,negative_training,CR,HRSD_6.1,HRSD6,full,StandardScaler,ET,47,12,20,-0.3512,4.4117,5.6673,-0.4935,-1.0321,-0.4409
2,negative_training,CR,HRSD_6.1,HRSD6,full,StandardScaler,GB,47,12,20,-0.3217,4.8664,5.6952,-0.3535,-1.0522,-0.2716
2,negative_training,CR,HRSD_6.1,HRSD6,full,StandardScaler,XGB,47,12,20,-0.3816,5.0193,6.0881,-0.4152,-1.345,-0.2857
2,negative_training,CR,HRSD_6.1,HRSD6,full,StandardScaler,MLP,47,12,20,0.1638,4.747,6.0014,0.1712,-1.2788,0.1164
2,negative_training,CR,HRSD_6.1,HRSD6,full,StandardScaler,LGBM,47,12,20,0.225,3.1316,3.9191,0.2921,0.0282,0.3617
2,negative_training,CR,HRSD_6.1,HRSD6,full,StandardScaler,CatBoost,47,12,20,-0.2208,3.9381,5.1597,-0.3001,-0.6844,-0.1799
2,negative_training,CR,HRSD_6.1,HRSD6,full,MinMaxScaler,Ridge,47,12,10,0.1717,3.8296,4.4087,0.1936,-0.2298,0.1587
2,negative_training,CR,HRSD_6.1,HRSD6,full,MinMaxScaler,Lasso,47,12,10,0.2152,3.8106,4.3361,0.2516,-0.1895,0.1094
2,negative_training,CR,HRSD_6.1,HRSD6,full,MinMaxScaler,ElasticNet,47,12,10,0.1788,3.9903,4.6426,0.1949,-0.3637,0.1587
2,negative_training,CR,HRSD_6.1,HRSD6,full,MinMaxScaler,SVR,47,12,10,0.1914,4.5139,5.0168,0.2223,-0.5924,0.1587
2,negative_training,CR,HRSD_6.1,HRSD6,full,MinMaxScaler,KNN,47,12,10,0.2515,4.0463,4.4573,0.3208,-0.257,0.1834
2,negative_training,CR,HRSD_6.1,HRSD6,full,MinMaxScaler,RF,47,12,10,0.1115,3.5383,4.1649,0.1426,-0.0975,-0.0071
2,negative_training,CR,HRSD_6.1,HRSD6,full,MinMaxScaler,ET,47,12,10,0.1284,3.645,4.3753,0.1578,-0.2112,0.0917
2,negative_training,CR,HRSD_6.1,HRSD6,full,MinMaxScaler,GB,47,12,10,0.1366,3.7634,4.1922,0.1657,-0.1119,0.0776
2,negative_training,CR,HRSD_6.1,HRSD6,full,MinMaxScaler,XGB,47,12,10,0.3213,3.5729,4.7493,0.3253,-0.4271,0.1764
2,negative_training,CR,HRSD_6.1,HRSD6,full,MinMaxScaler,MLP,47,12,10,0.1647,4.1304,4.5813,0.173,-0.3279,0.2363
2,negative_training,CR,HRSD_6.1,HRSD6,full,MinMaxScaler,LGBM,47,12,10,0.4125,3.3039,3.7444,0.4604,0.1129,0.3092
2,negative_training,CR,HRSD_6.1,HRSD6,full,MinMaxScaler,CatBoost,47,12,10,0.21,3.5101,4.2651,0.2325,-0.1509,0.1376
2,negative_training,CR,HRSD_6.1,HRSD6,full,RobustScaler,Ridge,47,12,20,0.0902,4.2833,4.9502,0.0994,-0.5504,0.067
2,negative_training,CR,HRSD_6.1,HRSD6,full,RobustScaler,Lasso,47,12,20,0.0908,4.6478,5.4195,0.0996,-0.8583,0.0176
2,negative_training,CR,HRSD_6.1,HRSD6,full,RobustScaler,ElasticNet,47,12,20,0.1165,4.3999,5.1672,0.1258,-0.6893,0.0176
2,negative_training,CR,HRSD_6.1,HRSD6,full,RobustScaler,SVR,47,12,20,0.3331,3.3691,4.2523,0.3495,-0.144,0.2363
2,negative_training,CR,HRSD_6.1,HRSD6,full,RobustScaler,KNN,47,12,20,0.1056,4.2778,4.8819,0.1158,-0.5079,0.0549
2,negative_training,CR,HRSD_6.1,HRSD6,full,RobustScaler,RF,47,12,20,0.0087,3.7831,4.5735,0.0106,-0.3234,-0.0212
2,negative_training,CR,HRSD_6.1,HRSD6,full,RobustScaler,ET,47,12,20,-0.0265,3.8729,4.6597,-0.0327,-0.3737,-0.0071
2,negative_training,CR,HRSD_6.1,HRSD6,full,RobustScaler,GB,47,12,20,-0.2245,4.146,5.5434,-0.2383,-0.9442,-0.2751
2,negative_training,CR,HRSD_6.1,HRSD6,full,RobustScaler,XGB,47,12,20,0.1094,4.1164,5.4185,0.1097,-0.8576,0.134
2,negative_training,CR,HRSD_6.1,HRSD6,full,RobustScaler,MLP,47,12,20,0.2942,5.2275,6.2851,0.3277,-1.4993,0.1411
2,negative_training,CR,HRSD_6.1,HRSD6,full,RobustScaler,LGBM,47,12,20,0.1188,3.856,4.5745,0.1422,-0.324,0.0265
2,negative_training,CR,HRSD_6.1,HRSD6,full,RobustScaler,CatBoost,47,12,20,0.076,3.7248,4.4518,0.0948,-0.2539,0.0529
3,negative_training,CR,HRSD_6.1,HRSD6,full,StandardScaler,Ridge,47,12,5,0.1594,4.7874,5.4092,0.2955,-0.1041,0.3958
3,negative_training,CR,HRSD_6.1,HRSD6,full,StandardScaler,Lasso,47,12,5,0.1848,4.8324,5.4149,0.302,-0.1065,0.3608
3,negative_training,CR,HRSD_6.1,HRSD6,full,StandardScaler,ElasticNet,47,12,5,0.1739,4.8096,5.4068,0.3001,-0.1032,0.3608
3,negative_training,CR,HRSD_6.1,HRSD6,full,StandardScaler,SVR,47,12,5,0.2009,5.0441,5.8907,0.2992,-0.3094,0.2557
3,negative_training,CR,HRSD_6.1,HRSD6,full,StandardScaler,KNN,47,12,5,0.2498,4.3452,5.2678,0.4522,-0.0472,0.4193
3,negative_training,CR,HRSD_6.1,HRSD6,full,StandardScaler,RF,47,12,5,0.1761,4.7443,5.2464,0.3387,-0.0387,0.4273
3,negative_training,CR,HRSD_6.1,HRSD6,full,StandardScaler,ET,47,12,5,0.1876,4.7375,5.3141,0.3359,-0.0656,0.3888
3,negative_training,CR,HRSD_6.1,HRSD6,full,StandardScaler,GB,47,12,5,0.2879,4.8604,5.3805,0.3876,-0.0924,0.3713
3,negative_training,CR,HRSD_6.1,HRSD6,full,StandardScaler,XGB,47,12,5,0.3808,4.12,4.8273,0.4609,0.1206,0.4799
3,negative_training,CR,HRSD_6.1,HRSD6,full,StandardScaler,MLP,47,12,5,0.1217,5.4669,6.3397,0.2454,-0.5167,0.1751
3,negative_training,CR,HRSD_6.1,HRSD6,full,StandardScaler,LGBM,47,12,5,0.0625,4.8288,5.6367,0.1395,-0.199,0.4042
3,negative_training,CR,HRSD_6.1,HRSD6,full,StandardScaler,CatBoost,47,12,5,0.242,4.6034,5.5455,0.4203,-0.1605,0.3082
3,negative_training,CR,HRSD_6.1,HRSD6,full,MinMaxScaler,Ridge,47,12,20,0.1573,5.121,5.8673,0.2392,-0.2991,0.3818
3,negative_training,CR,HRSD_6.1,HRSD6,full,MinMaxScaler,Lasso,47,12,20,0.1778,4.8738,5.664,0.2636,-0.2106,0.2802
3,negative_training,CR,HRSD_6.1,HRSD6,full,MinMaxScaler,ElasticNet,47,12,20,0.1462,4.8224,5.5184,0.2759,-0.1492,0.2382
3,negative_training,CR,HRSD_6.1,HRSD6,full,MinMaxScaler,SVR,47,12,20,0.1799,4.8292,5.6413,0.3096,-0.2009,0.2697
3,negative_training,CR,HRSD_6.1,HRSD6,full,MinMaxScaler,KNN,47,12,20,0.3398,4.25,5.0256,0.4594,0.0469,0.4306
3,negative_training,CR,HRSD_6.1,HRSD6,full,MinMaxScaler,RF,47,12,20,0.0629,4.8744,5.4823,0.1475,-0.1342,0.3117
3,negative_training,CR,HRSD_6.1,HRSD6,full,MinMaxScaler,ET,47,12,20,0.1367,4.86,5.4062,0.2993,-0.1029,0.3573
3,negative_training,CR,HRSD_6.1,HRSD6,full,MinMaxScaler,GB,47,12,20,0.1046,4.7322,5.4359,0.1806,-0.1151,0.3117
3,negative_training,CR,HRSD_6.1,HRSD6,full,MinMaxScaler,XGB,47,12,20,0.2539,4.5249,5.2976,0.3901,-0.059,0.4063
3,negative_training,CR,HRSD_6.1,HRSD6,full,MinMaxScaler,MLP,47,12,20,0.0925,5.5475,6.3757,0.1315,-0.5339,0.1926
3,negative_training,CR,HRSD_6.1,HRSD6,full,MinMaxScaler,LGBM,47,12,20,0.0621,4.9941,5.8655,0.1106,-0.2983,0.0035
3,negative_training,CR,HRSD_6.1,HRSD6,full,MinMaxScaler,CatBoost,47,12,20,0.001,5.3806,6.144,0.0026,-0.4245,-0.1086
3,negative_training,CR,HRSD_6.1,HRSD6,full,RobustScaler,Ridge,47,12,5,0.1938,5.335,6.0327,0.3139,-0.3733,0.2837
3,negative_training,CR,HRSD_6.1,HRSD6,full,RobustScaler,Lasso,47,12,5,0.1916,5.4355,6.1239,0.2993,-0.4152,0.3187
3,negative_training,CR,HRSD_6.1,HRSD6,full,RobustScaler,ElasticNet,47,12,5,0.193,5.3856,6.0778,0.3066,-0.394,0.3187
3,negative_training,CR,HRSD_6.1,HRSD6,full,RobustScaler,SVR,47,12,5,0.0005,5.8118,6.5523,0.0008,-0.6201,0.1611
3,negative_training,CR,HRSD_6.1,HRSD6,full,RobustScaler,KNN,47,12,5,0.0758,5.1759,5.9903,0.2083,-0.3541,0.2847
3,negative_training,CR,HRSD_6.1,HRSD6,full,RobustScaler,RF,47,12,5,-0.011,5.9275,7.0838,-0.0326,-0.8936,0.0595
3,negative_training,CR,HRSD_6.1,HRSD6,full,RobustScaler,ET,47,12,5,0.0416,5.6158,6.404,0.1141,-0.5476,0.2032
3,negative_training,CR,HRSD_6.1,HRSD6,full,RobustScaler,GB,47,12,5,0.0137,6.7331,7.8399,0.0465,-1.3194,0.1401
3,negative_training,CR,HRSD_6.1,HRSD6,full,RobustScaler,XGB,47,12,5,-0.1188,7.2721,8.1873,-0.3953,-1.5295,-0.2872
3,negative_training,CR,HRSD_6.1,HRSD6,full,RobustScaler,MLP,47,12,5,0.0795,6.4149,7.2405,0.1697,-0.9783,0.0981
3,negative_training,CR,HRSD_6.1,HRSD6,full,RobustScaler,LGBM,47,12,5,-0.1819,6.2485,7.1416,-0.2986,-0.9246,-0.2021
3,negative_training,CR,HRSD_6.1,HRSD6,full,RobustScaler,CatBoost,47,12,5,-0.0458,6.6218,7.5959,-0.117,-1.1773,-0.1436
4,negative_training,CR,HRSD_6.1,HRSD6,full,StandardScaler,Ridge,47,12,5,0.1624,3.7325,4.4255,0.2473,0.0433,0.4425
4,negative_training,CR,HRSD_6.1,HRSD6,full,StandardScaler,Lasso,47,12,5,0.1733,3.6916,4.4524,0.2454,0.0317,0.4425
4,negative_training,CR,HRSD_6.1,HRSD6,full,StandardScaler,ElasticNet,47,12,5,0.1729,3.6936,4.4503,0.2457,0.0326,0.4425
4,negative_training,CR,HRSD_6.1,HRSD6,full,StandardScaler,SVR,47,12,5,0.1536,3.8218,4.9867,0.1704,-0.2147,0.1558
4,negative_training,CR,HRSD_6.1,HRSD6,full,StandardScaler,KNN,47,12,5,0.0025,4.0476,5.0501,0.0031,-0.2458,0.0177
4,negative_training,CR,HRSD_6.1,HRSD6,full,StandardScaler,RF,47,12,5,0.2603,3.725,4.3377,0.3324,0.0809,0.4567
4,negative_training,CR,HRSD_6.1,HRSD6,full,StandardScaler,ET,47,12,5,0.1434,3.89,4.6884,0.1786,-0.0737,0.2443
4,negative_training,CR,HRSD_6.1,HRSD6,full,StandardScaler,GB,47,12,5,-0.0311,4.4468,5.0871,-0.0456,-0.2641,-0.1239
4,negative_training,CR,HRSD_6.1,HRSD6,full,StandardScaler,XGB,47,12,5,0.0909,4.368,4.9855,0.1342,-0.2141,0.2407
4,negative_training,CR,HRSD_6.1,HRSD6,full,StandardScaler,MLP,47,12,5,-0.008,4.2105,4.9768,-0.013,-0.2099,0.1381
4,negative_training,CR,HRSD_6.1,HRSD6,full,StandardScaler,LGBM,47,12,5,0.28,3.6866,4.0811,0.4744,0.1864,0.5542
4,negative_training,CR,HRSD_6.1,HRSD6,full,StandardScaler,CatBoost,47,12,5,0.2836,3.5836,4.3046,0.3496,0.0949,0.4461
4,negative_training,CR,HRSD_6.1,HRSD6,full,MinMaxScaler,Ridge,47,12,5,0.1763,3.6773,4.4689,0.2432,0.0245,0.4248
4,negative_training,CR,HRSD_6.1,HRSD6,full,MinMaxScaler,Lasso,47,12,5,0.155,3.7638,4.4125,0.25,0.0489,0.4425
4,negative_training,CR,HRSD_6.1,HRSD6,full,MinMaxScaler,ElasticNet,47,12,5,0.1752,3.7017,4.4305,0.2531,0.0412,0.4248
4,negative_training,CR,HRSD_6.1,HRSD6,full,MinMaxScaler,SVR,47,12,5,0.1828,3.6751,4.4146,0.2646,0.048,0.4461
4,negative_training,CR,HRSD_6.1,HRSD6,full,MinMaxScaler,KNN,47,12,5,0.163,3.65,4.5851,0.2127,-0.0269,0.2536
4,negative_training,CR,HRSD_6.1,HRSD6,full,MinMaxScaler,RF,47,12,5,0.057,4.0208,4.8369,0.0812,-0.1428,-0.0496
4,negative_training,CR,HRSD_6.1,HRSD6,full,MinMaxScaler,ET,47,12,5,0.1266,3.7088,4.5902,0.1841,-0.0292,0.1451
4,negative_training,CR,HRSD_6.1,HRSD6,full,MinMaxScaler,GB,47,12,5,0.0905,4.1165,4.9929,0.1413,-0.2177,0.2655
4,negative_training,CR,HRSD_6.1,HRSD6,full,MinMaxScaler,XGB,47,12,5,0.0475,4.0311,4.7644,0.1104,-0.1088,0.2266
4,negative_training,CR,HRSD_6.1,HRSD6,full,MinMaxScaler,MLP,47,12,5,0.1262,3.8885,4.5265,0.1896,-0.0008,0.3611
4,negative_training,CR,HRSD_6.1,HRSD6,full,MinMaxScaler,LGBM,47,12,5,0.1085,4.2103,4.5923,0.1742,-0.0301,0.3185
4,negative_training,CR,HRSD_6.1,HRSD6,full,MinMaxScaler,CatBoost,47,12,5,0.1621,3.7563,4.5496,0.2213,-0.0111,0.2761
4,negative_training,CR,HRSD_6.1,HRSD6,full,RobustScaler,Ridge,47,12,20,0.161,3.7697,4.3248,0.2962,0.0864,0.4744
4,negative_training,CR,HRSD_6.1,HRSD6,full,RobustScaler,Lasso,47,12,20,0.1752,3.698,4.3919,0.2654,0.0578,0.4425
4,negative_training,CR,HRSD_6.1,HRSD6,full,RobustScaler,ElasticNet,47,12,20,0.1772,3.6958,4.3776,0.2718,0.0639,0.485
4,negative_training,CR,HRSD_6.1,HRSD6,full,RobustScaler,SVR,47,12,20,0.3918,3.888,4.8347,0.398,-0.1418,0.393
4,negative_training,CR,HRSD_6.1,HRSD6,full,RobustScaler,KNN,47,12,20,0.5561,3.1548,3.6048,0.6094,0.3652,0.6348
4,negative_training,CR,HRSD_6.1,HRSD6,full,RobustScaler,RF,47,12,20,0.3862,3.4191,4.05,0.458,0.1988,0.4956
4,negative_training,CR,HRSD_6.1,HRSD6,full,RobustScaler,ET,47,12,20,0.41,3.5146,4.0975,0.4638,0.1799,0.57
4,negative_training,CR,HRSD_6.1,HRSD6,full,RobustScaler,GB,47,12,20,-0.0804,4.4517,5.2338,-0.1394,-0.338,-0.177
4,negative_training,CR,HRSD_6.1,HRSD6,full,RobustScaler,XGB,47,12,20,-0.0428,4.4561,5.1353,-0.0655,-0.2881,-0.0142
4,negative_training,CR,HRSD_6.1,HRSD6,full,RobustScaler,MLP,47,12,20,0.157,3.9125,4.6261,0.2546,-0.0453,0.3823
4,negative_training,CR,HRSD_6.1,HRSD6,full,RobustScaler,LGBM,47,12,20,0.3074,3.6011,4.0184,0.47,0.2113,0.4441
4,negative_training,CR,HRSD_6.1,HRSD6,full,RobustScaler,CatBoost,47,12,20,0.2818,3.7608,4.3522,0.3441,0.0748,0.4248
5,negative_training,CR,HRSD_6.1,HRSD6,full,StandardScaler,Ridge,48,11,5,-0.123,4.5384,5.1377,-0.3228,-0.2379,-0.2397
5,negative_training,CR,HRSD_6.1,HRSD6,full,StandardScaler,Lasso,48,11,5,-0.1262,4.5463,5.1328,-0.3107,-0.2356,-0.2397
5,negative_training,CR,HRSD_6.1,HRSD6,full,StandardScaler,ElasticNet,48,11,5,-0.1423,4.595,5.2135,-0.3128,-0.2748,-0.2397
5,negative_training,CR,HRSD_6.1,HRSD6,full,StandardScaler,SVR,48,11,5,-0.3161,6.029,6.9051,-0.3228,-1.2362,-0.4102
5,negative_training,CR,HRSD_6.1,HRSD6,full,StandardScaler,KNN,48,11,5,-0.2855,5.3818,6.5815,-0.2977,-1.0315,-0.2338
5,negative_training,CR,HRSD_6.1,HRSD6,full,StandardScaler,RF,48,11,5,-0.121,4.9582,5.7509,-0.1415,-0.5511,-0.0323
5,negative_training,CR,HRSD_6.1,HRSD6,full,StandardScaler,ET,48,11,5,-0.0692,4.9655,5.8913,-0.0729,-0.6277,0.0369
5,negative_training,CR,HRSD_6.1,HRSD6,full,StandardScaler,GB,48,11,5,-0.2181,5.7208,6.9698,-0.223,-1.2783,-0.0184
5,negative_training,CR,HRSD_6.1,HRSD6,full,StandardScaler,XGB,48,11,5,-0.0947,4.9436,5.7555,-0.1064,-0.5536,-0.0138
5,negative_training,CR,HRSD_6.1,HRSD6,full,StandardScaler,MLP,48,11,5,-0.308,5.56,6.582,-0.346,-1.0318,-0.2857
5,negative_training,CR,HRSD_6.1,HRSD6,full,StandardScaler,LGBM,48,11,5,0.0198,4.5405,5.2319,0.0252,-0.2838,0.0302
5,negative_training,CR,HRSD_6.1,HRSD6,full,StandardScaler,CatBoost,48,11,5,-0.0542,4.797,5.5644,-0.0608,-0.4521,0.1244
5,negative_training,CR,HRSD_6.1,HRSD6,full,MinMaxScaler,Ridge,48,11,5,-0.1823,4.7613,5.502,-0.2864,-0.4197,-0.1613
5,negative_training,CR,HRSD_6.1,HRSD6,full,MinMaxScaler,Lasso,48,11,5,-0.1585,4.6981,5.3941,-0.2699,-0.3646,-0.1337
5,negative_training,CR,HRSD_6.1,HRSD6,full,MinMaxScaler,ElasticNet,48,11,5,-0.1363,4.5964,5.2363,-0.2787,-0.2859,-0.1843
5,negative_training,CR,HRSD_6.1,HRSD6,full,MinMaxScaler,SVR,48,11,5,-0.3675,5.8016,6.6913,-0.3955,-1.0998,-0.3272
5,negative_training,CR,HRSD_6.1,HRSD6,full,MinMaxScaler,KNN,48,11,5,-0.2109,5.1818,6.1505,-0.2323,-0.7741,-0.1075
5,negative_training,CR,HRSD_6.1,HRSD6,full,MinMaxScaler,RF,48,11,5,-0.3812,5.435,6.4517,-0.4482,-0.9522,-0.3779
5,negative_training,CR,HRSD_6.1,HRSD6,full,MinMaxScaler,ET,48,11,5,-0.3429,5.6041,6.5486,-0.3904,-1.0113,-0.3318
5,negative_training,CR,HRSD_6.1,HRSD6,full,MinMaxScaler,GB,48,11,5,-0.5356,6.1576,6.7154,-0.6284,-1.115,-0.5208
5,negative_training,CR,HRSD_6.1,HRSD6,full,MinMaxScaler,XGB,48,11,5,-0.4546,5.607,6.4575,-0.5457,-0.9557,-0.4517
5,negative_training,CR,HRSD_6.1,HRSD6,full,MinMaxScaler,MLP,48,11,5,-0.1908,4.7843,5.5544,-0.3007,-0.4469,-0.189
5,negative_training,CR,HRSD_6.1,HRSD6,full,MinMaxScaler,LGBM,48,11,5,-0.3725,5.5112,6.3469,-0.4454,-0.8892,-0.3505
5,negative_training,CR,HRSD_6.1,HRSD6,full,MinMaxScaler,CatBoost,48,11,5,-0.3839,5.8093,6.4387,-0.4308,-0.9443,-0.4793
5,negative_training,CR,HRSD_6.1,HRSD6,full,RobustScaler,Ridge,48,11,5,-0.1892,4.7346,5.4244,-0.3697,-0.3799,-0.2811
5,negative_training,CR,HRSD_6.1,HRSD6,full,RobustScaler,Lasso,48,11,5,-0.1708,4.7034,5.3522,-0.3731,-0.3435,-0.3042
5,negative_training,CR,HRSD_6.1,HRSD6,full,RobustScaler,ElasticNet,48,11,5,-0.2139,4.8168,5.5354,-0.3745,-0.437,-0.2811
5,negative_training,CR,HRSD_6.1,HRSD6,full,RobustScaler,SVR,48,11,5,-0.3354,6.0853,6.8716,-0.3488,-1.2145,-0.318
5,negative_training,CR,HRSD_6.1,HRSD6,full,RobustScaler,KNN,48,11,5,-0.33,5.9697,7.0101,-0.3604,-1.3047,-0.3641
5,negative_training,CR,HRSD_6.1,HRSD6,full,RobustScaler,RF,48,11,5,-0.4066,5.8159,6.6589,-0.4889,-1.0796,-0.447
5,negative_training,CR,HRSD_6.1,HRSD6,full,RobustScaler,ET,48,11,5,-0.432,6.0868,6.8165,-0.5227,-1.1791,-0.4148
5,negative_training,CR,HRSD_6.1,HRSD6,full,RobustScaler,GB,48,11,5,-0.4141,5.9973,6.6778,-0.5655,-1.0914,-0.5254
5,negative_training,CR,HRSD_6.1,HRSD6,full,RobustScaler,XGB,48,11,5,-0.4317,5.8272,6.5592,-0.5135,-1.0177,-0.5577
5,negative_training,CR,HRSD_6.1,HRSD6,full,RobustScaler,MLP,48,11,5,-0.3011,5.1461,6.0369,-0.37,-0.7092,-0.3687
5,negative_training,CR,HRSD_6.1,HRSD6,full,RobustScaler,LGBM,48,11,5,-0.3984,5.8832,6.8738,-0.4265,-1.2159,-0.2766
5,negative_training,CR,HRSD_6.1,HRSD6,full,RobustScaler,CatBoost,48,11,5,-0.3304,5.9192,6.5374,-0.3855,-1.0044,-0.4102
1,negative_training,CR,HRSD_17.1,HRSD17,full,StandardScaler,Ridge,47,12,15,0.2395,8.6351,10.1847,0.4042,0.126,0.1474
1,negative_training,CR,HRSD_17.1,HRSD17,full,StandardScaler,Lasso,47,12,15,0.1112,9.0085,10.5779,0.2817,0.0573,0.1754
1,negative_training,CR,HRSD_17.1,HRSD17,full,StandardScaler,ElasticNet,47,12,15,0.1845,8.6587,10.2226,0.4028,0.1195,0.1754
1,negative_training,CR,HRSD_17.1,HRSD17,full,StandardScaler,SVR,47,12,15,0.0951,9.1463,10.6877,0.2021,0.0376,0.1158
1,negative_training,CR,HRSD_17.1,HRSD17,full,StandardScaler,KNN,47,12,15,0.1859,8.3333,9.9733,0.5653,0.162,0.471
1,negative_training,CR,HRSD_17.1,HRSD17,full,StandardScaler,RF,47,12,15,0.0674,9.4567,10.8848,0.1423,0.0018,0.207
1,negative_training,CR,HRSD_17.1,HRSD17,full,StandardScaler,ET,47,12,15,0.1097,8.8213,10.4965,0.282,0.0717,0.0737
1,negative_training,CR,HRSD_17.1,HRSD17,full,StandardScaler,GB,47,12,15,0.0411,9.5432,11.5546,0.0594,-0.1249,0.0912
1,negative_training,CR,HRSD_17.1,HRSD17,full,StandardScaler,XGB,47,12,15,0.0223,9.8233,11.9595,0.0294,-0.2051,-0.0386
1,negative_training,CR,HRSD_17.1,HRSD17,full,StandardScaler,MLP,47,12,15,0.1581,9.4078,11.2966,0.2078,-0.0752,0.1368
1,negative_training,CR,HRSD_17.1,HRSD17,full,StandardScaler,LGBM,47,12,15,0.0752,9.0068,11.1192,0.1206,-0.0417,0.2105
1,negative_training,CR,HRSD_17.1,HRSD17,full,StandardScaler,CatBoost,47,12,15,0.1597,8.7703,10.7036,0.2382,0.0347,0.1754
1,negative_training,CR,HRSD_17.1,HRSD17,full,MinMaxScaler,Ridge,47,12,15,0.2776,8.1106,9.6808,0.5442,0.2104,0.4456
1,negative_training,CR,HRSD_17.1,HRSD17,full,MinMaxScaler,Lasso,47,12,15,0.2108,8.5031,10.0348,0.4603,0.1516,0.3965
1,negative_training,CR,HRSD_17.1,HRSD17,full,MinMaxScaler,ElasticNet,47,12,15,0.2436,8.198,9.7943,0.5336,0.1918,0.4772
1,negative_training,CR,HRSD_17.1,HRSD17,full,MinMaxScaler,SVR,47,12,15,0.0844,9.1772,10.7862,0.1773,0.0198,0.014
1,negative_training,CR,HRSD_17.1,HRSD17,full,MinMaxScaler,KNN,47,12,15,0.117,8.4286,10.8521,0.187,0.0077,0.0912
1,negative_training,CR,HRSD_17.1,HRSD17,full,MinMaxScaler,RF,47,12,15,0.1287,9.0675,10.5523,0.2632,0.0618,0.2842
1,negative_training,CR,HRSD_17.1,HRSD17,full,MinMaxScaler,ET,47,12,15,0.2305,8.1325,9.8649,0.4809,0.1801,0.4386
1,negative_training,CR,HRSD_17.1,HRSD17,full,MinMaxScaler,GB,47,12,15,0.2909,8.1704,9.9314,0.4177,0.169,0.2842
1,negative_training,CR,HRSD_17.1,HRSD17,full,MinMaxScaler,XGB,47,12,15,0.2637,8.1817,9.9993,0.4047,0.1576,0.2807
1,negative_training,CR,HRSD_17.1,HRSD17,full,MinMaxScaler,MLP,47,12,15,0.1137,9.2274,10.6628,0.2301,0.0421,0.1789
1,negative_training,CR,HRSD_17.1,HRSD17,full,MinMaxScaler,LGBM,47,12,15,0.2474,7.9318,9.8642,0.4542,0.1802,0.3193
1,negative_training,CR,HRSD_17.1,HRSD17,full,MinMaxScaler,CatBoost,47,12,15,0.2894,7.9958,9.9688,0.406,0.1627,0.2632
1,negative_training,CR,HRSD_17.1,HRSD17,full,RobustScaler,Ridge,47,12,5,-0.1579,12.7969,15.2314,-0.1747,-0.9547,-0.2982
1,negative_training,CR,HRSD_17.1,HRSD17,full,RobustScaler,Lasso,47,12,5,-0.165,13.0811,15.6916,-0.1795,-1.0746,-0.2456
1,negative_training,CR,HRSD_17.1,HRSD17,full,RobustScaler,ElasticNet,47,12,5,-0.165,13.0812,15.6917,-0.1795,-1.0746,-0.2456
1,negative_training,CR,HRSD_17.1,HRSD17,full,RobustScaler,SVR,47,12,5,-0.0277,9.7456,11.0666,-0.2704,-0.0319,-0.1941
1,negative_training,CR,HRSD_17.1,HRSD17,full,RobustScaler,KNN,47,12,5,0.0442,8.5926,11.0049,0.1006,-0.0204,-0.0904
1,negative_training,CR,HRSD_17.1,HRSD17,full,RobustScaler,RF,47,12,5,-0.0267,9.1085,11.4147,-0.0552,-0.0978,-0.2561
1,negative_training,CR,HRSD_17.1,HRSD17,full,RobustScaler,ET,47,12,5,-0.2511,11.264,13.9048,-0.3188,-0.629,-0.4456
1,negative_training,CR,HRSD_17.1,HRSD17,full,RobustScaler,GB,47,12,5,-0.2568,10.1852,13.5186,-0.3644,-0.5398,-0.3895
1,negative_training,CR,HRSD_17.1,HRSD17,full,RobustScaler,XGB,47,12,5,-0.2448,10.2233,12.9305,-0.4112,-0.4087,-0.5404
1,negative_training,CR,HRSD_17.1,HRSD17,full,RobustScaler,MLP,47,12,5,0.0,9655953152833.688,33128111672796.816,0.2152,-9.246734348649157e+24,0.0316
1,negative_training,CR,HRSD_17.1,HRSD17,full,RobustScaler,LGBM,47,12,5,0.0307,9.1585,10.9327,0.0825,-0.007,0.08
1,negative_training,CR,HRSD_17.1,HRSD17,full,RobustScaler,CatBoost,47,12,5,-0.162,9.898,12.3243,-0.295,-0.2797,-0.5754
2,negative_training,CR,HRSD_17.1,HRSD17,full,StandardScaler,Ridge,47,12,20,0.0687,9.615,10.9314,0.0822,-1.4294,-0.0876
2,negative_training,CR,HRSD_17.1,HRSD17,full,StandardScaler,Lasso,47,12,20,0.0543,9.0698,10.2293,0.0638,-1.1274,-0.0876
2,negative_training,CR,HRSD_17.1,HRSD17,full,StandardScaler,ElasticNet,47,12,20,0.0652,8.9266,9.9476,0.0766,-1.0118,-0.0876
2,negative_training,CR,HRSD_17.1,HRSD17,full,StandardScaler,SVR,47,12,20,0.0215,9.9461,10.6561,0.0233,-1.3086,-0.0946
2,negative_training,CR,HRSD_17.1,HRSD17,full,StandardScaler,KNN,47,12,20,-0.1413,8.8452,9.859,-0.1777,-0.9761,-0.1926
2,negative_training,CR,HRSD_17.1,HRSD17,full,StandardScaler,RF,47,12,20,-0.3744,8.7529,9.6752,-0.4763,-0.9031,-0.613
2,negative_training,CR,HRSD_17.1,HRSD17,full,StandardScaler,ET,47,12,20,-0.2179,8.0388,9.0473,-0.2894,-0.6641,-0.3993
2,negative_training,CR,HRSD_17.1,HRSD17,full,StandardScaler,GB,47,12,20,-0.4305,9.8964,11.4335,-0.5142,-1.6577,-0.5604
2,negative_training,CR,HRSD_17.1,HRSD17,full,StandardScaler,XGB,47,12,20,-0.2378,8.8997,9.4889,-0.2671,-0.8305,-0.4764
2,negative_training,CR,HRSD_17.1,HRSD17,full,StandardScaler,MLP,47,12,20,0.2274,7.9212,9.776,0.2727,-0.943,0.2697
2,negative_training,CR,HRSD_17.1,HRSD17,full,StandardScaler,LGBM,47,12,20,0.052,7.0292,8.08,0.058,-0.3273,-0.0455
2,negative_training,CR,HRSD_17.1,HRSD17,full,StandardScaler,CatBoost,47,12,20,-0.3466,8.6454,9.6541,-0.4662,-0.8948,-0.5954
2,negative_training,CR,HRSD_17.1,HRSD17,full,MinMaxScaler,Ridge,47,12,10,-0.0254,7.7965,8.6621,-0.0296,-0.5254,-0.007
2,negative_training,CR,HRSD_17.1,HRSD17,full,MinMaxScaler,Lasso,47,12,10,0.0607,7.505,8.3335,0.0729,-0.4119,-0.014
2,negative_training,CR,HRSD_17.1,HRSD17,full,MinMaxScaler,ElasticNet,47,12,10,-0.0151,7.4447,8.3641,-0.0185,-0.4223,0.014
2,negative_training,CR,HRSD_17.1,HRSD17,full,MinMaxScaler,SVR,47,12,10,0.1377,6.682,7.5011,0.1911,-0.1439,0.1156
2,negative_training,CR,HRSD_17.1,HRSD17,full,MinMaxScaler,KNN,47,12,10,0.0871,7.3452,8.5737,0.1043,-0.4945,-0.0946
2,negative_training,CR,HRSD_17.1,HRSD17,full,MinMaxScaler,RF,47,12,10,-0.1829,7.3325,8.6698,-0.2633,-0.5281,-0.2067
2,negative_training,CR,HRSD_17.1,HRSD17,full,MinMaxScaler,ET,47,12,10,-0.1158,7.1608,8.4119,-0.1686,-0.4386,-0.2382
2,negative_training,CR,HRSD_17.1,HRSD17,full,MinMaxScaler,GB,47,12,10,-0.4411,9.8801,11.5583,-0.5223,-1.716,-0.5079
2,negative_training,CR,HRSD_17.1,HRSD17,full,MinMaxScaler,XGB,47,12,10,-0.0042,7.269,8.2532,-0.0048,-0.3848,-0.0946
2,negative_training,CR,HRSD_17.1,HRSD17,full,MinMaxScaler,MLP,47,12,10,-0.0461,8.2888,9.106,-0.0506,-0.6858,-0.056
2,negative_training,CR,HRSD_17.1,HRSD17,full,MinMaxScaler,LGBM,47,12,10,0.0742,6.7654,8.0379,0.0957,-0.3135,0.0281
2,negative_training,CR,HRSD_17.1,HRSD17,full,MinMaxScaler,CatBoost,47,12,10,-0.1277,7.0076,8.5815,-0.1817,-0.4972,-0.2207
2,negative_training,CR,HRSD_17.1,HRSD17,full,RobustScaler,Ridge,47,12,5,-0.2178,9.1065,9.7473,-0.2318,-0.9316,-0.3573
2,negative_training,CR,HRSD_17.1,HRSD17,full,RobustScaler,Lasso,47,12,5,-0.2256,9.0607,9.7296,-0.2414,-0.9246,-0.4168
2,negative_training,CR,HRSD_17.1,HRSD17,full,RobustScaler,ElasticNet,47,12,5,-0.2168,8.7565,9.4143,-0.2394,-0.8019,-0.4168
2,negative_training,CR,HRSD_17.1,HRSD17,full,RobustScaler,SVR,47,12,5,-0.2581,8.9223,9.9698,-0.3202,-1.0208,-0.4483
2,negative_training,CR,HRSD_17.1,HRSD17,full,RobustScaler,KNN,47,12,5,-0.4277,8.8889,10.3602,-0.5617,-1.1821,-0.6884
2,negative_training,CR,HRSD_17.1,HRSD17,full,RobustScaler,RF,47,12,5,-0.2529,7.8716,8.8477,-0.3535,-0.5915,-0.4974
2,negative_training,CR,HRSD_17.1,HRSD17,full,RobustScaler,ET,47,12,5,-0.333,7.925,9.1483,-0.4533,-0.7015,-0.5464
2,negative_training,CR,HRSD_17.1,HRSD17,full,RobustScaler,GB,47,12,5,-0.3839,8.8259,9.9389,-0.4369,-1.0083,-0.5114
2,negative_training,CR,HRSD_17.1,HRSD17,full,RobustScaler,XGB,47,12,5,-0.2885,8.3978,9.4086,-0.3244,-0.7997,-0.4869
2,negative_training,CR,HRSD_17.1,HRSD17,full,RobustScaler,MLP,47,12,5,-0.2279,9.2289,10.1432,-0.2458,-1.0917,-0.2977
2,negative_training,CR,HRSD_17.1,HRSD17,full,RobustScaler,LGBM,47,12,5,-0.065,7.9256,8.8516,-0.076,-0.5929,-0.2091
2,negative_training,CR,HRSD_17.1,HRSD17,full,RobustScaler,CatBoost,47,12,5,-0.2868,8.2591,9.3295,-0.3578,-0.7696,-0.5604
3,negative_training,CR,HRSD_17.1,HRSD17,full,StandardScaler,Ridge,47,12,15,-0.0911,7.6056,8.8505,-0.152,-0.3015,-0.0946
3,negative_training,CR,HRSD_17.1,HRSD17,full,StandardScaler,Lasso,47,12,15,-0.1329,7.8289,9.0262,-0.2058,-0.3536,-0.1997
3,negative_training,CR,HRSD_17.1,HRSD17,full,StandardScaler,ElasticNet,47,12,15,-0.0315,7.1645,8.5042,-0.0643,-0.2016,0.014
3,negative_training,CR,HRSD_17.1,HRSD17,full,StandardScaler,SVR,47,12,15,0.0851,6.6988,8.0095,0.1654,-0.0659,0.1611
3,negative_training,CR,HRSD_17.1,HRSD17,full,StandardScaler,KNN,47,12,15,-0.1765,7.4833,9.315,-0.2877,-0.4417,-0.1982
3,negative_training,CR,HRSD_17.1,HRSD17,full,StandardScaler,RF,47,12,15,0.0293,6.7592,7.8944,0.1386,-0.0354,0.2872
3,negative_training,CR,HRSD_17.1,HRSD17,full,StandardScaler,ET,47,12,15,0.236,6.3421,7.204,0.55,0.1377,0.704
3,negative_training,CR,HRSD_17.1,HRSD17,full,StandardScaler,GB,47,12,15,0.005,7.6644,9.2792,0.0067,-0.4306,0.0946
3,negative_training,CR,HRSD_17.1,HRSD17,full,StandardScaler,XGB,47,12,15,0.0837,8.0746,8.8883,0.0947,-0.3126,0.0666
3,negative_training,CR,HRSD_17.1,HRSD17,full,StandardScaler,MLP,47,12,15,0.0701,7.6794,9.1168,0.0803,-0.3809,0.063
3,negative_training,CR,HRSD_17.1,HRSD17,full,StandardScaler,LGBM,47,12,15,-0.0942,7.2627,9.3394,-0.1683,-0.4492,-0.1296
3,negative_training,CR,HRSD_17.1,HRSD17,full,StandardScaler,CatBoost,47,12,15,0.1002,7.0422,7.9885,0.2212,-0.0603,0.3958
3,negative_training,CR,HRSD_17.1,HRSD17,full,MinMaxScaler,Ridge,47,12,20,0.1681,6.9505,8.4683,0.253,-0.1915,0.2557
3,negative_training,CR,HRSD_17.1,HRSD17,full,MinMaxScaler,Lasso,47,12,20,0.2227,6.5068,8.2527,0.3348,-0.1316,0.5079
3,negative_training,CR,HRSD_17.1,HRSD17,full,MinMaxScaler,ElasticNet,47,12,20,0.1794,6.6524,8.2093,0.2876,-0.1197,0.2907
3,negative_training,CR,HRSD_17.1,HRSD17,full,MinMaxScaler,SVR,47,12,20,0.1104,7.2572,8.9199,0.1816,-0.3219,0.1646
3,negative_training,CR,HRSD_17.1,HRSD17,full,MinMaxScaler,KNN,47,12,20,0.1498,7.5333,8.8953,0.2345,-0.3147,0.3123
3,negative_training,CR,HRSD_17.1,HRSD17,full,MinMaxScaler,RF,47,12,20,0.0442,7.2607,8.4978,0.0925,-0.1998,0.1401
3,negative_training,CR,HRSD_17.1,HRSD17,full,MinMaxScaler,ET,47,12,20,0.2256,6.4938,7.4384,0.4876,0.0807,0.4386
3,negative_training,CR,HRSD_17.1,HRSD17,full,MinMaxScaler,GB,47,12,20,0.2954,7.2279,7.7862,0.3311,-0.0073,0.4238
3,negative_training,CR,HRSD_17.1,HRSD17,full,MinMaxScaler,XGB,47,12,20,0.3754,6.2118,7.022,0.5138,0.1807,0.4974
3,negative_training,CR,HRSD_17.1,HRSD17,full,MinMaxScaler,MLP,47,12,20,0.112,7.8193,9.3952,0.1548,-0.4666,0.1681
3,negative_training,CR,HRSD_17.1,HRSD17,full,MinMaxScaler,LGBM,47,12,20,0.0357,6.9326,8.7014,0.0579,-0.258,-0.0841
3,negative_training,CR,HRSD_17.1,HRSD17,full,MinMaxScaler,CatBoost,47,12,20,0.1451,7.0071,8.18,0.2638,-0.1117,0.4063
3,negative_training,CR,HRSD_17.1,HRSD17,full,RobustScaler,Ridge,47,12,5,0.2035,6.8909,8.0628,0.2804,-0.0801,0.2172
3,negative_training,CR,HRSD_17.1,HRSD17,full,RobustScaler,Lasso,47,12,5,0.1537,6.6074,7.8459,0.3035,-0.0228,0.3783
3,negative_training,CR,HRSD_17.1,HRSD17,full,RobustScaler,ElasticNet,47,12,5,0.1515,6.5994,7.8533,0.3018,-0.0247,0.3608
3,negative_training,CR,HRSD_17.1,HRSD17,full,RobustScaler,SVR,47,12,5,0.2756,6.4006,7.3255,0.39,0.1084,0.3608
3,negative_training,CR,HRSD_17.1,HRSD17,full,RobustScaler,KNN,47,12,5,0.0494,6.7593,7.9057,0.1038,-0.0384,0.1751
3,negative_training,CR,HRSD_17.1,HRSD17,full,RobustScaler,RF,47,12,5,0.1685,6.7252,7.89,0.358,-0.0343,0.2767
3,negative_training,CR,HRSD_17.1,HRSD17,full,RobustScaler,ET,47,12,5,0.1526,6.6696,7.8763,0.2804,-0.0307,0.4518
3,negative_training,CR,HRSD_17.1,HRSD17,full,RobustScaler,GB,47,12,5,0.1146,8.0028,8.8897,0.2337,-0.313,0.1261
3,negative_training,CR,HRSD_17.1,HRSD17,full,RobustScaler,XGB,47,12,5,0.2068,7.4466,8.22,0.3578,-0.1226,0.2522
3,negative_training,CR,HRSD_17.1,HRSD17,full,RobustScaler,MLP,47,12,5,0.2333,7.6363,9.1463,0.2903,-0.3899,0.2137
3,negative_training,CR,HRSD_17.1,HRSD17,full,RobustScaler,LGBM,47,12,5,0.259,6.4387,7.4563,0.4565,0.0763,0.537
3,negative_training,CR,HRSD_17.1,HRSD17,full,RobustScaler,CatBoost,47,12,5,0.0564,7.5113,8.7617,0.16,-0.2755,0.0385
4,negative_training,CR,HRSD_17.1,HRSD17,full,StandardScaler,Ridge,47,12,5,0.0443,6.7787,7.6564,0.083,-0.0839,0.0669
4,negative_training,CR,HRSD_17.1,HRSD17,full,StandardScaler,Lasso,47,12,5,0.0665,6.7527,7.6374,0.1114,-0.0785,0.081
4,negative_training,CR,HRSD_17.1,HRSD17,full,StandardScaler,ElasticNet,47,12,5,0.0571,6.7727,7.6526,0.0992,-0.0828,0.1056
4,negative_training,CR,HRSD_17.1,HRSD17,full,StandardScaler,SVR,47,12,5,-0.0242,7.183,8.3584,-0.0311,-0.2918,-0.1092
4,negative_training,CR,HRSD_17.1,HRSD17,full,StandardScaler,KNN,47,12,5,0.0413,7.2778,8.0273,0.0536,-0.1915,-0.0213
4,negative_training,CR,HRSD_17.1,HRSD17,full,StandardScaler,RF,47,12,5,0.0712,6.5433,7.714,0.1548,-0.1003,0.1408
4,negative_training,CR,HRSD_17.1,HRSD17,full,StandardScaler,ET,47,12,5,-0.0543,7.0725,8.1228,-0.085,-0.22,-0.088
4,negative_training,CR,HRSD_17.1,HRSD17,full,StandardScaler,GB,47,12,5,-0.0236,6.388,8.0427,-0.0419,-0.196,0.0599
4,negative_training,CR,HRSD_17.1,HRSD17,full,StandardScaler,XGB,47,12,5,0.1154,7.6313,8.5168,0.1803,-0.3412,0.1303
4,negative_training,CR,HRSD_17.1,HRSD17,full,StandardScaler,MLP,47,12,5,0.0368,6.7129,7.9593,0.0485,-0.1714,0.0704
4,negative_training,CR,HRSD_17.1,HRSD17,full,StandardScaler,LGBM,47,12,5,-0.0793,6.768,8.5687,-0.1211,-0.3576,-0.1023
4,negative_training,CR,HRSD_17.1,HRSD17,full,StandardScaler,CatBoost,47,12,5,0.104,6.8292,7.7745,0.1708,-0.1176,0.1373
4,negative_training,CR,HRSD_17.1,HRSD17,full,MinMaxScaler,Ridge,47,12,5,0.0677,6.7472,7.6272,0.1142,-0.0756,0.081
4,negative_training,CR,HRSD_17.1,HRSD17,full,MinMaxScaler,Lasso,47,12,5,0.0709,6.6547,7.5314,0.1289,-0.0488,0.0563
4,negative_training,CR,HRSD_17.1,HRSD17,full,MinMaxScaler,ElasticNet,47,12,5,0.0643,6.7094,7.5759,0.1172,-0.0612,0.1268
4,negative_training,CR,HRSD_17.1,HRSD17,full,MinMaxScaler,SVR,47,12,5,0.0778,6.7539,7.5901,0.1222,-0.0652,0.0951
4,negative_training,CR,HRSD_17.1,HRSD17,full,MinMaxScaler,KNN,47,12,5,-0.0242,7.5,8.3045,-0.0312,-0.2752,-0.0213
4,negative_training,CR,HRSD_17.1,HRSD17,full,MinMaxScaler,RF,47,12,5,0.0712,6.5433,7.714,0.1548,-0.1003,0.1408
4,negative_training,CR,HRSD_17.1,HRSD17,full,MinMaxScaler,ET,47,12,5,-0.0543,7.0725,8.1228,-0.085,-0.22,-0.088
4,negative_training,CR,HRSD_17.1,HRSD17,full,MinMaxScaler,GB,47,12,5,-0.0236,6.388,8.0427,-0.0419,-0.196,0.0599
4,negative_training,CR,HRSD_17.1,HRSD17,full,MinMaxScaler,XGB,47,12,5,0.1154,7.6313,8.5168,0.1803,-0.3412,0.1303
4,negative_training,CR,HRSD_17.1,HRSD17,full,MinMaxScaler,MLP,47,12,5,-0.0254,7.0792,8.0671,-0.0371,-0.2033,-0.0704
4,negative_training,CR,HRSD_17.1,HRSD17,full,MinMaxScaler,LGBM,47,12,5,-0.044,6.5272,8.1637,-0.0672,-0.2323,-0.1336
4,negative_training,CR,HRSD_17.1,HRSD17,full,MinMaxScaler,CatBoost,47,12,5,0.104,6.8292,7.7745,0.1708,-0.1176,0.1373
4,negative_training,CR,HRSD_17.1,HRSD17,full,RobustScaler,Ridge,47,12,5,0.1931,6.1476,6.9953,0.3905,0.0952,0.3732
4,negative_training,CR,HRSD_17.1,HRSD17,full,RobustScaler,Lasso,47,12,5,0.2061,6.2531,7.1014,0.3202,0.0676,0.2359
4,negative_training,CR,HRSD_17.1,HRSD17,full,RobustScaler,ElasticNet,47,12,5,0.2037,6.1927,7.0365,0.3495,0.0845,0.2747
4,negative_training,CR,HRSD_17.1,HRSD17,full,RobustScaler,SVR,47,12,5,0.4406,5.8816,6.6656,0.4858,0.1785,0.5951
4,negative_training,CR,HRSD_17.1,HRSD17,full,RobustScaler,KNN,47,12,5,0.4745,5.35,6.0169,0.5974,0.3306,0.672
4,negative_training,CR,HRSD_17.1,HRSD17,full,RobustScaler,RF,47,12,5,0.2984,5.9583,6.8566,0.4407,0.1307,0.4965
4,negative_training,CR,HRSD_17.1,HRSD17,full,RobustScaler,ET,47,12,5,0.2276,5.9642,6.965,0.3317,0.103,0.321
4,negative_training,CR,HRSD_17.1,HRSD17,full,RobustScaler,GB,47,12,5,-0.0432,7.0921,8.4796,-0.056,-0.3295,-0.0211
4,negative_training,CR,HRSD_17.1,HRSD17,full,RobustScaler,XGB,47,12,5,0.2672,6.0608,7.281,0.3925,0.0198,0.5564
4,negative_training,CR,HRSD_17.1,HRSD17,full,RobustScaler,MLP,47,12,5,0.3321,5.6963,6.8664,0.3923,0.1283,0.2852
4,negative_training,CR,HRSD_17.1,HRSD17,full,RobustScaler,LGBM,47,12,5,0.0448,6.3697,8.0248,0.0678,-0.1907,-0.0355
4,negative_training,CR,HRSD_17.1,HRSD17,full,RobustScaler,CatBoost,47,12,5,0.2327,6.1243,7.2636,0.3193,0.0245,0.4049
5,negative_training,CR,HRSD_17.1,HRSD17,full,StandardScaler,Ridge,48,11,20,0.0073,8.4534,9.6633,0.0096,-0.3432,-0.0091
5,negative_training,CR,HRSD_17.1,HRSD17,full,StandardScaler,Lasso,48,11,20,-0.1334,8.7561,10.5585,-0.1566,-0.6036,-0.1503
5,negative_training,CR,HRSD_17.1,HRSD17,full,StandardScaler,ElasticNet,48,11,20,0.0121,8.1282,9.3981,0.018,-0.2705,0.0638
5,negative_training,CR,HRSD_17.1,HRSD17,full,StandardScaler,SVR,48,11,20,0.0165,7.325,9.1518,0.024,-0.2048,0.0228
5,negative_training,CR,HRSD_17.1,HRSD17,full,StandardScaler,KNN,48,11,20,0.0089,8.4343,9.7409,0.0125,-0.3649,0.0411
5,negative_training,CR,HRSD_17.1,HRSD17,full,StandardScaler,RF,48,11,20,0.0081,7.4504,9.2849,0.013,-0.2401,0.1185
5,negative_training,CR,HRSD_17.1,HRSD17,full,StandardScaler,ET,48,11,20,-0.1066,8.5755,10.4482,-0.1402,-0.5703,-0.0319
5,negative_training,CR,HRSD_17.1,HRSD17,full,StandardScaler,GB,48,11,20,-0.2162,9.6506,11.7491,-0.2601,-0.9856,-0.1777
5,negative_training,CR,HRSD_17.1,HRSD17,full,StandardScaler,XGB,48,11,20,-0.2093,8.9762,10.6812,-0.2849,-0.6411,-0.1595
5,negative_training,CR,HRSD_17.1,HRSD17,full,StandardScaler,MLP,48,11,20,-0.0844,9.0663,10.9073,-0.0902,-0.7113,-0.1412
5,negative_training,CR,HRSD_17.1,HRSD17,full,StandardScaler,LGBM,48,11,20,-0.0717,7.134,9.0646,-0.1289,-0.1819,0.1503
5,negative_training,CR,HRSD_17.1,HRSD17,full,StandardScaler,CatBoost,48,11,20,-0.0762,7.7387,9.9967,-0.099,-0.4375,0.0364
5,negative_training,CR,HRSD_17.1,HRSD17,full,MinMaxScaler,Ridge,48,11,20,0.0873,8.4383,10.5658,0.0957,-0.6058,0.2597
5,negative_training,CR,HRSD_17.1,HRSD17,full,MinMaxScaler,Lasso,48,11,20,0.0275,8.5236,10.8559,0.0298,-0.6952,0.2278
5,negative_training,CR,HRSD_17.1,HRSD17,full,MinMaxScaler,ElasticNet,48,11,20,0.0891,8.0462,9.5354,0.1148,-0.3079,0.1549
5,negative_training,CR,HRSD_17.1,HRSD17,full,MinMaxScaler,SVR,48,11,20,0.0498,8.8467,11.4206,0.0525,-0.8761,0.1139
5,negative_training,CR,HRSD_17.1,HRSD17,full,MinMaxScaler,KNN,48,11,20,0.0686,7.8831,9.4306,0.0907,-0.2793,0.1731
5,negative_training,CR,HRSD_17.1,HRSD17,full,MinMaxScaler,RF,48,11,20,-0.0796,7.8245,9.7719,-0.1155,-0.3735,0.0273
5,negative_training,CR,HRSD_17.1,HRSD17,full,MinMaxScaler,ET,48,11,20,-0.0966,8.3914,10.3638,-0.1236,-0.545,0.041
5,negative_training,CR,HRSD_17.1,HRSD17,full,MinMaxScaler,GB,48,11,20,-0.0724,8.4854,10.1908,-0.0808,-0.4938,0.1276
5,negative_training,CR,HRSD_17.1,HRSD17,full,MinMaxScaler,XGB,48,11,20,-0.134,7.5972,9.9273,-0.1702,-0.4176,-0.0774
5,negative_training,CR,HRSD_17.1,HRSD17,full,MinMaxScaler,MLP,48,11,20,0.0491,9.0688,11.2401,0.0528,-0.8173,0.164
5,negative_training,CR,HRSD_17.1,HRSD17,full,MinMaxScaler,LGBM,48,11,20,-0.1384,7.6397,9.9321,-0.1872,-0.4189,0.0046
5,negative_training,CR,HRSD_17.1,HRSD17,full,MinMaxScaler,CatBoost,48,11,20,-0.0489,7.7063,9.9867,-0.0582,-0.4346,0.1093
5,negative_training,CR,HRSD_17.1,HRSD17,full,RobustScaler,Ridge,48,11,5,0.1287,18.8184,42.0964,0.367,-24.4904,0.3781
5,negative_training,CR,HRSD_17.1,HRSD17,full,RobustScaler,Lasso,48,11,5,0.0998,7.1959,8.1589,0.4033,0.0425,0.3098
5,negative_training,CR,HRSD_17.1,HRSD17,full,RobustScaler,ElasticNet,48,11,5,0.1032,7.1828,8.1437,0.4086,0.046,0.3098
5,negative_training,CR,HRSD_17.1,HRSD17,full,RobustScaler,SVR,48,11,5,-0.0411,7.5643,8.7609,-0.3579,-0.104,-0.3381
5,negative_training,CR,HRSD_17.1,HRSD17,full,RobustScaler,KNN,48,11,5,0.1953,6.8283,8.3395,0.3217,-0.0004,0.1259
5,negative_training,CR,HRSD_17.1,HRSD17,full,RobustScaler,RF,48,11,5,-0.0664,8.0016,9.6005,-0.0936,-0.3258,-0.0866
5,negative_training,CR,HRSD_17.1,HRSD17,full,RobustScaler,ET,48,11,5,-0.0309,7.8845,9.5681,-0.0383,-0.3168,0.0182
5,negative_training,CR,HRSD_17.1,HRSD17,full,RobustScaler,GB,48,11,5,-0.6852,12.05,14.5278,-0.7193,-2.0359,-0.6925
5,negative_training,CR,HRSD_17.1,HRSD17,full,RobustScaler,XGB,48,11,5,-0.6855,11.6943,13.2877,-0.7482,-1.5397,-0.7608
5,negative_training,CR,HRSD_17.1,HRSD17,full,RobustScaler,MLP,48,11,5,0.0,2486610.535,3939289.017,0.7769,-223214188433.7101,0.6788
5,negative_training,CR,HRSD_17.1,HRSD17,full,RobustScaler,LGBM,48,11,5,-0.122,8.0597,9.4358,-0.2252,-0.2807,-0.2928
5,negative_training,CR,HRSD_17.1,HRSD17,full,RobustScaler,CatBoost,48,11,5,-0.134,8.643,10.1272,-0.1727,-0.4753,-0.2141
1,negative_training,CR,HRSD_21.1,HRSD21,full,StandardScaler,Ridge,47,12,15,0.2597,8.2568,10.5114,0.4227,0.1661,0.3521
1,negative_training,CR,HRSD_21.1,HRSD21,full,StandardScaler,Lasso,47,12,15,0.2166,8.7795,10.7072,0.3981,0.1348,0.2324
1,negative_training,CR,HRSD_21.1,HRSD21,full,StandardScaler,ElasticNet,47,12,15,0.1942,8.8397,10.667,0.4149,0.1412,0.331
1,negative_training,CR,HRSD_21.1,HRSD21,full,StandardScaler,SVR,47,12,15,0.0545,9.5201,11.6359,0.1079,-0.0218,0.0563
1,negative_training,CR,HRSD_21.1,HRSD21,full,StandardScaler,KNN,47,12,15,0.1494,9.1429,11.075,0.2811,0.0743,0.2716
1,negative_training,CR,HRSD_21.1,HRSD21,full,StandardScaler,RF,47,12,15,0.1224,9.1942,11.1645,0.2454,0.0593,0.0845
1,negative_training,CR,HRSD_21.1,HRSD21,full,StandardScaler,ET,47,12,15,0.0792,9.4208,11.3549,0.1792,0.0269,0.162
1,negative_training,CR,HRSD_21.1,HRSD21,full,StandardScaler,GB,47,12,15,0.1442,9.4719,11.4568,0.2106,0.0094,0.1056
1,negative_training,CR,HRSD_21.1,HRSD21,full,StandardScaler,XGB,47,12,15,0.0977,9.826,11.8057,0.1473,-0.0519,-0.0704
1,negative_training,CR,HRSD_21.1,HRSD21,full,StandardScaler,MLP,47,12,15,0.387,7.8817,10.1692,0.4799,0.2195,0.3662
1,negative_training,CR,HRSD_21.1,HRSD21,full,StandardScaler,LGBM,47,12,15,0.0289,9.5113,11.7228,0.0611,-0.0372,-0.0493
1,negative_training,CR,HRSD_21.1,HRSD21,full,StandardScaler,CatBoost,47,12,15,0.1661,9.0019,11.2897,0.2445,0.0381,0.1408
1,negative_training,CR,HRSD_21.1,HRSD21,full,MinMaxScaler,Ridge,47,12,20,0.2811,8.3459,10.3105,0.4815,0.1977,0.4085
1,negative_training,CR,HRSD_21.1,HRSD21,full,MinMaxScaler,Lasso,47,12,20,0.2863,8.2554,10.5235,0.4397,0.1642,0.3099
1,negative_training,CR,HRSD_21.1,HRSD21,full,MinMaxScaler,ElasticNet,47,12,20,0.2647,8.449,10.3397,0.4892,0.1931,0.3592
1,negative_training,CR,HRSD_21.1,HRSD21,full,MinMaxScaler,SVR,47,12,20,0.3487,7.8931,9.8632,0.5575,0.2658,0.4718
1,negative_training,CR,HRSD_21.1,HRSD21,full,MinMaxScaler,KNN,47,12,20,0.114,8.9722,11.1271,0.2609,0.0656,0.0952
1,negative_training,CR,HRSD_21.1,HRSD21,full,MinMaxScaler,RF,47,12,20,0.0981,9.7238,11.335,0.1933,0.0303,0.0916
1,negative_training,CR,HRSD_21.1,HRSD21,full,MinMaxScaler,ET,47,12,20,0.0762,9.4383,11.3903,0.1696,0.0208,0.0493
1,negative_training,CR,HRSD_21.1,HRSD21,full,MinMaxScaler,GB,47,12,20,0.0327,10.4673,12.4465,0.0439,-0.1692,0.0423
1,negative_training,CR,HRSD_21.1,HRSD21,full,MinMaxScaler,XGB,47,12,20,-0.0813,10.5992,12.8999,-0.1178,-0.2559,-0.1972
1,negative_training,CR,HRSD_21.1,HRSD21,full,MinMaxScaler,MLP,47,12,20,0.1723,9.1208,11.009,0.294,0.0853,0.1056
1,negative_training,CR,HRSD_21.1,HRSD21,full,MinMaxScaler,LGBM,47,12,20,0.1012,9.359,11.2909,0.204,0.0378,0.0211
1,negative_training,CR,HRSD_21.1,HRSD21,full,MinMaxScaler,CatBoost,47,12,20,0.1199,9.4866,11.5623,0.1798,-0.009,0.0352
1,negative_training,CR,HRSD_21.1,HRSD21,full,RobustScaler,Ridge,47,12,5,-0.2584,13.5753,17.431,-0.2748,-1.2931,-0.2676
1,negative_training,CR,HRSD_21.1,HRSD21,full,RobustScaler,Lasso,47,12,5,-0.2611,13.8825,18.0456,-0.2746,-1.4577,-0.2324
1,negative_training,CR,HRSD_21.1,HRSD21,full,RobustScaler,ElasticNet,47,12,5,-0.2611,13.8825,18.0456,-0.2746,-1.4577,-0.2324
1,negative_training,CR,HRSD_21.1,HRSD21,full,RobustScaler,SVR,47,12,5,-0.1709,10.9301,12.8282,-0.3733,-0.242,-0.2724
1,negative_training,CR,HRSD_21.1,HRSD21,full,RobustScaler,KNN,47,12,5,-0.0984,10.3,12.4105,-0.2165,-0.1624,-0.1767
1,negative_training,CR,HRSD_21.1,HRSD21,full,RobustScaler,RF,47,12,5,-0.0838,10.0842,12.5884,-0.1528,-0.196,-0.2716
1,negative_training,CR,HRSD_21.1,HRSD21,full,RobustScaler,ET,47,12,5,-0.0837,10.7829,13.2991,-0.1144,-0.3348,-0.2676
1,negative_training,CR,HRSD_21.1,HRSD21,full,RobustScaler,GB,47,12,5,-0.0958,10.9053,13.5601,-0.1251,-0.3877,-0.1901
1,negative_training,CR,HRSD_21.1,HRSD21,full,RobustScaler,XGB,47,12,5,0.0066,10.2606,12.8294,0.0087,-0.2422,0.0845
1,negative_training,CR,HRSD_21.1,HRSD21,full,RobustScaler,MLP,47,12,5,-0.0,33439437689520.582,81055680698246.83,-0.2437,-4.9585082063819945e+25,-0.338
1,negative_training,CR,HRSD_21.1,HRSD21,full,RobustScaler,LGBM,47,12,5,-0.0747,10.4902,12.2426,-0.1718,-0.1312,0.0214
1,negative_training,CR,HRSD_21.1,HRSD21,full,RobustScaler,CatBoost,47,12,5,-0.0266,9.7285,12.446,-0.0424,-0.1691,-0.1408
2,negative_training,CR,HRSD_21.1,HRSD21,full,StandardScaler,Ridge,47,12,20,-0.1606,11.4786,12.356,-0.167,-1.595,-0.1789
2,negative_training,CR,HRSD_21.1,HRSD21,full,StandardScaler,Lasso,47,12,20,-0.1602,11.1468,11.9832,-0.1663,-1.4408,-0.1789
2,negative_training,CR,HRSD_21.1,HRSD21,full,StandardScaler,ElasticNet,47,12,20,-0.1343,10.6082,11.3242,-0.1398,-1.1797,-0.1684
2,negative_training,CR,HRSD_21.1,HRSD21,full,StandardScaler,SVR,47,12,20,0.0433,9.8323,10.4405,0.0445,-0.8528,-0.1719
2,negative_training,CR,HRSD_21.1,HRSD21,full,StandardScaler,KNN,47,12,20,-0.2293,9.8611,11.8701,-0.2602,-1.3949,-0.338
2,negative_training,CR,HRSD_21.1,HRSD21,full,StandardScaler,RF,47,12,20,-0.37,9.0908,10.6177,-0.4798,-0.9162,-0.579
2,negative_training,CR,HRSD_21.1,HRSD21,full,StandardScaler,ET,47,12,20,-0.3822,8.9675,10.7004,-0.511,-0.9462,-0.5649
2,negative_training,CR,HRSD_21.1,HRSD21,full,StandardScaler,GB,47,12,20,-0.3885,9.8582,11.3226,-0.4138,-1.1791,-0.5474
2,negative_training,CR,HRSD_21.1,HRSD21,full,StandardScaler,XGB,47,12,20,-0.2963,9.636,11.1816,-0.3086,-1.1251,-0.4456
2,negative_training,CR,HRSD_21.1,HRSD21,full,StandardScaler,MLP,47,12,20,0.281,9.1986,10.6781,0.2909,-0.938,0.1509
2,negative_training,CR,HRSD_21.1,HRSD21,full,StandardScaler,LGBM,47,12,20,-0.0569,8.4174,9.5055,-0.0694,-0.5358,-0.3018
2,negative_training,CR,HRSD_21.1,HRSD21,full,StandardScaler,CatBoost,47,12,20,-0.196,8.5846,9.7854,-0.2408,-0.6276,-0.407
2,negative_training,CR,HRSD_21.1,HRSD21,full,MinMaxScaler,Ridge,47,12,10,-0.0749,8.4635,9.8175,-0.0895,-0.6382,-0.1263
2,negative_training,CR,HRSD_21.1,HRSD21,full,MinMaxScaler,Lasso,47,12,10,0.045,8.5443,9.5605,0.0557,-0.5536,-0.0386
2,negative_training,CR,HRSD_21.1,HRSD21,full,MinMaxScaler,ElasticNet,47,12,10,-0.0764,8.2182,9.5517,-0.0955,-0.5507,-0.0947
2,negative_training,CR,HRSD_21.1,HRSD21,full,MinMaxScaler,SVR,47,12,10,-0.0701,8.1016,9.5212,-0.0957,-0.5408,-0.2772
2,negative_training,CR,HRSD_21.1,HRSD21,full,MinMaxScaler,KNN,47,12,10,-0.4191,11.05,12.5482,-0.5091,-1.6763,-0.536
2,negative_training,CR,HRSD_21.1,HRSD21,full,MinMaxScaler,RF,47,12,10,-0.3878,8.8883,10.8188,-0.4812,-0.9895,-0.5053
2,negative_training,CR,HRSD_21.1,HRSD21,full,MinMaxScaler,ET,47,12,10,-0.309,8.6496,10.5619,-0.4202,-0.8961,-0.3579
2,negative_training,CR,HRSD_21.1,HRSD21,full,MinMaxScaler,GB,47,12,10,-0.2663,7.9863,10.0473,-0.3613,-0.7158,-0.2386
2,negative_training,CR,HRSD_21.1,HRSD21,full,MinMaxScaler,XGB,47,12,10,-0.2141,8.764,10.4348,-0.2462,-0.8507,-0.193
2,negative_training,CR,HRSD_21.1,HRSD21,full,MinMaxScaler,MLP,47,12,10,-0.1731,9.2799,10.7765,-0.1862,-0.9739,-0.1754
2,negative_training,CR,HRSD_21.1,HRSD21,full,MinMaxScaler,LGBM,47,12,10,0.0929,7.2406,8.8067,0.1252,-0.3183,0.1107
2,negative_training,CR,HRSD_21.1,HRSD21,full,MinMaxScaler,CatBoost,47,12,10,-0.3132,8.3172,10.5953,-0.4237,-0.9081,-0.4316
2,negative_training,CR,HRSD_21.1,HRSD21,full,RobustScaler,Ridge,47,12,20,-0.0267,10.1949,12.6079,-0.0334,-1.7018,-0.1228
2,negative_training,CR,HRSD_21.1,HRSD21,full,RobustScaler,Lasso,47,12,20,-0.0262,10.2771,12.8853,-0.0334,-1.8221,-0.1228
2,negative_training,CR,HRSD_21.1,HRSD21,full,RobustScaler,ElasticNet,47,12,20,-0.0312,10.1559,12.4576,-0.0387,-1.6378,-0.1228
2,negative_training,CR,HRSD_21.1,HRSD21,full,RobustScaler,SVR,47,12,20,-0.2334,11.166,12.6404,-0.2621,-1.7158,-0.2737
2,negative_training,CR,HRSD_21.1,HRSD21,full,RobustScaler,KNN,47,12,20,-0.1243,8.1852,9.6498,-0.1577,-0.5828,-0.2526
2,negative_training,CR,HRSD_21.1,HRSD21,full,RobustScaler,RF,47,12,20,-0.3694,8.6138,10.5625,-0.474,-0.8963,-0.4281
2,negative_training,CR,HRSD_21.1,HRSD21,full,RobustScaler,ET,47,12,20,-0.3562,8.8333,10.5466,-0.4631,-0.8906,-0.3088
2,negative_training,CR,HRSD_21.1,HRSD21,full,RobustScaler,GB,47,12,20,-0.3232,10.8537,12.2412,-0.3506,-1.547,-0.2526
2,negative_training,CR,HRSD_21.1,HRSD21,full,RobustScaler,XGB,47,12,20,-0.2829,8.6575,10.6431,-0.3269,-0.9254,-0.2597
2,negative_training,CR,HRSD_21.1,HRSD21,full,RobustScaler,MLP,47,12,20,-0.1365,10.8954,13.1214,-0.1578,-1.9264,-0.1368
2,negative_training,CR,HRSD_21.1,HRSD21,full,RobustScaler,LGBM,47,12,20,0.0224,7.4435,9.1893,0.0329,-0.4353,0.109
2,negative_training,CR,HRSD_21.1,HRSD21,full,RobustScaler,CatBoost,47,12,20,-0.345,8.962,10.8439,-0.4058,-0.9987,-0.407
3,negative_training,CR,HRSD_21.1,HRSD21,full,StandardScaler,Ridge,47,12,15,0.1237,7.4624,9.3652,0.161,-0.3551,0.1626
3,negative_training,CR,HRSD_21.1,HRSD21,full,StandardScaler,Lasso,47,12,15,0.1189,7.4268,9.6102,0.1512,-0.427,0.1661
3,negative_training,CR,HRSD_21.1,HRSD21,full,StandardScaler,ElasticNet,47,12,15,0.1143,7.1737,8.7908,0.169,-0.194,0.1802
3,negative_training,CR,HRSD_21.1,HRSD21,full,StandardScaler,SVR,47,12,15,0.1984,6.5916,7.9988,0.321,0.0114,0.364
3,negative_training,CR,HRSD_21.1,HRSD21,full,StandardScaler,KNN,47,12,15,-0.0017,8.0833,10.5247,-0.0019,-0.7114,-0.0088
3,negative_training,CR,HRSD_21.1,HRSD21,full,StandardScaler,RF,47,12,15,0.0367,7.3142,8.2609,0.0839,-0.0544,0.2226
3,negative_training,CR,HRSD_21.1,HRSD21,full,StandardScaler,ET,47,12,15,0.3428,6.2508,7.1988,0.5,0.1993,0.6007
3,negative_training,CR,HRSD_21.1,HRSD21,full,StandardScaler,GB,47,12,15,0.3937,6.2548,7.32,0.4829,0.1721,0.4417
3,negative_training,CR,HRSD_21.1,HRSD21,full,StandardScaler,XGB,47,12,15,0.4777,6.0569,6.9044,0.5319,0.2635,0.4382
3,negative_training,CR,HRSD_21.1,HRSD21,full,StandardScaler,MLP,47,12,15,0.2274,7.3427,9.2257,0.2759,-0.315,0.4382
3,negative_training,CR,HRSD_21.1,HRSD21,full,StandardScaler,LGBM,47,12,15,0.1197,6.6248,8.5265,0.1929,-0.1233,0.1272
3,negative_training,CR,HRSD_21.1,HRSD21,full,StandardScaler,CatBoost,47,12,15,0.0508,7.4936,8.8912,0.0912,-0.2214,0.3993
3,negative_training,CR,HRSD_21.1,HRSD21,full,MinMaxScaler,Ridge,47,12,20,0.192,6.946,8.7904,0.2616,-0.1939,0.1979
3,negative_training,CR,HRSD_21.1,HRSD21,full,MinMaxScaler,Lasso,47,12,20,0.2132,6.93,8.807,0.2786,-0.1984,0.3498
3,negative_training,CR,HRSD_21.1,HRSD21,full,MinMaxScaler,ElasticNet,47,12,20,0.187,6.9812,8.5574,0.2654,-0.1314,0.2756
3,negative_training,CR,HRSD_21.1,HRSD21,full,MinMaxScaler,SVR,47,12,20,0.187,7.1188,8.8423,0.2438,-0.208,0.0495
3,negative_training,CR,HRSD_21.1,HRSD21,full,MinMaxScaler,KNN,47,12,20,0.1471,7.1759,8.4677,0.2136,-0.1079,0.0565
3,negative_training,CR,HRSD_21.1,HRSD21,full,MinMaxScaler,RF,47,12,20,0.1341,7.37,8.1393,0.2253,-0.0236,0.2827
3,negative_training,CR,HRSD_21.1,HRSD21,full,MinMaxScaler,ET,47,12,20,0.1314,7.4175,8.3586,0.2026,-0.0795,0.177
3,negative_training,CR,HRSD_21.1,HRSD21,full,MinMaxScaler,GB,47,12,20,0.2085,7.2229,8.6608,0.2283,-0.1589,0.205
3,negative_training,CR,HRSD_21.1,HRSD21,full,MinMaxScaler,XGB,47,12,20,0.1941,7.1404,8.8723,0.2136,-0.2163,0.371
3,negative_training,CR,HRSD_21.1,HRSD21,full,MinMaxScaler,MLP,47,12,20,0.1575,8.0743,9.5231,0.2022,-0.4012,0.0707
3,negative_training,CR,HRSD_21.1,HRSD21,full,MinMaxScaler,LGBM,47,12,20,0.1126,7.1254,8.6932,0.1673,-0.1676,0.0459
3,negative_training,CR,HRSD_21.1,HRSD21,full,MinMaxScaler,CatBoost,47,12,20,0.1947,6.931,7.9948,0.2775,0.0124,0.3357
3,negative_training,CR,HRSD_21.1,HRSD21,full,RobustScaler,Ridge,47,12,5,0.0692,7.2812,8.1323,0.209,-0.0218,0.1661
3,negative_training,CR,HRSD_21.1,HRSD21,full,RobustScaler,Lasso,47,12,5,0.0,7.3404,8.2246,,-0.0451,
3,negative_training,CR,HRSD_21.1,HRSD21,full,RobustScaler,ElasticNet,47,12,5,0.0742,7.2531,8.2026,0.1816,-0.0396,0.1555
3,negative_training,CR,HRSD_21.1,HRSD21,full,RobustScaler,SVR,47,12,5,-0.0007,8.3545,10.3387,-0.001,-0.6515,-0.0989
3,negative_training,CR,HRSD_21.1,HRSD21,full,RobustScaler,KNN,47,12,5,0.0176,8.4333,9.8102,0.0249,-0.487,0.0248
3,negative_training,CR,HRSD_21.1,HRSD21,full,RobustScaler,RF,47,12,5,0.1477,7.4225,8.6878,0.2134,-0.1662,-0.0035
3,negative_training,CR,HRSD_21.1,HRSD21,full,RobustScaler,ET,47,12,5,0.1885,7.1467,8.4396,0.2813,-0.1005,0.0637
3,negative_training,CR,HRSD_21.1,HRSD21,full,RobustScaler,GB,47,12,5,0.1332,7.9442,9.8875,0.1691,-0.5105,0.0424
3,negative_training,CR,HRSD_21.1,HRSD21,full,RobustScaler,XGB,47,12,5,0.1638,8.2158,9.941,0.1937,-0.5269,0.1201
3,negative_training,CR,HRSD_21.1,HRSD21,full,RobustScaler,MLP,47,12,5,0.2803,7.4741,8.8809,0.5126,-0.2186,0.5972
3,negative_training,CR,HRSD_21.1,HRSD21,full,RobustScaler,LGBM,47,12,5,-0.0153,8.6356,9.6064,-0.0182,-0.4258,-0.0851
3,negative_training,CR,HRSD_21.1,HRSD21,full,RobustScaler,CatBoost,47,12,5,0.1797,7.8673,9.2629,0.2242,-0.3257,-0.0636
4,negative_training,CR,HRSD_21.1,HRSD21,full,StandardScaler,Ridge,47,12,5,0.2005,7.1535,8.2145,0.3326,0.0661,0.2982
4,negative_training,CR,HRSD_21.1,HRSD21,full,StandardScaler,Lasso,47,12,5,0.198,7.1508,8.2209,0.3304,0.0646,0.2982
4,negative_training,CR,HRSD_21.1,HRSD21,full,StandardScaler,ElasticNet,47,12,5,0.1923,7.1476,8.213,0.3345,0.0664,0.2982
4,negative_training,CR,HRSD_21.1,HRSD21,full,StandardScaler,SVR,47,12,5,0.23,7.1694,8.6819,0.2789,-0.0433,0.2667
4,negative_training,CR,HRSD_21.1,HRSD21,full,StandardScaler,KNN,47,12,5,0.1298,7.65,9.0013,0.1563,-0.1214,0.1436
4,negative_training,CR,HRSD_21.1,HRSD21,full,StandardScaler,RF,47,12,5,0.2635,6.6467,8.0109,0.4271,0.1118,0.5228
4,negative_training,CR,HRSD_21.1,HRSD21,full,StandardScaler,ET,47,12,5,0.2145,6.9292,8.1096,0.3241,0.0897,0.3333
4,negative_training,CR,HRSD_21.1,HRSD21,full,StandardScaler,GB,47,12,5,0.0834,7.2578,9.0037,0.1303,-0.122,0.3509
4,negative_training,CR,HRSD_21.1,HRSD21,full,StandardScaler,XGB,47,12,5,0.103,7.7979,9.3104,0.1627,-0.1998,0.193
4,negative_training,CR,HRSD_21.1,HRSD21,full,StandardScaler,MLP,47,12,5,0.1745,7.2604,8.446,0.2362,0.0127,0.2597
4,negative_training,CR,HRSD_21.1,HRSD21,full,StandardScaler,LGBM,47,12,5,0.0935,6.9828,9.1787,0.1415,-0.1661,0.154
4,negative_training,CR,HRSD_21.1,HRSD21,full,StandardScaler,CatBoost,47,12,5,0.0984,7.3624,9.0789,0.1394,-0.1408,0.2316
4,negative_training,CR,HRSD_21.1,HRSD21,full,MinMaxScaler,Ridge,47,12,10,0.1628,7.269,8.1945,0.3137,0.0706,0.2842
4,negative_training,CR,HRSD_21.1,HRSD21,full,MinMaxScaler,Lasso,47,12,10,0.1539,7.247,8.189,0.3211,0.0718,0.2842
4,negative_training,CR,HRSD_21.1,HRSD21,full,MinMaxScaler,ElasticNet,47,12,10,0.1586,7.2307,8.1582,0.3284,0.0788,0.2702
4,negative_training,CR,HRSD_21.1,HRSD21,full,MinMaxScaler,SVR,47,12,10,0.1681,7.4139,8.1571,0.2854,0.079,0.3018
4,negative_training,CR,HRSD_21.1,HRSD21,full,MinMaxScaler,KNN,47,12,10,0.0511,7.8889,9.1439,0.0737,-0.1572,-0.0496
4,negative_training,CR,HRSD_21.1,HRSD21,full,MinMaxScaler,RF,47,12,10,0.3532,6.2383,7.507,0.5223,0.22,0.5544
4,negative_training,CR,HRSD_21.1,HRSD21,full,MinMaxScaler,ET,47,12,10,0.2715,6.5646,7.6681,0.4536,0.1862,0.4211
4,negative_training,CR,HRSD_21.1,HRSD21,full,MinMaxScaler,GB,47,12,10,0.0829,7.6511,8.9643,0.1089,-0.1122,0.1333
4,negative_training,CR,HRSD_21.1,HRSD21,full,MinMaxScaler,XGB,47,12,10,0.0617,7.9786,9.1896,0.0794,-0.1689,0.1228
4,negative_training,CR,HRSD_21.1,HRSD21,full,MinMaxScaler,MLP,47,12,10,-0.0298,7.8815,8.9988,-0.0549,-0.1208,0.0211
4,negative_training,CR,HRSD_21.1,HRSD21,full,MinMaxScaler,LGBM,47,12,10,0.1185,6.7925,8.5262,0.2195,-0.0062,0.1444
4,negative_training,CR,HRSD_21.1,HRSD21,full,MinMaxScaler,CatBoost,47,12,10,0.0957,7.3028,8.5967,0.1567,-0.0229,0.1825
4,negative_training,CR,HRSD_21.1,HRSD21,full,RobustScaler,Ridge,47,12,5,0.1316,7.521,8.7459,0.1791,-0.0587,0.1614
4,negative_training,CR,HRSD_21.1,HRSD21,full,RobustScaler,Lasso,47,12,5,0.1294,7.5137,8.7385,0.1775,-0.0569,0.1614
4,negative_training,CR,HRSD_21.1,HRSD21,full,RobustScaler,ElasticNet,47,12,5,0.1277,7.5073,8.7325,0.1762,-0.0555,0.1614
4,negative_training,CR,HRSD_21.1,HRSD21,full,RobustScaler,SVR,47,12,5,0.4086,5.9837,7.8608,0.4442,0.1447,0.5158
4,negative_training,CR,HRSD_21.1,HRSD21,full,RobustScaler,KNN,47,12,5,0.3941,6.2143,7.1709,0.5553,0.2883,0.586
4,negative_training,CR,HRSD_21.1,HRSD21,full,RobustScaler,RF,47,12,5,0.4818,5.4056,6.8571,0.6013,0.3492,0.5333
4,negative_training,CR,HRSD_21.1,HRSD21,full,RobustScaler,ET,47,12,5,0.3796,6.1033,7.3073,0.5192,0.2609,0.4597
4,negative_training,CR,HRSD_21.1,HRSD21,full,RobustScaler,GB,47,12,5,0.1389,7.4338,9.535,0.1502,-0.2584,0.1474
4,negative_training,CR,HRSD_21.1,HRSD21,full,RobustScaler,XGB,47,12,5,0.2052,7.0439,9.3543,0.2169,-0.2111,0.2667
4,negative_training,CR,HRSD_21.1,HRSD21,full,RobustScaler,MLP,47,12,5,0.2628,6.737,8.103,0.3602,0.0912,0.4246
4,negative_training,CR,HRSD_21.1,HRSD21,full,RobustScaler,LGBM,47,12,5,0.2475,6.4821,7.873,0.3771,0.1421,0.2021
4,negative_training,CR,HRSD_21.1,HRSD21,full,RobustScaler,CatBoost,47,12,5,0.2691,6.6606,8.0333,0.3489,0.1068,0.3158
5,negative_training,CR,HRSD_21.1,HRSD21,full,StandardScaler,Ridge,48,11,5,-0.1302,9.08,11.6257,-0.1864,-0.4659,-0.1416
5,negative_training,CR,HRSD_21.1,HRSD21,full,StandardScaler,Lasso,48,11,5,-0.1346,9.0912,11.6139,-0.1936,-0.463,-0.21
5,negative_training,CR,HRSD_21.1,HRSD21,full,StandardScaler,ElasticNet,48,11,5,-0.1302,9.077,11.6158,-0.1867,-0.4634,-0.1416
5,negative_training,CR,HRSD_21.1,HRSD21,full,StandardScaler,SVR,48,11,5,-0.1082,9.0201,11.9462,-0.1242,-0.5479,-0.1735
5,negative_training,CR,HRSD_21.1,HRSD21,full,StandardScaler,KNN,48,11,5,-0.0195,8.7922,10.931,-0.027,-0.296,0.0435
5,negative_training,CR,HRSD_21.1,HRSD21,full,StandardScaler,RF,48,11,5,-0.1329,9.0161,11.3449,-0.205,-0.396,-0.1963
5,negative_training,CR,HRSD_21.1,HRSD21,full,StandardScaler,ET,48,11,5,-0.1437,9.5027,11.7536,-0.1948,-0.4984,-0.274
5,negative_training,CR,HRSD_21.1,HRSD21,full,StandardScaler,GB,48,11,5,-0.1612,11.458,12.55,-0.1944,-0.7083,-0.1918
5,negative_training,CR,HRSD_21.1,HRSD21,full,StandardScaler,XGB,48,11,5,-0.0086,10.4153,11.7173,-0.0098,-0.4891,-0.2055
5,negative_training,CR,HRSD_21.1,HRSD21,full,StandardScaler,MLP,48,11,5,-0.1319,9.7366,12.5059,-0.1624,-0.6963,-0.1827
5,negative_training,CR,HRSD_21.1,HRSD21,full,StandardScaler,LGBM,48,11,5,-0.1979,9.1904,11.3807,-0.29,-0.4048,-0.1705
5,negative_training,CR,HRSD_21.1,HRSD21,full,StandardScaler,CatBoost,48,11,5,-0.233,11.3889,12.875,-0.2664,-0.7979,-0.2237
5,negative_training,CR,HRSD_21.1,HRSD21,full,MinMaxScaler,Ridge,48,11,20,0.2028,7.7585,9.7412,0.2619,-0.0292,0.3059
5,negative_training,CR,HRSD_21.1,HRSD21,full,MinMaxScaler,Lasso,48,11,20,0.1792,7.791,9.9578,0.2243,-0.0755,0.3562
5,negative_training,CR,HRSD_21.1,HRSD21,full,MinMaxScaler,ElasticNet,48,11,20,0.2036,7.635,9.5666,0.279,0.0074,0.3196
5,negative_training,CR,HRSD_21.1,HRSD21,full,MinMaxScaler,SVR,48,11,20,0.1666,8.1453,10.2268,0.199,-0.1344,0.2192
5,negative_training,CR,HRSD_21.1,HRSD21,full,MinMaxScaler,KNN,48,11,20,0.1552,7.6727,10.0142,0.1884,-0.0877,0.2557
5,negative_training,CR,HRSD_21.1,HRSD21,full,MinMaxScaler,RF,48,11,20,0.0911,8.1509,9.9177,0.1356,-0.0668,0.2329
5,negative_training,CR,HRSD_21.1,HRSD21,full,MinMaxScaler,ET,48,11,20,0.0706,9.0273,10.859,0.0875,-0.279,0.0822
5,negative_training,CR,HRSD_21.1,HRSD21,full,MinMaxScaler,GB,48,11,20,0.3163,7.2123,9.4785,0.3457,0.0256,0.3562
5,negative_training,CR,HRSD_21.1,HRSD21,full,MinMaxScaler,XGB,48,11,20,0.403,6.6811,9.2095,0.4233,0.0801,0.2648
5,negative_training,CR,HRSD_21.1,HRSD21,full,MinMaxScaler,MLP,48,11,20,0.1632,8.1441,10.243,0.1964,-0.138,0.2511
5,negative_training,CR,HRSD_21.1,HRSD21,full,MinMaxScaler,LGBM,48,11,20,-0.0225,7.9739,10.2947,-0.0363,-0.1495,0.2374
5,negative_training,CR,HRSD_21.1,HRSD21,full,MinMaxScaler,CatBoost,48,11,20,0.2103,7.5902,9.6569,0.2546,-0.0115,0.2603
5,negative_training,CR,HRSD_21.1,HRSD21,full,RobustScaler,Ridge,48,11,5,-0.3118,13.4431,21.1961,-0.3645,-3.8729,-0.3196
5,negative_training,CR,HRSD_21.1,HRSD21,full,RobustScaler,Lasso,48,11,5,-0.1311,9.1293,10.5065,-0.3713,-0.1973,-0.8996
5,negative_training,CR,HRSD_21.1,HRSD21,full,RobustScaler,ElasticNet,48,11,5,-0.1317,9.1321,10.5113,-0.3713,-0.1984,-0.8996
5,negative_training,CR,HRSD_21.1,HRSD21,full,RobustScaler,SVR,48,11,5,-0.0637,9.2206,10.6743,-0.0924,-0.2358,-0.3333
5,negative_training,CR,HRSD_21.1,HRSD21,full,RobustScaler,KNN,48,11,5,-0.4535,11.2857,12.7488,-0.6095,-0.7629,-0.6888
5,negative_training,CR,HRSD_21.1,HRSD21,full,RobustScaler,RF,48,11,5,-0.189,10.1909,11.6102,-0.2426,-0.462,-0.347
5,negative_training,CR,HRSD_21.1,HRSD21,full,RobustScaler,ET,48,11,5,-0.2188,10.6027,11.8364,-0.2801,-0.5196,-0.1553
5,negative_training,CR,HRSD_21.1,HRSD21,full,RobustScaler,GB,48,11,5,-0.2089,11.4167,12.8291,-0.2244,-0.7851,-0.1461
5,negative_training,CR,HRSD_21.1,HRSD21,full,RobustScaler,XGB,48,11,5,-0.1499,10.7715,12.6799,-0.1587,-0.7438,-0.0822
5,negative_training,CR,HRSD_21.1,HRSD21,full,RobustScaler,MLP,48,11,5,0.0589,42.8491,107.2021,0.3692,-123.6475,-0.4018
5,negative_training,CR,HRSD_21.1,HRSD21,full,RobustScaler,LGBM,48,11,5,0.1343,8.3069,9.2559,0.2661,0.0708,0.4188
5,negative_training,CR,HRSD_21.1,HRSD21,full,RobustScaler,CatBoost,48,11,5,-0.2292,10.9043,12.313,-0.2647,-0.6444,-0.2146
1,negative_training,CR,HRSD_24.1,HRSD24,full,StandardScaler,Ridge,47,12,15,0.2858,11.2427,13.5877,0.5762,0.2352,0.4982
1,negative_training,CR,HRSD_24.1,HRSD24,full,StandardScaler,Lasso,47,12,15,0.1877,12.0911,14.2344,0.5319,0.1607,0.4211
1,negative_training,CR,HRSD_24.1,HRSD24,full,StandardScaler,ElasticNet,47,12,15,0.1788,12.2088,14.3302,0.4929,0.1494,0.4421
1,negative_training,CR,HRSD_24.1,HRSD24,full,StandardScaler,SVR,47,12,15,0.19,11.7288,14.6684,0.3529,0.1087,0.2632
1,negative_training,CR,HRSD_24.1,HRSD24,full,StandardScaler,KNN,47,12,15,0.1827,11.8056,14.8589,0.3265,0.0854,0.3076
1,negative_training,CR,HRSD_24.1,HRSD24,full,StandardScaler,RF,47,12,15,0.1901,12.1567,14.4305,0.3989,0.1374,0.2877
1,negative_training,CR,HRSD_24.1,HRSD24,full,StandardScaler,ET,47,12,15,0.1701,12.0208,14.4887,0.4277,0.1304,0.2759
1,negative_training,CR,HRSD_24.1,HRSD24,full,StandardScaler,GB,47,12,15,0.3651,11.0755,13.4159,0.5172,0.2544,0.4316
1,negative_training,CR,HRSD_24.1,HRSD24,full,StandardScaler,XGB,47,12,15,0.3431,11.3153,13.6046,0.4935,0.2333,0.393
1,negative_training,CR,HRSD_24.1,HRSD24,full,StandardScaler,MLP,47,12,15,0.4134,10.766,12.9233,0.5794,0.3082,0.4632
1,negative_training,CR,HRSD_24.1,HRSD24,full,StandardScaler,LGBM,47,12,15,0.2428,11.6551,14.2715,0.4096,0.1563,0.4246
1,negative_training,CR,HRSD_24.1,HRSD24,full,StandardScaler,CatBoost,47,12,15,0.246,12.2056,14.3557,0.3841,0.1463,0.2982
1,negative_training,CR,HRSD_24.1,HRSD24,full,MinMaxScaler,Ridge,47,12,15,0.32,10.945,13.2473,0.6511,0.2731,0.5579
1,negative_training,CR,HRSD_24.1,HRSD24,full,MinMaxScaler,Lasso,47,12,15,0.4375,9.8436,12.3362,0.7062,0.3696,0.4877
1,negative_training,CR,HRSD_24.1,HRSD24,full,MinMaxScaler,ElasticNet,47,12,15,0.3825,10.3286,12.7547,0.691,0.3261,0.4842
1,negative_training,CR,HRSD_24.1,HRSD24,full,MinMaxScaler,SVR,47,12,15,0.2228,11.4846,14.1403,0.4899,0.1717,0.3298
1,negative_training,CR,HRSD_24.1,HRSD24,full,MinMaxScaler,KNN,47,12,15,0.2264,10.7222,14.808,0.4239,0.0917,0.3192
1,negative_training,CR,HRSD_24.1,HRSD24,full,MinMaxScaler,RF,47,12,15,0.26,11.4408,13.8129,0.5369,0.2097,0.4351
1,negative_training,CR,HRSD_24.1,HRSD24,full,MinMaxScaler,ET,47,12,15,0.1811,11.6983,14.3819,0.4558,0.1432,0.3754
1,negative_training,CR,HRSD_24.1,HRSD24,full,MinMaxScaler,GB,47,12,15,0.374,10.1156,13.3311,0.5425,0.2638,0.5439
1,negative_training,CR,HRSD_24.1,HRSD24,full,MinMaxScaler,XGB,47,12,15,0.2378,12.2319,14.4028,0.3773,0.1407,0.3825
1,negative_training,CR,HRSD_24.1,HRSD24,full,MinMaxScaler,MLP,47,12,15,0.1848,12.0577,14.4423,0.4006,0.136,0.3719
1,negative_training,CR,HRSD_24.1,HRSD24,full,MinMaxScaler,LGBM,47,12,15,0.2876,10.8818,13.6093,0.5691,0.2328,0.4667
1,negative_training,CR,HRSD_24.1,HRSD24,full,MinMaxScaler,CatBoost,47,12,15,0.2664,11.1579,13.8773,0.5052,0.2023,0.5018
1,negative_training,CR,HRSD_24.1,HRSD24,full,RobustScaler,Ridge,47,12,5,-0.22,17.9536,23.196,-0.2361,-1.2288,-0.2175
1,negative_training,CR,HRSD_24.1,HRSD24,full,RobustScaler,Lasso,47,12,5,-0.2245,17.8733,23.1026,-0.241,-1.2109,-0.2175
1,negative_training,CR,HRSD_24.1,HRSD24,full,RobustScaler,ElasticNet,47,12,5,-0.2245,17.8734,23.1029,-0.241,-1.211,-0.2175
1,negative_training,CR,HRSD_24.1,HRSD24,full,RobustScaler,SVR,47,12,5,-0.0744,15.2386,17.7178,-0.0999,-0.3004,-0.2033
1,negative_training,CR,HRSD_24.1,HRSD24,full,RobustScaler,KNN,47,12,5,0.0144,13.2262,15.8645,0.0336,-0.0426,-0.0527
1,negative_training,CR,HRSD_24.1,HRSD24,full,RobustScaler,RF,47,12,5,0.0003,12.7713,16.2187,0.0006,-0.0896,-0.007
1,negative_training,CR,HRSD_24.1,HRSD24,full,RobustScaler,ET,47,12,5,-0.0461,14.76,17.3041,-0.068,-0.2404,0.0526
1,negative_training,CR,HRSD_24.1,HRSD24,full,RobustScaler,GB,47,12,5,0.0908,13.3999,16.3194,0.1468,-0.1032,-0.0211
1,negative_training,CR,HRSD_24.1,HRSD24,full,RobustScaler,XGB,47,12,5,0.0737,13.4233,16.6267,0.1194,-0.1451,-0.1019
1,negative_training,CR,HRSD_24.1,HRSD24,full,RobustScaler,MLP,47,12,5,0.0,9042667403682.463,22994194800150.375,0.2724,-2.1901893164872363e+24,0.1754
1,negative_training,CR,HRSD_24.1,HRSD24,full,RobustScaler,LGBM,47,12,5,-0.1349,14.6838,16.9633,-0.3324,-0.192,0.0217
1,negative_training,CR,HRSD_24.1,HRSD24,full,RobustScaler,CatBoost,47,12,5,-0.0543,13.2863,16.6995,-0.1126,-0.1552,-0.007
2,negative_training,CR,HRSD_24.1,HRSD24,full,StandardScaler,Ridge,47,12,15,-0.0657,11.2733,12.4931,-0.0696,-0.6709,-0.2028
2,negative_training,CR,HRSD_24.1,HRSD24,full,StandardScaler,Lasso,47,12,15,-0.1345,11.966,13.6503,-0.1358,-0.9948,-0.3007
2,negative_training,CR,HRSD_24.1,HRSD24,full,StandardScaler,ElasticNet,47,12,15,-0.0849,11.5735,12.7918,-0.0885,-0.7518,-0.2028
2,negative_training,CR,HRSD_24.1,HRSD24,full,StandardScaler,SVR,47,12,15,-0.4554,13.8865,15.9719,-0.4932,-1.731,-0.5455
2,negative_training,CR,HRSD_24.1,HRSD24,full,StandardScaler,KNN,47,12,15,-0.4542,14.1111,17.6016,-0.541,-2.3167,-0.5245
2,negative_training,CR,HRSD_24.1,HRSD24,full,StandardScaler,RF,47,12,15,-0.3131,11.3063,13.4036,-0.3813,-0.9233,-0.4965
2,negative_training,CR,HRSD_24.1,HRSD24,full,StandardScaler,ET,47,12,15,-0.4239,11.4158,14.1458,-0.5328,-1.1422,-0.5035
2,negative_training,CR,HRSD_24.1,HRSD24,full,StandardScaler,GB,47,12,15,-0.4302,12.6606,14.6889,-0.4729,-1.3099,-0.5105
2,negative_training,CR,HRSD_24.1,HRSD24,full,StandardScaler,XGB,47,12,15,-0.3216,12.0159,14.4361,-0.3439,-1.2311,-0.3776
2,negative_training,CR,HRSD_24.1,HRSD24,full,StandardScaler,MLP,47,12,15,0.0402,13.1837,14.9881,0.0435,-1.4049,-0.0839
2,negative_training,CR,HRSD_24.1,HRSD24,full,StandardScaler,LGBM,47,12,15,0.0711,10.2075,11.6463,0.0832,-0.4521,0.049
2,negative_training,CR,HRSD_24.1,HRSD24,full,StandardScaler,CatBoost,47,12,15,-0.2989,11.0958,13.4957,-0.3759,-0.9498,-0.4965
2,negative_training,CR,HRSD_24.1,HRSD24,full,MinMaxScaler,Ridge,47,12,10,0.1092,10.1081,11.7168,0.144,-0.4697,-0.0559
2,negative_training,CR,HRSD_24.1,HRSD24,full,MinMaxScaler,Lasso,47,12,10,0.0784,10.1306,11.5478,0.0977,-0.4276,-0.1538
2,negative_training,CR,HRSD_24.1,HRSD24,full,MinMaxScaler,ElasticNet,47,12,10,0.0643,10.0932,11.6096,0.0806,-0.4429,-0.0839
2,negative_training,CR,HRSD_24.1,HRSD24,full,MinMaxScaler,SVR,47,12,10,0.0764,9.742,11.5548,0.096,-0.4293,-0.0699
2,negative_training,CR,HRSD_24.1,HRSD24,full,MinMaxScaler,KNN,47,12,10,-0.1629,11.2667,13.7077,-0.1992,-1.0116,-0.3357
2,negative_training,CR,HRSD_24.1,HRSD24,full,MinMaxScaler,RF,47,12,10,-0.2626,10.6717,13.1372,-0.3221,-0.8476,-0.2587
2,negative_training,CR,HRSD_24.1,HRSD24,full,MinMaxScaler,ET,47,12,10,-0.2883,10.4913,13.2459,-0.3601,-0.8783,-0.3853
2,negative_training,CR,HRSD_24.1,HRSD24,full,MinMaxScaler,GB,47,12,10,-0.3144,10.9046,13.5638,-0.3726,-0.9696,-0.3636
2,negative_training,CR,HRSD_24.1,HRSD24,full,MinMaxScaler,XGB,47,12,10,-0.0527,11.6372,13.1588,-0.0548,-0.8537,-0.0629
2,negative_training,CR,HRSD_24.1,HRSD24,full,MinMaxScaler,MLP,47,12,10,0.1068,11.0193,12.6436,0.1333,-0.7114,0.035
2,negative_training,CR,HRSD_24.1,HRSD24,full,MinMaxScaler,LGBM,47,12,10,0.2112,8.4072,10.4229,0.2763,-0.163,0.0105
2,negative_training,CR,HRSD_24.1,HRSD24,full,MinMaxScaler,CatBoost,47,12,10,-0.2634,10.6146,13.6133,-0.3302,-0.984,-0.3077
2,negative_training,CR,HRSD_24.1,HRSD24,full,RobustScaler,Ridge,47,12,5,0.1196,7.3702,9.4492,0.5127,0.0441,0.3916
2,negative_training,CR,HRSD_24.1,HRSD24,full,RobustScaler,Lasso,47,12,5,-0.0008,8.0858,10.0987,-0.3293,-0.0918,-0.3497
2,negative_training,CR,HRSD_24.1,HRSD24,full,RobustScaler,ElasticNet,47,12,5,0.1193,7.3652,9.4496,0.5121,0.0441,0.3916
2,negative_training,CR,HRSD_24.1,HRSD24,full,RobustScaler,SVR,47,12,5,0.0,8.1667,10.4283,0.5803,-0.1642,0.5944
2,negative_training,CR,HRSD_24.1,HRSD24,full,RobustScaler,KNN,47,12,5,0.4089,7.4722,9.1959,0.4304,0.0947,0.5245
2,negative_training,CR,HRSD_24.1,HRSD24,full,RobustScaler,RF,47,12,5,0.4523,6.1041,8.3271,0.5195,0.2577,0.5035
2,negative_training,CR,HRSD_24.1,HRSD24,full,RobustScaler,ET,47,12,5,0.4085,6.2836,8.7147,0.4792,0.187,0.4545
2,negative_training,CR,HRSD_24.1,HRSD24,full,RobustScaler,GB,47,12,5,0.4404,6.6062,9.2683,0.4582,0.0804,0.3783
2,negative_training,CR,HRSD_24.1,HRSD24,full,RobustScaler,XGB,47,12,5,0.4913,6.9394,9.2776,0.4987,0.0785,0.4266
2,negative_training,CR,HRSD_24.1,HRSD24,full,RobustScaler,MLP,47,12,5,0.0063,16.896,19.4043,0.5738,-3.0309,0.6364
2,negative_training,CR,HRSD_24.1,HRSD24,full,RobustScaler,LGBM,47,12,5,0.0508,8.1479,10.5559,0.0719,-0.1929,0.0396
2,negative_training,CR,HRSD_24.1,HRSD24,full,RobustScaler,CatBoost,47,12,5,0.458,5.973,8.3521,0.5297,0.2532,0.5315
3,negative_training,CR,HRSD_24.1,HRSD24,full,StandardScaler,Ridge,47,12,20,0.2278,8.5091,11.0509,0.2856,-0.01,0.3754
3,negative_training,CR,HRSD_24.1,HRSD24,full,StandardScaler,Lasso,47,12,20,0.1416,9.5252,11.6335,0.1819,-0.1193,0.2316
3,negative_training,CR,HRSD_24.1,HRSD24,full,StandardScaler,ElasticNet,47,12,20,0.1963,9.0653,11.2964,0.2476,-0.0553,0.3579
3,negative_training,CR,HRSD_24.1,HRSD24,full,StandardScaler,SVR,47,12,20,0.2019,9.379,10.8794,0.3054,0.0211,0.3088
3,negative_training,CR,HRSD_24.1,HRSD24,full,StandardScaler,KNN,47,12,20,0.1867,9.4333,11.2863,0.2527,-0.0535,0.2958
3,negative_training,CR,HRSD_24.1,HRSD24,full,StandardScaler,RF,47,12,20,0.0451,10.0467,11.4018,0.0913,-0.0751,0.1263
3,negative_training,CR,HRSD_24.1,HRSD24,full,StandardScaler,ET,47,12,20,0.1566,9.4471,10.8865,0.276,0.0199,0.2316
3,negative_training,CR,HRSD_24.1,HRSD24,full,StandardScaler,GB,47,12,20,0.0193,10.2437,12.7064,0.0235,-0.3352,0.193
3,negative_training,CR,HRSD_24.1,HRSD24,full,StandardScaler,XGB,47,12,20,-0.0032,11.0417,12.5996,-0.0044,-0.3129,-0.0035
3,negative_training,CR,HRSD_24.1,HRSD24,full,StandardScaler,MLP,47,12,20,0.438,9.1286,11.7617,0.451,-0.1441,0.3684
3,negative_training,CR,HRSD_24.1,HRSD24,full,StandardScaler,LGBM,47,12,20,0.0131,9.4326,11.9512,0.0227,-0.1812,0.0491
3,negative_training,CR,HRSD_24.1,HRSD24,full,StandardScaler,CatBoost,47,12,20,-0.2552,11.4427,13.4961,-0.5071,-0.5064,-0.5684
3,negative_training,CR,HRSD_24.1,HRSD24,full,MinMaxScaler,Ridge,47,12,20,0.2044,8.9908,11.0035,0.2721,-0.0013,0.2526
3,negative_training,CR,HRSD_24.1,HRSD24,full,MinMaxScaler,Lasso,47,12,20,0.0669,9.7216,11.9693,0.091,-0.1848,0.2772
3,negative_training,CR,HRSD_24.1,HRSD24,full,MinMaxScaler,ElasticNet,47,12,20,0.2191,8.8783,11.1265,0.2722,-0.0238,0.2526
3,negative_training,CR,HRSD_24.1,HRSD24,full,MinMaxScaler,SVR,47,12,20,0.1693,9.2201,11.5581,0.1993,-0.1048,0.2702
3,negative_training,CR,HRSD_24.1,HRSD24,full,MinMaxScaler,KNN,47,12,20,0.2677,9.1071,10.1584,0.563,0.1466,0.5965
3,negative_training,CR,HRSD_24.1,HRSD24,full,MinMaxScaler,RF,47,12,20,0.0429,9.9258,11.4322,0.0904,-0.0809,0.0737
3,negative_training,CR,HRSD_24.1,HRSD24,full,MinMaxScaler,ET,47,12,20,0.2025,9.3283,10.5364,0.3526,0.0819,0.2211
3,negative_training,CR,HRSD_24.1,HRSD24,full,MinMaxScaler,GB,47,12,20,0.0129,10.2922,12.6387,0.0163,-0.321,0.1649
3,negative_training,CR,HRSD_24.1,HRSD24,full,MinMaxScaler,XGB,47,12,20,-0.0103,10.9238,12.6533,-0.0142,-0.3241,0.0947
3,negative_training,CR,HRSD_24.1,HRSD24,full,MinMaxScaler,MLP,47,12,20,0.2466,8.5961,11.452,0.3007,-0.0846,0.393
3,negative_training,CR,HRSD_24.1,HRSD24,full,MinMaxScaler,LGBM,47,12,20,0.0194,9.6236,11.9855,0.035,-0.188,-0.1333
3,negative_training,CR,HRSD_24.1,HRSD24,full,MinMaxScaler,CatBoost,47,12,20,-0.1091,10.9259,12.7487,-0.2646,-0.3441,-0.2386
3,negative_training,CR,HRSD_24.1,HRSD24,full,RobustScaler,Ridge,47,12,15,0.1085,9.7828,11.6553,0.2542,-0.1235,0.2105
3,negative_training,CR,HRSD_24.1,HRSD24,full,RobustScaler,Lasso,47,12,15,0.211,10.1644,11.5537,0.3355,-0.104,0.2807
3,negative_training,CR,HRSD_24.1,HRSD24,full,RobustScaler,ElasticNet,47,12,15,0.1746,10.0529,11.7371,0.3143,-0.1393,0.2982
3,negative_training,CR,HRSD_24.1,HRSD24,full,RobustScaler,SVR,47,12,15,0.2914,9.1572,10.6368,0.5008,0.0643,0.4175
3,negative_training,CR,HRSD_24.1,HRSD24,full,RobustScaler,KNN,47,12,15,0.3228,9.4333,11.5499,0.4272,-0.1032,0.2865
3,negative_training,CR,HRSD_24.1,HRSD24,full,RobustScaler,RF,47,12,15,0.1415,9.8333,11.025,0.2866,-0.0052,0.3123
3,negative_training,CR,HRSD_24.1,HRSD24,full,RobustScaler,ET,47,12,15,0.2169,9.5646,10.7677,0.3861,0.0411,0.3404
3,negative_training,CR,HRSD_24.1,HRSD24,full,RobustScaler,GB,47,12,15,0.3384,9.3191,11.8206,0.342,-0.1556,0.2667
3,negative_training,CR,HRSD_24.1,HRSD24,full,RobustScaler,XGB,47,12,15,0.2623,9.8485,11.3594,0.2855,-0.0671,0.3018
3,negative_training,CR,HRSD_24.1,HRSD24,full,RobustScaler,MLP,47,12,15,0.119,12.4206,15.2722,0.1784,-0.9289,0.1544
3,negative_training,CR,HRSD_24.1,HRSD24,full,RobustScaler,LGBM,47,12,15,-0.0518,10.8158,12.6446,-0.0905,-0.3223,-0.0386
3,negative_training,CR,HRSD_24.1,HRSD24,full,RobustScaler,CatBoost,47,12,15,0.2464,9.7763,11.1285,0.4035,-0.0242,0.4982
4,negative_training,CR,HRSD_24.1,HRSD24,full,StandardScaler,Ridge,47,12,5,0.2798,7.4996,9.3727,0.4069,0.056,0.4105
4,negative_training,CR,HRSD_24.1,HRSD24,full,StandardScaler,Lasso,47,12,5,0.2865,7.4265,9.2896,0.4274,0.0726,0.4105
4,negative_training,CR,HRSD_24.1,HRSD24,full,StandardScaler,ElasticNet,47,12,5,0.2492,7.3399,9.3698,0.4074,0.0566,0.3684
4,negative_training,CR,HRSD_24.1,HRSD24,full,StandardScaler,SVR,47,12,5,0.0429,9.6848,11.0025,0.0512,-0.3009,0.0667
4,negative_training,CR,HRSD_24.1,HRSD24,full,StandardScaler,KNN,47,12,5,0.1475,8.619,9.779,0.1967,-0.0277,0.2689
4,negative_training,CR,HRSD_24.1,HRSD24,full,StandardScaler,RF,47,12,5,0.1582,7.6475,9.6374,0.2994,0.0019,0.186
4,negative_training,CR,HRSD_24.1,HRSD24,full,StandardScaler,ET,47,12,5,0.0066,8.7408,10.214,0.0113,-0.1211,0.0561
4,negative_training,CR,HRSD_24.1,HRSD24,full,StandardScaler,GB,47,12,5,-0.1511,9.2251,11.0992,-0.2245,-0.3239,-0.0877
4,negative_training,CR,HRSD_24.1,HRSD24,full,StandardScaler,XGB,47,12,5,-0.0044,9.5998,11.0144,-0.0059,-0.3037,0.1509
4,negative_training,CR,HRSD_24.1,HRSD24,full,StandardScaler,MLP,47,12,5,0.2705,8.2188,9.6777,0.3038,-0.0065,0.2386
4,negative_training,CR,HRSD_24.1,HRSD24,full,StandardScaler,LGBM,47,12,5,-0.0954,9.234,11.2885,-0.1508,-0.3694,0.0229
4,negative_training,CR,HRSD_24.1,HRSD24,full,StandardScaler,CatBoost,47,12,5,0.0728,8.5036,10.2322,0.1083,-0.1251,0.2632
4,negative_training,CR,HRSD_24.1,HRSD24,full,MinMaxScaler,Ridge,47,12,5,0.3089,7.655,9.3437,0.4148,0.0618,0.4105
4,negative_training,CR,HRSD_24.1,HRSD24,full,MinMaxScaler,Lasso,47,12,5,0.3094,7.5631,9.271,0.4259,0.0763,0.4632
4,negative_training,CR,HRSD_24.1,HRSD24,full,MinMaxScaler,ElasticNet,47,12,5,0.2834,7.4807,9.3074,0.4071,0.0691,0.4105
4,negative_training,CR,HRSD_24.1,HRSD24,full,MinMaxScaler,SVR,47,12,5,0.2236,7.8909,9.852,0.3288,-0.0431,0.4421
4,negative_training,CR,HRSD_24.1,HRSD24,full,MinMaxScaler,KNN,47,12,5,0.1734,8.5833,9.7416,0.2217,-0.0198,0.2531
4,negative_training,CR,HRSD_24.1,HRSD24,full,MinMaxScaler,RF,47,12,5,0.1647,7.7242,9.6564,0.292,-0.0021,0.2982
4,negative_training,CR,HRSD_24.1,HRSD24,full,MinMaxScaler,ET,47,12,5,0.0584,8.4175,10.0659,0.0899,-0.0888,0.2526
4,negative_training,CR,HRSD_24.1,HRSD24,full,MinMaxScaler,GB,47,12,5,-0.1229,8.6419,10.8023,-0.2009,-0.254,-0.1404
4,negative_training,CR,HRSD_24.1,HRSD24,full,MinMaxScaler,XGB,47,12,5,-0.0708,8.673,10.7201,-0.1049,-0.235,0.0316
4,negative_training,CR,HRSD_24.1,HRSD24,full,MinMaxScaler,MLP,47,12,5,0.2815,7.4018,9.1574,0.3994,0.0988,0.4105
4,negative_training,CR,HRSD_24.1,HRSD24,full,MinMaxScaler,LGBM,47,12,5,-0.0475,8.5093,11.0167,-0.0766,-0.3042,0.1144
4,negative_training,CR,HRSD_24.1,HRSD24,full,MinMaxScaler,CatBoost,47,12,5,0.1167,8.1276,9.8632,0.1729,-0.0454,0.2702
4,negative_training,CR,HRSD_24.1,HRSD24,full,RobustScaler,Ridge,47,12,5,0.3574,7.3973,9.0535,0.4855,0.1192,0.5333
4,negative_training,CR,HRSD_24.1,HRSD24,full,RobustScaler,Lasso,47,12,5,0.3445,7.3544,9.0621,0.4849,0.1175,0.5333
4,negative_training,CR,HRSD_24.1,HRSD24,full,RobustScaler,ElasticNet,47,12,5,0.3814,7.5336,9.0767,0.4798,0.1146,0.5228
4,negative_training,CR,HRSD_24.1,HRSD24,full,RobustScaler,SVR,47,12,5,0.378,8.5408,10.2653,0.3806,-0.1324,0.4105
4,negative_training,CR,HRSD_24.1,HRSD24,full,RobustScaler,KNN,47,12,5,0.4424,7.5278,8.9033,0.4652,0.1482,0.4288
4,negative_training,CR,HRSD_24.1,HRSD24,full,RobustScaler,RF,47,12,5,0.2964,6.8912,9.1832,0.4069,0.0938,0.3895
4,negative_training,CR,HRSD_24.1,HRSD24,full,RobustScaler,ET,47,12,5,0.3133,6.9808,8.9426,0.3928,0.1406,0.3789
4,negative_training,CR,HRSD_24.1,HRSD24,full,RobustScaler,GB,47,12,5,-0.0873,9.3161,11.2438,-0.1092,-0.3586,-0.1509
4,negative_training,CR,HRSD_24.1,HRSD24,full,RobustScaler,XGB,47,12,5,0.1141,9.216,10.5397,0.142,-0.1937,0.1719
4,negative_training,CR,HRSD_24.1,HRSD24,full,RobustScaler,MLP,47,12,5,0.3858,7.7208,9.1732,0.414,0.0957,0.3965
4,negative_training,CR,HRSD_24.1,HRSD24,full,RobustScaler,LGBM,47,12,5,0.0233,8.4202,10.6086,0.038,-0.2094,0.1021
4,negative_training,CR,HRSD_24.1,HRSD24,full,RobustScaler,CatBoost,47,12,5,0.2033,7.3235,9.3993,0.2805,0.0506,0.3649
5,negative_training,CR,HRSD_24.1,HRSD24,full,StandardScaler,Ridge,48,11,5,0.059,9.7733,12.1089,0.1305,-0.0002,-0.0366
5,negative_training,CR,HRSD_24.1,HRSD24,full,StandardScaler,Lasso,48,11,5,0.0587,9.776,12.1093,0.1301,-0.0003,-0.0366
5,negative_training,CR,HRSD_24.1,HRSD24,full,StandardScaler,ElasticNet,48,11,5,0.0591,9.7738,12.1069,0.131,0.0001,-0.0366
5,negative_training,CR,HRSD_24.1,HRSD24,full,StandardScaler,SVR,48,11,5,0.2454,9.3442,10.9994,0.6192,0.1747,0.5996
5,negative_training,CR,HRSD_24.1,HRSD24,full,StandardScaler,KNN,48,11,5,0.1621,11.1818,12.5203,0.2302,-0.0693,0.0895
5,negative_training,CR,HRSD_24.1,HRSD24,full,StandardScaler,RF,48,11,5,0.0087,10.9355,12.6061,0.0193,-0.084,0.1419
5,negative_training,CR,HRSD_24.1,HRSD24,full,StandardScaler,ET,48,11,5,-0.0122,11.8818,13.2109,-0.0216,-0.1905,-0.1693
5,negative_training,CR,HRSD_24.1,HRSD24,full,StandardScaler,GB,48,11,5,0.1057,11.2485,13.2701,0.124,-0.2012,0.1327
5,negative_training,CR,HRSD_24.1,HRSD24,full,StandardScaler,XGB,48,11,5,-0.0758,12.0919,14.5611,-0.0927,-0.4463,-0.0183
5,negative_training,CR,HRSD_24.1,HRSD24,full,StandardScaler,MLP,48,11,5,-0.0241,10.6017,12.7788,-0.074,-0.1139,-0.1602
5,negative_training,CR,HRSD_24.1,HRSD24,full,StandardScaler,LGBM,48,11,5,-0.2101,12.0253,14.3991,-0.3178,-0.4143,-0.12
5,negative_training,CR,HRSD_24.1,HRSD24,full,StandardScaler,CatBoost,48,11,5,0.0442,11.1849,12.7696,0.0693,-0.1123,0.0915
5,negative_training,CR,HRSD_24.1,HRSD24,full,MinMaxScaler,Ridge,48,11,20,-0.0149,11.7191,15.8485,-0.0198,-0.7134,0.2563
5,negative_training,CR,HRSD_24.1,HRSD24,full,MinMaxScaler,Lasso,48,11,20,-0.0555,13.2546,17.6052,-0.0692,-1.1143,0.1007
5,negative_training,CR,HRSD_24.1,HRSD24,full,MinMaxScaler,ElasticNet,48,11,20,-0.0337,13.09,17.6185,-0.0424,-1.1175,0.1236
5,negative_training,CR,HRSD_24.1,HRSD24,full,MinMaxScaler,SVR,48,11,20,0.0061,11.5557,14.603,0.0089,-0.4547,0.1098
5,negative_training,CR,HRSD_24.1,HRSD24,full,MinMaxScaler,KNN,48,11,20,0.0871,12.3333,13.4964,0.1118,-0.2425,0.0986
5,negative_training,CR,HRSD_24.1,HRSD24,full,MinMaxScaler,RF,48,11,20,-0.1394,11.4518,13.7086,-0.2687,-0.2819,-0.151
5,negative_training,CR,HRSD_24.1,HRSD24,full,MinMaxScaler,ET,48,11,20,-0.0813,11.2973,13.451,-0.1511,-0.2342,-0.0687
5,negative_training,CR,HRSD_24.1,HRSD24,full,MinMaxScaler,GB,48,11,20,-0.3904,13.5904,15.3329,-0.6043,-0.6037,-0.7002
5,negative_training,CR,HRSD_24.1,HRSD24,full,MinMaxScaler,XGB,48,11,20,-0.2454,12.1658,14.3469,-0.3955,-0.4041,-0.4485
5,negative_training,CR,HRSD_24.1,HRSD24,full,MinMaxScaler,MLP,48,11,20,-0.0316,14.7854,20.3601,-0.0392,-1.8278,0.2471
5,negative_training,CR,HRSD_24.1,HRSD24,full,MinMaxScaler,LGBM,48,11,20,-0.3024,12.1443,14.8631,-0.4677,-0.5069,-0.4577
5,negative_training,CR,HRSD_24.1,HRSD24,full,MinMaxScaler,CatBoost,48,11,20,-0.2076,11.7186,13.9259,-0.4072,-0.3229,-0.2426
5,negative_training,CR,HRSD_24.1,HRSD24,full,RobustScaler,Ridge,48,11,5,0.0984,32.9558,79.5939,0.3584,-42.2155,0.357
5,negative_training,CR,HRSD_24.1,HRSD24,full,RobustScaler,Lasso,48,11,5,0.125,10.0936,11.6327,0.3703,0.0769,0.357
5,negative_training,CR,HRSD_24.1,HRSD24,full,RobustScaler,ElasticNet,48,11,5,0.125,10.0936,11.6327,0.3703,0.0769,0.357
5,negative_training,CR,HRSD_24.1,HRSD24,full,RobustScaler,SVR,48,11,5,-0.1041,11.1091,12.7856,-0.7864,-0.1151,-0.6644
5,negative_training,CR,HRSD_24.1,HRSD24,full,RobustScaler,KNN,48,11,5,0.136,10.2929,12.5548,0.218,-0.0752,0.032
5,negative_training,CR,HRSD_24.1,HRSD24,full,RobustScaler,RF,48,11,5,-0.0802,11.844,14.0928,-0.1055,-0.3548,-0.0778
5,negative_training,CR,HRSD_24.1,HRSD24,full,RobustScaler,ET,48,11,5,-0.1017,11.3409,14.2388,-0.1266,-0.383,0.0275
5,negative_training,CR,HRSD_24.1,HRSD24,full,RobustScaler,GB,48,11,5,-0.4919,15.3168,18.416,-0.5183,-1.3135,-0.5629
5,negative_training,CR,HRSD_24.1,HRSD24,full,RobustScaler,XGB,48,11,5,-0.5392,15.7597,18.7877,-0.5685,-1.4078,-0.5904
5,negative_training,CR,HRSD_24.1,HRSD24,full,RobustScaler,MLP,48,11,5,0.0,2486608.5716,3939284.284,0.818,-105855972546.6431,0.6682
5,negative_training,CR,HRSD_24.1,HRSD24,full,RobustScaler,LGBM,48,11,5,-0.164,12.442,13.9802,-0.2784,-0.3332,-0.2495
5,negative_training,CR,HRSD_24.1,HRSD24,full,RobustScaler,CatBoost,48,11,5,-0.176,12.6591,14.9606,-0.2198,-0.5268,-0.2243
