fold,phase,condition,target,target_short,features,scaler,model,n_train,n_test,n_features,CCC,MAE,RMSE,Pearson_r,R2,Spearman_r
1,positive_training,ADK,phq_8,PHQ8,full,StandardScaler,Ridge,46,12,5,0.3362,4.5239,4.9587,0.4007,0.0653,0.4351
1,positive_training,ADK,phq_8,PHQ8,full,StandardScaler,Lasso,46,12,5,0.3359,4.5264,4.9521,0.4027,0.0678,0.4351
1,positive_training,ADK,phq_8,PHQ8,full,StandardScaler,ElasticNet,46,12,5,0.3362,4.5271,4.9492,0.4039,0.0688,0.4351
1,positive_training,ADK,phq_8,PHQ8,full,StandardScaler,SVR,46,12,5,0.2409,5.4752,6.4026,0.2816,-0.5583,0.2175
1,positive_training,ADK,phq_8,PHQ8,full,StandardScaler,KNN,46,12,5,0.3599,4.6333,5.2466,0.4304,-0.0464,0.4349
1,positive_training,ADK,phq_8,PHQ8,full,StandardScaler,RF,46,12,5,0.0969,5.0961,5.6803,0.1359,-0.2266,0.2632
1,positive_training,ADK,phq_8,PHQ8,full,StandardScaler,ET,46,12,5,-0.1176,6.0977,6.7026,-0.1443,-0.7078,-0.007
1,positive_training,ADK,phq_8,PHQ8,full,StandardScaler,GB,46,12,5,-0.1187,6.019,6.8837,-0.1529,-0.8013,-0.0246
1,positive_training,ADK,phq_8,PHQ8,full,StandardScaler,XGB,46,12,5,0.0317,5.5134,5.9645,0.0364,-0.3524,0.0526
1,positive_training,ADK,phq_8,PHQ8,full,StandardScaler,MLP,46,12,5,0.1094,5.9195,6.4007,0.1169,-0.5574,0.186
1,positive_training,ADK,phq_8,PHQ8,full,StandardScaler,LGBM,46,12,5,0.3081,4.3066,4.9729,0.3687,0.0599,0.3894
1,positive_training,ADK,phq_8,PHQ8,full,StandardScaler,CatBoost,46,12,5,-0.1226,5.6969,6.4012,-0.1638,-0.5577,0.0246
1,positive_training,ADK,phq_8,PHQ8,full,MinMaxScaler,Ridge,46,12,5,0.3493,4.083,4.6498,0.6203,0.1781,0.6842
1,positive_training,ADK,phq_8,PHQ8,full,MinMaxScaler,Lasso,46,12,5,0.3593,4.1364,4.6305,0.5908,0.1849,0.6772
1,positive_training,ADK,phq_8,PHQ8,full,MinMaxScaler,ElasticNet,46,12,5,0.377,4.0374,4.6197,0.5958,0.1887,0.6842
1,positive_training,ADK,phq_8,PHQ8,full,MinMaxScaler,SVR,46,12,5,0.1797,5.3965,6.4804,0.2919,-0.5965,0.1649
1,positive_training,ADK,phq_8,PHQ8,full,MinMaxScaler,KNN,46,12,5,0.4238,3.8667,4.7188,0.6225,0.1535,0.625
1,positive_training,ADK,phq_8,PHQ8,full,MinMaxScaler,RF,46,12,5,0.0759,5.1317,6.4518,0.1279,-0.5824,0.1404
1,positive_training,ADK,phq_8,PHQ8,full,MinMaxScaler,ET,46,12,5,0.1249,4.5621,5.9733,0.2264,-0.3564,0.1634
1,positive_training,ADK,phq_8,PHQ8,full,MinMaxScaler,GB,46,12,5,-0.1035,6.9812,8.6119,-0.1544,-1.8193,-0.1544
1,positive_training,ADK,phq_8,PHQ8,full,MinMaxScaler,XGB,46,12,5,-0.0529,6.9382,8.379,-0.0699,-1.6689,-0.0456
1,positive_training,ADK,phq_8,PHQ8,full,MinMaxScaler,MLP,46,12,5,0.4283,3.8712,4.455,0.6185,0.2455,0.6316
1,positive_training,ADK,phq_8,PHQ8,full,MinMaxScaler,LGBM,46,12,5,0.0787,4.5184,5.8721,0.1184,-0.3108,0.2703
1,positive_training,ADK,phq_8,PHQ8,full,MinMaxScaler,CatBoost,46,12,5,-0.0004,6.1447,7.7958,-0.0006,-1.3103,0.0702
1,positive_training,ADK,phq_8,PHQ8,full,RobustScaler,Ridge,46,12,5,0.3543,4.484,4.8841,0.421,0.0932,0.4561
1,positive_training,ADK,phq_8,PHQ8,full,RobustScaler,Lasso,46,12,5,0.3538,4.4871,4.8789,0.4228,0.0951,0.4561
1,positive_training,ADK,phq_8,PHQ8,full,RobustScaler,ElasticNet,46,12,5,0.3392,4.517,4.8443,0.4395,0.1079,0.4211
1,positive_training,ADK,phq_8,PHQ8,full,RobustScaler,SVR,46,12,5,0.2814,5.3276,6.1337,0.3346,-0.4302,0.407
1,positive_training,ADK,phq_8,PHQ8,full,RobustScaler,KNN,46,12,5,0.2149,5.6,6.2684,0.2393,-0.4937,0.2175
1,positive_training,ADK,phq_8,PHQ8,full,RobustScaler,RF,46,12,5,0.162,4.838,5.4044,0.2025,-0.1103,0.4386
1,positive_training,ADK,phq_8,PHQ8,full,RobustScaler,ET,46,12,5,0.1218,5.1806,5.6741,0.1499,-0.2239,0.1789
1,positive_training,ADK,phq_8,PHQ8,full,RobustScaler,GB,46,12,5,-0.213,5.9348,6.6508,-0.248,-0.6815,-0.2211
1,positive_training,ADK,phq_8,PHQ8,full,RobustScaler,XGB,46,12,5,0.1133,5.3336,5.8675,0.1272,-0.3088,0.2
1,positive_training,ADK,phq_8,PHQ8,full,RobustScaler,MLP,46,12,5,0.1585,5.6147,6.0349,0.1719,-0.3845,0.2772
1,positive_training,ADK,phq_8,PHQ8,full,RobustScaler,LGBM,46,12,5,0.394,4.2413,4.8179,0.4336,0.1176,0.4389
1,positive_training,ADK,phq_8,PHQ8,full,RobustScaler,CatBoost,46,12,5,0.0159,5.6022,6.1343,0.0195,-0.4305,0.1368
2,positive_training,ADK,phq_8,PHQ8,full,StandardScaler,Ridge,46,12,10,0.1095,7.3329,8.4466,0.1163,-1.2973,0.0106
2,positive_training,ADK,phq_8,PHQ8,full,StandardScaler,Lasso,46,12,10,0.1118,7.4688,8.6153,0.1193,-1.39,0.0106
2,positive_training,ADK,phq_8,PHQ8,full,StandardScaler,ElasticNet,46,12,10,0.1117,7.419,8.5639,0.1192,-1.3616,0.0106
2,positive_training,ADK,phq_8,PHQ8,full,StandardScaler,SVR,46,12,10,0.1624,4.9439,6.084,0.1898,-0.1919,0.0352
2,positive_training,ADK,phq_8,PHQ8,full,StandardScaler,KNN,46,12,10,0.3194,4.9444,6.1101,0.3227,-0.2021,0.2254
2,positive_training,ADK,phq_8,PHQ8,full,StandardScaler,RF,46,12,10,-0.0685,6.3758,7.1442,-0.0719,-0.6435,-0.0282
2,positive_training,ADK,phq_8,PHQ8,full,StandardScaler,ET,46,12,10,0.0163,6.2158,6.8456,0.0171,-0.509,-0.0176
2,positive_training,ADK,phq_8,PHQ8,full,StandardScaler,GB,46,12,10,-0.1813,7.3268,8.0759,-0.1848,-1.1001,-0.2218
2,positive_training,ADK,phq_8,PHQ8,full,StandardScaler,XGB,46,12,10,-0.142,6.7206,7.3998,-0.15,-0.7632,-0.0845
2,positive_training,ADK,phq_8,PHQ8,full,StandardScaler,MLP,46,12,10,0.0505,6.7764,7.5467,0.052,-0.8339,-0.0916
2,positive_training,ADK,phq_8,PHQ8,full,StandardScaler,LGBM,46,12,10,-0.2535,6.1956,7.5158,-0.2746,-0.8189,-0.383
2,positive_training,ADK,phq_8,PHQ8,full,StandardScaler,CatBoost,46,12,10,-0.0598,6.4225,7.3283,-0.0615,-0.7293,0.0106
2,positive_training,ADK,phq_8,PHQ8,full,MinMaxScaler,Ridge,46,12,5,0.0189,6.5786,7.2499,0.0199,-0.6925,-0.0775
2,positive_training,ADK,phq_8,PHQ8,full,MinMaxScaler,Lasso,46,12,5,0.0223,6.7914,7.5176,0.0233,-0.8198,-0.0528
2,positive_training,ADK,phq_8,PHQ8,full,MinMaxScaler,ElasticNet,46,12,5,0.0127,7.0204,7.8087,0.0132,-0.9635,-0.0528
2,positive_training,ADK,phq_8,PHQ8,full,MinMaxScaler,SVR,46,12,5,0.009,8.035,9.0106,0.0099,-1.6144,-0.0634
2,positive_training,ADK,phq_8,PHQ8,full,MinMaxScaler,KNN,46,12,5,0.1739,5.1944,6.1501,0.1893,-0.2179,0.1383
2,positive_training,ADK,phq_8,PHQ8,full,MinMaxScaler,RF,46,12,5,-0.0064,5.9867,7.2677,-0.0066,-0.7008,-0.0845
2,positive_training,ADK,phq_8,PHQ8,full,MinMaxScaler,ET,46,12,5,0.0255,6.1196,6.8209,0.0276,-0.4981,0.0563
2,positive_training,ADK,phq_8,PHQ8,full,MinMaxScaler,GB,46,12,5,-0.0141,6.698,7.7441,-0.0142,-0.9311,-0.1373
2,positive_training,ADK,phq_8,PHQ8,full,MinMaxScaler,XGB,46,12,5,-0.0206,6.1927,7.4049,-0.0213,-0.7656,-0.1479
2,positive_training,ADK,phq_8,PHQ8,full,MinMaxScaler,MLP,46,12,5,0.0238,7.0101,7.9016,0.0243,-1.0104,-0.0634
2,positive_training,ADK,phq_8,PHQ8,full,MinMaxScaler,LGBM,46,12,5,-0.3681,6.6652,8.0028,-0.3926,-1.0623,-0.4823
2,positive_training,ADK,phq_8,PHQ8,full,MinMaxScaler,CatBoost,46,12,5,-0.0473,6.2112,7.3284,-0.0491,-0.7293,-0.1197
2,positive_training,ADK,phq_8,PHQ8,full,RobustScaler,Ridge,46,12,10,0.1131,7.274,8.3888,0.1195,-1.266,0.0106
2,positive_training,ADK,phq_8,PHQ8,full,RobustScaler,Lasso,46,12,10,0.1123,7.4638,8.6119,0.1198,-1.3881,0.0106
2,positive_training,ADK,phq_8,PHQ8,full,RobustScaler,ElasticNet,46,12,10,0.1131,7.3965,8.5399,0.1203,-1.3484,0.0106
2,positive_training,ADK,phq_8,PHQ8,full,RobustScaler,SVR,46,12,10,0.1583,5.0386,6.0631,0.1836,-0.1837,0.1127
2,positive_training,ADK,phq_8,PHQ8,full,RobustScaler,KNN,46,12,10,0.2173,5.7222,7.0632,0.2174,-0.6064,0.1464
2,positive_training,ADK,phq_8,PHQ8,full,RobustScaler,RF,46,12,10,-0.0685,6.3758,7.1442,-0.0719,-0.6435,-0.0282
2,positive_training,ADK,phq_8,PHQ8,full,RobustScaler,ET,46,12,10,0.0163,6.2158,6.8456,0.0171,-0.509,-0.0176
2,positive_training,ADK,phq_8,PHQ8,full,RobustScaler,GB,46,12,10,-0.1813,7.3268,8.0759,-0.1848,-1.1001,-0.2218
2,positive_training,ADK,phq_8,PHQ8,full,RobustScaler,XGB,46,12,10,-0.142,6.7206,7.3998,-0.15,-0.7632,-0.0845
2,positive_training,ADK,phq_8,PHQ8,full,RobustScaler,MLP,46,12,10,-0.0394,7.003,8.0908,-0.0401,-1.1079,-0.2324
2,positive_training,ADK,phq_8,PHQ8,full,RobustScaler,LGBM,46,12,10,-0.2038,6.1949,7.4057,-0.2192,-0.766,-0.3766
2,positive_training,ADK,phq_8,PHQ8,full,RobustScaler,CatBoost,46,12,10,-0.0598,6.4225,7.3283,-0.0615,-0.7293,0.0106
3,positive_training,ADK,phq_8,PHQ8,full,StandardScaler,Ridge,46,12,5,0.128,5.6178,6.5086,0.3137,0.0839,0.1439
3,positive_training,ADK,phq_8,PHQ8,full,StandardScaler,Lasso,46,12,5,0.1169,5.6436,6.5442,0.2932,0.0739,0.0842
3,positive_training,ADK,phq_8,PHQ8,full,StandardScaler,ElasticNet,46,12,5,0.1018,5.6761,6.5923,0.2624,0.0602,0.1298
3,positive_training,ADK,phq_8,PHQ8,full,StandardScaler,SVR,46,12,5,-0.0279,6.0266,7.1694,-0.0603,-0.1115,-0.2526
3,positive_training,ADK,phq_8,PHQ8,full,StandardScaler,KNN,46,12,5,-0.1904,6.8667,7.8715,-0.5631,-0.3399,-0.4455
3,positive_training,ADK,phq_8,PHQ8,full,StandardScaler,RF,46,12,5,-0.1617,6.5613,7.7205,-0.3451,-0.289,-0.4667
3,positive_training,ADK,phq_8,PHQ8,full,StandardScaler,ET,46,12,5,0.1082,6.0108,7.1553,0.157,-0.1071,-0.0702
3,positive_training,ADK,phq_8,PHQ8,full,StandardScaler,GB,46,12,5,-0.1454,6.8604,7.9861,-0.228,-0.3792,-0.3023
3,positive_training,ADK,phq_8,PHQ8,full,StandardScaler,XGB,46,12,5,-0.1707,6.6302,8.0223,-0.2971,-0.3917,-0.246
3,positive_training,ADK,phq_8,PHQ8,full,StandardScaler,MLP,46,12,5,0.0205,5.881,6.9127,0.0756,-0.0334,-0.014
3,positive_training,ADK,phq_8,PHQ8,full,StandardScaler,LGBM,46,12,5,-0.1129,6.604,7.7051,-0.1742,-0.2838,-0.2651
3,positive_training,ADK,phq_8,PHQ8,full,StandardScaler,CatBoost,46,12,5,-0.0036,6.1629,7.3394,-0.007,-0.1649,0.0175
3,positive_training,ADK,phq_8,PHQ8,full,MinMaxScaler,Ridge,46,12,5,0.115,5.6227,6.5202,0.3044,0.0807,0.1088
3,positive_training,ADK,phq_8,PHQ8,full,MinMaxScaler,Lasso,46,12,5,0.1134,5.6265,6.5221,0.3051,0.0801,0.1228
3,positive_training,ADK,phq_8,PHQ8,full,MinMaxScaler,ElasticNet,46,12,5,0.1134,5.6348,6.5201,0.307,0.0807,0.1228
3,positive_training,ADK,phq_8,PHQ8,full,MinMaxScaler,SVR,46,12,5,0.1268,5.8085,6.6988,0.262,0.0296,0.0982
3,positive_training,ADK,phq_8,PHQ8,full,MinMaxScaler,KNN,46,12,5,0.3296,5.3889,6.1267,0.4403,0.1883,0.3286
3,positive_training,ADK,phq_8,PHQ8,full,MinMaxScaler,RF,46,12,5,0.0606,6.0885,6.7459,0.1511,0.0159,0.2175
3,positive_training,ADK,phq_8,PHQ8,full,MinMaxScaler,ET,46,12,5,0.1959,5.459,6.3275,0.3911,0.1342,0.2702
3,positive_training,ADK,phq_8,PHQ8,full,MinMaxScaler,GB,46,12,5,0.1432,5.6209,6.4943,0.3026,0.0879,0.0737
3,positive_training,ADK,phq_8,PHQ8,full,MinMaxScaler,XGB,46,12,5,0.1059,5.8065,6.7554,0.1949,0.0132,0.1037
3,positive_training,ADK,phq_8,PHQ8,full,MinMaxScaler,MLP,46,12,5,0.1071,5.6969,6.5285,0.309,0.0783,0.1228
3,positive_training,ADK,phq_8,PHQ8,full,MinMaxScaler,LGBM,46,12,5,0.0242,6.2596,7.1643,0.043,-0.11,0.0147
3,positive_training,ADK,phq_8,PHQ8,full,MinMaxScaler,CatBoost,46,12,5,0.1077,5.6815,6.5433,0.3658,0.0741,0.1965
3,positive_training,ADK,phq_8,PHQ8,full,RobustScaler,Ridge,46,12,10,0.148,5.4885,6.4578,0.3384,0.0982,0.3298
3,positive_training,ADK,phq_8,PHQ8,full,RobustScaler,Lasso,46,12,10,0.1372,5.5013,6.4672,0.3401,0.0955,0.3333
3,positive_training,ADK,phq_8,PHQ8,full,RobustScaler,ElasticNet,46,12,10,0.1261,5.535,6.4898,0.3306,0.0892,0.3333
3,positive_training,ADK,phq_8,PHQ8,full,RobustScaler,SVR,46,12,10,0.0391,5.8789,6.8716,0.0951,-0.0211,0.0421
3,positive_training,ADK,phq_8,PHQ8,full,RobustScaler,KNN,46,12,10,-0.0277,6.2778,7.2828,-0.06,-0.147,-0.1828
3,positive_training,ADK,phq_8,PHQ8,full,RobustScaler,RF,46,12,10,-0.1313,6.7628,7.5718,-0.2683,-0.2398,-0.3509
3,positive_training,ADK,phq_8,PHQ8,full,RobustScaler,ET,46,12,10,0.0889,6.0029,7.1339,0.1392,-0.1005,0.1018
3,positive_training,ADK,phq_8,PHQ8,full,RobustScaler,GB,46,12,10,-0.1166,6.9607,8.1638,-0.1661,-0.4413,-0.1333
3,positive_training,ADK,phq_8,PHQ8,full,RobustScaler,XGB,46,12,10,-0.2062,7.2063,8.3735,-0.2628,-0.5162,-0.2667
3,positive_training,ADK,phq_8,PHQ8,full,RobustScaler,MLP,46,12,10,0.1175,5.7723,6.5747,0.268,0.0652,0.3263
3,positive_training,ADK,phq_8,PHQ8,full,RobustScaler,LGBM,46,12,10,-0.0542,6.2255,7.1079,-0.1642,-0.0926,-0.2624
3,positive_training,ADK,phq_8,PHQ8,full,RobustScaler,CatBoost,46,12,10,0.0284,6.0319,7.0043,0.0676,-0.0609,-0.1123
4,positive_training,ADK,phq_8,PHQ8,full,StandardScaler,Ridge,47,11,10,0.1152,6.5279,7.7564,0.1245,-0.9299,-0.0685
4,positive_training,ADK,phq_8,PHQ8,full,StandardScaler,Lasso,47,11,10,0.0925,6.219,7.3172,0.1018,-0.7175,-0.0685
4,positive_training,ADK,phq_8,PHQ8,full,StandardScaler,ElasticNet,47,11,10,0.055,5.9134,6.9422,0.0635,-0.546,-0.1233
4,positive_training,ADK,phq_8,PHQ8,full,StandardScaler,SVR,47,11,10,-0.2079,6.2681,7.6627,-0.2406,-0.8835,-0.2009
4,positive_training,ADK,phq_8,PHQ8,full,StandardScaler,KNN,47,11,10,-0.3717,6.8081,7.7155,-0.4219,-0.9096,-0.3516
4,positive_training,ADK,phq_8,PHQ8,full,StandardScaler,RF,47,11,10,-0.19,5.747,7.0053,-0.2475,-0.5742,-0.3014
4,positive_training,ADK,phq_8,PHQ8,full,StandardScaler,ET,47,11,10,-0.2881,6.0891,7.3687,-0.3611,-0.7418,-0.4966
4,positive_training,ADK,phq_8,PHQ8,full,StandardScaler,GB,47,11,10,-0.089,5.3978,7.2483,-0.1092,-0.6853,-0.1142
4,positive_training,ADK,phq_8,PHQ8,full,StandardScaler,XGB,47,11,10,-0.2852,7.207,8.8888,-0.3021,-1.5345,-0.4384
4,positive_training,ADK,phq_8,PHQ8,full,StandardScaler,MLP,47,11,10,0.0319,6.7675,8.5629,0.0352,-1.3521,0.0091
4,positive_training,ADK,phq_8,PHQ8,full,StandardScaler,LGBM,47,11,10,-0.285,6.166,7.7701,-0.3475,-0.9367,-0.3135
4,positive_training,ADK,phq_8,PHQ8,full,StandardScaler,CatBoost,47,11,10,-0.173,5.4702,7.0663,-0.2172,-0.6018,-0.2466
4,positive_training,ADK,phq_8,PHQ8,full,MinMaxScaler,Ridge,47,11,5,0.1208,5.1947,6.4634,0.1384,-0.3401,-0.1233
4,positive_training,ADK,phq_8,PHQ8,full,MinMaxScaler,Lasso,47,11,5,-0.061,5.4072,6.4209,-0.0944,-0.3225,-0.2466
4,positive_training,ADK,phq_8,PHQ8,full,MinMaxScaler,ElasticNet,47,11,5,0.0805,4.9729,6.2675,0.1015,-0.2601,-0.1233
4,positive_training,ADK,phq_8,PHQ8,full,MinMaxScaler,SVR,47,11,5,0.0364,4.9965,6.217,0.0472,-0.2399,-0.1279
4,positive_training,ADK,phq_8,PHQ8,full,MinMaxScaler,KNN,47,11,5,-0.2393,5.7013,7.1344,-0.2851,-0.6328,-0.1121
4,positive_training,ADK,phq_8,PHQ8,full,MinMaxScaler,RF,47,11,5,-0.2486,5.6126,6.9249,-0.3482,-0.5383,-0.2648
4,positive_training,ADK,phq_8,PHQ8,full,MinMaxScaler,ET,47,11,5,-0.1456,5.1871,6.5896,-0.2272,-0.3929,-0.2603
4,positive_training,ADK,phq_8,PHQ8,full,MinMaxScaler,GB,47,11,5,-0.3229,6.8204,8.6163,-0.3387,-1.3815,-0.2785
4,positive_training,ADK,phq_8,PHQ8,full,MinMaxScaler,XGB,47,11,5,-0.4103,7.045,8.8253,-0.4653,-1.4985,-0.5662
4,positive_training,ADK,phq_8,PHQ8,full,MinMaxScaler,MLP,47,11,5,-0.1006,5.4848,6.3913,-0.1452,-0.3104,-0.2009
4,positive_training,ADK,phq_8,PHQ8,full,MinMaxScaler,LGBM,47,11,5,-0.0683,5.1876,6.4646,-0.0949,-0.3406,-0.0851
4,positive_training,ADK,phq_8,PHQ8,full,MinMaxScaler,CatBoost,47,11,5,-0.2558,6.0074,7.438,-0.3145,-0.7747,-0.3562
4,positive_training,ADK,phq_8,PHQ8,full,RobustScaler,Ridge,47,11,5,-0.0919,5.2383,6.5105,-0.1298,-0.3597,-0.3379
4,positive_training,ADK,phq_8,PHQ8,full,RobustScaler,Lasso,47,11,5,-0.1058,5.3086,6.549,-0.1528,-0.3758,-0.3288
4,positive_training,ADK,phq_8,PHQ8,full,RobustScaler,ElasticNet,47,11,5,-0.1076,5.3394,6.533,-0.1594,-0.3691,-0.3288
4,positive_training,ADK,phq_8,PHQ8,full,RobustScaler,SVR,47,11,5,-0.2919,6.1637,7.4312,-0.3916,-0.7715,-0.5114
4,positive_training,ADK,phq_8,PHQ8,full,RobustScaler,KNN,47,11,5,-0.2444,6.6364,7.9537,-0.2678,-1.0293,-0.2288
4,positive_training,ADK,phq_8,PHQ8,full,RobustScaler,RF,47,11,5,-0.2014,5.9389,7.0407,-0.2848,-0.5902,-0.2511
4,positive_training,ADK,phq_8,PHQ8,full,RobustScaler,ET,47,11,5,-0.3394,6.4045,7.6585,-0.4485,-0.8815,-0.4886
4,positive_training,ADK,phq_8,PHQ8,full,RobustScaler,GB,47,11,5,-0.2675,6.7035,8.0972,-0.4047,-1.1032,-0.4338
4,positive_training,ADK,phq_8,PHQ8,full,RobustScaler,XGB,47,11,5,-0.2152,6.2413,7.8524,-0.2739,-0.978,-0.2329
4,positive_training,ADK,phq_8,PHQ8,full,RobustScaler,MLP,47,11,5,-0.2507,6.0506,7.2879,-0.3113,-0.7038,-0.4384
4,positive_training,ADK,phq_8,PHQ8,full,RobustScaler,LGBM,47,11,5,-0.317,5.861,7.5597,-0.395,-0.8333,-0.3455
4,positive_training,ADK,phq_8,PHQ8,full,RobustScaler,CatBoost,47,11,5,-0.3738,6.7207,8.2303,-0.4619,-1.1729,-0.2694
5,positive_training,ADK,phq_8,PHQ8,full,StandardScaler,Ridge,47,11,5,-0.3429,8.5688,10.0597,-0.3759,-0.9193,-0.3872
5,positive_training,ADK,phq_8,PHQ8,full,StandardScaler,Lasso,47,11,5,-0.3422,8.5586,10.0477,-0.3755,-0.9147,-0.3872
5,positive_training,ADK,phq_8,PHQ8,full,StandardScaler,ElasticNet,47,11,5,-0.3405,8.5468,10.0361,-0.374,-0.9103,-0.3872
5,positive_training,ADK,phq_8,PHQ8,full,StandardScaler,SVR,47,11,5,-0.1379,7.1995,8.2448,-0.2157,-0.2892,-0.2551
5,positive_training,ADK,phq_8,PHQ8,full,StandardScaler,KNN,47,11,5,-0.1432,7.0909,8.481,-0.1946,-0.3642,-0.3052
5,positive_training,ADK,phq_8,PHQ8,full,StandardScaler,RF,47,11,5,-0.0733,7.2318,7.8579,-0.1353,-0.1711,-0.1458
5,positive_training,ADK,phq_8,PHQ8,full,StandardScaler,ET,47,11,5,-0.0952,7.1855,8.0797,-0.149,-0.2381,-0.0957
5,positive_training,ADK,phq_8,PHQ8,full,StandardScaler,GB,47,11,5,0.1393,6.5441,7.5836,0.1711,-0.0907,0.1002
5,positive_training,ADK,phq_8,PHQ8,full,StandardScaler,XGB,47,11,5,0.1347,6.5991,7.4939,0.1774,-0.0651,0.0866
5,positive_training,ADK,phq_8,PHQ8,full,StandardScaler,MLP,47,11,5,-0.2547,7.9548,9.021,-0.3297,-0.5434,-0.2733
5,positive_training,ADK,phq_8,PHQ8,full,StandardScaler,LGBM,47,11,5,-0.225,7.3759,8.2327,-0.5398,-0.2854,-0.4302
5,positive_training,ADK,phq_8,PHQ8,full,StandardScaler,CatBoost,47,11,5,0.0392,7.024,7.6792,0.0605,-0.1184,-0.0137
5,positive_training,ADK,phq_8,PHQ8,full,MinMaxScaler,Ridge,47,11,10,-0.2924,8.4596,9.8686,-0.321,-0.847,-0.4374
5,positive_training,ADK,phq_8,PHQ8,full,MinMaxScaler,Lasso,47,11,10,-0.314,8.4961,9.908,-0.3466,-0.8618,-0.4374
5,positive_training,ADK,phq_8,PHQ8,full,MinMaxScaler,ElasticNet,47,11,10,-0.2243,8.2015,9.5574,-0.2481,-0.7324,-0.369
5,positive_training,ADK,phq_8,PHQ8,full,MinMaxScaler,SVR,47,11,10,-0.1634,6.966,8.496,-0.2346,-0.369,-0.2506
5,positive_training,ADK,phq_8,PHQ8,full,MinMaxScaler,KNN,47,11,10,0.0869,6.5455,7.8189,0.1063,-0.1595,0.135
5,positive_training,ADK,phq_8,PHQ8,full,MinMaxScaler,RF,47,11,10,-0.1248,7.2654,7.9879,-0.2463,-0.2101,-0.2141
5,positive_training,ADK,phq_8,PHQ8,full,MinMaxScaler,ET,47,11,10,-0.0257,6.9082,7.8677,-0.0388,-0.174,0.0547
5,positive_training,ADK,phq_8,PHQ8,full,MinMaxScaler,GB,47,11,10,-0.0107,7.5736,8.313,-0.0133,-0.3106,-0.0774
5,positive_training,ADK,phq_8,PHQ8,full,MinMaxScaler,XGB,47,11,10,-0.0853,7.9908,8.7443,-0.1089,-0.4502,-0.1276
5,positive_training,ADK,phq_8,PHQ8,full,MinMaxScaler,MLP,47,11,10,-0.2858,8.1897,9.5868,-0.3264,-0.7431,-0.4055
5,positive_training,ADK,phq_8,PHQ8,full,MinMaxScaler,LGBM,47,11,10,-0.4076,8.1657,9.3298,-0.5784,-0.6509,-0.6119
5,positive_training,ADK,phq_8,PHQ8,full,MinMaxScaler,CatBoost,47,11,10,0.0055,7.5877,7.9775,0.0073,-0.207,0.0456
5,positive_training,ADK,phq_8,PHQ8,full,RobustScaler,Ridge,47,11,5,-0.2754,7.7941,9.2309,-0.3378,-0.616,-0.3872
5,positive_training,ADK,phq_8,PHQ8,full,RobustScaler,Lasso,47,11,5,-0.2811,8.24,9.6992,-0.3124,-0.7842,-0.3508
5,positive_training,ADK,phq_8,PHQ8,full,RobustScaler,ElasticNet,47,11,5,-0.278,7.9697,9.4668,-0.322,-0.6997,-0.3872
5,positive_training,ADK,phq_8,PHQ8,full,RobustScaler,SVR,47,11,5,-0.473,8.983,10.8845,-0.5128,-1.2469,-0.5923
5,positive_training,ADK,phq_8,PHQ8,full,RobustScaler,KNN,47,11,5,-0.2079,7.4141,8.5299,-0.3165,-0.3799,-0.3881
5,positive_training,ADK,phq_8,PHQ8,full,RobustScaler,RF,47,11,5,-0.1484,7.0786,8.198,-0.2557,-0.2746,-0.2415
5,positive_training,ADK,phq_8,PHQ8,full,RobustScaler,ET,47,11,5,-0.069,6.6818,7.9286,-0.1134,-0.1922,-0.0683
5,positive_training,ADK,phq_8,PHQ8,full,RobustScaler,GB,47,11,5,-0.2056,7.6144,9.1698,-0.252,-0.5947,-0.3098
5,positive_training,ADK,phq_8,PHQ8,full,RobustScaler,XGB,47,11,5,-0.0396,6.915,8.3482,-0.0514,-0.3217,-0.0866
5,positive_training,ADK,phq_8,PHQ8,full,RobustScaler,MLP,47,11,5,-0.1434,7.5706,8.5053,-0.1929,-0.372,-0.1822
5,positive_training,ADK,phq_8,PHQ8,full,RobustScaler,LGBM,47,11,5,-0.3309,7.7143,8.7883,-0.5743,-0.4648,-0.8421
5,positive_training,ADK,phq_8,PHQ8,full,RobustScaler,CatBoost,47,11,5,-0.1756,7.5117,8.5025,-0.2557,-0.3711,-0.164
1,positive_training,ADK,ads.1,CES-D,full,StandardScaler,Ridge,45,12,5,0.4117,8.8822,10.1912,0.4871,0.0827,0.5026
1,positive_training,ADK,ads.1,CES-D,full,StandardScaler,Lasso,45,12,5,0.427,8.7695,10.1765,0.4994,0.0853,0.5448
1,positive_training,ADK,ads.1,CES-D,full,StandardScaler,ElasticNet,45,12,5,0.3963,8.9572,10.1751,0.4758,0.0856,0.4675
1,positive_training,ADK,ads.1,CES-D,full,StandardScaler,SVR,45,12,5,0.4188,9.9399,11.2435,0.4728,-0.1165,0.3831
1,positive_training,ADK,ads.1,CES-D,full,StandardScaler,KNN,45,12,5,0.0532,12.3298,13.4498,0.0616,-0.5977,0.0598
1,positive_training,ADK,ads.1,CES-D,full,StandardScaler,RF,45,12,5,0.1768,9.5041,10.8615,0.2276,-0.042,0.2214
1,positive_training,ADK,ads.1,CES-D,full,StandardScaler,ET,45,12,5,0.2798,9.431,10.5842,0.3251,0.0106,0.1582
1,positive_training,ADK,ads.1,CES-D,full,StandardScaler,GB,45,12,5,0.2375,10.1645,11.1276,0.2725,-0.0936,0.3585
1,positive_training,ADK,ads.1,CES-D,full,StandardScaler,XGB,45,12,5,0.2404,9.8235,11.1642,0.2639,-0.1008,0.2742
1,positive_training,ADK,ads.1,CES-D,full,StandardScaler,MLP,45,12,5,0.145,10.4865,12.0442,0.1642,-0.2812,0.123
1,positive_training,ADK,ads.1,CES-D,full,StandardScaler,LGBM,45,12,5,0.1435,10.5403,11.586,0.1662,-0.1856,0.159
1,positive_training,ADK,ads.1,CES-D,full,StandardScaler,CatBoost,45,12,5,0.3207,9.7006,10.3961,0.3721,0.0454,0.3339
1,positive_training,ADK,ads.1,CES-D,full,MinMaxScaler,Ridge,45,12,5,0.2807,9.5878,10.4979,0.4071,0.0266,0.4007
1,positive_training,ADK,ads.1,CES-D,full,MinMaxScaler,Lasso,45,12,5,0.2652,9.5591,10.4685,0.3919,0.0321,0.3163
1,positive_training,ADK,ads.1,CES-D,full,MinMaxScaler,ElasticNet,45,12,5,0.2797,9.5859,10.4945,0.4062,0.0273,0.4007
1,positive_training,ADK,ads.1,CES-D,full,MinMaxScaler,SVR,45,12,5,0.3153,10.1582,11.1281,0.4757,-0.0937,0.4499
1,positive_training,ADK,ads.1,CES-D,full,MinMaxScaler,KNN,45,12,5,0.1642,10.952,11.7065,0.2148,-0.2104,0.1532
1,positive_training,ADK,ads.1,CES-D,full,MinMaxScaler,RF,45,12,5,0.2041,10.5183,11.5359,0.2866,-0.1754,0.2671
1,positive_training,ADK,ads.1,CES-D,full,MinMaxScaler,ET,45,12,5,0.2237,9.8671,10.8172,0.3346,-0.0335,0.341
1,positive_training,ADK,ads.1,CES-D,full,MinMaxScaler,GB,45,12,5,0.0788,13.0108,14.4116,0.0964,-0.8344,-0.1371
1,positive_training,ADK,ads.1,CES-D,full,MinMaxScaler,XGB,45,12,5,-0.0563,14.2204,15.738,-0.0645,-1.1876,-0.0492
1,positive_training,ADK,ads.1,CES-D,full,MinMaxScaler,MLP,45,12,5,0.343,9.1925,10.2068,0.4902,0.0799,0.5378
1,positive_training,ADK,ads.1,CES-D,full,MinMaxScaler,LGBM,45,12,5,0.1822,10.8416,11.5707,0.2433,-0.1825,0.3404
1,positive_training,ADK,ads.1,CES-D,full,MinMaxScaler,CatBoost,45,12,5,0.2805,10.6185,11.3333,0.3833,-0.1344,0.4253
1,positive_training,ADK,ads.1,CES-D,full,RobustScaler,Ridge,45,12,5,0.389,8.9912,10.2235,0.4658,0.0769,0.4675
1,positive_training,ADK,ads.1,CES-D,full,RobustScaler,Lasso,45,12,5,0.419,8.8128,10.1768,0.4922,0.0853,0.5448
1,positive_training,ADK,ads.1,CES-D,full,RobustScaler,ElasticNet,45,12,5,0.4255,8.7869,10.2127,0.4961,0.0788,0.5448
1,positive_training,ADK,ads.1,CES-D,full,RobustScaler,SVR,45,12,5,0.3775,9.5184,10.6734,0.4414,-0.0062,0.2917
1,positive_training,ADK,ads.1,CES-D,full,RobustScaler,KNN,45,12,5,0.0439,12.0798,13.9516,0.0484,-0.7192,0.0844
1,positive_training,ADK,ads.1,CES-D,full,RobustScaler,RF,45,12,5,0.1768,9.5041,10.8615,0.2276,-0.042,0.2214
1,positive_training,ADK,ads.1,CES-D,full,RobustScaler,ET,45,12,5,0.2798,9.431,10.5842,0.3251,0.0106,0.1582
1,positive_training,ADK,ads.1,CES-D,full,RobustScaler,GB,45,12,5,0.2375,10.1645,11.1276,0.2725,-0.0936,0.3585
1,positive_training,ADK,ads.1,CES-D,full,RobustScaler,XGB,45,12,5,0.2404,9.8235,11.1642,0.2639,-0.1008,0.2742
1,positive_training,ADK,ads.1,CES-D,full,RobustScaler,MLP,45,12,5,0.2273,9.9902,11.2029,0.2572,-0.1085,0.1336
1,positive_training,ADK,ads.1,CES-D,full,RobustScaler,LGBM,45,12,5,0.123,10.3357,11.6797,0.14,-0.2048,0.0534
1,positive_training,ADK,ads.1,CES-D,full,RobustScaler,CatBoost,45,12,5,0.3207,9.7006,10.3961,0.3721,0.0454,0.3339
2,positive_training,ADK,ads.1,CES-D,full,StandardScaler,Ridge,45,12,5,0.0318,11.504,12.3761,0.0374,-0.3922,0.193
2,positive_training,ADK,ads.1,CES-D,full,StandardScaler,Lasso,45,12,5,0.0163,11.0805,11.7807,0.0212,-0.2614,0.1053
2,positive_training,ADK,ads.1,CES-D,full,StandardScaler,ElasticNet,45,12,5,0.0249,11.4062,12.2166,0.03,-0.3565,0.1509
2,positive_training,ADK,ads.1,CES-D,full,StandardScaler,SVR,45,12,5,0.0923,11.7791,14.3229,0.0954,-0.8646,0.1719
2,positive_training,ADK,ads.1,CES-D,full,StandardScaler,KNN,45,12,5,-0.0293,12.1071,13.3821,-0.0333,-0.6277,0.1158
2,positive_training,ADK,ads.1,CES-D,full,StandardScaler,RF,45,12,5,0.1097,11.4561,12.4004,0.1303,-0.3976,0.1965
2,positive_training,ADK,ads.1,CES-D,full,StandardScaler,ET,45,12,5,-0.1176,13.2893,14.4459,-0.1424,-0.8968,0.0351
2,positive_training,ADK,ads.1,CES-D,full,StandardScaler,GB,45,12,5,-0.0219,12.9705,14.575,-0.0225,-0.9308,0.007
2,positive_training,ADK,ads.1,CES-D,full,StandardScaler,XGB,45,12,5,-0.11,13.3867,14.9672,-0.1139,-1.0361,-0.0316
2,positive_training,ADK,ads.1,CES-D,full,StandardScaler,MLP,45,12,5,0.0942,11.0238,12.2007,0.1259,-0.353,0.1263
2,positive_training,ADK,ads.1,CES-D,full,StandardScaler,LGBM,45,12,5,-0.133,11.5738,13.4381,-0.1446,-0.6413,-0.0531
2,positive_training,ADK,ads.1,CES-D,full,StandardScaler,CatBoost,45,12,5,0.0076,12.4599,13.667,0.0085,-0.6977,0.1404
2,positive_training,ADK,ads.1,CES-D,full,MinMaxScaler,Ridge,45,12,5,0.1895,10.0572,10.9812,0.2211,-0.096,0.2807
2,positive_training,ADK,ads.1,CES-D,full,MinMaxScaler,Lasso,45,12,5,0.253,10.5643,11.6011,0.2631,-0.2233,0.2702
2,positive_training,ADK,ads.1,CES-D,full,MinMaxScaler,ElasticNet,45,12,5,0.175,10.1214,10.9148,0.2114,-0.0828,0.2281
2,positive_training,ADK,ads.1,CES-D,full,MinMaxScaler,SVR,45,12,5,0.0919,11.5938,13.123,0.0951,-0.5653,0.0772
2,positive_training,ADK,ads.1,CES-D,full,MinMaxScaler,KNN,45,12,5,0.1566,10.3929,11.588,0.1728,-0.2205,0.2947
2,positive_training,ADK,ads.1,CES-D,full,MinMaxScaler,RF,45,12,5,0.2368,10.0154,10.8237,0.2702,-0.0648,0.386
2,positive_training,ADK,ads.1,CES-D,full,MinMaxScaler,ET,45,12,5,0.1133,11.1137,12.0882,0.1273,-0.3282,0.214
2,positive_training,ADK,ads.1,CES-D,full,MinMaxScaler,GB,45,12,5,0.1039,11.4758,13.0803,0.1174,-0.5551,0.1263
2,positive_training,ADK,ads.1,CES-D,full,MinMaxScaler,XGB,45,12,5,0.1654,11.288,14.2882,0.172,-0.8556,0.1158
2,positive_training,ADK,ads.1,CES-D,full,MinMaxScaler,MLP,45,12,5,0.1622,10.3027,11.328,0.182,-0.1664,0.2281
2,positive_training,ADK,ads.1,CES-D,full,MinMaxScaler,LGBM,45,12,5,-0.0526,11.7713,12.6619,-0.0594,-0.4572,-0.0318
2,positive_training,ADK,ads.1,CES-D,full,MinMaxScaler,CatBoost,45,12,5,0.2436,10.3693,11.6366,0.2754,-0.2308,0.3439
2,positive_training,ADK,ads.1,CES-D,full,RobustScaler,Ridge,45,12,5,0.0142,11.4187,12.0608,0.0175,-0.3221,0.0842
2,positive_training,ADK,ads.1,CES-D,full,RobustScaler,Lasso,45,12,5,0.0141,11.721,12.6193,0.0159,-0.4474,0.0842
2,positive_training,ADK,ads.1,CES-D,full,RobustScaler,ElasticNet,45,12,5,0.0145,11.5828,12.3609,0.017,-0.3888,0.0842
2,positive_training,ADK,ads.1,CES-D,full,RobustScaler,SVR,45,12,5,0.0457,12.416,14.3659,0.0468,-0.8758,0.1825
2,positive_training,ADK,ads.1,CES-D,full,RobustScaler,KNN,45,12,5,-0.0044,12.0098,13.5439,-0.0048,-0.6673,0.0316
2,positive_training,ADK,ads.1,CES-D,full,RobustScaler,RF,45,12,5,0.1245,11.5007,12.5603,0.1414,-0.4339,0.2
2,positive_training,ADK,ads.1,CES-D,full,RobustScaler,ET,45,12,5,-0.061,13.1524,14.7997,-0.0651,-0.9908,0.186
2,positive_training,ADK,ads.1,CES-D,full,RobustScaler,GB,45,12,5,-0.112,13.2097,15.6725,-0.1133,-1.2325,-0.0491
2,positive_training,ADK,ads.1,CES-D,full,RobustScaler,XGB,45,12,5,-0.0574,13.3053,15.1241,-0.0627,-1.079,0.0035
2,positive_training,ADK,ads.1,CES-D,full,RobustScaler,MLP,45,12,5,0.0239,11.8447,12.798,0.0291,-0.4887,0.0561
2,positive_training,ADK,ads.1,CES-D,full,RobustScaler,LGBM,45,12,5,-0.032,11.8649,13.2683,-0.0357,-0.6001,0.0265
2,positive_training,ADK,ads.1,CES-D,full,RobustScaler,CatBoost,45,12,5,0.08,11.9804,13.1247,0.0908,-0.5657,0.2211
3,positive_training,ADK,ads.1,CES-D,full,StandardScaler,Ridge,46,11,5,0.1673,11.4824,13.7286,0.3356,0.0681,0.0909
3,positive_training,ADK,ads.1,CES-D,full,StandardScaler,Lasso,46,11,5,0.1698,11.5522,13.7553,0.3064,0.0645,0.1
3,positive_training,ADK,ads.1,CES-D,full,StandardScaler,ElasticNet,46,11,5,0.1602,11.4432,13.7478,0.3678,0.0655,0.2636
3,positive_training,ADK,ads.1,CES-D,full,StandardScaler,SVR,46,11,5,0.1915,11.0556,14.7084,0.2931,-0.0697,0.1818
3,positive_training,ADK,ads.1,CES-D,full,StandardScaler,KNN,46,11,5,0.0481,12.2475,15.2706,0.0903,-0.153,0.0091
3,positive_training,ADK,ads.1,CES-D,full,StandardScaler,RF,46,11,5,0.1427,11.7154,14.117,0.269,0.0146,0.1364
3,positive_training,ADK,ads.1,CES-D,full,StandardScaler,ET,46,11,5,0.1601,11.2917,14.4407,0.3288,-0.0311,0.3
3,positive_training,ADK,ads.1,CES-D,full,StandardScaler,GB,46,11,5,0.127,13.0277,15.7068,0.1487,-0.2198,0.1455
3,positive_training,ADK,ads.1,CES-D,full,StandardScaler,XGB,46,11,5,0.0616,13.7119,16.3315,0.0784,-0.3188,-0.0818
3,positive_training,ADK,ads.1,CES-D,full,StandardScaler,MLP,46,11,5,0.1115,11.2535,15.8799,0.1983,-0.2468,-0.0091
3,positive_training,ADK,ads.1,CES-D,full,StandardScaler,LGBM,46,11,5,-0.0548,13.6749,16.5551,-0.0901,-0.3551,0.0185
3,positive_training,ADK,ads.1,CES-D,full,StandardScaler,CatBoost,46,11,5,0.0995,12.0042,14.5524,0.1929,-0.0471,-0.0182
3,positive_training,ADK,ads.1,CES-D,full,MinMaxScaler,Ridge,46,11,10,0.1733,11.1978,13.5776,0.3378,0.0885,0.1636
3,positive_training,ADK,ads.1,CES-D,full,MinMaxScaler,Lasso,46,11,10,0.1983,10.9956,13.5571,0.3488,0.0912,0.2636
3,positive_training,ADK,ads.1,CES-D,full,MinMaxScaler,ElasticNet,46,11,10,0.1558,11.3654,13.6316,0.3344,0.0812,0.1364
3,positive_training,ADK,ads.1,CES-D,full,MinMaxScaler,SVR,46,11,10,0.1048,12.1966,14.7557,0.1584,-0.0766,0.1455
3,positive_training,ADK,ads.1,CES-D,full,MinMaxScaler,KNN,46,11,10,0.2685,10.2525,13.0753,0.5084,0.1547,0.4182
3,positive_training,ADK,ads.1,CES-D,full,MinMaxScaler,RF,46,11,10,0.2647,10.3411,12.975,0.4714,0.1676,0.4364
3,positive_training,ADK,ads.1,CES-D,full,MinMaxScaler,ET,46,11,10,0.2592,10.6787,13.2594,0.4235,0.1307,0.3818
3,positive_training,ADK,ads.1,CES-D,full,MinMaxScaler,GB,46,11,10,0.1636,12.5276,14.5304,0.2131,-0.0439,0.0182
3,positive_training,ADK,ads.1,CES-D,full,MinMaxScaler,XGB,46,11,10,0.226,12.5556,14.1433,0.2936,0.011,0.1182
3,positive_training,ADK,ads.1,CES-D,full,MinMaxScaler,MLP,46,11,10,0.2103,11.2214,13.818,0.3129,0.0559,0.1818
3,positive_training,ADK,ads.1,CES-D,full,MinMaxScaler,LGBM,46,11,10,0.1497,11.7244,14.3263,0.2423,-0.0148,0.2545
3,positive_training,ADK,ads.1,CES-D,full,MinMaxScaler,CatBoost,46,11,10,0.2618,10.4312,13.2334,0.4044,0.1341,0.2636
3,positive_training,ADK,ads.1,CES-D,full,RobustScaler,Ridge,46,11,5,0.171,11.4205,13.7011,0.35,0.0718,0.2273
3,positive_training,ADK,ads.1,CES-D,full,RobustScaler,Lasso,46,11,5,0.1678,11.4495,13.7203,0.3465,0.0692,0.1545
3,positive_training,ADK,ads.1,CES-D,full,RobustScaler,ElasticNet,46,11,5,0.1706,11.3374,13.6897,0.3831,0.0734,0.2909
3,positive_training,ADK,ads.1,CES-D,full,RobustScaler,SVR,46,11,5,0.4278,9.9095,13.3297,0.4953,0.1215,0.4909
3,positive_training,ADK,ads.1,CES-D,full,RobustScaler,KNN,46,11,5,0.1806,10.8729,13.9596,0.3796,0.0365,0.2551
3,positive_training,ADK,ads.1,CES-D,full,RobustScaler,RF,46,11,5,0.1427,11.7154,14.117,0.269,0.0146,0.1364
3,positive_training,ADK,ads.1,CES-D,full,RobustScaler,ET,46,11,5,0.1601,11.2917,14.4407,0.3288,-0.0311,0.3
3,positive_training,ADK,ads.1,CES-D,full,RobustScaler,GB,46,11,5,0.127,13.0277,15.7068,0.1487,-0.2198,0.1455
3,positive_training,ADK,ads.1,CES-D,full,RobustScaler,XGB,46,11,5,0.0616,13.7119,16.3315,0.0784,-0.3188,-0.0818
3,positive_training,ADK,ads.1,CES-D,full,RobustScaler,MLP,46,11,5,0.1319,11.623,16.4325,0.2348,-0.3351,0.0727
3,positive_training,ADK,ads.1,CES-D,full,RobustScaler,LGBM,46,11,5,-0.0493,13.6204,16.4913,-0.08,-0.3447,0.0185
3,positive_training,ADK,ads.1,CES-D,full,RobustScaler,CatBoost,46,11,5,0.0995,12.0042,14.5524,0.1929,-0.0471,-0.0182
4,positive_training,ADK,ads.1,CES-D,full,StandardScaler,Ridge,46,11,5,0.1696,9.1196,12.6564,0.1982,-0.6755,0.2364
4,positive_training,ADK,ads.1,CES-D,full,StandardScaler,Lasso,46,11,5,0.1697,9.0995,12.6029,0.1981,-0.6614,0.2364
4,positive_training,ADK,ads.1,CES-D,full,StandardScaler,ElasticNet,46,11,5,0.1695,9.0917,12.5793,0.1979,-0.6551,0.2364
4,positive_training,ADK,ads.1,CES-D,full,StandardScaler,SVR,46,11,5,0.1208,7.42,9.9808,0.1854,-0.042,0.1091
4,positive_training,ADK,ads.1,CES-D,full,StandardScaler,KNN,46,11,5,0.2205,8.9968,10.7588,0.2705,-0.2107,0.2187
4,positive_training,ADK,ads.1,CES-D,full,StandardScaler,RF,46,11,5,0.16,7.8725,9.8904,0.2173,-0.0232,0.2364
4,positive_training,ADK,ads.1,CES-D,full,StandardScaler,ET,46,11,5,0.4264,7.9882,9.4888,0.5328,0.0582,0.3545
4,positive_training,ADK,ads.1,CES-D,full,StandardScaler,GB,46,11,5,0.5824,6.3943,7.2593,0.7381,0.4488,0.6182
4,positive_training,ADK,ads.1,CES-D,full,StandardScaler,XGB,46,11,5,0.5296,6.6871,8.0922,0.5785,0.3151,0.3636
4,positive_training,ADK,ads.1,CES-D,full,StandardScaler,MLP,46,11,5,0.1401,11.937,17.2293,0.1639,-2.105,0.1091
4,positive_training,ADK,ads.1,CES-D,full,StandardScaler,LGBM,46,11,5,0.2539,7.3578,9.2717,0.3745,0.1008,0.291
4,positive_training,ADK,ads.1,CES-D,full,StandardScaler,CatBoost,46,11,5,0.4741,6.9052,8.1904,0.5614,0.2983,0.4727
4,positive_training,ADK,ads.1,CES-D,full,MinMaxScaler,Ridge,46,11,5,0.095,9.6826,12.1275,0.1153,-0.5384,-0.0364
4,positive_training,ADK,ads.1,CES-D,full,MinMaxScaler,Lasso,46,11,5,0.1026,9.6257,12.12,0.1244,-0.5365,-0.0364
4,positive_training,ADK,ads.1,CES-D,full,MinMaxScaler,ElasticNet,46,11,5,0.0956,9.6486,12.0865,0.1162,-0.528,-0.0364
4,positive_training,ADK,ads.1,CES-D,full,MinMaxScaler,SVR,46,11,5,0.0826,10.38,13.2815,0.0962,-0.8451,-0.0636
4,positive_training,ADK,ads.1,CES-D,full,MinMaxScaler,KNN,46,11,5,0.0425,9.5546,10.7635,0.0547,-0.2118,0.1185
4,positive_training,ADK,ads.1,CES-D,full,MinMaxScaler,RF,46,11,5,0.0671,8.2869,10.1111,0.1148,-0.0694,0.0455
4,positive_training,ADK,ads.1,CES-D,full,MinMaxScaler,ET,46,11,5,0.1807,8.9668,10.2641,0.2623,-0.102,0.1818
4,positive_training,ADK,ads.1,CES-D,full,MinMaxScaler,GB,46,11,5,0.4023,8.412,9.5413,0.52,0.0478,0.6
4,positive_training,ADK,ads.1,CES-D,full,MinMaxScaler,XGB,46,11,5,0.1064,9.1794,11.079,0.1342,-0.2839,0.2545
4,positive_training,ADK,ads.1,CES-D,full,MinMaxScaler,MLP,46,11,5,0.0793,9.4579,11.7624,0.1002,-0.4472,-0.0364
4,positive_training,ADK,ads.1,CES-D,full,MinMaxScaler,LGBM,46,11,5,-0.0502,8.987,10.9633,-0.0758,-0.2572,-0.3039
4,positive_training,ADK,ads.1,CES-D,full,MinMaxScaler,CatBoost,46,11,5,0.3036,7.8991,9.1793,0.4047,0.1187,0.3545
4,positive_training,ADK,ads.1,CES-D,full,RobustScaler,Ridge,46,11,5,0.1696,9.1195,12.6554,0.1982,-0.6752,0.2364
4,positive_training,ADK,ads.1,CES-D,full,RobustScaler,Lasso,46,11,5,0.1697,9.098,12.5964,0.1982,-0.6597,0.2364
4,positive_training,ADK,ads.1,CES-D,full,RobustScaler,ElasticNet,46,11,5,0.1691,9.0662,12.4785,0.1972,-0.6287,0.2364
4,positive_training,ADK,ads.1,CES-D,full,RobustScaler,SVR,46,11,5,0.1213,7.5908,9.9096,0.2001,-0.0272,0.1364
4,positive_training,ADK,ads.1,CES-D,full,RobustScaler,KNN,46,11,5,0.1476,8.0298,10.1862,0.2082,-0.0853,0.0545
4,positive_training,ADK,ads.1,CES-D,full,RobustScaler,RF,46,11,5,0.16,7.8725,9.8904,0.2173,-0.0232,0.2364
4,positive_training,ADK,ads.1,CES-D,full,RobustScaler,ET,46,11,5,0.4264,7.9882,9.4888,0.5328,0.0582,0.3545
4,positive_training,ADK,ads.1,CES-D,full,RobustScaler,GB,46,11,5,0.5824,6.3943,7.2593,0.7381,0.4488,0.6182
4,positive_training,ADK,ads.1,CES-D,full,RobustScaler,XGB,46,11,5,0.5296,6.6871,8.0922,0.5785,0.3151,0.3636
4,positive_training,ADK,ads.1,CES-D,full,RobustScaler,MLP,46,11,5,0.1497,10.4009,15.2878,0.1673,-1.4446,0.2182
4,positive_training,ADK,ads.1,CES-D,full,RobustScaler,LGBM,46,11,5,0.2907,7.3993,9.2816,0.4096,0.0989,0.2917
4,positive_training,ADK,ads.1,CES-D,full,RobustScaler,CatBoost,46,11,5,0.4741,6.9052,8.1904,0.5614,0.2983,0.4727
5,positive_training,ADK,ads.1,CES-D,full,StandardScaler,Ridge,46,11,5,-0.082,13.5043,15.1165,-0.1033,-0.3736,-0.1686
5,positive_training,ADK,ads.1,CES-D,full,StandardScaler,Lasso,46,11,5,-0.0595,12.904,14.5519,-0.0828,-0.2729,-0.0774
5,positive_training,ADK,ads.1,CES-D,full,StandardScaler,ElasticNet,46,11,5,-0.0438,12.5464,14.2064,-0.0666,-0.2132,-0.1686
5,positive_training,ADK,ads.1,CES-D,full,StandardScaler,SVR,46,11,5,-0.1523,12.564,15.012,-0.25,-0.3547,-0.2551
5,positive_training,ADK,ads.1,CES-D,full,StandardScaler,KNN,46,11,5,-0.1323,12.2607,14.5016,-0.2287,-0.2641,-0.2141
5,positive_training,ADK,ads.1,CES-D,full,StandardScaler,RF,46,11,5,-0.0749,12.8871,14.6403,-0.1168,-0.2884,-0.2551
5,positive_training,ADK,ads.1,CES-D,full,StandardScaler,ET,46,11,5,-0.0721,12.6105,14.4011,-0.1225,-0.2467,-0.1868
5,positive_training,ADK,ads.1,CES-D,full,StandardScaler,GB,46,11,5,-0.2435,14.3652,16.5699,-0.2825,-0.6504,-0.2733
5,positive_training,ADK,ads.1,CES-D,full,StandardScaler,XGB,46,11,5,-0.1116,13.7895,15.194,-0.1417,-0.3877,-0.0137
5,positive_training,ADK,ads.1,CES-D,full,StandardScaler,MLP,46,11,5,-0.189,14.1454,16.9575,-0.204,-0.7286,-0.4055
5,positive_training,ADK,ads.1,CES-D,full,StandardScaler,LGBM,46,11,5,-0.2415,12.3061,15.1135,-0.4323,-0.3731,-0.467
5,positive_training,ADK,ads.1,CES-D,full,StandardScaler,CatBoost,46,11,5,-0.0967,12.856,14.7632,-0.1401,-0.3102,-0.1731
5,positive_training,ADK,ads.1,CES-D,full,MinMaxScaler,Ridge,46,11,5,-0.1171,12.6737,14.8,-0.188,-0.3167,-0.3918
5,positive_training,ADK,ads.1,CES-D,full,MinMaxScaler,Lasso,46,11,5,-0.159,12.6952,15.1699,-0.2462,-0.3833,-0.3189
5,positive_training,ADK,ads.1,CES-D,full,MinMaxScaler,ElasticNet,46,11,5,-0.0687,12.04,14.1339,-0.1346,-0.2008,-0.2005
5,positive_training,ADK,ads.1,CES-D,full,MinMaxScaler,SVR,46,11,5,-0.0687,12.4688,14.4094,-0.1242,-0.2481,-0.2005
5,positive_training,ADK,ads.1,CES-D,full,MinMaxScaler,KNN,46,11,5,-0.2671,12.5468,15.2342,-0.4898,-0.3951,-0.4795
5,positive_training,ADK,ads.1,CES-D,full,MinMaxScaler,RF,46,11,5,-0.2415,12.5984,15.3742,-0.3953,-0.4208,-0.3417
5,positive_training,ADK,ads.1,CES-D,full,MinMaxScaler,ET,46,11,5,-0.2193,11.9802,15.1073,-0.3876,-0.3719,-0.3052
5,positive_training,ADK,ads.1,CES-D,full,MinMaxScaler,GB,46,11,5,-0.573,17.0389,20.3258,-0.6145,-1.4835,-0.5285
5,positive_training,ADK,ads.1,CES-D,full,MinMaxScaler,XGB,46,11,5,-0.5382,14.8721,18.2939,-0.6582,-1.0118,-0.533
5,positive_training,ADK,ads.1,CES-D,full,MinMaxScaler,MLP,46,11,5,-0.1933,12.7152,15.7828,-0.2964,-0.4974,-0.287
5,positive_training,ADK,ads.1,CES-D,full,MinMaxScaler,LGBM,46,11,5,-0.289,12.3086,15.6319,-0.4925,-0.4689,-0.457
5,positive_training,ADK,ads.1,CES-D,full,MinMaxScaler,CatBoost,46,11,5,-0.4517,13.7334,17.3669,-0.5959,-0.8131,-0.5148
5,positive_training,ADK,ads.1,CES-D,full,RobustScaler,Ridge,46,11,5,0.0472,11.0325,13.0491,0.1127,-0.0236,0.0182
5,positive_training,ADK,ads.1,CES-D,full,RobustScaler,Lasso,46,11,5,-0.0785,15.4741,16.5599,-0.0848,-0.6485,-0.0364
5,positive_training,ADK,ads.1,CES-D,full,RobustScaler,ElasticNet,46,11,5,0.057,11.512,13.2195,0.1058,-0.0505,0.0182
5,positive_training,ADK,ads.1,CES-D,full,RobustScaler,SVR,46,11,5,0.0051,10.1701,13.1875,0.2105,-0.0454,0.1093
5,positive_training,ADK,ads.1,CES-D,full,RobustScaler,KNN,46,11,5,0.2066,11.619,13.1387,0.2966,-0.0377,0.0911
5,positive_training,ADK,ads.1,CES-D,full,RobustScaler,RF,46,11,5,0.1652,11.9869,13.4441,0.1985,-0.0865,0.0683
5,positive_training,ADK,ads.1,CES-D,full,RobustScaler,ET,46,11,5,0.137,11.5271,13.1171,0.1879,-0.0343,0.0774
5,positive_training,ADK,ads.1,CES-D,full,RobustScaler,GB,46,11,5,0.148,11.7839,14.0342,0.1651,-0.184,0.0501
5,positive_training,ADK,ads.1,CES-D,full,RobustScaler,XGB,46,11,5,0.3575,10.273,12.5427,0.3879,0.0543,0.1321
5,positive_training,ADK,ads.1,CES-D,full,RobustScaler,MLP,46,11,5,0.0078,13.9935,15.2538,0.0094,-0.3987,-0.0319
5,positive_training,ADK,ads.1,CES-D,full,RobustScaler,LGBM,46,11,5,-0.0593,12.0698,14.2291,-0.0887,-0.2171,0.0609
5,positive_training,ADK,ads.1,CES-D,full,RobustScaler,CatBoost,46,11,5,0.1407,11.3926,13.1583,0.1872,-0.0408,-0.0592
1,positive_training,ADK,HRSD_6.1,HRSD6,full,StandardScaler,Ridge,44,11,5,-0.1981,6.1247,6.9309,-0.2481,-0.6401,-0.2187
1,positive_training,ADK,HRSD_6.1,HRSD6,full,StandardScaler,Lasso,44,11,5,-0.21,6.3305,7.1537,-0.2529,-0.7472,-0.2187
1,positive_training,ADK,HRSD_6.1,HRSD6,full,StandardScaler,ElasticNet,44,11,5,-0.2057,6.2921,7.1141,-0.2493,-0.728,-0.2187
1,positive_training,ADK,HRSD_6.1,HRSD6,full,StandardScaler,SVR,44,11,5,-0.3141,5.8597,7.0254,-0.4531,-0.6851,-0.2978
1,positive_training,ADK,HRSD_6.1,HRSD6,full,StandardScaler,KNN,44,11,5,-0.2469,6.3333,7.731,-0.2682,-1.0406,-0.2235
1,positive_training,ADK,HRSD_6.1,HRSD6,full,StandardScaler,RF,44,11,5,0.0181,4.92,5.8722,0.0261,-0.1773,-0.0372
1,positive_training,ADK,HRSD_6.1,HRSD6,full,StandardScaler,ET,44,11,5,-0.1674,5.6009,6.624,-0.2215,-0.4981,-0.0558
1,positive_training,ADK,HRSD_6.1,HRSD6,full,StandardScaler,GB,44,11,5,0.0335,4.7821,6.2264,0.0408,-0.3236,0.0
1,positive_training,ADK,HRSD_6.1,HRSD6,full,StandardScaler,XGB,44,11,5,0.1168,4.471,5.8767,0.1579,-0.1791,0.0698
1,positive_training,ADK,HRSD_6.1,HRSD6,full,StandardScaler,MLP,44,11,5,-0.2756,6.2849,7.2493,-0.3603,-0.7943,-0.335
1,positive_training,ADK,HRSD_6.1,HRSD6,full,StandardScaler,LGBM,44,11,5,0.1008,5.1372,5.7735,0.1239,-0.1381,0.1958
1,positive_training,ADK,HRSD_6.1,HRSD6,full,StandardScaler,CatBoost,44,11,5,-0.137,5.29,6.3708,-0.1973,-0.3857,-0.1535
1,positive_training,ADK,HRSD_6.1,HRSD6,full,MinMaxScaler,Ridge,44,11,15,-0.0906,5.6255,6.5802,-0.1075,-0.4783,-0.1954
1,positive_training,ADK,HRSD_6.1,HRSD6,full,MinMaxScaler,Lasso,44,11,15,-0.1466,5.5918,6.5957,-0.1822,-0.4853,-0.1582
1,positive_training,ADK,HRSD_6.1,HRSD6,full,MinMaxScaler,ElasticNet,44,11,15,-0.0613,5.2454,6.1876,-0.0797,-0.3072,-0.1256
1,positive_training,ADK,HRSD_6.1,HRSD6,full,MinMaxScaler,SVR,44,11,15,-0.0595,5.1492,6.1907,-0.0896,-0.3085,-0.1954
1,positive_training,ADK,HRSD_6.1,HRSD6,full,MinMaxScaler,KNN,44,11,15,-0.1108,5.4242,6.792,-0.1261,-0.575,-0.0977
1,positive_training,ADK,HRSD_6.1,HRSD6,full,MinMaxScaler,RF,44,11,15,-0.043,5.0482,6.1021,-0.0566,-0.2713,-0.0326
1,positive_training,ADK,HRSD_6.1,HRSD6,full,MinMaxScaler,ET,44,11,15,-0.0259,5.0591,6.1252,-0.033,-0.281,0.007
1,positive_training,ADK,HRSD_6.1,HRSD6,full,MinMaxScaler,GB,44,11,15,0.1021,4.4167,5.7245,0.1318,-0.1188,0.2652
1,positive_training,ADK,HRSD_6.1,HRSD6,full,MinMaxScaler,XGB,44,11,15,0.1751,4.319,5.7814,0.2041,-0.1412,0.2931
1,positive_training,ADK,HRSD_6.1,HRSD6,full,MinMaxScaler,MLP,44,11,15,-0.0169,5.5742,6.5319,-0.0186,-0.4567,-0.1954
1,positive_training,ADK,HRSD_6.1,HRSD6,full,MinMaxScaler,LGBM,44,11,15,0.2108,4.5973,5.3539,0.2693,0.0213,0.4327
1,positive_training,ADK,HRSD_6.1,HRSD6,full,MinMaxScaler,CatBoost,44,11,15,-0.0595,4.902,6.2101,-0.0774,-0.3167,-0.0186
1,positive_training,ADK,HRSD_6.1,HRSD6,full,RobustScaler,Ridge,44,11,5,-0.2196,5.8052,6.9419,-0.2542,-0.6453,-0.228
1,positive_training,ADK,HRSD_6.1,HRSD6,full,RobustScaler,Lasso,44,11,5,-0.231,5.8574,7.1424,-0.2603,-0.7417,-0.1814
1,positive_training,ADK,HRSD_6.1,HRSD6,full,RobustScaler,ElasticNet,44,11,5,-0.2255,5.8374,7.0869,-0.255,-0.7148,-0.1814
1,positive_training,ADK,HRSD_6.1,HRSD6,full,RobustScaler,SVR,44,11,5,-0.094,5.0805,6.4026,-0.1244,-0.3996,-0.0605
1,positive_training,ADK,HRSD_6.1,HRSD6,full,RobustScaler,KNN,44,11,5,-0.1493,5.6182,6.4872,-0.1958,-0.4368,-0.1515
1,positive_training,ADK,HRSD_6.1,HRSD6,full,RobustScaler,RF,44,11,5,-0.0206,5.0464,5.9418,-0.0293,-0.2054,0.1117
1,positive_training,ADK,HRSD_6.1,HRSD6,full,RobustScaler,ET,44,11,5,-0.1662,5.6418,6.5146,-0.2119,-0.449,-0.121
1,positive_training,ADK,HRSD_6.1,HRSD6,full,RobustScaler,GB,44,11,5,-0.3942,6.5383,8.0811,-0.4915,-1.2297,-0.6467
1,positive_training,ADK,HRSD_6.1,HRSD6,full,RobustScaler,XGB,44,11,5,-0.1429,5.6108,6.8546,-0.1687,-0.6042,0.0186
1,positive_training,ADK,HRSD_6.1,HRSD6,full,RobustScaler,MLP,44,11,5,-0.2498,5.8599,7.1726,-0.2851,-0.7565,-0.3303
1,positive_training,ADK,HRSD_6.1,HRSD6,full,RobustScaler,LGBM,44,11,5,0.2966,4.4276,5.4943,0.3191,-0.0307,0.3085
1,positive_training,ADK,HRSD_6.1,HRSD6,full,RobustScaler,CatBoost,44,11,5,-0.075,5.2308,6.3973,-0.0961,-0.3973,-0.0186
2,positive_training,ADK,HRSD_6.1,HRSD6,full,StandardScaler,Ridge,44,11,5,0.0324,4.5399,5.3951,0.043,-0.363,0.2329
2,positive_training,ADK,HRSD_6.1,HRSD6,full,StandardScaler,Lasso,44,11,5,0.0122,4.7542,5.7873,0.0151,-0.5684,0.1963
2,positive_training,ADK,HRSD_6.1,HRSD6,full,StandardScaler,ElasticNet,44,11,5,0.0208,4.7085,5.7058,0.026,-0.5245,0.1963
2,positive_training,ADK,HRSD_6.1,HRSD6,full,StandardScaler,SVR,44,11,5,0.1407,4.1215,5.1733,0.1518,-0.2532,0.137
2,positive_training,ADK,HRSD_6.1,HRSD6,full,StandardScaler,KNN,44,11,5,-0.0526,4.5195,5.5792,-0.0662,-0.4576,0.0367
2,positive_training,ADK,HRSD_6.1,HRSD6,full,StandardScaler,RF,44,11,5,-0.1046,4.6577,5.8014,-0.1157,-0.576,-0.1461
2,positive_training,ADK,HRSD_6.1,HRSD6,full,StandardScaler,ET,44,11,5,-0.097,4.5536,5.4807,-0.1197,-0.4066,-0.1279
2,positive_training,ADK,HRSD_6.1,HRSD6,full,StandardScaler,GB,44,11,5,-0.2468,5.3733,7.2644,-0.2483,-1.4711,-0.0137
2,positive_training,ADK,HRSD_6.1,HRSD6,full,StandardScaler,XGB,44,11,5,-0.2377,4.9752,6.5713,-0.2481,-1.022,-0.2009
2,positive_training,ADK,HRSD_6.1,HRSD6,full,StandardScaler,MLP,44,11,5,-0.1566,5.3564,6.8015,-0.157,-1.1662,-0.0365
2,positive_training,ADK,HRSD_6.1,HRSD6,full,StandardScaler,LGBM,44,11,5,0.0795,4.4155,5.3681,0.0966,-0.3494,0.1116
2,positive_training,ADK,HRSD_6.1,HRSD6,full,StandardScaler,CatBoost,44,11,5,-0.1407,5.0813,6.2858,-0.1472,-0.8502,-0.1096
2,positive_training,ADK,HRSD_6.1,HRSD6,full,MinMaxScaler,Ridge,44,11,5,0.1779,4.7028,5.4121,0.22,-0.3716,0.2694
2,positive_training,ADK,HRSD_6.1,HRSD6,full,MinMaxScaler,Lasso,44,11,5,0.1737,5.1393,6.0282,0.2081,-0.7016,0.347
2,positive_training,ADK,HRSD_6.1,HRSD6,full,MinMaxScaler,ElasticNet,44,11,5,0.1785,4.9658,5.7751,0.2149,-0.5618,0.2694
2,positive_training,ADK,HRSD_6.1,HRSD6,full,MinMaxScaler,SVR,44,11,5,0.0705,4.7528,5.9364,0.0773,-0.6502,0.21
2,positive_training,ADK,HRSD_6.1,HRSD6,full,MinMaxScaler,KNN,44,11,5,0.1959,4.1948,5.1829,0.2633,-0.2579,0.3105
2,positive_training,ADK,HRSD_6.1,HRSD6,full,MinMaxScaler,RF,44,11,5,-0.0134,4.5114,5.7085,-0.0149,-0.5259,0.0913
2,positive_training,ADK,HRSD_6.1,HRSD6,full,MinMaxScaler,ET,44,11,5,0.0367,4.2195,5.2834,0.043,-0.3071,0.1442
2,positive_training,ADK,HRSD_6.1,HRSD6,full,MinMaxScaler,GB,44,11,5,0.0431,4.4477,5.6181,0.0455,-0.478,0.1553
2,positive_training,ADK,HRSD_6.1,HRSD6,full,MinMaxScaler,XGB,44,11,5,0.0218,4.7774,6.3047,0.022,-0.8613,0.2329
2,positive_training,ADK,HRSD_6.1,HRSD6,full,MinMaxScaler,MLP,44,11,5,0.2317,4.1395,4.9896,0.2922,-0.1658,0.2511
2,positive_training,ADK,HRSD_6.1,HRSD6,full,MinMaxScaler,LGBM,44,11,5,0.2059,3.8051,4.6354,0.2767,-0.0062,0.3072
2,positive_training,ADK,HRSD_6.1,HRSD6,full,MinMaxScaler,CatBoost,44,11,5,-0.0131,4.6023,5.7031,-0.0146,-0.523,0.0228
2,positive_training,ADK,HRSD_6.1,HRSD6,full,RobustScaler,Ridge,44,11,5,0.0562,5.0938,5.8199,0.0666,-0.5861,0.1598
2,positive_training,ADK,HRSD_6.1,HRSD6,full,RobustScaler,Lasso,44,11,5,0.024,5.8936,6.8617,0.0284,-1.2048,0.1598
2,positive_training,ADK,HRSD_6.1,HRSD6,full,RobustScaler,ElasticNet,44,11,5,0.0387,5.5081,6.3347,0.0452,-0.8791,0.1598
2,positive_training,ADK,HRSD_6.1,HRSD6,full,RobustScaler,SVR,44,11,5,-0.1003,4.7372,5.6319,-0.1145,-0.4853,-0.169
2,positive_training,ADK,HRSD_6.1,HRSD6,full,RobustScaler,KNN,44,11,5,-0.0818,4.5844,5.6324,-0.0999,-0.4855,0.1693
2,positive_training,ADK,HRSD_6.1,HRSD6,full,RobustScaler,RF,44,11,5,0.0604,4.2391,5.2704,0.0677,-0.3007,0.169
2,positive_training,ADK,HRSD_6.1,HRSD6,full,RobustScaler,ET,44,11,5,0.0764,4.1005,5.1706,0.0876,-0.2519,0.1233
2,positive_training,ADK,HRSD_6.1,HRSD6,full,RobustScaler,GB,44,11,5,0.0165,5.3664,6.4731,0.0166,-0.9621,0.0548
2,positive_training,ADK,HRSD_6.1,HRSD6,full,RobustScaler,XGB,44,11,5,0.0066,5.0489,6.7497,0.0067,-1.1334,0.0639
2,positive_training,ADK,HRSD_6.1,HRSD6,full,RobustScaler,MLP,44,11,5,-0.0029,5.8911,7.4049,-0.0032,-1.5676,0.1461
2,positive_training,ADK,HRSD_6.1,HRSD6,full,RobustScaler,LGBM,44,11,5,0.1709,4.0197,4.6758,0.2272,-0.0238,0.2638
2,positive_training,ADK,HRSD_6.1,HRSD6,full,RobustScaler,CatBoost,44,11,5,-0.0341,4.439,5.513,-0.0383,-0.4232,-0.0365
3,positive_training,ADK,HRSD_6.1,HRSD6,full,StandardScaler,Ridge,44,11,5,0.0544,4.249,5.4672,0.0602,-0.8303,0.2151
3,positive_training,ADK,HRSD_6.1,HRSD6,full,StandardScaler,Lasso,44,11,5,0.0452,4.2613,5.465,0.0497,-0.8289,0.2151
3,positive_training,ADK,HRSD_6.1,HRSD6,full,StandardScaler,ElasticNet,44,11,5,0.0479,4.1746,5.3557,0.0531,-0.7565,0.2243
3,positive_training,ADK,HRSD_6.1,HRSD6,full,StandardScaler,SVR,44,11,5,0.0174,4.4607,5.3131,0.0183,-0.7286,0.0732
3,positive_training,ADK,HRSD_6.1,HRSD6,full,StandardScaler,KNN,44,11,5,0.0793,4.8,6.0591,0.1,-1.2481,-0.0323
3,positive_training,ADK,HRSD_6.1,HRSD6,full,StandardScaler,RF,44,11,5,0.1103,3.8602,5.3106,0.1348,-0.727,0.1556
3,positive_training,ADK,HRSD_6.1,HRSD6,full,StandardScaler,ET,44,11,5,0.0769,4.2736,5.2015,0.0993,-0.6568,0.0183
3,positive_training,ADK,HRSD_6.1,HRSD6,full,StandardScaler,GB,44,11,5,-0.0922,5.3947,6.8944,-0.1196,-1.9107,-0.1876
3,positive_training,ADK,HRSD_6.1,HRSD6,full,StandardScaler,XGB,44,11,5,-0.0262,5.1341,6.3916,-0.0331,-1.5016,-0.1144
3,positive_training,ADK,HRSD_6.1,HRSD6,full,StandardScaler,MLP,44,11,5,-0.0444,4.5512,5.6497,-0.0477,-0.9545,0.087
3,positive_training,ADK,HRSD_6.1,HRSD6,full,StandardScaler,LGBM,44,11,5,0.071,3.983,5.3811,0.0885,-0.7731,0.0231
3,positive_training,ADK,HRSD_6.1,HRSD6,full,StandardScaler,CatBoost,44,11,5,0.1616,4.4578,5.4658,0.1949,-0.8294,0.238
3,positive_training,ADK,HRSD_6.1,HRSD6,full,MinMaxScaler,Ridge,44,11,10,0.0222,3.8631,4.7799,0.0272,-0.3991,0.119
3,positive_training,ADK,HRSD_6.1,HRSD6,full,MinMaxScaler,Lasso,44,11,10,-0.0032,3.9566,4.8831,-0.0037,-0.4601,0.1785
3,positive_training,ADK,HRSD_6.1,HRSD6,full,MinMaxScaler,ElasticNet,44,11,10,0.0005,4.0317,5.0484,0.0005,-0.5606,0.0412
3,positive_training,ADK,HRSD_6.1,HRSD6,full,MinMaxScaler,SVR,44,11,10,-0.155,4.3847,5.0567,-0.1763,-0.5658,-0.1831
3,positive_training,ADK,HRSD_6.1,HRSD6,full,MinMaxScaler,KNN,44,11,10,0.1458,3.8485,4.4835,0.191,-0.231,0.1583
3,positive_training,ADK,HRSD_6.1,HRSD6,full,MinMaxScaler,RF,44,11,10,-0.0211,4.1543,5.1374,-0.0254,-0.6162,0.0549
3,positive_training,ADK,HRSD_6.1,HRSD6,full,MinMaxScaler,ET,44,11,10,0.0264,3.7873,4.8145,0.0358,-0.4194,0.1556
3,positive_training,ADK,HRSD_6.1,HRSD6,full,MinMaxScaler,GB,44,11,10,-0.2525,6.6185,7.855,-0.3285,-2.7783,-0.4439
3,positive_training,ADK,HRSD_6.1,HRSD6,full,MinMaxScaler,XGB,44,11,10,-0.2214,5.6318,6.8523,-0.2545,-1.8752,-0.4256
3,positive_training,ADK,HRSD_6.1,HRSD6,full,MinMaxScaler,MLP,44,11,10,-0.2723,4.9649,5.8534,-0.2851,-1.0981,-0.3112
3,positive_training,ADK,HRSD_6.1,HRSD6,full,MinMaxScaler,LGBM,44,11,10,-0.0085,4.1147,5.11,-0.01,-0.599,-0.151
3,positive_training,ADK,HRSD_6.1,HRSD6,full,MinMaxScaler,CatBoost,44,11,10,-0.0435,4.2744,5.0224,-0.0505,-0.5446,-0.0641
3,positive_training,ADK,HRSD_6.1,HRSD6,full,RobustScaler,Ridge,44,11,5,0.0683,4.044,5.1338,0.0704,-0.6139,0.2243
3,positive_training,ADK,HRSD_6.1,HRSD6,full,RobustScaler,Lasso,44,11,5,0.052,4.0477,5.0885,0.0543,-0.5855,0.2243
3,positive_training,ADK,HRSD_6.1,HRSD6,full,RobustScaler,ElasticNet,44,11,5,0.0408,3.9905,4.9519,0.0437,-0.5016,0.2563
3,positive_training,ADK,HRSD_6.1,HRSD6,full,RobustScaler,SVR,44,11,5,-0.0555,3.9455,4.692,-0.0676,-0.3481,-0.151
3,positive_training,ADK,HRSD_6.1,HRSD6,full,RobustScaler,KNN,44,11,5,0.268,4.303,4.8721,0.3232,-0.4536,0.3287
3,positive_training,ADK,HRSD_6.1,HRSD6,full,RobustScaler,RF,44,11,5,0.1134,3.9491,4.8208,0.1372,-0.4231,0.032
3,positive_training,ADK,HRSD_6.1,HRSD6,full,RobustScaler,ET,44,11,5,0.1591,3.8527,4.4508,0.1931,-0.213,0.1968
3,positive_training,ADK,HRSD_6.1,HRSD6,full,RobustScaler,GB,44,11,5,-0.0184,4.9727,5.7429,-0.0218,-1.0196,-0.0366
3,positive_training,ADK,HRSD_6.1,HRSD6,full,RobustScaler,XGB,44,11,5,0.0902,4.3763,5.2467,0.1057,-0.6857,0.2105
3,positive_training,ADK,HRSD_6.1,HRSD6,full,RobustScaler,MLP,44,11,5,0.0484,3.9638,5.0381,0.0519,-0.5543,0.1968
3,positive_training,ADK,HRSD_6.1,HRSD6,full,RobustScaler,LGBM,44,11,5,0.0438,3.8419,5.1419,0.0549,-0.619,-0.108
3,positive_training,ADK,HRSD_6.1,HRSD6,full,RobustScaler,CatBoost,44,11,5,0.1784,3.9297,4.703,0.2046,-0.3544,0.151
4,positive_training,ADK,HRSD_6.1,HRSD6,full,StandardScaler,Ridge,44,11,5,-0.0592,5.5086,6.1349,-0.0616,-1.5527,0.0
4,positive_training,ADK,HRSD_6.1,HRSD6,full,StandardScaler,Lasso,44,11,5,-0.1427,6.3716,7.225,-0.1538,-2.5405,-0.1556
4,positive_training,ADK,HRSD_6.1,HRSD6,full,StandardScaler,ElasticNet,44,11,5,-0.1066,5.7682,6.7384,-0.1126,-2.0797,-0.151
4,positive_training,ADK,HRSD_6.1,HRSD6,full,StandardScaler,SVR,44,11,5,-0.0587,5.499,5.9403,-0.0632,-1.3934,-0.1876
4,positive_training,ADK,HRSD_6.1,HRSD6,full,StandardScaler,KNN,44,11,5,-0.1112,5.6061,6.0411,-0.1187,-1.4753,-0.1327
4,positive_training,ADK,HRSD_6.1,HRSD6,full,StandardScaler,RF,44,11,5,-0.0116,4.8295,5.1418,-0.0127,-0.7932,-0.1556
4,positive_training,ADK,HRSD_6.1,HRSD6,full,StandardScaler,ET,44,11,5,-0.0179,5.3441,5.6353,-0.0197,-1.1539,-0.0824
4,positive_training,ADK,HRSD_6.1,HRSD6,full,StandardScaler,GB,44,11,5,-0.0844,5.6619,6.4237,-0.0909,-1.7988,-0.0915
4,positive_training,ADK,HRSD_6.1,HRSD6,full,StandardScaler,XGB,44,11,5,-0.0615,6.0473,6.8222,-0.0697,-2.1567,-0.1968
4,positive_training,ADK,HRSD_6.1,HRSD6,full,StandardScaler,MLP,44,11,5,-0.0233,6.0152,6.7868,-0.0259,-2.124,-0.151
4,positive_training,ADK,HRSD_6.1,HRSD6,full,StandardScaler,LGBM,44,11,5,-0.4384,5.3831,6.0254,-0.4568,-1.4624,-0.3784
4,positive_training,ADK,HRSD_6.1,HRSD6,full,StandardScaler,CatBoost,44,11,5,-0.0398,5.2818,5.8009,-0.0432,-1.2823,-0.0824
4,positive_training,ADK,HRSD_6.1,HRSD6,full,MinMaxScaler,Ridge,44,11,10,0.0871,4.7769,5.0763,0.096,-0.7478,0.1007
4,positive_training,ADK,HRSD_6.1,HRSD6,full,MinMaxScaler,Lasso,44,11,10,-0.0762,5.1435,5.8318,-0.0783,-1.3067,-0.0229
4,positive_training,ADK,HRSD_6.1,HRSD6,full,MinMaxScaler,ElasticNet,44,11,10,0.0328,4.4233,4.8185,0.0364,-0.5748,0.0
4,positive_training,ADK,HRSD_6.1,HRSD6,full,MinMaxScaler,SVR,44,11,10,-0.0621,5.0178,5.6053,-0.0689,-1.131,-0.1922
4,positive_training,ADK,HRSD_6.1,HRSD6,full,MinMaxScaler,KNN,44,11,10,-0.0908,5.7273,5.962,-0.106,-1.4109,-0.156
4,positive_training,ADK,HRSD_6.1,HRSD6,full,MinMaxScaler,RF,44,11,10,-0.042,4.3118,4.8243,-0.0535,-0.5785,0.0046
4,positive_training,ADK,HRSD_6.1,HRSD6,full,MinMaxScaler,ET,44,11,10,0.0137,4.4645,4.8415,0.0174,-0.5899,-0.0366
4,positive_training,ADK,HRSD_6.1,HRSD6,full,MinMaxScaler,GB,44,11,10,-0.0842,4.9739,5.6173,-0.0867,-1.1402,-0.0595
4,positive_training,ADK,HRSD_6.1,HRSD6,full,MinMaxScaler,XGB,44,11,10,0.0419,4.1817,5.0847,0.0453,-0.7536,0.1144
4,positive_training,ADK,HRSD_6.1,HRSD6,full,MinMaxScaler,MLP,44,11,10,0.1371,4.7425,5.1474,0.1618,-0.7971,0.1602
4,positive_training,ADK,HRSD_6.1,HRSD6,full,MinMaxScaler,LGBM,44,11,10,-0.2607,4.8357,5.4334,-0.3289,-1.0023,-0.3753
4,positive_training,ADK,HRSD_6.1,HRSD6,full,MinMaxScaler,CatBoost,44,11,10,-0.1539,4.3632,4.927,-0.2086,-0.6465,-0.2609
4,positive_training,ADK,HRSD_6.1,HRSD6,full,RobustScaler,Ridge,44,11,5,-0.1358,5.4179,6.2499,-0.1402,-1.6493,-0.1968
4,positive_training,ADK,HRSD_6.1,HRSD6,full,RobustScaler,Lasso,44,11,5,-0.177,7.0291,7.7925,-0.1965,-3.1186,-0.206
4,positive_training,ADK,HRSD_6.1,HRSD6,full,RobustScaler,ElasticNet,44,11,5,-0.169,6.4719,7.206,-0.1807,-2.5219,-0.206
4,positive_training,ADK,HRSD_6.1,HRSD6,full,RobustScaler,SVR,44,11,5,-0.1624,5.5671,6.0481,-0.1881,-1.481,-0.4577
4,positive_training,ADK,HRSD_6.1,HRSD6,full,RobustScaler,KNN,44,11,5,-0.1728,5.2121,5.7137,-0.1837,-1.2143,-0.2069
4,positive_training,ADK,HRSD_6.1,HRSD6,full,RobustScaler,RF,44,11,5,-0.0116,4.8295,5.1418,-0.0127,-0.7932,-0.1556
4,positive_training,ADK,HRSD_6.1,HRSD6,full,RobustScaler,ET,44,11,5,-0.0179,5.3441,5.6353,-0.0197,-1.1539,-0.0824
4,positive_training,ADK,HRSD_6.1,HRSD6,full,RobustScaler,GB,44,11,5,-0.0844,5.6619,6.4237,-0.0909,-1.7988,-0.0915
4,positive_training,ADK,HRSD_6.1,HRSD6,full,RobustScaler,XGB,44,11,5,-0.0615,6.0473,6.8222,-0.0697,-2.1567,-0.1968
4,positive_training,ADK,HRSD_6.1,HRSD6,full,RobustScaler,MLP,44,11,5,-0.1039,7.2076,7.8175,-0.12,-3.145,-0.1602
4,positive_training,ADK,HRSD_6.1,HRSD6,full,RobustScaler,LGBM,44,11,5,-0.3934,4.7831,5.4927,-0.4351,-1.0463,-0.2179
4,positive_training,ADK,HRSD_6.1,HRSD6,full,RobustScaler,CatBoost,44,11,5,-0.0398,5.2818,5.8009,-0.0432,-1.2823,-0.0824
5,positive_training,ADK,HRSD_6.1,HRSD6,full,StandardScaler,Ridge,44,11,5,0.1099,6.4949,7.4899,0.1413,-0.2001,0.0369
5,positive_training,ADK,HRSD_6.1,HRSD6,full,StandardScaler,Lasso,44,11,5,0.0445,6.8258,7.9015,0.0559,-0.3357,-0.0968
5,positive_training,ADK,HRSD_6.1,HRSD6,full,StandardScaler,ElasticNet,44,11,5,0.0858,6.6726,7.7329,0.1059,-0.2793,0.0369
5,positive_training,ADK,HRSD_6.1,HRSD6,full,StandardScaler,SVR,44,11,5,-0.0155,6.9215,8.5982,-0.0311,-0.5816,-0.1152
5,positive_training,ADK,HRSD_6.1,HRSD6,full,StandardScaler,KNN,44,11,5,0.1388,6.1515,7.3083,0.2968,-0.1426,0.1751
5,positive_training,ADK,HRSD_6.1,HRSD6,full,StandardScaler,RF,44,11,5,0.038,6.4673,7.5963,0.0758,-0.2345,0.0553
5,positive_training,ADK,HRSD_6.1,HRSD6,full,StandardScaler,ET,44,11,5,0.0296,6.5382,7.8177,0.0654,-0.3075,-0.0415
5,positive_training,ADK,HRSD_6.1,HRSD6,full,StandardScaler,GB,44,11,5,-0.1824,7.4895,9.4743,-0.332,-0.9203,-0.4056
5,positive_training,ADK,HRSD_6.1,HRSD6,full,StandardScaler,XGB,44,11,5,0.0187,6.7034,8.4167,0.0404,-0.5155,-0.0507
5,positive_training,ADK,HRSD_6.1,HRSD6,full,StandardScaler,MLP,44,11,5,0.1207,6.9482,8.3411,0.136,-0.4884,0.023
5,positive_training,ADK,HRSD_6.1,HRSD6,full,StandardScaler,LGBM,44,11,5,0.109,5.8869,6.9732,0.2156,-0.0402,0.1375
5,positive_training,ADK,HRSD_6.1,HRSD6,full,StandardScaler,CatBoost,44,11,5,-0.0334,6.6604,7.8969,-0.0789,-0.3341,-0.1014
5,positive_training,ADK,HRSD_6.1,HRSD6,full,MinMaxScaler,Ridge,44,11,15,0.1506,6.1543,6.7726,0.2427,0.0187,-0.0369
5,positive_training,ADK,HRSD_6.1,HRSD6,full,MinMaxScaler,Lasso,44,11,15,-0.0025,6.4871,7.2978,-0.0051,-0.1394,-0.1475
5,positive_training,ADK,HRSD_6.1,HRSD6,full,MinMaxScaler,ElasticNet,44,11,15,0.1554,6.1581,6.9809,0.2125,-0.0426,-0.0277
5,positive_training,ADK,HRSD_6.1,HRSD6,full,MinMaxScaler,SVR,44,11,15,-0.1884,7.0547,8.1216,-0.3165,-0.4111,-0.2765
5,positive_training,ADK,HRSD_6.1,HRSD6,full,MinMaxScaler,KNN,44,11,15,0.1902,5.8182,6.8061,0.2514,0.009,0.2042
5,positive_training,ADK,HRSD_6.1,HRSD6,full,MinMaxScaler,RF,44,11,15,0.0016,6.4659,7.3848,0.0044,-0.1667,0.0115
5,positive_training,ADK,HRSD_6.1,HRSD6,full,MinMaxScaler,ET,44,11,15,0.0907,6.2609,7.0024,0.2652,-0.049,0.0783
5,positive_training,ADK,HRSD_6.1,HRSD6,full,MinMaxScaler,GB,44,11,15,-0.1493,7.0996,8.2345,-0.2919,-0.4506,-0.3641
5,positive_training,ADK,HRSD_6.1,HRSD6,full,MinMaxScaler,XGB,44,11,15,-0.0545,6.8679,7.7382,-0.0887,-0.281,-0.2212
5,positive_training,ADK,HRSD_6.1,HRSD6,full,MinMaxScaler,MLP,44,11,15,0.181,6.0503,6.8156,0.2493,0.0062,-0.0645
5,positive_training,ADK,HRSD_6.1,HRSD6,full,MinMaxScaler,LGBM,44,11,15,-0.0706,6.8063,7.6375,-0.1837,-0.2479,-0.3226
5,positive_training,ADK,HRSD_6.1,HRSD6,full,MinMaxScaler,CatBoost,44,11,15,-0.0062,6.4864,7.5847,-0.0218,-0.2307,-0.1014
5,positive_training,ADK,HRSD_6.1,HRSD6,full,RobustScaler,Ridge,44,11,10,0.0268,6.3922,7.0787,0.0614,-0.072,0.0737
5,positive_training,ADK,HRSD_6.1,HRSD6,full,RobustScaler,Lasso,44,11,10,-0.0013,6.4383,7.21,-0.0027,-0.1121,-0.0138
5,positive_training,ADK,HRSD_6.1,HRSD6,full,RobustScaler,ElasticNet,44,11,10,0.0599,6.3565,6.9622,0.1715,-0.037,0.1751
5,positive_training,ADK,HRSD_6.1,HRSD6,full,RobustScaler,SVR,44,11,10,-0.3685,7.4688,8.7053,-0.5828,-0.6212,-0.5577
5,positive_training,ADK,HRSD_6.1,HRSD6,full,RobustScaler,KNN,44,11,10,-0.0735,6.4242,7.4032,-0.1382,-0.1725,-0.3457
5,positive_training,ADK,HRSD_6.1,HRSD6,full,RobustScaler,RF,44,11,10,-0.0145,6.6007,7.4802,-0.052,-0.197,-0.0323
5,positive_training,ADK,HRSD_6.1,HRSD6,full,RobustScaler,ET,44,11,10,-0.0176,6.5864,7.3514,-0.0556,-0.1562,-0.1383
5,positive_training,ADK,HRSD_6.1,HRSD6,full,RobustScaler,GB,44,11,10,-0.1095,7.0695,7.8208,-0.1675,-0.3085,-0.1521
5,positive_training,ADK,HRSD_6.1,HRSD6,full,RobustScaler,XGB,44,11,10,-0.1391,7.0048,8.0388,-0.2465,-0.3825,-0.3042
5,positive_training,ADK,HRSD_6.1,HRSD6,full,RobustScaler,MLP,44,11,10,-0.2849,7.7228,8.8996,-0.3874,-0.6944,-0.53
5,positive_training,ADK,HRSD_6.1,HRSD6,full,RobustScaler,LGBM,44,11,10,-0.0256,6.5745,7.3965,-0.0512,-0.1704,-0.0512
5,positive_training,ADK,HRSD_6.1,HRSD6,full,RobustScaler,CatBoost,44,11,10,-0.0279,6.6831,7.5761,-0.0846,-0.2279,0.1198
1,positive_training,ADK,HRSD_17.1,HRSD17,full,StandardScaler,Ridge,44,11,10,-0.0525,7.7026,9.0032,-0.0765,-0.2321,-0.2374
1,positive_training,ADK,HRSD_17.1,HRSD17,full,StandardScaler,Lasso,44,11,10,-0.0959,8.1856,9.2129,-0.1342,-0.2902,-0.0183
1,positive_training,ADK,HRSD_17.1,HRSD17,full,StandardScaler,ElasticNet,44,11,10,-0.0115,7.5016,8.6404,-0.0189,-0.1348,-0.2374
1,positive_training,ADK,HRSD_17.1,HRSD17,full,StandardScaler,SVR,44,11,10,-0.1397,8.1246,9.5022,-0.2095,-0.3725,-0.0731
1,positive_training,ADK,HRSD_17.1,HRSD17,full,StandardScaler,KNN,44,11,10,-0.008,7.3766,8.9466,-0.0116,-0.2167,-0.0731
1,positive_training,ADK,HRSD_17.1,HRSD17,full,StandardScaler,RF,44,11,10,0.1191,6.7705,8.2079,0.1733,-0.0241,-0.0137
1,positive_training,ADK,HRSD_17.1,HRSD17,full,StandardScaler,ET,44,11,10,0.0645,6.9536,8.5305,0.0966,-0.1062,-0.0228
1,positive_training,ADK,HRSD_17.1,HRSD17,full,StandardScaler,GB,44,11,10,0.1591,6.506,8.2999,0.2188,-0.0472,0.0137
1,positive_training,ADK,HRSD_17.1,HRSD17,full,StandardScaler,XGB,44,11,10,0.2575,6.5216,8.7404,0.2798,-0.1613,0.1187
1,positive_training,ADK,HRSD_17.1,HRSD17,full,StandardScaler,MLP,44,11,10,-0.0702,7.8289,9.5272,-0.1162,-0.3797,-0.1918
1,positive_training,ADK,HRSD_17.1,HRSD17,full,StandardScaler,LGBM,44,11,10,0.2563,6.6148,7.7549,0.3571,0.0858,0.1831
1,positive_training,ADK,HRSD_17.1,HRSD17,full,StandardScaler,CatBoost,44,11,10,0.2364,6.2027,7.6865,0.3368,0.1019,0.1598
1,positive_training,ADK,HRSD_17.1,HRSD17,full,MinMaxScaler,Ridge,44,11,15,-0.0246,7.7259,8.86,-0.0354,-0.1933,-0.1553
1,positive_training,ADK,HRSD_17.1,HRSD17,full,MinMaxScaler,Lasso,44,11,15,-0.0193,7.4746,8.6807,-0.0309,-0.1455,-0.1918
1,positive_training,ADK,HRSD_17.1,HRSD17,full,MinMaxScaler,ElasticNet,44,11,15,-0.0135,7.5206,8.6041,-0.0225,-0.1253,-0.0959
1,positive_training,ADK,HRSD_17.1,HRSD17,full,MinMaxScaler,SVR,44,11,15,-0.0939,7.8533,8.8788,-0.1893,-0.1984,-0.1416
1,positive_training,ADK,HRSD_17.1,HRSD17,full,MinMaxScaler,KNN,44,11,15,0.062,7.2208,8.385,0.0951,-0.0688,-0.0183
1,positive_training,ADK,HRSD_17.1,HRSD17,full,MinMaxScaler,RF,44,11,15,-0.045,7.5473,8.609,-0.09,-0.1266,-0.0868
1,positive_training,ADK,HRSD_17.1,HRSD17,full,MinMaxScaler,ET,44,11,15,0.0314,7.0791,8.4687,0.0523,-0.0902,0.0183
1,positive_training,ADK,HRSD_17.1,HRSD17,full,MinMaxScaler,GB,44,11,15,0.0182,7.1719,8.5232,0.0322,-0.1043,0.1553
1,positive_training,ADK,HRSD_17.1,HRSD17,full,MinMaxScaler,XGB,44,11,15,0.1074,6.7082,8.237,0.2054,-0.0314,0.2511
1,positive_training,ADK,HRSD_17.1,HRSD17,full,MinMaxScaler,MLP,44,11,15,0.0111,7.6477,8.9308,0.0157,-0.2124,-0.137
1,positive_training,ADK,HRSD_17.1,HRSD17,full,MinMaxScaler,LGBM,44,11,15,0.2552,6.551,7.4004,0.4261,0.1675,0.4371
1,positive_training,ADK,HRSD_17.1,HRSD17,full,MinMaxScaler,CatBoost,44,11,15,0.044,6.9866,8.3179,0.0931,-0.0517,-0.0228
1,positive_training,ADK,HRSD_17.1,HRSD17,full,RobustScaler,Ridge,44,11,10,-0.099,7.7628,9.146,-0.1464,-0.2716,-0.2557
1,positive_training,ADK,HRSD_17.1,HRSD17,full,RobustScaler,Lasso,44,11,10,-0.1036,7.9111,9.0474,-0.165,-0.2443,-0.3242
1,positive_training,ADK,HRSD_17.1,HRSD17,full,RobustScaler,ElasticNet,44,11,10,-0.0876,7.7458,8.9516,-0.1418,-0.2181,-0.2694
1,positive_training,ADK,HRSD_17.1,HRSD17,full,RobustScaler,SVR,44,11,10,-0.1818,8.1525,9.8348,-0.261,-0.4703,-0.1735
1,positive_training,ADK,HRSD_17.1,HRSD17,full,RobustScaler,KNN,44,11,10,-0.1108,7.8909,9.4164,-0.1517,-0.3479,-0.1644
1,positive_training,ADK,HRSD_17.1,HRSD17,full,RobustScaler,RF,44,11,10,0.059,7.0682,8.3694,0.0963,-0.0648,-0.137
1,positive_training,ADK,HRSD_17.1,HRSD17,full,RobustScaler,ET,44,11,10,0.032,7.0514,8.6555,0.0482,-0.1388,-0.1233
1,positive_training,ADK,HRSD_17.1,HRSD17,full,RobustScaler,GB,44,11,10,0.1581,6.4657,8.3283,0.2271,-0.0544,0.2329
1,positive_training,ADK,HRSD_17.1,HRSD17,full,RobustScaler,XGB,44,11,10,0.3515,5.6184,7.607,0.432,0.1204,0.4612
1,positive_training,ADK,HRSD_17.1,HRSD17,full,RobustScaler,MLP,44,11,10,-0.1279,8.1608,10.029,-0.2091,-0.5289,-0.2283
1,positive_training,ADK,HRSD_17.1,HRSD17,full,RobustScaler,LGBM,44,11,10,0.2705,6.5503,7.7758,0.3578,0.0809,0.2243
1,positive_training,ADK,HRSD_17.1,HRSD17,full,RobustScaler,CatBoost,44,11,10,0.0776,7.0046,8.2919,0.1218,-0.0451,0.0183
2,positive_training,ADK,HRSD_17.1,HRSD17,full,StandardScaler,Ridge,44,11,5,0.2461,7.0459,8.7647,0.2601,-0.216,0.1048
2,positive_training,ADK,HRSD_17.1,HRSD17,full,StandardScaler,Lasso,44,11,5,0.2473,7.04,8.8102,0.2605,-0.2287,0.1048
2,positive_training,ADK,HRSD_17.1,HRSD17,full,StandardScaler,ElasticNet,44,11,5,0.2472,7.0408,8.8069,0.2605,-0.2277,0.1048
2,positive_training,ADK,HRSD_17.1,HRSD17,full,StandardScaler,SVR,44,11,5,0.0031,7.0327,8.8105,0.0082,-0.2288,-0.0592
2,positive_training,ADK,HRSD_17.1,HRSD17,full,StandardScaler,KNN,44,11,5,0.145,7.2222,8.3826,0.1849,-0.1123,0.0911
2,positive_training,ADK,HRSD_17.1,HRSD17,full,StandardScaler,RF,44,11,5,0.2126,7.4191,8.454,0.2529,-0.1313,0.0228
2,positive_training,ADK,HRSD_17.1,HRSD17,full,StandardScaler,ET,44,11,5,0.0742,7.5815,8.9949,0.102,-0.2807,-0.0182
2,positive_training,ADK,HRSD_17.1,HRSD17,full,StandardScaler,GB,44,11,5,-0.0808,9.7562,11.7767,-0.0828,-1.1954,-0.1367
2,positive_training,ADK,HRSD_17.1,HRSD17,full,StandardScaler,XGB,44,11,5,0.0628,8.9634,10.572,0.0652,-0.7692,-0.0638
2,positive_training,ADK,HRSD_17.1,HRSD17,full,StandardScaler,MLP,44,11,5,0.3012,8.0203,9.2918,0.3014,-0.3667,0.041
2,positive_training,ADK,HRSD_17.1,HRSD17,full,StandardScaler,LGBM,44,11,5,0.1653,7.5337,8.4155,0.221,-0.121,0.1005
2,positive_training,ADK,HRSD_17.1,HRSD17,full,StandardScaler,CatBoost,44,11,5,0.1728,7.5754,8.6585,0.2045,-0.1867,-0.0137
2,positive_training,ADK,HRSD_17.1,HRSD17,full,MinMaxScaler,Ridge,44,11,10,0.2684,6.7127,8.0897,0.3001,-0.0359,0.0729
2,positive_training,ADK,HRSD_17.1,HRSD17,full,MinMaxScaler,Lasso,44,11,10,0.264,6.831,8.2779,0.2842,-0.0847,0.0957
2,positive_training,ADK,HRSD_17.1,HRSD17,full,MinMaxScaler,ElasticNet,44,11,10,0.2899,6.7032,8.1799,0.3123,-0.0591,0.0729
2,positive_training,ADK,HRSD_17.1,HRSD17,full,MinMaxScaler,SVR,44,11,10,0.1692,7.2404,8.8424,0.1801,-0.2377,0.1276
2,positive_training,ADK,HRSD_17.1,HRSD17,full,MinMaxScaler,KNN,44,11,10,0.1336,6.9818,8.9634,0.1497,-0.2718,0.032
2,positive_training,ADK,HRSD_17.1,HRSD17,full,MinMaxScaler,RF,44,11,10,0.0394,7.2641,8.6611,0.0579,-0.1874,0.0456
2,positive_training,ADK,HRSD_17.1,HRSD17,full,MinMaxScaler,ET,44,11,10,-0.0247,7.5582,8.9372,-0.0349,-0.2644,-0.1503
2,positive_training,ADK,HRSD_17.1,HRSD17,full,MinMaxScaler,GB,44,11,10,0.1214,7.1417,8.3535,0.1584,-0.1046,-0.1321
2,positive_training,ADK,HRSD_17.1,HRSD17,full,MinMaxScaler,XGB,44,11,10,0.0459,7.332,9.0285,0.0588,-0.2903,-0.2323
2,positive_training,ADK,HRSD_17.1,HRSD17,full,MinMaxScaler,MLP,44,11,10,0.1828,6.4741,8.3185,0.2758,-0.0953,0.123
2,positive_training,ADK,HRSD_17.1,HRSD17,full,MinMaxScaler,LGBM,44,11,10,-0.0475,7.0525,8.9914,-0.0937,-0.2797,-0.1625
2,positive_training,ADK,HRSD_17.1,HRSD17,full,MinMaxScaler,CatBoost,44,11,10,0.0546,7.1883,8.6363,0.0755,-0.1807,0.0137
2,positive_training,ADK,HRSD_17.1,HRSD17,full,RobustScaler,Ridge,44,11,10,0.2057,7.4579,8.8506,0.2144,-0.24,-0.0182
2,positive_training,ADK,HRSD_17.1,HRSD17,full,RobustScaler,Lasso,44,11,10,0.2069,7.9884,9.341,0.2096,-0.3812,0.0
2,positive_training,ADK,HRSD_17.1,HRSD17,full,RobustScaler,ElasticNet,44,11,10,0.204,7.8635,9.2193,0.2078,-0.3454,0.0
2,positive_training,ADK,HRSD_17.1,HRSD17,full,RobustScaler,SVR,44,11,10,-0.0149,7.1503,8.8042,-0.0397,-0.227,-0.1367
2,positive_training,ADK,HRSD_17.1,HRSD17,full,RobustScaler,KNN,44,11,10,-0.0204,8.3232,9.0747,-0.0275,-0.3036,-0.2779
2,positive_training,ADK,HRSD_17.1,HRSD17,full,RobustScaler,RF,44,11,10,0.1389,7.2815,8.2503,0.1904,-0.0775,0.0137
2,positive_training,ADK,HRSD_17.1,HRSD17,full,RobustScaler,ET,44,11,10,-0.0025,7.7541,8.9317,-0.0035,-0.2628,-0.123
2,positive_training,ADK,HRSD_17.1,HRSD17,full,RobustScaler,GB,44,11,10,-0.1089,8.8291,10.9483,-0.1107,-0.8974,-0.1503
2,positive_training,ADK,HRSD_17.1,HRSD17,full,RobustScaler,XGB,44,11,10,-0.0839,8.1152,9.7682,-0.0932,-0.5104,-0.1777
2,positive_training,ADK,HRSD_17.1,HRSD17,full,RobustScaler,MLP,44,11,10,0.4361,7.8677,8.752,0.4448,-0.2125,0.2961
2,positive_training,ADK,HRSD_17.1,HRSD17,full,RobustScaler,LGBM,44,11,10,0.2441,7.0172,7.8637,0.3693,0.0212,0.389
2,positive_training,ADK,HRSD_17.1,HRSD17,full,RobustScaler,CatBoost,44,11,10,0.1504,7.0949,8.07,0.2069,-0.0309,0.1002
3,positive_training,ADK,HRSD_17.1,HRSD17,full,StandardScaler,Ridge,44,11,5,-0.303,7.143,8.3917,-0.4947,-0.4596,-0.5023
3,positive_training,ADK,HRSD_17.1,HRSD17,full,StandardScaler,Lasso,44,11,5,-0.3301,7.2434,8.529,-0.52,-0.5077,-0.6027
3,positive_training,ADK,HRSD_17.1,HRSD17,full,StandardScaler,ElasticNet,44,11,5,-0.3219,7.2138,8.4871,-0.5125,-0.4929,-0.6027
3,positive_training,ADK,HRSD_17.1,HRSD17,full,StandardScaler,SVR,44,11,5,-0.0984,6.2353,8.1549,-0.1491,-0.3784,-0.2374
3,positive_training,ADK,HRSD_17.1,HRSD17,full,StandardScaler,KNN,44,11,5,-0.0156,6.2525,7.5488,-0.0235,-0.1811,-0.0868
3,positive_training,ADK,HRSD_17.1,HRSD17,full,StandardScaler,RF,44,11,5,-0.0164,6.2257,7.5526,-0.0265,-0.1823,-0.1553
3,positive_training,ADK,HRSD_17.1,HRSD17,full,StandardScaler,ET,44,11,5,-0.0864,6.9314,7.9659,-0.1181,-0.3152,-0.0731
3,positive_training,ADK,HRSD_17.1,HRSD17,full,StandardScaler,GB,44,11,5,-0.0795,6.648,8.0787,-0.0998,-0.3527,-0.0868
3,positive_training,ADK,HRSD_17.1,HRSD17,full,StandardScaler,XGB,44,11,5,-0.1019,6.9427,8.1283,-0.1287,-0.3694,-0.0457
3,positive_training,ADK,HRSD_17.1,HRSD17,full,StandardScaler,MLP,44,11,5,-0.2593,7.0187,8.881,-0.3105,-0.6347,-0.3562
3,positive_training,ADK,HRSD_17.1,HRSD17,full,StandardScaler,LGBM,44,11,5,0.1219,5.8702,7.3157,0.1539,-0.1092,0.0092
3,positive_training,ADK,HRSD_17.1,HRSD17,full,StandardScaler,CatBoost,44,11,5,-0.0038,6.0798,7.378,-0.006,-0.1282,0.0731
3,positive_training,ADK,HRSD_17.1,HRSD17,full,MinMaxScaler,Ridge,44,11,5,-0.0941,6.4262,7.5308,-0.206,-0.1754,-0.2146
3,positive_training,ADK,HRSD_17.1,HRSD17,full,MinMaxScaler,Lasso,44,11,5,-0.1242,6.4465,7.5943,-0.2643,-0.1954,-0.2831
3,positive_training,ADK,HRSD_17.1,HRSD17,full,MinMaxScaler,ElasticNet,44,11,5,-0.1105,6.4513,7.5919,-0.2209,-0.1946,-0.2283
3,positive_training,ADK,HRSD_17.1,HRSD17,full,MinMaxScaler,SVR,44,11,5,-0.0072,6.0409,7.7411,-0.0113,-0.242,-0.1598
3,positive_training,ADK,HRSD_17.1,HRSD17,full,MinMaxScaler,KNN,44,11,5,0.0283,5.8384,7.2212,0.0477,-0.0808,0.1396
3,positive_training,ADK,HRSD_17.1,HRSD17,full,MinMaxScaler,RF,44,11,5,-0.1515,6.4746,7.9682,-0.251,-0.316,-0.1142
3,positive_training,ADK,HRSD_17.1,HRSD17,full,MinMaxScaler,ET,44,11,5,-0.1659,6.8241,7.905,-0.282,-0.2952,-0.3379
3,positive_training,ADK,HRSD_17.1,HRSD17,full,MinMaxScaler,GB,44,11,5,-0.36,8.0389,9.3134,-0.424,-0.7978,-0.4064
3,positive_training,ADK,HRSD_17.1,HRSD17,full,MinMaxScaler,XGB,44,11,5,-0.2447,7.6462,8.8638,-0.2983,-0.6284,-0.169
3,positive_training,ADK,HRSD_17.1,HRSD17,full,MinMaxScaler,MLP,44,11,5,-0.1326,6.5249,7.7274,-0.2379,-0.2376,-0.2009
3,positive_training,ADK,HRSD_17.1,HRSD17,full,MinMaxScaler,LGBM,44,11,5,-0.0486,6.2965,7.747,-0.076,-0.2439,-0.2581
3,positive_training,ADK,HRSD_17.1,HRSD17,full,MinMaxScaler,CatBoost,44,11,5,-0.0777,6.312,7.5724,-0.1429,-0.1885,-0.1553
3,positive_training,ADK,HRSD_17.1,HRSD17,full,RobustScaler,Ridge,44,11,5,-0.3015,7.1301,8.3797,-0.4961,-0.4554,-0.5023
3,positive_training,ADK,HRSD_17.1,HRSD17,full,RobustScaler,Lasso,44,11,5,-0.3298,7.2416,8.5269,-0.5202,-0.507,-0.6027
3,positive_training,ADK,HRSD_17.1,HRSD17,full,RobustScaler,ElasticNet,44,11,5,-0.3211,7.2081,8.4811,-0.5131,-0.4908,-0.6027
3,positive_training,ADK,HRSD_17.1,HRSD17,full,RobustScaler,SVR,44,11,5,-0.1046,6.3869,8.1252,-0.1837,-0.3683,-0.2922
3,positive_training,ADK,HRSD_17.1,HRSD17,full,RobustScaler,KNN,44,11,5,0.1206,5.9091,7.1689,0.159,-0.0652,-0.119
3,positive_training,ADK,HRSD_17.1,HRSD17,full,RobustScaler,RF,44,11,5,-0.0164,6.2257,7.5526,-0.0265,-0.1823,-0.1553
3,positive_training,ADK,HRSD_17.1,HRSD17,full,RobustScaler,ET,44,11,5,-0.0864,6.9314,7.9659,-0.1181,-0.3152,-0.0731
3,positive_training,ADK,HRSD_17.1,HRSD17,full,RobustScaler,GB,44,11,5,-0.0795,6.648,8.0787,-0.0998,-0.3527,-0.0868
3,positive_training,ADK,HRSD_17.1,HRSD17,full,RobustScaler,XGB,44,11,5,-0.1019,6.9427,8.1283,-0.1287,-0.3694,-0.0457
3,positive_training,ADK,HRSD_17.1,HRSD17,full,RobustScaler,MLP,44,11,5,-0.2785,6.7576,8.5623,-0.3973,-0.5195,-0.3562
3,positive_training,ADK,HRSD_17.1,HRSD17,full,RobustScaler,LGBM,44,11,5,-0.041,6.6,8.0854,-0.053,-0.355,-0.195
3,positive_training,ADK,HRSD_17.1,HRSD17,full,RobustScaler,CatBoost,44,11,5,-0.0464,6.1788,7.5245,-0.0747,-0.1735,-0.0502
4,positive_training,ADK,HRSD_17.1,HRSD17,full,StandardScaler,Ridge,44,11,5,0.175,6.1293,6.859,0.2218,-0.9258,0.3645
4,positive_training,ADK,HRSD_17.1,HRSD17,full,StandardScaler,Lasso,44,11,5,0.1661,5.2997,6.151,0.2119,-0.5487,0.3645
4,positive_training,ADK,HRSD_17.1,HRSD17,full,StandardScaler,ElasticNet,44,11,5,0.1264,5.3773,6.2752,0.1711,-0.6119,0.4055
4,positive_training,ADK,HRSD_17.1,HRSD17,full,StandardScaler,SVR,44,11,5,0.1269,6.9898,7.729,0.1466,-1.4453,0.2961
4,positive_training,ADK,HRSD_17.1,HRSD17,full,StandardScaler,KNN,44,11,5,0.333,4.9091,5.7316,0.3392,-0.3447,0.4014
4,positive_training,ADK,HRSD_17.1,HRSD17,full,StandardScaler,RF,44,11,5,0.0311,6.2018,7.5074,0.0336,-1.3071,0.0
4,positive_training,ADK,HRSD_17.1,HRSD17,full,StandardScaler,ET,44,11,5,0.1648,5.8232,6.9736,0.1805,-0.9906,0.2146
4,positive_training,ADK,HRSD_17.1,HRSD17,full,StandardScaler,GB,44,11,5,-0.0264,6.7961,8.0064,-0.0288,-1.624,0.0774
4,positive_training,ADK,HRSD_17.1,HRSD17,full,StandardScaler,XGB,44,11,5,0.0128,7.4673,8.5352,0.0145,-1.982,0.1503
4,positive_training,ADK,HRSD_17.1,HRSD17,full,StandardScaler,MLP,44,11,5,0.1612,7.729,8.9441,0.22,-2.2746,0.3371
4,positive_training,ADK,HRSD_17.1,HRSD17,full,StandardScaler,LGBM,44,11,5,0.2678,6.3001,7.0836,0.3402,-1.0539,0.5174
4,positive_training,ADK,HRSD_17.1,HRSD17,full,StandardScaler,CatBoost,44,11,5,0.101,5.9195,7.0987,0.1095,-1.0627,0.1276
4,positive_training,ADK,HRSD_17.1,HRSD17,full,MinMaxScaler,Ridge,44,11,5,0.1514,6.0466,6.7344,0.1817,-0.8564,0.328
4,positive_training,ADK,HRSD_17.1,HRSD17,full,MinMaxScaler,Lasso,44,11,5,0.1817,6.4006,6.9666,0.2152,-0.9867,0.3371
4,positive_training,ADK,HRSD_17.1,HRSD17,full,MinMaxScaler,ElasticNet,44,11,5,0.1452,5.6912,6.4615,0.1757,-0.709,0.3371
4,positive_training,ADK,HRSD_17.1,HRSD17,full,MinMaxScaler,SVR,44,11,5,0.1171,6.973,7.7855,0.1361,-1.4812,0.246
4,positive_training,ADK,HRSD_17.1,HRSD17,full,MinMaxScaler,KNN,44,11,5,0.4244,5.7273,6.3301,0.4814,-0.6402,0.5845
4,positive_training,ADK,HRSD_17.1,HRSD17,full,MinMaxScaler,RF,44,11,5,0.1686,5.9677,6.8722,0.1868,-0.9332,0.2187
4,positive_training,ADK,HRSD_17.1,HRSD17,full,MinMaxScaler,ET,44,11,5,0.2336,5.9459,6.9758,0.2664,-0.9919,0.3918
4,positive_training,ADK,HRSD_17.1,HRSD17,full,MinMaxScaler,GB,44,11,5,0.0456,7.2231,8.1141,0.052,-1.695,0.1913
4,positive_training,ADK,HRSD_17.1,HRSD17,full,MinMaxScaler,XGB,44,11,5,0.0239,6.8604,8.0185,0.0263,-1.6319,0.2096
4,positive_training,ADK,HRSD_17.1,HRSD17,full,MinMaxScaler,MLP,44,11,5,0.1663,7.5804,8.2291,0.2107,-1.7719,0.3371
4,positive_training,ADK,HRSD_17.1,HRSD17,full,MinMaxScaler,LGBM,44,11,5,0.2086,5.8129,6.4788,0.2434,-0.7182,0.3632
4,positive_training,ADK,HRSD_17.1,HRSD17,full,MinMaxScaler,CatBoost,44,11,5,0.1309,6.6996,7.6868,0.1509,-1.4186,0.2278
4,positive_training,ADK,HRSD_17.1,HRSD17,full,RobustScaler,Ridge,44,11,5,0.2534,6.3422,7.1058,0.3062,-1.0669,0.5103
4,positive_training,ADK,HRSD_17.1,HRSD17,full,RobustScaler,Lasso,44,11,5,0.2518,6.3474,7.0908,0.3048,-1.0581,0.5103
4,positive_training,ADK,HRSD_17.1,HRSD17,full,RobustScaler,ElasticNet,44,11,5,0.2494,6.3702,7.0731,0.3038,-1.0479,0.5103
4,positive_training,ADK,HRSD_17.1,HRSD17,full,RobustScaler,SVR,44,11,5,0.1718,7.3042,8.0078,0.2092,-1.6249,0.3554
4,positive_training,ADK,HRSD_17.1,HRSD17,full,RobustScaler,KNN,44,11,5,0.2754,5.8909,6.7657,0.3041,-0.8737,0.4647
4,positive_training,ADK,HRSD_17.1,HRSD17,full,RobustScaler,RF,44,11,5,0.0311,6.2018,7.5074,0.0336,-1.3071,0.0
4,positive_training,ADK,HRSD_17.1,HRSD17,full,RobustScaler,ET,44,11,5,0.1648,5.8232,6.9736,0.1805,-0.9906,0.2146
4,positive_training,ADK,HRSD_17.1,HRSD17,full,RobustScaler,GB,44,11,5,-0.0264,6.7961,8.0064,-0.0288,-1.624,0.0774
4,positive_training,ADK,HRSD_17.1,HRSD17,full,RobustScaler,XGB,44,11,5,0.0128,7.4673,8.5352,0.0145,-1.982,0.1503
4,positive_training,ADK,HRSD_17.1,HRSD17,full,RobustScaler,MLP,44,11,5,0.1518,7.9485,9.0758,0.2097,-2.3717,0.4282
4,positive_training,ADK,HRSD_17.1,HRSD17,full,RobustScaler,LGBM,44,11,5,0.2661,6.0421,6.8149,0.3317,-0.9011,0.5174
4,positive_training,ADK,HRSD_17.1,HRSD17,full,RobustScaler,CatBoost,44,11,5,0.101,5.9195,7.0987,0.1095,-1.0627,0.1276
5,positive_training,ADK,HRSD_17.1,HRSD17,full,StandardScaler,Ridge,44,11,10,0.33,9.1478,10.8911,0.3396,-0.0849,0.1058
5,positive_training,ADK,HRSD_17.1,HRSD17,full,StandardScaler,Lasso,44,11,10,0.4123,11.1824,13.7614,0.4384,-0.732,0.0506
5,positive_training,ADK,HRSD_17.1,HRSD17,full,StandardScaler,ElasticNet,44,11,10,0.3968,10.1389,11.9128,0.3985,-0.2979,0.0598
5,positive_training,ADK,HRSD_17.1,HRSD17,full,StandardScaler,SVR,44,11,10,-0.4212,12.2679,13.7119,-0.5567,-0.7196,-0.5426
5,positive_training,ADK,HRSD_17.1,HRSD17,full,StandardScaler,KNN,44,11,10,-0.1567,10.8182,12.4604,-0.2362,-0.42,-0.2299
5,positive_training,ADK,HRSD_17.1,HRSD17,full,StandardScaler,RF,44,11,10,-0.0616,9.945,11.1753,-0.1292,-0.1422,-0.1839
5,positive_training,ADK,HRSD_17.1,HRSD17,full,StandardScaler,ET,44,11,10,-0.2052,10.59,11.9473,-0.4295,-0.3055,-0.446
5,positive_training,ADK,HRSD_17.1,HRSD17,full,StandardScaler,GB,44,11,10,-0.015,9.5061,11.6677,-0.0222,-0.2451,-0.0506
5,positive_training,ADK,HRSD_17.1,HRSD17,full,StandardScaler,XGB,44,11,10,0.0543,9.3939,11.2872,0.0895,-0.1652,0.115
5,positive_training,ADK,HRSD_17.1,HRSD17,full,StandardScaler,MLP,44,11,10,0.3675,10.626,12.3547,0.3692,-0.396,-0.0414
5,positive_training,ADK,HRSD_17.1,HRSD17,full,StandardScaler,LGBM,44,11,10,0.1275,9.322,10.243,0.2462,0.0404,0.092
5,positive_training,ADK,HRSD_17.1,HRSD17,full,StandardScaler,CatBoost,44,11,10,-0.0645,9.8325,11.3449,-0.111,-0.1771,-0.1241
5,positive_training,ADK,HRSD_17.1,HRSD17,full,MinMaxScaler,Ridge,44,11,10,0.1004,9.6496,10.7313,0.1456,-0.0533,0.1195
5,positive_training,ADK,HRSD_17.1,HRSD17,full,MinMaxScaler,Lasso,44,11,10,0.1605,9.2058,10.3571,0.2404,0.0189,0.2207
5,positive_training,ADK,HRSD_17.1,HRSD17,full,MinMaxScaler,ElasticNet,44,11,10,0.1111,9.6776,10.8239,0.1514,-0.0715,0.1195
5,positive_training,ADK,HRSD_17.1,HRSD17,full,MinMaxScaler,SVR,44,11,10,0.1097,9.9509,11.1716,0.1324,-0.1414,0.0736
5,positive_training,ADK,HRSD_17.1,HRSD17,full,MinMaxScaler,KNN,44,11,10,0.0885,9.2,10.5806,0.1418,-0.0239,0.1455
5,positive_training,ADK,HRSD_17.1,HRSD17,full,MinMaxScaler,RF,44,11,10,0.0328,9.3418,10.9676,0.0633,-0.1001,0.1563
5,positive_training,ADK,HRSD_17.1,HRSD17,full,MinMaxScaler,ET,44,11,10,0.0512,9.3509,10.6872,0.1055,-0.0446,0.0874
5,positive_training,ADK,HRSD_17.1,HRSD17,full,MinMaxScaler,GB,44,11,10,0.065,8.9244,11.3828,0.113,-0.185,0.0
5,positive_training,ADK,HRSD_17.1,HRSD17,full,MinMaxScaler,XGB,44,11,10,0.2616,7.7784,10.1717,0.3708,0.0537,0.2437
5,positive_training,ADK,HRSD_17.1,HRSD17,full,MinMaxScaler,MLP,44,11,10,0.1103,10.02,10.8685,0.1755,-0.0803,-0.0184
5,positive_training,ADK,HRSD_17.1,HRSD17,full,MinMaxScaler,LGBM,44,11,10,-0.0231,10.0564,11.2759,-0.0444,-0.1629,-0.106
5,positive_training,ADK,HRSD_17.1,HRSD17,full,MinMaxScaler,CatBoost,44,11,10,0.0283,9.4852,11.0585,0.0514,-0.1185,0.0644
5,positive_training,ADK,HRSD_17.1,HRSD17,full,RobustScaler,Ridge,44,11,5,0.3331,9.2455,9.7296,0.4071,0.1342,0.377
5,positive_training,ADK,HRSD_17.1,HRSD17,full,RobustScaler,Lasso,44,11,5,0.3283,9.2587,9.7312,0.406,0.1339,0.377
5,positive_training,ADK,HRSD_17.1,HRSD17,full,RobustScaler,ElasticNet,44,11,5,0.3238,9.2457,9.722,0.405,0.1356,0.377
5,positive_training,ADK,HRSD_17.1,HRSD17,full,RobustScaler,SVR,44,11,5,-0.4426,12.4283,14.5325,-0.5089,-0.9315,-0.4736
5,positive_training,ADK,HRSD_17.1,HRSD17,full,RobustScaler,KNN,44,11,5,-0.1516,11.2121,12.6938,-0.1853,-0.4737,-0.2691
5,positive_training,ADK,HRSD_17.1,HRSD17,full,RobustScaler,RF,44,11,5,0.1249,9.1628,10.1729,0.2628,0.0535,0.1609
5,positive_training,ADK,HRSD_17.1,HRSD17,full,RobustScaler,ET,44,11,5,-0.105,10.2595,11.4213,-0.2062,-0.193,-0.3494
5,positive_training,ADK,HRSD_17.1,HRSD17,full,RobustScaler,GB,44,11,5,-0.0221,10.0423,11.7647,-0.0323,-0.2659,-0.069
5,positive_training,ADK,HRSD_17.1,HRSD17,full,RobustScaler,XGB,44,11,5,0.0627,9.9434,11.1249,0.0969,-0.1319,0.1563
5,positive_training,ADK,HRSD_17.1,HRSD17,full,RobustScaler,MLP,44,11,5,0.3604,9.0202,9.8198,0.4101,0.1181,0.2529
5,positive_training,ADK,HRSD_17.1,HRSD17,full,RobustScaler,LGBM,44,11,5,0.1654,9.2715,10.1199,0.3044,0.0634,0.1953
5,positive_training,ADK,HRSD_17.1,HRSD17,full,RobustScaler,CatBoost,44,11,5,-0.0531,10.1173,11.3992,-0.0842,-0.1884,-0.115
1,positive_training,ADK,HRSD_21.1,HRSD21,full,StandardScaler,Ridge,44,11,5,-0.2104,9.1638,10.9372,-0.264,-0.5096,-0.3303
1,positive_training,ADK,HRSD_21.1,HRSD21,full,StandardScaler,Lasso,44,11,5,-0.2059,9.1424,10.9555,-0.2557,-0.5147,-0.3303
1,positive_training,ADK,HRSD_21.1,HRSD21,full,StandardScaler,ElasticNet,44,11,5,-0.2143,9.1817,10.9117,-0.2721,-0.5026,-0.3303
1,positive_training,ADK,HRSD_21.1,HRSD21,full,StandardScaler,SVR,44,11,5,-0.2947,9.588,11.419,-0.4015,-0.6456,-0.4404
1,positive_training,ADK,HRSD_21.1,HRSD21,full,StandardScaler,KNN,44,11,5,-0.0062,8.202,9.5293,-0.0099,-0.146,-0.1193
1,positive_training,ADK,HRSD_21.1,HRSD21,full,StandardScaler,RF,44,11,5,0.0827,7.6845,8.9966,0.1401,-0.0214,0.0183
1,positive_training,ADK,HRSD_21.1,HRSD21,full,StandardScaler,ET,44,11,5,-0.0444,8.15,9.8469,-0.0632,-0.2236,-0.0459
1,positive_training,ADK,HRSD_21.1,HRSD21,full,StandardScaler,GB,44,11,5,0.4311,6.4886,7.4761,0.6617,0.2947,0.6606
1,positive_training,ADK,HRSD_21.1,HRSD21,full,StandardScaler,XGB,44,11,5,0.4975,5.7323,6.9563,0.6569,0.3893,0.5872
1,positive_training,ADK,HRSD_21.1,HRSD21,full,StandardScaler,MLP,44,11,5,-0.281,9.6795,11.7757,-0.3413,-0.75,-0.4587
1,positive_training,ADK,HRSD_21.1,HRSD21,full,StandardScaler,LGBM,44,11,5,0.1278,7.6542,9.1645,0.1932,-0.0599,0.0046
1,positive_training,ADK,HRSD_21.1,HRSD21,full,StandardScaler,CatBoost,44,11,5,-0.0175,8.1124,9.8195,-0.0248,-0.2168,-0.1376
1,positive_training,ADK,HRSD_21.1,HRSD21,full,MinMaxScaler,Ridge,44,11,15,-0.028,8.5283,10.0432,-0.0355,-0.2729,-0.2569
1,positive_training,ADK,HRSD_21.1,HRSD21,full,MinMaxScaler,Lasso,44,11,15,-0.0727,8.6646,10.0555,-0.0995,-0.276,-0.2202
1,positive_training,ADK,HRSD_21.1,HRSD21,full,MinMaxScaler,ElasticNet,44,11,15,-0.0108,8.3527,9.7314,-0.0149,-0.1951,-0.211
1,positive_training,ADK,HRSD_21.1,HRSD21,full,MinMaxScaler,SVR,44,11,15,-0.0408,8.339,10.0248,-0.0545,-0.2683,-0.2569
1,positive_training,ADK,HRSD_21.1,HRSD21,full,MinMaxScaler,KNN,44,11,15,-0.0244,8.2597,9.9483,-0.0318,-0.249,-0.1747
1,positive_training,ADK,HRSD_21.1,HRSD21,full,MinMaxScaler,RF,44,11,15,0.0804,7.7453,8.9227,0.1479,-0.0047,0.1376
1,positive_training,ADK,HRSD_21.1,HRSD21,full,MinMaxScaler,ET,44,11,15,0.027,7.8582,9.4571,0.0408,-0.1287,-0.1101
1,positive_training,ADK,HRSD_21.1,HRSD21,full,MinMaxScaler,GB,44,11,15,0.1226,7.2429,9.7187,0.148,-0.192,-0.1651
1,positive_training,ADK,HRSD_21.1,HRSD21,full,MinMaxScaler,XGB,44,11,15,0.1024,7.2343,9.2096,0.1542,-0.0704,0.1835
1,positive_training,ADK,HRSD_21.1,HRSD21,full,MinMaxScaler,MLP,44,11,15,-0.0305,8.8087,10.2597,-0.037,-0.3284,-0.2569
1,positive_training,ADK,HRSD_21.1,HRSD21,full,MinMaxScaler,LGBM,44,11,15,0.3173,7.1185,7.8743,0.4819,0.2175,0.4037
1,positive_training,ADK,HRSD_21.1,HRSD21,full,MinMaxScaler,CatBoost,44,11,15,0.132,7.3396,8.7962,0.2107,0.0236,0.2202
1,positive_training,ADK,HRSD_21.1,HRSD21,full,RobustScaler,Ridge,44,11,10,-0.1116,8.6709,10.2171,-0.1538,-0.3174,-0.2385
1,positive_training,ADK,HRSD_21.1,HRSD21,full,RobustScaler,Lasso,44,11,10,-0.1428,8.9948,10.204,-0.2133,-0.314,-0.3486
1,positive_training,ADK,HRSD_21.1,HRSD21,full,RobustScaler,ElasticNet,44,11,10,-0.1295,8.8407,10.1952,-0.1872,-0.3117,-0.3028
1,positive_training,ADK,HRSD_21.1,HRSD21,full,RobustScaler,SVR,44,11,10,-0.2288,9.2284,10.9066,-0.3333,-0.5012,-0.211
1,positive_training,ADK,HRSD_21.1,HRSD21,full,RobustScaler,KNN,44,11,10,-0.0736,8.6727,10.2327,-0.0978,-0.3214,-0.1379
1,positive_training,ADK,HRSD_21.1,HRSD21,full,RobustScaler,RF,44,11,10,0.0717,7.6982,9.3307,0.1021,-0.0987,-0.0917
1,positive_training,ADK,HRSD_21.1,HRSD21,full,RobustScaler,ET,44,11,10,0.0604,7.8482,9.3831,0.0882,-0.1111,-0.1835
1,positive_training,ADK,HRSD_21.1,HRSD21,full,RobustScaler,GB,44,11,10,0.1112,7.5244,9.4836,0.1542,-0.135,0.0826
1,positive_training,ADK,HRSD_21.1,HRSD21,full,RobustScaler,XGB,44,11,10,0.2571,6.5599,8.7401,0.3458,0.036,0.3395
1,positive_training,ADK,HRSD_21.1,HRSD21,full,RobustScaler,MLP,44,11,10,-0.1649,8.8795,11.0196,-0.2612,-0.5325,-0.4037
1,positive_training,ADK,HRSD_21.1,HRSD21,full,RobustScaler,LGBM,44,11,10,0.3123,7.0747,8.4512,0.4028,0.0986,0.2943
1,positive_training,ADK,HRSD_21.1,HRSD21,full,RobustScaler,CatBoost,44,11,10,0.1078,7.4346,9.1623,0.1578,-0.0594,-0.0092
2,positive_training,ADK,HRSD_21.1,HRSD21,full,StandardScaler,Ridge,44,11,10,-0.1352,9.279,11.951,-0.2158,-0.7067,-0.3341
2,positive_training,ADK,HRSD_21.1,HRSD21,full,StandardScaler,Lasso,44,11,10,-0.0686,8.3595,10.8842,-0.141,-0.4156,-0.2105
2,positive_training,ADK,HRSD_21.1,HRSD21,full,StandardScaler,ElasticNet,44,11,10,-0.0269,8.3029,10.2528,-0.0484,-0.2561,-0.2014
2,positive_training,ADK,HRSD_21.1,HRSD21,full,StandardScaler,SVR,44,11,10,0.0241,7.8668,10.002,0.0594,-0.1954,0.1098
2,positive_training,ADK,HRSD_21.1,HRSD21,full,StandardScaler,KNN,44,11,10,0.0872,8.0649,10.674,0.1518,-0.3615,0.2197
2,positive_training,ADK,HRSD_21.1,HRSD21,full,StandardScaler,RF,44,11,10,0.0108,8.2648,10.0825,0.0196,-0.2147,-0.0275
2,positive_training,ADK,HRSD_21.1,HRSD21,full,StandardScaler,ET,44,11,10,0.006,8.3695,10.1479,0.0117,-0.2305,-0.119
2,positive_training,ADK,HRSD_21.1,HRSD21,full,StandardScaler,GB,44,11,10,-0.0496,9.3592,11.021,-0.0702,-0.4514,-0.238
2,positive_training,ADK,HRSD_21.1,HRSD21,full,StandardScaler,XGB,44,11,10,-0.0599,9.1872,11.2109,-0.0938,-0.5019,-0.1693
2,positive_training,ADK,HRSD_21.1,HRSD21,full,StandardScaler,MLP,44,11,10,-0.0522,8.1002,11.8758,-0.1604,-0.6853,-0.1007
2,positive_training,ADK,HRSD_21.1,HRSD21,full,StandardScaler,LGBM,44,11,10,-0.0953,8.9217,11.207,-0.1403,-0.5008,-0.2069
2,positive_training,ADK,HRSD_21.1,HRSD21,full,StandardScaler,CatBoost,44,11,10,0.0358,8.8886,10.3397,0.049,-0.2775,-0.1007
2,positive_training,ADK,HRSD_21.1,HRSD21,full,MinMaxScaler,Ridge,44,11,10,0.0573,8.1422,9.8856,0.0828,-0.1678,0.0503
2,positive_training,ADK,HRSD_21.1,HRSD21,full,MinMaxScaler,Lasso,44,11,10,-0.0618,8.5563,10.8362,-0.1025,-0.4031,-0.1922
2,positive_training,ADK,HRSD_21.1,HRSD21,full,MinMaxScaler,ElasticNet,44,11,10,0.0031,8.412,10.3437,0.0046,-0.2785,-0.1693
2,positive_training,ADK,HRSD_21.1,HRSD21,full,MinMaxScaler,SVR,44,11,10,0.0368,8.2261,9.992,0.0526,-0.193,-0.1693
2,positive_training,ADK,HRSD_21.1,HRSD21,full,MinMaxScaler,KNN,44,11,10,-0.0327,8.7818,10.87,-0.0465,-0.4119,-0.0831
2,positive_training,ADK,HRSD_21.1,HRSD21,full,MinMaxScaler,RF,44,11,10,0.0314,8.3549,10.0276,0.0505,-0.2016,-0.0549
2,positive_training,ADK,HRSD_21.1,HRSD21,full,MinMaxScaler,ET,44,11,10,0.0279,8.6873,10.2,0.0442,-0.2432,-0.0915
2,positive_training,ADK,HRSD_21.1,HRSD21,full,MinMaxScaler,GB,44,11,10,0.061,8.6917,10.3936,0.0845,-0.2909,-0.0687
2,positive_training,ADK,HRSD_21.1,HRSD21,full,MinMaxScaler,XGB,44,11,10,0.0052,9.4334,10.9619,0.0068,-0.4359,-0.032
2,positive_training,ADK,HRSD_21.1,HRSD21,full,MinMaxScaler,MLP,44,11,10,0.0668,7.981,9.7523,0.104,-0.1365,0.032
2,positive_training,ADK,HRSD_21.1,HRSD21,full,MinMaxScaler,LGBM,44,11,10,-0.0314,8.3552,10.2436,-0.0538,-0.2539,-0.1648
2,positive_training,ADK,HRSD_21.1,HRSD21,full,MinMaxScaler,CatBoost,44,11,10,0.0272,8.5642,10.2593,0.0406,-0.2577,0.0778
2,positive_training,ADK,HRSD_21.1,HRSD21,full,RobustScaler,Ridge,44,11,5,-0.1069,8.8155,10.88,-0.1348,-0.4145,-0.1648
2,positive_training,ADK,HRSD_21.1,HRSD21,full,RobustScaler,Lasso,44,11,5,-0.1108,8.8187,10.9187,-0.1386,-0.4246,-0.1648
2,positive_training,ADK,HRSD_21.1,HRSD21,full,RobustScaler,ElasticNet,44,11,5,-0.0277,8.6696,10.1343,-0.0385,-0.2273,-0.0915
2,positive_training,ADK,HRSD_21.1,HRSD21,full,RobustScaler,SVR,44,11,5,0.126,7.6656,9.445,0.2572,-0.066,0.1785
2,positive_training,ADK,HRSD_21.1,HRSD21,full,RobustScaler,KNN,44,11,5,0.0292,8.8,10.213,0.0415,-0.2464,-0.1007
2,positive_training,ADK,HRSD_21.1,HRSD21,full,RobustScaler,RF,44,11,5,0.0146,8.2982,9.5679,0.0258,-0.0939,-0.0412
2,positive_training,ADK,HRSD_21.1,HRSD21,full,RobustScaler,ET,44,11,5,-0.0331,8.1579,9.664,-0.0694,-0.116,-0.1968
2,positive_training,ADK,HRSD_21.1,HRSD21,full,RobustScaler,GB,44,11,5,0.1084,8.5043,10.1691,0.121,-0.2357,0.0549
2,positive_training,ADK,HRSD_21.1,HRSD21,full,RobustScaler,XGB,44,11,5,0.1182,8.2886,9.6924,0.1521,-0.1226,-0.1465
2,positive_training,ADK,HRSD_21.1,HRSD21,full,RobustScaler,MLP,44,11,5,0.0286,8.6922,9.7082,0.0434,-0.1262,-0.0275
2,positive_training,ADK,HRSD_21.1,HRSD21,full,RobustScaler,LGBM,44,11,5,0.0416,7.7528,9.4183,0.0827,-0.06,0.2042
2,positive_training,ADK,HRSD_21.1,HRSD21,full,RobustScaler,CatBoost,44,11,5,-0.0263,8.4837,9.7482,-0.0523,-0.1355,-0.2243
3,positive_training,ADK,HRSD_21.1,HRSD21,full,StandardScaler,Ridge,44,11,5,-0.1705,7.1405,8.6187,-0.3143,-0.2756,-0.287
3,positive_training,ADK,HRSD_21.1,HRSD21,full,StandardScaler,Lasso,44,11,5,-0.1207,6.8206,8.3075,-0.2743,-0.1852,-0.2096
3,positive_training,ADK,HRSD_21.1,HRSD21,full,StandardScaler,ElasticNet,44,11,5,-0.252,7.4562,8.9774,-0.4295,-0.384,-0.41
3,positive_training,ADK,HRSD_21.1,HRSD21,full,StandardScaler,SVR,44,11,5,-0.1165,6.8854,9.2068,-0.1607,-0.4557,-0.3007
3,positive_training,ADK,HRSD_21.1,HRSD21,full,StandardScaler,KNN,44,11,5,-0.0072,6.6364,8.3391,-0.0103,-0.1942,-0.0137
3,positive_training,ADK,HRSD_21.1,HRSD21,full,StandardScaler,RF,44,11,5,-0.0493,6.8353,8.5386,-0.0783,-0.252,-0.2187
3,positive_training,ADK,HRSD_21.1,HRSD21,full,StandardScaler,ET,44,11,5,-0.0764,7.3402,8.7698,-0.103,-0.3208,0.0364
3,positive_training,ADK,HRSD_21.1,HRSD21,full,StandardScaler,GB,44,11,5,-0.0729,7.4133,9.0987,-0.0859,-0.4217,0.0866
3,positive_training,ADK,HRSD_21.1,HRSD21,full,StandardScaler,XGB,44,11,5,0.0184,6.9667,8.4235,0.0233,-0.2185,0.0638
3,positive_training,ADK,HRSD_21.1,HRSD21,full,StandardScaler,MLP,44,11,5,-0.2185,7.3372,9.5555,-0.2653,-0.568,-0.3462
3,positive_training,ADK,HRSD_21.1,HRSD21,full,StandardScaler,LGBM,44,11,5,0.057,6.6196,8.3749,0.0717,-0.2045,-0.1187
3,positive_training,ADK,HRSD_21.1,HRSD21,full,StandardScaler,CatBoost,44,11,5,-0.0578,6.6871,8.4141,-0.0864,-0.2158,-0.2187
3,positive_training,ADK,HRSD_21.1,HRSD21,full,MinMaxScaler,Ridge,44,11,5,-0.0895,6.8525,8.3027,-0.1887,-0.1838,-0.1048
3,positive_training,ADK,HRSD_21.1,HRSD21,full,MinMaxScaler,Lasso,44,11,5,-0.0996,6.7635,8.2833,-0.2027,-0.1783,-0.1139
3,positive_training,ADK,HRSD_21.1,HRSD21,full,MinMaxScaler,ElasticNet,44,11,5,-0.1026,6.856,8.3504,-0.1965,-0.1974,-0.0547
3,positive_training,ADK,HRSD_21.1,HRSD21,full,MinMaxScaler,SVR,44,11,5,-0.0463,6.3992,8.6252,-0.0715,-0.2776,-0.123
3,positive_training,ADK,HRSD_21.1,HRSD21,full,MinMaxScaler,KNN,44,11,5,0.0286,6.2626,7.984,0.0455,-0.0947,0.1416
3,positive_training,ADK,HRSD_21.1,HRSD21,full,MinMaxScaler,RF,44,11,5,-0.1641,7.0238,8.8814,-0.2772,-0.3546,-0.1048
3,positive_training,ADK,HRSD_21.1,HRSD21,full,MinMaxScaler,ET,44,11,5,-0.0312,7.1127,8.3581,-0.0469,-0.1997,-0.1686
3,positive_training,ADK,HRSD_21.1,HRSD21,full,MinMaxScaler,GB,44,11,5,-0.3246,8.3263,10.2696,-0.3678,-0.8111,-0.369
3,positive_training,ADK,HRSD_21.1,HRSD21,full,MinMaxScaler,XGB,44,11,5,-0.2331,7.6696,9.6218,-0.2811,-0.5899,-0.1412
3,positive_training,ADK,HRSD_21.1,HRSD21,full,MinMaxScaler,MLP,44,11,5,-0.1112,6.8362,8.3718,-0.2125,-0.2036,-0.1048
3,positive_training,ADK,HRSD_21.1,HRSD21,full,MinMaxScaler,LGBM,44,11,5,-0.023,6.8617,8.5692,-0.0334,-0.261,-0.194
3,positive_training,ADK,HRSD_21.1,HRSD21,full,MinMaxScaler,CatBoost,44,11,5,-0.0937,6.5121,8.3873,-0.1619,-0.2081,-0.0547
3,positive_training,ADK,HRSD_21.1,HRSD21,full,RobustScaler,Ridge,44,11,5,-0.1722,7.0768,8.5806,-0.3333,-0.2644,-0.246
3,positive_training,ADK,HRSD_21.1,HRSD21,full,RobustScaler,Lasso,44,11,5,-0.1324,6.803,8.3074,-0.3289,-0.1851,-0.1822
3,positive_training,ADK,HRSD_21.1,HRSD21,full,RobustScaler,ElasticNet,44,11,5,-0.2518,7.4198,8.9575,-0.438,-0.3779,-0.3645
3,positive_training,ADK,HRSD_21.1,HRSD21,full,RobustScaler,SVR,44,11,5,-0.1163,7.0344,9.1669,-0.1829,-0.4431,-0.3235
3,positive_training,ADK,HRSD_21.1,HRSD21,full,RobustScaler,KNN,44,11,5,0.1206,6.4364,7.98,0.1521,-0.0936,0.1096
3,positive_training,ADK,HRSD_21.1,HRSD21,full,RobustScaler,RF,44,11,5,-0.0493,6.8353,8.5386,-0.0783,-0.252,-0.2187
3,positive_training,ADK,HRSD_21.1,HRSD21,full,RobustScaler,ET,44,11,5,-0.0764,7.3402,8.7698,-0.103,-0.3208,0.0364
3,positive_training,ADK,HRSD_21.1,HRSD21,full,RobustScaler,GB,44,11,5,-0.0729,7.4133,9.0987,-0.0859,-0.4217,0.0866
3,positive_training,ADK,HRSD_21.1,HRSD21,full,RobustScaler,XGB,44,11,5,0.0184,6.9667,8.4235,0.0233,-0.2185,0.0638
3,positive_training,ADK,HRSD_21.1,HRSD21,full,RobustScaler,MLP,44,11,5,-0.3258,7.3581,9.4747,-0.4822,-0.5416,-0.451
3,positive_training,ADK,HRSD_21.1,HRSD21,full,RobustScaler,LGBM,44,11,5,-0.1115,7.6085,9.2782,-0.1421,-0.4783,-0.2517
3,positive_training,ADK,HRSD_21.1,HRSD21,full,RobustScaler,CatBoost,44,11,5,-0.0653,6.6893,8.4539,-0.0973,-0.2273,-0.2096
4,positive_training,ADK,HRSD_21.1,HRSD21,full,StandardScaler,Ridge,44,11,5,0.062,10.3357,11.7654,0.0857,-2.8433,0.2688
4,positive_training,ADK,HRSD_21.1,HRSD21,full,StandardScaler,Lasso,44,11,5,0.0617,10.2887,11.7117,0.085,-2.8084,0.2688
4,positive_training,ADK,HRSD_21.1,HRSD21,full,StandardScaler,ElasticNet,44,11,5,0.0614,10.2401,11.6573,0.0843,-2.773,0.2688
4,positive_training,ADK,HRSD_21.1,HRSD21,full,StandardScaler,SVR,44,11,5,0.0545,8.2852,9.6065,0.0613,-1.5623,0.2005
4,positive_training,ADK,HRSD_21.1,HRSD21,full,StandardScaler,KNN,44,11,5,0.4027,5.7636,6.6472,0.4205,-0.2268,0.5467
4,positive_training,ADK,HRSD_21.1,HRSD21,full,StandardScaler,RF,44,11,5,-0.052,7.4318,9.1763,-0.0588,-1.3379,-0.0273
4,positive_training,ADK,HRSD_21.1,HRSD21,full,StandardScaler,ET,44,11,5,0.0701,6.9109,8.7579,0.0759,-1.1296,0.1595
4,positive_training,ADK,HRSD_21.1,HRSD21,full,StandardScaler,GB,44,11,5,-0.0781,10.0416,12.6319,-0.0998,-3.4303,-0.1458
4,positive_training,ADK,HRSD_21.1,HRSD21,full,StandardScaler,XGB,44,11,5,-0.041,9.2845,12.2341,-0.0509,-3.1557,-0.1503
4,positive_training,ADK,HRSD_21.1,HRSD21,full,StandardScaler,MLP,44,11,5,0.086,8.9185,10.6336,0.1073,-2.1395,0.1412
4,positive_training,ADK,HRSD_21.1,HRSD21,full,StandardScaler,LGBM,44,11,5,-0.2434,8.5517,9.5124,-0.2897,-1.5123,-0.0548
4,positive_training,ADK,HRSD_21.1,HRSD21,full,StandardScaler,CatBoost,44,11,5,-0.0055,8.4302,10.5581,-0.0067,-2.0951,-0.1139
4,positive_training,ADK,HRSD_21.1,HRSD21,full,MinMaxScaler,Ridge,44,11,5,0.032,6.8331,8.0075,0.0373,-0.7803,0.1276
4,positive_training,ADK,HRSD_21.1,HRSD21,full,MinMaxScaler,Lasso,44,11,5,0.0233,7.4633,8.9247,0.0255,-1.2115,0.1412
4,positive_training,ADK,HRSD_21.1,HRSD21,full,MinMaxScaler,ElasticNet,44,11,5,0.0306,7.3877,8.6754,0.0345,-1.0897,0.1185
4,positive_training,ADK,HRSD_21.1,HRSD21,full,MinMaxScaler,SVR,44,11,5,0.0957,8.3677,10.5831,0.1091,-2.1097,0.1595
4,positive_training,ADK,HRSD_21.1,HRSD21,full,MinMaxScaler,KNN,44,11,5,0.2446,6.3273,7.5837,0.266,-0.5968,0.3744
4,positive_training,ADK,HRSD_21.1,HRSD21,full,MinMaxScaler,RF,44,11,5,-0.0585,7.1828,8.6679,-0.0753,-1.0861,-0.0319
4,positive_training,ADK,HRSD_21.1,HRSD21,full,MinMaxScaler,ET,44,11,5,0.1648,7.11,8.617,0.1934,-1.0616,0.3462
4,positive_training,ADK,HRSD_21.1,HRSD21,full,MinMaxScaler,GB,44,11,5,0.0194,8.2572,11.4897,0.0242,-2.6654,-0.0911
4,positive_training,ADK,HRSD_21.1,HRSD21,full,MinMaxScaler,XGB,44,11,5,-0.0161,8.5176,11.2309,-0.0193,-2.5021,0.0456
4,positive_training,ADK,HRSD_21.1,HRSD21,full,MinMaxScaler,MLP,44,11,5,0.0318,7.6449,8.8249,0.0377,-1.1623,0.0957
4,positive_training,ADK,HRSD_21.1,HRSD21,full,MinMaxScaler,LGBM,44,11,5,-0.1476,7.4864,8.7798,-0.1811,-1.1402,-0.0736
4,positive_training,ADK,HRSD_21.1,HRSD21,full,MinMaxScaler,CatBoost,44,11,5,-0.0122,8.2625,10.455,-0.0143,-2.0349,-0.0774
4,positive_training,ADK,HRSD_21.1,HRSD21,full,RobustScaler,Ridge,44,11,5,0.0619,10.3366,11.7661,0.0857,-2.8438,0.2688
4,positive_training,ADK,HRSD_21.1,HRSD21,full,RobustScaler,Lasso,44,11,5,0.0616,10.293,11.7152,0.085,-2.8106,0.2688
4,positive_training,ADK,HRSD_21.1,HRSD21,full,RobustScaler,ElasticNet,44,11,5,0.0613,10.2514,11.6661,0.0841,-2.7787,0.2688
4,positive_training,ADK,HRSD_21.1,HRSD21,full,RobustScaler,SVR,44,11,5,0.0845,8.148,9.8606,0.0961,-1.6997,0.2096
4,positive_training,ADK,HRSD_21.1,HRSD21,full,RobustScaler,KNN,44,11,5,0.3934,5.0364,6.2682,0.401,-0.0909,0.6105
4,positive_training,ADK,HRSD_21.1,HRSD21,full,RobustScaler,RF,44,11,5,-0.052,7.4318,9.1763,-0.0588,-1.3379,-0.0273
4,positive_training,ADK,HRSD_21.1,HRSD21,full,RobustScaler,ET,44,11,5,0.0701,6.9109,8.7579,0.0759,-1.1296,0.1595
4,positive_training,ADK,HRSD_21.1,HRSD21,full,RobustScaler,GB,44,11,5,-0.0781,10.0416,12.6319,-0.0998,-3.4303,-0.1458
4,positive_training,ADK,HRSD_21.1,HRSD21,full,RobustScaler,XGB,44,11,5,-0.041,9.2845,12.2341,-0.0509,-3.1557,-0.1503
4,positive_training,ADK,HRSD_21.1,HRSD21,full,RobustScaler,MLP,44,11,5,0.0836,9.2254,10.9226,0.1062,-2.3125,0.1321
4,positive_training,ADK,HRSD_21.1,HRSD21,full,RobustScaler,LGBM,44,11,5,-0.2342,7.9057,9.3331,-0.2696,-1.4185,-0.1766
4,positive_training,ADK,HRSD_21.1,HRSD21,full,RobustScaler,CatBoost,44,11,5,-0.0055,8.4302,10.5581,-0.0067,-2.0951,-0.1139
5,positive_training,ADK,HRSD_21.1,HRSD21,full,StandardScaler,Ridge,44,11,5,0.3995,9.9622,11.1802,0.4748,0.1948,0.2288
5,positive_training,ADK,HRSD_21.1,HRSD21,full,StandardScaler,Lasso,44,11,5,0.4261,9.9995,11.3015,0.4757,0.1772,0.2288
5,positive_training,ADK,HRSD_21.1,HRSD21,full,StandardScaler,ElasticNet,44,11,5,0.4232,9.9555,11.2486,0.4772,0.1849,0.2288
5,positive_training,ADK,HRSD_21.1,HRSD21,full,StandardScaler,SVR,44,11,5,0.0362,12.291,14.7704,0.0427,-0.4053,0.0732
5,positive_training,ADK,HRSD_21.1,HRSD21,full,StandardScaler,KNN,44,11,5,-0.1123,13.0606,15.6156,-0.1356,-0.5708,-0.1111
5,positive_training,ADK,HRSD_21.1,HRSD21,full,StandardScaler,RF,44,11,5,0.13,10.3423,12.9015,0.1982,-0.0722,0.2014
5,positive_training,ADK,HRSD_21.1,HRSD21,full,StandardScaler,ET,44,11,5,0.1205,11.2768,13.4779,0.1655,-0.1702,0.1785
5,positive_training,ADK,HRSD_21.1,HRSD21,full,StandardScaler,GB,44,11,5,0.3207,8.6486,12.4815,0.4035,-0.0035,0.4394
5,positive_training,ADK,HRSD_21.1,HRSD21,full,StandardScaler,XGB,44,11,5,0.2021,9.9045,14.0847,0.2442,-0.2779,0.3799
5,positive_training,ADK,HRSD_21.1,HRSD21,full,StandardScaler,MLP,44,11,5,0.499,10.5007,12.3404,0.5014,0.019,-0.0046
5,positive_training,ADK,HRSD_21.1,HRSD21,full,StandardScaler,LGBM,44,11,5,0.1117,10.3425,12.161,0.234,0.0473,0.1402
5,positive_training,ADK,HRSD_21.1,HRSD21,full,StandardScaler,CatBoost,44,11,5,0.0771,11.0578,13.7803,0.1072,-0.2232,0.0824
5,positive_training,ADK,HRSD_21.1,HRSD21,full,MinMaxScaler,Ridge,44,11,10,0.2679,10.8007,11.6119,0.417,0.1314,0.0595
5,positive_training,ADK,HRSD_21.1,HRSD21,full,MinMaxScaler,Lasso,44,11,10,0.2556,11.0728,11.8704,0.391,0.0923,0.0595
5,positive_training,ADK,HRSD_21.1,HRSD21,full,MinMaxScaler,ElasticNet,44,11,10,0.2768,11.0382,11.7652,0.3993,0.1083,0.0595
5,positive_training,ADK,HRSD_21.1,HRSD21,full,MinMaxScaler,SVR,44,11,10,0.2652,10.8009,11.8024,0.3466,0.1027,-0.0046
5,positive_training,ADK,HRSD_21.1,HRSD21,full,MinMaxScaler,KNN,44,11,10,0.091,11.697,13.2093,0.146,-0.124,0.1034
5,positive_training,ADK,HRSD_21.1,HRSD21,full,MinMaxScaler,RF,44,11,10,0.0258,11.0805,12.947,0.0644,-0.0798,-0.0641
5,positive_training,ADK,HRSD_21.1,HRSD21,full,MinMaxScaler,ET,44,11,10,0.0518,11.0227,12.829,0.1511,-0.0602,-0.1602
5,positive_training,ADK,HRSD_21.1,HRSD21,full,MinMaxScaler,GB,44,11,10,0.1009,11.17,13.502,0.2579,-0.1743,0.3478
5,positive_training,ADK,HRSD_21.1,HRSD21,full,MinMaxScaler,XGB,44,11,10,0.045,12.7494,14.0243,0.0657,-0.267,-0.087
5,positive_training,ADK,HRSD_21.1,HRSD21,full,MinMaxScaler,MLP,44,11,10,0.1623,11.3547,12.437,0.2757,0.0036,0.0595
5,positive_training,ADK,HRSD_21.1,HRSD21,full,MinMaxScaler,LGBM,44,11,10,0.1046,10.8926,12.6883,0.1847,-0.0371,0.032
5,positive_training,ADK,HRSD_21.1,HRSD21,full,MinMaxScaler,CatBoost,44,11,10,0.0264,11.3469,13.3389,0.0546,-0.1461,-0.0137
5,positive_training,ADK,HRSD_21.1,HRSD21,full,RobustScaler,Ridge,44,11,5,0.2812,11.0139,11.6646,0.4102,0.1235,0.0503
5,positive_training,ADK,HRSD_21.1,HRSD21,full,RobustScaler,Lasso,44,11,5,0.31,11.2057,11.7013,0.4158,0.118,-0.0137
5,positive_training,ADK,HRSD_21.1,HRSD21,full,RobustScaler,ElasticNet,44,11,5,0.302,11.1372,11.679,0.4139,0.1214,0.0503
5,positive_training,ADK,HRSD_21.1,HRSD21,full,RobustScaler,SVR,44,11,5,-0.0987,12.1864,13.9676,-0.1636,-0.2567,-0.3936
5,positive_training,ADK,HRSD_21.1,HRSD21,full,RobustScaler,KNN,44,11,5,-0.0037,12.3636,13.5026,-0.0058,-0.1744,-0.1011
5,positive_training,ADK,HRSD_21.1,HRSD21,full,RobustScaler,RF,44,11,5,0.0586,11.4923,12.9968,0.1291,-0.0881,-0.0503
5,positive_training,ADK,HRSD_21.1,HRSD21,full,RobustScaler,ET,44,11,5,0.0609,11.765,13.0527,0.1265,-0.0975,-0.1693
5,positive_training,ADK,HRSD_21.1,HRSD21,full,RobustScaler,GB,44,11,5,0.1585,12.0797,12.9916,0.2868,-0.0872,0.087
5,positive_training,ADK,HRSD_21.1,HRSD21,full,RobustScaler,XGB,44,11,5,0.2058,12.433,13.0743,0.2711,-0.1011,0.1144
5,positive_training,ADK,HRSD_21.1,HRSD21,full,RobustScaler,MLP,44,11,5,0.3319,10.945,11.4737,0.4491,0.152,-0.0687
5,positive_training,ADK,HRSD_21.1,HRSD21,full,RobustScaler,LGBM,44,11,5,0.1114,11.0172,12.469,0.2372,-0.0015,0.0369
5,positive_training,ADK,HRSD_21.1,HRSD21,full,RobustScaler,CatBoost,44,11,5,0.0164,12.0972,13.5461,0.0345,-0.182,-0.1876
1,positive_training,ADK,HRSD_24.1,HRSD24,full,StandardScaler,Ridge,44,11,10,-0.293,12.9487,14.0849,-0.383,-0.5743,-0.3954
1,positive_training,ADK,HRSD_24.1,HRSD24,full,StandardScaler,Lasso,44,11,10,-0.29,12.9553,14.1861,-0.3697,-0.597,-0.3586
1,positive_training,ADK,HRSD_24.1,HRSD24,full,StandardScaler,ElasticNet,44,11,10,-0.1787,11.9718,13.4335,-0.2343,-0.432,-0.2897
1,positive_training,ADK,HRSD_24.1,HRSD24,full,StandardScaler,SVR,44,11,10,-0.3605,12.744,14.4627,-0.5757,-0.6599,-0.5288
1,positive_training,ADK,HRSD_24.1,HRSD24,full,StandardScaler,KNN,44,11,10,-0.189,12.2545,13.4915,-0.2659,-0.4444,-0.3035
1,positive_training,ADK,HRSD_24.1,HRSD24,full,StandardScaler,RF,44,11,10,0.0645,10.125,11.4217,0.1097,-0.0352,0.1747
1,positive_training,ADK,HRSD_24.1,HRSD24,full,StandardScaler,ET,44,11,10,-0.1037,11.1886,12.4518,-0.171,-0.2304,-0.3724
1,positive_training,ADK,HRSD_24.1,HRSD24,full,StandardScaler,GB,44,11,10,0.3318,8.8972,10.1417,0.4803,0.1838,0.5242
1,positive_training,ADK,HRSD_24.1,HRSD24,full,StandardScaler,XGB,44,11,10,0.3031,8.6975,10.5147,0.3984,0.1227,0.6575
1,positive_training,ADK,HRSD_24.1,HRSD24,full,StandardScaler,MLP,44,11,10,-0.3124,13.134,15.1548,-0.5369,-0.8225,-0.5564
1,positive_training,ADK,HRSD_24.1,HRSD24,full,StandardScaler,LGBM,44,11,10,0.2137,9.7177,11.5296,0.2645,-0.0549,0.0368
1,positive_training,ADK,HRSD_24.1,HRSD24,full,StandardScaler,CatBoost,44,11,10,-0.1653,11.4868,12.8212,-0.2681,-0.3045,-0.3265
1,positive_training,ADK,HRSD_24.1,HRSD24,full,MinMaxScaler,Ridge,44,11,10,-0.1485,11.6157,13.1506,-0.2049,-0.3723,-0.3724
1,positive_training,ADK,HRSD_24.1,HRSD24,full,MinMaxScaler,Lasso,44,11,10,-0.2323,12.3844,13.7848,-0.3058,-0.5079,-0.3494
1,positive_training,ADK,HRSD_24.1,HRSD24,full,MinMaxScaler,ElasticNet,44,11,10,-0.1087,11.3258,12.54,-0.1735,-0.2479,-0.3724
1,positive_training,ADK,HRSD_24.1,HRSD24,full,MinMaxScaler,SVR,44,11,10,-0.1967,11.4601,13.4637,-0.4385,-0.4385,-0.3449
1,positive_training,ADK,HRSD_24.1,HRSD24,full,MinMaxScaler,KNN,44,11,10,-0.4372,13.6545,14.8399,-0.5798,-0.7476,-0.561
1,positive_training,ADK,HRSD_24.1,HRSD24,full,MinMaxScaler,RF,44,11,10,-0.0157,10.35,11.9694,-0.0255,-0.1369,-0.0966
1,positive_training,ADK,HRSD_24.1,HRSD24,full,MinMaxScaler,ET,44,11,10,-0.1069,10.9705,12.5269,-0.1732,-0.2453,-0.2483
1,positive_training,ADK,HRSD_24.1,HRSD24,full,MinMaxScaler,GB,44,11,10,0.1489,9.1622,10.9417,0.2533,0.05,-0.115
1,positive_training,ADK,HRSD_24.1,HRSD24,full,MinMaxScaler,XGB,44,11,10,-0.0019,10.307,12.1242,-0.0028,-0.1665,-0.1701
1,positive_training,ADK,HRSD_24.1,HRSD24,full,MinMaxScaler,MLP,44,11,10,-0.1326,11.3855,13.3165,-0.1951,-0.4072,-0.3265
1,positive_training,ADK,HRSD_24.1,HRSD24,full,MinMaxScaler,LGBM,44,11,10,0.3234,9.0156,10.3311,0.4411,0.153,0.3395
1,positive_training,ADK,HRSD_24.1,HRSD24,full,MinMaxScaler,CatBoost,44,11,10,0.0793,9.7402,11.3493,0.1348,-0.0221,0.1058
1,positive_training,ADK,HRSD_24.1,HRSD24,full,RobustScaler,Ridge,44,11,10,-0.2681,12.6538,14.1852,-0.3316,-0.5968,-0.3724
1,positive_training,ADK,HRSD_24.1,HRSD24,full,RobustScaler,Lasso,44,11,10,-0.2984,12.8347,14.2145,-0.3808,-0.6034,-0.3724
1,positive_training,ADK,HRSD_24.1,HRSD24,full,RobustScaler,ElasticNet,44,11,10,-0.245,12.3648,13.9244,-0.3158,-0.5386,-0.3173
1,positive_training,ADK,HRSD_24.1,HRSD24,full,RobustScaler,SVR,44,11,10,-0.367,12.7424,14.5255,-0.5332,-0.6743,-0.469
1,positive_training,ADK,HRSD_24.1,HRSD24,full,RobustScaler,KNN,44,11,10,-0.0922,11.1717,12.7246,-0.1291,-0.2849,-0.2621
1,positive_training,ADK,HRSD_24.1,HRSD24,full,RobustScaler,RF,44,11,10,0.0645,10.125,11.4217,0.1097,-0.0352,0.1747
1,positive_training,ADK,HRSD_24.1,HRSD24,full,RobustScaler,ET,44,11,10,-0.1037,11.1886,12.4518,-0.171,-0.2304,-0.3724
1,positive_training,ADK,HRSD_24.1,HRSD24,full,RobustScaler,GB,44,11,10,0.3318,8.8972,10.1417,0.4803,0.1838,0.5242
1,positive_training,ADK,HRSD_24.1,HRSD24,full,RobustScaler,XGB,44,11,10,0.3031,8.6975,10.5147,0.3984,0.1227,0.6575
1,positive_training,ADK,HRSD_24.1,HRSD24,full,RobustScaler,MLP,44,11,10,-0.2377,12.5139,14.8033,-0.3999,-0.739,-0.3954
1,positive_training,ADK,HRSD_24.1,HRSD24,full,RobustScaler,LGBM,44,11,10,0.2358,9.4865,11.4076,0.3026,-0.0327,0.0874
1,positive_training,ADK,HRSD_24.1,HRSD24,full,RobustScaler,CatBoost,44,11,10,-0.1653,11.4868,12.8212,-0.2681,-0.3045,-0.3265
2,positive_training,ADK,HRSD_24.1,HRSD24,full,StandardScaler,Ridge,44,11,10,0.1283,9.8375,12.0688,0.1689,-0.1156,0.0818
2,positive_training,ADK,HRSD_24.1,HRSD24,full,StandardScaler,Lasso,44,11,10,0.0792,10.0442,12.2232,0.1091,-0.1443,0.0818
2,positive_training,ADK,HRSD_24.1,HRSD24,full,StandardScaler,ElasticNet,44,11,10,0.1257,9.6119,11.9643,0.173,-0.0964,0.1091
2,positive_training,ADK,HRSD_24.1,HRSD24,full,StandardScaler,SVR,44,11,10,0.0198,11.0407,12.6648,0.0252,-0.2285,0.0
2,positive_training,ADK,HRSD_24.1,HRSD24,full,StandardScaler,KNN,44,11,10,-0.0965,10.8687,12.9625,-0.1514,-0.287,-0.1545
2,positive_training,ADK,HRSD_24.1,HRSD24,full,StandardScaler,RF,44,11,10,0.0674,10.6595,12.9426,0.082,-0.283,0.1364
2,positive_training,ADK,HRSD_24.1,HRSD24,full,StandardScaler,ET,44,11,10,0.0804,10.7991,12.7698,0.0934,-0.249,0.1182
2,positive_training,ADK,HRSD_24.1,HRSD24,full,StandardScaler,GB,44,11,10,0.1383,10.7019,13.6984,0.1461,-0.4372,0.2636
2,positive_training,ADK,HRSD_24.1,HRSD24,full,StandardScaler,XGB,44,11,10,0.138,11.033,13.6702,0.147,-0.4313,0.2182
2,positive_training,ADK,HRSD_24.1,HRSD24,full,StandardScaler,MLP,44,11,10,-0.0051,11.0384,13.279,-0.006,-0.3506,-0.0182
2,positive_training,ADK,HRSD_24.1,HRSD24,full,StandardScaler,LGBM,44,11,10,-0.045,11.0443,14.1053,-0.0552,-0.5239,-0.1091
2,positive_training,ADK,HRSD_24.1,HRSD24,full,StandardScaler,CatBoost,44,11,10,0.073,10.5907,12.9194,0.0896,-0.2784,0.1909
2,positive_training,ADK,HRSD_24.1,HRSD24,full,MinMaxScaler,Ridge,44,11,5,0.1862,9.3543,11.7196,0.251,-0.052,0.1273
2,positive_training,ADK,HRSD_24.1,HRSD24,full,MinMaxScaler,Lasso,44,11,5,0.2091,9.546,11.7971,0.2631,-0.066,0.1455
2,positive_training,ADK,HRSD_24.1,HRSD24,full,MinMaxScaler,ElasticNet,44,11,5,0.1492,9.2162,11.5204,0.2377,-0.0165,0.1273
2,positive_training,ADK,HRSD_24.1,HRSD24,full,MinMaxScaler,SVR,44,11,5,0.1321,9.2894,11.9675,0.2055,-0.097,0.1273
2,positive_training,ADK,HRSD_24.1,HRSD24,full,MinMaxScaler,KNN,44,11,5,0.1679,9.7143,11.8902,0.1991,-0.0828,0.1595
2,positive_training,ADK,HRSD_24.1,HRSD24,full,MinMaxScaler,RF,44,11,5,0.1712,9.6698,12.0875,0.2162,-0.1191,0.2182
2,positive_training,ADK,HRSD_24.1,HRSD24,full,MinMaxScaler,ET,44,11,5,0.1326,10.0509,12.3213,0.1592,-0.1628,0.1364
2,positive_training,ADK,HRSD_24.1,HRSD24,full,MinMaxScaler,GB,44,11,5,-0.0123,11.6039,15.8446,-0.0129,-0.9229,-0.0455
2,positive_training,ADK,HRSD_24.1,HRSD24,full,MinMaxScaler,XGB,44,11,5,-0.0042,11.6493,15.6216,-0.0044,-0.8691,-0.1182
2,positive_training,ADK,HRSD_24.1,HRSD24,full,MinMaxScaler,MLP,44,11,5,0.231,9.7659,11.9401,0.292,-0.0919,0.1545
2,positive_training,ADK,HRSD_24.1,HRSD24,full,MinMaxScaler,LGBM,44,11,5,0.0915,9.6477,12.7815,0.1218,-0.2513,0.1142
2,positive_training,ADK,HRSD_24.1,HRSD24,full,MinMaxScaler,CatBoost,44,11,5,0.1213,10.2466,12.682,0.1438,-0.2319,0.1636
2,positive_training,ADK,HRSD_24.1,HRSD24,full,RobustScaler,Ridge,44,11,5,0.1763,9.6676,11.844,0.2148,-0.0744,0.1636
2,positive_training,ADK,HRSD_24.1,HRSD24,full,RobustScaler,Lasso,44,11,5,0.2027,9.3458,11.4427,0.2576,-0.0029,0.1636
2,positive_training,ADK,HRSD_24.1,HRSD24,full,RobustScaler,ElasticNet,44,11,5,0.1213,9.5017,11.5305,0.1881,-0.0183,0.1636
2,positive_training,ADK,HRSD_24.1,HRSD24,full,RobustScaler,SVR,44,11,5,0.0818,9.3155,11.761,0.1797,-0.0594,0.1455
2,positive_training,ADK,HRSD_24.1,HRSD24,full,RobustScaler,KNN,44,11,5,0.0525,9.8909,12.6102,0.0638,-0.218,0.0274
2,positive_training,ADK,HRSD_24.1,HRSD24,full,RobustScaler,RF,44,11,5,0.1206,10.228,12.2511,0.1495,-0.1496,0.1636
2,positive_training,ADK,HRSD_24.1,HRSD24,full,RobustScaler,ET,44,11,5,0.0202,10.5545,13.0522,0.0247,-0.3048,-0.1
2,positive_training,ADK,HRSD_24.1,HRSD24,full,RobustScaler,GB,44,11,5,0.0549,11.2873,13.9386,0.0621,-0.4881,0.0909
2,positive_training,ADK,HRSD_24.1,HRSD24,full,RobustScaler,XGB,44,11,5,0.243,10.232,12.5736,0.2823,-0.2109,0.1273
2,positive_training,ADK,HRSD_24.1,HRSD24,full,RobustScaler,MLP,44,11,5,0.1878,10.0445,12.7552,0.2131,-0.2461,0.3
2,positive_training,ADK,HRSD_24.1,HRSD24,full,RobustScaler,LGBM,44,11,5,0.2899,9.5794,11.7947,0.339,-0.0655,0.3443
2,positive_training,ADK,HRSD_24.1,HRSD24,full,RobustScaler,CatBoost,44,11,5,0.1381,10.1393,12.5344,0.1583,-0.2033,0.1545
3,positive_training,ADK,HRSD_24.1,HRSD24,full,StandardScaler,Ridge,44,11,5,-0.1363,9.8198,12.0189,-0.2741,-0.218,-0.287
3,positive_training,ADK,HRSD_24.1,HRSD24,full,StandardScaler,Lasso,44,11,5,-0.0949,9.4288,11.6898,-0.2206,-0.1523,-0.2096
3,positive_training,ADK,HRSD_24.1,HRSD24,full,StandardScaler,ElasticNet,44,11,5,-0.207,10.2984,12.5195,-0.3843,-0.3216,-0.41
3,positive_training,ADK,HRSD_24.1,HRSD24,full,StandardScaler,SVR,44,11,5,-0.0923,9.5145,12.5252,-0.1455,-0.3228,-0.2642
3,positive_training,ADK,HRSD_24.1,HRSD24,full,StandardScaler,KNN,44,11,5,0.004,9.596,11.755,0.0057,-0.1651,-0.041
3,positive_training,ADK,HRSD_24.1,HRSD24,full,StandardScaler,RF,44,11,5,-0.0166,9.2867,11.5773,-0.0283,-0.1302,-0.1412
3,positive_training,ADK,HRSD_24.1,HRSD24,full,StandardScaler,ET,44,11,5,0.0588,9.74,11.5727,0.0793,-0.1293,0.164
3,positive_training,ADK,HRSD_24.1,HRSD24,full,StandardScaler,GB,44,11,5,-0.1095,10.6365,13.3856,-0.1247,-0.5108,0.0638
3,positive_training,ADK,HRSD_24.1,HRSD24,full,StandardScaler,XGB,44,11,5,-0.0569,10.2662,12.1429,-0.0808,-0.2433,-0.0228
3,positive_training,ADK,HRSD_24.1,HRSD24,full,StandardScaler,MLP,44,11,5,-0.2058,10.1174,12.9338,-0.3097,-0.4105,-0.4055
3,positive_training,ADK,HRSD_24.1,HRSD24,full,StandardScaler,LGBM,44,11,5,0.0467,9.2851,11.7208,0.0615,-0.1584,-0.1187
3,positive_training,ADK,HRSD_24.1,HRSD24,full,StandardScaler,CatBoost,44,11,5,-0.0157,9.4325,11.6903,-0.0244,-0.1523,-0.164
3,positive_training,ADK,HRSD_24.1,HRSD24,full,MinMaxScaler,Ridge,44,11,5,-0.0573,9.2668,11.5117,-0.1306,-0.1174,-0.1048
3,positive_training,ADK,HRSD_24.1,HRSD24,full,MinMaxScaler,Lasso,44,11,5,-0.0746,9.2675,11.6372,-0.1604,-0.1419,-0.164
3,positive_training,ADK,HRSD_24.1,HRSD24,full,MinMaxScaler,ElasticNet,44,11,5,-0.0676,9.2575,11.6147,-0.1406,-0.1375,-0.0547
3,positive_training,ADK,HRSD_24.1,HRSD24,full,MinMaxScaler,SVR,44,11,5,-0.0452,9.2518,12.4375,-0.0722,-0.3044,-0.1503
3,positive_training,ADK,HRSD_24.1,HRSD24,full,MinMaxScaler,KNN,44,11,5,0.0431,8.7172,11.3498,0.0702,-0.0862,0.1735
3,positive_training,ADK,HRSD_24.1,HRSD24,full,MinMaxScaler,RF,44,11,5,-0.0547,8.9762,11.7823,-0.0949,-0.1706,-0.0638
3,positive_training,ADK,HRSD_24.1,HRSD24,full,MinMaxScaler,ET,44,11,5,-0.0105,9.2745,11.4068,-0.021,-0.0971,-0.0228
3,positive_training,ADK,HRSD_24.1,HRSD24,full,MinMaxScaler,GB,44,11,5,-0.3399,11.419,14.1853,-0.4196,-0.6967,-0.3052
3,positive_training,ADK,HRSD_24.1,HRSD24,full,MinMaxScaler,XGB,44,11,5,-0.3062,11.0573,14.2223,-0.3812,-0.7056,-0.246
3,positive_training,ADK,HRSD_24.1,HRSD24,full,MinMaxScaler,MLP,44,11,5,-0.0591,9.2178,11.5611,-0.1261,-0.127,-0.1048
3,positive_training,ADK,HRSD_24.1,HRSD24,full,MinMaxScaler,LGBM,44,11,5,-0.0202,9.7746,11.8846,-0.0307,-0.191,-0.194
3,positive_training,ADK,HRSD_24.1,HRSD24,full,MinMaxScaler,CatBoost,44,11,5,-0.062,9.1087,12.0086,-0.0999,-0.216,-0.1595
3,positive_training,ADK,HRSD_24.1,HRSD24,full,RobustScaler,Ridge,44,11,5,-0.1381,9.7512,11.9886,-0.2933,-0.2119,-0.246
3,positive_training,ADK,HRSD_24.1,HRSD24,full,RobustScaler,Lasso,44,11,5,-0.1035,9.5039,11.6963,-0.2589,-0.1535,-0.246
3,positive_training,ADK,HRSD_24.1,HRSD24,full,RobustScaler,ElasticNet,44,11,5,-0.0711,9.5098,11.4766,-0.1935,-0.1106,-0.1549
3,positive_training,ADK,HRSD_24.1,HRSD24,full,RobustScaler,SVR,44,11,5,-0.0858,9.6058,12.8628,-0.1609,-0.3951,-0.2506
3,positive_training,ADK,HRSD_24.1,HRSD24,full,RobustScaler,KNN,44,11,5,0.1322,9.0,11.3456,0.1659,-0.0854,0.0548
3,positive_training,ADK,HRSD_24.1,HRSD24,full,RobustScaler,RF,44,11,5,-0.0166,9.2867,11.5773,-0.0283,-0.1302,-0.1412
3,positive_training,ADK,HRSD_24.1,HRSD24,full,RobustScaler,ET,44,11,5,0.0588,9.74,11.5727,0.0793,-0.1293,0.164
3,positive_training,ADK,HRSD_24.1,HRSD24,full,RobustScaler,GB,44,11,5,-0.1095,10.6365,13.3856,-0.1247,-0.5108,0.0638
3,positive_training,ADK,HRSD_24.1,HRSD24,full,RobustScaler,XGB,44,11,5,-0.0569,10.2662,12.1429,-0.0808,-0.2433,-0.0228
3,positive_training,ADK,HRSD_24.1,HRSD24,full,RobustScaler,MLP,44,11,5,-0.2722,10.5273,13.2421,-0.4375,-0.4786,-0.451
3,positive_training,ADK,HRSD_24.1,HRSD24,full,RobustScaler,LGBM,44,11,5,-0.1361,10.9355,13.0117,-0.1756,-0.4276,-0.2517
3,positive_training,ADK,HRSD_24.1,HRSD24,full,RobustScaler,CatBoost,44,11,5,-0.017,9.4659,11.7106,-0.0261,-0.1564,-0.1822
4,positive_training,ADK,HRSD_24.1,HRSD24,full,StandardScaler,Ridge,44,11,5,0.1308,13.3299,15.1168,0.1734,-2.1709,0.3052
4,positive_training,ADK,HRSD_24.1,HRSD24,full,StandardScaler,Lasso,44,11,5,0.1309,13.2856,15.0665,0.173,-2.1499,0.3052
4,positive_training,ADK,HRSD_24.1,HRSD24,full,StandardScaler,ElasticNet,44,11,5,0.1311,13.2119,14.9836,0.1725,-2.1153,0.3052
4,positive_training,ADK,HRSD_24.1,HRSD24,full,StandardScaler,SVR,44,11,5,0.1397,9.8174,11.926,0.1503,-0.9736,0.2278
4,positive_training,ADK,HRSD_24.1,HRSD24,full,StandardScaler,KNN,44,11,5,0.5253,6.8364,7.9191,0.5426,0.1298,0.6515
4,positive_training,ADK,HRSD_24.1,HRSD24,full,StandardScaler,RF,44,11,5,0.0025,9.3159,11.8049,0.0027,-0.9337,-0.0137
4,positive_training,ADK,HRSD_24.1,HRSD24,full,StandardScaler,ET,44,11,5,0.1674,9.2445,11.6559,0.1774,-0.8852,0.2506
4,positive_training,ADK,HRSD_24.1,HRSD24,full,StandardScaler,GB,44,11,5,0.007,13.2291,16.2582,0.0084,-2.6679,-0.0501
4,positive_training,ADK,HRSD_24.1,HRSD24,full,StandardScaler,XGB,44,11,5,0.0493,11.4113,14.5119,0.0558,-1.9222,-0.0592
4,positive_training,ADK,HRSD_24.1,HRSD24,full,StandardScaler,MLP,44,11,5,0.1731,10.8587,13.0099,0.204,-1.3486,0.2825
4,positive_training,ADK,HRSD_24.1,HRSD24,full,StandardScaler,LGBM,44,11,5,-0.1571,10.6815,12.2489,-0.184,-1.0819,0.0936
4,positive_training,ADK,HRSD_24.1,HRSD24,full,StandardScaler,CatBoost,44,11,5,0.0958,10.8315,13.5534,0.1101,-1.549,0.0137
4,positive_training,ADK,HRSD_24.1,HRSD24,full,MinMaxScaler,Ridge,44,11,5,0.2131,8.9807,10.3482,0.2443,-0.4859,0.3736
4,positive_training,ADK,HRSD_24.1,HRSD24,full,MinMaxScaler,Lasso,44,11,5,0.2221,10.1385,11.2629,0.2488,-0.7602,0.4282
4,positive_training,ADK,HRSD_24.1,HRSD24,full,MinMaxScaler,ElasticNet,44,11,5,0.2234,10.0655,11.187,0.2523,-0.7366,0.4647
4,positive_training,ADK,HRSD_24.1,HRSD24,full,MinMaxScaler,SVR,44,11,5,0.222,10.6211,12.1884,0.259,-1.0614,0.3326
4,positive_training,ADK,HRSD_24.1,HRSD24,full,MinMaxScaler,KNN,44,11,5,0.4473,7.3091,8.5387,0.4828,-0.0117,0.6333
4,positive_training,ADK,HRSD_24.1,HRSD24,full,MinMaxScaler,RF,44,11,5,0.1527,9.8736,11.4854,0.1736,-0.8305,0.3144
4,positive_training,ADK,HRSD_24.1,HRSD24,full,MinMaxScaler,ET,44,11,5,0.2653,9.1511,10.8087,0.2916,-0.6211,0.3508
4,positive_training,ADK,HRSD_24.1,HRSD24,full,MinMaxScaler,GB,44,11,5,0.0618,11.6089,14.8072,0.0712,-2.0424,-0.082
4,positive_training,ADK,HRSD_24.1,HRSD24,full,MinMaxScaler,XGB,44,11,5,0.1026,11.6495,14.5311,0.1189,-1.93,0.0182
4,positive_training,ADK,HRSD_24.1,HRSD24,full,MinMaxScaler,MLP,44,11,5,0.2269,11.2919,12.3043,0.2735,-1.1008,0.5057
4,positive_training,ADK,HRSD_24.1,HRSD24,full,MinMaxScaler,LGBM,44,11,5,0.042,9.8547,11.4396,0.0497,-0.8159,0.1854
4,positive_training,ADK,HRSD_24.1,HRSD24,full,MinMaxScaler,CatBoost,44,11,5,0.2178,10.9315,13.419,0.2676,-1.4987,0.1093
4,positive_training,ADK,HRSD_24.1,HRSD24,full,RobustScaler,Ridge,44,11,5,0.1308,13.3313,15.118,0.1733,-2.1714,0.3052
4,positive_training,ADK,HRSD_24.1,HRSD24,full,RobustScaler,Lasso,44,11,5,0.1308,13.2901,15.0703,0.173,-2.1515,0.3052
4,positive_training,ADK,HRSD_24.1,HRSD24,full,RobustScaler,ElasticNet,44,11,5,0.1308,13.227,14.9966,0.1723,-2.1207,0.3052
4,positive_training,ADK,HRSD_24.1,HRSD24,full,RobustScaler,SVR,44,11,5,0.213,12.5417,15.4497,0.2841,-2.3121,0.3554
4,positive_training,ADK,HRSD_24.1,HRSD24,full,RobustScaler,KNN,44,11,5,0.2937,9.0909,10.5897,0.3015,-0.5561,0.379
4,positive_training,ADK,HRSD_24.1,HRSD24,full,RobustScaler,RF,44,11,5,0.0025,9.3159,11.8049,0.0027,-0.9337,-0.0137
4,positive_training,ADK,HRSD_24.1,HRSD24,full,RobustScaler,ET,44,11,5,0.1674,9.2445,11.6559,0.1774,-0.8852,0.2506
4,positive_training,ADK,HRSD_24.1,HRSD24,full,RobustScaler,GB,44,11,5,0.007,13.2291,16.2582,0.0084,-2.6679,-0.0501
4,positive_training,ADK,HRSD_24.1,HRSD24,full,RobustScaler,XGB,44,11,5,0.0493,11.4113,14.5119,0.0558,-1.9222,-0.0592
4,positive_training,ADK,HRSD_24.1,HRSD24,full,RobustScaler,MLP,44,11,5,0.1778,11.2513,13.3807,0.213,-1.4844,0.3144
4,positive_training,ADK,HRSD_24.1,HRSD24,full,RobustScaler,LGBM,44,11,5,-0.1491,9.8742,12.0832,-0.1703,-1.026,-0.0436
4,positive_training,ADK,HRSD_24.1,HRSD24,full,RobustScaler,CatBoost,44,11,5,0.0958,10.8315,13.5534,0.1101,-1.549,0.0137
5,positive_training,ADK,HRSD_24.1,HRSD24,full,StandardScaler,Ridge,44,11,5,0.418,14.2374,15.1415,0.4738,0.1178,0.1461
5,positive_training,ADK,HRSD_24.1,HRSD24,full,StandardScaler,Lasso,44,11,5,0.4088,14.2983,15.1828,0.468,0.113,0.1461
5,positive_training,ADK,HRSD_24.1,HRSD24,full,StandardScaler,ElasticNet,44,11,5,0.4123,14.1558,15.0273,0.4769,0.1311,0.1461
5,positive_training,ADK,HRSD_24.1,HRSD24,full,StandardScaler,SVR,44,11,5,0.0112,16.9717,19.2504,0.0143,-0.4259,-0.1187
5,positive_training,ADK,HRSD_24.1,HRSD24,full,StandardScaler,KNN,44,11,5,-0.122,16.7879,19.7643,-0.1555,-0.5031,-0.0801
5,positive_training,ADK,HRSD_24.1,HRSD24,full,StandardScaler,RF,44,11,5,0.1406,13.6741,16.3187,0.2454,-0.0247,0.0959
5,positive_training,ADK,HRSD_24.1,HRSD24,full,StandardScaler,ET,44,11,5,0.0994,14.6805,16.8497,0.1584,-0.0925,0.0457
5,positive_training,ADK,HRSD_24.1,HRSD24,full,StandardScaler,GB,44,11,5,0.2179,12.7797,16.1105,0.3579,0.0013,0.1644
5,positive_training,ADK,HRSD_24.1,HRSD24,full,StandardScaler,XGB,44,11,5,0.2918,12.9276,15.9717,0.4377,0.0184,0.3516
5,positive_training,ADK,HRSD_24.1,HRSD24,full,StandardScaler,MLP,44,11,5,0.473,13.0907,15.4411,0.4904,0.0826,0.0
5,positive_training,ADK,HRSD_24.1,HRSD24,full,StandardScaler,LGBM,44,11,5,0.1524,14.1076,15.9249,0.2575,0.0242,0.2471
5,positive_training,ADK,HRSD_24.1,HRSD24,full,StandardScaler,CatBoost,44,11,5,0.133,14.4227,17.2533,0.2063,-0.1454,0.169
5,positive_training,ADK,HRSD_24.1,HRSD24,full,MinMaxScaler,Ridge,44,11,15,0.2589,14.8738,15.723,0.3586,0.0488,-0.0822
5,positive_training,ADK,HRSD_24.1,HRSD24,full,MinMaxScaler,Lasso,44,11,15,0.281,15.2058,16.0244,0.3776,0.0119,-0.0594
5,positive_training,ADK,HRSD_24.1,HRSD24,full,MinMaxScaler,ElasticNet,44,11,15,0.2936,15.119,15.9123,0.3675,0.0257,-0.0822
5,positive_training,ADK,HRSD_24.1,HRSD24,full,MinMaxScaler,SVR,44,11,15,0.2204,15.549,16.4443,0.2757,-0.0405,0.0274
5,positive_training,ADK,HRSD_24.1,HRSD24,full,MinMaxScaler,KNN,44,11,15,0.0388,15.7576,17.4217,0.0529,-0.1679,-0.0872
5,positive_training,ADK,HRSD_24.1,HRSD24,full,MinMaxScaler,RF,44,11,15,-0.0013,14.76,17.4151,-0.003,-0.167,-0.3288
5,positive_training,ADK,HRSD_24.1,HRSD24,full,MinMaxScaler,ET,44,11,15,0.0426,14.4768,16.8757,0.0906,-0.0958,-0.1872
5,positive_training,ADK,HRSD_24.1,HRSD24,full,MinMaxScaler,GB,44,11,15,-0.0402,16.078,18.2616,-0.0974,-0.2832,-0.3014
5,positive_training,ADK,HRSD_24.1,HRSD24,full,MinMaxScaler,XGB,44,11,15,-0.2053,17.2197,19.854,-0.3953,-0.5168,-0.5251
5,positive_training,ADK,HRSD_24.1,HRSD24,full,MinMaxScaler,MLP,44,11,15,0.2222,14.2148,15.5368,0.3861,0.0712,0.0502
5,positive_training,ADK,HRSD_24.1,HRSD24,full,MinMaxScaler,LGBM,44,11,15,-0.0477,14.8062,18.1763,-0.079,-0.2712,-0.1053
5,positive_training,ADK,HRSD_24.1,HRSD24,full,MinMaxScaler,CatBoost,44,11,15,-0.1502,16.1387,18.8815,-0.326,-0.3718,-0.5388
5,positive_training,ADK,HRSD_24.1,HRSD24,full,RobustScaler,Ridge,44,11,5,0.3441,15.1443,15.8122,0.409,0.0379,0.1461
5,positive_training,ADK,HRSD_24.1,HRSD24,full,RobustScaler,Lasso,44,11,5,0.3416,15.1367,15.805,0.4081,0.0388,0.1461
5,positive_training,ADK,HRSD_24.1,HRSD24,full,RobustScaler,ElasticNet,44,11,5,0.3396,15.0265,15.6961,0.4105,0.052,0.1553
5,positive_training,ADK,HRSD_24.1,HRSD24,full,RobustScaler,SVR,44,11,5,-0.0932,15.8439,18.216,-0.1447,-0.2768,-0.2009
5,positive_training,ADK,HRSD_24.1,HRSD24,full,RobustScaler,KNN,44,11,5,0.1417,14.8586,16.2385,0.2259,-0.0146,0.1336
5,positive_training,ADK,HRSD_24.1,HRSD24,full,RobustScaler,RF,44,11,5,0.0471,15.1691,17.3685,0.0952,-0.1608,0.2831
5,positive_training,ADK,HRSD_24.1,HRSD24,full,RobustScaler,ET,44,11,5,0.0117,15.6145,17.4877,0.0191,-0.1768,-0.0274
5,positive_training,ADK,HRSD_24.1,HRSD24,full,RobustScaler,GB,44,11,5,0.183,15.11,17.5936,0.224,-0.1911,0.1963
5,positive_training,ADK,HRSD_24.1,HRSD24,full,RobustScaler,XGB,44,11,5,0.0228,16.3118,18.3324,0.0367,-0.2932,0.0594
5,positive_training,ADK,HRSD_24.1,HRSD24,full,RobustScaler,MLP,44,11,5,0.4179,13.4072,14.5676,0.4892,0.1834,0.1461
5,positive_training,ADK,HRSD_24.1,HRSD24,full,RobustScaler,LGBM,44,11,5,0.1153,14.964,17.1991,0.1977,-0.1382,0.2356
5,positive_training,ADK,HRSD_24.1,HRSD24,full,RobustScaler,CatBoost,44,11,5,0.0201,15.3595,17.6017,0.0385,-0.1921,0.1324
