fold,phase,condition,target,target_short,features,scaler,model,n_train,n_test,n_features,CCC,MAE,RMSE,Pearson_r,R2,Spearman_r
1,emotion_induction_1,CRADK,phq_8,PHQ8,full,StandardScaler,Ridge,49,13,5,-0.3855,7.2027,9.263,-0.4558,-0.9469,-0.469
1,emotion_induction_1,CRADK,phq_8,PHQ8,full,StandardScaler,Lasso,49,13,5,-0.4121,7.4399,9.5822,-0.474,-1.0834,-0.5214
1,emotion_induction_1,CRADK,phq_8,PHQ8,full,StandardScaler,ElasticNet,49,13,5,-0.3955,7.3324,9.4408,-0.4579,-1.0224,-0.469
1,emotion_induction_1,CRADK,phq_8,PHQ8,full,StandardScaler,SVR,49,13,5,-0.3768,8.4999,10.3316,-0.3834,-1.422,-0.3779
1,emotion_induction_1,CRADK,phq_8,PHQ8,full,StandardScaler,KNN,49,13,5,-0.2486,7.2923,9.2859,-0.2997,-0.9566,-0.3771
1,emotion_induction_1,CRADK,phq_8,PHQ8,full,StandardScaler,RF,49,13,5,-0.647,8.1008,10.3202,-0.6967,-1.4167,-0.6235
1,emotion_induction_1,CRADK,phq_8,PHQ8,full,StandardScaler,ET,49,13,5,-0.494,8.1577,9.9613,-0.5232,-1.2515,-0.4938
1,emotion_induction_1,CRADK,phq_8,PHQ8,full,StandardScaler,GB,49,13,5,-0.6735,8.7942,10.9818,-0.6937,-1.7365,-0.6372
1,emotion_induction_1,CRADK,phq_8,PHQ8,full,StandardScaler,XGB,49,13,5,-0.6137,8.6297,10.7743,-0.6349,-1.6341,-0.6566
1,emotion_induction_1,CRADK,phq_8,PHQ8,full,StandardScaler,MLP,49,13,5,-0.3945,9.026,11.6628,-0.4109,-2.0864,-0.4248
1,emotion_induction_1,CRADK,phq_8,PHQ8,full,StandardScaler,LGBM,49,13,5,-0.3492,6.8785,8.8037,-0.4335,-0.7587,-0.3476
1,emotion_induction_1,CRADK,phq_8,PHQ8,full,StandardScaler,CatBoost,49,13,5,-0.647,8.6914,10.8275,-0.6726,-1.6601,-0.6179
1,emotion_induction_1,CRADK,phq_8,PHQ8,full,MinMaxScaler,Ridge,49,13,5,-0.4096,7.652,9.6838,-0.4528,-1.1279,-0.5407
1,emotion_induction_1,CRADK,phq_8,PHQ8,full,MinMaxScaler,Lasso,49,13,5,-0.3936,7.6222,9.6958,-0.4332,-1.1331,-0.4883
1,emotion_induction_1,CRADK,phq_8,PHQ8,full,MinMaxScaler,ElasticNet,49,13,5,-0.4071,7.6067,9.6251,-0.4525,-1.1021,-0.5407
1,emotion_induction_1,CRADK,phq_8,PHQ8,full,MinMaxScaler,SVR,49,13,5,-0.3917,7.9034,9.8389,-0.4245,-1.1966,-0.4883
1,emotion_induction_1,CRADK,phq_8,PHQ8,full,MinMaxScaler,KNN,49,13,5,-0.3373,6.9744,8.8169,-0.4413,-0.7639,-0.4883
1,emotion_induction_1,CRADK,phq_8,PHQ8,full,MinMaxScaler,RF,49,13,5,-0.4179,7.6035,9.1515,-0.4892,-0.9003,-0.5214
1,emotion_induction_1,CRADK,phq_8,PHQ8,full,MinMaxScaler,ET,49,13,5,-0.3904,8.1938,9.7343,-0.4294,-1.1501,-0.5766
1,emotion_induction_1,CRADK,phq_8,PHQ8,full,MinMaxScaler,GB,49,13,5,-0.4003,7.8839,9.2938,-0.4471,-0.9599,-0.5407
1,emotion_induction_1,CRADK,phq_8,PHQ8,full,MinMaxScaler,XGB,49,13,5,-0.5079,8.5126,10.0546,-0.5353,-1.2939,-0.5903
1,emotion_induction_1,CRADK,phq_8,PHQ8,full,MinMaxScaler,MLP,49,13,5,-0.416,7.9154,9.7506,-0.4563,-1.1573,-0.5903
1,emotion_induction_1,CRADK,phq_8,PHQ8,full,MinMaxScaler,LGBM,49,13,5,-0.4829,8.0116,9.5083,-0.5603,-1.0514,-0.5787
1,emotion_induction_1,CRADK,phq_8,PHQ8,full,MinMaxScaler,CatBoost,49,13,5,-0.4976,8.0131,9.6348,-0.5531,-1.1064,-0.7172
1,emotion_induction_1,CRADK,phq_8,PHQ8,full,RobustScaler,Ridge,49,13,5,0.2397,14.8686,27.1283,0.5834,-15.6991,0.0
1,emotion_induction_1,CRADK,phq_8,PHQ8,full,RobustScaler,Lasso,49,13,5,0.3055,7.1729,9.3377,0.3287,-0.9785,-0.1848
1,emotion_induction_1,CRADK,phq_8,PHQ8,full,RobustScaler,ElasticNet,49,13,5,0.305,7.1613,9.317,0.3277,-0.9697,-0.1848
1,emotion_induction_1,CRADK,phq_8,PHQ8,full,RobustScaler,SVR,49,13,5,-0.4855,8.0884,9.653,-0.532,-1.1143,-0.4993
1,emotion_induction_1,CRADK,phq_8,PHQ8,full,RobustScaler,KNN,49,13,5,-0.4042,7.3385,9.1125,-0.4834,-0.8842,-0.549
1,emotion_induction_1,CRADK,phq_8,PHQ8,full,RobustScaler,RF,49,13,5,-0.4245,7.3915,9.0342,-0.5114,-0.8519,-0.5766
1,emotion_induction_1,CRADK,phq_8,PHQ8,full,RobustScaler,ET,49,13,5,-0.3046,7.5692,9.221,-0.3487,-0.9293,-0.411
1,emotion_induction_1,CRADK,phq_8,PHQ8,full,RobustScaler,GB,49,13,5,-0.2731,6.905,8.4389,-0.334,-0.6159,-0.3807
1,emotion_induction_1,CRADK,phq_8,PHQ8,full,RobustScaler,XGB,49,13,5,-0.3891,8.1718,9.7685,-0.4074,-1.1652,-0.5021
1,emotion_induction_1,CRADK,phq_8,PHQ8,full,RobustScaler,MLP,49,13,5,-0.4312,8.3727,9.7474,-0.4626,-1.1559,-0.4772
1,emotion_induction_1,CRADK,phq_8,PHQ8,full,RobustScaler,LGBM,49,13,5,-0.4658,7.8316,9.6478,-0.5342,-1.1121,-0.6421
1,emotion_induction_1,CRADK,phq_8,PHQ8,full,RobustScaler,CatBoost,49,13,5,-0.3948,7.932,9.5703,-0.4388,-1.0783,-0.5572
2,emotion_induction_1,CRADK,phq_8,PHQ8,full,StandardScaler,Ridge,49,13,5,0.171,4.6409,6.0112,0.1883,-0.1708,0.0853
2,emotion_induction_1,CRADK,phq_8,PHQ8,full,StandardScaler,Lasso,49,13,5,0.1919,4.6998,6.1037,0.2045,-0.2071,0.0853
2,emotion_induction_1,CRADK,phq_8,PHQ8,full,StandardScaler,ElasticNet,49,13,5,0.1337,4.4874,5.5761,0.1948,-0.0074,0.0275
2,emotion_induction_1,CRADK,phq_8,PHQ8,full,StandardScaler,SVR,49,13,5,0.4508,3.9405,5.2378,0.4681,0.1111,0.3191
2,emotion_induction_1,CRADK,phq_8,PHQ8,full,StandardScaler,KNN,49,13,5,0.1725,4.5641,6.1852,0.1832,-0.2395,0.0179
2,emotion_induction_1,CRADK,phq_8,PHQ8,full,StandardScaler,RF,49,13,5,0.0728,4.7631,5.855,0.1003,-0.1107,-0.0413
2,emotion_induction_1,CRADK,phq_8,PHQ8,full,StandardScaler,ET,49,13,5,0.2392,4.2915,5.3439,0.313,0.0747,0.2201
2,emotion_induction_1,CRADK,phq_8,PHQ8,full,StandardScaler,GB,49,13,5,0.0012,5.5526,6.6067,0.0014,-0.4142,-0.0688
2,emotion_induction_1,CRADK,phq_8,PHQ8,full,StandardScaler,XGB,49,13,5,0.0522,5.0576,6.0974,0.0644,-0.2046,-0.0138
2,emotion_induction_1,CRADK,phq_8,PHQ8,full,StandardScaler,MLP,49,13,5,0.3405,4.7054,5.8499,0.349,-0.1088,0.2613
2,emotion_induction_1,CRADK,phq_8,PHQ8,full,StandardScaler,LGBM,49,13,5,0.211,4.61,5.552,0.2686,0.0013,0.1853
2,emotion_induction_1,CRADK,phq_8,PHQ8,full,StandardScaler,CatBoost,49,13,5,0.1095,4.7601,5.9759,0.1316,-0.1571,0.0
2,emotion_induction_1,CRADK,phq_8,PHQ8,full,MinMaxScaler,Ridge,49,13,10,-0.0132,5.4339,7.1307,-0.0136,-0.6474,-0.0633
2,emotion_induction_1,CRADK,phq_8,PHQ8,full,MinMaxScaler,Lasso,49,13,10,0.006,5.1371,6.7421,0.0064,-0.4728,-0.0715
2,emotion_induction_1,CRADK,phq_8,PHQ8,full,MinMaxScaler,ElasticNet,49,13,10,-0.0511,5.1251,6.7032,-0.0571,-0.4558,-0.044
2,emotion_induction_1,CRADK,phq_8,PHQ8,full,MinMaxScaler,SVR,49,13,10,-0.0312,5.1738,6.626,-0.035,-0.4225,-0.077
2,emotion_induction_1,CRADK,phq_8,PHQ8,full,MinMaxScaler,KNN,49,13,10,-0.0087,5.4615,7.2684,-0.009,-0.7117,-0.0828
2,emotion_induction_1,CRADK,phq_8,PHQ8,full,MinMaxScaler,RF,49,13,10,0.0007,4.8305,6.1964,0.0009,-0.244,-0.0688
2,emotion_induction_1,CRADK,phq_8,PHQ8,full,MinMaxScaler,ET,49,13,10,0.0291,4.56,6.3677,0.0332,-0.3137,-0.0688
2,emotion_induction_1,CRADK,phq_8,PHQ8,full,MinMaxScaler,GB,49,13,10,0.0387,5.4091,6.7375,0.0448,-0.4708,-0.0358
2,emotion_induction_1,CRADK,phq_8,PHQ8,full,MinMaxScaler,XGB,49,13,10,-0.0083,5.3241,6.8553,-0.0091,-0.5227,-0.033
2,emotion_induction_1,CRADK,phq_8,PHQ8,full,MinMaxScaler,MLP,49,13,10,0.1062,5.0654,6.5259,0.1125,-0.3799,0.0825
2,emotion_induction_1,CRADK,phq_8,PHQ8,full,MinMaxScaler,LGBM,49,13,10,0.1121,5.0388,5.9999,0.1326,-0.1664,0.0744
2,emotion_induction_1,CRADK,phq_8,PHQ8,full,MinMaxScaler,CatBoost,49,13,10,-0.0581,5.1386,6.6504,-0.0681,-0.433,-0.0853
2,emotion_induction_1,CRADK,phq_8,PHQ8,full,RobustScaler,Ridge,49,13,5,-0.0127,5.6748,7.2736,-0.0131,-0.7141,-0.0193
2,emotion_induction_1,CRADK,phq_8,PHQ8,full,RobustScaler,Lasso,49,13,5,0.0292,5.5747,7.1533,0.0302,-0.6579,-0.0193
2,emotion_induction_1,CRADK,phq_8,PHQ8,full,RobustScaler,ElasticNet,49,13,5,-0.0367,5.2668,6.7106,-0.0407,-0.459,-0.0578
2,emotion_induction_1,CRADK,phq_8,PHQ8,full,RobustScaler,SVR,49,13,5,0.329,3.855,5.4773,0.3558,0.028,0.2586
2,emotion_induction_1,CRADK,phq_8,PHQ8,full,RobustScaler,KNN,49,13,5,-0.0231,5.1197,6.8539,-0.0251,-0.522,-0.022
2,emotion_induction_1,CRADK,phq_8,PHQ8,full,RobustScaler,RF,49,13,5,0.0414,4.6193,6.1628,0.05,-0.2305,0.0935
2,emotion_induction_1,CRADK,phq_8,PHQ8,full,RobustScaler,ET,49,13,5,0.0705,4.7158,6.3596,0.0778,-0.3104,0.0413
2,emotion_induction_1,CRADK,phq_8,PHQ8,full,RobustScaler,GB,49,13,5,0.2204,4.3179,5.6841,0.2528,-0.0468,0.2971
2,emotion_induction_1,CRADK,phq_8,PHQ8,full,RobustScaler,XGB,49,13,5,0.0227,4.7376,6.55,0.0251,-0.3901,0.0633
2,emotion_induction_1,CRADK,phq_8,PHQ8,full,RobustScaler,MLP,49,13,5,0.0042,5.6683,7.5683,0.0043,-0.8559,0.0633
2,emotion_induction_1,CRADK,phq_8,PHQ8,full,RobustScaler,LGBM,49,13,5,0.2515,4.4532,5.8139,0.2728,-0.0952,0.264
2,emotion_induction_1,CRADK,phq_8,PHQ8,full,RobustScaler,CatBoost,49,13,5,0.1628,4.5801,6.0218,0.1877,-0.1749,0.2036
3,emotion_induction_1,CRADK,phq_8,PHQ8,full,StandardScaler,Ridge,50,12,10,0.1902,4.7193,5.344,0.3007,0.0761,0.2812
3,emotion_induction_1,CRADK,phq_8,PHQ8,full,StandardScaler,Lasso,50,12,10,0.1599,4.666,5.2632,0.3945,0.1038,0.3585
3,emotion_induction_1,CRADK,phq_8,PHQ8,full,StandardScaler,ElasticNet,50,12,10,0.1569,4.6962,5.3049,0.353,0.0895,0.239
3,emotion_induction_1,CRADK,phq_8,PHQ8,full,StandardScaler,SVR,50,12,10,0.3458,4.2498,4.8456,0.5052,0.2404,0.4569
3,emotion_induction_1,CRADK,phq_8,PHQ8,full,StandardScaler,KNN,50,12,10,0.0986,5.2778,5.8603,0.1346,-0.1111,0.2381
3,emotion_induction_1,CRADK,phq_8,PHQ8,full,StandardScaler,RF,50,12,10,0.1105,5.1975,5.6943,0.1561,-0.049,0.0738
3,emotion_induction_1,CRADK,phq_8,PHQ8,full,StandardScaler,ET,50,12,10,0.2219,4.7075,5.4862,0.2929,0.0262,0.4464
3,emotion_induction_1,CRADK,phq_8,PHQ8,full,StandardScaler,GB,50,12,10,0.2321,4.7817,5.9345,0.248,-0.1394,0.4323
3,emotion_induction_1,CRADK,phq_8,PHQ8,full,StandardScaler,XGB,50,12,10,0.3299,4.3671,5.3512,0.3701,0.0736,0.4569
3,emotion_induction_1,CRADK,phq_8,PHQ8,full,StandardScaler,MLP,50,12,10,-0.1942,5.941,6.7267,-0.2594,-0.4639,-0.0808
3,emotion_induction_1,CRADK,phq_8,PHQ8,full,StandardScaler,LGBM,50,12,10,0.1395,4.935,5.9456,0.1617,-0.1437,0.1587
3,emotion_induction_1,CRADK,phq_8,PHQ8,full,StandardScaler,CatBoost,50,12,10,0.3366,4.2367,4.9781,0.4482,0.1983,0.4077
3,emotion_induction_1,CRADK,phq_8,PHQ8,full,MinMaxScaler,Ridge,50,12,10,0.1526,4.6042,5.3523,0.3025,0.0732,0.3199
3,emotion_induction_1,CRADK,phq_8,PHQ8,full,MinMaxScaler,Lasso,50,12,10,0.1762,4.775,5.3079,0.3344,0.0885,0.3023
3,emotion_induction_1,CRADK,phq_8,PHQ8,full,MinMaxScaler,ElasticNet,50,12,10,0.1612,4.782,5.3254,0.3263,0.0825,0.2988
3,emotion_induction_1,CRADK,phq_8,PHQ8,full,MinMaxScaler,SVR,50,12,10,0.3487,4.1161,4.9032,0.4741,0.2222,0.4956
3,emotion_induction_1,CRADK,phq_8,PHQ8,full,MinMaxScaler,KNN,50,12,10,0.1967,5.0595,5.5926,0.2749,-0.0119,0.3662
3,emotion_induction_1,CRADK,phq_8,PHQ8,full,MinMaxScaler,RF,50,12,10,0.2767,4.4299,5.0244,0.4393,0.1833,0.4534
3,emotion_induction_1,CRADK,phq_8,PHQ8,full,MinMaxScaler,ET,50,12,10,0.3618,4.2496,4.9261,0.4924,0.2149,0.3902
3,emotion_induction_1,CRADK,phq_8,PHQ8,full,MinMaxScaler,GB,50,12,10,0.3476,4.0843,5.1711,0.4177,0.1349,0.4464
3,emotion_induction_1,CRADK,phq_8,PHQ8,full,MinMaxScaler,XGB,50,12,10,0.4703,3.7843,4.708,0.5442,0.2829,0.5694
3,emotion_induction_1,CRADK,phq_8,PHQ8,full,MinMaxScaler,MLP,50,12,10,0.1952,4.489,5.3139,0.3262,0.0864,0.3374
3,emotion_induction_1,CRADK,phq_8,PHQ8,full,MinMaxScaler,LGBM,50,12,10,0.2392,4.6591,5.3764,0.3073,0.0648,0.2363
3,emotion_induction_1,CRADK,phq_8,PHQ8,full,MinMaxScaler,CatBoost,50,12,10,0.2697,4.2735,5.1736,0.3891,0.134,0.4359
3,emotion_induction_1,CRADK,phq_8,PHQ8,full,RobustScaler,Ridge,50,12,10,0.0225,5.9078,7.1166,0.0229,-0.6385,0.2917
3,emotion_induction_1,CRADK,phq_8,PHQ8,full,RobustScaler,Lasso,50,12,10,0.0998,4.62,5.366,0.3964,0.0684,0.4218
3,emotion_induction_1,CRADK,phq_8,PHQ8,full,RobustScaler,ElasticNet,50,12,10,0.076,5.3693,6.1136,0.0899,-0.2092,0.2074
3,emotion_induction_1,CRADK,phq_8,PHQ8,full,RobustScaler,SVR,50,12,10,0.2279,4.7812,5.3388,0.3124,0.0779,0.2144
3,emotion_induction_1,CRADK,phq_8,PHQ8,full,RobustScaler,KNN,50,12,10,0.1843,5.0278,5.92,0.2198,-0.1338,0.2218
3,emotion_induction_1,CRADK,phq_8,PHQ8,full,RobustScaler,RF,50,12,10,0.151,5.0072,5.5408,0.2147,0.0068,0.232
3,emotion_induction_1,CRADK,phq_8,PHQ8,full,RobustScaler,ET,50,12,10,0.1914,4.8483,5.5424,0.2521,0.0062,0.4218
3,emotion_induction_1,CRADK,phq_8,PHQ8,full,RobustScaler,GB,50,12,10,0.2824,4.6369,5.6312,0.3083,-0.0259,0.3726
3,emotion_induction_1,CRADK,phq_8,PHQ8,full,RobustScaler,XGB,50,12,10,0.4552,3.9646,4.8638,0.503,0.2347,0.587
3,emotion_induction_1,CRADK,phq_8,PHQ8,full,RobustScaler,MLP,50,12,10,-0.1097,6.4166,7.1346,-0.1171,-0.6468,-0.0105
3,emotion_induction_1,CRADK,phq_8,PHQ8,full,RobustScaler,LGBM,50,12,10,0.1683,4.726,5.766,0.2015,-0.0756,0.1587
3,emotion_induction_1,CRADK,phq_8,PHQ8,full,RobustScaler,CatBoost,50,12,10,0.3205,4.6235,5.2433,0.378,0.1105,0.4323
4,emotion_induction_1,CRADK,phq_8,PHQ8,full,StandardScaler,Ridge,50,12,5,0.2465,4.7881,5.5534,0.3495,0.0723,0.0491
4,emotion_induction_1,CRADK,phq_8,PHQ8,full,StandardScaler,Lasso,50,12,5,0.2276,5.1449,5.9812,0.2988,-0.0762,0.207
4,emotion_induction_1,CRADK,phq_8,PHQ8,full,StandardScaler,ElasticNet,50,12,5,0.1532,5.0578,5.7076,0.2687,0.0201,-0.0667
4,emotion_induction_1,CRADK,phq_8,PHQ8,full,StandardScaler,SVR,50,12,5,-0.0793,5.505,6.3195,-0.1821,-0.2013,-0.2035
4,emotion_induction_1,CRADK,phq_8,PHQ8,full,StandardScaler,KNN,50,12,5,-0.0271,5.75,6.62,-0.0339,-0.3183,0.0351
4,emotion_induction_1,CRADK,phq_8,PHQ8,full,StandardScaler,RF,50,12,5,0.0608,5.6952,6.5173,0.0816,-0.2777,0.0421
4,emotion_induction_1,CRADK,phq_8,PHQ8,full,StandardScaler,ET,50,12,5,-0.115,6.6954,7.4355,-0.1478,-0.6631,-0.0807
4,emotion_induction_1,CRADK,phq_8,PHQ8,full,StandardScaler,GB,50,12,5,-0.2522,7.231,7.8051,-0.3499,-0.8326,-0.2842
4,emotion_induction_1,CRADK,phq_8,PHQ8,full,StandardScaler,XGB,50,12,5,-0.1468,7.4235,8.1927,-0.1992,-1.0191,-0.1439
4,emotion_induction_1,CRADK,phq_8,PHQ8,full,StandardScaler,MLP,50,12,5,-0.1118,6.516,7.6456,-0.1347,-0.7584,-0.0561
4,emotion_induction_1,CRADK,phq_8,PHQ8,full,StandardScaler,LGBM,50,12,5,0.1279,5.4147,6.0914,0.1727,-0.1162,-0.0071
4,emotion_induction_1,CRADK,phq_8,PHQ8,full,StandardScaler,CatBoost,50,12,5,-0.2052,7.1397,7.9192,-0.2718,-0.8865,-0.2561
4,emotion_induction_1,CRADK,phq_8,PHQ8,full,MinMaxScaler,Ridge,50,12,5,0.1576,5.1719,5.7931,0.2612,-0.0095,-0.0772
4,emotion_induction_1,CRADK,phq_8,PHQ8,full,MinMaxScaler,Lasso,50,12,5,0.1543,5.2295,5.8217,0.2572,-0.0195,-0.0702
4,emotion_induction_1,CRADK,phq_8,PHQ8,full,MinMaxScaler,ElasticNet,50,12,5,0.1574,5.1604,5.7792,0.2645,-0.0047,-0.0772
4,emotion_induction_1,CRADK,phq_8,PHQ8,full,MinMaxScaler,SVR,50,12,5,-0.0713,5.5634,6.2074,-0.1857,-0.1591,-0.1193
4,emotion_induction_1,CRADK,phq_8,PHQ8,full,MinMaxScaler,KNN,50,12,5,-0.2215,7.0357,7.5711,-0.2661,-0.7243,-0.3286
4,emotion_induction_1,CRADK,phq_8,PHQ8,full,MinMaxScaler,RF,50,12,5,0.1178,5.4408,6.0383,0.176,-0.0968,0.2561
4,emotion_induction_1,CRADK,phq_8,PHQ8,full,MinMaxScaler,ET,50,12,5,-0.2315,6.5846,7.1981,-0.3579,-0.5586,-0.3754
4,emotion_induction_1,CRADK,phq_8,PHQ8,full,MinMaxScaler,GB,50,12,5,-0.1526,6.4433,6.9753,-0.2374,-0.4636,-0.1123
4,emotion_induction_1,CRADK,phq_8,PHQ8,full,MinMaxScaler,XGB,50,12,5,-0.2142,7.2189,7.6344,-0.2791,-0.7533,-0.186
4,emotion_induction_1,CRADK,phq_8,PHQ8,full,MinMaxScaler,MLP,50,12,5,0.3523,4.4414,5.0403,0.538,0.2358,0.4561
4,emotion_induction_1,CRADK,phq_8,PHQ8,full,MinMaxScaler,LGBM,50,12,5,0.1666,5.4281,5.7885,0.2454,-0.0079,0.2824
4,emotion_induction_1,CRADK,phq_8,PHQ8,full,MinMaxScaler,CatBoost,50,12,5,-0.0913,5.7726,6.4199,-0.1657,-0.2398,-0.0947
4,emotion_induction_1,CRADK,phq_8,PHQ8,full,RobustScaler,Ridge,50,12,5,0.0268,6.0187,6.8009,0.038,-0.3913,-0.1053
4,emotion_induction_1,CRADK,phq_8,PHQ8,full,RobustScaler,Lasso,50,12,5,0.018,6.0775,6.9002,0.025,-0.4323,-0.1509
4,emotion_induction_1,CRADK,phq_8,PHQ8,full,RobustScaler,ElasticNet,50,12,5,0.0546,5.8353,6.5145,0.0828,-0.2766,0.0316
4,emotion_induction_1,CRADK,phq_8,PHQ8,full,RobustScaler,SVR,50,12,5,-0.1519,5.7885,6.544,-0.3783,-0.2882,-0.2526
4,emotion_induction_1,CRADK,phq_8,PHQ8,full,RobustScaler,KNN,50,12,5,-0.3456,6.95,7.8831,-0.4075,-0.8694,-0.4632
4,emotion_induction_1,CRADK,phq_8,PHQ8,full,RobustScaler,RF,50,12,5,0.0802,5.4001,6.094,0.1223,-0.1171,0.0772
4,emotion_induction_1,CRADK,phq_8,PHQ8,full,RobustScaler,ET,50,12,5,-0.1698,6.3361,7.128,-0.2479,-0.5284,-0.2246
4,emotion_induction_1,CRADK,phq_8,PHQ8,full,RobustScaler,GB,50,12,5,-0.2071,6.5603,7.2645,-0.2911,-0.5875,-0.1158
4,emotion_induction_1,CRADK,phq_8,PHQ8,full,RobustScaler,XGB,50,12,5,-0.2346,7.0037,7.7915,-0.32,-0.8262,-0.1088
4,emotion_induction_1,CRADK,phq_8,PHQ8,full,RobustScaler,MLP,50,12,5,-0.4367,7.4965,8.4197,-0.5285,-1.1325,-0.5754
4,emotion_induction_1,CRADK,phq_8,PHQ8,full,RobustScaler,LGBM,50,12,5,0.1772,5.3418,5.7436,0.2562,0.0076,0.2824
4,emotion_induction_1,CRADK,phq_8,PHQ8,full,RobustScaler,CatBoost,50,12,5,-0.0411,5.8082,6.5768,-0.0602,-0.3012,0.0
5,emotion_induction_1,CRADK,phq_8,PHQ8,full,StandardScaler,Ridge,50,12,5,-0.2938,5.0716,6.4996,-0.3064,-1.0948,-0.2822
5,emotion_induction_1,CRADK,phq_8,PHQ8,full,StandardScaler,Lasso,50,12,5,-0.2902,5.1924,6.6623,-0.2994,-1.201,-0.2822
5,emotion_induction_1,CRADK,phq_8,PHQ8,full,StandardScaler,ElasticNet,50,12,5,-0.2928,5.1737,6.63,-0.3026,-1.1797,-0.2822
5,emotion_induction_1,CRADK,phq_8,PHQ8,full,StandardScaler,SVR,50,12,5,-0.3081,4.5693,5.5367,-0.4495,-0.5201,-0.4057
5,emotion_induction_1,CRADK,phq_8,PHQ8,full,StandardScaler,KNN,50,12,5,-0.1999,4.8095,6.0606,-0.2182,-0.8214,-0.2258
5,emotion_induction_1,CRADK,phq_8,PHQ8,full,StandardScaler,RF,50,12,5,-0.3185,5.323,6.8712,-0.3219,-1.3412,-0.2187
5,emotion_induction_1,CRADK,phq_8,PHQ8,full,StandardScaler,ET,50,12,5,-0.2836,5.0492,6.7374,-0.2865,-1.2508,-0.2575
5,emotion_induction_1,CRADK,phq_8,PHQ8,full,StandardScaler,GB,50,12,5,-0.2081,5.4697,7.1049,-0.2097,-1.5031,-0.0705
5,emotion_induction_1,CRADK,phq_8,PHQ8,full,StandardScaler,XGB,50,12,5,-0.0804,5.7995,6.9223,-0.0809,-1.3761,0.053
5,emotion_induction_1,CRADK,phq_8,PHQ8,full,StandardScaler,MLP,50,12,5,-0.2412,5.559,6.7905,-0.2542,-1.2865,-0.2575
5,emotion_induction_1,CRADK,phq_8,PHQ8,full,StandardScaler,LGBM,50,12,5,-0.1396,5.8138,6.8003,-0.141,-1.2931,-0.1232
5,emotion_induction_1,CRADK,phq_8,PHQ8,full,StandardScaler,CatBoost,50,12,5,-0.2555,5.4018,6.9807,-0.256,-1.4164,-0.187
5,emotion_induction_1,CRADK,phq_8,PHQ8,full,MinMaxScaler,Ridge,50,12,5,-0.2914,5.2336,6.7009,-0.3001,-1.2266,-0.2822
5,emotion_induction_1,CRADK,phq_8,PHQ8,full,MinMaxScaler,Lasso,50,12,5,-0.29,5.2399,6.7153,-0.2985,-1.2361,-0.2822
5,emotion_induction_1,CRADK,phq_8,PHQ8,full,MinMaxScaler,ElasticNet,50,12,5,-0.2899,5.0754,6.5129,-0.3021,-1.1034,-0.2822
5,emotion_induction_1,CRADK,phq_8,PHQ8,full,MinMaxScaler,SVR,50,12,5,-0.2459,6.4089,7.9012,-0.2703,-2.0957,-0.2116
5,emotion_induction_1,CRADK,phq_8,PHQ8,full,MinMaxScaler,KNN,50,12,5,-0.2825,4.9537,6.2791,-0.3213,-0.9551,-0.205
5,emotion_induction_1,CRADK,phq_8,PHQ8,full,MinMaxScaler,RF,50,12,5,-0.3185,5.323,6.8712,-0.3219,-1.3412,-0.2187
5,emotion_induction_1,CRADK,phq_8,PHQ8,full,MinMaxScaler,ET,50,12,5,-0.2836,5.0492,6.7374,-0.2865,-1.2508,-0.2575
5,emotion_induction_1,CRADK,phq_8,PHQ8,full,MinMaxScaler,GB,50,12,5,-0.2081,5.4697,7.1049,-0.2097,-1.5031,-0.0705
5,emotion_induction_1,CRADK,phq_8,PHQ8,full,MinMaxScaler,XGB,50,12,5,-0.0804,5.7995,6.9223,-0.0809,-1.3761,0.053
5,emotion_induction_1,CRADK,phq_8,PHQ8,full,MinMaxScaler,MLP,50,12,5,-0.2566,5.965,7.3966,-0.2668,-1.7129,-0.2399
5,emotion_induction_1,CRADK,phq_8,PHQ8,full,MinMaxScaler,LGBM,50,12,5,-0.1222,5.669,6.63,-0.1231,-1.1797,-0.0862
5,emotion_induction_1,CRADK,phq_8,PHQ8,full,MinMaxScaler,CatBoost,50,12,5,-0.2555,5.4018,6.9807,-0.256,-1.4164,-0.187
5,emotion_induction_1,CRADK,phq_8,PHQ8,full,RobustScaler,Ridge,50,12,5,-0.2988,5.0488,6.3433,-0.3164,-0.9952,-0.2822
5,emotion_induction_1,CRADK,phq_8,PHQ8,full,RobustScaler,Lasso,50,12,5,-0.2911,5.1694,6.6309,-0.3008,-1.1802,-0.2822
5,emotion_induction_1,CRADK,phq_8,PHQ8,full,RobustScaler,ElasticNet,50,12,5,-0.2961,5.1275,6.5353,-0.3079,-1.1179,-0.2822
5,emotion_induction_1,CRADK,phq_8,PHQ8,full,RobustScaler,SVR,50,12,5,-0.244,4.4224,5.3254,-0.3826,-0.4063,-0.2293
5,emotion_induction_1,CRADK,phq_8,PHQ8,full,RobustScaler,KNN,50,12,5,-0.264,4.8333,5.9833,-0.3047,-0.7752,-0.3392
5,emotion_induction_1,CRADK,phq_8,PHQ8,full,RobustScaler,RF,50,12,5,-0.3489,5.5092,7.0084,-0.3512,-1.4356,-0.3139
5,emotion_induction_1,CRADK,phq_8,PHQ8,full,RobustScaler,ET,50,12,5,-0.2488,5.16,6.7047,-0.2511,-1.2291,-0.1728
5,emotion_induction_1,CRADK,phq_8,PHQ8,full,RobustScaler,GB,50,12,5,-0.2491,5.5471,7.1658,-0.2535,-1.5462,-0.067
5,emotion_induction_1,CRADK,phq_8,PHQ8,full,RobustScaler,XGB,50,12,5,-0.0726,5.849,6.923,-0.0731,-1.3766,0.0848
5,emotion_induction_1,CRADK,phq_8,PHQ8,full,RobustScaler,MLP,50,12,5,-0.1815,5.5577,6.8756,-0.1915,-1.3442,-0.1799
5,emotion_induction_1,CRADK,phq_8,PHQ8,full,RobustScaler,LGBM,50,12,5,-0.1719,5.9013,6.9209,-0.1753,-1.3752,-0.2287
5,emotion_induction_1,CRADK,phq_8,PHQ8,full,RobustScaler,CatBoost,50,12,5,-0.204,5.5287,6.9999,-0.204,-1.4297,-0.0988
1,emotion_induction_1,CRADK,ads.1,CES-D,full,StandardScaler,Ridge,50,13,5,0.1037,13.8185,15.1266,0.1245,-0.1887,0.0604
1,emotion_induction_1,CRADK,ads.1,CES-D,full,StandardScaler,Lasso,50,13,5,0.1052,13.778,15.0994,0.1266,-0.1845,0.0604
1,emotion_induction_1,CRADK,ads.1,CES-D,full,StandardScaler,ElasticNet,50,13,5,0.1145,13.5844,14.8119,0.1433,-0.1398,0.0659
1,emotion_induction_1,CRADK,ads.1,CES-D,full,StandardScaler,SVR,50,13,5,-0.128,14.167,15.7546,-0.1969,-0.2895,-0.1484
1,emotion_induction_1,CRADK,ads.1,CES-D,full,StandardScaler,KNN,50,13,5,-0.0993,14.4769,15.9984,-0.1453,-0.3297,-0.0964
1,emotion_induction_1,CRADK,ads.1,CES-D,full,StandardScaler,RF,50,13,5,-0.0731,13.9686,15.4457,-0.1133,-0.2394,-0.1264
1,emotion_induction_1,CRADK,ads.1,CES-D,full,StandardScaler,ET,50,13,5,-0.1065,14.3771,15.9546,-0.1447,-0.3224,-0.0495
1,emotion_induction_1,CRADK,ads.1,CES-D,full,StandardScaler,GB,50,13,5,-0.1481,16.1307,18.1716,-0.161,-0.7155,-0.1648
1,emotion_induction_1,CRADK,ads.1,CES-D,full,StandardScaler,XGB,50,13,5,-0.2377,16.0173,17.8176,-0.2795,-0.6493,-0.2912
1,emotion_induction_1,CRADK,ads.1,CES-D,full,StandardScaler,MLP,50,13,5,-0.1472,14.815,17.3206,-0.1763,-0.5586,-0.2637
1,emotion_induction_1,CRADK,ads.1,CES-D,full,StandardScaler,LGBM,50,13,5,0.016,14.0933,15.0801,0.0228,-0.1814,-0.1302
1,emotion_induction_1,CRADK,ads.1,CES-D,full,StandardScaler,CatBoost,50,13,5,-0.1275,14.4913,16.1194,-0.177,-0.3499,-0.1374
1,emotion_induction_1,CRADK,ads.1,CES-D,full,MinMaxScaler,Ridge,50,13,10,0.0261,13.8248,15.0741,0.0364,-0.1805,0.1154
1,emotion_induction_1,CRADK,ads.1,CES-D,full,MinMaxScaler,Lasso,50,13,10,0.0665,13.5065,14.7724,0.0914,-0.1337,0.1703
1,emotion_induction_1,CRADK,ads.1,CES-D,full,MinMaxScaler,ElasticNet,50,13,10,-0.0009,14.2085,15.5074,-0.0012,-0.2493,0.033
1,emotion_induction_1,CRADK,ads.1,CES-D,full,MinMaxScaler,SVR,50,13,10,0.0051,13.5706,15.0695,0.007,-0.1798,0.0275
1,emotion_induction_1,CRADK,ads.1,CES-D,full,MinMaxScaler,KNN,50,13,10,-0.1935,15.7385,17.4831,-0.2405,-0.588,-0.2473
1,emotion_induction_1,CRADK,ads.1,CES-D,full,MinMaxScaler,RF,50,13,10,-0.0728,14.9028,16.4535,-0.0945,-0.4064,-0.044
1,emotion_induction_1,CRADK,ads.1,CES-D,full,MinMaxScaler,ET,50,13,10,-0.0395,14.7033,15.9699,-0.05,-0.325,0.1154
1,emotion_induction_1,CRADK,ads.1,CES-D,full,MinMaxScaler,GB,50,13,10,-0.1805,16.1373,17.381,-0.2116,-0.5695,-0.2637
1,emotion_induction_1,CRADK,ads.1,CES-D,full,MinMaxScaler,XGB,50,13,10,-0.0383,14.873,16.2055,-0.046,-0.3644,0.0055
1,emotion_induction_1,CRADK,ads.1,CES-D,full,MinMaxScaler,MLP,50,13,10,0.0845,13.5334,15.0108,0.1064,-0.1706,0.1099
1,emotion_induction_1,CRADK,ads.1,CES-D,full,MinMaxScaler,LGBM,50,13,10,-0.0627,14.3207,15.7621,-0.0905,-0.2907,-0.0688
1,emotion_induction_1,CRADK,ads.1,CES-D,full,MinMaxScaler,CatBoost,50,13,10,-0.076,14.7033,16.0942,-0.1033,-0.3457,-0.1154
1,emotion_induction_1,CRADK,ads.1,CES-D,full,RobustScaler,Ridge,50,13,10,0.2472,30.5019,47.771,0.5101,-10.8558,0.1044
1,emotion_induction_1,CRADK,ads.1,CES-D,full,RobustScaler,Lasso,50,13,10,0.3835,17.5602,19.5184,0.4163,-0.9792,0.1484
1,emotion_induction_1,CRADK,ads.1,CES-D,full,RobustScaler,ElasticNet,50,13,10,0.1046,12.8544,14.0116,0.1675,-0.0199,0.1758
1,emotion_induction_1,CRADK,ads.1,CES-D,full,RobustScaler,SVR,50,13,10,-0.285,15.9219,17.607,-0.3712,-0.6105,-0.2912
1,emotion_induction_1,CRADK,ads.1,CES-D,full,RobustScaler,KNN,50,13,10,-0.085,14.5692,16.0613,-0.1177,-0.3402,-0.0714
1,emotion_induction_1,CRADK,ads.1,CES-D,full,RobustScaler,RF,50,13,10,-0.1463,14.851,16.5004,-0.2091,-0.4145,-0.1044
1,emotion_induction_1,CRADK,ads.1,CES-D,full,RobustScaler,ET,50,13,10,-0.1214,15.0449,16.6496,-0.1498,-0.4402,-0.1758
1,emotion_induction_1,CRADK,ads.1,CES-D,full,RobustScaler,GB,50,13,10,-0.2178,16.3607,18.1257,-0.2513,-0.7068,-0.1978
1,emotion_induction_1,CRADK,ads.1,CES-D,full,RobustScaler,XGB,50,13,10,-0.3076,17.2658,19.2216,-0.3551,-0.9195,-0.2418
1,emotion_induction_1,CRADK,ads.1,CES-D,full,RobustScaler,MLP,50,13,10,-0.0227,14.2633,16.3158,-0.026,-0.383,-0.1538
1,emotion_induction_1,CRADK,ads.1,CES-D,full,RobustScaler,LGBM,50,13,10,-0.105,15.0801,16.2414,-0.1437,-0.3704,-0.1488
1,emotion_induction_1,CRADK,ads.1,CES-D,full,RobustScaler,CatBoost,50,13,10,-0.2441,16.2983,18.0267,-0.287,-0.6882,-0.1319
2,emotion_induction_1,CRADK,ads.1,CES-D,full,StandardScaler,Ridge,50,13,5,-0.016,10.9873,13.8134,-0.0194,-0.3265,-0.0193
2,emotion_induction_1,CRADK,ads.1,CES-D,full,StandardScaler,Lasso,50,13,5,-0.0089,10.6674,13.4687,-0.0116,-0.2611,0.0248
2,emotion_induction_1,CRADK,ads.1,CES-D,full,StandardScaler,ElasticNet,50,13,5,-0.0167,11.121,14.0397,-0.0194,-0.3703,-0.0193
2,emotion_induction_1,CRADK,ads.1,CES-D,full,StandardScaler,SVR,50,13,5,-0.1967,11.7931,15.2983,-0.2235,-0.627,-0.1678
2,emotion_induction_1,CRADK,ads.1,CES-D,full,StandardScaler,KNN,50,13,5,-0.1162,11.1421,13.9367,-0.1625,-0.3503,-0.1873
2,emotion_induction_1,CRADK,ads.1,CES-D,full,StandardScaler,RF,50,13,5,-0.0011,11.2895,13.5287,-0.0016,-0.2724,0.1155
2,emotion_induction_1,CRADK,ads.1,CES-D,full,StandardScaler,ET,50,13,5,-0.0778,11.4273,14.0914,-0.0992,-0.3804,0.066
2,emotion_induction_1,CRADK,ads.1,CES-D,full,StandardScaler,GB,50,13,5,0.0381,10.6048,13.4219,0.0457,-0.2524,0.0798
2,emotion_induction_1,CRADK,ads.1,CES-D,full,StandardScaler,XGB,50,13,5,0.0045,11.795,14.7779,0.0049,-0.5182,0.1541
2,emotion_induction_1,CRADK,ads.1,CES-D,full,StandardScaler,MLP,50,13,5,-0.0417,11.2585,14.3325,-0.047,-0.4281,-0.044
2,emotion_induction_1,CRADK,ads.1,CES-D,full,StandardScaler,LGBM,50,13,5,0.1043,10.3088,13.1076,0.1315,-0.1944,0.2036
2,emotion_induction_1,CRADK,ads.1,CES-D,full,StandardScaler,CatBoost,50,13,5,-0.0582,12.4345,14.8806,-0.0648,-0.5394,-0.0055
2,emotion_induction_1,CRADK,ads.1,CES-D,full,MinMaxScaler,Ridge,50,13,15,0.2945,8.3378,11.0316,0.4127,0.154,0.3906
2,emotion_induction_1,CRADK,ads.1,CES-D,full,MinMaxScaler,Lasso,50,13,15,0.1859,9.221,11.8766,0.2634,0.0194,0.3356
2,emotion_induction_1,CRADK,ads.1,CES-D,full,MinMaxScaler,ElasticNet,50,13,15,0.2913,8.1537,10.8537,0.469,0.1811,0.4237
2,emotion_induction_1,CRADK,ads.1,CES-D,full,MinMaxScaler,SVR,50,13,15,0.4507,7.7221,10.081,0.5849,0.2935,0.4127
2,emotion_induction_1,CRADK,ads.1,CES-D,full,MinMaxScaler,KNN,50,13,15,0.1189,9.4698,12.7624,0.1439,-0.1323,0.0303
2,emotion_induction_1,CRADK,ads.1,CES-D,full,MinMaxScaler,RF,50,13,15,0.2256,8.8294,11.1339,0.4184,0.1382,0.5062
2,emotion_induction_1,CRADK,ads.1,CES-D,full,MinMaxScaler,ET,50,13,15,0.2951,8.1685,10.6748,0.5128,0.2078,0.4264
2,emotion_induction_1,CRADK,ads.1,CES-D,full,MinMaxScaler,GB,50,13,15,0.1533,9.4236,12.0962,0.2053,-0.0172,0.2916
2,emotion_induction_1,CRADK,ads.1,CES-D,full,MinMaxScaler,XGB,50,13,15,-0.0775,10.4648,13.7647,-0.101,-0.3172,-0.0248
2,emotion_induction_1,CRADK,ads.1,CES-D,full,MinMaxScaler,MLP,50,13,15,0.5775,6.7742,9.019,0.6659,0.4345,0.5309
2,emotion_induction_1,CRADK,ads.1,CES-D,full,MinMaxScaler,LGBM,50,13,15,0.1547,8.9579,11.9743,0.2447,0.0032,0.5007
2,emotion_induction_1,CRADK,ads.1,CES-D,full,MinMaxScaler,CatBoost,50,13,15,0.1975,9.064,11.4304,0.3213,0.0917,0.4649
2,emotion_induction_1,CRADK,ads.1,CES-D,full,RobustScaler,Ridge,50,13,5,0.192,9.4119,12.0416,0.2566,-0.008,0.1898
2,emotion_induction_1,CRADK,ads.1,CES-D,full,RobustScaler,Lasso,50,13,5,0.1913,9.7301,12.2862,0.2346,-0.0494,0.2118
2,emotion_induction_1,CRADK,ads.1,CES-D,full,RobustScaler,ElasticNet,50,13,5,0.1931,9.6333,12.1866,0.2435,-0.0325,0.2118
2,emotion_induction_1,CRADK,ads.1,CES-D,full,RobustScaler,SVR,50,13,5,0.2106,8.9873,12.5198,0.2672,-0.0897,0.1458
2,emotion_induction_1,CRADK,ads.1,CES-D,full,RobustScaler,KNN,50,13,5,0.1395,9.5553,12.501,0.1772,-0.0864,0.1267
2,emotion_induction_1,CRADK,ads.1,CES-D,full,RobustScaler,RF,50,13,5,0.0947,9.3654,12.3599,0.1537,-0.062,0.0028
2,emotion_induction_1,CRADK,ads.1,CES-D,full,RobustScaler,ET,50,13,5,0.2272,9.4574,11.7998,0.3292,0.0321,0.1018
2,emotion_induction_1,CRADK,ads.1,CES-D,full,RobustScaler,GB,50,13,5,0.3578,7.7169,10.7985,0.4618,0.1894,0.2724
2,emotion_induction_1,CRADK,ads.1,CES-D,full,RobustScaler,XGB,50,13,5,0.3456,8.4185,11.2973,0.3964,0.1127,0.3686
2,emotion_induction_1,CRADK,ads.1,CES-D,full,RobustScaler,MLP,50,13,5,0.1763,9.048,12.5933,0.2135,-0.1025,0.2586
2,emotion_induction_1,CRADK,ads.1,CES-D,full,RobustScaler,LGBM,50,13,5,0.0572,9.6112,12.5987,0.0904,-0.1034,-0.0083
2,emotion_induction_1,CRADK,ads.1,CES-D,full,RobustScaler,CatBoost,50,13,5,0.181,9.3086,11.9297,0.2469,0.0106,0.1376
3,emotion_induction_1,CRADK,ads.1,CES-D,full,StandardScaler,Ridge,50,13,5,0.0464,9.9782,13.952,0.0551,-2.0826,0.1901
3,emotion_induction_1,CRADK,ads.1,CES-D,full,StandardScaler,Lasso,50,13,5,0.0547,10.0137,13.9309,0.065,-2.0732,0.1901
3,emotion_induction_1,CRADK,ads.1,CES-D,full,StandardScaler,ElasticNet,50,13,5,0.0456,9.6698,13.5434,0.0539,-1.9047,0.1736
3,emotion_induction_1,CRADK,ads.1,CES-D,full,StandardScaler,SVR,50,13,5,0.1034,7.9009,10.2544,0.2883,-0.6652,0.2562
3,emotion_induction_1,CRADK,ads.1,CES-D,full,StandardScaler,KNN,50,13,5,0.3183,6.3721,9.5045,0.4362,-0.4305,0.5096
3,emotion_induction_1,CRADK,ads.1,CES-D,full,StandardScaler,RF,50,13,5,0.2606,6.7287,9.2703,0.3282,-0.3609,0.3003
3,emotion_induction_1,CRADK,ads.1,CES-D,full,StandardScaler,ET,50,13,5,0.2885,6.6987,9.4727,0.3423,-0.421,0.3554
3,emotion_induction_1,CRADK,ads.1,CES-D,full,StandardScaler,GB,50,13,5,0.3135,7.1887,9.427,0.355,-0.4073,0.4545
3,emotion_induction_1,CRADK,ads.1,CES-D,full,StandardScaler,XGB,50,13,5,0.3018,7.0929,9.8337,0.3368,-0.5313,0.3636
3,emotion_induction_1,CRADK,ads.1,CES-D,full,StandardScaler,MLP,50,13,5,0.2312,9.2704,12.4537,0.3526,-1.4561,0.3499
3,emotion_induction_1,CRADK,ads.1,CES-D,full,StandardScaler,LGBM,50,13,5,0.2057,6.7493,9.258,0.2976,-0.3573,0.4321
3,emotion_induction_1,CRADK,ads.1,CES-D,full,StandardScaler,CatBoost,50,13,5,0.1526,8.2774,10.7885,0.1855,-0.8432,0.1543
3,emotion_induction_1,CRADK,ads.1,CES-D,full,MinMaxScaler,Ridge,50,13,15,-0.0223,8.8347,11.6886,-0.0256,-1.1636,-0.0744
3,emotion_induction_1,CRADK,ads.1,CES-D,full,MinMaxScaler,Lasso,50,13,15,0.0135,9.0277,11.6423,0.0155,-1.1464,-0.0165
3,emotion_induction_1,CRADK,ads.1,CES-D,full,MinMaxScaler,ElasticNet,50,13,15,-0.0903,9.6171,12.4895,-0.1009,-1.4702,-0.0744
3,emotion_induction_1,CRADK,ads.1,CES-D,full,MinMaxScaler,SVR,50,13,15,-0.0304,8.8705,12.0526,-0.0387,-1.3004,-0.0799
3,emotion_induction_1,CRADK,ads.1,CES-D,full,MinMaxScaler,KNN,50,13,15,0.1058,7.5692,11.5224,0.1323,-1.1025,0.0249
3,emotion_induction_1,CRADK,ads.1,CES-D,full,MinMaxScaler,RF,50,13,15,0.1354,7.008,9.7692,0.1655,-0.5113,0.2121
3,emotion_induction_1,CRADK,ads.1,CES-D,full,MinMaxScaler,ET,50,13,15,0.223,6.9711,9.4774,0.2537,-0.4224,0.2617
3,emotion_induction_1,CRADK,ads.1,CES-D,full,MinMaxScaler,GB,50,13,15,-0.0622,8.645,10.7697,-0.0731,-0.8368,-0.1185
3,emotion_induction_1,CRADK,ads.1,CES-D,full,MinMaxScaler,XGB,50,13,15,0.0264,9.0033,10.6873,0.0328,-0.8087,0.022
3,emotion_induction_1,CRADK,ads.1,CES-D,full,MinMaxScaler,MLP,50,13,15,0.1809,6.999,10.0069,0.2255,-0.5858,0.2066
3,emotion_induction_1,CRADK,ads.1,CES-D,full,MinMaxScaler,LGBM,50,13,15,-0.1456,8.5952,11.2881,-0.1881,-1.0178,-0.076
3,emotion_induction_1,CRADK,ads.1,CES-D,full,MinMaxScaler,CatBoost,50,13,15,0.0307,7.2191,10.4252,0.0399,-0.7211,-0.011
3,emotion_induction_1,CRADK,ads.1,CES-D,full,RobustScaler,Ridge,50,13,10,-0.0147,10.337,14.7686,-0.0175,-2.454,0.1212
3,emotion_induction_1,CRADK,ads.1,CES-D,full,RobustScaler,Lasso,50,13,10,0.0857,9.7283,13.6248,0.1013,-1.9397,0.1212
3,emotion_induction_1,CRADK,ads.1,CES-D,full,RobustScaler,ElasticNet,50,13,10,-0.0042,9.7586,13.8276,-0.0049,-2.0278,0.0799
3,emotion_induction_1,CRADK,ads.1,CES-D,full,RobustScaler,SVR,50,13,10,0.1832,7.2698,10.9025,0.2511,-0.8823,0.2507
3,emotion_induction_1,CRADK,ads.1,CES-D,full,RobustScaler,KNN,50,13,10,0.0536,9.2445,12.363,0.0752,-1.4204,0.1972
3,emotion_induction_1,CRADK,ads.1,CES-D,full,RobustScaler,RF,50,13,10,0.3163,6.55,8.9835,0.3757,-0.278,0.3581
3,emotion_induction_1,CRADK,ads.1,CES-D,full,RobustScaler,ET,50,13,10,0.3008,6.9176,9.5799,0.3455,-0.4533,0.405
3,emotion_induction_1,CRADK,ads.1,CES-D,full,RobustScaler,GB,50,13,10,0.2004,8.7802,10.785,0.2242,-0.842,0.2397
3,emotion_induction_1,CRADK,ads.1,CES-D,full,RobustScaler,XGB,50,13,10,0.3221,8.7557,10.1747,0.3482,-0.6394,0.2342
3,emotion_induction_1,CRADK,ads.1,CES-D,full,RobustScaler,MLP,50,13,10,0.1636,9.7054,11.9582,0.2109,-1.2645,0.2397
3,emotion_induction_1,CRADK,ads.1,CES-D,full,RobustScaler,LGBM,50,13,10,0.1156,7.7462,9.9244,0.1575,-0.5597,0.1264
3,emotion_induction_1,CRADK,ads.1,CES-D,full,RobustScaler,CatBoost,50,13,10,0.2768,6.9059,9.4228,0.3312,-0.406,0.2672
4,emotion_induction_1,CRADK,ads.1,CES-D,full,StandardScaler,Ridge,51,12,5,0.1478,7.6419,9.7394,0.1649,-0.2135,0.0385
4,emotion_induction_1,CRADK,ads.1,CES-D,full,StandardScaler,Lasso,51,12,5,0.1751,7.5097,9.4492,0.2004,-0.1423,0.0385
4,emotion_induction_1,CRADK,ads.1,CES-D,full,StandardScaler,ElasticNet,51,12,5,0.1316,7.3958,9.3044,0.1696,-0.1075,0.021
4,emotion_induction_1,CRADK,ads.1,CES-D,full,StandardScaler,SVR,51,12,5,0.0176,8.9688,11.51,0.0185,-0.6949,0.0525
4,emotion_induction_1,CRADK,ads.1,CES-D,full,StandardScaler,KNN,51,12,5,-0.0588,10.1068,11.9768,-0.0599,-0.8351,-0.0701
4,emotion_induction_1,CRADK,ads.1,CES-D,full,StandardScaler,RF,51,12,5,-0.1541,10.4505,12.8284,-0.1563,-1.1053,-0.1226
4,emotion_induction_1,CRADK,ads.1,CES-D,full,StandardScaler,ET,51,12,5,-0.2408,9.9492,12.8651,-0.2485,-1.1174,-0.1961
4,emotion_induction_1,CRADK,ads.1,CES-D,full,StandardScaler,GB,51,12,5,-0.0621,11.6595,14.3682,-0.0639,-1.6411,-0.063
4,emotion_induction_1,CRADK,ads.1,CES-D,full,StandardScaler,XGB,51,12,5,-0.113,13.5926,15.8378,-0.1188,-2.209,-0.007
4,emotion_induction_1,CRADK,ads.1,CES-D,full,StandardScaler,MLP,51,12,5,0.0414,9.7185,12.6158,0.0441,-1.0361,0.0771
4,emotion_induction_1,CRADK,ads.1,CES-D,full,StandardScaler,LGBM,51,12,5,-0.1056,9.4646,11.741,-0.1115,-0.7636,-0.2438
4,emotion_induction_1,CRADK,ads.1,CES-D,full,StandardScaler,CatBoost,51,12,5,-0.1485,10.3487,13.2676,-0.1515,-1.252,-0.0911
4,emotion_induction_1,CRADK,ads.1,CES-D,full,MinMaxScaler,Ridge,51,12,10,0.1149,7.9343,9.9702,0.1265,-0.2717,0.0385
4,emotion_induction_1,CRADK,ads.1,CES-D,full,MinMaxScaler,Lasso,51,12,10,0.1648,7.8106,9.8818,0.1774,-0.2492,0.0385
4,emotion_induction_1,CRADK,ads.1,CES-D,full,MinMaxScaler,ElasticNet,51,12,10,0.12,7.5106,9.3805,0.1514,-0.1257,0.0385
4,emotion_induction_1,CRADK,ads.1,CES-D,full,MinMaxScaler,SVR,51,12,10,0.1226,7.3883,9.415,0.1586,-0.134,0.0385
4,emotion_induction_1,CRADK,ads.1,CES-D,full,MinMaxScaler,KNN,51,12,10,-0.1324,9.9103,12.0067,-0.136,-0.8443,-0.2592
4,emotion_induction_1,CRADK,ads.1,CES-D,full,MinMaxScaler,RF,51,12,10,-0.1761,10.4829,13.3783,-0.1793,-1.2897,-0.1891
4,emotion_induction_1,CRADK,ads.1,CES-D,full,MinMaxScaler,ET,51,12,10,-0.2477,10.3562,13.4863,-0.2518,-1.3268,-0.2627
4,emotion_induction_1,CRADK,ads.1,CES-D,full,MinMaxScaler,GB,51,12,10,-0.2041,12.7053,16.0431,-0.213,-2.2927,-0.2207
4,emotion_induction_1,CRADK,ads.1,CES-D,full,MinMaxScaler,XGB,51,12,10,-0.1568,12.9091,15.7864,-0.1647,-2.1882,-0.1891
4,emotion_induction_1,CRADK,ads.1,CES-D,full,MinMaxScaler,MLP,51,12,10,0.1879,7.5504,9.6009,0.2058,-0.1792,0.0771
4,emotion_induction_1,CRADK,ads.1,CES-D,full,MinMaxScaler,LGBM,51,12,10,-0.0916,10.4257,12.3667,-0.0951,-0.9565,-0.1057
4,emotion_induction_1,CRADK,ads.1,CES-D,full,MinMaxScaler,CatBoost,51,12,10,-0.2336,11.0605,14.2381,-0.2362,-1.5935,-0.1961
4,emotion_induction_1,CRADK,ads.1,CES-D,full,RobustScaler,Ridge,51,12,15,0.0645,7.6875,9.6505,0.084,-0.1914,0.021
4,emotion_induction_1,CRADK,ads.1,CES-D,full,RobustScaler,Lasso,51,12,15,0.1505,7.5815,9.5568,0.1739,-0.1684,0.0385
4,emotion_induction_1,CRADK,ads.1,CES-D,full,RobustScaler,ElasticNet,51,12,15,0.0833,7.7365,9.7639,0.1,-0.2196,-0.0175
4,emotion_induction_1,CRADK,ads.1,CES-D,full,RobustScaler,SVR,51,12,15,-0.0719,8.5074,11.286,-0.0825,-0.6295,-0.0806
4,emotion_induction_1,CRADK,ads.1,CES-D,full,RobustScaler,KNN,51,12,15,-0.2321,10.5784,12.6543,-0.2395,-1.0486,-0.3363
4,emotion_induction_1,CRADK,ads.1,CES-D,full,RobustScaler,RF,51,12,15,-0.1481,10.8381,13.7809,-0.15,-1.4296,-0.1226
4,emotion_induction_1,CRADK,ads.1,CES-D,full,RobustScaler,ET,51,12,15,-0.2675,10.1026,13.3544,-0.2695,-1.2815,-0.2697
4,emotion_induction_1,CRADK,ads.1,CES-D,full,RobustScaler,GB,51,12,15,-0.0971,12.4244,15.2656,-0.1029,-1.9813,-0.0771
4,emotion_induction_1,CRADK,ads.1,CES-D,full,RobustScaler,XGB,51,12,15,-0.1648,13.0504,16.7101,-0.1778,-2.5722,-0.2697
4,emotion_induction_1,CRADK,ads.1,CES-D,full,RobustScaler,MLP,51,12,15,0.1031,7.8607,11.3154,0.1081,-0.638,0.1716
4,emotion_induction_1,CRADK,ads.1,CES-D,full,RobustScaler,LGBM,51,12,15,-0.1599,10.1307,12.3546,-0.1644,-0.9527,-0.2557
4,emotion_induction_1,CRADK,ads.1,CES-D,full,RobustScaler,CatBoost,51,12,15,-0.128,9.7373,13.1254,-0.1287,-1.2039,-0.1401
5,emotion_induction_1,CRADK,ads.1,CES-D,full,StandardScaler,Ridge,51,12,5,-0.0095,11.0555,13.0693,-0.0297,-0.0374,0.0282
5,emotion_induction_1,CRADK,ads.1,CES-D,full,StandardScaler,Lasso,51,12,5,-0.0,11.4555,12.8386,,-0.0011,
5,emotion_induction_1,CRADK,ads.1,CES-D,full,StandardScaler,ElasticNet,51,12,5,0.0076,10.8246,13.0752,0.0185,-0.0383,0.0845
5,emotion_induction_1,CRADK,ads.1,CES-D,full,StandardScaler,SVR,51,12,5,-0.2971,13.6921,16.8839,-0.3476,-0.7314,-0.2606
5,emotion_induction_1,CRADK,ads.1,CES-D,full,StandardScaler,KNN,51,12,5,-0.0768,12.1555,14.8716,-0.0965,-0.3432,-0.0141
5,emotion_induction_1,CRADK,ads.1,CES-D,full,StandardScaler,RF,51,12,5,0.0514,11.4129,13.5999,0.071,-0.1233,0.1338
5,emotion_induction_1,CRADK,ads.1,CES-D,full,StandardScaler,ET,51,12,5,-0.133,12.7538,15.5302,-0.1589,-0.4649,-0.0704
5,emotion_induction_1,CRADK,ads.1,CES-D,full,StandardScaler,GB,51,12,5,-0.1195,12.4366,14.8254,-0.164,-0.3349,-0.0986
5,emotion_induction_1,CRADK,ads.1,CES-D,full,StandardScaler,XGB,51,12,5,-0.0405,11.7634,15.1386,-0.0474,-0.3919,0.0211
5,emotion_induction_1,CRADK,ads.1,CES-D,full,StandardScaler,MLP,51,12,5,-0.1877,12.3115,15.9478,-0.2233,-0.5447,-0.1549
5,emotion_induction_1,CRADK,ads.1,CES-D,full,StandardScaler,LGBM,51,12,5,0.0559,11.6055,13.9621,0.0695,-0.184,-0.0717
5,emotion_induction_1,CRADK,ads.1,CES-D,full,StandardScaler,CatBoost,51,12,5,0.0463,11.5223,13.5225,0.0667,-0.1106,0.0916
5,emotion_induction_1,CRADK,ads.1,CES-D,full,MinMaxScaler,Ridge,51,12,5,0.0412,10.5076,12.9978,0.0832,-0.0261,0.1972
5,emotion_induction_1,CRADK,ads.1,CES-D,full,MinMaxScaler,Lasso,51,12,5,0.0791,10.882,12.3649,0.4701,0.0714,0.4859
5,emotion_induction_1,CRADK,ads.1,CES-D,full,MinMaxScaler,ElasticNet,51,12,5,0.0087,10.849,13.038,0.0224,-0.0324,0.0845
5,emotion_induction_1,CRADK,ads.1,CES-D,full,MinMaxScaler,SVR,51,12,5,-0.2095,12.8374,16.1214,-0.2595,-0.5785,-0.2183
5,emotion_induction_1,CRADK,ads.1,CES-D,full,MinMaxScaler,KNN,51,12,5,-0.0766,12.0722,14.8764,-0.0962,-0.3441,0.0141
5,emotion_induction_1,CRADK,ads.1,CES-D,full,MinMaxScaler,RF,51,12,5,-0.0317,11.6666,14.2935,-0.0423,-0.2409,0.007
5,emotion_induction_1,CRADK,ads.1,CES-D,full,MinMaxScaler,ET,51,12,5,-0.1695,13.0118,16.0767,-0.195,-0.5698,-0.1197
5,emotion_induction_1,CRADK,ads.1,CES-D,full,MinMaxScaler,GB,51,12,5,-0.1717,12.8129,15.9754,-0.2012,-0.5501,-0.2183
5,emotion_induction_1,CRADK,ads.1,CES-D,full,MinMaxScaler,XGB,51,12,5,-0.1287,12.5104,16.3286,-0.1401,-0.6194,-0.1268
5,emotion_induction_1,CRADK,ads.1,CES-D,full,MinMaxScaler,MLP,51,12,5,0.0958,10.1647,13.0182,0.1471,-0.0293,0.0986
5,emotion_induction_1,CRADK,ads.1,CES-D,full,MinMaxScaler,LGBM,51,12,5,-0.0742,12.0884,14.8962,-0.0922,-0.3477,0.0179
5,emotion_induction_1,CRADK,ads.1,CES-D,full,MinMaxScaler,CatBoost,51,12,5,-0.0522,11.6197,14.388,-0.0707,-0.2573,-0.0634
5,emotion_induction_1,CRADK,ads.1,CES-D,full,RobustScaler,Ridge,51,12,5,-0.1457,11.5843,14.1676,-0.3065,-0.2191,-0.0775
5,emotion_induction_1,CRADK,ads.1,CES-D,full,RobustScaler,Lasso,51,12,5,-0.0,11.4555,12.8386,,-0.0011,
5,emotion_induction_1,CRADK,ads.1,CES-D,full,RobustScaler,ElasticNet,51,12,5,-0.1449,11.4858,14.284,-0.2732,-0.2392,-0.0634
5,emotion_induction_1,CRADK,ads.1,CES-D,full,RobustScaler,SVR,51,12,5,-0.1594,12.4254,14.9468,-0.2322,-0.3569,-0.2183
5,emotion_induction_1,CRADK,ads.1,CES-D,full,RobustScaler,KNN,51,12,5,-0.0019,10.9555,14.4608,-0.0024,-0.2701,0.1056
5,emotion_induction_1,CRADK,ads.1,CES-D,full,RobustScaler,RF,51,12,5,-0.0393,11.7187,14.34,-0.0526,-0.2489,0.007
5,emotion_induction_1,CRADK,ads.1,CES-D,full,RobustScaler,ET,51,12,5,-0.1695,13.0118,16.0767,-0.195,-0.5698,-0.1197
5,emotion_induction_1,CRADK,ads.1,CES-D,full,RobustScaler,GB,51,12,5,-0.1717,12.8129,15.9754,-0.2012,-0.5501,-0.2183
5,emotion_induction_1,CRADK,ads.1,CES-D,full,RobustScaler,XGB,51,12,5,-0.1287,12.5104,16.3286,-0.1401,-0.6194,-0.1268
5,emotion_induction_1,CRADK,ads.1,CES-D,full,RobustScaler,MLP,51,12,5,-0.226,12.5869,15.7531,-0.3089,-0.5072,-0.1831
5,emotion_induction_1,CRADK,ads.1,CES-D,full,RobustScaler,LGBM,51,12,5,-0.1252,12.5595,15.1268,-0.1595,-0.3898,-0.2872
5,emotion_induction_1,CRADK,ads.1,CES-D,full,RobustScaler,CatBoost,51,12,5,-0.0522,11.6197,14.388,-0.0707,-0.2573,-0.0634
1,emotion_induction_1,CRADK,HRSD_6.1,HRSD6,full,StandardScaler,Ridge,48,12,10,-0.1008,9.2266,19.0296,-0.2128,-15.914,0.1441
1,emotion_induction_1,CRADK,HRSD_6.1,HRSD6,full,StandardScaler,Lasso,48,12,10,-0.099,9.4384,19.6984,-0.2158,-17.1239,0.1511
1,emotion_induction_1,CRADK,HRSD_6.1,HRSD6,full,StandardScaler,ElasticNet,48,12,10,-0.1008,9.0279,18.3312,-0.2051,-14.6954,0.123
1,emotion_induction_1,CRADK,HRSD_6.1,HRSD6,full,StandardScaler,SVR,48,12,10,-0.0619,4.5255,5.1985,-0.1036,-0.2622,-0.1373
1,emotion_induction_1,CRADK,HRSD_6.1,HRSD6,full,StandardScaler,KNN,48,12,10,-0.0462,4.6667,6.1328,-0.0472,-0.7567,-0.037
1,emotion_induction_1,CRADK,HRSD_6.1,HRSD6,full,StandardScaler,RF,48,12,10,-0.0023,4.0226,5.2449,-0.0027,-0.2849,0.0984
1,emotion_induction_1,CRADK,HRSD_6.1,HRSD6,full,StandardScaler,ET,48,12,10,0.0017,4.3975,5.9318,0.0017,-0.6435,-0.0562
1,emotion_induction_1,CRADK,HRSD_6.1,HRSD6,full,StandardScaler,GB,48,12,10,0.1375,4.2887,5.605,0.1402,-0.4674,0.109
1,emotion_induction_1,CRADK,HRSD_6.1,HRSD6,full,StandardScaler,XGB,48,12,10,0.0412,4.3174,5.6512,0.0432,-0.4916,0.0949
1,emotion_induction_1,CRADK,HRSD_6.1,HRSD6,full,StandardScaler,MLP,48,12,10,-0.0632,13.4289,28.0789,-0.1982,-35.8256,-0.0562
1,emotion_induction_1,CRADK,HRSD_6.1,HRSD6,full,StandardScaler,LGBM,48,12,10,-0.0532,4.0999,5.4724,-0.0622,-0.3988,-0.1312
1,emotion_induction_1,CRADK,HRSD_6.1,HRSD6,full,StandardScaler,CatBoost,48,12,10,-0.0133,4.1697,5.5404,-0.0146,-0.4337,-0.1933
1,emotion_induction_1,CRADK,HRSD_6.1,HRSD6,full,MinMaxScaler,Ridge,48,12,20,-0.1164,9.8324,22.1373,-0.2806,-21.8896,0.0773
1,emotion_induction_1,CRADK,HRSD_6.1,HRSD6,full,MinMaxScaler,Lasso,48,12,20,-0.1352,8.8959,20.5678,-0.3018,-18.759,0.1125
1,emotion_induction_1,CRADK,HRSD_6.1,HRSD6,full,MinMaxScaler,ElasticNet,48,12,20,-0.1157,10.3206,23.9342,-0.3017,-25.7563,0.0457
1,emotion_induction_1,CRADK,HRSD_6.1,HRSD6,full,MinMaxScaler,SVR,48,12,20,-0.0392,4.1568,5.2834,-0.0542,-0.3038,0.1582
1,emotion_induction_1,CRADK,HRSD_6.1,HRSD6,full,MinMaxScaler,KNN,48,12,20,-0.0271,4.1667,5.4455,-0.0316,-0.385,-0.0492
1,emotion_induction_1,CRADK,HRSD_6.1,HRSD6,full,MinMaxScaler,RF,48,12,20,0.0606,3.7432,5.0868,0.0736,-0.2086,0.0492
1,emotion_induction_1,CRADK,HRSD_6.1,HRSD6,full,MinMaxScaler,ET,48,12,20,-0.0536,4.56,6.0539,-0.0551,-0.7118,-0.2074
1,emotion_induction_1,CRADK,HRSD_6.1,HRSD6,full,MinMaxScaler,GB,48,12,20,0.1961,4.4914,5.6511,0.198,-0.4916,0.1265
1,emotion_induction_1,CRADK,HRSD_6.1,HRSD6,full,MinMaxScaler,XGB,48,12,20,0.0418,4.2983,5.7356,0.0433,-0.5365,0.0281
1,emotion_induction_1,CRADK,HRSD_6.1,HRSD6,full,MinMaxScaler,MLP,48,12,20,-0.0535,19.5107,52.0382,-0.3094,-125.4833,0.1125
1,emotion_induction_1,CRADK,HRSD_6.1,HRSD6,full,MinMaxScaler,LGBM,48,12,20,0.1669,3.9604,5.0885,0.1803,-0.2094,0.081
1,emotion_induction_1,CRADK,HRSD_6.1,HRSD6,full,MinMaxScaler,CatBoost,48,12,20,-0.0437,4.1548,5.6391,-0.0479,-0.4853,-0.1582
1,emotion_induction_1,CRADK,HRSD_6.1,HRSD6,full,RobustScaler,Ridge,48,12,15,-0.1098,8.8452,18.021,-0.2193,-14.1687,0.0879
1,emotion_induction_1,CRADK,HRSD_6.1,HRSD6,full,RobustScaler,Lasso,48,12,15,-0.1023,9.2258,19.008,-0.2153,-15.8756,0.116
1,emotion_induction_1,CRADK,HRSD_6.1,HRSD6,full,RobustScaler,ElasticNet,48,12,15,-0.0835,11.4738,25.0576,-0.2333,-28.3269,0.0879
1,emotion_induction_1,CRADK,HRSD_6.1,HRSD6,full,RobustScaler,SVR,48,12,15,0.0215,3.9259,4.9466,0.0331,-0.1429,0.0669
1,emotion_induction_1,CRADK,HRSD_6.1,HRSD6,full,RobustScaler,KNN,48,12,15,0.0574,4.0952,4.9993,0.0746,-0.1674,-0.1058
1,emotion_induction_1,CRADK,HRSD_6.1,HRSD6,full,RobustScaler,RF,48,12,15,0.0045,3.952,5.2205,0.0054,-0.2729,0.0492
1,emotion_induction_1,CRADK,HRSD_6.1,HRSD6,full,RobustScaler,ET,48,12,15,-0.0039,4.5533,5.8491,-0.0041,-0.598,-0.0984
1,emotion_induction_1,CRADK,HRSD_6.1,HRSD6,full,RobustScaler,GB,48,12,15,0.2268,3.8753,5.2408,0.2373,-0.2829,0.0879
1,emotion_induction_1,CRADK,HRSD_6.1,HRSD6,full,RobustScaler,XGB,48,12,15,-0.026,4.4083,5.5451,-0.0298,-0.4362,-0.0176
1,emotion_induction_1,CRADK,HRSD_6.1,HRSD6,full,RobustScaler,MLP,48,12,15,-0.0516,15.4704,32.6008,-0.19,-48.6416,-0.0703
1,emotion_induction_1,CRADK,HRSD_6.1,HRSD6,full,RobustScaler,LGBM,48,12,15,-0.0219,3.9329,5.4451,-0.0249,-0.3849,-0.0669
1,emotion_induction_1,CRADK,HRSD_6.1,HRSD6,full,RobustScaler,CatBoost,48,12,15,0.0325,4.2409,5.4933,0.035,-0.4095,-0.1301
2,emotion_induction_1,CRADK,HRSD_6.1,HRSD6,full,StandardScaler,Ridge,48,12,10,-0.0713,3.8851,5.1283,-0.2465,-0.1508,-0.1552
2,emotion_induction_1,CRADK,HRSD_6.1,HRSD6,full,StandardScaler,Lasso,48,12,10,0.0425,3.5209,4.9349,0.1386,-0.0656,0.2081
2,emotion_induction_1,CRADK,HRSD_6.1,HRSD6,full,StandardScaler,ElasticNet,48,12,10,0.0729,3.4288,4.9058,0.2111,-0.0531,0.2152
2,emotion_induction_1,CRADK,HRSD_6.1,HRSD6,full,StandardScaler,SVR,48,12,10,-0.0756,3.7851,5.3023,-0.1536,-0.2302,0.0353
2,emotion_induction_1,CRADK,HRSD_6.1,HRSD6,full,StandardScaler,KNN,48,12,10,0.0115,4.1944,5.3411,0.0157,-0.2483,-0.0141
2,emotion_induction_1,CRADK,HRSD_6.1,HRSD6,full,StandardScaler,RF,48,12,10,0.0679,3.3829,5.0083,0.1234,-0.0975,0.4374
2,emotion_induction_1,CRADK,HRSD_6.1,HRSD6,full,StandardScaler,ET,48,12,10,0.1051,3.3325,4.9962,0.178,-0.0922,0.2046
2,emotion_induction_1,CRADK,HRSD_6.1,HRSD6,full,StandardScaler,GB,48,12,10,-0.1478,4.3483,5.7123,-0.2271,-0.4278,-0.3351
2,emotion_induction_1,CRADK,HRSD_6.1,HRSD6,full,StandardScaler,XGB,48,12,10,0.0521,3.6106,5.2801,0.0784,-0.2199,0.1305
2,emotion_induction_1,CRADK,HRSD_6.1,HRSD6,full,StandardScaler,MLP,48,12,10,0.0022,3.3973,5.19,0.0047,-0.1786,0.06
2,emotion_induction_1,CRADK,HRSD_6.1,HRSD6,full,StandardScaler,LGBM,48,12,10,0.0179,3.543,5.3448,0.0297,-0.25,0.0424
2,emotion_induction_1,CRADK,HRSD_6.1,HRSD6,full,StandardScaler,CatBoost,48,12,10,0.0201,3.2647,5.4027,0.0327,-0.2772,0.3069
2,emotion_induction_1,CRADK,HRSD_6.1,HRSD6,full,MinMaxScaler,Ridge,48,12,10,0.1288,3.5923,5.2113,0.1756,-0.1883,0.0705
2,emotion_induction_1,CRADK,HRSD_6.1,HRSD6,full,MinMaxScaler,Lasso,48,12,10,0.1268,4.091,5.406,0.1508,-0.2787,-0.0811
2,emotion_induction_1,CRADK,HRSD_6.1,HRSD6,full,MinMaxScaler,ElasticNet,48,12,10,0.1268,3.8261,5.3192,0.1608,-0.238,0.0106
2,emotion_induction_1,CRADK,HRSD_6.1,HRSD6,full,MinMaxScaler,SVR,48,12,10,-0.1362,3.692,5.5996,-0.2832,-0.372,-0.0071
2,emotion_induction_1,CRADK,HRSD_6.1,HRSD6,full,MinMaxScaler,KNN,48,12,10,-0.0447,3.3704,5.5927,-0.0725,-0.3686,0.0996
2,emotion_induction_1,CRADK,HRSD_6.1,HRSD6,full,MinMaxScaler,RF,48,12,10,0.0305,3.23,5.1118,0.0528,-0.1433,0.1799
2,emotion_induction_1,CRADK,HRSD_6.1,HRSD6,full,MinMaxScaler,ET,48,12,10,0.107,3.095,4.8873,0.1891,-0.0451,0.2857
2,emotion_induction_1,CRADK,HRSD_6.1,HRSD6,full,MinMaxScaler,GB,48,12,10,-0.0808,3.9189,5.402,-0.1554,-0.2769,0.1376
2,emotion_induction_1,CRADK,HRSD_6.1,HRSD6,full,MinMaxScaler,XGB,48,12,10,-0.0118,3.5186,5.361,-0.021,-0.2576,0.187
2,emotion_induction_1,CRADK,HRSD_6.1,HRSD6,full,MinMaxScaler,MLP,48,12,10,0.0941,3.7714,5.4618,0.1166,-0.3053,0.1058
2,emotion_induction_1,CRADK,HRSD_6.1,HRSD6,full,MinMaxScaler,LGBM,48,12,10,-0.0624,3.9226,5.3764,-0.1143,-0.2648,-0.0035
2,emotion_induction_1,CRADK,HRSD_6.1,HRSD6,full,MinMaxScaler,CatBoost,48,12,10,-0.0651,3.3893,5.6223,-0.1046,-0.3831,0.1199
2,emotion_induction_1,CRADK,HRSD_6.1,HRSD6,full,RobustScaler,Ridge,48,12,10,-0.1427,4.2259,5.4777,-0.2219,-0.3129,-0.1658
2,emotion_induction_1,CRADK,HRSD_6.1,HRSD6,full,RobustScaler,Lasso,48,12,10,-0.335,4.9052,6.2143,-0.4128,-0.6897,-0.4903
2,emotion_induction_1,CRADK,HRSD_6.1,HRSD6,full,RobustScaler,ElasticNet,48,12,10,0.0624,3.5418,5.0714,0.1051,-0.1254,-0.0423
2,emotion_induction_1,CRADK,HRSD_6.1,HRSD6,full,RobustScaler,SVR,48,12,10,0.0575,3.7256,5.0315,0.0837,-0.1077,0.0776
2,emotion_induction_1,CRADK,HRSD_6.1,HRSD6,full,RobustScaler,KNN,48,12,10,0.1419,3.2738,5.291,0.2078,-0.2249,0.2297
2,emotion_induction_1,CRADK,HRSD_6.1,HRSD6,full,RobustScaler,RF,48,12,10,0.0693,3.3296,5.0071,0.1231,-0.097,0.4057
2,emotion_induction_1,CRADK,HRSD_6.1,HRSD6,full,RobustScaler,ET,48,12,10,0.1607,3.3746,4.8975,0.2611,-0.0495,0.4198
2,emotion_induction_1,CRADK,HRSD_6.1,HRSD6,full,RobustScaler,GB,48,12,10,0.0237,3.6404,5.1758,0.0419,-0.1722,0.0317
2,emotion_induction_1,CRADK,HRSD_6.1,HRSD6,full,RobustScaler,XGB,48,12,10,0.223,3.503,4.7572,0.3189,0.0098,0.321
2,emotion_induction_1,CRADK,HRSD_6.1,HRSD6,full,RobustScaler,MLP,48,12,10,0.043,3.6678,5.2484,0.1006,-0.2053,0.1517
2,emotion_induction_1,CRADK,HRSD_6.1,HRSD6,full,RobustScaler,LGBM,48,12,10,-0.018,3.7212,5.2631,-0.0389,-0.212,-0.1343
2,emotion_induction_1,CRADK,HRSD_6.1,HRSD6,full,RobustScaler,CatBoost,48,12,10,0.0783,3.2161,5.2376,0.1183,-0.2003,0.3915
3,emotion_induction_1,CRADK,HRSD_6.1,HRSD6,full,StandardScaler,Ridge,48,12,10,0.5843,2.8232,3.401,0.6257,0.3698,0.5845
3,emotion_induction_1,CRADK,HRSD_6.1,HRSD6,full,StandardScaler,Lasso,48,12,10,0.578,2.8802,3.4835,0.6098,0.3388,0.5845
3,emotion_induction_1,CRADK,HRSD_6.1,HRSD6,full,StandardScaler,ElasticNet,48,12,10,0.5283,2.6003,3.3327,0.6447,0.3949,0.5845
3,emotion_induction_1,CRADK,HRSD_6.1,HRSD6,full,StandardScaler,SVR,48,12,10,0.5346,2.9521,3.3209,0.7132,0.3991,0.4965
3,emotion_induction_1,CRADK,HRSD_6.1,HRSD6,full,StandardScaler,KNN,48,12,10,0.4493,2.8333,3.5901,0.5767,0.2978,0.5684
3,emotion_induction_1,CRADK,HRSD_6.1,HRSD6,full,StandardScaler,RF,48,12,10,0.31,3.3575,3.9768,0.4439,0.1383,0.1197
3,emotion_induction_1,CRADK,HRSD_6.1,HRSD6,full,StandardScaler,ET,48,12,10,0.369,3.1942,3.845,0.5054,0.1945,0.3028
3,emotion_induction_1,CRADK,HRSD_6.1,HRSD6,full,StandardScaler,GB,48,12,10,0.289,3.5251,4.5919,0.346,-0.1488,0.0916
3,emotion_induction_1,CRADK,HRSD_6.1,HRSD6,full,StandardScaler,XGB,48,12,10,0.0073,3.9177,4.9771,0.0096,-0.3496,0.0986
3,emotion_induction_1,CRADK,HRSD_6.1,HRSD6,full,StandardScaler,MLP,48,12,10,0.6198,2.8335,3.3538,0.6544,0.3872,0.5599
3,emotion_induction_1,CRADK,HRSD_6.1,HRSD6,full,StandardScaler,LGBM,48,12,10,0.3475,3.4708,3.7949,0.4643,0.2154,0.2081
3,emotion_induction_1,CRADK,HRSD_6.1,HRSD6,full,StandardScaler,CatBoost,48,12,10,0.3549,3.171,3.8024,0.5039,0.2123,0.3521
3,emotion_induction_1,CRADK,HRSD_6.1,HRSD6,full,MinMaxScaler,Ridge,48,12,10,0.5775,2.6573,3.3879,0.6219,0.3747,0.6197
3,emotion_induction_1,CRADK,HRSD_6.1,HRSD6,full,MinMaxScaler,Lasso,48,12,10,0.5655,2.7213,3.425,0.609,0.3609,0.6092
3,emotion_induction_1,CRADK,HRSD_6.1,HRSD6,full,MinMaxScaler,ElasticNet,48,12,10,0.5869,2.7929,3.4986,0.6102,0.3331,0.6092
3,emotion_induction_1,CRADK,HRSD_6.1,HRSD6,full,MinMaxScaler,SVR,48,12,10,0.5929,2.5989,3.2894,0.6452,0.4105,0.6549
3,emotion_induction_1,CRADK,HRSD_6.1,HRSD6,full,MinMaxScaler,KNN,48,12,10,0.6575,2.2667,2.9575,0.7442,0.5235,0.5609
3,emotion_induction_1,CRADK,HRSD_6.1,HRSD6,full,MinMaxScaler,RF,48,12,10,0.273,3.0548,3.8819,0.4313,0.179,0.3803
3,emotion_induction_1,CRADK,HRSD_6.1,HRSD6,full,MinMaxScaler,ET,48,12,10,0.3336,2.9612,3.8535,0.4455,0.191,0.4261
3,emotion_induction_1,CRADK,HRSD_6.1,HRSD6,full,MinMaxScaler,GB,48,12,10,0.1571,3.4344,4.8645,0.1664,-0.2893,0.1092
3,emotion_induction_1,CRADK,HRSD_6.1,HRSD6,full,MinMaxScaler,XGB,48,12,10,0.4048,3.043,4.0213,0.4351,0.119,0.2782
3,emotion_induction_1,CRADK,HRSD_6.1,HRSD6,full,MinMaxScaler,MLP,48,12,10,0.5944,2.6486,3.2912,0.6412,0.4098,0.6761
3,emotion_induction_1,CRADK,HRSD_6.1,HRSD6,full,MinMaxScaler,LGBM,48,12,10,0.3098,3.294,3.8371,0.4469,0.1978,0.2822
3,emotion_induction_1,CRADK,HRSD_6.1,HRSD6,full,MinMaxScaler,CatBoost,48,12,10,0.2917,3.2057,3.9817,0.4047,0.1362,0.2852
3,emotion_induction_1,CRADK,HRSD_6.1,HRSD6,full,RobustScaler,Ridge,48,12,10,0.5842,2.7019,3.3153,0.6439,0.4012,0.6303
3,emotion_induction_1,CRADK,HRSD_6.1,HRSD6,full,RobustScaler,Lasso,48,12,10,0.5776,2.8245,3.4485,0.6151,0.3521,0.5845
3,emotion_induction_1,CRADK,HRSD_6.1,HRSD6,full,RobustScaler,ElasticNet,48,12,10,0.5803,2.7858,3.4102,0.6242,0.3664,0.6303
3,emotion_induction_1,CRADK,HRSD_6.1,HRSD6,full,RobustScaler,SVR,48,12,10,0.6486,2.5825,2.9204,0.812,0.5353,0.7113
3,emotion_induction_1,CRADK,HRSD_6.1,HRSD6,full,RobustScaler,KNN,48,12,10,0.458,2.7222,3.5642,0.6743,0.3079,0.6743
3,emotion_induction_1,CRADK,HRSD_6.1,HRSD6,full,RobustScaler,RF,48,12,10,0.31,3.3575,3.9768,0.4439,0.1383,0.1197
3,emotion_induction_1,CRADK,HRSD_6.1,HRSD6,full,RobustScaler,ET,48,12,10,0.369,3.1942,3.845,0.5054,0.1945,0.3028
3,emotion_induction_1,CRADK,HRSD_6.1,HRSD6,full,RobustScaler,GB,48,12,10,0.289,3.5251,4.5919,0.346,-0.1488,0.0916
3,emotion_induction_1,CRADK,HRSD_6.1,HRSD6,full,RobustScaler,XGB,48,12,10,0.0073,3.9177,4.9771,0.0096,-0.3496,0.0986
3,emotion_induction_1,CRADK,HRSD_6.1,HRSD6,full,RobustScaler,MLP,48,12,10,0.556,3.079,3.5203,0.5995,0.3248,0.6338
3,emotion_induction_1,CRADK,HRSD_6.1,HRSD6,full,RobustScaler,LGBM,48,12,10,0.3373,3.4456,3.7546,0.4904,0.2319,0.2751
3,emotion_induction_1,CRADK,HRSD_6.1,HRSD6,full,RobustScaler,CatBoost,48,12,10,0.3549,3.171,3.8024,0.5039,0.2123,0.3521
4,emotion_induction_1,CRADK,HRSD_6.1,HRSD6,full,StandardScaler,Ridge,48,12,10,0.194,4.0988,4.5876,0.3183,0.0988,0.2695
4,emotion_induction_1,CRADK,HRSD_6.1,HRSD6,full,StandardScaler,Lasso,48,12,10,0.1912,4.0801,4.5794,0.3217,0.102,0.305
4,emotion_induction_1,CRADK,HRSD_6.1,HRSD6,full,StandardScaler,ElasticNet,48,12,10,0.1489,4.1264,4.5903,0.3319,0.0978,0.2695
4,emotion_induction_1,CRADK,HRSD_6.1,HRSD6,full,StandardScaler,SVR,48,12,10,0.2793,4.2486,4.6614,0.3352,0.0696,0.3263
4,emotion_induction_1,CRADK,HRSD_6.1,HRSD6,full,StandardScaler,KNN,48,12,10,0.2505,4.1167,4.609,0.3878,0.0904,0.4086
4,emotion_induction_1,CRADK,HRSD_6.1,HRSD6,full,StandardScaler,RF,48,12,10,0.0198,4.5442,5.1358,0.0294,-0.1294,0.1277
4,emotion_induction_1,CRADK,HRSD_6.1,HRSD6,full,StandardScaler,ET,48,12,10,0.2191,4.0592,4.5947,0.3195,0.096,0.2695
4,emotion_induction_1,CRADK,HRSD_6.1,HRSD6,full,StandardScaler,GB,48,12,10,0.097,4.1882,5.2317,0.1154,-0.172,0.1844
4,emotion_induction_1,CRADK,HRSD_6.1,HRSD6,full,StandardScaler,XGB,48,12,10,0.0257,4.499,5.2874,0.0331,-0.1971,0.0142
4,emotion_induction_1,CRADK,HRSD_6.1,HRSD6,full,StandardScaler,MLP,48,12,10,0.3886,4.0124,4.4073,0.4504,0.1683,0.5674
4,emotion_induction_1,CRADK,HRSD_6.1,HRSD6,full,StandardScaler,LGBM,48,12,10,-0.0467,4.7561,5.5164,-0.0588,-0.303,-0.0851
4,emotion_induction_1,CRADK,HRSD_6.1,HRSD6,full,StandardScaler,CatBoost,48,12,10,0.1193,4.279,5.1145,0.1457,-0.1201,0.1844
4,emotion_induction_1,CRADK,HRSD_6.1,HRSD6,full,MinMaxScaler,Ridge,48,12,10,0.0222,4.4518,5.0863,0.0345,-0.1078,0.0567
4,emotion_induction_1,CRADK,HRSD_6.1,HRSD6,full,MinMaxScaler,Lasso,48,12,10,-0.0034,4.4713,5.0402,-0.0064,-0.0878,0.149
4,emotion_induction_1,CRADK,HRSD_6.1,HRSD6,full,MinMaxScaler,ElasticNet,48,12,10,0.0264,4.4574,5.1434,0.038,-0.1328,0.1135
4,emotion_induction_1,CRADK,HRSD_6.1,HRSD6,full,MinMaxScaler,SVR,48,12,10,0.0576,4.4326,5.2564,0.0718,-0.1831,0.2128
4,emotion_induction_1,CRADK,HRSD_6.1,HRSD6,full,MinMaxScaler,KNN,48,12,10,0.0799,4.2963,4.861,0.1391,-0.0118,0.1997
4,emotion_induction_1,CRADK,HRSD_6.1,HRSD6,full,MinMaxScaler,RF,48,12,10,-0.0414,4.655,5.4201,-0.0548,-0.2579,-0.0071
4,emotion_induction_1,CRADK,HRSD_6.1,HRSD6,full,MinMaxScaler,ET,48,12,10,0.0175,4.6017,5.2029,0.0245,-0.1591,0.0142
4,emotion_induction_1,CRADK,HRSD_6.1,HRSD6,full,MinMaxScaler,GB,48,12,10,-0.0252,4.6363,5.6031,-0.0296,-0.3443,-0.0709
4,emotion_induction_1,CRADK,HRSD_6.1,HRSD6,full,MinMaxScaler,XGB,48,12,10,-0.0823,4.8965,5.8536,-0.0943,-0.4672,0.0284
4,emotion_induction_1,CRADK,HRSD_6.1,HRSD6,full,MinMaxScaler,MLP,48,12,10,0.1018,4.3909,5.0667,0.1335,-0.0992,0.2837
4,emotion_induction_1,CRADK,HRSD_6.1,HRSD6,full,MinMaxScaler,LGBM,48,12,10,-0.0299,4.6825,5.3373,-0.0417,-0.2198,-0.0284
4,emotion_induction_1,CRADK,HRSD_6.1,HRSD6,full,MinMaxScaler,CatBoost,48,12,10,-0.0241,4.6042,5.5599,-0.029,-0.3236,0.0355
4,emotion_induction_1,CRADK,HRSD_6.1,HRSD6,full,RobustScaler,Ridge,48,12,5,0.0078,4.4146,4.9542,0.017,-0.0509,0.1844
4,emotion_induction_1,CRADK,HRSD_6.1,HRSD6,full,RobustScaler,Lasso,48,12,5,0.0075,4.4165,4.9521,0.0166,-0.0501,0.2128
4,emotion_induction_1,CRADK,HRSD_6.1,HRSD6,full,RobustScaler,ElasticNet,48,12,5,0.0064,4.4432,4.9665,0.0135,-0.0562,0.1348
4,emotion_induction_1,CRADK,HRSD_6.1,HRSD6,full,RobustScaler,SVR,48,12,5,-0.023,4.6623,5.2559,-0.0369,-0.1829,0.1064
4,emotion_induction_1,CRADK,HRSD_6.1,HRSD6,full,RobustScaler,KNN,48,12,5,0.0448,4.3611,4.9503,0.0785,-0.0493,0.2416
4,emotion_induction_1,CRADK,HRSD_6.1,HRSD6,full,RobustScaler,RF,48,12,5,0.0282,4.5533,4.9966,0.049,-0.069,0.078
4,emotion_induction_1,CRADK,HRSD_6.1,HRSD6,full,RobustScaler,ET,48,12,5,-0.0581,4.7619,5.2169,-0.1006,-0.1654,0.0851
4,emotion_induction_1,CRADK,HRSD_6.1,HRSD6,full,RobustScaler,GB,48,12,5,0.0192,4.5891,5.1916,0.0269,-0.1541,0.0851
4,emotion_induction_1,CRADK,HRSD_6.1,HRSD6,full,RobustScaler,XGB,48,12,5,-0.0096,4.6696,5.3565,-0.0128,-0.2286,0.1206
4,emotion_induction_1,CRADK,HRSD_6.1,HRSD6,full,RobustScaler,MLP,48,12,5,0.1489,4.2892,4.8342,0.2187,-0.0007,0.4043
4,emotion_induction_1,CRADK,HRSD_6.1,HRSD6,full,RobustScaler,LGBM,48,12,5,0.0542,4.6096,5.0521,0.0797,-0.0929,-0.0071
4,emotion_induction_1,CRADK,HRSD_6.1,HRSD6,full,RobustScaler,CatBoost,48,12,5,-0.0263,4.7991,5.2389,-0.0396,-0.1752,0.1419
5,emotion_induction_1,CRADK,HRSD_6.1,HRSD6,full,StandardScaler,Ridge,48,12,10,0.1445,3.7666,4.7397,0.2527,-0.5259,0.2561
5,emotion_induction_1,CRADK,HRSD_6.1,HRSD6,full,StandardScaler,Lasso,48,12,10,0.2034,3.6699,4.765,0.3288,-0.5422,0.4597
5,emotion_induction_1,CRADK,HRSD_6.1,HRSD6,full,StandardScaler,ElasticNet,48,12,10,0.1957,3.6967,4.8096,0.3176,-0.5712,0.4702
5,emotion_induction_1,CRADK,HRSD_6.1,HRSD6,full,StandardScaler,SVR,48,12,10,0.2383,3.7896,4.5883,0.3846,-0.43,0.3895
5,emotion_induction_1,CRADK,HRSD_6.1,HRSD6,full,StandardScaler,KNN,48,12,10,0.1682,3.95,4.776,0.2414,-0.5494,0.258
5,emotion_induction_1,CRADK,HRSD_6.1,HRSD6,full,StandardScaler,RF,48,12,10,0.154,3.5442,4.1028,0.2345,-0.1434,0.4552
5,emotion_induction_1,CRADK,HRSD_6.1,HRSD6,full,StandardScaler,ET,48,12,10,0.2554,3.3292,3.9441,0.3961,-0.0566,0.3544
5,emotion_induction_1,CRADK,HRSD_6.1,HRSD6,full,StandardScaler,GB,48,12,10,0.2802,3.7212,4.3267,0.3528,-0.2716,0.4281
5,emotion_induction_1,CRADK,HRSD_6.1,HRSD6,full,StandardScaler,XGB,48,12,10,0.0799,3.9227,4.4633,0.0907,-0.3531,0.214
5,emotion_induction_1,CRADK,HRSD_6.1,HRSD6,full,StandardScaler,MLP,48,12,10,0.2702,4.6034,5.5151,0.5167,-1.066,0.607
5,emotion_induction_1,CRADK,HRSD_6.1,HRSD6,full,StandardScaler,LGBM,48,12,10,0.2572,3.34,4.166,0.3864,-0.1789,0.4246
5,emotion_induction_1,CRADK,HRSD_6.1,HRSD6,full,StandardScaler,CatBoost,48,12,10,0.1583,3.5845,4.1134,0.2423,-0.1493,0.3404
5,emotion_induction_1,CRADK,HRSD_6.1,HRSD6,full,MinMaxScaler,Ridge,48,12,5,0.3377,3.1926,3.9981,0.5052,-0.0858,0.4807
5,emotion_induction_1,CRADK,HRSD_6.1,HRSD6,full,MinMaxScaler,Lasso,48,12,5,0.3173,3.3223,4.3172,0.4388,-0.266,0.4246
5,emotion_induction_1,CRADK,HRSD_6.1,HRSD6,full,MinMaxScaler,ElasticNet,48,12,5,0.3307,3.2623,4.1728,0.4718,-0.1827,0.4351
5,emotion_induction_1,CRADK,HRSD_6.1,HRSD6,full,MinMaxScaler,SVR,48,12,5,0.3453,3.4056,4.3537,0.4608,-0.2875,0.6
5,emotion_induction_1,CRADK,HRSD_6.1,HRSD6,full,MinMaxScaler,KNN,48,12,5,0.4338,3.1833,3.8501,0.5721,-0.0069,0.6
5,emotion_induction_1,CRADK,HRSD_6.1,HRSD6,full,MinMaxScaler,RF,48,12,5,0.3182,3.2615,3.8949,0.5422,-0.0304,0.5544
5,emotion_induction_1,CRADK,HRSD_6.1,HRSD6,full,MinMaxScaler,ET,48,12,5,0.4156,3.0662,3.6931,0.5179,0.0736,0.5649
5,emotion_induction_1,CRADK,HRSD_6.1,HRSD6,full,MinMaxScaler,GB,48,12,5,0.2455,3.7149,4.5478,0.2757,-0.4049,0.2912
5,emotion_induction_1,CRADK,HRSD_6.1,HRSD6,full,MinMaxScaler,XGB,48,12,5,0.2834,3.7494,4.6197,0.3293,-0.4496,0.414
5,emotion_induction_1,CRADK,HRSD_6.1,HRSD6,full,MinMaxScaler,MLP,48,12,5,0.3948,3.1442,4.0045,0.5482,-0.0893,0.593
5,emotion_induction_1,CRADK,HRSD_6.1,HRSD6,full,MinMaxScaler,LGBM,48,12,5,0.4002,3.1707,3.6396,0.5632,0.1002,0.5272
5,emotion_induction_1,CRADK,HRSD_6.1,HRSD6,full,MinMaxScaler,CatBoost,48,12,5,0.4813,2.9472,3.4359,0.5886,0.1981,0.5544
5,emotion_induction_1,CRADK,HRSD_6.1,HRSD6,full,RobustScaler,Ridge,48,12,15,0.164,3.6225,4.5074,0.2651,-0.38,0.3123
5,emotion_induction_1,CRADK,HRSD_6.1,HRSD6,full,RobustScaler,Lasso,48,12,15,0.2272,3.4923,4.6478,0.3383,-0.4673,0.4491
5,emotion_induction_1,CRADK,HRSD_6.1,HRSD6,full,RobustScaler,ElasticNet,48,12,15,0.2169,3.5255,4.6884,0.3261,-0.4931,0.4491
5,emotion_induction_1,CRADK,HRSD_6.1,HRSD6,full,RobustScaler,SVR,48,12,15,0.1885,3.4934,4.2695,0.263,-0.2382,0.2807
5,emotion_induction_1,CRADK,HRSD_6.1,HRSD6,full,RobustScaler,KNN,48,12,15,0.1426,3.7833,4.5133,0.1955,-0.3836,0.1743
5,emotion_induction_1,CRADK,HRSD_6.1,HRSD6,full,RobustScaler,RF,48,12,15,0.0658,3.9342,4.2186,0.0871,-0.2088,0.214
5,emotion_induction_1,CRADK,HRSD_6.1,HRSD6,full,RobustScaler,ET,48,12,15,0.0793,3.9192,4.2402,0.1091,-0.2212,0.1439
5,emotion_induction_1,CRADK,HRSD_6.1,HRSD6,full,RobustScaler,GB,48,12,15,0.1894,3.8016,4.2873,0.2211,-0.2485,0.3789
5,emotion_induction_1,CRADK,HRSD_6.1,HRSD6,full,RobustScaler,XGB,48,12,15,0.1018,4.0216,4.6715,0.117,-0.4823,0.1614
5,emotion_induction_1,CRADK,HRSD_6.1,HRSD6,full,RobustScaler,MLP,48,12,15,0.1763,4.279,5.6038,0.2835,-1.133,0.3228
5,emotion_induction_1,CRADK,HRSD_6.1,HRSD6,full,RobustScaler,LGBM,48,12,15,0.3094,3.3613,4.0392,0.3996,-0.1082,0.5333
5,emotion_induction_1,CRADK,HRSD_6.1,HRSD6,full,RobustScaler,CatBoost,48,12,15,0.0004,4.2177,4.577,0.0005,-0.4229,0.0912
1,emotion_induction_1,CRADK,HRSD_17.1,HRSD17,full,StandardScaler,Ridge,48,12,5,0.2052,7.0526,8.3357,0.22,-0.1744,0.2137
1,emotion_induction_1,CRADK,HRSD_17.1,HRSD17,full,StandardScaler,Lasso,48,12,5,0.2509,6.897,8.1524,0.2667,-0.1233,0.2977
1,emotion_induction_1,CRADK,HRSD_17.1,HRSD17,full,StandardScaler,ElasticNet,48,12,5,0.2361,6.9276,8.1627,0.2532,-0.1261,0.2487
1,emotion_induction_1,CRADK,HRSD_17.1,HRSD17,full,StandardScaler,SVR,48,12,5,0.0172,7.4268,8.5118,0.0251,-0.2245,0.0525
1,emotion_induction_1,CRADK,HRSD_17.1,HRSD17,full,StandardScaler,KNN,48,12,5,0.1654,6.7738,7.8965,0.2104,-0.0539,0.1561
1,emotion_induction_1,CRADK,HRSD_17.1,HRSD17,full,StandardScaler,RF,48,12,5,0.0667,7.2979,8.279,0.0857,-0.1585,0.1296
1,emotion_induction_1,CRADK,HRSD_17.1,HRSD17,full,StandardScaler,ET,48,12,5,0.1213,7.3379,8.3164,0.1409,-0.1689,0.0841
1,emotion_induction_1,CRADK,HRSD_17.1,HRSD17,full,StandardScaler,GB,48,12,5,-0.0414,7.9438,9.0893,-0.0491,-0.3963,-0.014
1,emotion_induction_1,CRADK,HRSD_17.1,HRSD17,full,StandardScaler,XGB,48,12,5,-0.1052,8.1478,9.3276,-0.1251,-0.4705,-0.2172
1,emotion_induction_1,CRADK,HRSD_17.1,HRSD17,full,StandardScaler,MLP,48,12,5,0.2486,6.8121,8.6084,0.2545,-0.2525,0.3012
1,emotion_induction_1,CRADK,HRSD_17.1,HRSD17,full,StandardScaler,LGBM,48,12,5,0.1726,6.7788,7.6668,0.2313,0.0065,0.1781
1,emotion_induction_1,CRADK,HRSD_17.1,HRSD17,full,StandardScaler,CatBoost,48,12,5,-0.0976,8.1515,9.1221,-0.1197,-0.4064,-0.0806
1,emotion_induction_1,CRADK,HRSD_17.1,HRSD17,full,MinMaxScaler,Ridge,48,12,10,0.2549,6.8985,8.1061,0.2717,-0.1106,0.2452
1,emotion_induction_1,CRADK,HRSD_17.1,HRSD17,full,MinMaxScaler,Lasso,48,12,10,0.2368,6.7439,8.0458,0.2579,-0.0941,0.2102
1,emotion_induction_1,CRADK,HRSD_17.1,HRSD17,full,MinMaxScaler,ElasticNet,48,12,10,0.2324,6.7188,7.9251,0.2598,-0.0615,0.2452
1,emotion_induction_1,CRADK,HRSD_17.1,HRSD17,full,MinMaxScaler,SVR,48,12,10,0.2121,7.2209,8.5111,0.2267,-0.2243,0.2487
1,emotion_induction_1,CRADK,HRSD_17.1,HRSD17,full,MinMaxScaler,KNN,48,12,10,0.0699,6.8571,8.3328,0.088,-0.1736,0.0719
1,emotion_induction_1,CRADK,HRSD_17.1,HRSD17,full,MinMaxScaler,RF,48,12,10,0.3272,6.0,7.0832,0.4048,0.152,0.3818
1,emotion_induction_1,CRADK,HRSD_17.1,HRSD17,full,MinMaxScaler,ET,48,12,10,0.2259,6.8483,7.8566,0.2586,-0.0433,0.1576
1,emotion_induction_1,CRADK,HRSD_17.1,HRSD17,full,MinMaxScaler,GB,48,12,10,0.1891,6.88,8.0319,0.2175,-0.0903,0.1611
1,emotion_induction_1,CRADK,HRSD_17.1,HRSD17,full,MinMaxScaler,XGB,48,12,10,0.204,6.8383,7.839,0.2526,-0.0386,0.1226
1,emotion_induction_1,CRADK,HRSD_17.1,HRSD17,full,MinMaxScaler,MLP,48,12,10,0.3534,6.5014,7.8205,0.3665,-0.0337,0.3748
1,emotion_induction_1,CRADK,HRSD_17.1,HRSD17,full,MinMaxScaler,LGBM,48,12,10,0.3554,6.3057,7.1541,0.4082,0.135,0.3521
1,emotion_induction_1,CRADK,HRSD_17.1,HRSD17,full,MinMaxScaler,CatBoost,48,12,10,0.1872,7.2028,7.9878,0.2178,-0.0784,0.0771
1,emotion_induction_1,CRADK,HRSD_17.1,HRSD17,full,RobustScaler,Ridge,48,12,5,0.2558,6.9264,8.1802,0.2702,-0.131,0.2487
1,emotion_induction_1,CRADK,HRSD_17.1,HRSD17,full,RobustScaler,Lasso,48,12,5,0.2533,6.8912,8.1165,0.27,-0.1134,0.2627
1,emotion_induction_1,CRADK,HRSD_17.1,HRSD17,full,RobustScaler,ElasticNet,48,12,5,0.2562,6.8806,8.0975,0.2732,-0.1082,0.2627
1,emotion_induction_1,CRADK,HRSD_17.1,HRSD17,full,RobustScaler,SVR,48,12,5,0.081,7.4887,8.5716,0.1011,-0.2418,0.0946
1,emotion_induction_1,CRADK,HRSD_17.1,HRSD17,full,RobustScaler,KNN,48,12,5,0.1048,7.0926,8.0611,0.1412,-0.0983,-0.0666
1,emotion_induction_1,CRADK,HRSD_17.1,HRSD17,full,RobustScaler,RF,48,12,5,0.0771,7.4042,8.1978,0.0992,-0.1358,0.0525
1,emotion_induction_1,CRADK,HRSD_17.1,HRSD17,full,RobustScaler,ET,48,12,5,0.0902,7.4831,8.338,0.1085,-0.175,0.0666
1,emotion_induction_1,CRADK,HRSD_17.1,HRSD17,full,RobustScaler,GB,48,12,5,-0.0046,7.749,8.8018,-0.0056,-0.3094,0.0245
1,emotion_induction_1,CRADK,HRSD_17.1,HRSD17,full,RobustScaler,XGB,48,12,5,-0.154,8.2257,9.4239,-0.1845,-0.501,-0.1786
1,emotion_induction_1,CRADK,HRSD_17.1,HRSD17,full,RobustScaler,MLP,48,12,5,0.192,7.3523,9.14,0.1948,-0.4119,0.1751
1,emotion_induction_1,CRADK,HRSD_17.1,HRSD17,full,RobustScaler,LGBM,48,12,5,0.0704,7.2644,8.4396,0.084,-0.2038,0.0018
1,emotion_induction_1,CRADK,HRSD_17.1,HRSD17,full,RobustScaler,CatBoost,48,12,5,-0.0474,7.9974,8.8919,-0.0584,-0.3363,0.0105
2,emotion_induction_1,CRADK,HRSD_17.1,HRSD17,full,StandardScaler,Ridge,48,12,5,0.0931,6.5829,8.4815,0.1154,-0.3511,0.0456
2,emotion_induction_1,CRADK,HRSD_17.1,HRSD17,full,StandardScaler,Lasso,48,12,5,0.0827,7.2401,9.011,0.0949,-0.525,0.0807
2,emotion_induction_1,CRADK,HRSD_17.1,HRSD17,full,StandardScaler,ElasticNet,48,12,5,0.0871,7.0231,8.8259,0.1022,-0.463,0.0807
2,emotion_induction_1,CRADK,HRSD_17.1,HRSD17,full,StandardScaler,SVR,48,12,5,-0.0874,7.132,9.0599,-0.1006,-0.5416,0.014
2,emotion_induction_1,CRADK,HRSD_17.1,HRSD17,full,StandardScaler,KNN,48,12,5,-0.0369,6.2222,8.4085,-0.0475,-0.3279,-0.0458
2,emotion_induction_1,CRADK,HRSD_17.1,HRSD17,full,StandardScaler,RF,48,12,5,0.1167,5.7167,7.6645,0.1793,-0.1033,0.186
2,emotion_induction_1,CRADK,HRSD_17.1,HRSD17,full,StandardScaler,ET,48,12,5,0.1182,5.6304,7.7842,0.1765,-0.1381,0.1123
2,emotion_induction_1,CRADK,HRSD_17.1,HRSD17,full,StandardScaler,GB,48,12,5,0.1549,6.1308,8.3974,0.1734,-0.3244,0.2386
2,emotion_induction_1,CRADK,HRSD_17.1,HRSD17,full,StandardScaler,XGB,48,12,5,0.0564,6.2302,8.6293,0.0799,-0.3986,0.2035
2,emotion_induction_1,CRADK,HRSD_17.1,HRSD17,full,StandardScaler,MLP,48,12,5,0.0426,7.3421,9.3253,0.0476,-0.6333,0.1298
2,emotion_induction_1,CRADK,HRSD_17.1,HRSD17,full,StandardScaler,LGBM,48,12,5,-0.0867,6.5972,8.9059,-0.1082,-0.4897,-0.0814
2,emotion_induction_1,CRADK,HRSD_17.1,HRSD17,full,StandardScaler,CatBoost,48,12,5,0.0703,6.1385,8.509,0.0879,-0.3599,0.1439
2,emotion_induction_1,CRADK,HRSD_17.1,HRSD17,full,MinMaxScaler,Ridge,48,12,10,0.1832,6.3678,7.9946,0.2382,-0.2004,0.207
2,emotion_induction_1,CRADK,HRSD_17.1,HRSD17,full,MinMaxScaler,Lasso,48,12,10,0.1688,6.3957,8.0031,0.2232,-0.203,0.193
2,emotion_induction_1,CRADK,HRSD_17.1,HRSD17,full,MinMaxScaler,ElasticNet,48,12,10,0.179,6.2488,7.8114,0.2496,-0.146,0.1895
2,emotion_induction_1,CRADK,HRSD_17.1,HRSD17,full,MinMaxScaler,SVR,48,12,10,0.1877,5.8655,7.5649,0.2766,-0.0748,0.1579
2,emotion_induction_1,CRADK,HRSD_17.1,HRSD17,full,MinMaxScaler,KNN,48,12,10,0.2274,6.2,7.4229,0.3146,-0.0349,0.304
2,emotion_induction_1,CRADK,HRSD_17.1,HRSD17,full,MinMaxScaler,RF,48,12,10,0.1564,5.6054,7.8124,0.2282,-0.1463,0.2456
2,emotion_induction_1,CRADK,HRSD_17.1,HRSD17,full,MinMaxScaler,ET,48,12,10,0.1666,5.6233,7.9209,0.242,-0.1784,0.232
2,emotion_induction_1,CRADK,HRSD_17.1,HRSD17,full,MinMaxScaler,GB,48,12,10,0.3339,5.0474,6.9681,0.4174,0.0881,0.4772
2,emotion_induction_1,CRADK,HRSD_17.1,HRSD17,full,MinMaxScaler,XGB,48,12,10,0.273,5.4542,7.2205,0.3617,0.0208,0.4035
2,emotion_induction_1,CRADK,HRSD_17.1,HRSD17,full,MinMaxScaler,MLP,48,12,10,0.259,5.9737,7.9478,0.3185,-0.1864,0.3193
2,emotion_induction_1,CRADK,HRSD_17.1,HRSD17,full,MinMaxScaler,LGBM,48,12,10,0.1262,5.447,8.1076,0.1664,-0.2346,0.2074
2,emotion_induction_1,CRADK,HRSD_17.1,HRSD17,full,MinMaxScaler,CatBoost,48,12,10,0.1719,5.5017,7.8519,0.2434,-0.1579,0.3053
2,emotion_induction_1,CRADK,HRSD_17.1,HRSD17,full,RobustScaler,Ridge,48,12,5,0.1385,6.1639,8.0895,0.1873,-0.2291,0.1895
2,emotion_induction_1,CRADK,HRSD_17.1,HRSD17,full,RobustScaler,Lasso,48,12,5,0.1202,6.8442,8.7478,0.1437,-0.4373,0.1579
2,emotion_induction_1,CRADK,HRSD_17.1,HRSD17,full,RobustScaler,ElasticNet,48,12,5,0.1302,6.4867,8.4559,0.1623,-0.3429,0.1053
2,emotion_induction_1,CRADK,HRSD_17.1,HRSD17,full,RobustScaler,SVR,48,12,5,0.0154,6.5397,8.7264,0.0189,-0.4302,-0.007
2,emotion_induction_1,CRADK,HRSD_17.1,HRSD17,full,RobustScaler,KNN,48,12,5,0.0092,6.0714,8.3117,0.012,-0.2975,-0.0704
2,emotion_induction_1,CRADK,HRSD_17.1,HRSD17,full,RobustScaler,RF,48,12,5,0.1212,5.6217,7.7832,0.1816,-0.1378,0.1895
2,emotion_induction_1,CRADK,HRSD_17.1,HRSD17,full,RobustScaler,ET,48,12,5,0.1591,5.4683,7.7199,0.2568,-0.1193,0.3368
2,emotion_induction_1,CRADK,HRSD_17.1,HRSD17,full,RobustScaler,GB,48,12,5,0.1904,6.2724,8.5191,0.2135,-0.3631,0.2456
2,emotion_induction_1,CRADK,HRSD_17.1,HRSD17,full,RobustScaler,XGB,48,12,5,0.0359,6.3883,8.8409,0.0513,-0.468,0.1895
2,emotion_induction_1,CRADK,HRSD_17.1,HRSD17,full,RobustScaler,MLP,48,12,5,0.0885,5.9529,8.7166,0.1194,-0.427,0.1544
2,emotion_induction_1,CRADK,HRSD_17.1,HRSD17,full,RobustScaler,LGBM,48,12,5,-0.1133,6.586,8.8106,-0.156,-0.458,-0.0898
2,emotion_induction_1,CRADK,HRSD_17.1,HRSD17,full,RobustScaler,CatBoost,48,12,5,0.1468,5.4155,7.8038,0.2072,-0.1438,0.2
3,emotion_induction_1,CRADK,HRSD_17.1,HRSD17,full,StandardScaler,Ridge,48,12,5,0.269,5.0397,6.7022,0.3057,-0.012,0.2014
3,emotion_induction_1,CRADK,HRSD_17.1,HRSD17,full,StandardScaler,Lasso,48,12,5,0.2772,5.1527,6.8059,0.3029,-0.0435,0.2297
3,emotion_induction_1,CRADK,HRSD_17.1,HRSD17,full,StandardScaler,ElasticNet,48,12,5,0.2751,5.0829,6.7703,0.3041,-0.0326,0.2014
3,emotion_induction_1,CRADK,HRSD_17.1,HRSD17,full,StandardScaler,SVR,48,12,5,-0.0129,6.0498,7.9056,-0.0144,-0.408,-0.0283
3,emotion_induction_1,CRADK,HRSD_17.1,HRSD17,full,StandardScaler,KNN,48,12,5,0.1314,5.5714,7.2257,0.158,-0.1762,0.2191
3,emotion_induction_1,CRADK,HRSD_17.1,HRSD17,full,StandardScaler,RF,48,12,5,0.1914,5.1869,6.6652,0.2534,-0.0008,0.2615
3,emotion_induction_1,CRADK,HRSD_17.1,HRSD17,full,StandardScaler,ET,48,12,5,0.0995,5.4088,7.2888,0.1172,-0.1969,0.1025
3,emotion_induction_1,CRADK,HRSD_17.1,HRSD17,full,StandardScaler,GB,48,12,5,0.313,5.3836,6.8442,0.3356,-0.0553,0.3357
3,emotion_induction_1,CRADK,HRSD_17.1,HRSD17,full,StandardScaler,XGB,48,12,5,0.3393,4.7361,6.5554,0.3673,0.0319,0.2898
3,emotion_induction_1,CRADK,HRSD_17.1,HRSD17,full,StandardScaler,MLP,48,12,5,0.1078,6.0016,7.5063,0.1289,-0.2694,0.1484
3,emotion_induction_1,CRADK,HRSD_17.1,HRSD17,full,StandardScaler,LGBM,48,12,5,0.1672,5.8815,7.1837,0.1921,-0.1626,0.3535
3,emotion_induction_1,CRADK,HRSD_17.1,HRSD17,full,StandardScaler,CatBoost,48,12,5,0.2445,5.0145,6.4862,0.3105,0.0522,0.3004
3,emotion_induction_1,CRADK,HRSD_17.1,HRSD17,full,MinMaxScaler,Ridge,48,12,5,0.2071,5.7049,7.329,0.2233,-0.2101,0.0919
3,emotion_induction_1,CRADK,HRSD_17.1,HRSD17,full,MinMaxScaler,Lasso,48,12,5,0.283,5.3108,6.7215,0.322,-0.0178,0.258
3,emotion_induction_1,CRADK,HRSD_17.1,HRSD17,full,MinMaxScaler,ElasticNet,48,12,5,0.2606,5.4068,6.9669,0.2858,-0.0935,0.1838
3,emotion_induction_1,CRADK,HRSD_17.1,HRSD17,full,MinMaxScaler,SVR,48,12,5,0.1638,5.408,7.1644,0.1831,-0.1564,0.1626
3,emotion_induction_1,CRADK,HRSD_17.1,HRSD17,full,MinMaxScaler,KNN,48,12,5,0.0779,5.8571,7.4849,0.0988,-0.2621,0.1484
3,emotion_induction_1,CRADK,HRSD_17.1,HRSD17,full,MinMaxScaler,RF,48,12,5,0.2391,4.7379,6.3977,0.3148,0.0779,0.265
3,emotion_induction_1,CRADK,HRSD_17.1,HRSD17,full,MinMaxScaler,ET,48,12,5,0.224,5.045,6.9952,0.246,-0.1024,0.2212
3,emotion_induction_1,CRADK,HRSD_17.1,HRSD17,full,MinMaxScaler,GB,48,12,5,0.2927,5.1656,6.8313,0.3163,-0.0513,0.3746
3,emotion_induction_1,CRADK,HRSD_17.1,HRSD17,full,MinMaxScaler,XGB,48,12,5,0.2728,5.0753,6.8969,0.3068,-0.0716,0.3887
3,emotion_induction_1,CRADK,HRSD_17.1,HRSD17,full,MinMaxScaler,MLP,48,12,5,0.2812,5.3333,6.8829,0.3045,-0.0673,0.2403
3,emotion_induction_1,CRADK,HRSD_17.1,HRSD17,full,MinMaxScaler,LGBM,48,12,5,0.2406,5.3073,6.6232,0.2882,0.0118,0.2589
3,emotion_induction_1,CRADK,HRSD_17.1,HRSD17,full,MinMaxScaler,CatBoost,48,12,5,0.3079,4.5417,6.2827,0.3708,0.1108,0.3534
3,emotion_induction_1,CRADK,HRSD_17.1,HRSD17,full,RobustScaler,Ridge,48,12,10,0.262,5.5503,7.0793,0.2825,-0.129,0.2191
3,emotion_induction_1,CRADK,HRSD_17.1,HRSD17,full,RobustScaler,Lasso,48,12,10,0.2794,5.5205,7.0046,0.3027,-0.1053,0.2014
3,emotion_induction_1,CRADK,HRSD_17.1,HRSD17,full,RobustScaler,ElasticNet,48,12,10,0.2702,5.4279,6.9567,0.2961,-0.0903,0.2014
3,emotion_induction_1,CRADK,HRSD_17.1,HRSD17,full,RobustScaler,SVR,48,12,10,0.0906,6.1084,7.451,0.1017,-0.2507,0.0919
3,emotion_induction_1,CRADK,HRSD_17.1,HRSD17,full,RobustScaler,KNN,48,12,10,0.0878,5.2593,6.6773,0.1568,-0.0045,0.2721
3,emotion_induction_1,CRADK,HRSD_17.1,HRSD17,full,RobustScaler,RF,48,12,10,0.2166,5.4596,6.6972,0.283,-0.0104,0.2756
3,emotion_induction_1,CRADK,HRSD_17.1,HRSD17,full,RobustScaler,ET,48,12,10,0.0366,5.9079,7.3751,0.047,-0.2254,0.0035
3,emotion_induction_1,CRADK,HRSD_17.1,HRSD17,full,RobustScaler,GB,48,12,10,0.3441,4.9778,6.8612,0.3741,-0.0605,0.4382
3,emotion_induction_1,CRADK,HRSD_17.1,HRSD17,full,RobustScaler,XGB,48,12,10,0.2295,5.8541,7.5505,0.2696,-0.2843,0.3004
3,emotion_induction_1,CRADK,HRSD_17.1,HRSD17,full,RobustScaler,MLP,48,12,10,-0.0099,7.6373,9.1327,-0.0099,-0.879,-0.0636
3,emotion_induction_1,CRADK,HRSD_17.1,HRSD17,full,RobustScaler,LGBM,48,12,10,0.1764,5.6687,7.0457,0.2127,-0.1183,0.254
3,emotion_induction_1,CRADK,HRSD_17.1,HRSD17,full,RobustScaler,CatBoost,48,12,10,0.148,5.475,6.8319,0.1997,-0.0515,0.2191
4,emotion_induction_1,CRADK,HRSD_17.1,HRSD17,full,StandardScaler,Ridge,48,12,5,0.0,1952932113990255.8,4792292487592397.0,0.1254,-4.679657123638561e+29,0.2214
4,emotion_induction_1,CRADK,HRSD_17.1,HRSD17,full,StandardScaler,Lasso,48,12,5,0.0,2360831718414691.5,5793235733889433.0,0.1254,-6.838640948990427e+29,0.1757
4,emotion_induction_1,CRADK,HRSD_17.1,HRSD17,full,StandardScaler,ElasticNet,48,12,5,0.0,2144037590833258.0,5261245470879279.0,0.1254,-5.640330214090947e+29,0.2214
4,emotion_induction_1,CRADK,HRSD_17.1,HRSD17,full,StandardScaler,SVR,48,12,5,0.3062,5.4631,6.2762,0.4784,0.1974,0.4965
4,emotion_induction_1,CRADK,HRSD_17.1,HRSD17,full,StandardScaler,KNN,48,12,5,-0.1152,7.3333,8.4492,-0.1429,-0.4546,-0.0847
4,emotion_induction_1,CRADK,HRSD_17.1,HRSD17,full,StandardScaler,RF,48,12,5,0.3321,5.5238,6.4497,0.4378,0.1524,0.5026
4,emotion_induction_1,CRADK,HRSD_17.1,HRSD17,full,StandardScaler,ET,48,12,5,0.0877,6.7742,7.7871,0.1039,-0.2356,0.1476
4,emotion_induction_1,CRADK,HRSD_17.1,HRSD17,full,StandardScaler,GB,48,12,5,0.5521,4.7756,5.5271,0.6921,0.3775,0.703
4,emotion_induction_1,CRADK,HRSD_17.1,HRSD17,full,StandardScaler,XGB,48,12,5,0.4561,5.7324,6.5092,0.5015,0.1367,0.5483
4,emotion_induction_1,CRADK,HRSD_17.1,HRSD17,full,StandardScaler,MLP,48,12,5,0.0,2528845200519725.5,7760382265159534.0,0.2014,-1.2271386356023741e+30,0.1968
4,emotion_induction_1,CRADK,HRSD_17.1,HRSD17,full,StandardScaler,LGBM,48,12,5,0.4652,5.1469,6.145,0.518,0.2306,0.656
4,emotion_induction_1,CRADK,HRSD_17.1,HRSD17,full,StandardScaler,CatBoost,48,12,5,0.1859,6.0796,7.2844,0.2312,-0.0812,0.2707
4,emotion_induction_1,CRADK,HRSD_17.1,HRSD17,full,MinMaxScaler,Ridge,48,12,5,0.0,866482683936928.4,2126258474174769.5,0.1254,-9.21211849803315e+28,0.4569
4,emotion_induction_1,CRADK,HRSD_17.1,HRSD17,full,MinMaxScaler,Lasso,48,12,5,0.0,1380808125943428.5,3388359667681843.5,0.1254,-2.3394103554698086e+29,0.4007
4,emotion_induction_1,CRADK,HRSD_17.1,HRSD17,full,MinMaxScaler,ElasticNet,48,12,5,0.0,1325850271906093.0,3253498804290543.5,0.1254,-2.1568935101328418e+29,0.4569
4,emotion_induction_1,CRADK,HRSD_17.1,HRSD17,full,MinMaxScaler,SVR,48,12,5,0.3077,5.4109,6.4838,0.4029,0.1434,0.3697
4,emotion_induction_1,CRADK,HRSD_17.1,HRSD17,full,MinMaxScaler,KNN,48,12,5,0.4364,4.6071,5.7551,0.5899,0.3251,0.6532
4,emotion_induction_1,CRADK,HRSD_17.1,HRSD17,full,MinMaxScaler,RF,48,12,5,0.1985,5.8183,7.1753,0.2337,-0.0491,0.116
4,emotion_induction_1,CRADK,HRSD_17.1,HRSD17,full,MinMaxScaler,ET,48,12,5,0.1968,6.4856,7.6464,0.21,-0.1914,0.2531
4,emotion_induction_1,CRADK,HRSD_17.1,HRSD17,full,MinMaxScaler,GB,48,12,5,-0.0092,7.7181,9.3681,-0.0093,-0.7883,-0.0457
4,emotion_induction_1,CRADK,HRSD_17.1,HRSD17,full,MinMaxScaler,XGB,48,12,5,0.0227,7.9064,9.4262,0.0228,-0.8105,0.0316
4,emotion_induction_1,CRADK,HRSD_17.1,HRSD17,full,MinMaxScaler,MLP,48,12,5,0.0,405640975788725.8,1212195008674661.5,0.187,-2.994141933267721e+28,0.355
4,emotion_induction_1,CRADK,HRSD_17.1,HRSD17,full,MinMaxScaler,LGBM,48,12,5,0.3195,5.1579,6.6433,0.3739,0.1007,0.3527
4,emotion_induction_1,CRADK,HRSD_17.1,HRSD17,full,MinMaxScaler,CatBoost,48,12,5,0.088,6.6078,8.3541,0.0917,-0.4221,0.0914
4,emotion_induction_1,CRADK,HRSD_17.1,HRSD17,full,RobustScaler,Ridge,48,12,5,0.4489,4.8606,5.7257,0.6047,0.332,0.4886
4,emotion_induction_1,CRADK,HRSD_17.1,HRSD17,full,RobustScaler,Lasso,48,12,5,0.3463,5.278,6.4936,0.4078,0.1408,0.4921
4,emotion_induction_1,CRADK,HRSD_17.1,HRSD17,full,RobustScaler,ElasticNet,48,12,5,0.3601,5.0442,5.911,0.641,0.2881,0.5483
4,emotion_induction_1,CRADK,HRSD_17.1,HRSD17,full,RobustScaler,SVR,48,12,5,0.4992,4.74,6.0418,0.5369,0.2562,0.5554
4,emotion_induction_1,CRADK,HRSD_17.1,HRSD17,full,RobustScaler,KNN,48,12,5,0.4359,4.8796,5.654,0.6459,0.3486,0.5828
4,emotion_induction_1,CRADK,HRSD_17.1,HRSD17,full,RobustScaler,RF,48,12,5,0.373,4.8608,6.2666,0.4529,0.1998,0.4605
4,emotion_induction_1,CRADK,HRSD_17.1,HRSD17,full,RobustScaler,ET,48,12,5,0.3967,4.8396,5.9588,0.5336,0.2765,0.4816
4,emotion_induction_1,CRADK,HRSD_17.1,HRSD17,full,RobustScaler,GB,48,12,5,0.3475,4.9807,6.7029,0.3874,0.0845,0.3796
4,emotion_induction_1,CRADK,HRSD_17.1,HRSD17,full,RobustScaler,XGB,48,12,5,0.2532,5.5553,7.0892,0.2941,-0.0241,0.3128
4,emotion_induction_1,CRADK,HRSD_17.1,HRSD17,full,RobustScaler,MLP,48,12,5,0.4078,5.2564,6.4531,0.4532,0.1515,0.5694
4,emotion_induction_1,CRADK,HRSD_17.1,HRSD17,full,RobustScaler,LGBM,48,12,5,0.3462,5.047,6.4653,0.4099,0.1483,0.5026
4,emotion_induction_1,CRADK,HRSD_17.1,HRSD17,full,RobustScaler,CatBoost,48,12,5,0.3353,5.0449,6.4567,0.4081,0.1505,0.2566
5,emotion_induction_1,CRADK,HRSD_17.1,HRSD17,full,StandardScaler,Ridge,48,12,5,0.2445,6.6849,7.8423,0.4284,-0.8059,0.4049
5,emotion_induction_1,CRADK,HRSD_17.1,HRSD17,full,StandardScaler,Lasso,48,12,5,0.2518,6.843,7.9403,0.4417,-0.8513,0.3909
5,emotion_induction_1,CRADK,HRSD_17.1,HRSD17,full,StandardScaler,ElasticNet,48,12,5,0.249,6.7925,7.9093,0.4367,-0.8369,0.4049
5,emotion_induction_1,CRADK,HRSD_17.1,HRSD17,full,StandardScaler,SVR,48,12,5,0.2606,7.6524,8.6814,0.3673,-1.2131,0.3627
5,emotion_induction_1,CRADK,HRSD_17.1,HRSD17,full,StandardScaler,KNN,48,12,5,0.2651,6.2857,7.7072,0.364,-0.7442,0.3803
5,emotion_induction_1,CRADK,HRSD_17.1,HRSD17,full,StandardScaler,RF,48,12,5,0.3234,6.0102,6.8581,0.5226,-0.3811,0.3521
5,emotion_induction_1,CRADK,HRSD_17.1,HRSD17,full,StandardScaler,ET,48,12,5,0.3276,6.2854,7.2832,0.4929,-0.5576,0.412
5,emotion_induction_1,CRADK,HRSD_17.1,HRSD17,full,StandardScaler,GB,48,12,5,0.033,8.1329,8.9584,0.0412,-1.3565,0.1514
5,emotion_induction_1,CRADK,HRSD_17.1,HRSD17,full,StandardScaler,XGB,48,12,5,0.1041,8.0725,8.639,0.1354,-1.1915,0.1655
5,emotion_induction_1,CRADK,HRSD_17.1,HRSD17,full,StandardScaler,MLP,48,12,5,0.2684,7.1369,8.2102,0.4193,-0.9794,0.412
5,emotion_induction_1,CRADK,HRSD_17.1,HRSD17,full,StandardScaler,LGBM,48,12,5,0.3561,5.6308,6.3885,0.485,-0.1984,0.4134
5,emotion_induction_1,CRADK,HRSD_17.1,HRSD17,full,StandardScaler,CatBoost,48,12,5,0.2988,6.6448,7.2922,0.4358,-0.5614,0.2993
5,emotion_induction_1,CRADK,HRSD_17.1,HRSD17,full,MinMaxScaler,Ridge,48,12,15,0.2021,5.5717,6.8611,0.4205,-0.3823,0.3169
5,emotion_induction_1,CRADK,HRSD_17.1,HRSD17,full,MinMaxScaler,Lasso,48,12,15,0.194,5.889,7.161,0.3492,-0.5058,0.4155
5,emotion_induction_1,CRADK,HRSD_17.1,HRSD17,full,MinMaxScaler,ElasticNet,48,12,15,0.1987,5.7497,7.0299,0.3899,-0.4512,0.3732
5,emotion_induction_1,CRADK,HRSD_17.1,HRSD17,full,MinMaxScaler,SVR,48,12,15,0.2117,6.2254,7.3767,0.3988,-0.5979,0.3028
5,emotion_induction_1,CRADK,HRSD_17.1,HRSD17,full,MinMaxScaler,KNN,48,12,15,0.2331,7.0,7.9687,0.398,-0.8646,0.3439
5,emotion_induction_1,CRADK,HRSD_17.1,HRSD17,full,MinMaxScaler,RF,48,12,15,0.3327,5.17,6.1119,0.5994,-0.0969,0.5951
5,emotion_induction_1,CRADK,HRSD_17.1,HRSD17,full,MinMaxScaler,ET,48,12,15,0.2822,5.7121,6.6999,0.5267,-0.3181,0.4613
5,emotion_induction_1,CRADK,HRSD_17.1,HRSD17,full,MinMaxScaler,GB,48,12,15,0.2509,5.2803,6.3286,0.3086,-0.1761,0.2887
5,emotion_induction_1,CRADK,HRSD_17.1,HRSD17,full,MinMaxScaler,XGB,48,12,15,0.1625,7.3154,8.1621,0.1656,-0.9562,0.1761
5,emotion_induction_1,CRADK,HRSD_17.1,HRSD17,full,MinMaxScaler,MLP,48,12,15,0.2755,5.535,6.6701,0.5493,-0.3064,0.4965
5,emotion_induction_1,CRADK,HRSD_17.1,HRSD17,full,MinMaxScaler,LGBM,48,12,15,0.3147,5.2422,6.2101,0.4503,-0.1324,0.5141
5,emotion_induction_1,CRADK,HRSD_17.1,HRSD17,full,MinMaxScaler,CatBoost,48,12,15,0.3726,4.8107,5.7448,0.608,0.0309,0.5845
5,emotion_induction_1,CRADK,HRSD_17.1,HRSD17,full,RobustScaler,Ridge,48,12,5,0.263,5.9121,7.3276,0.4467,-0.5767,0.3803
5,emotion_induction_1,CRADK,HRSD_17.1,HRSD17,full,RobustScaler,Lasso,48,12,5,0.2657,5.9559,7.3691,0.4504,-0.5946,0.3803
5,emotion_induction_1,CRADK,HRSD_17.1,HRSD17,full,RobustScaler,ElasticNet,48,12,5,0.2543,5.7586,7.1895,0.4363,-0.5178,0.3063
5,emotion_induction_1,CRADK,HRSD_17.1,HRSD17,full,RobustScaler,SVR,48,12,5,0.135,7.1682,8.6639,0.2312,-1.2042,0.1655
5,emotion_induction_1,CRADK,HRSD_17.1,HRSD17,full,RobustScaler,KNN,48,12,5,0.0596,7.3611,8.696,0.0862,-1.2205,0.0389
5,emotion_induction_1,CRADK,HRSD_17.1,HRSD17,full,RobustScaler,RF,48,12,5,0.3077,5.9805,7.0217,0.6125,-0.4478,0.581
5,emotion_induction_1,CRADK,HRSD_17.1,HRSD17,full,RobustScaler,ET,48,12,5,0.2759,6.3375,7.3389,0.4838,-0.5815,0.4754
5,emotion_induction_1,CRADK,HRSD_17.1,HRSD17,full,RobustScaler,GB,48,12,5,0.1855,7.618,8.2272,0.2712,-0.9876,0.2535
5,emotion_induction_1,CRADK,HRSD_17.1,HRSD17,full,RobustScaler,XGB,48,12,5,0.2265,7.763,8.144,0.2988,-0.9475,0.2887
5,emotion_induction_1,CRADK,HRSD_17.1,HRSD17,full,RobustScaler,MLP,48,12,5,0.2105,7.3601,8.5443,0.3671,-1.1437,0.3451
5,emotion_induction_1,CRADK,HRSD_17.1,HRSD17,full,RobustScaler,LGBM,48,12,5,0.3907,4.7708,6.0473,0.5906,-0.0738,0.4182
5,emotion_induction_1,CRADK,HRSD_17.1,HRSD17,full,RobustScaler,CatBoost,48,12,5,0.3159,6.0988,6.9298,0.5298,-0.4101,0.5176
1,emotion_induction_1,CRADK,HRSD_21.1,HRSD21,full,StandardScaler,Ridge,48,12,5,-0.0116,67.5238,211.1281,-0.138,-525.3476,0.1086
1,emotion_induction_1,CRADK,HRSD_21.1,HRSD21,full,StandardScaler,Lasso,48,12,5,-0.0116,67.5868,212.0494,-0.1392,-529.9515,0.063
1,emotion_induction_1,CRADK,HRSD_21.1,HRSD21,full,StandardScaler,ElasticNet,48,12,5,-0.0119,66.4173,208.3132,-0.1405,-511.4062,0.056
1,emotion_induction_1,CRADK,HRSD_21.1,HRSD21,full,StandardScaler,SVR,48,12,5,-0.0725,8.379,10.5775,-0.0963,-0.3211,-0.1541
1,emotion_induction_1,CRADK,HRSD_21.1,HRSD21,full,StandardScaler,KNN,48,12,5,-0.0222,8.7738,10.7252,-0.0265,-0.3583,-0.0771
1,emotion_induction_1,CRADK,HRSD_21.1,HRSD21,full,StandardScaler,RF,48,12,5,-0.005,8.4264,10.1583,-0.0068,-0.2185,-0.063
1,emotion_induction_1,CRADK,HRSD_21.1,HRSD21,full,StandardScaler,ET,48,12,5,0.035,8.3489,9.9413,0.047,-0.167,-0.0876
1,emotion_induction_1,CRADK,HRSD_21.1,HRSD21,full,StandardScaler,GB,48,12,5,0.0097,8.6895,10.8243,0.0107,-0.3835,0.007
1,emotion_induction_1,CRADK,HRSD_21.1,HRSD21,full,StandardScaler,XGB,48,12,5,0.1763,7.611,9.8839,0.1956,-0.1536,0.0876
1,emotion_induction_1,CRADK,HRSD_21.1,HRSD21,full,StandardScaler,MLP,48,12,5,-0.0081,97.124,310.4633,-0.1419,-1137.1548,0.1821
1,emotion_induction_1,CRADK,HRSD_21.1,HRSD21,full,StandardScaler,LGBM,48,12,5,0.2564,7.5493,8.9867,0.3163,0.0464,0.2443
1,emotion_induction_1,CRADK,HRSD_21.1,HRSD21,full,StandardScaler,CatBoost,48,12,5,0.0722,8.0245,9.8079,0.094,-0.1359,0.0736
1,emotion_induction_1,CRADK,HRSD_21.1,HRSD21,full,MinMaxScaler,Ridge,48,12,5,-0.0133,59.4114,183.5949,-0.1384,-397.0171,0.035
1,emotion_induction_1,CRADK,HRSD_21.1,HRSD21,full,MinMaxScaler,Lasso,48,12,5,-0.0153,51.571,156.8119,-0.1359,-289.3613,0.035
1,emotion_induction_1,CRADK,HRSD_21.1,HRSD21,full,MinMaxScaler,ElasticNet,48,12,5,-0.0144,55.7773,171.629,-0.1399,-346.8261,0.035
1,emotion_induction_1,CRADK,HRSD_21.1,HRSD21,full,MinMaxScaler,SVR,48,12,5,0.3058,6.8407,8.6132,0.3812,0.124,0.0841
1,emotion_induction_1,CRADK,HRSD_21.1,HRSD21,full,MinMaxScaler,KNN,48,12,5,0.0865,8.3611,10.2175,0.101,-0.2327,0.0826
1,emotion_induction_1,CRADK,HRSD_21.1,HRSD21,full,MinMaxScaler,RF,48,12,5,0.0518,8.0104,9.6846,0.0742,-0.1075,0.0595
1,emotion_induction_1,CRADK,HRSD_21.1,HRSD21,full,MinMaxScaler,ET,48,12,5,0.1182,7.7754,9.5437,0.1549,-0.0755,0.1226
1,emotion_induction_1,CRADK,HRSD_21.1,HRSD21,full,MinMaxScaler,GB,48,12,5,0.3444,6.7871,8.485,0.41,0.1499,0.3573
1,emotion_induction_1,CRADK,HRSD_21.1,HRSD21,full,MinMaxScaler,XGB,48,12,5,0.1896,7.4774,9.2414,0.2405,-0.0085,0.0701
1,emotion_induction_1,CRADK,HRSD_21.1,HRSD21,full,MinMaxScaler,MLP,48,12,5,-0.0185,45.6594,136.2994,-0.1419,-218.3656,0.056
1,emotion_induction_1,CRADK,HRSD_21.1,HRSD21,full,MinMaxScaler,LGBM,48,12,5,0.2459,7.6147,9.136,0.2982,0.0144,0.2522
1,emotion_induction_1,CRADK,HRSD_21.1,HRSD21,full,MinMaxScaler,CatBoost,48,12,5,0.1568,7.6096,9.2151,0.2178,-0.0027,0.2417
1,emotion_induction_1,CRADK,HRSD_21.1,HRSD21,full,RobustScaler,Ridge,48,12,5,-0.013,61.7576,191.4689,-0.1401,-431.8894,0.035
1,emotion_induction_1,CRADK,HRSD_21.1,HRSD21,full,RobustScaler,Lasso,48,12,5,-0.013,61.1844,189.7043,-0.1394,-423.9474,0.035
1,emotion_induction_1,CRADK,HRSD_21.1,HRSD21,full,RobustScaler,ElasticNet,48,12,5,-0.0134,59.9953,185.6123,-0.1405,-405.8126,0.056
1,emotion_induction_1,CRADK,HRSD_21.1,HRSD21,full,RobustScaler,SVR,48,12,5,-0.0529,8.4213,10.2953,-0.0723,-0.2516,-0.1121
1,emotion_induction_1,CRADK,HRSD_21.1,HRSD21,full,RobustScaler,KNN,48,12,5,0.0009,8.9048,10.1514,0.0012,-0.2168,-0.0701
1,emotion_induction_1,CRADK,HRSD_21.1,HRSD21,full,RobustScaler,RF,48,12,5,-0.0228,8.527,10.1688,-0.0313,-0.221,-0.1016
1,emotion_induction_1,CRADK,HRSD_21.1,HRSD21,full,RobustScaler,ET,48,12,5,-0.007,8.7658,10.3372,-0.0088,-0.2618,-0.063
1,emotion_induction_1,CRADK,HRSD_21.1,HRSD21,full,RobustScaler,GB,48,12,5,0.0901,8.2587,9.9154,0.1098,-0.1609,0.0701
1,emotion_induction_1,CRADK,HRSD_21.1,HRSD21,full,RobustScaler,XGB,48,12,5,0.0675,8.1888,9.9428,0.0844,-0.1673,-0.0385
1,emotion_induction_1,CRADK,HRSD_21.1,HRSD21,full,RobustScaler,MLP,48,12,5,-0.0087,93.1149,296.6122,-0.1464,-1037.8639,-0.0806
1,emotion_induction_1,CRADK,HRSD_21.1,HRSD21,full,RobustScaler,LGBM,48,12,5,0.1697,8.0255,9.7912,0.1944,-0.132,0.1248
1,emotion_induction_1,CRADK,HRSD_21.1,HRSD21,full,RobustScaler,CatBoost,48,12,5,-0.0238,9.0004,10.1955,-0.0321,-0.2274,-0.1121
2,emotion_induction_1,CRADK,HRSD_21.1,HRSD21,full,StandardScaler,Ridge,48,12,5,0.1474,7.6913,9.2586,0.1785,-0.3452,0.0525
2,emotion_induction_1,CRADK,HRSD_21.1,HRSD21,full,StandardScaler,Lasso,48,12,5,0.1357,8.1869,9.9035,0.154,-0.5392,0.0876
2,emotion_induction_1,CRADK,HRSD_21.1,HRSD21,full,StandardScaler,ElasticNet,48,12,5,0.1407,8.0085,9.6624,0.1628,-0.4651,0.0525
2,emotion_induction_1,CRADK,HRSD_21.1,HRSD21,full,StandardScaler,SVR,48,12,5,-0.0596,8.0275,9.6665,-0.0763,-0.4664,-0.0525
2,emotion_induction_1,CRADK,HRSD_21.1,HRSD21,full,StandardScaler,KNN,48,12,5,-0.0253,7.3611,9.6143,-0.0295,-0.4506,-0.0316
2,emotion_induction_1,CRADK,HRSD_21.1,HRSD21,full,StandardScaler,RF,48,12,5,0.1962,6.5075,8.2615,0.2645,-0.0711,0.2452
2,emotion_induction_1,CRADK,HRSD_21.1,HRSD21,full,StandardScaler,ET,48,12,5,0.1764,6.5379,8.4784,0.2335,-0.1281,0.1576
2,emotion_induction_1,CRADK,HRSD_21.1,HRSD21,full,StandardScaler,GB,48,12,5,0.2746,6.3386,8.6116,0.3155,-0.1638,0.3292
2,emotion_induction_1,CRADK,HRSD_21.1,HRSD21,full,StandardScaler,XGB,48,12,5,0.2008,7.1478,8.831,0.2471,-0.2239,0.2207
2,emotion_induction_1,CRADK,HRSD_21.1,HRSD21,full,StandardScaler,MLP,48,12,5,0.107,7.0709,9.4762,0.1278,-0.4092,0.0736
2,emotion_induction_1,CRADK,HRSD_21.1,HRSD21,full,StandardScaler,LGBM,48,12,5,-0.0449,7.6836,9.7781,-0.055,-0.5004,-0.0919
2,emotion_induction_1,CRADK,HRSD_21.1,HRSD21,full,StandardScaler,CatBoost,48,12,5,0.2195,6.5015,8.4998,0.2957,-0.1338,0.2452
2,emotion_induction_1,CRADK,HRSD_21.1,HRSD21,full,MinMaxScaler,Ridge,48,12,10,0.287,7.2822,8.5696,0.3446,-0.1525,0.3222
2,emotion_induction_1,CRADK,HRSD_21.1,HRSD21,full,MinMaxScaler,Lasso,48,12,10,0.256,7.4309,8.7412,0.3033,-0.1991,0.1786
2,emotion_induction_1,CRADK,HRSD_21.1,HRSD21,full,MinMaxScaler,ElasticNet,48,12,10,0.2675,7.0281,8.262,0.357,-0.0712,0.3363
2,emotion_induction_1,CRADK,HRSD_21.1,HRSD21,full,MinMaxScaler,SVR,48,12,10,0.2607,6.9159,8.1033,0.3498,-0.0305,0.3222
2,emotion_induction_1,CRADK,HRSD_21.1,HRSD21,full,MinMaxScaler,KNN,48,12,10,0.3622,5.8426,7.3137,0.497,0.1606,0.5044
2,emotion_induction_1,CRADK,HRSD_21.1,HRSD21,full,MinMaxScaler,RF,48,12,10,0.2661,6.2246,8.0394,0.3604,-0.0143,0.3468
2,emotion_induction_1,CRADK,HRSD_21.1,HRSD21,full,MinMaxScaler,ET,48,12,10,0.2316,6.445,8.195,0.3172,-0.0539,0.3608
2,emotion_induction_1,CRADK,HRSD_21.1,HRSD21,full,MinMaxScaler,GB,48,12,10,0.2573,6.1092,8.7941,0.3082,-0.2137,0.3328
2,emotion_induction_1,CRADK,HRSD_21.1,HRSD21,full,MinMaxScaler,XGB,48,12,10,0.239,6.7015,8.2721,0.2979,-0.0738,0.2312
2,emotion_induction_1,CRADK,HRSD_21.1,HRSD21,full,MinMaxScaler,MLP,48,12,10,0.257,6.8129,8.5783,0.3247,-0.1548,0.3082
2,emotion_induction_1,CRADK,HRSD_21.1,HRSD21,full,MinMaxScaler,LGBM,48,12,10,0.1874,6.1671,8.5889,0.2451,-0.1577,0.3053
2,emotion_induction_1,CRADK,HRSD_21.1,HRSD21,full,MinMaxScaler,CatBoost,48,12,10,0.2262,6.6474,8.7049,0.2789,-0.1892,0.2557
2,emotion_induction_1,CRADK,HRSD_21.1,HRSD21,full,RobustScaler,Ridge,48,12,5,0.1468,7.4798,8.9737,0.1869,-0.2637,0.1296
2,emotion_induction_1,CRADK,HRSD_21.1,HRSD21,full,RobustScaler,Lasso,48,12,5,0.1365,8.1362,9.8198,0.1556,-0.5133,0.0525
2,emotion_induction_1,CRADK,HRSD_21.1,HRSD21,full,RobustScaler,ElasticNet,48,12,5,0.1417,7.8786,9.4556,0.1673,-0.4031,0.0525
2,emotion_induction_1,CRADK,HRSD_21.1,HRSD21,full,RobustScaler,SVR,48,12,5,0.006,7.8583,9.5334,0.0077,-0.4263,-0.0736
2,emotion_induction_1,CRADK,HRSD_21.1,HRSD21,full,RobustScaler,KNN,48,12,5,-0.0025,7.4074,9.1553,-0.0034,-0.3154,0.021
2,emotion_induction_1,CRADK,HRSD_21.1,HRSD21,full,RobustScaler,RF,48,12,5,0.1962,6.5075,8.2615,0.2645,-0.0711,0.2452
2,emotion_induction_1,CRADK,HRSD_21.1,HRSD21,full,RobustScaler,ET,48,12,5,0.1764,6.5379,8.4784,0.2335,-0.1281,0.1576
2,emotion_induction_1,CRADK,HRSD_21.1,HRSD21,full,RobustScaler,GB,48,12,5,0.2746,6.3386,8.6116,0.3155,-0.1638,0.3292
2,emotion_induction_1,CRADK,HRSD_21.1,HRSD21,full,RobustScaler,XGB,48,12,5,0.2008,7.1478,8.831,0.2471,-0.2239,0.2207
2,emotion_induction_1,CRADK,HRSD_21.1,HRSD21,full,RobustScaler,MLP,48,12,5,0.0889,7.0385,9.4628,0.1119,-0.4052,0.0666
2,emotion_induction_1,CRADK,HRSD_21.1,HRSD21,full,RobustScaler,LGBM,48,12,5,-0.1957,8.4433,10.1239,-0.2417,-0.6085,-0.2764
2,emotion_induction_1,CRADK,HRSD_21.1,HRSD21,full,RobustScaler,CatBoost,48,12,5,0.2195,6.5015,8.4998,0.2957,-0.1338,0.2452
3,emotion_induction_1,CRADK,HRSD_21.1,HRSD21,full,StandardScaler,Ridge,48,12,5,0.3856,5.3911,6.991,0.4664,0.1819,0.4702
3,emotion_induction_1,CRADK,HRSD_21.1,HRSD21,full,StandardScaler,Lasso,48,12,5,0.42,5.4352,7.0299,0.4733,0.1728,0.414
3,emotion_induction_1,CRADK,HRSD_21.1,HRSD21,full,StandardScaler,ElasticNet,48,12,5,0.4079,5.4012,6.9996,0.4721,0.1799,0.407
3,emotion_induction_1,CRADK,HRSD_21.1,HRSD21,full,StandardScaler,SVR,48,12,5,0.2977,7.2784,8.7627,0.3344,-0.2852,0.1439
3,emotion_induction_1,CRADK,HRSD_21.1,HRSD21,full,StandardScaler,KNN,48,12,5,0.2949,6.9722,8.0513,0.3872,-0.085,0.1025
3,emotion_induction_1,CRADK,HRSD_21.1,HRSD21,full,StandardScaler,RF,48,12,5,0.1869,6.42,8.1886,0.2193,-0.1224,0.2351
3,emotion_induction_1,CRADK,HRSD_21.1,HRSD21,full,StandardScaler,ET,48,12,5,0.1887,6.2979,8.0157,0.2432,-0.0755,0.2351
3,emotion_induction_1,CRADK,HRSD_21.1,HRSD21,full,StandardScaler,GB,48,12,5,0.4137,5.2634,7.4124,0.4614,0.0803,0.4491
3,emotion_induction_1,CRADK,HRSD_21.1,HRSD21,full,StandardScaler,XGB,48,12,5,0.287,6.8403,8.5925,0.3234,-0.2358,0.3228
3,emotion_induction_1,CRADK,HRSD_21.1,HRSD21,full,StandardScaler,MLP,48,12,5,0.3947,6.2742,7.4949,0.5033,0.0597,0.3509
3,emotion_induction_1,CRADK,HRSD_21.1,HRSD21,full,StandardScaler,LGBM,48,12,5,0.0472,6.8062,8.8159,0.0565,-0.3009,0.0478
3,emotion_induction_1,CRADK,HRSD_21.1,HRSD21,full,StandardScaler,CatBoost,48,12,5,0.1908,6.3237,8.1562,0.2197,-0.1135,0.3298
3,emotion_induction_1,CRADK,HRSD_21.1,HRSD21,full,MinMaxScaler,Ridge,48,12,5,0.3911,5.4441,7.0042,0.4527,0.1788,0.407
3,emotion_induction_1,CRADK,HRSD_21.1,HRSD21,full,MinMaxScaler,Lasso,48,12,5,0.3942,5.4063,7.004,0.4535,0.1789,0.407
3,emotion_induction_1,CRADK,HRSD_21.1,HRSD21,full,MinMaxScaler,ElasticNet,48,12,5,0.3893,5.4506,7.0056,0.4521,0.1785,0.407
3,emotion_induction_1,CRADK,HRSD_21.1,HRSD21,full,MinMaxScaler,SVR,48,12,5,0.3455,5.341,7.1305,0.4101,0.1489,0.3158
3,emotion_induction_1,CRADK,HRSD_21.1,HRSD21,full,MinMaxScaler,KNN,48,12,5,0.2943,6.2024,7.3356,0.4052,0.0993,0.464
3,emotion_induction_1,CRADK,HRSD_21.1,HRSD21,full,MinMaxScaler,RF,48,12,5,0.2048,5.7641,7.3483,0.3295,0.0962,0.3193
3,emotion_induction_1,CRADK,HRSD_21.1,HRSD21,full,MinMaxScaler,ET,48,12,5,0.1601,6.1942,7.9907,0.2031,-0.0688,0.0947
3,emotion_induction_1,CRADK,HRSD_21.1,HRSD21,full,MinMaxScaler,GB,48,12,5,0.2692,5.9276,7.8499,0.3002,-0.0314,0.3684
3,emotion_induction_1,CRADK,HRSD_21.1,HRSD21,full,MinMaxScaler,XGB,48,12,5,0.4275,5.1103,6.7704,0.5146,0.2327,0.3368
3,emotion_induction_1,CRADK,HRSD_21.1,HRSD21,full,MinMaxScaler,MLP,48,12,5,0.389,5.5974,7.0442,0.4489,0.1694,0.4772
3,emotion_induction_1,CRADK,HRSD_21.1,HRSD21,full,MinMaxScaler,LGBM,48,12,5,0.1372,6.4772,7.8442,0.2012,-0.0299,0.007
3,emotion_induction_1,CRADK,HRSD_21.1,HRSD21,full,MinMaxScaler,CatBoost,48,12,5,0.1472,6.1692,7.672,0.216,0.0148,0.2772
3,emotion_induction_1,CRADK,HRSD_21.1,HRSD21,full,RobustScaler,Ridge,48,12,5,0.3951,5.2472,7.0195,0.4576,0.1753,0.4842
3,emotion_induction_1,CRADK,HRSD_21.1,HRSD21,full,RobustScaler,Lasso,48,12,5,0.3985,5.2852,7.0271,0.4631,0.1735,0.4702
3,emotion_induction_1,CRADK,HRSD_21.1,HRSD21,full,RobustScaler,ElasticNet,48,12,5,0.397,5.2784,7.004,0.4656,0.1789,0.4702
3,emotion_induction_1,CRADK,HRSD_21.1,HRSD21,full,RobustScaler,SVR,48,12,5,0.3522,6.8451,8.3804,0.3938,-0.1755,0.407
3,emotion_induction_1,CRADK,HRSD_21.1,HRSD21,full,RobustScaler,KNN,48,12,5,0.3136,5.8167,6.8903,0.5788,0.2053,0.4173
3,emotion_induction_1,CRADK,HRSD_21.1,HRSD21,full,RobustScaler,RF,48,12,5,0.0949,6.6217,8.3419,0.1211,-0.1648,0.2035
3,emotion_induction_1,CRADK,HRSD_21.1,HRSD21,full,RobustScaler,ET,48,12,5,0.1649,6.4742,8.2466,0.2209,-0.1383,0.2947
3,emotion_induction_1,CRADK,HRSD_21.1,HRSD21,full,RobustScaler,GB,48,12,5,0.4213,5.3141,7.3798,0.4642,0.0884,0.4316
3,emotion_induction_1,CRADK,HRSD_21.1,HRSD21,full,RobustScaler,XGB,48,12,5,0.2455,6.0287,8.2234,0.2948,-0.1319,0.3754
3,emotion_induction_1,CRADK,HRSD_21.1,HRSD21,full,RobustScaler,MLP,48,12,5,0.2657,6.1582,7.6556,0.3227,0.019,0.1754
3,emotion_induction_1,CRADK,HRSD_21.1,HRSD21,full,RobustScaler,LGBM,48,12,5,0.0326,6.774,8.7645,0.0412,-0.2858,-0.1044
3,emotion_induction_1,CRADK,HRSD_21.1,HRSD21,full,RobustScaler,CatBoost,48,12,5,0.1512,6.4946,8.1285,0.1843,-0.106,0.2035
4,emotion_induction_1,CRADK,HRSD_21.1,HRSD21,full,StandardScaler,Ridge,48,12,5,0.0,2331995425559172.5,5722474467467750.0,0.1988,-4.3650160329890995e+29,-0.0526
4,emotion_induction_1,CRADK,HRSD_21.1,HRSD21,full,StandardScaler,Lasso,48,12,5,0.0,2681994306366890.5,6581335354205641.0,0.1988,-5.773592896797613e+29,-0.0526
4,emotion_induction_1,CRADK,HRSD_21.1,HRSD21,full,StandardScaler,ElasticNet,48,12,5,0.0,2560346422517093.5,6282824087106983.0,0.1988,-5.2617222117676236e+29,-0.0526
4,emotion_induction_1,CRADK,HRSD_21.1,HRSD21,full,StandardScaler,SVR,48,12,5,0.0712,7.5582,9.2977,0.0955,-0.1523,0.0105
4,emotion_induction_1,CRADK,HRSD_21.1,HRSD21,full,StandardScaler,KNN,48,12,5,0.066,7.6,9.4823,0.0817,-0.1985,0.065
4,emotion_induction_1,CRADK,HRSD_21.1,HRSD21,full,StandardScaler,RF,48,12,5,0.0609,7.2417,9.4837,0.0741,-0.1989,0.0421
4,emotion_induction_1,CRADK,HRSD_21.1,HRSD21,full,StandardScaler,ET,48,12,5,-0.0199,8.6717,10.666,-0.0215,-0.5164,-0.1634
4,emotion_induction_1,CRADK,HRSD_21.1,HRSD21,full,StandardScaler,GB,48,12,5,-0.1059,9.1246,11.1684,-0.1124,-0.6626,-0.1193
4,emotion_induction_1,CRADK,HRSD_21.1,HRSD21,full,StandardScaler,XGB,48,12,5,-0.072,9.1373,11.3494,-0.0743,-0.717,-0.2
4,emotion_induction_1,CRADK,HRSD_21.1,HRSD21,full,StandardScaler,MLP,48,12,5,0.0,2354522013590502.5,8106699578358239.0,0.2699,-8.760043728353723e+29,-0.1018
4,emotion_induction_1,CRADK,HRSD_21.1,HRSD21,full,StandardScaler,LGBM,48,12,5,0.0338,7.4307,9.4252,0.0436,-0.1841,0.0318
4,emotion_induction_1,CRADK,HRSD_21.1,HRSD21,full,StandardScaler,CatBoost,48,12,5,-0.04,8.7999,11.0832,-0.0421,-0.6374,-0.0702
4,emotion_induction_1,CRADK,HRSD_21.1,HRSD21,full,MinMaxScaler,Ridge,48,12,10,0.0,2324674348906225.5,5704509306060619.0,0.1988,-4.337651953070662e+29,-0.007
4,emotion_induction_1,CRADK,HRSD_21.1,HRSD21,full,MinMaxScaler,Lasso,48,12,10,0.0,1965624958584565.0,4823439409372079.0,0.1988,-3.101214249715124e+29,-0.007
4,emotion_induction_1,CRADK,HRSD_21.1,HRSD21,full,MinMaxScaler,ElasticNet,48,12,10,0.0,1906699693727105.0,4678842932063493.0,0.1988,-2.9180655839494148e+29,0.0211
4,emotion_induction_1,CRADK,HRSD_21.1,HRSD21,full,MinMaxScaler,SVR,48,12,10,0.1321,7.4531,9.2129,0.1648,-0.1314,0.1371
4,emotion_induction_1,CRADK,HRSD_21.1,HRSD21,full,MinMaxScaler,KNN,48,12,10,0.2296,6.6905,8.2278,0.3655,0.0976,0.3228
4,emotion_induction_1,CRADK,HRSD_21.1,HRSD21,full,MinMaxScaler,RF,48,12,10,0.2725,6.7642,8.3465,0.3327,0.0714,0.3404
4,emotion_induction_1,CRADK,HRSD_21.1,HRSD21,full,MinMaxScaler,ET,48,12,10,0.2701,7.2175,8.5374,0.3124,0.0284,0.2702
4,emotion_induction_1,CRADK,HRSD_21.1,HRSD21,full,MinMaxScaler,GB,48,12,10,0.0427,7.8387,10.1504,0.0465,-0.3734,-0.1474
4,emotion_induction_1,CRADK,HRSD_21.1,HRSD21,full,MinMaxScaler,XGB,48,12,10,0.1357,7.7801,9.8339,0.1449,-0.2891,0.1404
4,emotion_induction_1,CRADK,HRSD_21.1,HRSD21,full,MinMaxScaler,MLP,48,12,10,0.0,263113880507996.47,787869709732960.0,0.2633,-8.274217333158993e+27,0.5439
4,emotion_induction_1,CRADK,HRSD_21.1,HRSD21,full,MinMaxScaler,LGBM,48,12,10,0.2095,7.2634,8.6805,0.2648,-0.0044,0.3884
4,emotion_induction_1,CRADK,HRSD_21.1,HRSD21,full,MinMaxScaler,CatBoost,48,12,10,0.1153,7.9448,9.4106,0.1383,-0.1805,0.0316
4,emotion_induction_1,CRADK,HRSD_21.1,HRSD21,full,RobustScaler,Ridge,48,12,5,0.2434,6.4064,8.0193,0.4267,0.1428,0.3474
4,emotion_induction_1,CRADK,HRSD_21.1,HRSD21,full,RobustScaler,Lasso,48,12,5,0.1789,6.6465,8.1833,0.3948,0.1074,0.386
4,emotion_induction_1,CRADK,HRSD_21.1,HRSD21,full,RobustScaler,ElasticNet,48,12,5,0.1842,6.6257,8.1312,0.4229,0.1187,0.2667
4,emotion_induction_1,CRADK,HRSD_21.1,HRSD21,full,RobustScaler,SVR,48,12,5,0.3692,6.6426,8.0595,0.425,0.1342,0.4246
4,emotion_induction_1,CRADK,HRSD_21.1,HRSD21,full,RobustScaler,KNN,48,12,5,0.2404,6.7407,8.3061,0.3635,0.0804,0.406
4,emotion_induction_1,CRADK,HRSD_21.1,HRSD21,full,RobustScaler,RF,48,12,5,0.2368,6.4033,8.1593,0.3494,0.1126,0.414
4,emotion_induction_1,CRADK,HRSD_21.1,HRSD21,full,RobustScaler,ET,48,12,5,0.2054,6.6858,8.3561,0.3001,0.0693,0.3216
4,emotion_induction_1,CRADK,HRSD_21.1,HRSD21,full,RobustScaler,GB,48,12,5,0.114,7.5623,9.5068,0.1302,-0.2047,0.2246
4,emotion_induction_1,CRADK,HRSD_21.1,HRSD21,full,RobustScaler,XGB,48,12,5,0.0934,8.0612,9.5921,0.1064,-0.2264,0.1895
4,emotion_induction_1,CRADK,HRSD_21.1,HRSD21,full,RobustScaler,MLP,48,12,5,0.3943,5.7311,7.3357,0.5485,0.2827,0.6
4,emotion_induction_1,CRADK,HRSD_21.1,HRSD21,full,RobustScaler,LGBM,48,12,5,0.2902,6.6734,8.1338,0.3665,0.1181,0.3251
4,emotion_induction_1,CRADK,HRSD_21.1,HRSD21,full,RobustScaler,CatBoost,48,12,5,0.1637,6.9615,8.6932,0.2181,-0.0073,0.3088
5,emotion_induction_1,CRADK,HRSD_21.1,HRSD21,full,StandardScaler,Ridge,48,12,5,0.2472,7.8348,9.0356,0.4623,-1.1391,0.4702
5,emotion_induction_1,CRADK,HRSD_21.1,HRSD21,full,StandardScaler,Lasso,48,12,5,0.248,7.7082,8.9468,0.4638,-1.0973,0.4702
5,emotion_induction_1,CRADK,HRSD_21.1,HRSD21,full,StandardScaler,ElasticNet,48,12,5,0.2523,7.9715,9.1285,0.4724,-1.1833,0.4632
5,emotion_induction_1,CRADK,HRSD_21.1,HRSD21,full,StandardScaler,SVR,48,12,5,0.3078,8.4827,9.5757,0.4639,-1.4025,0.5333
5,emotion_induction_1,CRADK,HRSD_21.1,HRSD21,full,StandardScaler,KNN,48,12,5,0.3105,7.1,8.7901,0.446,-1.0245,0.3603
5,emotion_induction_1,CRADK,HRSD_21.1,HRSD21,full,StandardScaler,RF,48,12,5,0.3335,7.1021,7.8271,0.5595,-0.6051,0.6105
5,emotion_induction_1,CRADK,HRSD_21.1,HRSD21,full,StandardScaler,ET,48,12,5,0.2867,7.4723,8.6019,0.4793,-0.9387,0.4877
5,emotion_induction_1,CRADK,HRSD_21.1,HRSD21,full,StandardScaler,GB,48,12,5,0.0498,9.2592,10.4582,0.0769,-1.8657,0.2421
5,emotion_induction_1,CRADK,HRSD_21.1,HRSD21,full,StandardScaler,XGB,48,12,5,0.1477,8.9523,9.7966,0.2319,-1.5146,0.2842
5,emotion_induction_1,CRADK,HRSD_21.1,HRSD21,full,StandardScaler,MLP,48,12,5,0.2957,8.0558,9.1715,0.4563,-1.2039,0.4667
5,emotion_induction_1,CRADK,HRSD_21.1,HRSD21,full,StandardScaler,LGBM,48,12,5,0.3348,6.4196,7.3344,0.4671,-0.4094,0.4208
5,emotion_induction_1,CRADK,HRSD_21.1,HRSD21,full,StandardScaler,CatBoost,48,12,5,0.2907,7.8168,8.4133,0.4626,-0.8546,0.5474
5,emotion_induction_1,CRADK,HRSD_21.1,HRSD21,full,MinMaxScaler,Ridge,48,12,10,0.2738,6.2276,7.6439,0.5152,-0.5309,0.4281
5,emotion_induction_1,CRADK,HRSD_21.1,HRSD21,full,MinMaxScaler,Lasso,48,12,10,0.2854,6.2241,7.6802,0.5113,-0.5455,0.3614
5,emotion_induction_1,CRADK,HRSD_21.1,HRSD21,full,MinMaxScaler,ElasticNet,48,12,10,0.2702,5.9328,7.4389,0.5225,-0.4499,0.4281
5,emotion_induction_1,CRADK,HRSD_21.1,HRSD21,full,MinMaxScaler,SVR,48,12,10,0.2594,7.3442,8.6269,0.4582,-0.95,0.4386
5,emotion_induction_1,CRADK,HRSD_21.1,HRSD21,full,MinMaxScaler,KNN,48,12,10,0.139,7.2667,8.9517,0.2035,-1.0996,0.1754
5,emotion_induction_1,CRADK,HRSD_21.1,HRSD21,full,MinMaxScaler,RF,48,12,10,0.2586,6.7353,7.8639,0.4681,-0.6203,0.5719
5,emotion_induction_1,CRADK,HRSD_21.1,HRSD21,full,MinMaxScaler,ET,48,12,10,0.2125,7.465,8.5409,0.3687,-0.9113,0.5123
5,emotion_induction_1,CRADK,HRSD_21.1,HRSD21,full,MinMaxScaler,GB,48,12,10,0.1308,8.3471,9.204,0.1727,-1.2196,0.2351
5,emotion_induction_1,CRADK,HRSD_21.1,HRSD21,full,MinMaxScaler,XGB,48,12,10,0.1997,8.0729,8.7267,0.2411,-0.9953,0.2632
5,emotion_induction_1,CRADK,HRSD_21.1,HRSD21,full,MinMaxScaler,MLP,48,12,10,0.4357,5.9781,6.9445,0.7022,-0.2636,0.5509
5,emotion_induction_1,CRADK,HRSD_21.1,HRSD21,full,MinMaxScaler,LGBM,48,12,10,0.3709,6.5555,7.2953,0.5706,-0.3945,0.6098
5,emotion_induction_1,CRADK,HRSD_21.1,HRSD21,full,MinMaxScaler,CatBoost,48,12,10,0.195,7.7296,8.5319,0.3171,-0.9072,0.4211
5,emotion_induction_1,CRADK,HRSD_21.1,HRSD21,full,RobustScaler,Ridge,48,12,5,0.3238,6.9904,8.5229,0.5132,-0.9032,0.393
5,emotion_induction_1,CRADK,HRSD_21.1,HRSD21,full,RobustScaler,Lasso,48,12,5,0.3241,6.985,8.52,0.5141,-0.9019,0.393
5,emotion_induction_1,CRADK,HRSD_21.1,HRSD21,full,RobustScaler,ElasticNet,48,12,5,0.3222,6.9392,8.4613,0.5107,-0.8758,0.393
5,emotion_induction_1,CRADK,HRSD_21.1,HRSD21,full,RobustScaler,SVR,48,12,5,0.2218,7.5562,8.6611,0.3035,-0.9655,0.3018
5,emotion_induction_1,CRADK,HRSD_21.1,HRSD21,full,RobustScaler,KNN,48,12,5,0.3622,6.75,8.2333,0.454,-0.7761,0.5651
5,emotion_induction_1,CRADK,HRSD_21.1,HRSD21,full,RobustScaler,RF,48,12,5,0.3707,6.865,7.8038,0.6432,-0.5956,0.5825
5,emotion_induction_1,CRADK,HRSD_21.1,HRSD21,full,RobustScaler,ET,48,12,5,0.3147,7.1808,8.3564,0.5332,-0.8296,0.4035
5,emotion_induction_1,CRADK,HRSD_21.1,HRSD21,full,RobustScaler,GB,48,12,5,0.2032,8.3815,9.1638,0.2798,-1.2002,0.3193
5,emotion_induction_1,CRADK,HRSD_21.1,HRSD21,full,RobustScaler,XGB,48,12,5,0.2875,8.0054,8.5796,0.3777,-0.9286,0.2877
5,emotion_induction_1,CRADK,HRSD_21.1,HRSD21,full,RobustScaler,MLP,48,12,5,0.2477,7.8399,9.0572,0.3843,-1.1493,0.3228
5,emotion_induction_1,CRADK,HRSD_21.1,HRSD21,full,RobustScaler,LGBM,48,12,5,0.4257,5.5507,6.6602,0.616,-0.1622,0.5573
5,emotion_induction_1,CRADK,HRSD_21.1,HRSD21,full,RobustScaler,CatBoost,48,12,5,0.3534,7.2429,7.8758,0.5369,-0.6252,0.4211
1,emotion_induction_1,CRADK,HRSD_24.1,HRSD24,full,StandardScaler,Ridge,48,12,10,-0.02,71.2848,218.6025,-0.1858,-320.994,-0.035
1,emotion_induction_1,CRADK,HRSD_24.1,HRSD24,full,StandardScaler,Lasso,48,12,10,-0.0252,55.8393,166.3281,-0.1779,-185.4099,0.014
1,emotion_induction_1,CRADK,HRSD_24.1,HRSD24,full,StandardScaler,ElasticNet,48,12,10,-0.0207,70.3848,214.6685,-0.1884,-309.509,0.0245
1,emotion_induction_1,CRADK,HRSD_24.1,HRSD24,full,StandardScaler,SVR,48,12,10,-0.1332,11.1031,14.0013,-0.1907,-0.3209,-0.2837
1,emotion_induction_1,CRADK,HRSD_24.1,HRSD24,full,StandardScaler,KNN,48,12,10,-0.1229,11.631,13.9134,-0.1785,-0.3044,-0.2263
1,emotion_induction_1,CRADK,HRSD_24.1,HRSD24,full,StandardScaler,RF,48,12,10,-0.0362,10.8183,13.4108,-0.0515,-0.2118,-0.014
1,emotion_induction_1,CRADK,HRSD_24.1,HRSD24,full,StandardScaler,ET,48,12,10,0.062,10.5104,12.966,0.0823,-0.1328,-0.0105
1,emotion_induction_1,CRADK,HRSD_24.1,HRSD24,full,StandardScaler,GB,48,12,10,-0.0269,11.5057,14.0643,-0.0338,-0.3328,-0.0946
1,emotion_induction_1,CRADK,HRSD_24.1,HRSD24,full,StandardScaler,XGB,48,12,10,0.0592,10.7816,13.7417,0.0749,-0.2724,0.014
1,emotion_induction_1,CRADK,HRSD_24.1,HRSD24,full,StandardScaler,MLP,48,12,10,-0.0114,115.7154,366.1372,-0.1788,-902.286,0.0525
1,emotion_induction_1,CRADK,HRSD_24.1,HRSD24,full,StandardScaler,LGBM,48,12,10,0.2325,9.2482,11.8706,0.2962,0.0505,0.2807
1,emotion_induction_1,CRADK,HRSD_24.1,HRSD24,full,StandardScaler,CatBoost,48,12,10,0.0985,9.5309,12.8644,0.1252,-0.1151,0.1296
1,emotion_induction_1,CRADK,HRSD_24.1,HRSD24,full,MinMaxScaler,Ridge,48,12,5,-0.0194,69.7697,214.3407,-0.1767,-308.5615,-0.035
1,emotion_induction_1,CRADK,HRSD_24.1,HRSD24,full,MinMaxScaler,Lasso,48,12,5,-0.0214,63.5947,194.0504,-0.1762,-252.7271,0.014
1,emotion_induction_1,CRADK,HRSD_24.1,HRSD24,full,MinMaxScaler,ElasticNet,48,12,5,-0.0223,61.0163,185.1255,-0.1756,-229.9245,0.035
1,emotion_induction_1,CRADK,HRSD_24.1,HRSD24,full,MinMaxScaler,SVR,48,12,5,0.337,8.6659,11.4702,0.4004,0.1135,0.0876
1,emotion_induction_1,CRADK,HRSD_24.1,HRSD24,full,MinMaxScaler,KNN,48,12,5,0.093,10.7778,13.3736,0.1081,-0.2051,0.1368
1,emotion_induction_1,CRADK,HRSD_24.1,HRSD24,full,MinMaxScaler,RF,48,12,5,0.1059,9.8146,12.39,0.155,-0.0344,0.1611
1,emotion_induction_1,CRADK,HRSD_24.1,HRSD24,full,MinMaxScaler,ET,48,12,5,0.1499,9.7208,12.4201,0.1943,-0.0394,0.0806
1,emotion_induction_1,CRADK,HRSD_24.1,HRSD24,full,MinMaxScaler,GB,48,12,5,0.0761,10.0938,13.3074,0.0933,-0.1932,0.0245
1,emotion_induction_1,CRADK,HRSD_24.1,HRSD24,full,MinMaxScaler,XGB,48,12,5,-0.0264,10.9685,14.1536,-0.0333,-0.3498,-0.0771
1,emotion_induction_1,CRADK,HRSD_24.1,HRSD24,full,MinMaxScaler,MLP,48,12,5,-0.0359,39.5362,109.8491,-0.167,-80.3075,0.0701
1,emotion_induction_1,CRADK,HRSD_24.1,HRSD24,full,MinMaxScaler,LGBM,48,12,5,0.2243,9.3914,11.94,0.2882,0.0394,0.2105
1,emotion_induction_1,CRADK,HRSD_24.1,HRSD24,full,MinMaxScaler,CatBoost,48,12,5,0.1119,9.6255,12.553,0.1519,-0.0618,0.0946
1,emotion_induction_1,CRADK,HRSD_24.1,HRSD24,full,RobustScaler,Ridge,48,12,5,-0.0194,69.6262,213.8852,-0.1769,-307.2471,-0.035
1,emotion_induction_1,CRADK,HRSD_24.1,HRSD24,full,RobustScaler,Lasso,48,12,5,-0.0192,70.3121,216.2839,-0.1769,-314.2,-0.035
1,emotion_induction_1,CRADK,HRSD_24.1,HRSD24,full,RobustScaler,ElasticNet,48,12,5,-0.0215,63.4861,193.3912,-0.1767,-251.006,-0.014
1,emotion_induction_1,CRADK,HRSD_24.1,HRSD24,full,RobustScaler,SVR,48,12,5,-0.0179,11.3609,14.3586,-0.0209,-0.3892,-0.1261
1,emotion_induction_1,CRADK,HRSD_24.1,HRSD24,full,RobustScaler,KNN,48,12,5,0.0324,10.7857,13.2478,0.042,-0.1826,-0.0368
1,emotion_induction_1,CRADK,HRSD_24.1,HRSD24,full,RobustScaler,RF,48,12,5,0.1114,9.8062,12.3312,0.1644,-0.0246,0.1856
1,emotion_induction_1,CRADK,HRSD_24.1,HRSD24,full,RobustScaler,ET,48,12,5,0.1499,9.7208,12.4201,0.1943,-0.0394,0.0806
1,emotion_induction_1,CRADK,HRSD_24.1,HRSD24,full,RobustScaler,GB,48,12,5,0.0766,10.0992,13.3086,0.0938,-0.1934,0.0245
1,emotion_induction_1,CRADK,HRSD_24.1,HRSD24,full,RobustScaler,XGB,48,12,5,-0.0264,10.9685,14.1536,-0.0333,-0.3498,-0.0771
1,emotion_induction_1,CRADK,HRSD_24.1,HRSD24,full,RobustScaler,MLP,48,12,5,-0.0142,94.5746,295.4428,-0.1784,-587.1449,0.0876
1,emotion_induction_1,CRADK,HRSD_24.1,HRSD24,full,RobustScaler,LGBM,48,12,5,0.1166,10.2812,13.108,0.1373,-0.1577,0.1476
1,emotion_induction_1,CRADK,HRSD_24.1,HRSD24,full,RobustScaler,CatBoost,48,12,5,0.1119,9.6255,12.553,0.1519,-0.0618,0.0946
2,emotion_induction_1,CRADK,HRSD_24.1,HRSD24,full,StandardScaler,Ridge,48,12,5,0.3095,8.103,9.6818,0.3713,-0.0575,0.2566
2,emotion_induction_1,CRADK,HRSD_24.1,HRSD24,full,StandardScaler,Lasso,48,12,5,0.2932,8.6886,10.1496,0.3383,-0.1622,0.2566
2,emotion_induction_1,CRADK,HRSD_24.1,HRSD24,full,StandardScaler,ElasticNet,48,12,5,0.3028,8.4567,9.9522,0.3536,-0.1174,0.2566
2,emotion_induction_1,CRADK,HRSD_24.1,HRSD24,full,StandardScaler,SVR,48,12,5,0.0445,8.3603,10.9344,0.0605,-0.3488,0.0773
2,emotion_induction_1,CRADK,HRSD_24.1,HRSD24,full,StandardScaler,KNN,48,12,5,0.163,8.2619,10.7814,0.2109,-0.3114,0.2042
2,emotion_induction_1,CRADK,HRSD_24.1,HRSD24,full,StandardScaler,RF,48,12,5,0.1952,7.125,10.0874,0.2617,-0.148,0.2566
2,emotion_induction_1,CRADK,HRSD_24.1,HRSD24,full,StandardScaler,ET,48,12,5,0.1393,7.54,10.376,0.1814,-0.2146,0.2425
2,emotion_induction_1,CRADK,HRSD_24.1,HRSD24,full,StandardScaler,GB,48,12,5,0.2538,7.3547,10.4667,0.3318,-0.2359,0.2601
2,emotion_induction_1,CRADK,HRSD_24.1,HRSD24,full,StandardScaler,XGB,48,12,5,0.1925,7.8598,10.8803,0.2556,-0.3355,0.2636
2,emotion_induction_1,CRADK,HRSD_24.1,HRSD24,full,StandardScaler,MLP,48,12,5,0.2891,8.0137,10.7596,0.3721,-0.3061,0.4288
2,emotion_induction_1,CRADK,HRSD_24.1,HRSD24,full,StandardScaler,LGBM,48,12,5,0.1422,7.9095,11.2608,0.1629,-0.4306,0.1235
2,emotion_induction_1,CRADK,HRSD_24.1,HRSD24,full,StandardScaler,CatBoost,48,12,5,0.1994,7.6857,10.4461,0.2661,-0.2311,0.2496
2,emotion_induction_1,CRADK,HRSD_24.1,HRSD24,full,MinMaxScaler,Ridge,48,12,10,0.34,8.0887,9.8977,0.3903,-0.1052,0.3304
2,emotion_induction_1,CRADK,HRSD_24.1,HRSD24,full,MinMaxScaler,Lasso,48,12,10,0.3251,8.2562,9.937,0.3737,-0.114,0.2531
2,emotion_induction_1,CRADK,HRSD_24.1,HRSD24,full,MinMaxScaler,ElasticNet,48,12,10,0.3316,7.5335,9.4891,0.411,-0.0158,0.362
2,emotion_induction_1,CRADK,HRSD_24.1,HRSD24,full,MinMaxScaler,SVR,48,12,10,0.3063,8.169,10.0088,0.3478,-0.1302,0.2214
2,emotion_induction_1,CRADK,HRSD_24.1,HRSD24,full,MinMaxScaler,KNN,48,12,10,0.1971,8.2963,10.1484,0.2341,-0.1619,0.2566
2,emotion_induction_1,CRADK,HRSD_24.1,HRSD24,full,MinMaxScaler,RF,48,12,10,0.3308,7.1846,10.4857,0.3703,-0.2404,0.3128
2,emotion_induction_1,CRADK,HRSD_24.1,HRSD24,full,MinMaxScaler,ET,48,12,10,0.2618,7.5142,10.4477,0.3241,-0.2315,0.3093
2,emotion_induction_1,CRADK,HRSD_24.1,HRSD24,full,MinMaxScaler,GB,48,12,10,0.2569,8.2138,12.0113,0.2731,-0.6276,0.2496
2,emotion_induction_1,CRADK,HRSD_24.1,HRSD24,full,MinMaxScaler,XGB,48,12,10,0.3152,7.4414,11.4948,0.333,-0.4907,0.2707
2,emotion_induction_1,CRADK,HRSD_24.1,HRSD24,full,MinMaxScaler,MLP,48,12,10,0.3768,8.2452,10.1297,0.4211,-0.1576,0.3796
2,emotion_induction_1,CRADK,HRSD_24.1,HRSD24,full,MinMaxScaler,LGBM,48,12,10,0.2978,7.0142,10.8293,0.3275,-0.3231,0.243
2,emotion_induction_1,CRADK,HRSD_24.1,HRSD24,full,MinMaxScaler,CatBoost,48,12,10,0.2904,7.5835,11.0196,0.3255,-0.37,0.3128
2,emotion_induction_1,CRADK,HRSD_24.1,HRSD24,full,RobustScaler,Ridge,48,12,5,0.2962,7.9541,9.6059,0.3637,-0.041,0.2953
2,emotion_induction_1,CRADK,HRSD_24.1,HRSD24,full,RobustScaler,Lasso,48,12,5,0.2944,8.6404,10.1051,0.3402,-0.152,0.2566
2,emotion_induction_1,CRADK,HRSD_24.1,HRSD24,full,RobustScaler,ElasticNet,48,12,5,0.3001,8.3446,9.8671,0.3535,-0.0984,0.2566
2,emotion_induction_1,CRADK,HRSD_24.1,HRSD24,full,RobustScaler,SVR,48,12,5,0.1539,7.8709,10.4202,0.2076,-0.225,0.2214
2,emotion_induction_1,CRADK,HRSD_24.1,HRSD24,full,RobustScaler,KNN,48,12,5,0.102,8.3333,10.9839,0.1307,-0.3611,0.1441
2,emotion_induction_1,CRADK,HRSD_24.1,HRSD24,full,RobustScaler,RF,48,12,5,0.1952,7.125,10.0874,0.2617,-0.148,0.2566
2,emotion_induction_1,CRADK,HRSD_24.1,HRSD24,full,RobustScaler,ET,48,12,5,0.1393,7.54,10.376,0.1814,-0.2146,0.2425
2,emotion_induction_1,CRADK,HRSD_24.1,HRSD24,full,RobustScaler,GB,48,12,5,0.2538,7.3547,10.4667,0.3318,-0.2359,0.2601
2,emotion_induction_1,CRADK,HRSD_24.1,HRSD24,full,RobustScaler,XGB,48,12,5,0.1925,7.8598,10.8803,0.2556,-0.3355,0.2636
2,emotion_induction_1,CRADK,HRSD_24.1,HRSD24,full,RobustScaler,MLP,48,12,5,0.3062,7.804,10.6769,0.381,-0.2861,0.3691
2,emotion_induction_1,CRADK,HRSD_24.1,HRSD24,full,RobustScaler,LGBM,48,12,5,0.0003,8.8782,11.6549,0.0004,-0.5325,-0.0636
2,emotion_induction_1,CRADK,HRSD_24.1,HRSD24,full,RobustScaler,CatBoost,48,12,5,0.1994,7.6857,10.4461,0.2661,-0.2311,0.2496
3,emotion_induction_1,CRADK,HRSD_24.1,HRSD24,full,StandardScaler,Ridge,48,12,5,0.2973,8.8814,10.0709,0.3616,-0.0162,0.2378
3,emotion_induction_1,CRADK,HRSD_24.1,HRSD24,full,StandardScaler,Lasso,48,12,5,0.2892,8.7894,9.9746,0.3595,0.0031,0.1608
3,emotion_induction_1,CRADK,HRSD_24.1,HRSD24,full,StandardScaler,ElasticNet,48,12,5,0.2981,9.1801,10.2497,0.3559,-0.0526,0.2378
3,emotion_induction_1,CRADK,HRSD_24.1,HRSD24,full,StandardScaler,SVR,48,12,5,0.1958,10.6808,11.9419,0.2363,-0.4289,0.042
3,emotion_induction_1,CRADK,HRSD_24.1,HRSD24,full,StandardScaler,KNN,48,12,5,0.2197,9.1389,10.6541,0.2884,-0.1373,0.1614
3,emotion_induction_1,CRADK,HRSD_24.1,HRSD24,full,StandardScaler,RF,48,12,5,0.1895,9.4917,11.1149,0.2474,-0.2378,0.2137
3,emotion_induction_1,CRADK,HRSD_24.1,HRSD24,full,StandardScaler,ET,48,12,5,0.2324,8.8675,10.3726,0.3212,-0.078,0.1608
3,emotion_induction_1,CRADK,HRSD_24.1,HRSD24,full,StandardScaler,GB,48,12,5,0.1594,9.157,11.0964,0.2433,-0.2337,0.2308
3,emotion_induction_1,CRADK,HRSD_24.1,HRSD24,full,StandardScaler,XGB,48,12,5,0.088,10.2445,12.0477,0.1287,-0.4543,0.1748
3,emotion_induction_1,CRADK,HRSD_24.1,HRSD24,full,StandardScaler,MLP,48,12,5,0.074,11.158,12.3849,0.1033,-0.5368,0.021
3,emotion_induction_1,CRADK,HRSD_24.1,HRSD24,full,StandardScaler,LGBM,48,12,5,0.1604,9.1628,11.2422,0.1752,-0.2663,0.2478
3,emotion_induction_1,CRADK,HRSD_24.1,HRSD24,full,StandardScaler,CatBoost,48,12,5,0.1447,9.3078,11.0753,0.1971,-0.229,0.1189
3,emotion_induction_1,CRADK,HRSD_24.1,HRSD24,full,MinMaxScaler,Ridge,48,12,5,0.3937,8.3415,9.2161,0.4824,0.149,0.4545
3,emotion_induction_1,CRADK,HRSD_24.1,HRSD24,full,MinMaxScaler,Lasso,48,12,5,0.3865,8.3691,9.2584,0.4734,0.1411,0.4545
3,emotion_induction_1,CRADK,HRSD_24.1,HRSD24,full,MinMaxScaler,ElasticNet,48,12,5,0.3798,8.2834,9.1969,0.4744,0.1525,0.3986
3,emotion_induction_1,CRADK,HRSD_24.1,HRSD24,full,MinMaxScaler,SVR,48,12,5,0.2982,7.5129,9.0148,0.4982,0.1858,0.4126
3,emotion_induction_1,CRADK,HRSD_24.1,HRSD24,full,MinMaxScaler,KNN,48,12,5,0.334,8.55,9.6607,0.4816,0.0649,0.2977
3,emotion_induction_1,CRADK,HRSD_24.1,HRSD24,full,MinMaxScaler,RF,48,12,5,0.1163,9.1026,10.5953,0.1622,-0.1248,-0.0839
3,emotion_induction_1,CRADK,HRSD_24.1,HRSD24,full,MinMaxScaler,ET,48,12,5,0.1567,8.9792,11.0197,0.1985,-0.2167,-0.1329
3,emotion_induction_1,CRADK,HRSD_24.1,HRSD24,full,MinMaxScaler,GB,48,12,5,0.3726,7.9547,10.4472,0.4369,-0.0936,0.4336
3,emotion_induction_1,CRADK,HRSD_24.1,HRSD24,full,MinMaxScaler,XGB,48,12,5,0.4024,8.4381,10.7518,0.4755,-0.1583,0.3776
3,emotion_induction_1,CRADK,HRSD_24.1,HRSD24,full,MinMaxScaler,MLP,48,12,5,0.4163,7.7968,8.8667,0.5582,0.2123,0.4406
3,emotion_induction_1,CRADK,HRSD_24.1,HRSD24,full,MinMaxScaler,LGBM,48,12,5,0.1149,9.4918,10.8842,0.1395,-0.187,-0.0602
3,emotion_induction_1,CRADK,HRSD_24.1,HRSD24,full,MinMaxScaler,CatBoost,48,12,5,0.1946,9.2278,11.3906,0.2287,-0.3,0.021
3,emotion_induction_1,CRADK,HRSD_24.1,HRSD24,full,RobustScaler,Ridge,48,12,5,0.351,7.9289,9.1896,0.4587,0.1539,0.3846
3,emotion_induction_1,CRADK,HRSD_24.1,HRSD24,full,RobustScaler,Lasso,48,12,5,0.3416,7.9725,9.2717,0.4503,0.1387,0.3846
3,emotion_induction_1,CRADK,HRSD_24.1,HRSD24,full,RobustScaler,ElasticNet,48,12,5,0.3439,7.8953,9.184,0.4631,0.1549,0.4406
3,emotion_induction_1,CRADK,HRSD_24.1,HRSD24,full,RobustScaler,SVR,48,12,5,0.2723,9.4324,11.0448,0.385,-0.2223,0.2587
3,emotion_induction_1,CRADK,HRSD_24.1,HRSD24,full,RobustScaler,KNN,48,12,5,0.3425,7.7262,9.6072,0.5072,0.0752,0.3986
3,emotion_induction_1,CRADK,HRSD_24.1,HRSD24,full,RobustScaler,RF,48,12,5,0.0561,9.3008,11.3168,0.0822,-0.2832,0.0
3,emotion_induction_1,CRADK,HRSD_24.1,HRSD24,full,RobustScaler,ET,48,12,5,0.2029,8.7017,10.4397,0.2934,-0.092,0.1818
3,emotion_induction_1,CRADK,HRSD_24.1,HRSD24,full,RobustScaler,GB,48,12,5,0.1461,8.9936,11.8067,0.2184,-0.3967,0.1818
3,emotion_induction_1,CRADK,HRSD_24.1,HRSD24,full,RobustScaler,XGB,48,12,5,0.2083,9.2181,11.8277,0.2787,-0.4017,0.1818
3,emotion_induction_1,CRADK,HRSD_24.1,HRSD24,full,RobustScaler,MLP,48,12,5,0.1957,9.59,11.4229,0.3672,-0.3074,0.2378
3,emotion_induction_1,CRADK,HRSD_24.1,HRSD24,full,RobustScaler,LGBM,48,12,5,0.046,9.2742,11.2516,0.056,-0.2684,-0.0682
3,emotion_induction_1,CRADK,HRSD_24.1,HRSD24,full,RobustScaler,CatBoost,48,12,5,0.0781,9.6366,11.7338,0.1061,-0.3795,0.0
4,emotion_induction_1,CRADK,HRSD_24.1,HRSD24,full,StandardScaler,Ridge,48,12,5,0.0,2800450765306454.5,6872015196180782.0,0.138,-4.065244722227225e+29,-0.0842
4,emotion_induction_1,CRADK,HRSD_24.1,HRSD24,full,StandardScaler,Lasso,48,12,5,0.0,3206910797114572.0,7869425880856702.0,0.138,-5.330949528920856e+29,-0.0316
4,emotion_induction_1,CRADK,HRSD_24.1,HRSD24,full,StandardScaler,ElasticNet,48,12,5,0.0,3061673263692352.0,7513028064798652.0,0.138,-4.8590178510001874e+29,-0.0316
4,emotion_induction_1,CRADK,HRSD_24.1,HRSD24,full,StandardScaler,SVR,48,12,5,0.1378,8.3706,10.6139,0.241,0.0302,0.2566
4,emotion_induction_1,CRADK,HRSD_24.1,HRSD24,full,StandardScaler,KNN,48,12,5,0.0999,8.5648,10.7118,0.1775,0.0123,0.2025
4,emotion_induction_1,CRADK,HRSD_24.1,HRSD24,full,StandardScaler,RF,48,12,5,0.1706,8.6071,11.0693,0.211,-0.0548,0.1158
4,emotion_induction_1,CRADK,HRSD_24.1,HRSD24,full,StandardScaler,ET,48,12,5,0.1921,9.4262,11.9886,0.206,-0.2372,0.1474
4,emotion_induction_1,CRADK,HRSD_24.1,HRSD24,full,StandardScaler,GB,48,12,5,-0.1894,11.3293,14.1653,-0.2052,-0.7273,-0.2246
4,emotion_induction_1,CRADK,HRSD_24.1,HRSD24,full,StandardScaler,XGB,48,12,5,0.152,9.386,11.5805,0.1725,-0.1545,0.214
4,emotion_induction_1,CRADK,HRSD_24.1,HRSD24,full,StandardScaler,MLP,48,12,5,0.0,3066414464471477.5,1.0075695502125526e+16,0.1669,-8.739136859531067e+29,-0.0982
4,emotion_induction_1,CRADK,HRSD_24.1,HRSD24,full,StandardScaler,LGBM,48,12,5,0.0976,8.9362,11.4224,0.1241,-0.1231,0.0527
4,emotion_induction_1,CRADK,HRSD_24.1,HRSD24,full,StandardScaler,CatBoost,48,12,5,0.2534,8.6218,11.208,0.2899,-0.0814,0.1544
4,emotion_induction_1,CRADK,HRSD_24.1,HRSD24,full,MinMaxScaler,Ridge,48,12,10,0.0,3318203197733138.0,8142525868096270.0,0.138,-5.7073796997948556e+29,0.1439
4,emotion_induction_1,CRADK,HRSD_24.1,HRSD24,full,MinMaxScaler,Lasso,48,12,10,0.0,2521173498249652.0,6186697801231981.0,0.138,-3.2948547790905564e+29,0.2386
4,emotion_induction_1,CRADK,HRSD_24.1,HRSD24,full,MinMaxScaler,ElasticNet,48,12,10,0.0,2776084454898515.5,6812222802230270.0,0.138,-3.994810287566086e+29,0.2386
4,emotion_induction_1,CRADK,HRSD_24.1,HRSD24,full,MinMaxScaler,SVR,48,12,10,0.234,8.2974,9.7988,0.4836,0.1735,0.4921
4,emotion_induction_1,CRADK,HRSD_24.1,HRSD24,full,MinMaxScaler,KNN,48,12,10,0.1562,8.9762,10.5347,0.25,0.0447,0.0422
4,emotion_induction_1,CRADK,HRSD_24.1,HRSD24,full,MinMaxScaler,RF,48,12,10,0.3168,7.8344,9.9461,0.4104,0.1484,0.393
4,emotion_induction_1,CRADK,HRSD_24.1,HRSD24,full,MinMaxScaler,ET,48,12,10,0.2647,8.635,10.5156,0.3189,0.0481,0.2842
4,emotion_induction_1,CRADK,HRSD_24.1,HRSD24,full,MinMaxScaler,GB,48,12,10,-0.1147,12.1768,14.7493,-0.1186,-0.8727,-0.3053
4,emotion_induction_1,CRADK,HRSD_24.1,HRSD24,full,MinMaxScaler,XGB,48,12,10,0.0884,10.5066,12.572,0.0948,-0.3606,-0.007
4,emotion_induction_1,CRADK,HRSD_24.1,HRSD24,full,MinMaxScaler,MLP,48,12,10,0.0,261375929478373.03,827126152969830.2,0.1683,-5.889276954892433e+27,0.5404
4,emotion_induction_1,CRADK,HRSD_24.1,HRSD24,full,MinMaxScaler,LGBM,48,12,10,0.2507,8.7366,10.6108,0.3138,0.0308,0.2214
4,emotion_induction_1,CRADK,HRSD_24.1,HRSD24,full,MinMaxScaler,CatBoost,48,12,10,0.2393,8.6206,10.7015,0.286,0.0142,0.2316
4,emotion_induction_1,CRADK,HRSD_24.1,HRSD24,full,RobustScaler,Ridge,48,12,5,0.2648,7.7354,9.9001,0.4224,0.1563,0.4351
4,emotion_induction_1,CRADK,HRSD_24.1,HRSD24,full,RobustScaler,Lasso,48,12,5,0.2173,8.007,9.9945,0.4217,0.1401,0.3474
4,emotion_induction_1,CRADK,HRSD_24.1,HRSD24,full,RobustScaler,ElasticNet,48,12,5,0.2109,7.9483,10.0024,0.4191,0.1388,0.4351
4,emotion_induction_1,CRADK,HRSD_24.1,HRSD24,full,RobustScaler,SVR,48,12,5,0.3612,7.4319,9.6807,0.4642,0.1933,0.386
4,emotion_induction_1,CRADK,HRSD_24.1,HRSD24,full,RobustScaler,KNN,48,12,5,0.3277,7.9722,9.511,0.4771,0.2213,0.4035
4,emotion_induction_1,CRADK,HRSD_24.1,HRSD24,full,RobustScaler,RF,48,12,5,0.2983,7.7558,10.0716,0.3775,0.1268,0.3368
4,emotion_induction_1,CRADK,HRSD_24.1,HRSD24,full,RobustScaler,ET,48,12,5,0.4628,6.68,8.7888,0.5909,0.3351,0.5509
4,emotion_induction_1,CRADK,HRSD_24.1,HRSD24,full,RobustScaler,GB,48,12,5,0.2739,7.8959,10.7022,0.3111,0.014,0.3509
4,emotion_induction_1,CRADK,HRSD_24.1,HRSD24,full,RobustScaler,XGB,48,12,5,0.2091,8.5498,11.2731,0.2339,-0.094,0.1649
4,emotion_induction_1,CRADK,HRSD_24.1,HRSD24,full,RobustScaler,MLP,48,12,5,0.3098,7.7952,10.0466,0.3932,0.1311,0.3684
4,emotion_induction_1,CRADK,HRSD_24.1,HRSD24,full,RobustScaler,LGBM,48,12,5,0.2615,8.0107,10.4372,0.3234,0.0623,0.2297
4,emotion_induction_1,CRADK,HRSD_24.1,HRSD24,full,RobustScaler,CatBoost,48,12,5,0.3826,6.988,9.515,0.4715,0.2206,0.3684
5,emotion_induction_1,CRADK,HRSD_24.1,HRSD24,full,StandardScaler,Ridge,48,12,5,0.2604,9.4334,11.0964,0.4284,-1.3717,0.3853
5,emotion_induction_1,CRADK,HRSD_24.1,HRSD24,full,StandardScaler,Lasso,48,12,5,0.2631,9.3976,11.0761,0.4338,-1.363,0.3853
5,emotion_induction_1,CRADK,HRSD_24.1,HRSD24,full,StandardScaler,ElasticNet,48,12,5,0.2552,9.2222,10.9032,0.4181,-1.2898,0.3853
5,emotion_induction_1,CRADK,HRSD_24.1,HRSD24,full,StandardScaler,SVR,48,12,5,0.3504,7.5515,9.367,0.4442,-0.69,0.3538
5,emotion_induction_1,CRADK,HRSD_24.1,HRSD24,full,StandardScaler,KNN,48,12,5,0.2709,8.369,10.4379,0.3595,-1.0986,0.2942
5,emotion_induction_1,CRADK,HRSD_24.1,HRSD24,full,StandardScaler,RF,48,12,5,0.3533,7.7542,9.3567,0.5441,-0.6863,0.5044
5,emotion_induction_1,CRADK,HRSD_24.1,HRSD24,full,StandardScaler,ET,48,12,5,0.3691,7.7067,9.3734,0.5261,-0.6923,0.5254
5,emotion_induction_1,CRADK,HRSD_24.1,HRSD24,full,StandardScaler,GB,48,12,5,0.1716,10.6576,11.7137,0.2074,-1.6429,0.0701
5,emotion_induction_1,CRADK,HRSD_24.1,HRSD24,full,StandardScaler,XGB,48,12,5,0.1616,11.082,12.0325,0.1916,-1.7887,-0.063
5,emotion_induction_1,CRADK,HRSD_24.1,HRSD24,full,StandardScaler,MLP,48,12,5,0.3414,8.7462,10.6192,0.5076,-1.1721,0.4133
5,emotion_induction_1,CRADK,HRSD_24.1,HRSD24,full,StandardScaler,LGBM,48,12,5,0.3743,6.807,7.8433,0.4969,-0.1849,0.3474
5,emotion_induction_1,CRADK,HRSD_24.1,HRSD24,full,StandardScaler,CatBoost,48,12,5,0.3237,7.9573,9.4963,0.4382,-0.737,0.4413
5,emotion_induction_1,CRADK,HRSD_24.1,HRSD24,full,MinMaxScaler,Ridge,48,12,10,0.2891,7.9451,9.4569,0.4961,-0.7226,0.6375
5,emotion_induction_1,CRADK,HRSD_24.1,HRSD24,full,MinMaxScaler,Lasso,48,12,10,0.2644,8.0641,9.701,0.4618,-0.8127,0.4588
5,emotion_induction_1,CRADK,HRSD_24.1,HRSD24,full,MinMaxScaler,ElasticNet,48,12,10,0.2901,7.5663,9.1703,0.5074,-0.6198,0.6515
5,emotion_induction_1,CRADK,HRSD_24.1,HRSD24,full,MinMaxScaler,SVR,48,12,10,0.2731,9.0904,10.8033,0.3886,-1.248,0.3713
5,emotion_induction_1,CRADK,HRSD_24.1,HRSD24,full,MinMaxScaler,KNN,48,12,10,0.3226,9.0833,10.3571,0.4794,-1.0662,0.4127
5,emotion_induction_1,CRADK,HRSD_24.1,HRSD24,full,MinMaxScaler,RF,48,12,10,0.3174,8.2592,9.4022,0.5167,-0.7028,0.669
5,emotion_induction_1,CRADK,HRSD_24.1,HRSD24,full,MinMaxScaler,ET,48,12,10,0.3634,9.0933,9.76,0.6055,-0.8348,0.69
5,emotion_induction_1,CRADK,HRSD_24.1,HRSD24,full,MinMaxScaler,GB,48,12,10,0.4186,8.925,9.5578,0.6301,-0.7596,0.6725
5,emotion_induction_1,CRADK,HRSD_24.1,HRSD24,full,MinMaxScaler,XGB,48,12,10,0.3634,10.0045,10.6297,0.5368,-1.1764,0.5114
5,emotion_induction_1,CRADK,HRSD_24.1,HRSD24,full,MinMaxScaler,MLP,48,12,10,0.3665,9.5511,10.5302,0.5715,-1.1358,0.683
5,emotion_induction_1,CRADK,HRSD_24.1,HRSD24,full,MinMaxScaler,LGBM,48,12,10,0.3672,8.1712,9.1782,0.516,-0.6226,0.5044
5,emotion_induction_1,CRADK,HRSD_24.1,HRSD24,full,MinMaxScaler,CatBoost,48,12,10,0.453,8.1048,8.8736,0.6646,-0.5167,0.7566
5,emotion_induction_1,CRADK,HRSD_24.1,HRSD24,full,RobustScaler,Ridge,48,12,10,0.2495,7.2075,8.9634,0.4128,-0.5475,0.3047
5,emotion_induction_1,CRADK,HRSD_24.1,HRSD24,full,RobustScaler,Lasso,48,12,10,0.3157,9.2179,10.3856,0.5287,-1.0776,0.5219
5,emotion_induction_1,CRADK,HRSD_24.1,HRSD24,full,RobustScaler,ElasticNet,48,12,10,0.2783,7.9534,9.5481,0.4574,-0.756,0.4203
5,emotion_induction_1,CRADK,HRSD_24.1,HRSD24,full,RobustScaler,SVR,48,12,10,0.0442,11.1535,13.8597,0.0648,-2.7,0.1366
5,emotion_induction_1,CRADK,HRSD_24.1,HRSD24,full,RobustScaler,KNN,48,12,10,0.1295,6.5278,8.6806,0.2,-0.4514,0.1997
5,emotion_induction_1,CRADK,HRSD_24.1,HRSD24,full,RobustScaler,RF,48,12,10,0.1987,7.4225,8.5986,0.3321,-0.4241,0.2312
5,emotion_induction_1,CRADK,HRSD_24.1,HRSD24,full,RobustScaler,ET,48,12,10,0.2731,7.1075,8.5454,0.4749,-0.4066,0.4133
5,emotion_induction_1,CRADK,HRSD_24.1,HRSD24,full,RobustScaler,GB,48,12,10,0.1593,9.7828,10.6353,0.1843,-1.1787,-0.0806
5,emotion_induction_1,CRADK,HRSD_24.1,HRSD24,full,RobustScaler,XGB,48,12,10,0.0003,10.7704,12.343,0.0003,-1.9345,-0.2907
5,emotion_induction_1,CRADK,HRSD_24.1,HRSD24,full,RobustScaler,MLP,48,12,10,0.3816,8.9694,9.9831,0.5496,-0.9197,0.6235
5,emotion_induction_1,CRADK,HRSD_24.1,HRSD24,full,RobustScaler,LGBM,48,12,10,0.3522,6.3391,7.7066,0.5589,-0.144,0.4133
5,emotion_induction_1,CRADK,HRSD_24.1,HRSD24,full,RobustScaler,CatBoost,48,12,10,0.2035,8.7846,9.6567,0.2571,-0.7962,0.028
