fold,phase,condition,target,target_short,features,scaler,model,n_train,n_test,n_features,CCC,MAE,RMSE,Pearson_r,R2,Spearman_r
1,latency,CRADK,phq_8,PHQ8,cross-corpus-882,StandardScaler,Ridge,48,13,5,0.0572,7.2624,11.6877,0.0639,-2.0996,0.2345
1,latency,CRADK,phq_8,PHQ8,cross-corpus-882,StandardScaler,Lasso,48,13,5,0.0601,7.1053,11.1445,0.0656,-1.8182,0.2345
1,latency,CRADK,phq_8,PHQ8,cross-corpus-882,StandardScaler,ElasticNet,48,13,5,0.0849,6.6034,9.7935,0.0885,-1.1763,0.2759
1,latency,CRADK,phq_8,PHQ8,cross-corpus-882,StandardScaler,SVR,48,13,5,0.0614,5.1959,7.1342,0.0799,-0.1549,0.1628
1,latency,CRADK,phq_8,PHQ8,cross-corpus-882,StandardScaler,KNN,48,13,5,0.1659,5.2769,6.6926,0.2241,-0.0163,0.2819
1,latency,CRADK,phq_8,PHQ8,cross-corpus-882,StandardScaler,RF,48,13,5,0.1094,5.2023,6.6848,0.1675,-0.014,0.2593
1,latency,CRADK,phq_8,PHQ8,cross-corpus-882,StandardScaler,ET,48,13,5,0.1548,4.7623,6.5254,0.2346,0.0338,0.2731
1,latency,CRADK,phq_8,PHQ8,cross-corpus-882,StandardScaler,GB,48,13,5,0.0662,5.6178,7.2094,0.083,-0.1794,-0.0083
1,latency,CRADK,phq_8,PHQ8,cross-corpus-882,StandardScaler,XGB,48,13,5,0.2129,4.93,6.5884,0.2815,0.0151,0.2483
1,latency,CRADK,phq_8,PHQ8,cross-corpus-882,StandardScaler,MLP,48,13,5,0.0242,9.1311,17.0566,0.0345,-5.6013,0.1655
1,latency,CRADK,phq_8,PHQ8,cross-corpus-882,StandardScaler,LGBM,48,13,5,0.2078,5.1064,6.4037,0.2938,0.0695,0.2552
1,latency,CRADK,phq_8,PHQ8,cross-corpus-882,StandardScaler,CatBoost,48,13,5,0.2005,5.1461,6.479,0.273,0.0475,0.3117
1,latency,CRADK,phq_8,PHQ8,cross-corpus-882,MinMaxScaler,Ridge,48,13,15,0.0621,5.1775,6.7209,0.1166,-0.025,0.16
1,latency,CRADK,phq_8,PHQ8,cross-corpus-882,MinMaxScaler,Lasso,48,13,15,0.1663,4.7618,6.2605,0.3585,0.1107,0.3393
1,latency,CRADK,phq_8,PHQ8,cross-corpus-882,MinMaxScaler,ElasticNet,48,13,15,0.0403,5.6424,7.1928,0.0539,-0.1739,0.1517
1,latency,CRADK,phq_8,PHQ8,cross-corpus-882,MinMaxScaler,SVR,48,13,15,0.2731,5.6588,6.4167,0.3294,0.0657,0.1159
1,latency,CRADK,phq_8,PHQ8,cross-corpus-882,MinMaxScaler,KNN,48,13,15,0.0363,5.6154,7.0195,0.0536,-0.118,0.0921
1,latency,CRADK,phq_8,PHQ8,cross-corpus-882,MinMaxScaler,RF,48,13,15,0.1299,5.1077,6.3487,0.3042,0.0854,0.2731
1,latency,CRADK,phq_8,PHQ8,cross-corpus-882,MinMaxScaler,ET,48,13,15,0.1966,4.6346,6.0371,0.596,0.173,0.6041
1,latency,CRADK,phq_8,PHQ8,cross-corpus-882,MinMaxScaler,GB,48,13,15,0.1618,5.7591,6.7657,0.2059,-0.0387,0.1048
1,latency,CRADK,phq_8,PHQ8,cross-corpus-882,MinMaxScaler,XGB,48,13,15,0.0968,5.7009,7.0501,0.1224,-0.1278,0.1517
1,latency,CRADK,phq_8,PHQ8,cross-corpus-882,MinMaxScaler,MLP,48,13,15,0.0249,5.1143,6.7811,0.053,-0.0434,0.0386
1,latency,CRADK,phq_8,PHQ8,cross-corpus-882,MinMaxScaler,LGBM,48,13,15,0.1093,5.4042,6.7475,0.1624,-0.0331,0.1297
1,latency,CRADK,phq_8,PHQ8,cross-corpus-882,MinMaxScaler,CatBoost,48,13,15,0.2241,5.0294,6.213,0.3558,0.1241,0.3724
1,latency,CRADK,phq_8,PHQ8,cross-corpus-882,RobustScaler,Ridge,48,13,5,0.0328,4.9995,6.647,0.1022,-0.0025,0.0166
1,latency,CRADK,phq_8,PHQ8,cross-corpus-882,RobustScaler,Lasso,48,13,5,0.0805,4.8782,6.529,0.2011,0.0327,0.0497
1,latency,CRADK,phq_8,PHQ8,cross-corpus-882,RobustScaler,ElasticNet,48,13,5,-0.0135,5.1008,6.7414,-0.0732,-0.0312,-0.1103
1,latency,CRADK,phq_8,PHQ8,cross-corpus-882,RobustScaler,SVR,48,13,5,-0.197,6.1445,7.7549,-0.312,-0.3646,-0.3614
1,latency,CRADK,phq_8,PHQ8,cross-corpus-882,RobustScaler,KNN,48,13,5,0.07,5.4359,6.9945,0.0949,-0.1101,0.1494
1,latency,CRADK,phq_8,PHQ8,cross-corpus-882,RobustScaler,RF,48,13,5,0.1014,5.0761,6.501,0.2124,0.041,0.0276
1,latency,CRADK,phq_8,PHQ8,cross-corpus-882,RobustScaler,ET,48,13,5,0.1626,4.8569,6.298,0.32,0.1,0.3117
1,latency,CRADK,phq_8,PHQ8,cross-corpus-882,RobustScaler,GB,48,13,5,0.0572,5.7341,6.8951,0.0862,-0.0788,-0.0938
1,latency,CRADK,phq_8,PHQ8,cross-corpus-882,RobustScaler,XGB,48,13,5,0.3449,4.3623,5.8939,0.4628,0.2118,0.4552
1,latency,CRADK,phq_8,PHQ8,cross-corpus-882,RobustScaler,MLP,48,13,5,0.0384,5.2721,7.1771,0.0562,-0.1688,-0.1241
1,latency,CRADK,phq_8,PHQ8,cross-corpus-882,RobustScaler,LGBM,48,13,5,0.2819,4.7493,5.8176,0.587,0.232,0.4606
1,latency,CRADK,phq_8,PHQ8,cross-corpus-882,RobustScaler,CatBoost,48,13,5,0.1772,4.8152,6.2075,0.3762,0.1257,0.2786
2,latency,CRADK,phq_8,PHQ8,cross-corpus-882,StandardScaler,Ridge,49,12,5,0.0576,9.6184,12.4682,0.0807,-4.0692,-0.049
2,latency,CRADK,phq_8,PHQ8,cross-corpus-882,StandardScaler,Lasso,49,12,5,0.0576,10.6142,13.8849,0.0872,-5.2867,-0.0771
2,latency,CRADK,phq_8,PHQ8,cross-corpus-882,StandardScaler,ElasticNet,49,12,5,0.0569,10.294,13.4473,0.0841,-4.8966,-0.049
2,latency,CRADK,phq_8,PHQ8,cross-corpus-882,StandardScaler,SVR,49,12,5,-0.2054,6.0577,6.9608,-0.4163,-0.58,-0.5079
2,latency,CRADK,phq_8,PHQ8,cross-corpus-882,StandardScaler,KNN,49,12,5,-0.0875,5.3148,6.6131,-0.1277,-0.4261,-0.3363
2,latency,CRADK,phq_8,PHQ8,cross-corpus-882,StandardScaler,RF,49,12,5,-0.181,5.5242,6.8256,-0.298,-0.5192,-0.2697
2,latency,CRADK,phq_8,PHQ8,cross-corpus-882,StandardScaler,ET,49,12,5,-0.0903,5.4858,7.0979,-0.124,-0.6428,-0.1856
2,latency,CRADK,phq_8,PHQ8,cross-corpus-882,StandardScaler,GB,49,12,5,-0.1354,6.047,7.8349,-0.1522,-1.0017,-0.2382
2,latency,CRADK,phq_8,PHQ8,cross-corpus-882,StandardScaler,XGB,49,12,5,-0.1716,5.9614,7.4537,-0.194,-0.8117,-0.3818
2,latency,CRADK,phq_8,PHQ8,cross-corpus-882,StandardScaler,MLP,49,12,5,0.0197,11.893,19.5513,0.0426,-11.4648,0.1121
2,latency,CRADK,phq_8,PHQ8,cross-corpus-882,StandardScaler,LGBM,49,12,5,-0.0904,6.0446,6.7828,-0.1282,-0.5002,0.1143
2,latency,CRADK,phq_8,PHQ8,cross-corpus-882,StandardScaler,CatBoost,49,12,5,0.0173,4.9642,6.294,0.0323,-0.2918,-0.0946
2,latency,CRADK,phq_8,PHQ8,cross-corpus-882,MinMaxScaler,Ridge,49,12,5,0.0696,10.971,14.5596,0.1105,-5.9124,-0.049
2,latency,CRADK,phq_8,PHQ8,cross-corpus-882,MinMaxScaler,Lasso,49,12,5,0.0631,11.211,15.0505,0.103,-6.3865,-0.0771
2,latency,CRADK,phq_8,PHQ8,cross-corpus-882,MinMaxScaler,ElasticNet,49,12,5,0.0816,10.0518,12.8948,0.1175,-4.4221,-0.007
2,latency,CRADK,phq_8,PHQ8,cross-corpus-882,MinMaxScaler,SVR,49,12,5,-0.03,6.2784,8.414,-0.0387,-1.3085,-0.0806
2,latency,CRADK,phq_8,PHQ8,cross-corpus-882,MinMaxScaler,KNN,49,12,5,0.1272,5.2037,6.2457,0.1688,-0.272,-0.0211
2,latency,CRADK,phq_8,PHQ8,cross-corpus-882,MinMaxScaler,RF,49,12,5,0.1261,4.8667,6.3403,0.1717,-0.3109,0.0632
2,latency,CRADK,phq_8,PHQ8,cross-corpus-882,MinMaxScaler,ET,49,12,5,0.064,5.6717,7.419,0.0872,-0.7949,0.0911
2,latency,CRADK,phq_8,PHQ8,cross-corpus-882,MinMaxScaler,GB,49,12,5,0.0766,5.4854,7.3995,0.105,-0.7854,0.0736
2,latency,CRADK,phq_8,PHQ8,cross-corpus-882,MinMaxScaler,XGB,49,12,5,0.104,5.0665,6.7591,0.1265,-0.4898,-0.1436
2,latency,CRADK,phq_8,PHQ8,cross-corpus-882,MinMaxScaler,MLP,49,12,5,0.0341,10.2065,14.7723,0.0579,-6.1159,0.021
2,latency,CRADK,phq_8,PHQ8,cross-corpus-882,MinMaxScaler,LGBM,49,12,5,0.2117,5.3649,5.9239,0.2599,-0.1443,0.3304
2,latency,CRADK,phq_8,PHQ8,cross-corpus-882,MinMaxScaler,CatBoost,49,12,5,0.191,4.935,6.3373,0.2696,-0.3096,0.1051
2,latency,CRADK,phq_8,PHQ8,cross-corpus-882,RobustScaler,Ridge,49,12,5,0.0574,9.8804,11.8198,0.0734,-3.5557,-0.1191
2,latency,CRADK,phq_8,PHQ8,cross-corpus-882,RobustScaler,Lasso,49,12,5,0.0584,10.0159,12.0937,0.0764,-3.7692,-0.1191
2,latency,CRADK,phq_8,PHQ8,cross-corpus-882,RobustScaler,ElasticNet,49,12,5,-0.0008,7.4628,9.3425,-0.0009,-1.8461,0.1226
2,latency,CRADK,phq_8,PHQ8,cross-corpus-882,RobustScaler,SVR,49,12,5,-0.093,5.4079,6.0966,-0.2414,-0.212,-0.3538
2,latency,CRADK,phq_8,PHQ8,cross-corpus-882,RobustScaler,KNN,49,12,5,-0.146,5.8519,6.6151,-0.1889,-0.4269,-0.1786
2,latency,CRADK,phq_8,PHQ8,cross-corpus-882,RobustScaler,RF,49,12,5,-0.2731,5.9183,7.2156,-0.4476,-0.6978,-0.4168
2,latency,CRADK,phq_8,PHQ8,cross-corpus-882,RobustScaler,ET,49,12,5,-0.1252,5.7183,7.2899,-0.1644,-0.7329,-0.2697
2,latency,CRADK,phq_8,PHQ8,cross-corpus-882,RobustScaler,GB,49,12,5,-0.1769,6.1922,7.8302,-0.2089,-0.9993,-0.3573
2,latency,CRADK,phq_8,PHQ8,cross-corpus-882,RobustScaler,XGB,49,12,5,-0.2612,6.1559,7.3836,-0.307,-0.7777,-0.4483
2,latency,CRADK,phq_8,PHQ8,cross-corpus-882,RobustScaler,MLP,49,12,5,0.0119,5.9121,6.9218,0.0136,-0.5623,0.014
2,latency,CRADK,phq_8,PHQ8,cross-corpus-882,RobustScaler,LGBM,49,12,5,0.0657,5.599,6.2761,0.0872,-0.2844,0.2332
2,latency,CRADK,phq_8,PHQ8,cross-corpus-882,RobustScaler,CatBoost,49,12,5,-0.0382,5.4388,6.6927,-0.072,-0.4606,-0.1716
3,latency,CRADK,phq_8,PHQ8,cross-corpus-882,StandardScaler,Ridge,49,12,5,-0.1039,5.0614,6.0535,-0.1588,-0.2899,-0.1579
3,latency,CRADK,phq_8,PHQ8,cross-corpus-882,StandardScaler,Lasso,49,12,5,-0.1025,5.054,6.0507,-0.1577,-0.2887,-0.1579
3,latency,CRADK,phq_8,PHQ8,cross-corpus-882,StandardScaler,ElasticNet,49,12,5,-0.1012,5.073,6.0468,-0.157,-0.287,-0.1579
3,latency,CRADK,phq_8,PHQ8,cross-corpus-882,StandardScaler,SVR,49,12,5,-0.2006,5.4521,6.2137,-0.3214,-0.359,-0.3298
3,latency,CRADK,phq_8,PHQ8,cross-corpus-882,StandardScaler,KNN,49,12,5,-0.0161,5.6111,6.5504,-0.0192,-0.5103,-0.0423
3,latency,CRADK,phq_8,PHQ8,cross-corpus-882,StandardScaler,RF,49,12,5,0.0226,5.3376,6.3917,0.032,-0.438,-0.0351
3,latency,CRADK,phq_8,PHQ8,cross-corpus-882,StandardScaler,ET,49,12,5,0.0256,5.3634,6.2882,0.0368,-0.3918,0.1158
3,latency,CRADK,phq_8,PHQ8,cross-corpus-882,StandardScaler,GB,49,12,5,0.1333,6.0833,7.8222,0.1695,-1.1537,0.0105
3,latency,CRADK,phq_8,PHQ8,cross-corpus-882,StandardScaler,XGB,49,12,5,0.1578,5.7436,7.3069,0.2002,-0.8793,0.1895
3,latency,CRADK,phq_8,PHQ8,cross-corpus-882,StandardScaler,MLP,49,12,5,-0.3479,6.1969,7.4541,-0.376,-0.9558,-0.414
3,latency,CRADK,phq_8,PHQ8,cross-corpus-882,StandardScaler,LGBM,49,12,5,-0.0278,4.9944,6.3372,-0.0375,-0.4136,0.1237
3,latency,CRADK,phq_8,PHQ8,cross-corpus-882,StandardScaler,CatBoost,49,12,5,0.0473,5.2443,6.2341,0.0577,-0.368,0.1018
3,latency,CRADK,phq_8,PHQ8,cross-corpus-882,MinMaxScaler,Ridge,49,12,10,-0.0057,5.22,5.8174,-0.0116,-0.1912,-0.0912
3,latency,CRADK,phq_8,PHQ8,cross-corpus-882,MinMaxScaler,Lasso,49,12,10,0.01,5.0265,5.7054,0.022,-0.1458,-0.0632
3,latency,CRADK,phq_8,PHQ8,cross-corpus-882,MinMaxScaler,ElasticNet,49,12,10,0.0083,5.0662,5.742,0.0256,-0.1605,-0.0702
3,latency,CRADK,phq_8,PHQ8,cross-corpus-882,MinMaxScaler,SVR,49,12,10,0.0163,5.4235,6.082,0.0233,-0.302,0.0035
3,latency,CRADK,phq_8,PHQ8,cross-corpus-882,MinMaxScaler,KNN,49,12,10,0.0721,5.3833,5.9011,0.0928,-0.2258,-0.1895
3,latency,CRADK,phq_8,PHQ8,cross-corpus-882,MinMaxScaler,RF,49,12,10,0.0536,4.9435,6.1603,0.0907,-0.3358,0.0947
3,latency,CRADK,phq_8,PHQ8,cross-corpus-882,MinMaxScaler,ET,49,12,10,-0.0024,5.3017,6.0899,-0.0043,-0.3055,-0.0912
3,latency,CRADK,phq_8,PHQ8,cross-corpus-882,MinMaxScaler,GB,49,12,10,0.2034,4.6912,5.8719,0.28,-0.2136,0.2386
3,latency,CRADK,phq_8,PHQ8,cross-corpus-882,MinMaxScaler,XGB,49,12,10,0.1199,5.1827,6.6291,0.1644,-0.5468,0.1018
3,latency,CRADK,phq_8,PHQ8,cross-corpus-882,MinMaxScaler,MLP,49,12,10,0.083,4.8804,5.6656,0.1921,-0.1299,0.2281
3,latency,CRADK,phq_8,PHQ8,cross-corpus-882,MinMaxScaler,LGBM,49,12,10,-0.0357,4.9595,6.3409,-0.0545,-0.4153,-0.0106
3,latency,CRADK,phq_8,PHQ8,cross-corpus-882,MinMaxScaler,CatBoost,49,12,10,0.1106,5.0515,6.2334,0.1704,-0.3677,0.0772
3,latency,CRADK,phq_8,PHQ8,cross-corpus-882,RobustScaler,Ridge,49,12,10,0.0504,4.6998,5.4641,0.2089,-0.0509,0.1614
3,latency,CRADK,phq_8,PHQ8,cross-corpus-882,RobustScaler,Lasso,49,12,10,0.0138,4.6022,5.592,0.0471,-0.1007,-0.0561
3,latency,CRADK,phq_8,PHQ8,cross-corpus-882,RobustScaler,ElasticNet,49,12,10,0.0542,4.697,5.4646,0.1817,-0.0511,0.0982
3,latency,CRADK,phq_8,PHQ8,cross-corpus-882,RobustScaler,SVR,49,12,10,-0.1287,5.3717,6.2107,-0.2093,-0.3577,-0.1895
3,latency,CRADK,phq_8,PHQ8,cross-corpus-882,RobustScaler,KNN,49,12,10,0.1885,4.1667,5.2845,0.2507,0.017,0.1479
3,latency,CRADK,phq_8,PHQ8,cross-corpus-882,RobustScaler,RF,49,12,10,0.1425,4.8525,5.7262,0.2438,-0.1542,0.1789
3,latency,CRADK,phq_8,PHQ8,cross-corpus-882,RobustScaler,ET,49,12,10,0.0649,5.0408,5.6449,0.1279,-0.1216,0.0105
3,latency,CRADK,phq_8,PHQ8,cross-corpus-882,RobustScaler,GB,49,12,10,0.2487,4.4503,5.5729,0.3836,-0.0932,0.3298
3,latency,CRADK,phq_8,PHQ8,cross-corpus-882,RobustScaler,XGB,49,12,10,0.2357,4.9205,6.2145,0.3164,-0.3594,0.3789
3,latency,CRADK,phq_8,PHQ8,cross-corpus-882,RobustScaler,MLP,49,12,10,-0.0968,5.9923,6.783,-0.1038,-0.6195,-0.1263
3,latency,CRADK,phq_8,PHQ8,cross-corpus-882,RobustScaler,LGBM,49,12,10,0.0702,4.5317,5.8525,0.1143,-0.2056,0.0318
3,latency,CRADK,phq_8,PHQ8,cross-corpus-882,RobustScaler,CatBoost,49,12,10,0.026,5.0825,5.8658,0.0473,-0.2111,0.0105
4,latency,CRADK,phq_8,PHQ8,cross-corpus-882,StandardScaler,Ridge,49,12,10,0.2576,4.5169,5.4244,0.3964,0.1149,0.4316
4,latency,CRADK,phq_8,PHQ8,cross-corpus-882,StandardScaler,Lasso,49,12,10,0.3155,4.4169,5.3186,0.4457,0.1491,0.4597
4,latency,CRADK,phq_8,PHQ8,cross-corpus-882,StandardScaler,ElasticNet,49,12,10,0.2951,4.4589,5.3693,0.4243,0.1328,0.4597
4,latency,CRADK,phq_8,PHQ8,cross-corpus-882,StandardScaler,SVR,49,12,10,0.3796,4.1885,5.0018,0.523,0.2474,0.4982
4,latency,CRADK,phq_8,PHQ8,cross-corpus-882,StandardScaler,KNN,49,12,10,0.2737,4.8333,5.5588,0.364,0.0705,0.3568
4,latency,CRADK,phq_8,PHQ8,cross-corpus-882,StandardScaler,RF,49,12,10,0.1325,4.7437,5.6991,0.2469,0.023,0.2281
4,latency,CRADK,phq_8,PHQ8,cross-corpus-882,StandardScaler,ET,49,12,10,0.2316,4.4858,5.3218,0.4341,0.148,0.407
4,latency,CRADK,phq_8,PHQ8,cross-corpus-882,StandardScaler,GB,49,12,10,0.2204,4.7034,5.6148,0.3221,0.0517,0.3123
4,latency,CRADK,phq_8,PHQ8,cross-corpus-882,StandardScaler,XGB,49,12,10,0.136,4.8333,6.0215,0.1763,-0.0907,0.2526
4,latency,CRADK,phq_8,PHQ8,cross-corpus-882,StandardScaler,MLP,49,12,10,0.2635,5.1143,5.9143,0.3461,-0.0522,0.2772
4,latency,CRADK,phq_8,PHQ8,cross-corpus-882,StandardScaler,LGBM,49,12,10,-0.02,5.173,6.1788,-0.0318,-0.1484,-0.007
4,latency,CRADK,phq_8,PHQ8,cross-corpus-882,StandardScaler,CatBoost,49,12,10,0.1568,4.8453,5.5273,0.3011,0.081,0.3333
4,latency,CRADK,phq_8,PHQ8,cross-corpus-882,MinMaxScaler,Ridge,49,12,10,0.215,4.586,5.8803,0.279,-0.0401,0.3123
4,latency,CRADK,phq_8,PHQ8,cross-corpus-882,MinMaxScaler,Lasso,49,12,10,0.1758,4.7074,5.8949,0.2525,-0.0453,0.2561
4,latency,CRADK,phq_8,PHQ8,cross-corpus-882,MinMaxScaler,ElasticNet,49,12,10,0.194,4.6465,5.9109,0.2571,-0.051,0.2877
4,latency,CRADK,phq_8,PHQ8,cross-corpus-882,MinMaxScaler,SVR,49,12,10,0.2704,4.7154,5.6242,0.3835,0.0485,0.4421
4,latency,CRADK,phq_8,PHQ8,cross-corpus-882,MinMaxScaler,KNN,49,12,10,0.1318,5.9722,6.8631,0.2119,-0.4169,0.1761
4,latency,CRADK,phq_8,PHQ8,cross-corpus-882,MinMaxScaler,RF,49,12,10,0.156,4.7892,5.6982,0.2512,0.0233,0.207
4,latency,CRADK,phq_8,PHQ8,cross-corpus-882,MinMaxScaler,ET,49,12,10,0.1603,4.7292,5.5846,0.3033,0.0618,0.2912
4,latency,CRADK,phq_8,PHQ8,cross-corpus-882,MinMaxScaler,GB,49,12,10,0.3361,4.285,5.2724,0.4215,0.1638,0.4316
4,latency,CRADK,phq_8,PHQ8,cross-corpus-882,MinMaxScaler,XGB,49,12,10,0.1806,4.906,6.1738,0.2002,-0.1466,0.1649
4,latency,CRADK,phq_8,PHQ8,cross-corpus-882,MinMaxScaler,MLP,49,12,10,0.2089,4.6515,5.6512,0.2949,0.0393,0.2702
4,latency,CRADK,phq_8,PHQ8,cross-corpus-882,MinMaxScaler,LGBM,49,12,10,0.1749,4.5375,5.692,0.2449,0.0254,0.2316
4,latency,CRADK,phq_8,PHQ8,cross-corpus-882,MinMaxScaler,CatBoost,49,12,10,0.2284,4.661,5.3995,0.362,0.123,0.2912
4,latency,CRADK,phq_8,PHQ8,cross-corpus-882,RobustScaler,Ridge,49,12,10,0.1965,4.6184,5.5892,0.3141,0.0603,0.3544
4,latency,CRADK,phq_8,PHQ8,cross-corpus-882,RobustScaler,Lasso,49,12,10,0.3005,4.3823,5.3019,0.4355,0.1544,0.4842
4,latency,CRADK,phq_8,PHQ8,cross-corpus-882,RobustScaler,ElasticNet,49,12,10,0.0546,5.0188,5.882,0.1175,-0.0407,0.1719
4,latency,CRADK,phq_8,PHQ8,cross-corpus-882,RobustScaler,SVR,49,12,10,0.078,5.5306,6.1664,0.1105,-0.1438,0.2175
4,latency,CRADK,phq_8,PHQ8,cross-corpus-882,RobustScaler,KNN,49,12,10,-0.1456,5.8452,6.5964,-0.2979,-0.3089,-0.2724
4,latency,CRADK,phq_8,PHQ8,cross-corpus-882,RobustScaler,RF,49,12,10,0.0614,4.9881,5.9754,0.1042,-0.0741,0.1719
4,latency,CRADK,phq_8,PHQ8,cross-corpus-882,RobustScaler,ET,49,12,10,0.1764,4.5142,5.4598,0.3626,0.1033,0.3649
4,latency,CRADK,phq_8,PHQ8,cross-corpus-882,RobustScaler,GB,49,12,10,0.2509,4.7028,5.597,0.3413,0.0577,0.3684
4,latency,CRADK,phq_8,PHQ8,cross-corpus-882,RobustScaler,XGB,49,12,10,0.1342,4.9214,6.0526,0.1834,-0.102,0.1579
4,latency,CRADK,phq_8,PHQ8,cross-corpus-882,RobustScaler,MLP,49,12,10,0.3564,4.6451,5.4912,0.4514,0.0929,0.4982
4,latency,CRADK,phq_8,PHQ8,cross-corpus-882,RobustScaler,LGBM,49,12,10,-0.0301,5.2108,6.1596,-0.0512,-0.1413,-0.0456
4,latency,CRADK,phq_8,PHQ8,cross-corpus-882,RobustScaler,CatBoost,49,12,10,0.0944,5.0725,5.8118,0.1602,-0.0161,0.1088
5,latency,CRADK,phq_8,PHQ8,cross-corpus-882,StandardScaler,Ridge,49,12,10,-0.1741,6.5958,7.5022,-0.1783,-1.7909,-0.1094
5,latency,CRADK,phq_8,PHQ8,cross-corpus-882,StandardScaler,Lasso,49,12,10,-0.2015,7.5523,8.7654,-0.2178,-2.8098,-0.1164
5,latency,CRADK,phq_8,PHQ8,cross-corpus-882,StandardScaler,ElasticNet,49,12,10,-0.1875,7.0705,8.0974,-0.1962,-2.2513,-0.1094
5,latency,CRADK,phq_8,PHQ8,cross-corpus-882,StandardScaler,SVR,49,12,10,0.0281,4.1734,4.916,0.0363,-0.1984,0.0282
5,latency,CRADK,phq_8,PHQ8,cross-corpus-882,StandardScaler,KNN,49,12,10,-0.1196,4.8214,5.645,-0.1342,-0.5801,-0.4382
5,latency,CRADK,phq_8,PHQ8,cross-corpus-882,StandardScaler,RF,49,12,10,-0.238,5.0799,5.8837,-0.2671,-0.7166,-0.3386
5,latency,CRADK,phq_8,PHQ8,cross-corpus-882,StandardScaler,ET,49,12,10,-0.098,4.4875,5.6666,-0.1075,-0.5923,-0.1305
5,latency,CRADK,phq_8,PHQ8,cross-corpus-882,StandardScaler,GB,49,12,10,-0.2155,6.0573,7.6816,-0.2355,-1.926,-0.2646
5,latency,CRADK,phq_8,PHQ8,cross-corpus-882,StandardScaler,XGB,49,12,10,-0.2513,6.3029,7.6793,-0.2715,-1.9242,-0.2822
5,latency,CRADK,phq_8,PHQ8,cross-corpus-882,StandardScaler,MLP,49,12,10,0.0097,5.0395,5.7434,0.01,-0.6357,0.06
5,latency,CRADK,phq_8,PHQ8,cross-corpus-882,StandardScaler,LGBM,49,12,10,-0.11,5.1102,5.6925,-0.1191,-0.6068,-0.1664
5,latency,CRADK,phq_8,PHQ8,cross-corpus-882,StandardScaler,CatBoost,49,12,10,-0.2419,5.0888,6.0157,-0.2645,-0.7945,-0.3281
5,latency,CRADK,phq_8,PHQ8,cross-corpus-882,MinMaxScaler,Ridge,49,12,5,-0.135,4.7363,5.5424,-0.1568,-0.5232,-0.0811
5,latency,CRADK,phq_8,PHQ8,cross-corpus-882,MinMaxScaler,Lasso,49,12,5,-0.1317,4.5884,5.5836,-0.1492,-0.546,-0.0035
5,latency,CRADK,phq_8,PHQ8,cross-corpus-882,MinMaxScaler,ElasticNet,49,12,5,-0.1332,4.7909,5.7696,-0.146,-0.6507,-0.0388
5,latency,CRADK,phq_8,PHQ8,cross-corpus-882,MinMaxScaler,SVR,49,12,5,0.1531,4.1045,5.2943,0.1574,-0.3899,0.134
5,latency,CRADK,phq_8,PHQ8,cross-corpus-882,MinMaxScaler,KNN,49,12,5,-0.0333,3.6944,5.2537,-0.045,-0.3687,-0.0053
5,latency,CRADK,phq_8,PHQ8,cross-corpus-882,MinMaxScaler,RF,49,12,5,0.143,3.8883,4.8443,0.1668,-0.1637,0.2399
5,latency,CRADK,phq_8,PHQ8,cross-corpus-882,MinMaxScaler,ET,49,12,5,-0.1093,4.3292,5.3122,-0.1353,-0.3993,-0.0988
5,latency,CRADK,phq_8,PHQ8,cross-corpus-882,MinMaxScaler,GB,49,12,5,0.0686,4.9362,6.494,0.0697,-1.0912,0.1834
5,latency,CRADK,phq_8,PHQ8,cross-corpus-882,MinMaxScaler,XGB,49,12,5,0.0895,4.5302,6.501,0.0912,-1.0957,0.2011
5,latency,CRADK,phq_8,PHQ8,cross-corpus-882,MinMaxScaler,MLP,49,12,5,-0.1285,4.8056,5.4568,-0.1532,-0.4765,-0.1058
5,latency,CRADK,phq_8,PHQ8,cross-corpus-882,MinMaxScaler,LGBM,49,12,5,0.1569,3.8983,4.8341,0.1775,-0.1588,0.1406
5,latency,CRADK,phq_8,PHQ8,cross-corpus-882,MinMaxScaler,CatBoost,49,12,5,-0.04,4.4958,5.8367,-0.0412,-0.6893,0.0988
5,latency,CRADK,phq_8,PHQ8,cross-corpus-882,RobustScaler,Ridge,49,12,5,-0.2371,6.1427,8.7275,-0.2584,-2.7769,-0.0035
5,latency,CRADK,phq_8,PHQ8,cross-corpus-882,RobustScaler,Lasso,49,12,5,-0.2372,6.0835,8.6128,-0.2567,-2.6784,-0.0035
5,latency,CRADK,phq_8,PHQ8,cross-corpus-882,RobustScaler,ElasticNet,49,12,5,-0.2334,5.9663,8.412,-0.2498,-2.5088,0.0106
5,latency,CRADK,phq_8,PHQ8,cross-corpus-882,RobustScaler,SVR,49,12,5,0.2101,4.6274,6.2308,0.2153,-0.9251,0.2222
5,latency,CRADK,phq_8,PHQ8,cross-corpus-882,RobustScaler,KNN,49,12,5,0.0666,4.1204,4.9929,0.0777,-0.2361,0.1799
5,latency,CRADK,phq_8,PHQ8,cross-corpus-882,RobustScaler,RF,49,12,5,-0.2665,4.9575,5.9869,-0.3118,-0.7773,-0.2363
5,latency,CRADK,phq_8,PHQ8,cross-corpus-882,RobustScaler,ET,49,12,5,-0.1728,5.1275,6.3859,-0.1796,-1.0222,-0.0847
5,latency,CRADK,phq_8,PHQ8,cross-corpus-882,RobustScaler,GB,49,12,5,-0.2652,6.3593,8.4051,-0.2811,-2.5031,-0.2399
5,latency,CRADK,phq_8,PHQ8,cross-corpus-882,RobustScaler,XGB,49,12,5,-0.3542,5.8329,7.8754,-0.3612,-2.0754,-0.2258
5,latency,CRADK,phq_8,PHQ8,cross-corpus-882,RobustScaler,MLP,49,12,5,-0.1101,5.3766,7.0384,-0.1138,-1.4565,0.0106
5,latency,CRADK,phq_8,PHQ8,cross-corpus-882,RobustScaler,LGBM,49,12,5,-0.3329,5.0123,5.9663,-0.4307,-0.7651,-0.4135
5,latency,CRADK,phq_8,PHQ8,cross-corpus-882,RobustScaler,CatBoost,49,12,5,-0.313,5.4079,6.758,-0.3284,-1.2647,-0.2787
1,latency,CRADK,ads.1,CES-D,cross-corpus-882,StandardScaler,Ridge,49,13,10,-0.3835,15.8962,18.9042,-0.4401,-0.8566,-0.3242
1,latency,CRADK,ads.1,CES-D,cross-corpus-882,StandardScaler,Lasso,49,13,10,-0.3912,15.8428,18.9119,-0.4511,-0.8581,-0.3077
1,latency,CRADK,ads.1,CES-D,cross-corpus-882,StandardScaler,ElasticNet,49,13,10,-0.3997,15.5626,18.7795,-0.4712,-0.8322,-0.2198
1,latency,CRADK,ads.1,CES-D,cross-corpus-882,StandardScaler,SVR,49,13,10,-0.0593,13.2805,14.8622,-0.1312,-0.1475,-0.0385
1,latency,CRADK,ads.1,CES-D,cross-corpus-882,StandardScaler,KNN,49,13,10,-0.0564,13.3328,14.7706,-0.1131,-0.1334,-0.055
1,latency,CRADK,ads.1,CES-D,cross-corpus-882,StandardScaler,RF,49,13,10,-0.302,15.1356,16.9447,-0.4923,-0.4917,-0.4505
1,latency,CRADK,ads.1,CES-D,cross-corpus-882,StandardScaler,ET,49,13,10,-0.1235,13.7367,15.2663,-0.249,-0.2108,-0.2088
1,latency,CRADK,ads.1,CES-D,cross-corpus-882,StandardScaler,GB,49,13,10,-0.4078,16.8143,18.8834,-0.4872,-0.8525,-0.467
1,latency,CRADK,ads.1,CES-D,cross-corpus-882,StandardScaler,XGB,49,13,10,-0.412,17.9366,19.7697,-0.449,-1.0305,-0.3901
1,latency,CRADK,ads.1,CES-D,cross-corpus-882,StandardScaler,MLP,49,13,10,0.0486,13.5021,15.1212,0.0618,-0.1879,-0.1099
1,latency,CRADK,ads.1,CES-D,cross-corpus-882,StandardScaler,LGBM,49,13,10,-0.3169,15.4979,17.2949,-0.5254,-0.554,-0.4945
1,latency,CRADK,ads.1,CES-D,cross-corpus-882,StandardScaler,CatBoost,49,13,10,-0.2726,15.5545,17.5,-0.3491,-0.591,-0.4121
1,latency,CRADK,ads.1,CES-D,cross-corpus-882,MinMaxScaler,Ridge,49,13,10,-0.4607,15.9177,19.1817,-0.5437,-0.9115,-0.2967
1,latency,CRADK,ads.1,CES-D,cross-corpus-882,MinMaxScaler,Lasso,49,13,10,-0.4836,16.1885,19.7969,-0.5441,-1.0361,-0.3077
1,latency,CRADK,ads.1,CES-D,cross-corpus-882,MinMaxScaler,ElasticNet,49,13,10,-0.4565,15.8648,19.0946,-0.5428,-0.8942,-0.2967
1,latency,CRADK,ads.1,CES-D,cross-corpus-882,MinMaxScaler,SVR,49,13,10,-0.2591,14.0766,16.3634,-0.4483,-0.3911,-0.3352
1,latency,CRADK,ads.1,CES-D,cross-corpus-882,MinMaxScaler,KNN,49,13,10,-0.0937,13.5983,14.8801,-0.221,-0.1503,-0.3462
1,latency,CRADK,ads.1,CES-D,cross-corpus-882,MinMaxScaler,RF,49,13,10,-0.1965,14.6943,16.0834,-0.4039,-0.3439,-0.2912
1,latency,CRADK,ads.1,CES-D,cross-corpus-882,MinMaxScaler,ET,49,13,10,-0.0757,14.0572,15.0586,-0.1462,-0.1781,-0.1484
1,latency,CRADK,ads.1,CES-D,cross-corpus-882,MinMaxScaler,GB,49,13,10,-0.1317,15.3861,16.6622,-0.1687,-0.4423,-0.2253
1,latency,CRADK,ads.1,CES-D,cross-corpus-882,MinMaxScaler,XGB,49,13,10,-0.3293,16.8504,19.0705,-0.3916,-0.8894,-0.2308
1,latency,CRADK,ads.1,CES-D,cross-corpus-882,MinMaxScaler,MLP,49,13,10,-0.0998,13.2909,15.0737,-0.2601,-0.1804,-0.1209
1,latency,CRADK,ads.1,CES-D,cross-corpus-882,MinMaxScaler,LGBM,49,13,10,-0.3441,16.2187,17.272,-0.5907,-0.5498,-0.5165
1,latency,CRADK,ads.1,CES-D,cross-corpus-882,MinMaxScaler,CatBoost,49,13,10,-0.2763,15.5753,17.2455,-0.4045,-0.5451,-0.3956
1,latency,CRADK,ads.1,CES-D,cross-corpus-882,RobustScaler,Ridge,49,13,10,-0.4177,16.6946,19.4443,-0.4663,-0.9642,-0.3352
1,latency,CRADK,ads.1,CES-D,cross-corpus-882,RobustScaler,Lasso,49,13,10,-0.4231,16.5895,19.3461,-0.4781,-0.9444,-0.3352
1,latency,CRADK,ads.1,CES-D,cross-corpus-882,RobustScaler,ElasticNet,49,13,10,-0.4414,16.5503,19.4344,-0.5003,-0.9622,-0.3352
1,latency,CRADK,ads.1,CES-D,cross-corpus-882,RobustScaler,SVR,49,13,10,-0.1554,14.1968,15.7375,-0.2876,-0.2867,-0.1923
1,latency,CRADK,ads.1,CES-D,cross-corpus-882,RobustScaler,KNN,49,13,10,-0.225,14.9954,16.5635,-0.3389,-0.4253,-0.3901
1,latency,CRADK,ads.1,CES-D,cross-corpus-882,RobustScaler,RF,49,13,10,-0.2079,14.5381,16.1971,-0.4177,-0.3629,-0.3681
1,latency,CRADK,ads.1,CES-D,cross-corpus-882,RobustScaler,ET,49,13,10,-0.0902,13.4765,15.1281,-0.1751,-0.189,-0.2692
1,latency,CRADK,ads.1,CES-D,cross-corpus-882,RobustScaler,GB,49,13,10,-0.267,15.2806,17.7961,-0.3701,-0.6453,-0.1703
1,latency,CRADK,ads.1,CES-D,cross-corpus-882,RobustScaler,XGB,49,13,10,-0.2684,15.098,17.9571,-0.3479,-0.6752,-0.2802
1,latency,CRADK,ads.1,CES-D,cross-corpus-882,RobustScaler,MLP,49,13,10,0.1415,13.3851,15.4823,0.153,-0.2453,-0.0275
1,latency,CRADK,ads.1,CES-D,cross-corpus-882,RobustScaler,LGBM,49,13,10,-0.2519,15.0848,16.5656,-0.4458,-0.4257,-0.3297
1,latency,CRADK,ads.1,CES-D,cross-corpus-882,RobustScaler,CatBoost,49,13,10,-0.196,14.6704,17.1006,-0.3105,-0.5192,-0.2582
2,latency,CRADK,ads.1,CES-D,cross-corpus-882,StandardScaler,Ridge,49,13,10,0.1824,11.1503,14.0072,0.207,-0.1675,0.3769
2,latency,CRADK,ads.1,CES-D,cross-corpus-882,StandardScaler,Lasso,49,13,10,0.2041,12.2622,15.2518,0.2095,-0.3841,0.2751
2,latency,CRADK,ads.1,CES-D,cross-corpus-882,StandardScaler,ElasticNet,49,13,10,0.1999,11.7775,14.6245,0.2115,-0.2726,0.2999
2,latency,CRADK,ads.1,CES-D,cross-corpus-882,StandardScaler,SVR,49,13,10,0.2503,12.6823,15.7465,0.3168,-0.4754,0.2448
2,latency,CRADK,ads.1,CES-D,cross-corpus-882,StandardScaler,KNN,49,13,10,0.2324,12.2821,14.4338,0.2999,-0.2396,0.3559
2,latency,CRADK,ads.1,CES-D,cross-corpus-882,StandardScaler,RF,49,13,10,-0.219,12.4769,15.6049,-0.3628,-0.449,-0.2779
2,latency,CRADK,ads.1,CES-D,cross-corpus-882,StandardScaler,ET,49,13,10,0.0542,11.4125,14.1563,0.0943,-0.1924,0.2696
2,latency,CRADK,ads.1,CES-D,cross-corpus-882,StandardScaler,GB,49,13,10,-0.3814,13.4797,17.4197,-0.4499,-0.8056,-0.3989
2,latency,CRADK,ads.1,CES-D,cross-corpus-882,StandardScaler,XGB,49,13,10,-0.2622,11.9197,16.1603,-0.35,-0.554,-0.1871
2,latency,CRADK,ads.1,CES-D,cross-corpus-882,StandardScaler,MLP,49,13,10,0.0352,16.1625,22.8816,0.0439,-2.1154,0.0633
2,latency,CRADK,ads.1,CES-D,cross-corpus-882,StandardScaler,LGBM,49,13,10,-0.032,10.7703,13.3621,-0.1017,-0.0624,-0.2039
2,latency,CRADK,ads.1,CES-D,cross-corpus-882,StandardScaler,CatBoost,49,13,10,-0.0815,10.6483,14.4942,-0.138,-0.25,0.0138
2,latency,CRADK,ads.1,CES-D,cross-corpus-882,MinMaxScaler,Ridge,49,13,10,0.0868,10.3037,13.427,0.1275,-0.0727,0.1431
2,latency,CRADK,ads.1,CES-D,cross-corpus-882,MinMaxScaler,Lasso,49,13,10,0.1985,10.9901,13.6171,0.2328,-0.1033,0.3549
2,latency,CRADK,ads.1,CES-D,cross-corpus-882,MinMaxScaler,ElasticNet,49,13,10,0.1471,10.9521,13.6944,0.178,-0.1159,0.1706
2,latency,CRADK,ads.1,CES-D,cross-corpus-882,MinMaxScaler,SVR,49,13,10,0.1268,11.8109,14.5311,0.1482,-0.2564,0.1018
2,latency,CRADK,ads.1,CES-D,cross-corpus-882,MinMaxScaler,KNN,49,13,10,0.1253,10.7744,13.5521,0.1873,-0.0928,0.2641
2,latency,CRADK,ads.1,CES-D,cross-corpus-882,MinMaxScaler,RF,49,13,10,-0.1023,11.2566,14.3588,-0.2092,-0.2268,-0.1128
2,latency,CRADK,ads.1,CES-D,cross-corpus-882,MinMaxScaler,ET,49,13,10,0.0919,10.9873,13.6222,0.145,-0.1042,0.2531
2,latency,CRADK,ads.1,CES-D,cross-corpus-882,MinMaxScaler,GB,49,13,10,-0.4743,15.3738,19.0208,-0.5314,-1.1528,-0.4979
2,latency,CRADK,ads.1,CES-D,cross-corpus-882,MinMaxScaler,XGB,49,13,10,-0.4488,14.4731,18.8258,-0.4914,-1.1088,-0.5585
2,latency,CRADK,ads.1,CES-D,cross-corpus-882,MinMaxScaler,MLP,49,13,10,0.0654,10.9597,14.1719,0.0797,-0.1951,0.1871
2,latency,CRADK,ads.1,CES-D,cross-corpus-882,MinMaxScaler,LGBM,49,13,10,-0.1559,10.7975,14.0892,-0.539,-0.1812,-0.4421
2,latency,CRADK,ads.1,CES-D,cross-corpus-882,MinMaxScaler,CatBoost,49,13,10,-0.156,11.8645,15.2886,-0.2659,-0.3908,-0.2944
2,latency,CRADK,ads.1,CES-D,cross-corpus-882,RobustScaler,Ridge,49,13,5,0.2333,10.5759,14.2683,0.2657,-0.2114,0.2889
2,latency,CRADK,ads.1,CES-D,cross-corpus-882,RobustScaler,Lasso,49,13,5,0.2428,10.7463,14.3919,0.2708,-0.2325,0.2889
2,latency,CRADK,ads.1,CES-D,cross-corpus-882,RobustScaler,ElasticNet,49,13,5,0.2394,10.6851,14.3448,0.269,-0.2244,0.2889
2,latency,CRADK,ads.1,CES-D,cross-corpus-882,RobustScaler,SVR,49,13,5,0.1818,11.8063,15.6821,0.184,-0.4634,0.2641
2,latency,CRADK,ads.1,CES-D,cross-corpus-882,RobustScaler,KNN,49,13,5,0.054,10.561,14.0636,0.0742,-0.1769,0.0826
2,latency,CRADK,ads.1,CES-D,cross-corpus-882,RobustScaler,RF,49,13,5,0.1328,10.2178,13.2521,0.255,-0.045,0.3466
2,latency,CRADK,ads.1,CES-D,cross-corpus-882,RobustScaler,ET,49,13,5,0.2076,10.3987,13.3334,0.2986,-0.0578,0.3109
2,latency,CRADK,ads.1,CES-D,cross-corpus-882,RobustScaler,GB,49,13,5,0.1132,11.6892,14.9642,0.154,-0.3324,0.0908
2,latency,CRADK,ads.1,CES-D,cross-corpus-882,RobustScaler,XGB,49,13,5,0.1884,10.7604,13.0355,0.2789,-0.0111,0.0523
2,latency,CRADK,ads.1,CES-D,cross-corpus-882,RobustScaler,MLP,49,13,5,0.1204,13.2746,17.5574,0.1397,-0.8343,0.2063
2,latency,CRADK,ads.1,CES-D,cross-corpus-882,RobustScaler,LGBM,49,13,5,0.2156,10.1771,12.5428,0.4083,0.0639,0.4882
2,latency,CRADK,ads.1,CES-D,cross-corpus-882,RobustScaler,CatBoost,49,13,5,0.2961,10.3752,13.2151,0.3642,-0.0392,0.3164
3,latency,CRADK,ads.1,CES-D,cross-corpus-882,StandardScaler,Ridge,50,12,10,-0.0199,9.9956,11.4891,-0.0203,-1.3263,-0.007
3,latency,CRADK,ads.1,CES-D,cross-corpus-882,StandardScaler,Lasso,50,12,10,-0.04,9.1569,10.4891,-0.0411,-0.9389,-0.1018
3,latency,CRADK,ads.1,CES-D,cross-corpus-882,StandardScaler,ElasticNet,50,12,10,0.018,10.3729,12.1768,0.0187,-1.6131,0.0105
3,latency,CRADK,ads.1,CES-D,cross-corpus-882,StandardScaler,SVR,50,12,10,-0.2887,11.3582,13.7247,-0.3078,-2.3196,-0.2316
3,latency,CRADK,ads.1,CES-D,cross-corpus-882,StandardScaler,KNN,50,12,10,-0.2529,10.5744,12.463,-0.2579,-1.7373,-0.2807
3,latency,CRADK,ads.1,CES-D,cross-corpus-882,StandardScaler,RF,50,12,10,-0.2768,8.7467,9.9204,-0.3141,-0.7344,-0.2912
3,latency,CRADK,ads.1,CES-D,cross-corpus-882,StandardScaler,ET,50,12,10,-0.2721,9.9886,11.371,-0.2822,-1.2787,-0.1193
3,latency,CRADK,ads.1,CES-D,cross-corpus-882,StandardScaler,GB,50,12,10,-0.424,12.6053,13.6136,-0.4411,-2.2661,-0.4
3,latency,CRADK,ads.1,CES-D,cross-corpus-882,StandardScaler,XGB,50,12,10,-0.4826,13.4809,14.3902,-0.5134,-2.6494,-0.407
3,latency,CRADK,ads.1,CES-D,cross-corpus-882,StandardScaler,MLP,50,12,10,-0.1135,12.7748,15.4131,-0.1325,-3.1867,0.0807
3,latency,CRADK,ads.1,CES-D,cross-corpus-882,StandardScaler,LGBM,50,12,10,-0.1257,7.7851,9.0197,-0.1534,-0.4337,-0.014
3,latency,CRADK,ads.1,CES-D,cross-corpus-882,StandardScaler,CatBoost,50,12,10,-0.3157,9.7498,11.1721,-0.3252,-1.1997,-0.2386
3,latency,CRADK,ads.1,CES-D,cross-corpus-882,MinMaxScaler,Ridge,50,12,15,-0.023,8.7296,10.0177,-0.0237,-0.7686,-0.0596
3,latency,CRADK,ads.1,CES-D,cross-corpus-882,MinMaxScaler,Lasso,50,12,15,-0.0169,9.4516,10.7956,-0.017,-1.0539,-0.0175
3,latency,CRADK,ads.1,CES-D,cross-corpus-882,MinMaxScaler,ElasticNet,50,12,15,-0.0213,9.4414,10.7867,-0.0215,-1.0505,0.0
3,latency,CRADK,ads.1,CES-D,cross-corpus-882,MinMaxScaler,SVR,50,12,15,-0.2693,12.65,14.7619,-0.2922,-2.8403,-0.1965
3,latency,CRADK,ads.1,CES-D,cross-corpus-882,MinMaxScaler,KNN,50,12,15,-0.1138,12.1926,14.387,-0.1238,-2.6478,-0.0581
3,latency,CRADK,ads.1,CES-D,cross-corpus-882,MinMaxScaler,RF,50,12,15,-0.1313,7.4972,8.9048,-0.1715,-0.3974,-0.1719
3,latency,CRADK,ads.1,CES-D,cross-corpus-882,MinMaxScaler,ET,50,12,15,-0.214,9.1483,10.5673,-0.2252,-0.968,0.0105
3,latency,CRADK,ads.1,CES-D,cross-corpus-882,MinMaxScaler,GB,50,12,15,-0.0702,9.676,11.4119,-0.0704,-1.2951,-0.0772
3,latency,CRADK,ads.1,CES-D,cross-corpus-882,MinMaxScaler,XGB,50,12,15,-0.2309,10.8465,12.2825,-0.232,-1.6587,-0.0947
3,latency,CRADK,ads.1,CES-D,cross-corpus-882,MinMaxScaler,MLP,50,12,15,-0.0971,11.0506,12.5331,-0.1026,-1.7682,-0.0877
3,latency,CRADK,ads.1,CES-D,cross-corpus-882,MinMaxScaler,LGBM,50,12,15,-0.1179,7.608,8.9398,-0.1601,-0.4084,-0.1719
3,latency,CRADK,ads.1,CES-D,cross-corpus-882,MinMaxScaler,CatBoost,50,12,15,-0.2045,9.8014,10.8736,-0.2091,-1.0837,-0.2667
3,latency,CRADK,ads.1,CES-D,cross-corpus-882,RobustScaler,Ridge,50,12,10,-0.1494,7.5788,8.8691,-0.2,-0.3863,-0.1965
3,latency,CRADK,ads.1,CES-D,cross-corpus-882,RobustScaler,Lasso,50,12,10,-0.0219,9.8624,11.3605,-0.0225,-1.2745,0.007
3,latency,CRADK,ads.1,CES-D,cross-corpus-882,RobustScaler,ElasticNet,50,12,10,-0.0934,7.7825,9.2141,-0.1071,-0.4962,-0.193
3,latency,CRADK,ads.1,CES-D,cross-corpus-882,RobustScaler,SVR,50,12,10,-0.1169,8.2477,9.0811,-0.1541,-0.4533,-0.0982
3,latency,CRADK,ads.1,CES-D,cross-corpus-882,RobustScaler,KNN,50,12,10,-0.3308,8.4744,9.5322,-0.4419,-0.6013,-0.4507
3,latency,CRADK,ads.1,CES-D,cross-corpus-882,RobustScaler,RF,50,12,10,-0.1944,7.9428,8.9152,-0.3008,-0.4007,-0.3018
3,latency,CRADK,ads.1,CES-D,cross-corpus-882,RobustScaler,ET,50,12,10,-0.1691,8.7259,9.5572,-0.19,-0.6097,-0.0947
3,latency,CRADK,ads.1,CES-D,cross-corpus-882,RobustScaler,GB,50,12,10,-0.1911,9.411,10.9182,-0.2185,-1.1008,-0.2035
3,latency,CRADK,ads.1,CES-D,cross-corpus-882,RobustScaler,XGB,50,12,10,-0.1594,9.3773,10.9922,-0.1763,-1.1294,-0.2105
3,latency,CRADK,ads.1,CES-D,cross-corpus-882,RobustScaler,MLP,50,12,10,-0.2859,13.2148,14.8127,-0.324,-2.8669,-0.2597
3,latency,CRADK,ads.1,CES-D,cross-corpus-882,RobustScaler,LGBM,50,12,10,-0.0489,7.2903,8.4348,-0.0689,-0.2538,-0.0633
3,latency,CRADK,ads.1,CES-D,cross-corpus-882,RobustScaler,CatBoost,50,12,10,-0.1716,9.3129,10.9333,-0.1972,-1.1066,-0.193
4,latency,CRADK,ads.1,CES-D,cross-corpus-882,StandardScaler,Ridge,50,12,10,-0.0787,11.4773,14.3555,-0.0813,-1.66,0.0385
4,latency,CRADK,ads.1,CES-D,cross-corpus-882,StandardScaler,Lasso,50,12,10,-0.0801,11.8424,14.7083,-0.0832,-1.7924,0.0245
4,latency,CRADK,ads.1,CES-D,cross-corpus-882,StandardScaler,ElasticNet,50,12,10,-0.0743,10.4797,13.4424,-0.0763,-1.3324,0.0385
4,latency,CRADK,ads.1,CES-D,cross-corpus-882,StandardScaler,SVR,50,12,10,-0.1993,12.9088,16.0913,-0.2083,-2.3422,-0.0981
4,latency,CRADK,ads.1,CES-D,cross-corpus-882,StandardScaler,KNN,50,12,10,-0.0532,8.7407,11.6366,-0.0668,-0.7479,-0.1228
4,latency,CRADK,ads.1,CES-D,cross-corpus-882,StandardScaler,RF,50,12,10,-0.1894,9.4539,11.8796,-0.215,-0.8216,-0.3257
4,latency,CRADK,ads.1,CES-D,cross-corpus-882,StandardScaler,ET,50,12,10,-0.3133,9.9438,12.4078,-0.3562,-0.9872,-0.3503
4,latency,CRADK,ads.1,CES-D,cross-corpus-882,StandardScaler,GB,50,12,10,-0.2552,12.0602,15.1961,-0.2617,-1.9807,-0.2382
4,latency,CRADK,ads.1,CES-D,cross-corpus-882,StandardScaler,XGB,50,12,10,-0.2569,12.4346,15.6265,-0.2726,-2.1519,-0.2137
4,latency,CRADK,ads.1,CES-D,cross-corpus-882,StandardScaler,MLP,50,12,10,-0.0115,12.1705,14.8702,-0.0133,-1.8542,0.1261
4,latency,CRADK,ads.1,CES-D,cross-corpus-882,StandardScaler,LGBM,50,12,10,-0.1533,9.3529,11.1569,-0.212,-0.6067,-0.2767
4,latency,CRADK,ads.1,CES-D,cross-corpus-882,StandardScaler,CatBoost,50,12,10,-0.2017,11.5479,13.5444,-0.2033,-1.368,-0.2732
4,latency,CRADK,ads.1,CES-D,cross-corpus-882,MinMaxScaler,Ridge,50,12,15,-0.2233,10.5135,13.6427,-0.2789,-1.4025,-0.3012
4,latency,CRADK,ads.1,CES-D,cross-corpus-882,MinMaxScaler,Lasso,50,12,15,-0.1298,10.7097,13.4441,-0.1559,-1.333,-0.1156
4,latency,CRADK,ads.1,CES-D,cross-corpus-882,MinMaxScaler,ElasticNet,50,12,15,-0.2152,10.2374,13.2017,-0.2798,-1.2496,-0.2732
4,latency,CRADK,ads.1,CES-D,cross-corpus-882,MinMaxScaler,SVR,50,12,15,0.2175,11.6905,13.0565,0.2527,-1.2004,0.2907
4,latency,CRADK,ads.1,CES-D,cross-corpus-882,MinMaxScaler,KNN,50,12,15,-0.0804,9.5685,12.5396,-0.0955,-1.0297,-0.1474
4,latency,CRADK,ads.1,CES-D,cross-corpus-882,MinMaxScaler,RF,50,12,15,-0.3004,10.2756,13.0801,-0.3515,-1.2084,-0.3047
4,latency,CRADK,ads.1,CES-D,cross-corpus-882,MinMaxScaler,ET,50,12,15,-0.1953,9.5437,12.3586,-0.2553,-0.9715,-0.2487
4,latency,CRADK,ads.1,CES-D,cross-corpus-882,MinMaxScaler,GB,50,12,15,-0.3181,14.7441,17.7605,-0.3693,-3.0716,-0.5079
4,latency,CRADK,ads.1,CES-D,cross-corpus-882,MinMaxScaler,XGB,50,12,15,-0.3649,13.7626,16.8471,-0.4059,-2.6636,-0.4378
4,latency,CRADK,ads.1,CES-D,cross-corpus-882,MinMaxScaler,MLP,50,12,15,-0.1868,10.6971,14.0555,-0.2178,-1.55,-0.1926
4,latency,CRADK,ads.1,CES-D,cross-corpus-882,MinMaxScaler,LGBM,50,12,15,-0.0796,8.5069,10.6481,-0.1143,-0.4635,-0.3328
4,latency,CRADK,ads.1,CES-D,cross-corpus-882,MinMaxScaler,CatBoost,50,12,15,-0.2528,11.4703,14.2649,-0.2973,-1.6266,-0.3853
4,latency,CRADK,ads.1,CES-D,cross-corpus-882,RobustScaler,Ridge,50,12,10,-0.1816,14.4643,16.5949,-0.2228,-2.5547,-0.3608
4,latency,CRADK,ads.1,CES-D,cross-corpus-882,RobustScaler,Lasso,50,12,10,-0.1816,14.4216,16.5526,-0.2227,-2.5366,-0.3608
4,latency,CRADK,ads.1,CES-D,cross-corpus-882,RobustScaler,ElasticNet,50,12,10,-0.1804,14.3538,16.4812,-0.2212,-2.5062,-0.3608
4,latency,CRADK,ads.1,CES-D,cross-corpus-882,RobustScaler,SVR,50,12,10,0.003,12.3783,14.5597,0.0034,-1.7363,0.0806
4,latency,CRADK,ads.1,CES-D,cross-corpus-882,RobustScaler,KNN,50,12,10,-0.1681,12.75,15.4976,-0.1921,-2.1002,-0.056
4,latency,CRADK,ads.1,CES-D,cross-corpus-882,RobustScaler,RF,50,12,10,-0.2157,10.3171,12.5578,-0.2856,-1.0355,-0.1821
4,latency,CRADK,ads.1,CES-D,cross-corpus-882,RobustScaler,ET,50,12,10,-0.2713,10.7586,12.695,-0.3658,-1.0803,-0.3713
4,latency,CRADK,ads.1,CES-D,cross-corpus-882,RobustScaler,GB,50,12,10,-0.4127,15.2835,17.6765,-0.493,-3.0331,-0.4588
4,latency,CRADK,ads.1,CES-D,cross-corpus-882,RobustScaler,XGB,50,12,10,-0.3346,14.6591,16.9749,-0.3876,-2.7194,-0.3012
4,latency,CRADK,ads.1,CES-D,cross-corpus-882,RobustScaler,MLP,50,12,10,-0.1644,13.5592,16.0696,-0.2353,-2.3332,-0.0385
4,latency,CRADK,ads.1,CES-D,cross-corpus-882,RobustScaler,LGBM,50,12,10,-0.2205,9.9207,11.9106,-0.3436,-0.8311,-0.3853
4,latency,CRADK,ads.1,CES-D,cross-corpus-882,RobustScaler,CatBoost,50,12,10,-0.1698,12.2529,14.1196,-0.1905,-1.5734,-0.1016
5,latency,CRADK,ads.1,CES-D,cross-corpus-882,StandardScaler,Ridge,50,12,5,0.035,12.0479,13.1683,0.064,-0.0532,0.2183
5,latency,CRADK,ads.1,CES-D,cross-corpus-882,StandardScaler,Lasso,50,12,5,0.0389,12.0643,13.1379,0.0708,-0.0483,0.2183
5,latency,CRADK,ads.1,CES-D,cross-corpus-882,StandardScaler,ElasticNet,50,12,5,0.0282,11.9207,12.972,0.0661,-0.022,0.2183
5,latency,CRADK,ads.1,CES-D,cross-corpus-882,StandardScaler,SVR,50,12,5,-0.3174,15.3047,17.2456,-0.3678,-0.8063,-0.162
5,latency,CRADK,ads.1,CES-D,cross-corpus-882,StandardScaler,KNN,50,12,5,-0.0342,13.4722,14.9638,-0.0437,-0.36,0.06
5,latency,CRADK,ads.1,CES-D,cross-corpus-882,StandardScaler,RF,50,12,5,0.0026,12.1431,13.489,0.0044,-0.1051,0.0141
5,latency,CRADK,ads.1,CES-D,cross-corpus-882,StandardScaler,ET,50,12,5,-0.07,12.6588,14.3872,-0.0991,-0.2572,0.2606
5,latency,CRADK,ads.1,CES-D,cross-corpus-882,StandardScaler,GB,50,12,5,0.0257,11.3,14.8739,0.0317,-0.3437,0.0634
5,latency,CRADK,ads.1,CES-D,cross-corpus-882,StandardScaler,XGB,50,12,5,-0.0331,12.0013,15.1117,-0.0386,-0.387,-0.0986
5,latency,CRADK,ads.1,CES-D,cross-corpus-882,StandardScaler,MLP,50,12,5,-0.03,12.2987,14.4159,-0.0393,-0.2622,0.0282
5,latency,CRADK,ads.1,CES-D,cross-corpus-882,StandardScaler,LGBM,50,12,5,-0.1233,12.7319,14.2542,-0.2169,-0.234,-0.0883
5,latency,CRADK,ads.1,CES-D,cross-corpus-882,StandardScaler,CatBoost,50,12,5,-0.057,12.6864,14.5093,-0.0787,-0.2786,0.007
5,latency,CRADK,ads.1,CES-D,cross-corpus-882,MinMaxScaler,Ridge,50,12,5,0.0873,12.008,12.9867,0.1408,-0.0243,0.1901
5,latency,CRADK,ads.1,CES-D,cross-corpus-882,MinMaxScaler,Lasso,50,12,5,0.0857,12.0212,13.0058,0.1379,-0.0273,0.2324
5,latency,CRADK,ads.1,CES-D,cross-corpus-882,MinMaxScaler,ElasticNet,50,12,5,0.0872,12.0099,12.9862,0.1407,-0.0242,0.1901
5,latency,CRADK,ads.1,CES-D,cross-corpus-882,MinMaxScaler,SVR,50,12,5,0.0113,12.5778,13.7924,0.016,-0.1554,0.1549
5,latency,CRADK,ads.1,CES-D,cross-corpus-882,MinMaxScaler,KNN,50,12,5,0.0025,12.8222,14.2672,0.0036,-0.2363,0.1272
5,latency,CRADK,ads.1,CES-D,cross-corpus-882,MinMaxScaler,RF,50,12,5,-0.1172,13.2488,14.4308,-0.1845,-0.2648,0.1056
5,latency,CRADK,ads.1,CES-D,cross-corpus-882,MinMaxScaler,ET,50,12,5,-0.0342,13.2134,14.6906,-0.0424,-0.3108,0.0775
5,latency,CRADK,ads.1,CES-D,cross-corpus-882,MinMaxScaler,GB,50,12,5,-0.1236,13.4176,15.2864,-0.1522,-0.4192,-0.0563
5,latency,CRADK,ads.1,CES-D,cross-corpus-882,MinMaxScaler,XGB,50,12,5,0.0417,13.5412,15.3277,0.0445,-0.4269,0.0634
5,latency,CRADK,ads.1,CES-D,cross-corpus-882,MinMaxScaler,MLP,50,12,5,0.0971,12.0825,13.1397,0.1404,-0.0486,0.1549
5,latency,CRADK,ads.1,CES-D,cross-corpus-882,MinMaxScaler,LGBM,50,12,5,-0.0687,13.1029,14.5271,-0.0923,-0.2817,0.092
5,latency,CRADK,ads.1,CES-D,cross-corpus-882,MinMaxScaler,CatBoost,50,12,5,-0.1188,13.5216,14.6471,-0.1706,-0.303,0.0704
5,latency,CRADK,ads.1,CES-D,cross-corpus-882,RobustScaler,Ridge,50,12,5,-0.1098,13.2052,14.4662,-0.165,-0.271,-0.1761
5,latency,CRADK,ads.1,CES-D,cross-corpus-882,RobustScaler,Lasso,50,12,5,-0.0994,13.2164,14.4531,-0.1463,-0.2687,-0.1761
5,latency,CRADK,ads.1,CES-D,cross-corpus-882,RobustScaler,ElasticNet,50,12,5,-0.1299,13.1389,14.4548,-0.2078,-0.269,-0.2042
5,latency,CRADK,ads.1,CES-D,cross-corpus-882,RobustScaler,SVR,50,12,5,0.2246,12.2576,14.2082,0.233,-0.2261,0.2606
5,latency,CRADK,ads.1,CES-D,cross-corpus-882,RobustScaler,KNN,50,12,5,0.0434,13.3166,15.2542,0.0464,-0.4133,0.1947
5,latency,CRADK,ads.1,CES-D,cross-corpus-882,RobustScaler,RF,50,12,5,-0.1263,13.5647,14.607,-0.1921,-0.2959,0.0282
5,latency,CRADK,ads.1,CES-D,cross-corpus-882,RobustScaler,ET,50,12,5,-0.0167,12.8072,14.9228,-0.0203,-0.3525,0.1268
5,latency,CRADK,ads.1,CES-D,cross-corpus-882,RobustScaler,GB,50,12,5,-0.0857,13.5699,16.2861,-0.0949,-0.6109,-0.1408
5,latency,CRADK,ads.1,CES-D,cross-corpus-882,RobustScaler,XGB,50,12,5,0.0116,13.2066,15.654,0.0127,-0.4883,0.0141
5,latency,CRADK,ads.1,CES-D,cross-corpus-882,RobustScaler,MLP,50,12,5,0.1586,13.0683,14.3716,0.1689,-0.2545,0.2113
5,latency,CRADK,ads.1,CES-D,cross-corpus-882,RobustScaler,LGBM,50,12,5,-0.0827,13.3801,14.7726,-0.1088,-0.3254,-0.0142
5,latency,CRADK,ads.1,CES-D,cross-corpus-882,RobustScaler,CatBoost,50,12,5,-0.174,14.3254,16.1148,-0.2016,-0.5772,-0.0423
1,latency,CRADK,HRSD_6.1,HRSD6,cross-corpus-882,StandardScaler,Ridge,47,12,5,0.1875,4.8582,6.7436,0.1942,-1.1946,0.1547
1,latency,CRADK,HRSD_6.1,HRSD6,cross-corpus-882,StandardScaler,Lasso,47,12,5,0.1791,5.1904,7.3354,0.1926,-1.5966,0.1793
1,latency,CRADK,HRSD_6.1,HRSD6,cross-corpus-882,StandardScaler,ElasticNet,47,12,5,0.1825,5.1279,7.2186,0.1948,-1.5146,0.1793
1,latency,CRADK,HRSD_6.1,HRSD6,cross-corpus-882,StandardScaler,SVR,47,12,5,0.1424,3.6626,4.8211,0.1724,-0.1217,0.1265
1,latency,CRADK,HRSD_6.1,HRSD6,cross-corpus-882,StandardScaler,KNN,47,12,5,0.1622,3.8889,4.425,0.2789,0.0551,0.1303
1,latency,CRADK,HRSD_6.1,HRSD6,cross-corpus-882,StandardScaler,RF,47,12,5,0.3284,3.5444,4.1021,0.5463,0.1879,0.4991
1,latency,CRADK,HRSD_6.1,HRSD6,cross-corpus-882,StandardScaler,ET,47,12,5,0.3641,3.5146,4.1908,0.4647,0.1525,0.1406
1,latency,CRADK,HRSD_6.1,HRSD6,cross-corpus-882,StandardScaler,GB,47,12,5,0.412,3.3518,4.639,0.466,-0.0385,0.3515
1,latency,CRADK,HRSD_6.1,HRSD6,cross-corpus-882,StandardScaler,XGB,47,12,5,0.4571,3.2983,4.5742,0.4791,-0.0097,0.3269
1,latency,CRADK,HRSD_6.1,HRSD6,cross-corpus-882,StandardScaler,MLP,47,12,5,0.3536,6.401,7.8488,0.4563,-1.9728,0.2566
1,latency,CRADK,HRSD_6.1,HRSD6,cross-corpus-882,StandardScaler,LGBM,47,12,5,0.3415,3.434,4.4104,0.4565,0.0613,0.2817
1,latency,CRADK,HRSD_6.1,HRSD6,cross-corpus-882,StandardScaler,CatBoost,47,12,5,0.469,3.2161,4.0894,0.585,0.193,0.4042
1,latency,CRADK,HRSD_6.1,HRSD6,cross-corpus-882,MinMaxScaler,Ridge,47,12,10,0.1497,5.5051,7.9212,0.1835,-2.0279,0.2285
1,latency,CRADK,HRSD_6.1,HRSD6,cross-corpus-882,MinMaxScaler,Lasso,47,12,10,0.1823,5.131,6.7457,0.2104,-1.1959,0.1793
1,latency,CRADK,HRSD_6.1,HRSD6,cross-corpus-882,MinMaxScaler,ElasticNet,47,12,10,0.1262,6.1677,9.3274,0.1705,-3.1984,0.2496
1,latency,CRADK,HRSD_6.1,HRSD6,cross-corpus-882,MinMaxScaler,SVR,47,12,10,0.2869,4.0207,4.6726,0.3263,-0.0536,0.239
1,latency,CRADK,HRSD_6.1,HRSD6,cross-corpus-882,MinMaxScaler,KNN,47,12,10,0.3093,3.5556,4.1843,0.4125,0.1551,0.2953
1,latency,CRADK,HRSD_6.1,HRSD6,cross-corpus-882,MinMaxScaler,RF,47,12,10,0.3358,3.6739,4.2233,0.5386,0.1393,0.5343
1,latency,CRADK,HRSD_6.1,HRSD6,cross-corpus-882,MinMaxScaler,ET,47,12,10,0.4117,3.5667,4.0763,0.5611,0.1981,0.3972
1,latency,CRADK,HRSD_6.1,HRSD6,cross-corpus-882,MinMaxScaler,GB,47,12,10,0.2597,4.0098,4.9783,0.3293,-0.196,0.2953
1,latency,CRADK,HRSD_6.1,HRSD6,cross-corpus-882,MinMaxScaler,XGB,47,12,10,0.3815,3.704,4.73,0.4663,-0.0796,0.4675
1,latency,CRADK,HRSD_6.1,HRSD6,cross-corpus-882,MinMaxScaler,MLP,47,12,10,0.0779,6.998,13.4679,0.1393,-7.7531,0.4183
1,latency,CRADK,HRSD_6.1,HRSD6,cross-corpus-882,MinMaxScaler,LGBM,47,12,10,0.3735,3.5138,4.3208,0.553,0.0991,0.5167
1,latency,CRADK,HRSD_6.1,HRSD6,cross-corpus-882,MinMaxScaler,CatBoost,47,12,10,0.4555,3.3902,4.1473,0.5568,0.17,0.4394
1,latency,CRADK,HRSD_6.1,HRSD6,cross-corpus-882,RobustScaler,Ridge,47,12,10,0.2114,4.827,6.3482,0.217,-0.9447,0.1757
1,latency,CRADK,HRSD_6.1,HRSD6,cross-corpus-882,RobustScaler,Lasso,47,12,10,0.2213,5.2227,6.8291,0.2345,-1.2506,0.1968
1,latency,CRADK,HRSD_6.1,HRSD6,cross-corpus-882,RobustScaler,ElasticNet,47,12,10,0.2175,5.1379,6.7308,0.2285,-1.1863,0.1968
1,latency,CRADK,HRSD_6.1,HRSD6,cross-corpus-882,RobustScaler,SVR,47,12,10,0.2718,3.9507,4.7768,0.2992,-0.1011,0.2636
1,latency,CRADK,HRSD_6.1,HRSD6,cross-corpus-882,RobustScaler,KNN,47,12,10,0.1064,4.2619,4.9391,0.1325,-0.1772,-0.0598
1,latency,CRADK,HRSD_6.1,HRSD6,cross-corpus-882,RobustScaler,RF,47,12,10,0.3596,3.4379,4.1538,0.5118,0.1674,0.3691
1,latency,CRADK,HRSD_6.1,HRSD6,cross-corpus-882,RobustScaler,ET,47,12,10,0.37,3.7158,4.259,0.4608,0.1247,0.2355
1,latency,CRADK,HRSD_6.1,HRSD6,cross-corpus-882,RobustScaler,GB,47,12,10,0.0235,4.962,6.2659,0.0244,-0.8947,-0.0633
1,latency,CRADK,HRSD_6.1,HRSD6,cross-corpus-882,RobustScaler,XGB,47,12,10,0.4488,3.4519,4.5117,0.4686,0.0177,0.348
1,latency,CRADK,HRSD_6.1,HRSD6,cross-corpus-882,RobustScaler,MLP,47,12,10,0.3675,5.7205,6.8026,0.4488,-1.2331,0.341
1,latency,CRADK,HRSD_6.1,HRSD6,cross-corpus-882,RobustScaler,LGBM,47,12,10,0.3987,3.2714,4.2136,0.52,0.1432,0.4014
1,latency,CRADK,HRSD_6.1,HRSD6,cross-corpus-882,RobustScaler,CatBoost,47,12,10,0.4443,3.3471,4.1239,0.5366,0.1793,0.4429
2,latency,CRADK,HRSD_6.1,HRSD6,cross-corpus-882,StandardScaler,Ridge,47,12,5,-0.288,4.4831,5.202,-0.3015,-1.0045,-0.3993
2,latency,CRADK,HRSD_6.1,HRSD6,cross-corpus-882,StandardScaler,Lasso,47,12,5,-0.286,4.4386,5.1442,-0.3021,-0.9602,-0.3993
2,latency,CRADK,HRSD_6.1,HRSD6,cross-corpus-882,StandardScaler,ElasticNet,47,12,5,-0.2855,4.4068,5.0954,-0.3043,-0.9232,-0.3993
2,latency,CRADK,HRSD_6.1,HRSD6,cross-corpus-882,StandardScaler,SVR,47,12,5,-0.3856,5.2709,5.9856,-0.3873,-1.6539,-0.4028
2,latency,CRADK,HRSD_6.1,HRSD6,cross-corpus-882,StandardScaler,KNN,47,12,5,-0.2826,5.3056,5.8555,-0.2827,-1.5398,-0.2092
2,latency,CRADK,HRSD_6.1,HRSD6,cross-corpus-882,StandardScaler,RF,47,12,5,-0.2132,4.365,4.9988,-0.2257,-0.851,-0.2332
2,latency,CRADK,HRSD_6.1,HRSD6,cross-corpus-882,StandardScaler,ET,47,12,5,-0.2739,4.8058,5.3673,-0.2795,-1.1339,-0.2509
2,latency,CRADK,HRSD_6.1,HRSD6,cross-corpus-882,StandardScaler,GB,47,12,5,-0.4421,5.0447,5.9586,-0.4534,-1.63,-0.5053
2,latency,CRADK,HRSD_6.1,HRSD6,cross-corpus-882,StandardScaler,XGB,47,12,5,-0.462,4.8916,5.9721,-0.4675,-1.642,-0.4488
2,latency,CRADK,HRSD_6.1,HRSD6,cross-corpus-882,StandardScaler,MLP,47,12,5,-0.3043,4.7612,5.2655,-0.3191,-1.0537,-0.4099
2,latency,CRADK,HRSD_6.1,HRSD6,cross-corpus-882,StandardScaler,LGBM,47,12,5,-0.2884,4.3512,5.2527,-0.3183,-1.0438,-0.2883
2,latency,CRADK,HRSD_6.1,HRSD6,cross-corpus-882,StandardScaler,CatBoost,47,12,5,-0.3621,4.5614,5.2072,-0.3886,-1.0085,-0.5124
2,latency,CRADK,HRSD_6.1,HRSD6,cross-corpus-882,MinMaxScaler,Ridge,47,12,5,-0.285,4.4299,5.0866,-0.3032,-0.9166,-0.4523
2,latency,CRADK,HRSD_6.1,HRSD6,cross-corpus-882,MinMaxScaler,Lasso,47,12,5,-0.2618,4.199,4.7789,-0.3008,-0.6917,-0.4523
2,latency,CRADK,HRSD_6.1,HRSD6,cross-corpus-882,MinMaxScaler,ElasticNet,47,12,5,-0.2778,4.3352,4.9385,-0.3053,-0.8066,-0.4665
2,latency,CRADK,HRSD_6.1,HRSD6,cross-corpus-882,MinMaxScaler,SVR,47,12,5,-0.3282,5.0407,5.597,-0.3372,-1.3205,-0.4594
2,latency,CRADK,HRSD_6.1,HRSD6,cross-corpus-882,MinMaxScaler,KNN,47,12,5,-0.1495,4.4333,5.2122,-0.1565,-1.0123,-0.1044
2,latency,CRADK,HRSD_6.1,HRSD6,cross-corpus-882,MinMaxScaler,RF,47,12,5,-0.2272,4.2583,4.9166,-0.2453,-0.7906,-0.2898
2,latency,CRADK,HRSD_6.1,HRSD6,cross-corpus-882,MinMaxScaler,ET,47,12,5,-0.2285,4.6229,5.2647,-0.2341,-1.0531,-0.3074
2,latency,CRADK,HRSD_6.1,HRSD6,cross-corpus-882,MinMaxScaler,GB,47,12,5,-0.4068,4.6595,5.3355,-0.4344,-1.1087,-0.5442
2,latency,CRADK,HRSD_6.1,HRSD6,cross-corpus-882,MinMaxScaler,XGB,47,12,5,-0.4236,4.486,5.3489,-0.452,-1.1193,-0.5548
2,latency,CRADK,HRSD_6.1,HRSD6,cross-corpus-882,MinMaxScaler,MLP,47,12,5,-0.3198,4.8164,5.564,-0.325,-1.2932,-0.4947
2,latency,CRADK,HRSD_6.1,HRSD6,cross-corpus-882,MinMaxScaler,LGBM,47,12,5,-0.2304,4.3356,5.1395,-0.2588,-0.9566,-0.2375
2,latency,CRADK,HRSD_6.1,HRSD6,cross-corpus-882,MinMaxScaler,CatBoost,47,12,5,-0.2809,4.9321,5.5969,-0.2826,-1.3204,-0.2509
2,latency,CRADK,HRSD_6.1,HRSD6,cross-corpus-882,RobustScaler,Ridge,47,12,5,-0.2778,4.4437,5.2519,-0.2908,-1.0432,-0.2721
2,latency,CRADK,HRSD_6.1,HRSD6,cross-corpus-882,RobustScaler,Lasso,47,12,5,-0.2781,4.4917,5.2971,-0.289,-1.0784,-0.2721
2,latency,CRADK,HRSD_6.1,HRSD6,cross-corpus-882,RobustScaler,ElasticNet,47,12,5,-0.2784,4.4782,5.2861,-0.2898,-1.0699,-0.2721
2,latency,CRADK,HRSD_6.1,HRSD6,cross-corpus-882,RobustScaler,SVR,47,12,5,-0.2519,4.7746,5.7776,-0.2558,-1.4726,-0.3463
2,latency,CRADK,HRSD_6.1,HRSD6,cross-corpus-882,RobustScaler,KNN,47,12,5,-0.1813,4.2833,5.0619,-0.191,-0.898,-0.2053
2,latency,CRADK,HRSD_6.1,HRSD6,cross-corpus-882,RobustScaler,RF,47,12,5,-0.3157,4.4175,5.0878,-0.3418,-0.9174,-0.4276
2,latency,CRADK,HRSD_6.1,HRSD6,cross-corpus-882,RobustScaler,ET,47,12,5,-0.3631,4.7021,5.3781,-0.3774,-1.1425,-0.3993
2,latency,CRADK,HRSD_6.1,HRSD6,cross-corpus-882,RobustScaler,GB,47,12,5,-0.4675,5.3367,6.2503,-0.4676,-1.8938,-0.5053
2,latency,CRADK,HRSD_6.1,HRSD6,cross-corpus-882,RobustScaler,XGB,47,12,5,-0.4488,5.4454,6.3414,-0.451,-1.9788,-0.5442
2,latency,CRADK,HRSD_6.1,HRSD6,cross-corpus-882,RobustScaler,MLP,47,12,5,-0.2701,4.7288,5.651,-0.2879,-1.3654,-0.2898
2,latency,CRADK,HRSD_6.1,HRSD6,cross-corpus-882,RobustScaler,LGBM,47,12,5,-0.2402,4.1104,4.9089,-0.2682,-0.785,-0.2553
2,latency,CRADK,HRSD_6.1,HRSD6,cross-corpus-882,RobustScaler,CatBoost,47,12,5,-0.3395,4.6288,5.3073,-0.3553,-1.0865,-0.3569
3,latency,CRADK,HRSD_6.1,HRSD6,cross-corpus-882,StandardScaler,Ridge,47,12,5,0.413,2.4769,3.0406,0.4842,0.1574,0.3859
3,latency,CRADK,HRSD_6.1,HRSD6,cross-corpus-882,StandardScaler,Lasso,47,12,5,0.4042,2.4745,3.0329,0.486,0.1617,0.3859
3,latency,CRADK,HRSD_6.1,HRSD6,cross-corpus-882,StandardScaler,ElasticNet,47,12,5,0.3914,2.4881,3.047,0.4818,0.1539,0.3859
3,latency,CRADK,HRSD_6.1,HRSD6,cross-corpus-882,StandardScaler,SVR,47,12,5,0.1391,3.4678,3.807,0.1494,-0.3209,0.0991
3,latency,CRADK,HRSD_6.1,HRSD6,cross-corpus-882,StandardScaler,KNN,47,12,5,0.0991,3.5,4.0208,0.1177,-0.4734,0.1847
3,latency,CRADK,HRSD_6.1,HRSD6,cross-corpus-882,StandardScaler,RF,47,12,5,0.1155,3.063,3.544,0.2367,-0.1447,0.1805
3,latency,CRADK,HRSD_6.1,HRSD6,cross-corpus-882,StandardScaler,ET,47,12,5,0.0967,3.2775,4.0584,0.1465,-0.5011,0.1735
3,latency,CRADK,HRSD_6.1,HRSD6,cross-corpus-882,StandardScaler,GB,47,12,5,0.1263,3.1518,4.1413,0.1416,-0.5631,0.1345
3,latency,CRADK,HRSD_6.1,HRSD6,cross-corpus-882,StandardScaler,XGB,47,12,5,0.0191,3.3925,4.4594,0.0215,-0.8124,-0.0071
3,latency,CRADK,HRSD_6.1,HRSD6,cross-corpus-882,StandardScaler,MLP,47,12,5,0.0886,3.1324,3.5342,0.1267,-0.1384,0.0248
3,latency,CRADK,HRSD_6.1,HRSD6,cross-corpus-882,StandardScaler,LGBM,47,12,5,0.3872,2.5056,3.0354,0.4934,0.1602,0.524
3,latency,CRADK,HRSD_6.1,HRSD6,cross-corpus-882,StandardScaler,CatBoost,47,12,5,0.167,2.9995,3.6828,0.2361,-0.2361,0.2974
3,latency,CRADK,HRSD_6.1,HRSD6,cross-corpus-882,MinMaxScaler,Ridge,47,12,10,0.1584,2.7896,3.6189,0.1915,-0.1936,0.0035
3,latency,CRADK,HRSD_6.1,HRSD6,cross-corpus-882,MinMaxScaler,Lasso,47,12,10,0.164,2.7702,3.5911,0.1992,-0.1754,0.0035
3,latency,CRADK,HRSD_6.1,HRSD6,cross-corpus-882,MinMaxScaler,ElasticNet,47,12,10,0.1662,2.8133,3.5356,0.213,-0.1393,0.0248
3,latency,CRADK,HRSD_6.1,HRSD6,cross-corpus-882,MinMaxScaler,SVR,47,12,10,0.1266,2.9883,3.7896,0.1604,-0.3088,-0.0142
3,latency,CRADK,HRSD_6.1,HRSD6,cross-corpus-882,MinMaxScaler,KNN,47,12,10,0.2317,3.1667,3.7168,0.2566,-0.2591,0.2075
3,latency,CRADK,HRSD_6.1,HRSD6,cross-corpus-882,MinMaxScaler,RF,47,12,10,-0.0542,3.5551,4.2833,-0.0987,-0.6721,-0.0425
3,latency,CRADK,HRSD_6.1,HRSD6,cross-corpus-882,MinMaxScaler,ET,47,12,10,0.0056,3.5517,4.158,0.0096,-0.5757,-0.0354
3,latency,CRADK,HRSD_6.1,HRSD6,cross-corpus-882,MinMaxScaler,GB,47,12,10,-0.3111,4.1137,5.0457,-0.5551,-1.3203,-0.4885
3,latency,CRADK,HRSD_6.1,HRSD6,cross-corpus-882,MinMaxScaler,XGB,47,12,10,-0.2392,4.3909,5.1436,-0.3433,-1.4113,-0.3044
3,latency,CRADK,HRSD_6.1,HRSD6,cross-corpus-882,MinMaxScaler,MLP,47,12,10,0.0833,3.0109,3.9162,0.0973,-0.3977,-0.0319
3,latency,CRADK,HRSD_6.1,HRSD6,cross-corpus-882,MinMaxScaler,LGBM,47,12,10,-0.0231,3.4302,3.9678,-0.0423,-0.4349,-0.0301
3,latency,CRADK,HRSD_6.1,HRSD6,cross-corpus-882,MinMaxScaler,CatBoost,47,12,10,0.0376,3.7788,4.2868,0.0643,-0.6748,-0.0283
3,latency,CRADK,HRSD_6.1,HRSD6,cross-corpus-882,RobustScaler,Ridge,47,12,5,0.4372,2.4938,2.9468,0.4823,0.2086,0.3257
3,latency,CRADK,HRSD_6.1,HRSD6,cross-corpus-882,RobustScaler,Lasso,47,12,5,0.4379,2.4878,2.9431,0.4835,0.2106,0.3257
3,latency,CRADK,HRSD_6.1,HRSD6,cross-corpus-882,RobustScaler,ElasticNet,47,12,5,0.4261,2.4906,2.9537,0.4755,0.2048,0.3363
3,latency,CRADK,HRSD_6.1,HRSD6,cross-corpus-882,RobustScaler,SVR,47,12,5,0.2039,2.867,3.3723,0.2415,-0.0365,0.2407
3,latency,CRADK,HRSD_6.1,HRSD6,cross-corpus-882,RobustScaler,KNN,47,12,5,0.0233,3.4,3.9808,0.0255,-0.4443,0.0977
3,latency,CRADK,HRSD_6.1,HRSD6,cross-corpus-882,RobustScaler,RF,47,12,5,0.1519,3.0171,3.5121,0.1981,-0.1242,0.2584
3,latency,CRADK,HRSD_6.1,HRSD6,cross-corpus-882,RobustScaler,ET,47,12,5,0.2385,2.905,3.2528,0.3252,0.0357,0.2336
3,latency,CRADK,HRSD_6.1,HRSD6,cross-corpus-882,RobustScaler,GB,47,12,5,-0.0414,3.9546,4.8354,-0.0429,-1.131,0.1168
3,latency,CRADK,HRSD_6.1,HRSD6,cross-corpus-882,RobustScaler,XGB,47,12,5,0.1466,3.6028,4.2849,0.1603,-0.6734,0.1204
3,latency,CRADK,HRSD_6.1,HRSD6,cross-corpus-882,RobustScaler,MLP,47,12,5,0.1288,2.8547,3.3423,0.1833,-0.0181,0.0531
3,latency,CRADK,HRSD_6.1,HRSD6,cross-corpus-882,RobustScaler,LGBM,47,12,5,0.3807,2.4878,2.9631,0.4671,0.1998,0.5365
3,latency,CRADK,HRSD_6.1,HRSD6,cross-corpus-882,RobustScaler,CatBoost,47,12,5,0.3204,2.9076,3.1176,0.3968,0.1142,0.3965
4,latency,CRADK,HRSD_6.1,HRSD6,cross-corpus-882,StandardScaler,Ridge,47,12,10,-0.5407,7.367,9.2337,-0.6513,-1.5924,-0.4912
4,latency,CRADK,HRSD_6.1,HRSD6,cross-corpus-882,StandardScaler,Lasso,47,12,10,-0.5514,7.5186,9.3865,-0.6529,-1.6789,-0.5053
4,latency,CRADK,HRSD_6.1,HRSD6,cross-corpus-882,StandardScaler,ElasticNet,47,12,10,-0.549,7.4755,9.3432,-0.6532,-1.6543,-0.4912
4,latency,CRADK,HRSD_6.1,HRSD6,cross-corpus-882,StandardScaler,SVR,47,12,10,-0.4469,6.4028,7.5879,-0.7085,-0.7506,-0.6714
4,latency,CRADK,HRSD_6.1,HRSD6,cross-corpus-882,StandardScaler,KNN,47,12,10,-0.5454,6.5667,7.9171,-0.8533,-0.9058,-0.8404
4,latency,CRADK,HRSD_6.1,HRSD6,cross-corpus-882,StandardScaler,RF,47,12,10,-0.562,6.53,7.7829,-0.8364,-0.8418,-0.841
4,latency,CRADK,HRSD_6.1,HRSD6,cross-corpus-882,StandardScaler,ET,47,12,10,-0.494,6.2525,7.6614,-0.7951,-0.7847,-0.7951
4,latency,CRADK,HRSD_6.1,HRSD6,cross-corpus-882,StandardScaler,GB,47,12,10,-0.6498,6.9474,8.462,-0.7804,-1.1772,-0.7562
4,latency,CRADK,HRSD_6.1,HRSD6,cross-corpus-882,StandardScaler,XGB,47,12,10,-0.6187,6.8474,8.3387,-0.756,-1.1142,-0.7421
4,latency,CRADK,HRSD_6.1,HRSD6,cross-corpus-882,StandardScaler,MLP,47,12,10,-0.4766,7.1621,8.5865,-0.6054,-1.2417,-0.4841
4,latency,CRADK,HRSD_6.1,HRSD6,cross-corpus-882,StandardScaler,LGBM,47,12,10,-0.1943,5.8004,6.9445,-0.3765,-0.4663,-0.2372
4,latency,CRADK,HRSD_6.1,HRSD6,cross-corpus-882,StandardScaler,CatBoost,47,12,10,-0.6772,7.262,8.5888,-0.787,-1.2429,-0.7386
4,latency,CRADK,HRSD_6.1,HRSD6,cross-corpus-882,MinMaxScaler,Ridge,47,12,10,-0.3988,6.385,8.1622,-0.5574,-1.0257,-0.2438
4,latency,CRADK,HRSD_6.1,HRSD6,cross-corpus-882,MinMaxScaler,Lasso,47,12,10,-0.4215,6.6577,8.7049,-0.5333,-1.304,-0.1802
4,latency,CRADK,HRSD_6.1,HRSD6,cross-corpus-882,MinMaxScaler,ElasticNet,47,12,10,-0.42,6.5444,8.4847,-0.5489,-1.1889,-0.2438
4,latency,CRADK,HRSD_6.1,HRSD6,cross-corpus-882,MinMaxScaler,SVR,47,12,10,-0.4709,6.6995,8.7086,-0.5945,-1.3059,-0.2898
4,latency,CRADK,HRSD_6.1,HRSD6,cross-corpus-882,MinMaxScaler,KNN,47,12,10,-0.6022,7.0278,8.7077,-0.7368,-1.3055,-0.6107
4,latency,CRADK,HRSD_6.1,HRSD6,cross-corpus-882,MinMaxScaler,RF,47,12,10,-0.2661,5.825,7.1921,-0.491,-0.5728,-0.3357
4,latency,CRADK,HRSD_6.1,HRSD6,cross-corpus-882,MinMaxScaler,ET,47,12,10,-0.2886,5.6838,7.2718,-0.477,-0.6078,-0.1696
4,latency,CRADK,HRSD_6.1,HRSD6,cross-corpus-882,MinMaxScaler,GB,47,12,10,-0.2161,5.9944,7.5306,-0.3086,-0.7243,-0.2544
4,latency,CRADK,HRSD_6.1,HRSD6,cross-corpus-882,MinMaxScaler,XGB,47,12,10,-0.2116,5.8395,7.4761,-0.283,-0.6994,-0.3357
4,latency,CRADK,HRSD_6.1,HRSD6,cross-corpus-882,MinMaxScaler,MLP,47,12,10,-0.4347,6.4828,8.4628,-0.5608,-1.1776,-0.2686
4,latency,CRADK,HRSD_6.1,HRSD6,cross-corpus-882,MinMaxScaler,LGBM,47,12,10,-0.162,5.4985,6.7524,-0.2962,-0.3863,-0.212
4,latency,CRADK,HRSD_6.1,HRSD6,cross-corpus-882,MinMaxScaler,CatBoost,47,12,10,-0.1967,5.6768,7.1391,-0.3449,-0.5497,-0.4099
4,latency,CRADK,HRSD_6.1,HRSD6,cross-corpus-882,RobustScaler,Ridge,47,12,10,-0.3728,6.5901,8.3818,-0.4803,-1.1361,-0.3216
4,latency,CRADK,HRSD_6.1,HRSD6,cross-corpus-882,RobustScaler,Lasso,47,12,10,-0.4365,6.6392,8.5538,-0.583,-1.2247,-0.3357
4,latency,CRADK,HRSD_6.1,HRSD6,cross-corpus-882,RobustScaler,ElasticNet,47,12,10,-0.4435,6.6562,8.5825,-0.5898,-1.2396,-0.3357
4,latency,CRADK,HRSD_6.1,HRSD6,cross-corpus-882,RobustScaler,SVR,47,12,10,-0.4329,6.0856,7.6812,-0.6274,-0.794,-0.4771
4,latency,CRADK,HRSD_6.1,HRSD6,cross-corpus-882,RobustScaler,KNN,47,12,10,-0.5368,6.4722,8.4289,-0.6627,-1.1602,-0.5381
4,latency,CRADK,HRSD_6.1,HRSD6,cross-corpus-882,RobustScaler,RF,47,12,10,-0.3532,5.9856,7.403,-0.6114,-0.6663,-0.4983
4,latency,CRADK,HRSD_6.1,HRSD6,cross-corpus-882,RobustScaler,ET,47,12,10,-0.3268,5.7733,7.3875,-0.587,-0.6594,-0.5124
4,latency,CRADK,HRSD_6.1,HRSD6,cross-corpus-882,RobustScaler,GB,47,12,10,-0.3001,6.5489,7.832,-0.4243,-0.8651,-0.4771
4,latency,CRADK,HRSD_6.1,HRSD6,cross-corpus-882,RobustScaler,XGB,47,12,10,-0.3221,6.3468,7.9783,-0.4495,-0.9354,-0.4877
4,latency,CRADK,HRSD_6.1,HRSD6,cross-corpus-882,RobustScaler,MLP,47,12,10,-0.3656,6.7353,8.7612,-0.5776,-1.3339,-0.4594
4,latency,CRADK,HRSD_6.1,HRSD6,cross-corpus-882,RobustScaler,LGBM,47,12,10,-0.2177,5.8385,7.2043,-0.3589,-0.5781,-0.2756
4,latency,CRADK,HRSD_6.1,HRSD6,cross-corpus-882,RobustScaler,CatBoost,47,12,10,-0.3334,6.0954,7.6582,-0.49,-0.7832,-0.5619
5,latency,CRADK,HRSD_6.1,HRSD6,cross-corpus-882,StandardScaler,Ridge,48,11,5,0.0586,4.1793,4.8431,0.0718,-0.2139,0.1193
5,latency,CRADK,HRSD_6.1,HRSD6,cross-corpus-882,StandardScaler,Lasso,48,11,5,-0.0014,4.3229,4.9885,-0.0017,-0.2879,-0.0046
5,latency,CRADK,HRSD_6.1,HRSD6,cross-corpus-882,StandardScaler,ElasticNet,48,11,5,0.0196,4.2332,4.8977,0.0243,-0.2414,0.0367
5,latency,CRADK,HRSD_6.1,HRSD6,cross-corpus-882,StandardScaler,SVR,48,11,5,-0.4146,5.3392,6.2977,-0.4504,-1.0526,-0.4083
5,latency,CRADK,HRSD_6.1,HRSD6,cross-corpus-882,StandardScaler,KNN,48,11,5,-0.318,4.8727,5.4499,-0.4557,-0.5372,-0.4642
5,latency,CRADK,HRSD_6.1,HRSD6,cross-corpus-882,StandardScaler,RF,48,11,5,-0.1334,4.2999,5.0859,-0.1924,-0.3387,-0.3624
5,latency,CRADK,HRSD_6.1,HRSD6,cross-corpus-882,StandardScaler,ET,48,11,5,-0.2245,4.4855,5.4033,-0.2867,-0.511,-0.3945
5,latency,CRADK,HRSD_6.1,HRSD6,cross-corpus-882,StandardScaler,GB,48,11,5,0.0173,4.2757,4.9587,0.0223,-0.2725,-0.2156
5,latency,CRADK,HRSD_6.1,HRSD6,cross-corpus-882,StandardScaler,XGB,48,11,5,-0.1461,4.8033,5.7863,-0.1603,-0.7328,-0.3349
5,latency,CRADK,HRSD_6.1,HRSD6,cross-corpus-882,StandardScaler,MLP,48,11,5,-0.0062,4.5376,5.3938,-0.0067,-0.5056,-0.0963
5,latency,CRADK,HRSD_6.1,HRSD6,cross-corpus-882,StandardScaler,LGBM,48,11,5,-0.1389,4.3911,5.2971,-0.187,-0.4522,-0.2982
5,latency,CRADK,HRSD_6.1,HRSD6,cross-corpus-882,StandardScaler,CatBoost,48,11,5,-0.0853,4.3717,5.1268,-0.1132,-0.3603,-0.3395
5,latency,CRADK,HRSD_6.1,HRSD6,cross-corpus-882,MinMaxScaler,Ridge,48,11,10,0.0493,4.0659,4.9498,0.0575,-0.268,-0.0642
5,latency,CRADK,HRSD_6.1,HRSD6,cross-corpus-882,MinMaxScaler,Lasso,48,11,10,-0.0121,4.148,4.996,-0.015,-0.2918,-0.0963
5,latency,CRADK,HRSD_6.1,HRSD6,cross-corpus-882,MinMaxScaler,ElasticNet,48,11,10,0.0657,4.0705,5.0623,0.0723,-0.3263,-0.0642
5,latency,CRADK,HRSD_6.1,HRSD6,cross-corpus-882,MinMaxScaler,SVR,48,11,10,-0.0004,4.0051,4.8937,-0.0006,-0.2394,0.0367
5,latency,CRADK,HRSD_6.1,HRSD6,cross-corpus-882,MinMaxScaler,KNN,48,11,10,-0.2019,4.5354,5.0698,-0.3588,-0.3302,-0.3257
5,latency,CRADK,HRSD_6.1,HRSD6,cross-corpus-882,MinMaxScaler,RF,48,11,10,-0.0624,4.2088,4.7767,-0.1108,-0.1809,-0.0459
5,latency,CRADK,HRSD_6.1,HRSD6,cross-corpus-882,MinMaxScaler,ET,48,11,10,-0.1141,4.505,4.9913,-0.17,-0.2894,-0.0872
5,latency,CRADK,HRSD_6.1,HRSD6,cross-corpus-882,MinMaxScaler,GB,48,11,10,0.0569,3.9731,4.9085,0.0665,-0.2469,0.1239
5,latency,CRADK,HRSD_6.1,HRSD6,cross-corpus-882,MinMaxScaler,XGB,48,11,10,0.0232,4.3871,5.3299,0.0257,-0.4702,0.1743
5,latency,CRADK,HRSD_6.1,HRSD6,cross-corpus-882,MinMaxScaler,MLP,48,11,10,0.1278,3.8865,4.848,0.1418,-0.2164,-0.0872
5,latency,CRADK,HRSD_6.1,HRSD6,cross-corpus-882,MinMaxScaler,LGBM,48,11,10,0.0299,3.8531,4.7447,0.0412,-0.1651,-0.1055
5,latency,CRADK,HRSD_6.1,HRSD6,cross-corpus-882,MinMaxScaler,CatBoost,48,11,10,-0.2195,4.9212,5.3797,-0.2823,-0.4978,-0.1193
5,latency,CRADK,HRSD_6.1,HRSD6,cross-corpus-882,RobustScaler,Ridge,48,11,10,-0.041,4.6016,5.4415,-0.044,-0.5324,-0.0229
5,latency,CRADK,HRSD_6.1,HRSD6,cross-corpus-882,RobustScaler,Lasso,48,11,10,-0.0917,4.8966,5.7216,-0.0958,-0.6942,-0.0459
5,latency,CRADK,HRSD_6.1,HRSD6,cross-corpus-882,RobustScaler,ElasticNet,48,11,10,-0.0496,4.732,5.5642,-0.0522,-0.6023,0.0367
5,latency,CRADK,HRSD_6.1,HRSD6,cross-corpus-882,RobustScaler,SVR,48,11,10,-0.1611,5.0998,6.1535,-0.1648,-0.9597,-0.0229
5,latency,CRADK,HRSD_6.1,HRSD6,cross-corpus-882,RobustScaler,KNN,48,11,10,-0.119,4.7013,5.4347,-0.1343,-0.5286,-0.078
5,latency,CRADK,HRSD_6.1,HRSD6,cross-corpus-882,RobustScaler,RF,48,11,10,-0.1122,4.2909,5.1828,-0.1453,-0.3902,-0.1835
5,latency,CRADK,HRSD_6.1,HRSD6,cross-corpus-882,RobustScaler,ET,48,11,10,-0.1673,4.6464,5.4139,-0.2009,-0.5169,-0.1606
5,latency,CRADK,HRSD_6.1,HRSD6,cross-corpus-882,RobustScaler,GB,48,11,10,0.0428,4.3772,5.5615,0.0436,-0.6008,-0.0734
5,latency,CRADK,HRSD_6.1,HRSD6,cross-corpus-882,RobustScaler,XGB,48,11,10,-0.09,4.7923,5.8208,-0.0934,-0.7535,-0.1881
5,latency,CRADK,HRSD_6.1,HRSD6,cross-corpus-882,RobustScaler,MLP,48,11,10,0.0708,4.3971,5.2313,0.0749,-0.4163,0.0963
5,latency,CRADK,HRSD_6.1,HRSD6,cross-corpus-882,RobustScaler,LGBM,48,11,10,-0.1767,4.6103,5.6192,-0.2066,-0.6342,-0.2202
5,latency,CRADK,HRSD_6.1,HRSD6,cross-corpus-882,RobustScaler,CatBoost,48,11,10,-0.1191,4.6661,5.5519,-0.1339,-0.5952,-0.0642
1,latency,CRADK,HRSD_17.1,HRSD17,cross-corpus-882,StandardScaler,Ridge,47,12,10,0.0128,11.788,23.0159,0.026,-12.4038,0.2191
1,latency,CRADK,HRSD_17.1,HRSD17,cross-corpus-882,StandardScaler,Lasso,47,12,10,0.02,10.0291,19.6346,0.0355,-8.7548,0.318
1,latency,CRADK,HRSD_17.1,HRSD17,cross-corpus-882,StandardScaler,ElasticNet,47,12,10,0.0223,9.664,17.8036,0.0364,-7.0203,0.318
1,latency,CRADK,HRSD_17.1,HRSD17,cross-corpus-882,StandardScaler,SVR,47,12,10,0.0344,5.5059,6.6419,0.0503,-0.1162,0.0389
1,latency,CRADK,HRSD_17.1,HRSD17,cross-corpus-882,StandardScaler,KNN,47,12,10,0.2017,4.9167,5.9287,0.3405,0.1106,0.2968
1,latency,CRADK,HRSD_17.1,HRSD17,cross-corpus-882,StandardScaler,RF,47,12,10,0.2673,4.5228,5.9522,0.3508,0.1035,0.3145
1,latency,CRADK,HRSD_17.1,HRSD17,cross-corpus-882,StandardScaler,ET,47,12,10,0.1801,5.1879,5.9205,0.342,0.1131,0.3993
1,latency,CRADK,HRSD_17.1,HRSD17,cross-corpus-882,StandardScaler,GB,47,12,10,0.1254,5.5909,6.9239,0.1494,-0.2131,0.1237
1,latency,CRADK,HRSD_17.1,HRSD17,cross-corpus-882,StandardScaler,XGB,47,12,10,0.1071,5.3009,6.7556,0.1333,-0.1548,0.1131
1,latency,CRADK,HRSD_17.1,HRSD17,cross-corpus-882,StandardScaler,MLP,47,12,10,0.0108,20.2791,49.5323,0.0458,-61.0799,0.3569
1,latency,CRADK,HRSD_17.1,HRSD17,cross-corpus-882,StandardScaler,LGBM,47,12,10,0.1647,5.0903,6.4825,0.215,-0.0633,0.1912
1,latency,CRADK,HRSD_17.1,HRSD17,cross-corpus-882,StandardScaler,CatBoost,47,12,10,0.2826,5.0079,6.2318,0.3343,0.0173,0.2862
1,latency,CRADK,HRSD_17.1,HRSD17,cross-corpus-882,MinMaxScaler,Ridge,47,12,10,0.0144,9.6343,14.8228,0.0201,-4.5595,-0.205
1,latency,CRADK,HRSD_17.1,HRSD17,cross-corpus-882,MinMaxScaler,Lasso,47,12,10,0.0092,10.5644,17.8013,0.0149,-7.0182,-0.1555
1,latency,CRADK,HRSD_17.1,HRSD17,cross-corpus-882,MinMaxScaler,ElasticNet,47,12,10,0.0142,8.8058,12.6273,0.0176,-3.0345,-0.152
1,latency,CRADK,HRSD_17.1,HRSD17,cross-corpus-882,MinMaxScaler,SVR,47,12,10,0.0969,6.4116,7.2861,0.106,-0.3433,-0.1378
1,latency,CRADK,HRSD_17.1,HRSD17,cross-corpus-882,MinMaxScaler,KNN,47,12,10,0.0818,5.0093,6.3833,0.1365,-0.031,0.0796
1,latency,CRADK,HRSD_17.1,HRSD17,cross-corpus-882,MinMaxScaler,RF,47,12,10,0.329,4.5392,5.7499,0.4369,0.1634,0.3074
1,latency,CRADK,HRSD_17.1,HRSD17,cross-corpus-882,MinMaxScaler,ET,47,12,10,0.1504,4.8117,6.0946,0.2655,0.0601,0.1732
1,latency,CRADK,HRSD_17.1,HRSD17,cross-corpus-882,MinMaxScaler,GB,47,12,10,0.2243,4.9939,6.448,0.2816,-0.052,0.523
1,latency,CRADK,HRSD_17.1,HRSD17,cross-corpus-882,MinMaxScaler,XGB,47,12,10,0.2397,5.1017,6.2865,0.2885,0.0,0.2968
1,latency,CRADK,HRSD_17.1,HRSD17,cross-corpus-882,MinMaxScaler,MLP,47,12,10,0.0656,10.4376,19.3718,0.1191,-8.4954,0.3746
1,latency,CRADK,HRSD_17.1,HRSD17,cross-corpus-882,MinMaxScaler,LGBM,47,12,10,0.0975,5.1721,6.9794,0.1169,-0.2326,0.0813
1,latency,CRADK,HRSD_17.1,HRSD17,cross-corpus-882,MinMaxScaler,CatBoost,47,12,10,0.1825,4.8508,6.3228,0.2431,-0.0115,0.1166
1,latency,CRADK,HRSD_17.1,HRSD17,cross-corpus-882,RobustScaler,Ridge,47,12,5,0.016,14.2497,30.8673,0.043,-23.1086,0.2156
1,latency,CRADK,HRSD_17.1,HRSD17,cross-corpus-882,RobustScaler,Lasso,47,12,5,0.0162,14.231,30.8642,0.0434,-23.1037,0.2156
1,latency,CRADK,HRSD_17.1,HRSD17,cross-corpus-882,RobustScaler,ElasticNet,47,12,5,0.0163,14.2404,30.948,0.0438,-23.2347,0.2156
1,latency,CRADK,HRSD_17.1,HRSD17,cross-corpus-882,RobustScaler,SVR,47,12,5,0.1308,5.5323,6.4856,0.1693,-0.0643,0.0637
1,latency,CRADK,HRSD_17.1,HRSD17,cross-corpus-882,RobustScaler,KNN,47,12,5,0.271,5.2,6.2541,0.3432,0.0103,0.3781
1,latency,CRADK,HRSD_17.1,HRSD17,cross-corpus-882,RobustScaler,RF,47,12,5,0.0572,5.2457,6.3912,0.107,-0.0336,0.1414
1,latency,CRADK,HRSD_17.1,HRSD17,cross-corpus-882,RobustScaler,ET,47,12,5,0.1606,5.5856,6.2012,0.2341,0.027,0.3216
1,latency,CRADK,HRSD_17.1,HRSD17,cross-corpus-882,RobustScaler,GB,47,12,5,0.1184,5.7773,6.7504,0.1423,-0.153,0.2827
1,latency,CRADK,HRSD_17.1,HRSD17,cross-corpus-882,RobustScaler,XGB,47,12,5,0.1236,5.2717,6.4223,0.1685,-0.0436,0.3004
1,latency,CRADK,HRSD_17.1,HRSD17,cross-corpus-882,RobustScaler,MLP,47,12,5,0.0077,29.5973,73.838,0.0483,-136.9539,0.2262
1,latency,CRADK,HRSD_17.1,HRSD17,cross-corpus-882,RobustScaler,LGBM,47,12,5,0.1868,5.0169,6.3451,0.2503,-0.0187,0.262
1,latency,CRADK,HRSD_17.1,HRSD17,cross-corpus-882,RobustScaler,CatBoost,47,12,5,0.2748,5.1973,6.1548,0.3286,0.0415,0.2686
2,latency,CRADK,HRSD_17.1,HRSD17,cross-corpus-882,StandardScaler,Ridge,47,12,10,-0.1593,8.7634,10.1826,-0.1733,-0.7052,-0.3287
2,latency,CRADK,HRSD_17.1,HRSD17,cross-corpus-882,StandardScaler,Lasso,47,12,10,-0.2504,10.036,12.0697,-0.2619,-1.3958,-0.3916
2,latency,CRADK,HRSD_17.1,HRSD17,cross-corpus-882,StandardScaler,ElasticNet,47,12,10,-0.0522,7.3746,8.6639,-0.0736,-0.2345,-0.0839
2,latency,CRADK,HRSD_17.1,HRSD17,cross-corpus-882,StandardScaler,SVR,47,12,10,-0.0968,7.3801,8.9111,-0.1321,-0.3059,-0.021
2,latency,CRADK,HRSD_17.1,HRSD17,cross-corpus-882,StandardScaler,KNN,47,12,10,-0.0991,7.0648,8.7895,-0.1546,-0.2705,-0.3169
2,latency,CRADK,HRSD_17.1,HRSD17,cross-corpus-882,StandardScaler,RF,47,12,10,-0.0532,7.6489,8.7275,-0.0748,-0.2527,-0.0839
2,latency,CRADK,HRSD_17.1,HRSD17,cross-corpus-882,StandardScaler,ET,47,12,10,-0.0162,7.7921,8.7382,-0.0206,-0.2558,-0.0629
2,latency,CRADK,HRSD_17.1,HRSD17,cross-corpus-882,StandardScaler,GB,47,12,10,-0.2089,8.693,9.9768,-0.2377,-0.637,-0.2378
2,latency,CRADK,HRSD_17.1,HRSD17,cross-corpus-882,StandardScaler,XGB,47,12,10,-0.1544,8.4156,10.0138,-0.1687,-0.6491,-0.1608
2,latency,CRADK,HRSD_17.1,HRSD17,cross-corpus-882,StandardScaler,MLP,47,12,10,0.0162,8.7183,9.9174,0.0166,-0.6175,-0.1189
2,latency,CRADK,HRSD_17.1,HRSD17,cross-corpus-882,StandardScaler,LGBM,47,12,10,-0.2767,8.1425,9.7488,-0.367,-0.563,-0.3916
2,latency,CRADK,HRSD_17.1,HRSD17,cross-corpus-882,StandardScaler,CatBoost,47,12,10,-0.1154,8.4231,9.3244,-0.1421,-0.4299,-0.1818
2,latency,CRADK,HRSD_17.1,HRSD17,cross-corpus-882,MinMaxScaler,Ridge,47,12,10,-0.114,7.5157,8.9787,-0.156,-0.3258,-0.1818
2,latency,CRADK,HRSD_17.1,HRSD17,cross-corpus-882,MinMaxScaler,Lasso,47,12,10,-0.0496,7.2411,8.7934,-0.0653,-0.2717,0.021
2,latency,CRADK,HRSD_17.1,HRSD17,cross-corpus-882,MinMaxScaler,ElasticNet,47,12,10,-0.0898,7.2362,8.6921,-0.1368,-0.2425,-0.1259
2,latency,CRADK,HRSD_17.1,HRSD17,cross-corpus-882,MinMaxScaler,SVR,47,12,10,-0.1409,8.2671,9.5083,-0.1719,-0.4868,-0.1678
2,latency,CRADK,HRSD_17.1,HRSD17,cross-corpus-882,MinMaxScaler,KNN,47,12,10,-0.1337,7.6833,9.1146,-0.1781,-0.3663,-0.2702
2,latency,CRADK,HRSD_17.1,HRSD17,cross-corpus-882,MinMaxScaler,RF,47,12,10,-0.1107,7.6638,8.9188,-0.1587,-0.3082,-0.2028
2,latency,CRADK,HRSD_17.1,HRSD17,cross-corpus-882,MinMaxScaler,ET,47,12,10,-0.0571,7.7621,8.7286,-0.0791,-0.253,-0.2308
2,latency,CRADK,HRSD_17.1,HRSD17,cross-corpus-882,MinMaxScaler,GB,47,12,10,-0.0807,8.2962,10.2754,-0.0854,-0.7364,-0.035
2,latency,CRADK,HRSD_17.1,HRSD17,cross-corpus-882,MinMaxScaler,XGB,47,12,10,-0.1751,8.531,9.9116,-0.1967,-0.6156,-0.2028
2,latency,CRADK,HRSD_17.1,HRSD17,cross-corpus-882,MinMaxScaler,MLP,47,12,10,-0.1231,7.9037,9.3047,-0.1515,-0.4239,-0.1469
2,latency,CRADK,HRSD_17.1,HRSD17,cross-corpus-882,MinMaxScaler,LGBM,47,12,10,-0.2645,8.1614,9.8477,-0.3318,-0.5949,-0.3706
2,latency,CRADK,HRSD_17.1,HRSD17,cross-corpus-882,MinMaxScaler,CatBoost,47,12,10,-0.1517,8.2633,9.3024,-0.1947,-0.4231,-0.1538
2,latency,CRADK,HRSD_17.1,HRSD17,cross-corpus-882,RobustScaler,Ridge,47,12,15,-0.257,9.8473,11.7771,-0.2681,-1.2811,-0.3287
2,latency,CRADK,HRSD_17.1,HRSD17,cross-corpus-882,RobustScaler,Lasso,47,12,15,-0.2512,11.0109,13.3277,-0.2662,-1.9213,-0.3427
2,latency,CRADK,HRSD_17.1,HRSD17,cross-corpus-882,RobustScaler,ElasticNet,47,12,15,-0.1832,8.3357,9.9044,-0.2088,-0.6133,-0.2308
2,latency,CRADK,HRSD_17.1,HRSD17,cross-corpus-882,RobustScaler,SVR,47,12,15,-0.1138,7.6842,9.3223,-0.1392,-0.4292,-0.0979
2,latency,CRADK,HRSD_17.1,HRSD17,cross-corpus-882,RobustScaler,KNN,47,12,15,0.0061,7.2333,8.4888,0.0083,-0.1851,-0.028
2,latency,CRADK,HRSD_17.1,HRSD17,cross-corpus-882,RobustScaler,RF,47,12,15,-0.1044,7.8208,8.8833,-0.1485,-0.2978,-0.1608
2,latency,CRADK,HRSD_17.1,HRSD17,cross-corpus-882,RobustScaler,ET,47,12,15,-0.1558,8.1658,9.3179,-0.1984,-0.4279,-0.2867
2,latency,CRADK,HRSD_17.1,HRSD17,cross-corpus-882,RobustScaler,GB,47,12,15,-0.2262,8.5852,9.9244,-0.2637,-0.6198,-0.2517
2,latency,CRADK,HRSD_17.1,HRSD17,cross-corpus-882,RobustScaler,XGB,47,12,15,-0.2511,8.0865,9.8806,-0.3046,-0.6056,-0.3706
2,latency,CRADK,HRSD_17.1,HRSD17,cross-corpus-882,RobustScaler,MLP,47,12,15,0.1338,8.5052,10.4655,0.1346,-0.8013,-0.035
2,latency,CRADK,HRSD_17.1,HRSD17,cross-corpus-882,RobustScaler,LGBM,47,12,15,-0.2195,7.8997,9.454,-0.3025,-0.4699,-0.3287
2,latency,CRADK,HRSD_17.1,HRSD17,cross-corpus-882,RobustScaler,CatBoost,47,12,15,-0.1302,8.5574,9.6454,-0.1488,-0.53,-0.2098
3,latency,CRADK,HRSD_17.1,HRSD17,cross-corpus-882,StandardScaler,Ridge,47,12,5,-0.1305,6.9854,8.426,-0.1788,-1.2724,0.0212
3,latency,CRADK,HRSD_17.1,HRSD17,cross-corpus-882,StandardScaler,Lasso,47,12,5,-0.1304,6.9526,8.3824,-0.1788,-1.249,0.0212
3,latency,CRADK,HRSD_17.1,HRSD17,cross-corpus-882,StandardScaler,ElasticNet,47,12,5,-0.1302,6.9282,8.3495,-0.1786,-1.2313,0.0212
3,latency,CRADK,HRSD_17.1,HRSD17,cross-corpus-882,StandardScaler,SVR,47,12,5,-0.281,7.25,8.5778,-0.3322,-1.3551,-0.2827
3,latency,CRADK,HRSD_17.1,HRSD17,cross-corpus-882,StandardScaler,KNN,47,12,5,-0.1449,7.7333,8.4569,-0.1528,-1.2891,-0.1292
3,latency,CRADK,HRSD_17.1,HRSD17,cross-corpus-882,StandardScaler,RF,47,12,5,-0.5407,7.1442,8.3191,-0.6235,-1.2151,-0.6184
3,latency,CRADK,HRSD_17.1,HRSD17,cross-corpus-882,StandardScaler,ET,47,12,5,-0.2474,7.1783,8.102,-0.2962,-1.101,-0.1982
3,latency,CRADK,HRSD_17.1,HRSD17,cross-corpus-882,StandardScaler,GB,47,12,5,-0.6683,8.5275,9.5491,-0.6753,-1.9186,-0.5619
3,latency,CRADK,HRSD_17.1,HRSD17,cross-corpus-882,StandardScaler,XGB,47,12,5,-0.7702,9.7299,11.2058,-0.7782,-3.0191,-0.7174
3,latency,CRADK,HRSD_17.1,HRSD17,cross-corpus-882,StandardScaler,MLP,47,12,5,-0.0776,7.5322,8.668,-0.0937,-1.4048,0.0071
3,latency,CRADK,HRSD_17.1,HRSD17,cross-corpus-882,StandardScaler,LGBM,47,12,5,-0.4089,6.6185,8.0365,-0.4434,-1.0672,-0.3547
3,latency,CRADK,HRSD_17.1,HRSD17,cross-corpus-882,StandardScaler,CatBoost,47,12,5,-0.4765,7.1747,8.4231,-0.5079,-1.2708,-0.4983
3,latency,CRADK,HRSD_17.1,HRSD17,cross-corpus-882,MinMaxScaler,Ridge,47,12,10,-0.2396,6.3469,7.2527,-0.3188,-0.6836,-0.3286
3,latency,CRADK,HRSD_17.1,HRSD17,cross-corpus-882,MinMaxScaler,Lasso,47,12,10,-0.1037,5.8064,6.5981,-0.1569,-0.3934,-0.2403
3,latency,CRADK,HRSD_17.1,HRSD17,cross-corpus-882,MinMaxScaler,ElasticNet,47,12,10,-0.1636,5.7677,6.5459,-0.2932,-0.3715,-0.3498
3,latency,CRADK,HRSD_17.1,HRSD17,cross-corpus-882,MinMaxScaler,SVR,47,12,10,-0.1844,5.9997,6.7186,-0.2712,-0.4448,-0.2544
3,latency,CRADK,HRSD_17.1,HRSD17,cross-corpus-882,MinMaxScaler,KNN,47,12,10,-0.4685,7.5,8.2555,-0.4996,-1.1814,-0.5629
3,latency,CRADK,HRSD_17.1,HRSD17,cross-corpus-882,MinMaxScaler,RF,47,12,10,-0.3561,6.1775,7.593,-0.4322,-0.8453,-0.3993
3,latency,CRADK,HRSD_17.1,HRSD17,cross-corpus-882,MinMaxScaler,ET,47,12,10,-0.3348,6.7458,7.7102,-0.416,-0.9028,-0.3746
3,latency,CRADK,HRSD_17.1,HRSD17,cross-corpus-882,MinMaxScaler,GB,47,12,10,-0.235,6.4743,7.7294,-0.2532,-0.9122,-0.106
3,latency,CRADK,HRSD_17.1,HRSD17,cross-corpus-882,MinMaxScaler,XGB,47,12,10,-0.1861,6.6674,7.9839,-0.198,-1.0402,-0.1484
3,latency,CRADK,HRSD_17.1,HRSD17,cross-corpus-882,MinMaxScaler,MLP,47,12,10,-0.3102,7.1722,8.3121,-0.3597,-1.2114,-0.3251
3,latency,CRADK,HRSD_17.1,HRSD17,cross-corpus-882,MinMaxScaler,LGBM,47,12,10,-0.1256,5.7451,6.5117,-0.1731,-0.3572,-0.212
3,latency,CRADK,HRSD_17.1,HRSD17,cross-corpus-882,MinMaxScaler,CatBoost,47,12,10,-0.302,5.9813,7.2428,-0.3732,-0.6791,-0.4099
3,latency,CRADK,HRSD_17.1,HRSD17,cross-corpus-882,RobustScaler,Ridge,47,12,5,-0.1506,5.6334,6.6125,-0.2185,-0.3995,-0.2509
3,latency,CRADK,HRSD_17.1,HRSD17,cross-corpus-882,RobustScaler,Lasso,47,12,5,-0.2217,6.1751,7.3604,-0.2489,-0.734,-0.3216
3,latency,CRADK,HRSD_17.1,HRSD17,cross-corpus-882,RobustScaler,ElasticNet,47,12,5,-0.16,5.7924,6.8086,-0.2061,-0.4837,-0.2509
3,latency,CRADK,HRSD_17.1,HRSD17,cross-corpus-882,RobustScaler,SVR,47,12,5,-0.0905,5.6458,6.3674,-0.1885,-0.2977,-0.2474
3,latency,CRADK,HRSD_17.1,HRSD17,cross-corpus-882,RobustScaler,KNN,47,12,5,-0.2614,6.75,7.8713,-0.2761,-0.9831,-0.2898
3,latency,CRADK,HRSD_17.1,HRSD17,cross-corpus-882,RobustScaler,RF,47,12,5,-0.4583,7.4408,8.395,-0.5012,-1.2557,-0.5548
3,latency,CRADK,HRSD_17.1,HRSD17,cross-corpus-882,RobustScaler,ET,47,12,5,-0.4153,7.599,8.3666,-0.4475,-1.2405,-0.4806
3,latency,CRADK,HRSD_17.1,HRSD17,cross-corpus-882,RobustScaler,GB,47,12,5,-0.4943,8.5211,10.0599,-0.4977,-2.2392,-0.4594
3,latency,CRADK,HRSD_17.1,HRSD17,cross-corpus-882,RobustScaler,XGB,47,12,5,-0.5655,9.5481,10.9178,-0.5756,-2.8152,-0.6078
3,latency,CRADK,HRSD_17.1,HRSD17,cross-corpus-882,RobustScaler,MLP,47,12,5,-0.302,6.3323,7.4339,-0.343,-0.7688,-0.2933
3,latency,CRADK,HRSD_17.1,HRSD17,cross-corpus-882,RobustScaler,LGBM,47,12,5,-0.3166,6.2763,7.2971,-0.4006,-0.7043,-0.5044
3,latency,CRADK,HRSD_17.1,HRSD17,cross-corpus-882,RobustScaler,CatBoost,47,12,5,-0.426,7.3476,8.2879,-0.4756,-1.1985,-0.4523
4,latency,CRADK,HRSD_17.1,HRSD17,cross-corpus-882,StandardScaler,Ridge,47,12,10,-0.3671,9.7692,13.8082,-0.4002,-2.0175,-0.3515
4,latency,CRADK,HRSD_17.1,HRSD17,cross-corpus-882,StandardScaler,Lasso,47,12,10,-0.3527,10.857,15.2482,-0.392,-2.6796,-0.3796
4,latency,CRADK,HRSD_17.1,HRSD17,cross-corpus-882,StandardScaler,ElasticNet,47,12,10,-0.3585,10.2567,14.5107,-0.3938,-2.3323,-0.3796
4,latency,CRADK,HRSD_17.1,HRSD17,cross-corpus-882,StandardScaler,SVR,47,12,10,-0.376,7.7592,10.4314,-0.4939,-0.7221,-0.3796
4,latency,CRADK,HRSD_17.1,HRSD17,cross-corpus-882,StandardScaler,KNN,47,12,10,-0.3842,8.1667,10.51,-0.4796,-0.7481,-0.4208
4,latency,CRADK,HRSD_17.1,HRSD17,cross-corpus-882,StandardScaler,RF,47,12,10,-0.5099,7.9175,10.5799,-0.7276,-0.7715,-0.6503
4,latency,CRADK,HRSD_17.1,HRSD17,cross-corpus-882,StandardScaler,ET,47,12,10,-0.4872,8.0675,10.6261,-0.6696,-0.787,-0.5835
4,latency,CRADK,HRSD_17.1,HRSD17,cross-corpus-882,StandardScaler,GB,47,12,10,-0.523,8.5081,11.5571,-0.5886,-1.1138,-0.4991
4,latency,CRADK,HRSD_17.1,HRSD17,cross-corpus-882,StandardScaler,XGB,47,12,10,-0.5402,8.1978,11.6113,-0.6471,-1.1337,-0.5448
4,latency,CRADK,HRSD_17.1,HRSD17,cross-corpus-882,StandardScaler,MLP,47,12,10,-0.3994,9.5731,11.6144,-0.445,-1.1348,-0.5167
4,latency,CRADK,HRSD_17.1,HRSD17,cross-corpus-882,StandardScaler,LGBM,47,12,10,-0.1238,6.7563,9.4563,-0.1688,-0.4152,-0.0879
4,latency,CRADK,HRSD_17.1,HRSD17,cross-corpus-882,StandardScaler,CatBoost,47,12,10,-0.4574,7.846,10.6934,-0.5855,-0.8097,-0.5378
4,latency,CRADK,HRSD_17.1,HRSD17,cross-corpus-882,MinMaxScaler,Ridge,47,12,10,-0.4282,9.6186,13.3957,-0.4694,-1.8399,-0.3585
4,latency,CRADK,HRSD_17.1,HRSD17,cross-corpus-882,MinMaxScaler,Lasso,47,12,10,-0.3838,9.4876,13.1601,-0.4241,-1.7409,-0.3902
4,latency,CRADK,HRSD_17.1,HRSD17,cross-corpus-882,MinMaxScaler,ElasticNet,47,12,10,-0.3927,10.0951,14.1325,-0.43,-2.1608,-0.3585
4,latency,CRADK,HRSD_17.1,HRSD17,cross-corpus-882,MinMaxScaler,SVR,47,12,10,-0.3509,8.7437,11.94,-0.39,-1.2562,-0.2812
4,latency,CRADK,HRSD_17.1,HRSD17,cross-corpus-882,MinMaxScaler,KNN,47,12,10,-0.4981,8.4167,11.8825,-0.5362,-1.2345,-0.3392
4,latency,CRADK,HRSD_17.1,HRSD17,cross-corpus-882,MinMaxScaler,RF,47,12,10,-0.4332,7.7908,10.509,-0.5721,-0.7478,-0.3761
4,latency,CRADK,HRSD_17.1,HRSD17,cross-corpus-882,MinMaxScaler,ET,47,12,10,-0.4453,8.0033,10.9835,-0.5341,-0.9092,-0.4359
4,latency,CRADK,HRSD_17.1,HRSD17,cross-corpus-882,MinMaxScaler,GB,47,12,10,-0.4517,8.3395,11.321,-0.5031,-1.0283,-0.4569
4,latency,CRADK,HRSD_17.1,HRSD17,cross-corpus-882,MinMaxScaler,XGB,47,12,10,-0.4971,8.4792,12.0151,-0.5423,-1.2847,-0.3937
4,latency,CRADK,HRSD_17.1,HRSD17,cross-corpus-882,MinMaxScaler,MLP,47,12,10,-0.4057,9.7678,13.2189,-0.4404,-1.7654,-0.3163
4,latency,CRADK,HRSD_17.1,HRSD17,cross-corpus-882,MinMaxScaler,LGBM,47,12,10,-0.1684,7.2806,9.9593,-0.2029,-0.5697,-0.1039
4,latency,CRADK,HRSD_17.1,HRSD17,cross-corpus-882,MinMaxScaler,CatBoost,47,12,10,-0.3255,7.5954,10.459,-0.388,-0.7312,-0.2039
4,latency,CRADK,HRSD_17.1,HRSD17,cross-corpus-882,RobustScaler,Ridge,47,12,15,-0.3239,10.6611,15.2773,-0.3558,-2.6937,-0.348
4,latency,CRADK,HRSD_17.1,HRSD17,cross-corpus-882,RobustScaler,Lasso,47,12,15,-0.332,10.5359,15.0767,-0.3658,-2.5973,-0.3234
4,latency,CRADK,HRSD_17.1,HRSD17,cross-corpus-882,RobustScaler,ElasticNet,47,12,15,-0.3333,10.2696,14.6733,-0.3623,-2.4074,-0.3234
4,latency,CRADK,HRSD_17.1,HRSD17,cross-corpus-882,RobustScaler,SVR,47,12,15,-0.6321,9.3174,11.8949,-0.7171,-1.2392,-0.6186
4,latency,CRADK,HRSD_17.1,HRSD17,cross-corpus-882,RobustScaler,KNN,47,12,15,-0.5676,9.2778,11.3104,-0.6789,-1.0245,-0.6526
4,latency,CRADK,HRSD_17.1,HRSD17,cross-corpus-882,RobustScaler,RF,47,12,15,-0.4776,8.1808,10.3219,-0.7257,-0.6861,-0.6849
4,latency,CRADK,HRSD_17.1,HRSD17,cross-corpus-882,RobustScaler,ET,47,12,15,-0.4767,8.145,10.4011,-0.7033,-0.7121,-0.6327
4,latency,CRADK,HRSD_17.1,HRSD17,cross-corpus-882,RobustScaler,GB,47,12,15,-0.5549,8.6047,11.5257,-0.6365,-1.1024,-0.4394
4,latency,CRADK,HRSD_17.1,HRSD17,cross-corpus-882,RobustScaler,XGB,47,12,15,-0.6035,8.4724,11.2515,-0.7702,-1.0035,-0.7768
4,latency,CRADK,HRSD_17.1,HRSD17,cross-corpus-882,RobustScaler,MLP,47,12,15,-0.2818,9.6835,11.5539,-0.316,-1.1126,-0.4394
4,latency,CRADK,HRSD_17.1,HRSD17,cross-corpus-882,RobustScaler,LGBM,47,12,15,-0.265,7.5311,10.0124,-0.342,-0.5865,-0.341
4,latency,CRADK,HRSD_17.1,HRSD17,cross-corpus-882,RobustScaler,CatBoost,47,12,15,-0.4795,8.2088,10.4299,-0.7033,-0.7216,-0.6678
5,latency,CRADK,HRSD_17.1,HRSD17,cross-corpus-882,StandardScaler,Ridge,48,11,5,-0.1176,8.4944,9.7618,-0.119,-1.3107,-0.1139
5,latency,CRADK,HRSD_17.1,HRSD17,cross-corpus-882,StandardScaler,Lasso,48,11,5,-0.1185,8.5469,9.8509,-0.12,-1.3531,-0.1139
5,latency,CRADK,HRSD_17.1,HRSD17,cross-corpus-882,StandardScaler,ElasticNet,48,11,5,-0.118,8.5303,9.823,-0.1195,-1.3398,-0.1139
5,latency,CRADK,HRSD_17.1,HRSD17,cross-corpus-882,StandardScaler,SVR,48,11,5,-0.156,7.0426,7.9444,-0.1817,-0.5304,0.0319
5,latency,CRADK,HRSD_17.1,HRSD17,cross-corpus-882,StandardScaler,KNN,48,11,5,-0.1734,6.8586,7.6425,-0.2343,-0.4163,-0.1412
5,latency,CRADK,HRSD_17.1,HRSD17,cross-corpus-882,StandardScaler,RF,48,11,5,-0.0547,6.5994,7.0231,-0.0847,-0.196,0.0683
5,latency,CRADK,HRSD_17.1,HRSD17,cross-corpus-882,StandardScaler,ET,48,11,5,-0.1675,7.2664,7.8101,-0.2058,-0.4791,-0.246
5,latency,CRADK,HRSD_17.1,HRSD17,cross-corpus-882,StandardScaler,GB,48,11,5,-0.1447,7.7698,8.6835,-0.1512,-0.8284,0.0273
5,latency,CRADK,HRSD_17.1,HRSD17,cross-corpus-882,StandardScaler,XGB,48,11,5,-0.1652,8.1418,8.8951,-0.1757,-0.9186,-0.0911
5,latency,CRADK,HRSD_17.1,HRSD17,cross-corpus-882,StandardScaler,MLP,48,11,5,-0.2259,8.199,9.578,-0.2421,-1.2245,-0.0319
5,latency,CRADK,HRSD_17.1,HRSD17,cross-corpus-882,StandardScaler,LGBM,48,11,5,0.0624,6.1239,6.7706,0.0868,-0.1116,0.1556
5,latency,CRADK,HRSD_17.1,HRSD17,cross-corpus-882,StandardScaler,CatBoost,48,11,5,-0.2347,7.5497,8.0906,-0.2825,-0.5873,-0.1549
5,latency,CRADK,HRSD_17.1,HRSD17,cross-corpus-882,MinMaxScaler,Ridge,48,11,10,-0.17,8.7782,9.7488,-0.1705,-1.3046,-0.1139
5,latency,CRADK,HRSD_17.1,HRSD17,cross-corpus-882,MinMaxScaler,Lasso,48,11,10,-0.1654,8.8551,9.8961,-0.166,-1.3747,-0.1139
5,latency,CRADK,HRSD_17.1,HRSD17,cross-corpus-882,MinMaxScaler,ElasticNet,48,11,10,-0.175,8.5986,9.456,-0.1759,-1.1682,-0.1367
5,latency,CRADK,HRSD_17.1,HRSD17,cross-corpus-882,MinMaxScaler,SVR,48,11,10,-0.18,8.1576,8.9004,-0.1854,-0.9209,-0.1822
5,latency,CRADK,HRSD_17.1,HRSD17,cross-corpus-882,MinMaxScaler,KNN,48,11,10,-0.2229,7.1616,7.629,-0.3331,-0.4113,-0.246
5,latency,CRADK,HRSD_17.1,HRSD17,cross-corpus-882,MinMaxScaler,RF,48,11,10,-0.2025,7.1198,7.7148,-0.2757,-0.4432,-0.2187
5,latency,CRADK,HRSD_17.1,HRSD17,cross-corpus-882,MinMaxScaler,ET,48,11,10,-0.3263,8.0373,8.6202,-0.3748,-0.8019,-0.2961
5,latency,CRADK,HRSD_17.1,HRSD17,cross-corpus-882,MinMaxScaler,GB,48,11,10,-0.2909,8.2976,8.9028,-0.3097,-0.9219,-0.3326
5,latency,CRADK,HRSD_17.1,HRSD17,cross-corpus-882,MinMaxScaler,XGB,48,11,10,-0.3627,8.1836,8.9073,-0.3995,-0.9239,-0.3872
5,latency,CRADK,HRSD_17.1,HRSD17,cross-corpus-882,MinMaxScaler,MLP,48,11,10,-0.1475,7.7385,8.3832,-0.1578,-0.7041,-0.1367
5,latency,CRADK,HRSD_17.1,HRSD17,cross-corpus-882,MinMaxScaler,LGBM,48,11,10,-0.2419,7.3178,8.1753,-0.2889,-0.6207,-0.3098
5,latency,CRADK,HRSD_17.1,HRSD17,cross-corpus-882,MinMaxScaler,CatBoost,48,11,10,-0.2868,8.1923,8.963,-0.3059,-0.948,-0.2278
5,latency,CRADK,HRSD_17.1,HRSD17,cross-corpus-882,RobustScaler,Ridge,48,11,5,-0.1424,8.2576,9.0555,-0.1441,-0.9884,-0.0866
5,latency,CRADK,HRSD_17.1,HRSD17,cross-corpus-882,RobustScaler,Lasso,48,11,5,-0.1558,8.8348,9.8284,-0.156,-1.3423,-0.1048
5,latency,CRADK,HRSD_17.1,HRSD17,cross-corpus-882,RobustScaler,ElasticNet,48,11,5,-0.1172,7.3423,7.9562,-0.1328,-0.5349,0.1139
5,latency,CRADK,HRSD_17.1,HRSD17,cross-corpus-882,RobustScaler,SVR,48,11,5,-0.0278,6.9093,7.4564,-0.0329,-0.3482,0.0683
5,latency,CRADK,HRSD_17.1,HRSD17,cross-corpus-882,RobustScaler,KNN,48,11,5,0.046,6.4646,6.786,0.0698,-0.1166,-0.0616
5,latency,CRADK,HRSD_17.1,HRSD17,cross-corpus-882,RobustScaler,RF,48,11,5,-0.0758,6.7193,7.1696,-0.1139,-0.2465,-0.0866
5,latency,CRADK,HRSD_17.1,HRSD17,cross-corpus-882,RobustScaler,ET,48,11,5,-0.1425,7.0386,7.6971,-0.1932,-0.4366,-0.2232
5,latency,CRADK,HRSD_17.1,HRSD17,cross-corpus-882,RobustScaler,GB,48,11,5,-0.2043,7.6996,8.7159,-0.2196,-0.8421,-0.1777
5,latency,CRADK,HRSD_17.1,HRSD17,cross-corpus-882,RobustScaler,XGB,48,11,5,-0.1933,7.5794,8.6327,-0.2062,-0.8071,-0.2187
5,latency,CRADK,HRSD_17.1,HRSD17,cross-corpus-882,RobustScaler,MLP,48,11,5,-0.2223,8.4858,9.6582,-0.2335,-1.2619,-0.1139
5,latency,CRADK,HRSD_17.1,HRSD17,cross-corpus-882,RobustScaler,LGBM,48,11,5,-0.144,6.8142,7.68,-0.1815,-0.4302,-0.1826
5,latency,CRADK,HRSD_17.1,HRSD17,cross-corpus-882,RobustScaler,CatBoost,48,11,5,-0.1373,7.1564,7.822,-0.1659,-0.4836,-0.1458
1,latency,CRADK,HRSD_21.1,HRSD21,cross-corpus-882,StandardScaler,Ridge,47,12,5,-0.3703,9.8734,15.0969,-0.3904,-2.5385,-0.2702
1,latency,CRADK,HRSD_21.1,HRSD21,cross-corpus-882,StandardScaler,Lasso,47,12,5,-0.3778,9.3387,13.9358,-0.3901,-2.0152,-0.2737
1,latency,CRADK,HRSD_21.1,HRSD21,cross-corpus-882,StandardScaler,ElasticNet,47,12,5,-0.3717,8.5039,11.992,-0.3918,-1.2327,-0.2632
1,latency,CRADK,HRSD_21.1,HRSD21,cross-corpus-882,StandardScaler,SVR,47,12,5,-0.0524,8.1373,9.7461,-0.06,-0.4747,-0.1789
1,latency,CRADK,HRSD_21.1,HRSD21,cross-corpus-882,StandardScaler,KNN,47,12,5,-0.1175,7.6429,9.7181,-0.1381,-0.4663,-0.1193
1,latency,CRADK,HRSD_21.1,HRSD21,cross-corpus-882,StandardScaler,RF,47,12,5,-0.0955,7.0216,8.9791,-0.1445,-0.2517,-0.0807
1,latency,CRADK,HRSD_21.1,HRSD21,cross-corpus-882,StandardScaler,ET,47,12,5,-0.2476,7.7883,9.8154,-0.3477,-0.4958,-0.414
1,latency,CRADK,HRSD_21.1,HRSD21,cross-corpus-882,StandardScaler,GB,47,12,5,-0.295,9.1256,11.0496,-0.317,-0.8956,-0.386
1,latency,CRADK,HRSD_21.1,HRSD21,cross-corpus-882,StandardScaler,XGB,47,12,5,-0.2992,10.4835,12.3993,-0.3055,-1.387,-0.3298
1,latency,CRADK,HRSD_21.1,HRSD21,cross-corpus-882,StandardScaler,MLP,47,12,5,-0.1734,9.9065,12.3511,-0.1749,-1.3684,-0.1368
1,latency,CRADK,HRSD_21.1,HRSD21,cross-corpus-882,StandardScaler,LGBM,47,12,5,-0.113,7.7734,9.2381,-0.1542,-0.325,-0.1901
1,latency,CRADK,HRSD_21.1,HRSD21,cross-corpus-882,StandardScaler,CatBoost,47,12,5,-0.3456,9.0732,10.9552,-0.4002,-0.8633,-0.3789
1,latency,CRADK,HRSD_21.1,HRSD21,cross-corpus-882,MinMaxScaler,Ridge,47,12,10,-0.0235,11.733,17.476,-0.0302,-3.7417,0.1404
1,latency,CRADK,HRSD_21.1,HRSD21,cross-corpus-882,MinMaxScaler,Lasso,47,12,10,-0.0147,13.1398,22.0521,-0.0229,-6.55,0.2561
1,latency,CRADK,HRSD_21.1,HRSD21,cross-corpus-882,MinMaxScaler,ElasticNet,47,12,10,-0.0342,10.887,15.2581,-0.0402,-2.6145,-0.1719
1,latency,CRADK,HRSD_21.1,HRSD21,cross-corpus-882,MinMaxScaler,SVR,47,12,10,0.0979,8.0339,8.8059,0.1132,-0.2039,0.0105
1,latency,CRADK,HRSD_21.1,HRSD21,cross-corpus-882,MinMaxScaler,KNN,47,12,10,0.0392,6.7407,8.2658,0.0673,-0.0608,0.1353
1,latency,CRADK,HRSD_21.1,HRSD21,cross-corpus-882,MinMaxScaler,RF,47,12,10,0.222,6.1033,7.6484,0.3301,0.0918,0.3298
1,latency,CRADK,HRSD_21.1,HRSD21,cross-corpus-882,MinMaxScaler,ET,47,12,10,0.2972,6.1175,7.2547,0.454,0.1829,0.5579
1,latency,CRADK,HRSD_21.1,HRSD21,cross-corpus-882,MinMaxScaler,GB,47,12,10,0.1888,7.1824,8.5284,0.2186,-0.1292,0.3544
1,latency,CRADK,HRSD_21.1,HRSD21,cross-corpus-882,MinMaxScaler,XGB,47,12,10,0.2708,6.1912,7.8118,0.3216,0.0526,0.3123
1,latency,CRADK,HRSD_21.1,HRSD21,cross-corpus-882,MinMaxScaler,MLP,47,12,10,0.0528,12.7611,23.1302,0.0894,-7.3063,0.393
1,latency,CRADK,HRSD_21.1,HRSD21,cross-corpus-882,MinMaxScaler,LGBM,47,12,10,0.1219,6.6629,8.2913,0.1661,-0.0673,0.0912
1,latency,CRADK,HRSD_21.1,HRSD21,cross-corpus-882,MinMaxScaler,CatBoost,47,12,10,0.3576,6.6762,7.4961,0.4196,0.1276,0.4737
1,latency,CRADK,HRSD_21.1,HRSD21,cross-corpus-882,RobustScaler,Ridge,47,12,5,0.0549,11.0232,18.4401,0.076,-4.2793,0.2842
1,latency,CRADK,HRSD_21.1,HRSD21,cross-corpus-882,RobustScaler,Lasso,47,12,5,0.0,6.9167,8.0296,,-0.001,
1,latency,CRADK,HRSD_21.1,HRSD21,cross-corpus-882,RobustScaler,ElasticNet,47,12,5,0.0356,17.6079,35.9911,0.0891,-19.1112,0.4526
1,latency,CRADK,HRSD_21.1,HRSD21,cross-corpus-882,RobustScaler,SVR,47,12,5,0.0227,6.9811,8.5631,0.0377,-0.1384,0.0632
1,latency,CRADK,HRSD_21.1,HRSD21,cross-corpus-882,RobustScaler,KNN,47,12,5,0.1377,7.35,8.4038,0.1701,-0.0965,0.186
1,latency,CRADK,HRSD_21.1,HRSD21,cross-corpus-882,RobustScaler,RF,47,12,5,0.1553,6.663,7.5976,0.37,0.1038,0.3404
1,latency,CRADK,HRSD_21.1,HRSD21,cross-corpus-882,RobustScaler,ET,47,12,5,0.0898,7.1117,8.0662,0.1579,-0.0102,0.1439
1,latency,CRADK,HRSD_21.1,HRSD21,cross-corpus-882,RobustScaler,GB,47,12,5,0.1267,8.7309,9.9785,0.1278,-0.5459,0.0281
1,latency,CRADK,HRSD_21.1,HRSD21,cross-corpus-882,RobustScaler,XGB,47,12,5,0.1259,7.5364,9.1033,0.1357,-0.2866,0.1053
1,latency,CRADK,HRSD_21.1,HRSD21,cross-corpus-882,RobustScaler,MLP,47,12,5,0.0079,37.682,88.6521,0.0467,-121.0188,0.2386
1,latency,CRADK,HRSD_21.1,HRSD21,cross-corpus-882,RobustScaler,LGBM,47,12,5,0.208,6.6203,7.5868,0.342,0.1064,0.2211
1,latency,CRADK,HRSD_21.1,HRSD21,cross-corpus-882,RobustScaler,CatBoost,47,12,5,0.0686,7.2973,8.2515,0.1178,-0.0571,0.1965
2,latency,CRADK,HRSD_21.1,HRSD21,cross-corpus-882,StandardScaler,Ridge,47,12,10,-0.1651,9.61,11.4761,-0.175,-0.79,-0.3082
2,latency,CRADK,HRSD_21.1,HRSD21,cross-corpus-882,StandardScaler,Lasso,47,12,10,-0.2117,11.1236,13.5762,-0.2171,-1.5051,-0.2697
2,latency,CRADK,HRSD_21.1,HRSD21,cross-corpus-882,StandardScaler,ElasticNet,47,12,10,-0.0731,8.209,9.8983,-0.0924,-0.3316,-0.3292
2,latency,CRADK,HRSD_21.1,HRSD21,cross-corpus-882,StandardScaler,SVR,47,12,10,-0.008,7.6863,9.7433,-0.0096,-0.2902,0.0035
2,latency,CRADK,HRSD_21.1,HRSD21,cross-corpus-882,StandardScaler,KNN,47,12,10,-0.0001,8.25,9.7803,-0.0002,-0.3001,-0.1121
2,latency,CRADK,HRSD_21.1,HRSD21,cross-corpus-882,StandardScaler,RF,47,12,10,0.0472,8.0658,9.3883,0.0626,-0.1979,0.0525
2,latency,CRADK,HRSD_21.1,HRSD21,cross-corpus-882,StandardScaler,ET,47,12,10,0.0323,8.3108,9.445,0.0417,-0.2125,-0.0946
2,latency,CRADK,HRSD_21.1,HRSD21,cross-corpus-882,StandardScaler,GB,47,12,10,-0.1069,9.2554,10.8101,-0.1227,-0.5883,-0.042
2,latency,CRADK,HRSD_21.1,HRSD21,cross-corpus-882,StandardScaler,XGB,47,12,10,-0.0666,8.6081,10.3023,-0.0758,-0.4425,-0.056
2,latency,CRADK,HRSD_21.1,HRSD21,cross-corpus-882,StandardScaler,MLP,47,12,10,-0.0086,10.9762,12.2897,-0.0086,-1.0528,-0.2032
2,latency,CRADK,HRSD_21.1,HRSD21,cross-corpus-882,StandardScaler,LGBM,47,12,10,-0.1682,9.1074,10.9831,-0.1937,-0.6395,-0.1687
2,latency,CRADK,HRSD_21.1,HRSD21,cross-corpus-882,StandardScaler,CatBoost,47,12,10,-0.0207,9.1228,10.2847,-0.0232,-0.4376,-0.014
2,latency,CRADK,HRSD_21.1,HRSD21,cross-corpus-882,MinMaxScaler,Ridge,47,12,10,-0.0968,8.7786,10.3905,-0.1114,-0.4674,-0.1891
2,latency,CRADK,HRSD_21.1,HRSD21,cross-corpus-882,MinMaxScaler,Lasso,47,12,10,-0.2239,11.3337,13.9344,-0.2309,-1.639,-0.2697
2,latency,CRADK,HRSD_21.1,HRSD21,cross-corpus-882,MinMaxScaler,ElasticNet,47,12,10,-0.0673,7.9806,9.6613,-0.0923,-0.2686,-0.1716
2,latency,CRADK,HRSD_21.1,HRSD21,cross-corpus-882,MinMaxScaler,SVR,47,12,10,0.0345,8.1477,10.2069,0.0371,-0.416,-0.0701
2,latency,CRADK,HRSD_21.1,HRSD21,cross-corpus-882,MinMaxScaler,KNN,47,12,10,-0.1911,9.5278,11.4095,-0.2054,-0.7693,-0.1751
2,latency,CRADK,HRSD_21.1,HRSD21,cross-corpus-882,MinMaxScaler,RF,47,12,10,0.0101,8.1567,9.5661,0.0131,-0.2437,-0.0245
2,latency,CRADK,HRSD_21.1,HRSD21,cross-corpus-882,MinMaxScaler,ET,47,12,10,0.0031,8.5042,9.7412,0.0038,-0.2897,-0.1506
2,latency,CRADK,HRSD_21.1,HRSD21,cross-corpus-882,MinMaxScaler,GB,47,12,10,-0.1165,9.5217,11.1102,-0.128,-0.6777,-0.0911
2,latency,CRADK,HRSD_21.1,HRSD21,cross-corpus-882,MinMaxScaler,XGB,47,12,10,-0.0666,8.6081,10.3023,-0.0758,-0.4425,-0.056
2,latency,CRADK,HRSD_21.1,HRSD21,cross-corpus-882,MinMaxScaler,MLP,47,12,10,-0.1264,10.0006,11.4846,-0.131,-0.7926,-0.3012
2,latency,CRADK,HRSD_21.1,HRSD21,cross-corpus-882,MinMaxScaler,LGBM,47,12,10,-0.1682,9.1074,10.9831,-0.1937,-0.6395,-0.1687
2,latency,CRADK,HRSD_21.1,HRSD21,cross-corpus-882,MinMaxScaler,CatBoost,47,12,10,-0.0119,8.8978,10.1853,-0.0133,-0.41,-0.0701
2,latency,CRADK,HRSD_21.1,HRSD21,cross-corpus-882,RobustScaler,Ridge,47,12,10,0.0368,9.1099,10.5613,0.0383,-0.516,-0.2067
2,latency,CRADK,HRSD_21.1,HRSD21,cross-corpus-882,RobustScaler,Lasso,47,12,10,0.0389,9.6255,11.3261,0.0391,-0.7435,-0.0876
2,latency,CRADK,HRSD_21.1,HRSD21,cross-corpus-882,RobustScaler,ElasticNet,47,12,10,0.0753,8.3785,9.6381,0.086,-0.2625,-0.0701
2,latency,CRADK,HRSD_21.1,HRSD21,cross-corpus-882,RobustScaler,SVR,47,12,10,-0.1413,8.7541,10.7434,-0.159,-0.5687,-0.1051
2,latency,CRADK,HRSD_21.1,HRSD21,cross-corpus-882,RobustScaler,KNN,47,12,10,0.0785,8.5556,10.2947,0.0822,-0.4404,0.0
2,latency,CRADK,HRSD_21.1,HRSD21,cross-corpus-882,RobustScaler,RF,47,12,10,0.1124,7.7558,9.1154,0.1519,-0.1293,0.0035
2,latency,CRADK,HRSD_21.1,HRSD21,cross-corpus-882,RobustScaler,ET,47,12,10,0.0539,8.825,9.8886,0.0633,-0.329,0.0315
2,latency,CRADK,HRSD_21.1,HRSD21,cross-corpus-882,RobustScaler,GB,47,12,10,0.1403,7.9646,9.5412,0.1646,-0.2373,0.0946
2,latency,CRADK,HRSD_21.1,HRSD21,cross-corpus-882,RobustScaler,XGB,47,12,10,0.0691,7.8157,9.5554,0.0836,-0.241,-0.0315
2,latency,CRADK,HRSD_21.1,HRSD21,cross-corpus-882,RobustScaler,MLP,47,12,10,0.0653,9.9853,12.086,0.0669,-0.9853,-0.1191
2,latency,CRADK,HRSD_21.1,HRSD21,cross-corpus-882,RobustScaler,LGBM,47,12,10,-0.0493,8.6402,10.4544,-0.0575,-0.4855,0.0545
2,latency,CRADK,HRSD_21.1,HRSD21,cross-corpus-882,RobustScaler,CatBoost,47,12,10,0.0233,8.7304,10.1288,0.0273,-0.3944,-0.0245
3,latency,CRADK,HRSD_21.1,HRSD21,cross-corpus-882,StandardScaler,Ridge,47,12,10,-0.1068,6.4468,7.6783,-0.1325,-0.5934,-0.1646
3,latency,CRADK,HRSD_21.1,HRSD21,cross-corpus-882,StandardScaler,Lasso,47,12,10,-0.1064,6.5993,8.0225,-0.122,-0.7395,-0.1646
3,latency,CRADK,HRSD_21.1,HRSD21,cross-corpus-882,StandardScaler,ElasticNet,47,12,10,-0.1167,6.5747,7.9205,-0.1366,-0.6955,-0.1646
3,latency,CRADK,HRSD_21.1,HRSD21,cross-corpus-882,StandardScaler,SVR,47,12,10,-0.1692,7.4273,8.9269,-0.1875,-1.1538,-0.1611
3,latency,CRADK,HRSD_21.1,HRSD21,cross-corpus-882,StandardScaler,KNN,47,12,10,-0.0743,7.2,8.8072,-0.075,-1.0964,-0.035
3,latency,CRADK,HRSD_21.1,HRSD21,cross-corpus-882,StandardScaler,RF,47,12,10,-0.1833,6.3925,7.7017,-0.2129,-0.6031,-0.1296
3,latency,CRADK,HRSD_21.1,HRSD21,cross-corpus-882,StandardScaler,ET,47,12,10,-0.2419,7.1567,8.0781,-0.2807,-0.7637,-0.2452
3,latency,CRADK,HRSD_21.1,HRSD21,cross-corpus-882,StandardScaler,GB,47,12,10,-0.3503,7.9537,9.1586,-0.3597,-1.267,-0.2312
3,latency,CRADK,HRSD_21.1,HRSD21,cross-corpus-882,StandardScaler,XGB,47,12,10,-0.3638,7.9097,9.5902,-0.3655,-1.4857,-0.2137
3,latency,CRADK,HRSD_21.1,HRSD21,cross-corpus-882,StandardScaler,MLP,47,12,10,-0.4026,7.8846,9.369,-0.4246,-1.3724,-0.3257
3,latency,CRADK,HRSD_21.1,HRSD21,cross-corpus-882,StandardScaler,LGBM,47,12,10,0.1655,5.479,6.5459,0.1893,-0.1581,0.2281
3,latency,CRADK,HRSD_21.1,HRSD21,cross-corpus-882,StandardScaler,CatBoost,47,12,10,-0.0426,6.1428,7.9446,-0.0473,-0.7059,0.0
3,latency,CRADK,HRSD_21.1,HRSD21,cross-corpus-882,MinMaxScaler,Ridge,47,12,10,-0.1681,6.6649,7.5276,-0.2241,-0.5315,-0.3328
3,latency,CRADK,HRSD_21.1,HRSD21,cross-corpus-882,MinMaxScaler,Lasso,47,12,10,-0.0848,6.4463,7.4089,-0.1081,-0.4836,-0.2837
3,latency,CRADK,HRSD_21.1,HRSD21,cross-corpus-882,MinMaxScaler,ElasticNet,47,12,10,-0.1821,6.8117,7.8261,-0.2222,-0.6553,-0.3328
3,latency,CRADK,HRSD_21.1,HRSD21,cross-corpus-882,MinMaxScaler,SVR,47,12,10,-0.3645,7.8337,8.8517,-0.3956,-1.1176,-0.4904
3,latency,CRADK,HRSD_21.1,HRSD21,cross-corpus-882,MinMaxScaler,KNN,47,12,10,-0.3971,8.1167,9.5946,-0.4002,-1.488,-0.2347
3,latency,CRADK,HRSD_21.1,HRSD21,cross-corpus-882,MinMaxScaler,RF,47,12,10,-0.0399,5.6875,7.0776,-0.051,-0.3538,-0.056
3,latency,CRADK,HRSD_21.1,HRSD21,cross-corpus-882,MinMaxScaler,ET,47,12,10,-0.3582,7.4458,8.5131,-0.4091,-0.9587,-0.4869
3,latency,CRADK,HRSD_21.1,HRSD21,cross-corpus-882,MinMaxScaler,GB,47,12,10,0.0458,6.2487,7.5071,0.0499,-0.5231,-0.0806
3,latency,CRADK,HRSD_21.1,HRSD21,cross-corpus-882,MinMaxScaler,XGB,47,12,10,0.0628,5.6081,7.2143,0.068,-0.4066,0.0525
3,latency,CRADK,HRSD_21.1,HRSD21,cross-corpus-882,MinMaxScaler,MLP,47,12,10,-0.1393,6.4488,7.1717,-0.2015,-0.3901,-0.4553
3,latency,CRADK,HRSD_21.1,HRSD21,cross-corpus-882,MinMaxScaler,LGBM,47,12,10,0.1221,5.4428,6.4585,0.1522,-0.1274,0.2102
3,latency,CRADK,HRSD_21.1,HRSD21,cross-corpus-882,MinMaxScaler,CatBoost,47,12,10,0.1788,4.9421,6.423,0.2169,-0.115,0.028
3,latency,CRADK,HRSD_21.1,HRSD21,cross-corpus-882,RobustScaler,Ridge,47,12,10,-0.013,5.9301,6.9983,-0.0161,-0.3237,-0.1576
3,latency,CRADK,HRSD_21.1,HRSD21,cross-corpus-882,RobustScaler,Lasso,47,12,10,0.1512,6.4956,7.651,0.1518,-0.5821,-0.021
3,latency,CRADK,HRSD_21.1,HRSD21,cross-corpus-882,RobustScaler,ElasticNet,47,12,10,0.0797,5.8726,7.1027,0.0862,-0.3635,-0.007
3,latency,CRADK,HRSD_21.1,HRSD21,cross-corpus-882,RobustScaler,SVR,47,12,10,-0.1674,7.0547,7.8522,-0.1828,-0.6664,-0.1856
3,latency,CRADK,HRSD_21.1,HRSD21,cross-corpus-882,RobustScaler,KNN,47,12,10,-0.2841,7.25,8.6184,-0.2983,-1.0075,-0.2627
3,latency,CRADK,HRSD_21.1,HRSD21,cross-corpus-882,RobustScaler,RF,47,12,10,-0.2975,6.7767,7.9564,-0.3617,-0.7109,-0.2662
3,latency,CRADK,HRSD_21.1,HRSD21,cross-corpus-882,RobustScaler,ET,47,12,10,-0.4338,7.9917,8.842,-0.4835,-1.113,-0.5079
3,latency,CRADK,HRSD_21.1,HRSD21,cross-corpus-882,RobustScaler,GB,47,12,10,-0.4219,8.0204,9.7268,-0.4391,-1.557,-0.4729
3,latency,CRADK,HRSD_21.1,HRSD21,cross-corpus-882,RobustScaler,XGB,47,12,10,-0.4622,7.9029,9.4177,-0.4799,-1.3971,-0.4729
3,latency,CRADK,HRSD_21.1,HRSD21,cross-corpus-882,RobustScaler,MLP,47,12,10,-0.0673,6.5105,7.8358,-0.072,-0.6594,-0.1786
3,latency,CRADK,HRSD_21.1,HRSD21,cross-corpus-882,RobustScaler,LGBM,47,12,10,-0.074,5.8981,6.865,-0.1033,-0.2738,-0.0385
3,latency,CRADK,HRSD_21.1,HRSD21,cross-corpus-882,RobustScaler,CatBoost,47,12,10,-0.348,6.7936,8.0102,-0.4197,-0.7341,-0.4343
4,latency,CRADK,HRSD_21.1,HRSD21,cross-corpus-882,StandardScaler,Ridge,47,12,10,-0.3068,10.8668,14.8103,-0.3376,-1.7257,-0.4
4,latency,CRADK,HRSD_21.1,HRSD21,cross-corpus-882,StandardScaler,Lasso,47,12,10,-0.2904,11.2929,15.7957,-0.3214,-2.1005,-0.4
4,latency,CRADK,HRSD_21.1,HRSD21,cross-corpus-882,StandardScaler,ElasticNet,47,12,10,-0.2988,11.2303,15.5439,-0.3293,-2.0025,-0.4
4,latency,CRADK,HRSD_21.1,HRSD21,cross-corpus-882,StandardScaler,SVR,47,12,10,-0.2272,8.5469,11.2668,-0.3059,-0.5775,-0.3158
4,latency,CRADK,HRSD_21.1,HRSD21,cross-corpus-882,StandardScaler,KNN,47,12,10,-0.3009,9.4167,12.7508,-0.3617,-1.0204,-0.4526
4,latency,CRADK,HRSD_21.1,HRSD21,cross-corpus-882,StandardScaler,RF,47,12,10,-0.1852,8.1315,10.4521,-0.3124,-0.3576,-0.3754
4,latency,CRADK,HRSD_21.1,HRSD21,cross-corpus-882,StandardScaler,ET,47,12,10,-0.1994,8.4558,10.5699,-0.3357,-0.3883,-0.4035
4,latency,CRADK,HRSD_21.1,HRSD21,cross-corpus-882,StandardScaler,GB,47,12,10,-0.3805,9.5072,12.6537,-0.4228,-0.9897,-0.4702
4,latency,CRADK,HRSD_21.1,HRSD21,cross-corpus-882,StandardScaler,XGB,47,12,10,-0.3663,8.9939,12.4554,-0.4198,-0.9278,-0.4421
4,latency,CRADK,HRSD_21.1,HRSD21,cross-corpus-882,StandardScaler,MLP,47,12,10,-0.0269,10.2891,12.1711,-0.0295,-0.8408,-0.1649
4,latency,CRADK,HRSD_21.1,HRSD21,cross-corpus-882,StandardScaler,LGBM,47,12,10,-0.1023,8.2736,11.0348,-0.1301,-0.5131,-0.2337
4,latency,CRADK,HRSD_21.1,HRSD21,cross-corpus-882,StandardScaler,CatBoost,47,12,10,-0.1635,8.2197,10.6722,-0.2369,-0.4153,-0.2561
4,latency,CRADK,HRSD_21.1,HRSD21,cross-corpus-882,MinMaxScaler,Ridge,47,12,10,-0.3647,10.8715,14.653,-0.4064,-1.6681,-0.4491
4,latency,CRADK,HRSD_21.1,HRSD21,cross-corpus-882,MinMaxScaler,Lasso,47,12,10,-0.3432,10.9073,15.1406,-0.3821,-1.8487,-0.414
4,latency,CRADK,HRSD_21.1,HRSD21,cross-corpus-882,MinMaxScaler,ElasticNet,47,12,10,-0.3591,11.5562,15.8979,-0.3984,-2.1408,-0.4491
4,latency,CRADK,HRSD_21.1,HRSD21,cross-corpus-882,MinMaxScaler,SVR,47,12,10,-0.3885,10.5693,14.1073,-0.4356,-1.4731,-0.4
4,latency,CRADK,HRSD_21.1,HRSD21,cross-corpus-882,MinMaxScaler,KNN,47,12,10,-0.3049,10.6111,13.1993,-0.3178,-1.165,-0.4561
4,latency,CRADK,HRSD_21.1,HRSD21,cross-corpus-882,MinMaxScaler,RF,47,12,10,-0.2899,8.5104,11.1607,-0.4325,-0.5479,-0.4597
4,latency,CRADK,HRSD_21.1,HRSD21,cross-corpus-882,MinMaxScaler,ET,47,12,10,-0.3157,9.0692,11.5626,-0.4383,-0.6614,-0.5228
4,latency,CRADK,HRSD_21.1,HRSD21,cross-corpus-882,MinMaxScaler,GB,47,12,10,-0.5021,9.9066,13.2067,-0.5565,-1.1674,-0.5509
4,latency,CRADK,HRSD_21.1,HRSD21,cross-corpus-882,MinMaxScaler,XGB,47,12,10,-0.4975,9.9118,13.1119,-0.5792,-1.1364,-0.5719
4,latency,CRADK,HRSD_21.1,HRSD21,cross-corpus-882,MinMaxScaler,MLP,47,12,10,-0.3787,10.4562,13.4152,-0.4274,-1.2364,-0.4982
4,latency,CRADK,HRSD_21.1,HRSD21,cross-corpus-882,MinMaxScaler,LGBM,47,12,10,-0.276,8.945,11.8499,-0.3427,-0.7449,-0.4175
4,latency,CRADK,HRSD_21.1,HRSD21,cross-corpus-882,MinMaxScaler,CatBoost,47,12,10,-0.3412,8.8205,11.8869,-0.4205,-0.7559,-0.3965
4,latency,CRADK,HRSD_21.1,HRSD21,cross-corpus-882,RobustScaler,Ridge,47,12,5,-0.1801,8.608,10.7192,-0.2872,-0.4278,-0.2947
4,latency,CRADK,HRSD_21.1,HRSD21,cross-corpus-882,RobustScaler,Lasso,47,12,5,-0.2158,8.918,11.4795,-0.2724,-0.6376,-0.3123
4,latency,CRADK,HRSD_21.1,HRSD21,cross-corpus-882,RobustScaler,ElasticNet,47,12,5,-0.2078,8.781,11.1264,-0.2894,-0.5384,-0.3123
4,latency,CRADK,HRSD_21.1,HRSD21,cross-corpus-882,RobustScaler,SVR,47,12,5,-0.0743,8.6661,10.7123,-0.0973,-0.426,-0.1825
4,latency,CRADK,HRSD_21.1,HRSD21,cross-corpus-882,RobustScaler,KNN,47,12,5,-0.1522,8.537,10.3064,-0.2534,-0.32,-0.3228
4,latency,CRADK,HRSD_21.1,HRSD21,cross-corpus-882,RobustScaler,RF,47,12,5,-0.1181,8.1144,10.3339,-0.1862,-0.327,-0.1053
4,latency,CRADK,HRSD_21.1,HRSD21,cross-corpus-882,RobustScaler,ET,47,12,5,-0.1806,8.275,10.3852,-0.3079,-0.3403,-0.214
4,latency,CRADK,HRSD_21.1,HRSD21,cross-corpus-882,RobustScaler,GB,47,12,5,-0.0951,8.5617,10.9678,-0.1096,-0.4948,-0.1439
4,latency,CRADK,HRSD_21.1,HRSD21,cross-corpus-882,RobustScaler,XGB,47,12,5,-0.1027,8.1809,10.8983,-0.1223,-0.4759,-0.1474
4,latency,CRADK,HRSD_21.1,HRSD21,cross-corpus-882,RobustScaler,MLP,47,12,5,-0.1481,9.2404,11.5051,-0.1795,-0.6449,-0.3333
4,latency,CRADK,HRSD_21.1,HRSD21,cross-corpus-882,RobustScaler,LGBM,47,12,5,-0.0719,8.1259,10.7831,-0.0851,-0.4449,-0.1574
4,latency,CRADK,HRSD_21.1,HRSD21,cross-corpus-882,RobustScaler,CatBoost,47,12,5,-0.0898,7.8461,10.3145,-0.1243,-0.3221,-0.1263
5,latency,CRADK,HRSD_21.1,HRSD21,cross-corpus-882,StandardScaler,Ridge,48,11,5,-0.3007,10.6461,12.2704,-0.304,-1.3839,-0.2374
5,latency,CRADK,HRSD_21.1,HRSD21,cross-corpus-882,StandardScaler,Lasso,48,11,5,-0.2992,11.31,13.2981,-0.3005,-1.8,-0.2374
5,latency,CRADK,HRSD_21.1,HRSD21,cross-corpus-882,StandardScaler,ElasticNet,48,11,5,-0.2683,9.4029,10.5151,-0.3112,-0.7507,-0.274
5,latency,CRADK,HRSD_21.1,HRSD21,cross-corpus-882,StandardScaler,SVR,48,11,5,-0.1473,7.5882,9.1214,-0.4591,-0.3173,-0.3653
5,latency,CRADK,HRSD_21.1,HRSD21,cross-corpus-882,StandardScaler,KNN,48,11,5,-0.4354,9.0707,10.663,-0.659,-0.8003,-0.5069
5,latency,CRADK,HRSD_21.1,HRSD21,cross-corpus-882,StandardScaler,RF,48,11,5,-0.1978,8.5622,9.6875,-0.2725,-0.4859,-0.1279
5,latency,CRADK,HRSD_21.1,HRSD21,cross-corpus-882,StandardScaler,ET,48,11,5,-0.3027,9.1041,10.5506,-0.3935,-0.7625,-0.3242
5,latency,CRADK,HRSD_21.1,HRSD21,cross-corpus-882,StandardScaler,GB,48,11,5,-0.3813,11.1983,14.0717,-0.3894,-2.1353,-0.3562
5,latency,CRADK,HRSD_21.1,HRSD21,cross-corpus-882,StandardScaler,XGB,48,11,5,-0.3278,9.4723,11.7775,-0.3675,-1.1963,-0.2968
5,latency,CRADK,HRSD_21.1,HRSD21,cross-corpus-882,StandardScaler,MLP,48,11,5,-0.3688,11.0569,13.7334,-0.3713,-1.9863,-0.2785
5,latency,CRADK,HRSD_21.1,HRSD21,cross-corpus-882,StandardScaler,LGBM,48,11,5,-0.3586,9.7566,11.1426,-0.4039,-0.9658,-0.3066
5,latency,CRADK,HRSD_21.1,HRSD21,cross-corpus-882,StandardScaler,CatBoost,48,11,5,-0.3298,9.7851,11.9384,-0.356,-1.2567,-0.2146
5,latency,CRADK,HRSD_21.1,HRSD21,cross-corpus-882,MinMaxScaler,Ridge,48,11,5,-0.2702,10.8775,12.3536,-0.2707,-1.4164,-0.242
5,latency,CRADK,HRSD_21.1,HRSD21,cross-corpus-882,MinMaxScaler,Lasso,48,11,5,-0.2685,11.0038,12.568,-0.2687,-1.501,-0.242
5,latency,CRADK,HRSD_21.1,HRSD21,cross-corpus-882,MinMaxScaler,ElasticNet,48,11,5,-0.2758,10.4667,11.694,-0.2803,-1.1652,-0.242
5,latency,CRADK,HRSD_21.1,HRSD21,cross-corpus-882,MinMaxScaler,SVR,48,11,5,-0.274,10.4985,11.9792,-0.2771,-1.2721,-0.1553
5,latency,CRADK,HRSD_21.1,HRSD21,cross-corpus-882,MinMaxScaler,KNN,48,11,5,-0.3761,8.8788,10.2455,-0.5707,-0.6621,-0.4027
5,latency,CRADK,HRSD_21.1,HRSD21,cross-corpus-882,MinMaxScaler,RF,48,11,5,-0.212,8.8076,9.5044,-0.3025,-0.4303,-0.2922
5,latency,CRADK,HRSD_21.1,HRSD21,cross-corpus-882,MinMaxScaler,ET,48,11,5,-0.2799,8.9809,10.0238,-0.3632,-0.5909,-0.3562
5,latency,CRADK,HRSD_21.1,HRSD21,cross-corpus-882,MinMaxScaler,GB,48,11,5,-0.3791,9.6836,12.2343,-0.4033,-1.3699,-0.1598
5,latency,CRADK,HRSD_21.1,HRSD21,cross-corpus-882,MinMaxScaler,XGB,48,11,5,-0.4281,10.2647,11.3386,-0.4678,-1.0356,-0.4384
5,latency,CRADK,HRSD_21.1,HRSD21,cross-corpus-882,MinMaxScaler,MLP,48,11,5,-0.1992,9.3404,10.1488,-0.2257,-0.6308,-0.1553
5,latency,CRADK,HRSD_21.1,HRSD21,cross-corpus-882,MinMaxScaler,LGBM,48,11,5,-0.2891,9.1911,10.2905,-0.3526,-0.6767,-0.2603
5,latency,CRADK,HRSD_21.1,HRSD21,cross-corpus-882,MinMaxScaler,CatBoost,48,11,5,-0.3565,9.4268,10.2803,-0.4753,-0.6734,-0.5343
5,latency,CRADK,HRSD_21.1,HRSD21,cross-corpus-882,RobustScaler,Ridge,48,11,5,-0.2633,10.4705,12.2068,-0.2664,-1.3593,-0.274
5,latency,CRADK,HRSD_21.1,HRSD21,cross-corpus-882,RobustScaler,Lasso,48,11,5,-0.2987,11.3067,13.2963,-0.3,-1.7992,-0.2374
5,latency,CRADK,HRSD_21.1,HRSD21,cross-corpus-882,RobustScaler,ElasticNet,48,11,5,-0.2053,9.2505,10.4828,-0.2305,-0.7399,-0.1918
5,latency,CRADK,HRSD_21.1,HRSD21,cross-corpus-882,RobustScaler,SVR,48,11,5,-0.1021,7.4384,9.0545,-0.3437,-0.2981,-0.21
5,latency,CRADK,HRSD_21.1,HRSD21,cross-corpus-882,RobustScaler,KNN,48,11,5,-0.1997,8.1039,9.7452,-0.3623,-0.5037,-0.3242
5,latency,CRADK,HRSD_21.1,HRSD21,cross-corpus-882,RobustScaler,RF,48,11,5,-0.1978,8.5622,9.6875,-0.2725,-0.4859,-0.1279
5,latency,CRADK,HRSD_21.1,HRSD21,cross-corpus-882,RobustScaler,ET,48,11,5,-0.3027,9.1041,10.5506,-0.3935,-0.7625,-0.3242
5,latency,CRADK,HRSD_21.1,HRSD21,cross-corpus-882,RobustScaler,GB,48,11,5,-0.3813,11.1983,14.0717,-0.3894,-2.1353,-0.3562
5,latency,CRADK,HRSD_21.1,HRSD21,cross-corpus-882,RobustScaler,XGB,48,11,5,-0.3278,9.4723,11.7775,-0.3675,-1.1963,-0.2968
5,latency,CRADK,HRSD_21.1,HRSD21,cross-corpus-882,RobustScaler,MLP,48,11,5,-0.2946,10.7504,14.9346,-0.3074,-2.5315,-0.2146
5,latency,CRADK,HRSD_21.1,HRSD21,cross-corpus-882,RobustScaler,LGBM,48,11,5,-0.3319,9.4022,10.8425,-0.3791,-0.8614,-0.2603
5,latency,CRADK,HRSD_21.1,HRSD21,cross-corpus-882,RobustScaler,CatBoost,48,11,5,-0.3298,9.7851,11.9384,-0.356,-1.2567,-0.2146
1,latency,CRADK,HRSD_24.1,HRSD24,cross-corpus-882,StandardScaler,Ridge,47,12,5,0.0154,32.1747,76.2248,0.0645,-58.4396,0.4939
1,latency,CRADK,HRSD_24.1,HRSD24,cross-corpus-882,StandardScaler,Lasso,47,12,5,0.0153,32.0646,76.0151,0.0643,-58.113,0.4939
1,latency,CRADK,HRSD_24.1,HRSD24,cross-corpus-882,StandardScaler,ElasticNet,47,12,5,0.0157,31.4145,74.5081,0.0644,-55.7924,0.4939
1,latency,CRADK,HRSD_24.1,HRSD24,cross-corpus-882,StandardScaler,SVR,47,12,5,0.2482,7.1936,9.0123,0.4253,0.1691,0.4799
1,latency,CRADK,HRSD_24.1,HRSD24,cross-corpus-882,StandardScaler,KNN,47,12,5,0.495,6.8167,8.4638,0.5353,0.2671,0.5394
1,latency,CRADK,HRSD_24.1,HRSD24,cross-corpus-882,StandardScaler,RF,47,12,5,0.433,6.3038,7.8987,0.6997,0.3617,0.7005
1,latency,CRADK,HRSD_24.1,HRSD24,cross-corpus-882,StandardScaler,ET,47,12,5,0.533,6.3233,7.8796,0.6241,0.3648,0.6095
1,latency,CRADK,HRSD_24.1,HRSD24,cross-corpus-882,StandardScaler,GB,47,12,5,0.5411,6.7119,8.0017,0.6132,0.345,0.5919
1,latency,CRADK,HRSD_24.1,HRSD24,cross-corpus-882,StandardScaler,XGB,47,12,5,0.5149,6.7267,7.9783,0.6087,0.3488,0.5674
1,latency,CRADK,HRSD_24.1,HRSD24,cross-corpus-882,StandardScaler,MLP,47,12,5,0.0052,53.5996,128.2149,0.0366,-167.1746,0.2067
1,latency,CRADK,HRSD_24.1,HRSD24,cross-corpus-882,StandardScaler,LGBM,47,12,5,0.4364,5.8777,7.9967,0.6548,0.3458,0.7123
1,latency,CRADK,HRSD_24.1,HRSD24,cross-corpus-882,StandardScaler,CatBoost,47,12,5,0.4633,6.5427,8.0879,0.5833,0.3308,0.5779
1,latency,CRADK,HRSD_24.1,HRSD24,cross-corpus-882,MinMaxScaler,Ridge,47,12,10,-0.0049,13.9972,24.6744,-0.0072,-5.2284,0.1961
1,latency,CRADK,HRSD_24.1,HRSD24,cross-corpus-882,MinMaxScaler,Lasso,47,12,10,0.0027,16.3955,35.0967,0.0053,-11.6013,0.3818
1,latency,CRADK,HRSD_24.1,HRSD24,cross-corpus-882,MinMaxScaler,ElasticNet,47,12,10,-0.0066,13.2036,21.9407,-0.0088,-3.9248,0.1961
1,latency,CRADK,HRSD_24.1,HRSD24,cross-corpus-882,MinMaxScaler,SVR,47,12,10,0.1957,8.7111,11.2527,0.2032,-0.2954,0.1156
1,latency,CRADK,HRSD_24.1,HRSD24,cross-corpus-882,MinMaxScaler,KNN,47,12,10,0.0353,9.0167,11.2781,0.0405,-0.3012,-0.1261
1,latency,CRADK,HRSD_24.1,HRSD24,cross-corpus-882,MinMaxScaler,RF,47,12,10,0.2642,7.2925,9.2313,0.3855,0.1282,0.3748
1,latency,CRADK,HRSD_24.1,HRSD24,cross-corpus-882,MinMaxScaler,ET,47,12,10,0.2634,7.4767,9.2819,0.4119,0.1186,0.4343
1,latency,CRADK,HRSD_24.1,HRSD24,cross-corpus-882,MinMaxScaler,GB,47,12,10,0.1764,8.6777,10.9679,0.1977,-0.2306,0.1751
1,latency,CRADK,HRSD_24.1,HRSD24,cross-corpus-882,MinMaxScaler,XGB,47,12,10,0.3054,7.4535,9.426,0.403,0.091,0.3818
1,latency,CRADK,HRSD_24.1,HRSD24,cross-corpus-882,MinMaxScaler,MLP,47,12,10,0.053,12.4467,22.6563,0.0755,-4.2512,0.4273
1,latency,CRADK,HRSD_24.1,HRSD24,cross-corpus-882,MinMaxScaler,LGBM,47,12,10,0.249,8.0383,9.7785,0.3433,0.0218,0.0981
1,latency,CRADK,HRSD_24.1,HRSD24,cross-corpus-882,MinMaxScaler,CatBoost,47,12,10,0.311,8.2233,9.8268,0.3723,0.0121,0.3678
1,latency,CRADK,HRSD_24.1,HRSD24,cross-corpus-882,RobustScaler,Ridge,47,12,5,0.0203,27.6631,63.6951,0.0724,-40.5045,0.5499
1,latency,CRADK,HRSD_24.1,HRSD24,cross-corpus-882,RobustScaler,Lasso,47,12,5,0.0203,27.646,63.6479,0.0724,-40.443,0.5499
1,latency,CRADK,HRSD_24.1,HRSD24,cross-corpus-882,RobustScaler,ElasticNet,47,12,5,0.0203,27.5868,63.5758,0.0721,-40.3492,0.5499
1,latency,CRADK,HRSD_24.1,HRSD24,cross-corpus-882,RobustScaler,SVR,47,12,5,0.2773,6.922,9.0178,0.4107,0.1681,0.4238
1,latency,CRADK,HRSD_24.1,HRSD24,cross-corpus-882,RobustScaler,KNN,47,12,5,0.5839,6.4167,8.8144,0.5985,0.2052,0.5895
1,latency,CRADK,HRSD_24.1,HRSD24,cross-corpus-882,RobustScaler,RF,47,12,5,0.4647,6.438,7.8242,0.6797,0.3737,0.5569
1,latency,CRADK,HRSD_24.1,HRSD24,cross-corpus-882,RobustScaler,ET,47,12,5,0.4704,6.5633,8.3846,0.5611,0.2808,0.5359
1,latency,CRADK,HRSD_24.1,HRSD24,cross-corpus-882,RobustScaler,GB,47,12,5,0.5945,6.0332,8.1888,0.6434,0.314,0.676
1,latency,CRADK,HRSD_24.1,HRSD24,cross-corpus-882,RobustScaler,XGB,47,12,5,0.4986,6.8234,8.3341,0.5627,0.2894,0.613
1,latency,CRADK,HRSD_24.1,HRSD24,cross-corpus-882,RobustScaler,MLP,47,12,5,0.0069,46.0061,110.7676,0.042,-124.5187,0.4238
1,latency,CRADK,HRSD_24.1,HRSD24,cross-corpus-882,RobustScaler,LGBM,47,12,5,0.4181,6.1297,8.2958,0.6105,0.296,0.4886
1,latency,CRADK,HRSD_24.1,HRSD24,cross-corpus-882,RobustScaler,CatBoost,47,12,5,0.5224,6.1296,7.7719,0.651,0.3821,0.648
2,latency,CRADK,HRSD_24.1,HRSD24,cross-corpus-882,StandardScaler,Ridge,47,12,10,-0.0811,15.8169,19.1414,-0.088,-2.245,-0.3608
2,latency,CRADK,HRSD_24.1,HRSD24,cross-corpus-882,StandardScaler,Lasso,47,12,10,-0.0668,15.9258,19.2498,-0.0727,-2.2819,-0.3608
2,latency,CRADK,HRSD_24.1,HRSD24,cross-corpus-882,StandardScaler,ElasticNet,47,12,10,-0.0763,15.6924,18.957,-0.0824,-2.1828,-0.3608
2,latency,CRADK,HRSD_24.1,HRSD24,cross-corpus-882,StandardScaler,SVR,47,12,10,0.0205,9.8187,11.962,0.0245,-0.2673,0.0315
2,latency,CRADK,HRSD_24.1,HRSD24,cross-corpus-882,StandardScaler,KNN,47,12,10,0.0133,10.3333,12.3968,0.0153,-0.3611,-0.0315
2,latency,CRADK,HRSD_24.1,HRSD24,cross-corpus-882,StandardScaler,RF,47,12,10,0.1247,10.4825,11.6445,0.1417,-0.2009,0.0911
2,latency,CRADK,HRSD_24.1,HRSD24,cross-corpus-882,StandardScaler,ET,47,12,10,0.1578,10.2333,11.5467,0.1749,-0.1808,0.0806
2,latency,CRADK,HRSD_24.1,HRSD24,cross-corpus-882,StandardScaler,GB,47,12,10,0.0487,11.0413,12.8093,0.0512,-0.4532,0.0666
2,latency,CRADK,HRSD_24.1,HRSD24,cross-corpus-882,StandardScaler,XGB,47,12,10,0.066,10.7317,13.3933,0.0673,-0.5887,0.0175
2,latency,CRADK,HRSD_24.1,HRSD24,cross-corpus-882,StandardScaler,MLP,47,12,10,0.1112,13.3907,15.3193,0.1126,-1.0785,-0.1366
2,latency,CRADK,HRSD_24.1,HRSD24,cross-corpus-882,StandardScaler,LGBM,47,12,10,-0.0223,11.2358,13.3775,-0.0234,-0.585,-0.0387
2,latency,CRADK,HRSD_24.1,HRSD24,cross-corpus-882,StandardScaler,CatBoost,47,12,10,0.169,11.3048,12.2669,0.1745,-0.3327,0.1121
2,latency,CRADK,HRSD_24.1,HRSD24,cross-corpus-882,MinMaxScaler,Ridge,47,12,15,0.0279,10.6871,12.537,0.0305,-0.392,0.0105
2,latency,CRADK,HRSD_24.1,HRSD24,cross-corpus-882,MinMaxScaler,Lasso,47,12,15,0.1413,10.209,12.2512,0.1479,-0.3293,0.0175
2,latency,CRADK,HRSD_24.1,HRSD24,cross-corpus-882,MinMaxScaler,ElasticNet,47,12,15,0.0084,9.8768,11.8209,0.0105,-0.2376,-0.0701
2,latency,CRADK,HRSD_24.1,HRSD24,cross-corpus-882,MinMaxScaler,SVR,47,12,15,0.0834,12.5101,14.2705,0.084,-0.8036,0.0701
2,latency,CRADK,HRSD_24.1,HRSD24,cross-corpus-882,MinMaxScaler,KNN,47,12,15,-0.0921,11.0,12.8699,-0.1063,-0.467,-0.1401
2,latency,CRADK,HRSD_24.1,HRSD24,cross-corpus-882,MinMaxScaler,RF,47,12,15,0.0585,9.5283,11.2887,0.0792,-0.1286,-0.0806
2,latency,CRADK,HRSD_24.1,HRSD24,cross-corpus-882,MinMaxScaler,ET,47,12,15,-0.0109,10.4333,12.1587,-0.013,-0.3093,-0.1926
2,latency,CRADK,HRSD_24.1,HRSD24,cross-corpus-882,MinMaxScaler,GB,47,12,15,-0.0902,11.0715,13.4425,-0.0974,-0.6004,-0.1401
2,latency,CRADK,HRSD_24.1,HRSD24,cross-corpus-882,MinMaxScaler,XGB,47,12,15,-0.1223,11.015,13.9051,-0.1333,-0.7125,-0.1961
2,latency,CRADK,HRSD_24.1,HRSD24,cross-corpus-882,MinMaxScaler,MLP,47,12,15,-0.0051,10.5006,12.5437,-0.0057,-0.3935,-0.0911
2,latency,CRADK,HRSD_24.1,HRSD24,cross-corpus-882,MinMaxScaler,LGBM,47,12,15,-0.0311,11.1714,13.198,-0.0332,-0.5427,0.0105
2,latency,CRADK,HRSD_24.1,HRSD24,cross-corpus-882,MinMaxScaler,CatBoost,47,12,15,-0.0067,10.909,12.5824,-0.0075,-0.4021,-0.1436
2,latency,CRADK,HRSD_24.1,HRSD24,cross-corpus-882,RobustScaler,Ridge,47,12,10,0.2203,10.8076,12.8538,0.2227,-0.4633,0.0666
2,latency,CRADK,HRSD_24.1,HRSD24,cross-corpus-882,RobustScaler,Lasso,47,12,10,0.2111,11.4559,13.9427,0.2128,-0.7217,0.0175
2,latency,CRADK,HRSD_24.1,HRSD24,cross-corpus-882,RobustScaler,ElasticNet,47,12,10,0.2053,9.8119,11.4658,0.2249,-0.1643,0.1961
2,latency,CRADK,HRSD_24.1,HRSD24,cross-corpus-882,RobustScaler,SVR,47,12,10,0.0619,9.5867,11.8957,0.0714,-0.2533,-0.0175
2,latency,CRADK,HRSD_24.1,HRSD24,cross-corpus-882,RobustScaler,KNN,47,12,10,0.1343,8.5648,10.7495,0.1944,-0.0234,0.0946
2,latency,CRADK,HRSD_24.1,HRSD24,cross-corpus-882,RobustScaler,RF,47,12,10,0.1433,10.2371,11.6322,0.16,-0.1984,0.0981
2,latency,CRADK,HRSD_24.1,HRSD24,cross-corpus-882,RobustScaler,ET,47,12,10,0.1527,10.4375,12.0841,0.1615,-0.2933,0.1401
2,latency,CRADK,HRSD_24.1,HRSD24,cross-corpus-882,RobustScaler,GB,47,12,10,0.1182,11.197,12.4595,0.1233,-0.3749,0.0841
2,latency,CRADK,HRSD_24.1,HRSD24,cross-corpus-882,RobustScaler,XGB,47,12,10,0.146,10.5886,12.8385,0.1483,-0.4598,0.0666
2,latency,CRADK,HRSD_24.1,HRSD24,cross-corpus-882,RobustScaler,MLP,47,12,10,0.2654,12.2932,15.1243,0.278,-1.0259,0.056
2,latency,CRADK,HRSD_24.1,HRSD24,cross-corpus-882,RobustScaler,LGBM,47,12,10,0.1374,10.225,12.1171,0.1465,-0.3004,0.1263
2,latency,CRADK,HRSD_24.1,HRSD24,cross-corpus-882,RobustScaler,CatBoost,47,12,10,0.1745,10.0296,11.2856,0.2,-0.128,0.1191
3,latency,CRADK,HRSD_24.1,HRSD24,cross-corpus-882,StandardScaler,Ridge,47,12,5,-0.0886,8.2872,10.06,-0.1101,-0.7686,-0.2277
3,latency,CRADK,HRSD_24.1,HRSD24,cross-corpus-882,StandardScaler,Lasso,47,12,5,-0.0842,8.2559,10.0012,-0.1054,-0.748,-0.2137
3,latency,CRADK,HRSD_24.1,HRSD24,cross-corpus-882,StandardScaler,ElasticNet,47,12,5,-0.0549,8.0654,9.6955,-0.0711,-0.6428,-0.1506
3,latency,CRADK,HRSD_24.1,HRSD24,cross-corpus-882,StandardScaler,SVR,47,12,5,-0.1497,9.6389,11.6552,-0.1747,-1.374,-0.1156
3,latency,CRADK,HRSD_24.1,HRSD24,cross-corpus-882,StandardScaler,KNN,47,12,5,-0.1858,9.7619,11.1387,-0.2034,-1.1682,-0.2697
3,latency,CRADK,HRSD_24.1,HRSD24,cross-corpus-882,StandardScaler,RF,47,12,5,-0.2675,9.1692,10.7481,-0.3458,-1.0188,-0.3748
3,latency,CRADK,HRSD_24.1,HRSD24,cross-corpus-882,StandardScaler,ET,47,12,5,-0.0949,8.7858,10.4068,-0.1187,-0.8926,-0.1786
3,latency,CRADK,HRSD_24.1,HRSD24,cross-corpus-882,StandardScaler,GB,47,12,5,-0.4888,12.2417,13.6565,-0.4971,-2.2592,-0.5779
3,latency,CRADK,HRSD_24.1,HRSD24,cross-corpus-882,StandardScaler,XGB,47,12,5,-0.4717,11.2524,13.7718,-0.4889,-2.3145,-0.5779
3,latency,CRADK,HRSD_24.1,HRSD24,cross-corpus-882,StandardScaler,MLP,47,12,5,-0.1142,8.5345,9.6961,-0.1345,-0.643,-0.2137
3,latency,CRADK,HRSD_24.1,HRSD24,cross-corpus-882,StandardScaler,LGBM,47,12,5,-0.2441,8.6948,10.4389,-0.2901,-0.9044,-0.3181
3,latency,CRADK,HRSD_24.1,HRSD24,cross-corpus-882,StandardScaler,CatBoost,47,12,5,-0.1917,9.3821,11.2108,-0.2258,-1.1964,-0.3117
3,latency,CRADK,HRSD_24.1,HRSD24,cross-corpus-882,MinMaxScaler,Ridge,47,12,10,-0.2034,9.1666,10.3025,-0.2572,-0.8549,-0.3853
3,latency,CRADK,HRSD_24.1,HRSD24,cross-corpus-882,MinMaxScaler,Lasso,47,12,10,-0.1103,8.7592,9.8665,-0.1385,-0.7012,-0.3433
3,latency,CRADK,HRSD_24.1,HRSD24,cross-corpus-882,MinMaxScaler,ElasticNet,47,12,10,-0.1993,8.938,10.035,-0.2839,-0.7598,-0.4904
3,latency,CRADK,HRSD_24.1,HRSD24,cross-corpus-882,MinMaxScaler,SVR,47,12,10,-0.3697,9.8413,10.8142,-0.4096,-1.0437,-0.4869
3,latency,CRADK,HRSD_24.1,HRSD24,cross-corpus-882,MinMaxScaler,KNN,47,12,10,-0.3846,10.6667,12.3213,-0.3866,-1.6531,-0.334
3,latency,CRADK,HRSD_24.1,HRSD24,cross-corpus-882,MinMaxScaler,RF,47,12,10,-0.0441,7.535,9.1368,-0.0604,-0.4589,-0.2032
3,latency,CRADK,HRSD_24.1,HRSD24,cross-corpus-882,MinMaxScaler,ET,47,12,10,-0.3319,9.8583,11.0374,-0.4069,-1.129,-0.5254
3,latency,CRADK,HRSD_24.1,HRSD24,cross-corpus-882,MinMaxScaler,GB,47,12,10,0.3823,6.9507,8.2965,0.396,-0.2029,0.2207
3,latency,CRADK,HRSD_24.1,HRSD24,cross-corpus-882,MinMaxScaler,XGB,47,12,10,0.2599,6.8161,8.5335,0.2731,-0.2726,0.0946
3,latency,CRADK,HRSD_24.1,HRSD24,cross-corpus-882,MinMaxScaler,MLP,47,12,10,-0.2065,9.001,10.0471,-0.2685,-0.7641,-0.4448
3,latency,CRADK,HRSD_24.1,HRSD24,cross-corpus-882,MinMaxScaler,LGBM,47,12,10,0.2372,6.8972,7.9477,0.2973,-0.1039,0.1681
3,latency,CRADK,HRSD_24.1,HRSD24,cross-corpus-882,MinMaxScaler,CatBoost,47,12,10,0.1666,7.1564,8.619,0.1917,-0.2982,0.0666
3,latency,CRADK,HRSD_24.1,HRSD24,cross-corpus-882,RobustScaler,Ridge,47,12,5,0.0456,7.6466,8.8181,0.0642,-0.3589,-0.042
3,latency,CRADK,HRSD_24.1,HRSD24,cross-corpus-882,RobustScaler,Lasso,47,12,5,-0.0667,8.9004,10.0377,-0.0771,-0.7608,-0.1751
3,latency,CRADK,HRSD_24.1,HRSD24,cross-corpus-882,RobustScaler,ElasticNet,47,12,5,0.0018,8.1553,9.303,0.0022,-0.5124,-0.0736
3,latency,CRADK,HRSD_24.1,HRSD24,cross-corpus-882,RobustScaler,SVR,47,12,5,-0.1184,9.5753,11.1083,-0.1275,-1.1564,-0.2277
3,latency,CRADK,HRSD_24.1,HRSD24,cross-corpus-882,RobustScaler,KNN,47,12,5,0.0442,8.1667,9.6828,0.0502,-0.6385,-0.0595
3,latency,CRADK,HRSD_24.1,HRSD24,cross-corpus-882,RobustScaler,RF,47,12,5,0.1955,7.3792,8.9486,0.2413,-0.3994,0.0841
3,latency,CRADK,HRSD_24.1,HRSD24,cross-corpus-882,RobustScaler,ET,47,12,5,0.0814,9.2117,10.6159,0.0914,-0.9695,-0.0175
3,latency,CRADK,HRSD_24.1,HRSD24,cross-corpus-882,RobustScaler,GB,47,12,5,0.1544,9.5824,10.9811,0.1634,-1.1073,0.0385
3,latency,CRADK,HRSD_24.1,HRSD24,cross-corpus-882,RobustScaler,XGB,47,12,5,0.0027,10.2364,12.9222,0.003,-1.9181,0.021
3,latency,CRADK,HRSD_24.1,HRSD24,cross-corpus-882,RobustScaler,MLP,47,12,5,-0.1054,8.7522,9.9214,-0.1135,-0.7202,-0.1751
3,latency,CRADK,HRSD_24.1,HRSD24,cross-corpus-882,RobustScaler,LGBM,47,12,5,0.3714,6.5248,7.6372,0.4289,-0.0193,0.3018
3,latency,CRADK,HRSD_24.1,HRSD24,cross-corpus-882,RobustScaler,CatBoost,47,12,5,0.0736,8.5768,11.1478,0.0866,-1.1718,0.0666
4,latency,CRADK,HRSD_24.1,HRSD24,cross-corpus-882,StandardScaler,Ridge,47,12,5,-0.3223,13.0767,19.1225,-0.3633,-2.274,-0.3257
4,latency,CRADK,HRSD_24.1,HRSD24,cross-corpus-882,StandardScaler,Lasso,47,12,5,-0.3122,14.2972,21.0573,-0.3623,-2.9701,-0.3257
4,latency,CRADK,HRSD_24.1,HRSD24,cross-corpus-882,StandardScaler,ElasticNet,47,12,5,-0.3159,13.8806,20.4087,-0.3622,-2.7293,-0.3257
4,latency,CRADK,HRSD_24.1,HRSD24,cross-corpus-882,StandardScaler,SVR,47,12,5,-0.1574,10.0941,13.4171,-0.1845,-0.6118,-0.2557
4,latency,CRADK,HRSD_24.1,HRSD24,cross-corpus-882,StandardScaler,KNN,47,12,5,-0.2597,12.2778,15.423,-0.2701,-1.1298,-0.3222
4,latency,CRADK,HRSD_24.1,HRSD24,cross-corpus-882,StandardScaler,RF,47,12,5,-0.1031,9.1688,12.243,-0.1387,-0.342,-0.2102
4,latency,CRADK,HRSD_24.1,HRSD24,cross-corpus-882,StandardScaler,ET,47,12,5,-0.1883,10.1233,12.9338,-0.245,-0.4978,-0.3292
4,latency,CRADK,HRSD_24.1,HRSD24,cross-corpus-882,StandardScaler,GB,47,12,5,-0.1882,11.642,14.198,-0.2016,-0.8049,-0.3468
4,latency,CRADK,HRSD_24.1,HRSD24,cross-corpus-882,StandardScaler,XGB,47,12,5,-0.0391,10.2385,12.9202,-0.045,-0.4946,0.0455
4,latency,CRADK,HRSD_24.1,HRSD24,cross-corpus-882,StandardScaler,MLP,47,12,5,-0.0372,10.0219,13.5809,-0.0394,-0.6514,-0.0841
4,latency,CRADK,HRSD_24.1,HRSD24,cross-corpus-882,StandardScaler,LGBM,47,12,5,0.0621,8.77,11.8288,0.0764,-0.2528,0.0581
4,latency,CRADK,HRSD_24.1,HRSD24,cross-corpus-882,StandardScaler,CatBoost,47,12,5,0.0021,9.059,11.3983,0.0032,-0.1633,-0.1506
4,latency,CRADK,HRSD_24.1,HRSD24,cross-corpus-882,MinMaxScaler,Ridge,47,12,10,-0.3925,13.2975,18.5157,-0.4264,-2.0695,-0.3678
4,latency,CRADK,HRSD_24.1,HRSD24,cross-corpus-882,MinMaxScaler,Lasso,47,12,10,-0.3501,13.1941,19.0628,-0.3848,-2.2536,-0.3608
4,latency,CRADK,HRSD_24.1,HRSD24,cross-corpus-882,MinMaxScaler,ElasticNet,47,12,10,-0.3709,13.8807,19.9667,-0.4102,-2.5695,-0.3678
4,latency,CRADK,HRSD_24.1,HRSD24,cross-corpus-882,MinMaxScaler,SVR,47,12,10,-0.3997,11.2965,14.94,-0.4418,-0.9985,-0.5009
4,latency,CRADK,HRSD_24.1,HRSD24,cross-corpus-882,MinMaxScaler,KNN,47,12,10,-0.3436,10.9167,14.7061,-0.3778,-0.9364,-0.3509
4,latency,CRADK,HRSD_24.1,HRSD24,cross-corpus-882,MinMaxScaler,RF,47,12,10,-0.3294,10.6891,13.2803,-0.4895,-0.5791,-0.4028
4,latency,CRADK,HRSD_24.1,HRSD24,cross-corpus-882,MinMaxScaler,ET,47,12,10,-0.4122,11.1983,14.0929,-0.5297,-0.7783,-0.4799
4,latency,CRADK,HRSD_24.1,HRSD24,cross-corpus-882,MinMaxScaler,GB,47,12,10,-0.4731,12.0773,16.1362,-0.505,-1.3313,-0.4203
4,latency,CRADK,HRSD_24.1,HRSD24,cross-corpus-882,MinMaxScaler,XGB,47,12,10,-0.4179,11.7732,15.5631,-0.4711,-1.1686,-0.3748
4,latency,CRADK,HRSD_24.1,HRSD24,cross-corpus-882,MinMaxScaler,MLP,47,12,10,-0.4302,13.2085,17.5849,-0.451,-1.7687,-0.3503
4,latency,CRADK,HRSD_24.1,HRSD24,cross-corpus-882,MinMaxScaler,LGBM,47,12,10,-0.1841,10.2928,13.608,-0.2128,-0.658,-0.2242
4,latency,CRADK,HRSD_24.1,HRSD24,cross-corpus-882,MinMaxScaler,CatBoost,47,12,10,-0.309,11.1259,14.2897,-0.3584,-0.8283,-0.3818
4,latency,CRADK,HRSD_24.1,HRSD24,cross-corpus-882,RobustScaler,Ridge,47,12,5,0.027,9.0183,11.4852,0.0368,-0.1811,0.0666
4,latency,CRADK,HRSD_24.1,HRSD24,cross-corpus-882,RobustScaler,Lasso,47,12,5,0.0263,9.0025,11.4802,0.0361,-0.18,0.0666
4,latency,CRADK,HRSD_24.1,HRSD24,cross-corpus-882,RobustScaler,ElasticNet,47,12,5,0.0251,8.9874,11.4804,0.0345,-0.1801,0.0666
4,latency,CRADK,HRSD_24.1,HRSD24,cross-corpus-882,RobustScaler,SVR,47,12,5,0.1013,8.6494,10.8085,0.1571,-0.046,0.2662
4,latency,CRADK,HRSD_24.1,HRSD24,cross-corpus-882,RobustScaler,KNN,47,12,5,0.2689,8.2738,10.0361,0.3918,0.0982,0.3082
4,latency,CRADK,HRSD_24.1,HRSD24,cross-corpus-882,RobustScaler,RF,47,12,5,0.0403,8.8263,11.1144,0.0638,-0.106,0.3538
4,latency,CRADK,HRSD_24.1,HRSD24,cross-corpus-882,RobustScaler,ET,47,12,5,0.2068,8.3238,10.1693,0.3343,0.0741,0.5499
4,latency,CRADK,HRSD_24.1,HRSD24,cross-corpus-882,RobustScaler,GB,47,12,5,0.2266,8.1276,10.6072,0.2895,-0.0074,0.1786
4,latency,CRADK,HRSD_24.1,HRSD24,cross-corpus-882,RobustScaler,XGB,47,12,5,0.0635,9.5738,11.8069,0.0866,-0.2481,0.0385
4,latency,CRADK,HRSD_24.1,HRSD24,cross-corpus-882,RobustScaler,MLP,47,12,5,0.0777,8.9694,11.3923,0.1176,-0.162,-0.0035
4,latency,CRADK,HRSD_24.1,HRSD24,cross-corpus-882,RobustScaler,LGBM,47,12,5,0.203,7.9051,10.6778,0.2618,-0.0208,0.1893
4,latency,CRADK,HRSD_24.1,HRSD24,cross-corpus-882,RobustScaler,CatBoost,47,12,5,0.1582,8.6538,10.5842,0.2417,-0.003,0.3257
5,latency,CRADK,HRSD_24.1,HRSD24,cross-corpus-882,StandardScaler,Ridge,48,11,5,-0.1558,13.4588,14.9377,-0.1601,-0.8812,-0.1324
5,latency,CRADK,HRSD_24.1,HRSD24,cross-corpus-882,StandardScaler,Lasso,48,11,5,-0.1583,13.4486,14.9357,-0.1627,-0.8807,-0.1324
5,latency,CRADK,HRSD_24.1,HRSD24,cross-corpus-882,StandardScaler,ElasticNet,48,11,5,-0.1508,13.2054,14.5904,-0.1572,-0.7948,-0.1324
5,latency,CRADK,HRSD_24.1,HRSD24,cross-corpus-882,StandardScaler,SVR,48,11,5,-0.2633,11.482,13.2962,-0.467,-0.4905,-0.5069
5,latency,CRADK,HRSD_24.1,HRSD24,cross-corpus-882,StandardScaler,KNN,48,11,5,-0.3591,12.2121,14.3369,-0.4473,-0.7329,-0.5355
5,latency,CRADK,HRSD_24.1,HRSD24,cross-corpus-882,StandardScaler,RF,48,11,5,-0.0157,10.5659,11.4823,-0.0297,-0.1115,-0.0913
5,latency,CRADK,HRSD_24.1,HRSD24,cross-corpus-882,StandardScaler,ET,48,11,5,-0.1972,11.4245,12.7698,-0.3523,-0.3748,-0.2283
5,latency,CRADK,HRSD_24.1,HRSD24,cross-corpus-882,StandardScaler,GB,48,11,5,-0.2557,11.8965,13.1115,-0.4105,-0.4494,-0.516
5,latency,CRADK,HRSD_24.1,HRSD24,cross-corpus-882,StandardScaler,XGB,48,11,5,-0.3499,12.4788,13.8321,-0.5141,-0.6131,-0.5297
5,latency,CRADK,HRSD_24.1,HRSD24,cross-corpus-882,StandardScaler,MLP,48,11,5,-0.3398,12.5677,15.5422,-0.3581,-1.0366,-0.1781
5,latency,CRADK,HRSD_24.1,HRSD24,cross-corpus-882,StandardScaler,LGBM,48,11,5,0.1776,9.4035,10.2511,0.3694,0.114,0.3425
5,latency,CRADK,HRSD_24.1,HRSD24,cross-corpus-882,StandardScaler,CatBoost,48,11,5,-0.2595,11.7365,12.9916,-0.4565,-0.423,-0.5753
5,latency,CRADK,HRSD_24.1,HRSD24,cross-corpus-882,MinMaxScaler,Ridge,48,11,15,-0.1037,11.9987,13.3172,-0.1201,-0.4952,-0.1324
5,latency,CRADK,HRSD_24.1,HRSD24,cross-corpus-882,MinMaxScaler,Lasso,48,11,15,-0.1558,12.7673,14.5174,-0.1649,-0.7769,-0.1644
5,latency,CRADK,HRSD_24.1,HRSD24,cross-corpus-882,MinMaxScaler,ElasticNet,48,11,15,-0.1099,12.4692,13.893,-0.119,-0.6273,-0.1735
5,latency,CRADK,HRSD_24.1,HRSD24,cross-corpus-882,MinMaxScaler,SVR,48,11,15,-0.2908,12.865,14.1642,-0.3515,-0.6914,-0.2374
5,latency,CRADK,HRSD_24.1,HRSD24,cross-corpus-882,MinMaxScaler,KNN,48,11,15,-0.3098,12.2909,14.0534,-0.4425,-0.6651,-0.341
5,latency,CRADK,HRSD_24.1,HRSD24,cross-corpus-882,MinMaxScaler,RF,48,11,15,-0.0312,9.8667,11.427,-0.0895,-0.1009,-0.0685
5,latency,CRADK,HRSD_24.1,HRSD24,cross-corpus-882,MinMaxScaler,ET,48,11,15,-0.1174,10.5841,12.1625,-0.2368,-0.2471,-0.2055
5,latency,CRADK,HRSD_24.1,HRSD24,cross-corpus-882,MinMaxScaler,GB,48,11,15,-0.2081,11.1777,12.5869,-0.3999,-0.3357,-0.4384
5,latency,CRADK,HRSD_24.1,HRSD24,cross-corpus-882,MinMaxScaler,XGB,48,11,15,-0.0857,10.263,11.7099,-0.2102,-0.156,-0.3059
5,latency,CRADK,HRSD_24.1,HRSD24,cross-corpus-882,MinMaxScaler,MLP,48,11,15,0.0356,10.7281,12.2238,0.0427,-0.2597,-0.1324
5,latency,CRADK,HRSD_24.1,HRSD24,cross-corpus-882,MinMaxScaler,LGBM,48,11,15,-0.0087,10.2907,11.6948,-0.0143,-0.1531,0.0183
5,latency,CRADK,HRSD_24.1,HRSD24,cross-corpus-882,MinMaxScaler,CatBoost,48,11,15,0.083,9.6545,10.9258,0.1721,-0.0064,0.0502
5,latency,CRADK,HRSD_24.1,HRSD24,cross-corpus-882,RobustScaler,Ridge,48,11,5,-0.1528,13.4291,14.9303,-0.1569,-0.8794,-0.1324
5,latency,CRADK,HRSD_24.1,HRSD24,cross-corpus-882,RobustScaler,Lasso,48,11,5,-0.1583,13.4433,14.9539,-0.1626,-0.8853,-0.1324
5,latency,CRADK,HRSD_24.1,HRSD24,cross-corpus-882,RobustScaler,ElasticNet,48,11,5,-0.1419,13.1238,14.5949,-0.1474,-0.7959,-0.1324
5,latency,CRADK,HRSD_24.1,HRSD24,cross-corpus-882,RobustScaler,SVR,48,11,5,-0.2193,11.705,13.0658,-0.3521,-0.4393,-0.4201
5,latency,CRADK,HRSD_24.1,HRSD24,cross-corpus-882,RobustScaler,KNN,48,11,5,-0.1544,10.8687,12.2324,-0.2782,-0.2615,-0.3059
5,latency,CRADK,HRSD_24.1,HRSD24,cross-corpus-882,RobustScaler,RF,48,11,5,-0.0157,10.5659,11.4823,-0.0297,-0.1115,-0.0913
5,latency,CRADK,HRSD_24.1,HRSD24,cross-corpus-882,RobustScaler,ET,48,11,5,-0.1972,11.4245,12.7698,-0.3523,-0.3748,-0.2283
5,latency,CRADK,HRSD_24.1,HRSD24,cross-corpus-882,RobustScaler,GB,48,11,5,-0.2557,11.8965,13.1115,-0.4105,-0.4494,-0.516
5,latency,CRADK,HRSD_24.1,HRSD24,cross-corpus-882,RobustScaler,XGB,48,11,5,-0.3499,12.4788,13.8321,-0.5141,-0.6131,-0.5297
5,latency,CRADK,HRSD_24.1,HRSD24,cross-corpus-882,RobustScaler,MLP,48,11,5,-0.2028,12.5982,15.8041,-0.2077,-1.1058,0.0274
5,latency,CRADK,HRSD_24.1,HRSD24,cross-corpus-882,RobustScaler,LGBM,48,11,5,0.165,9.4814,10.3569,0.3406,0.0956,0.3425
5,latency,CRADK,HRSD_24.1,HRSD24,cross-corpus-882,RobustScaler,CatBoost,48,11,5,-0.2595,11.7365,12.9916,-0.4565,-0.423,-0.5753
