fold,phase,condition,target,target_short,features,scaler,model,n_train,n_test,n_features,CCC,MAE,RMSE,Pearson_r,R2,Spearman_r
1,latency,SHAM,phq_8,PHQ8,cross-corpus-882,StandardScaler,Ridge,50,13,10,0.3428,5.326,6.337,0.3981,0.0951,0.3702
1,latency,SHAM,phq_8,PHQ8,cross-corpus-882,StandardScaler,Lasso,50,13,10,0.3633,5.4686,6.4384,0.4047,0.0659,0.4088
1,latency,SHAM,phq_8,PHQ8,cross-corpus-882,StandardScaler,ElasticNet,50,13,10,0.3642,5.4014,6.4018,0.4078,0.0765,0.4088
1,latency,SHAM,phq_8,PHQ8,cross-corpus-882,StandardScaler,SVR,50,13,10,0.1407,5.8998,6.6596,0.2265,0.0006,0.1823
1,latency,SHAM,phq_8,PHQ8,cross-corpus-882,StandardScaler,KNN,50,13,10,0.1268,5.4615,6.6502,0.2122,0.0035,0.2078
1,latency,SHAM,phq_8,PHQ8,cross-corpus-882,StandardScaler,RF,50,13,10,0.0657,5.8162,6.8611,0.1197,-0.0608,0.0939
1,latency,SHAM,phq_8,PHQ8,cross-corpus-882,StandardScaler,ET,50,13,10,0.1497,5.4442,6.5014,0.2664,0.0476,0.2376
1,latency,SHAM,phq_8,PHQ8,cross-corpus-882,StandardScaler,GB,50,13,10,0.2119,5.6531,6.5076,0.3622,0.0457,0.2265
1,latency,SHAM,phq_8,PHQ8,cross-corpus-882,StandardScaler,XGB,50,13,10,0.2689,5.1451,6.1446,0.4734,0.1492,0.4807
1,latency,SHAM,phq_8,PHQ8,cross-corpus-882,StandardScaler,MLP,50,13,10,0.1997,6.1678,7.1634,0.2297,-0.1563,0.105
1,latency,SHAM,phq_8,PHQ8,cross-corpus-882,StandardScaler,LGBM,50,13,10,-0.0395,6.1018,7.3294,-0.068,-0.2105,0.011
1,latency,SHAM,phq_8,PHQ8,cross-corpus-882,StandardScaler,CatBoost,50,13,10,0.1208,5.6144,6.6032,0.2401,0.0175,0.2597
1,latency,SHAM,phq_8,PHQ8,cross-corpus-882,MinMaxScaler,Ridge,50,13,15,0.3288,5.1918,6.0722,0.4307,0.1692,0.2983
1,latency,SHAM,phq_8,PHQ8,cross-corpus-882,MinMaxScaler,Lasso,50,13,15,0.2775,5.3258,6.3854,0.3522,0.0812,0.326
1,latency,SHAM,phq_8,PHQ8,cross-corpus-882,MinMaxScaler,ElasticNet,50,13,15,0.2327,5.1476,6.1115,0.4307,0.1584,0.3591
1,latency,SHAM,phq_8,PHQ8,cross-corpus-882,MinMaxScaler,SVR,50,13,15,0.1692,5.8833,6.7504,0.2512,-0.0268,0.1823
1,latency,SHAM,phq_8,PHQ8,cross-corpus-882,MinMaxScaler,KNN,50,13,15,0.2855,5.2418,6.217,0.4393,0.1291,0.4044
1,latency,SHAM,phq_8,PHQ8,cross-corpus-882,MinMaxScaler,RF,50,13,15,0.131,5.4722,6.5089,0.3083,0.0454,0.2597
1,latency,SHAM,phq_8,PHQ8,cross-corpus-882,MinMaxScaler,ET,50,13,15,0.2053,5.2269,6.2544,0.406,0.1185,0.3204
1,latency,SHAM,phq_8,PHQ8,cross-corpus-882,MinMaxScaler,GB,50,13,15,0.0354,5.7849,7.1186,0.0666,-0.1418,0.0442
1,latency,SHAM,phq_8,PHQ8,cross-corpus-882,MinMaxScaler,XGB,50,13,15,0.0228,5.5429,7.0831,0.0459,-0.1305,0.0221
1,latency,SHAM,phq_8,PHQ8,cross-corpus-882,MinMaxScaler,MLP,50,13,15,0.2935,4.8949,5.9405,0.5519,0.2048,0.4475
1,latency,SHAM,phq_8,PHQ8,cross-corpus-882,MinMaxScaler,LGBM,50,13,15,-0.0369,6.0157,7.1533,-0.073,-0.153,-0.1215
1,latency,SHAM,phq_8,PHQ8,cross-corpus-882,MinMaxScaler,CatBoost,50,13,15,0.1574,5.5673,6.5414,0.3157,0.0358,0.2044
1,latency,SHAM,phq_8,PHQ8,cross-corpus-882,RobustScaler,Ridge,50,13,10,0.269,5.581,6.5173,0.3326,0.0429,0.2597
1,latency,SHAM,phq_8,PHQ8,cross-corpus-882,RobustScaler,Lasso,50,13,10,0.3166,5.671,6.5768,0.3663,0.0253,0.2983
1,latency,SHAM,phq_8,PHQ8,cross-corpus-882,RobustScaler,ElasticNet,50,13,10,0.3067,5.5989,6.5255,0.3619,0.0405,0.2762
1,latency,SHAM,phq_8,PHQ8,cross-corpus-882,RobustScaler,SVR,50,13,10,0.0988,6.1132,6.8148,0.1458,-0.0465,0.1492
1,latency,SHAM,phq_8,PHQ8,cross-corpus-882,RobustScaler,KNN,50,13,10,-0.0023,7.2051,8.0037,-0.0026,-0.4435,0.1494
1,latency,SHAM,phq_8,PHQ8,cross-corpus-882,RobustScaler,RF,50,13,10,0.1383,5.8194,6.5891,0.2215,0.0217,0.1271
1,latency,SHAM,phq_8,PHQ8,cross-corpus-882,RobustScaler,ET,50,13,10,0.0577,5.9854,6.9237,0.0914,-0.0802,0.0884
1,latency,SHAM,phq_8,PHQ8,cross-corpus-882,RobustScaler,GB,50,13,10,0.1907,5.9663,6.7276,0.2475,-0.0199,0.326
1,latency,SHAM,phq_8,PHQ8,cross-corpus-882,RobustScaler,XGB,50,13,10,0.2797,5.3773,6.2739,0.381,0.113,0.3812
1,latency,SHAM,phq_8,PHQ8,cross-corpus-882,RobustScaler,MLP,50,13,10,0.1741,6.282,7.3225,0.1943,-0.2082,0.2652
1,latency,SHAM,phq_8,PHQ8,cross-corpus-882,RobustScaler,LGBM,50,13,10,-0.0139,6.2804,7.2647,-0.0229,-0.1892,-0.0942
1,latency,SHAM,phq_8,PHQ8,cross-corpus-882,RobustScaler,CatBoost,50,13,10,0.2111,6.0252,6.5854,0.291,0.0228,0.2541
2,latency,SHAM,phq_8,PHQ8,cross-corpus-882,StandardScaler,Ridge,50,13,5,0.0843,5.1756,6.4292,0.1265,-0.0704,0.2061
2,latency,SHAM,phq_8,PHQ8,cross-corpus-882,StandardScaler,Lasso,50,13,5,0.097,5.179,6.6482,0.1239,-0.1446,0.3195
2,latency,SHAM,phq_8,PHQ8,cross-corpus-882,StandardScaler,ElasticNet,50,13,5,0.0929,5.1787,6.5652,0.1245,-0.1162,0.2282
2,latency,SHAM,phq_8,PHQ8,cross-corpus-882,StandardScaler,SVR,50,13,5,-0.0948,5.6517,7.4362,-0.1138,-0.432,0.0788
2,latency,SHAM,phq_8,PHQ8,cross-corpus-882,StandardScaler,KNN,50,13,5,0.0192,5.2527,7.0319,0.0233,-0.2805,0.1025
2,latency,SHAM,phq_8,PHQ8,cross-corpus-882,StandardScaler,RF,50,13,5,-0.0651,5.7322,6.7155,-0.1234,-0.1679,0.0595
2,latency,SHAM,phq_8,PHQ8,cross-corpus-882,StandardScaler,ET,50,13,5,-0.0131,5.1562,7.1494,-0.018,-0.3237,0.0761
2,latency,SHAM,phq_8,PHQ8,cross-corpus-882,StandardScaler,GB,50,13,5,-0.0977,6.1843,7.6302,-0.1129,-0.5077,0.1093
2,latency,SHAM,phq_8,PHQ8,cross-corpus-882,StandardScaler,XGB,50,13,5,-0.1202,6.4638,7.9332,-0.1347,-0.6298,0.0235
2,latency,SHAM,phq_8,PHQ8,cross-corpus-882,StandardScaler,MLP,50,13,5,-0.1631,6.0077,7.9076,-0.1849,-0.6193,-0.1492
2,latency,SHAM,phq_8,PHQ8,cross-corpus-882,StandardScaler,LGBM,50,13,5,0.0488,5.7414,6.5186,0.0723,-0.1004,0.1972
2,latency,SHAM,phq_8,PHQ8,cross-corpus-882,StandardScaler,CatBoost,50,13,5,-0.1126,6.0034,7.0701,-0.1673,-0.2945,-0.0429
2,latency,SHAM,phq_8,PHQ8,cross-corpus-882,MinMaxScaler,Ridge,50,13,10,0.1813,4.8816,6.2247,0.238,-0.0034,0.4191
2,latency,SHAM,phq_8,PHQ8,cross-corpus-882,MinMaxScaler,Lasso,50,13,10,0.1592,4.8602,6.2275,0.2201,-0.0043,0.4302
2,latency,SHAM,phq_8,PHQ8,cross-corpus-882,MinMaxScaler,ElasticNet,50,13,10,0.1668,5.0681,6.5082,0.197,-0.0969,0.4108
2,latency,SHAM,phq_8,PHQ8,cross-corpus-882,MinMaxScaler,SVR,50,13,10,0.1569,5.1641,6.6021,0.1867,-0.1288,0.278
2,latency,SHAM,phq_8,PHQ8,cross-corpus-882,MinMaxScaler,KNN,50,13,10,0.2551,4.8974,6.1665,0.2978,0.0153,0.3745
2,latency,SHAM,phq_8,PHQ8,cross-corpus-882,MinMaxScaler,RF,50,13,10,0.0896,5.6427,6.5046,0.1202,-0.0957,0.314
2,latency,SHAM,phq_8,PHQ8,cross-corpus-882,MinMaxScaler,ET,50,13,10,0.0864,5.2108,6.5061,0.1189,-0.0962,0.2282
2,latency,SHAM,phq_8,PHQ8,cross-corpus-882,MinMaxScaler,GB,50,13,10,0.1557,5.9147,6.8055,0.1806,-0.1994,0.1895
2,latency,SHAM,phq_8,PHQ8,cross-corpus-882,MinMaxScaler,XGB,50,13,10,0.1194,6.0953,7.0615,0.1341,-0.2913,0.1867
2,latency,SHAM,phq_8,PHQ8,cross-corpus-882,MinMaxScaler,MLP,50,13,10,0.1591,5.1556,6.3239,0.2058,-0.0357,0.3499
2,latency,SHAM,phq_8,PHQ8,cross-corpus-882,MinMaxScaler,LGBM,50,13,10,0.2016,5.0741,6.0199,0.2877,0.0615,0.3407
2,latency,SHAM,phq_8,PHQ8,cross-corpus-882,MinMaxScaler,CatBoost,50,13,10,0.1495,5.5665,6.3367,0.1965,-0.0398,0.2918
2,latency,SHAM,phq_8,PHQ8,cross-corpus-882,RobustScaler,Ridge,50,13,10,0.0401,5.1948,6.6296,0.058,-0.1382,0.1203
2,latency,SHAM,phq_8,PHQ8,cross-corpus-882,RobustScaler,Lasso,50,13,10,0.0602,5.1998,6.8083,0.0757,-0.2004,0.112
2,latency,SHAM,phq_8,PHQ8,cross-corpus-882,RobustScaler,ElasticNet,50,13,10,0.0482,5.2492,6.794,0.0622,-0.1954,0.112
2,latency,SHAM,phq_8,PHQ8,cross-corpus-882,RobustScaler,SVR,50,13,10,0.0185,5.1938,6.9679,0.0225,-0.2573,0.1895
2,latency,SHAM,phq_8,PHQ8,cross-corpus-882,RobustScaler,KNN,50,13,10,-0.0834,5.8571,6.9861,-0.1303,-0.2639,-0.1182
2,latency,SHAM,phq_8,PHQ8,cross-corpus-882,RobustScaler,RF,50,13,10,-0.0339,5.8439,6.8253,-0.0517,-0.2064,0.1535
2,latency,SHAM,phq_8,PHQ8,cross-corpus-882,RobustScaler,ET,50,13,10,-0.0374,5.3315,7.0216,-0.0547,-0.2768,0.1037
2,latency,SHAM,phq_8,PHQ8,cross-corpus-882,RobustScaler,GB,50,13,10,-0.0107,6.0723,7.4786,-0.0123,-0.4484,0.0401
2,latency,SHAM,phq_8,PHQ8,cross-corpus-882,RobustScaler,XGB,50,13,10,0.0986,5.5481,7.0309,0.1111,-0.2802,0.2559
2,latency,SHAM,phq_8,PHQ8,cross-corpus-882,RobustScaler,MLP,50,13,10,-0.0101,5.5244,7.7902,-0.0115,-0.5716,0.0041
2,latency,SHAM,phq_8,PHQ8,cross-corpus-882,RobustScaler,LGBM,50,13,10,0.1018,5.3301,6.3107,0.1701,-0.0313,0.2607
2,latency,SHAM,phq_8,PHQ8,cross-corpus-882,RobustScaler,CatBoost,50,13,10,-0.0621,5.9549,7.0386,-0.0839,-0.283,0.1148
3,latency,SHAM,phq_8,PHQ8,cross-corpus-882,StandardScaler,Ridge,50,13,5,0.1464,6.2535,7.1729,0.1625,-0.3369,0.2619
3,latency,SHAM,phq_8,PHQ8,cross-corpus-882,StandardScaler,Lasso,50,13,5,0.1501,6.3458,7.3889,0.1617,-0.4186,0.2619
3,latency,SHAM,phq_8,PHQ8,cross-corpus-882,StandardScaler,ElasticNet,50,13,5,0.1462,6.3605,7.3762,0.1584,-0.4137,0.2619
3,latency,SHAM,phq_8,PHQ8,cross-corpus-882,StandardScaler,SVR,50,13,5,0.1989,4.9544,5.7368,0.4346,0.1448,0.4207
3,latency,SHAM,phq_8,PHQ8,cross-corpus-882,StandardScaler,KNN,50,13,5,0.1606,4.9231,5.9875,0.2708,0.0685,0.3035
3,latency,SHAM,phq_8,PHQ8,cross-corpus-882,StandardScaler,RF,50,13,5,0.0641,5.4012,6.3992,0.1091,-0.064,0.0028
3,latency,SHAM,phq_8,PHQ8,cross-corpus-882,StandardScaler,ET,50,13,5,0.1409,5.2003,6.1427,0.2372,0.0195,0.195
3,latency,SHAM,phq_8,PHQ8,cross-corpus-882,StandardScaler,GB,50,13,5,0.0746,5.516,6.7845,0.1027,-0.196,-0.1309
3,latency,SHAM,phq_8,PHQ8,cross-corpus-882,StandardScaler,XGB,50,13,5,-0.1186,6.8326,7.949,-0.1327,-0.6418,-0.2256
3,latency,SHAM,phq_8,PHQ8,cross-corpus-882,StandardScaler,MLP,50,13,5,0.2263,5.8937,6.7693,0.2653,-0.1907,0.3454
3,latency,SHAM,phq_8,PHQ8,cross-corpus-882,StandardScaler,LGBM,50,13,5,-0.016,5.4188,6.6001,-0.0271,-0.1319,-0.1096
3,latency,SHAM,phq_8,PHQ8,cross-corpus-882,StandardScaler,CatBoost,50,13,5,0.0663,5.4837,6.454,0.1005,-0.0823,0.0223
3,latency,SHAM,phq_8,PHQ8,cross-corpus-882,MinMaxScaler,Ridge,50,13,10,0.2116,5.2434,5.9381,0.3383,0.0838,0.4123
3,latency,SHAM,phq_8,PHQ8,cross-corpus-882,MinMaxScaler,Lasso,50,13,10,0.2338,5.2058,5.8451,0.3728,0.1123,0.4708
3,latency,SHAM,phq_8,PHQ8,cross-corpus-882,MinMaxScaler,ElasticNet,50,13,10,0.2041,5.3974,6.1782,0.2812,0.0082,0.429
3,latency,SHAM,phq_8,PHQ8,cross-corpus-882,MinMaxScaler,SVR,50,13,10,0.0451,5.3372,6.5846,0.0642,-0.1266,0.4095
3,latency,SHAM,phq_8,PHQ8,cross-corpus-882,MinMaxScaler,KNN,50,13,10,0.1972,5.1368,5.8427,0.3389,0.113,0.3794
3,latency,SHAM,phq_8,PHQ8,cross-corpus-882,MinMaxScaler,RF,50,13,10,0.0599,5.4137,6.2613,0.1198,-0.0187,0.0919
3,latency,SHAM,phq_8,PHQ8,cross-corpus-882,MinMaxScaler,ET,50,13,10,0.0905,5.285,6.1708,0.1858,0.0106,0.0948
3,latency,SHAM,phq_8,PHQ8,cross-corpus-882,MinMaxScaler,GB,50,13,10,0.0176,5.6122,6.6492,0.0251,-0.1488,-0.0362
3,latency,SHAM,phq_8,PHQ8,cross-corpus-882,MinMaxScaler,XGB,50,13,10,0.0225,5.8764,7.1402,0.0257,-0.3247,0.0501
3,latency,SHAM,phq_8,PHQ8,cross-corpus-882,MinMaxScaler,MLP,50,13,10,0.2811,5.0591,5.6072,0.4699,0.183,0.5488
3,latency,SHAM,phq_8,PHQ8,cross-corpus-882,MinMaxScaler,LGBM,50,13,10,0.0508,5.3505,6.3154,0.0923,-0.0363,0.0837
3,latency,SHAM,phq_8,PHQ8,cross-corpus-882,MinMaxScaler,CatBoost,50,13,10,0.1237,5.3212,6.0766,0.2305,0.0406,0.1894
3,latency,SHAM,phq_8,PHQ8,cross-corpus-882,RobustScaler,Ridge,50,13,5,0.3068,4.7859,5.4412,0.5216,0.2307,0.6519
3,latency,SHAM,phq_8,PHQ8,cross-corpus-882,RobustScaler,Lasso,50,13,5,0.3531,4.7014,5.4305,0.4977,0.2337,0.5962
3,latency,SHAM,phq_8,PHQ8,cross-corpus-882,RobustScaler,ElasticNet,50,13,5,0.3318,4.7433,5.4173,0.5132,0.2375,0.6519
3,latency,SHAM,phq_8,PHQ8,cross-corpus-882,RobustScaler,SVR,50,13,5,0.1757,5.1552,6.0584,0.3206,0.0463,0.4179
3,latency,SHAM,phq_8,PHQ8,cross-corpus-882,RobustScaler,KNN,50,13,5,0.1175,5.2051,6.1131,0.2181,0.029,0.2877
3,latency,SHAM,phq_8,PHQ8,cross-corpus-882,RobustScaler,RF,50,13,5,0.3217,4.7708,5.4256,0.5095,0.2351,0.6268
3,latency,SHAM,phq_8,PHQ8,cross-corpus-882,RobustScaler,ET,50,13,5,0.2093,5.1862,5.765,0.3848,0.1364,0.3343
3,latency,SHAM,phq_8,PHQ8,cross-corpus-882,RobustScaler,GB,50,13,5,0.0435,5.6437,6.4927,0.0721,-0.0953,-0.1226
3,latency,SHAM,phq_8,PHQ8,cross-corpus-882,RobustScaler,XGB,50,13,5,0.2017,5.3603,6.1148,0.2701,0.0284,0.2674
3,latency,SHAM,phq_8,PHQ8,cross-corpus-882,RobustScaler,MLP,50,13,5,0.422,4.7862,5.3428,0.5105,0.2583,0.4374
3,latency,SHAM,phq_8,PHQ8,cross-corpus-882,RobustScaler,LGBM,50,13,5,0.4548,4.1916,4.8207,0.7728,0.3961,0.7763
3,latency,SHAM,phq_8,PHQ8,cross-corpus-882,RobustScaler,CatBoost,50,13,5,0.3588,4.5991,5.2913,0.5645,0.2725,0.6017
4,latency,SHAM,phq_8,PHQ8,cross-corpus-882,StandardScaler,Ridge,51,12,5,-0.0965,5.1442,6.3962,-0.1022,-0.6586,0.1032
4,latency,SHAM,phq_8,PHQ8,cross-corpus-882,StandardScaler,Lasso,51,12,5,-0.0489,4.617,5.4762,-0.0727,-0.2158,0.121
4,latency,SHAM,phq_8,PHQ8,cross-corpus-882,StandardScaler,ElasticNet,51,12,5,-0.0982,5.2261,6.5841,-0.1018,-0.7574,0.1032
4,latency,SHAM,phq_8,PHQ8,cross-corpus-882,StandardScaler,SVR,51,12,5,0.1167,4.2158,5.0334,0.1691,-0.0271,0.299
4,latency,SHAM,phq_8,PHQ8,cross-corpus-882,StandardScaler,KNN,51,12,5,0.0437,4.1574,5.4779,0.0565,-0.2165,0.1815
4,latency,SHAM,phq_8,PHQ8,cross-corpus-882,StandardScaler,RF,51,12,5,0.2407,4.0456,5.4154,0.2541,-0.1889,0.2812
4,latency,SHAM,phq_8,PHQ8,cross-corpus-882,StandardScaler,ET,51,12,5,0.2194,4.0687,5.192,0.2445,-0.0928,0.3275
4,latency,SHAM,phq_8,PHQ8,cross-corpus-882,StandardScaler,GB,51,12,5,0.4789,3.5837,4.4582,0.501,0.1943,0.5232
4,latency,SHAM,phq_8,PHQ8,cross-corpus-882,StandardScaler,XGB,51,12,5,0.538,3.2643,4.2732,0.5556,0.2597,0.6229
4,latency,SHAM,phq_8,PHQ8,cross-corpus-882,StandardScaler,MLP,51,12,5,0.12,7.3477,10.2196,0.1514,-3.2341,0.2919
4,latency,SHAM,phq_8,PHQ8,cross-corpus-882,StandardScaler,LGBM,51,12,5,0.1886,3.7681,5.2157,0.2234,-0.1028,0.228
4,latency,SHAM,phq_8,PHQ8,cross-corpus-882,StandardScaler,CatBoost,51,12,5,0.3947,3.7363,4.808,0.4146,0.0628,0.331
4,latency,SHAM,phq_8,PHQ8,cross-corpus-882,MinMaxScaler,Ridge,51,12,5,0.21,3.9109,4.9576,0.275,0.0036,0.2883
4,latency,SHAM,phq_8,PHQ8,cross-corpus-882,MinMaxScaler,Lasso,51,12,5,0.2144,3.9444,4.993,0.2729,-0.0107,0.3025
4,latency,SHAM,phq_8,PHQ8,cross-corpus-882,MinMaxScaler,ElasticNet,51,12,5,0.2097,3.8266,4.7946,0.3295,0.068,0.3132
4,latency,SHAM,phq_8,PHQ8,cross-corpus-882,MinMaxScaler,SVR,51,12,5,0.2488,3.7711,4.6429,0.3706,0.1261,0.2634
4,latency,SHAM,phq_8,PHQ8,cross-corpus-882,MinMaxScaler,KNN,51,12,5,0.4185,2.9537,4.5002,0.5389,0.179,0.4608
4,latency,SHAM,phq_8,PHQ8,cross-corpus-882,MinMaxScaler,RF,51,12,5,0.4042,3.4132,4.6057,0.4483,0.14,0.4058
4,latency,SHAM,phq_8,PHQ8,cross-corpus-882,MinMaxScaler,ET,51,12,5,0.4787,3.1817,4.1957,0.5505,0.2863,0.4663
4,latency,SHAM,phq_8,PHQ8,cross-corpus-882,MinMaxScaler,GB,51,12,5,0.4566,3.308,4.4693,0.5054,0.1902,0.4663
4,latency,SHAM,phq_8,PHQ8,cross-corpus-882,MinMaxScaler,XGB,51,12,5,0.6031,3.2771,3.9432,0.6269,0.3697,0.6798
4,latency,SHAM,phq_8,PHQ8,cross-corpus-882,MinMaxScaler,MLP,51,12,5,-0.0755,4.86,6.0385,-0.0849,-0.4783,0.1424
4,latency,SHAM,phq_8,PHQ8,cross-corpus-882,MinMaxScaler,LGBM,51,12,5,0.2808,3.6663,4.8399,0.3872,0.0503,0.3608
4,latency,SHAM,phq_8,PHQ8,cross-corpus-882,MinMaxScaler,CatBoost,51,12,5,0.5426,2.8971,4.045,0.5963,0.3367,0.4876
4,latency,SHAM,phq_8,PHQ8,cross-corpus-882,RobustScaler,Ridge,51,12,5,0.202,3.7265,5.0684,0.3044,-0.0414,0.1708
4,latency,SHAM,phq_8,PHQ8,cross-corpus-882,RobustScaler,Lasso,51,12,5,0.2415,3.7753,5.1689,0.3199,-0.0832,0.2136
4,latency,SHAM,phq_8,PHQ8,cross-corpus-882,RobustScaler,ElasticNet,51,12,5,0.2245,3.7622,5.1428,0.3114,-0.0722,0.1708
4,latency,SHAM,phq_8,PHQ8,cross-corpus-882,RobustScaler,SVR,51,12,5,0.236,3.701,4.619,0.4286,0.1351,0.331
4,latency,SHAM,phq_8,PHQ8,cross-corpus-882,RobustScaler,KNN,51,12,5,0.2961,3.5952,5.0136,0.5057,-0.019,0.3369
4,latency,SHAM,phq_8,PHQ8,cross-corpus-882,RobustScaler,RF,51,12,5,0.2472,3.5832,4.868,0.3496,0.0393,0.3773
4,latency,SHAM,phq_8,PHQ8,cross-corpus-882,RobustScaler,ET,51,12,5,0.1721,3.9133,5.2274,0.2178,-0.1078,0.2741
4,latency,SHAM,phq_8,PHQ8,cross-corpus-882,RobustScaler,GB,51,12,5,0.3268,3.9469,5.4978,0.3458,-0.2254,0.4414
4,latency,SHAM,phq_8,PHQ8,cross-corpus-882,RobustScaler,XGB,51,12,5,0.5541,3.183,4.3091,0.58,0.2472,0.5908
4,latency,SHAM,phq_8,PHQ8,cross-corpus-882,RobustScaler,MLP,51,12,5,0.1339,4.4913,5.8965,0.145,-0.4095,0.1922
4,latency,SHAM,phq_8,PHQ8,cross-corpus-882,RobustScaler,LGBM,51,12,5,0.2641,3.8801,4.941,0.3883,0.0103,0.3453
4,latency,SHAM,phq_8,PHQ8,cross-corpus-882,RobustScaler,CatBoost,51,12,5,0.3329,3.7271,4.8215,0.4106,0.0575,0.3737
5,latency,SHAM,phq_8,PHQ8,cross-corpus-882,StandardScaler,Ridge,51,12,5,-0.0773,5.0879,6.6845,-0.0817,-1.0729,-0.1195
5,latency,SHAM,phq_8,PHQ8,cross-corpus-882,StandardScaler,Lasso,51,12,5,-0.0765,5.1377,6.7381,-0.0808,-1.1063,-0.1195
5,latency,SHAM,phq_8,PHQ8,cross-corpus-882,StandardScaler,ElasticNet,51,12,5,-0.0767,5.1222,6.7218,-0.081,-1.0961,-0.1195
5,latency,SHAM,phq_8,PHQ8,cross-corpus-882,StandardScaler,SVR,51,12,5,-0.0612,5.3101,7.285,-0.0647,-1.4621,-0.1441
5,latency,SHAM,phq_8,PHQ8,cross-corpus-882,StandardScaler,KNN,51,12,5,0.0382,4.2222,5.409,0.0432,-0.3573,0.0705
5,latency,SHAM,phq_8,PHQ8,cross-corpus-882,StandardScaler,RF,51,12,5,0.156,4.2914,5.418,0.1825,-0.3618,0.1301
5,latency,SHAM,phq_8,PHQ8,cross-corpus-882,StandardScaler,ET,51,12,5,-0.0595,4.8858,6.2088,-0.0671,-0.7883,-0.0844
5,latency,SHAM,phq_8,PHQ8,cross-corpus-882,StandardScaler,GB,51,12,5,0.2098,4.5436,5.6388,0.2349,-0.4751,0.1019
5,latency,SHAM,phq_8,PHQ8,cross-corpus-882,StandardScaler,XGB,51,12,5,0.1684,4.9161,6.0804,0.1937,-0.7152,0.0914
5,latency,SHAM,phq_8,PHQ8,cross-corpus-882,StandardScaler,MLP,51,12,5,-0.2538,6.3077,8.2017,-0.2776,-2.1207,-0.2355
5,latency,SHAM,phq_8,PHQ8,cross-corpus-882,StandardScaler,LGBM,51,12,5,0.3837,3.0725,4.1071,0.5745,0.2175,0.6778
5,latency,SHAM,phq_8,PHQ8,cross-corpus-882,StandardScaler,CatBoost,51,12,5,0.1799,4.3833,5.2719,0.2017,-0.2894,0.1336
5,latency,SHAM,phq_8,PHQ8,cross-corpus-882,MinMaxScaler,Ridge,51,12,10,0.0734,5.2349,6.1729,0.0742,-0.7678,0.0176
5,latency,SHAM,phq_8,PHQ8,cross-corpus-882,MinMaxScaler,Lasso,51,12,10,0.0595,5.2857,6.2204,0.0601,-0.7951,0.0176
5,latency,SHAM,phq_8,PHQ8,cross-corpus-882,MinMaxScaler,ElasticNet,51,12,10,0.1039,4.9793,5.8837,0.1061,-0.606,0.0879
5,latency,SHAM,phq_8,PHQ8,cross-corpus-882,MinMaxScaler,SVR,51,12,10,-0.1318,5.6081,6.2532,-0.1436,-0.814,-0.2566
5,latency,SHAM,phq_8,PHQ8,cross-corpus-882,MinMaxScaler,KNN,51,12,10,0.1473,4.2833,5.3389,0.1573,-0.3223,0.0845
5,latency,SHAM,phq_8,PHQ8,cross-corpus-882,MinMaxScaler,RF,51,12,10,0.2015,4.3601,5.163,0.2181,-0.2366,0.1019
5,latency,SHAM,phq_8,PHQ8,cross-corpus-882,MinMaxScaler,ET,51,12,10,0.1052,4.5217,5.4027,0.1151,-0.3541,0.0773
5,latency,SHAM,phq_8,PHQ8,cross-corpus-882,MinMaxScaler,GB,51,12,10,0.1837,5.0878,6.1019,0.1889,-0.7273,0.1933
5,latency,SHAM,phq_8,PHQ8,cross-corpus-882,MinMaxScaler,XGB,51,12,10,0.1242,5.8779,7.1956,0.131,-1.402,0.1336
5,latency,SHAM,phq_8,PHQ8,cross-corpus-882,MinMaxScaler,MLP,51,12,10,0.0022,5.2609,6.0121,0.0023,-0.6769,-0.0738
5,latency,SHAM,phq_8,PHQ8,cross-corpus-882,MinMaxScaler,LGBM,51,12,10,0.4013,3.3412,4.095,0.533,0.2221,0.5729
5,latency,SHAM,phq_8,PHQ8,cross-corpus-882,MinMaxScaler,CatBoost,51,12,10,0.1796,5.2632,5.9114,0.1916,-0.6212,0.1511
5,latency,SHAM,phq_8,PHQ8,cross-corpus-882,RobustScaler,Ridge,51,12,10,0.2353,4.6012,5.3173,0.2416,-0.3117,0.2179
5,latency,SHAM,phq_8,PHQ8,cross-corpus-882,RobustScaler,Lasso,51,12,10,0.2383,4.6094,5.3115,0.2442,-0.3088,0.2179
5,latency,SHAM,phq_8,PHQ8,cross-corpus-882,RobustScaler,ElasticNet,51,12,10,0.2409,4.6147,5.3108,0.2465,-0.3085,0.2601
5,latency,SHAM,phq_8,PHQ8,cross-corpus-882,RobustScaler,SVR,51,12,10,-0.1361,6.5818,7.8265,-0.1494,-1.8417,-0.1652
5,latency,SHAM,phq_8,PHQ8,cross-corpus-882,RobustScaler,KNN,51,12,10,0.0664,5.0556,5.9938,0.0674,-0.6667,0.0674
5,latency,SHAM,phq_8,PHQ8,cross-corpus-882,RobustScaler,RF,51,12,10,0.2093,4.4086,5.1591,0.2371,-0.2348,0.1019
5,latency,SHAM,phq_8,PHQ8,cross-corpus-882,RobustScaler,ET,51,12,10,0.2136,3.9525,4.9499,0.2513,-0.1367,0.109
5,latency,SHAM,phq_8,PHQ8,cross-corpus-882,RobustScaler,GB,51,12,10,0.2665,4.5875,5.6082,0.2931,-0.4591,0.2953
5,latency,SHAM,phq_8,PHQ8,cross-corpus-882,RobustScaler,XGB,51,12,10,0.2453,4.7634,5.5943,0.272,-0.4519,0.2636
5,latency,SHAM,phq_8,PHQ8,cross-corpus-882,RobustScaler,MLP,51,12,10,-0.1049,7.3017,8.514,-0.124,-2.3628,0.0281
5,latency,SHAM,phq_8,PHQ8,cross-corpus-882,RobustScaler,LGBM,51,12,10,0.4145,3.2213,4.027,0.5627,0.2477,0.594
5,latency,SHAM,phq_8,PHQ8,cross-corpus-882,RobustScaler,CatBoost,51,12,10,0.2195,4.3912,5.2296,0.2357,-0.2688,0.1441
1,latency,SHAM,ads.1,CES-D,cross-corpus-882,StandardScaler,Ridge,50,13,10,0.524,9.8874,11.0059,0.5766,0.3091,0.5868
1,latency,SHAM,ads.1,CES-D,cross-corpus-882,StandardScaler,Lasso,50,13,10,0.4789,9.6695,10.8201,0.6053,0.3322,0.6584
1,latency,SHAM,ads.1,CES-D,cross-corpus-882,StandardScaler,ElasticNet,50,13,10,0.5566,9.8741,11.1109,0.5831,0.2959,0.6584
1,latency,SHAM,ads.1,CES-D,cross-corpus-882,StandardScaler,SVR,50,13,10,0.3338,11.2255,12.3415,0.4956,0.1313,0.584
1,latency,SHAM,ads.1,CES-D,cross-corpus-882,StandardScaler,KNN,50,13,10,0.4939,9.6842,11.0516,0.583,0.3034,0.6648
1,latency,SHAM,ads.1,CES-D,cross-corpus-882,StandardScaler,RF,50,13,10,0.2386,11.9381,13.0429,0.3639,0.0297,0.3691
1,latency,SHAM,ads.1,CES-D,cross-corpus-882,StandardScaler,ET,50,13,10,0.3319,11.0661,12.1236,0.4772,0.1617,0.4931
1,latency,SHAM,ads.1,CES-D,cross-corpus-882,StandardScaler,GB,50,13,10,0.247,11.5924,14.3306,0.3506,-0.1713,0.3168
1,latency,SHAM,ads.1,CES-D,cross-corpus-882,StandardScaler,XGB,50,13,10,0.1187,12.8576,15.6125,0.1591,-0.3903,0.2893
1,latency,SHAM,ads.1,CES-D,cross-corpus-882,StandardScaler,MLP,50,13,10,0.2756,11.6346,13.1982,0.4375,0.0065,0.427
1,latency,SHAM,ads.1,CES-D,cross-corpus-882,StandardScaler,LGBM,50,13,10,0.3514,11.0073,11.7311,0.5001,0.2151,0.4745
1,latency,SHAM,ads.1,CES-D,cross-corpus-882,StandardScaler,CatBoost,50,13,10,0.2657,11.8599,13.0098,0.3885,0.0346,0.3967
1,latency,SHAM,ads.1,CES-D,cross-corpus-882,MinMaxScaler,Ridge,50,13,15,0.2986,11.1848,11.9496,0.4577,0.1856,0.5152
1,latency,SHAM,ads.1,CES-D,cross-corpus-882,MinMaxScaler,Lasso,50,13,15,0.4678,10.0107,11.0575,0.5629,0.3026,0.6006
1,latency,SHAM,ads.1,CES-D,cross-corpus-882,MinMaxScaler,ElasticNet,50,13,15,0.3915,10.4209,11.5155,0.5091,0.2437,0.6006
1,latency,SHAM,ads.1,CES-D,cross-corpus-882,MinMaxScaler,SVR,50,13,15,0.2203,11.9623,12.8973,0.3285,0.0512,0.4353
1,latency,SHAM,ads.1,CES-D,cross-corpus-882,MinMaxScaler,KNN,50,13,15,0.3023,11.1543,12.7222,0.3575,0.0768,0.3636
1,latency,SHAM,ads.1,CES-D,cross-corpus-882,MinMaxScaler,RF,50,13,15,0.3372,10.8821,11.5417,0.5589,0.2402,0.6722
1,latency,SHAM,ads.1,CES-D,cross-corpus-882,MinMaxScaler,ET,50,13,15,0.3484,11.0559,11.7038,0.5349,0.2187,0.6391
1,latency,SHAM,ads.1,CES-D,cross-corpus-882,MinMaxScaler,GB,50,13,15,0.2501,11.6705,14.0973,0.33,-0.1335,0.4601
1,latency,SHAM,ads.1,CES-D,cross-corpus-882,MinMaxScaler,XGB,50,13,15,0.0505,13.3805,15.7234,0.0627,-0.4101,0.2121
1,latency,SHAM,ads.1,CES-D,cross-corpus-882,MinMaxScaler,MLP,50,13,15,0.373,10.7014,12.01,0.4544,0.1773,0.5289
1,latency,SHAM,ads.1,CES-D,cross-corpus-882,MinMaxScaler,LGBM,50,13,15,0.3328,11.0542,11.7822,0.4975,0.2082,0.5779
1,latency,SHAM,ads.1,CES-D,cross-corpus-882,MinMaxScaler,CatBoost,50,13,15,0.3158,11.2838,12.6784,0.426,0.0832,0.562
1,latency,SHAM,ads.1,CES-D,cross-corpus-882,RobustScaler,Ridge,50,13,5,0.0947,12.8455,15.3434,0.1053,-0.3428,0.2865
1,latency,SHAM,ads.1,CES-D,cross-corpus-882,RobustScaler,Lasso,50,13,5,0.1208,13.0779,15.9062,0.1272,-0.4431,0.3306
1,latency,SHAM,ads.1,CES-D,cross-corpus-882,RobustScaler,ElasticNet,50,13,5,0.1114,12.9407,15.6254,0.1197,-0.3926,0.2534
1,latency,SHAM,ads.1,CES-D,cross-corpus-882,RobustScaler,SVR,50,13,5,0.188,11.4274,15.1243,0.2294,-0.3047,0.2782
1,latency,SHAM,ads.1,CES-D,cross-corpus-882,RobustScaler,KNN,50,13,5,0.1705,10.9077,15.5909,0.205,-0.3864,0.2448
1,latency,SHAM,ads.1,CES-D,cross-corpus-882,RobustScaler,RF,50,13,5,0.2596,11.5621,12.8783,0.3326,0.054,0.4435
1,latency,SHAM,ads.1,CES-D,cross-corpus-882,RobustScaler,ET,50,13,5,0.246,11.6957,13.5254,0.2828,-0.0434,0.3581
1,latency,SHAM,ads.1,CES-D,cross-corpus-882,RobustScaler,GB,50,13,5,0.1562,12.2164,15.93,0.1678,-0.4474,0.3499
1,latency,SHAM,ads.1,CES-D,cross-corpus-882,RobustScaler,XGB,50,13,5,0.0856,13.0165,16.5947,0.0924,-0.5707,0.1736
1,latency,SHAM,ads.1,CES-D,cross-corpus-882,RobustScaler,MLP,50,13,5,0.0626,14.2023,18.3003,0.0682,-0.9102,0.1267
1,latency,SHAM,ads.1,CES-D,cross-corpus-882,RobustScaler,LGBM,50,13,5,0.2862,11.0314,12.8747,0.352,0.0546,0.4102
1,latency,SHAM,ads.1,CES-D,cross-corpus-882,RobustScaler,CatBoost,50,13,5,0.1525,12.4404,15.0423,0.1659,-0.2906,0.3912
2,latency,SHAM,ads.1,CES-D,cross-corpus-882,StandardScaler,Ridge,50,13,5,0.3401,8.4413,10.5555,0.3992,0.1336,0.4477
2,latency,SHAM,ads.1,CES-D,cross-corpus-882,StandardScaler,Lasso,50,13,5,0.3399,8.4424,10.5559,0.3991,0.1336,0.4477
2,latency,SHAM,ads.1,CES-D,cross-corpus-882,StandardScaler,ElasticNet,50,13,5,0.3395,8.4386,10.5468,0.3996,0.135,0.4477
2,latency,SHAM,ads.1,CES-D,cross-corpus-882,StandardScaler,SVR,50,13,5,0.1694,8.8866,11.3679,0.2541,-0.0049,0.2521
2,latency,SHAM,ads.1,CES-D,cross-corpus-882,StandardScaler,KNN,50,13,5,0.2393,9.0337,11.0274,0.3018,0.0544,0.3375
2,latency,SHAM,ads.1,CES-D,cross-corpus-882,StandardScaler,RF,50,13,5,0.3035,8.3731,10.3013,0.4338,0.1749,0.6102
2,latency,SHAM,ads.1,CES-D,cross-corpus-882,StandardScaler,ET,50,13,5,0.2655,7.9853,10.401,0.4034,0.1588,0.522
2,latency,SHAM,ads.1,CES-D,cross-corpus-882,StandardScaler,GB,50,13,5,0.2703,8.5897,10.95,0.3359,0.0677,0.376
2,latency,SHAM,ads.1,CES-D,cross-corpus-882,StandardScaler,XGB,50,13,5,0.1781,10.092,11.9908,0.2025,-0.118,0.1171
2,latency,SHAM,ads.1,CES-D,cross-corpus-882,StandardScaler,MLP,50,13,5,0.1601,11.3436,13.4573,0.1636,-0.4082,0.3026
2,latency,SHAM,ads.1,CES-D,cross-corpus-882,StandardScaler,LGBM,50,13,5,0.2057,9.405,10.8634,0.3029,0.0823,0.3222
2,latency,SHAM,ads.1,CES-D,cross-corpus-882,StandardScaler,CatBoost,50,13,5,0.2225,8.2081,10.5879,0.3592,0.1283,0.2934
2,latency,SHAM,ads.1,CES-D,cross-corpus-882,MinMaxScaler,Ridge,50,13,15,0.434,8.719,11.183,0.4433,0.0276,0.5551
2,latency,SHAM,ads.1,CES-D,cross-corpus-882,MinMaxScaler,Lasso,50,13,15,0.2136,12.6977,16.8143,0.2358,-1.1984,0.4284
2,latency,SHAM,ads.1,CES-D,cross-corpus-882,MinMaxScaler,ElasticNet,50,13,15,0.488,7.4967,9.7192,0.5315,0.2655,0.6846
2,latency,SHAM,ads.1,CES-D,cross-corpus-882,MinMaxScaler,SVR,50,13,15,0.19,9.6634,12.2622,0.2147,-0.1692,0.332
2,latency,SHAM,ads.1,CES-D,cross-corpus-882,MinMaxScaler,KNN,50,13,15,0.3234,8.1583,10.1215,0.4674,0.2034,0.4483
2,latency,SHAM,ads.1,CES-D,cross-corpus-882,MinMaxScaler,RF,50,13,15,0.2447,8.5971,10.9364,0.3136,0.07,0.4421
2,latency,SHAM,ads.1,CES-D,cross-corpus-882,MinMaxScaler,ET,50,13,15,0.3788,7.6697,10.1193,0.4577,0.2037,0.4972
2,latency,SHAM,ads.1,CES-D,cross-corpus-882,MinMaxScaler,GB,50,13,15,0.0167,10.6137,13.1601,0.019,-0.3467,-0.0262
2,latency,SHAM,ads.1,CES-D,cross-corpus-882,MinMaxScaler,XGB,50,13,15,-0.0448,10.6714,13.4037,-0.0523,-0.397,-0.0179
2,latency,SHAM,ads.1,CES-D,cross-corpus-882,MinMaxScaler,MLP,50,13,15,0.4973,9.6572,12.5164,0.5125,-0.2182,0.668
2,latency,SHAM,ads.1,CES-D,cross-corpus-882,MinMaxScaler,LGBM,50,13,15,0.3178,9.1227,10.5551,0.3907,0.1337,0.4835
2,latency,SHAM,ads.1,CES-D,cross-corpus-882,MinMaxScaler,CatBoost,50,13,15,0.1827,9.6734,11.7965,0.2131,-0.0821,0.241
2,latency,SHAM,ads.1,CES-D,cross-corpus-882,RobustScaler,Ridge,50,13,5,0.419,8.8286,10.729,0.4657,0.1049,0.5275
2,latency,SHAM,ads.1,CES-D,cross-corpus-882,RobustScaler,Lasso,50,13,5,0.4292,8.8177,10.6837,0.4742,0.1125,0.5275
2,latency,SHAM,ads.1,CES-D,cross-corpus-882,RobustScaler,ElasticNet,50,13,5,0.4143,8.7525,10.6628,0.4653,0.1159,0.5275
2,latency,SHAM,ads.1,CES-D,cross-corpus-882,RobustScaler,SVR,50,13,5,0.31,8.995,11.1484,0.3533,0.0336,0.4091
2,latency,SHAM,ads.1,CES-D,cross-corpus-882,RobustScaler,KNN,50,13,5,0.2916,8.0114,10.6555,0.3797,0.1171,0.354
2,latency,SHAM,ads.1,CES-D,cross-corpus-882,RobustScaler,RF,50,13,5,0.1418,9.204,11.877,0.1766,-0.0969,0.2548
2,latency,SHAM,ads.1,CES-D,cross-corpus-882,RobustScaler,ET,50,13,5,0.2531,9.1206,11.1732,0.308,0.0293,0.2713
2,latency,SHAM,ads.1,CES-D,cross-corpus-882,RobustScaler,GB,50,13,5,0.2329,11.1878,12.8682,0.2374,-0.2876,0.2934
2,latency,SHAM,ads.1,CES-D,cross-corpus-882,RobustScaler,XGB,50,13,5,0.4493,8.1897,9.7454,0.5168,0.2615,0.5
2,latency,SHAM,ads.1,CES-D,cross-corpus-882,RobustScaler,MLP,50,13,5,0.2969,9.5107,11.535,0.3337,-0.0346,0.5386
2,latency,SHAM,ads.1,CES-D,cross-corpus-882,RobustScaler,LGBM,50,13,5,0.3168,8.517,10.4045,0.4052,0.1582,0.4875
2,latency,SHAM,ads.1,CES-D,cross-corpus-882,RobustScaler,CatBoost,50,13,5,0.1986,9.8231,12.0661,0.2185,-0.1321,0.2769
3,latency,SHAM,ads.1,CES-D,cross-corpus-882,StandardScaler,Ridge,50,13,5,0.0873,13.5243,15.4053,0.1258,-0.1152,0.3333
3,latency,SHAM,ads.1,CES-D,cross-corpus-882,StandardScaler,Lasso,50,13,5,0.1133,13.3939,15.5904,0.151,-0.1421,0.3471
3,latency,SHAM,ads.1,CES-D,cross-corpus-882,StandardScaler,ElasticNet,50,13,5,0.1012,13.4594,15.5022,0.1395,-0.1292,0.3636
3,latency,SHAM,ads.1,CES-D,cross-corpus-882,StandardScaler,SVR,50,13,5,0.2698,11.479,13.7182,0.4243,0.1157,0.4187
3,latency,SHAM,ads.1,CES-D,cross-corpus-882,StandardScaler,KNN,50,13,5,0.0925,13.197,14.633,0.1919,-0.0061,0.1724
3,latency,SHAM,ads.1,CES-D,cross-corpus-882,StandardScaler,RF,50,13,5,0.0426,13.6091,15.5689,0.0757,-0.139,0.1653
3,latency,SHAM,ads.1,CES-D,cross-corpus-882,StandardScaler,ET,50,13,5,0.1142,13.0149,14.8134,0.1938,-0.0311,0.1901
3,latency,SHAM,ads.1,CES-D,cross-corpus-882,StandardScaler,GB,50,13,5,0.1591,12.7857,15.4111,0.1983,-0.116,0.1405
3,latency,SHAM,ads.1,CES-D,cross-corpus-882,StandardScaler,XGB,50,13,5,0.1712,12.9681,15.9938,0.2084,-0.202,0.0248
3,latency,SHAM,ads.1,CES-D,cross-corpus-882,StandardScaler,MLP,50,13,5,0.3195,11.1223,13.0902,0.4954,0.1948,0.4711
3,latency,SHAM,ads.1,CES-D,cross-corpus-882,StandardScaler,LGBM,50,13,5,0.2824,11.382,14.0772,0.4023,0.0688,0.4503
3,latency,SHAM,ads.1,CES-D,cross-corpus-882,StandardScaler,CatBoost,50,13,5,0.0925,13.3417,15.2201,0.1366,-0.0885,0.1267
3,latency,SHAM,ads.1,CES-D,cross-corpus-882,MinMaxScaler,Ridge,50,13,5,0.1698,12.3199,14.5439,0.2714,0.0061,0.3829
3,latency,SHAM,ads.1,CES-D,cross-corpus-882,MinMaxScaler,Lasso,50,13,5,0.1817,12.1766,14.7886,0.2665,-0.0277,0.3251
3,latency,SHAM,ads.1,CES-D,cross-corpus-882,MinMaxScaler,ElasticNet,50,13,5,0.1841,12.1922,14.7751,0.2678,-0.0258,0.3251
3,latency,SHAM,ads.1,CES-D,cross-corpus-882,MinMaxScaler,SVR,50,13,5,0.1999,11.9459,14.9631,0.2883,-0.0521,0.281
3,latency,SHAM,ads.1,CES-D,cross-corpus-882,MinMaxScaler,KNN,50,13,5,0.3046,11.2891,13.416,0.4607,0.1542,0.1807
3,latency,SHAM,ads.1,CES-D,cross-corpus-882,MinMaxScaler,RF,50,13,5,0.1498,12.3634,14.4602,0.2881,0.0175,0.1818
3,latency,SHAM,ads.1,CES-D,cross-corpus-882,MinMaxScaler,ET,50,13,5,0.2244,11.738,14.0999,0.4164,0.0658,0.2259
3,latency,SHAM,ads.1,CES-D,cross-corpus-882,MinMaxScaler,GB,50,13,5,0.2095,11.8119,14.8255,0.3034,-0.0328,0.2287
3,latency,SHAM,ads.1,CES-D,cross-corpus-882,MinMaxScaler,XGB,50,13,5,0.2034,11.8262,14.9639,0.2953,-0.0522,0.2479
3,latency,SHAM,ads.1,CES-D,cross-corpus-882,MinMaxScaler,MLP,50,13,5,0.3394,10.4922,13.5266,0.469,0.1403,0.4298
3,latency,SHAM,ads.1,CES-D,cross-corpus-882,MinMaxScaler,LGBM,50,13,5,0.2,12.0641,14.0944,0.3644,0.0666,0.473
3,latency,SHAM,ads.1,CES-D,cross-corpus-882,MinMaxScaler,CatBoost,50,13,5,0.2295,11.7354,13.9035,0.3638,0.0917,0.2948
3,latency,SHAM,ads.1,CES-D,cross-corpus-882,RobustScaler,Ridge,50,13,10,0.2993,12.2867,13.9155,0.3795,0.0901,0.3829
3,latency,SHAM,ads.1,CES-D,cross-corpus-882,RobustScaler,Lasso,50,13,10,0.3003,12.3332,13.8844,0.3793,0.0942,0.3829
3,latency,SHAM,ads.1,CES-D,cross-corpus-882,RobustScaler,ElasticNet,50,13,10,0.3032,12.2923,13.7359,0.3936,0.1134,0.4435
3,latency,SHAM,ads.1,CES-D,cross-corpus-882,RobustScaler,SVR,50,13,10,0.3289,11.1639,13.5163,0.5177,0.1416,0.4986
3,latency,SHAM,ads.1,CES-D,cross-corpus-882,RobustScaler,KNN,50,13,10,0.3154,11.7731,13.0156,0.4733,0.204,0.3719
3,latency,SHAM,ads.1,CES-D,cross-corpus-882,RobustScaler,RF,50,13,10,0.3708,10.8396,12.4358,0.6049,0.2733,0.6253
3,latency,SHAM,ads.1,CES-D,cross-corpus-882,RobustScaler,ET,50,13,10,0.2908,11.277,13.3343,0.5259,0.1645,0.5923
3,latency,SHAM,ads.1,CES-D,cross-corpus-882,RobustScaler,GB,50,13,10,0.419,10.0068,12.108,0.6092,0.3111,0.584
3,latency,SHAM,ads.1,CES-D,cross-corpus-882,RobustScaler,XGB,50,13,10,0.3808,10.0733,13.0161,0.5286,0.2039,0.4738
3,latency,SHAM,ads.1,CES-D,cross-corpus-882,RobustScaler,MLP,50,13,10,0.5513,9.0257,11.1827,0.7288,0.4124,0.7548
3,latency,SHAM,ads.1,CES-D,cross-corpus-882,RobustScaler,LGBM,50,13,10,0.3476,11.0614,12.9543,0.5315,0.2115,0.5455
3,latency,SHAM,ads.1,CES-D,cross-corpus-882,RobustScaler,CatBoost,50,13,10,0.3418,11.3182,12.8707,0.5352,0.2216,0.5537
4,latency,SHAM,ads.1,CES-D,cross-corpus-882,StandardScaler,Ridge,51,12,5,0.3349,9.7262,11.8089,0.3423,-0.1028,0.1693
4,latency,SHAM,ads.1,CES-D,cross-corpus-882,StandardScaler,Lasso,51,12,5,0.3358,9.6867,11.7577,0.344,-0.0933,0.1693
4,latency,SHAM,ads.1,CES-D,cross-corpus-882,StandardScaler,ElasticNet,51,12,5,0.3361,9.6675,11.7327,0.3447,-0.0886,0.1693
4,latency,SHAM,ads.1,CES-D,cross-corpus-882,StandardScaler,SVR,51,12,5,0.1797,9.9883,11.917,0.2172,-0.1231,0.2363
4,latency,SHAM,ads.1,CES-D,cross-corpus-882,StandardScaler,KNN,51,12,5,0.2519,9.5208,11.0271,0.3199,0.0384,0.127
4,latency,SHAM,ads.1,CES-D,cross-corpus-882,StandardScaler,RF,51,12,5,0.1754,9.7809,11.3255,0.2389,-0.0144,0.187
4,latency,SHAM,ads.1,CES-D,cross-corpus-882,StandardScaler,ET,51,12,5,0.2649,8.9042,10.6256,0.3555,0.1071,0.2363
4,latency,SHAM,ads.1,CES-D,cross-corpus-882,StandardScaler,GB,51,12,5,0.2745,10.4172,12.7573,0.2879,-0.2871,0.1693
4,latency,SHAM,ads.1,CES-D,cross-corpus-882,StandardScaler,XGB,51,12,5,0.0974,11.1152,12.4024,0.1212,-0.2165,0.1658
4,latency,SHAM,ads.1,CES-D,cross-corpus-882,StandardScaler,MLP,51,12,5,0.2949,10.8271,13.0011,0.2981,-0.3367,0.1728
4,latency,SHAM,ads.1,CES-D,cross-corpus-882,StandardScaler,LGBM,51,12,5,0.431,8.075,9.3897,0.5764,0.3027,0.3392
4,latency,SHAM,ads.1,CES-D,cross-corpus-882,StandardScaler,CatBoost,51,12,5,0.3242,9.8357,11.4653,0.358,-0.0396,0.3069
4,latency,SHAM,ads.1,CES-D,cross-corpus-882,MinMaxScaler,Ridge,51,12,15,0.2046,9.8326,11.2269,0.2697,0.0032,0.2328
4,latency,SHAM,ads.1,CES-D,cross-corpus-882,MinMaxScaler,Lasso,51,12,15,0.3466,9.0742,10.6826,0.4366,0.0975,0.3245
4,latency,SHAM,ads.1,CES-D,cross-corpus-882,MinMaxScaler,ElasticNet,51,12,15,0.2019,9.4958,10.9169,0.2912,0.0575,0.2787
4,latency,SHAM,ads.1,CES-D,cross-corpus-882,MinMaxScaler,SVR,51,12,15,0.1884,10.4484,11.9955,0.2385,-0.1379,0.0705
4,latency,SHAM,ads.1,CES-D,cross-corpus-882,MinMaxScaler,KNN,51,12,15,0.0683,9.9728,12.2754,0.0882,-0.1917,-0.0776
4,latency,SHAM,ads.1,CES-D,cross-corpus-882,MinMaxScaler,RF,51,12,15,0.5082,7.9771,8.908,0.6599,0.3724,0.5926
4,latency,SHAM,ads.1,CES-D,cross-corpus-882,MinMaxScaler,ET,51,12,15,0.5307,7.8206,8.9793,0.6306,0.3624,0.5785
4,latency,SHAM,ads.1,CES-D,cross-corpus-882,MinMaxScaler,GB,51,12,15,0.4407,8.4668,10.0411,0.5089,0.2026,0.448
4,latency,SHAM,ads.1,CES-D,cross-corpus-882,MinMaxScaler,XGB,51,12,15,0.5102,7.7765,9.4326,0.6058,0.2964,0.5291
4,latency,SHAM,ads.1,CES-D,cross-corpus-882,MinMaxScaler,MLP,51,12,15,-0.2944,13.6483,16.754,-0.3046,-1.2199,-0.1517
4,latency,SHAM,ads.1,CES-D,cross-corpus-882,MinMaxScaler,LGBM,51,12,15,0.6265,7.073,7.9948,0.7623,0.4945,0.6067
4,latency,SHAM,ads.1,CES-D,cross-corpus-882,MinMaxScaler,CatBoost,51,12,15,0.5398,7.9496,9.3873,0.5897,0.3031,0.3704
4,latency,SHAM,ads.1,CES-D,cross-corpus-882,RobustScaler,Ridge,51,12,10,0.27,10.3717,11.5688,0.3161,-0.0584,0.187
4,latency,SHAM,ads.1,CES-D,cross-corpus-882,RobustScaler,Lasso,51,12,10,0.2725,10.2091,11.4816,0.3247,-0.0425,0.187
4,latency,SHAM,ads.1,CES-D,cross-corpus-882,RobustScaler,ElasticNet,51,12,10,0.2644,9.7974,11.4163,0.343,-0.0307,0.1975
4,latency,SHAM,ads.1,CES-D,cross-corpus-882,RobustScaler,SVR,51,12,10,0.1073,11.1887,12.5955,0.1582,-0.2546,0.1058
4,latency,SHAM,ads.1,CES-D,cross-corpus-882,RobustScaler,KNN,51,12,10,0.0986,11.0608,12.745,0.1089,-0.2846,-0.0035
4,latency,SHAM,ads.1,CES-D,cross-corpus-882,RobustScaler,RF,51,12,10,0.2712,9.8362,10.6595,0.4452,0.1014,0.3915
4,latency,SHAM,ads.1,CES-D,cross-corpus-882,RobustScaler,ET,51,12,10,0.3329,9.5976,10.4563,0.4656,0.1353,0.3633
4,latency,SHAM,ads.1,CES-D,cross-corpus-882,RobustScaler,GB,51,12,10,0.3239,10.6915,11.4889,0.4493,-0.0439,0.2716
4,latency,SHAM,ads.1,CES-D,cross-corpus-882,RobustScaler,XGB,51,12,10,0.2154,10.8833,12.1948,0.3003,-0.1761,0.1446
4,latency,SHAM,ads.1,CES-D,cross-corpus-882,RobustScaler,MLP,51,12,10,0.2134,11.3015,12.8257,0.338,-0.3009,0.321
4,latency,SHAM,ads.1,CES-D,cross-corpus-882,RobustScaler,LGBM,51,12,10,0.2996,9.1743,10.074,0.5012,0.1974,0.4057
4,latency,SHAM,ads.1,CES-D,cross-corpus-882,RobustScaler,CatBoost,51,12,10,0.2577,10.6487,11.4341,0.3878,-0.0339,0.3069
5,latency,SHAM,ads.1,CES-D,cross-corpus-882,StandardScaler,Ridge,51,12,5,0.1461,8.1443,9.9739,0.2835,-0.6513,0.1092
5,latency,SHAM,ads.1,CES-D,cross-corpus-882,StandardScaler,Lasso,51,12,5,0.125,8.0813,9.95,0.2623,-0.6434,0.1092
5,latency,SHAM,ads.1,CES-D,cross-corpus-882,StandardScaler,ElasticNet,51,12,5,0.0978,8.0809,9.9931,0.2183,-0.6576,0.0704
5,latency,SHAM,ads.1,CES-D,cross-corpus-882,StandardScaler,SVR,51,12,5,0.2999,8.88,10.8949,0.4852,-0.9703,0.243
5,latency,SHAM,ads.1,CES-D,cross-corpus-882,StandardScaler,KNN,51,12,5,0.3575,8.392,9.8348,0.4993,-0.6055,0.1232
5,latency,SHAM,ads.1,CES-D,cross-corpus-882,StandardScaler,RF,51,12,5,0.023,9.5204,11.4347,0.0384,-1.1704,-0.1937
5,latency,SHAM,ads.1,CES-D,cross-corpus-882,StandardScaler,ET,51,12,5,0.1457,8.6909,10.6472,0.181,-0.8817,0.1338
5,latency,SHAM,ads.1,CES-D,cross-corpus-882,StandardScaler,GB,51,12,5,0.0899,10.305,12.6702,0.1032,-1.6648,0.162
5,latency,SHAM,ads.1,CES-D,cross-corpus-882,StandardScaler,XGB,51,12,5,0.231,8.7854,11.1634,0.2595,-1.0686,0.3028
5,latency,SHAM,ads.1,CES-D,cross-corpus-882,StandardScaler,MLP,51,12,5,0.1522,7.2082,8.9913,0.1581,-0.342,0.0282
5,latency,SHAM,ads.1,CES-D,cross-corpus-882,StandardScaler,LGBM,51,12,5,0.2003,9.0258,11.361,0.3077,-1.1425,0.3115
5,latency,SHAM,ads.1,CES-D,cross-corpus-882,StandardScaler,CatBoost,51,12,5,0.1287,8.9156,11.9002,0.1648,-1.3507,0.088
5,latency,SHAM,ads.1,CES-D,cross-corpus-882,MinMaxScaler,Ridge,51,12,6,0.0777,8.191,10.2126,0.163,-0.7313,0.0246
5,latency,SHAM,ads.1,CES-D,cross-corpus-882,MinMaxScaler,Lasso,51,12,6,0.1372,8.1592,10.0108,0.2696,-0.6635,0.0775
5,latency,SHAM,ads.1,CES-D,cross-corpus-882,MinMaxScaler,ElasticNet,51,12,6,0.0587,8.2002,10.2738,0.1278,-0.7521,0.0458
5,latency,SHAM,ads.1,CES-D,cross-corpus-882,MinMaxScaler,SVR,51,12,6,0.1531,9.165,11.2944,0.2601,-1.1175,0.0775
5,latency,SHAM,ads.1,CES-D,cross-corpus-882,MinMaxScaler,KNN,51,12,6,0.2578,8.9635,10.4576,0.4008,-0.8153,-0.0088
5,latency,SHAM,ads.1,CES-D,cross-corpus-882,MinMaxScaler,RF,51,12,6,0.0411,9.3297,11.2485,0.0705,-1.1003,0.0
5,latency,SHAM,ads.1,CES-D,cross-corpus-882,MinMaxScaler,ET,51,12,6,0.2641,7.19,8.8997,0.3388,-0.3147,0.25
5,latency,SHAM,ads.1,CES-D,cross-corpus-882,MinMaxScaler,GB,51,12,6,0.0905,10.2849,12.66,0.1038,-1.6604,0.162
5,latency,SHAM,ads.1,CES-D,cross-corpus-882,MinMaxScaler,XGB,51,12,6,0.231,8.7854,11.1634,0.2595,-1.0686,0.3028
5,latency,SHAM,ads.1,CES-D,cross-corpus-882,MinMaxScaler,MLP,51,12,6,0.1819,7.9525,9.6511,0.3229,-0.5461,0.1162
5,latency,SHAM,ads.1,CES-D,cross-corpus-882,MinMaxScaler,LGBM,51,12,6,0.1881,8.9408,11.298,0.3031,-1.1188,0.3115
5,latency,SHAM,ads.1,CES-D,cross-corpus-882,MinMaxScaler,CatBoost,51,12,6,0.1614,8.3661,11.5117,0.1982,-1.1997,0.2394
5,latency,SHAM,ads.1,CES-D,cross-corpus-882,RobustScaler,Ridge,51,12,5,0.1709,7.9687,9.7537,0.3314,-0.5791,0.1444
5,latency,SHAM,ads.1,CES-D,cross-corpus-882,RobustScaler,Lasso,51,12,5,0.1721,8.1616,9.9478,0.3187,-0.6426,0.1444
5,latency,SHAM,ads.1,CES-D,cross-corpus-882,RobustScaler,ElasticNet,51,12,5,0.1737,8.0594,9.8417,0.3259,-0.6078,0.1444
5,latency,SHAM,ads.1,CES-D,cross-corpus-882,RobustScaler,SVR,51,12,5,0.3354,8.3234,10.3488,0.5049,-0.7777,0.4366
5,latency,SHAM,ads.1,CES-D,cross-corpus-882,RobustScaler,KNN,51,12,5,0.2844,9.7612,11.445,0.4205,-1.1743,0.3898
5,latency,SHAM,ads.1,CES-D,cross-corpus-882,RobustScaler,RF,51,12,5,0.023,9.5204,11.4347,0.0384,-1.1704,-0.1937
5,latency,SHAM,ads.1,CES-D,cross-corpus-882,RobustScaler,ET,51,12,5,0.1457,8.6909,10.6472,0.181,-0.8817,0.1338
5,latency,SHAM,ads.1,CES-D,cross-corpus-882,RobustScaler,GB,51,12,5,0.0899,10.305,12.6702,0.1032,-1.6648,0.162
5,latency,SHAM,ads.1,CES-D,cross-corpus-882,RobustScaler,XGB,51,12,5,0.231,8.7854,11.1634,0.2595,-1.0686,0.3028
5,latency,SHAM,ads.1,CES-D,cross-corpus-882,RobustScaler,MLP,51,12,5,0.1771,7.3183,8.8274,0.1951,-0.2935,0.0951
5,latency,SHAM,ads.1,CES-D,cross-corpus-882,RobustScaler,LGBM,51,12,5,0.2003,9.0258,11.361,0.3077,-1.1425,0.3115
5,latency,SHAM,ads.1,CES-D,cross-corpus-882,RobustScaler,CatBoost,51,12,5,0.1287,8.9156,11.9002,0.1648,-1.3507,0.088
1,latency,SHAM,HRSD_6.1,HRSD6,cross-corpus-882,StandardScaler,Ridge,48,13,5,0.0835,3.1251,3.8105,0.1465,-0.0276,0.1226
1,latency,SHAM,HRSD_6.1,HRSD6,cross-corpus-882,StandardScaler,Lasso,48,13,5,0.0462,3.1993,3.7333,0.131,0.0136,0.0139
1,latency,SHAM,HRSD_6.1,HRSD6,cross-corpus-882,StandardScaler,ElasticNet,48,13,5,0.0487,3.1656,3.7658,0.1151,-0.0036,0.1532
1,latency,SHAM,HRSD_6.1,HRSD6,cross-corpus-882,StandardScaler,SVR,48,13,5,-0.0657,3.4753,4.2151,-0.1186,-0.2574,-0.1532
1,latency,SHAM,HRSD_6.1,HRSD6,cross-corpus-882,StandardScaler,KNN,48,13,5,-0.0397,3.8308,4.4835,-0.0505,-0.4226,-0.2112
1,latency,SHAM,HRSD_6.1,HRSD6,cross-corpus-882,StandardScaler,RF,48,13,5,-0.0856,3.5748,4.2869,-0.1234,-0.3006,-0.0696
1,latency,SHAM,HRSD_6.1,HRSD6,cross-corpus-882,StandardScaler,ET,48,13,5,0.061,3.2883,3.9959,0.087,-0.13,-0.0279
1,latency,SHAM,HRSD_6.1,HRSD6,cross-corpus-882,StandardScaler,GB,48,13,5,-0.2303,4.1625,4.9385,-0.2551,-0.726,-0.1978
1,latency,SHAM,HRSD_6.1,HRSD6,cross-corpus-882,StandardScaler,XGB,48,13,5,-0.2357,4.1096,4.8372,-0.2712,-0.6559,-0.2563
1,latency,SHAM,HRSD_6.1,HRSD6,cross-corpus-882,StandardScaler,MLP,48,13,5,-0.009,3.9252,4.633,-0.0135,-0.5191,0.0724
1,latency,SHAM,HRSD_6.1,HRSD6,cross-corpus-882,StandardScaler,LGBM,48,13,5,-0.0838,3.5935,4.3098,-0.113,-0.3145,-0.1561
1,latency,SHAM,HRSD_6.1,HRSD6,cross-corpus-882,StandardScaler,CatBoost,48,13,5,-0.0873,3.563,4.2366,-0.1352,-0.2702,-0.1894
1,latency,SHAM,HRSD_6.1,HRSD6,cross-corpus-882,MinMaxScaler,Ridge,48,13,10,-0.1881,3.6011,4.6764,-0.2261,-0.5477,-0.1337
1,latency,SHAM,HRSD_6.1,HRSD6,cross-corpus-882,MinMaxScaler,Lasso,48,13,10,0.0254,3.1462,3.9394,0.0414,-0.0983,-0.0557
1,latency,SHAM,HRSD_6.1,HRSD6,cross-corpus-882,MinMaxScaler,ElasticNet,48,13,10,-0.1065,3.3632,4.1966,-0.1727,-0.2464,-0.0975
1,latency,SHAM,HRSD_6.1,HRSD6,cross-corpus-882,MinMaxScaler,SVR,48,13,10,-0.1874,3.6052,4.7016,-0.2233,-0.5644,-0.0975
1,latency,SHAM,HRSD_6.1,HRSD6,cross-corpus-882,MinMaxScaler,KNN,48,13,10,-0.1347,3.6068,4.3455,-0.2315,-0.3364,-0.3154
1,latency,SHAM,HRSD_6.1,HRSD6,cross-corpus-882,MinMaxScaler,RF,48,13,10,-0.1415,3.6075,4.576,-0.183,-0.4819,-0.2814
1,latency,SHAM,HRSD_6.1,HRSD6,cross-corpus-882,MinMaxScaler,ET,48,13,10,0.0866,3.2227,4.1969,0.1074,-0.2465,0.2646
1,latency,SHAM,HRSD_6.1,HRSD6,cross-corpus-882,MinMaxScaler,GB,48,13,10,-0.0353,4.2532,4.9705,-0.0394,-0.7484,0.0139
1,latency,SHAM,HRSD_6.1,HRSD6,cross-corpus-882,MinMaxScaler,XGB,48,13,10,-0.0753,4.3143,5.2521,-0.0835,-0.9521,-0.0362
1,latency,SHAM,HRSD_6.1,HRSD6,cross-corpus-882,MinMaxScaler,MLP,48,13,10,-0.2782,3.9127,5.1894,-0.2977,-0.9058,-0.0975
1,latency,SHAM,HRSD_6.1,HRSD6,cross-corpus-882,MinMaxScaler,LGBM,48,13,10,-0.1132,3.517,4.6032,-0.1365,-0.4996,-0.1004
1,latency,SHAM,HRSD_6.1,HRSD6,cross-corpus-882,MinMaxScaler,CatBoost,48,13,10,-0.0556,3.5659,4.4859,-0.0694,-0.4241,0.0947
1,latency,SHAM,HRSD_6.1,HRSD6,cross-corpus-882,RobustScaler,Ridge,48,13,5,-0.0781,3.4692,4.0717,-0.1648,-0.1733,-0.1727
1,latency,SHAM,HRSD_6.1,HRSD6,cross-corpus-882,RobustScaler,Lasso,48,13,5,-0.0819,3.4804,4.1198,-0.1605,-0.2012,-0.1922
1,latency,SHAM,HRSD_6.1,HRSD6,cross-corpus-882,RobustScaler,ElasticNet,48,13,5,-0.0825,3.4756,4.1138,-0.1627,-0.1977,-0.1727
1,latency,SHAM,HRSD_6.1,HRSD6,cross-corpus-882,RobustScaler,SVR,48,13,5,-0.039,3.4218,4.0315,-0.0836,-0.1502,-0.1365
1,latency,SHAM,HRSD_6.1,HRSD6,cross-corpus-882,RobustScaler,KNN,48,13,5,0.0064,3.2906,4.0356,0.0112,-0.1526,-0.0782
1,latency,SHAM,HRSD_6.1,HRSD6,cross-corpus-882,RobustScaler,RF,48,13,5,0.0374,3.2822,3.9532,0.0568,-0.106,-0.0279
1,latency,SHAM,HRSD_6.1,HRSD6,cross-corpus-882,RobustScaler,ET,48,13,5,0.0715,3.1208,4.0101,0.1187,-0.138,0.1727
1,latency,SHAM,HRSD_6.1,HRSD6,cross-corpus-882,RobustScaler,GB,48,13,5,0.0961,3.472,4.1117,0.1169,-0.1964,0.0808
1,latency,SHAM,HRSD_6.1,HRSD6,cross-corpus-882,RobustScaler,XGB,48,13,5,0.0088,3.6636,4.3508,0.0101,-0.3396,-0.1588
1,latency,SHAM,HRSD_6.1,HRSD6,cross-corpus-882,RobustScaler,MLP,48,13,5,-0.03,3.3851,4.329,-0.0404,-0.3262,-0.0334
1,latency,SHAM,HRSD_6.1,HRSD6,cross-corpus-882,RobustScaler,LGBM,48,13,5,-0.1553,3.863,4.6968,-0.1862,-0.5612,-0.2623
1,latency,SHAM,HRSD_6.1,HRSD6,cross-corpus-882,RobustScaler,CatBoost,48,13,5,0.0896,3.3706,3.9447,0.1305,-0.1012,-0.0864
2,latency,SHAM,HRSD_6.1,HRSD6,cross-corpus-882,StandardScaler,Ridge,49,12,5,-0.1425,4.1918,4.897,-0.3812,-0.1978,-0.4594
2,latency,SHAM,HRSD_6.1,HRSD6,cross-corpus-882,StandardScaler,Lasso,49,12,5,-0.1725,4.2774,5.0152,-0.3774,-0.2563,-0.4558
2,latency,SHAM,HRSD_6.1,HRSD6,cross-corpus-882,StandardScaler,ElasticNet,49,12,5,-0.169,4.2668,5.0038,-0.3738,-0.2506,-0.4558
2,latency,SHAM,HRSD_6.1,HRSD6,cross-corpus-882,StandardScaler,SVR,49,12,5,-0.2339,4.5238,5.1751,-0.4431,-0.3377,-0.4028
2,latency,SHAM,HRSD_6.1,HRSD6,cross-corpus-882,StandardScaler,KNN,49,12,5,-0.3862,4.7167,5.5453,-0.6743,-0.5359,-0.5788
2,latency,SHAM,HRSD_6.1,HRSD6,cross-corpus-882,StandardScaler,RF,49,12,5,-0.2998,4.5475,5.2926,-0.5835,-0.3991,-0.6361
2,latency,SHAM,HRSD_6.1,HRSD6,cross-corpus-882,StandardScaler,ET,49,12,5,-0.2242,4.3554,5.1748,-0.4046,-0.3375,-0.3993
2,latency,SHAM,HRSD_6.1,HRSD6,cross-corpus-882,StandardScaler,GB,49,12,5,-0.3478,4.8779,5.5457,-0.5308,-0.5361,-0.6679
2,latency,SHAM,HRSD_6.1,HRSD6,cross-corpus-882,StandardScaler,XGB,49,12,5,-0.3567,4.9718,5.6476,-0.5021,-0.5931,-0.4594
2,latency,SHAM,HRSD_6.1,HRSD6,cross-corpus-882,StandardScaler,MLP,49,12,5,-0.3167,4.7587,5.4036,-0.5426,-0.4584,-0.5937
2,latency,SHAM,HRSD_6.1,HRSD6,cross-corpus-882,StandardScaler,LGBM,49,12,5,-0.3079,4.9813,5.4302,-0.5261,-0.4728,-0.5542
2,latency,SHAM,HRSD_6.1,HRSD6,cross-corpus-882,StandardScaler,CatBoost,49,12,5,-0.4468,5.0363,5.7716,-0.6709,-0.6639,-0.7385
2,latency,SHAM,HRSD_6.1,HRSD6,cross-corpus-882,MinMaxScaler,Ridge,49,12,5,0.0227,4.0905,4.5078,0.0624,-0.0149,0.0883
2,latency,SHAM,HRSD_6.1,HRSD6,cross-corpus-882,MinMaxScaler,Lasso,49,12,5,0.0229,4.0923,4.5075,0.0629,-0.0148,0.0883
2,latency,SHAM,HRSD_6.1,HRSD6,cross-corpus-882,MinMaxScaler,ElasticNet,49,12,5,0.0195,4.0674,4.5021,0.0593,-0.0124,0.0
2,latency,SHAM,HRSD_6.1,HRSD6,cross-corpus-882,MinMaxScaler,SVR,49,12,5,0.0667,4.0264,4.4075,0.1785,0.0297,0.0035
2,latency,SHAM,HRSD_6.1,HRSD6,cross-corpus-882,MinMaxScaler,KNN,49,12,5,-0.0426,4.0714,4.6251,-0.1974,-0.0684,-0.1825
2,latency,SHAM,HRSD_6.1,HRSD6,cross-corpus-882,MinMaxScaler,RF,49,12,5,0.083,3.9472,4.3425,0.2684,0.0581,0.3216
2,latency,SHAM,HRSD_6.1,HRSD6,cross-corpus-882,MinMaxScaler,ET,49,12,5,0.1194,3.9775,4.2852,0.3052,0.0828,0.4
2,latency,SHAM,HRSD_6.1,HRSD6,cross-corpus-882,MinMaxScaler,GB,49,12,5,0.0749,4.076,4.4021,0.1823,0.0321,0.3498
2,latency,SHAM,HRSD_6.1,HRSD6,cross-corpus-882,MinMaxScaler,XGB,49,12,5,0.0001,4.2627,4.6186,0.0001,-0.0654,0.0212
2,latency,SHAM,HRSD_6.1,HRSD6,cross-corpus-882,MinMaxScaler,MLP,49,12,5,0.0259,4.1118,4.514,0.065,-0.0178,0.0883
2,latency,SHAM,HRSD_6.1,HRSD6,cross-corpus-882,MinMaxScaler,LGBM,49,12,5,-0.0142,4.1642,4.7846,-0.0263,-0.1434,0.129
2,latency,SHAM,HRSD_6.1,HRSD6,cross-corpus-882,MinMaxScaler,CatBoost,49,12,5,0.0454,4.127,4.4589,0.1228,0.007,0.4523
2,latency,SHAM,HRSD_6.1,HRSD6,cross-corpus-882,RobustScaler,Ridge,49,12,5,-0.1719,4.4794,5.0777,-0.3177,-0.2878,-0.311
2,latency,SHAM,HRSD_6.1,HRSD6,cross-corpus-882,RobustScaler,Lasso,49,12,5,-0.1651,4.4364,5.0253,-0.3257,-0.2613,-0.311
2,latency,SHAM,HRSD_6.1,HRSD6,cross-corpus-882,RobustScaler,ElasticNet,49,12,5,-0.1678,4.4382,5.0237,-0.338,-0.2606,-0.311
2,latency,SHAM,HRSD_6.1,HRSD6,cross-corpus-882,RobustScaler,SVR,49,12,5,-0.2023,4.6678,5.2137,-0.3186,-0.3577,-0.2615
2,latency,SHAM,HRSD_6.1,HRSD6,cross-corpus-882,RobustScaler,KNN,49,12,5,-0.3863,4.85,5.6988,-0.6111,-0.6221,-0.5823
2,latency,SHAM,HRSD_6.1,HRSD6,cross-corpus-882,RobustScaler,RF,49,12,5,-0.2003,4.5483,5.2107,-0.3664,-0.3561,-0.5053
2,latency,SHAM,HRSD_6.1,HRSD6,cross-corpus-882,RobustScaler,ET,49,12,5,-0.217,4.7569,5.3352,-0.319,-0.4217,-0.3958
2,latency,SHAM,HRSD_6.1,HRSD6,cross-corpus-882,RobustScaler,GB,49,12,5,-0.3913,4.9926,6.5032,-0.4495,-1.1124,-0.3852
2,latency,SHAM,HRSD_6.1,HRSD6,cross-corpus-882,RobustScaler,XGB,49,12,5,-0.5033,5.1968,6.2536,-0.6273,-0.9533,-0.7915
2,latency,SHAM,HRSD_6.1,HRSD6,cross-corpus-882,RobustScaler,MLP,49,12,5,-0.2525,4.743,5.3119,-0.4054,-0.4093,-0.4205
2,latency,SHAM,HRSD_6.1,HRSD6,cross-corpus-882,RobustScaler,LGBM,49,12,5,-0.27,4.9099,5.3197,-0.4481,-0.4135,-0.5062
2,latency,SHAM,HRSD_6.1,HRSD6,cross-corpus-882,RobustScaler,CatBoost,49,12,5,-0.2397,4.5254,5.1996,-0.5003,-0.3504,-0.5406
3,latency,SHAM,HRSD_6.1,HRSD6,cross-corpus-882,StandardScaler,Ridge,49,12,5,0.3143,3.4568,3.7611,0.5148,0.2316,0.4049
3,latency,SHAM,HRSD_6.1,HRSD6,cross-corpus-882,StandardScaler,Lasso,49,12,5,0.0607,3.7046,4.1792,0.3903,0.0513,0.412
3,latency,SHAM,HRSD_6.1,HRSD6,cross-corpus-882,StandardScaler,ElasticNet,49,12,5,0.1882,3.6088,3.9449,0.4824,0.1547,0.3662
3,latency,SHAM,HRSD_6.1,HRSD6,cross-corpus-882,StandardScaler,SVR,49,12,5,0.1471,3.6634,4.2474,0.2859,0.02,0.2606
3,latency,SHAM,HRSD_6.1,HRSD6,cross-corpus-882,StandardScaler,KNN,49,12,5,0.148,3.8333,4.4729,0.1811,-0.0867,0.1558
3,latency,SHAM,HRSD_6.1,HRSD6,cross-corpus-882,StandardScaler,RF,49,12,5,0.1482,3.9464,4.3355,0.2064,-0.021,0.0
3,latency,SHAM,HRSD_6.1,HRSD6,cross-corpus-882,StandardScaler,ET,49,12,5,0.1431,3.8223,4.4656,0.1999,-0.0832,0.0211
3,latency,SHAM,HRSD_6.1,HRSD6,cross-corpus-882,StandardScaler,GB,49,12,5,0.0204,4.5363,5.2336,0.0216,-0.4878,0.0704
3,latency,SHAM,HRSD_6.1,HRSD6,cross-corpus-882,StandardScaler,XGB,49,12,5,-0.0022,4.5979,5.4446,-0.0023,-0.6102,0.0176
3,latency,SHAM,HRSD_6.1,HRSD6,cross-corpus-882,StandardScaler,MLP,49,12,5,0.0697,3.9392,4.4072,0.1082,-0.0551,-0.0035
3,latency,SHAM,HRSD_6.1,HRSD6,cross-corpus-882,StandardScaler,LGBM,49,12,5,0.189,3.9086,4.267,0.2476,0.011,0.242
3,latency,SHAM,HRSD_6.1,HRSD6,cross-corpus-882,StandardScaler,CatBoost,49,12,5,0.0862,3.9929,4.4893,0.1222,-0.0947,0.0352
3,latency,SHAM,HRSD_6.1,HRSD6,cross-corpus-882,MinMaxScaler,Ridge,49,12,5,0.2891,3.6077,3.8747,0.449,0.1845,0.5634
3,latency,SHAM,HRSD_6.1,HRSD6,cross-corpus-882,MinMaxScaler,Lasso,49,12,5,0.265,3.5729,3.8578,0.4806,0.1916,0.4331
3,latency,SHAM,HRSD_6.1,HRSD6,cross-corpus-882,MinMaxScaler,ElasticNet,49,12,5,0.1566,3.6743,4.0361,0.4325,0.1151,0.4718
3,latency,SHAM,HRSD_6.1,HRSD6,cross-corpus-882,MinMaxScaler,SVR,49,12,5,0.2071,3.759,4.1261,0.3044,0.0753,0.25
3,latency,SHAM,HRSD_6.1,HRSD6,cross-corpus-882,MinMaxScaler,KNN,49,12,5,0.0313,4.3667,4.8477,0.0454,-0.2765,0.1058
3,latency,SHAM,HRSD_6.1,HRSD6,cross-corpus-882,MinMaxScaler,RF,49,12,5,0.0191,4.2113,4.5345,0.0295,-0.1169,-0.0563
3,latency,SHAM,HRSD_6.1,HRSD6,cross-corpus-882,MinMaxScaler,ET,49,12,5,0.1299,3.8729,4.2266,0.2258,0.0296,0.3204
3,latency,SHAM,HRSD_6.1,HRSD6,cross-corpus-882,MinMaxScaler,GB,49,12,5,0.2548,3.9669,4.5699,0.2688,-0.1344,0.2535
3,latency,SHAM,HRSD_6.1,HRSD6,cross-corpus-882,MinMaxScaler,XGB,49,12,5,0.3291,3.2964,3.8896,0.4565,0.1782,0.3803
3,latency,SHAM,HRSD_6.1,HRSD6,cross-corpus-882,MinMaxScaler,MLP,49,12,5,0.3706,3.4604,3.7232,0.5068,0.247,0.4366
3,latency,SHAM,HRSD_6.1,HRSD6,cross-corpus-882,MinMaxScaler,LGBM,49,12,5,0.1662,4.1183,4.4222,0.203,-0.0623,0.1129
3,latency,SHAM,HRSD_6.1,HRSD6,cross-corpus-882,MinMaxScaler,CatBoost,49,12,5,0.1907,4.07,4.3255,0.2369,-0.0163,0.162
3,latency,SHAM,HRSD_6.1,HRSD6,cross-corpus-882,RobustScaler,Ridge,49,12,10,0.0941,4.1132,4.3855,0.1389,-0.0447,0.1514
3,latency,SHAM,HRSD_6.1,HRSD6,cross-corpus-882,RobustScaler,Lasso,49,12,10,-0.0,3.75,4.3248,,-0.016,
3,latency,SHAM,HRSD_6.1,HRSD6,cross-corpus-882,RobustScaler,ElasticNet,49,12,10,0.0945,3.9291,4.2671,0.1702,0.0109,0.2113
3,latency,SHAM,HRSD_6.1,HRSD6,cross-corpus-882,RobustScaler,SVR,49,12,10,0.096,3.9963,4.3091,0.1704,-0.0086,0.1725
3,latency,SHAM,HRSD_6.1,HRSD6,cross-corpus-882,RobustScaler,KNN,49,12,10,0.0904,4.2315,4.7183,0.1049,-0.2093,-0.0864
3,latency,SHAM,HRSD_6.1,HRSD6,cross-corpus-882,RobustScaler,RF,49,12,10,-0.0067,4.4181,4.6987,-0.0093,-0.1992,0.0669
3,latency,SHAM,HRSD_6.1,HRSD6,cross-corpus-882,RobustScaler,ET,49,12,10,0.1286,4.0996,4.3392,0.1818,-0.0228,0.1338
3,latency,SHAM,HRSD_6.1,HRSD6,cross-corpus-882,RobustScaler,GB,49,12,10,-0.1345,4.9273,5.2227,-0.159,-0.4816,-0.2465
3,latency,SHAM,HRSD_6.1,HRSD6,cross-corpus-882,RobustScaler,XGB,49,12,10,0.0721,4.3057,4.6715,0.0884,-0.1854,0.0423
3,latency,SHAM,HRSD_6.1,HRSD6,cross-corpus-882,RobustScaler,MLP,49,12,10,-0.0754,4.5828,5.1859,-0.086,-0.4609,-0.0845
3,latency,SHAM,HRSD_6.1,HRSD6,cross-corpus-882,RobustScaler,LGBM,49,12,10,-0.0367,4.5753,4.8407,-0.0477,-0.2728,-0.0845
3,latency,SHAM,HRSD_6.1,HRSD6,cross-corpus-882,RobustScaler,CatBoost,49,12,10,-0.0613,4.5425,4.8644,-0.0809,-0.2853,0.1549
4,latency,SHAM,HRSD_6.1,HRSD6,cross-corpus-882,StandardScaler,Ridge,49,12,10,-0.0739,4.5883,5.7252,-0.0807,-0.6142,0.0566
4,latency,SHAM,HRSD_6.1,HRSD6,cross-corpus-882,StandardScaler,Lasso,49,12,10,-0.0946,4.7117,5.8906,-0.1016,-0.7089,0.0071
4,latency,SHAM,HRSD_6.1,HRSD6,cross-corpus-882,StandardScaler,ElasticNet,49,12,10,-0.0879,4.66,5.8431,-0.0952,-0.6814,0.0566
4,latency,SHAM,HRSD_6.1,HRSD6,cross-corpus-882,StandardScaler,SVR,49,12,10,-0.0182,4.2005,5.5602,-0.0253,-0.5225,-0.0389
4,latency,SHAM,HRSD_6.1,HRSD6,cross-corpus-882,StandardScaler,KNN,49,12,10,-0.0481,4.4667,5.6962,-0.0581,-0.5979,-0.0356
4,latency,SHAM,HRSD_6.1,HRSD6,cross-corpus-882,StandardScaler,RF,49,12,10,0.2417,3.4144,4.4287,0.4158,0.0341,0.5735
4,latency,SHAM,HRSD_6.1,HRSD6,cross-corpus-882,StandardScaler,ET,49,12,10,0.0747,4.1233,5.2054,0.0958,-0.3344,0.0496
4,latency,SHAM,HRSD_6.1,HRSD6,cross-corpus-882,StandardScaler,GB,49,12,10,0.1465,4.2626,5.1499,0.1735,-0.3061,0.0779
4,latency,SHAM,HRSD_6.1,HRSD6,cross-corpus-882,StandardScaler,XGB,49,12,10,0.0547,4.7556,5.7283,0.0667,-0.616,0.0248
4,latency,SHAM,HRSD_6.1,HRSD6,cross-corpus-882,StandardScaler,MLP,49,12,10,-0.1343,6.0032,7.7349,-0.1388,-1.9464,-0.0637
4,latency,SHAM,HRSD_6.1,HRSD6,cross-corpus-882,StandardScaler,LGBM,49,12,10,0.2227,3.5803,4.5967,0.3716,-0.0406,0.4385
4,latency,SHAM,HRSD_6.1,HRSD6,cross-corpus-882,StandardScaler,CatBoost,49,12,10,0.1995,3.6781,4.472,0.3095,0.0151,0.393
4,latency,SHAM,HRSD_6.1,HRSD6,cross-corpus-882,MinMaxScaler,Ridge,49,12,10,-0.0553,4.3878,5.4927,-0.0625,-0.4858,-0.0283
4,latency,SHAM,HRSD_6.1,HRSD6,cross-corpus-882,MinMaxScaler,Lasso,49,12,10,-0.061,4.0688,5.1373,-0.0846,-0.2997,-0.0283
4,latency,SHAM,HRSD_6.1,HRSD6,cross-corpus-882,MinMaxScaler,ElasticNet,49,12,10,-0.0635,4.6212,5.8268,-0.067,-0.672,0.0142
4,latency,SHAM,HRSD_6.1,HRSD6,cross-corpus-882,MinMaxScaler,SVR,49,12,10,-0.0411,4.0927,5.2909,-0.0512,-0.3786,-0.0354
4,latency,SHAM,HRSD_6.1,HRSD6,cross-corpus-882,MinMaxScaler,KNN,49,12,10,-0.1635,4.7778,6.3494,-0.2024,-0.9854,-0.2078
4,latency,SHAM,HRSD_6.1,HRSD6,cross-corpus-882,MinMaxScaler,RF,49,12,10,0.1888,3.5511,4.6811,0.2734,-0.0791,0.3753
4,latency,SHAM,HRSD_6.1,HRSD6,cross-corpus-882,MinMaxScaler,ET,49,12,10,0.1587,3.8275,4.9506,0.1928,-0.207,0.2372
4,latency,SHAM,HRSD_6.1,HRSD6,cross-corpus-882,MinMaxScaler,GB,49,12,10,0.1555,4.06,4.9377,0.1922,-0.2007,0.1487
4,latency,SHAM,HRSD_6.1,HRSD6,cross-corpus-882,MinMaxScaler,XGB,49,12,10,0.1399,4.5396,5.3896,0.1777,-0.4306,0.0319
4,latency,SHAM,HRSD_6.1,HRSD6,cross-corpus-882,MinMaxScaler,MLP,49,12,10,-0.072,4.6783,5.8633,-0.0755,-0.6931,-0.0283
4,latency,SHAM,HRSD_6.1,HRSD6,cross-corpus-882,MinMaxScaler,LGBM,49,12,10,0.2348,3.4583,4.51,0.4001,-0.0017,0.4385
4,latency,SHAM,HRSD_6.1,HRSD6,cross-corpus-882,MinMaxScaler,CatBoost,49,12,10,0.1949,3.5136,4.5126,0.3015,-0.0029,0.4213
4,latency,SHAM,HRSD_6.1,HRSD6,cross-corpus-882,RobustScaler,Ridge,49,12,10,-0.0921,4.7087,5.8865,-0.0975,-0.7065,-0.0071
4,latency,SHAM,HRSD_6.1,HRSD6,cross-corpus-882,RobustScaler,Lasso,49,12,10,-0.0894,4.7187,5.9234,-0.094,-0.728,-0.0071
4,latency,SHAM,HRSD_6.1,HRSD6,cross-corpus-882,RobustScaler,ElasticNet,49,12,10,-0.0903,4.7184,5.9156,-0.0951,-0.7234,-0.0071
4,latency,SHAM,HRSD_6.1,HRSD6,cross-corpus-882,RobustScaler,SVR,49,12,10,-0.0201,4.0645,5.6223,-0.023,-0.5568,0.0354
4,latency,SHAM,HRSD_6.1,HRSD6,cross-corpus-882,RobustScaler,KNN,49,12,10,0.0978,3.8333,5.0213,0.1151,-0.2417,0.1457
4,latency,SHAM,HRSD_6.1,HRSD6,cross-corpus-882,RobustScaler,RF,49,12,10,0.1962,3.3894,4.6369,0.2619,-0.0589,0.2478
4,latency,SHAM,HRSD_6.1,HRSD6,cross-corpus-882,RobustScaler,ET,49,12,10,0.1435,3.83,4.8601,0.1705,-0.1633,0.1628
4,latency,SHAM,HRSD_6.1,HRSD6,cross-corpus-882,RobustScaler,GB,49,12,10,0.2411,3.8612,4.8752,0.2862,-0.1705,0.2018
4,latency,SHAM,HRSD_6.1,HRSD6,cross-corpus-882,RobustScaler,XGB,49,12,10,0.2072,4.1741,5.1422,0.2442,-0.3022,0.2478
4,latency,SHAM,HRSD_6.1,HRSD6,cross-corpus-882,RobustScaler,MLP,49,12,10,-0.1065,5.2879,6.9337,-0.1071,-1.3676,-0.0743
4,latency,SHAM,HRSD_6.1,HRSD6,cross-corpus-882,RobustScaler,LGBM,49,12,10,0.2412,3.2683,4.4352,0.3735,0.0313,0.5464
4,latency,SHAM,HRSD_6.1,HRSD6,cross-corpus-882,RobustScaler,CatBoost,49,12,10,0.1835,3.4276,4.6036,0.2562,-0.0437,0.2018
5,latency,SHAM,HRSD_6.1,HRSD6,cross-corpus-882,StandardScaler,Ridge,49,12,5,-0.138,3.2557,3.7912,-0.1512,-1.0802,-0.2113
5,latency,SHAM,HRSD_6.1,HRSD6,cross-corpus-882,StandardScaler,Lasso,49,12,5,-0.1392,3.2442,3.7807,-0.1527,-1.0686,-0.2113
5,latency,SHAM,HRSD_6.1,HRSD6,cross-corpus-882,StandardScaler,ElasticNet,49,12,5,-0.1097,2.6731,3.0654,-0.1773,-0.36,-0.169
5,latency,SHAM,HRSD_6.1,HRSD6,cross-corpus-882,StandardScaler,SVR,49,12,5,-0.2096,3.0866,3.9699,-0.2149,-1.2809,-0.1514
5,latency,SHAM,HRSD_6.1,HRSD6,cross-corpus-882,StandardScaler,KNN,49,12,5,0.1844,2.463,3.123,0.2211,-0.4115,0.162
5,latency,SHAM,HRSD_6.1,HRSD6,cross-corpus-882,StandardScaler,RF,49,12,5,-0.0064,2.5161,3.1289,-0.0073,-0.4168,0.0423
5,latency,SHAM,HRSD_6.1,HRSD6,cross-corpus-882,StandardScaler,ET,49,12,5,-0.0085,2.8012,3.5435,-0.0086,-0.8172,-0.0599
5,latency,SHAM,HRSD_6.1,HRSD6,cross-corpus-882,StandardScaler,GB,49,12,5,-0.0852,3.0211,3.6747,-0.088,-0.9543,-0.2183
5,latency,SHAM,HRSD_6.1,HRSD6,cross-corpus-882,StandardScaler,XGB,49,12,5,0.0074,2.6915,3.4312,0.0086,-0.7038,0.1232
5,latency,SHAM,HRSD_6.1,HRSD6,cross-corpus-882,StandardScaler,MLP,49,12,5,-0.2243,3.6239,4.194,-0.2317,-1.5456,-0.2148
5,latency,SHAM,HRSD_6.1,HRSD6,cross-corpus-882,StandardScaler,LGBM,49,12,5,0.0438,2.4981,3.1541,0.0465,-0.4397,0.048
5,latency,SHAM,HRSD_6.1,HRSD6,cross-corpus-882,StandardScaler,CatBoost,49,12,5,0.0821,2.679,3.2061,0.0849,-0.4876,0.0458
5,latency,SHAM,HRSD_6.1,HRSD6,cross-corpus-882,MinMaxScaler,Ridge,49,12,10,-0.0257,2.8006,3.2358,-0.0284,-0.5153,-0.0704
5,latency,SHAM,HRSD_6.1,HRSD6,cross-corpus-882,MinMaxScaler,Lasso,49,12,10,-0.2148,3.282,3.8454,-0.2259,-1.1401,-0.338
5,latency,SHAM,HRSD_6.1,HRSD6,cross-corpus-882,MinMaxScaler,ElasticNet,49,12,10,-0.1226,3.0738,3.5782,-0.1294,-0.853,-0.169
5,latency,SHAM,HRSD_6.1,HRSD6,cross-corpus-882,MinMaxScaler,SVR,49,12,10,-0.178,3.1885,3.748,-0.1854,-1.033,-0.2289
5,latency,SHAM,HRSD_6.1,HRSD6,cross-corpus-882,MinMaxScaler,KNN,49,12,10,0.2159,2.3611,2.9343,0.2252,-0.2461,0.2046
5,latency,SHAM,HRSD_6.1,HRSD6,cross-corpus-882,MinMaxScaler,RF,49,12,10,0.0484,2.4578,3.0503,0.0534,-0.3466,0.0704
5,latency,SHAM,HRSD_6.1,HRSD6,cross-corpus-882,MinMaxScaler,ET,49,12,10,0.0706,2.9343,3.4619,0.0724,-0.7345,0.0141
5,latency,SHAM,HRSD_6.1,HRSD6,cross-corpus-882,MinMaxScaler,GB,49,12,10,0.3616,2.0742,2.5715,0.3918,0.043,0.4437
5,latency,SHAM,HRSD_6.1,HRSD6,cross-corpus-882,MinMaxScaler,XGB,49,12,10,0.1661,2.1106,3.0158,0.1837,-0.3163,0.1725
5,latency,SHAM,HRSD_6.1,HRSD6,cross-corpus-882,MinMaxScaler,MLP,49,12,10,-0.0486,3.1072,3.6725,-0.0487,-0.9519,-0.0352
5,latency,SHAM,HRSD_6.1,HRSD6,cross-corpus-882,MinMaxScaler,LGBM,49,12,10,-0.046,2.5722,3.1351,-0.0523,-0.4225,-0.0582
5,latency,SHAM,HRSD_6.1,HRSD6,cross-corpus-882,MinMaxScaler,CatBoost,49,12,10,0.0589,2.4678,2.9788,0.0665,-0.2841,0.1268
5,latency,SHAM,HRSD_6.1,HRSD6,cross-corpus-882,RobustScaler,Ridge,49,12,5,-0.0249,3.2393,3.7345,-0.0251,-1.0184,-0.0176
5,latency,SHAM,HRSD_6.1,HRSD6,cross-corpus-882,RobustScaler,Lasso,49,12,5,-0.019,3.0908,3.5643,-0.0196,-0.8386,-0.0317
5,latency,SHAM,HRSD_6.1,HRSD6,cross-corpus-882,RobustScaler,ElasticNet,49,12,5,-0.0324,3.2232,3.7026,-0.0328,-0.9841,-0.0176
5,latency,SHAM,HRSD_6.1,HRSD6,cross-corpus-882,RobustScaler,SVR,49,12,5,-0.0638,2.8805,3.7147,-0.0657,-0.9971,-0.0986
5,latency,SHAM,HRSD_6.1,HRSD6,cross-corpus-882,RobustScaler,KNN,49,12,5,0.015,2.6481,3.4187,0.0171,-0.6914,0.0829
5,latency,SHAM,HRSD_6.1,HRSD6,cross-corpus-882,RobustScaler,RF,49,12,5,0.2051,2.6258,3.082,0.2077,-0.3747,0.1761
5,latency,SHAM,HRSD_6.1,HRSD6,cross-corpus-882,RobustScaler,ET,49,12,5,0.1542,2.9725,3.618,0.1609,-0.8945,0.0986
5,latency,SHAM,HRSD_6.1,HRSD6,cross-corpus-882,RobustScaler,GB,49,12,5,0.0203,2.7815,3.2078,0.0224,-0.4892,0.0493
5,latency,SHAM,HRSD_6.1,HRSD6,cross-corpus-882,RobustScaler,XGB,49,12,5,0.0286,3.1216,3.5075,0.0298,-0.7805,-0.0423
5,latency,SHAM,HRSD_6.1,HRSD6,cross-corpus-882,RobustScaler,MLP,49,12,5,-0.1171,3.5394,3.982,-0.1177,-1.2948,-0.0141
5,latency,SHAM,HRSD_6.1,HRSD6,cross-corpus-882,RobustScaler,LGBM,49,12,5,0.0028,2.7027,3.0797,0.0033,-0.3726,0.0812
5,latency,SHAM,HRSD_6.1,HRSD6,cross-corpus-882,RobustScaler,CatBoost,49,12,5,0.1697,2.6956,3.0523,0.1745,-0.3483,0.2183
1,latency,SHAM,HRSD_17.1,HRSD17,cross-corpus-882,StandardScaler,Ridge,48,13,5,0.3308,5.6903,6.4221,0.3973,-0.0697,0.4435
1,latency,SHAM,HRSD_17.1,HRSD17,cross-corpus-882,StandardScaler,Lasso,48,13,5,0.3775,5.7885,6.902,0.4304,-0.2355,0.5234
1,latency,SHAM,HRSD_17.1,HRSD17,cross-corpus-882,StandardScaler,ElasticNet,48,13,5,0.2054,5.2321,6.0054,0.3467,0.0646,0.3884
1,latency,SHAM,HRSD_17.1,HRSD17,cross-corpus-882,StandardScaler,SVR,48,13,5,0.3036,4.8193,5.5726,0.4633,0.1946,0.4518
1,latency,SHAM,HRSD_17.1,HRSD17,cross-corpus-882,StandardScaler,KNN,48,13,5,0.1455,6.4505,7.1992,0.2101,-0.3442,0.2566
1,latency,SHAM,HRSD_17.1,HRSD17,cross-corpus-882,StandardScaler,RF,48,13,5,0.1096,5.3932,6.4359,0.1819,-0.0743,0.1625
1,latency,SHAM,HRSD_17.1,HRSD17,cross-corpus-882,StandardScaler,ET,48,13,5,0.3596,5.0925,5.73,0.5033,0.1485,0.5592
1,latency,SHAM,HRSD_17.1,HRSD17,cross-corpus-882,StandardScaler,GB,48,13,5,0.308,4.5045,5.9224,0.3643,0.0903,0.4221
1,latency,SHAM,HRSD_17.1,HRSD17,cross-corpus-882,StandardScaler,XGB,48,13,5,0.5159,4.3803,5.4453,0.5764,0.231,0.573
1,latency,SHAM,HRSD_17.1,HRSD17,cross-corpus-882,StandardScaler,MLP,48,13,5,0.2347,7.1553,9.3257,0.2855,-1.2556,0.4518
1,latency,SHAM,HRSD_17.1,HRSD17,cross-corpus-882,StandardScaler,LGBM,48,13,5,0.0885,4.9056,6.1653,0.1726,0.0141,0.1913
1,latency,SHAM,HRSD_17.1,HRSD17,cross-corpus-882,StandardScaler,CatBoost,48,13,5,0.3955,4.9686,5.781,0.5208,0.1332,0.5895
1,latency,SHAM,HRSD_17.1,HRSD17,cross-corpus-882,MinMaxScaler,Ridge,48,13,5,0.0564,5.8401,7.0044,0.069,-0.2725,0.1019
1,latency,SHAM,HRSD_17.1,HRSD17,cross-corpus-882,MinMaxScaler,Lasso,48,13,5,0.0786,5.8552,7.0266,0.0943,-0.2806,0.1019
1,latency,SHAM,HRSD_17.1,HRSD17,cross-corpus-882,MinMaxScaler,ElasticNet,48,13,5,0.0431,5.2449,6.4847,0.0702,-0.0907,0.1019
1,latency,SHAM,HRSD_17.1,HRSD17,cross-corpus-882,MinMaxScaler,SVR,48,13,5,0.0657,5.1323,6.6072,0.0873,-0.1322,0.1928
1,latency,SHAM,HRSD_17.1,HRSD17,cross-corpus-882,MinMaxScaler,KNN,48,13,5,0.1368,6.3077,7.3377,0.1685,-0.3965,0.3559
1,latency,SHAM,HRSD_17.1,HRSD17,cross-corpus-882,MinMaxScaler,RF,48,13,5,0.0232,5.8383,7.3067,0.0269,-0.3847,0.1433
1,latency,SHAM,HRSD_17.1,HRSD17,cross-corpus-882,MinMaxScaler,ET,48,13,5,0.1902,5.1302,6.7868,0.2204,-0.1946,0.2617
1,latency,SHAM,HRSD_17.1,HRSD17,cross-corpus-882,MinMaxScaler,GB,48,13,5,-0.1088,6.3116,8.4571,-0.1114,-0.855,0.0882
1,latency,SHAM,HRSD_17.1,HRSD17,cross-corpus-882,MinMaxScaler,XGB,48,13,5,-0.0758,6.1498,8.2836,-0.0776,-0.7797,0.0689
1,latency,SHAM,HRSD_17.1,HRSD17,cross-corpus-882,MinMaxScaler,MLP,48,13,5,0.1172,5.7577,6.7992,0.15,-0.199,0.2066
1,latency,SHAM,HRSD_17.1,HRSD17,cross-corpus-882,MinMaxScaler,LGBM,48,13,5,-0.0841,5.6066,6.9603,-0.1321,-0.2565,-0.0852
1,latency,SHAM,HRSD_17.1,HRSD17,cross-corpus-882,MinMaxScaler,CatBoost,48,13,5,0.1647,5.6735,6.8392,0.1845,-0.2132,0.2066
1,latency,SHAM,HRSD_17.1,HRSD17,cross-corpus-882,RobustScaler,Ridge,48,13,5,0.1018,4.8561,6.6023,0.1263,-0.1306,0.3499
1,latency,SHAM,HRSD_17.1,HRSD17,cross-corpus-882,RobustScaler,Lasso,48,13,5,0.067,4.9008,6.6306,0.0874,-0.1403,0.3444
1,latency,SHAM,HRSD_17.1,HRSD17,cross-corpus-882,RobustScaler,ElasticNet,48,13,5,0.055,4.901,6.6171,0.0739,-0.1357,0.3444
1,latency,SHAM,HRSD_17.1,HRSD17,cross-corpus-882,RobustScaler,SVR,48,13,5,0.025,4.7691,6.8615,0.0314,-0.2211,0.3857
1,latency,SHAM,HRSD_17.1,HRSD17,cross-corpus-882,RobustScaler,KNN,48,13,5,-0.0969,5.4103,7.3272,-0.1261,-0.3924,-0.1162
1,latency,SHAM,HRSD_17.1,HRSD17,cross-corpus-882,RobustScaler,RF,48,13,5,-0.1219,5.5796,7.1489,-0.1869,-0.3255,-0.0661
1,latency,SHAM,HRSD_17.1,HRSD17,cross-corpus-882,RobustScaler,ET,48,13,5,0.1574,5.0142,6.6721,0.1854,-0.1546,0.1212
1,latency,SHAM,HRSD_17.1,HRSD17,cross-corpus-882,RobustScaler,GB,48,13,5,-0.0517,5.6654,7.4058,-0.0605,-0.4225,0.1763
1,latency,SHAM,HRSD_17.1,HRSD17,cross-corpus-882,RobustScaler,XGB,48,13,5,-0.0661,5.609,7.4147,-0.0785,-0.4259,0.1322
1,latency,SHAM,HRSD_17.1,HRSD17,cross-corpus-882,RobustScaler,MLP,48,13,5,-0.2156,5.6176,7.7464,-0.2831,-0.5564,-0.1019
1,latency,SHAM,HRSD_17.1,HRSD17,cross-corpus-882,RobustScaler,LGBM,48,13,5,-0.031,4.7131,6.6238,-0.0536,-0.1379,0.1882
1,latency,SHAM,HRSD_17.1,HRSD17,cross-corpus-882,RobustScaler,CatBoost,48,13,5,0.0763,4.9924,6.5487,0.1077,-0.1123,0.1598
2,latency,SHAM,HRSD_17.1,HRSD17,cross-corpus-882,StandardScaler,Ridge,49,12,5,0.0017,8.6979,9.49,0.0024,-0.2542,-0.1898
2,latency,SHAM,HRSD_17.1,HRSD17,cross-corpus-882,StandardScaler,Lasso,49,12,5,-0.0903,8.2827,8.9647,-0.3565,-0.1192,-0.1863
2,latency,SHAM,HRSD_17.1,HRSD17,cross-corpus-882,StandardScaler,ElasticNet,49,12,5,-0.0612,8.1709,8.9079,-0.1931,-0.1051,-0.1617
2,latency,SHAM,HRSD_17.1,HRSD17,cross-corpus-882,StandardScaler,SVR,49,12,5,-0.227,8.9756,9.8652,-0.4514,-0.3554,-0.3163
2,latency,SHAM,HRSD_17.1,HRSD17,cross-corpus-882,StandardScaler,KNN,49,12,5,-0.2876,9.0119,9.9805,-0.5734,-0.3872,-0.3936
2,latency,SHAM,HRSD_17.1,HRSD17,cross-corpus-882,StandardScaler,RF,49,12,5,-0.1639,8.5067,9.2468,-0.6441,-0.1908,-0.6397
2,latency,SHAM,HRSD_17.1,HRSD17,cross-corpus-882,StandardScaler,ET,49,12,5,-0.1682,8.5054,9.3679,-0.4864,-0.2222,-0.4605
2,latency,SHAM,HRSD_17.1,HRSD17,cross-corpus-882,StandardScaler,GB,49,12,5,-0.1769,8.6384,9.3525,-0.6392,-0.2182,-0.594
2,latency,SHAM,HRSD_17.1,HRSD17,cross-corpus-882,StandardScaler,XGB,49,12,5,-0.1668,8.4158,9.445,-0.5937,-0.2423,-0.5308
2,latency,SHAM,HRSD_17.1,HRSD17,cross-corpus-882,StandardScaler,MLP,49,12,5,-0.1032,8.4022,9.4996,-0.2252,-0.2568,-0.0281
2,latency,SHAM,HRSD_17.1,HRSD17,cross-corpus-882,StandardScaler,LGBM,49,12,5,-0.2558,9.1268,9.8997,-0.5281,-0.3648,-0.3898
2,latency,SHAM,HRSD_17.1,HRSD17,cross-corpus-882,StandardScaler,CatBoost,49,12,5,-0.1981,8.7213,9.4727,-0.5988,-0.2496,-0.5518
2,latency,SHAM,HRSD_17.1,HRSD17,cross-corpus-882,MinMaxScaler,Ridge,49,12,5,-0.2558,8.9115,9.7329,-0.6012,-0.3192,-0.5694
2,latency,SHAM,HRSD_17.1,HRSD17,cross-corpus-882,MinMaxScaler,Lasso,49,12,5,-0.2622,8.9327,9.7692,-0.601,-0.3291,-0.5694
2,latency,SHAM,HRSD_17.1,HRSD17,cross-corpus-882,MinMaxScaler,ElasticNet,49,12,5,-0.1905,8.6177,9.3729,-0.6059,-0.2235,-0.5554
2,latency,SHAM,HRSD_17.1,HRSD17,cross-corpus-882,MinMaxScaler,SVR,49,12,5,-0.2659,8.9735,9.9823,-0.6082,-0.3877,-0.5694
2,latency,SHAM,HRSD_17.1,HRSD17,cross-corpus-882,MinMaxScaler,KNN,49,12,5,-0.253,8.6481,9.8552,-0.4891,-0.3526,-0.6092
2,latency,SHAM,HRSD_17.1,HRSD17,cross-corpus-882,MinMaxScaler,RF,49,12,5,-0.1078,8.1707,8.9687,-0.52,-0.1202,-0.5448
2,latency,SHAM,HRSD_17.1,HRSD17,cross-corpus-882,MinMaxScaler,ET,49,12,5,-0.1226,8.2421,9.1107,-0.3715,-0.156,-0.4629
2,latency,SHAM,HRSD_17.1,HRSD17,cross-corpus-882,MinMaxScaler,GB,49,12,5,0.0476,7.7258,8.6252,0.1313,-0.0361,-0.0562
2,latency,SHAM,HRSD_17.1,HRSD17,cross-corpus-882,MinMaxScaler,XGB,49,12,5,0.0981,7.2223,8.3391,0.217,0.0315,0.0668
2,latency,SHAM,HRSD_17.1,HRSD17,cross-corpus-882,MinMaxScaler,MLP,49,12,5,-0.1815,8.7929,9.5921,-0.4305,-0.2814,-0.2144
2,latency,SHAM,HRSD_17.1,HRSD17,cross-corpus-882,MinMaxScaler,LGBM,49,12,5,0.0243,7.5979,8.8092,0.0417,-0.0807,0.0933
2,latency,SHAM,HRSD_17.1,HRSD17,cross-corpus-882,MinMaxScaler,CatBoost,49,12,5,-0.0927,8.0296,8.9269,-0.3921,-0.1098,-0.4605
2,latency,SHAM,HRSD_17.1,HRSD17,cross-corpus-882,RobustScaler,Ridge,49,12,5,-0.2461,8.7966,9.7064,-0.581,-0.3121,-0.471
2,latency,SHAM,HRSD_17.1,HRSD17,cross-corpus-882,RobustScaler,Lasso,49,12,5,-0.2469,8.7998,9.7066,-0.5813,-0.3121,-0.4569
2,latency,SHAM,HRSD_17.1,HRSD17,cross-corpus-882,RobustScaler,ElasticNet,49,12,5,-0.2254,8.709,9.5787,-0.5814,-0.2778,-0.4675
2,latency,SHAM,HRSD_17.1,HRSD17,cross-corpus-882,RobustScaler,SVR,49,12,5,-0.1924,8.6171,9.4847,-0.5304,-0.2528,-0.5483
2,latency,SHAM,HRSD_17.1,HRSD17,cross-corpus-882,RobustScaler,KNN,49,12,5,-0.131,8.35,9.3451,-0.2833,-0.2162,-0.2926
2,latency,SHAM,HRSD_17.1,HRSD17,cross-corpus-882,RobustScaler,RF,49,12,5,-0.1792,8.441,9.3033,-0.6148,-0.2054,-0.6608
2,latency,SHAM,HRSD_17.1,HRSD17,cross-corpus-882,RobustScaler,ET,49,12,5,-0.2778,9.055,10.1828,-0.44,-0.444,-0.5448
2,latency,SHAM,HRSD_17.1,HRSD17,cross-corpus-882,RobustScaler,GB,49,12,5,-0.1274,7.8421,9.3567,-0.2443,-0.2192,-0.3796
2,latency,SHAM,HRSD_17.1,HRSD17,cross-corpus-882,RobustScaler,XGB,49,12,5,-0.253,8.5233,9.8319,-0.4983,-0.3462,-0.4454
2,latency,SHAM,HRSD_17.1,HRSD17,cross-corpus-882,RobustScaler,MLP,49,12,5,-0.3041,8.9749,10.0938,-0.5622,-0.4189,-0.5624
2,latency,SHAM,HRSD_17.1,HRSD17,cross-corpus-882,RobustScaler,LGBM,49,12,5,-0.3615,9.201,10.3154,-0.7034,-0.4819,-0.6671
2,latency,SHAM,HRSD_17.1,HRSD17,cross-corpus-882,RobustScaler,CatBoost,49,12,5,-0.1195,8.2156,9.0411,-0.472,-0.1384,-0.4499
3,latency,SHAM,HRSD_17.1,HRSD17,cross-corpus-882,StandardScaler,Ridge,49,12,5,0.138,7.2134,7.7443,0.2175,-0.0357,0.0246
3,latency,SHAM,HRSD_17.1,HRSD17,cross-corpus-882,StandardScaler,Lasso,49,12,5,0.0842,7.1802,7.7351,0.1644,-0.0332,0.1053
3,latency,SHAM,HRSD_17.1,HRSD17,cross-corpus-882,StandardScaler,ElasticNet,49,12,5,0.0914,6.9933,7.5831,0.209,0.007,0.1544
3,latency,SHAM,HRSD_17.1,HRSD17,cross-corpus-882,StandardScaler,SVR,49,12,5,0.0197,6.7176,7.5824,0.0898,0.0072,0.0772
3,latency,SHAM,HRSD_17.1,HRSD17,cross-corpus-882,StandardScaler,KNN,49,12,5,-0.0689,7.787,8.5279,-0.1181,-0.2558,-0.3322
3,latency,SHAM,HRSD_17.1,HRSD17,cross-corpus-882,StandardScaler,RF,49,12,5,0.0076,6.7577,8.2704,0.0116,-0.1811,-0.1509
3,latency,SHAM,HRSD_17.1,HRSD17,cross-corpus-882,StandardScaler,ET,49,12,5,0.1415,7.3302,8.374,0.1776,-0.2109,-0.1965
3,latency,SHAM,HRSD_17.1,HRSD17,cross-corpus-882,StandardScaler,GB,49,12,5,0.2911,7.6083,9.944,0.3416,-0.7076,0.1053
3,latency,SHAM,HRSD_17.1,HRSD17,cross-corpus-882,StandardScaler,XGB,49,12,5,0.1534,8.284,10.0806,0.1918,-0.7548,-0.1965
3,latency,SHAM,HRSD_17.1,HRSD17,cross-corpus-882,StandardScaler,MLP,49,12,5,0.3189,6.7173,7.8154,0.3714,-0.0548,0.2316
3,latency,SHAM,HRSD_17.1,HRSD17,cross-corpus-882,StandardScaler,LGBM,49,12,5,0.1008,6.2857,8.103,0.1332,-0.1338,0.0422
3,latency,SHAM,HRSD_17.1,HRSD17,cross-corpus-882,StandardScaler,CatBoost,49,12,5,0.1388,6.5746,8.1166,0.1915,-0.1376,-0.1965
3,latency,SHAM,HRSD_17.1,HRSD17,cross-corpus-882,MinMaxScaler,Ridge,49,12,5,-0.0393,7.77,8.6506,-0.0688,-0.2922,-0.1193
3,latency,SHAM,HRSD_17.1,HRSD17,cross-corpus-882,MinMaxScaler,Lasso,49,12,5,-0.0512,8.0143,8.8773,-0.0812,-0.3609,-0.1088
3,latency,SHAM,HRSD_17.1,HRSD17,cross-corpus-882,MinMaxScaler,ElasticNet,49,12,5,-0.0175,7.1975,8.0571,-0.0475,-0.121,-0.007
3,latency,SHAM,HRSD_17.1,HRSD17,cross-corpus-882,MinMaxScaler,SVR,49,12,5,-0.0306,7.08,8.0973,-0.0702,-0.1322,-0.0351
3,latency,SHAM,HRSD_17.1,HRSD17,cross-corpus-882,MinMaxScaler,KNN,49,12,5,0.2531,6.0,7.1594,0.417,0.1149,0.593
3,latency,SHAM,HRSD_17.1,HRSD17,cross-corpus-882,MinMaxScaler,RF,49,12,5,0.1568,7.1165,7.937,0.2411,-0.0878,0.1333
3,latency,SHAM,HRSD_17.1,HRSD17,cross-corpus-882,MinMaxScaler,ET,49,12,5,0.322,6.4156,7.1811,0.4541,0.1095,0.4351
3,latency,SHAM,HRSD_17.1,HRSD17,cross-corpus-882,MinMaxScaler,GB,49,12,5,0.2182,7.7825,8.5374,0.2632,-0.2586,0.2842
3,latency,SHAM,HRSD_17.1,HRSD17,cross-corpus-882,MinMaxScaler,XGB,49,12,5,0.2495,7.546,8.778,0.3026,-0.3306,0.1088
3,latency,SHAM,HRSD_17.1,HRSD17,cross-corpus-882,MinMaxScaler,MLP,49,12,5,0.0834,6.6342,7.6832,0.2106,-0.0194,0.3404
3,latency,SHAM,HRSD_17.1,HRSD17,cross-corpus-882,MinMaxScaler,LGBM,49,12,5,0.0116,7.2892,8.1534,0.0175,-0.148,0.0796
3,latency,SHAM,HRSD_17.1,HRSD17,cross-corpus-882,MinMaxScaler,CatBoost,49,12,5,0.2043,6.6604,7.6147,0.3169,-0.0013,0.3965
3,latency,SHAM,HRSD_17.1,HRSD17,cross-corpus-882,RobustScaler,Ridge,49,12,5,-0.0744,8.3338,9.1035,-0.1065,-0.4311,-0.1579
3,latency,SHAM,HRSD_17.1,HRSD17,cross-corpus-882,RobustScaler,Lasso,49,12,5,-0.0115,7.5459,8.1907,-0.0216,-0.1585,-0.1228
3,latency,SHAM,HRSD_17.1,HRSD17,cross-corpus-882,RobustScaler,ElasticNet,49,12,5,-0.0384,7.4634,8.1689,-0.0867,-0.1523,-0.1825
3,latency,SHAM,HRSD_17.1,HRSD17,cross-corpus-882,RobustScaler,SVR,49,12,5,0.2383,6.6086,7.1822,0.3495,0.1092,0.2912
3,latency,SHAM,HRSD_17.1,HRSD17,cross-corpus-882,RobustScaler,KNN,49,12,5,0.2327,6.8667,7.9846,0.3102,-0.1009,0.2425
3,latency,SHAM,HRSD_17.1,HRSD17,cross-corpus-882,RobustScaler,RF,49,12,5,0.0581,7.7471,8.7307,0.074,-0.3163,0.0526
3,latency,SHAM,HRSD_17.1,HRSD17,cross-corpus-882,RobustScaler,ET,49,12,5,0.2424,6.8632,8.1835,0.298,-0.1565,0.3123
3,latency,SHAM,HRSD_17.1,HRSD17,cross-corpus-882,RobustScaler,GB,49,12,5,0.0998,8.0453,9.3582,0.1073,-0.5123,0.1474
3,latency,SHAM,HRSD_17.1,HRSD17,cross-corpus-882,RobustScaler,XGB,49,12,5,0.0938,7.9236,9.0221,0.1169,-0.4056,0.0456
3,latency,SHAM,HRSD_17.1,HRSD17,cross-corpus-882,RobustScaler,MLP,49,12,5,0.0136,8.85,10.7509,0.0166,-0.9959,-0.0877
3,latency,SHAM,HRSD_17.1,HRSD17,cross-corpus-882,RobustScaler,LGBM,49,12,5,0.0177,7.8886,8.4489,0.0232,-0.2327,-0.0519
3,latency,SHAM,HRSD_17.1,HRSD17,cross-corpus-882,RobustScaler,CatBoost,49,12,5,0.1906,7.1208,8.1603,0.2459,-0.1499,0.3439
4,latency,SHAM,HRSD_17.1,HRSD17,cross-corpus-882,StandardScaler,Ridge,49,12,5,-0.0869,7.5191,9.6909,-0.1138,-0.3433,0.2067
4,latency,SHAM,HRSD_17.1,HRSD17,cross-corpus-882,StandardScaler,Lasso,49,12,5,-0.0124,8.0787,10.4292,-0.0138,-0.5559,0.2977
4,latency,SHAM,HRSD_17.1,HRSD17,cross-corpus-882,StandardScaler,ElasticNet,49,12,5,-0.0333,7.8046,10.1752,-0.038,-0.481,0.3222
4,latency,SHAM,HRSD_17.1,HRSD17,cross-corpus-882,StandardScaler,SVR,49,12,5,0.1427,6.8311,8.9223,0.2557,-0.1387,0.3783
4,latency,SHAM,HRSD_17.1,HRSD17,cross-corpus-882,StandardScaler,KNN,49,12,5,-0.0481,8.3333,10.4748,-0.0546,-0.5695,-0.0334
4,latency,SHAM,HRSD_17.1,HRSD17,cross-corpus-882,StandardScaler,RF,49,12,5,0.0647,7.1153,9.3016,0.0787,-0.2376,0.1681
4,latency,SHAM,HRSD_17.1,HRSD17,cross-corpus-882,StandardScaler,ET,49,12,5,0.0056,7.6579,9.9024,0.0067,-0.4026,0.0666
4,latency,SHAM,HRSD_17.1,HRSD17,cross-corpus-882,StandardScaler,GB,49,12,5,0.0581,7.4648,9.3447,0.0716,-0.2491,-0.0105
4,latency,SHAM,HRSD_17.1,HRSD17,cross-corpus-882,StandardScaler,XGB,49,12,5,0.0169,7.645,9.5549,0.0203,-0.3059,0.0246
4,latency,SHAM,HRSD_17.1,HRSD17,cross-corpus-882,StandardScaler,MLP,49,12,5,-0.1058,9.1025,11.7128,-0.1077,-0.9624,0.1576
4,latency,SHAM,HRSD_17.1,HRSD17,cross-corpus-882,StandardScaler,LGBM,49,12,5,0.1281,6.2976,8.3159,0.2535,0.0108,0.2631
4,latency,SHAM,HRSD_17.1,HRSD17,cross-corpus-882,StandardScaler,CatBoost,49,12,5,0.0275,7.5674,9.4541,0.0338,-0.2785,0.0666
4,latency,SHAM,HRSD_17.1,HRSD17,cross-corpus-882,MinMaxScaler,Ridge,49,12,10,0.0043,7.3974,9.3582,0.0054,-0.2527,0.056
4,latency,SHAM,HRSD_17.1,HRSD17,cross-corpus-882,MinMaxScaler,Lasso,49,12,10,-0.0023,7.3541,9.337,-0.0029,-0.247,0.0175
4,latency,SHAM,HRSD_17.1,HRSD17,cross-corpus-882,MinMaxScaler,ElasticNet,49,12,10,0.008,6.9753,8.9323,0.0119,-0.1413,0.042
4,latency,SHAM,HRSD_17.1,HRSD17,cross-corpus-882,MinMaxScaler,SVR,49,12,10,-0.0427,9.619,12.9074,-0.0431,-1.3831,0.014
4,latency,SHAM,HRSD_17.1,HRSD17,cross-corpus-882,MinMaxScaler,KNN,49,12,10,0.1133,8.75,10.1639,0.1194,-0.4777,-0.021
4,latency,SHAM,HRSD_17.1,HRSD17,cross-corpus-882,MinMaxScaler,RF,49,12,10,0.1243,6.609,8.6171,0.1638,-0.0622,-0.0525
4,latency,SHAM,HRSD_17.1,HRSD17,cross-corpus-882,MinMaxScaler,ET,49,12,10,0.1497,7.5577,9.1328,0.1688,-0.1931,0.063
4,latency,SHAM,HRSD_17.1,HRSD17,cross-corpus-882,MinMaxScaler,GB,49,12,10,0.2493,5.8511,8.1646,0.3049,0.0465,0.3152
4,latency,SHAM,HRSD_17.1,HRSD17,cross-corpus-882,MinMaxScaler,XGB,49,12,10,0.2307,6.7689,8.5382,0.2637,-0.0428,0.3433
4,latency,SHAM,HRSD_17.1,HRSD17,cross-corpus-882,MinMaxScaler,MLP,49,12,10,-0.0574,9.667,12.9654,-0.0582,-1.4045,0.021
4,latency,SHAM,HRSD_17.1,HRSD17,cross-corpus-882,MinMaxScaler,LGBM,49,12,10,0.1938,6.3899,8.0067,0.3188,0.083,0.2038
4,latency,SHAM,HRSD_17.1,HRSD17,cross-corpus-882,MinMaxScaler,CatBoost,49,12,10,0.0818,7.0326,8.7905,0.1091,-0.1053,-0.0105
4,latency,SHAM,HRSD_17.1,HRSD17,cross-corpus-882,RobustScaler,Ridge,49,12,5,0.0389,6.8317,8.4854,0.0779,-0.0299,-0.049
4,latency,SHAM,HRSD_17.1,HRSD17,cross-corpus-882,RobustScaler,Lasso,49,12,5,0.0338,6.7905,8.4877,0.0698,-0.0305,-0.0701
4,latency,SHAM,HRSD_17.1,HRSD17,cross-corpus-882,RobustScaler,ElasticNet,49,12,5,0.0487,6.8294,8.4537,0.096,-0.0222,-0.049
4,latency,SHAM,HRSD_17.1,HRSD17,cross-corpus-882,RobustScaler,SVR,49,12,5,0.0783,7.2398,8.7137,0.1094,-0.0861,0.014
4,latency,SHAM,HRSD_17.1,HRSD17,cross-corpus-882,RobustScaler,KNN,49,12,5,-0.0014,7.1905,8.8713,-0.0023,-0.1257,-0.0158
4,latency,SHAM,HRSD_17.1,HRSD17,cross-corpus-882,RobustScaler,RF,49,12,5,0.0287,6.5956,8.5141,0.0592,-0.0369,-0.0965
4,latency,SHAM,HRSD_17.1,HRSD17,cross-corpus-882,RobustScaler,ET,49,12,5,0.1441,8.2467,9.5593,0.1549,-0.3071,0.0579
4,latency,SHAM,HRSD_17.1,HRSD17,cross-corpus-882,RobustScaler,GB,49,12,5,0.0198,8.0627,9.7225,0.0243,-0.3521,-0.1667
4,latency,SHAM,HRSD_17.1,HRSD17,cross-corpus-882,RobustScaler,XGB,49,12,5,0.1099,6.8858,8.712,0.1515,-0.0857,-0.0965
4,latency,SHAM,HRSD_17.1,HRSD17,cross-corpus-882,RobustScaler,MLP,49,12,5,-0.0161,7.2613,8.9075,-0.0269,-0.1349,-0.1051
4,latency,SHAM,HRSD_17.1,HRSD17,cross-corpus-882,RobustScaler,LGBM,49,12,5,0.0067,6.0454,8.4646,0.0223,-0.0249,-0.0649
4,latency,SHAM,HRSD_17.1,HRSD17,cross-corpus-882,RobustScaler,CatBoost,49,12,5,0.0684,7.173,8.5938,0.1068,-0.0564,-0.0981
5,latency,SHAM,HRSD_17.1,HRSD17,cross-corpus-882,StandardScaler,Ridge,49,12,5,0.3316,3.4282,5.2265,0.3612,-0.1556,0.2222
5,latency,SHAM,HRSD_17.1,HRSD17,cross-corpus-882,StandardScaler,Lasso,49,12,5,0.0,3.8197,4.9816,,-0.0498,
5,latency,SHAM,HRSD_17.1,HRSD17,cross-corpus-882,StandardScaler,ElasticNet,49,12,5,0.3276,3.4449,5.2369,0.3569,-0.1602,0.2222
5,latency,SHAM,HRSD_17.1,HRSD17,cross-corpus-882,StandardScaler,SVR,49,12,5,0.4371,3.7308,4.881,0.4479,-0.0078,0.5185
5,latency,SHAM,HRSD_17.1,HRSD17,cross-corpus-882,StandardScaler,KNN,49,12,5,0.2165,4.6333,5.7948,0.2214,-0.4205,0.0866
5,latency,SHAM,HRSD_17.1,HRSD17,cross-corpus-882,StandardScaler,RF,49,12,5,0.1914,3.6121,5.3103,0.2135,-0.1929,0.1975
5,latency,SHAM,HRSD_17.1,HRSD17,cross-corpus-882,StandardScaler,ET,49,12,5,0.464,3.3423,4.5951,0.4819,0.1068,0.5432
5,latency,SHAM,HRSD_17.1,HRSD17,cross-corpus-882,StandardScaler,GB,49,12,5,0.1305,4.3158,6.2802,0.1313,-0.6685,0.235
5,latency,SHAM,HRSD_17.1,HRSD17,cross-corpus-882,StandardScaler,XGB,49,12,5,0.0412,4.1459,6.6896,0.0412,-0.8931,0.2385
5,latency,SHAM,HRSD_17.1,HRSD17,cross-corpus-882,StandardScaler,MLP,49,12,5,0.0564,6.443,8.6894,0.064,-2.1942,0.0741
5,latency,SHAM,HRSD_17.1,HRSD17,cross-corpus-882,StandardScaler,LGBM,49,12,5,0.3061,3.4475,4.9572,0.3312,-0.0395,0.4902
5,latency,SHAM,HRSD_17.1,HRSD17,cross-corpus-882,StandardScaler,CatBoost,49,12,5,0.0199,4.0318,6.3678,0.0211,-0.7153,0.1658
5,latency,SHAM,HRSD_17.1,HRSD17,cross-corpus-882,MinMaxScaler,Ridge,49,12,5,0.2259,3.6392,5.137,0.2502,-0.1163,0.1517
5,latency,SHAM,HRSD_17.1,HRSD17,cross-corpus-882,MinMaxScaler,Lasso,49,12,5,0.2608,3.561,5.0228,0.2862,-0.0672,0.1517
5,latency,SHAM,HRSD_17.1,HRSD17,cross-corpus-882,MinMaxScaler,ElasticNet,49,12,5,0.1771,3.4519,4.7627,0.2805,0.0404,0.2011
5,latency,SHAM,HRSD_17.1,HRSD17,cross-corpus-882,MinMaxScaler,SVR,49,12,5,0.4951,3.681,4.7916,0.5187,0.0287,0.6385
5,latency,SHAM,HRSD_17.1,HRSD17,cross-corpus-882,MinMaxScaler,KNN,49,12,5,0.35,5.6111,6.5192,0.3723,-0.7979,0.2834
5,latency,SHAM,HRSD_17.1,HRSD17,cross-corpus-882,MinMaxScaler,RF,49,12,5,0.1631,4.0553,5.3981,0.1913,-0.2327,0.2081
5,latency,SHAM,HRSD_17.1,HRSD17,cross-corpus-882,MinMaxScaler,ET,49,12,5,0.3766,4.3423,5.637,0.3777,-0.3442,0.4692
5,latency,SHAM,HRSD_17.1,HRSD17,cross-corpus-882,MinMaxScaler,GB,49,12,5,0.3572,4.4086,5.6347,0.3623,-0.3431,0.5961
5,latency,SHAM,HRSD_17.1,HRSD17,cross-corpus-882,MinMaxScaler,XGB,49,12,5,0.1265,4.7181,6.5731,0.1278,-0.8277,0.2893
5,latency,SHAM,HRSD_17.1,HRSD17,cross-corpus-882,MinMaxScaler,MLP,49,12,5,0.2793,3.5423,4.9586,0.3084,-0.0402,0.1799
5,latency,SHAM,HRSD_17.1,HRSD17,cross-corpus-882,MinMaxScaler,LGBM,49,12,5,0.2396,3.8875,5.1445,0.2716,-0.1196,0.4574
5,latency,SHAM,HRSD_17.1,HRSD17,cross-corpus-882,MinMaxScaler,CatBoost,49,12,5,0.1885,4.5353,6.1137,0.1926,-0.5812,0.2575
5,latency,SHAM,HRSD_17.1,HRSD17,cross-corpus-882,RobustScaler,Ridge,49,12,5,0.4883,2.9522,4.2566,0.519,0.2335,0.615
5,latency,SHAM,HRSD_17.1,HRSD17,cross-corpus-882,RobustScaler,Lasso,49,12,5,0.0,3.8197,4.9816,,-0.0498,
5,latency,SHAM,HRSD_17.1,HRSD17,cross-corpus-882,RobustScaler,ElasticNet,49,12,5,0.4286,2.9188,4.191,0.5093,0.257,0.5992
5,latency,SHAM,HRSD_17.1,HRSD17,cross-corpus-882,RobustScaler,SVR,49,12,5,0.459,2.9181,4.4261,0.5053,0.1713,0.5992
5,latency,SHAM,HRSD_17.1,HRSD17,cross-corpus-882,RobustScaler,KNN,49,12,5,0.4538,3.5,4.6428,0.4721,0.0881,0.4971
5,latency,SHAM,HRSD_17.1,HRSD17,cross-corpus-882,RobustScaler,RF,49,12,5,0.4824,3.8819,4.9703,0.4903,-0.0451,0.5755
5,latency,SHAM,HRSD_17.1,HRSD17,cross-corpus-882,RobustScaler,ET,49,12,5,0.4468,4.3968,5.5566,0.4656,-0.3061,0.4888
5,latency,SHAM,HRSD_17.1,HRSD17,cross-corpus-882,RobustScaler,GB,49,12,5,0.4436,4.4644,5.6317,0.4647,-0.3417,0.4888
5,latency,SHAM,HRSD_17.1,HRSD17,cross-corpus-882,RobustScaler,XGB,49,12,5,0.451,4.0373,5.2532,0.4614,-0.1674,0.4888
5,latency,SHAM,HRSD_17.1,HRSD17,cross-corpus-882,RobustScaler,MLP,49,12,5,0.4666,3.3332,4.5721,0.5349,0.1157,0.615
5,latency,SHAM,HRSD_17.1,HRSD17,cross-corpus-882,RobustScaler,LGBM,49,12,5,0.0,3.8197,4.9816,,-0.0498,
5,latency,SHAM,HRSD_17.1,HRSD17,cross-corpus-882,RobustScaler,CatBoost,49,12,5,0.4737,3.6679,4.858,0.4824,0.0016,0.5125
1,latency,SHAM,HRSD_21.1,HRSD21,cross-corpus-882,StandardScaler,Ridge,48,13,5,0.2996,6.3825,7.6513,0.3524,-0.1803,0.4512
1,latency,SHAM,HRSD_21.1,HRSD21,cross-corpus-882,StandardScaler,Lasso,48,13,5,0.246,5.7427,6.7458,0.3727,0.0825,0.4649
1,latency,SHAM,HRSD_21.1,HRSD21,cross-corpus-882,StandardScaler,ElasticNet,48,13,5,0.2547,5.7286,6.746,0.3752,0.0825,0.4512
1,latency,SHAM,HRSD_21.1,HRSD21,cross-corpus-882,StandardScaler,SVR,48,13,5,0.4811,5.1722,6.0472,0.5313,0.2627,0.5089
1,latency,SHAM,HRSD_21.1,HRSD21,cross-corpus-882,StandardScaler,KNN,48,13,5,0.3328,7.0879,7.9093,0.4644,-0.2613,0.4654
1,latency,SHAM,HRSD_21.1,HRSD21,cross-corpus-882,StandardScaler,RF,48,13,5,0.2223,5.7014,6.7189,0.3426,0.0898,0.4402
1,latency,SHAM,HRSD_21.1,HRSD21,cross-corpus-882,StandardScaler,ET,48,13,5,0.3496,6.5335,7.5632,0.4138,-0.1533,0.3246
1,latency,SHAM,HRSD_21.1,HRSD21,cross-corpus-882,StandardScaler,GB,48,13,5,0.4219,5.4063,6.69,0.4434,0.0976,0.1983
1,latency,SHAM,HRSD_21.1,HRSD21,cross-corpus-882,StandardScaler,XGB,48,13,5,0.4806,5.033,6.4697,0.4988,0.1561,0.5455
1,latency,SHAM,HRSD_21.1,HRSD21,cross-corpus-882,StandardScaler,MLP,48,13,5,0.1396,9.4789,14.0819,0.1913,-2.9982,0.4512
1,latency,SHAM,HRSD_21.1,HRSD21,cross-corpus-882,StandardScaler,LGBM,48,13,5,0.1036,6.2117,7.3378,0.1369,-0.0856,0.1472
1,latency,SHAM,HRSD_21.1,HRSD21,cross-corpus-882,StandardScaler,CatBoost,48,13,5,0.4494,5.1869,6.5893,0.5008,0.1246,0.4931
1,latency,SHAM,HRSD_21.1,HRSD21,cross-corpus-882,MinMaxScaler,Ridge,48,13,5,0.1999,6.1194,7.1977,0.2706,-0.0445,0.3934
1,latency,SHAM,HRSD_21.1,HRSD21,cross-corpus-882,MinMaxScaler,Lasso,48,13,5,0.2496,6.3213,7.4208,0.308,-0.1103,0.4677
1,latency,SHAM,HRSD_21.1,HRSD21,cross-corpus-882,MinMaxScaler,ElasticNet,48,13,5,0.1904,5.8565,6.9339,0.2937,0.0306,0.3934
1,latency,SHAM,HRSD_21.1,HRSD21,cross-corpus-882,MinMaxScaler,SVR,48,13,5,0.4535,5.5979,6.5427,0.4981,0.1369,0.5475
1,latency,SHAM,HRSD_21.1,HRSD21,cross-corpus-882,MinMaxScaler,KNN,48,13,5,0.1347,7.8022,8.2908,0.2055,-0.3859,0.2841
1,latency,SHAM,HRSD_21.1,HRSD21,cross-corpus-882,MinMaxScaler,RF,48,13,5,0.2296,5.5186,6.6401,0.3603,0.111,0.4842
1,latency,SHAM,HRSD_21.1,HRSD21,cross-corpus-882,MinMaxScaler,ET,48,13,5,0.454,5.865,6.9919,0.5907,0.0143,0.5695
1,latency,SHAM,HRSD_21.1,HRSD21,cross-corpus-882,MinMaxScaler,GB,48,13,5,0.5715,4.5622,5.8017,0.5924,0.3213,0.5317
1,latency,SHAM,HRSD_21.1,HRSD21,cross-corpus-882,MinMaxScaler,XGB,48,13,5,0.5535,4.4494,6.0188,0.5853,0.2696,0.5895
1,latency,SHAM,HRSD_21.1,HRSD21,cross-corpus-882,MinMaxScaler,MLP,48,13,5,0.1182,6.0487,7.1256,0.1944,-0.0237,0.3356
1,latency,SHAM,HRSD_21.1,HRSD21,cross-corpus-882,MinMaxScaler,LGBM,48,13,5,0.0804,6.1437,7.3049,0.1144,-0.0759,0.062
1,latency,SHAM,HRSD_21.1,HRSD21,cross-corpus-882,MinMaxScaler,CatBoost,48,13,5,0.5541,4.5374,5.75,0.6307,0.3334,0.652
1,latency,SHAM,HRSD_21.1,HRSD21,cross-corpus-882,RobustScaler,Ridge,48,13,5,0.1624,6.3605,7.3578,0.2235,-0.0915,0.3274
1,latency,SHAM,HRSD_21.1,HRSD21,cross-corpus-882,RobustScaler,Lasso,48,13,5,0.1677,6.7795,7.8399,0.2049,-0.2392,0.2669
1,latency,SHAM,HRSD_21.1,HRSD21,cross-corpus-882,RobustScaler,ElasticNet,48,13,5,0.1799,6.6036,7.605,0.2281,-0.1661,0.2669
1,latency,SHAM,HRSD_21.1,HRSD21,cross-corpus-882,RobustScaler,SVR,48,13,5,0.2504,5.9305,7.0345,0.2919,0.0023,0.4429
1,latency,SHAM,HRSD_21.1,HRSD21,cross-corpus-882,RobustScaler,KNN,48,13,5,0.3485,6.3162,6.7239,0.5302,0.0884,0.4647
1,latency,SHAM,HRSD_21.1,HRSD21,cross-corpus-882,RobustScaler,RF,48,13,5,0.2697,5.456,6.4071,0.5779,0.1723,0.597
1,latency,SHAM,HRSD_21.1,HRSD21,cross-corpus-882,RobustScaler,ET,48,13,5,0.4817,5.0692,6.2695,0.6172,0.2075,0.5475
1,latency,SHAM,HRSD_21.1,HRSD21,cross-corpus-882,RobustScaler,GB,48,13,5,0.601,4.3159,5.4654,0.6937,0.3977,0.641
1,latency,SHAM,HRSD_21.1,HRSD21,cross-corpus-882,RobustScaler,XGB,48,13,5,0.6297,4.9309,5.8895,0.7746,0.3006,0.8127
1,latency,SHAM,HRSD_21.1,HRSD21,cross-corpus-882,RobustScaler,MLP,48,13,5,0.1514,8.0984,10.3035,0.174,-1.1405,0.3274
1,latency,SHAM,HRSD_21.1,HRSD21,cross-corpus-882,RobustScaler,LGBM,48,13,5,0.123,5.7258,6.9153,0.2443,0.0358,0.2959
1,latency,SHAM,HRSD_21.1,HRSD21,cross-corpus-882,RobustScaler,CatBoost,48,13,5,0.4061,5.5584,6.3586,0.5993,0.1848,0.5722
2,latency,SHAM,HRSD_21.1,HRSD21,cross-corpus-882,StandardScaler,Ridge,49,12,10,-0.0728,9.5252,10.6247,-0.1021,-0.2918,-0.2232
2,latency,SHAM,HRSD_21.1,HRSD21,cross-corpus-882,StandardScaler,Lasso,49,12,10,-0.129,9.3137,10.0677,-0.441,-0.1599,-0.2197
2,latency,SHAM,HRSD_21.1,HRSD21,cross-corpus-882,StandardScaler,ElasticNet,49,12,10,-0.1235,9.275,10.0822,-0.3527,-0.1632,-0.2689
2,latency,SHAM,HRSD_21.1,HRSD21,cross-corpus-882,StandardScaler,SVR,49,12,10,-0.2094,9.886,10.824,-0.3999,-0.3407,-0.2443
2,latency,SHAM,HRSD_21.1,HRSD21,cross-corpus-882,StandardScaler,KNN,49,12,10,-0.1068,9.5667,10.3489,-0.1816,-0.2256,-0.0158
2,latency,SHAM,HRSD_21.1,HRSD21,cross-corpus-882,StandardScaler,RF,49,12,10,-0.1239,9.3967,10.0937,-0.3488,-0.1659,-0.2935
2,latency,SHAM,HRSD_21.1,HRSD21,cross-corpus-882,StandardScaler,ET,49,12,10,-0.0955,9.195,9.8914,-0.3353,-0.1196,-0.0404
2,latency,SHAM,HRSD_21.1,HRSD21,cross-corpus-882,StandardScaler,GB,49,12,10,0.0062,8.807,9.7593,0.0112,-0.0899,-0.2865
2,latency,SHAM,HRSD_21.1,HRSD21,cross-corpus-882,StandardScaler,XGB,49,12,10,-0.0935,9.8264,10.8248,-0.1302,-0.3409,-0.2091
2,latency,SHAM,HRSD_21.1,HRSD21,cross-corpus-882,StandardScaler,MLP,49,12,10,-0.1934,9.7355,11.1641,-0.2839,-0.4262,-0.1986
2,latency,SHAM,HRSD_21.1,HRSD21,cross-corpus-882,StandardScaler,LGBM,49,12,10,-0.3052,10.496,11.1976,-0.5469,-0.4348,-0.5044
2,latency,SHAM,HRSD_21.1,HRSD21,cross-corpus-882,StandardScaler,CatBoost,49,12,10,-0.1823,9.7252,10.378,-0.4613,-0.2325,-0.4903
2,latency,SHAM,HRSD_21.1,HRSD21,cross-corpus-882,MinMaxScaler,Ridge,49,12,5,-0.1075,9.1881,10.0171,-0.3076,-0.1482,-0.2127
2,latency,SHAM,HRSD_21.1,HRSD21,cross-corpus-882,MinMaxScaler,Lasso,49,12,5,-0.1213,9.265,10.1062,-0.3296,-0.1687,-0.2337
2,latency,SHAM,HRSD_21.1,HRSD21,cross-corpus-882,MinMaxScaler,ElasticNet,49,12,5,-0.0933,9.115,9.9111,-0.3081,-0.124,-0.2127
2,latency,SHAM,HRSD_21.1,HRSD21,cross-corpus-882,MinMaxScaler,SVR,49,12,5,-0.1916,9.7554,10.6158,-0.3856,-0.2896,-0.2478
2,latency,SHAM,HRSD_21.1,HRSD21,cross-corpus-882,MinMaxScaler,KNN,49,12,5,-0.0174,8.8167,9.8263,-0.0324,-0.1049,0.2127
2,latency,SHAM,HRSD_21.1,HRSD21,cross-corpus-882,MinMaxScaler,RF,49,12,5,0.0166,8.3642,9.3662,0.0594,-0.0039,-0.174
2,latency,SHAM,HRSD_21.1,HRSD21,cross-corpus-882,MinMaxScaler,ET,49,12,5,0.0316,8.4098,9.3139,0.1116,0.0073,0.0756
2,latency,SHAM,HRSD_21.1,HRSD21,cross-corpus-882,MinMaxScaler,GB,49,12,5,0.1784,7.794,8.8367,0.3376,0.1064,0.5149
2,latency,SHAM,HRSD_21.1,HRSD21,cross-corpus-882,MinMaxScaler,XGB,49,12,5,0.0362,8.5131,9.3843,0.0995,-0.0077,0.0335
2,latency,SHAM,HRSD_21.1,HRSD21,cross-corpus-882,MinMaxScaler,MLP,49,12,5,-0.1407,9.4276,10.2134,-0.3764,-0.1937,-0.2935
2,latency,SHAM,HRSD_21.1,HRSD21,cross-corpus-882,MinMaxScaler,LGBM,49,12,5,-0.0579,8.8133,9.955,-0.1191,-0.134,0.1345
2,latency,SHAM,HRSD_21.1,HRSD21,cross-corpus-882,MinMaxScaler,CatBoost,49,12,5,0.0061,8.5078,9.4646,0.0177,-0.0251,0.0756
2,latency,SHAM,HRSD_21.1,HRSD21,cross-corpus-882,RobustScaler,Ridge,49,12,5,-0.0574,8.9193,9.7383,-0.1821,-0.0852,-0.1002
2,latency,SHAM,HRSD_21.1,HRSD21,cross-corpus-882,RobustScaler,Lasso,49,12,5,-0.0342,8.7593,9.5788,-0.1405,-0.0499,-0.1002
2,latency,SHAM,HRSD_21.1,HRSD21,cross-corpus-882,RobustScaler,ElasticNet,49,12,5,-0.0376,8.8017,9.5882,-0.1632,-0.052,-0.1002
2,latency,SHAM,HRSD_21.1,HRSD21,cross-corpus-882,RobustScaler,SVR,49,12,5,-0.0332,8.8627,9.6389,-0.1119,-0.0631,-0.181
2,latency,SHAM,HRSD_21.1,HRSD21,cross-corpus-882,RobustScaler,KNN,49,12,5,0.1138,8.3667,9.1276,0.2329,0.0466,0.2438
2,latency,SHAM,HRSD_21.1,HRSD21,cross-corpus-882,RobustScaler,RF,49,12,5,-0.0882,9.3379,10.774,-0.1149,-0.3283,-0.0581
2,latency,SHAM,HRSD_21.1,HRSD21,cross-corpus-882,RobustScaler,ET,49,12,5,-0.0789,9.83,11.2769,-0.0901,-0.4552,-0.2724
2,latency,SHAM,HRSD_21.1,HRSD21,cross-corpus-882,RobustScaler,GB,49,12,5,0.1093,8.2845,9.3783,0.1714,-0.0065,-0.0687
2,latency,SHAM,HRSD_21.1,HRSD21,cross-corpus-882,RobustScaler,XGB,49,12,5,0.1807,7.7426,8.9323,0.2978,0.087,0.1091
2,latency,SHAM,HRSD_21.1,HRSD21,cross-corpus-882,RobustScaler,MLP,49,12,5,-0.0867,9.1879,10.0637,-0.1834,-0.1589,-0.0931
2,latency,SHAM,HRSD_21.1,HRSD21,cross-corpus-882,RobustScaler,LGBM,49,12,5,-0.0882,8.8518,9.998,-0.3047,-0.1439,-0.3046
2,latency,SHAM,HRSD_21.1,HRSD21,cross-corpus-882,RobustScaler,CatBoost,49,12,5,0.0377,8.4706,9.3299,0.1048,0.0039,0.0602
3,latency,SHAM,HRSD_21.1,HRSD21,cross-corpus-882,StandardScaler,Ridge,49,12,5,0.0249,7.5476,9.4318,0.0332,-0.2724,-0.0559
3,latency,SHAM,HRSD_21.1,HRSD21,cross-corpus-882,StandardScaler,Lasso,49,12,5,0.0282,7.5381,9.456,0.0372,-0.2789,-0.0559
3,latency,SHAM,HRSD_21.1,HRSD21,cross-corpus-882,StandardScaler,ElasticNet,49,12,5,0.0106,7.5755,9.3139,0.0151,-0.2408,-0.0559
3,latency,SHAM,HRSD_21.1,HRSD21,cross-corpus-882,StandardScaler,SVR,49,12,5,0.0879,7.1163,8.9343,0.1185,-0.1417,0.0699
3,latency,SHAM,HRSD_21.1,HRSD21,cross-corpus-882,StandardScaler,KNN,49,12,5,0.07,7.1111,8.5943,0.115,-0.0564,-0.021
3,latency,SHAM,HRSD_21.1,HRSD21,cross-corpus-882,StandardScaler,RF,49,12,5,0.0079,8.0711,9.7178,0.0092,-0.3507,-0.0699
3,latency,SHAM,HRSD_21.1,HRSD21,cross-corpus-882,StandardScaler,ET,49,12,5,0.0662,7.3312,9.1538,0.0825,-0.1985,0.021
3,latency,SHAM,HRSD_21.1,HRSD21,cross-corpus-882,StandardScaler,GB,49,12,5,-0.1389,9.6742,11.5004,-0.1437,-0.8917,-0.3147
3,latency,SHAM,HRSD_21.1,HRSD21,cross-corpus-882,StandardScaler,XGB,49,12,5,-0.0158,8.5165,10.1688,-0.0177,-0.479,-0.3427
3,latency,SHAM,HRSD_21.1,HRSD21,cross-corpus-882,StandardScaler,MLP,49,12,5,0.0337,7.4425,9.1677,0.0446,-0.2021,-0.049
3,latency,SHAM,HRSD_21.1,HRSD21,cross-corpus-882,StandardScaler,LGBM,49,12,5,-0.0848,7.9254,9.2794,-0.1509,-0.2316,-0.2285
3,latency,SHAM,HRSD_21.1,HRSD21,cross-corpus-882,StandardScaler,CatBoost,49,12,5,0.1295,7.5802,9.1542,0.1479,-0.1986,0.042
3,latency,SHAM,HRSD_21.1,HRSD21,cross-corpus-882,MinMaxScaler,Ridge,49,12,5,0.0249,8.2879,8.9635,0.0413,-0.1491,0.042
3,latency,SHAM,HRSD_21.1,HRSD21,cross-corpus-882,MinMaxScaler,Lasso,49,12,5,0.0249,8.4389,9.121,0.0383,-0.1899,0.0769
3,latency,SHAM,HRSD_21.1,HRSD21,cross-corpus-882,MinMaxScaler,ElasticNet,49,12,5,0.0192,7.9728,8.6316,0.0433,-0.0656,-0.0839
3,latency,SHAM,HRSD_21.1,HRSD21,cross-corpus-882,MinMaxScaler,SVR,49,12,5,0.0089,7.9866,8.6086,0.0182,-0.0599,0.0839
3,latency,SHAM,HRSD_21.1,HRSD21,cross-corpus-882,MinMaxScaler,KNN,49,12,5,-0.0229,8.3214,9.2528,-0.0386,-0.2245,-0.0841
3,latency,SHAM,HRSD_21.1,HRSD21,cross-corpus-882,MinMaxScaler,RF,49,12,5,-0.0289,8.3197,9.4271,-0.0397,-0.2711,-0.021
3,latency,SHAM,HRSD_21.1,HRSD21,cross-corpus-882,MinMaxScaler,ET,49,12,5,0.1903,7.8527,8.5268,0.2563,-0.0399,0.3776
3,latency,SHAM,HRSD_21.1,HRSD21,cross-corpus-882,MinMaxScaler,GB,49,12,5,0.1401,9.0992,10.5867,0.1713,-0.603,0.0629
3,latency,SHAM,HRSD_21.1,HRSD21,cross-corpus-882,MinMaxScaler,XGB,49,12,5,0.0861,8.4289,9.9189,0.097,-0.4072,0.021
3,latency,SHAM,HRSD_21.1,HRSD21,cross-corpus-882,MinMaxScaler,MLP,49,12,5,0.0733,8.4483,9.4998,0.0925,-0.2908,0.1538
3,latency,SHAM,HRSD_21.1,HRSD21,cross-corpus-882,MinMaxScaler,LGBM,49,12,5,-0.2301,8.8526,9.9112,-0.3676,-0.405,-0.2452
3,latency,SHAM,HRSD_21.1,HRSD21,cross-corpus-882,MinMaxScaler,CatBoost,49,12,5,0.0479,8.8607,9.7108,0.0584,-0.3488,0.2098
3,latency,SHAM,HRSD_21.1,HRSD21,cross-corpus-882,RobustScaler,Ridge,49,12,5,-0.0422,8.5501,9.2961,-0.0704,-0.236,-0.1608
3,latency,SHAM,HRSD_21.1,HRSD21,cross-corpus-882,RobustScaler,Lasso,49,12,5,-0.0294,8.6429,9.4452,-0.0449,-0.276,-0.1119
3,latency,SHAM,HRSD_21.1,HRSD21,cross-corpus-882,RobustScaler,ElasticNet,49,12,5,-0.038,8.6324,9.4205,-0.0597,-0.2693,-0.1608
3,latency,SHAM,HRSD_21.1,HRSD21,cross-corpus-882,RobustScaler,SVR,49,12,5,-0.0278,7.7837,8.5694,-0.0974,-0.0503,-0.2587
3,latency,SHAM,HRSD_21.1,HRSD21,cross-corpus-882,RobustScaler,KNN,49,12,5,-0.0438,8.4444,9.1584,-0.0776,-0.1997,0.007
3,latency,SHAM,HRSD_21.1,HRSD21,cross-corpus-882,RobustScaler,RF,49,12,5,0.0407,8.342,9.6433,0.0535,-0.3301,-0.028
3,latency,SHAM,HRSD_21.1,HRSD21,cross-corpus-882,RobustScaler,ET,49,12,5,0.1574,8.109,9.3971,0.1979,-0.263,0.1469
3,latency,SHAM,HRSD_21.1,HRSD21,cross-corpus-882,RobustScaler,GB,49,12,5,0.0042,9.0889,10.2584,0.0047,-0.5052,-0.0769
3,latency,SHAM,HRSD_21.1,HRSD21,cross-corpus-882,RobustScaler,XGB,49,12,5,0.0404,9.3519,10.0464,0.0482,-0.4436,-0.007
3,latency,SHAM,HRSD_21.1,HRSD21,cross-corpus-882,RobustScaler,MLP,49,12,5,0.0009,8.7721,10.333,0.0011,-0.5271,-0.1399
3,latency,SHAM,HRSD_21.1,HRSD21,cross-corpus-882,RobustScaler,LGBM,49,12,5,-0.0596,8.3826,9.1604,-0.1078,-0.2002,-0.1378
3,latency,SHAM,HRSD_21.1,HRSD21,cross-corpus-882,RobustScaler,CatBoost,49,12,5,0.0324,8.2672,9.3366,0.0466,-0.2468,0.0
4,latency,SHAM,HRSD_21.1,HRSD21,cross-corpus-882,StandardScaler,Ridge,49,12,5,-0.1184,7.7799,9.8755,-0.1469,-0.4174,0.1544
4,latency,SHAM,HRSD_21.1,HRSD21,cross-corpus-882,StandardScaler,Lasso,49,12,5,-0.0298,8.1478,10.5197,-0.0325,-0.6084,0.207
4,latency,SHAM,HRSD_21.1,HRSD21,cross-corpus-882,StandardScaler,ElasticNet,49,12,5,-0.104,7.3133,9.2202,-0.1729,-0.2355,0.1544
4,latency,SHAM,HRSD_21.1,HRSD21,cross-corpus-882,StandardScaler,SVR,49,12,5,0.1141,7.15,9.2743,0.2003,-0.2501,0.2456
4,latency,SHAM,HRSD_21.1,HRSD21,cross-corpus-882,StandardScaler,KNN,49,12,5,-0.097,8.8611,10.9125,-0.1077,-0.7307,-0.1476
4,latency,SHAM,HRSD_21.1,HRSD21,cross-corpus-882,StandardScaler,RF,49,12,5,0.0333,7.5236,9.7277,0.0378,-0.3753,0.1333
4,latency,SHAM,HRSD_21.1,HRSD21,cross-corpus-882,StandardScaler,ET,49,12,5,-0.0109,7.33,9.7668,-0.0136,-0.3864,0.0491
4,latency,SHAM,HRSD_21.1,HRSD21,cross-corpus-882,StandardScaler,GB,49,12,5,0.054,7.6405,9.5614,0.0616,-0.3287,0.0632
4,latency,SHAM,HRSD_21.1,HRSD21,cross-corpus-882,StandardScaler,XGB,49,12,5,-0.014,7.5266,9.6989,-0.0164,-0.3672,0.0456
4,latency,SHAM,HRSD_21.1,HRSD21,cross-corpus-882,StandardScaler,MLP,49,12,5,-0.1284,9.3742,12.1349,-0.1295,-1.1402,0.1053
4,latency,SHAM,HRSD_21.1,HRSD21,cross-corpus-882,StandardScaler,LGBM,49,12,5,0.1454,6.5689,8.1771,0.2675,0.0282,0.314
4,latency,SHAM,HRSD_21.1,HRSD21,cross-corpus-882,StandardScaler,CatBoost,49,12,5,-0.0088,7.7832,9.7132,-0.0102,-0.3712,-0.0737
4,latency,SHAM,HRSD_21.1,HRSD21,cross-corpus-882,MinMaxScaler,Ridge,49,12,10,0.0001,7.5919,9.5713,0.0002,-0.3314,0.0456
4,latency,SHAM,HRSD_21.1,HRSD21,cross-corpus-882,MinMaxScaler,Lasso,49,12,10,0.0026,7.6194,9.5728,0.0031,-0.3319,0.0667
4,latency,SHAM,HRSD_21.1,HRSD21,cross-corpus-882,MinMaxScaler,ElasticNet,49,12,10,0.0044,7.1863,9.0753,0.0059,-0.197,0.0281
4,latency,SHAM,HRSD_21.1,HRSD21,cross-corpus-882,MinMaxScaler,SVR,49,12,10,-0.0361,9.7889,13.3279,-0.0372,-1.5817,0.014
4,latency,SHAM,HRSD_21.1,HRSD21,cross-corpus-882,MinMaxScaler,KNN,49,12,10,0.1387,8.8611,10.3436,0.143,-0.555,-0.0071
4,latency,SHAM,HRSD_21.1,HRSD21,cross-corpus-882,MinMaxScaler,RF,49,12,10,0.2214,6.2881,8.3402,0.2679,-0.0109,0.2491
4,latency,SHAM,HRSD_21.1,HRSD21,cross-corpus-882,MinMaxScaler,ET,49,12,10,0.1719,7.3175,8.9747,0.1905,-0.1706,0.0491
4,latency,SHAM,HRSD_21.1,HRSD21,cross-corpus-882,MinMaxScaler,GB,49,12,10,0.2427,5.9425,8.4202,0.278,-0.0304,0.2456
4,latency,SHAM,HRSD_21.1,HRSD21,cross-corpus-882,MinMaxScaler,XGB,49,12,10,0.2572,6.9168,8.5947,0.2789,-0.0736,0.207
4,latency,SHAM,HRSD_21.1,HRSD21,cross-corpus-882,MinMaxScaler,MLP,49,12,10,-0.018,8.9757,11.711,-0.0181,-0.9932,0.014
4,latency,SHAM,HRSD_21.1,HRSD21,cross-corpus-882,MinMaxScaler,LGBM,49,12,10,0.2171,6.5763,7.9035,0.3226,0.0921,0.2916
4,latency,SHAM,HRSD_21.1,HRSD21,cross-corpus-882,MinMaxScaler,CatBoost,49,12,10,0.2157,6.3568,8.1223,0.282,0.0412,0.1789
4,latency,SHAM,HRSD_21.1,HRSD21,cross-corpus-882,RobustScaler,Ridge,49,12,5,0.0274,7.206,8.5922,0.0484,-0.073,-0.0702
4,latency,SHAM,HRSD_21.1,HRSD21,cross-corpus-882,RobustScaler,Lasso,49,12,5,0.026,7.1632,8.5745,0.047,-0.0686,-0.0702
4,latency,SHAM,HRSD_21.1,HRSD21,cross-corpus-882,RobustScaler,ElasticNet,49,12,5,0.0392,7.2035,8.5605,0.068,-0.0651,-0.0491
4,latency,SHAM,HRSD_21.1,HRSD21,cross-corpus-882,RobustScaler,SVR,49,12,5,0.0544,7.889,9.0859,0.0692,-0.1998,0.0035
4,latency,SHAM,HRSD_21.1,HRSD21,cross-corpus-882,RobustScaler,KNN,49,12,5,0.0249,7.2619,8.8321,0.0363,-0.1337,-0.0317
4,latency,SHAM,HRSD_21.1,HRSD21,cross-corpus-882,RobustScaler,RF,49,12,5,0.0377,6.6349,8.5832,0.0664,-0.0707,-0.0863
4,latency,SHAM,HRSD_21.1,HRSD21,cross-corpus-882,RobustScaler,ET,49,12,5,0.1528,8.0954,9.6442,0.1624,-0.3518,0.0632
4,latency,SHAM,HRSD_21.1,HRSD21,cross-corpus-882,RobustScaler,GB,49,12,5,0.0429,7.8567,9.785,0.0519,-0.3915,-0.0596
4,latency,SHAM,HRSD_21.1,HRSD21,cross-corpus-882,RobustScaler,XGB,49,12,5,0.1038,7.1139,9.0096,0.1356,-0.1797,0.0299
4,latency,SHAM,HRSD_21.1,HRSD21,cross-corpus-882,RobustScaler,MLP,49,12,5,-0.0278,7.4878,9.0086,-0.0429,-0.1795,-0.1719
4,latency,SHAM,HRSD_21.1,HRSD21,cross-corpus-882,RobustScaler,LGBM,49,12,5,0.0171,6.4027,8.3882,0.0449,-0.0226,0.0325
4,latency,SHAM,HRSD_21.1,HRSD21,cross-corpus-882,RobustScaler,CatBoost,49,12,5,0.072,7.2998,8.6876,0.1038,-0.0969,-0.0246
5,latency,SHAM,HRSD_21.1,HRSD21,cross-corpus-882,StandardScaler,Ridge,49,12,5,-0.0174,4.5538,5.7695,-0.0351,-0.2007,-0.2116
5,latency,SHAM,HRSD_21.1,HRSD21,cross-corpus-882,StandardScaler,Lasso,49,12,5,-0.0,4.1939,5.452,,-0.0722,
5,latency,SHAM,HRSD_21.1,HRSD21,cross-corpus-882,StandardScaler,ElasticNet,49,12,5,-0.0217,4.6277,5.9099,-0.0359,-0.2599,-0.1482
5,latency,SHAM,HRSD_21.1,HRSD21,cross-corpus-882,StandardScaler,SVR,49,12,5,0.2679,3.6842,5.2739,0.3023,-0.0033,0.1094
5,latency,SHAM,HRSD_21.1,HRSD21,cross-corpus-882,StandardScaler,KNN,49,12,5,-0.0022,4.5648,6.4821,-0.0025,-0.5157,-0.0141
5,latency,SHAM,HRSD_21.1,HRSD21,cross-corpus-882,StandardScaler,RF,49,12,5,0.0122,4.7706,6.4639,0.0137,-0.5072,0.0529
5,latency,SHAM,HRSD_21.1,HRSD21,cross-corpus-882,StandardScaler,ET,49,12,5,0.1337,4.7967,6.2433,0.1412,-0.406,0.0388
5,latency,SHAM,HRSD_21.1,HRSD21,cross-corpus-882,StandardScaler,GB,49,12,5,0.0159,6.7728,8.6979,0.0167,-1.729,0.1552
5,latency,SHAM,HRSD_21.1,HRSD21,cross-corpus-882,StandardScaler,XGB,49,12,5,-0.061,6.0946,8.2842,-0.0621,-1.4756,0.0459
5,latency,SHAM,HRSD_21.1,HRSD21,cross-corpus-882,StandardScaler,MLP,49,12,5,0.1877,4.0309,5.7879,0.204,-0.2084,0.0317
5,latency,SHAM,HRSD_21.1,HRSD21,cross-corpus-882,StandardScaler,LGBM,49,12,5,0.2153,4.0349,5.7771,0.2406,-0.2039,0.1522
5,latency,SHAM,HRSD_21.1,HRSD21,cross-corpus-882,StandardScaler,CatBoost,49,12,5,-0.0589,5.3394,7.2471,-0.062,-0.8945,0.0106
5,latency,SHAM,HRSD_21.1,HRSD21,cross-corpus-882,MinMaxScaler,Ridge,49,12,5,0.2563,3.9514,5.5298,0.274,-0.103,0.06
5,latency,SHAM,HRSD_21.1,HRSD21,cross-corpus-882,MinMaxScaler,Lasso,49,12,5,-0.0,4.1939,5.452,,-0.0722,
5,latency,SHAM,HRSD_21.1,HRSD21,cross-corpus-882,MinMaxScaler,ElasticNet,49,12,5,0.2345,3.3684,5.1062,0.3124,0.0595,0.06
5,latency,SHAM,HRSD_21.1,HRSD21,cross-corpus-882,MinMaxScaler,SVR,49,12,5,0.0444,6.1141,7.9999,0.0453,-1.3086,0.0811
5,latency,SHAM,HRSD_21.1,HRSD21,cross-corpus-882,MinMaxScaler,KNN,49,12,5,0.07,6.75,8.8449,0.0758,-1.822,0.1097
5,latency,SHAM,HRSD_21.1,HRSD21,cross-corpus-882,MinMaxScaler,RF,49,12,5,0.0241,5.9664,8.0314,0.025,-1.3268,0.2328
5,latency,SHAM,HRSD_21.1,HRSD21,cross-corpus-882,MinMaxScaler,ET,49,12,5,0.1044,5.9071,7.8975,0.1118,-1.2499,0.187
5,latency,SHAM,HRSD_21.1,HRSD21,cross-corpus-882,MinMaxScaler,GB,49,12,5,-0.0642,6.6156,9.0783,-0.0674,-1.9729,0.0035
5,latency,SHAM,HRSD_21.1,HRSD21,cross-corpus-882,MinMaxScaler,XGB,49,12,5,-0.135,6.6609,9.1755,-0.1398,-2.0369,0.0141
5,latency,SHAM,HRSD_21.1,HRSD21,cross-corpus-882,MinMaxScaler,MLP,49,12,5,0.2995,3.5031,5.106,0.344,0.0596,0.1235
5,latency,SHAM,HRSD_21.1,HRSD21,cross-corpus-882,MinMaxScaler,LGBM,49,12,5,-0.1847,4.6939,6.8881,-0.2128,-0.7115,0.0496
5,latency,SHAM,HRSD_21.1,HRSD21,cross-corpus-882,MinMaxScaler,CatBoost,49,12,5,-0.0862,5.7199,7.9783,-0.0919,-1.2961,0.0353
5,latency,SHAM,HRSD_21.1,HRSD21,cross-corpus-882,RobustScaler,Ridge,49,12,5,0.3292,3.1181,4.688,0.4795,0.2072,0.6031
5,latency,SHAM,HRSD_21.1,HRSD21,cross-corpus-882,RobustScaler,Lasso,49,12,5,-0.0,4.1939,5.452,,-0.0722,
5,latency,SHAM,HRSD_21.1,HRSD21,cross-corpus-882,RobustScaler,ElasticNet,49,12,5,0.4113,3.0127,4.6166,0.4898,0.2312,0.6031
5,latency,SHAM,HRSD_21.1,HRSD21,cross-corpus-882,RobustScaler,SVR,49,12,5,0.362,3.2023,4.7836,0.4932,0.1746,0.6268
5,latency,SHAM,HRSD_21.1,HRSD21,cross-corpus-882,RobustScaler,KNN,49,12,5,0.4292,3.8611,5.1361,0.4421,0.0484,0.4859
5,latency,SHAM,HRSD_21.1,HRSD21,cross-corpus-882,RobustScaler,RF,49,12,5,0.4456,4.3578,5.5784,0.4503,-0.1225,0.4849
5,latency,SHAM,HRSD_21.1,HRSD21,cross-corpus-882,RobustScaler,ET,49,12,5,0.4169,4.8939,6.1676,0.431,-0.3722,0.4849
5,latency,SHAM,HRSD_21.1,HRSD21,cross-corpus-882,RobustScaler,GB,49,12,5,0.4095,4.9863,6.2786,0.4259,-0.422,0.4849
5,latency,SHAM,HRSD_21.1,HRSD21,cross-corpus-882,RobustScaler,XGB,49,12,5,0.4138,4.5478,5.8838,0.4202,-0.2488,0.4849
5,latency,SHAM,HRSD_21.1,HRSD21,cross-corpus-882,RobustScaler,MLP,49,12,5,0.4131,3.6941,5.1721,0.4778,0.035,0.611
5,latency,SHAM,HRSD_21.1,HRSD21,cross-corpus-882,RobustScaler,LGBM,49,12,5,-0.0,4.1939,5.452,,-0.0722,
5,latency,SHAM,HRSD_21.1,HRSD21,cross-corpus-882,RobustScaler,CatBoost,49,12,5,0.4479,4.1638,5.445,0.4533,-0.0695,0.4849
1,latency,SHAM,HRSD_24.1,HRSD24,cross-corpus-882,StandardScaler,Ridge,48,13,5,0.1364,8.6535,10.5269,0.1551,-0.1805,0.2379
1,latency,SHAM,HRSD_24.1,HRSD24,cross-corpus-882,StandardScaler,Lasso,48,13,5,0.0,7.976,9.7321,,-0.009,
1,latency,SHAM,HRSD_24.1,HRSD24,cross-corpus-882,StandardScaler,ElasticNet,48,13,5,0.1015,8.1835,9.7316,0.1626,-0.0089,0.2656
1,latency,SHAM,HRSD_24.1,HRSD24,cross-corpus-882,StandardScaler,SVR,48,13,5,0.366,7.133,9.2709,0.3978,0.0844,0.3403
1,latency,SHAM,HRSD_24.1,HRSD24,cross-corpus-882,StandardScaler,KNN,48,13,5,0.4749,7.5846,9.3218,0.5055,0.0743,0.5529
1,latency,SHAM,HRSD_24.1,HRSD24,cross-corpus-882,StandardScaler,RF,48,13,5,0.2042,7.2463,9.508,0.2769,0.0369,0.1881
1,latency,SHAM,HRSD_24.1,HRSD24,cross-corpus-882,StandardScaler,ET,48,13,5,0.446,6.7,8.5187,0.5005,0.2269,0.4841
1,latency,SHAM,HRSD_24.1,HRSD24,cross-corpus-882,StandardScaler,GB,48,13,5,0.3698,7.8054,10.3785,0.3857,-0.1475,0.3071
1,latency,SHAM,HRSD_24.1,HRSD24,cross-corpus-882,StandardScaler,XGB,48,13,5,0.2316,8.5025,11.3129,0.2356,-0.3634,0.1743
1,latency,SHAM,HRSD_24.1,HRSD24,cross-corpus-882,StandardScaler,MLP,48,13,5,0.0359,11.2665,16.3187,0.0394,-1.8369,0.2517
1,latency,SHAM,HRSD_24.1,HRSD24,cross-corpus-882,StandardScaler,LGBM,48,13,5,-0.0496,8.8027,10.7257,-0.0707,-0.2255,-0.1196
1,latency,SHAM,HRSD_24.1,HRSD24,cross-corpus-882,StandardScaler,CatBoost,48,13,5,0.3405,6.9451,9.1142,0.3999,0.1151,0.4122
1,latency,SHAM,HRSD_24.1,HRSD24,cross-corpus-882,MinMaxScaler,Ridge,48,13,5,0.1815,8.0447,9.9744,0.2171,-0.0599,0.3873
1,latency,SHAM,HRSD_24.1,HRSD24,cross-corpus-882,MinMaxScaler,Lasso,48,13,5,0.1927,8.1862,10.4696,0.2086,-0.1677,0.4343
1,latency,SHAM,HRSD_24.1,HRSD24,cross-corpus-882,MinMaxScaler,ElasticNet,48,13,5,0.1668,7.9269,9.781,0.2172,-0.0192,0.3264
1,latency,SHAM,HRSD_24.1,HRSD24,cross-corpus-882,MinMaxScaler,SVR,48,13,5,0.3152,7.1486,8.8201,0.4701,0.1713,0.473
1,latency,SHAM,HRSD_24.1,HRSD24,cross-corpus-882,MinMaxScaler,KNN,48,13,5,0.4325,7.2527,8.6014,0.4879,0.2118,0.5402
1,latency,SHAM,HRSD_24.1,HRSD24,cross-corpus-882,MinMaxScaler,RF,48,13,5,0.1723,7.8833,9.354,0.287,0.0679,0.4509
1,latency,SHAM,HRSD_24.1,HRSD24,cross-corpus-882,MinMaxScaler,ET,48,13,5,0.2858,7.6633,9.1793,0.3621,0.1024,0.4426
1,latency,SHAM,HRSD_24.1,HRSD24,cross-corpus-882,MinMaxScaler,GB,48,13,5,0.4536,7.8058,8.9867,0.4722,0.1396,0.509
1,latency,SHAM,HRSD_24.1,HRSD24,cross-corpus-882,MinMaxScaler,XGB,48,13,5,0.5076,7.8274,8.6298,0.5262,0.2066,0.4564
1,latency,SHAM,HRSD_24.1,HRSD24,cross-corpus-882,MinMaxScaler,MLP,48,13,5,0.1559,8.6809,12.177,0.1572,-0.5796,0.3403
1,latency,SHAM,HRSD_24.1,HRSD24,cross-corpus-882,MinMaxScaler,LGBM,48,13,5,0.0792,9.2685,10.3682,0.1079,-0.1452,0.0752
1,latency,SHAM,HRSD_24.1,HRSD24,cross-corpus-882,MinMaxScaler,CatBoost,48,13,5,0.2112,7.9147,9.5699,0.2717,0.0244,0.3652
1,latency,SHAM,HRSD_24.1,HRSD24,cross-corpus-882,RobustScaler,Ridge,48,13,5,0.1903,8.4376,10.7564,0.2006,-0.2326,0.4011
1,latency,SHAM,HRSD_24.1,HRSD24,cross-corpus-882,RobustScaler,Lasso,48,13,5,0.1898,8.4022,10.7462,0.2004,-0.2302,0.4205
1,latency,SHAM,HRSD_24.1,HRSD24,cross-corpus-882,RobustScaler,ElasticNet,48,13,5,0.1808,8.415,10.4875,0.1977,-0.1717,0.3209
1,latency,SHAM,HRSD_24.1,HRSD24,cross-corpus-882,RobustScaler,SVR,48,13,5,0.2722,7.076,9.1035,0.4414,0.1171,0.5201
1,latency,SHAM,HRSD_24.1,HRSD24,cross-corpus-882,RobustScaler,KNN,48,13,5,0.2925,7.9487,9.376,0.3422,0.0635,0.2766
1,latency,SHAM,HRSD_24.1,HRSD24,cross-corpus-882,RobustScaler,RF,48,13,5,0.0963,8.2163,9.729,0.1614,-0.0083,0.2517
1,latency,SHAM,HRSD_24.1,HRSD24,cross-corpus-882,RobustScaler,ET,48,13,5,0.1145,8.1565,9.9597,0.1642,-0.0567,0.2877
1,latency,SHAM,HRSD_24.1,HRSD24,cross-corpus-882,RobustScaler,GB,48,13,5,0.226,9.0365,10.4485,0.2611,-0.163,0.4288
1,latency,SHAM,HRSD_24.1,HRSD24,cross-corpus-882,RobustScaler,XGB,48,13,5,0.1368,9.0528,10.7171,0.1506,-0.2236,0.2794
1,latency,SHAM,HRSD_24.1,HRSD24,cross-corpus-882,RobustScaler,MLP,48,13,5,-0.0127,10.2023,14.5126,-0.0128,-1.2437,0.1328
1,latency,SHAM,HRSD_24.1,HRSD24,cross-corpus-882,RobustScaler,LGBM,48,13,5,0.1509,8.339,9.4728,0.2669,0.0441,0.2524
1,latency,SHAM,HRSD_24.1,HRSD24,cross-corpus-882,RobustScaler,CatBoost,48,13,5,0.0814,8.4757,10.0962,0.1128,-0.0859,0.2268
2,latency,SHAM,HRSD_24.1,HRSD24,cross-corpus-882,StandardScaler,Ridge,49,12,5,-0.3083,12.0244,13.4384,-0.6641,-0.3877,-0.7083
2,latency,SHAM,HRSD_24.1,HRSD24,cross-corpus-882,StandardScaler,Lasso,49,12,5,-0.2686,11.7401,13.1172,-0.682,-0.3221,-0.6555
2,latency,SHAM,HRSD_24.1,HRSD24,cross-corpus-882,StandardScaler,ElasticNet,49,12,5,-0.218,11.496,12.7764,-0.656,-0.2543,-0.7083
2,latency,SHAM,HRSD_24.1,HRSD24,cross-corpus-882,StandardScaler,SVR,49,12,5,-0.4496,12.9237,14.4338,-0.7743,-0.6009,-0.7891
2,latency,SHAM,HRSD_24.1,HRSD24,cross-corpus-882,StandardScaler,KNN,49,12,5,-0.3894,12.3519,14.0043,-0.7261,-0.507,-0.7743
2,latency,SHAM,HRSD_24.1,HRSD24,cross-corpus-882,StandardScaler,RF,49,12,5,-0.1447,11.8381,12.5057,-0.3433,-0.2017,-0.3462
2,latency,SHAM,HRSD_24.1,HRSD24,cross-corpus-882,StandardScaler,ET,49,12,5,-0.2461,12.2102,13.226,-0.493,-0.3442,-0.3146
2,latency,SHAM,HRSD_24.1,HRSD24,cross-corpus-882,StandardScaler,GB,49,12,5,-0.0287,12.6099,12.8868,-0.0364,-0.2761,-0.0615
2,latency,SHAM,HRSD_24.1,HRSD24,cross-corpus-882,StandardScaler,XGB,49,12,5,0.0808,11.7399,12.1989,0.1035,-0.1435,-0.0545
2,latency,SHAM,HRSD_24.1,HRSD24,cross-corpus-882,StandardScaler,MLP,49,12,5,-0.4336,12.7207,14.4347,-0.7349,-0.6011,-0.6415
2,latency,SHAM,HRSD_24.1,HRSD24,cross-corpus-882,StandardScaler,LGBM,49,12,5,-0.2822,11.7329,13.3687,-0.5907,-0.3733,-0.6177
2,latency,SHAM,HRSD_24.1,HRSD24,cross-corpus-882,StandardScaler,CatBoost,49,12,5,-0.1116,11.9948,12.6786,-0.199,-0.2352,-0.2583
2,latency,SHAM,HRSD_24.1,HRSD24,cross-corpus-882,MinMaxScaler,Ridge,49,12,10,-0.2803,11.9389,13.8256,-0.4191,-0.4688,-0.3497
2,latency,SHAM,HRSD_24.1,HRSD24,cross-corpus-882,MinMaxScaler,Lasso,49,12,10,-0.0003,10.3342,11.4162,-0.1705,-0.0015,-0.1388
2,latency,SHAM,HRSD_24.1,HRSD24,cross-corpus-882,MinMaxScaler,ElasticNet,49,12,10,-0.2228,11.4376,13.1097,-0.4256,-0.3206,-0.3743
2,latency,SHAM,HRSD_24.1,HRSD24,cross-corpus-882,MinMaxScaler,SVR,49,12,10,-0.2087,11.5165,13.0054,-0.4608,-0.2997,-0.4341
2,latency,SHAM,HRSD_24.1,HRSD24,cross-corpus-882,MinMaxScaler,KNN,49,12,10,-0.1468,11.0,12.9978,-0.2329,-0.2982,-0.3181
2,latency,SHAM,HRSD_24.1,HRSD24,cross-corpus-882,MinMaxScaler,RF,49,12,10,-0.1882,12.1652,12.9881,-0.3413,-0.2962,-0.3427
2,latency,SHAM,HRSD_24.1,HRSD24,cross-corpus-882,MinMaxScaler,ET,49,12,10,-0.1699,11.885,12.8407,-0.3202,-0.267,-0.1761
2,latency,SHAM,HRSD_24.1,HRSD24,cross-corpus-882,MinMaxScaler,GB,49,12,10,-0.0438,12.3831,12.9173,-0.0565,-0.2821,-0.0931
2,latency,SHAM,HRSD_24.1,HRSD24,cross-corpus-882,MinMaxScaler,XGB,49,12,10,-0.0613,12.7886,13.0808,-0.078,-0.3148,-0.1002
2,latency,SHAM,HRSD_24.1,HRSD24,cross-corpus-882,MinMaxScaler,MLP,49,12,10,-0.1774,11.6197,13.5198,-0.2468,-0.4045,-0.0967
2,latency,SHAM,HRSD_24.1,HRSD24,cross-corpus-882,MinMaxScaler,LGBM,49,12,10,-0.3643,12.6793,14.412,-0.5191,-0.596,-0.5511
2,latency,SHAM,HRSD_24.1,HRSD24,cross-corpus-882,MinMaxScaler,CatBoost,49,12,10,-0.0825,11.6701,12.316,-0.1606,-0.1656,-0.1037
2,latency,SHAM,HRSD_24.1,HRSD24,cross-corpus-882,RobustScaler,Ridge,49,12,5,-0.3411,12.1069,13.7675,-0.6459,-0.4565,-0.7083
2,latency,SHAM,HRSD_24.1,HRSD24,cross-corpus-882,RobustScaler,Lasso,49,12,5,-0.3405,12.0918,13.7519,-0.6506,-0.4532,-0.7083
2,latency,SHAM,HRSD_24.1,HRSD24,cross-corpus-882,RobustScaler,ElasticNet,49,12,5,-0.3182,11.9492,13.5508,-0.6526,-0.411,-0.7083
2,latency,SHAM,HRSD_24.1,HRSD24,cross-corpus-882,RobustScaler,SVR,49,12,5,-0.4011,13.1764,14.5546,-0.6071,-0.6278,-0.5009
2,latency,SHAM,HRSD_24.1,HRSD24,cross-corpus-882,RobustScaler,KNN,49,12,5,-0.2741,11.9333,13.9509,-0.387,-0.4955,-0.3599
2,latency,SHAM,HRSD_24.1,HRSD24,cross-corpus-882,RobustScaler,RF,49,12,5,-0.3124,11.9004,13.6948,-0.5482,-0.4411,-0.5712
2,latency,SHAM,HRSD_24.1,HRSD24,cross-corpus-882,RobustScaler,ET,49,12,5,-0.3235,12.3371,13.7651,-0.569,-0.456,-0.4692
2,latency,SHAM,HRSD_24.1,HRSD24,cross-corpus-882,RobustScaler,GB,49,12,5,-0.3238,12.3628,13.9095,-0.543,-0.4867,-0.4728
2,latency,SHAM,HRSD_24.1,HRSD24,cross-corpus-882,RobustScaler,XGB,49,12,5,-0.3869,12.8187,14.1733,-0.6669,-0.5436,-0.6626
2,latency,SHAM,HRSD_24.1,HRSD24,cross-corpus-882,RobustScaler,MLP,49,12,5,-0.4458,13.1097,14.827,-0.6389,-0.6893,-0.5817
2,latency,SHAM,HRSD_24.1,HRSD24,cross-corpus-882,RobustScaler,LGBM,49,12,5,-0.5107,13.5988,15.0987,-0.7609,-0.7517,-0.6743
2,latency,SHAM,HRSD_24.1,HRSD24,cross-corpus-882,RobustScaler,CatBoost,49,12,5,-0.243,11.7099,13.0423,-0.5633,-0.3071,-0.5395
3,latency,SHAM,HRSD_24.1,HRSD24,cross-corpus-882,StandardScaler,Ridge,49,12,10,-0.0565,8.6836,10.0525,-0.0924,-0.2353,-0.1722
3,latency,SHAM,HRSD_24.1,HRSD24,cross-corpus-882,StandardScaler,Lasso,49,12,10,-0.0413,8.3337,9.6711,-0.0905,-0.1433,-0.0914
3,latency,SHAM,HRSD_24.1,HRSD24,cross-corpus-882,StandardScaler,ElasticNet,49,12,10,-0.0513,8.541,9.767,-0.1167,-0.1661,-0.1933
3,latency,SHAM,HRSD_24.1,HRSD24,cross-corpus-882,StandardScaler,SVR,49,12,10,-0.0491,9.1287,10.6556,-0.0654,-0.388,-0.1195
3,latency,SHAM,HRSD_24.1,HRSD24,cross-corpus-882,StandardScaler,KNN,49,12,10,0.0608,8.8929,10.2018,0.0863,-0.2722,0.1021
3,latency,SHAM,HRSD_24.1,HRSD24,cross-corpus-882,StandardScaler,RF,49,12,10,-0.108,8.4056,10.4993,-0.1552,-0.3475,-0.2742
3,latency,SHAM,HRSD_24.1,HRSD24,cross-corpus-882,StandardScaler,ET,49,12,10,0.0263,8.3392,9.9463,0.0389,-0.2093,-0.2074
3,latency,SHAM,HRSD_24.1,HRSD24,cross-corpus-882,StandardScaler,GB,49,12,10,-0.1488,9.351,11.1608,-0.1733,-0.5227,-0.232
3,latency,SHAM,HRSD_24.1,HRSD24,cross-corpus-882,StandardScaler,XGB,49,12,10,-0.0519,8.5937,10.5723,-0.0618,-0.3663,-0.1125
3,latency,SHAM,HRSD_24.1,HRSD24,cross-corpus-882,StandardScaler,MLP,49,12,10,-0.054,9.5808,11.4787,-0.0601,-0.6107,-0.0387
3,latency,SHAM,HRSD_24.1,HRSD24,cross-corpus-882,StandardScaler,LGBM,49,12,10,-0.063,8.837,10.7061,-0.0744,-0.4011,-0.0703
3,latency,SHAM,HRSD_24.1,HRSD24,cross-corpus-882,StandardScaler,CatBoost,49,12,10,-0.0821,8.3273,10.3607,-0.1099,-0.3122,-0.0879
3,latency,SHAM,HRSD_24.1,HRSD24,cross-corpus-882,MinMaxScaler,Ridge,49,12,10,0.0468,8.128,9.5836,0.0812,-0.1227,0.0527
3,latency,SHAM,HRSD_24.1,HRSD24,cross-corpus-882,MinMaxScaler,Lasso,49,12,10,0.0177,8.128,9.6073,0.0306,-0.1283,-0.0457
3,latency,SHAM,HRSD_24.1,HRSD24,cross-corpus-882,MinMaxScaler,ElasticNet,49,12,10,0.0366,8.0727,9.4787,0.0808,-0.0983,0.007
3,latency,SHAM,HRSD_24.1,HRSD24,cross-corpus-882,MinMaxScaler,SVR,49,12,10,-0.0389,9.0462,10.6225,-0.0452,-0.3793,-0.0808
3,latency,SHAM,HRSD_24.1,HRSD24,cross-corpus-882,MinMaxScaler,KNN,49,12,10,0.1079,9.25,11.4807,0.1176,-0.6112,0.0211
3,latency,SHAM,HRSD_24.1,HRSD24,cross-corpus-882,MinMaxScaler,RF,49,12,10,-0.0897,8.2542,10.5012,-0.1207,-0.348,-0.0423
3,latency,SHAM,HRSD_24.1,HRSD24,cross-corpus-882,MinMaxScaler,ET,49,12,10,0.129,7.8206,9.6145,0.1686,-0.13,0.2077
3,latency,SHAM,HRSD_24.1,HRSD24,cross-corpus-882,MinMaxScaler,GB,49,12,10,-0.1219,9.0028,11.4231,-0.1338,-0.5951,-0.0879
3,latency,SHAM,HRSD_24.1,HRSD24,cross-corpus-882,MinMaxScaler,XGB,49,12,10,-0.1583,9.2899,11.4714,-0.1762,-0.6086,-0.1476
3,latency,SHAM,HRSD_24.1,HRSD24,cross-corpus-882,MinMaxScaler,MLP,49,12,10,0.1537,7.9268,9.6528,0.1798,-0.139,0.0879
3,latency,SHAM,HRSD_24.1,HRSD24,cross-corpus-882,MinMaxScaler,LGBM,49,12,10,0.0018,8.7105,10.5913,0.0021,-0.3713,-0.0158
3,latency,SHAM,HRSD_24.1,HRSD24,cross-corpus-882,MinMaxScaler,CatBoost,49,12,10,-0.0569,8.3077,10.9472,-0.0637,-0.4649,-0.0141
3,latency,SHAM,HRSD_24.1,HRSD24,cross-corpus-882,RobustScaler,Ridge,49,12,10,0.0694,8.156,9.4846,0.1295,-0.0996,0.1406
3,latency,SHAM,HRSD_24.1,HRSD24,cross-corpus-882,RobustScaler,Lasso,49,12,10,0.1177,7.8225,9.4359,0.1804,-0.0884,0.123
3,latency,SHAM,HRSD_24.1,HRSD24,cross-corpus-882,RobustScaler,ElasticNet,49,12,10,0.0109,8.4742,9.5466,0.0302,-0.1141,0.0773
3,latency,SHAM,HRSD_24.1,HRSD24,cross-corpus-882,RobustScaler,SVR,49,12,10,0.2312,7.6744,9.2858,0.3266,-0.054,0.2742
3,latency,SHAM,HRSD_24.1,HRSD24,cross-corpus-882,RobustScaler,KNN,49,12,10,0.1352,8.119,9.736,0.2263,-0.1587,-0.0582
3,latency,SHAM,HRSD_24.1,HRSD24,cross-corpus-882,RobustScaler,RF,49,12,10,0.0246,8.1732,10.3212,0.0339,-0.3022,-0.0141
3,latency,SHAM,HRSD_24.1,HRSD24,cross-corpus-882,RobustScaler,ET,49,12,10,0.0666,8.2231,10.4667,0.0865,-0.3392,-0.0281
3,latency,SHAM,HRSD_24.1,HRSD24,cross-corpus-882,RobustScaler,GB,49,12,10,0.1598,8.6922,10.4511,0.17,-0.3352,0.0
3,latency,SHAM,HRSD_24.1,HRSD24,cross-corpus-882,RobustScaler,XGB,49,12,10,0.1334,8.7126,10.1684,0.1452,-0.2639,-0.0035
3,latency,SHAM,HRSD_24.1,HRSD24,cross-corpus-882,RobustScaler,MLP,49,12,10,0.1744,7.9743,9.9526,0.1888,-0.2108,0.109
3,latency,SHAM,HRSD_24.1,HRSD24,cross-corpus-882,RobustScaler,LGBM,49,12,10,0.0294,8.0313,9.9488,0.0374,-0.2099,-0.0089
3,latency,SHAM,HRSD_24.1,HRSD24,cross-corpus-882,RobustScaler,CatBoost,49,12,10,0.2133,7.3132,9.2411,0.2571,-0.0439,0.1757
4,latency,SHAM,HRSD_24.1,HRSD24,cross-corpus-882,StandardScaler,Ridge,49,12,5,-0.1576,11.1347,13.6507,-0.2157,-0.4644,0.1119
4,latency,SHAM,HRSD_24.1,HRSD24,cross-corpus-882,StandardScaler,Lasso,49,12,5,-0.011,11.7893,14.702,-0.0126,-0.6987,0.2867
4,latency,SHAM,HRSD_24.1,HRSD24,cross-corpus-882,StandardScaler,ElasticNet,49,12,5,-0.0515,11.3268,14.2711,-0.0609,-0.6006,0.2867
4,latency,SHAM,HRSD_24.1,HRSD24,cross-corpus-882,StandardScaler,SVR,49,12,5,0.0788,9.9439,12.8311,0.1563,-0.2939,0.3497
4,latency,SHAM,HRSD_24.1,HRSD24,cross-corpus-882,StandardScaler,KNN,49,12,5,-0.2039,12.7222,15.438,-0.246,-0.8731,-0.2662
4,latency,SHAM,HRSD_24.1,HRSD24,cross-corpus-882,StandardScaler,RF,49,12,5,-0.026,10.7671,13.5028,-0.0329,-0.4329,0.021
4,latency,SHAM,HRSD_24.1,HRSD24,cross-corpus-882,StandardScaler,ET,49,12,5,-0.1287,11.4031,14.5584,-0.1636,-0.6657,-0.0979
4,latency,SHAM,HRSD_24.1,HRSD24,cross-corpus-882,StandardScaler,GB,49,12,5,0.0181,11.2224,13.4548,0.0216,-0.4227,-0.0911
4,latency,SHAM,HRSD_24.1,HRSD24,cross-corpus-882,StandardScaler,XGB,49,12,5,-0.0074,10.7017,13.2591,-0.0093,-0.3816,-0.1259
4,latency,SHAM,HRSD_24.1,HRSD24,cross-corpus-882,StandardScaler,MLP,49,12,5,-0.1762,12.9204,16.3896,-0.1854,-1.1111,0.0699
4,latency,SHAM,HRSD_24.1,HRSD24,cross-corpus-882,StandardScaler,LGBM,49,12,5,0.1361,9.2368,11.5252,0.2615,-0.0439,0.2794
4,latency,SHAM,HRSD_24.1,HRSD24,cross-corpus-882,StandardScaler,CatBoost,49,12,5,-0.0968,11.2562,13.8984,-0.1211,-0.5181,-0.1469
4,latency,SHAM,HRSD_24.1,HRSD24,cross-corpus-882,MinMaxScaler,Ridge,49,12,10,-0.0471,10.9177,13.0232,-0.0575,-0.3329,0.0
4,latency,SHAM,HRSD_24.1,HRSD24,cross-corpus-882,MinMaxScaler,Lasso,49,12,10,-0.0418,11.0,13.2004,-0.049,-0.3694,0.0629
4,latency,SHAM,HRSD_24.1,HRSD24,cross-corpus-882,MinMaxScaler,ElasticNet,49,12,10,-0.0336,10.5645,12.5215,-0.0463,-0.2322,-0.007
4,latency,SHAM,HRSD_24.1,HRSD24,cross-corpus-882,MinMaxScaler,SVR,49,12,10,-0.1242,13.5323,17.3629,-0.1244,-1.3692,0.0
4,latency,SHAM,HRSD_24.1,HRSD24,cross-corpus-882,MinMaxScaler,KNN,49,12,10,0.1223,12.0,14.3243,0.1283,-0.6125,-0.042
4,latency,SHAM,HRSD_24.1,HRSD24,cross-corpus-882,MinMaxScaler,RF,49,12,10,0.197,9.38,11.4426,0.239,-0.029,0.0839
4,latency,SHAM,HRSD_24.1,HRSD24,cross-corpus-882,MinMaxScaler,ET,49,12,10,0.0981,10.6412,12.7258,0.1107,-0.2727,0.0699
4,latency,SHAM,HRSD_24.1,HRSD24,cross-corpus-882,MinMaxScaler,GB,49,12,10,0.3708,8.3103,10.7822,0.4101,0.0864,0.3147
4,latency,SHAM,HRSD_24.1,HRSD24,cross-corpus-882,MinMaxScaler,XGB,49,12,10,0.2385,9.3316,11.371,0.2842,-0.0162,0.3217
4,latency,SHAM,HRSD_24.1,HRSD24,cross-corpus-882,MinMaxScaler,MLP,49,12,10,-0.1277,13.1999,16.7222,-0.1278,-1.1976,0.0
4,latency,SHAM,HRSD_24.1,HRSD24,cross-corpus-882,MinMaxScaler,LGBM,49,12,10,0.2235,9.2894,10.9591,0.3294,0.0561,0.3067
4,latency,SHAM,HRSD_24.1,HRSD24,cross-corpus-882,MinMaxScaler,CatBoost,49,12,10,0.1756,9.5397,11.2611,0.2365,0.0034,0.042
4,latency,SHAM,HRSD_24.1,HRSD24,cross-corpus-882,RobustScaler,Ridge,49,12,5,-0.0035,9.894,11.9829,-0.0056,-0.1285,-0.1888
4,latency,SHAM,HRSD_24.1,HRSD24,cross-corpus-882,RobustScaler,Lasso,49,12,5,-0.0039,9.8923,11.9777,-0.0063,-0.1275,-0.1888
4,latency,SHAM,HRSD_24.1,HRSD24,cross-corpus-882,RobustScaler,ElasticNet,49,12,5,0.0,9.8327,11.9178,0.0,-0.1162,-0.1888
4,latency,SHAM,HRSD_24.1,HRSD24,cross-corpus-882,RobustScaler,SVR,49,12,5,0.1132,9.1989,11.3165,0.1964,-0.0064,-0.042
4,latency,SHAM,HRSD_24.1,HRSD24,cross-corpus-882,RobustScaler,KNN,49,12,5,0.2798,9.6167,11.2509,0.3206,0.0052,0.1053
4,latency,SHAM,HRSD_24.1,HRSD24,cross-corpus-882,RobustScaler,RF,49,12,5,0.2432,9.3394,10.9019,0.3131,0.066,0.0
4,latency,SHAM,HRSD_24.1,HRSD24,cross-corpus-882,RobustScaler,ET,49,12,5,0.2627,9.0843,10.7584,0.3384,0.0904,-0.0769
4,latency,SHAM,HRSD_24.1,HRSD24,cross-corpus-882,RobustScaler,GB,49,12,5,0.3355,8.7325,10.8085,0.379,0.0819,0.1818
4,latency,SHAM,HRSD_24.1,HRSD24,cross-corpus-882,RobustScaler,XGB,49,12,5,0.4495,8.8048,9.8312,0.5065,0.2404,0.3916
4,latency,SHAM,HRSD_24.1,HRSD24,cross-corpus-882,RobustScaler,MLP,49,12,5,0.0369,9.8172,12.0882,0.0502,-0.1484,-0.1259
4,latency,SHAM,HRSD_24.1,HRSD24,cross-corpus-882,RobustScaler,LGBM,49,12,5,0.1865,8.5472,10.6942,0.364,0.1012,0.4418
4,latency,SHAM,HRSD_24.1,HRSD24,cross-corpus-882,RobustScaler,CatBoost,49,12,5,0.2709,8.6022,10.387,0.3963,0.1521,0.0699
5,latency,SHAM,HRSD_24.1,HRSD24,cross-corpus-882,StandardScaler,Ridge,49,12,5,0.2178,7.0067,8.9398,0.2312,-0.8842,0.0952
5,latency,SHAM,HRSD_24.1,HRSD24,cross-corpus-882,StandardScaler,Lasso,49,12,5,0.0,5.5,6.9761,,-0.1473,
5,latency,SHAM,HRSD_24.1,HRSD24,cross-corpus-882,StandardScaler,ElasticNet,49,12,5,0.2173,6.9916,8.9083,0.2305,-0.8709,0.0952
5,latency,SHAM,HRSD_24.1,HRSD24,cross-corpus-882,StandardScaler,SVR,49,12,5,0.263,5.7241,6.7665,0.2945,-0.0794,0.1623
5,latency,SHAM,HRSD_24.1,HRSD24,cross-corpus-882,StandardScaler,KNN,49,12,5,0.1079,6.6111,7.7784,0.1244,-0.4264,0.0847
5,latency,SHAM,HRSD_24.1,HRSD24,cross-corpus-882,StandardScaler,RF,49,12,5,0.4604,4.4203,5.875,0.4899,0.1863,0.3704
5,latency,SHAM,HRSD_24.1,HRSD24,cross-corpus-882,StandardScaler,ET,49,12,5,0.4137,4.5308,6.1888,0.4423,0.097,0.4127
5,latency,SHAM,HRSD_24.1,HRSD24,cross-corpus-882,StandardScaler,GB,49,12,5,0.2831,4.6946,7.3058,0.286,-0.2583,0.2222
5,latency,SHAM,HRSD_24.1,HRSD24,cross-corpus-882,StandardScaler,XGB,49,12,5,0.4131,5.0897,6.7951,0.4422,-0.0886,0.4198
5,latency,SHAM,HRSD_24.1,HRSD24,cross-corpus-882,StandardScaler,MLP,49,12,5,0.2366,5.6215,7.3811,0.2693,-0.2844,0.1975
5,latency,SHAM,HRSD_24.1,HRSD24,cross-corpus-882,StandardScaler,LGBM,49,12,5,0.3431,5.2272,6.662,0.3837,-0.0463,0.3723
5,latency,SHAM,HRSD_24.1,HRSD24,cross-corpus-882,StandardScaler,CatBoost,49,12,5,0.5041,4.1278,5.5321,0.5553,0.2785,0.381
5,latency,SHAM,HRSD_24.1,HRSD24,cross-corpus-882,MinMaxScaler,Ridge,49,12,15,0.278,4.5207,6.0182,0.5042,0.1461,0.3739
5,latency,SHAM,HRSD_24.1,HRSD24,cross-corpus-882,MinMaxScaler,Lasso,49,12,15,0.0,5.5,6.9761,,-0.1473,
5,latency,SHAM,HRSD_24.1,HRSD24,cross-corpus-882,MinMaxScaler,ElasticNet,49,12,15,0.3589,4.3886,5.8777,0.499,0.1855,0.3598
5,latency,SHAM,HRSD_24.1,HRSD24,cross-corpus-882,MinMaxScaler,SVR,49,12,15,0.3862,3.9706,5.7158,0.4857,0.2298,0.4727
5,latency,SHAM,HRSD_24.1,HRSD24,cross-corpus-882,MinMaxScaler,KNN,49,12,15,0.5524,4.9,5.7799,0.5802,0.2124,0.194
5,latency,SHAM,HRSD_24.1,HRSD24,cross-corpus-882,MinMaxScaler,RF,49,12,15,0.387,4.8553,5.8707,0.4496,0.1875,0.2046
5,latency,SHAM,HRSD_24.1,HRSD24,cross-corpus-882,MinMaxScaler,ET,49,12,15,0.4076,4.8604,6.0703,0.4378,0.1313,0.3139
5,latency,SHAM,HRSD_24.1,HRSD24,cross-corpus-882,MinMaxScaler,GB,49,12,15,0.3438,5.1628,6.8674,0.3763,-0.1119,0.1728
5,latency,SHAM,HRSD_24.1,HRSD24,cross-corpus-882,MinMaxScaler,XGB,49,12,15,0.0885,5.8766,7.7033,0.1134,-0.399,-0.0071
5,latency,SHAM,HRSD_24.1,HRSD24,cross-corpus-882,MinMaxScaler,MLP,49,12,15,0.4478,3.8814,5.6008,0.5244,0.2605,0.3739
5,latency,SHAM,HRSD_24.1,HRSD24,cross-corpus-882,MinMaxScaler,LGBM,49,12,15,0.0845,4.8101,6.9069,0.1113,-0.1247,-0.0988
5,latency,SHAM,HRSD_24.1,HRSD24,cross-corpus-882,MinMaxScaler,CatBoost,49,12,15,0.1124,5.512,6.8832,0.1483,-0.117,0.0635
5,latency,SHAM,HRSD_24.1,HRSD24,cross-corpus-882,RobustScaler,Ridge,49,12,5,0.233,6.6007,7.6455,0.2606,-0.3781,0.2963
5,latency,SHAM,HRSD_24.1,HRSD24,cross-corpus-882,RobustScaler,Lasso,49,12,5,0.2604,6.8753,7.9711,0.2876,-0.4979,0.2963
5,latency,SHAM,HRSD_24.1,HRSD24,cross-corpus-882,RobustScaler,ElasticNet,49,12,5,0.1634,6.0092,7.2082,0.2036,-0.2249,0.3492
5,latency,SHAM,HRSD_24.1,HRSD24,cross-corpus-882,RobustScaler,SVR,49,12,5,0.0955,5.5493,7.5629,0.1082,-0.3485,0.0494
5,latency,SHAM,HRSD_24.1,HRSD24,cross-corpus-882,RobustScaler,KNN,49,12,5,0.2205,5.9167,7.8096,0.2592,-0.4379,0.3004
5,latency,SHAM,HRSD_24.1,HRSD24,cross-corpus-882,RobustScaler,RF,49,12,5,0.308,4.0592,6.1495,0.3704,0.1085,0.4621
5,latency,SHAM,HRSD_24.1,HRSD24,cross-corpus-882,RobustScaler,ET,49,12,5,0.3589,5.0592,6.4058,0.4508,0.0326,0.3739
5,latency,SHAM,HRSD_24.1,HRSD24,cross-corpus-882,RobustScaler,GB,49,12,5,0.2799,6.0089,8.0325,0.2838,-0.5211,0.4409
5,latency,SHAM,HRSD_24.1,HRSD24,cross-corpus-882,RobustScaler,XGB,49,12,5,0.277,4.6583,7.3337,0.2874,-0.268,0.5538
5,latency,SHAM,HRSD_24.1,HRSD24,cross-corpus-882,RobustScaler,MLP,49,12,5,0.0925,8.8064,10.6469,0.1331,-1.6724,0.388
5,latency,SHAM,HRSD_24.1,HRSD24,cross-corpus-882,RobustScaler,LGBM,49,12,5,0.4468,5.0772,6.1964,0.4826,0.0948,0.5654
5,latency,SHAM,HRSD_24.1,HRSD24,cross-corpus-882,RobustScaler,CatBoost,49,12,5,0.3258,4.4149,6.3636,0.358,0.0453,0.5432
