fold,phase,condition,target,target_short,features,scaler,model,n_train,n_test,n_features,CCC,MAE,RMSE,Pearson_r,R2,Spearman_r
1,positive_training,ALL_CONDITIONS,phq_8,PHQ8,cross-corpus-882,StandardScaler,Ridge,188,48,5,-0.0916,5.5493,6.448,-0.1636,-0.2552,-0.1197
1,positive_training,ALL_CONDITIONS,phq_8,PHQ8,cross-corpus-882,StandardScaler,Lasso,188,48,5,-0.0932,5.5563,6.4555,-0.1655,-0.2581,-0.124
1,positive_training,ALL_CONDITIONS,phq_8,PHQ8,cross-corpus-882,StandardScaler,ElasticNet,188,48,5,-0.088,5.5287,6.4268,-0.1603,-0.247,-0.1238
1,positive_training,ALL_CONDITIONS,phq_8,PHQ8,cross-corpus-882,StandardScaler,SVR,188,48,5,-0.0982,5.6535,6.8367,-0.1235,-0.4111,-0.0474
1,positive_training,ALL_CONDITIONS,phq_8,PHQ8,cross-corpus-882,StandardScaler,KNN,188,48,5,-0.0475,5.3218,6.3981,-0.0693,-0.2359,0.0477
1,positive_training,ALL_CONDITIONS,phq_8,PHQ8,cross-corpus-882,StandardScaler,RF,188,48,5,-0.0475,5.6065,6.5739,-0.0632,-0.3047,-0.0044
1,positive_training,ALL_CONDITIONS,phq_8,PHQ8,cross-corpus-882,StandardScaler,ET,188,48,5,-0.048,5.4911,6.4742,-0.0696,-0.2655,-0.0029
1,positive_training,ALL_CONDITIONS,phq_8,PHQ8,cross-corpus-882,StandardScaler,GB,188,48,5,-0.0353,5.685,6.546,-0.0458,-0.2937,-0.0052
1,positive_training,ALL_CONDITIONS,phq_8,PHQ8,cross-corpus-882,StandardScaler,XGB,188,48,5,-0.0679,5.7213,6.672,-0.0886,-0.3439,-0.0348
1,positive_training,ALL_CONDITIONS,phq_8,PHQ8,cross-corpus-882,StandardScaler,MLP,188,48,5,-0.169,5.9537,7.166,-0.2045,-0.5503,-0.1585
1,positive_training,ALL_CONDITIONS,phq_8,PHQ8,cross-corpus-882,StandardScaler,LGBM,188,48,5,-0.08,5.9532,6.8819,-0.0952,-0.4298,-0.0288
1,positive_training,ALL_CONDITIONS,phq_8,PHQ8,cross-corpus-882,StandardScaler,CatBoost,188,48,5,-0.0762,5.6228,6.5309,-0.1093,-0.2877,-0.0566
1,positive_training,ALL_CONDITIONS,phq_8,PHQ8,cross-corpus-882,MinMaxScaler,Ridge,188,48,10,-0.1993,5.8611,6.9245,-0.2873,-0.4476,-0.2028
1,positive_training,ALL_CONDITIONS,phq_8,PHQ8,cross-corpus-882,MinMaxScaler,Lasso,188,48,10,-0.181,5.7778,6.7996,-0.2773,-0.3958,-0.2016
1,positive_training,ALL_CONDITIONS,phq_8,PHQ8,cross-corpus-882,MinMaxScaler,ElasticNet,188,48,10,-0.1304,5.5311,6.5043,-0.2388,-0.2772,-0.1645
1,positive_training,ALL_CONDITIONS,phq_8,PHQ8,cross-corpus-882,MinMaxScaler,SVR,188,48,10,-0.1553,5.7948,6.8001,-0.2177,-0.3961,-0.2028
1,positive_training,ALL_CONDITIONS,phq_8,PHQ8,cross-corpus-882,MinMaxScaler,KNN,188,48,10,-0.0435,5.8833,6.8381,-0.0506,-0.4117,-0.0662
1,positive_training,ALL_CONDITIONS,phq_8,PHQ8,cross-corpus-882,MinMaxScaler,RF,188,48,10,-0.0268,5.4406,6.4268,-0.0386,-0.247,0.0029
1,positive_training,ALL_CONDITIONS,phq_8,PHQ8,cross-corpus-882,MinMaxScaler,ET,188,48,10,-0.0644,5.5343,6.4649,-0.0946,-0.2618,-0.0771
1,positive_training,ALL_CONDITIONS,phq_8,PHQ8,cross-corpus-882,MinMaxScaler,GB,188,48,10,-0.0608,5.8602,6.7929,-0.0765,-0.3931,0.0249
1,positive_training,ALL_CONDITIONS,phq_8,PHQ8,cross-corpus-882,MinMaxScaler,XGB,188,48,10,-0.0363,5.8136,6.7737,-0.0437,-0.3852,0.0472
1,positive_training,ALL_CONDITIONS,phq_8,PHQ8,cross-corpus-882,MinMaxScaler,MLP,188,48,10,-0.1153,5.6825,6.5777,-0.1754,-0.3062,-0.1076
1,positive_training,ALL_CONDITIONS,phq_8,PHQ8,cross-corpus-882,MinMaxScaler,LGBM,188,48,10,-0.0967,5.9472,6.9987,-0.1148,-0.4788,-0.0439
1,positive_training,ALL_CONDITIONS,phq_8,PHQ8,cross-corpus-882,MinMaxScaler,CatBoost,188,48,10,-0.0537,5.4726,6.4877,-0.0781,-0.2707,-0.0314
1,positive_training,ALL_CONDITIONS,phq_8,PHQ8,cross-corpus-882,RobustScaler,Ridge,188,48,5,-0.0094,5.1908,6.0774,-0.0193,-0.1151,0.0408
1,positive_training,ALL_CONDITIONS,phq_8,PHQ8,cross-corpus-882,RobustScaler,Lasso,188,48,5,-0.0137,5.1817,6.0668,-0.0299,-0.1112,0.0224
1,positive_training,ALL_CONDITIONS,phq_8,PHQ8,cross-corpus-882,RobustScaler,ElasticNet,188,48,5,-0.0108,5.1738,6.0629,-0.0237,-0.1098,0.0391
1,positive_training,ALL_CONDITIONS,phq_8,PHQ8,cross-corpus-882,RobustScaler,SVR,188,48,5,-0.0287,5.1555,6.1626,-0.0589,-0.1466,0.0013
1,positive_training,ALL_CONDITIONS,phq_8,PHQ8,cross-corpus-882,RobustScaler,KNN,188,48,5,0.0056,5.2824,6.2847,0.0084,-0.1924,-0.025
1,positive_training,ALL_CONDITIONS,phq_8,PHQ8,cross-corpus-882,RobustScaler,RF,188,48,5,0.0263,5.1626,6.0327,0.0459,-0.0987,0.0072
1,positive_training,ALL_CONDITIONS,phq_8,PHQ8,cross-corpus-882,RobustScaler,ET,188,48,5,0.055,5.2314,6.2037,0.0775,-0.1619,0.0531
1,positive_training,ALL_CONDITIONS,phq_8,PHQ8,cross-corpus-882,RobustScaler,GB,188,48,5,0.0362,5.2208,6.1452,0.0523,-0.1401,-0.0206
1,positive_training,ALL_CONDITIONS,phq_8,PHQ8,cross-corpus-882,RobustScaler,XGB,188,48,5,0.0736,5.1067,5.9672,0.1106,-0.075,0.0791
1,positive_training,ALL_CONDITIONS,phq_8,PHQ8,cross-corpus-882,RobustScaler,MLP,188,48,5,-0.0001,5.2438,6.1905,-0.0002,-0.1569,-0.0125
1,positive_training,ALL_CONDITIONS,phq_8,PHQ8,cross-corpus-882,RobustScaler,LGBM,188,48,5,0.0194,5.2704,6.2986,0.0279,-0.1977,0.0264
1,positive_training,ALL_CONDITIONS,phq_8,PHQ8,cross-corpus-882,RobustScaler,CatBoost,188,48,5,-0.0268,5.2164,6.1619,-0.0519,-0.1463,-0.0652
2,positive_training,ALL_CONDITIONS,phq_8,PHQ8,cross-corpus-882,StandardScaler,Ridge,189,47,5,0.055,4.605,5.8261,0.1766,-0.0283,0.3452
2,positive_training,ALL_CONDITIONS,phq_8,PHQ8,cross-corpus-882,StandardScaler,Lasso,189,47,5,0.0,4.8186,5.9084,,-0.0575,
2,positive_training,ALL_CONDITIONS,phq_8,PHQ8,cross-corpus-882,StandardScaler,ElasticNet,189,47,5,0.0407,4.6525,5.811,0.2302,-0.0229,0.3194
2,positive_training,ALL_CONDITIONS,phq_8,PHQ8,cross-corpus-882,StandardScaler,SVR,189,47,5,0.1808,4.7331,6.0193,0.2592,-0.0976,0.3398
2,positive_training,ALL_CONDITIONS,phq_8,PHQ8,cross-corpus-882,StandardScaler,KNN,189,47,5,0.1463,4.747,6.0362,0.2152,-0.1038,0.2266
2,positive_training,ALL_CONDITIONS,phq_8,PHQ8,cross-corpus-882,StandardScaler,RF,189,47,5,0.0535,4.7197,6.002,0.0938,-0.0913,0.1285
2,positive_training,ALL_CONDITIONS,phq_8,PHQ8,cross-corpus-882,StandardScaler,ET,189,47,5,-0.0127,5.0094,6.4428,-0.0184,-0.2575,0.0445
2,positive_training,ALL_CONDITIONS,phq_8,PHQ8,cross-corpus-882,StandardScaler,GB,189,47,5,0.0594,5.0361,6.3304,0.079,-0.214,0.11
2,positive_training,ALL_CONDITIONS,phq_8,PHQ8,cross-corpus-882,StandardScaler,XGB,189,47,5,0.0944,4.9664,6.2354,0.1274,-0.1778,0.1725
2,positive_training,ALL_CONDITIONS,phq_8,PHQ8,cross-corpus-882,StandardScaler,MLP,189,47,5,0.1795,4.6052,5.74,0.2726,0.0019,0.3629
2,positive_training,ALL_CONDITIONS,phq_8,PHQ8,cross-corpus-882,StandardScaler,LGBM,189,47,5,-0.0646,5.2519,6.734,-0.0861,-0.3737,-0.0462
2,positive_training,ALL_CONDITIONS,phq_8,PHQ8,cross-corpus-882,StandardScaler,CatBoost,189,47,5,0.0604,4.6243,6.0052,0.1084,-0.0924,0.1253
2,positive_training,ALL_CONDITIONS,phq_8,PHQ8,cross-corpus-882,MinMaxScaler,Ridge,189,47,5,0.143,4.5321,5.635,0.3374,0.0381,0.3346
2,positive_training,ALL_CONDITIONS,phq_8,PHQ8,cross-corpus-882,MinMaxScaler,Lasso,189,47,5,0.1638,4.5182,5.617,0.3392,0.0442,0.3132
2,positive_training,ALL_CONDITIONS,phq_8,PHQ8,cross-corpus-882,MinMaxScaler,ElasticNet,189,47,5,0.13,4.5363,5.6494,0.3362,0.0332,0.343
2,positive_training,ALL_CONDITIONS,phq_8,PHQ8,cross-corpus-882,MinMaxScaler,SVR,189,47,5,0.1951,4.7106,5.7957,0.29,-0.0176,0.3008
2,positive_training,ALL_CONDITIONS,phq_8,PHQ8,cross-corpus-882,MinMaxScaler,KNN,189,47,5,0.1661,4.3735,5.7275,0.2422,0.0063,0.2249
2,positive_training,ALL_CONDITIONS,phq_8,PHQ8,cross-corpus-882,MinMaxScaler,RF,189,47,5,0.0465,4.8815,6.0316,0.0798,-0.1021,0.0357
2,positive_training,ALL_CONDITIONS,phq_8,PHQ8,cross-corpus-882,MinMaxScaler,ET,189,47,5,0.0332,4.9673,6.299,0.0447,-0.202,-0.0026
2,positive_training,ALL_CONDITIONS,phq_8,PHQ8,cross-corpus-882,MinMaxScaler,GB,189,47,5,0.0719,5.168,6.3156,0.0889,-0.2083,0.013
2,positive_training,ALL_CONDITIONS,phq_8,PHQ8,cross-corpus-882,MinMaxScaler,XGB,189,47,5,0.0863,4.9732,6.0828,0.1177,-0.1209,0.0518
2,positive_training,ALL_CONDITIONS,phq_8,PHQ8,cross-corpus-882,MinMaxScaler,MLP,189,47,5,0.0733,4.6016,5.7557,0.2517,-0.0036,0.243
2,positive_training,ALL_CONDITIONS,phq_8,PHQ8,cross-corpus-882,MinMaxScaler,LGBM,189,47,5,0.0296,5.1536,6.3334,0.0403,-0.2151,0.0028
2,positive_training,ALL_CONDITIONS,phq_8,PHQ8,cross-corpus-882,MinMaxScaler,CatBoost,189,47,5,0.0929,4.8863,5.9717,0.1349,-0.0803,0.0798
2,positive_training,ALL_CONDITIONS,phq_8,PHQ8,cross-corpus-882,RobustScaler,Ridge,189,47,5,0.0495,4.654,5.8413,0.1689,-0.0336,0.2953
2,positive_training,ALL_CONDITIONS,phq_8,PHQ8,cross-corpus-882,RobustScaler,Lasso,189,47,5,0.0,4.8186,5.9084,,-0.0575,
2,positive_training,ALL_CONDITIONS,phq_8,PHQ8,cross-corpus-882,RobustScaler,ElasticNet,189,47,5,0.0303,4.6835,5.8485,0.1821,-0.0362,0.3005
2,positive_training,ALL_CONDITIONS,phq_8,PHQ8,cross-corpus-882,RobustScaler,SVR,189,47,5,0.0278,4.7109,5.8425,0.2618,-0.0341,0.3382
2,positive_training,ALL_CONDITIONS,phq_8,PHQ8,cross-corpus-882,RobustScaler,KNN,189,47,5,0.139,4.6565,6.0253,0.2046,-0.0998,0.1623
2,positive_training,ALL_CONDITIONS,phq_8,PHQ8,cross-corpus-882,RobustScaler,RF,189,47,5,0.1539,4.6776,5.8828,0.2354,-0.0484,0.205
2,positive_training,ALL_CONDITIONS,phq_8,PHQ8,cross-corpus-882,RobustScaler,ET,189,47,5,0.1876,4.5134,5.694,0.3026,0.0178,0.2971
2,positive_training,ALL_CONDITIONS,phq_8,PHQ8,cross-corpus-882,RobustScaler,GB,189,47,5,0.1578,4.7876,5.9719,0.215,-0.0804,0.187
2,positive_training,ALL_CONDITIONS,phq_8,PHQ8,cross-corpus-882,RobustScaler,XGB,189,47,5,0.1516,4.8737,5.9819,0.2154,-0.084,0.2341
2,positive_training,ALL_CONDITIONS,phq_8,PHQ8,cross-corpus-882,RobustScaler,MLP,189,47,5,0.2316,4.3828,5.5919,0.3442,0.0527,0.3788
2,positive_training,ALL_CONDITIONS,phq_8,PHQ8,cross-corpus-882,RobustScaler,LGBM,189,47,5,0.1209,5.1156,6.4756,0.1423,-0.2703,0.1864
2,positive_training,ALL_CONDITIONS,phq_8,PHQ8,cross-corpus-882,RobustScaler,CatBoost,189,47,5,0.1949,4.5854,5.7215,0.3005,0.0083,0.2801
3,positive_training,ALL_CONDITIONS,phq_8,PHQ8,cross-corpus-882,StandardScaler,Ridge,189,47,5,0.0289,4.9442,5.9698,0.0478,-0.0849,0.1065
3,positive_training,ALL_CONDITIONS,phq_8,PHQ8,cross-corpus-882,StandardScaler,Lasso,189,47,5,0.0278,4.9186,5.9386,0.0483,-0.0736,0.1052
3,positive_training,ALL_CONDITIONS,phq_8,PHQ8,cross-corpus-882,StandardScaler,ElasticNet,189,47,5,0.0286,4.9208,5.9439,0.0491,-0.0756,0.1065
3,positive_training,ALL_CONDITIONS,phq_8,PHQ8,cross-corpus-882,StandardScaler,SVR,189,47,5,0.0104,5.0045,5.9865,0.0188,-0.091,-0.0244
3,positive_training,ALL_CONDITIONS,phq_8,PHQ8,cross-corpus-882,StandardScaler,KNN,189,47,5,0.1085,5.0024,6.0205,0.1377,-0.1034,0.1354
3,positive_training,ALL_CONDITIONS,phq_8,PHQ8,cross-corpus-882,StandardScaler,RF,189,47,5,0.0009,5.0709,6.0729,0.0015,-0.1227,0.0219
3,positive_training,ALL_CONDITIONS,phq_8,PHQ8,cross-corpus-882,StandardScaler,ET,189,47,5,0.0987,5.0283,5.9594,0.1326,-0.0812,0.1482
3,positive_training,ALL_CONDITIONS,phq_8,PHQ8,cross-corpus-882,StandardScaler,GB,189,47,5,-0.0246,5.3248,6.3507,-0.0334,-0.2278,-0.0646
3,positive_training,ALL_CONDITIONS,phq_8,PHQ8,cross-corpus-882,StandardScaler,XGB,189,47,5,0.0332,5.158,6.1782,0.0446,-0.162,0.0237
3,positive_training,ALL_CONDITIONS,phq_8,PHQ8,cross-corpus-882,StandardScaler,MLP,189,47,5,0.0026,5.1262,6.1776,0.0037,-0.1618,0.0173
3,positive_training,ALL_CONDITIONS,phq_8,PHQ8,cross-corpus-882,StandardScaler,LGBM,189,47,5,0.0563,5.1439,6.3479,0.068,-0.2267,0.0301
3,positive_training,ALL_CONDITIONS,phq_8,PHQ8,cross-corpus-882,StandardScaler,CatBoost,189,47,5,0.0294,5.0497,6.0671,0.0442,-0.1206,0.034
3,positive_training,ALL_CONDITIONS,phq_8,PHQ8,cross-corpus-882,MinMaxScaler,Ridge,189,47,10,0.0317,4.9464,6.0057,0.0497,-0.098,0.1408
3,positive_training,ALL_CONDITIONS,phq_8,PHQ8,cross-corpus-882,MinMaxScaler,Lasso,189,47,10,0.0319,4.9872,6.0477,0.0481,-0.1135,0.1331
3,positive_training,ALL_CONDITIONS,phq_8,PHQ8,cross-corpus-882,MinMaxScaler,ElasticNet,189,47,10,0.0323,4.8955,5.9578,0.0535,-0.0806,0.1442
3,positive_training,ALL_CONDITIONS,phq_8,PHQ8,cross-corpus-882,MinMaxScaler,SVR,189,47,10,0.0444,4.8184,5.8328,0.0855,-0.0357,0.1228
3,positive_training,ALL_CONDITIONS,phq_8,PHQ8,cross-corpus-882,MinMaxScaler,KNN,189,47,10,0.0358,5.2827,6.1724,0.0478,-0.1598,0.0181
3,positive_training,ALL_CONDITIONS,phq_8,PHQ8,cross-corpus-882,MinMaxScaler,RF,189,47,10,-0.0379,5.4334,6.367,-0.0531,-0.2341,-0.0872
3,positive_training,ALL_CONDITIONS,phq_8,PHQ8,cross-corpus-882,MinMaxScaler,ET,189,47,10,0.024,5.2916,6.2149,0.0323,-0.1759,0.0345
3,positive_training,ALL_CONDITIONS,phq_8,PHQ8,cross-corpus-882,MinMaxScaler,GB,189,47,10,-0.1055,5.8881,6.897,-0.1252,-0.4481,-0.1405
3,positive_training,ALL_CONDITIONS,phq_8,PHQ8,cross-corpus-882,MinMaxScaler,XGB,189,47,10,-0.1283,5.923,7.0158,-0.1499,-0.4984,-0.1582
3,positive_training,ALL_CONDITIONS,phq_8,PHQ8,cross-corpus-882,MinMaxScaler,MLP,189,47,10,0.0292,4.8935,5.8496,0.0581,-0.0417,0.1263
3,positive_training,ALL_CONDITIONS,phq_8,PHQ8,cross-corpus-882,MinMaxScaler,LGBM,189,47,10,-0.0885,5.8131,6.9328,-0.1023,-0.4632,-0.1049
3,positive_training,ALL_CONDITIONS,phq_8,PHQ8,cross-corpus-882,MinMaxScaler,CatBoost,189,47,10,-0.0732,5.4534,6.441,-0.105,-0.263,-0.0719
3,positive_training,ALL_CONDITIONS,phq_8,PHQ8,cross-corpus-882,RobustScaler,Ridge,189,47,5,0.0485,4.8539,5.9049,0.0814,-0.0615,0.0799
3,positive_training,ALL_CONDITIONS,phq_8,PHQ8,cross-corpus-882,RobustScaler,Lasso,189,47,5,0.0484,4.8378,5.885,0.0836,-0.0543,0.081
3,positive_training,ALL_CONDITIONS,phq_8,PHQ8,cross-corpus-882,RobustScaler,ElasticNet,189,47,5,0.049,4.8239,5.8679,0.0866,-0.0482,0.0861
3,positive_training,ALL_CONDITIONS,phq_8,PHQ8,cross-corpus-882,RobustScaler,SVR,189,47,5,0.0146,4.9734,5.9244,0.0294,-0.0685,0.014
3,positive_training,ALL_CONDITIONS,phq_8,PHQ8,cross-corpus-882,RobustScaler,KNN,189,47,5,-0.047,5.1678,6.2835,-0.0706,-0.2019,-0.0201
3,positive_training,ALL_CONDITIONS,phq_8,PHQ8,cross-corpus-882,RobustScaler,RF,189,47,5,0.0282,4.9945,6.0368,0.0456,-0.1094,0.0372
3,positive_training,ALL_CONDITIONS,phq_8,PHQ8,cross-corpus-882,RobustScaler,ET,189,47,5,0.0255,5.1968,6.1765,0.0368,-0.1614,0.0335
3,positive_training,ALL_CONDITIONS,phq_8,PHQ8,cross-corpus-882,RobustScaler,GB,189,47,5,0.0498,5.2195,6.1548,0.0683,-0.1532,-0.0336
3,positive_training,ALL_CONDITIONS,phq_8,PHQ8,cross-corpus-882,RobustScaler,XGB,189,47,5,-0.0082,5.314,6.3093,-0.0114,-0.2118,-0.0071
3,positive_training,ALL_CONDITIONS,phq_8,PHQ8,cross-corpus-882,RobustScaler,MLP,189,47,5,-0.005,4.9545,6.0839,-0.0081,-0.1268,0.0536
3,positive_training,ALL_CONDITIONS,phq_8,PHQ8,cross-corpus-882,RobustScaler,LGBM,189,47,5,0.0406,5.198,6.2883,0.0536,-0.2038,0.0663
3,positive_training,ALL_CONDITIONS,phq_8,PHQ8,cross-corpus-882,RobustScaler,CatBoost,189,47,5,-0.0177,5.1269,6.1516,-0.0286,-0.152,-0.001
4,positive_training,ALL_CONDITIONS,phq_8,PHQ8,cross-corpus-882,StandardScaler,Ridge,189,47,10,0.0287,5.2788,6.0274,0.0536,-0.061,0.1044
4,positive_training,ALL_CONDITIONS,phq_8,PHQ8,cross-corpus-882,StandardScaler,Lasso,189,47,10,0.0412,5.1668,5.9554,0.0812,-0.0358,0.1154
4,positive_training,ALL_CONDITIONS,phq_8,PHQ8,cross-corpus-882,StandardScaler,ElasticNet,189,47,10,0.0315,5.2362,5.9986,0.0607,-0.0508,0.0987
4,positive_training,ALL_CONDITIONS,phq_8,PHQ8,cross-corpus-882,StandardScaler,SVR,189,47,10,0.0972,5.0798,5.7281,0.211,0.0418,0.1807
4,positive_training,ALL_CONDITIONS,phq_8,PHQ8,cross-corpus-882,StandardScaler,KNN,189,47,10,0.0375,5.383,6.2492,0.0522,-0.1405,0.0055
4,positive_training,ALL_CONDITIONS,phq_8,PHQ8,cross-corpus-882,StandardScaler,RF,189,47,10,0.0385,5.1797,6.0174,0.0684,-0.0574,0.0311
4,positive_training,ALL_CONDITIONS,phq_8,PHQ8,cross-corpus-882,StandardScaler,ET,189,47,10,0.0263,5.3647,6.1318,0.0422,-0.098,0.0749
4,positive_training,ALL_CONDITIONS,phq_8,PHQ8,cross-corpus-882,StandardScaler,GB,189,47,10,0.0977,5.0596,5.9967,0.143,-0.0502,0.0889
4,positive_training,ALL_CONDITIONS,phq_8,PHQ8,cross-corpus-882,StandardScaler,XGB,189,47,10,0.1109,5.0505,5.9855,0.1572,-0.0462,0.1344
4,positive_training,ALL_CONDITIONS,phq_8,PHQ8,cross-corpus-882,StandardScaler,MLP,189,47,10,0.0141,5.464,6.3133,0.0202,-0.164,0.0297
4,positive_training,ALL_CONDITIONS,phq_8,PHQ8,cross-corpus-882,StandardScaler,LGBM,189,47,10,-0.0106,5.4387,6.4087,-0.0147,-0.1994,-0.0431
4,positive_training,ALL_CONDITIONS,phq_8,PHQ8,cross-corpus-882,StandardScaler,CatBoost,189,47,10,0.0561,5.074,5.9571,0.1001,-0.0364,0.0711
4,positive_training,ALL_CONDITIONS,phq_8,PHQ8,cross-corpus-882,MinMaxScaler,Ridge,189,47,5,0.0444,5.2142,5.9542,0.0855,-0.0353,0.1034
4,positive_training,ALL_CONDITIONS,phq_8,PHQ8,cross-corpus-882,MinMaxScaler,Lasso,189,47,5,0.0404,5.2006,5.9493,0.0809,-0.0336,0.091
4,positive_training,ALL_CONDITIONS,phq_8,PHQ8,cross-corpus-882,MinMaxScaler,ElasticNet,189,47,5,0.0294,5.175,5.9423,0.0651,-0.0312,0.0685
4,positive_training,ALL_CONDITIONS,phq_8,PHQ8,cross-corpus-882,MinMaxScaler,SVR,189,47,5,0.0523,5.1202,5.8595,0.117,-0.0027,0.1285
4,positive_training,ALL_CONDITIONS,phq_8,PHQ8,cross-corpus-882,MinMaxScaler,KNN,189,47,5,-0.0755,5.7021,6.6372,-0.1021,-0.2865,-0.1397
4,positive_training,ALL_CONDITIONS,phq_8,PHQ8,cross-corpus-882,MinMaxScaler,RF,189,47,5,0.043,5.1935,6.0502,0.0723,-0.069,0.021
4,positive_training,ALL_CONDITIONS,phq_8,PHQ8,cross-corpus-882,MinMaxScaler,ET,189,47,5,0.0152,5.2479,6.1515,0.0258,-0.1051,0.01
4,positive_training,ALL_CONDITIONS,phq_8,PHQ8,cross-corpus-882,MinMaxScaler,GB,189,47,5,0.0853,5.2494,6.0508,0.1239,-0.0692,0.1071
4,positive_training,ALL_CONDITIONS,phq_8,PHQ8,cross-corpus-882,MinMaxScaler,XGB,189,47,5,0.1582,5.0082,5.7986,0.2316,0.0181,0.113
4,positive_training,ALL_CONDITIONS,phq_8,PHQ8,cross-corpus-882,MinMaxScaler,MLP,189,47,5,0.0536,5.1922,5.9579,0.0981,-0.0366,0.1199
4,positive_training,ALL_CONDITIONS,phq_8,PHQ8,cross-corpus-882,MinMaxScaler,LGBM,189,47,5,0.0028,5.6273,6.4843,0.0037,-0.2279,-0.0352
4,positive_training,ALL_CONDITIONS,phq_8,PHQ8,cross-corpus-882,MinMaxScaler,CatBoost,189,47,5,0.0287,5.3269,6.1096,0.0468,-0.0901,0.0266
4,positive_training,ALL_CONDITIONS,phq_8,PHQ8,cross-corpus-882,RobustScaler,Ridge,189,47,5,-0.0203,5.3184,6.1501,-0.0421,-0.1046,0.0527
4,positive_training,ALL_CONDITIONS,phq_8,PHQ8,cross-corpus-882,RobustScaler,Lasso,189,47,5,-0.0117,5.3043,6.1099,-0.0251,-0.0902,0.047
4,positive_training,ALL_CONDITIONS,phq_8,PHQ8,cross-corpus-882,RobustScaler,ElasticNet,189,47,5,0.0018,5.291,6.0563,0.0039,-0.0711,0.0486
4,positive_training,ALL_CONDITIONS,phq_8,PHQ8,cross-corpus-882,RobustScaler,SVR,189,47,5,0.0512,5.0392,5.8337,0.1247,0.0062,0.1398
4,positive_training,ALL_CONDITIONS,phq_8,PHQ8,cross-corpus-882,RobustScaler,KNN,189,47,5,0.0285,5.4775,6.2402,0.0405,-0.1372,-0.0148
4,positive_training,ALL_CONDITIONS,phq_8,PHQ8,cross-corpus-882,RobustScaler,RF,189,47,5,-0.0061,5.1952,6.1776,-0.0108,-0.1145,0.0164
4,positive_training,ALL_CONDITIONS,phq_8,PHQ8,cross-corpus-882,RobustScaler,ET,189,47,5,-0.0198,5.578,6.4482,-0.0282,-0.2143,0.0406
4,positive_training,ALL_CONDITIONS,phq_8,PHQ8,cross-corpus-882,RobustScaler,GB,189,47,5,0.0572,5.2216,6.158,0.0833,-0.1074,0.0943
4,positive_training,ALL_CONDITIONS,phq_8,PHQ8,cross-corpus-882,RobustScaler,XGB,189,47,5,0.0146,5.3427,6.3807,0.0199,-0.189,0.0222
4,positive_training,ALL_CONDITIONS,phq_8,PHQ8,cross-corpus-882,RobustScaler,MLP,189,47,5,-0.0396,5.3699,6.2298,-0.0755,-0.1334,-0.0445
4,positive_training,ALL_CONDITIONS,phq_8,PHQ8,cross-corpus-882,RobustScaler,LGBM,189,47,5,-0.0611,5.5745,6.596,-0.0844,-0.2705,-0.0916
4,positive_training,ALL_CONDITIONS,phq_8,PHQ8,cross-corpus-882,RobustScaler,CatBoost,189,47,5,0.0316,5.1657,6.0426,0.0565,-0.0663,0.0693
5,positive_training,ALL_CONDITIONS,phq_8,PHQ8,cross-corpus-882,StandardScaler,Ridge,189,47,5,-0.0552,5.6832,6.8503,-0.0853,-0.2316,-0.0351
5,positive_training,ALL_CONDITIONS,phq_8,PHQ8,cross-corpus-882,StandardScaler,Lasso,189,47,5,-0.0292,5.5751,6.6407,-0.051,-0.1574,-0.0456
5,positive_training,ALL_CONDITIONS,phq_8,PHQ8,cross-corpus-882,StandardScaler,ElasticNet,189,47,5,-0.035,5.5903,6.675,-0.0601,-0.1694,-0.0482
5,positive_training,ALL_CONDITIONS,phq_8,PHQ8,cross-corpus-882,StandardScaler,SVR,189,47,5,0.0087,5.4816,6.3574,0.0204,-0.0607,0.0009
5,positive_training,ALL_CONDITIONS,phq_8,PHQ8,cross-corpus-882,StandardScaler,KNN,189,47,5,0.0781,5.4979,6.5533,0.1017,-0.1271,0.1325
5,positive_training,ALL_CONDITIONS,phq_8,PHQ8,cross-corpus-882,StandardScaler,RF,189,47,5,-0.0435,5.5558,6.6235,-0.0765,-0.1514,-0.0355
5,positive_training,ALL_CONDITIONS,phq_8,PHQ8,cross-corpus-882,StandardScaler,ET,189,47,5,0.0312,5.3353,6.4679,0.0486,-0.0979,0.1497
5,positive_training,ALL_CONDITIONS,phq_8,PHQ8,cross-corpus-882,StandardScaler,GB,189,47,5,-0.0575,5.7445,6.9821,-0.0774,-0.2794,0.0117
5,positive_training,ALL_CONDITIONS,phq_8,PHQ8,cross-corpus-882,StandardScaler,XGB,189,47,5,-0.0634,5.7418,6.9441,-0.0867,-0.2655,-0.0146
5,positive_training,ALL_CONDITIONS,phq_8,PHQ8,cross-corpus-882,StandardScaler,MLP,189,47,5,-0.1039,6.0554,7.5222,-0.1238,-0.4851,-0.0764
5,positive_training,ALL_CONDITIONS,phq_8,PHQ8,cross-corpus-882,StandardScaler,LGBM,189,47,5,-0.0308,5.7708,6.8395,-0.0425,-0.2277,-0.0472
5,positive_training,ALL_CONDITIONS,phq_8,PHQ8,cross-corpus-882,StandardScaler,CatBoost,189,47,5,-0.0555,5.6187,6.7114,-0.0913,-0.1821,-0.0377
5,positive_training,ALL_CONDITIONS,phq_8,PHQ8,cross-corpus-882,MinMaxScaler,Ridge,189,47,5,-0.0106,5.4697,6.2942,-0.034,-0.0397,-0.042
5,positive_training,ALL_CONDITIONS,phq_8,PHQ8,cross-corpus-882,MinMaxScaler,Lasso,189,47,5,-0.0279,5.6799,6.6399,-0.0455,-0.1571,-0.0502
5,positive_training,ALL_CONDITIONS,phq_8,PHQ8,cross-corpus-882,MinMaxScaler,ElasticNet,189,47,5,-0.0074,5.4367,6.2445,-0.0329,-0.0234,-0.0463
5,positive_training,ALL_CONDITIONS,phq_8,PHQ8,cross-corpus-882,MinMaxScaler,SVR,189,47,5,-0.0322,5.7025,6.6061,-0.0558,-0.1453,-0.0571
5,positive_training,ALL_CONDITIONS,phq_8,PHQ8,cross-corpus-882,MinMaxScaler,KNN,189,47,5,-0.1049,6.1398,7.2899,-0.1293,-0.3947,-0.1172
5,positive_training,ALL_CONDITIONS,phq_8,PHQ8,cross-corpus-882,MinMaxScaler,RF,189,47,5,-0.04,5.7467,6.6892,-0.0636,-0.1743,-0.0742
5,positive_training,ALL_CONDITIONS,phq_8,PHQ8,cross-corpus-882,MinMaxScaler,ET,189,47,5,-0.044,5.7738,6.797,-0.0647,-0.2125,0.0075
5,positive_training,ALL_CONDITIONS,phq_8,PHQ8,cross-corpus-882,MinMaxScaler,GB,189,47,5,0.019,5.7133,6.7378,0.025,-0.1915,0.009
5,positive_training,ALL_CONDITIONS,phq_8,PHQ8,cross-corpus-882,MinMaxScaler,XGB,189,47,5,-0.0071,5.7117,6.7518,-0.0097,-0.1964,-0.0518
5,positive_training,ALL_CONDITIONS,phq_8,PHQ8,cross-corpus-882,MinMaxScaler,MLP,189,47,5,0.0035,5.5988,6.4795,0.0065,-0.1019,0.0124
5,positive_training,ALL_CONDITIONS,phq_8,PHQ8,cross-corpus-882,MinMaxScaler,LGBM,189,47,5,-0.0099,5.7974,6.8297,-0.0131,-0.2242,-0.0542
5,positive_training,ALL_CONDITIONS,phq_8,PHQ8,cross-corpus-882,MinMaxScaler,CatBoost,189,47,5,-0.0355,5.7969,6.8055,-0.0502,-0.2155,-0.0722
5,positive_training,ALL_CONDITIONS,phq_8,PHQ8,cross-corpus-882,RobustScaler,Ridge,189,47,10,-0.058,5.66,6.6652,-0.1068,-0.166,-0.1099
5,positive_training,ALL_CONDITIONS,phq_8,PHQ8,cross-corpus-882,RobustScaler,Lasso,189,47,10,-0.0626,5.7263,6.7825,-0.1001,-0.2073,-0.0981
5,positive_training,ALL_CONDITIONS,phq_8,PHQ8,cross-corpus-882,RobustScaler,ElasticNet,189,47,10,-0.036,5.5541,6.4522,-0.0885,-0.0926,-0.0958
5,positive_training,ALL_CONDITIONS,phq_8,PHQ8,cross-corpus-882,RobustScaler,SVR,189,47,10,-0.0658,5.7389,6.6514,-0.1311,-0.1611,-0.0863
5,positive_training,ALL_CONDITIONS,phq_8,PHQ8,cross-corpus-882,RobustScaler,KNN,189,47,10,-0.035,5.6288,6.7676,-0.0506,-0.202,-0.0419
5,positive_training,ALL_CONDITIONS,phq_8,PHQ8,cross-corpus-882,RobustScaler,RF,189,47,10,-0.08,5.753,6.8355,-0.1237,-0.2263,-0.1214
5,positive_training,ALL_CONDITIONS,phq_8,PHQ8,cross-corpus-882,RobustScaler,ET,189,47,10,0.0495,5.3872,6.44,0.0747,-0.0885,0.0779
5,positive_training,ALL_CONDITIONS,phq_8,PHQ8,cross-corpus-882,RobustScaler,GB,189,47,10,-0.1297,6.0572,7.4544,-0.1553,-0.4584,-0.1374
5,positive_training,ALL_CONDITIONS,phq_8,PHQ8,cross-corpus-882,RobustScaler,XGB,189,47,10,-0.1406,6.1481,7.4678,-0.1702,-0.4636,-0.1512
5,positive_training,ALL_CONDITIONS,phq_8,PHQ8,cross-corpus-882,RobustScaler,MLP,189,47,10,-0.1978,7.218,9.2136,-0.2039,-1.228,-0.1545
5,positive_training,ALL_CONDITIONS,phq_8,PHQ8,cross-corpus-882,RobustScaler,LGBM,189,47,10,-0.0917,6.1054,7.2524,-0.1137,-0.3804,-0.1048
5,positive_training,ALL_CONDITIONS,phq_8,PHQ8,cross-corpus-882,RobustScaler,CatBoost,189,47,10,-0.0527,5.7405,6.7729,-0.0797,-0.2039,-0.0563
1,positive_training,ALL_CONDITIONS,phq_9,PHQ9,cross-corpus-882,StandardScaler,Ridge,188,48,5,0.0265,6.1473,7.0613,0.0535,-0.0644,-0.0015
1,positive_training,ALL_CONDITIONS,phq_9,PHQ9,cross-corpus-882,StandardScaler,Lasso,188,48,5,0.0158,6.1642,7.119,0.0311,-0.0819,-0.02
1,positive_training,ALL_CONDITIONS,phq_9,PHQ9,cross-corpus-882,StandardScaler,ElasticNet,188,48,5,0.0278,6.1448,7.0528,0.0564,-0.0619,-0.0023
1,positive_training,ALL_CONDITIONS,phq_9,PHQ9,cross-corpus-882,StandardScaler,SVR,188,48,5,0.0059,6.2298,7.3336,0.0102,-0.1481,0.0135
1,positive_training,ALL_CONDITIONS,phq_9,PHQ9,cross-corpus-882,StandardScaler,KNN,188,48,5,0.0235,6.3032,7.5022,0.0306,-0.2015,0.0087
1,positive_training,ALL_CONDITIONS,phq_9,PHQ9,cross-corpus-882,StandardScaler,RF,188,48,5,-0.0118,6.2558,7.4464,-0.0178,-0.1837,-0.0263
1,positive_training,ALL_CONDITIONS,phq_9,PHQ9,cross-corpus-882,StandardScaler,ET,188,48,5,-0.0059,6.4285,7.6825,-0.0078,-0.26,-0.0193
1,positive_training,ALL_CONDITIONS,phq_9,PHQ9,cross-corpus-882,StandardScaler,GB,188,48,5,0.0679,5.7308,7.3542,0.09,-0.1546,0.069
1,positive_training,ALL_CONDITIONS,phq_9,PHQ9,cross-corpus-882,StandardScaler,XGB,188,48,5,0.0422,5.9545,7.4933,0.0555,-0.1987,0.0286
1,positive_training,ALL_CONDITIONS,phq_9,PHQ9,cross-corpus-882,StandardScaler,MLP,188,48,5,-0.0003,6.2227,7.3538,-0.0006,-0.1544,-0.0067
1,positive_training,ALL_CONDITIONS,phq_9,PHQ9,cross-corpus-882,StandardScaler,LGBM,188,48,5,-0.0025,6.2973,7.5688,-0.0034,-0.223,0.0048
1,positive_training,ALL_CONDITIONS,phq_9,PHQ9,cross-corpus-882,StandardScaler,CatBoost,188,48,5,0.0157,6.216,7.2967,0.0249,-0.1366,0.0061
1,positive_training,ALL_CONDITIONS,phq_9,PHQ9,cross-corpus-882,MinMaxScaler,Ridge,188,48,10,0.1014,6.1836,7.0048,0.153,-0.0475,0.1454
1,positive_training,ALL_CONDITIONS,phq_9,PHQ9,cross-corpus-882,MinMaxScaler,Lasso,188,48,10,0.1224,5.9891,6.8486,0.1959,-0.0013,0.1931
1,positive_training,ALL_CONDITIONS,phq_9,PHQ9,cross-corpus-882,MinMaxScaler,ElasticNet,188,48,10,0.1163,5.9896,6.841,0.1926,0.001,0.1922
1,positive_training,ALL_CONDITIONS,phq_9,PHQ9,cross-corpus-882,MinMaxScaler,SVR,188,48,10,0.0563,6.1403,7.0498,0.1138,-0.061,0.087
1,positive_training,ALL_CONDITIONS,phq_9,PHQ9,cross-corpus-882,MinMaxScaler,KNN,188,48,10,-0.0713,6.7113,7.8625,-0.0915,-0.3197,-0.0741
1,positive_training,ALL_CONDITIONS,phq_9,PHQ9,cross-corpus-882,MinMaxScaler,RF,188,48,10,0.039,6.26,7.1919,0.0595,-0.1042,0.0494
1,positive_training,ALL_CONDITIONS,phq_9,PHQ9,cross-corpus-882,MinMaxScaler,ET,188,48,10,0.0022,6.2921,7.4255,0.0031,-0.1771,-0.0001
1,positive_training,ALL_CONDITIONS,phq_9,PHQ9,cross-corpus-882,MinMaxScaler,GB,188,48,10,0.0911,6.0192,7.0838,0.1333,-0.0712,0.1132
1,positive_training,ALL_CONDITIONS,phq_9,PHQ9,cross-corpus-882,MinMaxScaler,XGB,188,48,10,0.036,6.2928,7.2866,0.0536,-0.1334,0.0511
1,positive_training,ALL_CONDITIONS,phq_9,PHQ9,cross-corpus-882,MinMaxScaler,MLP,188,48,10,0.0944,6.0737,6.9277,0.1595,-0.0246,0.1509
1,positive_training,ALL_CONDITIONS,phq_9,PHQ9,cross-corpus-882,MinMaxScaler,LGBM,188,48,10,0.0324,6.4622,7.574,0.0412,-0.2246,0.0214
1,positive_training,ALL_CONDITIONS,phq_9,PHQ9,cross-corpus-882,MinMaxScaler,CatBoost,188,48,10,0.0262,6.1709,7.2157,0.0415,-0.1115,0.0684
1,positive_training,ALL_CONDITIONS,phq_9,PHQ9,cross-corpus-882,RobustScaler,Ridge,188,48,10,0.0834,6.2516,7.0474,0.1329,-0.0603,0.077
1,positive_training,ALL_CONDITIONS,phq_9,PHQ9,cross-corpus-882,RobustScaler,Lasso,188,48,10,0.0881,6.2096,7.0148,0.142,-0.0505,0.0927
1,positive_training,ALL_CONDITIONS,phq_9,PHQ9,cross-corpus-882,RobustScaler,ElasticNet,188,48,10,0.0956,6.1679,6.9791,0.1548,-0.0398,0.1168
1,positive_training,ALL_CONDITIONS,phq_9,PHQ9,cross-corpus-882,RobustScaler,SVR,188,48,10,0.0914,6.2236,7.2787,0.1158,-0.131,0.1218
1,positive_training,ALL_CONDITIONS,phq_9,PHQ9,cross-corpus-882,RobustScaler,KNN,188,48,10,-0.1299,7.2639,8.5375,-0.1457,-0.556,-0.1129
1,positive_training,ALL_CONDITIONS,phq_9,PHQ9,cross-corpus-882,RobustScaler,RF,188,48,10,0.025,6.2645,7.2596,0.0376,-0.1251,0.0199
1,positive_training,ALL_CONDITIONS,phq_9,PHQ9,cross-corpus-882,RobustScaler,ET,188,48,10,0.0634,6.1477,7.1803,0.091,-0.1006,0.0862
1,positive_training,ALL_CONDITIONS,phq_9,PHQ9,cross-corpus-882,RobustScaler,GB,188,48,10,0.0777,6.2701,7.255,0.1045,-0.1236,0.1058
1,positive_training,ALL_CONDITIONS,phq_9,PHQ9,cross-corpus-882,RobustScaler,XGB,188,48,10,0.0195,6.4043,7.4411,0.0267,-0.182,-0.0063
1,positive_training,ALL_CONDITIONS,phq_9,PHQ9,cross-corpus-882,RobustScaler,MLP,188,48,10,0.0197,6.4749,7.4569,0.0277,-0.1871,-0.0054
1,positive_training,ALL_CONDITIONS,phq_9,PHQ9,cross-corpus-882,RobustScaler,LGBM,188,48,10,0.0029,6.6161,7.6938,0.0036,-0.2637,0.0004
1,positive_training,ALL_CONDITIONS,phq_9,PHQ9,cross-corpus-882,RobustScaler,CatBoost,188,48,10,0.0267,6.3027,7.204,0.0421,-0.1079,0.0105
2,positive_training,ALL_CONDITIONS,phq_9,PHQ9,cross-corpus-882,StandardScaler,Ridge,189,47,15,-0.0409,5.5582,6.9201,-0.0575,-0.2622,-0.0032
2,positive_training,ALL_CONDITIONS,phq_9,PHQ9,cross-corpus-882,StandardScaler,Lasso,189,47,15,-0.0221,5.4404,6.7827,-0.0333,-0.2126,0.0486
2,positive_training,ALL_CONDITIONS,phq_9,PHQ9,cross-corpus-882,StandardScaler,ElasticNet,189,47,15,-0.0312,5.487,6.8282,-0.0462,-0.2289,0.0261
2,positive_training,ALL_CONDITIONS,phq_9,PHQ9,cross-corpus-882,StandardScaler,SVR,189,47,15,0.0526,5.134,6.6123,0.109,-0.1524,0.1418
2,positive_training,ALL_CONDITIONS,phq_9,PHQ9,cross-corpus-882,StandardScaler,KNN,189,47,15,-0.0918,5.6785,7.0043,-0.1336,-0.2932,-0.1949
2,positive_training,ALL_CONDITIONS,phq_9,PHQ9,cross-corpus-882,StandardScaler,RF,189,47,15,0.0168,5.2796,6.6827,0.0239,-0.1771,0.0671
2,positive_training,ALL_CONDITIONS,phq_9,PHQ9,cross-corpus-882,StandardScaler,ET,189,47,15,-0.0099,5.469,6.7589,-0.0142,-0.2041,0.0028
2,positive_training,ALL_CONDITIONS,phq_9,PHQ9,cross-corpus-882,StandardScaler,GB,189,47,15,0.0665,5.5179,7.0964,0.0767,-0.3274,0.1511
2,positive_training,ALL_CONDITIONS,phq_9,PHQ9,cross-corpus-882,StandardScaler,XGB,189,47,15,0.0727,5.7305,6.9368,0.0855,-0.2684,0.1096
2,positive_training,ALL_CONDITIONS,phq_9,PHQ9,cross-corpus-882,StandardScaler,MLP,189,47,15,0.0271,5.5279,6.9622,0.0355,-0.2776,0.0687
2,positive_training,ALL_CONDITIONS,phq_9,PHQ9,cross-corpus-882,StandardScaler,LGBM,189,47,15,0.0917,5.653,7.1574,0.1025,-0.3503,0.1035
2,positive_training,ALL_CONDITIONS,phq_9,PHQ9,cross-corpus-882,StandardScaler,CatBoost,189,47,15,0.0631,5.2056,6.745,0.0815,-0.1992,0.1314
2,positive_training,ALL_CONDITIONS,phq_9,PHQ9,cross-corpus-882,MinMaxScaler,Ridge,189,47,5,-0.0049,5.3627,6.7602,-0.0074,-0.2046,0.0824
2,positive_training,ALL_CONDITIONS,phq_9,PHQ9,cross-corpus-882,MinMaxScaler,Lasso,189,47,5,-0.0047,5.345,6.7291,-0.0073,-0.1935,0.0837
2,positive_training,ALL_CONDITIONS,phq_9,PHQ9,cross-corpus-882,MinMaxScaler,ElasticNet,189,47,5,-0.0044,5.3123,6.6665,-0.0073,-0.1714,0.0835
2,positive_training,ALL_CONDITIONS,phq_9,PHQ9,cross-corpus-882,MinMaxScaler,SVR,189,47,5,0.089,5.2407,6.7059,0.1279,-0.1853,0.1423
2,positive_training,ALL_CONDITIONS,phq_9,PHQ9,cross-corpus-882,MinMaxScaler,KNN,189,47,5,-0.021,5.8766,7.0537,-0.0254,-0.3114,-0.0196
2,positive_training,ALL_CONDITIONS,phq_9,PHQ9,cross-corpus-882,MinMaxScaler,RF,189,47,5,0.1029,5.2038,6.539,0.1325,-0.1271,0.1592
2,positive_training,ALL_CONDITIONS,phq_9,PHQ9,cross-corpus-882,MinMaxScaler,ET,189,47,5,0.1047,5.3639,6.7248,0.1266,-0.192,0.1165
2,positive_training,ALL_CONDITIONS,phq_9,PHQ9,cross-corpus-882,MinMaxScaler,GB,189,47,5,0.0516,5.7023,6.9199,0.0616,-0.2622,0.0526
2,positive_training,ALL_CONDITIONS,phq_9,PHQ9,cross-corpus-882,MinMaxScaler,XGB,189,47,5,0.0516,5.4503,6.8313,0.0663,-0.2301,0.0639
2,positive_training,ALL_CONDITIONS,phq_9,PHQ9,cross-corpus-882,MinMaxScaler,MLP,189,47,5,-0.0123,5.3998,6.7589,-0.0192,-0.2041,0.0929
2,positive_training,ALL_CONDITIONS,phq_9,PHQ9,cross-corpus-882,MinMaxScaler,LGBM,189,47,5,-0.005,5.7988,7.0208,-0.0062,-0.2992,0.0103
2,positive_training,ALL_CONDITIONS,phq_9,PHQ9,cross-corpus-882,MinMaxScaler,CatBoost,189,47,5,0.1233,4.9951,6.2373,0.1923,-0.0254,0.2386
2,positive_training,ALL_CONDITIONS,phq_9,PHQ9,cross-corpus-882,RobustScaler,Ridge,189,47,5,0.015,5.3291,6.704,0.0219,-0.1846,0.108
2,positive_training,ALL_CONDITIONS,phq_9,PHQ9,cross-corpus-882,RobustScaler,Lasso,189,47,5,0.0144,5.3186,6.6812,0.0214,-0.1766,0.1042
2,positive_training,ALL_CONDITIONS,phq_9,PHQ9,cross-corpus-882,RobustScaler,ElasticNet,189,47,5,0.0133,5.2983,6.6331,0.0207,-0.1597,0.0906
2,positive_training,ALL_CONDITIONS,phq_9,PHQ9,cross-corpus-882,RobustScaler,SVR,189,47,5,-0.0154,5.2648,6.8957,-0.0306,-0.2534,0.0397
2,positive_training,ALL_CONDITIONS,phq_9,PHQ9,cross-corpus-882,RobustScaler,KNN,189,47,5,-0.0014,5.435,6.6325,-0.0024,-0.1595,-0.0179
2,positive_training,ALL_CONDITIONS,phq_9,PHQ9,cross-corpus-882,RobustScaler,RF,189,47,5,0.0699,5.4264,6.5807,0.0996,-0.1415,0.1347
2,positive_training,ALL_CONDITIONS,phq_9,PHQ9,cross-corpus-882,RobustScaler,ET,189,47,5,0.0809,5.3938,6.5945,0.1093,-0.1463,0.1009
2,positive_training,ALL_CONDITIONS,phq_9,PHQ9,cross-corpus-882,RobustScaler,GB,189,47,5,0.0951,5.3704,6.566,0.1298,-0.1364,0.129
2,positive_training,ALL_CONDITIONS,phq_9,PHQ9,cross-corpus-882,RobustScaler,XGB,189,47,5,0.0616,5.5856,6.7166,0.0869,-0.1891,0.0637
2,positive_training,ALL_CONDITIONS,phq_9,PHQ9,cross-corpus-882,RobustScaler,MLP,189,47,5,0.047,5.3785,6.7225,0.0654,-0.1912,0.1224
2,positive_training,ALL_CONDITIONS,phq_9,PHQ9,cross-corpus-882,RobustScaler,LGBM,189,47,5,0.0449,5.2291,6.5182,0.0679,-0.1199,0.1323
2,positive_training,ALL_CONDITIONS,phq_9,PHQ9,cross-corpus-882,RobustScaler,CatBoost,189,47,5,0.0838,5.2213,6.4838,0.1231,-0.1081,0.1227
3,positive_training,ALL_CONDITIONS,phq_9,PHQ9,cross-corpus-882,StandardScaler,Ridge,189,47,10,0.2507,5.2443,6.0992,0.2985,-0.2205,0.3012
3,positive_training,ALL_CONDITIONS,phq_9,PHQ9,cross-corpus-882,StandardScaler,Lasso,189,47,10,0.2508,5.2452,6.1037,0.2984,-0.2223,0.2955
3,positive_training,ALL_CONDITIONS,phq_9,PHQ9,cross-corpus-882,StandardScaler,ElasticNet,189,47,10,0.2497,5.2327,6.0803,0.2987,-0.213,0.3059
3,positive_training,ALL_CONDITIONS,phq_9,PHQ9,cross-corpus-882,StandardScaler,SVR,189,47,10,0.3745,4.2974,5.4947,0.4162,0.0094,0.3515
3,positive_training,ALL_CONDITIONS,phq_9,PHQ9,cross-corpus-882,StandardScaler,KNN,189,47,10,0.2622,4.8227,6.0779,0.3496,-0.212,0.2702
3,positive_training,ALL_CONDITIONS,phq_9,PHQ9,cross-corpus-882,StandardScaler,RF,189,47,10,0.184,4.9374,5.9787,0.2729,-0.1728,0.2002
3,positive_training,ALL_CONDITIONS,phq_9,PHQ9,cross-corpus-882,StandardScaler,ET,189,47,10,0.2448,4.7193,5.7736,0.3407,-0.0937,0.2847
3,positive_training,ALL_CONDITIONS,phq_9,PHQ9,cross-corpus-882,StandardScaler,GB,189,47,10,0.2396,4.996,6.0577,0.3081,-0.204,0.2594
3,positive_training,ALL_CONDITIONS,phq_9,PHQ9,cross-corpus-882,StandardScaler,XGB,189,47,10,0.1871,5.2118,6.3004,0.2414,-0.3024,0.165
3,positive_training,ALL_CONDITIONS,phq_9,PHQ9,cross-corpus-882,StandardScaler,MLP,189,47,10,0.2826,4.98,6.0225,0.3391,-0.1901,0.3534
3,positive_training,ALL_CONDITIONS,phq_9,PHQ9,cross-corpus-882,StandardScaler,LGBM,189,47,10,0.1518,5.3361,6.4181,0.1991,-0.3516,0.1616
3,positive_training,ALL_CONDITIONS,phq_9,PHQ9,cross-corpus-882,StandardScaler,CatBoost,189,47,10,0.2383,4.732,5.6758,0.3518,-0.057,0.2776
3,positive_training,ALL_CONDITIONS,phq_9,PHQ9,cross-corpus-882,MinMaxScaler,Ridge,189,47,10,0.2192,4.9962,5.9692,0.2708,-0.1691,0.3102
3,positive_training,ALL_CONDITIONS,phq_9,PHQ9,cross-corpus-882,MinMaxScaler,Lasso,189,47,10,0.236,5.064,6.1033,0.2751,-0.2222,0.3074
3,positive_training,ALL_CONDITIONS,phq_9,PHQ9,cross-corpus-882,MinMaxScaler,ElasticNet,189,47,10,0.2078,4.9761,5.8967,0.269,-0.1409,0.3205
3,positive_training,ALL_CONDITIONS,phq_9,PHQ9,cross-corpus-882,MinMaxScaler,SVR,189,47,10,0.2473,5.0069,6.154,0.2691,-0.2426,0.3319
3,positive_training,ALL_CONDITIONS,phq_9,PHQ9,cross-corpus-882,MinMaxScaler,KNN,189,47,10,0.2143,5.2809,6.1059,0.2983,-0.2233,0.2838
3,positive_training,ALL_CONDITIONS,phq_9,PHQ9,cross-corpus-882,MinMaxScaler,RF,189,47,10,0.1834,5.0805,5.954,0.288,-0.1632,0.2412
3,positive_training,ALL_CONDITIONS,phq_9,PHQ9,cross-corpus-882,MinMaxScaler,ET,189,47,10,0.2405,4.9134,5.7257,0.3615,-0.0757,0.3383
3,positive_training,ALL_CONDITIONS,phq_9,PHQ9,cross-corpus-882,MinMaxScaler,GB,189,47,10,0.2384,5.007,5.9049,0.3222,-0.144,0.2809
3,positive_training,ALL_CONDITIONS,phq_9,PHQ9,cross-corpus-882,MinMaxScaler,XGB,189,47,10,0.2212,5.212,6.1371,0.2904,-0.2358,0.2517
3,positive_training,ALL_CONDITIONS,phq_9,PHQ9,cross-corpus-882,MinMaxScaler,MLP,189,47,10,0.2693,5.0462,6.0462,0.3125,-0.1994,0.3036
3,positive_training,ALL_CONDITIONS,phq_9,PHQ9,cross-corpus-882,MinMaxScaler,LGBM,189,47,10,0.1168,5.7431,6.7482,0.1432,-0.4941,0.12
3,positive_training,ALL_CONDITIONS,phq_9,PHQ9,cross-corpus-882,MinMaxScaler,CatBoost,189,47,10,0.1986,5.1808,5.9665,0.2847,-0.168,0.2521
3,positive_training,ALL_CONDITIONS,phq_9,PHQ9,cross-corpus-882,RobustScaler,Ridge,189,47,15,0.2665,5.0012,5.9893,0.3151,-0.177,0.3074
3,positive_training,ALL_CONDITIONS,phq_9,PHQ9,cross-corpus-882,RobustScaler,Lasso,189,47,15,0.2773,4.9714,5.9738,0.3275,-0.1709,0.3262
3,positive_training,ALL_CONDITIONS,phq_9,PHQ9,cross-corpus-882,RobustScaler,ElasticNet,189,47,15,0.2588,5.0105,5.986,0.3074,-0.1757,0.3037
3,positive_training,ALL_CONDITIONS,phq_9,PHQ9,cross-corpus-882,RobustScaler,SVR,189,47,15,0.1895,4.6451,5.317,0.3213,0.0724,0.2082
3,positive_training,ALL_CONDITIONS,phq_9,PHQ9,cross-corpus-882,RobustScaler,KNN,189,47,15,0.167,5.1726,6.1709,0.2392,-0.2494,0.1734
3,positive_training,ALL_CONDITIONS,phq_9,PHQ9,cross-corpus-882,RobustScaler,RF,189,47,15,0.2013,4.9346,5.9319,0.297,-0.1545,0.2539
3,positive_training,ALL_CONDITIONS,phq_9,PHQ9,cross-corpus-882,RobustScaler,ET,189,47,15,0.2416,4.7947,5.6985,0.3725,-0.0655,0.3406
3,positive_training,ALL_CONDITIONS,phq_9,PHQ9,cross-corpus-882,RobustScaler,GB,189,47,15,0.2249,5.0927,6.1312,0.2875,-0.2334,0.2374
3,positive_training,ALL_CONDITIONS,phq_9,PHQ9,cross-corpus-882,RobustScaler,XGB,189,47,15,0.2461,5.0275,6.1274,0.3122,-0.2319,0.2509
3,positive_training,ALL_CONDITIONS,phq_9,PHQ9,cross-corpus-882,RobustScaler,MLP,189,47,15,0.2981,5.1308,6.2249,0.3373,-0.2714,0.256
3,positive_training,ALL_CONDITIONS,phq_9,PHQ9,cross-corpus-882,RobustScaler,LGBM,189,47,15,0.1224,5.5208,6.7457,0.1592,-0.493,0.1417
3,positive_training,ALL_CONDITIONS,phq_9,PHQ9,cross-corpus-882,RobustScaler,CatBoost,189,47,15,0.1717,5.2067,6.3803,0.2204,-0.3357,0.1702
4,positive_training,ALL_CONDITIONS,phq_9,PHQ9,cross-corpus-882,StandardScaler,Ridge,189,47,5,0.058,5.738,6.7016,0.1128,-0.0217,0.0494
4,positive_training,ALL_CONDITIONS,phq_9,PHQ9,cross-corpus-882,StandardScaler,Lasso,189,47,5,0.0598,5.7491,6.7127,0.1131,-0.0251,0.0494
4,positive_training,ALL_CONDITIONS,phq_9,PHQ9,cross-corpus-882,StandardScaler,ElasticNet,189,47,5,0.0562,5.725,6.6902,0.1126,-0.0183,0.0492
4,positive_training,ALL_CONDITIONS,phq_9,PHQ9,cross-corpus-882,StandardScaler,SVR,189,47,5,0.0296,5.8108,6.8742,0.0589,-0.075,0.0379
4,positive_training,ALL_CONDITIONS,phq_9,PHQ9,cross-corpus-882,StandardScaler,KNN,189,47,5,-0.076,6.1678,7.3846,-0.1149,-0.2406,-0.1241
4,positive_training,ALL_CONDITIONS,phq_9,PHQ9,cross-corpus-882,StandardScaler,RF,189,47,5,0.1365,5.7843,6.5641,0.2137,0.0198,0.2275
4,positive_training,ALL_CONDITIONS,phq_9,PHQ9,cross-corpus-882,StandardScaler,ET,189,47,5,0.0619,5.8172,6.8318,0.0992,-0.0618,0.0402
4,positive_training,ALL_CONDITIONS,phq_9,PHQ9,cross-corpus-882,StandardScaler,GB,189,47,5,0.1257,5.7345,6.6998,0.1797,-0.0212,0.1765
4,positive_training,ALL_CONDITIONS,phq_9,PHQ9,cross-corpus-882,StandardScaler,XGB,189,47,5,0.1451,5.6091,6.5762,0.2157,0.0162,0.219
4,positive_training,ALL_CONDITIONS,phq_9,PHQ9,cross-corpus-882,StandardScaler,MLP,189,47,5,-0.014,6.0122,7.1075,-0.0224,-0.1493,-0.0476
4,positive_training,ALL_CONDITIONS,phq_9,PHQ9,cross-corpus-882,StandardScaler,LGBM,189,47,5,0.1564,5.9413,6.9179,0.1915,-0.0887,0.1329
4,positive_training,ALL_CONDITIONS,phq_9,PHQ9,cross-corpus-882,StandardScaler,CatBoost,189,47,5,0.1368,5.75,6.7768,0.1886,-0.0448,0.146
4,positive_training,ALL_CONDITIONS,phq_9,PHQ9,cross-corpus-882,MinMaxScaler,Ridge,189,47,10,0.0219,5.8072,6.7743,0.0468,-0.044,0.0293
4,positive_training,ALL_CONDITIONS,phq_9,PHQ9,cross-corpus-882,MinMaxScaler,Lasso,189,47,10,0.0301,5.8054,6.7756,0.0605,-0.0444,0.0093
4,positive_training,ALL_CONDITIONS,phq_9,PHQ9,cross-corpus-882,MinMaxScaler,ElasticNet,189,47,10,0.0194,5.7944,6.7643,0.0431,-0.0409,0.0107
4,positive_training,ALL_CONDITIONS,phq_9,PHQ9,cross-corpus-882,MinMaxScaler,SVR,189,47,10,-0.0015,5.8435,6.9274,-0.0035,-0.0917,-0.0462
4,positive_training,ALL_CONDITIONS,phq_9,PHQ9,cross-corpus-882,MinMaxScaler,KNN,189,47,10,-0.0783,6.3712,7.21,-0.139,-0.1826,-0.1199
4,positive_training,ALL_CONDITIONS,phq_9,PHQ9,cross-corpus-882,MinMaxScaler,RF,189,47,10,-0.0205,5.9864,7.0105,-0.0368,-0.1181,0.0038
4,positive_training,ALL_CONDITIONS,phq_9,PHQ9,cross-corpus-882,MinMaxScaler,ET,189,47,10,-0.1073,6.1813,7.2543,-0.2063,-0.1972,-0.1786
4,positive_training,ALL_CONDITIONS,phq_9,PHQ9,cross-corpus-882,MinMaxScaler,GB,189,47,10,0.0841,5.6804,6.7805,0.1325,-0.0459,0.1664
4,positive_training,ALL_CONDITIONS,phq_9,PHQ9,cross-corpus-882,MinMaxScaler,XGB,189,47,10,0.0691,5.6577,6.8406,0.1084,-0.0645,0.1126
4,positive_training,ALL_CONDITIONS,phq_9,PHQ9,cross-corpus-882,MinMaxScaler,MLP,189,47,10,0.0281,5.7691,6.7621,0.0587,-0.0402,0.0542
4,positive_training,ALL_CONDITIONS,phq_9,PHQ9,cross-corpus-882,MinMaxScaler,LGBM,189,47,10,-0.0433,6.2526,7.3558,-0.0606,-0.231,-0.0828
4,positive_training,ALL_CONDITIONS,phq_9,PHQ9,cross-corpus-882,MinMaxScaler,CatBoost,189,47,10,0.0466,5.7262,6.7827,0.0837,-0.0466,0.1134
4,positive_training,ALL_CONDITIONS,phq_9,PHQ9,cross-corpus-882,RobustScaler,Ridge,189,47,5,-0.0082,5.8665,6.8766,-0.0178,-0.0758,-0.038
4,positive_training,ALL_CONDITIONS,phq_9,PHQ9,cross-corpus-882,RobustScaler,Lasso,189,47,5,-0.0088,5.8684,6.877,-0.019,-0.0759,-0.0403
4,positive_training,ALL_CONDITIONS,phq_9,PHQ9,cross-corpus-882,RobustScaler,ElasticNet,189,47,5,-0.0097,5.8732,6.8825,-0.0207,-0.0776,-0.0424
4,positive_training,ALL_CONDITIONS,phq_9,PHQ9,cross-corpus-882,RobustScaler,SVR,189,47,5,-0.0474,5.9375,7.1571,-0.1006,-0.1653,-0.0898
4,positive_training,ALL_CONDITIONS,phq_9,PHQ9,cross-corpus-882,RobustScaler,KNN,189,47,5,-0.0419,6.0,7.2125,-0.0666,-0.1834,-0.0809
4,positive_training,ALL_CONDITIONS,phq_9,PHQ9,cross-corpus-882,RobustScaler,RF,189,47,5,0.0826,5.5723,6.5776,0.17,0.0157,0.2219
4,positive_training,ALL_CONDITIONS,phq_9,PHQ9,cross-corpus-882,RobustScaler,ET,189,47,5,0.0673,5.5261,6.6121,0.1541,0.0054,0.1672
4,positive_training,ALL_CONDITIONS,phq_9,PHQ9,cross-corpus-882,RobustScaler,GB,189,47,5,0.1237,5.498,6.6278,0.1939,0.0006,0.2482
4,positive_training,ALL_CONDITIONS,phq_9,PHQ9,cross-corpus-882,RobustScaler,XGB,189,47,5,0.0925,5.5821,6.6551,0.1645,-0.0076,0.2185
4,positive_training,ALL_CONDITIONS,phq_9,PHQ9,cross-corpus-882,RobustScaler,MLP,189,47,5,-0.0124,5.7746,7.0305,-0.0227,-0.1245,-0.0392
4,positive_training,ALL_CONDITIONS,phq_9,PHQ9,cross-corpus-882,RobustScaler,LGBM,189,47,5,0.0572,5.7202,6.8291,0.0913,-0.061,0.0785
4,positive_training,ALL_CONDITIONS,phq_9,PHQ9,cross-corpus-882,RobustScaler,CatBoost,189,47,5,0.0699,5.5888,6.6331,0.1494,-0.0009,0.094
5,positive_training,ALL_CONDITIONS,phq_9,PHQ9,cross-corpus-882,StandardScaler,Ridge,189,47,5,0.1435,5.5608,6.4907,0.2173,0.0083,0.2254
5,positive_training,ALL_CONDITIONS,phq_9,PHQ9,cross-corpus-882,StandardScaler,Lasso,189,47,5,0.1477,5.5794,6.5139,0.2169,0.0012,0.2392
5,positive_training,ALL_CONDITIONS,phq_9,PHQ9,cross-corpus-882,StandardScaler,ElasticNet,189,47,5,0.1396,5.5462,6.4714,0.2177,0.0142,0.2245
5,positive_training,ALL_CONDITIONS,phq_9,PHQ9,cross-corpus-882,StandardScaler,SVR,189,47,5,0.1709,5.7414,7.0348,0.189,-0.1649,0.2572
5,positive_training,ALL_CONDITIONS,phq_9,PHQ9,cross-corpus-882,StandardScaler,KNN,189,47,5,0.193,5.227,6.5445,0.2425,-0.0082,0.2774
5,positive_training,ALL_CONDITIONS,phq_9,PHQ9,cross-corpus-882,StandardScaler,RF,189,47,5,0.1097,5.7338,6.4824,0.1841,0.0108,0.2559
5,positive_training,ALL_CONDITIONS,phq_9,PHQ9,cross-corpus-882,StandardScaler,ET,189,47,5,0.1373,5.5977,6.6735,0.18,-0.0484,0.2178
5,positive_training,ALL_CONDITIONS,phq_9,PHQ9,cross-corpus-882,StandardScaler,GB,189,47,5,0.1847,5.5518,6.6186,0.2291,-0.0312,0.2803
5,positive_training,ALL_CONDITIONS,phq_9,PHQ9,cross-corpus-882,StandardScaler,XGB,189,47,5,0.1457,5.696,6.7408,0.1828,-0.0696,0.2682
5,positive_training,ALL_CONDITIONS,phq_9,PHQ9,cross-corpus-882,StandardScaler,MLP,189,47,5,0.1574,5.7466,6.8507,0.1877,-0.1048,0.2456
5,positive_training,ALL_CONDITIONS,phq_9,PHQ9,cross-corpus-882,StandardScaler,LGBM,189,47,5,0.1949,5.6255,6.5695,0.2421,-0.0159,0.3155
5,positive_training,ALL_CONDITIONS,phq_9,PHQ9,cross-corpus-882,StandardScaler,CatBoost,189,47,5,0.1858,5.4352,6.3189,0.2772,0.0601,0.3461
5,positive_training,ALL_CONDITIONS,phq_9,PHQ9,cross-corpus-882,MinMaxScaler,Ridge,189,47,10,0.1575,5.675,6.6347,0.2025,-0.0362,0.2006
5,positive_training,ALL_CONDITIONS,phq_9,PHQ9,cross-corpus-882,MinMaxScaler,Lasso,189,47,10,0.1714,5.7542,6.7552,0.2044,-0.0742,0.2181
5,positive_training,ALL_CONDITIONS,phq_9,PHQ9,cross-corpus-882,MinMaxScaler,ElasticNet,189,47,10,0.1539,5.5982,6.5581,0.2086,-0.0124,0.2063
5,positive_training,ALL_CONDITIONS,phq_9,PHQ9,cross-corpus-882,MinMaxScaler,SVR,189,47,10,0.1576,5.5351,6.7474,0.1927,-0.0717,0.1911
5,positive_training,ALL_CONDITIONS,phq_9,PHQ9,cross-corpus-882,MinMaxScaler,KNN,189,47,10,0.1531,5.3924,6.6447,0.1987,-0.0393,0.2312
5,positive_training,ALL_CONDITIONS,phq_9,PHQ9,cross-corpus-882,MinMaxScaler,RF,189,47,10,0.1662,5.4525,6.3119,0.2666,0.0622,0.3667
5,positive_training,ALL_CONDITIONS,phq_9,PHQ9,cross-corpus-882,MinMaxScaler,ET,189,47,10,0.1776,5.3701,6.3928,0.2525,0.038,0.3023
5,positive_training,ALL_CONDITIONS,phq_9,PHQ9,cross-corpus-882,MinMaxScaler,GB,189,47,10,0.2595,5.3564,6.3663,0.3181,0.0459,0.3964
5,positive_training,ALL_CONDITIONS,phq_9,PHQ9,cross-corpus-882,MinMaxScaler,XGB,189,47,10,0.3153,5.053,6.0488,0.4,0.1387,0.5054
5,positive_training,ALL_CONDITIONS,phq_9,PHQ9,cross-corpus-882,MinMaxScaler,MLP,189,47,10,-0.0267,5.9345,7.0941,-0.0404,-0.1847,0.0578
5,positive_training,ALL_CONDITIONS,phq_9,PHQ9,cross-corpus-882,MinMaxScaler,LGBM,189,47,10,0.1999,5.5499,6.4543,0.2637,0.0194,0.3651
5,positive_training,ALL_CONDITIONS,phq_9,PHQ9,cross-corpus-882,MinMaxScaler,CatBoost,189,47,10,0.1636,5.4207,6.2741,0.2788,0.0734,0.325
5,positive_training,ALL_CONDITIONS,phq_9,PHQ9,cross-corpus-882,RobustScaler,Ridge,189,47,5,0.1483,5.5818,6.5176,0.2169,0.0001,0.2392
5,positive_training,ALL_CONDITIONS,phq_9,PHQ9,cross-corpus-882,RobustScaler,Lasso,189,47,5,0.1454,5.5624,6.501,0.2171,0.0051,0.23
5,positive_training,ALL_CONDITIONS,phq_9,PHQ9,cross-corpus-882,RobustScaler,ElasticNet,189,47,5,0.1407,5.5323,6.483,0.2163,0.0107,0.2198
5,positive_training,ALL_CONDITIONS,phq_9,PHQ9,cross-corpus-882,RobustScaler,SVR,189,47,5,0.1673,5.9117,7.0057,0.1867,-0.1553,0.2441
5,positive_training,ALL_CONDITIONS,phq_9,PHQ9,cross-corpus-882,RobustScaler,KNN,189,47,5,0.1181,5.6879,6.7395,0.1555,-0.0692,0.1888
5,positive_training,ALL_CONDITIONS,phq_9,PHQ9,cross-corpus-882,RobustScaler,RF,189,47,5,0.1097,5.7338,6.4824,0.1841,0.0108,0.2559
5,positive_training,ALL_CONDITIONS,phq_9,PHQ9,cross-corpus-882,RobustScaler,ET,189,47,5,0.1373,5.5977,6.6735,0.18,-0.0484,0.2178
5,positive_training,ALL_CONDITIONS,phq_9,PHQ9,cross-corpus-882,RobustScaler,GB,189,47,5,0.1847,5.5518,6.6186,0.2291,-0.0312,0.2803
5,positive_training,ALL_CONDITIONS,phq_9,PHQ9,cross-corpus-882,RobustScaler,XGB,189,47,5,0.1457,5.696,6.7408,0.1828,-0.0696,0.2682
5,positive_training,ALL_CONDITIONS,phq_9,PHQ9,cross-corpus-882,RobustScaler,MLP,189,47,5,0.1116,5.7209,6.8229,0.1453,-0.0958,0.1817
5,positive_training,ALL_CONDITIONS,phq_9,PHQ9,cross-corpus-882,RobustScaler,LGBM,189,47,5,0.1627,5.6835,6.7516,0.1968,-0.073,0.263
5,positive_training,ALL_CONDITIONS,phq_9,PHQ9,cross-corpus-882,RobustScaler,CatBoost,189,47,5,0.1862,5.4324,6.3184,0.2776,0.0603,0.3458
1,positive_training,ALL_CONDITIONS,ads.1,CES-D,cross-corpus-882,StandardScaler,Ridge,188,47,10,0.0028,10.3118,13.2114,0.0041,-0.1654,0.0397
1,positive_training,ALL_CONDITIONS,ads.1,CES-D,cross-corpus-882,StandardScaler,Lasso,188,47,10,0.0082,10.3312,13.2089,0.0117,-0.1649,0.0526
1,positive_training,ALL_CONDITIONS,ads.1,CES-D,cross-corpus-882,StandardScaler,ElasticNet,188,47,10,0.0048,10.2851,13.1364,0.0071,-0.1522,0.0476
1,positive_training,ALL_CONDITIONS,ads.1,CES-D,cross-corpus-882,StandardScaler,SVR,188,47,10,-0.0544,11.1963,13.8658,-0.0711,-0.2837,-0.0685
1,positive_training,ALL_CONDITIONS,ads.1,CES-D,cross-corpus-882,StandardScaler,KNN,188,47,10,-0.012,10.8871,13.3784,-0.0166,-0.195,-0.0051
1,positive_training,ALL_CONDITIONS,ads.1,CES-D,cross-corpus-882,StandardScaler,RF,188,47,10,-0.0252,10.9338,13.4511,-0.0353,-0.208,-0.0317
1,positive_training,ALL_CONDITIONS,ads.1,CES-D,cross-corpus-882,StandardScaler,ET,188,47,10,-0.0341,10.7102,13.7223,-0.0446,-0.2572,-0.0167
1,positive_training,ALL_CONDITIONS,ads.1,CES-D,cross-corpus-882,StandardScaler,GB,188,47,10,-0.0138,10.6058,13.5492,-0.0183,-0.2257,-0.0243
1,positive_training,ALL_CONDITIONS,ads.1,CES-D,cross-corpus-882,StandardScaler,XGB,188,47,10,-0.0283,10.9668,13.5989,-0.038,-0.2347,-0.0738
1,positive_training,ALL_CONDITIONS,ads.1,CES-D,cross-corpus-882,StandardScaler,MLP,188,47,10,-0.0592,10.8196,14.3432,-0.0704,-0.3736,0.0307
1,positive_training,ALL_CONDITIONS,ads.1,CES-D,cross-corpus-882,StandardScaler,LGBM,188,47,10,-0.0785,11.3036,14.1151,-0.1002,-0.3302,-0.0648
1,positive_training,ALL_CONDITIONS,ads.1,CES-D,cross-corpus-882,StandardScaler,CatBoost,188,47,10,-0.0599,11.0418,13.8606,-0.0793,-0.2827,-0.0407
1,positive_training,ALL_CONDITIONS,ads.1,CES-D,cross-corpus-882,MinMaxScaler,Ridge,188,47,5,0.0179,10.3472,13.0696,0.0261,-0.1405,0.0747
1,positive_training,ALL_CONDITIONS,ads.1,CES-D,cross-corpus-882,MinMaxScaler,Lasso,188,47,5,0.0186,10.3228,13.0476,0.0273,-0.1366,0.0773
1,positive_training,ALL_CONDITIONS,ads.1,CES-D,cross-corpus-882,MinMaxScaler,ElasticNet,188,47,5,0.0153,10.2514,12.9714,0.0235,-0.1234,0.0853
1,positive_training,ALL_CONDITIONS,ads.1,CES-D,cross-corpus-882,MinMaxScaler,SVR,188,47,5,-0.0281,10.781,13.6086,-0.0375,-0.2365,0.0247
1,positive_training,ALL_CONDITIONS,ads.1,CES-D,cross-corpus-882,MinMaxScaler,KNN,188,47,5,0.0012,10.6374,13.2968,0.0016,-0.1805,0.0233
1,positive_training,ALL_CONDITIONS,ads.1,CES-D,cross-corpus-882,MinMaxScaler,RF,188,47,5,-0.0537,10.6345,13.4387,-0.081,-0.2058,-0.0641
1,positive_training,ALL_CONDITIONS,ads.1,CES-D,cross-corpus-882,MinMaxScaler,ET,188,47,5,-0.0723,10.6282,13.8284,-0.0986,-0.2767,-0.0776
1,positive_training,ALL_CONDITIONS,ads.1,CES-D,cross-corpus-882,MinMaxScaler,GB,188,47,5,-0.1082,11.4103,14.1634,-0.1435,-0.3393,-0.1487
1,positive_training,ALL_CONDITIONS,ads.1,CES-D,cross-corpus-882,MinMaxScaler,XGB,188,47,5,-0.0811,11.4393,14.0824,-0.1048,-0.3241,-0.0873
1,positive_training,ALL_CONDITIONS,ads.1,CES-D,cross-corpus-882,MinMaxScaler,MLP,188,47,5,0.0688,9.6438,12.232,0.14,0.001,0.0984
1,positive_training,ALL_CONDITIONS,ads.1,CES-D,cross-corpus-882,MinMaxScaler,LGBM,188,47,5,-0.08,11.7199,14.3617,-0.0973,-0.3771,-0.1142
1,positive_training,ALL_CONDITIONS,ads.1,CES-D,cross-corpus-882,MinMaxScaler,CatBoost,188,47,5,-0.0875,11.1601,13.9292,-0.1192,-0.2954,-0.102
1,positive_training,ALL_CONDITIONS,ads.1,CES-D,cross-corpus-882,RobustScaler,Ridge,188,47,5,-0.0819,10.4696,13.4323,-0.1353,-0.2046,-0.0382
1,positive_training,ALL_CONDITIONS,ads.1,CES-D,cross-corpus-882,RobustScaler,Lasso,188,47,5,-0.0807,10.4331,13.3874,-0.1365,-0.1966,-0.0515
1,positive_training,ALL_CONDITIONS,ads.1,CES-D,cross-corpus-882,RobustScaler,ElasticNet,188,47,5,-0.0781,10.3668,13.3003,-0.1385,-0.1811,-0.0557
1,positive_training,ALL_CONDITIONS,ads.1,CES-D,cross-corpus-882,RobustScaler,SVR,188,47,5,-0.0443,11.3359,13.6582,-0.0607,-0.2455,-0.0624
1,positive_training,ALL_CONDITIONS,ads.1,CES-D,cross-corpus-882,RobustScaler,KNN,188,47,5,-0.0862,10.8528,13.4682,-0.1418,-0.2111,-0.1014
1,positive_training,ALL_CONDITIONS,ads.1,CES-D,cross-corpus-882,RobustScaler,RF,188,47,5,0.0408,10.2883,12.7359,0.0641,-0.083,0.0189
1,positive_training,ALL_CONDITIONS,ads.1,CES-D,cross-corpus-882,RobustScaler,ET,188,47,5,0.0848,10.5408,13.1226,0.1054,-0.1497,0.0452
1,positive_training,ALL_CONDITIONS,ads.1,CES-D,cross-corpus-882,RobustScaler,GB,188,47,5,0.044,10.8803,13.1547,0.0582,-0.1554,0.0219
1,positive_training,ALL_CONDITIONS,ads.1,CES-D,cross-corpus-882,RobustScaler,XGB,188,47,5,0.1185,10.7696,13.1701,0.1389,-0.1581,0.1399
1,positive_training,ALL_CONDITIONS,ads.1,CES-D,cross-corpus-882,RobustScaler,MLP,188,47,5,-0.0949,10.8381,13.5593,-0.1529,-0.2275,-0.1109
1,positive_training,ALL_CONDITIONS,ads.1,CES-D,cross-corpus-882,RobustScaler,LGBM,188,47,5,-0.0134,11.0703,13.6457,-0.0173,-0.2432,-0.0121
1,positive_training,ALL_CONDITIONS,ads.1,CES-D,cross-corpus-882,RobustScaler,CatBoost,188,47,5,0.0365,10.4652,12.9398,0.0529,-0.1179,0.0416
2,positive_training,ALL_CONDITIONS,ads.1,CES-D,cross-corpus-882,StandardScaler,Ridge,188,47,5,0.002,9.6397,11.8344,0.0044,-0.0656,0.0069
2,positive_training,ALL_CONDITIONS,ads.1,CES-D,cross-corpus-882,StandardScaler,Lasso,188,47,5,0.0048,9.5754,11.7165,0.0124,-0.0444,0.0086
2,positive_training,ALL_CONDITIONS,ads.1,CES-D,cross-corpus-882,StandardScaler,ElasticNet,188,47,5,0.0017,9.552,11.7226,0.0045,-0.0455,0.0086
2,positive_training,ALL_CONDITIONS,ads.1,CES-D,cross-corpus-882,StandardScaler,SVR,188,47,5,0.0015,9.52,11.9291,0.0041,-0.0827,0.0211
2,positive_training,ALL_CONDITIONS,ads.1,CES-D,cross-corpus-882,StandardScaler,KNN,188,47,5,-0.0305,10.6676,13.0216,-0.045,-0.2901,-0.0263
2,positive_training,ALL_CONDITIONS,ads.1,CES-D,cross-corpus-882,StandardScaler,RF,188,47,5,-0.073,10.2402,12.7163,-0.1266,-0.2303,-0.1092
2,positive_training,ALL_CONDITIONS,ads.1,CES-D,cross-corpus-882,StandardScaler,ET,188,47,5,0.0137,10.3413,12.5072,0.0202,-0.1902,-0.0557
2,positive_training,ALL_CONDITIONS,ads.1,CES-D,cross-corpus-882,StandardScaler,GB,188,47,5,0.0394,9.9013,12.5325,0.0535,-0.195,-0.0223
2,positive_training,ALL_CONDITIONS,ads.1,CES-D,cross-corpus-882,StandardScaler,XGB,188,47,5,0.034,9.8084,12.4341,0.0479,-0.1763,-0.022
2,positive_training,ALL_CONDITIONS,ads.1,CES-D,cross-corpus-882,StandardScaler,MLP,188,47,5,0.0314,10.3578,13.0509,0.0365,-0.2959,0.0124
2,positive_training,ALL_CONDITIONS,ads.1,CES-D,cross-corpus-882,StandardScaler,LGBM,188,47,5,-0.1023,10.7985,13.5955,-0.1458,-0.4063,-0.1015
2,positive_training,ALL_CONDITIONS,ads.1,CES-D,cross-corpus-882,StandardScaler,CatBoost,188,47,5,0.0172,9.5801,12.0457,0.0319,-0.1039,-0.0167
2,positive_training,ALL_CONDITIONS,ads.1,CES-D,cross-corpus-882,MinMaxScaler,Ridge,188,47,10,0.0333,9.9551,12.1817,0.0492,-0.129,0.0723
2,positive_training,ALL_CONDITIONS,ads.1,CES-D,cross-corpus-882,MinMaxScaler,Lasso,188,47,10,0.0588,9.3346,11.6106,0.1198,-0.0256,0.1004
2,positive_training,ALL_CONDITIONS,ads.1,CES-D,cross-corpus-882,MinMaxScaler,ElasticNet,188,47,10,0.037,9.8478,12.0453,0.0579,-0.1039,0.0621
2,positive_training,ALL_CONDITIONS,ads.1,CES-D,cross-corpus-882,MinMaxScaler,SVR,188,47,10,0.0436,9.5615,11.9078,0.0845,-0.0788,0.0728
2,positive_training,ALL_CONDITIONS,ads.1,CES-D,cross-corpus-882,MinMaxScaler,KNN,188,47,10,0.06,9.6774,12.1927,0.0934,-0.1311,0.1651
2,positive_training,ALL_CONDITIONS,ads.1,CES-D,cross-corpus-882,MinMaxScaler,RF,188,47,10,-0.0745,10.5687,12.8416,-0.1155,-0.2547,-0.1676
2,positive_training,ALL_CONDITIONS,ads.1,CES-D,cross-corpus-882,MinMaxScaler,ET,188,47,10,0.0337,10.1429,12.5168,0.0476,-0.192,-0.1029
2,positive_training,ALL_CONDITIONS,ads.1,CES-D,cross-corpus-882,MinMaxScaler,GB,188,47,10,0.0181,10.4114,12.739,0.0233,-0.2347,-0.0257
2,positive_training,ALL_CONDITIONS,ads.1,CES-D,cross-corpus-882,MinMaxScaler,XGB,188,47,10,-0.0529,11.4425,13.5932,-0.0617,-0.4058,-0.1161
2,positive_training,ALL_CONDITIONS,ads.1,CES-D,cross-corpus-882,MinMaxScaler,MLP,188,47,10,0.0206,9.4175,11.6408,0.0545,-0.031,0.0765
2,positive_training,ALL_CONDITIONS,ads.1,CES-D,cross-corpus-882,MinMaxScaler,LGBM,188,47,10,-0.1556,11.2816,13.7972,-0.2076,-0.4483,-0.2319
2,positive_training,ALL_CONDITIONS,ads.1,CES-D,cross-corpus-882,MinMaxScaler,CatBoost,188,47,10,-0.103,10.5306,12.9124,-0.1729,-0.2685,-0.2219
2,positive_training,ALL_CONDITIONS,ads.1,CES-D,cross-corpus-882,RobustScaler,Ridge,188,47,5,0.0662,9.5494,11.8331,0.1082,-0.0653,0.1232
2,positive_training,ALL_CONDITIONS,ads.1,CES-D,cross-corpus-882,RobustScaler,Lasso,188,47,5,0.067,9.5451,11.8241,0.1097,-0.0637,0.1224
2,positive_training,ALL_CONDITIONS,ads.1,CES-D,cross-corpus-882,RobustScaler,ElasticNet,188,47,5,0.0642,9.5319,11.8047,0.1076,-0.0602,0.1209
2,positive_training,ALL_CONDITIONS,ads.1,CES-D,cross-corpus-882,RobustScaler,SVR,188,47,5,0.0584,9.224,11.5781,0.163,-0.0199,0.1248
2,positive_training,ALL_CONDITIONS,ads.1,CES-D,cross-corpus-882,RobustScaler,KNN,188,47,5,0.06,9.5244,11.9871,0.1015,-0.0932,0.1148
2,positive_training,ALL_CONDITIONS,ads.1,CES-D,cross-corpus-882,RobustScaler,RF,188,47,5,-0.0337,10.2714,12.5085,-0.0564,-0.1904,-0.091
2,positive_training,ALL_CONDITIONS,ads.1,CES-D,cross-corpus-882,RobustScaler,ET,188,47,5,0.0845,10.0074,11.9486,0.1267,-0.0862,0.1242
2,positive_training,ALL_CONDITIONS,ads.1,CES-D,cross-corpus-882,RobustScaler,GB,188,47,5,-0.035,10.7728,12.6161,-0.0509,-0.211,-0.0833
2,positive_training,ALL_CONDITIONS,ads.1,CES-D,cross-corpus-882,RobustScaler,XGB,188,47,5,0.0266,10.752,12.6364,0.0337,-0.2149,-0.0321
2,positive_training,ALL_CONDITIONS,ads.1,CES-D,cross-corpus-882,RobustScaler,MLP,188,47,5,0.1136,10.2017,12.6937,0.1315,-0.2259,0.0537
2,positive_training,ALL_CONDITIONS,ads.1,CES-D,cross-corpus-882,RobustScaler,LGBM,188,47,5,-0.1051,10.8532,13.2391,-0.1538,-0.3335,-0.186
2,positive_training,ALL_CONDITIONS,ads.1,CES-D,cross-corpus-882,RobustScaler,CatBoost,188,47,5,-0.049,10.0324,12.4236,-0.093,-0.1743,-0.0592
3,positive_training,ALL_CONDITIONS,ads.1,CES-D,cross-corpus-882,StandardScaler,Ridge,188,47,10,0.009,11.273,12.9825,0.0144,-0.1127,0.0319
3,positive_training,ALL_CONDITIONS,ads.1,CES-D,cross-corpus-882,StandardScaler,Lasso,188,47,10,0.0217,10.9818,12.5925,0.0439,-0.0468,0.048
3,positive_training,ALL_CONDITIONS,ads.1,CES-D,cross-corpus-882,StandardScaler,ElasticNet,188,47,10,0.0172,11.0586,12.702,0.0322,-0.0651,0.0352
3,positive_training,ALL_CONDITIONS,ads.1,CES-D,cross-corpus-882,StandardScaler,SVR,188,47,10,0.0724,11.514,13.243,0.091,-0.1578,0.0834
3,positive_training,ALL_CONDITIONS,ads.1,CES-D,cross-corpus-882,StandardScaler,KNN,188,47,10,0.0305,11.2315,12.9963,0.0454,-0.1151,0.0177
3,positive_training,ALL_CONDITIONS,ads.1,CES-D,cross-corpus-882,StandardScaler,RF,188,47,10,0.008,11.3925,13.3048,0.0113,-0.1686,0.0286
3,positive_training,ALL_CONDITIONS,ads.1,CES-D,cross-corpus-882,StandardScaler,ET,188,47,10,0.0714,11.0628,12.9265,0.099,-0.1031,0.1066
3,positive_training,ALL_CONDITIONS,ads.1,CES-D,cross-corpus-882,StandardScaler,GB,188,47,10,-0.0803,12.1895,14.4829,-0.0979,-0.3848,-0.119
3,positive_training,ALL_CONDITIONS,ads.1,CES-D,cross-corpus-882,StandardScaler,XGB,188,47,10,0.0108,11.4347,13.4452,0.0146,-0.1934,0.0425
3,positive_training,ALL_CONDITIONS,ads.1,CES-D,cross-corpus-882,StandardScaler,MLP,188,47,10,0.0327,12.2663,14.5189,0.036,-0.3916,0.0362
3,positive_training,ALL_CONDITIONS,ads.1,CES-D,cross-corpus-882,StandardScaler,LGBM,188,47,10,0.0476,11.5822,13.4115,0.06,-0.1875,0.0938
3,positive_training,ALL_CONDITIONS,ads.1,CES-D,cross-corpus-882,StandardScaler,CatBoost,188,47,10,-0.0141,11.5739,13.2513,-0.0216,-0.1592,0.0131
3,positive_training,ALL_CONDITIONS,ads.1,CES-D,cross-corpus-882,MinMaxScaler,Ridge,188,47,5,0.008,11.6589,13.3495,0.0111,-0.1765,0.0345
3,positive_training,ALL_CONDITIONS,ads.1,CES-D,cross-corpus-882,MinMaxScaler,Lasso,188,47,5,0.0083,11.64,13.323,0.0115,-0.1718,0.033
3,positive_training,ALL_CONDITIONS,ads.1,CES-D,cross-corpus-882,MinMaxScaler,ElasticNet,188,47,5,0.0065,11.4562,13.1261,0.0099,-0.1374,0.0345
3,positive_training,ALL_CONDITIONS,ads.1,CES-D,cross-corpus-882,MinMaxScaler,SVR,188,47,5,0.042,11.7398,13.5736,0.0518,-0.2163,0.0638
3,positive_training,ALL_CONDITIONS,ads.1,CES-D,cross-corpus-882,MinMaxScaler,KNN,188,47,5,0.0579,10.9797,12.9385,0.0831,-0.1052,0.0575
3,positive_training,ALL_CONDITIONS,ads.1,CES-D,cross-corpus-882,MinMaxScaler,RF,188,47,5,-0.0552,11.5778,13.5365,-0.0828,-0.2097,-0.0609
3,positive_training,ALL_CONDITIONS,ads.1,CES-D,cross-corpus-882,MinMaxScaler,ET,188,47,5,0.0617,11.3095,13.2338,0.079,-0.1562,0.0586
3,positive_training,ALL_CONDITIONS,ads.1,CES-D,cross-corpus-882,MinMaxScaler,GB,188,47,5,-0.0275,11.9227,14.2099,-0.0327,-0.333,-0.0062
3,positive_training,ALL_CONDITIONS,ads.1,CES-D,cross-corpus-882,MinMaxScaler,XGB,188,47,5,-0.0726,11.9471,14.1625,-0.0931,-0.3241,-0.0594
3,positive_training,ALL_CONDITIONS,ads.1,CES-D,cross-corpus-882,MinMaxScaler,MLP,188,47,5,0.0072,11.5741,13.226,0.0104,-0.1548,0.0135
3,positive_training,ALL_CONDITIONS,ads.1,CES-D,cross-corpus-882,MinMaxScaler,LGBM,188,47,5,-0.0587,11.9872,14.3139,-0.0711,-0.3526,-0.0867
3,positive_training,ALL_CONDITIONS,ads.1,CES-D,cross-corpus-882,MinMaxScaler,CatBoost,188,47,5,-0.0402,11.7356,13.7541,-0.0538,-0.2489,-0.0149
3,positive_training,ALL_CONDITIONS,ads.1,CES-D,cross-corpus-882,RobustScaler,Ridge,188,47,10,-0.0077,11.2104,12.9084,-0.0139,-0.1,-0.0258
3,positive_training,ALL_CONDITIONS,ads.1,CES-D,cross-corpus-882,RobustScaler,Lasso,188,47,10,0.0168,11.577,13.402,0.0223,-0.1858,0.0301
3,positive_training,ALL_CONDITIONS,ads.1,CES-D,cross-corpus-882,RobustScaler,ElasticNet,188,47,10,-0.0083,11.0516,12.7301,-0.0179,-0.0699,-0.0218
3,positive_training,ALL_CONDITIONS,ads.1,CES-D,cross-corpus-882,RobustScaler,SVR,188,47,10,0.0227,10.8692,12.4962,0.0511,-0.0309,0.0275
3,positive_training,ALL_CONDITIONS,ads.1,CES-D,cross-corpus-882,RobustScaler,KNN,188,47,10,-0.011,11.1771,13.0399,-0.0188,-0.1226,-0.0087
3,positive_training,ALL_CONDITIONS,ads.1,CES-D,cross-corpus-882,RobustScaler,RF,188,47,10,-0.0269,11.4344,13.4074,-0.0394,-0.1867,-0.0005
3,positive_training,ALL_CONDITIONS,ads.1,CES-D,cross-corpus-882,RobustScaler,ET,188,47,10,-0.0198,11.4036,13.3384,-0.0293,-0.1745,-0.0001
3,positive_training,ALL_CONDITIONS,ads.1,CES-D,cross-corpus-882,RobustScaler,GB,188,47,10,-0.0877,12.1786,14.1429,-0.12,-0.3205,-0.0946
3,positive_training,ALL_CONDITIONS,ads.1,CES-D,cross-corpus-882,RobustScaler,XGB,188,47,10,-0.0105,11.8148,13.535,-0.0143,-0.2094,-0.0098
3,positive_training,ALL_CONDITIONS,ads.1,CES-D,cross-corpus-882,RobustScaler,MLP,188,47,10,0.0376,11.7916,13.9977,0.0431,-0.2935,0.0515
3,positive_training,ALL_CONDITIONS,ads.1,CES-D,cross-corpus-882,RobustScaler,LGBM,188,47,10,-0.024,11.453,13.6548,-0.0321,-0.2309,0.0746
3,positive_training,ALL_CONDITIONS,ads.1,CES-D,cross-corpus-882,RobustScaler,CatBoost,188,47,10,-0.0376,11.4039,13.378,-0.0575,-0.1815,-0.0124
4,positive_training,ALL_CONDITIONS,ads.1,CES-D,cross-corpus-882,StandardScaler,Ridge,188,47,10,-0.0329,11.6318,13.2098,-0.1069,-0.0587,-0.0346
4,positive_training,ALL_CONDITIONS,ads.1,CES-D,cross-corpus-882,StandardScaler,Lasso,188,47,10,-0.014,11.5172,13.0247,-0.0582,-0.0292,-0.0252
4,positive_training,ALL_CONDITIONS,ads.1,CES-D,cross-corpus-882,StandardScaler,ElasticNet,188,47,10,-0.0214,11.5581,13.0626,-0.0937,-0.0352,-0.0234
4,positive_training,ALL_CONDITIONS,ads.1,CES-D,cross-corpus-882,StandardScaler,SVR,188,47,10,0.0061,11.5046,12.9475,0.0207,-0.017,0.0452
4,positive_training,ALL_CONDITIONS,ads.1,CES-D,cross-corpus-882,StandardScaler,KNN,188,47,10,0.0725,11.3057,13.1902,0.112,-0.0555,0.1076
4,positive_training,ALL_CONDITIONS,ads.1,CES-D,cross-corpus-882,StandardScaler,RF,188,47,10,-0.001,12.0187,13.5885,-0.0017,-0.1202,0.0192
4,positive_training,ALL_CONDITIONS,ads.1,CES-D,cross-corpus-882,StandardScaler,ET,188,47,10,0.0348,11.6556,13.3067,0.0577,-0.0743,0.0861
4,positive_training,ALL_CONDITIONS,ads.1,CES-D,cross-corpus-882,StandardScaler,GB,188,47,10,-0.0442,12.236,14.0296,-0.0667,-0.1941,-0.0883
4,positive_training,ALL_CONDITIONS,ads.1,CES-D,cross-corpus-882,StandardScaler,XGB,188,47,10,-0.0013,11.9275,13.7488,-0.002,-0.1468,-0.0105
4,positive_training,ALL_CONDITIONS,ads.1,CES-D,cross-corpus-882,StandardScaler,MLP,188,47,10,-0.0224,11.8194,13.6462,-0.0382,-0.1298,-0.0144
4,positive_training,ALL_CONDITIONS,ads.1,CES-D,cross-corpus-882,StandardScaler,LGBM,188,47,10,-0.0852,12.335,14.4965,-0.1198,-0.2749,-0.1245
4,positive_training,ALL_CONDITIONS,ads.1,CES-D,cross-corpus-882,StandardScaler,CatBoost,188,47,10,0.0042,11.7905,13.4486,0.0072,-0.0973,0.0215
4,positive_training,ALL_CONDITIONS,ads.1,CES-D,cross-corpus-882,MinMaxScaler,Ridge,188,47,10,0.0155,11.4975,12.9802,0.0411,-0.0222,0.0478
4,positive_training,ALL_CONDITIONS,ads.1,CES-D,cross-corpus-882,MinMaxScaler,Lasso,188,47,10,0.0287,11.4568,12.9212,0.0723,-0.0129,0.0342
4,positive_training,ALL_CONDITIONS,ads.1,CES-D,cross-corpus-882,MinMaxScaler,ElasticNet,188,47,10,0.0136,11.4929,12.9782,0.0373,-0.0219,0.0619
4,positive_training,ALL_CONDITIONS,ads.1,CES-D,cross-corpus-882,MinMaxScaler,SVR,188,47,10,0.0169,11.7627,13.4843,0.0287,-0.1031,0.0157
4,positive_training,ALL_CONDITIONS,ads.1,CES-D,cross-corpus-882,MinMaxScaler,KNN,188,47,10,0.0411,12.0218,13.9468,0.0535,-0.1801,0.0471
4,positive_training,ALL_CONDITIONS,ads.1,CES-D,cross-corpus-882,MinMaxScaler,RF,188,47,10,-0.029,12.0479,13.6266,-0.052,-0.1265,-0.0238
4,positive_training,ALL_CONDITIONS,ads.1,CES-D,cross-corpus-882,MinMaxScaler,ET,188,47,10,0.0506,11.6009,13.4446,0.0744,-0.0966,0.0358
4,positive_training,ALL_CONDITIONS,ads.1,CES-D,cross-corpus-882,MinMaxScaler,GB,188,47,10,0.0041,12.1638,13.7459,0.0061,-0.1463,0.0039
4,positive_training,ALL_CONDITIONS,ads.1,CES-D,cross-corpus-882,MinMaxScaler,XGB,188,47,10,-0.0149,12.1542,13.824,-0.0229,-0.1594,-0.0218
4,positive_training,ALL_CONDITIONS,ads.1,CES-D,cross-corpus-882,MinMaxScaler,MLP,188,47,10,-0.0524,11.7923,13.3527,-0.1616,-0.0817,-0.1351
4,positive_training,ALL_CONDITIONS,ads.1,CES-D,cross-corpus-882,MinMaxScaler,LGBM,188,47,10,-0.0651,12.4568,14.2287,-0.1017,-0.2283,-0.0827
4,positive_training,ALL_CONDITIONS,ads.1,CES-D,cross-corpus-882,MinMaxScaler,CatBoost,188,47,10,-0.0314,12.1061,13.866,-0.0498,-0.1665,-0.0695
4,positive_training,ALL_CONDITIONS,ads.1,CES-D,cross-corpus-882,RobustScaler,Ridge,188,47,5,0.0157,11.3706,12.8668,0.0561,-0.0044,0.0488
4,positive_training,ALL_CONDITIONS,ads.1,CES-D,cross-corpus-882,RobustScaler,Lasso,188,47,5,0.0132,11.3748,12.8593,0.0521,-0.0032,0.054
4,positive_training,ALL_CONDITIONS,ads.1,CES-D,cross-corpus-882,RobustScaler,ElasticNet,188,47,5,0.0108,11.3919,12.8668,0.0443,-0.0044,0.043
4,positive_training,ALL_CONDITIONS,ads.1,CES-D,cross-corpus-882,RobustScaler,SVR,188,47,5,0.0137,11.4968,12.8933,0.0467,-0.0086,0.0364
4,positive_training,ALL_CONDITIONS,ads.1,CES-D,cross-corpus-882,RobustScaler,KNN,188,47,5,-0.009,11.9419,13.8291,-0.0134,-0.1603,-0.0217
4,positive_training,ALL_CONDITIONS,ads.1,CES-D,cross-corpus-882,RobustScaler,RF,188,47,5,-0.0276,12.0484,13.8456,-0.0433,-0.163,-0.035
4,positive_training,ALL_CONDITIONS,ads.1,CES-D,cross-corpus-882,RobustScaler,ET,188,47,5,-0.0169,11.8839,13.7091,-0.0273,-0.1402,-0.0179
4,positive_training,ALL_CONDITIONS,ads.1,CES-D,cross-corpus-882,RobustScaler,GB,188,47,5,0.0005,12.0291,14.0652,0.0007,-0.2002,0.0003
4,positive_training,ALL_CONDITIONS,ads.1,CES-D,cross-corpus-882,RobustScaler,XGB,188,47,5,0.0139,11.9225,13.7739,0.02,-0.151,0.0232
4,positive_training,ALL_CONDITIONS,ads.1,CES-D,cross-corpus-882,RobustScaler,MLP,188,47,5,0.0034,12.0576,13.6523,0.0054,-0.1308,0.0182
4,positive_training,ALL_CONDITIONS,ads.1,CES-D,cross-corpus-882,RobustScaler,LGBM,188,47,5,0.0259,11.7286,13.7837,0.0361,-0.1527,0.0256
4,positive_training,ALL_CONDITIONS,ads.1,CES-D,cross-corpus-882,RobustScaler,CatBoost,188,47,5,-0.0254,11.9109,13.7441,-0.0417,-0.146,-0.0321
5,positive_training,ALL_CONDITIONS,ads.1,CES-D,cross-corpus-882,StandardScaler,Ridge,188,47,10,-0.0934,12.1359,15.8948,-0.0964,-0.8691,-0.05
5,positive_training,ALL_CONDITIONS,ads.1,CES-D,cross-corpus-882,StandardScaler,Lasso,188,47,10,-0.095,12.1441,15.9001,-0.098,-0.8703,-0.0517
5,positive_training,ALL_CONDITIONS,ads.1,CES-D,cross-corpus-882,StandardScaler,ElasticNet,188,47,10,-0.0893,12.0144,15.5721,-0.0931,-0.7939,-0.0594
5,positive_training,ALL_CONDITIONS,ads.1,CES-D,cross-corpus-882,StandardScaler,SVR,188,47,10,-0.034,10.4148,12.0132,-0.0975,-0.0676,-0.0821
5,positive_training,ALL_CONDITIONS,ads.1,CES-D,cross-corpus-882,StandardScaler,KNN,188,47,10,-0.1451,11.6393,13.4399,-0.2073,-0.3363,-0.2266
5,positive_training,ALL_CONDITIONS,ads.1,CES-D,cross-corpus-882,StandardScaler,RF,188,47,10,-0.0227,10.2356,12.3545,-0.0398,-0.1292,-0.0907
5,positive_training,ALL_CONDITIONS,ads.1,CES-D,cross-corpus-882,StandardScaler,ET,188,47,10,-0.0399,10.6761,12.5901,-0.0632,-0.1727,-0.1229
5,positive_training,ALL_CONDITIONS,ads.1,CES-D,cross-corpus-882,StandardScaler,GB,188,47,10,-0.0395,10.5207,13.259,-0.0499,-0.3006,0.0003
5,positive_training,ALL_CONDITIONS,ads.1,CES-D,cross-corpus-882,StandardScaler,XGB,188,47,10,-0.0361,10.4557,13.1163,-0.0465,-0.2727,0.0089
5,positive_training,ALL_CONDITIONS,ads.1,CES-D,cross-corpus-882,StandardScaler,MLP,188,47,10,-0.0804,15.7982,31.1445,-0.1132,-6.1759,-0.1104
5,positive_training,ALL_CONDITIONS,ads.1,CES-D,cross-corpus-882,StandardScaler,LGBM,188,47,10,-0.0593,10.7876,13.3868,-0.0741,-0.3258,-0.1002
5,positive_training,ALL_CONDITIONS,ads.1,CES-D,cross-corpus-882,StandardScaler,CatBoost,188,47,10,-0.017,10.256,12.4056,-0.0281,-0.1385,-0.0429
5,positive_training,ALL_CONDITIONS,ads.1,CES-D,cross-corpus-882,MinMaxScaler,Ridge,188,47,10,-0.0175,10.9719,12.9127,-0.0241,-0.2335,0.0308
5,positive_training,ALL_CONDITIONS,ads.1,CES-D,cross-corpus-882,MinMaxScaler,Lasso,188,47,10,-0.0691,11.8376,15.2092,-0.0729,-0.7113,0.0016
5,positive_training,ALL_CONDITIONS,ads.1,CES-D,cross-corpus-882,MinMaxScaler,ElasticNet,188,47,10,-0.0165,10.9571,12.8798,-0.0229,-0.2272,0.0322
5,positive_training,ALL_CONDITIONS,ads.1,CES-D,cross-corpus-882,MinMaxScaler,SVR,188,47,10,0.0256,10.4675,11.8472,0.0536,-0.0383,0.0583
5,positive_training,ALL_CONDITIONS,ads.1,CES-D,cross-corpus-882,MinMaxScaler,KNN,188,47,10,-0.0138,10.6907,12.3522,-0.0229,-0.1288,-0.0608
5,positive_training,ALL_CONDITIONS,ads.1,CES-D,cross-corpus-882,MinMaxScaler,RF,188,47,10,0.0139,10.0591,12.1787,0.0248,-0.0973,0.06
5,positive_training,ALL_CONDITIONS,ads.1,CES-D,cross-corpus-882,MinMaxScaler,ET,188,47,10,0.0117,10.2061,12.3174,0.0188,-0.1224,-0.0335
5,positive_training,ALL_CONDITIONS,ads.1,CES-D,cross-corpus-882,MinMaxScaler,GB,188,47,10,0.0253,10.2043,12.92,0.0323,-0.2349,0.0637
5,positive_training,ALL_CONDITIONS,ads.1,CES-D,cross-corpus-882,MinMaxScaler,XGB,188,47,10,-0.0083,10.2533,12.8414,-0.0112,-0.2199,0.0054
5,positive_training,ALL_CONDITIONS,ads.1,CES-D,cross-corpus-882,MinMaxScaler,MLP,188,47,10,0.0165,10.2567,11.9585,0.0323,-0.058,0.0119
5,positive_training,ALL_CONDITIONS,ads.1,CES-D,cross-corpus-882,MinMaxScaler,LGBM,188,47,10,0.0181,10.1449,12.696,0.0251,-0.1925,0.024
5,positive_training,ALL_CONDITIONS,ads.1,CES-D,cross-corpus-882,MinMaxScaler,CatBoost,188,47,10,-0.0189,10.3091,12.4076,-0.0327,-0.1389,-0.0017
5,positive_training,ALL_CONDITIONS,ads.1,CES-D,cross-corpus-882,RobustScaler,Ridge,188,47,15,-0.0625,11.758,15.5405,-0.0656,-0.7867,0.0046
5,positive_training,ALL_CONDITIONS,ads.1,CES-D,cross-corpus-882,RobustScaler,Lasso,188,47,15,-0.0716,11.4463,14.6831,-0.0789,-0.5949,-0.0317
5,positive_training,ALL_CONDITIONS,ads.1,CES-D,cross-corpus-882,RobustScaler,ElasticNet,188,47,15,-0.0639,11.5701,15.0312,-0.0686,-0.6715,-0.0123
5,positive_training,ALL_CONDITIONS,ads.1,CES-D,cross-corpus-882,RobustScaler,SVR,188,47,15,-0.0092,10.3197,11.9095,-0.0242,-0.0493,-0.0294
5,positive_training,ALL_CONDITIONS,ads.1,CES-D,cross-corpus-882,RobustScaler,KNN,188,47,15,0.0345,10.8183,12.2749,0.0507,-0.1147,0.0246
5,positive_training,ALL_CONDITIONS,ads.1,CES-D,cross-corpus-882,RobustScaler,RF,188,47,15,0.032,9.9466,11.9046,0.0658,-0.0484,0.0671
5,positive_training,ALL_CONDITIONS,ads.1,CES-D,cross-corpus-882,RobustScaler,ET,188,47,15,0.0358,10.1675,11.9197,0.0665,-0.0511,0.0288
5,positive_training,ALL_CONDITIONS,ads.1,CES-D,cross-corpus-882,RobustScaler,GB,188,47,15,0.0036,10.2744,12.8283,0.0048,-0.2175,0.0518
5,positive_training,ALL_CONDITIONS,ads.1,CES-D,cross-corpus-882,RobustScaler,XGB,188,47,15,-0.0331,10.3515,13.1394,-0.0428,-0.2772,-0.0541
5,positive_training,ALL_CONDITIONS,ads.1,CES-D,cross-corpus-882,RobustScaler,MLP,188,47,15,-0.068,15.9778,32.9512,-0.1009,-7.0326,-0.0771
5,positive_training,ALL_CONDITIONS,ads.1,CES-D,cross-corpus-882,RobustScaler,LGBM,188,47,15,0.0251,10.2333,12.7639,0.0339,-0.2053,0.0238
5,positive_training,ALL_CONDITIONS,ads.1,CES-D,cross-corpus-882,RobustScaler,CatBoost,188,47,15,0.0217,10.0873,12.1225,0.0376,-0.0872,0.0687
1,positive_training,ALL_CONDITIONS,HRSD_6.1,HRSD6,cross-corpus-882,StandardScaler,Ridge,184,47,5,-0.1044,4.4819,5.2427,-0.1648,-0.2463,-0.1253
1,positive_training,ALL_CONDITIONS,HRSD_6.1,HRSD6,cross-corpus-882,StandardScaler,Lasso,184,47,5,-0.1018,4.4616,5.2168,-0.165,-0.234,-0.1255
1,positive_training,ALL_CONDITIONS,HRSD_6.1,HRSD6,cross-corpus-882,StandardScaler,ElasticNet,184,47,5,-0.0995,4.4449,5.2004,-0.1639,-0.2262,-0.1215
1,positive_training,ALL_CONDITIONS,HRSD_6.1,HRSD6,cross-corpus-882,StandardScaler,SVR,184,47,5,-0.0549,4.4186,5.1321,-0.0949,-0.1943,-0.0736
1,positive_training,ALL_CONDITIONS,HRSD_6.1,HRSD6,cross-corpus-882,StandardScaler,KNN,184,47,5,-0.1179,4.4397,5.2951,-0.1811,-0.2713,-0.1445
1,positive_training,ALL_CONDITIONS,HRSD_6.1,HRSD6,cross-corpus-882,StandardScaler,RF,184,47,5,-0.1282,4.3993,5.3502,-0.1909,-0.2979,-0.1635
1,positive_training,ALL_CONDITIONS,HRSD_6.1,HRSD6,cross-corpus-882,StandardScaler,ET,184,47,5,-0.1472,4.4975,5.4449,-0.2083,-0.3442,-0.1675
1,positive_training,ALL_CONDITIONS,HRSD_6.1,HRSD6,cross-corpus-882,StandardScaler,GB,184,47,5,-0.0896,4.5708,5.6478,-0.1039,-0.4463,-0.1308
1,positive_training,ALL_CONDITIONS,HRSD_6.1,HRSD6,cross-corpus-882,StandardScaler,XGB,184,47,5,-0.0964,4.4918,5.603,-0.1151,-0.4235,-0.0864
1,positive_training,ALL_CONDITIONS,HRSD_6.1,HRSD6,cross-corpus-882,StandardScaler,MLP,184,47,5,-0.1823,4.8779,5.6642,-0.2336,-0.4547,-0.1189
1,positive_training,ALL_CONDITIONS,HRSD_6.1,HRSD6,cross-corpus-882,StandardScaler,LGBM,184,47,5,-0.1263,4.4947,5.5592,-0.162,-0.4013,-0.1221
1,positive_training,ALL_CONDITIONS,HRSD_6.1,HRSD6,cross-corpus-882,StandardScaler,CatBoost,184,47,5,-0.1026,4.4209,5.2588,-0.1583,-0.2539,-0.1043
1,positive_training,ALL_CONDITIONS,HRSD_6.1,HRSD6,cross-corpus-882,MinMaxScaler,Ridge,184,47,10,-0.06,4.3678,5.2188,-0.0872,-0.2349,0.0158
1,positive_training,ALL_CONDITIONS,HRSD_6.1,HRSD6,cross-corpus-882,MinMaxScaler,Lasso,184,47,10,-0.0763,4.468,5.362,-0.1016,-0.3036,0.0137
1,positive_training,ALL_CONDITIONS,HRSD_6.1,HRSD6,cross-corpus-882,MinMaxScaler,ElasticNet,184,47,10,-0.0525,4.3279,5.1496,-0.0809,-0.2024,0.0204
1,positive_training,ALL_CONDITIONS,HRSD_6.1,HRSD6,cross-corpus-882,MinMaxScaler,SVR,184,47,10,0.0585,4.4616,5.2144,0.0723,-0.2328,0.0732
1,positive_training,ALL_CONDITIONS,HRSD_6.1,HRSD6,cross-corpus-882,MinMaxScaler,KNN,184,47,10,0.0132,4.2671,5.0626,0.0185,-0.1621,0.009
1,positive_training,ALL_CONDITIONS,HRSD_6.1,HRSD6,cross-corpus-882,MinMaxScaler,RF,184,47,10,0.0175,4.2167,4.957,0.0272,-0.1142,0.0242
1,positive_training,ALL_CONDITIONS,HRSD_6.1,HRSD6,cross-corpus-882,MinMaxScaler,ET,184,47,10,0.012,4.3132,5.1196,0.0161,-0.1885,0.1055
1,positive_training,ALL_CONDITIONS,HRSD_6.1,HRSD6,cross-corpus-882,MinMaxScaler,GB,184,47,10,-0.0118,4.5048,5.354,-0.0142,-0.2997,0.0386
1,positive_training,ALL_CONDITIONS,HRSD_6.1,HRSD6,cross-corpus-882,MinMaxScaler,XGB,184,47,10,0.1769,4.107,4.8418,0.2116,-0.063,0.2008
1,positive_training,ALL_CONDITIONS,HRSD_6.1,HRSD6,cross-corpus-882,MinMaxScaler,MLP,184,47,10,-0.0596,4.5119,5.2981,-0.0799,-0.2727,-0.0509
1,positive_training,ALL_CONDITIONS,HRSD_6.1,HRSD6,cross-corpus-882,MinMaxScaler,LGBM,184,47,10,0.0399,4.4068,5.1562,0.0497,-0.2055,0.0344
1,positive_training,ALL_CONDITIONS,HRSD_6.1,HRSD6,cross-corpus-882,MinMaxScaler,CatBoost,184,47,10,-0.014,4.3184,5.0858,-0.0206,-0.1728,0.0079
1,positive_training,ALL_CONDITIONS,HRSD_6.1,HRSD6,cross-corpus-882,RobustScaler,Ridge,184,47,10,-0.1065,4.4558,5.2852,-0.1609,-0.2666,-0.0905
1,positive_training,ALL_CONDITIONS,HRSD_6.1,HRSD6,cross-corpus-882,RobustScaler,Lasso,184,47,10,-0.1097,4.4649,5.318,-0.1616,-0.2823,-0.0949
1,positive_training,ALL_CONDITIONS,HRSD_6.1,HRSD6,cross-corpus-882,RobustScaler,ElasticNet,184,47,10,-0.1069,4.4559,5.2917,-0.1606,-0.2697,-0.0874
1,positive_training,ALL_CONDITIONS,HRSD_6.1,HRSD6,cross-corpus-882,RobustScaler,SVR,184,47,10,-0.1154,4.589,5.4025,-0.1719,-0.3234,-0.1433
1,positive_training,ALL_CONDITIONS,HRSD_6.1,HRSD6,cross-corpus-882,RobustScaler,KNN,184,47,10,0.0583,4.0304,5.0214,0.0777,-0.1433,0.1026
1,positive_training,ALL_CONDITIONS,HRSD_6.1,HRSD6,cross-corpus-882,RobustScaler,RF,184,47,10,-0.0879,4.3662,5.2604,-0.1299,-0.2547,-0.0661
1,positive_training,ALL_CONDITIONS,HRSD_6.1,HRSD6,cross-corpus-882,RobustScaler,ET,184,47,10,-0.1085,4.4453,5.3794,-0.15,-0.3121,-0.107
1,positive_training,ALL_CONDITIONS,HRSD_6.1,HRSD6,cross-corpus-882,RobustScaler,GB,184,47,10,-0.0557,4.6109,5.5578,-0.0646,-0.4006,-0.0305
1,positive_training,ALL_CONDITIONS,HRSD_6.1,HRSD6,cross-corpus-882,RobustScaler,XGB,184,47,10,-0.0817,4.5935,5.5598,-0.0974,-0.4016,-0.049
1,positive_training,ALL_CONDITIONS,HRSD_6.1,HRSD6,cross-corpus-882,RobustScaler,MLP,184,47,10,-0.1276,4.594,5.5189,-0.1649,-0.3811,-0.0858
1,positive_training,ALL_CONDITIONS,HRSD_6.1,HRSD6,cross-corpus-882,RobustScaler,LGBM,184,47,10,-0.0685,4.4724,5.4084,-0.0867,-0.3263,-0.0129
1,positive_training,ALL_CONDITIONS,HRSD_6.1,HRSD6,cross-corpus-882,RobustScaler,CatBoost,184,47,10,-0.098,4.4349,5.229,-0.157,-0.2398,-0.1017
2,positive_training,ALL_CONDITIONS,HRSD_6.1,HRSD6,cross-corpus-882,StandardScaler,Ridge,185,46,10,-0.0004,4.0667,4.9753,-0.0006,-0.1245,-0.004
2,positive_training,ALL_CONDITIONS,HRSD_6.1,HRSD6,cross-corpus-882,StandardScaler,Lasso,185,46,10,0.0072,4.0486,4.9161,0.0124,-0.0979,0.0136
2,positive_training,ALL_CONDITIONS,HRSD_6.1,HRSD6,cross-corpus-882,StandardScaler,ElasticNet,185,46,10,0.0025,4.0549,4.9445,0.0042,-0.1106,0.0104
2,positive_training,ALL_CONDITIONS,HRSD_6.1,HRSD6,cross-corpus-882,StandardScaler,SVR,185,46,10,-0.0366,4.2498,5.1816,-0.0565,-0.2197,-0.0783
2,positive_training,ALL_CONDITIONS,HRSD_6.1,HRSD6,cross-corpus-882,StandardScaler,KNN,185,46,10,-0.0832,4.287,5.5446,-0.0997,-0.3966,-0.0934
2,positive_training,ALL_CONDITIONS,HRSD_6.1,HRSD6,cross-corpus-882,StandardScaler,RF,185,46,10,-0.0235,4.1266,5.0571,-0.0368,-0.1618,-0.0129
2,positive_training,ALL_CONDITIONS,HRSD_6.1,HRSD6,cross-corpus-882,StandardScaler,ET,185,46,10,-0.0244,4.037,5.1949,-0.0331,-0.226,-0.0445
2,positive_training,ALL_CONDITIONS,HRSD_6.1,HRSD6,cross-corpus-882,StandardScaler,GB,185,46,10,-0.0948,4.3458,5.4783,-0.1205,-0.3634,-0.0967
2,positive_training,ALL_CONDITIONS,HRSD_6.1,HRSD6,cross-corpus-882,StandardScaler,XGB,185,46,10,-0.0958,4.3394,5.4925,-0.1233,-0.3704,-0.118
2,positive_training,ALL_CONDITIONS,HRSD_6.1,HRSD6,cross-corpus-882,StandardScaler,MLP,185,46,10,-0.1083,4.4977,5.4496,-0.144,-0.3491,-0.1766
2,positive_training,ALL_CONDITIONS,HRSD_6.1,HRSD6,cross-corpus-882,StandardScaler,LGBM,185,46,10,-0.1077,4.5068,5.7079,-0.1245,-0.48,-0.1115
2,positive_training,ALL_CONDITIONS,HRSD_6.1,HRSD6,cross-corpus-882,StandardScaler,CatBoost,185,46,10,-0.0333,4.1799,5.1636,-0.0479,-0.2112,-0.0537
2,positive_training,ALL_CONDITIONS,HRSD_6.1,HRSD6,cross-corpus-882,MinMaxScaler,Ridge,185,46,10,0.0037,4.1133,5.014,0.0056,-0.1421,0.0152
2,positive_training,ALL_CONDITIONS,HRSD_6.1,HRSD6,cross-corpus-882,MinMaxScaler,Lasso,185,46,10,0.0174,4.0511,4.9295,0.0283,-0.1039,0.0316
2,positive_training,ALL_CONDITIONS,HRSD_6.1,HRSD6,cross-corpus-882,MinMaxScaler,ElasticNet,185,46,10,0.0288,4.0197,4.8886,0.0475,-0.0856,0.0566
2,positive_training,ALL_CONDITIONS,HRSD_6.1,HRSD6,cross-corpus-882,MinMaxScaler,SVR,185,46,10,0.0654,4.0471,4.9689,0.1002,-0.1216,0.1373
2,positive_training,ALL_CONDITIONS,HRSD_6.1,HRSD6,cross-corpus-882,MinMaxScaler,KNN,185,46,10,0.0617,4.0531,4.982,0.0826,-0.1275,0.1135
2,positive_training,ALL_CONDITIONS,HRSD_6.1,HRSD6,cross-corpus-882,MinMaxScaler,RF,185,46,10,0.0003,4.1141,5.0685,0.0004,-0.167,-0.0028
2,positive_training,ALL_CONDITIONS,HRSD_6.1,HRSD6,cross-corpus-882,MinMaxScaler,ET,185,46,10,-0.0193,4.1535,5.1212,-0.0276,-0.1914,-0.0326
2,positive_training,ALL_CONDITIONS,HRSD_6.1,HRSD6,cross-corpus-882,MinMaxScaler,GB,185,46,10,-0.0171,4.5103,5.5303,-0.0193,-0.3894,-0.0388
2,positive_training,ALL_CONDITIONS,HRSD_6.1,HRSD6,cross-corpus-882,MinMaxScaler,XGB,185,46,10,0.0016,4.1549,5.2113,0.0021,-0.2337,0.0011
2,positive_training,ALL_CONDITIONS,HRSD_6.1,HRSD6,cross-corpus-882,MinMaxScaler,MLP,185,46,10,-0.0588,4.2773,5.2673,-0.0821,-0.2604,-0.0813
2,positive_training,ALL_CONDITIONS,HRSD_6.1,HRSD6,cross-corpus-882,MinMaxScaler,LGBM,185,46,10,0.0333,4.2047,5.2981,0.0389,-0.2751,0.0215
2,positive_training,ALL_CONDITIONS,HRSD_6.1,HRSD6,cross-corpus-882,MinMaxScaler,CatBoost,185,46,10,-0.0171,4.1786,5.2186,-0.0226,-0.2372,-0.0443
2,positive_training,ALL_CONDITIONS,HRSD_6.1,HRSD6,cross-corpus-882,RobustScaler,Ridge,185,46,10,-0.0112,4.1095,5.0458,-0.0174,-0.1566,-0.0312
2,positive_training,ALL_CONDITIONS,HRSD_6.1,HRSD6,cross-corpus-882,RobustScaler,Lasso,185,46,10,-0.0176,4.1097,5.0522,-0.0274,-0.1595,-0.0447
2,positive_training,ALL_CONDITIONS,HRSD_6.1,HRSD6,cross-corpus-882,RobustScaler,ElasticNet,185,46,10,-0.021,4.11,5.0612,-0.0326,-0.1636,-0.0551
2,positive_training,ALL_CONDITIONS,HRSD_6.1,HRSD6,cross-corpus-882,RobustScaler,SVR,185,46,10,-0.0706,4.3373,5.196,-0.1135,-0.2265,-0.1596
2,positive_training,ALL_CONDITIONS,HRSD_6.1,HRSD6,cross-corpus-882,RobustScaler,KNN,185,46,10,-0.0693,4.387,5.462,-0.0869,-0.3553,-0.0664
2,positive_training,ALL_CONDITIONS,HRSD_6.1,HRSD6,cross-corpus-882,RobustScaler,RF,185,46,10,0.0302,4.0686,4.9525,0.0453,-0.1142,0.0444
2,positive_training,ALL_CONDITIONS,HRSD_6.1,HRSD6,cross-corpus-882,RobustScaler,ET,185,46,10,0.0237,3.9735,4.9858,0.0349,-0.1292,0.0212
2,positive_training,ALL_CONDITIONS,HRSD_6.1,HRSD6,cross-corpus-882,RobustScaler,GB,185,46,10,-0.044,4.1852,5.2219,-0.0608,-0.2387,-0.032
2,positive_training,ALL_CONDITIONS,HRSD_6.1,HRSD6,cross-corpus-882,RobustScaler,XGB,185,46,10,-0.0677,4.1724,5.2928,-0.0933,-0.2726,-0.0431
2,positive_training,ALL_CONDITIONS,HRSD_6.1,HRSD6,cross-corpus-882,RobustScaler,MLP,185,46,10,-0.0883,4.4433,5.4421,-0.1141,-0.3454,-0.1294
2,positive_training,ALL_CONDITIONS,HRSD_6.1,HRSD6,cross-corpus-882,RobustScaler,LGBM,185,46,10,-0.0778,4.4372,5.5599,-0.0923,-0.4043,-0.0867
2,positive_training,ALL_CONDITIONS,HRSD_6.1,HRSD6,cross-corpus-882,RobustScaler,CatBoost,185,46,10,-0.0093,4.1307,5.0686,-0.0138,-0.1671,-0.0212
3,positive_training,ALL_CONDITIONS,HRSD_6.1,HRSD6,cross-corpus-882,StandardScaler,Ridge,185,46,5,0.146,3.962,4.5675,0.1887,-0.0919,0.1749
3,positive_training,ALL_CONDITIONS,HRSD_6.1,HRSD6,cross-corpus-882,StandardScaler,Lasso,185,46,5,0.144,3.9566,4.5617,0.1879,-0.0891,0.1954
3,positive_training,ALL_CONDITIONS,HRSD_6.1,HRSD6,cross-corpus-882,StandardScaler,ElasticNet,185,46,5,0.1433,3.9544,4.56,0.1876,-0.0883,0.2011
3,positive_training,ALL_CONDITIONS,HRSD_6.1,HRSD6,cross-corpus-882,StandardScaler,SVR,185,46,5,0.0999,3.9589,4.5241,0.1435,-0.0713,0.1539
3,positive_training,ALL_CONDITIONS,HRSD_6.1,HRSD6,cross-corpus-882,StandardScaler,KNN,185,46,5,0.2892,3.6957,4.5799,0.3051,-0.0979,0.253
3,positive_training,ALL_CONDITIONS,HRSD_6.1,HRSD6,cross-corpus-882,StandardScaler,RF,185,46,5,0.2211,3.7658,4.3219,0.3021,0.0223,0.2814
3,positive_training,ALL_CONDITIONS,HRSD_6.1,HRSD6,cross-corpus-882,StandardScaler,ET,185,46,5,0.1787,3.7729,4.3817,0.2434,-0.0049,0.2294
3,positive_training,ALL_CONDITIONS,HRSD_6.1,HRSD6,cross-corpus-882,StandardScaler,GB,185,46,5,0.2107,3.9117,4.4178,0.2612,-0.0215,0.2733
3,positive_training,ALL_CONDITIONS,HRSD_6.1,HRSD6,cross-corpus-882,StandardScaler,XGB,185,46,5,0.1215,4.118,4.7147,0.1463,-0.1634,0.1842
3,positive_training,ALL_CONDITIONS,HRSD_6.1,HRSD6,cross-corpus-882,StandardScaler,MLP,185,46,5,0.1211,3.9915,4.6168,0.1569,-0.1156,0.111
3,positive_training,ALL_CONDITIONS,HRSD_6.1,HRSD6,cross-corpus-882,StandardScaler,LGBM,185,46,5,0.2952,3.6507,4.3736,0.3275,-0.0012,0.2705
3,positive_training,ALL_CONDITIONS,HRSD_6.1,HRSD6,cross-corpus-882,StandardScaler,CatBoost,185,46,5,0.195,3.7974,4.3192,0.2739,0.0236,0.2271
3,positive_training,ALL_CONDITIONS,HRSD_6.1,HRSD6,cross-corpus-882,MinMaxScaler,Ridge,185,46,5,0.1144,4.0164,4.7492,0.1426,-0.1805,0.1746
3,positive_training,ALL_CONDITIONS,HRSD_6.1,HRSD6,cross-corpus-882,MinMaxScaler,Lasso,185,46,5,0.1113,4.0101,4.7177,0.1421,-0.1649,0.1743
3,positive_training,ALL_CONDITIONS,HRSD_6.1,HRSD6,cross-corpus-882,MinMaxScaler,ElasticNet,185,46,5,0.1086,4.0032,4.6928,0.1417,-0.1527,0.1708
3,positive_training,ALL_CONDITIONS,HRSD_6.1,HRSD6,cross-corpus-882,MinMaxScaler,SVR,185,46,5,0.1129,3.9895,4.7085,0.1393,-0.1604,0.1927
3,positive_training,ALL_CONDITIONS,HRSD_6.1,HRSD6,cross-corpus-882,MinMaxScaler,KNN,185,46,5,0.2213,3.6739,4.4237,0.2606,-0.0242,0.2694
3,positive_training,ALL_CONDITIONS,HRSD_6.1,HRSD6,cross-corpus-882,MinMaxScaler,RF,185,46,5,0.1766,3.8871,4.4535,0.24,-0.0381,0.2199
3,positive_training,ALL_CONDITIONS,HRSD_6.1,HRSD6,cross-corpus-882,MinMaxScaler,ET,185,46,5,0.1477,3.9404,4.5399,0.1921,-0.0788,0.1653
3,positive_training,ALL_CONDITIONS,HRSD_6.1,HRSD6,cross-corpus-882,MinMaxScaler,GB,185,46,5,0.1931,4.0008,4.6701,0.2223,-0.1415,0.1777
3,positive_training,ALL_CONDITIONS,HRSD_6.1,HRSD6,cross-corpus-882,MinMaxScaler,XGB,185,46,5,0.1756,4.051,4.7137,0.2006,-0.1629,0.2013
3,positive_training,ALL_CONDITIONS,HRSD_6.1,HRSD6,cross-corpus-882,MinMaxScaler,MLP,185,46,5,0.1166,3.9971,4.671,0.1526,-0.142,0.1686
3,positive_training,ALL_CONDITIONS,HRSD_6.1,HRSD6,cross-corpus-882,MinMaxScaler,LGBM,185,46,5,0.2768,3.7944,4.5152,0.3047,-0.067,0.3221
3,positive_training,ALL_CONDITIONS,HRSD_6.1,HRSD6,cross-corpus-882,MinMaxScaler,CatBoost,185,46,5,0.1828,3.9741,4.552,0.2233,-0.0845,0.2301
3,positive_training,ALL_CONDITIONS,HRSD_6.1,HRSD6,cross-corpus-882,RobustScaler,Ridge,185,46,5,0.1462,3.963,4.5684,0.1888,-0.0924,0.1795
3,positive_training,ALL_CONDITIONS,HRSD_6.1,HRSD6,cross-corpus-882,RobustScaler,Lasso,185,46,5,0.1427,3.9535,4.5579,0.1875,-0.0873,0.2072
3,positive_training,ALL_CONDITIONS,HRSD_6.1,HRSD6,cross-corpus-882,RobustScaler,ElasticNet,185,46,5,0.1409,3.9484,4.5546,0.1866,-0.0857,0.2033
3,positive_training,ALL_CONDITIONS,HRSD_6.1,HRSD6,cross-corpus-882,RobustScaler,SVR,185,46,5,0.0879,3.9339,4.4913,0.1375,-0.0558,0.1564
3,positive_training,ALL_CONDITIONS,HRSD_6.1,HRSD6,cross-corpus-882,RobustScaler,KNN,185,46,5,0.1528,3.8599,4.5037,0.1998,-0.0616,0.1943
3,positive_training,ALL_CONDITIONS,HRSD_6.1,HRSD6,cross-corpus-882,RobustScaler,RF,185,46,5,0.221,3.7662,4.3228,0.3018,0.022,0.2814
3,positive_training,ALL_CONDITIONS,HRSD_6.1,HRSD6,cross-corpus-882,RobustScaler,ET,185,46,5,0.1787,3.7729,4.3817,0.2434,-0.0049,0.2294
3,positive_training,ALL_CONDITIONS,HRSD_6.1,HRSD6,cross-corpus-882,RobustScaler,GB,185,46,5,0.2107,3.9117,4.4178,0.2612,-0.0215,0.2733
3,positive_training,ALL_CONDITIONS,HRSD_6.1,HRSD6,cross-corpus-882,RobustScaler,XGB,185,46,5,0.1147,4.148,4.7527,0.1376,-0.1823,0.1704
3,positive_training,ALL_CONDITIONS,HRSD_6.1,HRSD6,cross-corpus-882,RobustScaler,MLP,185,46,5,0.1635,3.8939,4.6296,0.1949,-0.1218,0.1893
3,positive_training,ALL_CONDITIONS,HRSD_6.1,HRSD6,cross-corpus-882,RobustScaler,LGBM,185,46,5,0.2432,3.752,4.5211,0.2766,-0.0699,0.3134
3,positive_training,ALL_CONDITIONS,HRSD_6.1,HRSD6,cross-corpus-882,RobustScaler,CatBoost,185,46,5,0.195,3.7974,4.3192,0.2739,0.0236,0.2271
4,positive_training,ALL_CONDITIONS,HRSD_6.1,HRSD6,cross-corpus-882,StandardScaler,Ridge,185,46,10,-0.026,4.2316,5.0935,-0.0417,-0.16,-0.1064
4,positive_training,ALL_CONDITIONS,HRSD_6.1,HRSD6,cross-corpus-882,StandardScaler,Lasso,185,46,10,-0.0445,4.2399,5.096,-0.0758,-0.1612,-0.1357
4,positive_training,ALL_CONDITIONS,HRSD_6.1,HRSD6,cross-corpus-882,StandardScaler,ElasticNet,185,46,10,-0.0445,4.2435,5.1001,-0.0754,-0.163,-0.1357
4,positive_training,ALL_CONDITIONS,HRSD_6.1,HRSD6,cross-corpus-882,StandardScaler,SVR,185,46,10,-0.0333,4.2935,5.2431,-0.0527,-0.2291,-0.0858
4,positive_training,ALL_CONDITIONS,HRSD_6.1,HRSD6,cross-corpus-882,StandardScaler,KNN,185,46,10,0.1011,4.2174,5.0136,0.1263,-0.1239,0.1258
4,positive_training,ALL_CONDITIONS,HRSD_6.1,HRSD6,cross-corpus-882,StandardScaler,RF,185,46,10,-0.013,4.4262,5.3088,-0.0164,-0.2601,-0.0391
4,positive_training,ALL_CONDITIONS,HRSD_6.1,HRSD6,cross-corpus-882,StandardScaler,ET,185,46,10,-0.0028,4.3627,5.1961,-0.0037,-0.2072,-0.0179
4,positive_training,ALL_CONDITIONS,HRSD_6.1,HRSD6,cross-corpus-882,StandardScaler,GB,185,46,10,0.0573,4.2127,5.219,0.0691,-0.2179,0.0642
4,positive_training,ALL_CONDITIONS,HRSD_6.1,HRSD6,cross-corpus-882,StandardScaler,XGB,185,46,10,0.027,4.4218,5.3245,0.0325,-0.2676,0.0273
4,positive_training,ALL_CONDITIONS,HRSD_6.1,HRSD6,cross-corpus-882,StandardScaler,MLP,185,46,10,-0.0314,4.3656,5.2843,-0.0425,-0.2485,-0.1274
4,positive_training,ALL_CONDITIONS,HRSD_6.1,HRSD6,cross-corpus-882,StandardScaler,LGBM,185,46,10,0.0011,4.3198,5.3009,0.0014,-0.2564,-0.0421
4,positive_training,ALL_CONDITIONS,HRSD_6.1,HRSD6,cross-corpus-882,StandardScaler,CatBoost,185,46,10,0.003,4.3547,5.2482,0.0039,-0.2315,-0.0053
4,positive_training,ALL_CONDITIONS,HRSD_6.1,HRSD6,cross-corpus-882,MinMaxScaler,Ridge,185,46,5,-0.048,4.2344,5.1093,-0.0804,-0.1672,-0.1492
4,positive_training,ALL_CONDITIONS,HRSD_6.1,HRSD6,cross-corpus-882,MinMaxScaler,Lasso,185,46,5,-0.0508,4.2691,5.1597,-0.08,-0.1903,-0.1597
4,positive_training,ALL_CONDITIONS,HRSD_6.1,HRSD6,cross-corpus-882,MinMaxScaler,ElasticNet,185,46,5,-0.0461,4.2065,5.072,-0.0815,-0.1502,-0.1531
4,positive_training,ALL_CONDITIONS,HRSD_6.1,HRSD6,cross-corpus-882,MinMaxScaler,SVR,185,46,5,-0.0275,4.3124,5.1776,-0.0461,-0.1986,-0.1319
4,positive_training,ALL_CONDITIONS,HRSD_6.1,HRSD6,cross-corpus-882,MinMaxScaler,KNN,185,46,5,-0.0982,4.6643,5.4609,-0.1367,-0.3334,-0.1627
4,positive_training,ALL_CONDITIONS,HRSD_6.1,HRSD6,cross-corpus-882,MinMaxScaler,RF,185,46,5,-0.0919,4.4937,5.4318,-0.1237,-0.3192,-0.1201
4,positive_training,ALL_CONDITIONS,HRSD_6.1,HRSD6,cross-corpus-882,MinMaxScaler,ET,185,46,5,-0.1181,4.6848,5.4327,-0.1654,-0.3197,-0.1992
4,positive_training,ALL_CONDITIONS,HRSD_6.1,HRSD6,cross-corpus-882,MinMaxScaler,GB,185,46,5,-0.1157,4.5435,5.5336,-0.1526,-0.3691,-0.1986
4,positive_training,ALL_CONDITIONS,HRSD_6.1,HRSD6,cross-corpus-882,MinMaxScaler,XGB,185,46,5,-0.1084,4.5711,5.5208,-0.1423,-0.3628,-0.214
4,positive_training,ALL_CONDITIONS,HRSD_6.1,HRSD6,cross-corpus-882,MinMaxScaler,MLP,185,46,5,-0.0556,4.2413,5.1512,-0.0915,-0.1864,-0.1434
4,positive_training,ALL_CONDITIONS,HRSD_6.1,HRSD6,cross-corpus-882,MinMaxScaler,LGBM,185,46,5,-0.1195,4.5735,5.7213,-0.1451,-0.4636,-0.1455
4,positive_training,ALL_CONDITIONS,HRSD_6.1,HRSD6,cross-corpus-882,MinMaxScaler,CatBoost,185,46,5,-0.1027,4.6619,5.5071,-0.1344,-0.356,-0.1578
4,positive_training,ALL_CONDITIONS,HRSD_6.1,HRSD6,cross-corpus-882,RobustScaler,Ridge,185,46,5,0.0248,4.1308,5.0366,0.0363,-0.1342,0.0256
4,positive_training,ALL_CONDITIONS,HRSD_6.1,HRSD6,cross-corpus-882,RobustScaler,Lasso,185,46,5,0.0135,4.1504,5.0443,0.0202,-0.1377,-0.0055
4,positive_training,ALL_CONDITIONS,HRSD_6.1,HRSD6,cross-corpus-882,RobustScaler,ElasticNet,185,46,5,0.0102,4.1561,5.0479,0.0154,-0.1393,-0.0095
4,positive_training,ALL_CONDITIONS,HRSD_6.1,HRSD6,cross-corpus-882,RobustScaler,SVR,185,46,5,0.0083,4.3743,5.3021,0.0107,-0.2569,-0.0045
4,positive_training,ALL_CONDITIONS,HRSD_6.1,HRSD6,cross-corpus-882,RobustScaler,KNN,185,46,5,-0.1268,4.7464,5.7616,-0.1485,-0.4842,-0.1243
4,positive_training,ALL_CONDITIONS,HRSD_6.1,HRSD6,cross-corpus-882,RobustScaler,RF,185,46,5,-0.0421,4.2381,5.2381,-0.0589,-0.2268,-0.0766
4,positive_training,ALL_CONDITIONS,HRSD_6.1,HRSD6,cross-corpus-882,RobustScaler,ET,185,46,5,-0.0034,4.1704,5.164,-0.0047,-0.1923,0.0104
4,positive_training,ALL_CONDITIONS,HRSD_6.1,HRSD6,cross-corpus-882,RobustScaler,GB,185,46,5,0.0847,4.1474,5.3838,0.0933,-0.296,0.1511
4,positive_training,ALL_CONDITIONS,HRSD_6.1,HRSD6,cross-corpus-882,RobustScaler,XGB,185,46,5,-0.0366,4.5128,5.8319,-0.0394,-0.5207,-0.0331
4,positive_training,ALL_CONDITIONS,HRSD_6.1,HRSD6,cross-corpus-882,RobustScaler,MLP,185,46,5,0.0362,4.217,5.0555,0.051,-0.1427,0.0814
4,positive_training,ALL_CONDITIONS,HRSD_6.1,HRSD6,cross-corpus-882,RobustScaler,LGBM,185,46,5,-0.0309,4.4631,5.5457,-0.0357,-0.3751,-0.0145
4,positive_training,ALL_CONDITIONS,HRSD_6.1,HRSD6,cross-corpus-882,RobustScaler,CatBoost,185,46,5,0.0076,4.2527,5.1751,0.0101,-0.1974,0.0188
5,positive_training,ALL_CONDITIONS,HRSD_6.1,HRSD6,cross-corpus-882,StandardScaler,Ridge,185,46,5,0.0023,4.5081,5.3696,0.0043,-0.0856,-0.0048
5,positive_training,ALL_CONDITIONS,HRSD_6.1,HRSD6,cross-corpus-882,StandardScaler,Lasso,185,46,5,0.0138,4.4724,5.3255,0.0271,-0.0678,0.0228
5,positive_training,ALL_CONDITIONS,HRSD_6.1,HRSD6,cross-corpus-882,StandardScaler,ElasticNet,185,46,5,0.0144,4.472,5.3251,0.0282,-0.0677,0.0278
5,positive_training,ALL_CONDITIONS,HRSD_6.1,HRSD6,cross-corpus-882,StandardScaler,SVR,185,46,5,-0.0124,4.6209,5.6157,-0.0184,-0.1874,0.0026
5,positive_training,ALL_CONDITIONS,HRSD_6.1,HRSD6,cross-corpus-882,StandardScaler,KNN,185,46,5,-0.0154,4.7971,5.7016,-0.0206,-0.224,0.0129
5,positive_training,ALL_CONDITIONS,HRSD_6.1,HRSD6,cross-corpus-882,StandardScaler,RF,185,46,5,0.0034,4.5735,5.4937,0.0052,-0.1363,0.0189
5,positive_training,ALL_CONDITIONS,HRSD_6.1,HRSD6,cross-corpus-882,StandardScaler,ET,185,46,5,-0.0368,4.8137,5.7965,-0.0482,-0.265,-0.0344
5,positive_training,ALL_CONDITIONS,HRSD_6.1,HRSD6,cross-corpus-882,StandardScaler,GB,185,46,5,0.0798,4.5123,5.4661,0.1037,-0.1249,0.0438
5,positive_training,ALL_CONDITIONS,HRSD_6.1,HRSD6,cross-corpus-882,StandardScaler,XGB,185,46,5,0.036,4.5393,5.5265,0.0492,-0.1499,0.0376
5,positive_training,ALL_CONDITIONS,HRSD_6.1,HRSD6,cross-corpus-882,StandardScaler,MLP,185,46,5,0.001,4.5713,5.5402,0.0016,-0.1556,0.0213
5,positive_training,ALL_CONDITIONS,HRSD_6.1,HRSD6,cross-corpus-882,StandardScaler,LGBM,185,46,5,0.0706,4.4588,5.4118,0.0977,-0.1027,0.0892
5,positive_training,ALL_CONDITIONS,HRSD_6.1,HRSD6,cross-corpus-882,StandardScaler,CatBoost,185,46,5,0.0285,4.5858,5.4375,0.0434,-0.1132,0.0401
5,positive_training,ALL_CONDITIONS,HRSD_6.1,HRSD6,cross-corpus-882,MinMaxScaler,Ridge,185,46,5,-0.0066,4.5049,5.4326,-0.0119,-0.1112,0.0054
5,positive_training,ALL_CONDITIONS,HRSD_6.1,HRSD6,cross-corpus-882,MinMaxScaler,Lasso,185,46,5,-0.0045,4.4841,5.3972,-0.0086,-0.0968,-0.0146
5,positive_training,ALL_CONDITIONS,HRSD_6.1,HRSD6,cross-corpus-882,MinMaxScaler,ElasticNet,185,46,5,-0.002,4.4707,5.3732,-0.004,-0.0871,-0.012
5,positive_training,ALL_CONDITIONS,HRSD_6.1,HRSD6,cross-corpus-882,MinMaxScaler,SVR,185,46,5,0.0007,4.5704,5.6172,0.001,-0.188,0.0041
5,positive_training,ALL_CONDITIONS,HRSD_6.1,HRSD6,cross-corpus-882,MinMaxScaler,KNN,185,46,5,0.1305,4.3116,5.3489,0.1659,-0.0772,0.1577
5,positive_training,ALL_CONDITIONS,HRSD_6.1,HRSD6,cross-corpus-882,MinMaxScaler,RF,185,46,5,-0.0001,4.3498,5.4041,-0.0002,-0.0996,0.0518
5,positive_training,ALL_CONDITIONS,HRSD_6.1,HRSD6,cross-corpus-882,MinMaxScaler,ET,185,46,5,0.0219,4.3422,5.4964,0.0331,-0.1375,0.0852
5,positive_training,ALL_CONDITIONS,HRSD_6.1,HRSD6,cross-corpus-882,MinMaxScaler,GB,185,46,5,0.0682,4.2899,5.3265,0.1038,-0.0682,0.218
5,positive_training,ALL_CONDITIONS,HRSD_6.1,HRSD6,cross-corpus-882,MinMaxScaler,XGB,185,46,5,0.061,4.3197,5.2782,0.1011,-0.049,0.1908
5,positive_training,ALL_CONDITIONS,HRSD_6.1,HRSD6,cross-corpus-882,MinMaxScaler,MLP,185,46,5,-0.0108,4.5514,5.512,-0.0179,-0.1439,0.0089
5,positive_training,ALL_CONDITIONS,HRSD_6.1,HRSD6,cross-corpus-882,MinMaxScaler,LGBM,185,46,5,0.0636,4.1748,5.3315,0.0961,-0.0702,0.1368
5,positive_training,ALL_CONDITIONS,HRSD_6.1,HRSD6,cross-corpus-882,MinMaxScaler,CatBoost,185,46,5,0.0215,4.257,5.3639,0.0375,-0.0833,0.0733
5,positive_training,ALL_CONDITIONS,HRSD_6.1,HRSD6,cross-corpus-882,RobustScaler,Ridge,185,46,5,0.0781,4.27,5.2647,0.1246,-0.0436,0.0894
5,positive_training,ALL_CONDITIONS,HRSD_6.1,HRSD6,cross-corpus-882,RobustScaler,Lasso,185,46,5,0.0739,4.2784,5.2519,0.1224,-0.0385,0.1038
5,positive_training,ALL_CONDITIONS,HRSD_6.1,HRSD6,cross-corpus-882,RobustScaler,ElasticNet,185,46,5,0.0731,4.2836,5.2543,0.1209,-0.0395,0.1031
5,positive_training,ALL_CONDITIONS,HRSD_6.1,HRSD6,cross-corpus-882,RobustScaler,SVR,185,46,5,0.0697,4.4699,5.6403,0.0876,-0.1978,0.1013
5,positive_training,ALL_CONDITIONS,HRSD_6.1,HRSD6,cross-corpus-882,RobustScaler,KNN,185,46,5,0.0357,4.5386,5.52,0.0503,-0.1473,0.0646
5,positive_training,ALL_CONDITIONS,HRSD_6.1,HRSD6,cross-corpus-882,RobustScaler,RF,185,46,5,0.0371,4.3602,5.3795,0.0584,-0.0896,0.0905
5,positive_training,ALL_CONDITIONS,HRSD_6.1,HRSD6,cross-corpus-882,RobustScaler,ET,185,46,5,0.1587,4.2635,5.3192,0.1969,-0.0653,0.143
5,positive_training,ALL_CONDITIONS,HRSD_6.1,HRSD6,cross-corpus-882,RobustScaler,GB,185,46,5,0.0179,4.5102,5.6217,0.0236,-0.1899,0.0223
5,positive_training,ALL_CONDITIONS,HRSD_6.1,HRSD6,cross-corpus-882,RobustScaler,XGB,185,46,5,0.0488,4.2995,5.4899,0.0666,-0.1348,0.0718
5,positive_training,ALL_CONDITIONS,HRSD_6.1,HRSD6,cross-corpus-882,RobustScaler,MLP,185,46,5,0.0834,4.2698,5.3342,0.1209,-0.0713,0.1095
5,positive_training,ALL_CONDITIONS,HRSD_6.1,HRSD6,cross-corpus-882,RobustScaler,LGBM,185,46,5,0.088,4.287,5.4151,0.1168,-0.1041,0.1189
5,positive_training,ALL_CONDITIONS,HRSD_6.1,HRSD6,cross-corpus-882,RobustScaler,CatBoost,185,46,5,0.0931,4.2541,5.297,0.1357,-0.0564,0.1435
1,positive_training,ALL_CONDITIONS,HRSD_17.1,HRSD17,cross-corpus-882,StandardScaler,Ridge,184,47,5,-0.1508,7.3201,8.6521,-0.3105,-0.2285,-0.2867
1,positive_training,ALL_CONDITIONS,HRSD_17.1,HRSD17,cross-corpus-882,StandardScaler,Lasso,184,47,5,-0.1501,7.3043,8.6115,-0.3298,-0.217,-0.3141
1,positive_training,ALL_CONDITIONS,HRSD_17.1,HRSD17,cross-corpus-882,StandardScaler,ElasticNet,184,47,5,-0.1498,7.2993,8.6077,-0.3306,-0.2159,-0.3139
1,positive_training,ALL_CONDITIONS,HRSD_17.1,HRSD17,cross-corpus-882,StandardScaler,SVR,184,47,5,-0.1346,7.1565,8.6088,-0.288,-0.2163,-0.2891
1,positive_training,ALL_CONDITIONS,HRSD_17.1,HRSD17,cross-corpus-882,StandardScaler,KNN,184,47,5,-0.151,7.5623,9.1307,-0.2145,-0.3682,-0.1792
1,positive_training,ALL_CONDITIONS,HRSD_17.1,HRSD17,cross-corpus-882,StandardScaler,RF,184,47,5,-0.1573,7.6383,9.0152,-0.2342,-0.3338,-0.2291
1,positive_training,ALL_CONDITIONS,HRSD_17.1,HRSD17,cross-corpus-882,StandardScaler,ET,184,47,5,-0.2009,8.4124,10.0419,-0.2343,-0.6549,-0.2835
1,positive_training,ALL_CONDITIONS,HRSD_17.1,HRSD17,cross-corpus-882,StandardScaler,GB,184,47,5,-0.1772,7.6857,9.3083,-0.2348,-0.4219,-0.19
1,positive_training,ALL_CONDITIONS,HRSD_17.1,HRSD17,cross-corpus-882,StandardScaler,XGB,184,47,5,-0.1706,7.7148,9.3273,-0.2222,-0.4277,-0.1975
1,positive_training,ALL_CONDITIONS,HRSD_17.1,HRSD17,cross-corpus-882,StandardScaler,MLP,184,47,5,-0.167,7.5455,8.9023,-0.2805,-0.3006,-0.2943
1,positive_training,ALL_CONDITIONS,HRSD_17.1,HRSD17,cross-corpus-882,StandardScaler,LGBM,184,47,5,-0.1413,7.2835,8.8862,-0.2205,-0.2959,-0.1863
1,positive_training,ALL_CONDITIONS,HRSD_17.1,HRSD17,cross-corpus-882,StandardScaler,CatBoost,184,47,5,-0.1393,7.427,8.7511,-0.2395,-0.2568,-0.2102
1,positive_training,ALL_CONDITIONS,HRSD_17.1,HRSD17,cross-corpus-882,MinMaxScaler,Ridge,184,47,5,-0.1349,7.1041,8.5412,-0.3048,-0.1972,-0.2594
1,positive_training,ALL_CONDITIONS,HRSD_17.1,HRSD17,cross-corpus-882,MinMaxScaler,Lasso,184,47,5,-0.1321,7.0867,8.5216,-0.3042,-0.1917,-0.2593
1,positive_training,ALL_CONDITIONS,HRSD_17.1,HRSD17,cross-corpus-882,MinMaxScaler,ElasticNet,184,47,5,-0.1313,7.0695,8.5083,-0.3093,-0.188,-0.2639
1,positive_training,ALL_CONDITIONS,HRSD_17.1,HRSD17,cross-corpus-882,MinMaxScaler,SVR,184,47,5,-0.142,7.0004,8.6817,-0.3116,-0.2369,-0.2561
1,positive_training,ALL_CONDITIONS,HRSD_17.1,HRSD17,cross-corpus-882,MinMaxScaler,KNN,184,47,5,-0.0482,7.0496,8.5218,-0.0741,-0.1918,-0.0861
1,positive_training,ALL_CONDITIONS,HRSD_17.1,HRSD17,cross-corpus-882,MinMaxScaler,RF,184,47,5,-0.1547,7.4466,8.9847,-0.2316,-0.3248,-0.1847
1,positive_training,ALL_CONDITIONS,HRSD_17.1,HRSD17,cross-corpus-882,MinMaxScaler,ET,184,47,5,-0.22,8.6786,10.9931,-0.2261,-0.9833,-0.2004
1,positive_training,ALL_CONDITIONS,HRSD_17.1,HRSD17,cross-corpus-882,MinMaxScaler,GB,184,47,5,-0.1909,7.858,9.6986,-0.2277,-0.5437,-0.1667
1,positive_training,ALL_CONDITIONS,HRSD_17.1,HRSD17,cross-corpus-882,MinMaxScaler,XGB,184,47,5,-0.1353,7.4669,9.0979,-0.1826,-0.3584,-0.1214
1,positive_training,ALL_CONDITIONS,HRSD_17.1,HRSD17,cross-corpus-882,MinMaxScaler,MLP,184,47,5,-0.1401,7.19,8.5701,-0.3102,-0.2053,-0.2781
1,positive_training,ALL_CONDITIONS,HRSD_17.1,HRSD17,cross-corpus-882,MinMaxScaler,LGBM,184,47,5,-0.0857,7.2318,8.6878,-0.1304,-0.2387,-0.0977
1,positive_training,ALL_CONDITIONS,HRSD_17.1,HRSD17,cross-corpus-882,MinMaxScaler,CatBoost,184,47,5,-0.1314,7.3466,8.7684,-0.2166,-0.2618,-0.1985
1,positive_training,ALL_CONDITIONS,HRSD_17.1,HRSD17,cross-corpus-882,RobustScaler,Ridge,184,47,5,-0.1304,7.058,8.551,-0.2802,-0.2,-0.2169
1,positive_training,ALL_CONDITIONS,HRSD_17.1,HRSD17,cross-corpus-882,RobustScaler,Lasso,184,47,5,-0.1312,7.0638,8.5413,-0.2884,-0.1972,-0.2227
1,positive_training,ALL_CONDITIONS,HRSD_17.1,HRSD17,cross-corpus-882,RobustScaler,ElasticNet,184,47,5,-0.1325,7.075,8.5394,-0.295,-0.1967,-0.2283
1,positive_training,ALL_CONDITIONS,HRSD_17.1,HRSD17,cross-corpus-882,RobustScaler,SVR,184,47,5,-0.1182,7.2233,8.6258,-0.2134,-0.2211,-0.2059
1,positive_training,ALL_CONDITIONS,HRSD_17.1,HRSD17,cross-corpus-882,RobustScaler,KNN,184,47,5,-0.1814,7.6147,9.0579,-0.2766,-0.3465,-0.2711
1,positive_training,ALL_CONDITIONS,HRSD_17.1,HRSD17,cross-corpus-882,RobustScaler,RF,184,47,5,-0.1548,7.4043,9.0049,-0.2286,-0.3307,-0.1588
1,positive_training,ALL_CONDITIONS,HRSD_17.1,HRSD17,cross-corpus-882,RobustScaler,ET,184,47,5,-0.2725,9.3431,11.5402,-0.2766,-1.1856,-0.3016
1,positive_training,ALL_CONDITIONS,HRSD_17.1,HRSD17,cross-corpus-882,RobustScaler,GB,184,47,5,-0.1978,7.7255,9.4522,-0.2558,-0.4662,-0.2019
1,positive_training,ALL_CONDITIONS,HRSD_17.1,HRSD17,cross-corpus-882,RobustScaler,XGB,184,47,5,-0.1413,7.4483,9.0247,-0.2,-0.3366,-0.1736
1,positive_training,ALL_CONDITIONS,HRSD_17.1,HRSD17,cross-corpus-882,RobustScaler,MLP,184,47,5,-0.1538,7.3011,8.7651,-0.2803,-0.2608,-0.2382
1,positive_training,ALL_CONDITIONS,HRSD_17.1,HRSD17,cross-corpus-882,RobustScaler,LGBM,184,47,5,-0.105,7.2483,8.7558,-0.1607,-0.2581,-0.1325
1,positive_training,ALL_CONDITIONS,HRSD_17.1,HRSD17,cross-corpus-882,RobustScaler,CatBoost,184,47,5,-0.1503,7.3483,8.8162,-0.2527,-0.2756,-0.2247
2,positive_training,ALL_CONDITIONS,HRSD_17.1,HRSD17,cross-corpus-882,StandardScaler,Ridge,185,46,5,-0.0225,6.5611,7.9529,-0.0483,-0.0864,-0.0483
2,positive_training,ALL_CONDITIONS,HRSD_17.1,HRSD17,cross-corpus-882,StandardScaler,Lasso,185,46,5,-0.0204,6.5473,7.9325,-0.0448,-0.0809,-0.0459
2,positive_training,ALL_CONDITIONS,HRSD_17.1,HRSD17,cross-corpus-882,StandardScaler,ElasticNet,185,46,5,-0.0195,6.5394,7.9238,-0.0434,-0.0785,-0.0406
2,positive_training,ALL_CONDITIONS,HRSD_17.1,HRSD17,cross-corpus-882,StandardScaler,SVR,185,46,5,0.024,6.2746,7.8572,0.0527,-0.0605,0.04
2,positive_training,ALL_CONDITIONS,HRSD_17.1,HRSD17,cross-corpus-882,StandardScaler,KNN,185,46,5,-0.0727,6.8665,8.7179,-0.0953,-0.3055,-0.0398
2,positive_training,ALL_CONDITIONS,HRSD_17.1,HRSD17,cross-corpus-882,StandardScaler,RF,185,46,5,0.0385,6.4346,8.1269,0.0562,-0.1345,0.0885
2,positive_training,ALL_CONDITIONS,HRSD_17.1,HRSD17,cross-corpus-882,StandardScaler,ET,185,46,5,0.0044,6.7464,8.5279,0.0055,-0.2492,0.0271
2,positive_training,ALL_CONDITIONS,HRSD_17.1,HRSD17,cross-corpus-882,StandardScaler,GB,185,46,5,0.0465,6.2465,7.9592,0.0725,-0.0882,0.0834
2,positive_training,ALL_CONDITIONS,HRSD_17.1,HRSD17,cross-corpus-882,StandardScaler,XGB,185,46,5,0.0373,6.2152,7.977,0.0588,-0.0931,0.0765
2,positive_training,ALL_CONDITIONS,HRSD_17.1,HRSD17,cross-corpus-882,StandardScaler,MLP,185,46,5,0.0875,5.989,7.7435,0.1483,-0.03,0.1106
2,positive_training,ALL_CONDITIONS,HRSD_17.1,HRSD17,cross-corpus-882,StandardScaler,LGBM,185,46,5,0.0024,6.7735,8.4502,0.0032,-0.2266,0.0312
2,positive_training,ALL_CONDITIONS,HRSD_17.1,HRSD17,cross-corpus-882,StandardScaler,CatBoost,185,46,5,0.0439,6.2658,7.8562,0.0769,-0.0602,0.1265
2,positive_training,ALL_CONDITIONS,HRSD_17.1,HRSD17,cross-corpus-882,MinMaxScaler,Ridge,185,46,10,-0.011,6.5664,7.9706,-0.0213,-0.0913,0.0004
2,positive_training,ALL_CONDITIONS,HRSD_17.1,HRSD17,cross-corpus-882,MinMaxScaler,Lasso,185,46,10,-0.0074,6.4695,7.8235,-0.0188,-0.0514,0.0038
2,positive_training,ALL_CONDITIONS,HRSD_17.1,HRSD17,cross-corpus-882,MinMaxScaler,ElasticNet,185,46,10,-0.011,6.5601,7.9634,-0.0215,-0.0893,-0.0046
2,positive_training,ALL_CONDITIONS,HRSD_17.1,HRSD17,cross-corpus-882,MinMaxScaler,SVR,185,46,10,-0.0175,6.4316,8.0237,-0.0358,-0.1059,-0.0282
2,positive_training,ALL_CONDITIONS,HRSD_17.1,HRSD17,cross-corpus-882,MinMaxScaler,KNN,185,46,10,0.0303,6.6401,8.1778,0.0424,-0.1488,0.0639
2,positive_training,ALL_CONDITIONS,HRSD_17.1,HRSD17,cross-corpus-882,MinMaxScaler,RF,185,46,10,-0.0388,6.8507,8.3654,-0.0591,-0.2021,-0.0481
2,positive_training,ALL_CONDITIONS,HRSD_17.1,HRSD17,cross-corpus-882,MinMaxScaler,ET,185,46,10,0.0192,6.5837,8.1553,0.0292,-0.1425,0.023
2,positive_training,ALL_CONDITIONS,HRSD_17.1,HRSD17,cross-corpus-882,MinMaxScaler,GB,185,46,10,-0.03,7.0673,8.6898,-0.0374,-0.2971,0.0177
2,positive_training,ALL_CONDITIONS,HRSD_17.1,HRSD17,cross-corpus-882,MinMaxScaler,XGB,185,46,10,-0.0289,6.8378,8.5321,-0.0388,-0.2505,0.0284
2,positive_training,ALL_CONDITIONS,HRSD_17.1,HRSD17,cross-corpus-882,MinMaxScaler,MLP,185,46,10,-0.0041,6.5638,8.0171,-0.0073,-0.1041,0.0476
2,positive_training,ALL_CONDITIONS,HRSD_17.1,HRSD17,cross-corpus-882,MinMaxScaler,LGBM,185,46,10,-0.065,7.1975,9.0411,-0.0765,-0.4041,-0.0382
2,positive_training,ALL_CONDITIONS,HRSD_17.1,HRSD17,cross-corpus-882,MinMaxScaler,CatBoost,185,46,10,-0.0075,6.648,8.1824,-0.0117,-0.1501,0.0316
2,positive_training,ALL_CONDITIONS,HRSD_17.1,HRSD17,cross-corpus-882,RobustScaler,Ridge,185,46,10,0.0083,6.4666,7.7999,0.0191,-0.0451,0.07
2,positive_training,ALL_CONDITIONS,HRSD_17.1,HRSD17,cross-corpus-882,RobustScaler,Lasso,185,46,10,-0.0102,6.5807,7.947,-0.0203,-0.0848,0.0114
2,positive_training,ALL_CONDITIONS,HRSD_17.1,HRSD17,cross-corpus-882,RobustScaler,ElasticNet,185,46,10,-0.0025,6.5577,7.9126,-0.0051,-0.0755,0.0484
2,positive_training,ALL_CONDITIONS,HRSD_17.1,HRSD17,cross-corpus-882,RobustScaler,SVR,185,46,10,0.0013,6.3857,7.9725,0.0026,-0.0918,0.0299
2,positive_training,ALL_CONDITIONS,HRSD_17.1,HRSD17,cross-corpus-882,RobustScaler,KNN,185,46,10,-0.0739,6.8454,8.5152,-0.1073,-0.2455,-0.108
2,positive_training,ALL_CONDITIONS,HRSD_17.1,HRSD17,cross-corpus-882,RobustScaler,RF,185,46,10,-0.045,6.8071,8.305,-0.0711,-0.1848,0.0349
2,positive_training,ALL_CONDITIONS,HRSD_17.1,HRSD17,cross-corpus-882,RobustScaler,ET,185,46,10,-0.0764,6.9591,8.4616,-0.117,-0.2299,-0.1033
2,positive_training,ALL_CONDITIONS,HRSD_17.1,HRSD17,cross-corpus-882,RobustScaler,GB,185,46,10,-0.0088,6.8885,8.5545,-0.0112,-0.2571,0.0824
2,positive_training,ALL_CONDITIONS,HRSD_17.1,HRSD17,cross-corpus-882,RobustScaler,XGB,185,46,10,-0.0447,6.9762,8.474,-0.0646,-0.2335,0.0209
2,positive_training,ALL_CONDITIONS,HRSD_17.1,HRSD17,cross-corpus-882,RobustScaler,MLP,185,46,10,-0.0291,6.7382,8.4399,-0.0459,-0.2236,0.0031
2,positive_training,ALL_CONDITIONS,HRSD_17.1,HRSD17,cross-corpus-882,RobustScaler,LGBM,185,46,10,-0.0582,7.0906,8.7853,-0.0731,-0.3258,-0.0384
2,positive_training,ALL_CONDITIONS,HRSD_17.1,HRSD17,cross-corpus-882,RobustScaler,CatBoost,185,46,10,0.0019,6.6532,8.0854,0.0031,-0.123,0.0744
3,positive_training,ALL_CONDITIONS,HRSD_17.1,HRSD17,cross-corpus-882,StandardScaler,Ridge,185,46,5,0.0445,6.7523,8.5881,0.0556,-0.2186,0.0271
3,positive_training,ALL_CONDITIONS,HRSD_17.1,HRSD17,cross-corpus-882,StandardScaler,Lasso,185,46,5,0.0306,6.7274,8.3729,0.0427,-0.1583,0.0193
3,positive_training,ALL_CONDITIONS,HRSD_17.1,HRSD17,cross-corpus-882,StandardScaler,ElasticNet,185,46,5,0.0434,6.7353,8.5448,0.0551,-0.2064,0.0281
3,positive_training,ALL_CONDITIONS,HRSD_17.1,HRSD17,cross-corpus-882,StandardScaler,SVR,185,46,5,0.0294,6.59,7.9803,0.0566,-0.0522,0.1022
3,positive_training,ALL_CONDITIONS,HRSD_17.1,HRSD17,cross-corpus-882,StandardScaler,KNN,185,46,5,0.0363,6.7971,8.2402,0.0537,-0.1219,0.0271
3,positive_training,ALL_CONDITIONS,HRSD_17.1,HRSD17,cross-corpus-882,StandardScaler,RF,185,46,5,0.067,6.5063,8.112,0.1032,-0.0872,0.1073
3,positive_training,ALL_CONDITIONS,HRSD_17.1,HRSD17,cross-corpus-882,StandardScaler,ET,185,46,5,0.1147,6.3089,7.9509,0.1635,-0.0445,0.1039
3,positive_training,ALL_CONDITIONS,HRSD_17.1,HRSD17,cross-corpus-882,StandardScaler,GB,185,46,5,0.0812,6.7696,8.325,0.1056,-0.1451,0.1275
3,positive_training,ALL_CONDITIONS,HRSD_17.1,HRSD17,cross-corpus-882,StandardScaler,XGB,185,46,5,0.0286,6.7479,8.5094,0.0377,-0.1964,0.0723
3,positive_training,ALL_CONDITIONS,HRSD_17.1,HRSD17,cross-corpus-882,StandardScaler,MLP,185,46,5,0.0856,6.6473,8.1592,0.1171,-0.0999,0.0811
3,positive_training,ALL_CONDITIONS,HRSD_17.1,HRSD17,cross-corpus-882,StandardScaler,LGBM,185,46,5,-0.033,7.1991,8.8737,-0.0438,-0.301,-0.0819
3,positive_training,ALL_CONDITIONS,HRSD_17.1,HRSD17,cross-corpus-882,StandardScaler,CatBoost,185,46,5,0.0384,6.6192,8.2267,0.0591,-0.1182,0.0886
3,positive_training,ALL_CONDITIONS,HRSD_17.1,HRSD17,cross-corpus-882,MinMaxScaler,Ridge,185,46,5,0.0777,6.6516,8.294,0.1001,-0.1366,0.1377
3,positive_training,ALL_CONDITIONS,HRSD_17.1,HRSD17,cross-corpus-882,MinMaxScaler,Lasso,185,46,5,0.0662,6.6509,8.2316,0.0901,-0.1195,0.1268
3,positive_training,ALL_CONDITIONS,HRSD_17.1,HRSD17,cross-corpus-882,MinMaxScaler,ElasticNet,185,46,5,0.0453,6.6492,8.1737,0.0676,-0.1039,0.0755
3,positive_training,ALL_CONDITIONS,HRSD_17.1,HRSD17,cross-corpus-882,MinMaxScaler,SVR,185,46,5,0.0176,6.6236,8.1488,0.03,-0.0971,0.0404
3,positive_training,ALL_CONDITIONS,HRSD_17.1,HRSD17,cross-corpus-882,MinMaxScaler,KNN,185,46,5,0.0818,6.6014,8.0606,0.1167,-0.0735,0.1034
3,positive_training,ALL_CONDITIONS,HRSD_17.1,HRSD17,cross-corpus-882,MinMaxScaler,RF,185,46,5,0.098,6.5991,7.9109,0.1525,-0.034,0.117
3,positive_training,ALL_CONDITIONS,HRSD_17.1,HRSD17,cross-corpus-882,MinMaxScaler,ET,185,46,5,0.1533,6.4288,7.7807,0.2156,-0.0002,0.1196
3,positive_training,ALL_CONDITIONS,HRSD_17.1,HRSD17,cross-corpus-882,MinMaxScaler,GB,185,46,5,0.1513,6.4317,7.9231,0.1986,-0.0372,0.2084
3,positive_training,ALL_CONDITIONS,HRSD_17.1,HRSD17,cross-corpus-882,MinMaxScaler,XGB,185,46,5,0.141,6.6503,8.0138,0.1817,-0.0611,0.1953
3,positive_training,ALL_CONDITIONS,HRSD_17.1,HRSD17,cross-corpus-882,MinMaxScaler,MLP,185,46,5,0.0116,6.8157,8.333,0.0174,-0.1473,0.0095
3,positive_training,ALL_CONDITIONS,HRSD_17.1,HRSD17,cross-corpus-882,MinMaxScaler,LGBM,185,46,5,0.0741,6.889,8.2952,0.0959,-0.1369,0.1308
3,positive_training,ALL_CONDITIONS,HRSD_17.1,HRSD17,cross-corpus-882,MinMaxScaler,CatBoost,185,46,5,0.0556,6.6406,8.1373,0.0829,-0.094,0.1024
3,positive_training,ALL_CONDITIONS,HRSD_17.1,HRSD17,cross-corpus-882,RobustScaler,Ridge,185,46,10,0.0693,6.7349,8.3474,0.0893,-0.1513,0.0958
3,positive_training,ALL_CONDITIONS,HRSD_17.1,HRSD17,cross-corpus-882,RobustScaler,Lasso,185,46,10,0.0443,6.6859,8.119,0.0689,-0.0891,0.0237
3,positive_training,ALL_CONDITIONS,HRSD_17.1,HRSD17,cross-corpus-882,RobustScaler,ElasticNet,185,46,10,0.0677,6.7163,8.2897,0.0897,-0.1354,0.0926
3,positive_training,ALL_CONDITIONS,HRSD_17.1,HRSD17,cross-corpus-882,RobustScaler,SVR,185,46,10,0.0166,6.6434,7.9824,0.0339,-0.0528,0.088
3,positive_training,ALL_CONDITIONS,HRSD_17.1,HRSD17,cross-corpus-882,RobustScaler,KNN,185,46,10,0.0831,6.6667,7.9622,0.1302,-0.0475,0.0667
3,positive_training,ALL_CONDITIONS,HRSD_17.1,HRSD17,cross-corpus-882,RobustScaler,RF,185,46,10,0.1074,6.5232,7.8259,0.1701,-0.0119,0.1791
3,positive_training,ALL_CONDITIONS,HRSD_17.1,HRSD17,cross-corpus-882,RobustScaler,ET,185,46,10,0.0878,6.6061,8.0039,0.128,-0.0585,0.0691
3,positive_training,ALL_CONDITIONS,HRSD_17.1,HRSD17,cross-corpus-882,RobustScaler,GB,185,46,10,0.1447,6.5392,8.0103,0.1852,-0.0601,0.2234
3,positive_training,ALL_CONDITIONS,HRSD_17.1,HRSD17,cross-corpus-882,RobustScaler,XGB,185,46,10,0.1168,6.6613,8.1531,0.1483,-0.0983,0.2094
3,positive_training,ALL_CONDITIONS,HRSD_17.1,HRSD17,cross-corpus-882,RobustScaler,MLP,185,46,10,0.0751,6.6635,8.107,0.1074,-0.0859,0.0694
3,positive_training,ALL_CONDITIONS,HRSD_17.1,HRSD17,cross-corpus-882,RobustScaler,LGBM,185,46,10,0.1524,6.6562,7.9323,0.1975,-0.0396,0.2647
3,positive_training,ALL_CONDITIONS,HRSD_17.1,HRSD17,cross-corpus-882,RobustScaler,CatBoost,185,46,10,0.0647,6.5477,7.9984,0.1042,-0.057,0.1246
4,positive_training,ALL_CONDITIONS,HRSD_17.1,HRSD17,cross-corpus-882,StandardScaler,Ridge,185,46,10,0.0835,6.1621,7.6476,0.1183,-0.0729,0.1077
4,positive_training,ALL_CONDITIONS,HRSD_17.1,HRSD17,cross-corpus-882,StandardScaler,Lasso,185,46,10,0.0831,6.151,7.6431,0.1183,-0.0717,0.0954
4,positive_training,ALL_CONDITIONS,HRSD_17.1,HRSD17,cross-corpus-882,StandardScaler,ElasticNet,185,46,10,0.0826,6.1462,7.6468,0.1174,-0.0727,0.0835
4,positive_training,ALL_CONDITIONS,HRSD_17.1,HRSD17,cross-corpus-882,StandardScaler,SVR,185,46,10,-0.0007,6.0661,7.7185,-0.0013,-0.0929,-0.0098
4,positive_training,ALL_CONDITIONS,HRSD_17.1,HRSD17,cross-corpus-882,StandardScaler,KNN,185,46,10,0.0045,6.6014,8.1717,0.0059,-0.225,0.0087
4,positive_training,ALL_CONDITIONS,HRSD_17.1,HRSD17,cross-corpus-882,StandardScaler,RF,185,46,10,0.0319,6.3198,8.0197,0.0419,-0.1799,-0.0142
4,positive_training,ALL_CONDITIONS,HRSD_17.1,HRSD17,cross-corpus-882,StandardScaler,ET,185,46,10,0.0983,6.3405,7.8096,0.1251,-0.1188,0.1137
4,positive_training,ALL_CONDITIONS,HRSD_17.1,HRSD17,cross-corpus-882,StandardScaler,GB,185,46,10,0.0923,6.1319,8.0595,0.1089,-0.1916,0.1083
4,positive_training,ALL_CONDITIONS,HRSD_17.1,HRSD17,cross-corpus-882,StandardScaler,XGB,185,46,10,0.0853,6.1627,7.9628,0.1045,-0.1632,0.0793
4,positive_training,ALL_CONDITIONS,HRSD_17.1,HRSD17,cross-corpus-882,StandardScaler,MLP,185,46,10,0.0466,6.3854,8.3823,0.0531,-0.289,0.0652
4,positive_training,ALL_CONDITIONS,HRSD_17.1,HRSD17,cross-corpus-882,StandardScaler,LGBM,185,46,10,0.0731,6.5775,8.1089,0.0877,-0.2063,0.0565
4,positive_training,ALL_CONDITIONS,HRSD_17.1,HRSD17,cross-corpus-882,StandardScaler,CatBoost,185,46,10,0.0583,6.2509,7.8589,0.0784,-0.133,0.0168
4,positive_training,ALL_CONDITIONS,HRSD_17.1,HRSD17,cross-corpus-882,MinMaxScaler,Ridge,185,46,5,0.0375,6.3594,7.8541,0.0526,-0.1317,0.0024
4,positive_training,ALL_CONDITIONS,HRSD_17.1,HRSD17,cross-corpus-882,MinMaxScaler,Lasso,185,46,5,0.0367,6.3396,7.8337,0.0523,-0.1258,0.0014
4,positive_training,ALL_CONDITIONS,HRSD_17.1,HRSD17,cross-corpus-882,MinMaxScaler,ElasticNet,185,46,5,0.0348,6.3102,7.7968,0.051,-0.1152,-0.0017
4,positive_training,ALL_CONDITIONS,HRSD_17.1,HRSD17,cross-corpus-882,MinMaxScaler,SVR,185,46,5,0.1575,6.3436,8.0166,0.1827,-0.179,0.1233
4,positive_training,ALL_CONDITIONS,HRSD_17.1,HRSD17,cross-corpus-882,MinMaxScaler,KNN,185,46,5,0.1263,5.9879,7.5747,0.1693,-0.0526,0.1893
4,positive_training,ALL_CONDITIONS,HRSD_17.1,HRSD17,cross-corpus-882,MinMaxScaler,RF,185,46,5,0.1345,6.0897,7.6923,0.1673,-0.0855,0.1427
4,positive_training,ALL_CONDITIONS,HRSD_17.1,HRSD17,cross-corpus-882,MinMaxScaler,ET,185,46,5,0.1638,5.9283,7.4329,0.2157,-0.0135,0.1781
4,positive_training,ALL_CONDITIONS,HRSD_17.1,HRSD17,cross-corpus-882,MinMaxScaler,GB,185,46,5,0.118,6.1944,7.8347,0.1436,-0.1261,0.1109
4,positive_training,ALL_CONDITIONS,HRSD_17.1,HRSD17,cross-corpus-882,MinMaxScaler,XGB,185,46,5,0.0784,6.4892,8.1264,0.0922,-0.2115,0.0848
4,positive_training,ALL_CONDITIONS,HRSD_17.1,HRSD17,cross-corpus-882,MinMaxScaler,MLP,185,46,5,0.0349,6.3912,7.8659,0.0489,-0.135,0.0079
4,positive_training,ALL_CONDITIONS,HRSD_17.1,HRSD17,cross-corpus-882,MinMaxScaler,LGBM,185,46,5,0.174,6.1562,7.5613,0.2164,-0.0489,0.1701
4,positive_training,ALL_CONDITIONS,HRSD_17.1,HRSD17,cross-corpus-882,MinMaxScaler,CatBoost,185,46,5,0.0865,6.2241,7.82,0.1112,-0.1218,0.1275
4,positive_training,ALL_CONDITIONS,HRSD_17.1,HRSD17,cross-corpus-882,RobustScaler,Ridge,185,46,10,0.0895,6.1937,7.6526,0.1245,-0.0743,0.0875
4,positive_training,ALL_CONDITIONS,HRSD_17.1,HRSD17,cross-corpus-882,RobustScaler,Lasso,185,46,10,0.095,6.1883,7.6435,0.1311,-0.0718,0.0969
4,positive_training,ALL_CONDITIONS,HRSD_17.1,HRSD17,cross-corpus-882,RobustScaler,ElasticNet,185,46,10,0.0845,6.2094,7.6639,0.1182,-0.0775,0.0729
4,positive_training,ALL_CONDITIONS,HRSD_17.1,HRSD17,cross-corpus-882,RobustScaler,SVR,185,46,10,0.2467,5.8351,7.4034,0.2906,-0.0055,0.2845
4,positive_training,ALL_CONDITIONS,HRSD_17.1,HRSD17,cross-corpus-882,RobustScaler,KNN,185,46,10,0.121,6.0043,7.9719,0.1408,-0.1658,0.1332
4,positive_training,ALL_CONDITIONS,HRSD_17.1,HRSD17,cross-corpus-882,RobustScaler,RF,185,46,10,0.0663,6.1872,7.9005,0.0864,-0.1451,0.0319
4,positive_training,ALL_CONDITIONS,HRSD_17.1,HRSD17,cross-corpus-882,RobustScaler,ET,185,46,10,0.1277,6.055,7.5809,0.1702,-0.0543,0.1431
4,positive_training,ALL_CONDITIONS,HRSD_17.1,HRSD17,cross-corpus-882,RobustScaler,GB,185,46,10,0.1537,5.8959,7.6316,0.1896,-0.0684,0.1752
4,positive_training,ALL_CONDITIONS,HRSD_17.1,HRSD17,cross-corpus-882,RobustScaler,XGB,185,46,10,0.1028,6.1405,7.8816,0.1258,-0.1396,0.1181
4,positive_training,ALL_CONDITIONS,HRSD_17.1,HRSD17,cross-corpus-882,RobustScaler,MLP,185,46,10,0.1752,6.1125,7.8776,0.1965,-0.1384,0.208
4,positive_training,ALL_CONDITIONS,HRSD_17.1,HRSD17,cross-corpus-882,RobustScaler,LGBM,185,46,10,0.0742,6.4434,7.9373,0.0934,-0.1558,0.0604
4,positive_training,ALL_CONDITIONS,HRSD_17.1,HRSD17,cross-corpus-882,RobustScaler,CatBoost,185,46,10,0.1187,6.01,7.5652,0.1622,-0.0499,0.1081
5,positive_training,ALL_CONDITIONS,HRSD_17.1,HRSD17,cross-corpus-882,StandardScaler,Ridge,185,46,5,0.0465,6.7926,8.27,0.0793,-0.0579,0.0386
5,positive_training,ALL_CONDITIONS,HRSD_17.1,HRSD17,cross-corpus-882,StandardScaler,Lasso,185,46,5,0.046,6.778,8.2559,0.0799,-0.0543,0.0342
5,positive_training,ALL_CONDITIONS,HRSD_17.1,HRSD17,cross-corpus-882,StandardScaler,ElasticNet,185,46,5,0.0451,6.7779,8.2428,0.0797,-0.051,0.0404
5,positive_training,ALL_CONDITIONS,HRSD_17.1,HRSD17,cross-corpus-882,StandardScaler,SVR,185,46,5,0.0316,6.8399,8.2195,0.0688,-0.045,0.0611
5,positive_training,ALL_CONDITIONS,HRSD_17.1,HRSD17,cross-corpus-882,StandardScaler,KNN,185,46,5,0.0525,6.8382,8.2552,0.0883,-0.0541,0.0709
5,positive_training,ALL_CONDITIONS,HRSD_17.1,HRSD17,cross-corpus-882,StandardScaler,RF,185,46,5,0.0297,7.0062,8.2703,0.0541,-0.058,0.0553
5,positive_training,ALL_CONDITIONS,HRSD_17.1,HRSD17,cross-corpus-882,StandardScaler,ET,185,46,5,-0.0058,7.1,8.588,-0.0093,-0.1408,-0.0132
5,positive_training,ALL_CONDITIONS,HRSD_17.1,HRSD17,cross-corpus-882,StandardScaler,GB,185,46,5,0.1399,7.0386,8.2516,0.183,-0.0532,0.2397
5,positive_training,ALL_CONDITIONS,HRSD_17.1,HRSD17,cross-corpus-882,StandardScaler,XGB,185,46,5,0.0933,7.2387,8.5468,0.118,-0.1299,0.1765
5,positive_training,ALL_CONDITIONS,HRSD_17.1,HRSD17,cross-corpus-882,StandardScaler,MLP,185,46,5,0.0367,6.93,8.4535,0.056,-0.1054,0.0687
5,positive_training,ALL_CONDITIONS,HRSD_17.1,HRSD17,cross-corpus-882,StandardScaler,LGBM,185,46,5,0.0472,6.8982,8.4975,0.0667,-0.1169,0.0633
5,positive_training,ALL_CONDITIONS,HRSD_17.1,HRSD17,cross-corpus-882,StandardScaler,CatBoost,185,46,5,-0.002,6.9999,8.457,-0.0034,-0.1063,0.0124
5,positive_training,ALL_CONDITIONS,HRSD_17.1,HRSD17,cross-corpus-882,MinMaxScaler,Ridge,185,46,5,0.0385,6.682,8.383,0.0613,-0.087,-0.0061
5,positive_training,ALL_CONDITIONS,HRSD_17.1,HRSD17,cross-corpus-882,MinMaxScaler,Lasso,185,46,5,0.0382,6.6687,8.3615,0.062,-0.0815,0.0011
5,positive_training,ALL_CONDITIONS,HRSD_17.1,HRSD17,cross-corpus-882,MinMaxScaler,ElasticNet,185,46,5,0.0402,6.6313,8.2931,0.0692,-0.0638,0.0188
5,positive_training,ALL_CONDITIONS,HRSD_17.1,HRSD17,cross-corpus-882,MinMaxScaler,SVR,185,46,5,0.0373,6.5734,8.2277,0.0762,-0.0471,0.0424
5,positive_training,ALL_CONDITIONS,HRSD_17.1,HRSD17,cross-corpus-882,MinMaxScaler,KNN,185,46,5,0.0417,6.8261,8.3581,0.0689,-0.0806,0.0479
5,positive_training,ALL_CONDITIONS,HRSD_17.1,HRSD17,cross-corpus-882,MinMaxScaler,RF,185,46,5,0.0215,6.8679,8.2955,0.0396,-0.0644,0.0344
5,positive_training,ALL_CONDITIONS,HRSD_17.1,HRSD17,cross-corpus-882,MinMaxScaler,ET,185,46,5,0.0164,6.9575,8.4667,0.0261,-0.1088,0.0198
5,positive_training,ALL_CONDITIONS,HRSD_17.1,HRSD17,cross-corpus-882,MinMaxScaler,GB,185,46,5,0.0786,6.9765,8.4091,0.108,-0.0938,0.128
5,positive_training,ALL_CONDITIONS,HRSD_17.1,HRSD17,cross-corpus-882,MinMaxScaler,XGB,185,46,5,0.0919,6.837,8.2193,0.1362,-0.045,0.1084
5,positive_training,ALL_CONDITIONS,HRSD_17.1,HRSD17,cross-corpus-882,MinMaxScaler,MLP,185,46,5,0.0386,6.6792,8.3449,0.0637,-0.0772,0.0328
5,positive_training,ALL_CONDITIONS,HRSD_17.1,HRSD17,cross-corpus-882,MinMaxScaler,LGBM,185,46,5,-0.0433,7.4567,9.0771,-0.0563,-0.2745,-0.0302
5,positive_training,ALL_CONDITIONS,HRSD_17.1,HRSD17,cross-corpus-882,MinMaxScaler,CatBoost,185,46,5,-0.0354,7.0525,8.6465,-0.0584,-0.1564,-0.0364
5,positive_training,ALL_CONDITIONS,HRSD_17.1,HRSD17,cross-corpus-882,RobustScaler,Ridge,185,46,5,0.012,6.7468,8.3445,0.0223,-0.0771,0.026
5,positive_training,ALL_CONDITIONS,HRSD_17.1,HRSD17,cross-corpus-882,RobustScaler,Lasso,185,46,5,0.0178,6.7266,8.3462,0.0318,-0.0775,0.0395
5,positive_training,ALL_CONDITIONS,HRSD_17.1,HRSD17,cross-corpus-882,RobustScaler,ElasticNet,185,46,5,0.0155,6.7345,8.3417,0.0282,-0.0764,0.035
5,positive_training,ALL_CONDITIONS,HRSD_17.1,HRSD17,cross-corpus-882,RobustScaler,SVR,185,46,5,0.0835,6.5265,8.3628,0.118,-0.0818,0.0784
5,positive_training,ALL_CONDITIONS,HRSD_17.1,HRSD17,cross-corpus-882,RobustScaler,KNN,185,46,5,0.0894,6.7547,8.2955,0.1317,-0.0645,0.1437
5,positive_training,ALL_CONDITIONS,HRSD_17.1,HRSD17,cross-corpus-882,RobustScaler,RF,185,46,5,0.0967,6.5922,7.9799,0.1773,0.015,0.1824
5,positive_training,ALL_CONDITIONS,HRSD_17.1,HRSD17,cross-corpus-882,RobustScaler,ET,185,46,5,0.1731,6.1922,7.8074,0.2664,0.0571,0.2547
5,positive_training,ALL_CONDITIONS,HRSD_17.1,HRSD17,cross-corpus-882,RobustScaler,GB,185,46,5,0.0729,6.8755,8.309,0.1118,-0.0679,0.0801
5,positive_training,ALL_CONDITIONS,HRSD_17.1,HRSD17,cross-corpus-882,RobustScaler,XGB,185,46,5,0.0255,6.929,8.4418,0.042,-0.1023,0.0234
5,positive_training,ALL_CONDITIONS,HRSD_17.1,HRSD17,cross-corpus-882,RobustScaler,MLP,185,46,5,0.1147,6.337,8.0586,0.1799,-0.0045,0.1692
5,positive_training,ALL_CONDITIONS,HRSD_17.1,HRSD17,cross-corpus-882,RobustScaler,LGBM,185,46,5,0.1216,6.6498,8.285,0.1651,-0.0618,0.2012
5,positive_training,ALL_CONDITIONS,HRSD_17.1,HRSD17,cross-corpus-882,RobustScaler,CatBoost,185,46,5,0.0911,6.5966,8.0795,0.156,-0.0097,0.1666
1,positive_training,ALL_CONDITIONS,HRSD_21.1,HRSD21,cross-corpus-882,StandardScaler,Ridge,184,47,15,-0.0053,8.2889,10.3106,-0.0062,-0.3334,0.069
1,positive_training,ALL_CONDITIONS,HRSD_21.1,HRSD21,cross-corpus-882,StandardScaler,Lasso,184,47,15,-0.0077,8.2738,10.3189,-0.009,-0.3356,0.0755
1,positive_training,ALL_CONDITIONS,HRSD_21.1,HRSD21,cross-corpus-882,StandardScaler,ElasticNet,184,47,15,-0.0022,8.0345,10.004,-0.0028,-0.2553,0.1325
1,positive_training,ALL_CONDITIONS,HRSD_21.1,HRSD21,cross-corpus-882,StandardScaler,SVR,184,47,15,0.0501,8.576,10.9725,0.0519,-0.5101,0.0982
1,positive_training,ALL_CONDITIONS,HRSD_21.1,HRSD21,cross-corpus-882,StandardScaler,KNN,184,47,15,0.0869,7.7447,9.2565,0.1227,-0.0747,0.1186
1,positive_training,ALL_CONDITIONS,HRSD_21.1,HRSD21,cross-corpus-882,StandardScaler,RF,184,47,15,-0.0871,8.5709,10.1192,-0.1214,-0.2844,-0.0459
1,positive_training,ALL_CONDITIONS,HRSD_21.1,HRSD21,cross-corpus-882,StandardScaler,ET,184,47,15,-0.0788,8.5896,10.1396,-0.1072,-0.2896,-0.1074
1,positive_training,ALL_CONDITIONS,HRSD_21.1,HRSD21,cross-corpus-882,StandardScaler,GB,184,47,15,-0.1214,9.4119,11.419,-0.1308,-0.6355,-0.0919
1,positive_training,ALL_CONDITIONS,HRSD_21.1,HRSD21,cross-corpus-882,StandardScaler,XGB,184,47,15,-0.0574,8.9906,10.9102,-0.0634,-0.493,-0.034
1,positive_training,ALL_CONDITIONS,HRSD_21.1,HRSD21,cross-corpus-882,StandardScaler,MLP,184,47,15,-0.0216,8.3188,10.4331,-0.0249,-0.3653,0.0151
1,positive_training,ALL_CONDITIONS,HRSD_21.1,HRSD21,cross-corpus-882,StandardScaler,LGBM,184,47,15,0.0265,8.1723,9.8907,0.0327,-0.227,0.0436
1,positive_training,ALL_CONDITIONS,HRSD_21.1,HRSD21,cross-corpus-882,StandardScaler,CatBoost,184,47,15,-0.0631,8.596,10.217,-0.0808,-0.3093,0.0023
1,positive_training,ALL_CONDITIONS,HRSD_21.1,HRSD21,cross-corpus-882,MinMaxScaler,Ridge,184,47,10,-0.0114,8.2938,10.3945,-0.0131,-0.3552,0.0832
1,positive_training,ALL_CONDITIONS,HRSD_21.1,HRSD21,cross-corpus-882,MinMaxScaler,Lasso,184,47,10,0.0077,8.0725,10.1037,0.0092,-0.2805,0.1272
1,positive_training,ALL_CONDITIONS,HRSD_21.1,HRSD21,cross-corpus-882,MinMaxScaler,ElasticNet,184,47,10,0.0055,7.979,9.923,0.0069,-0.2351,0.111
1,positive_training,ALL_CONDITIONS,HRSD_21.1,HRSD21,cross-corpus-882,MinMaxScaler,SVR,184,47,10,0.0649,8.0881,9.7089,0.0807,-0.1824,0.0892
1,positive_training,ALL_CONDITIONS,HRSD_21.1,HRSD21,cross-corpus-882,MinMaxScaler,KNN,184,47,10,0.053,8.0596,9.9396,0.0665,-0.2392,0.0838
1,positive_training,ALL_CONDITIONS,HRSD_21.1,HRSD21,cross-corpus-882,MinMaxScaler,RF,184,47,10,-0.0304,8.2293,9.7983,-0.0433,-0.2042,0.0064
1,positive_training,ALL_CONDITIONS,HRSD_21.1,HRSD21,cross-corpus-882,MinMaxScaler,ET,184,47,10,0.0563,7.9368,9.4626,0.0768,-0.1231,0.0928
1,positive_training,ALL_CONDITIONS,HRSD_21.1,HRSD21,cross-corpus-882,MinMaxScaler,GB,184,47,10,-0.0366,9.2773,11.1868,-0.0388,-0.5697,0.0192
1,positive_training,ALL_CONDITIONS,HRSD_21.1,HRSD21,cross-corpus-882,MinMaxScaler,XGB,184,47,10,0.0382,8.5453,10.2433,0.0432,-0.3161,0.0661
1,positive_training,ALL_CONDITIONS,HRSD_21.1,HRSD21,cross-corpus-882,MinMaxScaler,MLP,184,47,10,0.0073,8.2103,10.0673,0.0088,-0.2712,0.061
1,positive_training,ALL_CONDITIONS,HRSD_21.1,HRSD21,cross-corpus-882,MinMaxScaler,LGBM,184,47,10,0.0419,8.1482,9.9021,0.0505,-0.2299,0.039
1,positive_training,ALL_CONDITIONS,HRSD_21.1,HRSD21,cross-corpus-882,MinMaxScaler,CatBoost,184,47,10,0.0328,8.0262,9.5704,0.045,-0.1489,0.0429
1,positive_training,ALL_CONDITIONS,HRSD_21.1,HRSD21,cross-corpus-882,RobustScaler,Ridge,184,47,20,-0.001,8.2378,10.2526,-0.0012,-0.3185,0.058
1,positive_training,ALL_CONDITIONS,HRSD_21.1,HRSD21,cross-corpus-882,RobustScaler,Lasso,184,47,20,-0.0007,8.2078,10.2234,-0.0008,-0.311,0.0593
1,positive_training,ALL_CONDITIONS,HRSD_21.1,HRSD21,cross-corpus-882,RobustScaler,ElasticNet,184,47,20,0.0047,8.117,10.137,0.0057,-0.2889,0.0773
1,positive_training,ALL_CONDITIONS,HRSD_21.1,HRSD21,cross-corpus-882,RobustScaler,SVR,184,47,20,0.1853,7.0426,9.1535,0.2221,-0.0509,0.198
1,positive_training,ALL_CONDITIONS,HRSD_21.1,HRSD21,cross-corpus-882,RobustScaler,KNN,184,47,20,0.0137,7.8747,9.5988,0.0193,-0.1557,0.0371
1,positive_training,ALL_CONDITIONS,HRSD_21.1,HRSD21,cross-corpus-882,RobustScaler,RF,184,47,20,-0.0671,8.3765,9.9565,-0.0968,-0.2434,-0.0406
1,positive_training,ALL_CONDITIONS,HRSD_21.1,HRSD21,cross-corpus-882,RobustScaler,ET,184,47,20,-0.074,8.4401,9.9886,-0.1073,-0.2514,-0.0671
1,positive_training,ALL_CONDITIONS,HRSD_21.1,HRSD21,cross-corpus-882,RobustScaler,GB,184,47,20,-0.0713,8.758,10.5865,-0.0838,-0.4057,-0.0396
1,positive_training,ALL_CONDITIONS,HRSD_21.1,HRSD21,cross-corpus-882,RobustScaler,XGB,184,47,20,-0.0349,8.6842,10.3094,-0.042,-0.3331,-0.0195
1,positive_training,ALL_CONDITIONS,HRSD_21.1,HRSD21,cross-corpus-882,RobustScaler,MLP,184,47,20,-0.0681,8.6881,11.1851,-0.0731,-0.5692,0.0249
1,positive_training,ALL_CONDITIONS,HRSD_21.1,HRSD21,cross-corpus-882,RobustScaler,LGBM,184,47,20,0.0637,8.0147,9.5097,0.0846,-0.1343,0.0663
1,positive_training,ALL_CONDITIONS,HRSD_21.1,HRSD21,cross-corpus-882,RobustScaler,CatBoost,184,47,20,-0.0651,8.5133,10.0397,-0.0898,-0.2643,-0.0366
2,positive_training,ALL_CONDITIONS,HRSD_21.1,HRSD21,cross-corpus-882,StandardScaler,Ridge,185,46,5,-0.0099,7.6806,9.5075,-0.0198,-0.096,0.0165
2,positive_training,ALL_CONDITIONS,HRSD_21.1,HRSD21,cross-corpus-882,StandardScaler,Lasso,185,46,5,-0.0104,7.604,9.3817,-0.024,-0.0672,-0.004
2,positive_training,ALL_CONDITIONS,HRSD_21.1,HRSD21,cross-corpus-882,StandardScaler,ElasticNet,185,46,5,-0.0124,7.6398,9.4449,-0.0268,-0.0817,-0.0016
2,positive_training,ALL_CONDITIONS,HRSD_21.1,HRSD21,cross-corpus-882,StandardScaler,SVR,185,46,5,0.0258,7.3554,9.3673,0.0702,-0.064,0.0796
2,positive_training,ALL_CONDITIONS,HRSD_21.1,HRSD21,cross-corpus-882,StandardScaler,KNN,185,46,5,-0.0003,7.7512,9.7812,-0.0005,-0.16,0.0158
2,positive_training,ALL_CONDITIONS,HRSD_21.1,HRSD21,cross-corpus-882,StandardScaler,RF,185,46,5,-0.0353,7.8524,9.9365,-0.055,-0.1972,0.0098
2,positive_training,ALL_CONDITIONS,HRSD_21.1,HRSD21,cross-corpus-882,StandardScaler,ET,185,46,5,-0.0586,7.963,10.1672,-0.0866,-0.2534,-0.0776
2,positive_training,ALL_CONDITIONS,HRSD_21.1,HRSD21,cross-corpus-882,StandardScaler,GB,185,46,5,0.0697,7.0622,9.2936,0.1146,-0.0473,0.0635
2,positive_training,ALL_CONDITIONS,HRSD_21.1,HRSD21,cross-corpus-882,StandardScaler,XGB,185,46,5,0.0457,7.0982,9.3836,0.0805,-0.0677,0.1277
2,positive_training,ALL_CONDITIONS,HRSD_21.1,HRSD21,cross-corpus-882,StandardScaler,MLP,185,46,5,0.042,7.1226,9.2164,0.0877,-0.0299,0.0439
2,positive_training,ALL_CONDITIONS,HRSD_21.1,HRSD21,cross-corpus-882,StandardScaler,LGBM,185,46,5,-0.0001,7.6186,9.9922,-0.0002,-0.2106,0.0331
2,positive_training,ALL_CONDITIONS,HRSD_21.1,HRSD21,cross-corpus-882,StandardScaler,CatBoost,185,46,5,-0.0072,7.5354,9.6178,-0.0126,-0.1216,0.0245
2,positive_training,ALL_CONDITIONS,HRSD_21.1,HRSD21,cross-corpus-882,MinMaxScaler,Ridge,185,46,10,-0.0139,7.6541,9.5063,-0.0271,-0.0957,0.0114
2,positive_training,ALL_CONDITIONS,HRSD_21.1,HRSD21,cross-corpus-882,MinMaxScaler,Lasso,185,46,10,-0.0327,7.6545,9.466,-0.0784,-0.0865,-0.0504
2,positive_training,ALL_CONDITIONS,HRSD_21.1,HRSD21,cross-corpus-882,MinMaxScaler,ElasticNet,185,46,10,-0.0145,7.6668,9.5227,-0.028,-0.0995,0.013
2,positive_training,ALL_CONDITIONS,HRSD_21.1,HRSD21,cross-corpus-882,MinMaxScaler,SVR,185,46,10,-0.0192,7.4826,9.5016,-0.044,-0.0947,-0.0038
2,positive_training,ALL_CONDITIONS,HRSD_21.1,HRSD21,cross-corpus-882,MinMaxScaler,KNN,185,46,10,0.0142,7.7729,9.8651,0.0193,-0.18,0.0798
2,positive_training,ALL_CONDITIONS,HRSD_21.1,HRSD21,cross-corpus-882,MinMaxScaler,RF,185,46,10,-0.0845,7.972,10.1758,-0.1271,-0.2555,-0.1318
2,positive_training,ALL_CONDITIONS,HRSD_21.1,HRSD21,cross-corpus-882,MinMaxScaler,ET,185,46,10,-0.021,7.6404,9.8259,-0.0332,-0.1707,-0.0328
2,positive_training,ALL_CONDITIONS,HRSD_21.1,HRSD21,cross-corpus-882,MinMaxScaler,GB,185,46,10,-0.0461,7.7961,10.0509,-0.0662,-0.2249,0.029
2,positive_training,ALL_CONDITIONS,HRSD_21.1,HRSD21,cross-corpus-882,MinMaxScaler,XGB,185,46,10,-0.0532,7.9831,10.1041,-0.0768,-0.2379,0.0054
2,positive_training,ALL_CONDITIONS,HRSD_21.1,HRSD21,cross-corpus-882,MinMaxScaler,MLP,185,46,10,-0.0188,7.7328,9.6051,-0.0335,-0.1186,-0.0059
2,positive_training,ALL_CONDITIONS,HRSD_21.1,HRSD21,cross-corpus-882,MinMaxScaler,LGBM,185,46,10,-0.1058,8.3772,10.7601,-0.1304,-0.4039,-0.0766
2,positive_training,ALL_CONDITIONS,HRSD_21.1,HRSD21,cross-corpus-882,MinMaxScaler,CatBoost,185,46,10,-0.0619,7.8978,10.0027,-0.0964,-0.2132,-0.0704
2,positive_training,ALL_CONDITIONS,HRSD_21.1,HRSD21,cross-corpus-882,RobustScaler,Ridge,185,46,5,-0.0414,7.7532,9.6237,-0.0814,-0.123,-0.0243
2,positive_training,ALL_CONDITIONS,HRSD_21.1,HRSD21,cross-corpus-882,RobustScaler,Lasso,185,46,5,-0.0434,7.7578,9.6209,-0.0864,-0.1223,-0.0285
2,positive_training,ALL_CONDITIONS,HRSD_21.1,HRSD21,cross-corpus-882,RobustScaler,ElasticNet,185,46,5,-0.0394,7.7387,9.5939,-0.0795,-0.116,-0.0207
2,positive_training,ALL_CONDITIONS,HRSD_21.1,HRSD21,cross-corpus-882,RobustScaler,SVR,185,46,5,0.0089,7.3373,9.3732,0.0238,-0.0653,0.008
2,positive_training,ALL_CONDITIONS,HRSD_21.1,HRSD21,cross-corpus-882,RobustScaler,KNN,185,46,5,-0.0116,7.8075,9.887,-0.0165,-0.1853,0.0168
2,positive_training,ALL_CONDITIONS,HRSD_21.1,HRSD21,cross-corpus-882,RobustScaler,RF,185,46,5,-0.0406,7.752,9.8876,-0.0652,-0.1854,0.0084
2,positive_training,ALL_CONDITIONS,HRSD_21.1,HRSD21,cross-corpus-882,RobustScaler,ET,185,46,5,-0.0795,8.1492,10.2599,-0.1128,-0.2764,-0.1113
2,positive_training,ALL_CONDITIONS,HRSD_21.1,HRSD21,cross-corpus-882,RobustScaler,GB,185,46,5,0.0235,7.4844,9.7586,0.0334,-0.1547,0.088
2,positive_training,ALL_CONDITIONS,HRSD_21.1,HRSD21,cross-corpus-882,RobustScaler,XGB,185,46,5,0.0002,7.6116,9.7998,0.0003,-0.1645,0.06
2,positive_training,ALL_CONDITIONS,HRSD_21.1,HRSD21,cross-corpus-882,RobustScaler,MLP,185,46,5,-0.0264,8.0176,10.2681,-0.0363,-0.2784,0.0679
2,positive_training,ALL_CONDITIONS,HRSD_21.1,HRSD21,cross-corpus-882,RobustScaler,LGBM,185,46,5,-0.0684,8.0403,10.2907,-0.0943,-0.2841,-0.0366
2,positive_training,ALL_CONDITIONS,HRSD_21.1,HRSD21,cross-corpus-882,RobustScaler,CatBoost,185,46,5,-0.0147,7.5943,9.6047,-0.0269,-0.1186,0.0303
3,positive_training,ALL_CONDITIONS,HRSD_21.1,HRSD21,cross-corpus-882,StandardScaler,Ridge,185,46,10,0.0578,7.7508,9.7082,0.0665,-0.2865,0.0436
3,positive_training,ALL_CONDITIONS,HRSD_21.1,HRSD21,cross-corpus-882,StandardScaler,Lasso,185,46,10,0.0576,7.4959,9.2102,0.0751,-0.1579,0.0449
3,positive_training,ALL_CONDITIONS,HRSD_21.1,HRSD21,cross-corpus-882,StandardScaler,ElasticNet,185,46,10,0.0562,7.7163,9.627,0.0657,-0.2651,0.0405
3,positive_training,ALL_CONDITIONS,HRSD_21.1,HRSD21,cross-corpus-882,StandardScaler,SVR,185,46,10,0.0313,7.4083,8.7632,0.06,-0.0483,0.088
3,positive_training,ALL_CONDITIONS,HRSD_21.1,HRSD21,cross-corpus-882,StandardScaler,KNN,185,46,10,0.1351,7.4662,8.5551,0.2051,0.0009,0.184
3,positive_training,ALL_CONDITIONS,HRSD_21.1,HRSD21,cross-corpus-882,StandardScaler,RF,185,46,10,0.0863,7.5083,8.8529,0.127,-0.0698,0.1307
3,positive_training,ALL_CONDITIONS,HRSD_21.1,HRSD21,cross-corpus-882,StandardScaler,ET,185,46,10,0.1177,7.6172,8.8589,0.159,-0.0713,0.0899
3,positive_training,ALL_CONDITIONS,HRSD_21.1,HRSD21,cross-corpus-882,StandardScaler,GB,185,46,10,0.1401,7.2595,8.8349,0.1794,-0.0655,0.2011
3,positive_training,ALL_CONDITIONS,HRSD_21.1,HRSD21,cross-corpus-882,StandardScaler,XGB,185,46,10,0.1688,7.0497,8.6887,0.2149,-0.0305,0.2429
3,positive_training,ALL_CONDITIONS,HRSD_21.1,HRSD21,cross-corpus-882,StandardScaler,MLP,185,46,10,0.1043,7.5624,9.3377,0.1231,-0.1902,0.1262
3,positive_training,ALL_CONDITIONS,HRSD_21.1,HRSD21,cross-corpus-882,StandardScaler,LGBM,185,46,10,0.0401,7.9284,9.4087,0.0508,-0.2084,0.0657
3,positive_training,ALL_CONDITIONS,HRSD_21.1,HRSD21,cross-corpus-882,StandardScaler,CatBoost,185,46,10,0.0473,7.6225,9.0672,0.0691,-0.1223,0.1119
3,positive_training,ALL_CONDITIONS,HRSD_21.1,HRSD21,cross-corpus-882,MinMaxScaler,Ridge,185,46,10,0.0439,7.5755,9.0218,0.0642,-0.1111,0.0263
3,positive_training,ALL_CONDITIONS,HRSD_21.1,HRSD21,cross-corpus-882,MinMaxScaler,Lasso,185,46,10,0.0621,7.6273,9.2362,0.0789,-0.1645,0.0557
3,positive_training,ALL_CONDITIONS,HRSD_21.1,HRSD21,cross-corpus-882,MinMaxScaler,ElasticNet,185,46,10,0.0517,7.5861,9.099,0.071,-0.1301,0.0336
3,positive_training,ALL_CONDITIONS,HRSD_21.1,HRSD21,cross-corpus-882,MinMaxScaler,SVR,185,46,10,0.0383,7.3265,8.8165,0.0662,-0.0611,0.0672
3,positive_training,ALL_CONDITIONS,HRSD_21.1,HRSD21,cross-corpus-882,MinMaxScaler,KNN,185,46,10,0.126,7.1232,8.5937,0.1874,-0.0081,0.1599
3,positive_training,ALL_CONDITIONS,HRSD_21.1,HRSD21,cross-corpus-882,MinMaxScaler,RF,185,46,10,0.1018,7.3252,8.7607,0.15,-0.0477,0.1366
3,positive_training,ALL_CONDITIONS,HRSD_21.1,HRSD21,cross-corpus-882,MinMaxScaler,ET,185,46,10,0.1743,7.1337,8.4615,0.2431,0.0227,0.1697
3,positive_training,ALL_CONDITIONS,HRSD_21.1,HRSD21,cross-corpus-882,MinMaxScaler,GB,185,46,10,0.1636,7.0947,8.8361,0.2004,-0.0658,0.2045
3,positive_training,ALL_CONDITIONS,HRSD_21.1,HRSD21,cross-corpus-882,MinMaxScaler,XGB,185,46,10,0.1678,7.0561,8.8241,0.2062,-0.0629,0.2061
3,positive_training,ALL_CONDITIONS,HRSD_21.1,HRSD21,cross-corpus-882,MinMaxScaler,MLP,185,46,10,0.0214,7.651,9.286,0.0288,-0.1771,0.0163
3,positive_training,ALL_CONDITIONS,HRSD_21.1,HRSD21,cross-corpus-882,MinMaxScaler,LGBM,185,46,10,0.0361,7.7396,9.2161,0.0482,-0.1594,0.1477
3,positive_training,ALL_CONDITIONS,HRSD_21.1,HRSD21,cross-corpus-882,MinMaxScaler,CatBoost,185,46,10,0.0538,7.4264,8.9804,0.0778,-0.1009,0.0832
3,positive_training,ALL_CONDITIONS,HRSD_21.1,HRSD21,cross-corpus-882,RobustScaler,Ridge,185,46,15,0.0495,7.5456,8.9729,0.0734,-0.099,0.0399
3,positive_training,ALL_CONDITIONS,HRSD_21.1,HRSD21,cross-corpus-882,RobustScaler,Lasso,185,46,15,0.0633,7.4633,8.9816,0.0898,-0.1012,0.0389
3,positive_training,ALL_CONDITIONS,HRSD_21.1,HRSD21,cross-corpus-882,RobustScaler,ElasticNet,185,46,15,0.0538,7.4843,8.9267,0.0809,-0.0878,0.0336
3,positive_training,ALL_CONDITIONS,HRSD_21.1,HRSD21,cross-corpus-882,RobustScaler,SVR,185,46,15,0.0283,7.415,8.7601,0.055,-0.0475,0.1262
3,positive_training,ALL_CONDITIONS,HRSD_21.1,HRSD21,cross-corpus-882,RobustScaler,KNN,185,46,15,0.071,7.4662,8.679,0.1203,-0.0282,0.1014
3,positive_training,ALL_CONDITIONS,HRSD_21.1,HRSD21,cross-corpus-882,RobustScaler,RF,185,46,15,0.0974,7.5168,8.7283,0.1495,-0.0399,0.1526
3,positive_training,ALL_CONDITIONS,HRSD_21.1,HRSD21,cross-corpus-882,RobustScaler,ET,185,46,15,0.0968,7.5503,8.8538,0.1354,-0.0701,0.0708
3,positive_training,ALL_CONDITIONS,HRSD_21.1,HRSD21,cross-corpus-882,RobustScaler,GB,185,46,15,0.1062,8.2951,9.7856,0.1157,-0.3071,0.1637
3,positive_training,ALL_CONDITIONS,HRSD_21.1,HRSD21,cross-corpus-882,RobustScaler,XGB,185,46,15,0.1359,7.674,9.0434,0.1677,-0.1164,0.2012
3,positive_training,ALL_CONDITIONS,HRSD_21.1,HRSD21,cross-corpus-882,RobustScaler,MLP,185,46,15,0.1053,7.4349,8.9214,0.1395,-0.0865,0.1304
3,positive_training,ALL_CONDITIONS,HRSD_21.1,HRSD21,cross-corpus-882,RobustScaler,LGBM,185,46,15,0.1582,7.4304,8.6947,0.2056,-0.0319,0.2878
3,positive_training,ALL_CONDITIONS,HRSD_21.1,HRSD21,cross-corpus-882,RobustScaler,CatBoost,185,46,15,0.0722,7.4859,8.802,0.1125,-0.0576,0.106
4,positive_training,ALL_CONDITIONS,HRSD_21.1,HRSD21,cross-corpus-882,StandardScaler,Ridge,185,46,20,0.043,7.174,8.6669,0.0566,-0.1609,0.0896
4,positive_training,ALL_CONDITIONS,HRSD_21.1,HRSD21,cross-corpus-882,StandardScaler,Lasso,185,46,20,0.0383,7.2077,8.6747,0.0506,-0.163,0.0948
4,positive_training,ALL_CONDITIONS,HRSD_21.1,HRSD21,cross-corpus-882,StandardScaler,ElasticNet,185,46,20,0.0343,7.1833,8.6623,0.046,-0.1597,0.0889
4,positive_training,ALL_CONDITIONS,HRSD_21.1,HRSD21,cross-corpus-882,StandardScaler,SVR,185,46,20,0.0224,6.9167,8.3503,0.0392,-0.0776,0.0626
4,positive_training,ALL_CONDITIONS,HRSD_21.1,HRSD21,cross-corpus-882,StandardScaler,KNN,185,46,20,0.1033,6.882,8.5724,0.1298,-0.1357,0.0884
4,positive_training,ALL_CONDITIONS,HRSD_21.1,HRSD21,cross-corpus-882,StandardScaler,RF,185,46,20,0.0776,6.852,8.7117,0.0954,-0.1729,0.1078
4,positive_training,ALL_CONDITIONS,HRSD_21.1,HRSD21,cross-corpus-882,StandardScaler,ET,185,46,20,0.0806,7.0886,8.7397,0.0976,-0.1805,0.0867
4,positive_training,ALL_CONDITIONS,HRSD_21.1,HRSD21,cross-corpus-882,StandardScaler,GB,185,46,20,0.1174,6.7195,8.8764,0.1314,-0.2177,0.0926
4,positive_training,ALL_CONDITIONS,HRSD_21.1,HRSD21,cross-corpus-882,StandardScaler,XGB,185,46,20,0.0788,6.7689,8.986,0.0898,-0.248,0.1129
4,positive_training,ALL_CONDITIONS,HRSD_21.1,HRSD21,cross-corpus-882,StandardScaler,MLP,185,46,20,-0.0221,7.7871,9.619,-0.0245,-0.43,-0.069
4,positive_training,ALL_CONDITIONS,HRSD_21.1,HRSD21,cross-corpus-882,StandardScaler,LGBM,185,46,20,0.1257,7.0631,8.8517,0.1408,-0.211,0.1084
4,positive_training,ALL_CONDITIONS,HRSD_21.1,HRSD21,cross-corpus-882,StandardScaler,CatBoost,185,46,20,0.1011,6.6745,8.4213,0.132,-0.096,0.121
4,positive_training,ALL_CONDITIONS,HRSD_21.1,HRSD21,cross-corpus-882,MinMaxScaler,Ridge,185,46,15,0.0376,7.31,8.8433,0.0469,-0.2086,0.0878
4,positive_training,ALL_CONDITIONS,HRSD_21.1,HRSD21,cross-corpus-882,MinMaxScaler,Lasso,185,46,15,0.034,7.3286,8.8301,0.0428,-0.205,0.0783
4,positive_training,ALL_CONDITIONS,HRSD_21.1,HRSD21,cross-corpus-882,MinMaxScaler,ElasticNet,185,46,15,0.0113,7.3312,8.6903,0.0158,-0.1672,0.0108
4,positive_training,ALL_CONDITIONS,HRSD_21.1,HRSD21,cross-corpus-882,MinMaxScaler,SVR,185,46,15,0.0367,7.5509,9.1114,0.0428,-0.283,0.0282
4,positive_training,ALL_CONDITIONS,HRSD_21.1,HRSD21,cross-corpus-882,MinMaxScaler,KNN,185,46,15,0.0438,7.0797,8.7188,0.0571,-0.1749,0.0378
4,positive_training,ALL_CONDITIONS,HRSD_21.1,HRSD21,cross-corpus-882,MinMaxScaler,RF,185,46,15,0.0413,7.2763,8.8756,0.0511,-0.2175,0.0073
4,positive_training,ALL_CONDITIONS,HRSD_21.1,HRSD21,cross-corpus-882,MinMaxScaler,ET,185,46,15,0.0479,7.208,8.6979,0.062,-0.1692,0.016
4,positive_training,ALL_CONDITIONS,HRSD_21.1,HRSD21,cross-corpus-882,MinMaxScaler,GB,185,46,15,0.0473,7.4865,9.2726,0.0526,-0.3288,-0.0423
4,positive_training,ALL_CONDITIONS,HRSD_21.1,HRSD21,cross-corpus-882,MinMaxScaler,XGB,185,46,15,0.1126,6.9434,8.6503,0.1335,-0.1565,0.0911
4,positive_training,ALL_CONDITIONS,HRSD_21.1,HRSD21,cross-corpus-882,MinMaxScaler,MLP,185,46,15,-0.0001,7.2081,8.6065,-0.0002,-0.1448,0.0315
4,positive_training,ALL_CONDITIONS,HRSD_21.1,HRSD21,cross-corpus-882,MinMaxScaler,LGBM,185,46,15,0.1082,7.2238,8.782,0.1257,-0.1919,0.1248
4,positive_training,ALL_CONDITIONS,HRSD_21.1,HRSD21,cross-corpus-882,MinMaxScaler,CatBoost,185,46,15,0.0722,7.2971,8.8134,0.0866,-0.2005,0.0123
4,positive_training,ALL_CONDITIONS,HRSD_21.1,HRSD21,cross-corpus-882,RobustScaler,Ridge,185,46,15,0.0085,7.4957,8.7669,0.0115,-0.1879,0.0149
4,positive_training,ALL_CONDITIONS,HRSD_21.1,HRSD21,cross-corpus-882,RobustScaler,Lasso,185,46,15,-0.0155,7.5781,8.8596,-0.021,-0.2131,-0.0052
4,positive_training,ALL_CONDITIONS,HRSD_21.1,HRSD21,cross-corpus-882,RobustScaler,ElasticNet,185,46,15,0.0028,7.4448,8.7228,0.0038,-0.1759,0.01
4,positive_training,ALL_CONDITIONS,HRSD_21.1,HRSD21,cross-corpus-882,RobustScaler,SVR,185,46,15,-0.0061,7.0596,8.4821,-0.0105,-0.1119,0.0202
4,positive_training,ALL_CONDITIONS,HRSD_21.1,HRSD21,cross-corpus-882,RobustScaler,KNN,185,46,15,0.0802,6.8261,8.9759,0.0926,-0.2452,0.122
4,positive_training,ALL_CONDITIONS,HRSD_21.1,HRSD21,cross-corpus-882,RobustScaler,RF,185,46,15,0.0292,7.1297,8.8238,0.0374,-0.2033,0.0412
4,positive_training,ALL_CONDITIONS,HRSD_21.1,HRSD21,cross-corpus-882,RobustScaler,ET,185,46,15,0.0226,7.4963,8.9094,0.0283,-0.2268,0.0083
4,positive_training,ALL_CONDITIONS,HRSD_21.1,HRSD21,cross-corpus-882,RobustScaler,GB,185,46,15,0.1218,6.9017,8.7338,0.1406,-0.1789,0.1556
4,positive_training,ALL_CONDITIONS,HRSD_21.1,HRSD21,cross-corpus-882,RobustScaler,XGB,185,46,15,0.0876,6.7997,8.6968,0.1062,-0.1689,0.1276
4,positive_training,ALL_CONDITIONS,HRSD_21.1,HRSD21,cross-corpus-882,RobustScaler,MLP,185,46,15,0.0445,7.2722,8.7141,0.0574,-0.1736,0.071
4,positive_training,ALL_CONDITIONS,HRSD_21.1,HRSD21,cross-corpus-882,RobustScaler,LGBM,185,46,15,0.1384,7.072,8.7182,0.1587,-0.1747,0.1471
4,positive_training,ALL_CONDITIONS,HRSD_21.1,HRSD21,cross-corpus-882,RobustScaler,CatBoost,185,46,15,0.0838,6.9213,8.5042,0.11,-0.1177,0.1114
5,positive_training,ALL_CONDITIONS,HRSD_21.1,HRSD21,cross-corpus-882,StandardScaler,Ridge,185,46,5,0.1491,6.9495,8.5257,0.23,0.0306,0.2101
5,positive_training,ALL_CONDITIONS,HRSD_21.1,HRSD21,cross-corpus-882,StandardScaler,Lasso,185,46,5,0.1483,6.9478,8.5231,0.2299,0.0312,0.2101
5,positive_training,ALL_CONDITIONS,HRSD_21.1,HRSD21,cross-corpus-882,StandardScaler,ElasticNet,185,46,5,0.1479,6.9472,8.522,0.2299,0.0315,0.2097
5,positive_training,ALL_CONDITIONS,HRSD_21.1,HRSD21,cross-corpus-882,StandardScaler,SVR,185,46,5,0.1125,6.9798,8.5018,0.2104,0.0361,0.2254
5,positive_training,ALL_CONDITIONS,HRSD_21.1,HRSD21,cross-corpus-882,StandardScaler,KNN,185,46,5,0.2623,6.2005,8.1295,0.3676,0.1186,0.3444
5,positive_training,ALL_CONDITIONS,HRSD_21.1,HRSD21,cross-corpus-882,StandardScaler,RF,185,46,5,0.2005,6.8114,8.2599,0.3071,0.0901,0.3074
5,positive_training,ALL_CONDITIONS,HRSD_21.1,HRSD21,cross-corpus-882,StandardScaler,ET,185,46,5,0.1623,7.0245,8.6556,0.2205,0.0009,0.2113
5,positive_training,ALL_CONDITIONS,HRSD_21.1,HRSD21,cross-corpus-882,StandardScaler,GB,185,46,5,0.3059,6.7717,8.1255,0.3757,0.1195,0.3591
5,positive_training,ALL_CONDITIONS,HRSD_21.1,HRSD21,cross-corpus-882,StandardScaler,XGB,185,46,5,0.2678,6.8997,8.2962,0.3336,0.0821,0.3421
5,positive_training,ALL_CONDITIONS,HRSD_21.1,HRSD21,cross-corpus-882,StandardScaler,MLP,185,46,5,0.1858,6.98,8.521,0.2578,0.0317,0.201
5,positive_training,ALL_CONDITIONS,HRSD_21.1,HRSD21,cross-corpus-882,StandardScaler,LGBM,185,46,5,0.2071,7.1599,8.6257,0.2585,0.0078,0.2441
5,positive_training,ALL_CONDITIONS,HRSD_21.1,HRSD21,cross-corpus-882,StandardScaler,CatBoost,185,46,5,0.2193,6.72,8.1934,0.3284,0.1047,0.3017
5,positive_training,ALL_CONDITIONS,HRSD_21.1,HRSD21,cross-corpus-882,MinMaxScaler,Ridge,185,46,5,0.1246,7.2749,8.7167,0.1819,-0.0133,0.1592
5,positive_training,ALL_CONDITIONS,HRSD_21.1,HRSD21,cross-corpus-882,MinMaxScaler,Lasso,185,46,5,0.1239,7.2457,8.6766,0.1861,-0.004,0.1527
5,positive_training,ALL_CONDITIONS,HRSD_21.1,HRSD21,cross-corpus-882,MinMaxScaler,ElasticNet,185,46,5,0.1227,7.2008,8.617,0.1933,0.0098,0.1507
5,positive_training,ALL_CONDITIONS,HRSD_21.1,HRSD21,cross-corpus-882,MinMaxScaler,SVR,185,46,5,0.116,7.0616,8.5411,0.2069,0.0271,0.1791
5,positive_training,ALL_CONDITIONS,HRSD_21.1,HRSD21,cross-corpus-882,MinMaxScaler,KNN,185,46,5,0.1097,7.1763,9.1802,0.1381,-0.1239,0.1607
5,positive_training,ALL_CONDITIONS,HRSD_21.1,HRSD21,cross-corpus-882,MinMaxScaler,RF,185,46,5,0.1298,7.0966,8.5806,0.2045,0.0181,0.2115
5,positive_training,ALL_CONDITIONS,HRSD_21.1,HRSD21,cross-corpus-882,MinMaxScaler,ET,185,46,5,0.0552,7.6059,9.4154,0.069,-0.1822,0.1022
5,positive_training,ALL_CONDITIONS,HRSD_21.1,HRSD21,cross-corpus-882,MinMaxScaler,GB,185,46,5,0.1766,7.4288,8.7801,0.2221,-0.0281,0.2814
5,positive_training,ALL_CONDITIONS,HRSD_21.1,HRSD21,cross-corpus-882,MinMaxScaler,XGB,185,46,5,0.1562,7.341,8.7981,0.2022,-0.0323,0.234
5,positive_training,ALL_CONDITIONS,HRSD_21.1,HRSD21,cross-corpus-882,MinMaxScaler,MLP,185,46,5,0.1092,7.2599,8.6863,0.1718,-0.0062,0.1474
5,positive_training,ALL_CONDITIONS,HRSD_21.1,HRSD21,cross-corpus-882,MinMaxScaler,LGBM,185,46,5,0.1387,7.378,8.9554,0.1752,-0.0695,0.1777
5,positive_training,ALL_CONDITIONS,HRSD_21.1,HRSD21,cross-corpus-882,MinMaxScaler,CatBoost,185,46,5,0.0924,7.2358,8.813,0.1409,-0.0358,0.2065
5,positive_training,ALL_CONDITIONS,HRSD_21.1,HRSD21,cross-corpus-882,RobustScaler,Ridge,185,46,5,0.0801,7.1055,8.702,0.1427,-0.0099,0.1557
5,positive_training,ALL_CONDITIONS,HRSD_21.1,HRSD21,cross-corpus-882,RobustScaler,Lasso,185,46,5,0.0812,7.084,8.6817,0.1473,-0.0052,0.146
5,positive_training,ALL_CONDITIONS,HRSD_21.1,HRSD21,cross-corpus-882,RobustScaler,ElasticNet,185,46,5,0.079,7.0846,8.6807,0.1452,-0.0049,0.1399
5,positive_training,ALL_CONDITIONS,HRSD_21.1,HRSD21,cross-corpus-882,RobustScaler,SVR,185,46,5,0.0178,7.4571,9.3546,0.0246,-0.167,0.0205
5,positive_training,ALL_CONDITIONS,HRSD_21.1,HRSD21,cross-corpus-882,RobustScaler,KNN,185,46,5,0.0494,7.4155,9.2239,0.0698,-0.1346,0.0725
5,positive_training,ALL_CONDITIONS,HRSD_21.1,HRSD21,cross-corpus-882,RobustScaler,RF,185,46,5,0.1622,6.9784,8.4524,0.2504,0.0472,0.2551
5,positive_training,ALL_CONDITIONS,HRSD_21.1,HRSD21,cross-corpus-882,RobustScaler,ET,185,46,5,0.1699,7.0397,8.5728,0.2405,0.0199,0.2435
5,positive_training,ALL_CONDITIONS,HRSD_21.1,HRSD21,cross-corpus-882,RobustScaler,GB,185,46,5,0.2586,6.9036,8.2528,0.3363,0.0917,0.3036
5,positive_training,ALL_CONDITIONS,HRSD_21.1,HRSD21,cross-corpus-882,RobustScaler,XGB,185,46,5,0.2868,6.7251,8.1258,0.3661,0.1194,0.3648
5,positive_training,ALL_CONDITIONS,HRSD_21.1,HRSD21,cross-corpus-882,RobustScaler,MLP,185,46,5,0.1165,6.959,8.6231,0.2058,0.0084,0.2048
5,positive_training,ALL_CONDITIONS,HRSD_21.1,HRSD21,cross-corpus-882,RobustScaler,LGBM,185,46,5,0.2182,7.1444,8.6525,0.2662,0.0016,0.2803
5,positive_training,ALL_CONDITIONS,HRSD_21.1,HRSD21,cross-corpus-882,RobustScaler,CatBoost,185,46,5,0.2047,6.7369,8.2686,0.3096,0.0882,0.3023
1,positive_training,ALL_CONDITIONS,HRSD_24.1,HRSD24,cross-corpus-882,StandardScaler,Ridge,184,47,15,0.052,10.0409,12.2037,0.0682,-0.1521,0.1279
1,positive_training,ALL_CONDITIONS,HRSD_24.1,HRSD24,cross-corpus-882,StandardScaler,Lasso,184,47,15,0.0439,10.0796,12.2868,0.0569,-0.1678,0.1272
1,positive_training,ALL_CONDITIONS,HRSD_24.1,HRSD24,cross-corpus-882,StandardScaler,ElasticNet,184,47,15,0.0442,10.0753,12.3375,0.0565,-0.1775,0.1305
1,positive_training,ALL_CONDITIONS,HRSD_24.1,HRSD24,cross-corpus-882,StandardScaler,SVR,184,47,15,0.1175,9.5484,11.8037,0.1528,-0.0778,0.1592
1,positive_training,ALL_CONDITIONS,HRSD_24.1,HRSD24,cross-corpus-882,StandardScaler,KNN,184,47,15,-0.0742,11.1574,13.0358,-0.096,-0.3145,-0.1246
1,positive_training,ALL_CONDITIONS,HRSD_24.1,HRSD24,cross-corpus-882,StandardScaler,RF,184,47,15,-0.0737,11.0462,12.9924,-0.0975,-0.3058,-0.0761
1,positive_training,ALL_CONDITIONS,HRSD_24.1,HRSD24,cross-corpus-882,StandardScaler,ET,184,47,15,-0.1375,11.4162,13.2616,-0.1877,-0.3605,-0.1985
1,positive_training,ALL_CONDITIONS,HRSD_24.1,HRSD24,cross-corpus-882,StandardScaler,GB,184,47,15,-0.1153,11.9953,14.4123,-0.1253,-0.6068,-0.0703
1,positive_training,ALL_CONDITIONS,HRSD_24.1,HRSD24,cross-corpus-882,StandardScaler,XGB,184,47,15,-0.109,11.8431,14.3269,-0.1188,-0.5878,-0.0486
1,positive_training,ALL_CONDITIONS,HRSD_24.1,HRSD24,cross-corpus-882,StandardScaler,MLP,184,47,15,-0.0398,10.5719,12.9216,-0.0506,-0.2916,-0.0407
1,positive_training,ALL_CONDITIONS,HRSD_24.1,HRSD24,cross-corpus-882,StandardScaler,LGBM,184,47,15,0.0254,10.7055,12.9258,0.0295,-0.2924,0.0799
1,positive_training,ALL_CONDITIONS,HRSD_24.1,HRSD24,cross-corpus-882,StandardScaler,CatBoost,184,47,15,-0.0603,10.7847,13.0983,-0.0754,-0.3272,0.0087
1,positive_training,ALL_CONDITIONS,HRSD_24.1,HRSD24,cross-corpus-882,MinMaxScaler,Ridge,184,47,10,0.031,9.9461,12.351,0.0405,-0.1801,0.12
1,positive_training,ALL_CONDITIONS,HRSD_24.1,HRSD24,cross-corpus-882,MinMaxScaler,Lasso,184,47,10,0.0295,9.9348,12.3484,0.0387,-0.1796,0.1233
1,positive_training,ALL_CONDITIONS,HRSD_24.1,HRSD24,cross-corpus-882,MinMaxScaler,ElasticNet,184,47,10,0.021,9.9269,12.2689,0.0287,-0.1644,0.099
1,positive_training,ALL_CONDITIONS,HRSD_24.1,HRSD24,cross-corpus-882,MinMaxScaler,SVR,184,47,10,0.0746,9.9564,11.9864,0.1002,-0.1114,0.0975
1,positive_training,ALL_CONDITIONS,HRSD_24.1,HRSD24,cross-corpus-882,MinMaxScaler,KNN,184,47,10,-0.0776,12.2057,14.1981,-0.0848,-0.5594,-0.0653
1,positive_training,ALL_CONDITIONS,HRSD_24.1,HRSD24,cross-corpus-882,MinMaxScaler,RF,184,47,10,0.0197,10.1501,12.075,0.0291,-0.1279,0.0396
1,positive_training,ALL_CONDITIONS,HRSD_24.1,HRSD24,cross-corpus-882,MinMaxScaler,ET,184,47,10,-0.0216,10.2391,12.2304,-0.0336,-0.1571,-0.0299
1,positive_training,ALL_CONDITIONS,HRSD_24.1,HRSD24,cross-corpus-882,MinMaxScaler,GB,184,47,10,-0.0024,10.7185,12.8503,-0.0029,-0.2774,0.0519
1,positive_training,ALL_CONDITIONS,HRSD_24.1,HRSD24,cross-corpus-882,MinMaxScaler,XGB,184,47,10,0.076,10.7081,12.6862,0.0873,-0.245,0.0899
1,positive_training,ALL_CONDITIONS,HRSD_24.1,HRSD24,cross-corpus-882,MinMaxScaler,MLP,184,47,10,0.0346,9.9729,12.2379,0.0464,-0.1586,0.0906
1,positive_training,ALL_CONDITIONS,HRSD_24.1,HRSD24,cross-corpus-882,MinMaxScaler,LGBM,184,47,10,0.0963,10.2473,12.0933,0.1201,-0.1313,0.1098
1,positive_training,ALL_CONDITIONS,HRSD_24.1,HRSD24,cross-corpus-882,MinMaxScaler,CatBoost,184,47,10,0.0693,10.4065,12.1835,0.0884,-0.1483,0.0651
1,positive_training,ALL_CONDITIONS,HRSD_24.1,HRSD24,cross-corpus-882,RobustScaler,Ridge,184,47,5,-0.0067,10.2392,12.606,-0.0086,-0.2293,0.0798
1,positive_training,ALL_CONDITIONS,HRSD_24.1,HRSD24,cross-corpus-882,RobustScaler,Lasso,184,47,5,-0.0059,10.2132,12.5727,-0.0077,-0.2228,0.0819
1,positive_training,ALL_CONDITIONS,HRSD_24.1,HRSD24,cross-corpus-882,RobustScaler,ElasticNet,184,47,5,-0.0045,10.177,12.5259,-0.0059,-0.2137,0.0829
1,positive_training,ALL_CONDITIONS,HRSD_24.1,HRSD24,cross-corpus-882,RobustScaler,SVR,184,47,5,0.0296,10.5723,12.6877,0.0368,-0.2453,-0.0049
1,positive_training,ALL_CONDITIONS,HRSD_24.1,HRSD24,cross-corpus-882,RobustScaler,KNN,184,47,5,0.0073,10.3475,12.2637,0.0106,-0.1634,-0.0228
1,positive_training,ALL_CONDITIONS,HRSD_24.1,HRSD24,cross-corpus-882,RobustScaler,RF,184,47,5,0.0178,10.1957,12.32,0.0244,-0.1741,0.0605
1,positive_training,ALL_CONDITIONS,HRSD_24.1,HRSD24,cross-corpus-882,RobustScaler,ET,184,47,5,0.0626,10.2228,11.9902,0.0884,-0.1121,0.0895
1,positive_training,ALL_CONDITIONS,HRSD_24.1,HRSD24,cross-corpus-882,RobustScaler,GB,184,47,5,-0.0924,10.976,13.4241,-0.1131,-0.394,-0.0684
1,positive_training,ALL_CONDITIONS,HRSD_24.1,HRSD24,cross-corpus-882,RobustScaler,XGB,184,47,5,-0.1,10.9034,13.3649,-0.1249,-0.3818,-0.0935
1,positive_training,ALL_CONDITIONS,HRSD_24.1,HRSD24,cross-corpus-882,RobustScaler,MLP,184,47,5,-0.0295,10.9039,13.0977,-0.0354,-0.3271,-0.0354
1,positive_training,ALL_CONDITIONS,HRSD_24.1,HRSD24,cross-corpus-882,RobustScaler,LGBM,184,47,5,0.0773,10.2724,12.3115,0.0952,-0.1725,0.099
1,positive_training,ALL_CONDITIONS,HRSD_24.1,HRSD24,cross-corpus-882,RobustScaler,CatBoost,184,47,5,-0.0015,10.2894,12.3484,-0.0021,-0.1796,0.0033
2,positive_training,ALL_CONDITIONS,HRSD_24.1,HRSD24,cross-corpus-882,StandardScaler,Ridge,185,46,10,0.064,9.5339,11.812,0.138,0.0006,0.1785
2,positive_training,ALL_CONDITIONS,HRSD_24.1,HRSD24,cross-corpus-882,StandardScaler,Lasso,185,46,10,0.0717,9.7165,12.0694,0.1199,-0.0434,0.1549
2,positive_training,ALL_CONDITIONS,HRSD_24.1,HRSD24,cross-corpus-882,StandardScaler,ElasticNet,185,46,10,0.0731,9.6501,11.9921,0.1275,-0.0301,0.162
2,positive_training,ALL_CONDITIONS,HRSD_24.1,HRSD24,cross-corpus-882,StandardScaler,SVR,185,46,10,0.0956,9.4262,11.8082,0.2115,0.0013,0.2712
2,positive_training,ALL_CONDITIONS,HRSD_24.1,HRSD24,cross-corpus-882,StandardScaler,KNN,185,46,10,0.0425,10.058,12.5866,0.0654,-0.1347,0.0892
2,positive_training,ALL_CONDITIONS,HRSD_24.1,HRSD24,cross-corpus-882,StandardScaler,RF,185,46,10,0.0608,9.6687,12.3911,0.0902,-0.0998,0.198
2,positive_training,ALL_CONDITIONS,HRSD_24.1,HRSD24,cross-corpus-882,StandardScaler,ET,185,46,10,0.0501,9.6502,12.5094,0.0737,-0.1209,0.2212
2,positive_training,ALL_CONDITIONS,HRSD_24.1,HRSD24,cross-corpus-882,StandardScaler,GB,185,46,10,0.0572,9.5555,12.4647,0.0827,-0.1129,0.1239
2,positive_training,ALL_CONDITIONS,HRSD_24.1,HRSD24,cross-corpus-882,StandardScaler,XGB,185,46,10,0.0715,10.1286,12.8413,0.0914,-0.1811,0.1038
2,positive_training,ALL_CONDITIONS,HRSD_24.1,HRSD24,cross-corpus-882,StandardScaler,MLP,185,46,10,0.0949,10.2878,12.7658,0.1222,-0.1673,0.2122
2,positive_training,ALL_CONDITIONS,HRSD_24.1,HRSD24,cross-corpus-882,StandardScaler,LGBM,185,46,10,0.1027,10.0189,12.3822,0.1355,-0.0982,0.2178
2,positive_training,ALL_CONDITIONS,HRSD_24.1,HRSD24,cross-corpus-882,StandardScaler,CatBoost,185,46,10,0.0963,9.3771,11.9394,0.1584,-0.021,0.2576
2,positive_training,ALL_CONDITIONS,HRSD_24.1,HRSD24,cross-corpus-882,MinMaxScaler,Ridge,185,46,10,0.0784,9.5571,11.9026,0.1432,-0.0148,0.1593
2,positive_training,ALL_CONDITIONS,HRSD_24.1,HRSD24,cross-corpus-882,MinMaxScaler,Lasso,185,46,10,0.095,9.3976,11.6654,0.1953,0.0253,0.2552
2,positive_training,ALL_CONDITIONS,HRSD_24.1,HRSD24,cross-corpus-882,MinMaxScaler,ElasticNet,185,46,10,0.0792,9.5148,11.838,0.1519,-0.0038,0.1811
2,positive_training,ALL_CONDITIONS,HRSD_24.1,HRSD24,cross-corpus-882,MinMaxScaler,SVR,185,46,10,0.1358,9.5405,11.9681,0.2138,-0.026,0.2908
2,positive_training,ALL_CONDITIONS,HRSD_24.1,HRSD24,cross-corpus-882,MinMaxScaler,KNN,185,46,10,0.0399,10.5435,13.385,0.0463,-0.2833,0.0122
2,positive_training,ALL_CONDITIONS,HRSD_24.1,HRSD24,cross-corpus-882,MinMaxScaler,RF,185,46,10,0.1297,9.532,11.6944,0.2134,0.0204,0.2427
2,positive_training,ALL_CONDITIONS,HRSD_24.1,HRSD24,cross-corpus-882,MinMaxScaler,ET,185,46,10,0.1341,9.2416,11.7582,0.2145,0.0097,0.2583
2,positive_training,ALL_CONDITIONS,HRSD_24.1,HRSD24,cross-corpus-882,MinMaxScaler,GB,185,46,10,0.1542,10.1327,11.9552,0.2063,-0.0238,0.1862
2,positive_training,ALL_CONDITIONS,HRSD_24.1,HRSD24,cross-corpus-882,MinMaxScaler,XGB,185,46,10,0.1046,10.0635,12.1341,0.1496,-0.0546,0.1518
2,positive_training,ALL_CONDITIONS,HRSD_24.1,HRSD24,cross-corpus-882,MinMaxScaler,MLP,185,46,10,0.0394,9.5122,11.937,0.0879,-0.0206,0.1574
2,positive_training,ALL_CONDITIONS,HRSD_24.1,HRSD24,cross-corpus-882,MinMaxScaler,LGBM,185,46,10,0.1301,9.5873,11.977,0.1855,-0.0275,0.2477
2,positive_training,ALL_CONDITIONS,HRSD_24.1,HRSD24,cross-corpus-882,MinMaxScaler,CatBoost,185,46,10,0.1024,9.8553,12.1326,0.1512,-0.0544,0.2256
2,positive_training,ALL_CONDITIONS,HRSD_24.1,HRSD24,cross-corpus-882,RobustScaler,Ridge,185,46,10,0.1348,9.4371,11.7113,0.2242,0.0176,0.2615
2,positive_training,ALL_CONDITIONS,HRSD_24.1,HRSD24,cross-corpus-882,RobustScaler,Lasso,185,46,10,0.1186,9.3531,11.6337,0.2161,0.0306,0.2608
2,positive_training,ALL_CONDITIONS,HRSD_24.1,HRSD24,cross-corpus-882,RobustScaler,ElasticNet,185,46,10,0.1226,9.4125,11.7196,0.2101,0.0162,0.2767
2,positive_training,ALL_CONDITIONS,HRSD_24.1,HRSD24,cross-corpus-882,RobustScaler,SVR,185,46,10,0.0726,9.343,11.8584,0.212,-0.0072,0.2318
2,positive_training,ALL_CONDITIONS,HRSD_24.1,HRSD24,cross-corpus-882,RobustScaler,KNN,185,46,10,0.1005,9.6273,12.0616,0.1612,-0.0421,0.115
2,positive_training,ALL_CONDITIONS,HRSD_24.1,HRSD24,cross-corpus-882,RobustScaler,RF,185,46,10,0.1213,9.3659,11.8918,0.1897,-0.0129,0.2708
2,positive_training,ALL_CONDITIONS,HRSD_24.1,HRSD24,cross-corpus-882,RobustScaler,ET,185,46,10,0.0703,9.817,12.4619,0.1048,-0.1124,0.1953
2,positive_training,ALL_CONDITIONS,HRSD_24.1,HRSD24,cross-corpus-882,RobustScaler,GB,185,46,10,0.1378,9.397,12.0926,0.1896,-0.0474,0.1934
2,positive_training,ALL_CONDITIONS,HRSD_24.1,HRSD24,cross-corpus-882,RobustScaler,XGB,185,46,10,0.0939,9.4303,12.3713,0.1325,-0.0963,0.201
2,positive_training,ALL_CONDITIONS,HRSD_24.1,HRSD24,cross-corpus-882,RobustScaler,MLP,185,46,10,0.0923,9.9582,12.2528,0.13,-0.0754,0.2122
2,positive_training,ALL_CONDITIONS,HRSD_24.1,HRSD24,cross-corpus-882,RobustScaler,LGBM,185,46,10,0.1328,10.0384,12.1962,0.1741,-0.0654,0.2542
2,positive_training,ALL_CONDITIONS,HRSD_24.1,HRSD24,cross-corpus-882,RobustScaler,CatBoost,185,46,10,0.1401,9.2512,11.6047,0.2378,0.0354,0.3123
3,positive_training,ALL_CONDITIONS,HRSD_24.1,HRSD24,cross-corpus-882,StandardScaler,Ridge,185,46,20,0.1746,9.9699,11.8005,0.1853,-0.3068,0.1582
3,positive_training,ALL_CONDITIONS,HRSD_24.1,HRSD24,cross-corpus-882,StandardScaler,Lasso,185,46,20,0.157,9.4109,11.0584,0.1857,-0.1476,0.1282
3,positive_training,ALL_CONDITIONS,HRSD_24.1,HRSD24,cross-corpus-882,StandardScaler,ElasticNet,185,46,20,0.1722,9.8782,11.6058,0.1859,-0.264,0.1458
3,positive_training,ALL_CONDITIONS,HRSD_24.1,HRSD24,cross-corpus-882,StandardScaler,SVR,185,46,20,0.0841,8.7134,10.1608,0.1935,0.0311,0.1893
3,positive_training,ALL_CONDITIONS,HRSD_24.1,HRSD24,cross-corpus-882,StandardScaler,KNN,185,46,20,0.2403,8.6208,10.0381,0.3198,0.0544,0.239
3,positive_training,ALL_CONDITIONS,HRSD_24.1,HRSD24,cross-corpus-882,StandardScaler,RF,185,46,20,0.1234,9.1668,10.6549,0.1809,-0.0654,0.107
3,positive_training,ALL_CONDITIONS,HRSD_24.1,HRSD24,cross-corpus-882,StandardScaler,ET,185,46,20,0.1783,8.8003,10.242,0.2613,0.0156,0.1837
3,positive_training,ALL_CONDITIONS,HRSD_24.1,HRSD24,cross-corpus-882,StandardScaler,GB,185,46,20,0.1014,10.099,11.7052,0.1185,-0.2858,0.0976
3,positive_training,ALL_CONDITIONS,HRSD_24.1,HRSD24,cross-corpus-882,StandardScaler,XGB,185,46,20,0.1571,9.5928,11.0721,0.1889,-0.1505,0.2284
3,positive_training,ALL_CONDITIONS,HRSD_24.1,HRSD24,cross-corpus-882,StandardScaler,MLP,185,46,20,0.1613,9.3047,10.5994,0.2112,-0.0543,0.1767
3,positive_training,ALL_CONDITIONS,HRSD_24.1,HRSD24,cross-corpus-882,StandardScaler,LGBM,185,46,20,0.0065,10.0256,11.8536,0.0085,-0.3186,-0.0233
3,positive_training,ALL_CONDITIONS,HRSD_24.1,HRSD24,cross-corpus-882,StandardScaler,CatBoost,185,46,20,0.1946,8.5342,10.0887,0.2939,0.0448,0.3174
3,positive_training,ALL_CONDITIONS,HRSD_24.1,HRSD24,cross-corpus-882,MinMaxScaler,Ridge,185,46,10,0.1767,8.9537,10.7333,0.2157,-0.0811,0.229
3,positive_training,ALL_CONDITIONS,HRSD_24.1,HRSD24,cross-corpus-882,MinMaxScaler,Lasso,185,46,10,0.1292,8.8672,10.6207,0.1799,-0.0586,0.1947
3,positive_training,ALL_CONDITIONS,HRSD_24.1,HRSD24,cross-corpus-882,MinMaxScaler,ElasticNet,185,46,10,0.1631,8.9182,10.663,0.2078,-0.067,0.2068
3,positive_training,ALL_CONDITIONS,HRSD_24.1,HRSD24,cross-corpus-882,MinMaxScaler,SVR,185,46,10,0.0985,8.6942,10.2439,0.1809,0.0152,0.1781
3,positive_training,ALL_CONDITIONS,HRSD_24.1,HRSD24,cross-corpus-882,MinMaxScaler,KNN,185,46,10,0.206,8.5556,10.1267,0.2732,0.0376,0.313
3,positive_training,ALL_CONDITIONS,HRSD_24.1,HRSD24,cross-corpus-882,MinMaxScaler,RF,185,46,10,0.1444,8.8974,10.6968,0.1916,-0.0738,0.1763
3,positive_training,ALL_CONDITIONS,HRSD_24.1,HRSD24,cross-corpus-882,MinMaxScaler,ET,185,46,10,0.2308,8.4979,10.192,0.3023,0.0252,0.3028
3,positive_training,ALL_CONDITIONS,HRSD_24.1,HRSD24,cross-corpus-882,MinMaxScaler,GB,185,46,10,0.2383,8.716,10.4977,0.2853,-0.0342,0.3269
3,positive_training,ALL_CONDITIONS,HRSD_24.1,HRSD24,cross-corpus-882,MinMaxScaler,XGB,185,46,10,0.2432,8.8221,10.6164,0.2828,-0.0577,0.28
3,positive_training,ALL_CONDITIONS,HRSD_24.1,HRSD24,cross-corpus-882,MinMaxScaler,MLP,185,46,10,0.2028,9.0737,11.0454,0.2277,-0.1449,0.2822
3,positive_training,ALL_CONDITIONS,HRSD_24.1,HRSD24,cross-corpus-882,MinMaxScaler,LGBM,185,46,10,0.1802,9.1352,11.0231,0.2053,-0.1403,0.177
3,positive_training,ALL_CONDITIONS,HRSD_24.1,HRSD24,cross-corpus-882,MinMaxScaler,CatBoost,185,46,10,0.1396,8.8381,10.6718,0.1881,-0.0688,0.1404
3,positive_training,ALL_CONDITIONS,HRSD_24.1,HRSD24,cross-corpus-882,RobustScaler,Ridge,185,46,10,0.1568,9.1381,10.8794,0.1943,-0.1108,0.1134
3,positive_training,ALL_CONDITIONS,HRSD_24.1,HRSD24,cross-corpus-882,RobustScaler,Lasso,185,46,10,0.1823,9.0983,11.0608,0.2112,-0.1481,0.1475
3,positive_training,ALL_CONDITIONS,HRSD_24.1,HRSD24,cross-corpus-882,RobustScaler,ElasticNet,185,46,10,0.1551,9.1428,10.8825,0.1925,-0.1114,0.1165
3,positive_training,ALL_CONDITIONS,HRSD_24.1,HRSD24,cross-corpus-882,RobustScaler,SVR,185,46,10,0.126,9.0916,10.6572,0.1693,-0.0659,0.1208
3,positive_training,ALL_CONDITIONS,HRSD_24.1,HRSD24,cross-corpus-882,RobustScaler,KNN,185,46,10,0.2052,9.087,10.6352,0.2676,-0.0615,0.2195
3,positive_training,ALL_CONDITIONS,HRSD_24.1,HRSD24,cross-corpus-882,RobustScaler,RF,185,46,10,0.1449,8.9575,10.5298,0.1986,-0.0405,0.1532
3,positive_training,ALL_CONDITIONS,HRSD_24.1,HRSD24,cross-corpus-882,RobustScaler,ET,185,46,10,0.2175,8.7866,10.0796,0.3017,0.0465,0.1941
3,positive_training,ALL_CONDITIONS,HRSD_24.1,HRSD24,cross-corpus-882,RobustScaler,GB,185,46,10,0.1259,9.857,11.4381,0.1434,-0.2278,0.1574
3,positive_training,ALL_CONDITIONS,HRSD_24.1,HRSD24,cross-corpus-882,RobustScaler,XGB,185,46,10,0.1206,9.7702,11.2863,0.1427,-0.1954,0.1453
3,positive_training,ALL_CONDITIONS,HRSD_24.1,HRSD24,cross-corpus-882,RobustScaler,MLP,185,46,10,0.2083,8.7191,10.2895,0.2671,0.0064,0.2034
3,positive_training,ALL_CONDITIONS,HRSD_24.1,HRSD24,cross-corpus-882,RobustScaler,LGBM,185,46,10,0.0366,9.8362,11.7501,0.0445,-0.2957,0.0337
3,positive_training,ALL_CONDITIONS,HRSD_24.1,HRSD24,cross-corpus-882,RobustScaler,CatBoost,185,46,10,0.0911,9.2274,10.8528,0.1293,-0.1054,0.1359
4,positive_training,ALL_CONDITIONS,HRSD_24.1,HRSD24,cross-corpus-882,StandardScaler,Ridge,185,46,20,0.0471,9.5369,11.4876,0.0598,-0.1799,0.1049
4,positive_training,ALL_CONDITIONS,HRSD_24.1,HRSD24,cross-corpus-882,StandardScaler,Lasso,185,46,20,0.0607,9.5671,11.5118,0.0748,-0.1849,0.0983
4,positive_training,ALL_CONDITIONS,HRSD_24.1,HRSD24,cross-corpus-882,StandardScaler,ElasticNet,185,46,20,0.0401,9.4997,11.416,0.0527,-0.1652,0.0847
4,positive_training,ALL_CONDITIONS,HRSD_24.1,HRSD24,cross-corpus-882,StandardScaler,SVR,185,46,20,0.0336,9.0028,10.805,0.0653,-0.0438,0.055
4,positive_training,ALL_CONDITIONS,HRSD_24.1,HRSD24,cross-corpus-882,StandardScaler,KNN,185,46,20,0.1032,9.2522,11.7114,0.1169,-0.2263,0.1015
4,positive_training,ALL_CONDITIONS,HRSD_24.1,HRSD24,cross-corpus-882,StandardScaler,RF,185,46,20,0.0955,9.1174,11.3417,0.1172,-0.1501,0.0643
4,positive_training,ALL_CONDITIONS,HRSD_24.1,HRSD24,cross-corpus-882,StandardScaler,ET,185,46,20,0.0953,9.1933,11.1914,0.1215,-0.1198,0.0803
4,positive_training,ALL_CONDITIONS,HRSD_24.1,HRSD24,cross-corpus-882,StandardScaler,GB,185,46,20,0.1271,8.8398,11.3782,0.1478,-0.1575,0.1289
4,positive_training,ALL_CONDITIONS,HRSD_24.1,HRSD24,cross-corpus-882,StandardScaler,XGB,185,46,20,0.1142,8.9682,11.3549,0.1357,-0.1528,0.1008
4,positive_training,ALL_CONDITIONS,HRSD_24.1,HRSD24,cross-corpus-882,StandardScaler,MLP,185,46,20,0.0641,9.4861,11.6803,0.0758,-0.2198,0.1171
4,positive_training,ALL_CONDITIONS,HRSD_24.1,HRSD24,cross-corpus-882,StandardScaler,LGBM,185,46,20,0.1347,9.4573,11.4853,0.1543,-0.1794,0.1039
4,positive_training,ALL_CONDITIONS,HRSD_24.1,HRSD24,cross-corpus-882,StandardScaler,CatBoost,185,46,20,0.1193,8.9043,10.8871,0.1593,-0.0598,0.1189
4,positive_training,ALL_CONDITIONS,HRSD_24.1,HRSD24,cross-corpus-882,MinMaxScaler,Ridge,185,46,10,0.019,9.646,11.4862,0.0255,-0.1796,-0.0395
4,positive_training,ALL_CONDITIONS,HRSD_24.1,HRSD24,cross-corpus-882,MinMaxScaler,Lasso,185,46,10,0.0418,9.7135,11.6533,0.0514,-0.2142,0.0658
4,positive_training,ALL_CONDITIONS,HRSD_24.1,HRSD24,cross-corpus-882,MinMaxScaler,ElasticNet,185,46,10,0.0208,9.7159,11.5691,0.027,-0.1967,-0.0151
4,positive_training,ALL_CONDITIONS,HRSD_24.1,HRSD24,cross-corpus-882,MinMaxScaler,SVR,185,46,10,0.0327,9.6602,11.7928,0.0411,-0.2434,0.0012
4,positive_training,ALL_CONDITIONS,HRSD_24.1,HRSD24,cross-corpus-882,MinMaxScaler,KNN,185,46,10,0.1671,8.7733,10.9597,0.2002,-0.0739,0.2152
4,positive_training,ALL_CONDITIONS,HRSD_24.1,HRSD24,cross-corpus-882,MinMaxScaler,RF,185,46,10,0.019,9.5259,11.7726,0.0234,-0.2392,-0.0069
4,positive_training,ALL_CONDITIONS,HRSD_24.1,HRSD24,cross-corpus-882,MinMaxScaler,ET,185,46,10,0.0713,9.3998,11.3708,0.0897,-0.156,0.0668
4,positive_training,ALL_CONDITIONS,HRSD_24.1,HRSD24,cross-corpus-882,MinMaxScaler,GB,185,46,10,0.0651,9.5149,11.746,0.076,-0.2336,0.0372
4,positive_training,ALL_CONDITIONS,HRSD_24.1,HRSD24,cross-corpus-882,MinMaxScaler,XGB,185,46,10,0.0764,9.2763,11.4266,0.0941,-0.1674,0.0752
4,positive_training,ALL_CONDITIONS,HRSD_24.1,HRSD24,cross-corpus-882,MinMaxScaler,MLP,185,46,10,-0.0153,9.4151,11.3458,-0.0238,-0.1509,-0.0388
4,positive_training,ALL_CONDITIONS,HRSD_24.1,HRSD24,cross-corpus-882,MinMaxScaler,LGBM,185,46,10,0.1164,9.3805,11.2615,0.1406,-0.1339,0.056
4,positive_training,ALL_CONDITIONS,HRSD_24.1,HRSD24,cross-corpus-882,MinMaxScaler,CatBoost,185,46,10,0.0501,9.2923,11.4607,0.0637,-0.1744,0.0212
4,positive_training,ALL_CONDITIONS,HRSD_24.1,HRSD24,cross-corpus-882,RobustScaler,Ridge,185,46,20,0.0473,9.6396,11.7332,0.0566,-0.2309,0.0415
4,positive_training,ALL_CONDITIONS,HRSD_24.1,HRSD24,cross-corpus-882,RobustScaler,Lasso,185,46,20,0.0459,9.521,11.4801,0.0586,-0.1783,0.0521
4,positive_training,ALL_CONDITIONS,HRSD_24.1,HRSD24,cross-corpus-882,RobustScaler,ElasticNet,185,46,20,0.0489,9.5993,11.6691,0.0592,-0.2175,0.049
4,positive_training,ALL_CONDITIONS,HRSD_24.1,HRSD24,cross-corpus-882,RobustScaler,SVR,185,46,20,0.0818,9.1121,11.1949,0.1117,-0.1205,0.0369
4,positive_training,ALL_CONDITIONS,HRSD_24.1,HRSD24,cross-corpus-882,RobustScaler,KNN,185,46,20,0.2208,8.3571,10.4747,0.2756,0.019,0.2655
4,positive_training,ALL_CONDITIONS,HRSD_24.1,HRSD24,cross-corpus-882,RobustScaler,RF,185,46,20,0.1022,8.859,11.1886,0.1283,-0.1193,0.1068
4,positive_training,ALL_CONDITIONS,HRSD_24.1,HRSD24,cross-corpus-882,RobustScaler,ET,185,46,20,0.0808,9.2707,11.1798,0.1058,-0.1175,0.0955
4,positive_training,ALL_CONDITIONS,HRSD_24.1,HRSD24,cross-corpus-882,RobustScaler,GB,185,46,20,0.108,8.9628,11.5316,0.1254,-0.189,0.0609
4,positive_training,ALL_CONDITIONS,HRSD_24.1,HRSD24,cross-corpus-882,RobustScaler,XGB,185,46,20,0.1293,9.2783,11.658,0.1441,-0.2152,0.112
4,positive_training,ALL_CONDITIONS,HRSD_24.1,HRSD24,cross-corpus-882,RobustScaler,MLP,185,46,20,0.076,9.6531,12.0426,0.0845,-0.2966,0.0636
4,positive_training,ALL_CONDITIONS,HRSD_24.1,HRSD24,cross-corpus-882,RobustScaler,LGBM,185,46,20,0.1618,9.2061,11.3192,0.1826,-0.1456,0.1547
4,positive_training,ALL_CONDITIONS,HRSD_24.1,HRSD24,cross-corpus-882,RobustScaler,CatBoost,185,46,20,0.1054,8.824,10.9,0.1448,-0.0623,0.1099
5,positive_training,ALL_CONDITIONS,HRSD_24.1,HRSD24,cross-corpus-882,StandardScaler,Ridge,185,46,5,0.0708,9.1476,11.4151,0.1247,-0.024,0.1496
5,positive_training,ALL_CONDITIONS,HRSD_24.1,HRSD24,cross-corpus-882,StandardScaler,Lasso,185,46,5,0.0682,9.1702,11.4371,0.1195,-0.028,0.1369
5,positive_training,ALL_CONDITIONS,HRSD_24.1,HRSD24,cross-corpus-882,StandardScaler,ElasticNet,185,46,5,0.073,9.1278,11.3946,0.1293,-0.0204,0.1491
5,positive_training,ALL_CONDITIONS,HRSD_24.1,HRSD24,cross-corpus-882,StandardScaler,SVR,185,46,5,0.0686,9.3893,12.4103,0.0822,-0.2104,0.1272
5,positive_training,ALL_CONDITIONS,HRSD_24.1,HRSD24,cross-corpus-882,StandardScaler,KNN,185,46,5,0.0356,9.6812,12.2399,0.0475,-0.1774,0.0933
5,positive_training,ALL_CONDITIONS,HRSD_24.1,HRSD24,cross-corpus-882,StandardScaler,RF,185,46,5,0.1151,9.1241,11.3224,0.1778,-0.0075,0.2241
5,positive_training,ALL_CONDITIONS,HRSD_24.1,HRSD24,cross-corpus-882,StandardScaler,ET,185,46,5,0.0844,9.3064,11.8123,0.1171,-0.0966,0.1394
5,positive_training,ALL_CONDITIONS,HRSD_24.1,HRSD24,cross-corpus-882,StandardScaler,GB,185,46,5,0.183,8.7986,11.2952,0.2373,-0.0026,0.2388
5,positive_training,ALL_CONDITIONS,HRSD_24.1,HRSD24,cross-corpus-882,StandardScaler,XGB,185,46,5,0.2499,8.7734,10.7984,0.3257,0.0836,0.3251
5,positive_training,ALL_CONDITIONS,HRSD_24.1,HRSD24,cross-corpus-882,StandardScaler,MLP,185,46,5,0.0906,9.0391,11.6338,0.1423,-0.0636,0.1436
5,positive_training,ALL_CONDITIONS,HRSD_24.1,HRSD24,cross-corpus-882,StandardScaler,LGBM,185,46,5,0.1968,9.1537,11.3622,0.2425,-0.0146,0.2647
5,positive_training,ALL_CONDITIONS,HRSD_24.1,HRSD24,cross-corpus-882,StandardScaler,CatBoost,185,46,5,0.1721,8.7896,11.0906,0.2469,0.0334,0.3005
5,positive_training,ALL_CONDITIONS,HRSD_24.1,HRSD24,cross-corpus-882,MinMaxScaler,Ridge,185,46,5,0.1226,9.5597,11.3729,0.1788,-0.0165,0.1397
5,positive_training,ALL_CONDITIONS,HRSD_24.1,HRSD24,cross-corpus-882,MinMaxScaler,Lasso,185,46,5,0.1226,9.5167,11.3307,0.1826,-0.009,0.1433
5,positive_training,ALL_CONDITIONS,HRSD_24.1,HRSD24,cross-corpus-882,MinMaxScaler,ElasticNet,185,46,5,0.1208,9.4467,11.2563,0.1885,0.0043,0.1512
5,positive_training,ALL_CONDITIONS,HRSD_24.1,HRSD24,cross-corpus-882,MinMaxScaler,SVR,185,46,5,0.1054,9.7749,11.6502,0.1462,-0.0666,0.1299
5,positive_training,ALL_CONDITIONS,HRSD_24.1,HRSD24,cross-corpus-882,MinMaxScaler,KNN,185,46,5,0.0883,9.2391,12.1136,0.111,-0.1532,0.1404
5,positive_training,ALL_CONDITIONS,HRSD_24.1,HRSD24,cross-corpus-882,MinMaxScaler,RF,185,46,5,0.0769,9.3567,11.5008,0.1221,-0.0395,0.1645
5,positive_training,ALL_CONDITIONS,HRSD_24.1,HRSD24,cross-corpus-882,MinMaxScaler,ET,185,46,5,0.0525,9.816,12.1569,0.0678,-0.1615,0.0997
5,positive_training,ALL_CONDITIONS,HRSD_24.1,HRSD24,cross-corpus-882,MinMaxScaler,GB,185,46,5,0.1643,9.7629,11.8084,0.1936,-0.0958,0.2485
5,positive_training,ALL_CONDITIONS,HRSD_24.1,HRSD24,cross-corpus-882,MinMaxScaler,XGB,185,46,5,0.108,9.6697,11.7838,0.1399,-0.0913,0.1627
5,positive_training,ALL_CONDITIONS,HRSD_24.1,HRSD24,cross-corpus-882,MinMaxScaler,MLP,185,46,5,0.1195,9.3376,11.2497,0.1882,0.0054,0.1613
5,positive_training,ALL_CONDITIONS,HRSD_24.1,HRSD24,cross-corpus-882,MinMaxScaler,LGBM,185,46,5,0.1581,9.3886,11.4858,0.2023,-0.0368,0.223
5,positive_training,ALL_CONDITIONS,HRSD_24.1,HRSD24,cross-corpus-882,MinMaxScaler,CatBoost,185,46,5,0.0718,9.4758,11.6859,0.1054,-0.0732,0.1688
5,positive_training,ALL_CONDITIONS,HRSD_24.1,HRSD24,cross-corpus-882,RobustScaler,Ridge,185,46,5,0.0662,9.1894,11.4577,0.1151,-0.0317,0.1334
5,positive_training,ALL_CONDITIONS,HRSD_24.1,HRSD24,cross-corpus-882,RobustScaler,Lasso,185,46,5,0.0672,9.1748,11.4355,0.1185,-0.0277,0.1386
5,positive_training,ALL_CONDITIONS,HRSD_24.1,HRSD24,cross-corpus-882,RobustScaler,ElasticNet,185,46,5,0.0654,9.1802,11.4269,0.1173,-0.0262,0.136
5,positive_training,ALL_CONDITIONS,HRSD_24.1,HRSD24,cross-corpus-882,RobustScaler,SVR,185,46,5,0.0075,9.8876,12.8276,0.0089,-0.2932,0.0528
5,positive_training,ALL_CONDITIONS,HRSD_24.1,HRSD24,cross-corpus-882,RobustScaler,KNN,185,46,5,0.0255,9.599,12.248,0.0348,-0.1789,0.0835
5,positive_training,ALL_CONDITIONS,HRSD_24.1,HRSD24,cross-corpus-882,RobustScaler,RF,185,46,5,0.115,9.1219,11.3221,0.1778,-0.0074,0.2241
5,positive_training,ALL_CONDITIONS,HRSD_24.1,HRSD24,cross-corpus-882,RobustScaler,ET,185,46,5,0.0844,9.3064,11.8123,0.1171,-0.0966,0.1394
5,positive_training,ALL_CONDITIONS,HRSD_24.1,HRSD24,cross-corpus-882,RobustScaler,GB,185,46,5,0.183,8.7986,11.2952,0.2373,-0.0026,0.2388
5,positive_training,ALL_CONDITIONS,HRSD_24.1,HRSD24,cross-corpus-882,RobustScaler,XGB,185,46,5,0.2499,8.7734,10.7984,0.3257,0.0836,0.3251
5,positive_training,ALL_CONDITIONS,HRSD_24.1,HRSD24,cross-corpus-882,RobustScaler,MLP,185,46,5,0.0872,9.1466,11.6743,0.1249,-0.0711,0.131
5,positive_training,ALL_CONDITIONS,HRSD_24.1,HRSD24,cross-corpus-882,RobustScaler,LGBM,185,46,5,0.1432,9.3784,11.7441,0.1764,-0.0839,0.2242
5,positive_training,ALL_CONDITIONS,HRSD_24.1,HRSD24,cross-corpus-882,RobustScaler,CatBoost,185,46,5,0.1721,8.7896,11.0906,0.2469,0.0334,0.3005
