fold,phase,condition,target,target_short,features,scaler,model,n_train,n_test,n_features,CCC,MAE,RMSE,Pearson_r,R2,Spearman_r
1,negative_training,ALL_CONDITIONS,phq_8,PHQ8,cross-corpus-882,StandardScaler,Ridge,193,49,5,-0.018,4.7056,5.5045,-0.0381,-0.1161,-0.0493
1,negative_training,ALL_CONDITIONS,phq_8,PHQ8,cross-corpus-882,StandardScaler,Lasso,193,49,5,-0.0232,4.7102,5.5084,-0.0515,-0.1177,-0.0454
1,negative_training,ALL_CONDITIONS,phq_8,PHQ8,cross-corpus-882,StandardScaler,ElasticNet,193,49,5,-0.0225,4.7074,5.5101,-0.0492,-0.1184,-0.0522
1,negative_training,ALL_CONDITIONS,phq_8,PHQ8,cross-corpus-882,StandardScaler,SVR,193,49,5,-0.0212,4.7709,5.564,-0.0429,-0.1403,-0.0544
1,negative_training,ALL_CONDITIONS,phq_8,PHQ8,cross-corpus-882,StandardScaler,KNN,193,49,5,0.1683,4.2245,5.1639,0.2419,0.0178,0.2768
1,negative_training,ALL_CONDITIONS,phq_8,PHQ8,cross-corpus-882,StandardScaler,RF,193,49,5,0.0601,4.5985,5.4155,0.104,-0.0803,0.1345
1,negative_training,ALL_CONDITIONS,phq_8,PHQ8,cross-corpus-882,StandardScaler,ET,193,49,5,0.1294,4.5733,5.3428,0.1866,-0.0515,0.1814
1,negative_training,ALL_CONDITIONS,phq_8,PHQ8,cross-corpus-882,StandardScaler,GB,193,49,5,0.0807,4.7539,5.6397,0.1111,-0.1716,0.1323
1,negative_training,ALL_CONDITIONS,phq_8,PHQ8,cross-corpus-882,StandardScaler,XGB,193,49,5,0.0864,4.7721,5.6265,0.1155,-0.1661,0.1375
1,negative_training,ALL_CONDITIONS,phq_8,PHQ8,cross-corpus-882,StandardScaler,MLP,193,49,5,-0.0506,5.0179,5.7508,-0.0756,-0.2182,-0.0594
1,negative_training,ALL_CONDITIONS,phq_8,PHQ8,cross-corpus-882,StandardScaler,LGBM,193,49,5,0.155,4.2708,5.2831,0.219,-0.0281,0.238
1,negative_training,ALL_CONDITIONS,phq_8,PHQ8,cross-corpus-882,StandardScaler,CatBoost,193,49,5,0.0563,4.6418,5.4185,0.0974,-0.0815,0.1033
1,negative_training,ALL_CONDITIONS,phq_8,PHQ8,cross-corpus-882,MinMaxScaler,Ridge,193,49,5,-0.0522,4.7525,5.6429,-0.0982,-0.1729,-0.1012
1,negative_training,ALL_CONDITIONS,phq_8,PHQ8,cross-corpus-882,MinMaxScaler,Lasso,193,49,5,-0.0577,4.7834,5.6885,-0.1027,-0.192,-0.1022
1,negative_training,ALL_CONDITIONS,phq_8,PHQ8,cross-corpus-882,MinMaxScaler,ElasticNet,193,49,5,-0.0476,4.7207,5.6005,-0.0956,-0.1554,-0.0973
1,negative_training,ALL_CONDITIONS,phq_8,PHQ8,cross-corpus-882,MinMaxScaler,SVR,193,49,5,-0.0693,5.1581,6.154,-0.0913,-0.395,-0.1096
1,negative_training,ALL_CONDITIONS,phq_8,PHQ8,cross-corpus-882,MinMaxScaler,KNN,193,49,5,0.0039,4.5986,5.5873,0.0064,-0.1499,0.0045
1,negative_training,ALL_CONDITIONS,phq_8,PHQ8,cross-corpus-882,MinMaxScaler,RF,193,49,5,0.0016,4.7563,5.5796,0.0027,-0.1468,0.0073
1,negative_training,ALL_CONDITIONS,phq_8,PHQ8,cross-corpus-882,MinMaxScaler,ET,193,49,5,0.0051,4.6184,5.5302,0.0089,-0.1265,-0.0019
1,negative_training,ALL_CONDITIONS,phq_8,PHQ8,cross-corpus-882,MinMaxScaler,GB,193,49,5,0.1092,4.6432,5.4527,0.1456,-0.0952,0.1379
1,negative_training,ALL_CONDITIONS,phq_8,PHQ8,cross-corpus-882,MinMaxScaler,XGB,193,49,5,0.036,4.9066,5.7162,0.047,-0.2036,0.0656
1,negative_training,ALL_CONDITIONS,phq_8,PHQ8,cross-corpus-882,MinMaxScaler,MLP,193,49,5,-0.044,4.7584,5.5927,-0.0872,-0.1521,-0.0673
1,negative_training,ALL_CONDITIONS,phq_8,PHQ8,cross-corpus-882,MinMaxScaler,LGBM,193,49,5,0.0392,4.878,5.7556,0.051,-0.2203,0.059
1,negative_training,ALL_CONDITIONS,phq_8,PHQ8,cross-corpus-882,MinMaxScaler,CatBoost,193,49,5,0.0375,4.672,5.5541,0.057,-0.1363,0.0549
1,negative_training,ALL_CONDITIONS,phq_8,PHQ8,cross-corpus-882,RobustScaler,Ridge,193,49,5,0.0005,4.6805,5.4771,0.001,-0.105,0.0023
1,negative_training,ALL_CONDITIONS,phq_8,PHQ8,cross-corpus-882,RobustScaler,Lasso,193,49,5,0.03,4.6001,5.4258,0.0571,-0.0844,0.1048
1,negative_training,ALL_CONDITIONS,phq_8,PHQ8,cross-corpus-882,RobustScaler,ElasticNet,193,49,5,-0.007,4.7018,5.4893,-0.0149,-0.1099,-0.0211
1,negative_training,ALL_CONDITIONS,phq_8,PHQ8,cross-corpus-882,RobustScaler,SVR,193,49,5,0.0261,4.6098,5.4677,0.0472,-0.1012,0.0872
1,negative_training,ALL_CONDITIONS,phq_8,PHQ8,cross-corpus-882,RobustScaler,KNN,193,49,5,0.0501,4.8286,5.7883,0.0603,-0.2341,0.0723
1,negative_training,ALL_CONDITIONS,phq_8,PHQ8,cross-corpus-882,RobustScaler,RF,193,49,5,0.0483,4.7644,5.4508,0.0798,-0.0944,0.0309
1,negative_training,ALL_CONDITIONS,phq_8,PHQ8,cross-corpus-882,RobustScaler,ET,193,49,5,0.039,4.7556,5.6172,0.0565,-0.1623,0.0433
1,negative_training,ALL_CONDITIONS,phq_8,PHQ8,cross-corpus-882,RobustScaler,GB,193,49,5,0.1678,4.5391,5.414,0.2062,-0.0797,0.1931
1,negative_training,ALL_CONDITIONS,phq_8,PHQ8,cross-corpus-882,RobustScaler,XGB,193,49,5,0.2167,4.284,5.1923,0.2767,0.0069,0.2655
1,negative_training,ALL_CONDITIONS,phq_8,PHQ8,cross-corpus-882,RobustScaler,MLP,193,49,5,0.0609,4.5925,5.331,0.1135,-0.0468,0.1323
1,negative_training,ALL_CONDITIONS,phq_8,PHQ8,cross-corpus-882,RobustScaler,LGBM,193,49,5,0.0001,5.0893,5.9512,0.0002,-0.3046,-0.0343
1,negative_training,ALL_CONDITIONS,phq_8,PHQ8,cross-corpus-882,RobustScaler,CatBoost,193,49,5,0.0677,4.6795,5.3789,0.1134,-0.0657,0.1273
2,negative_training,ALL_CONDITIONS,phq_8,PHQ8,cross-corpus-882,StandardScaler,Ridge,193,49,5,0.092,5.1085,6.0361,0.1323,-0.0866,0.0908
2,negative_training,ALL_CONDITIONS,phq_8,PHQ8,cross-corpus-882,StandardScaler,Lasso,193,49,5,0.0889,5.0957,6.009,0.1317,-0.0768,0.0846
2,negative_training,ALL_CONDITIONS,phq_8,PHQ8,cross-corpus-882,StandardScaler,ElasticNet,193,49,5,0.0903,5.0698,5.9919,0.1355,-0.0707,0.0943
2,negative_training,ALL_CONDITIONS,phq_8,PHQ8,cross-corpus-882,StandardScaler,SVR,193,49,5,0.0532,4.9718,5.984,0.088,-0.0679,0.0509
2,negative_training,ALL_CONDITIONS,phq_8,PHQ8,cross-corpus-882,StandardScaler,KNN,193,49,5,0.0721,4.941,6.0734,0.101,-0.1,0.1035
2,negative_training,ALL_CONDITIONS,phq_8,PHQ8,cross-corpus-882,StandardScaler,RF,193,49,5,0.1045,4.8553,5.8853,0.1711,-0.0329,0.089
2,negative_training,ALL_CONDITIONS,phq_8,PHQ8,cross-corpus-882,StandardScaler,ET,193,49,5,0.0964,4.7701,5.8904,0.1544,-0.0347,0.1436
2,negative_training,ALL_CONDITIONS,phq_8,PHQ8,cross-corpus-882,StandardScaler,GB,193,49,5,0.0892,5.2616,6.4114,0.1067,-0.2259,0.0494
2,negative_training,ALL_CONDITIONS,phq_8,PHQ8,cross-corpus-882,StandardScaler,XGB,193,49,5,0.05,5.2478,6.4225,0.0613,-0.2301,0.0177
2,negative_training,ALL_CONDITIONS,phq_8,PHQ8,cross-corpus-882,StandardScaler,MLP,193,49,5,-0.0809,5.3891,6.4019,-0.1265,-0.2222,-0.0958
2,negative_training,ALL_CONDITIONS,phq_8,PHQ8,cross-corpus-882,StandardScaler,LGBM,193,49,5,0.0939,5.2653,6.3806,0.1108,-0.2141,0.1005
2,negative_training,ALL_CONDITIONS,phq_8,PHQ8,cross-corpus-882,StandardScaler,CatBoost,193,49,5,0.0606,5.0031,6.0983,0.0902,-0.1091,0.0663
2,negative_training,ALL_CONDITIONS,phq_8,PHQ8,cross-corpus-882,MinMaxScaler,Ridge,193,49,10,0.1383,4.7175,5.7318,0.2321,0.0202,0.2665
2,negative_training,ALL_CONDITIONS,phq_8,PHQ8,cross-corpus-882,MinMaxScaler,Lasso,193,49,10,0.1433,4.8281,5.816,0.2156,-0.0088,0.2582
2,negative_training,ALL_CONDITIONS,phq_8,PHQ8,cross-corpus-882,MinMaxScaler,ElasticNet,193,49,10,0.1363,4.7098,5.7228,0.2332,0.0233,0.267
2,negative_training,ALL_CONDITIONS,phq_8,PHQ8,cross-corpus-882,MinMaxScaler,SVR,193,49,10,0.0966,4.6802,5.7079,0.2147,0.0284,0.2618
2,negative_training,ALL_CONDITIONS,phq_8,PHQ8,cross-corpus-882,MinMaxScaler,KNN,193,49,10,0.0712,4.8231,5.9551,0.1136,-0.0576,0.1359
2,negative_training,ALL_CONDITIONS,phq_8,PHQ8,cross-corpus-882,MinMaxScaler,RF,193,49,10,0.0749,5.026,5.964,0.1149,-0.0608,0.0919
2,negative_training,ALL_CONDITIONS,phq_8,PHQ8,cross-corpus-882,MinMaxScaler,ET,193,49,10,0.1337,4.8192,5.7999,0.2,-0.0032,0.185
2,negative_training,ALL_CONDITIONS,phq_8,PHQ8,cross-corpus-882,MinMaxScaler,GB,193,49,10,0.0947,5.225,6.2607,0.1162,-0.1689,0.1151
2,negative_training,ALL_CONDITIONS,phq_8,PHQ8,cross-corpus-882,MinMaxScaler,XGB,193,49,10,0.0663,5.1768,6.2478,0.0841,-0.1641,0.0574
2,negative_training,ALL_CONDITIONS,phq_8,PHQ8,cross-corpus-882,MinMaxScaler,MLP,193,49,10,0.0787,4.8041,5.7052,0.1947,0.0293,0.1331
2,negative_training,ALL_CONDITIONS,phq_8,PHQ8,cross-corpus-882,MinMaxScaler,LGBM,193,49,10,-0.006,5.5818,6.716,-0.0069,-0.3451,-0.0361
2,negative_training,ALL_CONDITIONS,phq_8,PHQ8,cross-corpus-882,MinMaxScaler,CatBoost,193,49,10,0.082,5.0539,6.1563,0.1086,-0.1303,0.1111
2,negative_training,ALL_CONDITIONS,phq_8,PHQ8,cross-corpus-882,RobustScaler,Ridge,193,49,10,0.1587,4.8126,5.7795,0.2311,0.0038,0.2569
2,negative_training,ALL_CONDITIONS,phq_8,PHQ8,cross-corpus-882,RobustScaler,Lasso,193,49,10,0.1496,4.8353,5.775,0.2257,0.0054,0.2504
2,negative_training,ALL_CONDITIONS,phq_8,PHQ8,cross-corpus-882,RobustScaler,ElasticNet,193,49,10,0.1572,4.7926,5.7409,0.2391,0.0171,0.2827
2,negative_training,ALL_CONDITIONS,phq_8,PHQ8,cross-corpus-882,RobustScaler,SVR,193,49,10,0.0735,4.8985,5.7888,0.1524,0.0006,0.1466
2,negative_training,ALL_CONDITIONS,phq_8,PHQ8,cross-corpus-882,RobustScaler,KNN,193,49,10,0.118,4.9274,5.8549,0.176,-0.0223,0.1901
2,negative_training,ALL_CONDITIONS,phq_8,PHQ8,cross-corpus-882,RobustScaler,RF,193,49,10,0.077,5.1858,6.0126,0.121,-0.0781,0.0979
2,negative_training,ALL_CONDITIONS,phq_8,PHQ8,cross-corpus-882,RobustScaler,ET,193,49,10,0.0938,4.9301,5.8918,0.1471,-0.0352,0.1521
2,negative_training,ALL_CONDITIONS,phq_8,PHQ8,cross-corpus-882,RobustScaler,GB,193,49,10,0.123,5.697,6.6217,0.1332,-0.3076,0.158
2,negative_training,ALL_CONDITIONS,phq_8,PHQ8,cross-corpus-882,RobustScaler,XGB,193,49,10,-0.0021,5.669,6.6559,-0.0025,-0.3212,0.0204
2,negative_training,ALL_CONDITIONS,phq_8,PHQ8,cross-corpus-882,RobustScaler,MLP,193,49,10,0.1026,5.0707,6.2916,0.1201,-0.1805,0.1323
2,negative_training,ALL_CONDITIONS,phq_8,PHQ8,cross-corpus-882,RobustScaler,LGBM,193,49,10,0.1477,5.332,6.3132,0.1667,-0.1886,0.1416
2,negative_training,ALL_CONDITIONS,phq_8,PHQ8,cross-corpus-882,RobustScaler,CatBoost,193,49,10,0.0922,5.3046,6.1976,0.1187,-0.1455,0.1123
3,negative_training,ALL_CONDITIONS,phq_8,PHQ8,cross-corpus-882,StandardScaler,Ridge,194,48,10,0.0726,5.3638,6.1468,0.1216,-0.0293,0.1526
3,negative_training,ALL_CONDITIONS,phq_8,PHQ8,cross-corpus-882,StandardScaler,Lasso,194,48,10,0.0847,5.3082,6.0868,0.1463,-0.0093,0.1359
3,negative_training,ALL_CONDITIONS,phq_8,PHQ8,cross-corpus-882,StandardScaler,ElasticNet,194,48,10,0.0849,5.3085,6.0863,0.1467,-0.0092,0.1392
3,negative_training,ALL_CONDITIONS,phq_8,PHQ8,cross-corpus-882,StandardScaler,SVR,194,48,10,-0.0325,5.9743,6.9885,-0.0397,-0.3305,-0.0383
3,negative_training,ALL_CONDITIONS,phq_8,PHQ8,cross-corpus-882,StandardScaler,KNN,194,48,10,-0.0094,5.5972,6.49,-0.015,-0.1475,0.0352
3,negative_training,ALL_CONDITIONS,phq_8,PHQ8,cross-corpus-882,StandardScaler,RF,194,48,10,0.1078,5.5134,6.0378,0.1788,0.0069,0.1703
3,negative_training,ALL_CONDITIONS,phq_8,PHQ8,cross-corpus-882,StandardScaler,ET,194,48,10,0.0578,5.5781,6.2086,0.0954,-0.0501,0.1106
3,negative_training,ALL_CONDITIONS,phq_8,PHQ8,cross-corpus-882,StandardScaler,GB,194,48,10,0.0926,5.7417,6.3419,0.1257,-0.0957,0.1304
3,negative_training,ALL_CONDITIONS,phq_8,PHQ8,cross-corpus-882,StandardScaler,XGB,194,48,10,0.1254,5.6381,6.0976,0.1835,-0.0129,0.193
3,negative_training,ALL_CONDITIONS,phq_8,PHQ8,cross-corpus-882,StandardScaler,MLP,194,48,10,0.0915,5.3393,6.3481,0.1219,-0.0979,0.1163
3,negative_training,ALL_CONDITIONS,phq_8,PHQ8,cross-corpus-882,StandardScaler,LGBM,194,48,10,0.1795,5.5693,6.2677,0.2123,-0.0702,0.1794
3,negative_training,ALL_CONDITIONS,phq_8,PHQ8,cross-corpus-882,StandardScaler,CatBoost,194,48,10,0.1438,5.4383,5.92,0.2364,0.0452,0.2554
3,negative_training,ALL_CONDITIONS,phq_8,PHQ8,cross-corpus-882,MinMaxScaler,Ridge,194,48,10,0.0419,5.3351,6.157,0.0811,-0.0328,0.0664
3,negative_training,ALL_CONDITIONS,phq_8,PHQ8,cross-corpus-882,MinMaxScaler,Lasso,194,48,10,0.0503,5.3365,6.1761,0.0897,-0.0392,0.0758
3,negative_training,ALL_CONDITIONS,phq_8,PHQ8,cross-corpus-882,MinMaxScaler,ElasticNet,194,48,10,0.0363,5.3357,6.1403,0.0755,-0.0271,0.0655
3,negative_training,ALL_CONDITIONS,phq_8,PHQ8,cross-corpus-882,MinMaxScaler,SVR,194,48,10,0.0548,5.421,6.3935,0.081,-0.1136,0.0877
3,negative_training,ALL_CONDITIONS,phq_8,PHQ8,cross-corpus-882,MinMaxScaler,KNN,194,48,10,0.0188,5.4954,6.413,0.0291,-0.1204,0.0706
3,negative_training,ALL_CONDITIONS,phq_8,PHQ8,cross-corpus-882,MinMaxScaler,RF,194,48,10,0.1697,5.2498,5.7863,0.2971,0.0879,0.2601
3,negative_training,ALL_CONDITIONS,phq_8,PHQ8,cross-corpus-882,MinMaxScaler,ET,194,48,10,0.0783,5.5765,6.1611,0.1258,-0.0341,0.08
3,negative_training,ALL_CONDITIONS,phq_8,PHQ8,cross-corpus-882,MinMaxScaler,GB,194,48,10,0.1197,5.7058,6.1877,0.1649,-0.0431,0.2045
3,negative_training,ALL_CONDITIONS,phq_8,PHQ8,cross-corpus-882,MinMaxScaler,XGB,194,48,10,0.1286,5.578,6.1368,0.1798,-0.026,0.2363
3,negative_training,ALL_CONDITIONS,phq_8,PHQ8,cross-corpus-882,MinMaxScaler,MLP,194,48,10,0.0723,5.3761,6.1811,0.1161,-0.0408,0.0987
3,negative_training,ALL_CONDITIONS,phq_8,PHQ8,cross-corpus-882,MinMaxScaler,LGBM,194,48,10,0.2544,5.2458,5.9029,0.3108,0.0507,0.2718
3,negative_training,ALL_CONDITIONS,phq_8,PHQ8,cross-corpus-882,MinMaxScaler,CatBoost,194,48,10,0.2177,5.1798,5.6834,0.3544,0.12,0.3772
3,negative_training,ALL_CONDITIONS,phq_8,PHQ8,cross-corpus-882,RobustScaler,Ridge,194,48,15,0.0852,5.2615,5.939,0.2009,0.0391,0.2534
3,negative_training,ALL_CONDITIONS,phq_8,PHQ8,cross-corpus-882,RobustScaler,Lasso,194,48,15,0.1361,5.1969,5.8656,0.2558,0.0627,0.2955
3,negative_training,ALL_CONDITIONS,phq_8,PHQ8,cross-corpus-882,RobustScaler,ElasticNet,194,48,15,0.134,5.206,5.8837,0.2467,0.0569,0.2751
3,negative_training,ALL_CONDITIONS,phq_8,PHQ8,cross-corpus-882,RobustScaler,SVR,194,48,15,0.0492,5.5567,6.2742,0.0841,-0.0724,0.0866
3,negative_training,ALL_CONDITIONS,phq_8,PHQ8,cross-corpus-882,RobustScaler,KNN,194,48,15,0.0901,5.5579,6.2994,0.1262,-0.0811,0.1268
3,negative_training,ALL_CONDITIONS,phq_8,PHQ8,cross-corpus-882,RobustScaler,RF,194,48,15,0.1042,5.5952,6.0752,0.1673,-0.0055,0.1845
3,negative_training,ALL_CONDITIONS,phq_8,PHQ8,cross-corpus-882,RobustScaler,ET,194,48,15,0.0576,5.6833,6.2677,0.0888,-0.0702,0.1329
3,negative_training,ALL_CONDITIONS,phq_8,PHQ8,cross-corpus-882,RobustScaler,GB,194,48,15,0.2018,5.4792,6.0476,0.2538,0.0036,0.2512
3,negative_training,ALL_CONDITIONS,phq_8,PHQ8,cross-corpus-882,RobustScaler,XGB,194,48,15,0.2012,5.4609,6.1009,0.246,-0.014,0.2659
3,negative_training,ALL_CONDITIONS,phq_8,PHQ8,cross-corpus-882,RobustScaler,MLP,194,48,15,0.228,5.2432,5.9711,0.2856,0.0287,0.2778
3,negative_training,ALL_CONDITIONS,phq_8,PHQ8,cross-corpus-882,RobustScaler,LGBM,194,48,15,0.1324,5.753,6.4193,0.1584,-0.1226,0.1991
3,negative_training,ALL_CONDITIONS,phq_8,PHQ8,cross-corpus-882,RobustScaler,CatBoost,194,48,15,0.2111,5.377,5.974,0.27,0.0277,0.252
4,negative_training,ALL_CONDITIONS,phq_8,PHQ8,cross-corpus-882,StandardScaler,Ridge,194,48,5,-0.0232,5.348,6.4123,-0.0607,-0.1205,-0.0719
4,negative_training,ALL_CONDITIONS,phq_8,PHQ8,cross-corpus-882,StandardScaler,Lasso,194,48,5,-0.0069,5.1798,6.2279,-0.0683,-0.0569,-0.1039
4,negative_training,ALL_CONDITIONS,phq_8,PHQ8,cross-corpus-882,StandardScaler,ElasticNet,194,48,5,-0.0187,5.2768,6.3386,-0.0636,-0.0948,-0.0934
4,negative_training,ALL_CONDITIONS,phq_8,PHQ8,cross-corpus-882,StandardScaler,SVR,194,48,5,-0.0231,5.2964,6.3058,-0.0636,-0.0835,-0.0775
4,negative_training,ALL_CONDITIONS,phq_8,PHQ8,cross-corpus-882,StandardScaler,KNN,194,48,5,0.0623,5.4375,6.4066,0.1099,-0.1185,0.0757
4,negative_training,ALL_CONDITIONS,phq_8,PHQ8,cross-corpus-882,StandardScaler,RF,194,48,5,0.005,5.3385,6.4803,0.009,-0.1443,0.0344
4,negative_training,ALL_CONDITIONS,phq_8,PHQ8,cross-corpus-882,StandardScaler,ET,194,48,5,0.0767,5.2392,6.3003,0.1294,-0.0816,0.1337
4,negative_training,ALL_CONDITIONS,phq_8,PHQ8,cross-corpus-882,StandardScaler,GB,194,48,5,0.09,5.193,6.2549,0.138,-0.0661,0.1575
4,negative_training,ALL_CONDITIONS,phq_8,PHQ8,cross-corpus-882,StandardScaler,XGB,194,48,5,0.1206,5.161,6.1654,0.1891,-0.0358,0.2079
4,negative_training,ALL_CONDITIONS,phq_8,PHQ8,cross-corpus-882,StandardScaler,MLP,194,48,5,0.1019,5.0287,6.1279,0.1836,-0.0233,0.1628
4,negative_training,ALL_CONDITIONS,phq_8,PHQ8,cross-corpus-882,StandardScaler,LGBM,194,48,5,0.0974,5.0339,6.2963,0.1495,-0.0803,0.1783
4,negative_training,ALL_CONDITIONS,phq_8,PHQ8,cross-corpus-882,StandardScaler,CatBoost,194,48,5,0.0909,5.0875,6.1548,0.1687,-0.0323,0.1539
4,negative_training,ALL_CONDITIONS,phq_8,PHQ8,cross-corpus-882,MinMaxScaler,Ridge,194,48,5,-0.1135,5.8459,7.3139,-0.1535,-0.4577,-0.089
4,negative_training,ALL_CONDITIONS,phq_8,PHQ8,cross-corpus-882,MinMaxScaler,Lasso,194,48,5,-0.1288,6.0071,7.6045,-0.1605,-0.5758,-0.1083
4,negative_training,ALL_CONDITIONS,phq_8,PHQ8,cross-corpus-882,MinMaxScaler,ElasticNet,194,48,5,-0.1006,5.7211,7.1062,-0.1478,-0.3761,-0.0752
4,negative_training,ALL_CONDITIONS,phq_8,PHQ8,cross-corpus-882,MinMaxScaler,SVR,194,48,5,-0.0391,5.6597,7.0544,-0.055,-0.3561,-0.0179
4,negative_training,ALL_CONDITIONS,phq_8,PHQ8,cross-corpus-882,MinMaxScaler,KNN,194,48,5,-0.1115,5.8155,7.2098,-0.1598,-0.4165,-0.1479
4,negative_training,ALL_CONDITIONS,phq_8,PHQ8,cross-corpus-882,MinMaxScaler,RF,194,48,5,-0.0315,5.38,6.7114,-0.0478,-0.2274,-0.0527
4,negative_training,ALL_CONDITIONS,phq_8,PHQ8,cross-corpus-882,MinMaxScaler,ET,194,48,5,-0.0073,5.2923,6.5606,-0.012,-0.1729,0.0078
4,negative_training,ALL_CONDITIONS,phq_8,PHQ8,cross-corpus-882,MinMaxScaler,GB,194,48,5,0.0059,5.2403,6.5826,0.0088,-0.1807,0.0313
4,negative_training,ALL_CONDITIONS,phq_8,PHQ8,cross-corpus-882,MinMaxScaler,XGB,194,48,5,0.0056,5.26,6.5657,0.0086,-0.1747,-0.0053
4,negative_training,ALL_CONDITIONS,phq_8,PHQ8,cross-corpus-882,MinMaxScaler,MLP,194,48,5,-0.084,5.6665,6.8972,-0.1329,-0.2963,-0.0995
4,negative_training,ALL_CONDITIONS,phq_8,PHQ8,cross-corpus-882,MinMaxScaler,LGBM,194,48,5,0.0439,5.1298,6.6935,0.0607,-0.2209,0.0406
4,negative_training,ALL_CONDITIONS,phq_8,PHQ8,cross-corpus-882,MinMaxScaler,CatBoost,194,48,5,0.0174,5.2431,6.5447,0.0271,-0.1672,0.011
4,negative_training,ALL_CONDITIONS,phq_8,PHQ8,cross-corpus-882,RobustScaler,Ridge,194,48,10,0.0015,5.2542,6.3629,0.0033,-0.1033,0.0286
4,negative_training,ALL_CONDITIONS,phq_8,PHQ8,cross-corpus-882,RobustScaler,Lasso,194,48,10,0.0023,5.3107,6.4502,0.0043,-0.1337,0.0303
4,negative_training,ALL_CONDITIONS,phq_8,PHQ8,cross-corpus-882,RobustScaler,ElasticNet,194,48,10,-0.0033,5.2158,6.2872,-0.0102,-0.0772,0.0162
4,negative_training,ALL_CONDITIONS,phq_8,PHQ8,cross-corpus-882,RobustScaler,SVR,194,48,10,0.1012,4.9907,6.0865,0.204,-0.0095,0.1978
4,negative_training,ALL_CONDITIONS,phq_8,PHQ8,cross-corpus-882,RobustScaler,KNN,194,48,10,0.138,4.8912,6.1872,0.22,-0.0432,0.2171
4,negative_training,ALL_CONDITIONS,phq_8,PHQ8,cross-corpus-882,RobustScaler,RF,194,48,10,0.1362,4.8544,5.9912,0.2277,0.0219,0.2472
4,negative_training,ALL_CONDITIONS,phq_8,PHQ8,cross-corpus-882,RobustScaler,ET,194,48,10,0.1229,4.8879,6.0915,0.1986,-0.0111,0.185
4,negative_training,ALL_CONDITIONS,phq_8,PHQ8,cross-corpus-882,RobustScaler,GB,194,48,10,0.1841,4.7007,5.9334,0.2709,0.0406,0.2932
4,negative_training,ALL_CONDITIONS,phq_8,PHQ8,cross-corpus-882,RobustScaler,XGB,194,48,10,0.2036,4.5966,5.8512,0.3012,0.0671,0.3329
4,negative_training,ALL_CONDITIONS,phq_8,PHQ8,cross-corpus-882,RobustScaler,MLP,194,48,10,0.1386,5.1629,6.5184,0.1925,-0.1578,0.2262
4,negative_training,ALL_CONDITIONS,phq_8,PHQ8,cross-corpus-882,RobustScaler,LGBM,194,48,10,0.1612,4.8677,6.1369,0.2227,-0.0263,0.263
4,negative_training,ALL_CONDITIONS,phq_8,PHQ8,cross-corpus-882,RobustScaler,CatBoost,194,48,10,0.1514,4.7941,5.9524,0.2585,0.0345,0.2435
5,negative_training,ALL_CONDITIONS,phq_8,PHQ8,cross-corpus-882,StandardScaler,Ridge,194,48,5,-0.1999,6.1491,7.2313,-0.2648,-0.461,-0.2144
5,negative_training,ALL_CONDITIONS,phq_8,PHQ8,cross-corpus-882,StandardScaler,Lasso,194,48,5,-0.2,6.1482,7.2287,-0.2654,-0.46,-0.2137
5,negative_training,ALL_CONDITIONS,phq_8,PHQ8,cross-corpus-882,StandardScaler,ElasticNet,194,48,5,-0.1996,6.138,7.2208,-0.2655,-0.4568,-0.221
5,negative_training,ALL_CONDITIONS,phq_8,PHQ8,cross-corpus-882,StandardScaler,SVR,194,48,5,-0.1514,5.7814,6.7537,-0.2575,-0.2744,-0.2661
5,negative_training,ALL_CONDITIONS,phq_8,PHQ8,cross-corpus-882,StandardScaler,KNN,194,48,5,-0.1804,6.1083,7.3744,-0.2238,-0.5194,-0.2262
5,negative_training,ALL_CONDITIONS,phq_8,PHQ8,cross-corpus-882,StandardScaler,RF,194,48,5,-0.2029,6.1179,7.0285,-0.3114,-0.3802,-0.3228
5,negative_training,ALL_CONDITIONS,phq_8,PHQ8,cross-corpus-882,StandardScaler,ET,194,48,5,-0.2463,6.3483,7.408,-0.3257,-0.5333,-0.3177
5,negative_training,ALL_CONDITIONS,phq_8,PHQ8,cross-corpus-882,StandardScaler,GB,194,48,5,-0.1807,6.299,7.247,-0.228,-0.4674,-0.2853
5,negative_training,ALL_CONDITIONS,phq_8,PHQ8,cross-corpus-882,StandardScaler,XGB,194,48,5,-0.1752,6.2055,7.1246,-0.2352,-0.4182,-0.2337
5,negative_training,ALL_CONDITIONS,phq_8,PHQ8,cross-corpus-882,StandardScaler,MLP,194,48,5,-0.2333,6.4368,7.7599,-0.2687,-0.6824,-0.1902
5,negative_training,ALL_CONDITIONS,phq_8,PHQ8,cross-corpus-882,StandardScaler,LGBM,194,48,5,-0.1663,6.1806,7.2276,-0.21,-0.4595,-0.2373
5,negative_training,ALL_CONDITIONS,phq_8,PHQ8,cross-corpus-882,StandardScaler,CatBoost,194,48,5,-0.2189,6.1696,7.1403,-0.3207,-0.4245,-0.3212
5,negative_training,ALL_CONDITIONS,phq_8,PHQ8,cross-corpus-882,MinMaxScaler,Ridge,194,48,10,-0.1294,5.9092,6.9397,-0.1779,-0.3456,-0.1673
5,negative_training,ALL_CONDITIONS,phq_8,PHQ8,cross-corpus-882,MinMaxScaler,Lasso,194,48,10,-0.1332,5.8886,6.9109,-0.188,-0.3344,-0.1637
5,negative_training,ALL_CONDITIONS,phq_8,PHQ8,cross-corpus-882,MinMaxScaler,ElasticNet,194,48,10,-0.1307,5.836,6.8501,-0.1922,-0.311,-0.1796
5,negative_training,ALL_CONDITIONS,phq_8,PHQ8,cross-corpus-882,MinMaxScaler,SVR,194,48,10,-0.1902,5.9377,6.9508,-0.2964,-0.3499,-0.2971
5,negative_training,ALL_CONDITIONS,phq_8,PHQ8,cross-corpus-882,MinMaxScaler,KNN,194,48,10,-0.1067,5.9838,6.8307,-0.1514,-0.3036,-0.1676
5,negative_training,ALL_CONDITIONS,phq_8,PHQ8,cross-corpus-882,MinMaxScaler,RF,194,48,10,-0.1117,5.8766,6.7705,-0.1683,-0.2808,-0.1928
5,negative_training,ALL_CONDITIONS,phq_8,PHQ8,cross-corpus-882,MinMaxScaler,ET,194,48,10,-0.0843,5.8502,6.7738,-0.1187,-0.282,-0.1349
5,negative_training,ALL_CONDITIONS,phq_8,PHQ8,cross-corpus-882,MinMaxScaler,GB,194,48,10,-0.083,5.9313,7.0198,-0.1024,-0.3768,-0.1173
5,negative_training,ALL_CONDITIONS,phq_8,PHQ8,cross-corpus-882,MinMaxScaler,XGB,194,48,10,-0.0533,5.8631,6.8915,-0.0669,-0.3269,-0.1093
5,negative_training,ALL_CONDITIONS,phq_8,PHQ8,cross-corpus-882,MinMaxScaler,MLP,194,48,10,-0.1299,5.9434,7.0148,-0.1719,-0.3748,-0.1711
5,negative_training,ALL_CONDITIONS,phq_8,PHQ8,cross-corpus-882,MinMaxScaler,LGBM,194,48,10,-0.1179,6.0267,7.1136,-0.1472,-0.4139,-0.2043
5,negative_training,ALL_CONDITIONS,phq_8,PHQ8,cross-corpus-882,MinMaxScaler,CatBoost,194,48,10,-0.1084,5.9827,6.8872,-0.1489,-0.3253,-0.1735
5,negative_training,ALL_CONDITIONS,phq_8,PHQ8,cross-corpus-882,RobustScaler,Ridge,194,48,10,-0.1439,5.9881,7.0494,-0.1908,-0.3885,-0.1388
5,negative_training,ALL_CONDITIONS,phq_8,PHQ8,cross-corpus-882,RobustScaler,Lasso,194,48,10,-0.1448,5.9814,7.0314,-0.1942,-0.3814,-0.1515
5,negative_training,ALL_CONDITIONS,phq_8,PHQ8,cross-corpus-882,RobustScaler,ElasticNet,194,48,10,-0.1447,5.9935,7.0306,-0.194,-0.381,-0.1488
5,negative_training,ALL_CONDITIONS,phq_8,PHQ8,cross-corpus-882,RobustScaler,SVR,194,48,10,-0.1095,5.7167,6.6558,-0.184,-0.2377,-0.1925
5,negative_training,ALL_CONDITIONS,phq_8,PHQ8,cross-corpus-882,RobustScaler,KNN,194,48,10,-0.0724,5.7269,6.7907,-0.0998,-0.2884,-0.1027
5,negative_training,ALL_CONDITIONS,phq_8,PHQ8,cross-corpus-882,RobustScaler,RF,194,48,10,-0.1384,5.9213,6.8169,-0.217,-0.2984,-0.2498
5,negative_training,ALL_CONDITIONS,phq_8,PHQ8,cross-corpus-882,RobustScaler,ET,194,48,10,-0.1631,5.9648,6.8903,-0.2527,-0.3265,-0.2157
5,negative_training,ALL_CONDITIONS,phq_8,PHQ8,cross-corpus-882,RobustScaler,GB,194,48,10,-0.0459,5.8726,6.923,-0.0559,-0.3391,-0.1078
5,negative_training,ALL_CONDITIONS,phq_8,PHQ8,cross-corpus-882,RobustScaler,XGB,194,48,10,-0.0579,5.8457,6.8606,-0.0732,-0.3151,-0.131
5,negative_training,ALL_CONDITIONS,phq_8,PHQ8,cross-corpus-882,RobustScaler,MLP,194,48,10,-0.1759,6.5567,7.9551,-0.1872,-0.7681,-0.1411
5,negative_training,ALL_CONDITIONS,phq_8,PHQ8,cross-corpus-882,RobustScaler,LGBM,194,48,10,-0.0824,5.9129,6.9182,-0.1076,-0.3372,-0.1771
5,negative_training,ALL_CONDITIONS,phq_8,PHQ8,cross-corpus-882,RobustScaler,CatBoost,194,48,10,-0.0937,5.8068,6.7243,-0.1401,-0.2633,-0.1871
1,negative_training,ALL_CONDITIONS,phq_9,PHQ9,cross-corpus-882,StandardScaler,Ridge,193,49,10,0.1277,5.4341,6.5543,0.1646,-0.081,0.0922
1,negative_training,ALL_CONDITIONS,phq_9,PHQ9,cross-corpus-882,StandardScaler,Lasso,193,49,10,0.1447,5.3412,6.4549,0.1895,-0.0484,0.1234
1,negative_training,ALL_CONDITIONS,phq_9,PHQ9,cross-corpus-882,StandardScaler,ElasticNet,193,49,10,0.1469,5.3274,6.4426,0.1927,-0.0444,0.1316
1,negative_training,ALL_CONDITIONS,phq_9,PHQ9,cross-corpus-882,StandardScaler,SVR,193,49,10,-0.0267,5.4585,6.8355,-0.0581,-0.1757,-0.0088
1,negative_training,ALL_CONDITIONS,phq_9,PHQ9,cross-corpus-882,StandardScaler,KNN,193,49,10,0.0023,5.5533,6.8309,0.0032,-0.1741,0.0064
1,negative_training,ALL_CONDITIONS,phq_9,PHQ9,cross-corpus-882,StandardScaler,RF,193,49,10,0.0419,5.3448,6.5484,0.0664,-0.079,0.0991
1,negative_training,ALL_CONDITIONS,phq_9,PHQ9,cross-corpus-882,StandardScaler,ET,193,49,10,0.1186,5.1684,6.329,0.1792,-0.0079,0.2552
1,negative_training,ALL_CONDITIONS,phq_9,PHQ9,cross-corpus-882,StandardScaler,GB,193,49,10,0.1474,5.1649,6.4436,0.1909,-0.0447,0.1843
1,negative_training,ALL_CONDITIONS,phq_9,PHQ9,cross-corpus-882,StandardScaler,XGB,193,49,10,0.0601,5.3086,6.6445,0.084,-0.1109,0.1058
1,negative_training,ALL_CONDITIONS,phq_9,PHQ9,cross-corpus-882,StandardScaler,MLP,193,49,10,0.0701,5.4427,6.7184,0.0982,-0.1357,0.1003
1,negative_training,ALL_CONDITIONS,phq_9,PHQ9,cross-corpus-882,StandardScaler,LGBM,193,49,10,0.106,5.1671,6.6403,0.1343,-0.1095,0.148
1,negative_training,ALL_CONDITIONS,phq_9,PHQ9,cross-corpus-882,StandardScaler,CatBoost,193,49,10,0.0566,5.2364,6.4777,0.0918,-0.0558,0.1693
1,negative_training,ALL_CONDITIONS,phq_9,PHQ9,cross-corpus-882,MinMaxScaler,Ridge,193,49,5,0.1601,5.1814,6.2355,0.2361,0.0216,0.2025
1,negative_training,ALL_CONDITIONS,phq_9,PHQ9,cross-corpus-882,MinMaxScaler,Lasso,193,49,5,0.1516,5.1465,6.1971,0.2386,0.0337,0.2109
1,negative_training,ALL_CONDITIONS,phq_9,PHQ9,cross-corpus-882,MinMaxScaler,ElasticNet,193,49,5,0.1318,5.0838,6.1485,0.2434,0.0488,0.2355
1,negative_training,ALL_CONDITIONS,phq_9,PHQ9,cross-corpus-882,MinMaxScaler,SVR,193,49,5,0.1438,5.3786,6.5524,0.2117,-0.0803,0.1962
1,negative_training,ALL_CONDITIONS,phq_9,PHQ9,cross-corpus-882,MinMaxScaler,KNN,193,49,5,0.0804,5.551,6.8384,0.0981,-0.1767,0.0894
1,negative_training,ALL_CONDITIONS,phq_9,PHQ9,cross-corpus-882,MinMaxScaler,RF,193,49,5,0.1096,5.0789,6.2887,0.1798,0.0049,0.1671
1,negative_training,ALL_CONDITIONS,phq_9,PHQ9,cross-corpus-882,MinMaxScaler,ET,193,49,5,0.0845,5.1569,6.4237,0.1336,-0.0383,0.0997
1,negative_training,ALL_CONDITIONS,phq_9,PHQ9,cross-corpus-882,MinMaxScaler,GB,193,49,5,-0.0036,5.4562,6.9512,-0.0047,-0.2158,0.0437
1,negative_training,ALL_CONDITIONS,phq_9,PHQ9,cross-corpus-882,MinMaxScaler,XGB,193,49,5,0.0073,5.3707,6.8775,0.0098,-0.1902,0.0907
1,negative_training,ALL_CONDITIONS,phq_9,PHQ9,cross-corpus-882,MinMaxScaler,MLP,193,49,5,0.0642,5.2093,6.249,0.163,0.0174,0.1979
1,negative_training,ALL_CONDITIONS,phq_9,PHQ9,cross-corpus-882,MinMaxScaler,LGBM,193,49,5,0.1097,5.3036,6.5937,0.1412,-0.094,0.1246
1,negative_training,ALL_CONDITIONS,phq_9,PHQ9,cross-corpus-882,MinMaxScaler,CatBoost,193,49,5,0.0794,5.1202,6.3696,0.1365,-0.0209,0.1534
1,negative_training,ALL_CONDITIONS,phq_9,PHQ9,cross-corpus-882,RobustScaler,Ridge,193,49,10,0.1872,5.261,6.3075,0.2435,-0.0011,0.2047
1,negative_training,ALL_CONDITIONS,phq_9,PHQ9,cross-corpus-882,RobustScaler,Lasso,193,49,10,0.1902,5.2294,6.2743,0.2499,0.0094,0.2158
1,negative_training,ALL_CONDITIONS,phq_9,PHQ9,cross-corpus-882,RobustScaler,ElasticNet,193,49,10,0.1924,5.2196,6.2633,0.2528,0.0129,0.2194
1,negative_training,ALL_CONDITIONS,phq_9,PHQ9,cross-corpus-882,RobustScaler,SVR,193,49,10,0.0118,5.2901,6.6656,0.0279,-0.118,0.0546
1,negative_training,ALL_CONDITIONS,phq_9,PHQ9,cross-corpus-882,RobustScaler,KNN,193,49,10,0.0417,5.3492,6.6414,0.0613,-0.1099,0.0987
1,negative_training,ALL_CONDITIONS,phq_9,PHQ9,cross-corpus-882,RobustScaler,RF,193,49,10,0.1312,5.1041,6.1987,0.2184,0.0331,0.2835
1,negative_training,ALL_CONDITIONS,phq_9,PHQ9,cross-corpus-882,RobustScaler,ET,193,49,10,0.1274,5.098,6.2997,0.1919,0.0014,0.2252
1,negative_training,ALL_CONDITIONS,phq_9,PHQ9,cross-corpus-882,RobustScaler,GB,193,49,10,0.2128,4.9905,6.3057,0.26,-0.0005,0.2784
1,negative_training,ALL_CONDITIONS,phq_9,PHQ9,cross-corpus-882,RobustScaler,XGB,193,49,10,0.1765,5.0976,6.3574,0.2249,-0.017,0.2643
1,negative_training,ALL_CONDITIONS,phq_9,PHQ9,cross-corpus-882,RobustScaler,MLP,193,49,10,0.1658,5.1404,6.4593,0.2197,-0.0498,0.2203
1,negative_training,ALL_CONDITIONS,phq_9,PHQ9,cross-corpus-882,RobustScaler,LGBM,193,49,10,0.2172,4.9736,6.2982,0.2644,0.0019,0.252
1,negative_training,ALL_CONDITIONS,phq_9,PHQ9,cross-corpus-882,RobustScaler,CatBoost,193,49,10,0.1275,5.1613,6.4575,0.1709,-0.0493,0.2191
2,negative_training,ALL_CONDITIONS,phq_9,PHQ9,cross-corpus-882,StandardScaler,Ridge,193,49,10,0.1499,5.1809,6.0239,0.2356,0.0321,0.2593
2,negative_training,ALL_CONDITIONS,phq_9,PHQ9,cross-corpus-882,StandardScaler,Lasso,193,49,10,0.1758,5.1188,6.0109,0.2537,0.0363,0.2669
2,negative_training,ALL_CONDITIONS,phq_9,PHQ9,cross-corpus-882,StandardScaler,ElasticNet,193,49,10,0.1713,5.1341,6.0051,0.2525,0.0382,0.268
2,negative_training,ALL_CONDITIONS,phq_9,PHQ9,cross-corpus-882,StandardScaler,SVR,193,49,10,0.1379,5.1023,6.0792,0.2119,0.0143,0.2099
2,negative_training,ALL_CONDITIONS,phq_9,PHQ9,cross-corpus-882,StandardScaler,KNN,193,49,10,0.0993,5.4626,6.42,0.129,-0.0994,0.158
2,negative_training,ALL_CONDITIONS,phq_9,PHQ9,cross-corpus-882,StandardScaler,RF,193,49,10,0.1415,5.3282,6.2194,0.1998,-0.0317,0.2487
2,negative_training,ALL_CONDITIONS,phq_9,PHQ9,cross-corpus-882,StandardScaler,ET,193,49,10,0.1538,5.1686,6.0983,0.2192,0.0081,0.2457
2,negative_training,ALL_CONDITIONS,phq_9,PHQ9,cross-corpus-882,StandardScaler,GB,193,49,10,0.1441,5.3424,6.2631,0.1906,-0.0463,0.2197
2,negative_training,ALL_CONDITIONS,phq_9,PHQ9,cross-corpus-882,StandardScaler,XGB,193,49,10,0.1661,5.1731,6.1676,0.2183,-0.0146,0.2178
2,negative_training,ALL_CONDITIONS,phq_9,PHQ9,cross-corpus-882,StandardScaler,MLP,193,49,10,0.159,5.4506,6.5432,0.1809,-0.142,0.2135
2,negative_training,ALL_CONDITIONS,phq_9,PHQ9,cross-corpus-882,StandardScaler,LGBM,193,49,10,0.1117,5.508,6.4589,0.1443,-0.1127,0.16
2,negative_training,ALL_CONDITIONS,phq_9,PHQ9,cross-corpus-882,StandardScaler,CatBoost,193,49,10,0.1095,5.3554,6.2467,0.1588,-0.0408,0.2089
2,negative_training,ALL_CONDITIONS,phq_9,PHQ9,cross-corpus-882,MinMaxScaler,Ridge,193,49,10,0.1333,5.2006,6.018,0.2269,0.034,0.2208
2,negative_training,ALL_CONDITIONS,phq_9,PHQ9,cross-corpus-882,MinMaxScaler,Lasso,193,49,10,0.1516,5.2146,6.0442,0.2325,0.0256,0.2548
2,negative_training,ALL_CONDITIONS,phq_9,PHQ9,cross-corpus-882,MinMaxScaler,ElasticNet,193,49,10,0.1387,5.2084,6.0331,0.2259,0.0291,0.2333
2,negative_training,ALL_CONDITIONS,phq_9,PHQ9,cross-corpus-882,MinMaxScaler,SVR,193,49,10,0.2032,5.1688,6.2533,0.2454,-0.043,0.2137
2,negative_training,ALL_CONDITIONS,phq_9,PHQ9,cross-corpus-882,MinMaxScaler,KNN,193,49,10,0.0801,5.4626,6.597,0.1002,-0.1608,0.1236
2,negative_training,ALL_CONDITIONS,phq_9,PHQ9,cross-corpus-882,MinMaxScaler,RF,193,49,10,0.2317,4.9933,5.8527,0.3193,0.0863,0.3445
2,negative_training,ALL_CONDITIONS,phq_9,PHQ9,cross-corpus-882,MinMaxScaler,ET,193,49,10,0.1649,5.214,6.1034,0.226,0.0064,0.2632
2,negative_training,ALL_CONDITIONS,phq_9,PHQ9,cross-corpus-882,MinMaxScaler,GB,193,49,10,0.0966,5.4117,6.4469,0.1247,-0.1086,0.1458
2,negative_training,ALL_CONDITIONS,phq_9,PHQ9,cross-corpus-882,MinMaxScaler,XGB,193,49,10,0.0564,5.4426,6.4767,0.0776,-0.1189,0.0847
2,negative_training,ALL_CONDITIONS,phq_9,PHQ9,cross-corpus-882,MinMaxScaler,MLP,193,49,10,0.0616,5.3952,6.157,0.1304,-0.0111,0.1358
2,negative_training,ALL_CONDITIONS,phq_9,PHQ9,cross-corpus-882,MinMaxScaler,LGBM,193,49,10,0.228,5.2112,6.1494,0.2707,-0.0086,0.292
2,negative_training,ALL_CONDITIONS,phq_9,PHQ9,cross-corpus-882,MinMaxScaler,CatBoost,193,49,10,0.1658,5.2168,6.2331,0.2095,-0.0363,0.2985
2,negative_training,ALL_CONDITIONS,phq_9,PHQ9,cross-corpus-882,RobustScaler,Ridge,193,49,5,0.0763,5.3672,6.2056,0.1319,-0.0272,0.1745
2,negative_training,ALL_CONDITIONS,phq_9,PHQ9,cross-corpus-882,RobustScaler,Lasso,193,49,5,0.081,5.3495,6.1902,0.1401,-0.0221,0.1883
2,negative_training,ALL_CONDITIONS,phq_9,PHQ9,cross-corpus-882,RobustScaler,ElasticNet,193,49,5,0.1029,5.267,6.1571,0.1662,-0.0112,0.1767
2,negative_training,ALL_CONDITIONS,phq_9,PHQ9,cross-corpus-882,RobustScaler,SVR,193,49,5,0.084,5.2486,6.2396,0.1307,-0.0384,0.1174
2,negative_training,ALL_CONDITIONS,phq_9,PHQ9,cross-corpus-882,RobustScaler,KNN,193,49,5,0.0828,5.3379,6.3431,0.1175,-0.0732,0.1308
2,negative_training,ALL_CONDITIONS,phq_9,PHQ9,cross-corpus-882,RobustScaler,RF,193,49,5,0.0479,5.5336,6.5597,0.0659,-0.1477,0.0737
2,negative_training,ALL_CONDITIONS,phq_9,PHQ9,cross-corpus-882,RobustScaler,ET,193,49,5,0.0498,5.4486,6.4743,0.0701,-0.118,0.0618
2,negative_training,ALL_CONDITIONS,phq_9,PHQ9,cross-corpus-882,RobustScaler,GB,193,49,5,0.0971,5.6618,6.7574,0.1128,-0.218,0.0991
2,negative_training,ALL_CONDITIONS,phq_9,PHQ9,cross-corpus-882,RobustScaler,XGB,193,49,5,0.0712,5.53,6.6488,0.0878,-0.1791,0.0917
2,negative_training,ALL_CONDITIONS,phq_9,PHQ9,cross-corpus-882,RobustScaler,MLP,193,49,5,0.1233,5.3235,6.2586,0.1689,-0.0448,0.1395
2,negative_training,ALL_CONDITIONS,phq_9,PHQ9,cross-corpus-882,RobustScaler,LGBM,193,49,5,0.1214,5.529,6.6938,0.1431,-0.1951,0.1646
2,negative_training,ALL_CONDITIONS,phq_9,PHQ9,cross-corpus-882,RobustScaler,CatBoost,193,49,5,0.0475,5.547,6.5762,0.0634,-0.1535,0.0555
3,negative_training,ALL_CONDITIONS,phq_9,PHQ9,cross-corpus-882,StandardScaler,Ridge,194,48,10,0.06,5.5895,6.3439,0.1317,0.0022,0.1923
3,negative_training,ALL_CONDITIONS,phq_9,PHQ9,cross-corpus-882,StandardScaler,Lasso,194,48,10,0.0622,5.5689,6.3357,0.1365,0.0048,0.1719
3,negative_training,ALL_CONDITIONS,phq_9,PHQ9,cross-corpus-882,StandardScaler,ElasticNet,194,48,10,0.0603,5.5808,6.3331,0.1354,0.0056,0.1845
3,negative_training,ALL_CONDITIONS,phq_9,PHQ9,cross-corpus-882,StandardScaler,SVR,194,48,10,0.1371,5.2454,6.1982,0.2575,0.0475,0.2813
3,negative_training,ALL_CONDITIONS,phq_9,PHQ9,cross-corpus-882,StandardScaler,KNN,194,48,10,0.0543,5.7894,6.6716,0.0776,-0.1036,0.1102
3,negative_training,ALL_CONDITIONS,phq_9,PHQ9,cross-corpus-882,StandardScaler,RF,194,48,10,0.1129,5.5558,6.2882,0.2029,0.0196,0.2316
3,negative_training,ALL_CONDITIONS,phq_9,PHQ9,cross-corpus-882,StandardScaler,ET,194,48,10,0.1507,5.4549,6.2125,0.243,0.0431,0.2879
3,negative_training,ALL_CONDITIONS,phq_9,PHQ9,cross-corpus-882,StandardScaler,GB,194,48,10,0.2126,5.2819,6.0139,0.3354,0.1033,0.3566
3,negative_training,ALL_CONDITIONS,phq_9,PHQ9,cross-corpus-882,StandardScaler,XGB,194,48,10,0.1549,5.5385,6.2377,0.2429,0.0353,0.3088
3,negative_training,ALL_CONDITIONS,phq_9,PHQ9,cross-corpus-882,StandardScaler,MLP,194,48,10,0.1453,5.3123,6.1646,0.2504,0.0578,0.392
3,negative_training,ALL_CONDITIONS,phq_9,PHQ9,cross-corpus-882,StandardScaler,LGBM,194,48,10,0.1841,5.3663,6.1806,0.2817,0.0529,0.3013
3,negative_training,ALL_CONDITIONS,phq_9,PHQ9,cross-corpus-882,StandardScaler,CatBoost,194,48,10,0.1417,5.4213,6.138,0.2715,0.0659,0.3135
3,negative_training,ALL_CONDITIONS,phq_9,PHQ9,cross-corpus-882,MinMaxScaler,Ridge,194,48,10,0.1425,5.3742,6.0742,0.2953,0.0852,0.3149
3,negative_training,ALL_CONDITIONS,phq_9,PHQ9,cross-corpus-882,MinMaxScaler,Lasso,194,48,10,0.0698,5.6096,6.1966,0.2349,0.048,0.2691
3,negative_training,ALL_CONDITIONS,phq_9,PHQ9,cross-corpus-882,MinMaxScaler,ElasticNet,194,48,10,0.1334,5.4085,6.0778,0.2966,0.0841,0.2947
3,negative_training,ALL_CONDITIONS,phq_9,PHQ9,cross-corpus-882,MinMaxScaler,SVR,194,48,10,0.1497,5.2287,6.1299,0.3586,0.0684,0.3187
3,negative_training,ALL_CONDITIONS,phq_9,PHQ9,cross-corpus-882,MinMaxScaler,KNN,194,48,10,0.0659,5.6273,6.5219,0.1099,-0.0546,0.1083
3,negative_training,ALL_CONDITIONS,phq_9,PHQ9,cross-corpus-882,MinMaxScaler,RF,194,48,10,0.2237,5.1038,5.8449,0.4059,0.153,0.391
3,negative_training,ALL_CONDITIONS,phq_9,PHQ9,cross-corpus-882,MinMaxScaler,ET,194,48,10,0.1885,5.1877,6.0233,0.3189,0.1005,0.3066
3,negative_training,ALL_CONDITIONS,phq_9,PHQ9,cross-corpus-882,MinMaxScaler,GB,194,48,10,0.2319,5.1925,6.002,0.3345,0.1069,0.3174
3,negative_training,ALL_CONDITIONS,phq_9,PHQ9,cross-corpus-882,MinMaxScaler,XGB,194,48,10,0.172,5.3585,6.2506,0.2447,0.0313,0.2461
3,negative_training,ALL_CONDITIONS,phq_9,PHQ9,cross-corpus-882,MinMaxScaler,MLP,194,48,10,0.1495,5.4006,6.0238,0.3314,0.1004,0.2842
3,negative_training,ALL_CONDITIONS,phq_9,PHQ9,cross-corpus-882,MinMaxScaler,LGBM,194,48,10,0.2002,5.354,6.2454,0.2679,0.0329,0.2718
3,negative_training,ALL_CONDITIONS,phq_9,PHQ9,cross-corpus-882,MinMaxScaler,CatBoost,194,48,10,0.1413,5.3108,6.1233,0.2661,0.0704,0.2311
3,negative_training,ALL_CONDITIONS,phq_9,PHQ9,cross-corpus-882,RobustScaler,Ridge,194,48,10,0.0912,5.5483,6.1154,0.3287,0.0728,0.3271
3,negative_training,ALL_CONDITIONS,phq_9,PHQ9,cross-corpus-882,RobustScaler,Lasso,194,48,10,0.1343,5.4185,6.0418,0.3317,0.095,0.3422
3,negative_training,ALL_CONDITIONS,phq_9,PHQ9,cross-corpus-882,RobustScaler,ElasticNet,194,48,10,0.0585,5.6368,6.1943,0.2931,0.0487,0.3003
3,negative_training,ALL_CONDITIONS,phq_9,PHQ9,cross-corpus-882,RobustScaler,SVR,194,48,10,0.1607,5.2219,6.0758,0.3483,0.0847,0.3581
3,negative_training,ALL_CONDITIONS,phq_9,PHQ9,cross-corpus-882,RobustScaler,KNN,194,48,10,0.0548,5.831,6.5732,0.0851,-0.0712,0.1019
3,negative_training,ALL_CONDITIONS,phq_9,PHQ9,cross-corpus-882,RobustScaler,RF,194,48,10,0.1389,5.4897,6.1639,0.2507,0.058,0.2555
3,negative_training,ALL_CONDITIONS,phq_9,PHQ9,cross-corpus-882,RobustScaler,ET,194,48,10,0.2263,5.2049,5.8975,0.3802,0.1377,0.4108
3,negative_training,ALL_CONDITIONS,phq_9,PHQ9,cross-corpus-882,RobustScaler,GB,194,48,10,0.1894,5.2878,6.1339,0.2809,0.0672,0.2719
3,negative_training,ALL_CONDITIONS,phq_9,PHQ9,cross-corpus-882,RobustScaler,XGB,194,48,10,0.1424,5.4411,6.2245,0.2321,0.0394,0.2578
3,negative_training,ALL_CONDITIONS,phq_9,PHQ9,cross-corpus-882,RobustScaler,MLP,194,48,10,0.3282,4.7732,5.5829,0.5025,0.2272,0.4097
3,negative_training,ALL_CONDITIONS,phq_9,PHQ9,cross-corpus-882,RobustScaler,LGBM,194,48,10,0.1633,5.4445,6.3082,0.2298,0.0134,0.2296
3,negative_training,ALL_CONDITIONS,phq_9,PHQ9,cross-corpus-882,RobustScaler,CatBoost,194,48,10,0.1672,5.3545,6.056,0.3014,0.0907,0.3
4,negative_training,ALL_CONDITIONS,phq_9,PHQ9,cross-corpus-882,StandardScaler,Ridge,194,48,5,-0.0177,5.981,7.4091,-0.0206,-0.3863,-0.0777
4,negative_training,ALL_CONDITIONS,phq_9,PHQ9,cross-corpus-882,StandardScaler,Lasso,194,48,5,-0.0291,6.3385,8.1387,-0.0307,-0.6728,-0.1012
4,negative_training,ALL_CONDITIONS,phq_9,PHQ9,cross-corpus-882,StandardScaler,ElasticNet,194,48,5,-0.011,5.6814,6.8821,-0.0157,-0.1961,-0.0857
4,negative_training,ALL_CONDITIONS,phq_9,PHQ9,cross-corpus-882,StandardScaler,SVR,194,48,5,0.0601,5.5304,7.0198,0.0704,-0.2445,0.1103
4,negative_training,ALL_CONDITIONS,phq_9,PHQ9,cross-corpus-882,StandardScaler,KNN,194,48,5,0.0228,5.9077,7.0229,0.028,-0.2456,-0.0545
4,negative_training,ALL_CONDITIONS,phq_9,PHQ9,cross-corpus-882,StandardScaler,RF,194,48,5,0.0613,5.3638,6.5458,0.0914,-0.0821,-0.0086
4,negative_training,ALL_CONDITIONS,phq_9,PHQ9,cross-corpus-882,StandardScaler,ET,194,48,5,-0.0095,5.6724,6.8764,-0.0131,-0.1942,-0.045
4,negative_training,ALL_CONDITIONS,phq_9,PHQ9,cross-corpus-882,StandardScaler,GB,194,48,5,-0.0555,5.9913,7.2873,-0.0678,-0.3411,-0.1379
4,negative_training,ALL_CONDITIONS,phq_9,PHQ9,cross-corpus-882,StandardScaler,XGB,194,48,5,-0.0265,5.9716,7.1771,-0.0326,-0.3009,-0.0727
4,negative_training,ALL_CONDITIONS,phq_9,PHQ9,cross-corpus-882,StandardScaler,MLP,194,48,5,-0.0379,6.3734,7.8905,-0.0409,-0.5723,-0.125
4,negative_training,ALL_CONDITIONS,phq_9,PHQ9,cross-corpus-882,StandardScaler,LGBM,194,48,5,0.0503,5.7077,6.9898,0.06,-0.2339,-0.0353
4,negative_training,ALL_CONDITIONS,phq_9,PHQ9,cross-corpus-882,StandardScaler,CatBoost,194,48,5,0.0396,5.5196,6.6737,0.0566,-0.1248,-0.0143
4,negative_training,ALL_CONDITIONS,phq_9,PHQ9,cross-corpus-882,MinMaxScaler,Ridge,194,48,5,-0.0153,6.0205,7.5195,-0.0174,-0.428,-0.0776
4,negative_training,ALL_CONDITIONS,phq_9,PHQ9,cross-corpus-882,MinMaxScaler,Lasso,194,48,5,0.0165,5.208,6.3828,0.0413,-0.0289,0.0122
4,negative_training,ALL_CONDITIONS,phq_9,PHQ9,cross-corpus-882,MinMaxScaler,ElasticNet,194,48,5,-0.0115,5.8698,7.2328,-0.014,-0.3211,-0.0755
4,negative_training,ALL_CONDITIONS,phq_9,PHQ9,cross-corpus-882,MinMaxScaler,SVR,194,48,5,0.0141,5.2558,6.6905,0.0255,-0.1305,-0.0595
4,negative_training,ALL_CONDITIONS,phq_9,PHQ9,cross-corpus-882,MinMaxScaler,KNN,194,48,5,0.0115,5.7321,6.8837,0.0151,-0.1967,-0.0889
4,negative_training,ALL_CONDITIONS,phq_9,PHQ9,cross-corpus-882,MinMaxScaler,RF,194,48,5,-0.0099,5.6706,6.9782,-0.0129,-0.2298,-0.05
4,negative_training,ALL_CONDITIONS,phq_9,PHQ9,cross-corpus-882,MinMaxScaler,ET,194,48,5,0.0187,5.4847,6.8532,0.0248,-0.1861,0.0235
4,negative_training,ALL_CONDITIONS,phq_9,PHQ9,cross-corpus-882,MinMaxScaler,GB,194,48,5,-0.0608,5.7566,7.1451,-0.0796,-0.2893,-0.0891
4,negative_training,ALL_CONDITIONS,phq_9,PHQ9,cross-corpus-882,MinMaxScaler,XGB,194,48,5,0.0396,5.5168,6.8042,0.0518,-0.1692,-0.0084
4,negative_training,ALL_CONDITIONS,phq_9,PHQ9,cross-corpus-882,MinMaxScaler,MLP,194,48,5,0.0031,5.5653,6.7745,0.0046,-0.159,-0.07
4,negative_training,ALL_CONDITIONS,phq_9,PHQ9,cross-corpus-882,MinMaxScaler,LGBM,194,48,5,0.0687,5.4439,6.7209,0.0892,-0.1407,0.0703
4,negative_training,ALL_CONDITIONS,phq_9,PHQ9,cross-corpus-882,MinMaxScaler,CatBoost,194,48,5,0.022,5.5612,6.7467,0.031,-0.1495,-0.0248
4,negative_training,ALL_CONDITIONS,phq_9,PHQ9,cross-corpus-882,RobustScaler,Ridge,194,48,5,-0.0212,6.1129,7.6695,-0.0235,-0.4855,-0.0732
4,negative_training,ALL_CONDITIONS,phq_9,PHQ9,cross-corpus-882,RobustScaler,Lasso,194,48,5,-0.028,6.3429,8.1567,-0.0295,-0.6802,-0.0882
4,negative_training,ALL_CONDITIONS,phq_9,PHQ9,cross-corpus-882,RobustScaler,ElasticNet,194,48,5,-0.0167,5.8436,7.1417,-0.0211,-0.2881,-0.0766
4,negative_training,ALL_CONDITIONS,phq_9,PHQ9,cross-corpus-882,RobustScaler,SVR,194,48,5,0.0459,5.2779,6.5658,0.0751,-0.0887,0.0262
4,negative_training,ALL_CONDITIONS,phq_9,PHQ9,cross-corpus-882,RobustScaler,KNN,194,48,5,0.118,5.544,6.5934,0.1499,-0.0979,0.041
4,negative_training,ALL_CONDITIONS,phq_9,PHQ9,cross-corpus-882,RobustScaler,RF,194,48,5,0.0057,5.7368,6.8701,0.0077,-0.192,-0.06
4,negative_training,ALL_CONDITIONS,phq_9,PHQ9,cross-corpus-882,RobustScaler,ET,194,48,5,-0.0112,5.8848,6.986,-0.0146,-0.2325,-0.0251
4,negative_training,ALL_CONDITIONS,phq_9,PHQ9,cross-corpus-882,RobustScaler,GB,194,48,5,-0.0008,5.8102,7.0315,-0.001,-0.2486,-0.0299
4,negative_training,ALL_CONDITIONS,phq_9,PHQ9,cross-corpus-882,RobustScaler,XGB,194,48,5,0.0021,5.9674,7.098,0.0025,-0.2724,-0.0735
4,negative_training,ALL_CONDITIONS,phq_9,PHQ9,cross-corpus-882,RobustScaler,MLP,194,48,5,0.0031,6.4135,8.4214,0.0032,-0.791,0.0215
4,negative_training,ALL_CONDITIONS,phq_9,PHQ9,cross-corpus-882,RobustScaler,LGBM,194,48,5,0.1164,5.5305,6.7039,0.1406,-0.135,0.06
4,negative_training,ALL_CONDITIONS,phq_9,PHQ9,cross-corpus-882,RobustScaler,CatBoost,194,48,5,0.0509,5.5456,6.6211,0.0736,-0.1071,0.023
5,negative_training,ALL_CONDITIONS,phq_9,PHQ9,cross-corpus-882,StandardScaler,Ridge,194,48,7,-0.0916,6.1083,7.332,-0.2409,-0.1355,-0.2611
5,negative_training,ALL_CONDITIONS,phq_9,PHQ9,cross-corpus-882,StandardScaler,Lasso,194,48,7,-0.1002,6.1925,7.4141,-0.2263,-0.1611,-0.2264
5,negative_training,ALL_CONDITIONS,phq_9,PHQ9,cross-corpus-882,StandardScaler,ElasticNet,194,48,7,-0.1014,6.2022,7.4237,-0.2259,-0.1641,-0.2188
5,negative_training,ALL_CONDITIONS,phq_9,PHQ9,cross-corpus-882,StandardScaler,SVR,194,48,7,-0.0952,6.3364,7.6131,-0.1771,-0.2242,-0.2029
5,negative_training,ALL_CONDITIONS,phq_9,PHQ9,cross-corpus-882,StandardScaler,KNN,194,48,7,-0.1998,6.8452,8.371,-0.2551,-0.4801,-0.2323
5,negative_training,ALL_CONDITIONS,phq_9,PHQ9,cross-corpus-882,StandardScaler,RF,194,48,7,-0.0749,6.2478,7.5169,-0.1254,-0.1935,-0.1724
5,negative_training,ALL_CONDITIONS,phq_9,PHQ9,cross-corpus-882,StandardScaler,ET,194,48,7,-0.0867,6.316,7.6865,-0.1298,-0.248,-0.129
5,negative_training,ALL_CONDITIONS,phq_9,PHQ9,cross-corpus-882,StandardScaler,GB,194,48,7,-0.1044,6.5403,7.8562,-0.1451,-0.3037,-0.1441
5,negative_training,ALL_CONDITIONS,phq_9,PHQ9,cross-corpus-882,StandardScaler,XGB,194,48,7,-0.1434,6.6387,7.9644,-0.2027,-0.3398,-0.1966
5,negative_training,ALL_CONDITIONS,phq_9,PHQ9,cross-corpus-882,StandardScaler,MLP,194,48,7,-0.1086,6.4953,7.9113,-0.1526,-0.322,-0.12
5,negative_training,ALL_CONDITIONS,phq_9,PHQ9,cross-corpus-882,StandardScaler,LGBM,194,48,7,-0.1134,6.5947,7.8595,-0.1603,-0.3048,-0.1767
5,negative_training,ALL_CONDITIONS,phq_9,PHQ9,cross-corpus-882,StandardScaler,CatBoost,194,48,7,-0.0898,6.2888,7.555,-0.153,-0.2056,-0.1636
5,negative_training,ALL_CONDITIONS,phq_9,PHQ9,cross-corpus-882,MinMaxScaler,Ridge,194,48,5,-0.1073,6.2473,7.4657,-0.2281,-0.1773,-0.2371
5,negative_training,ALL_CONDITIONS,phq_9,PHQ9,cross-corpus-882,MinMaxScaler,Lasso,194,48,5,-0.1069,6.2444,7.4561,-0.2311,-0.1742,-0.2438
5,negative_training,ALL_CONDITIONS,phq_9,PHQ9,cross-corpus-882,MinMaxScaler,ElasticNet,194,48,5,-0.1087,6.2476,7.4469,-0.2428,-0.1714,-0.2744
5,negative_training,ALL_CONDITIONS,phq_9,PHQ9,cross-corpus-882,MinMaxScaler,SVR,194,48,5,-0.1688,6.6635,7.961,-0.2628,-0.3387,-0.2255
5,negative_training,ALL_CONDITIONS,phq_9,PHQ9,cross-corpus-882,MinMaxScaler,KNN,194,48,5,-0.2735,7.0774,8.6109,-0.3514,-0.5662,-0.3225
5,negative_training,ALL_CONDITIONS,phq_9,PHQ9,cross-corpus-882,MinMaxScaler,RF,194,48,5,-0.0832,6.2901,7.5637,-0.1373,-0.2084,-0.1569
5,negative_training,ALL_CONDITIONS,phq_9,PHQ9,cross-corpus-882,MinMaxScaler,ET,194,48,5,-0.138,6.651,8.1538,-0.1761,-0.4043,-0.1794
5,negative_training,ALL_CONDITIONS,phq_9,PHQ9,cross-corpus-882,MinMaxScaler,GB,194,48,5,-0.1155,6.5716,7.9273,-0.1578,-0.3274,-0.1494
5,negative_training,ALL_CONDITIONS,phq_9,PHQ9,cross-corpus-882,MinMaxScaler,XGB,194,48,5,-0.1269,6.6925,8.0148,-0.1694,-0.3568,-0.1914
5,negative_training,ALL_CONDITIONS,phq_9,PHQ9,cross-corpus-882,MinMaxScaler,MLP,194,48,5,-0.136,6.4109,7.6318,-0.2568,-0.2303,-0.2706
5,negative_training,ALL_CONDITIONS,phq_9,PHQ9,cross-corpus-882,MinMaxScaler,LGBM,194,48,5,-0.0475,6.4335,7.6944,-0.0648,-0.2505,-0.0606
5,negative_training,ALL_CONDITIONS,phq_9,PHQ9,cross-corpus-882,MinMaxScaler,CatBoost,194,48,5,-0.0788,6.3065,7.5562,-0.129,-0.206,-0.1543
5,negative_training,ALL_CONDITIONS,phq_9,PHQ9,cross-corpus-882,RobustScaler,Ridge,194,48,5,-0.1323,6.4635,7.6158,-0.2508,-0.2251,-0.3029
5,negative_training,ALL_CONDITIONS,phq_9,PHQ9,cross-corpus-882,RobustScaler,Lasso,194,48,5,-0.1302,6.4466,7.5909,-0.2539,-0.2171,-0.3135
5,negative_training,ALL_CONDITIONS,phq_9,PHQ9,cross-corpus-882,RobustScaler,ElasticNet,194,48,5,-0.1289,6.4471,7.5754,-0.256,-0.2121,-0.3224
5,negative_training,ALL_CONDITIONS,phq_9,PHQ9,cross-corpus-882,RobustScaler,SVR,194,48,5,-0.135,6.3326,7.5968,-0.3238,-0.219,-0.3512
5,negative_training,ALL_CONDITIONS,phq_9,PHQ9,cross-corpus-882,RobustScaler,KNN,194,48,5,-0.2657,7.4125,8.8182,-0.3161,-0.6425,-0.3509
5,negative_training,ALL_CONDITIONS,phq_9,PHQ9,cross-corpus-882,RobustScaler,RF,194,48,5,-0.1065,6.3181,7.5812,-0.1877,-0.214,-0.2214
5,negative_training,ALL_CONDITIONS,phq_9,PHQ9,cross-corpus-882,RobustScaler,ET,194,48,5,-0.229,6.8179,8.2353,-0.3281,-0.4325,-0.2856
5,negative_training,ALL_CONDITIONS,phq_9,PHQ9,cross-corpus-882,RobustScaler,GB,194,48,5,-0.2045,6.7429,8.1347,-0.2977,-0.3977,-0.2317
5,negative_training,ALL_CONDITIONS,phq_9,PHQ9,cross-corpus-882,RobustScaler,XGB,194,48,5,-0.1857,6.7396,8.0827,-0.2672,-0.3799,-0.238
5,negative_training,ALL_CONDITIONS,phq_9,PHQ9,cross-corpus-882,RobustScaler,MLP,194,48,5,-0.1453,6.6605,7.7145,-0.2583,-0.2571,-0.2802
5,negative_training,ALL_CONDITIONS,phq_9,PHQ9,cross-corpus-882,RobustScaler,LGBM,194,48,5,-0.1122,6.6008,7.8464,-0.1595,-0.3004,-0.1475
5,negative_training,ALL_CONDITIONS,phq_9,PHQ9,cross-corpus-882,RobustScaler,CatBoost,194,48,5,-0.1188,6.3956,7.6269,-0.2086,-0.2287,-0.1833
1,negative_training,ALL_CONDITIONS,ads.1,CES-D,cross-corpus-882,StandardScaler,Ridge,192,49,10,0.1066,9.961,11.9427,0.1427,-0.0734,0.1881
1,negative_training,ALL_CONDITIONS,ads.1,CES-D,cross-corpus-882,StandardScaler,Lasso,192,49,10,0.0992,10.1668,12.1547,0.1266,-0.1118,0.1629
1,negative_training,ALL_CONDITIONS,ads.1,CES-D,cross-corpus-882,StandardScaler,ElasticNet,192,49,10,0.1008,10.134,12.1212,0.1294,-0.1057,0.1651
1,negative_training,ALL_CONDITIONS,ads.1,CES-D,cross-corpus-882,StandardScaler,SVR,192,49,10,0.0682,9.5388,11.3148,0.2102,0.0365,0.2297
1,negative_training,ALL_CONDITIONS,ads.1,CES-D,cross-corpus-882,StandardScaler,KNN,192,49,10,0.1839,9.5264,11.2059,0.2685,0.055,0.2535
1,negative_training,ALL_CONDITIONS,ads.1,CES-D,cross-corpus-882,StandardScaler,RF,192,49,10,0.0373,10.1068,11.8185,0.0677,-0.0511,0.1366
1,negative_training,ALL_CONDITIONS,ads.1,CES-D,cross-corpus-882,StandardScaler,ET,192,49,10,0.0489,10.1959,11.9294,0.0777,-0.071,0.1215
1,negative_training,ALL_CONDITIONS,ads.1,CES-D,cross-corpus-882,StandardScaler,GB,192,49,10,0.0634,10.4977,12.0488,0.0911,-0.0925,0.1003
1,negative_training,ALL_CONDITIONS,ads.1,CES-D,cross-corpus-882,StandardScaler,XGB,192,49,10,0.0671,10.2983,12.0528,0.0948,-0.0932,0.1116
1,negative_training,ALL_CONDITIONS,ads.1,CES-D,cross-corpus-882,StandardScaler,MLP,192,49,10,0.2129,9.6939,11.2857,0.2802,0.0415,0.2351
1,negative_training,ALL_CONDITIONS,ads.1,CES-D,cross-corpus-882,StandardScaler,LGBM,192,49,10,0.1415,9.7994,11.9674,0.1762,-0.0778,0.2349
1,negative_training,ALL_CONDITIONS,ads.1,CES-D,cross-corpus-882,StandardScaler,CatBoost,192,49,10,0.0375,10.1049,11.7955,0.069,-0.0471,0.1357
1,negative_training,ALL_CONDITIONS,ads.1,CES-D,cross-corpus-882,MinMaxScaler,Ridge,192,49,5,0.0909,10.0425,11.9786,0.1249,-0.0798,0.1409
1,negative_training,ALL_CONDITIONS,ads.1,CES-D,cross-corpus-882,MinMaxScaler,Lasso,192,49,5,0.0898,9.9962,11.9195,0.1265,-0.0692,0.1398
1,negative_training,ALL_CONDITIONS,ads.1,CES-D,cross-corpus-882,MinMaxScaler,ElasticNet,192,49,5,0.097,9.8319,11.6935,0.1484,-0.029,0.1515
1,negative_training,ALL_CONDITIONS,ads.1,CES-D,cross-corpus-882,MinMaxScaler,SVR,192,49,5,0.1524,9.8354,11.5722,0.2158,-0.0078,0.1753
1,negative_training,ALL_CONDITIONS,ads.1,CES-D,cross-corpus-882,MinMaxScaler,KNN,192,49,5,0.0809,10.6723,12.2046,0.1059,-0.121,0.1443
1,negative_training,ALL_CONDITIONS,ads.1,CES-D,cross-corpus-882,MinMaxScaler,RF,192,49,5,0.0207,10.4847,12.1978,0.0313,-0.1197,0.075
1,negative_training,ALL_CONDITIONS,ads.1,CES-D,cross-corpus-882,MinMaxScaler,ET,192,49,5,0.05,10.6819,12.1665,0.071,-0.114,0.0903
1,negative_training,ALL_CONDITIONS,ads.1,CES-D,cross-corpus-882,MinMaxScaler,GB,192,49,5,0.114,9.774,11.7919,0.1583,-0.0464,0.2078
1,negative_training,ALL_CONDITIONS,ads.1,CES-D,cross-corpus-882,MinMaxScaler,XGB,192,49,5,0.0011,10.7519,12.5176,0.0016,-0.1792,0.0741
1,negative_training,ALL_CONDITIONS,ads.1,CES-D,cross-corpus-882,MinMaxScaler,MLP,192,49,5,0.1659,9.234,11.037,0.2898,0.0833,0.2483
1,negative_training,ALL_CONDITIONS,ads.1,CES-D,cross-corpus-882,MinMaxScaler,LGBM,192,49,5,0.084,10.4848,12.4742,0.1064,-0.171,0.1331
1,negative_training,ALL_CONDITIONS,ads.1,CES-D,cross-corpus-882,MinMaxScaler,CatBoost,192,49,5,0.0575,10.1691,11.8178,0.0949,-0.051,0.1352
1,negative_training,ALL_CONDITIONS,ads.1,CES-D,cross-corpus-882,RobustScaler,Ridge,192,49,5,0.1182,9.6307,11.4183,0.1962,0.0188,0.2168
1,negative_training,ALL_CONDITIONS,ads.1,CES-D,cross-corpus-882,RobustScaler,Lasso,192,49,5,0.1147,9.6492,11.4372,0.1909,0.0156,0.2041
1,negative_training,ALL_CONDITIONS,ads.1,CES-D,cross-corpus-882,RobustScaler,ElasticNet,192,49,5,0.1152,9.6183,11.3963,0.197,0.0226,0.2145
1,negative_training,ALL_CONDITIONS,ads.1,CES-D,cross-corpus-882,RobustScaler,SVR,192,49,5,0.0996,9.394,11.1891,0.2624,0.0578,0.256
1,negative_training,ALL_CONDITIONS,ads.1,CES-D,cross-corpus-882,RobustScaler,KNN,192,49,5,0.1213,10.0448,11.5475,0.1846,-0.0035,0.1703
1,negative_training,ALL_CONDITIONS,ads.1,CES-D,cross-corpus-882,RobustScaler,RF,192,49,5,0.1052,9.7357,11.5227,0.172,0.0008,0.1619
1,negative_training,ALL_CONDITIONS,ads.1,CES-D,cross-corpus-882,RobustScaler,ET,192,49,5,0.102,9.7216,11.7188,0.1513,-0.0335,0.1228
1,negative_training,ALL_CONDITIONS,ads.1,CES-D,cross-corpus-882,RobustScaler,GB,192,49,5,0.1197,10.3771,12.9071,0.1309,-0.2537,0.1326
1,negative_training,ALL_CONDITIONS,ads.1,CES-D,cross-corpus-882,RobustScaler,XGB,192,49,5,0.1464,10.1148,12.5758,0.1627,-0.1902,0.1706
1,negative_training,ALL_CONDITIONS,ads.1,CES-D,cross-corpus-882,RobustScaler,MLP,192,49,5,0.1492,9.9995,11.7479,0.1949,-0.0386,0.1694
1,negative_training,ALL_CONDITIONS,ads.1,CES-D,cross-corpus-882,RobustScaler,LGBM,192,49,5,0.1681,9.6803,11.8797,0.2047,-0.0621,0.2066
1,negative_training,ALL_CONDITIONS,ads.1,CES-D,cross-corpus-882,RobustScaler,CatBoost,192,49,5,0.1428,9.4651,11.3071,0.2293,0.0379,0.2315
2,negative_training,ALL_CONDITIONS,ads.1,CES-D,cross-corpus-882,StandardScaler,Ridge,193,48,10,-0.019,10.9495,12.7052,-0.0395,-0.1349,-0.0491
2,negative_training,ALL_CONDITIONS,ads.1,CES-D,cross-corpus-882,StandardScaler,Lasso,193,48,10,-0.0136,10.9453,12.7256,-0.0269,-0.1385,-0.0574
2,negative_training,ALL_CONDITIONS,ads.1,CES-D,cross-corpus-882,StandardScaler,ElasticNet,193,48,10,-0.0183,10.9149,12.6456,-0.0399,-0.1243,-0.0345
2,negative_training,ALL_CONDITIONS,ads.1,CES-D,cross-corpus-882,StandardScaler,SVR,193,48,10,-0.0089,10.4633,12.3064,-0.0204,-0.0647,-0.0193
2,negative_training,ALL_CONDITIONS,ads.1,CES-D,cross-corpus-882,StandardScaler,KNN,193,48,10,0.0418,10.8299,12.7913,0.0632,-0.1503,0.0669
2,negative_training,ALL_CONDITIONS,ads.1,CES-D,cross-corpus-882,StandardScaler,RF,193,48,10,0.0535,10.9407,12.6592,0.0912,-0.1267,0.0984
2,negative_training,ALL_CONDITIONS,ads.1,CES-D,cross-corpus-882,StandardScaler,ET,193,48,10,0.0895,10.435,12.4609,0.1541,-0.0917,0.1391
2,negative_training,ALL_CONDITIONS,ads.1,CES-D,cross-corpus-882,StandardScaler,GB,193,48,10,0.1761,10.5671,12.7432,0.2229,-0.1417,0.2278
2,negative_training,ALL_CONDITIONS,ads.1,CES-D,cross-corpus-882,StandardScaler,XGB,193,48,10,0.0749,10.8848,13.1094,0.1016,-0.2082,0.1078
2,negative_training,ALL_CONDITIONS,ads.1,CES-D,cross-corpus-882,StandardScaler,MLP,193,48,10,-0.0324,11.2155,13.281,-0.0435,-0.2401,-0.0605
2,negative_training,ALL_CONDITIONS,ads.1,CES-D,cross-corpus-882,StandardScaler,LGBM,193,48,10,0.0801,11.2215,13.0436,0.1078,-0.1961,0.123
2,negative_training,ALL_CONDITIONS,ads.1,CES-D,cross-corpus-882,StandardScaler,CatBoost,193,48,10,0.0735,10.75,12.5795,0.1185,-0.1125,0.1602
2,negative_training,ALL_CONDITIONS,ads.1,CES-D,cross-corpus-882,MinMaxScaler,Ridge,193,48,5,-0.0232,10.6709,12.4778,-0.0657,-0.0946,-0.0778
2,negative_training,ALL_CONDITIONS,ads.1,CES-D,cross-corpus-882,MinMaxScaler,Lasso,193,48,5,-0.0204,10.7173,12.5234,-0.0516,-0.1026,-0.0753
2,negative_training,ALL_CONDITIONS,ads.1,CES-D,cross-corpus-882,MinMaxScaler,ElasticNet,193,48,5,-0.0235,10.6402,12.4494,-0.0712,-0.0896,-0.0824
2,negative_training,ALL_CONDITIONS,ads.1,CES-D,cross-corpus-882,MinMaxScaler,SVR,193,48,5,-0.0049,10.8002,12.648,-0.0083,-0.1247,-0.022
2,negative_training,ALL_CONDITIONS,ads.1,CES-D,cross-corpus-882,MinMaxScaler,KNN,193,48,5,0.1367,10.243,11.9765,0.2121,-0.0084,0.1933
2,negative_training,ALL_CONDITIONS,ads.1,CES-D,cross-corpus-882,MinMaxScaler,RF,193,48,5,0.04,10.7857,12.4833,0.0699,-0.0956,0.0607
2,negative_training,ALL_CONDITIONS,ads.1,CES-D,cross-corpus-882,MinMaxScaler,ET,193,48,5,0.1091,10.2924,12.4255,0.1525,-0.0855,0.1222
2,negative_training,ALL_CONDITIONS,ads.1,CES-D,cross-corpus-882,MinMaxScaler,GB,193,48,5,0.1356,10.6454,12.4229,0.1801,-0.085,0.1873
2,negative_training,ALL_CONDITIONS,ads.1,CES-D,cross-corpus-882,MinMaxScaler,XGB,193,48,5,0.1283,10.5685,12.4288,0.1674,-0.086,0.1584
2,negative_training,ALL_CONDITIONS,ads.1,CES-D,cross-corpus-882,MinMaxScaler,MLP,193,48,5,-0.0301,10.9742,12.5857,-0.0751,-0.1136,-0.074
2,negative_training,ALL_CONDITIONS,ads.1,CES-D,cross-corpus-882,MinMaxScaler,LGBM,193,48,5,-0.0126,11.6496,13.4274,-0.0166,-0.2676,-0.0178
2,negative_training,ALL_CONDITIONS,ads.1,CES-D,cross-corpus-882,MinMaxScaler,CatBoost,193,48,5,0.0644,10.6907,12.4883,0.1016,-0.0965,0.0889
2,negative_training,ALL_CONDITIONS,ads.1,CES-D,cross-corpus-882,RobustScaler,Ridge,193,48,5,0.042,10.3858,12.0701,0.1214,-0.0243,0.1816
2,negative_training,ALL_CONDITIONS,ads.1,CES-D,cross-corpus-882,RobustScaler,Lasso,193,48,5,0.0673,10.1664,11.9473,0.1708,-0.0035,0.217
2,negative_training,ALL_CONDITIONS,ads.1,CES-D,cross-corpus-882,RobustScaler,ElasticNet,193,48,5,0.0367,10.4394,12.1034,0.1067,-0.0299,0.1644
2,negative_training,ALL_CONDITIONS,ads.1,CES-D,cross-corpus-882,RobustScaler,SVR,193,48,5,0.0355,10.2093,11.9321,0.1055,-0.001,0.1473
2,negative_training,ALL_CONDITIONS,ads.1,CES-D,cross-corpus-882,RobustScaler,KNN,193,48,5,0.0871,10.6421,12.4027,0.1602,-0.0815,0.1508
2,negative_training,ALL_CONDITIONS,ads.1,CES-D,cross-corpus-882,RobustScaler,RF,193,48,5,0.1047,10.1112,12.081,0.2096,-0.0261,0.2114
2,negative_training,ALL_CONDITIONS,ads.1,CES-D,cross-corpus-882,RobustScaler,ET,193,48,5,0.0709,10.8782,13.0439,0.1083,-0.1962,0.1136
2,negative_training,ALL_CONDITIONS,ads.1,CES-D,cross-corpus-882,RobustScaler,GB,193,48,5,0.118,10.2475,12.2087,0.1938,-0.0479,0.1958
2,negative_training,ALL_CONDITIONS,ads.1,CES-D,cross-corpus-882,RobustScaler,XGB,193,48,5,0.0931,10.1077,12.1053,0.1766,-0.0302,0.1461
2,negative_training,ALL_CONDITIONS,ads.1,CES-D,cross-corpus-882,RobustScaler,MLP,193,48,5,0.0667,10.2459,12.0833,0.1527,-0.0265,0.1775
2,negative_training,ALL_CONDITIONS,ads.1,CES-D,cross-corpus-882,RobustScaler,LGBM,193,48,5,0.1153,10.8229,12.9671,0.1527,-0.1821,0.1454
2,negative_training,ALL_CONDITIONS,ads.1,CES-D,cross-corpus-882,RobustScaler,CatBoost,193,48,5,0.1115,10.0177,11.9606,0.2265,-0.0058,0.2448
3,negative_training,ALL_CONDITIONS,ads.1,CES-D,cross-corpus-882,StandardScaler,Ridge,193,48,15,0.0016,10.6311,12.2508,0.0048,-0.0278,0.052
3,negative_training,ALL_CONDITIONS,ads.1,CES-D,cross-corpus-882,StandardScaler,Lasso,193,48,15,0.0,10.6408,12.0918,,-0.0013,
3,negative_training,ALL_CONDITIONS,ads.1,CES-D,cross-corpus-882,StandardScaler,ElasticNet,193,48,15,0.0021,10.6074,12.2001,0.0076,-0.0193,0.052
3,negative_training,ALL_CONDITIONS,ads.1,CES-D,cross-corpus-882,StandardScaler,SVR,193,48,15,0.0034,10.5776,12.0964,0.0456,-0.002,0.0555
3,negative_training,ALL_CONDITIONS,ads.1,CES-D,cross-corpus-882,StandardScaler,KNN,193,48,15,-0.0761,11.067,13.3473,-0.1182,-0.22,-0.1005
3,negative_training,ALL_CONDITIONS,ads.1,CES-D,cross-corpus-882,StandardScaler,RF,193,48,15,-0.0268,11.0693,12.7513,-0.0501,-0.1135,-0.0569
3,negative_training,ALL_CONDITIONS,ads.1,CES-D,cross-corpus-882,StandardScaler,ET,193,48,15,-0.0511,11.1156,12.9686,-0.0906,-0.1517,-0.0451
3,negative_training,ALL_CONDITIONS,ads.1,CES-D,cross-corpus-882,StandardScaler,GB,193,48,15,-0.069,11.5298,13.4547,-0.1009,-0.2397,-0.0737
3,negative_training,ALL_CONDITIONS,ads.1,CES-D,cross-corpus-882,StandardScaler,XGB,193,48,15,-0.0731,11.5221,13.2417,-0.1187,-0.2008,-0.1064
3,negative_training,ALL_CONDITIONS,ads.1,CES-D,cross-corpus-882,StandardScaler,MLP,193,48,15,0.034,10.5494,13.1375,0.044,-0.1819,0.0505
3,negative_training,ALL_CONDITIONS,ads.1,CES-D,cross-corpus-882,StandardScaler,LGBM,193,48,15,-0.0675,11.5225,13.5955,-0.0932,-0.2658,-0.0835
3,negative_training,ALL_CONDITIONS,ads.1,CES-D,cross-corpus-882,StandardScaler,CatBoost,193,48,15,-0.0283,11.0418,12.6907,-0.0566,-0.1029,-0.0103
3,negative_training,ALL_CONDITIONS,ads.1,CES-D,cross-corpus-882,MinMaxScaler,Ridge,193,48,15,0.0037,10.5886,12.1882,0.0135,-0.0173,0.0187
3,negative_training,ALL_CONDITIONS,ads.1,CES-D,cross-corpus-882,MinMaxScaler,Lasso,193,48,15,0.0445,10.6297,12.6252,0.0677,-0.0916,0.0719
3,negative_training,ALL_CONDITIONS,ads.1,CES-D,cross-corpus-882,MinMaxScaler,ElasticNet,193,48,15,0.0031,10.5789,12.1671,0.0128,-0.0138,0.0188
3,negative_training,ALL_CONDITIONS,ads.1,CES-D,cross-corpus-882,MinMaxScaler,SVR,193,48,15,0.0043,10.5566,12.2183,0.0164,-0.0223,0.0377
3,negative_training,ALL_CONDITIONS,ads.1,CES-D,cross-corpus-882,MinMaxScaler,KNN,193,48,15,-0.0569,11.2077,13.2669,-0.0866,-0.2053,-0.0676
3,negative_training,ALL_CONDITIONS,ads.1,CES-D,cross-corpus-882,MinMaxScaler,RF,193,48,15,0.0139,10.8173,12.5523,0.0248,-0.079,0.0408
3,negative_training,ALL_CONDITIONS,ads.1,CES-D,cross-corpus-882,MinMaxScaler,ET,193,48,15,-0.0297,11.0192,12.7407,-0.057,-0.1116,-0.0061
3,negative_training,ALL_CONDITIONS,ads.1,CES-D,cross-corpus-882,MinMaxScaler,GB,193,48,15,-0.0452,11.2901,13.3279,-0.0662,-0.2164,-0.0157
3,negative_training,ALL_CONDITIONS,ads.1,CES-D,cross-corpus-882,MinMaxScaler,XGB,193,48,15,-0.0547,11.2456,13.0121,-0.0954,-0.1595,-0.1174
3,negative_training,ALL_CONDITIONS,ads.1,CES-D,cross-corpus-882,MinMaxScaler,MLP,193,48,15,0.0127,10.6029,12.2585,0.0366,-0.0291,0.0783
3,negative_training,ALL_CONDITIONS,ads.1,CES-D,cross-corpus-882,MinMaxScaler,LGBM,193,48,15,0.0133,11.2036,12.9226,0.0193,-0.1436,0.0752
3,negative_training,ALL_CONDITIONS,ads.1,CES-D,cross-corpus-882,MinMaxScaler,CatBoost,193,48,15,-0.0065,10.8187,12.5134,-0.0135,-0.0723,0.0134
3,negative_training,ALL_CONDITIONS,ads.1,CES-D,cross-corpus-882,RobustScaler,Ridge,193,48,15,0.0074,10.6194,12.2302,0.0217,-0.0243,0.0708
3,negative_training,ALL_CONDITIONS,ads.1,CES-D,cross-corpus-882,RobustScaler,Lasso,193,48,15,0.0005,10.6036,12.1619,0.0026,-0.0129,0.0674
3,negative_training,ALL_CONDITIONS,ads.1,CES-D,cross-corpus-882,RobustScaler,ElasticNet,193,48,15,0.0059,10.5903,12.1741,0.0218,-0.015,0.0641
3,negative_training,ALL_CONDITIONS,ads.1,CES-D,cross-corpus-882,RobustScaler,SVR,193,48,15,0.005,10.5724,12.0826,0.0806,0.0003,0.0721
3,negative_training,ALL_CONDITIONS,ads.1,CES-D,cross-corpus-882,RobustScaler,KNN,193,48,15,-0.0115,11.3038,13.3469,-0.0155,-0.2199,-0.0014
3,negative_training,ALL_CONDITIONS,ads.1,CES-D,cross-corpus-882,RobustScaler,RF,193,48,15,-0.0201,11.0798,12.7153,-0.0373,-0.1072,-0.0592
3,negative_training,ALL_CONDITIONS,ads.1,CES-D,cross-corpus-882,RobustScaler,ET,193,48,15,-0.0178,11.0245,12.7035,-0.0331,-0.1051,0.0078
3,negative_training,ALL_CONDITIONS,ads.1,CES-D,cross-corpus-882,RobustScaler,GB,193,48,15,-0.1429,12.0201,13.9818,-0.2022,-0.3387,-0.1482
3,negative_training,ALL_CONDITIONS,ads.1,CES-D,cross-corpus-882,RobustScaler,XGB,193,48,15,-0.1437,11.9708,13.9267,-0.2078,-0.3282,-0.1744
3,negative_training,ALL_CONDITIONS,ads.1,CES-D,cross-corpus-882,RobustScaler,MLP,193,48,15,0.1249,10.1662,12.142,0.1924,-0.0096,0.1485
3,negative_training,ALL_CONDITIONS,ads.1,CES-D,cross-corpus-882,RobustScaler,LGBM,193,48,15,-0.0317,11.4985,13.3129,-0.0447,-0.2137,0.0246
3,negative_training,ALL_CONDITIONS,ads.1,CES-D,cross-corpus-882,RobustScaler,CatBoost,193,48,15,-0.0273,11.0292,12.6825,-0.0545,-0.1015,-0.0697
4,negative_training,ALL_CONDITIONS,ads.1,CES-D,cross-corpus-882,StandardScaler,Ridge,193,48,15,-0.1033,10.7305,13.41,-0.1492,-0.2975,-0.1877
4,negative_training,ALL_CONDITIONS,ads.1,CES-D,cross-corpus-882,StandardScaler,Lasso,193,48,15,-0.1357,11.1677,13.9277,-0.1787,-0.3996,-0.2159
4,negative_training,ALL_CONDITIONS,ads.1,CES-D,cross-corpus-882,StandardScaler,ElasticNet,193,48,15,-0.0945,10.5585,13.2507,-0.1422,-0.2668,-0.1782
4,negative_training,ALL_CONDITIONS,ads.1,CES-D,cross-corpus-882,StandardScaler,SVR,193,48,15,-0.0133,9.6091,11.9603,-0.1267,-0.0321,-0.1024
4,negative_training,ALL_CONDITIONS,ads.1,CES-D,cross-corpus-882,StandardScaler,KNN,193,48,15,-0.0537,10.3875,13.0193,-0.078,-0.223,-0.0637
4,negative_training,ALL_CONDITIONS,ads.1,CES-D,cross-corpus-882,StandardScaler,RF,193,48,15,-0.09,10.5056,13.1073,-0.1386,-0.2396,-0.1143
4,negative_training,ALL_CONDITIONS,ads.1,CES-D,cross-corpus-882,StandardScaler,ET,193,48,15,-0.0835,10.4254,13.2134,-0.1206,-0.2597,-0.0487
4,negative_training,ALL_CONDITIONS,ads.1,CES-D,cross-corpus-882,StandardScaler,GB,193,48,15,-0.0873,11.1926,13.9424,-0.1046,-0.4025,-0.1056
4,negative_training,ALL_CONDITIONS,ads.1,CES-D,cross-corpus-882,StandardScaler,XGB,193,48,15,-0.0333,10.6307,13.2675,-0.0429,-0.27,-0.0042
4,negative_training,ALL_CONDITIONS,ads.1,CES-D,cross-corpus-882,StandardScaler,MLP,193,48,15,-0.0929,10.9136,13.7323,-0.1192,-0.3606,-0.1054
4,negative_training,ALL_CONDITIONS,ads.1,CES-D,cross-corpus-882,StandardScaler,LGBM,193,48,15,-0.0759,10.9449,13.5563,-0.097,-0.326,-0.0683
4,negative_training,ALL_CONDITIONS,ads.1,CES-D,cross-corpus-882,StandardScaler,CatBoost,193,48,15,-0.0198,10.387,13.0954,-0.0261,-0.2373,-0.0014
4,negative_training,ALL_CONDITIONS,ads.1,CES-D,cross-corpus-882,MinMaxScaler,Ridge,193,48,10,-0.1603,11.9551,16.0545,-0.1708,-0.8597,-0.1182
4,negative_training,ALL_CONDITIONS,ads.1,CES-D,cross-corpus-882,MinMaxScaler,Lasso,193,48,10,-0.1768,12.7642,17.9372,-0.1825,-1.3214,-0.1257
4,negative_training,ALL_CONDITIONS,ads.1,CES-D,cross-corpus-882,MinMaxScaler,ElasticNet,193,48,10,-0.1599,11.9274,15.9944,-0.1708,-0.8458,-0.1146
4,negative_training,ALL_CONDITIONS,ads.1,CES-D,cross-corpus-882,MinMaxScaler,SVR,193,48,10,-0.0301,10.7832,13.4394,-0.0369,-0.3032,-0.0234
4,negative_training,ALL_CONDITIONS,ads.1,CES-D,cross-corpus-882,MinMaxScaler,KNN,193,48,10,-0.0853,11.328,13.9977,-0.1011,-0.4137,-0.082
4,negative_training,ALL_CONDITIONS,ads.1,CES-D,cross-corpus-882,MinMaxScaler,RF,193,48,10,0.0027,10.6444,13.064,0.0035,-0.2314,-0.031
4,negative_training,ALL_CONDITIONS,ads.1,CES-D,cross-corpus-882,MinMaxScaler,ET,193,48,10,-0.0222,10.562,13.2691,-0.0284,-0.2704,-0.0109
4,negative_training,ALL_CONDITIONS,ads.1,CES-D,cross-corpus-882,MinMaxScaler,GB,193,48,10,-0.0231,10.9513,13.7577,-0.0268,-0.3656,0.0062
4,negative_training,ALL_CONDITIONS,ads.1,CES-D,cross-corpus-882,MinMaxScaler,XGB,193,48,10,-0.0312,11.0738,13.8557,-0.036,-0.3852,-0.0114
4,negative_training,ALL_CONDITIONS,ads.1,CES-D,cross-corpus-882,MinMaxScaler,MLP,193,48,10,-0.1097,10.4571,12.7074,-0.2579,-0.1651,-0.3018
4,negative_training,ALL_CONDITIONS,ads.1,CES-D,cross-corpus-882,MinMaxScaler,LGBM,193,48,10,0.1287,10.4629,12.8052,0.1475,-0.1831,0.1103
4,negative_training,ALL_CONDITIONS,ads.1,CES-D,cross-corpus-882,MinMaxScaler,CatBoost,193,48,10,-0.0296,11.0232,13.6131,-0.0363,-0.3371,-0.0418
4,negative_training,ALL_CONDITIONS,ads.1,CES-D,cross-corpus-882,RobustScaler,Ridge,193,48,20,-0.0415,11.8488,14.5288,-0.0449,-0.523,-0.0256
4,negative_training,ALL_CONDITIONS,ads.1,CES-D,cross-corpus-882,RobustScaler,Lasso,193,48,20,-0.0441,11.8005,14.4761,-0.048,-0.512,-0.0192
4,negative_training,ALL_CONDITIONS,ads.1,CES-D,cross-corpus-882,RobustScaler,ElasticNet,193,48,20,-0.0165,11.2742,13.7872,-0.019,-0.3715,0.0035
4,negative_training,ALL_CONDITIONS,ads.1,CES-D,cross-corpus-882,RobustScaler,SVR,193,48,20,-0.0418,10.0063,12.3866,-0.1037,-0.107,-0.0912
4,negative_training,ALL_CONDITIONS,ads.1,CES-D,cross-corpus-882,RobustScaler,KNN,193,48,20,-0.0306,10.9024,13.0349,-0.0419,-0.2259,-0.0137
4,negative_training,ALL_CONDITIONS,ads.1,CES-D,cross-corpus-882,RobustScaler,RF,193,48,20,-0.0888,10.7657,13.1652,-0.1322,-0.2505,-0.1207
4,negative_training,ALL_CONDITIONS,ads.1,CES-D,cross-corpus-882,RobustScaler,ET,193,48,20,-0.0519,10.4339,12.9399,-0.0774,-0.2081,0.0206
4,negative_training,ALL_CONDITIONS,ads.1,CES-D,cross-corpus-882,RobustScaler,GB,193,48,20,-0.1329,11.6894,14.3921,-0.1552,-0.4945,-0.1176
4,negative_training,ALL_CONDITIONS,ads.1,CES-D,cross-corpus-882,RobustScaler,XGB,193,48,20,-0.0831,11.8427,14.3652,-0.0934,-0.4889,-0.0654
4,negative_training,ALL_CONDITIONS,ads.1,CES-D,cross-corpus-882,RobustScaler,MLP,193,48,20,-0.0625,11.6236,14.1607,-0.0714,-0.4468,-0.1176
4,negative_training,ALL_CONDITIONS,ads.1,CES-D,cross-corpus-882,RobustScaler,LGBM,193,48,20,0.052,10.1098,12.6842,0.0675,-0.1608,0.1065
4,negative_training,ALL_CONDITIONS,ads.1,CES-D,cross-corpus-882,RobustScaler,CatBoost,193,48,20,-0.1203,11.3112,13.8326,-0.1542,-0.3805,-0.1699
5,negative_training,ALL_CONDITIONS,ads.1,CES-D,cross-corpus-882,StandardScaler,Ridge,193,48,5,-0.093,11.7498,14.1824,-0.157,-0.2356,-0.1559
5,negative_training,ALL_CONDITIONS,ads.1,CES-D,cross-corpus-882,StandardScaler,Lasso,193,48,5,-0.0926,11.7354,14.1607,-0.1579,-0.2318,-0.1277
5,negative_training,ALL_CONDITIONS,ads.1,CES-D,cross-corpus-882,StandardScaler,ElasticNet,193,48,5,-0.0926,11.724,14.1443,-0.1593,-0.229,-0.1366
5,negative_training,ALL_CONDITIONS,ads.1,CES-D,cross-corpus-882,StandardScaler,SVR,193,48,5,-0.0615,11.0441,13.4716,-0.1728,-0.1149,-0.1102
5,negative_training,ALL_CONDITIONS,ads.1,CES-D,cross-corpus-882,StandardScaler,KNN,193,48,5,-0.1186,11.7607,14.4828,-0.1777,-0.2885,-0.1949
5,negative_training,ALL_CONDITIONS,ads.1,CES-D,cross-corpus-882,StandardScaler,RF,193,48,5,-0.0794,11.6746,14.1795,-0.1277,-0.2351,-0.0896
5,negative_training,ALL_CONDITIONS,ads.1,CES-D,cross-corpus-882,StandardScaler,ET,193,48,5,-0.0518,11.7529,14.4887,-0.0707,-0.2895,-0.0489
5,negative_training,ALL_CONDITIONS,ads.1,CES-D,cross-corpus-882,StandardScaler,GB,193,48,5,-0.1362,12.4704,15.0709,-0.1799,-0.3953,-0.1458
5,negative_training,ALL_CONDITIONS,ads.1,CES-D,cross-corpus-882,StandardScaler,XGB,193,48,5,-0.0698,11.912,14.4377,-0.0997,-0.2805,-0.0647
5,negative_training,ALL_CONDITIONS,ads.1,CES-D,cross-corpus-882,StandardScaler,MLP,193,48,5,-0.1385,11.9278,14.8039,-0.21,-0.3463,-0.2759
5,negative_training,ALL_CONDITIONS,ads.1,CES-D,cross-corpus-882,StandardScaler,LGBM,193,48,5,-0.04,11.9115,14.4486,-0.0537,-0.2824,-0.0181
5,negative_training,ALL_CONDITIONS,ads.1,CES-D,cross-corpus-882,StandardScaler,CatBoost,193,48,5,-0.0675,11.4732,13.933,-0.1168,-0.1925,-0.0823
5,negative_training,ALL_CONDITIONS,ads.1,CES-D,cross-corpus-882,MinMaxScaler,Ridge,193,48,15,-0.0729,11.7556,14.0904,-0.1186,-0.2196,-0.0962
5,negative_training,ALL_CONDITIONS,ads.1,CES-D,cross-corpus-882,MinMaxScaler,Lasso,193,48,15,-0.0689,11.8528,14.169,-0.1073,-0.2333,-0.1001
5,negative_training,ALL_CONDITIONS,ads.1,CES-D,cross-corpus-882,MinMaxScaler,ElasticNet,193,48,15,-0.0724,11.6816,14.0223,-0.1215,-0.2079,-0.0971
5,negative_training,ALL_CONDITIONS,ads.1,CES-D,cross-corpus-882,MinMaxScaler,SVR,193,48,15,-0.044,11.4484,14.0779,-0.071,-0.2175,-0.0586
5,negative_training,ALL_CONDITIONS,ads.1,CES-D,cross-corpus-882,MinMaxScaler,KNN,193,48,15,-0.1043,11.6633,14.2908,-0.1642,-0.2546,-0.1511
5,negative_training,ALL_CONDITIONS,ads.1,CES-D,cross-corpus-882,MinMaxScaler,RF,193,48,15,0.0421,11.0251,13.3606,0.0636,-0.0966,0.0506
5,negative_training,ALL_CONDITIONS,ads.1,CES-D,cross-corpus-882,MinMaxScaler,ET,193,48,15,0.0006,11.3482,13.7706,0.0008,-0.1649,0.0563
5,negative_training,ALL_CONDITIONS,ads.1,CES-D,cross-corpus-882,MinMaxScaler,GB,193,48,15,0.027,11.5388,14.0615,0.0342,-0.2146,0.0406
5,negative_training,ALL_CONDITIONS,ads.1,CES-D,cross-corpus-882,MinMaxScaler,XGB,193,48,15,0.0638,11.2212,13.7203,0.0832,-0.1564,0.0922
5,negative_training,ALL_CONDITIONS,ads.1,CES-D,cross-corpus-882,MinMaxScaler,MLP,193,48,15,-0.0781,11.9946,14.3525,-0.1155,-0.2654,-0.0976
5,negative_training,ALL_CONDITIONS,ads.1,CES-D,cross-corpus-882,MinMaxScaler,LGBM,193,48,15,0.0804,11.1328,13.7248,0.1001,-0.1572,0.1041
5,negative_training,ALL_CONDITIONS,ads.1,CES-D,cross-corpus-882,MinMaxScaler,CatBoost,193,48,15,0.0285,10.9467,13.3177,0.048,-0.0895,0.0674
5,negative_training,ALL_CONDITIONS,ads.1,CES-D,cross-corpus-882,RobustScaler,Ridge,193,48,10,-0.091,11.9139,14.3462,-0.1375,-0.2643,-0.1043
5,negative_training,ALL_CONDITIONS,ads.1,CES-D,cross-corpus-882,RobustScaler,Lasso,193,48,10,-0.0913,11.9112,14.3886,-0.1357,-0.2718,-0.0962
5,negative_training,ALL_CONDITIONS,ads.1,CES-D,cross-corpus-882,RobustScaler,ElasticNet,193,48,10,-0.0909,11.9048,14.3248,-0.1384,-0.2605,-0.1013
5,negative_training,ALL_CONDITIONS,ads.1,CES-D,cross-corpus-882,RobustScaler,SVR,193,48,10,-0.0254,11.8144,14.5365,-0.0352,-0.2981,-0.0496
5,negative_training,ALL_CONDITIONS,ads.1,CES-D,cross-corpus-882,RobustScaler,KNN,193,48,10,-0.0531,11.8294,14.3255,-0.0737,-0.2607,-0.0711
5,negative_training,ALL_CONDITIONS,ads.1,CES-D,cross-corpus-882,RobustScaler,RF,193,48,10,-0.014,11.4589,13.8262,-0.0211,-0.1743,-0.0316
5,negative_training,ALL_CONDITIONS,ads.1,CES-D,cross-corpus-882,RobustScaler,ET,193,48,10,-0.0606,11.8029,14.422,-0.0831,-0.2777,-0.0428
5,negative_training,ALL_CONDITIONS,ads.1,CES-D,cross-corpus-882,RobustScaler,GB,193,48,10,-0.0882,11.9344,14.6907,-0.1158,-0.3258,-0.1058
5,negative_training,ALL_CONDITIONS,ads.1,CES-D,cross-corpus-882,RobustScaler,XGB,193,48,10,-0.028,11.3738,14.0404,-0.0401,-0.211,-0.0459
5,negative_training,ALL_CONDITIONS,ads.1,CES-D,cross-corpus-882,RobustScaler,MLP,193,48,10,-0.1455,13.7165,16.9056,-0.1684,-0.7557,-0.0855
5,negative_training,ALL_CONDITIONS,ads.1,CES-D,cross-corpus-882,RobustScaler,LGBM,193,48,10,0.0392,11.8153,14.1107,0.0488,-0.2231,0.0045
5,negative_training,ALL_CONDITIONS,ads.1,CES-D,cross-corpus-882,RobustScaler,CatBoost,193,48,10,0.0125,11.2031,13.5734,0.0194,-0.1318,0.048
1,negative_training,ALL_CONDITIONS,HRSD_6.1,HRSD6,cross-corpus-882,StandardScaler,Ridge,188,48,5,-0.0048,4.625,5.9722,-0.006,-0.2696,0.0889
1,negative_training,ALL_CONDITIONS,HRSD_6.1,HRSD6,cross-corpus-882,StandardScaler,Lasso,188,48,5,-0.0037,4.6229,5.9657,-0.0047,-0.2668,0.0871
1,negative_training,ALL_CONDITIONS,HRSD_6.1,HRSD6,cross-corpus-882,StandardScaler,ElasticNet,188,48,5,-0.0035,4.6308,5.9709,-0.0043,-0.2691,0.0732
1,negative_training,ALL_CONDITIONS,HRSD_6.1,HRSD6,cross-corpus-882,StandardScaler,SVR,188,48,5,0.029,4.3968,5.8525,0.0396,-0.2192,0.0288
1,negative_training,ALL_CONDITIONS,HRSD_6.1,HRSD6,cross-corpus-882,StandardScaler,KNN,188,48,5,0.0072,4.2778,5.757,0.0104,-0.1797,0.1103
1,negative_training,ALL_CONDITIONS,HRSD_6.1,HRSD6,cross-corpus-882,StandardScaler,RF,188,48,5,0.019,4.264,5.7105,0.0267,-0.1608,0.1382
1,negative_training,ALL_CONDITIONS,HRSD_6.1,HRSD6,cross-corpus-882,StandardScaler,ET,188,48,5,0.0488,4.1372,5.6053,0.0696,-0.1184,0.1617
1,negative_training,ALL_CONDITIONS,HRSD_6.1,HRSD6,cross-corpus-882,StandardScaler,GB,188,48,5,-0.1365,4.9821,6.3618,-0.1672,-0.4407,-0.117
1,negative_training,ALL_CONDITIONS,HRSD_6.1,HRSD6,cross-corpus-882,StandardScaler,XGB,188,48,5,-0.1163,4.723,6.1784,-0.1534,-0.3588,-0.0809
1,negative_training,ALL_CONDITIONS,HRSD_6.1,HRSD6,cross-corpus-882,StandardScaler,MLP,188,48,5,-0.0,4.5873,5.8772,-0.0001,-0.2295,0.0633
1,negative_training,ALL_CONDITIONS,HRSD_6.1,HRSD6,cross-corpus-882,StandardScaler,LGBM,188,48,5,0.0035,4.7153,6.0199,0.0042,-0.29,0.0605
1,negative_training,ALL_CONDITIONS,HRSD_6.1,HRSD6,cross-corpus-882,StandardScaler,CatBoost,188,48,5,-0.0379,4.5383,5.8536,-0.054,-0.2197,0.0047
1,negative_training,ALL_CONDITIONS,HRSD_6.1,HRSD6,cross-corpus-882,MinMaxScaler,Ridge,188,48,10,-0.0646,4.5576,5.9811,-0.0905,-0.2734,0.0235
1,negative_training,ALL_CONDITIONS,HRSD_6.1,HRSD6,cross-corpus-882,MinMaxScaler,Lasso,188,48,10,-0.0818,4.7428,6.3168,-0.0994,-0.4203,0.0117
1,negative_training,ALL_CONDITIONS,HRSD_6.1,HRSD6,cross-corpus-882,MinMaxScaler,ElasticNet,188,48,10,-0.0545,4.5164,5.9076,-0.0788,-0.2423,0.0183
1,negative_training,ALL_CONDITIONS,HRSD_6.1,HRSD6,cross-corpus-882,MinMaxScaler,SVR,188,48,10,0.0141,4.3502,5.8978,0.0193,-0.2381,0.0065
1,negative_training,ALL_CONDITIONS,HRSD_6.1,HRSD6,cross-corpus-882,MinMaxScaler,KNN,188,48,10,0.0396,4.1518,5.7143,0.0576,-0.1623,0.152
1,negative_training,ALL_CONDITIONS,HRSD_6.1,HRSD6,cross-corpus-882,MinMaxScaler,RF,188,48,10,-0.013,4.2451,5.6293,-0.0217,-0.128,0.0161
1,negative_training,ALL_CONDITIONS,HRSD_6.1,HRSD6,cross-corpus-882,MinMaxScaler,ET,188,48,10,0.0055,4.1152,5.6188,0.0089,-0.1238,0.0819
1,negative_training,ALL_CONDITIONS,HRSD_6.1,HRSD6,cross-corpus-882,MinMaxScaler,GB,188,48,10,-0.0656,4.6398,6.2156,-0.0791,-0.3752,-0.0782
1,negative_training,ALL_CONDITIONS,HRSD_6.1,HRSD6,cross-corpus-882,MinMaxScaler,XGB,188,48,10,-0.0677,4.5627,6.1459,-0.0841,-0.3445,-0.0815
1,negative_training,ALL_CONDITIONS,HRSD_6.1,HRSD6,cross-corpus-882,MinMaxScaler,MLP,188,48,10,-0.0898,4.8105,6.4259,-0.1075,-0.4698,-0.0499
1,negative_training,ALL_CONDITIONS,HRSD_6.1,HRSD6,cross-corpus-882,MinMaxScaler,LGBM,188,48,10,-0.0061,4.343,5.975,-0.0078,-0.2708,0.0421
1,negative_training,ALL_CONDITIONS,HRSD_6.1,HRSD6,cross-corpus-882,MinMaxScaler,CatBoost,188,48,10,-0.0338,4.3189,5.7383,-0.0531,-0.1721,-0.0125
1,negative_training,ALL_CONDITIONS,HRSD_6.1,HRSD6,cross-corpus-882,RobustScaler,Ridge,188,48,10,-0.0069,4.7583,5.9544,-0.0088,-0.2621,0.0304
1,negative_training,ALL_CONDITIONS,HRSD_6.1,HRSD6,cross-corpus-882,RobustScaler,Lasso,188,48,10,-0.0102,4.7678,5.9529,-0.0131,-0.2614,0.0031
1,negative_training,ALL_CONDITIONS,HRSD_6.1,HRSD6,cross-corpus-882,RobustScaler,ElasticNet,188,48,10,-0.0112,4.774,5.956,-0.0142,-0.2627,-0.0051
1,negative_training,ALL_CONDITIONS,HRSD_6.1,HRSD6,cross-corpus-882,RobustScaler,SVR,188,48,10,0.0109,4.5991,5.9765,0.0132,-0.2714,0.046
1,negative_training,ALL_CONDITIONS,HRSD_6.1,HRSD6,cross-corpus-882,RobustScaler,KNN,188,48,10,0.0252,4.3472,5.5466,0.0409,-0.0951,0.0568
1,negative_training,ALL_CONDITIONS,HRSD_6.1,HRSD6,cross-corpus-882,RobustScaler,RF,188,48,10,-0.0372,4.4736,5.8145,-0.0539,-0.2034,-0.0332
1,negative_training,ALL_CONDITIONS,HRSD_6.1,HRSD6,cross-corpus-882,RobustScaler,ET,188,48,10,-0.0219,4.3701,5.7081,-0.034,-0.1598,0.0216
1,negative_training,ALL_CONDITIONS,HRSD_6.1,HRSD6,cross-corpus-882,RobustScaler,GB,188,48,10,-0.0025,4.657,5.9858,-0.003,-0.2754,-0.0118
1,negative_training,ALL_CONDITIONS,HRSD_6.1,HRSD6,cross-corpus-882,RobustScaler,XGB,188,48,10,-0.0078,4.6399,5.9939,-0.0095,-0.2788,-0.0217
1,negative_training,ALL_CONDITIONS,HRSD_6.1,HRSD6,cross-corpus-882,RobustScaler,MLP,188,48,10,-0.0305,4.7049,5.943,-0.0405,-0.2572,-0.0038
1,negative_training,ALL_CONDITIONS,HRSD_6.1,HRSD6,cross-corpus-882,RobustScaler,LGBM,188,48,10,-0.0391,4.6437,6.0527,-0.0487,-0.3041,-0.0294
1,negative_training,ALL_CONDITIONS,HRSD_6.1,HRSD6,cross-corpus-882,RobustScaler,CatBoost,188,48,10,-0.0201,4.5219,5.9201,-0.0262,-0.2475,-0.0165
2,negative_training,ALL_CONDITIONS,HRSD_6.1,HRSD6,cross-corpus-882,StandardScaler,Ridge,189,47,10,-0.0164,4.3972,5.3658,-0.0188,-0.3711,0.0724
2,negative_training,ALL_CONDITIONS,HRSD_6.1,HRSD6,cross-corpus-882,StandardScaler,Lasso,189,47,10,-0.0205,4.3726,5.2937,-0.0243,-0.3344,0.069
2,negative_training,ALL_CONDITIONS,HRSD_6.1,HRSD6,cross-corpus-882,StandardScaler,ElasticNet,189,47,10,-0.0168,4.3725,5.2992,-0.0198,-0.3372,0.0738
2,negative_training,ALL_CONDITIONS,HRSD_6.1,HRSD6,cross-corpus-882,StandardScaler,SVR,189,47,10,0.033,4.0153,4.7846,0.0555,-0.0901,0.0561
2,negative_training,ALL_CONDITIONS,HRSD_6.1,HRSD6,cross-corpus-882,StandardScaler,KNN,189,47,10,0.0037,4.2097,5.0974,0.0046,-0.2373,0.088
2,negative_training,ALL_CONDITIONS,HRSD_6.1,HRSD6,cross-corpus-882,StandardScaler,RF,189,47,10,0.1267,3.8479,4.6631,0.1746,-0.0355,0.2183
2,negative_training,ALL_CONDITIONS,HRSD_6.1,HRSD6,cross-corpus-882,StandardScaler,ET,189,47,10,0.0044,4.1055,4.8698,0.0069,-0.1293,0.0249
2,negative_training,ALL_CONDITIONS,HRSD_6.1,HRSD6,cross-corpus-882,StandardScaler,GB,189,47,10,0.1589,4.0111,4.9878,0.1757,-0.1847,0.2514
2,negative_training,ALL_CONDITIONS,HRSD_6.1,HRSD6,cross-corpus-882,StandardScaler,XGB,189,47,10,0.1408,3.8534,4.746,0.1786,-0.0726,0.2308
2,negative_training,ALL_CONDITIONS,HRSD_6.1,HRSD6,cross-corpus-882,StandardScaler,MLP,189,47,10,-0.0005,4.5951,6.3337,-0.0005,-0.9103,0.1071
2,negative_training,ALL_CONDITIONS,HRSD_6.1,HRSD6,cross-corpus-882,StandardScaler,LGBM,189,47,10,0.0908,4.1502,4.9138,0.1121,-0.1498,0.1341
2,negative_training,ALL_CONDITIONS,HRSD_6.1,HRSD6,cross-corpus-882,StandardScaler,CatBoost,189,47,10,0.1354,3.9748,4.8167,0.1667,-0.1048,0.2565
2,negative_training,ALL_CONDITIONS,HRSD_6.1,HRSD6,cross-corpus-882,MinMaxScaler,Ridge,189,47,10,-0.0227,4.4587,5.4067,-0.0257,-0.3921,0.047
2,negative_training,ALL_CONDITIONS,HRSD_6.1,HRSD6,cross-corpus-882,MinMaxScaler,Lasso,189,47,10,-0.0282,4.426,5.3413,-0.033,-0.3586,0.0428
2,negative_training,ALL_CONDITIONS,HRSD_6.1,HRSD6,cross-corpus-882,MinMaxScaler,ElasticNet,189,47,10,-0.0314,4.3829,5.2391,-0.0386,-0.3071,0.0402
2,negative_training,ALL_CONDITIONS,HRSD_6.1,HRSD6,cross-corpus-882,MinMaxScaler,SVR,189,47,10,-0.0309,4.5236,5.4997,-0.0342,-0.4403,0.0384
2,negative_training,ALL_CONDITIONS,HRSD_6.1,HRSD6,cross-corpus-882,MinMaxScaler,KNN,189,47,10,0.0061,4.1324,4.8944,0.0092,-0.1407,0.0211
2,negative_training,ALL_CONDITIONS,HRSD_6.1,HRSD6,cross-corpus-882,MinMaxScaler,RF,189,47,10,0.0266,4.1722,4.9264,0.0366,-0.1557,0.1067
2,negative_training,ALL_CONDITIONS,HRSD_6.1,HRSD6,cross-corpus-882,MinMaxScaler,ET,189,47,10,0.0517,4.104,4.8113,0.0757,-0.1023,0.0998
2,negative_training,ALL_CONDITIONS,HRSD_6.1,HRSD6,cross-corpus-882,MinMaxScaler,GB,189,47,10,0.0226,4.4687,5.4204,0.0247,-0.3991,0.1417
2,negative_training,ALL_CONDITIONS,HRSD_6.1,HRSD6,cross-corpus-882,MinMaxScaler,XGB,189,47,10,0.08,4.4512,5.4976,0.084,-0.4393,0.1873
2,negative_training,ALL_CONDITIONS,HRSD_6.1,HRSD6,cross-corpus-882,MinMaxScaler,MLP,189,47,10,-0.064,4.6367,5.7282,-0.069,-0.5625,0.0358
2,negative_training,ALL_CONDITIONS,HRSD_6.1,HRSD6,cross-corpus-882,MinMaxScaler,LGBM,189,47,10,0.0014,4.6519,5.5217,0.0015,-0.4519,0.0575
2,negative_training,ALL_CONDITIONS,HRSD_6.1,HRSD6,cross-corpus-882,MinMaxScaler,CatBoost,189,47,10,0.0521,4.2728,5.0714,0.0632,-0.2247,0.1459
2,negative_training,ALL_CONDITIONS,HRSD_6.1,HRSD6,cross-corpus-882,RobustScaler,Ridge,189,47,15,-0.0373,4.4517,5.4266,-0.0428,-0.4023,0.0786
2,negative_training,ALL_CONDITIONS,HRSD_6.1,HRSD6,cross-corpus-882,RobustScaler,Lasso,189,47,15,-0.0393,4.4932,5.512,-0.0439,-0.4468,0.0428
2,negative_training,ALL_CONDITIONS,HRSD_6.1,HRSD6,cross-corpus-882,RobustScaler,ElasticNet,189,47,15,-0.0354,4.498,5.5213,-0.0393,-0.4517,0.0482
2,negative_training,ALL_CONDITIONS,HRSD_6.1,HRSD6,cross-corpus-882,RobustScaler,SVR,189,47,15,0.1081,3.8183,4.5099,0.2107,0.0315,0.2115
2,negative_training,ALL_CONDITIONS,HRSD_6.1,HRSD6,cross-corpus-882,RobustScaler,KNN,189,47,15,0.0547,4.1125,4.9619,0.0701,-0.1724,0.1693
2,negative_training,ALL_CONDITIONS,HRSD_6.1,HRSD6,cross-corpus-882,RobustScaler,RF,189,47,15,0.0191,4.0708,4.8705,0.0284,-0.1296,0.0853
2,negative_training,ALL_CONDITIONS,HRSD_6.1,HRSD6,cross-corpus-882,RobustScaler,ET,189,47,15,-0.0272,4.1615,4.8997,-0.045,-0.1432,-0.0171
2,negative_training,ALL_CONDITIONS,HRSD_6.1,HRSD6,cross-corpus-882,RobustScaler,GB,189,47,15,0.1015,4.0677,4.9627,0.1207,-0.1728,0.1636
2,negative_training,ALL_CONDITIONS,HRSD_6.1,HRSD6,cross-corpus-882,RobustScaler,XGB,189,47,15,0.1405,3.9619,4.8806,0.1675,-0.1343,0.1952
2,negative_training,ALL_CONDITIONS,HRSD_6.1,HRSD6,cross-corpus-882,RobustScaler,MLP,189,47,15,-0.0298,4.9959,7.0256,-0.0302,-1.3505,0.0661
2,negative_training,ALL_CONDITIONS,HRSD_6.1,HRSD6,cross-corpus-882,RobustScaler,LGBM,189,47,15,0.0233,4.2676,5.0638,0.0291,-0.2211,0.0398
2,negative_training,ALL_CONDITIONS,HRSD_6.1,HRSD6,cross-corpus-882,RobustScaler,CatBoost,189,47,15,0.027,4.0595,4.8278,0.0411,-0.1099,0.0829
3,negative_training,ALL_CONDITIONS,HRSD_6.1,HRSD6,cross-corpus-882,StandardScaler,Ridge,189,47,5,0.0853,3.8637,4.5234,0.2409,0.0496,0.1538
3,negative_training,ALL_CONDITIONS,HRSD_6.1,HRSD6,cross-corpus-882,StandardScaler,Lasso,189,47,5,0.1096,3.8127,4.5012,0.2582,0.0589,0.1855
3,negative_training,ALL_CONDITIONS,HRSD_6.1,HRSD6,cross-corpus-882,StandardScaler,ElasticNet,189,47,5,0.1152,3.806,4.4981,0.2619,0.0602,0.1776
3,negative_training,ALL_CONDITIONS,HRSD_6.1,HRSD6,cross-corpus-882,StandardScaler,SVR,189,47,5,-0.1076,4.5276,5.2682,-0.1562,-0.2892,-0.1154
3,negative_training,ALL_CONDITIONS,HRSD_6.1,HRSD6,cross-corpus-882,StandardScaler,KNN,189,47,5,0.1029,3.9243,4.6576,0.1701,-0.0077,0.1771
3,negative_training,ALL_CONDITIONS,HRSD_6.1,HRSD6,cross-corpus-882,StandardScaler,RF,189,47,5,0.0381,3.9687,4.9141,0.0562,-0.1217,0.0297
3,negative_training,ALL_CONDITIONS,HRSD_6.1,HRSD6,cross-corpus-882,StandardScaler,ET,189,47,5,0.0505,4.0628,4.9315,0.0697,-0.1297,0.0757
3,negative_training,ALL_CONDITIONS,HRSD_6.1,HRSD6,cross-corpus-882,StandardScaler,GB,189,47,5,0.0555,3.9632,4.9829,0.072,-0.1533,0.0655
3,negative_training,ALL_CONDITIONS,HRSD_6.1,HRSD6,cross-corpus-882,StandardScaler,XGB,189,47,5,0.0645,3.9303,4.9083,0.0871,-0.119,0.0315
3,negative_training,ALL_CONDITIONS,HRSD_6.1,HRSD6,cross-corpus-882,StandardScaler,MLP,189,47,5,0.2365,3.6195,4.3056,0.3775,0.1389,0.4081
3,negative_training,ALL_CONDITIONS,HRSD_6.1,HRSD6,cross-corpus-882,StandardScaler,LGBM,189,47,5,0.0729,4.0677,4.965,0.0954,-0.145,0.0811
3,negative_training,ALL_CONDITIONS,HRSD_6.1,HRSD6,cross-corpus-882,StandardScaler,CatBoost,189,47,5,0.0715,3.9404,4.7675,0.1175,-0.0558,0.0924
3,negative_training,ALL_CONDITIONS,HRSD_6.1,HRSD6,cross-corpus-882,MinMaxScaler,Ridge,189,47,5,0.0603,3.9717,4.6095,0.1452,0.0131,0.1078
3,negative_training,ALL_CONDITIONS,HRSD_6.1,HRSD6,cross-corpus-882,MinMaxScaler,Lasso,189,47,5,0.093,3.9807,4.6162,0.1703,0.0102,0.1557
3,negative_training,ALL_CONDITIONS,HRSD_6.1,HRSD6,cross-corpus-882,MinMaxScaler,ElasticNet,189,47,5,0.048,3.978,4.6065,0.1378,0.0143,0.0987
3,negative_training,ALL_CONDITIONS,HRSD_6.1,HRSD6,cross-corpus-882,MinMaxScaler,SVR,189,47,5,0.0584,3.9748,4.6111,0.1393,0.0124,0.0614
3,negative_training,ALL_CONDITIONS,HRSD_6.1,HRSD6,cross-corpus-882,MinMaxScaler,KNN,189,47,5,-0.039,4.2388,5.1495,-0.0537,-0.2317,-0.0068
3,negative_training,ALL_CONDITIONS,HRSD_6.1,HRSD6,cross-corpus-882,MinMaxScaler,RF,189,47,5,0.0384,4.0012,4.8011,0.0638,-0.0707,0.0304
3,negative_training,ALL_CONDITIONS,HRSD_6.1,HRSD6,cross-corpus-882,MinMaxScaler,ET,189,47,5,-0.0175,4.1976,5.0965,-0.0241,-0.2065,-0.0009
3,negative_training,ALL_CONDITIONS,HRSD_6.1,HRSD6,cross-corpus-882,MinMaxScaler,GB,189,47,5,0.0162,4.1485,5.0607,0.0215,-0.1896,0.0489
3,negative_training,ALL_CONDITIONS,HRSD_6.1,HRSD6,cross-corpus-882,MinMaxScaler,XGB,189,47,5,-0.0189,4.2248,5.1698,-0.0247,-0.2415,-0.017
3,negative_training,ALL_CONDITIONS,HRSD_6.1,HRSD6,cross-corpus-882,MinMaxScaler,MLP,189,47,5,0.018,4.0719,4.637,0.075,0.0012,0.1399
3,negative_training,ALL_CONDITIONS,HRSD_6.1,HRSD6,cross-corpus-882,MinMaxScaler,LGBM,189,47,5,0.0178,4.1348,5.2213,0.0213,-0.2663,0.0188
3,negative_training,ALL_CONDITIONS,HRSD_6.1,HRSD6,cross-corpus-882,MinMaxScaler,CatBoost,189,47,5,0.0619,4.0237,4.8494,0.0889,-0.0924,0.0741
3,negative_training,ALL_CONDITIONS,HRSD_6.1,HRSD6,cross-corpus-882,RobustScaler,Ridge,189,47,5,0.0267,3.978,4.7668,0.0523,-0.0555,0.0237
3,negative_training,ALL_CONDITIONS,HRSD_6.1,HRSD6,cross-corpus-882,RobustScaler,Lasso,189,47,5,0.0285,3.9774,4.7728,0.0546,-0.0581,0.0224
3,negative_training,ALL_CONDITIONS,HRSD_6.1,HRSD6,cross-corpus-882,RobustScaler,ElasticNet,189,47,5,0.025,3.9829,4.7546,0.051,-0.0501,0.0328
3,negative_training,ALL_CONDITIONS,HRSD_6.1,HRSD6,cross-corpus-882,RobustScaler,SVR,189,47,5,-0.0779,4.4416,5.1958,-0.1124,-0.254,-0.1285
3,negative_training,ALL_CONDITIONS,HRSD_6.1,HRSD6,cross-corpus-882,RobustScaler,KNN,189,47,5,0.0346,4.2827,5.0319,0.0456,-0.1761,0.082
3,negative_training,ALL_CONDITIONS,HRSD_6.1,HRSD6,cross-corpus-882,RobustScaler,RF,189,47,5,0.0111,4.1123,5.0303,0.016,-0.1754,0.0281
3,negative_training,ALL_CONDITIONS,HRSD_6.1,HRSD6,cross-corpus-882,RobustScaler,ET,189,47,5,0.0596,4.1882,5.0566,0.074,-0.1877,0.089
3,negative_training,ALL_CONDITIONS,HRSD_6.1,HRSD6,cross-corpus-882,RobustScaler,GB,189,47,5,0.1204,4.1354,4.9743,0.144,-0.1494,0.0051
3,negative_training,ALL_CONDITIONS,HRSD_6.1,HRSD6,cross-corpus-882,RobustScaler,XGB,189,47,5,0.1086,3.9764,4.8449,0.1417,-0.0903,0.0113
3,negative_training,ALL_CONDITIONS,HRSD_6.1,HRSD6,cross-corpus-882,RobustScaler,MLP,189,47,5,0.0505,3.8758,4.6281,0.121,0.005,0.1174
3,negative_training,ALL_CONDITIONS,HRSD_6.1,HRSD6,cross-corpus-882,RobustScaler,LGBM,189,47,5,0.0702,4.0136,4.9643,0.0957,-0.1447,0.1589
3,negative_training,ALL_CONDITIONS,HRSD_6.1,HRSD6,cross-corpus-882,RobustScaler,CatBoost,189,47,5,0.0128,4.0832,4.8469,0.0225,-0.0912,0.0484
4,negative_training,ALL_CONDITIONS,HRSD_6.1,HRSD6,cross-corpus-882,StandardScaler,Ridge,189,47,5,0.0459,4.392,5.1031,0.0657,-0.113,0.0671
4,negative_training,ALL_CONDITIONS,HRSD_6.1,HRSD6,cross-corpus-882,StandardScaler,Lasso,189,47,5,0.0478,4.4064,5.1266,0.0666,-0.1233,0.075
4,negative_training,ALL_CONDITIONS,HRSD_6.1,HRSD6,cross-corpus-882,StandardScaler,ElasticNet,189,47,5,0.0439,4.3765,5.0754,0.065,-0.101,0.0671
4,negative_training,ALL_CONDITIONS,HRSD_6.1,HRSD6,cross-corpus-882,StandardScaler,SVR,189,47,5,0.027,4.4074,5.0983,0.0415,-0.1109,0.0082
4,negative_training,ALL_CONDITIONS,HRSD_6.1,HRSD6,cross-corpus-882,StandardScaler,KNN,189,47,5,-0.033,4.5508,5.2866,-0.0492,-0.1945,-0.0859
4,negative_training,ALL_CONDITIONS,HRSD_6.1,HRSD6,cross-corpus-882,StandardScaler,RF,189,47,5,-0.0503,4.7596,5.3857,-0.0699,-0.2397,-0.1129
4,negative_training,ALL_CONDITIONS,HRSD_6.1,HRSD6,cross-corpus-882,StandardScaler,ET,189,47,5,0.0158,4.6242,5.1997,0.0225,-0.1556,-0.0038
4,negative_training,ALL_CONDITIONS,HRSD_6.1,HRSD6,cross-corpus-882,StandardScaler,GB,189,47,5,-0.0795,4.9443,5.6596,-0.0978,-0.369,-0.107
4,negative_training,ALL_CONDITIONS,HRSD_6.1,HRSD6,cross-corpus-882,StandardScaler,XGB,189,47,5,-0.0226,4.4988,5.2908,-0.0322,-0.1964,-0.0227
4,negative_training,ALL_CONDITIONS,HRSD_6.1,HRSD6,cross-corpus-882,StandardScaler,MLP,189,47,5,-0.0164,4.5708,5.318,-0.0225,-0.2088,0.0243
4,negative_training,ALL_CONDITIONS,HRSD_6.1,HRSD6,cross-corpus-882,StandardScaler,LGBM,189,47,5,-0.0035,4.4369,5.2677,-0.0049,-0.186,0.0213
4,negative_training,ALL_CONDITIONS,HRSD_6.1,HRSD6,cross-corpus-882,StandardScaler,CatBoost,189,47,5,-0.0338,4.6002,5.2889,-0.0495,-0.1956,-0.0692
4,negative_training,ALL_CONDITIONS,HRSD_6.1,HRSD6,cross-corpus-882,MinMaxScaler,Ridge,189,47,10,0.0621,4.4298,5.0119,0.0934,-0.0736,0.1123
4,negative_training,ALL_CONDITIONS,HRSD_6.1,HRSD6,cross-corpus-882,MinMaxScaler,Lasso,189,47,10,0.0619,4.4422,5.0324,0.0911,-0.0824,0.109
4,negative_training,ALL_CONDITIONS,HRSD_6.1,HRSD6,cross-corpus-882,MinMaxScaler,ElasticNet,189,47,10,0.0602,4.4008,4.9826,0.0946,-0.0611,0.1186
4,negative_training,ALL_CONDITIONS,HRSD_6.1,HRSD6,cross-corpus-882,MinMaxScaler,SVR,189,47,10,0.0546,4.3732,5.0297,0.0855,-0.0813,0.103
4,negative_training,ALL_CONDITIONS,HRSD_6.1,HRSD6,cross-corpus-882,MinMaxScaler,KNN,189,47,10,0.0237,4.5154,5.1336,0.0351,-0.1264,0.0007
4,negative_training,ALL_CONDITIONS,HRSD_6.1,HRSD6,cross-corpus-882,MinMaxScaler,RF,189,47,10,0.0533,4.3767,5.0232,0.0815,-0.0785,0.0741
4,negative_training,ALL_CONDITIONS,HRSD_6.1,HRSD6,cross-corpus-882,MinMaxScaler,ET,189,47,10,0.0066,4.69,5.2439,0.0092,-0.1753,0.0064
4,negative_training,ALL_CONDITIONS,HRSD_6.1,HRSD6,cross-corpus-882,MinMaxScaler,GB,189,47,10,0.1112,4.3614,5.0435,0.1452,-0.0872,0.1253
4,negative_training,ALL_CONDITIONS,HRSD_6.1,HRSD6,cross-corpus-882,MinMaxScaler,XGB,189,47,10,0.1072,4.3499,5.0681,0.139,-0.0978,0.1214
4,negative_training,ALL_CONDITIONS,HRSD_6.1,HRSD6,cross-corpus-882,MinMaxScaler,MLP,189,47,10,0.0496,4.4037,5.0289,0.0766,-0.0809,0.1513
4,negative_training,ALL_CONDITIONS,HRSD_6.1,HRSD6,cross-corpus-882,MinMaxScaler,LGBM,189,47,10,0.1052,4.464,5.3224,0.1198,-0.2108,0.0894
4,negative_training,ALL_CONDITIONS,HRSD_6.1,HRSD6,cross-corpus-882,MinMaxScaler,CatBoost,189,47,10,0.0797,4.3675,5.0637,0.1091,-0.0959,0.0853
4,negative_training,ALL_CONDITIONS,HRSD_6.1,HRSD6,cross-corpus-882,RobustScaler,Ridge,189,47,10,0.0733,4.4736,5.0505,0.1029,-0.0902,0.1142
4,negative_training,ALL_CONDITIONS,HRSD_6.1,HRSD6,cross-corpus-882,RobustScaler,Lasso,189,47,10,0.0713,4.4736,5.0547,0.1001,-0.092,0.1144
4,negative_training,ALL_CONDITIONS,HRSD_6.1,HRSD6,cross-corpus-882,RobustScaler,ElasticNet,189,47,10,0.0732,4.4693,5.0406,0.1037,-0.0859,0.1264
4,negative_training,ALL_CONDITIONS,HRSD_6.1,HRSD6,cross-corpus-882,RobustScaler,SVR,189,47,10,0.1541,4.2227,4.8163,0.2218,0.0086,0.1771
4,negative_training,ALL_CONDITIONS,HRSD_6.1,HRSD6,cross-corpus-882,RobustScaler,KNN,189,47,10,-0.0207,4.7064,5.3138,-0.0287,-0.2068,-0.0392
4,negative_training,ALL_CONDITIONS,HRSD_6.1,HRSD6,cross-corpus-882,RobustScaler,RF,189,47,10,0.056,4.3979,5.0103,0.0862,-0.0729,0.061
4,negative_training,ALL_CONDITIONS,HRSD_6.1,HRSD6,cross-corpus-882,RobustScaler,ET,189,47,10,0.0031,4.584,5.1643,0.0047,-0.1399,0.0063
4,negative_training,ALL_CONDITIONS,HRSD_6.1,HRSD6,cross-corpus-882,RobustScaler,GB,189,47,10,0.0144,4.8052,5.5629,0.0165,-0.3226,0.009
4,negative_training,ALL_CONDITIONS,HRSD_6.1,HRSD6,cross-corpus-882,RobustScaler,XGB,189,47,10,0.088,4.3741,5.1117,0.1155,-0.1168,0.1121
4,negative_training,ALL_CONDITIONS,HRSD_6.1,HRSD6,cross-corpus-882,RobustScaler,MLP,189,47,10,0.0681,4.357,5.0964,0.0927,-0.1101,0.1253
4,negative_training,ALL_CONDITIONS,HRSD_6.1,HRSD6,cross-corpus-882,RobustScaler,LGBM,189,47,10,0.106,4.4343,5.0702,0.1364,-0.0987,0.1273
4,negative_training,ALL_CONDITIONS,HRSD_6.1,HRSD6,cross-corpus-882,RobustScaler,CatBoost,189,47,10,0.0465,4.4835,5.1582,0.0637,-0.1372,0.0491
5,negative_training,ALL_CONDITIONS,HRSD_6.1,HRSD6,cross-corpus-882,StandardScaler,Ridge,189,47,10,0.0124,3.9331,4.6092,0.0173,-0.1652,-0.0031
5,negative_training,ALL_CONDITIONS,HRSD_6.1,HRSD6,cross-corpus-882,StandardScaler,Lasso,189,47,10,0.0116,3.9345,4.6182,0.0161,-0.1697,0.008
5,negative_training,ALL_CONDITIONS,HRSD_6.1,HRSD6,cross-corpus-882,StandardScaler,ElasticNet,189,47,10,0.0091,3.934,4.6038,0.0128,-0.1624,-0.0054
5,negative_training,ALL_CONDITIONS,HRSD_6.1,HRSD6,cross-corpus-882,StandardScaler,SVR,189,47,10,-0.0066,4.1877,4.7506,-0.0093,-0.2377,0.0021
5,negative_training,ALL_CONDITIONS,HRSD_6.1,HRSD6,cross-corpus-882,StandardScaler,KNN,189,47,10,-0.0875,4.2695,4.9021,-0.1158,-0.3179,-0.0686
5,negative_training,ALL_CONDITIONS,HRSD_6.1,HRSD6,cross-corpus-882,StandardScaler,RF,189,47,10,-0.0582,4.1966,4.8524,-0.0771,-0.2914,-0.0512
5,negative_training,ALL_CONDITIONS,HRSD_6.1,HRSD6,cross-corpus-882,StandardScaler,ET,189,47,10,-0.109,4.3012,4.8436,-0.1608,-0.2867,-0.1289
5,negative_training,ALL_CONDITIONS,HRSD_6.1,HRSD6,cross-corpus-882,StandardScaler,GB,189,47,10,-0.1709,4.6188,5.3701,-0.2009,-0.5816,-0.1899
5,negative_training,ALL_CONDITIONS,HRSD_6.1,HRSD6,cross-corpus-882,StandardScaler,XGB,189,47,10,-0.1375,4.5287,5.2336,-0.1654,-0.5022,-0.1809
5,negative_training,ALL_CONDITIONS,HRSD_6.1,HRSD6,cross-corpus-882,StandardScaler,MLP,189,47,10,-0.0904,4.1176,4.9677,-0.1144,-0.3535,-0.0856
5,negative_training,ALL_CONDITIONS,HRSD_6.1,HRSD6,cross-corpus-882,StandardScaler,LGBM,189,47,10,-0.1662,4.6932,5.3311,-0.1981,-0.5587,-0.1581
5,negative_training,ALL_CONDITIONS,HRSD_6.1,HRSD6,cross-corpus-882,StandardScaler,CatBoost,189,47,10,-0.0446,4.2111,4.7683,-0.0628,-0.247,-0.0398
5,negative_training,ALL_CONDITIONS,HRSD_6.1,HRSD6,cross-corpus-882,MinMaxScaler,Ridge,189,47,10,-0.073,4.0967,4.6875,-0.1168,-0.2051,-0.0943
5,negative_training,ALL_CONDITIONS,HRSD_6.1,HRSD6,cross-corpus-882,MinMaxScaler,Lasso,189,47,10,-0.069,4.0957,4.7091,-0.1058,-0.2162,-0.0974
5,negative_training,ALL_CONDITIONS,HRSD_6.1,HRSD6,cross-corpus-882,MinMaxScaler,ElasticNet,189,47,10,-0.0772,4.0957,4.667,-0.1298,-0.1945,-0.1224
5,negative_training,ALL_CONDITIONS,HRSD_6.1,HRSD6,cross-corpus-882,MinMaxScaler,SVR,189,47,10,-0.1494,4.7379,5.4948,-0.1623,-0.6559,-0.1574
5,negative_training,ALL_CONDITIONS,HRSD_6.1,HRSD6,cross-corpus-882,MinMaxScaler,KNN,189,47,10,-0.1692,4.7933,5.5707,-0.1831,-0.702,-0.1373
5,negative_training,ALL_CONDITIONS,HRSD_6.1,HRSD6,cross-corpus-882,MinMaxScaler,RF,189,47,10,-0.165,4.3655,4.9336,-0.2499,-0.3349,-0.2226
5,negative_training,ALL_CONDITIONS,HRSD_6.1,HRSD6,cross-corpus-882,MinMaxScaler,ET,189,47,10,-0.2002,4.5564,5.1134,-0.2724,-0.434,-0.241
5,negative_training,ALL_CONDITIONS,HRSD_6.1,HRSD6,cross-corpus-882,MinMaxScaler,GB,189,47,10,-0.252,4.847,5.4565,-0.3035,-0.6329,-0.2688
5,negative_training,ALL_CONDITIONS,HRSD_6.1,HRSD6,cross-corpus-882,MinMaxScaler,XGB,189,47,10,-0.276,4.8433,5.455,-0.3393,-0.632,-0.2869
5,negative_training,ALL_CONDITIONS,HRSD_6.1,HRSD6,cross-corpus-882,MinMaxScaler,MLP,189,47,10,-0.0851,4.3893,5.1531,-0.0978,-0.4563,-0.1003
5,negative_training,ALL_CONDITIONS,HRSD_6.1,HRSD6,cross-corpus-882,MinMaxScaler,LGBM,189,47,10,-0.1756,4.5521,5.2246,-0.217,-0.4971,-0.1618
5,negative_training,ALL_CONDITIONS,HRSD_6.1,HRSD6,cross-corpus-882,MinMaxScaler,CatBoost,189,47,10,-0.1998,4.507,5.0613,-0.2891,-0.4049,-0.2715
5,negative_training,ALL_CONDITIONS,HRSD_6.1,HRSD6,cross-corpus-882,RobustScaler,Ridge,189,47,15,-0.0418,3.9715,4.5308,-0.0796,-0.1258,-0.0594
5,negative_training,ALL_CONDITIONS,HRSD_6.1,HRSD6,cross-corpus-882,RobustScaler,Lasso,189,47,15,0.0081,3.9495,4.6285,0.0113,-0.1749,-0.0222
5,negative_training,ALL_CONDITIONS,HRSD_6.1,HRSD6,cross-corpus-882,RobustScaler,ElasticNet,189,47,15,-0.0008,3.9602,4.621,-0.0012,-0.1711,-0.0308
5,negative_training,ALL_CONDITIONS,HRSD_6.1,HRSD6,cross-corpus-882,RobustScaler,SVR,189,47,15,-0.0849,4.2794,4.9147,-0.114,-0.3247,-0.0986
5,negative_training,ALL_CONDITIONS,HRSD_6.1,HRSD6,cross-corpus-882,RobustScaler,KNN,189,47,15,-0.1497,4.487,5.1876,-0.1807,-0.4759,-0.1482
5,negative_training,ALL_CONDITIONS,HRSD_6.1,HRSD6,cross-corpus-882,RobustScaler,RF,189,47,15,-0.0748,4.2505,4.8167,-0.105,-0.2724,-0.0691
5,negative_training,ALL_CONDITIONS,HRSD_6.1,HRSD6,cross-corpus-882,RobustScaler,ET,189,47,15,-0.1021,4.3033,4.8685,-0.1455,-0.2999,-0.0965
5,negative_training,ALL_CONDITIONS,HRSD_6.1,HRSD6,cross-corpus-882,RobustScaler,GB,189,47,15,-0.2294,4.8383,5.476,-0.2732,-0.6446,-0.2578
5,negative_training,ALL_CONDITIONS,HRSD_6.1,HRSD6,cross-corpus-882,RobustScaler,XGB,189,47,15,-0.1925,4.731,5.4914,-0.223,-0.6538,-0.177
5,negative_training,ALL_CONDITIONS,HRSD_6.1,HRSD6,cross-corpus-882,RobustScaler,MLP,189,47,15,-0.0677,4.1988,5.0201,-0.0807,-0.3821,-0.0631
5,negative_training,ALL_CONDITIONS,HRSD_6.1,HRSD6,cross-corpus-882,RobustScaler,LGBM,189,47,15,-0.1902,4.6646,5.3565,-0.226,-0.5736,-0.2073
5,negative_training,ALL_CONDITIONS,HRSD_6.1,HRSD6,cross-corpus-882,RobustScaler,CatBoost,189,47,15,-0.1024,4.3178,4.8774,-0.1463,-0.3047,-0.097
1,negative_training,ALL_CONDITIONS,HRSD_17.1,HRSD17,cross-corpus-882,StandardScaler,Ridge,188,48,10,-0.0194,8.0166,11.3587,-0.022,-0.6807,0.0729
1,negative_training,ALL_CONDITIONS,HRSD_17.1,HRSD17,cross-corpus-882,StandardScaler,Lasso,188,48,10,-0.0205,8.0067,11.2834,-0.0233,-0.6585,0.0676
1,negative_training,ALL_CONDITIONS,HRSD_17.1,HRSD17,cross-corpus-882,StandardScaler,ElasticNet,188,48,10,-0.0224,7.9822,11.2009,-0.0257,-0.6344,0.0673
1,negative_training,ALL_CONDITIONS,HRSD_17.1,HRSD17,cross-corpus-882,StandardScaler,SVR,188,48,10,0.0557,7.0597,9.1686,0.095,-0.0951,0.1536
1,negative_training,ALL_CONDITIONS,HRSD_17.1,HRSD17,cross-corpus-882,StandardScaler,KNN,188,48,10,0.0284,7.1994,9.3298,0.0453,-0.1339,0.0421
1,negative_training,ALL_CONDITIONS,HRSD_17.1,HRSD17,cross-corpus-882,StandardScaler,RF,188,48,10,0.0404,7.1826,9.0562,0.0766,-0.0684,0.0783
1,negative_training,ALL_CONDITIONS,HRSD_17.1,HRSD17,cross-corpus-882,StandardScaler,ET,188,48,10,0.1048,6.835,8.8701,0.1815,-0.0249,0.2227
1,negative_training,ALL_CONDITIONS,HRSD_17.1,HRSD17,cross-corpus-882,StandardScaler,GB,188,48,10,0.0727,7.0964,9.1074,0.115,-0.0805,0.1194
1,negative_training,ALL_CONDITIONS,HRSD_17.1,HRSD17,cross-corpus-882,StandardScaler,XGB,188,48,10,0.0911,7.0278,9.0686,0.1408,-0.0713,0.126
1,negative_training,ALL_CONDITIONS,HRSD_17.1,HRSD17,cross-corpus-882,StandardScaler,MLP,188,48,10,0.226,7.0668,9.3415,0.2542,-0.1368,0.2478
1,negative_training,ALL_CONDITIONS,HRSD_17.1,HRSD17,cross-corpus-882,StandardScaler,LGBM,188,48,10,0.0997,7.2214,9.2217,0.1344,-0.1078,0.1305
1,negative_training,ALL_CONDITIONS,HRSD_17.1,HRSD17,cross-corpus-882,StandardScaler,CatBoost,188,48,10,0.0781,7.1065,8.9709,0.1385,-0.0484,0.1028
1,negative_training,ALL_CONDITIONS,HRSD_17.1,HRSD17,cross-corpus-882,MinMaxScaler,Ridge,188,48,5,0.0033,7.852,10.2205,0.0041,-0.3608,0.0943
1,negative_training,ALL_CONDITIONS,HRSD_17.1,HRSD17,cross-corpus-882,MinMaxScaler,Lasso,188,48,5,0.0042,7.8252,10.1499,0.0053,-0.342,0.0982
1,negative_training,ALL_CONDITIONS,HRSD_17.1,HRSD17,cross-corpus-882,MinMaxScaler,ElasticNet,188,48,5,0.0196,7.6372,9.6484,0.0279,-0.2127,0.1015
1,negative_training,ALL_CONDITIONS,HRSD_17.1,HRSD17,cross-corpus-882,MinMaxScaler,SVR,188,48,5,0.0447,7.2851,9.0588,0.0819,-0.069,0.1106
1,negative_training,ALL_CONDITIONS,HRSD_17.1,HRSD17,cross-corpus-882,MinMaxScaler,KNN,188,48,5,0.0964,6.8611,8.9616,0.1665,-0.0462,0.1917
1,negative_training,ALL_CONDITIONS,HRSD_17.1,HRSD17,cross-corpus-882,MinMaxScaler,RF,188,48,5,0.0597,7.2788,8.9373,0.1116,-0.0405,0.1085
1,negative_training,ALL_CONDITIONS,HRSD_17.1,HRSD17,cross-corpus-882,MinMaxScaler,ET,188,48,5,0.0686,7.1134,9.0676,0.1123,-0.0711,0.14
1,negative_training,ALL_CONDITIONS,HRSD_17.1,HRSD17,cross-corpus-882,MinMaxScaler,GB,188,48,5,0.0516,7.3796,9.3008,0.0725,-0.1269,0.0499
1,negative_training,ALL_CONDITIONS,HRSD_17.1,HRSD17,cross-corpus-882,MinMaxScaler,XGB,188,48,5,0.0742,7.3047,9.1817,0.1075,-0.0982,0.072
1,negative_training,ALL_CONDITIONS,HRSD_17.1,HRSD17,cross-corpus-882,MinMaxScaler,MLP,188,48,5,0.0579,7.0935,8.9777,0.1042,-0.05,0.1387
1,negative_training,ALL_CONDITIONS,HRSD_17.1,HRSD17,cross-corpus-882,MinMaxScaler,LGBM,188,48,5,0.1688,6.8862,8.8391,0.2419,-0.0178,0.2309
1,negative_training,ALL_CONDITIONS,HRSD_17.1,HRSD17,cross-corpus-882,MinMaxScaler,CatBoost,188,48,5,0.0527,7.2732,9.0967,0.0899,-0.078,0.0771
1,negative_training,ALL_CONDITIONS,HRSD_17.1,HRSD17,cross-corpus-882,RobustScaler,Ridge,188,48,15,-0.016,7.7458,12.0609,-0.0175,-0.895,0.1994
1,negative_training,ALL_CONDITIONS,HRSD_17.1,HRSD17,cross-corpus-882,RobustScaler,Lasso,188,48,15,-0.0164,7.7238,11.9709,-0.0179,-0.8668,0.2027
1,negative_training,ALL_CONDITIONS,HRSD_17.1,HRSD17,cross-corpus-882,RobustScaler,ElasticNet,188,48,15,-0.0191,7.6974,11.9122,-0.0209,-0.8485,0.2103
1,negative_training,ALL_CONDITIONS,HRSD_17.1,HRSD17,cross-corpus-882,RobustScaler,SVR,188,48,15,0.0415,7.1769,9.3701,0.0639,-0.1438,0.0766
1,negative_training,ALL_CONDITIONS,HRSD_17.1,HRSD17,cross-corpus-882,RobustScaler,KNN,188,48,15,0.0528,7.1815,9.1997,0.0875,-0.1025,0.0855
1,negative_training,ALL_CONDITIONS,HRSD_17.1,HRSD17,cross-corpus-882,RobustScaler,RF,188,48,15,0.0356,7.0077,9.0825,0.0638,-0.0746,0.0464
1,negative_training,ALL_CONDITIONS,HRSD_17.1,HRSD17,cross-corpus-882,RobustScaler,ET,188,48,15,-0.0491,7.2708,9.4886,-0.0871,-0.1729,-0.0591
1,negative_training,ALL_CONDITIONS,HRSD_17.1,HRSD17,cross-corpus-882,RobustScaler,GB,188,48,15,0.0542,7.1541,9.4086,0.0731,-0.1532,0.0341
1,negative_training,ALL_CONDITIONS,HRSD_17.1,HRSD17,cross-corpus-882,RobustScaler,XGB,188,48,15,0.0129,7.5274,9.7083,0.0166,-0.2278,-0.0026
1,negative_training,ALL_CONDITIONS,HRSD_17.1,HRSD17,cross-corpus-882,RobustScaler,MLP,188,48,15,0.2174,6.6331,8.8743,0.2699,-0.0259,0.2117
1,negative_training,ALL_CONDITIONS,HRSD_17.1,HRSD17,cross-corpus-882,RobustScaler,LGBM,188,48,15,0.0199,7.518,9.6385,0.0263,-0.2102,0.0228
1,negative_training,ALL_CONDITIONS,HRSD_17.1,HRSD17,cross-corpus-882,RobustScaler,CatBoost,188,48,15,-0.0079,7.2701,9.3474,-0.0132,-0.1382,0.0056
2,negative_training,ALL_CONDITIONS,HRSD_17.1,HRSD17,cross-corpus-882,StandardScaler,Ridge,189,47,10,0.1002,6.6777,7.9361,0.1405,-0.0613,0.1693
2,negative_training,ALL_CONDITIONS,HRSD_17.1,HRSD17,cross-corpus-882,StandardScaler,Lasso,189,47,10,0.1011,6.668,7.9309,0.1418,-0.0599,0.158
2,negative_training,ALL_CONDITIONS,HRSD_17.1,HRSD17,cross-corpus-882,StandardScaler,ElasticNet,189,47,10,0.0974,6.6769,7.935,0.1376,-0.061,0.1643
2,negative_training,ALL_CONDITIONS,HRSD_17.1,HRSD17,cross-corpus-882,StandardScaler,SVR,189,47,10,0.0923,6.1893,7.5246,0.2428,0.0459,0.2225
2,negative_training,ALL_CONDITIONS,HRSD_17.1,HRSD17,cross-corpus-882,StandardScaler,KNN,189,47,10,0.1262,6.2553,7.5485,0.2212,0.0399,0.2668
2,negative_training,ALL_CONDITIONS,HRSD_17.1,HRSD17,cross-corpus-882,StandardScaler,RF,189,47,10,0.1055,6.4925,7.7203,0.1694,-0.0043,0.1834
2,negative_training,ALL_CONDITIONS,HRSD_17.1,HRSD17,cross-corpus-882,StandardScaler,ET,189,47,10,0.1842,6.0754,7.374,0.2949,0.0837,0.273
2,negative_training,ALL_CONDITIONS,HRSD_17.1,HRSD17,cross-corpus-882,StandardScaler,GB,189,47,10,0.1361,6.7516,8.1938,0.1614,-0.1313,0.1898
2,negative_training,ALL_CONDITIONS,HRSD_17.1,HRSD17,cross-corpus-882,StandardScaler,XGB,189,47,10,0.0624,6.8695,8.4298,0.0757,-0.1974,0.1145
2,negative_training,ALL_CONDITIONS,HRSD_17.1,HRSD17,cross-corpus-882,StandardScaler,MLP,189,47,10,0.0543,7.0586,8.3965,0.0674,-0.188,0.1226
2,negative_training,ALL_CONDITIONS,HRSD_17.1,HRSD17,cross-corpus-882,StandardScaler,LGBM,189,47,10,0.0078,7.1275,8.3447,0.0108,-0.1734,0.0034
2,negative_training,ALL_CONDITIONS,HRSD_17.1,HRSD17,cross-corpus-882,StandardScaler,CatBoost,189,47,10,0.0826,6.4472,7.7101,0.1488,-0.0017,0.1729
2,negative_training,ALL_CONDITIONS,HRSD_17.1,HRSD17,cross-corpus-882,MinMaxScaler,Ridge,189,47,10,0.0202,6.7347,8.1565,0.0306,-0.121,0.0583
2,negative_training,ALL_CONDITIONS,HRSD_17.1,HRSD17,cross-corpus-882,MinMaxScaler,Lasso,189,47,10,0.0352,6.764,8.1743,0.0507,-0.1259,0.078
2,negative_training,ALL_CONDITIONS,HRSD_17.1,HRSD17,cross-corpus-882,MinMaxScaler,ElasticNet,189,47,10,0.0191,6.7298,8.148,0.0292,-0.1187,0.0507
2,negative_training,ALL_CONDITIONS,HRSD_17.1,HRSD17,cross-corpus-882,MinMaxScaler,SVR,189,47,10,0.0922,6.7306,8.1028,0.1201,-0.1063,0.1269
2,negative_training,ALL_CONDITIONS,HRSD_17.1,HRSD17,cross-corpus-882,MinMaxScaler,KNN,189,47,10,0.0259,6.5697,8.0613,0.0414,-0.095,0.0156
2,negative_training,ALL_CONDITIONS,HRSD_17.1,HRSD17,cross-corpus-882,MinMaxScaler,RF,189,47,10,0.1145,6.4471,7.7292,0.1761,-0.0067,0.1993
2,negative_training,ALL_CONDITIONS,HRSD_17.1,HRSD17,cross-corpus-882,MinMaxScaler,ET,189,47,10,0.1137,6.2943,7.7228,0.1762,-0.005,0.1784
2,negative_training,ALL_CONDITIONS,HRSD_17.1,HRSD17,cross-corpus-882,MinMaxScaler,GB,189,47,10,0.1106,6.4597,8.0739,0.141,-0.0984,0.1959
2,negative_training,ALL_CONDITIONS,HRSD_17.1,HRSD17,cross-corpus-882,MinMaxScaler,XGB,189,47,10,0.1,6.7618,8.1046,0.1285,-0.1068,0.1703
2,negative_training,ALL_CONDITIONS,HRSD_17.1,HRSD17,cross-corpus-882,MinMaxScaler,MLP,189,47,10,0.0439,6.7276,8.0577,0.0664,-0.094,0.1065
2,negative_training,ALL_CONDITIONS,HRSD_17.1,HRSD17,cross-corpus-882,MinMaxScaler,LGBM,189,47,10,0.0761,6.9858,8.2492,0.0973,-0.1467,0.1123
2,negative_training,ALL_CONDITIONS,HRSD_17.1,HRSD17,cross-corpus-882,MinMaxScaler,CatBoost,189,47,10,0.1013,6.4521,7.77,0.1578,-0.0173,0.2096
2,negative_training,ALL_CONDITIONS,HRSD_17.1,HRSD17,cross-corpus-882,RobustScaler,Ridge,189,47,10,0.0869,6.6815,7.9642,0.1246,-0.0688,0.1553
2,negative_training,ALL_CONDITIONS,HRSD_17.1,HRSD17,cross-corpus-882,RobustScaler,Lasso,189,47,10,0.0832,6.6748,7.9606,0.1207,-0.0678,0.1461
2,negative_training,ALL_CONDITIONS,HRSD_17.1,HRSD17,cross-corpus-882,RobustScaler,ElasticNet,189,47,10,0.0795,6.6697,7.9616,0.1164,-0.0681,0.1365
2,negative_training,ALL_CONDITIONS,HRSD_17.1,HRSD17,cross-corpus-882,RobustScaler,SVR,189,47,10,0.0851,6.2708,7.5632,0.2134,0.0361,0.1728
2,negative_training,ALL_CONDITIONS,HRSD_17.1,HRSD17,cross-corpus-882,RobustScaler,KNN,189,47,10,0.0422,6.6028,8.0124,0.0679,-0.0818,0.1029
2,negative_training,ALL_CONDITIONS,HRSD_17.1,HRSD17,cross-corpus-882,RobustScaler,RF,189,47,10,0.0605,6.7715,7.9149,0.097,-0.0556,0.061
2,negative_training,ALL_CONDITIONS,HRSD_17.1,HRSD17,cross-corpus-882,RobustScaler,ET,189,47,10,0.1506,6.2956,7.4852,0.2519,0.0559,0.2386
2,negative_training,ALL_CONDITIONS,HRSD_17.1,HRSD17,cross-corpus-882,RobustScaler,GB,189,47,10,0.0233,7.0217,8.2038,0.0339,-0.1341,0.0228
2,negative_training,ALL_CONDITIONS,HRSD_17.1,HRSD17,cross-corpus-882,RobustScaler,XGB,189,47,10,0.0575,6.7778,8.0087,0.0862,-0.0808,0.0576
2,negative_training,ALL_CONDITIONS,HRSD_17.1,HRSD17,cross-corpus-882,RobustScaler,MLP,189,47,10,0.0363,7.0793,8.4105,0.0464,-0.192,0.0799
2,negative_training,ALL_CONDITIONS,HRSD_17.1,HRSD17,cross-corpus-882,RobustScaler,LGBM,189,47,10,0.0082,7.3093,8.5755,0.0103,-0.2392,-0.0304
2,negative_training,ALL_CONDITIONS,HRSD_17.1,HRSD17,cross-corpus-882,RobustScaler,CatBoost,189,47,10,0.0893,6.4826,7.7576,0.148,-0.0141,0.1381
3,negative_training,ALL_CONDITIONS,HRSD_17.1,HRSD17,cross-corpus-882,StandardScaler,Ridge,189,47,5,-0.0006,6.288,7.3379,-0.0014,-0.0664,-0.0022
3,negative_training,ALL_CONDITIONS,HRSD_17.1,HRSD17,cross-corpus-882,StandardScaler,Lasso,189,47,5,-0.0078,6.3412,7.3406,-0.0198,-0.0671,-0.0354
3,negative_training,ALL_CONDITIONS,HRSD_17.1,HRSD17,cross-corpus-882,StandardScaler,ElasticNet,189,47,5,-0.0063,6.3246,7.3323,-0.0164,-0.0647,-0.0287
3,negative_training,ALL_CONDITIONS,HRSD_17.1,HRSD17,cross-corpus-882,StandardScaler,SVR,189,47,5,0.0142,6.3462,7.3085,0.0287,-0.0578,0.0701
3,negative_training,ALL_CONDITIONS,HRSD_17.1,HRSD17,cross-corpus-882,StandardScaler,KNN,189,47,5,0.028,6.6454,7.6919,0.0398,-0.1717,0.095
3,negative_training,ALL_CONDITIONS,HRSD_17.1,HRSD17,cross-corpus-882,StandardScaler,RF,189,47,5,-0.0674,6.8811,7.9479,-0.1082,-0.251,-0.0931
3,negative_training,ALL_CONDITIONS,HRSD_17.1,HRSD17,cross-corpus-882,StandardScaler,ET,189,47,5,-0.0285,6.7682,7.9757,-0.0412,-0.2598,0.0333
3,negative_training,ALL_CONDITIONS,HRSD_17.1,HRSD17,cross-corpus-882,StandardScaler,GB,189,47,5,-0.0538,6.9884,8.2667,-0.0682,-0.3534,-0.0652
3,negative_training,ALL_CONDITIONS,HRSD_17.1,HRSD17,cross-corpus-882,StandardScaler,XGB,189,47,5,-0.1231,7.2865,8.527,-0.157,-0.44,-0.1679
3,negative_training,ALL_CONDITIONS,HRSD_17.1,HRSD17,cross-corpus-882,StandardScaler,MLP,189,47,5,0.0114,6.2086,7.261,0.0259,-0.0441,0.0781
3,negative_training,ALL_CONDITIONS,HRSD_17.1,HRSD17,cross-corpus-882,StandardScaler,LGBM,189,47,5,-0.056,6.8553,8.2058,-0.076,-0.3335,-0.1089
3,negative_training,ALL_CONDITIONS,HRSD_17.1,HRSD17,cross-corpus-882,StandardScaler,CatBoost,189,47,5,-0.0616,6.8444,7.8437,-0.1024,-0.2184,-0.0536
3,negative_training,ALL_CONDITIONS,HRSD_17.1,HRSD17,cross-corpus-882,MinMaxScaler,Ridge,189,47,5,0.0187,6.3294,7.2959,0.0424,-0.0542,-0.0308
3,negative_training,ALL_CONDITIONS,HRSD_17.1,HRSD17,cross-corpus-882,MinMaxScaler,Lasso,189,47,5,0.0223,6.3531,7.3367,0.0453,-0.066,-0.0557
3,negative_training,ALL_CONDITIONS,HRSD_17.1,HRSD17,cross-corpus-882,MinMaxScaler,ElasticNet,189,47,5,0.0168,6.3114,7.2746,0.0411,-0.048,-0.0273
3,negative_training,ALL_CONDITIONS,HRSD_17.1,HRSD17,cross-corpus-882,MinMaxScaler,SVR,189,47,5,-0.0268,6.5878,7.5419,-0.0497,-0.1265,-0.1737
3,negative_training,ALL_CONDITIONS,HRSD_17.1,HRSD17,cross-corpus-882,MinMaxScaler,KNN,189,47,5,-0.0425,6.9645,8.6604,-0.0495,-0.4854,0.0132
3,negative_training,ALL_CONDITIONS,HRSD_17.1,HRSD17,cross-corpus-882,MinMaxScaler,RF,189,47,5,-0.0094,6.4945,7.5534,-0.0159,-0.1299,-0.0345
3,negative_training,ALL_CONDITIONS,HRSD_17.1,HRSD17,cross-corpus-882,MinMaxScaler,ET,189,47,5,-0.0045,6.6498,7.6831,-0.0071,-0.169,-0.0206
3,negative_training,ALL_CONDITIONS,HRSD_17.1,HRSD17,cross-corpus-882,MinMaxScaler,GB,189,47,5,-0.0684,6.6366,7.9607,-0.0968,-0.255,-0.1177
3,negative_training,ALL_CONDITIONS,HRSD_17.1,HRSD17,cross-corpus-882,MinMaxScaler,XGB,189,47,5,-0.0188,6.6004,7.7785,-0.0263,-0.1982,-0.0712
3,negative_training,ALL_CONDITIONS,HRSD_17.1,HRSD17,cross-corpus-882,MinMaxScaler,MLP,189,47,5,0.0115,6.275,7.2369,0.0379,-0.0372,0.0165
3,negative_training,ALL_CONDITIONS,HRSD_17.1,HRSD17,cross-corpus-882,MinMaxScaler,LGBM,189,47,5,0.0496,6.5643,7.7129,0.0629,-0.1781,0.0474
3,negative_training,ALL_CONDITIONS,HRSD_17.1,HRSD17,cross-corpus-882,MinMaxScaler,CatBoost,189,47,5,0.0416,6.2939,7.3279,0.0705,-0.0634,0.0297
3,negative_training,ALL_CONDITIONS,HRSD_17.1,HRSD17,cross-corpus-882,RobustScaler,Ridge,189,47,5,-0.0082,6.3429,7.3124,-0.0237,-0.059,-0.0151
3,negative_training,ALL_CONDITIONS,HRSD_17.1,HRSD17,cross-corpus-882,RobustScaler,Lasso,189,47,5,-0.0148,6.3887,7.373,-0.0377,-0.0766,-0.0239
3,negative_training,ALL_CONDITIONS,HRSD_17.1,HRSD17,cross-corpus-882,RobustScaler,ElasticNet,189,47,5,-0.0114,6.367,7.3568,-0.0296,-0.0719,0.0034
3,negative_training,ALL_CONDITIONS,HRSD_17.1,HRSD17,cross-corpus-882,RobustScaler,SVR,189,47,5,0.0346,6.2808,7.2299,0.07,-0.0352,0.0933
3,negative_training,ALL_CONDITIONS,HRSD_17.1,HRSD17,cross-corpus-882,RobustScaler,KNN,189,47,5,0.1541,6.4752,8.3597,0.1602,-0.384,0.2092
3,negative_training,ALL_CONDITIONS,HRSD_17.1,HRSD17,cross-corpus-882,RobustScaler,RF,189,47,5,-0.0175,6.5537,7.7267,-0.0285,-0.1823,-0.0003
3,negative_training,ALL_CONDITIONS,HRSD_17.1,HRSD17,cross-corpus-882,RobustScaler,ET,189,47,5,0.0351,6.4707,7.7195,0.0483,-0.1801,0.0813
3,negative_training,ALL_CONDITIONS,HRSD_17.1,HRSD17,cross-corpus-882,RobustScaler,GB,189,47,5,0.1236,6.4313,7.6353,0.1583,-0.1545,0.0988
3,negative_training,ALL_CONDITIONS,HRSD_17.1,HRSD17,cross-corpus-882,RobustScaler,XGB,189,47,5,0.0497,6.6019,7.8331,0.0645,-0.2151,0.0587
3,negative_training,ALL_CONDITIONS,HRSD_17.1,HRSD17,cross-corpus-882,RobustScaler,MLP,189,47,5,0.019,6.3067,7.3537,0.0365,-0.071,0.0848
3,negative_training,ALL_CONDITIONS,HRSD_17.1,HRSD17,cross-corpus-882,RobustScaler,LGBM,189,47,5,0.0733,6.314,7.5641,0.1048,-0.1331,0.1532
3,negative_training,ALL_CONDITIONS,HRSD_17.1,HRSD17,cross-corpus-882,RobustScaler,CatBoost,189,47,5,0.0107,6.6144,7.659,0.0173,-0.1617,0.051
4,negative_training,ALL_CONDITIONS,HRSD_17.1,HRSD17,cross-corpus-882,StandardScaler,Ridge,189,47,5,0.0182,6.9831,8.2379,0.0389,-0.0423,0.0927
4,negative_training,ALL_CONDITIONS,HRSD_17.1,HRSD17,cross-corpus-882,StandardScaler,Lasso,189,47,5,0.0215,7.0701,8.4527,0.0347,-0.0973,0.084
4,negative_training,ALL_CONDITIONS,HRSD_17.1,HRSD17,cross-corpus-882,StandardScaler,ElasticNet,189,47,5,0.0145,6.9412,8.1488,0.0402,-0.0199,0.0939
4,negative_training,ALL_CONDITIONS,HRSD_17.1,HRSD17,cross-corpus-882,StandardScaler,SVR,189,47,5,0.0252,7.0401,8.7547,0.0334,-0.1771,0.0549
4,negative_training,ALL_CONDITIONS,HRSD_17.1,HRSD17,cross-corpus-882,StandardScaler,KNN,189,47,5,0.1122,6.7139,8.1433,0.1689,-0.0185,0.1167
4,negative_training,ALL_CONDITIONS,HRSD_17.1,HRSD17,cross-corpus-882,StandardScaler,RF,189,47,5,0.0766,6.8498,8.4658,0.1065,-0.1007,0.1173
4,negative_training,ALL_CONDITIONS,HRSD_17.1,HRSD17,cross-corpus-882,StandardScaler,ET,189,47,5,0.0679,7.0295,8.3867,0.1007,-0.0803,0.1298
4,negative_training,ALL_CONDITIONS,HRSD_17.1,HRSD17,cross-corpus-882,StandardScaler,GB,189,47,5,0.0715,6.9582,8.5953,0.0931,-0.1347,0.1431
4,negative_training,ALL_CONDITIONS,HRSD_17.1,HRSD17,cross-corpus-882,StandardScaler,XGB,189,47,5,0.0692,6.9428,8.5316,0.0928,-0.1179,0.1522
4,negative_training,ALL_CONDITIONS,HRSD_17.1,HRSD17,cross-corpus-882,StandardScaler,MLP,189,47,5,-0.0016,7.3134,8.8144,-0.0022,-0.1932,0.0136
4,negative_training,ALL_CONDITIONS,HRSD_17.1,HRSD17,cross-corpus-882,StandardScaler,LGBM,189,47,5,0.1503,6.6663,8.2572,0.1954,-0.0472,0.2079
4,negative_training,ALL_CONDITIONS,HRSD_17.1,HRSD17,cross-corpus-882,StandardScaler,CatBoost,189,47,5,0.1045,6.7252,8.2565,0.1493,-0.047,0.181
4,negative_training,ALL_CONDITIONS,HRSD_17.1,HRSD17,cross-corpus-882,MinMaxScaler,Ridge,189,47,10,0.0606,7.0763,8.2799,0.0977,-0.0529,0.0524
4,negative_training,ALL_CONDITIONS,HRSD_17.1,HRSD17,cross-corpus-882,MinMaxScaler,Lasso,189,47,10,0.0653,7.0875,8.3273,0.0997,-0.065,0.0634
4,negative_training,ALL_CONDITIONS,HRSD_17.1,HRSD17,cross-corpus-882,MinMaxScaler,ElasticNet,189,47,10,0.0567,7.0518,8.2476,0.0958,-0.0447,0.0504
4,negative_training,ALL_CONDITIONS,HRSD_17.1,HRSD17,cross-corpus-882,MinMaxScaler,SVR,189,47,10,0.1147,7.0194,8.2577,0.1586,-0.0473,0.0756
4,negative_training,ALL_CONDITIONS,HRSD_17.1,HRSD17,cross-corpus-882,MinMaxScaler,KNN,189,47,10,0.068,7.3404,8.6545,0.0868,-0.1503,0.0154
4,negative_training,ALL_CONDITIONS,HRSD_17.1,HRSD17,cross-corpus-882,MinMaxScaler,RF,189,47,10,0.1321,6.5091,7.9164,0.2219,0.0375,0.1383
4,negative_training,ALL_CONDITIONS,HRSD_17.1,HRSD17,cross-corpus-882,MinMaxScaler,ET,189,47,10,0.0717,7.0057,8.425,0.1012,-0.0902,0.0578
4,negative_training,ALL_CONDITIONS,HRSD_17.1,HRSD17,cross-corpus-882,MinMaxScaler,GB,189,47,10,0.0637,7.04,8.3625,0.0954,-0.074,0.0328
4,negative_training,ALL_CONDITIONS,HRSD_17.1,HRSD17,cross-corpus-882,MinMaxScaler,XGB,189,47,10,0.0596,7.1198,8.4249,0.0866,-0.0901,0.0136
4,negative_training,ALL_CONDITIONS,HRSD_17.1,HRSD17,cross-corpus-882,MinMaxScaler,MLP,189,47,10,0.0257,6.8179,8.2541,0.0513,-0.0464,0.1014
4,negative_training,ALL_CONDITIONS,HRSD_17.1,HRSD17,cross-corpus-882,MinMaxScaler,LGBM,189,47,10,0.1721,6.3927,8.0177,0.2341,0.0127,0.1455
4,negative_training,ALL_CONDITIONS,HRSD_17.1,HRSD17,cross-corpus-882,MinMaxScaler,CatBoost,189,47,10,0.1171,6.6305,7.9632,0.2022,0.0261,0.1502
4,negative_training,ALL_CONDITIONS,HRSD_17.1,HRSD17,cross-corpus-882,RobustScaler,Ridge,189,47,5,0.0248,7.1641,8.5084,0.0378,-0.1119,0.0699
4,negative_training,ALL_CONDITIONS,HRSD_17.1,HRSD17,cross-corpus-882,RobustScaler,Lasso,189,47,5,0.0245,7.1522,8.4885,0.0379,-0.1066,0.0704
4,negative_training,ALL_CONDITIONS,HRSD_17.1,HRSD17,cross-corpus-882,RobustScaler,ElasticNet,189,47,5,0.0239,7.1313,8.4568,0.038,-0.0984,0.0664
4,negative_training,ALL_CONDITIONS,HRSD_17.1,HRSD17,cross-corpus-882,RobustScaler,SVR,189,47,5,0.011,7.0826,8.5629,0.0168,-0.1261,0.0194
4,negative_training,ALL_CONDITIONS,HRSD_17.1,HRSD17,cross-corpus-882,RobustScaler,KNN,189,47,5,0.0665,6.8419,8.4696,0.0929,-0.1017,0.0622
4,negative_training,ALL_CONDITIONS,HRSD_17.1,HRSD17,cross-corpus-882,RobustScaler,RF,189,47,5,0.0187,7.0432,8.3495,0.0338,-0.0707,0.0187
4,negative_training,ALL_CONDITIONS,HRSD_17.1,HRSD17,cross-corpus-882,RobustScaler,ET,189,47,5,-0.0174,7.1994,8.6918,-0.0264,-0.1603,-0.0582
4,negative_training,ALL_CONDITIONS,HRSD_17.1,HRSD17,cross-corpus-882,RobustScaler,GB,189,47,5,-0.0689,7.7457,9.2575,-0.0883,-0.3162,-0.0583
4,negative_training,ALL_CONDITIONS,HRSD_17.1,HRSD17,cross-corpus-882,RobustScaler,XGB,189,47,5,-0.0384,7.4584,8.9533,-0.0528,-0.2312,-0.0996
4,negative_training,ALL_CONDITIONS,HRSD_17.1,HRSD17,cross-corpus-882,RobustScaler,MLP,189,47,5,-0.0347,7.3621,8.8974,-0.0495,-0.2158,-0.0908
4,negative_training,ALL_CONDITIONS,HRSD_17.1,HRSD17,cross-corpus-882,RobustScaler,LGBM,189,47,5,0.0641,6.7734,8.4578,0.0903,-0.0986,0.0688
4,negative_training,ALL_CONDITIONS,HRSD_17.1,HRSD17,cross-corpus-882,RobustScaler,CatBoost,189,47,5,0.0224,6.9058,8.3387,0.0404,-0.0679,0.0485
5,negative_training,ALL_CONDITIONS,HRSD_17.1,HRSD17,cross-corpus-882,StandardScaler,Ridge,189,47,5,-0.0628,5.9103,7.4068,-0.0978,-0.2249,-0.1739
5,negative_training,ALL_CONDITIONS,HRSD_17.1,HRSD17,cross-corpus-882,StandardScaler,Lasso,189,47,5,-0.077,5.9438,7.4553,-0.12,-0.241,-0.1913
5,negative_training,ALL_CONDITIONS,HRSD_17.1,HRSD17,cross-corpus-882,StandardScaler,ElasticNet,189,47,5,-0.0746,5.9325,7.4165,-0.1194,-0.2281,-0.181
5,negative_training,ALL_CONDITIONS,HRSD_17.1,HRSD17,cross-corpus-882,StandardScaler,SVR,189,47,5,-0.0716,6.0704,7.355,-0.1141,-0.2078,-0.0561
5,negative_training,ALL_CONDITIONS,HRSD_17.1,HRSD17,cross-corpus-882,StandardScaler,KNN,189,47,5,-0.0708,6.2459,8.0264,-0.0818,-0.4383,-0.0398
5,negative_training,ALL_CONDITIONS,HRSD_17.1,HRSD17,cross-corpus-882,StandardScaler,RF,189,47,5,-0.0524,6.1206,7.7171,-0.0658,-0.3296,-0.0472
5,negative_training,ALL_CONDITIONS,HRSD_17.1,HRSD17,cross-corpus-882,StandardScaler,ET,189,47,5,-0.0608,6.2777,8.0433,-0.0696,-0.4444,-0.0667
5,negative_training,ALL_CONDITIONS,HRSD_17.1,HRSD17,cross-corpus-882,StandardScaler,GB,189,47,5,0.0054,6.4592,8.228,0.0057,-0.5115,-0.0451
5,negative_training,ALL_CONDITIONS,HRSD_17.1,HRSD17,cross-corpus-882,StandardScaler,XGB,189,47,5,0.0338,6.2377,7.7433,0.0378,-0.3387,-0.0291
5,negative_training,ALL_CONDITIONS,HRSD_17.1,HRSD17,cross-corpus-882,StandardScaler,MLP,189,47,5,0.0108,6.0703,7.4649,0.0137,-0.2442,-0.0078
5,negative_training,ALL_CONDITIONS,HRSD_17.1,HRSD17,cross-corpus-882,StandardScaler,LGBM,189,47,5,0.031,6.0973,7.6839,0.0351,-0.3182,0.0562
5,negative_training,ALL_CONDITIONS,HRSD_17.1,HRSD17,cross-corpus-882,StandardScaler,CatBoost,189,47,5,-0.0251,6.0122,7.491,-0.0327,-0.2529,-0.0392
5,negative_training,ALL_CONDITIONS,HRSD_17.1,HRSD17,cross-corpus-882,MinMaxScaler,Ridge,189,47,10,0.0301,5.5527,7.1049,0.0465,-0.127,0.0452
5,negative_training,ALL_CONDITIONS,HRSD_17.1,HRSD17,cross-corpus-882,MinMaxScaler,Lasso,189,47,10,0.073,5.4727,7.0448,0.1053,-0.108,0.1013
5,negative_training,ALL_CONDITIONS,HRSD_17.1,HRSD17,cross-corpus-882,MinMaxScaler,ElasticNet,189,47,10,0.0131,5.5985,7.1239,0.0209,-0.1331,0.0202
5,negative_training,ALL_CONDITIONS,HRSD_17.1,HRSD17,cross-corpus-882,MinMaxScaler,SVR,189,47,10,-0.0263,5.7746,7.1219,-0.045,-0.1324,-0.0071
5,negative_training,ALL_CONDITIONS,HRSD_17.1,HRSD17,cross-corpus-882,MinMaxScaler,KNN,189,47,10,-0.0691,6.4941,8.0374,-0.0794,-0.4423,-0.069
5,negative_training,ALL_CONDITIONS,HRSD_17.1,HRSD17,cross-corpus-882,MinMaxScaler,RF,189,47,10,-0.0488,6.1464,7.6347,-0.0627,-0.3014,-0.0038
5,negative_training,ALL_CONDITIONS,HRSD_17.1,HRSD17,cross-corpus-882,MinMaxScaler,ET,189,47,10,-0.0789,6.1883,7.693,-0.1032,-0.3213,-0.0783
5,negative_training,ALL_CONDITIONS,HRSD_17.1,HRSD17,cross-corpus-882,MinMaxScaler,GB,189,47,10,-0.0258,6.6473,8.0606,-0.0286,-0.4506,-0.0213
5,negative_training,ALL_CONDITIONS,HRSD_17.1,HRSD17,cross-corpus-882,MinMaxScaler,XGB,189,47,10,-0.0188,6.4348,7.8317,-0.0216,-0.3694,0.001
5,negative_training,ALL_CONDITIONS,HRSD_17.1,HRSD17,cross-corpus-882,MinMaxScaler,MLP,189,47,10,-0.0463,5.8168,7.4163,-0.0694,-0.228,-0.0146
5,negative_training,ALL_CONDITIONS,HRSD_17.1,HRSD17,cross-corpus-882,MinMaxScaler,LGBM,189,47,10,-0.1122,6.6468,8.2484,-0.1271,-0.519,-0.094
5,negative_training,ALL_CONDITIONS,HRSD_17.1,HRSD17,cross-corpus-882,MinMaxScaler,CatBoost,189,47,10,-0.0562,5.9698,7.4988,-0.0772,-0.2555,0.0196
5,negative_training,ALL_CONDITIONS,HRSD_17.1,HRSD17,cross-corpus-882,RobustScaler,Ridge,189,47,5,-0.0754,5.9429,7.4407,-0.1187,-0.2361,-0.1773
5,negative_training,ALL_CONDITIONS,HRSD_17.1,HRSD17,cross-corpus-882,RobustScaler,Lasso,189,47,5,-0.0894,5.9843,7.4933,-0.1406,-0.2536,-0.1928
5,negative_training,ALL_CONDITIONS,HRSD_17.1,HRSD17,cross-corpus-882,RobustScaler,ElasticNet,189,47,5,-0.0347,5.8877,7.3811,-0.0514,-0.2164,-0.1248
5,negative_training,ALL_CONDITIONS,HRSD_17.1,HRSD17,cross-corpus-882,RobustScaler,SVR,189,47,5,-0.0879,6.0417,7.3869,-0.1422,-0.2183,-0.0596
5,negative_training,ALL_CONDITIONS,HRSD_17.1,HRSD17,cross-corpus-882,RobustScaler,KNN,189,47,5,-0.1435,6.4752,8.1944,-0.1697,-0.4992,-0.1113
5,negative_training,ALL_CONDITIONS,HRSD_17.1,HRSD17,cross-corpus-882,RobustScaler,RF,189,47,5,-0.0508,6.1247,7.7151,-0.0637,-0.3289,-0.0441
5,negative_training,ALL_CONDITIONS,HRSD_17.1,HRSD17,cross-corpus-882,RobustScaler,ET,189,47,5,-0.0608,6.2777,8.0433,-0.0696,-0.4444,-0.0667
5,negative_training,ALL_CONDITIONS,HRSD_17.1,HRSD17,cross-corpus-882,RobustScaler,GB,189,47,5,0.0054,6.4592,8.228,0.0057,-0.5115,-0.0451
5,negative_training,ALL_CONDITIONS,HRSD_17.1,HRSD17,cross-corpus-882,RobustScaler,XGB,189,47,5,0.0338,6.2377,7.7433,0.0378,-0.3387,-0.0291
5,negative_training,ALL_CONDITIONS,HRSD_17.1,HRSD17,cross-corpus-882,RobustScaler,MLP,189,47,5,-0.0112,6.0352,7.4545,-0.0149,-0.2407,-0.0239
5,negative_training,ALL_CONDITIONS,HRSD_17.1,HRSD17,cross-corpus-882,RobustScaler,LGBM,189,47,5,0.0557,6.0611,7.6306,0.0625,-0.3,0.079
5,negative_training,ALL_CONDITIONS,HRSD_17.1,HRSD17,cross-corpus-882,RobustScaler,CatBoost,189,47,5,-0.0251,6.0122,7.491,-0.0327,-0.2529,-0.0392
1,negative_training,ALL_CONDITIONS,HRSD_21.1,HRSD21,cross-corpus-882,StandardScaler,Ridge,188,48,15,0.0511,8.4867,10.9343,0.0627,-0.2451,0.1022
1,negative_training,ALL_CONDITIONS,HRSD_21.1,HRSD21,cross-corpus-882,StandardScaler,Lasso,188,48,15,0.046,8.4896,10.9008,0.0576,-0.2375,0.0766
1,negative_training,ALL_CONDITIONS,HRSD_21.1,HRSD21,cross-corpus-882,StandardScaler,ElasticNet,188,48,15,0.0501,8.4156,10.8387,0.0625,-0.2234,0.1026
1,negative_training,ALL_CONDITIONS,HRSD_21.1,HRSD21,cross-corpus-882,StandardScaler,SVR,188,48,15,0.0316,7.7224,10.3258,0.056,-0.1103,0.0976
1,negative_training,ALL_CONDITIONS,HRSD_21.1,HRSD21,cross-corpus-882,StandardScaler,KNN,188,48,15,-0.0126,8.1296,10.4778,-0.0231,-0.1433,-0.0581
1,negative_training,ALL_CONDITIONS,HRSD_21.1,HRSD21,cross-corpus-882,StandardScaler,RF,188,48,15,-0.0283,8.1042,10.3333,-0.0589,-0.112,-0.0402
1,negative_training,ALL_CONDITIONS,HRSD_21.1,HRSD21,cross-corpus-882,StandardScaler,ET,188,48,15,-0.0118,7.9398,10.1906,-0.0261,-0.0815,0.0376
1,negative_training,ALL_CONDITIONS,HRSD_21.1,HRSD21,cross-corpus-882,StandardScaler,GB,188,48,15,0.0054,8.0837,10.4273,0.0087,-0.1323,-0.0028
1,negative_training,ALL_CONDITIONS,HRSD_21.1,HRSD21,cross-corpus-882,StandardScaler,XGB,188,48,15,0.0058,8.3721,10.5954,0.0084,-0.1691,0.0054
1,negative_training,ALL_CONDITIONS,HRSD_21.1,HRSD21,cross-corpus-882,StandardScaler,MLP,188,48,15,0.1124,9.7324,15.6965,0.1181,-1.5658,0.0926
1,negative_training,ALL_CONDITIONS,HRSD_21.1,HRSD21,cross-corpus-882,StandardScaler,LGBM,188,48,15,0.0275,8.1949,10.4236,0.0408,-0.1315,-0.0066
1,negative_training,ALL_CONDITIONS,HRSD_21.1,HRSD21,cross-corpus-882,StandardScaler,CatBoost,188,48,15,-0.0211,8.2108,10.3597,-0.0394,-0.1176,-0.0345
1,negative_training,ALL_CONDITIONS,HRSD_21.1,HRSD21,cross-corpus-882,MinMaxScaler,Ridge,188,48,5,0.0717,9.1619,12.0253,0.0738,-0.5059,-0.0264
1,negative_training,ALL_CONDITIONS,HRSD_21.1,HRSD21,cross-corpus-882,MinMaxScaler,Lasso,188,48,5,0.0724,9.1265,11.9313,0.0749,-0.4825,-0.0272
1,negative_training,ALL_CONDITIONS,HRSD_21.1,HRSD21,cross-corpus-882,MinMaxScaler,ElasticNet,188,48,5,0.0717,8.8749,11.4384,0.0771,-0.3625,-0.034
1,negative_training,ALL_CONDITIONS,HRSD_21.1,HRSD21,cross-corpus-882,MinMaxScaler,SVR,188,48,5,0.0168,8.6442,11.1658,0.0198,-0.2984,-0.0466
1,negative_training,ALL_CONDITIONS,HRSD_21.1,HRSD21,cross-corpus-882,MinMaxScaler,KNN,188,48,5,-0.0616,8.2361,10.6363,-0.1073,-0.1781,-0.1213
1,negative_training,ALL_CONDITIONS,HRSD_21.1,HRSD21,cross-corpus-882,MinMaxScaler,RF,188,48,5,0.022,8.0496,10.1965,0.0399,-0.0827,0.0408
1,negative_training,ALL_CONDITIONS,HRSD_21.1,HRSD21,cross-corpus-882,MinMaxScaler,ET,188,48,5,0.0102,8.1348,10.2426,0.0197,-0.0925,0.0065
1,negative_training,ALL_CONDITIONS,HRSD_21.1,HRSD21,cross-corpus-882,MinMaxScaler,GB,188,48,5,0.0209,8.4447,10.5237,0.0304,-0.1533,0.0316
1,negative_training,ALL_CONDITIONS,HRSD_21.1,HRSD21,cross-corpus-882,MinMaxScaler,XGB,188,48,5,-0.0064,8.7258,10.7663,-0.0093,-0.2071,-0.0333
1,negative_training,ALL_CONDITIONS,HRSD_21.1,HRSD21,cross-corpus-882,MinMaxScaler,MLP,188,48,5,0.0745,8.729,11.4834,0.0795,-0.3733,-0.0564
1,negative_training,ALL_CONDITIONS,HRSD_21.1,HRSD21,cross-corpus-882,MinMaxScaler,LGBM,188,48,5,0.0657,8.2919,10.3667,0.0954,-0.1192,0.0803
1,negative_training,ALL_CONDITIONS,HRSD_21.1,HRSD21,cross-corpus-882,MinMaxScaler,CatBoost,188,48,5,0.0036,8.2445,10.344,0.0064,-0.1143,-0.0178
1,negative_training,ALL_CONDITIONS,HRSD_21.1,HRSD21,cross-corpus-882,RobustScaler,Ridge,188,48,15,0.0679,8.4844,11.1404,0.0763,-0.2924,0.0376
1,negative_training,ALL_CONDITIONS,HRSD_21.1,HRSD21,cross-corpus-882,RobustScaler,Lasso,188,48,15,0.082,8.7168,11.5778,0.0868,-0.3959,0.0761
1,negative_training,ALL_CONDITIONS,HRSD_21.1,HRSD21,cross-corpus-882,RobustScaler,ElasticNet,188,48,15,0.0586,8.3115,10.7945,0.0713,-0.2134,0.0234
1,negative_training,ALL_CONDITIONS,HRSD_21.1,HRSD21,cross-corpus-882,RobustScaler,SVR,188,48,15,0.0284,7.8292,9.9576,0.0922,-0.0326,0.0583
1,negative_training,ALL_CONDITIONS,HRSD_21.1,HRSD21,cross-corpus-882,RobustScaler,KNN,188,48,15,-0.0398,8.2106,10.6748,-0.0749,-0.1867,-0.1557
1,negative_training,ALL_CONDITIONS,HRSD_21.1,HRSD21,cross-corpus-882,RobustScaler,RF,188,48,15,0.0054,7.9875,10.2718,0.0097,-0.0988,-0.0045
1,negative_training,ALL_CONDITIONS,HRSD_21.1,HRSD21,cross-corpus-882,RobustScaler,ET,188,48,15,0.0071,7.7962,10.1046,0.0161,-0.0633,0.0434
1,negative_training,ALL_CONDITIONS,HRSD_21.1,HRSD21,cross-corpus-882,RobustScaler,GB,188,48,15,0.0499,8.169,10.457,0.0689,-0.1387,0.0727
1,negative_training,ALL_CONDITIONS,HRSD_21.1,HRSD21,cross-corpus-882,RobustScaler,XGB,188,48,15,0.0203,8.235,10.4623,0.0304,-0.1399,-0.0022
1,negative_training,ALL_CONDITIONS,HRSD_21.1,HRSD21,cross-corpus-882,RobustScaler,MLP,188,48,15,0.1241,9.608,15.6705,0.1308,-1.5573,0.1046
1,negative_training,ALL_CONDITIONS,HRSD_21.1,HRSD21,cross-corpus-882,RobustScaler,LGBM,188,48,15,-0.0108,8.1501,10.7164,-0.0155,-0.1959,-0.0275
1,negative_training,ALL_CONDITIONS,HRSD_21.1,HRSD21,cross-corpus-882,RobustScaler,CatBoost,188,48,15,0.0294,7.8306,10.1843,0.053,-0.0801,0.0171
2,negative_training,ALL_CONDITIONS,HRSD_21.1,HRSD21,cross-corpus-882,StandardScaler,Ridge,189,47,5,0.0267,7.7985,9.0793,0.0391,-0.1248,0.0422
2,negative_training,ALL_CONDITIONS,HRSD_21.1,HRSD21,cross-corpus-882,StandardScaler,Lasso,189,47,5,0.0268,7.7827,9.0625,0.0396,-0.1207,0.0488
2,negative_training,ALL_CONDITIONS,HRSD_21.1,HRSD21,cross-corpus-882,StandardScaler,ElasticNet,189,47,5,0.0285,7.7557,9.0319,0.0428,-0.1131,0.0673
2,negative_training,ALL_CONDITIONS,HRSD_21.1,HRSD21,cross-corpus-882,StandardScaler,SVR,189,47,5,0.0617,7.0952,8.612,0.1434,-0.012,0.2154
2,negative_training,ALL_CONDITIONS,HRSD_21.1,HRSD21,cross-corpus-882,StandardScaler,KNN,189,47,5,-0.069,7.9953,9.5953,-0.0989,-0.2563,-0.0812
2,negative_training,ALL_CONDITIONS,HRSD_21.1,HRSD21,cross-corpus-882,StandardScaler,RF,189,47,5,-0.0293,7.8278,9.153,-0.0495,-0.1432,-0.0134
2,negative_training,ALL_CONDITIONS,HRSD_21.1,HRSD21,cross-corpus-882,StandardScaler,ET,189,47,5,-0.0058,7.7994,9.2023,-0.0088,-0.1555,-0.1034
2,negative_training,ALL_CONDITIONS,HRSD_21.1,HRSD21,cross-corpus-882,StandardScaler,GB,189,47,5,-0.1449,8.4987,9.868,-0.2163,-0.3287,-0.1995
2,negative_training,ALL_CONDITIONS,HRSD_21.1,HRSD21,cross-corpus-882,StandardScaler,XGB,189,47,5,-0.155,8.6303,9.9247,-0.2281,-0.344,-0.2099
2,negative_training,ALL_CONDITIONS,HRSD_21.1,HRSD21,cross-corpus-882,StandardScaler,MLP,189,47,5,0.0073,8.2419,9.95,0.0083,-0.3509,0.0414
2,negative_training,ALL_CONDITIONS,HRSD_21.1,HRSD21,cross-corpus-882,StandardScaler,LGBM,189,47,5,-0.1112,8.6577,9.831,-0.157,-0.3188,-0.243
2,negative_training,ALL_CONDITIONS,HRSD_21.1,HRSD21,cross-corpus-882,StandardScaler,CatBoost,189,47,5,-0.0756,8.2016,9.4848,-0.1162,-0.2275,-0.0792
2,negative_training,ALL_CONDITIONS,HRSD_21.1,HRSD21,cross-corpus-882,MinMaxScaler,Ridge,189,47,15,0.0274,7.4477,9.0385,0.0415,-0.1148,0.0954
2,negative_training,ALL_CONDITIONS,HRSD_21.1,HRSD21,cross-corpus-882,MinMaxScaler,Lasso,189,47,15,0.0242,7.7399,9.2599,0.033,-0.17,0.0637
2,negative_training,ALL_CONDITIONS,HRSD_21.1,HRSD21,cross-corpus-882,MinMaxScaler,ElasticNet,189,47,15,0.0256,7.4019,8.9898,0.0403,-0.1028,0.0774
2,negative_training,ALL_CONDITIONS,HRSD_21.1,HRSD21,cross-corpus-882,MinMaxScaler,SVR,189,47,15,0.1737,7.2362,8.6789,0.2191,-0.0278,0.1559
2,negative_training,ALL_CONDITIONS,HRSD_21.1,HRSD21,cross-corpus-882,MinMaxScaler,KNN,189,47,15,0.071,7.4917,8.8647,0.1058,-0.0723,0.0776
2,negative_training,ALL_CONDITIONS,HRSD_21.1,HRSD21,cross-corpus-882,MinMaxScaler,RF,189,47,15,0.1579,7.1251,8.2839,0.2624,0.0636,0.2915
2,negative_training,ALL_CONDITIONS,HRSD_21.1,HRSD21,cross-corpus-882,MinMaxScaler,ET,189,47,15,0.1565,7.2426,8.4467,0.2319,0.0265,0.2278
2,negative_training,ALL_CONDITIONS,HRSD_21.1,HRSD21,cross-corpus-882,MinMaxScaler,GB,189,47,15,0.1257,7.2916,8.8773,0.1613,-0.0753,0.1494
2,negative_training,ALL_CONDITIONS,HRSD_21.1,HRSD21,cross-corpus-882,MinMaxScaler,XGB,189,47,15,0.0993,7.5993,8.8621,0.1358,-0.0716,0.1557
2,negative_training,ALL_CONDITIONS,HRSD_21.1,HRSD21,cross-corpus-882,MinMaxScaler,MLP,189,47,15,0.0898,7.3879,8.8163,0.129,-0.0606,0.1812
2,negative_training,ALL_CONDITIONS,HRSD_21.1,HRSD21,cross-corpus-882,MinMaxScaler,LGBM,189,47,15,0.0793,7.7899,9.1386,0.1008,-0.1396,0.1307
2,negative_training,ALL_CONDITIONS,HRSD_21.1,HRSD21,cross-corpus-882,MinMaxScaler,CatBoost,189,47,15,0.1226,7.3009,8.5353,0.1905,0.0059,0.1863
2,negative_training,ALL_CONDITIONS,HRSD_21.1,HRSD21,cross-corpus-882,RobustScaler,Ridge,189,47,5,0.0273,7.7881,9.0675,0.0402,-0.1219,0.0466
2,negative_training,ALL_CONDITIONS,HRSD_21.1,HRSD21,cross-corpus-882,RobustScaler,Lasso,189,47,5,0.0271,7.7712,9.0503,0.0404,-0.1176,0.0552
2,negative_training,ALL_CONDITIONS,HRSD_21.1,HRSD21,cross-corpus-882,RobustScaler,ElasticNet,189,47,5,0.0304,7.7167,8.9903,0.0467,-0.1029,0.0672
2,negative_training,ALL_CONDITIONS,HRSD_21.1,HRSD21,cross-corpus-882,RobustScaler,SVR,189,47,5,0.0936,7.0533,8.4871,0.2111,0.0171,0.326
2,negative_training,ALL_CONDITIONS,HRSD_21.1,HRSD21,cross-corpus-882,RobustScaler,KNN,189,47,5,-0.0941,8.1229,9.6866,-0.1358,-0.2803,-0.0962
2,negative_training,ALL_CONDITIONS,HRSD_21.1,HRSD21,cross-corpus-882,RobustScaler,RF,189,47,5,-0.0303,7.8317,9.1567,-0.0514,-0.1441,-0.0171
2,negative_training,ALL_CONDITIONS,HRSD_21.1,HRSD21,cross-corpus-882,RobustScaler,ET,189,47,5,-0.0058,7.7994,9.2023,-0.0088,-0.1555,-0.1034
2,negative_training,ALL_CONDITIONS,HRSD_21.1,HRSD21,cross-corpus-882,RobustScaler,GB,189,47,5,-0.1449,8.4987,9.868,-0.2163,-0.3287,-0.1995
2,negative_training,ALL_CONDITIONS,HRSD_21.1,HRSD21,cross-corpus-882,RobustScaler,XGB,189,47,5,-0.155,8.6303,9.9247,-0.2281,-0.344,-0.2099
2,negative_training,ALL_CONDITIONS,HRSD_21.1,HRSD21,cross-corpus-882,RobustScaler,MLP,189,47,5,0.0345,8.0205,9.6382,0.0406,-0.2676,0.0801
2,negative_training,ALL_CONDITIONS,HRSD_21.1,HRSD21,cross-corpus-882,RobustScaler,LGBM,189,47,5,-0.063,8.4838,9.6189,-0.0883,-0.2625,-0.134
2,negative_training,ALL_CONDITIONS,HRSD_21.1,HRSD21,cross-corpus-882,RobustScaler,CatBoost,189,47,5,-0.0756,8.2016,9.4848,-0.1162,-0.2275,-0.0792
3,negative_training,ALL_CONDITIONS,HRSD_21.1,HRSD21,cross-corpus-882,StandardScaler,Ridge,189,47,10,-0.0027,7.1553,8.1773,-0.0088,-0.0445,-0.0076
3,negative_training,ALL_CONDITIONS,HRSD_21.1,HRSD21,cross-corpus-882,StandardScaler,Lasso,189,47,10,-0.0113,7.3393,8.3957,-0.0243,-0.101,-0.0313
3,negative_training,ALL_CONDITIONS,HRSD_21.1,HRSD21,cross-corpus-882,StandardScaler,ElasticNet,189,47,10,-0.0016,7.1151,8.1422,-0.006,-0.0355,0.0225
3,negative_training,ALL_CONDITIONS,HRSD_21.1,HRSD21,cross-corpus-882,StandardScaler,SVR,189,47,10,0.035,7.7627,8.7013,0.046,-0.1826,-0.0105
3,negative_training,ALL_CONDITIONS,HRSD_21.1,HRSD21,cross-corpus-882,StandardScaler,KNN,189,47,10,-0.095,7.9385,9.1055,-0.143,-0.2951,-0.1311
3,negative_training,ALL_CONDITIONS,HRSD_21.1,HRSD21,cross-corpus-882,StandardScaler,RF,189,47,10,-0.0744,7.7666,9.0173,-0.1142,-0.2701,-0.1197
3,negative_training,ALL_CONDITIONS,HRSD_21.1,HRSD21,cross-corpus-882,StandardScaler,ET,189,47,10,-0.0339,7.5086,8.9067,-0.0502,-0.2391,-0.0546
3,negative_training,ALL_CONDITIONS,HRSD_21.1,HRSD21,cross-corpus-882,StandardScaler,GB,189,47,10,-0.0226,7.7856,9.4443,-0.0262,-0.3932,-0.0879
3,negative_training,ALL_CONDITIONS,HRSD_21.1,HRSD21,cross-corpus-882,StandardScaler,XGB,189,47,10,-0.0451,7.7776,9.1377,-0.0579,-0.3042,-0.064
3,negative_training,ALL_CONDITIONS,HRSD_21.1,HRSD21,cross-corpus-882,StandardScaler,MLP,189,47,10,-0.003,7.4164,8.4186,-0.0051,-0.107,-0.0258
3,negative_training,ALL_CONDITIONS,HRSD_21.1,HRSD21,cross-corpus-882,StandardScaler,LGBM,189,47,10,-0.0473,7.8697,9.0512,-0.0628,-0.2797,-0.0234
3,negative_training,ALL_CONDITIONS,HRSD_21.1,HRSD21,cross-corpus-882,StandardScaler,CatBoost,189,47,10,-0.0462,7.5514,8.6737,-0.0829,-0.1752,-0.0597
3,negative_training,ALL_CONDITIONS,HRSD_21.1,HRSD21,cross-corpus-882,MinMaxScaler,Ridge,189,47,5,0.0017,7.2034,8.2083,0.0047,-0.0524,0.0039
3,negative_training,ALL_CONDITIONS,HRSD_21.1,HRSD21,cross-corpus-882,MinMaxScaler,Lasso,189,47,5,-0.0153,7.351,8.3782,-0.0328,-0.0965,-0.0114
3,negative_training,ALL_CONDITIONS,HRSD_21.1,HRSD21,cross-corpus-882,MinMaxScaler,ElasticNet,189,47,5,0.0024,7.1979,8.2019,0.0064,-0.0508,0.0143
3,negative_training,ALL_CONDITIONS,HRSD_21.1,HRSD21,cross-corpus-882,MinMaxScaler,SVR,189,47,5,0.0333,7.3848,8.4142,0.0503,-0.1059,0.0383
3,negative_training,ALL_CONDITIONS,HRSD_21.1,HRSD21,cross-corpus-882,MinMaxScaler,KNN,189,47,5,0.0031,7.8865,8.799,0.0043,-0.2094,0.0671
3,negative_training,ALL_CONDITIONS,HRSD_21.1,HRSD21,cross-corpus-882,MinMaxScaler,RF,189,47,5,-0.0425,7.479,8.5329,-0.0805,-0.1373,-0.0677
3,negative_training,ALL_CONDITIONS,HRSD_21.1,HRSD21,cross-corpus-882,MinMaxScaler,ET,189,47,5,0.0167,7.5996,8.7402,0.0231,-0.1932,0.0496
3,negative_training,ALL_CONDITIONS,HRSD_21.1,HRSD21,cross-corpus-882,MinMaxScaler,GB,189,47,5,-0.0065,7.5385,8.628,-0.0097,-0.1628,-0.003
3,negative_training,ALL_CONDITIONS,HRSD_21.1,HRSD21,cross-corpus-882,MinMaxScaler,XGB,189,47,5,-0.0273,7.7442,8.9534,-0.0361,-0.2522,-0.0471
3,negative_training,ALL_CONDITIONS,HRSD_21.1,HRSD21,cross-corpus-882,MinMaxScaler,MLP,189,47,5,0.0061,7.1638,8.1816,0.0168,-0.0456,0.0563
3,negative_training,ALL_CONDITIONS,HRSD_21.1,HRSD21,cross-corpus-882,MinMaxScaler,LGBM,189,47,5,0.0155,7.2286,8.5656,0.0223,-0.146,-0.0088
3,negative_training,ALL_CONDITIONS,HRSD_21.1,HRSD21,cross-corpus-882,MinMaxScaler,CatBoost,189,47,5,-0.0191,7.3875,8.4432,-0.0352,-0.1135,-0.0013
3,negative_training,ALL_CONDITIONS,HRSD_21.1,HRSD21,cross-corpus-882,RobustScaler,Ridge,189,47,15,0.0523,7.5473,8.7552,0.0714,-0.1973,0.0152
3,negative_training,ALL_CONDITIONS,HRSD_21.1,HRSD21,cross-corpus-882,RobustScaler,Lasso,189,47,15,0.0319,7.5614,8.7722,0.0435,-0.202,0.0131
3,negative_training,ALL_CONDITIONS,HRSD_21.1,HRSD21,cross-corpus-882,RobustScaler,ElasticNet,189,47,15,0.0028,7.1024,8.1366,0.0101,-0.0341,0.0136
3,negative_training,ALL_CONDITIONS,HRSD_21.1,HRSD21,cross-corpus-882,RobustScaler,SVR,189,47,15,0.0072,7.8101,8.8908,0.0092,-0.2347,-0.0443
3,negative_training,ALL_CONDITIONS,HRSD_21.1,HRSD21,cross-corpus-882,RobustScaler,KNN,189,47,15,-0.041,7.7139,8.9284,-0.0577,-0.2452,-0.038
3,negative_training,ALL_CONDITIONS,HRSD_21.1,HRSD21,cross-corpus-882,RobustScaler,RF,189,47,15,-0.0496,7.8411,8.9465,-0.0786,-0.2502,-0.0732
3,negative_training,ALL_CONDITIONS,HRSD_21.1,HRSD21,cross-corpus-882,RobustScaler,ET,189,47,15,-0.0337,7.8274,9.0292,-0.0486,-0.2735,0.0013
3,negative_training,ALL_CONDITIONS,HRSD_21.1,HRSD21,cross-corpus-882,RobustScaler,GB,189,47,15,0.0103,7.558,8.8292,0.0139,-0.2177,0.0155
3,negative_training,ALL_CONDITIONS,HRSD_21.1,HRSD21,cross-corpus-882,RobustScaler,XGB,189,47,15,-0.0659,7.595,8.9199,-0.0976,-0.2428,-0.0914
3,negative_training,ALL_CONDITIONS,HRSD_21.1,HRSD21,cross-corpus-882,RobustScaler,MLP,189,47,15,0.1239,7.1448,8.5983,0.1459,-0.1548,0.1267
3,negative_training,ALL_CONDITIONS,HRSD_21.1,HRSD21,cross-corpus-882,RobustScaler,LGBM,189,47,15,0.0743,7.4881,8.6797,0.0981,-0.1768,0.0909
3,negative_training,ALL_CONDITIONS,HRSD_21.1,HRSD21,cross-corpus-882,RobustScaler,CatBoost,189,47,15,-0.0072,7.5321,8.5558,-0.0129,-0.1434,0.0218
4,negative_training,ALL_CONDITIONS,HRSD_21.1,HRSD21,cross-corpus-882,StandardScaler,Ridge,189,47,10,0.0398,8.2376,9.6424,0.0583,-0.1097,0.1109
4,negative_training,ALL_CONDITIONS,HRSD_21.1,HRSD21,cross-corpus-882,StandardScaler,Lasso,189,47,10,0.0269,8.2588,9.6753,0.0402,-0.1173,0.0821
4,negative_training,ALL_CONDITIONS,HRSD_21.1,HRSD21,cross-corpus-882,StandardScaler,ElasticNet,189,47,10,0.0336,8.2312,9.628,0.0505,-0.1064,0.1032
4,negative_training,ALL_CONDITIONS,HRSD_21.1,HRSD21,cross-corpus-882,StandardScaler,SVR,189,47,10,0.0747,8.293,10.0971,0.0878,-0.2168,0.0815
4,negative_training,ALL_CONDITIONS,HRSD_21.1,HRSD21,cross-corpus-882,StandardScaler,KNN,189,47,10,0.0868,7.9267,9.5641,0.1175,-0.0917,0.1021
4,negative_training,ALL_CONDITIONS,HRSD_21.1,HRSD21,cross-corpus-882,StandardScaler,RF,189,47,10,0.1504,7.4923,9.1017,0.217,0.0113,0.247
4,negative_training,ALL_CONDITIONS,HRSD_21.1,HRSD21,cross-corpus-882,StandardScaler,ET,189,47,10,0.0497,8.1328,9.7812,0.0667,-0.1419,0.12
4,negative_training,ALL_CONDITIONS,HRSD_21.1,HRSD21,cross-corpus-882,StandardScaler,GB,189,47,10,0.1875,7.5336,9.361,0.2272,-0.0459,0.2555
4,negative_training,ALL_CONDITIONS,HRSD_21.1,HRSD21,cross-corpus-882,StandardScaler,XGB,189,47,10,0.218,7.3675,9.1034,0.2687,0.0109,0.2824
4,negative_training,ALL_CONDITIONS,HRSD_21.1,HRSD21,cross-corpus-882,StandardScaler,MLP,189,47,10,0.0413,8.2812,10.1279,0.0511,-0.2242,0.0817
4,negative_training,ALL_CONDITIONS,HRSD_21.1,HRSD21,cross-corpus-882,StandardScaler,LGBM,189,47,10,0.2464,7.2799,8.8405,0.3161,0.0672,0.3551
4,negative_training,ALL_CONDITIONS,HRSD_21.1,HRSD21,cross-corpus-882,StandardScaler,CatBoost,189,47,10,0.1217,7.739,9.5334,0.1559,-0.0847,0.1993
4,negative_training,ALL_CONDITIONS,HRSD_21.1,HRSD21,cross-corpus-882,MinMaxScaler,Ridge,189,47,5,0.0355,8.2575,9.6373,0.053,-0.1085,0.0939
4,negative_training,ALL_CONDITIONS,HRSD_21.1,HRSD21,cross-corpus-882,MinMaxScaler,Lasso,189,47,5,0.0333,8.2435,9.6274,0.0503,-0.1062,0.1045
4,negative_training,ALL_CONDITIONS,HRSD_21.1,HRSD21,cross-corpus-882,MinMaxScaler,ElasticNet,189,47,5,0.028,8.1716,9.4995,0.0473,-0.077,0.0734
4,negative_training,ALL_CONDITIONS,HRSD_21.1,HRSD21,cross-corpus-882,MinMaxScaler,SVR,189,47,5,0.0552,8.0896,9.6871,0.0774,-0.12,0.0741
4,negative_training,ALL_CONDITIONS,HRSD_21.1,HRSD21,cross-corpus-882,MinMaxScaler,KNN,189,47,5,0.0029,8.2861,9.9317,0.004,-0.1773,0.0072
4,negative_training,ALL_CONDITIONS,HRSD_21.1,HRSD21,cross-corpus-882,MinMaxScaler,RF,189,47,5,0.0713,7.8379,9.2456,0.1248,-0.0202,0.112
4,negative_training,ALL_CONDITIONS,HRSD_21.1,HRSD21,cross-corpus-882,MinMaxScaler,ET,189,47,5,0.0339,8.6245,9.94,0.0449,-0.1792,0.0711
4,negative_training,ALL_CONDITIONS,HRSD_21.1,HRSD21,cross-corpus-882,MinMaxScaler,GB,189,47,5,0.0023,8.2514,9.7607,0.0035,-0.1371,-0.0526
4,negative_training,ALL_CONDITIONS,HRSD_21.1,HRSD21,cross-corpus-882,MinMaxScaler,XGB,189,47,5,0.0126,8.2788,9.7145,0.0194,-0.1263,-0.0095
4,negative_training,ALL_CONDITIONS,HRSD_21.1,HRSD21,cross-corpus-882,MinMaxScaler,MLP,189,47,5,0.0347,8.1201,9.4733,0.0592,-0.0711,0.1173
4,negative_training,ALL_CONDITIONS,HRSD_21.1,HRSD21,cross-corpus-882,MinMaxScaler,LGBM,189,47,5,0.1311,7.7243,9.2389,0.1851,-0.0188,0.1638
4,negative_training,ALL_CONDITIONS,HRSD_21.1,HRSD21,cross-corpus-882,MinMaxScaler,CatBoost,189,47,5,0.0939,7.7822,9.2373,0.1499,-0.0184,0.1372
4,negative_training,ALL_CONDITIONS,HRSD_21.1,HRSD21,cross-corpus-882,RobustScaler,Ridge,189,47,5,0.0177,8.2459,9.6403,0.0278,-0.1092,0.0935
4,negative_training,ALL_CONDITIONS,HRSD_21.1,HRSD21,cross-corpus-882,RobustScaler,Lasso,189,47,5,0.0027,8.2388,9.6149,0.0045,-0.1034,0.0704
4,negative_training,ALL_CONDITIONS,HRSD_21.1,HRSD21,cross-corpus-882,RobustScaler,ElasticNet,189,47,5,0.0159,8.2693,9.6895,0.0243,-0.1205,0.0957
4,negative_training,ALL_CONDITIONS,HRSD_21.1,HRSD21,cross-corpus-882,RobustScaler,SVR,189,47,5,0.1251,7.7421,9.3504,0.1704,-0.0435,0.2014
4,negative_training,ALL_CONDITIONS,HRSD_21.1,HRSD21,cross-corpus-882,RobustScaler,KNN,189,47,5,0.1264,7.9362,9.6388,0.1546,-0.1088,0.1379
4,negative_training,ALL_CONDITIONS,HRSD_21.1,HRSD21,cross-corpus-882,RobustScaler,RF,189,47,5,0.1281,7.9385,9.4625,0.1657,-0.0687,0.1811
4,negative_training,ALL_CONDITIONS,HRSD_21.1,HRSD21,cross-corpus-882,RobustScaler,ET,189,47,5,0.1066,7.9804,9.5229,0.1407,-0.0823,0.1613
4,negative_training,ALL_CONDITIONS,HRSD_21.1,HRSD21,cross-corpus-882,RobustScaler,GB,189,47,5,0.1186,8.11,9.728,0.1434,-0.1295,0.1912
4,negative_training,ALL_CONDITIONS,HRSD_21.1,HRSD21,cross-corpus-882,RobustScaler,XGB,189,47,5,0.1017,8.2853,9.8597,0.1218,-0.1603,0.1979
4,negative_training,ALL_CONDITIONS,HRSD_21.1,HRSD21,cross-corpus-882,RobustScaler,MLP,189,47,5,0.0516,8.2076,9.7056,0.0711,-0.1243,0.1664
4,negative_training,ALL_CONDITIONS,HRSD_21.1,HRSD21,cross-corpus-882,RobustScaler,LGBM,189,47,5,0.2007,7.6827,9.0108,0.2648,0.0309,0.279
4,negative_training,ALL_CONDITIONS,HRSD_21.1,HRSD21,cross-corpus-882,RobustScaler,CatBoost,189,47,5,0.1366,7.7252,9.1058,0.2048,0.0104,0.1915
5,negative_training,ALL_CONDITIONS,HRSD_21.1,HRSD21,cross-corpus-882,StandardScaler,Ridge,189,47,20,-0.0923,7.3567,8.8828,-0.1086,-0.4503,-0.1017
5,negative_training,ALL_CONDITIONS,HRSD_21.1,HRSD21,cross-corpus-882,StandardScaler,Lasso,189,47,20,-0.0695,7.1696,8.6589,-0.0845,-0.3781,-0.0739
5,negative_training,ALL_CONDITIONS,HRSD_21.1,HRSD21,cross-corpus-882,StandardScaler,ElasticNet,189,47,20,-0.0257,6.8572,8.3595,-0.0324,-0.2844,-0.0248
5,negative_training,ALL_CONDITIONS,HRSD_21.1,HRSD21,cross-corpus-882,StandardScaler,SVR,189,47,20,-0.0167,6.5119,7.8746,-0.0283,-0.1397,0.0218
5,negative_training,ALL_CONDITIONS,HRSD_21.1,HRSD21,cross-corpus-882,StandardScaler,KNN,189,47,20,-0.011,6.4802,8.2913,-0.014,-0.2635,0.0193
5,negative_training,ALL_CONDITIONS,HRSD_21.1,HRSD21,cross-corpus-882,StandardScaler,RF,189,47,20,0.0796,6.3031,7.9821,0.0978,-0.1711,0.1284
5,negative_training,ALL_CONDITIONS,HRSD_21.1,HRSD21,cross-corpus-882,StandardScaler,ET,189,47,20,0.0424,6.3985,8.3123,0.0514,-0.27,0.0516
5,negative_training,ALL_CONDITIONS,HRSD_21.1,HRSD21,cross-corpus-882,StandardScaler,GB,189,47,20,0.1255,6.3386,7.8953,0.1478,-0.1458,0.164
5,negative_training,ALL_CONDITIONS,HRSD_21.1,HRSD21,cross-corpus-882,StandardScaler,XGB,189,47,20,0.1037,6.4128,8.0297,0.1208,-0.1851,0.1741
5,negative_training,ALL_CONDITIONS,HRSD_21.1,HRSD21,cross-corpus-882,StandardScaler,MLP,189,47,20,0.1269,6.2799,8.255,0.1382,-0.2525,0.1328
5,negative_training,ALL_CONDITIONS,HRSD_21.1,HRSD21,cross-corpus-882,StandardScaler,LGBM,189,47,20,0.1158,6.4052,7.9967,0.1349,-0.1754,0.1316
5,negative_training,ALL_CONDITIONS,HRSD_21.1,HRSD21,cross-corpus-882,StandardScaler,CatBoost,189,47,20,0.0667,6.6449,8.2527,0.077,-0.2518,0.1014
5,negative_training,ALL_CONDITIONS,HRSD_21.1,HRSD21,cross-corpus-882,MinMaxScaler,Ridge,189,47,10,-0.0486,7.0412,8.9319,-0.0603,-0.4663,-0.1002
5,negative_training,ALL_CONDITIONS,HRSD_21.1,HRSD21,cross-corpus-882,MinMaxScaler,Lasso,189,47,10,-0.0496,6.9933,8.8832,-0.0621,-0.4504,-0.092
5,negative_training,ALL_CONDITIONS,HRSD_21.1,HRSD21,cross-corpus-882,MinMaxScaler,ElasticNet,189,47,10,-0.044,6.7711,8.6023,-0.0582,-0.3601,-0.0797
5,negative_training,ALL_CONDITIONS,HRSD_21.1,HRSD21,cross-corpus-882,MinMaxScaler,SVR,189,47,10,-0.0819,7.4705,9.1303,-0.0907,-0.5322,-0.1365
5,negative_training,ALL_CONDITIONS,HRSD_21.1,HRSD21,cross-corpus-882,MinMaxScaler,KNN,189,47,10,-0.0054,7.1418,8.4646,-0.0066,-0.3169,-0.0739
5,negative_training,ALL_CONDITIONS,HRSD_21.1,HRSD21,cross-corpus-882,MinMaxScaler,RF,189,47,10,-0.055,6.5376,8.2957,-0.079,-0.2649,-0.0617
5,negative_training,ALL_CONDITIONS,HRSD_21.1,HRSD21,cross-corpus-882,MinMaxScaler,ET,189,47,10,0.044,6.3576,7.9764,0.0594,-0.1694,0.0312
5,negative_training,ALL_CONDITIONS,HRSD_21.1,HRSD21,cross-corpus-882,MinMaxScaler,GB,189,47,10,-0.1219,7.6128,9.4227,-0.1332,-0.6319,-0.1206
5,negative_training,ALL_CONDITIONS,HRSD_21.1,HRSD21,cross-corpus-882,MinMaxScaler,XGB,189,47,10,-0.0886,7.5748,9.2493,-0.097,-0.5724,-0.1025
5,negative_training,ALL_CONDITIONS,HRSD_21.1,HRSD21,cross-corpus-882,MinMaxScaler,MLP,189,47,10,-0.02,6.793,8.5946,-0.0252,-0.3577,-0.0399
5,negative_training,ALL_CONDITIONS,HRSD_21.1,HRSD21,cross-corpus-882,MinMaxScaler,LGBM,189,47,10,-0.0514,6.7236,8.6366,-0.0627,-0.371,-0.0581
5,negative_training,ALL_CONDITIONS,HRSD_21.1,HRSD21,cross-corpus-882,MinMaxScaler,CatBoost,189,47,10,-0.024,6.5376,8.2606,-0.0315,-0.2542,-0.0745
5,negative_training,ALL_CONDITIONS,HRSD_21.1,HRSD21,cross-corpus-882,RobustScaler,Ridge,189,47,20,-0.047,7.2034,8.6905,-0.0551,-0.3882,-0.1137
5,negative_training,ALL_CONDITIONS,HRSD_21.1,HRSD21,cross-corpus-882,RobustScaler,Lasso,189,47,20,-0.0416,7.1235,8.5907,-0.0498,-0.3565,-0.0927
5,negative_training,ALL_CONDITIONS,HRSD_21.1,HRSD21,cross-corpus-882,RobustScaler,ElasticNet,189,47,20,-0.0435,6.9807,8.5192,-0.0532,-0.334,-0.0919
5,negative_training,ALL_CONDITIONS,HRSD_21.1,HRSD21,cross-corpus-882,RobustScaler,SVR,189,47,20,-0.0345,6.8665,8.7709,-0.039,-0.414,-0.0387
5,negative_training,ALL_CONDITIONS,HRSD_21.1,HRSD21,cross-corpus-882,RobustScaler,KNN,189,47,20,0.0105,6.539,8.2739,0.013,-0.2583,0.0234
5,negative_training,ALL_CONDITIONS,HRSD_21.1,HRSD21,cross-corpus-882,RobustScaler,RF,189,47,20,0.0522,6.3851,8.2009,0.063,-0.2361,0.0718
5,negative_training,ALL_CONDITIONS,HRSD_21.1,HRSD21,cross-corpus-882,RobustScaler,ET,189,47,20,-0.0061,6.5404,8.5187,-0.0075,-0.3338,-0.0229
5,negative_training,ALL_CONDITIONS,HRSD_21.1,HRSD21,cross-corpus-882,RobustScaler,GB,189,47,20,0.1266,6.452,8.1011,0.1417,-0.2063,0.1527
5,negative_training,ALL_CONDITIONS,HRSD_21.1,HRSD21,cross-corpus-882,RobustScaler,XGB,189,47,20,0.0699,6.4699,8.3176,0.0788,-0.2716,0.0934
5,negative_training,ALL_CONDITIONS,HRSD_21.1,HRSD21,cross-corpus-882,RobustScaler,MLP,189,47,20,0.0712,6.6255,8.4464,0.0787,-0.3113,-0.0243
5,negative_training,ALL_CONDITIONS,HRSD_21.1,HRSD21,cross-corpus-882,RobustScaler,LGBM,189,47,20,0.0956,6.6857,8.2859,0.1081,-0.2619,0.1049
5,negative_training,ALL_CONDITIONS,HRSD_21.1,HRSD21,cross-corpus-882,RobustScaler,CatBoost,189,47,20,0.0224,6.4223,8.1157,0.0287,-0.2106,0.0191
1,negative_training,ALL_CONDITIONS,HRSD_24.1,HRSD24,cross-corpus-882,StandardScaler,Ridge,188,48,15,-0.011,11.0565,14.5698,-0.0146,-0.295,0.1377
1,negative_training,ALL_CONDITIONS,HRSD_24.1,HRSD24,cross-corpus-882,StandardScaler,Lasso,188,48,15,0.0044,10.8315,13.7723,0.0072,-0.1571,0.1435
1,negative_training,ALL_CONDITIONS,HRSD_24.1,HRSD24,cross-corpus-882,StandardScaler,ElasticNet,188,48,15,-0.0035,10.8345,13.9355,-0.0056,-0.1847,0.1295
1,negative_training,ALL_CONDITIONS,HRSD_24.1,HRSD24,cross-corpus-882,StandardScaler,SVR,188,48,15,0.0625,10.1985,13.297,0.1086,-0.0786,0.1124
1,negative_training,ALL_CONDITIONS,HRSD_24.1,HRSD24,cross-corpus-882,StandardScaler,KNN,188,48,15,0.0078,10.7083,13.6607,0.0125,-0.1384,0.0064
1,negative_training,ALL_CONDITIONS,HRSD_24.1,HRSD24,cross-corpus-882,StandardScaler,RF,188,48,15,0.0417,10.5324,13.139,0.077,-0.0531,0.1498
1,negative_training,ALL_CONDITIONS,HRSD_24.1,HRSD24,cross-corpus-882,StandardScaler,ET,188,48,15,0.0111,10.5156,13.3444,0.0219,-0.0863,0.1095
1,negative_training,ALL_CONDITIONS,HRSD_24.1,HRSD24,cross-corpus-882,StandardScaler,GB,188,48,15,0.0568,10.9354,13.3474,0.0874,-0.0868,0.1277
1,negative_training,ALL_CONDITIONS,HRSD_24.1,HRSD24,cross-corpus-882,StandardScaler,XGB,188,48,15,0.0888,11.0573,13.3494,0.1243,-0.0871,0.1241
1,negative_training,ALL_CONDITIONS,HRSD_24.1,HRSD24,cross-corpus-882,StandardScaler,MLP,188,48,15,0.1367,9.6079,13.1787,0.1994,-0.0595,0.1881
1,negative_training,ALL_CONDITIONS,HRSD_24.1,HRSD24,cross-corpus-882,StandardScaler,LGBM,188,48,15,0.107,10.589,13.1881,0.1512,-0.061,0.182
1,negative_training,ALL_CONDITIONS,HRSD_24.1,HRSD24,cross-corpus-882,StandardScaler,CatBoost,188,48,15,0.0666,10.2501,13.0173,0.1268,-0.0337,0.1853
1,negative_training,ALL_CONDITIONS,HRSD_24.1,HRSD24,cross-corpus-882,MinMaxScaler,Ridge,188,48,10,0.0098,86.2054,514.9272,0.2004,-1616.4921,0.1522
1,negative_training,ALL_CONDITIONS,HRSD_24.1,HRSD24,cross-corpus-882,MinMaxScaler,Lasso,188,48,10,0.0398,10.5008,13.2686,0.0737,-0.074,0.1412
1,negative_training,ALL_CONDITIONS,HRSD_24.1,HRSD24,cross-corpus-882,MinMaxScaler,ElasticNet,188,48,10,0.0115,75.0301,439.8457,0.2003,-1179.1879,0.1369
1,negative_training,ALL_CONDITIONS,HRSD_24.1,HRSD24,cross-corpus-882,MinMaxScaler,SVR,188,48,10,0.0426,10.0853,13.3072,0.0798,-0.0803,0.1232
1,negative_training,ALL_CONDITIONS,HRSD_24.1,HRSD24,cross-corpus-882,MinMaxScaler,KNN,188,48,10,0.0148,10.338,13.5177,0.0269,-0.1147,0.0363
1,negative_training,ALL_CONDITIONS,HRSD_24.1,HRSD24,cross-corpus-882,MinMaxScaler,RF,188,48,10,0.0634,10.2012,13.1436,0.1081,-0.0539,0.1466
1,negative_training,ALL_CONDITIONS,HRSD_24.1,HRSD24,cross-corpus-882,MinMaxScaler,ET,188,48,10,0.0638,10.2274,13.228,0.1075,-0.0674,0.1426
1,negative_training,ALL_CONDITIONS,HRSD_24.1,HRSD24,cross-corpus-882,MinMaxScaler,GB,188,48,10,0.1047,10.4695,13.3399,0.1477,-0.0856,0.1138
1,negative_training,ALL_CONDITIONS,HRSD_24.1,HRSD24,cross-corpus-882,MinMaxScaler,XGB,188,48,10,0.0976,10.382,13.3165,0.1439,-0.0818,0.1535
1,negative_training,ALL_CONDITIONS,HRSD_24.1,HRSD24,cross-corpus-882,MinMaxScaler,MLP,188,48,10,0.0096,87.4859,525.0783,0.2005,-1680.8937,0.161
1,negative_training,ALL_CONDITIONS,HRSD_24.1,HRSD24,cross-corpus-882,MinMaxScaler,LGBM,188,48,10,0.0524,10.6793,13.8068,0.0729,-0.1629,0.0887
1,negative_training,ALL_CONDITIONS,HRSD_24.1,HRSD24,cross-corpus-882,MinMaxScaler,CatBoost,188,48,10,0.063,10.2967,13.1763,0.1098,-0.0591,0.1422
1,negative_training,ALL_CONDITIONS,HRSD_24.1,HRSD24,cross-corpus-882,RobustScaler,Ridge,188,48,15,0.0983,10.6783,13.3449,0.137,-0.0864,0.1723
1,negative_training,ALL_CONDITIONS,HRSD_24.1,HRSD24,cross-corpus-882,RobustScaler,Lasso,188,48,15,0.0876,10.734,13.2239,0.1319,-0.0668,0.1359
1,negative_training,ALL_CONDITIONS,HRSD_24.1,HRSD24,cross-corpus-882,RobustScaler,ElasticNet,188,48,15,0.0917,10.6669,13.2363,0.1351,-0.0688,0.1432
1,negative_training,ALL_CONDITIONS,HRSD_24.1,HRSD24,cross-corpus-882,RobustScaler,SVR,188,48,15,0.0309,10.4367,13.6107,0.0498,-0.1301,0.0494
1,negative_training,ALL_CONDITIONS,HRSD_24.1,HRSD24,cross-corpus-882,RobustScaler,KNN,188,48,15,-0.0245,10.6597,13.8996,-0.0383,-0.1786,-0.0098
1,negative_training,ALL_CONDITIONS,HRSD_24.1,HRSD24,cross-corpus-882,RobustScaler,RF,188,48,15,0.0178,10.7705,13.3547,0.0308,-0.088,0.0654
1,negative_training,ALL_CONDITIONS,HRSD_24.1,HRSD24,cross-corpus-882,RobustScaler,ET,188,48,15,-0.0345,10.7537,13.7291,-0.0612,-0.1498,-0.0504
1,negative_training,ALL_CONDITIONS,HRSD_24.1,HRSD24,cross-corpus-882,RobustScaler,GB,188,48,15,-0.0491,11.9839,14.8876,-0.0589,-0.3521,-0.0543
1,negative_training,ALL_CONDITIONS,HRSD_24.1,HRSD24,cross-corpus-882,RobustScaler,XGB,188,48,15,-0.0252,11.7935,14.3867,-0.0325,-0.2626,0.0148
1,negative_training,ALL_CONDITIONS,HRSD_24.1,HRSD24,cross-corpus-882,RobustScaler,MLP,188,48,15,0.1007,10.0516,13.3943,0.1482,-0.0944,0.1702
1,negative_training,ALL_CONDITIONS,HRSD_24.1,HRSD24,cross-corpus-882,RobustScaler,LGBM,188,48,15,0.0179,11.2073,13.704,0.0258,-0.1456,0.0472
1,negative_training,ALL_CONDITIONS,HRSD_24.1,HRSD24,cross-corpus-882,RobustScaler,CatBoost,188,48,15,0.0021,11.1045,13.7383,0.0033,-0.1514,0.0155
2,negative_training,ALL_CONDITIONS,HRSD_24.1,HRSD24,cross-corpus-882,StandardScaler,Ridge,189,47,10,0.034,8.9718,11.0251,0.0584,-0.0667,0.1222
2,negative_training,ALL_CONDITIONS,HRSD_24.1,HRSD24,cross-corpus-882,StandardScaler,Lasso,189,47,10,0.0105,9.9286,11.9201,0.0132,-0.2469,0.0488
2,negative_training,ALL_CONDITIONS,HRSD_24.1,HRSD24,cross-corpus-882,StandardScaler,ElasticNet,189,47,10,0.0363,8.8945,10.8453,0.0731,-0.0321,0.1203
2,negative_training,ALL_CONDITIONS,HRSD_24.1,HRSD24,cross-corpus-882,StandardScaler,SVR,189,47,10,0.0854,9.148,11.2467,0.1155,-0.11,0.123
2,negative_training,ALL_CONDITIONS,HRSD_24.1,HRSD24,cross-corpus-882,StandardScaler,KNN,189,47,10,-0.036,9.5957,11.7002,-0.0526,-0.2013,-0.0418
2,negative_training,ALL_CONDITIONS,HRSD_24.1,HRSD24,cross-corpus-882,StandardScaler,RF,189,47,10,0.0732,9.2973,10.9562,0.113,-0.0534,0.1336
2,negative_training,ALL_CONDITIONS,HRSD_24.1,HRSD24,cross-corpus-882,StandardScaler,ET,189,47,10,0.0494,9.494,11.2694,0.0705,-0.1145,0.08
2,negative_training,ALL_CONDITIONS,HRSD_24.1,HRSD24,cross-corpus-882,StandardScaler,GB,189,47,10,0.0525,9.3388,11.4576,0.0688,-0.152,0.0858
2,negative_training,ALL_CONDITIONS,HRSD_24.1,HRSD24,cross-corpus-882,StandardScaler,XGB,189,47,10,0.03,9.3625,11.4834,0.0409,-0.1572,0.0016
2,negative_training,ALL_CONDITIONS,HRSD_24.1,HRSD24,cross-corpus-882,StandardScaler,MLP,189,47,10,0.0147,10.8333,13.4336,0.0152,-0.5836,0.0288
2,negative_training,ALL_CONDITIONS,HRSD_24.1,HRSD24,cross-corpus-882,StandardScaler,LGBM,189,47,10,0.0525,10.1327,12.021,0.0608,-0.2681,0.0871
2,negative_training,ALL_CONDITIONS,HRSD_24.1,HRSD24,cross-corpus-882,StandardScaler,CatBoost,189,47,10,0.0733,9.3977,11.0845,0.1057,-0.0782,0.1465
2,negative_training,ALL_CONDITIONS,HRSD_24.1,HRSD24,cross-corpus-882,MinMaxScaler,Ridge,189,47,10,0.0363,9.4459,11.5806,0.0475,-0.1769,0.0855
2,negative_training,ALL_CONDITIONS,HRSD_24.1,HRSD24,cross-corpus-882,MinMaxScaler,Lasso,189,47,10,0.0343,9.5034,11.6254,0.0446,-0.186,0.0692
2,negative_training,ALL_CONDITIONS,HRSD_24.1,HRSD24,cross-corpus-882,MinMaxScaler,ElasticNet,189,47,10,0.042,9.147,11.3454,0.0591,-0.1295,0.1273
2,negative_training,ALL_CONDITIONS,HRSD_24.1,HRSD24,cross-corpus-882,MinMaxScaler,SVR,189,47,10,0.1398,8.8784,10.9069,0.1909,-0.0439,0.2065
2,negative_training,ALL_CONDITIONS,HRSD_24.1,HRSD24,cross-corpus-882,MinMaxScaler,KNN,189,47,10,-0.1745,10.9447,13.2155,-0.2064,-0.5326,-0.1754
2,negative_training,ALL_CONDITIONS,HRSD_24.1,HRSD24,cross-corpus-882,MinMaxScaler,RF,189,47,10,0.1161,8.9522,10.6572,0.1833,0.0033,0.2394
2,negative_training,ALL_CONDITIONS,HRSD_24.1,HRSD24,cross-corpus-882,MinMaxScaler,ET,189,47,10,0.0454,9.2129,11.2096,0.0668,-0.1027,0.0782
2,negative_training,ALL_CONDITIONS,HRSD_24.1,HRSD24,cross-corpus-882,MinMaxScaler,GB,189,47,10,0.1241,8.9597,10.8417,0.1735,-0.0315,0.1904
2,negative_training,ALL_CONDITIONS,HRSD_24.1,HRSD24,cross-corpus-882,MinMaxScaler,XGB,189,47,10,0.1267,9.0736,10.9349,0.1695,-0.0493,0.171
2,negative_training,ALL_CONDITIONS,HRSD_24.1,HRSD24,cross-corpus-882,MinMaxScaler,MLP,189,47,10,0.0764,9.2712,11.5012,0.0956,-0.1608,0.1746
2,negative_training,ALL_CONDITIONS,HRSD_24.1,HRSD24,cross-corpus-882,MinMaxScaler,LGBM,189,47,10,0.0879,9.7562,11.5355,0.1063,-0.1677,0.1384
2,negative_training,ALL_CONDITIONS,HRSD_24.1,HRSD24,cross-corpus-882,MinMaxScaler,CatBoost,189,47,10,0.1107,9.062,10.7446,0.1691,-0.0131,0.152
2,negative_training,ALL_CONDITIONS,HRSD_24.1,HRSD24,cross-corpus-882,RobustScaler,Ridge,189,47,10,0.0972,9.166,11.1503,0.1287,-0.091,0.1448
2,negative_training,ALL_CONDITIONS,HRSD_24.1,HRSD24,cross-corpus-882,RobustScaler,Lasso,189,47,10,0.0941,9.3563,11.2973,0.1198,-0.12,0.1195
2,negative_training,ALL_CONDITIONS,HRSD_24.1,HRSD24,cross-corpus-882,RobustScaler,ElasticNet,189,47,10,0.0976,9.0836,11.0911,0.1319,-0.0795,0.1412
2,negative_training,ALL_CONDITIONS,HRSD_24.1,HRSD24,cross-corpus-882,RobustScaler,SVR,189,47,10,0.2012,8.9585,10.7738,0.2492,-0.0186,0.3009
2,negative_training,ALL_CONDITIONS,HRSD_24.1,HRSD24,cross-corpus-882,RobustScaler,KNN,189,47,10,0.0721,9.0827,11.0306,0.1075,-0.0677,0.0194
2,negative_training,ALL_CONDITIONS,HRSD_24.1,HRSD24,cross-corpus-882,RobustScaler,RF,189,47,10,0.1169,9.1452,10.629,0.1874,0.0086,0.1508
2,negative_training,ALL_CONDITIONS,HRSD_24.1,HRSD24,cross-corpus-882,RobustScaler,ET,189,47,10,0.122,8.9765,10.7237,0.1816,-0.0091,0.2201
2,negative_training,ALL_CONDITIONS,HRSD_24.1,HRSD24,cross-corpus-882,RobustScaler,GB,189,47,10,0.1119,9.0785,10.9833,0.1528,-0.0586,0.189
2,negative_training,ALL_CONDITIONS,HRSD_24.1,HRSD24,cross-corpus-882,RobustScaler,XGB,189,47,10,0.1043,9.3564,11.1798,0.1368,-0.0968,0.1932
2,negative_training,ALL_CONDITIONS,HRSD_24.1,HRSD24,cross-corpus-882,RobustScaler,MLP,189,47,10,0.0848,10.201,12.2446,0.0925,-0.3157,0.1059
2,negative_training,ALL_CONDITIONS,HRSD_24.1,HRSD24,cross-corpus-882,RobustScaler,LGBM,189,47,10,0.1515,9.513,11.0336,0.1875,-0.0683,0.1621
2,negative_training,ALL_CONDITIONS,HRSD_24.1,HRSD24,cross-corpus-882,RobustScaler,CatBoost,189,47,10,0.1354,9.1157,10.7684,0.1895,-0.0176,0.2275
3,negative_training,ALL_CONDITIONS,HRSD_24.1,HRSD24,cross-corpus-882,StandardScaler,Ridge,189,47,20,0.041,9.954,11.6475,0.054,-0.1994,0.0112
3,negative_training,ALL_CONDITIONS,HRSD_24.1,HRSD24,cross-corpus-882,StandardScaler,Lasso,189,47,20,0.0289,9.8679,11.5692,0.0395,-0.1834,0.0107
3,negative_training,ALL_CONDITIONS,HRSD_24.1,HRSD24,cross-corpus-882,StandardScaler,ElasticNet,189,47,20,0.0132,9.8922,11.5461,0.0187,-0.1787,0.0142
3,negative_training,ALL_CONDITIONS,HRSD_24.1,HRSD24,cross-corpus-882,StandardScaler,SVR,189,47,20,0.043,9.1435,10.7382,0.0905,-0.0195,0.1012
3,negative_training,ALL_CONDITIONS,HRSD_24.1,HRSD24,cross-corpus-882,StandardScaler,KNN,189,47,20,-0.0853,10.5319,12.2519,-0.1108,-0.3272,-0.0647
3,negative_training,ALL_CONDITIONS,HRSD_24.1,HRSD24,cross-corpus-882,StandardScaler,RF,189,47,20,-0.0118,10.2818,11.5346,-0.0184,-0.1763,-0.0107
3,negative_training,ALL_CONDITIONS,HRSD_24.1,HRSD24,cross-corpus-882,StandardScaler,ET,189,47,20,-0.0032,10.2987,11.7277,-0.0044,-0.216,-0.0255
3,negative_training,ALL_CONDITIONS,HRSD_24.1,HRSD24,cross-corpus-882,StandardScaler,GB,189,47,20,-0.0073,10.494,11.9806,-0.0093,-0.269,-0.042
3,negative_training,ALL_CONDITIONS,HRSD_24.1,HRSD24,cross-corpus-882,StandardScaler,XGB,189,47,20,-0.0141,10.4877,11.9364,-0.0186,-0.2597,-0.0115
3,negative_training,ALL_CONDITIONS,HRSD_24.1,HRSD24,cross-corpus-882,StandardScaler,MLP,189,47,20,0.0266,9.7716,11.4218,0.0366,-0.1534,0.0535
3,negative_training,ALL_CONDITIONS,HRSD_24.1,HRSD24,cross-corpus-882,StandardScaler,LGBM,189,47,20,0.0981,9.7278,11.2511,0.1309,-0.1192,0.1023
3,negative_training,ALL_CONDITIONS,HRSD_24.1,HRSD24,cross-corpus-882,StandardScaler,CatBoost,189,47,20,0.0464,9.5903,10.8521,0.0889,-0.0412,0.107
3,negative_training,ALL_CONDITIONS,HRSD_24.1,HRSD24,cross-corpus-882,MinMaxScaler,Ridge,189,47,5,0.0569,9.2762,10.5334,0.1538,0.019,0.1451
3,negative_training,ALL_CONDITIONS,HRSD_24.1,HRSD24,cross-corpus-882,MinMaxScaler,Lasso,189,47,5,0.0631,9.2851,10.5364,0.1559,0.0185,0.1349
3,negative_training,ALL_CONDITIONS,HRSD_24.1,HRSD24,cross-corpus-882,MinMaxScaler,ElasticNet,189,47,5,0.0531,9.2807,10.5349,0.1517,0.0188,0.1439
3,negative_training,ALL_CONDITIONS,HRSD_24.1,HRSD24,cross-corpus-882,MinMaxScaler,SVR,189,47,5,0.0548,9.0226,10.5066,0.1665,0.024,0.1364
3,negative_training,ALL_CONDITIONS,HRSD_24.1,HRSD24,cross-corpus-882,MinMaxScaler,KNN,189,47,5,0.0645,9.2553,10.9641,0.0994,-0.0628,0.0874
3,negative_training,ALL_CONDITIONS,HRSD_24.1,HRSD24,cross-corpus-882,MinMaxScaler,RF,189,47,5,0.0344,9.4199,10.769,0.0746,-0.0253,0.092
3,negative_training,ALL_CONDITIONS,HRSD_24.1,HRSD24,cross-corpus-882,MinMaxScaler,ET,189,47,5,0.0431,9.5302,10.9565,0.0728,-0.0613,0.1231
3,negative_training,ALL_CONDITIONS,HRSD_24.1,HRSD24,cross-corpus-882,MinMaxScaler,GB,189,47,5,0.0307,9.77,11.2592,0.045,-0.1208,0.0045
3,negative_training,ALL_CONDITIONS,HRSD_24.1,HRSD24,cross-corpus-882,MinMaxScaler,XGB,189,47,5,0.0177,9.6634,11.3031,0.0264,-0.1296,0.0052
3,negative_training,ALL_CONDITIONS,HRSD_24.1,HRSD24,cross-corpus-882,MinMaxScaler,MLP,189,47,5,0.0443,9.4403,10.6328,0.1163,0.0004,0.0749
3,negative_training,ALL_CONDITIONS,HRSD_24.1,HRSD24,cross-corpus-882,MinMaxScaler,LGBM,189,47,5,0.1433,9.043,10.669,0.2021,-0.0064,0.2091
3,negative_training,ALL_CONDITIONS,HRSD_24.1,HRSD24,cross-corpus-882,MinMaxScaler,CatBoost,189,47,5,0.0261,9.4245,10.8638,0.0524,-0.0435,0.0688
3,negative_training,ALL_CONDITIONS,HRSD_24.1,HRSD24,cross-corpus-882,RobustScaler,Ridge,189,47,20,0.0238,10.0122,11.9091,0.03,-0.2539,-0.0357
3,negative_training,ALL_CONDITIONS,HRSD_24.1,HRSD24,cross-corpus-882,RobustScaler,Lasso,189,47,20,0.0201,9.925,11.7662,0.0263,-0.224,-0.0342
3,negative_training,ALL_CONDITIONS,HRSD_24.1,HRSD24,cross-corpus-882,RobustScaler,ElasticNet,189,47,20,0.0114,9.8595,11.6551,0.0156,-0.201,-0.0272
3,negative_training,ALL_CONDITIONS,HRSD_24.1,HRSD24,cross-corpus-882,RobustScaler,SVR,189,47,20,0.0131,9.3025,10.8551,0.0293,-0.0418,0.0345
3,negative_training,ALL_CONDITIONS,HRSD_24.1,HRSD24,cross-corpus-882,RobustScaler,KNN,189,47,20,-0.014,10.1655,11.9044,-0.0181,-0.2529,0.0337
3,negative_training,ALL_CONDITIONS,HRSD_24.1,HRSD24,cross-corpus-882,RobustScaler,RF,189,47,20,0.0032,10.0714,11.4576,0.0047,-0.1607,0.0114
3,negative_training,ALL_CONDITIONS,HRSD_24.1,HRSD24,cross-corpus-882,RobustScaler,ET,189,47,20,0.0062,9.9715,11.4994,0.009,-0.1691,0.002
3,negative_training,ALL_CONDITIONS,HRSD_24.1,HRSD24,cross-corpus-882,RobustScaler,GB,189,47,20,0.0305,9.962,11.7989,0.038,-0.2308,0.0701
3,negative_training,ALL_CONDITIONS,HRSD_24.1,HRSD24,cross-corpus-882,RobustScaler,XGB,189,47,20,0.0872,9.8139,11.3958,0.1107,-0.1482,0.1253
3,negative_training,ALL_CONDITIONS,HRSD_24.1,HRSD24,cross-corpus-882,RobustScaler,MLP,189,47,20,0.0791,9.5421,11.3179,0.1026,-0.1325,0.0617
3,negative_training,ALL_CONDITIONS,HRSD_24.1,HRSD24,cross-corpus-882,RobustScaler,LGBM,189,47,20,0.1609,9.3346,10.7596,0.2174,-0.0235,0.2205
3,negative_training,ALL_CONDITIONS,HRSD_24.1,HRSD24,cross-corpus-882,RobustScaler,CatBoost,189,47,20,0.0008,9.7129,11.1443,0.0015,-0.098,0.0386
4,negative_training,ALL_CONDITIONS,HRSD_24.1,HRSD24,cross-corpus-882,StandardScaler,Ridge,189,47,5,0.0331,9.4805,11.384,0.0736,-0.0216,0.1336
4,negative_training,ALL_CONDITIONS,HRSD_24.1,HRSD24,cross-corpus-882,StandardScaler,Lasso,189,47,5,0.0291,9.6254,11.571,0.0536,-0.0554,0.07
4,negative_training,ALL_CONDITIONS,HRSD_24.1,HRSD24,cross-corpus-882,StandardScaler,ElasticNet,189,47,5,0.0377,9.5497,11.4968,0.071,-0.0419,0.0885
4,negative_training,ALL_CONDITIONS,HRSD_24.1,HRSD24,cross-corpus-882,StandardScaler,SVR,189,47,5,0.1717,9.2455,11.1064,0.2424,0.0276,0.2176
4,negative_training,ALL_CONDITIONS,HRSD_24.1,HRSD24,cross-corpus-882,StandardScaler,KNN,189,47,5,0.0822,9.974,11.5925,0.1289,-0.0593,0.1516
4,negative_training,ALL_CONDITIONS,HRSD_24.1,HRSD24,cross-corpus-882,StandardScaler,RF,189,47,5,0.1672,9.0832,11.2062,0.2322,0.0101,0.2363
4,negative_training,ALL_CONDITIONS,HRSD_24.1,HRSD24,cross-corpus-882,StandardScaler,ET,189,47,5,0.1406,9.4701,11.5647,0.1837,-0.0542,0.1979
4,negative_training,ALL_CONDITIONS,HRSD_24.1,HRSD24,cross-corpus-882,StandardScaler,GB,189,47,5,0.1618,9.5976,11.9212,0.1888,-0.1202,0.1983
4,negative_training,ALL_CONDITIONS,HRSD_24.1,HRSD24,cross-corpus-882,StandardScaler,XGB,189,47,5,0.2176,9.012,11.3287,0.2623,-0.0117,0.2233
4,negative_training,ALL_CONDITIONS,HRSD_24.1,HRSD24,cross-corpus-882,StandardScaler,MLP,189,47,5,0.1046,9.5454,11.6624,0.1427,-0.0721,0.2798
4,negative_training,ALL_CONDITIONS,HRSD_24.1,HRSD24,cross-corpus-882,StandardScaler,LGBM,189,47,5,0.2697,9.1461,10.9954,0.3244,0.047,0.3327
4,negative_training,ALL_CONDITIONS,HRSD_24.1,HRSD24,cross-corpus-882,StandardScaler,CatBoost,189,47,5,0.1817,8.6689,10.9352,0.2718,0.0574,0.2482
4,negative_training,ALL_CONDITIONS,HRSD_24.1,HRSD24,cross-corpus-882,MinMaxScaler,Ridge,189,47,5,0.0354,9.7052,11.5337,0.0654,-0.0486,0.1115
4,negative_training,ALL_CONDITIONS,HRSD_24.1,HRSD24,cross-corpus-882,MinMaxScaler,Lasso,189,47,5,0.0512,9.6959,11.5324,0.0876,-0.0484,0.1119
4,negative_training,ALL_CONDITIONS,HRSD_24.1,HRSD24,cross-corpus-882,MinMaxScaler,ElasticNet,189,47,5,0.0304,9.6809,11.5114,0.059,-0.0446,0.1105
4,negative_training,ALL_CONDITIONS,HRSD_24.1,HRSD24,cross-corpus-882,MinMaxScaler,SVR,189,47,5,0.0729,9.7425,11.7539,0.1035,-0.089,0.0622
4,negative_training,ALL_CONDITIONS,HRSD_24.1,HRSD24,cross-corpus-882,MinMaxScaler,KNN,189,47,5,0.039,10.0496,11.9449,0.0555,-0.1247,0.0461
4,negative_training,ALL_CONDITIONS,HRSD_24.1,HRSD24,cross-corpus-882,MinMaxScaler,RF,189,47,5,0.0556,9.4103,11.5076,0.0953,-0.0439,0.099
4,negative_training,ALL_CONDITIONS,HRSD_24.1,HRSD24,cross-corpus-882,MinMaxScaler,ET,189,47,5,0.0188,10.2967,12.1151,0.0273,-0.157,0.069
4,negative_training,ALL_CONDITIONS,HRSD_24.1,HRSD24,cross-corpus-882,MinMaxScaler,GB,189,47,5,-0.0046,10.0395,11.9896,-0.0072,-0.1331,0.0083
4,negative_training,ALL_CONDITIONS,HRSD_24.1,HRSD24,cross-corpus-882,MinMaxScaler,XGB,189,47,5,-0.024,10.0366,12.1694,-0.0365,-0.1674,-0.0204
4,negative_training,ALL_CONDITIONS,HRSD_24.1,HRSD24,cross-corpus-882,MinMaxScaler,MLP,189,47,5,0.0122,9.7575,11.5378,0.026,-0.0494,0.0848
4,negative_training,ALL_CONDITIONS,HRSD_24.1,HRSD24,cross-corpus-882,MinMaxScaler,LGBM,189,47,5,0.0973,9.2544,11.7549,0.1294,-0.0892,0.1275
4,negative_training,ALL_CONDITIONS,HRSD_24.1,HRSD24,cross-corpus-882,MinMaxScaler,CatBoost,189,47,5,0.0445,9.3379,11.6128,0.0738,-0.063,0.0546
4,negative_training,ALL_CONDITIONS,HRSD_24.1,HRSD24,cross-corpus-882,RobustScaler,Ridge,189,47,5,0.0106,9.7468,11.67,0.0197,-0.0735,0.0932
4,negative_training,ALL_CONDITIONS,HRSD_24.1,HRSD24,cross-corpus-882,RobustScaler,Lasso,189,47,5,0.001,9.8064,11.7363,0.0019,-0.0858,0.0614
4,negative_training,ALL_CONDITIONS,HRSD_24.1,HRSD24,cross-corpus-882,RobustScaler,ElasticNet,189,47,5,0.0099,9.7325,11.6535,0.0187,-0.0705,0.1073
4,negative_training,ALL_CONDITIONS,HRSD_24.1,HRSD24,cross-corpus-882,RobustScaler,SVR,189,47,5,0.1077,9.3134,11.5552,0.152,-0.0525,0.2139
4,negative_training,ALL_CONDITIONS,HRSD_24.1,HRSD24,cross-corpus-882,RobustScaler,KNN,189,47,5,0.0163,9.7801,11.9234,0.025,-0.1207,0.0854
4,negative_training,ALL_CONDITIONS,HRSD_24.1,HRSD24,cross-corpus-882,RobustScaler,RF,189,47,5,0.146,9.178,11.2346,0.2101,0.0051,0.2566
4,negative_training,ALL_CONDITIONS,HRSD_24.1,HRSD24,cross-corpus-882,RobustScaler,ET,189,47,5,0.1317,9.2835,11.4521,0.1796,-0.0338,0.2209
4,negative_training,ALL_CONDITIONS,HRSD_24.1,HRSD24,cross-corpus-882,RobustScaler,GB,189,47,5,0.1514,9.6749,11.9372,0.1772,-0.1233,0.2662
4,negative_training,ALL_CONDITIONS,HRSD_24.1,HRSD24,cross-corpus-882,RobustScaler,XGB,189,47,5,0.1813,9.2691,11.5846,0.2171,-0.0579,0.3038
4,negative_training,ALL_CONDITIONS,HRSD_24.1,HRSD24,cross-corpus-882,RobustScaler,MLP,189,47,5,0.0082,9.9138,12.1852,0.0114,-0.1704,0.1551
4,negative_training,ALL_CONDITIONS,HRSD_24.1,HRSD24,cross-corpus-882,RobustScaler,LGBM,189,47,5,0.1432,9.5207,11.8214,0.1723,-0.1016,0.2718
4,negative_training,ALL_CONDITIONS,HRSD_24.1,HRSD24,cross-corpus-882,RobustScaler,CatBoost,189,47,5,0.1391,9.1233,11.2069,0.207,0.01,0.2404
5,negative_training,ALL_CONDITIONS,HRSD_24.1,HRSD24,cross-corpus-882,StandardScaler,Ridge,189,47,15,-0.0122,8.2831,10.239,-0.0204,-0.1543,-0.0127
5,negative_training,ALL_CONDITIONS,HRSD_24.1,HRSD24,cross-corpus-882,StandardScaler,Lasso,189,47,15,0.0092,8.0274,9.9618,0.0174,-0.0926,0.0314
5,negative_training,ALL_CONDITIONS,HRSD_24.1,HRSD24,cross-corpus-882,StandardScaler,ElasticNet,189,47,15,-0.0089,8.231,10.1841,-0.0152,-0.1419,-0.0091
5,negative_training,ALL_CONDITIONS,HRSD_24.1,HRSD24,cross-corpus-882,StandardScaler,SVR,189,47,15,-0.0202,8.203,10.146,-0.0344,-0.1334,0.0095
5,negative_training,ALL_CONDITIONS,HRSD_24.1,HRSD24,cross-corpus-882,StandardScaler,KNN,189,47,15,0.0859,8.4137,10.369,0.1083,-0.1837,0.0958
5,negative_training,ALL_CONDITIONS,HRSD_24.1,HRSD24,cross-corpus-882,StandardScaler,RF,189,47,15,0.1219,7.9376,10.1672,0.1525,-0.1381,0.1782
5,negative_training,ALL_CONDITIONS,HRSD_24.1,HRSD24,cross-corpus-882,StandardScaler,ET,189,47,15,0.0583,8.0805,10.6269,0.0713,-0.2434,0.0712
5,negative_training,ALL_CONDITIONS,HRSD_24.1,HRSD24,cross-corpus-882,StandardScaler,GB,189,47,15,0.2018,8.1198,10.2242,0.2235,-0.1509,0.1715
5,negative_training,ALL_CONDITIONS,HRSD_24.1,HRSD24,cross-corpus-882,StandardScaler,XGB,189,47,15,0.1723,7.9241,9.9902,0.2042,-0.0988,0.2571
5,negative_training,ALL_CONDITIONS,HRSD_24.1,HRSD24,cross-corpus-882,StandardScaler,MLP,189,47,15,0.0409,9.0308,10.9309,0.0462,-0.3155,0.0959
5,negative_training,ALL_CONDITIONS,HRSD_24.1,HRSD24,cross-corpus-882,StandardScaler,LGBM,189,47,15,0.1823,8.261,10.1802,0.2128,-0.141,0.2163
5,negative_training,ALL_CONDITIONS,HRSD_24.1,HRSD24,cross-corpus-882,StandardScaler,CatBoost,189,47,15,0.0624,7.973,10.1351,0.0867,-0.131,0.1207
5,negative_training,ALL_CONDITIONS,HRSD_24.1,HRSD24,cross-corpus-882,MinMaxScaler,Ridge,189,47,15,-0.0023,9.0526,11.4647,-0.0026,-0.4471,-0.0258
5,negative_training,ALL_CONDITIONS,HRSD_24.1,HRSD24,cross-corpus-882,MinMaxScaler,Lasso,189,47,15,-0.0161,9.1534,11.5696,-0.018,-0.4737,-0.0367
5,negative_training,ALL_CONDITIONS,HRSD_24.1,HRSD24,cross-corpus-882,MinMaxScaler,ElasticNet,189,47,15,-0.0113,8.5266,10.9638,-0.014,-0.3235,-0.0257
5,negative_training,ALL_CONDITIONS,HRSD_24.1,HRSD24,cross-corpus-882,MinMaxScaler,SVR,189,47,15,-0.0471,8.6796,10.9795,-0.0578,-0.3273,-0.0517
5,negative_training,ALL_CONDITIONS,HRSD_24.1,HRSD24,cross-corpus-882,MinMaxScaler,KNN,189,47,15,0.0265,8.1726,10.3312,0.0377,-0.1751,-0.0285
5,negative_training,ALL_CONDITIONS,HRSD_24.1,HRSD24,cross-corpus-882,MinMaxScaler,RF,189,47,15,-0.0557,8.361,10.5012,-0.0844,-0.2141,-0.06
5,negative_training,ALL_CONDITIONS,HRSD_24.1,HRSD24,cross-corpus-882,MinMaxScaler,ET,189,47,15,0.0252,7.9161,10.0985,0.0382,-0.1228,-0.0069
5,negative_training,ALL_CONDITIONS,HRSD_24.1,HRSD24,cross-corpus-882,MinMaxScaler,GB,189,47,15,-0.1017,9.1138,11.4547,-0.1205,-0.4446,-0.132
5,negative_training,ALL_CONDITIONS,HRSD_24.1,HRSD24,cross-corpus-882,MinMaxScaler,XGB,189,47,15,-0.1114,9.449,11.9273,-0.1235,-0.5663,-0.0745
5,negative_training,ALL_CONDITIONS,HRSD_24.1,HRSD24,cross-corpus-882,MinMaxScaler,MLP,189,47,15,-0.0012,8.0634,10.5707,-0.0016,-0.2303,0.0269
5,negative_training,ALL_CONDITIONS,HRSD_24.1,HRSD24,cross-corpus-882,MinMaxScaler,LGBM,189,47,15,-0.0417,8.4892,11.0039,-0.0531,-0.3332,-0.0389
5,negative_training,ALL_CONDITIONS,HRSD_24.1,HRSD24,cross-corpus-882,MinMaxScaler,CatBoost,189,47,15,0.0073,8.0915,10.2734,0.0104,-0.162,0.0281
5,negative_training,ALL_CONDITIONS,HRSD_24.1,HRSD24,cross-corpus-882,RobustScaler,Ridge,189,47,15,-0.1207,9.2068,11.4109,-0.1506,-0.4336,-0.1392
5,negative_training,ALL_CONDITIONS,HRSD_24.1,HRSD24,cross-corpus-882,RobustScaler,Lasso,189,47,15,-0.1102,9.1178,11.3209,-0.1387,-0.4111,-0.122
5,negative_training,ALL_CONDITIONS,HRSD_24.1,HRSD24,cross-corpus-882,RobustScaler,ElasticNet,189,47,15,-0.1158,9.0356,11.2505,-0.1496,-0.3936,-0.1332
5,negative_training,ALL_CONDITIONS,HRSD_24.1,HRSD24,cross-corpus-882,RobustScaler,SVR,189,47,15,-0.0777,9.2207,11.4327,-0.0901,-0.4391,-0.0771
5,negative_training,ALL_CONDITIONS,HRSD_24.1,HRSD24,cross-corpus-882,RobustScaler,KNN,189,47,15,0.0424,8.3853,10.2582,0.0595,-0.1586,0.0694
5,negative_training,ALL_CONDITIONS,HRSD_24.1,HRSD24,cross-corpus-882,RobustScaler,RF,189,47,15,-0.0204,8.4269,10.8648,-0.026,-0.2997,-0.0686
5,negative_training,ALL_CONDITIONS,HRSD_24.1,HRSD24,cross-corpus-882,RobustScaler,ET,189,47,15,0.0469,8.4385,10.7011,0.0586,-0.2608,0.0084
5,negative_training,ALL_CONDITIONS,HRSD_24.1,HRSD24,cross-corpus-882,RobustScaler,GB,189,47,15,0.0399,8.7859,11.1343,0.0446,-0.3649,0.058
5,negative_training,ALL_CONDITIONS,HRSD_24.1,HRSD24,cross-corpus-882,RobustScaler,XGB,189,47,15,-0.0205,9.1457,11.1966,-0.0239,-0.3803,-0.0186
5,negative_training,ALL_CONDITIONS,HRSD_24.1,HRSD24,cross-corpus-882,RobustScaler,MLP,189,47,15,0.0607,8.8684,10.8483,0.0682,-0.2957,0.098
5,negative_training,ALL_CONDITIONS,HRSD_24.1,HRSD24,cross-corpus-882,RobustScaler,LGBM,189,47,15,-0.0388,9.3306,11.3475,-0.0448,-0.4177,-0.0131
5,negative_training,ALL_CONDITIONS,HRSD_24.1,HRSD24,cross-corpus-882,RobustScaler,CatBoost,189,47,15,-0.084,8.8456,11.0814,-0.109,-0.352,-0.1149
