fold,phase,condition,target,target_short,features,scaler,model,n_train,n_test,n_features,CCC,MAE,RMSE,Pearson_r,R2,Spearman_r
1,positive_training,ADK,phq_8,PHQ8,cross-corpus-882,StandardScaler,Ridge,46,12,5,0.3896,4.0817,4.8954,0.43,0.089,0.3579
1,positive_training,ADK,phq_8,PHQ8,cross-corpus-882,StandardScaler,Lasso,46,12,5,0.3781,4.0909,4.8964,0.4252,0.0886,0.3579
1,positive_training,ADK,phq_8,PHQ8,cross-corpus-882,StandardScaler,ElasticNet,46,12,5,0.371,4.0875,4.8853,0.4246,0.0927,0.3579
1,positive_training,ADK,phq_8,PHQ8,cross-corpus-882,StandardScaler,SVR,46,12,5,0.3245,4.3441,5.2162,0.3712,-0.0343,0.2982
1,positive_training,ADK,phq_8,PHQ8,cross-corpus-882,StandardScaler,KNN,46,12,5,0.2371,4.9,5.6857,0.2734,-0.2289,0.3016
1,positive_training,ADK,phq_8,PHQ8,cross-corpus-882,StandardScaler,RF,46,12,5,0.2888,4.8142,5.2585,0.3322,-0.0512,0.4246
1,positive_training,ADK,phq_8,PHQ8,cross-corpus-882,StandardScaler,ET,46,12,5,0.3037,4.2542,5.0869,0.3705,0.0163,0.362
1,positive_training,ADK,phq_8,PHQ8,cross-corpus-882,StandardScaler,GB,46,12,5,0.1447,5.6528,6.3031,0.1503,-0.5103,0.1754
1,positive_training,ADK,phq_8,PHQ8,cross-corpus-882,StandardScaler,XGB,46,12,5,0.1379,5.7125,6.6023,0.1403,-0.6571,0.1649
1,positive_training,ADK,phq_8,PHQ8,cross-corpus-882,StandardScaler,MLP,46,12,5,0.3346,4.4704,5.3206,0.3795,-0.0761,0.3719
1,positive_training,ADK,phq_8,PHQ8,cross-corpus-882,StandardScaler,LGBM,46,12,5,0.3699,4.0795,4.8009,0.4597,0.1238,0.425
1,positive_training,ADK,phq_8,PHQ8,cross-corpus-882,StandardScaler,CatBoost,46,12,5,0.3412,4.5517,5.0422,0.4006,0.0335,0.4211
1,positive_training,ADK,phq_8,PHQ8,cross-corpus-882,MinMaxScaler,Ridge,46,12,5,0.2168,4.6173,5.5958,0.2325,-0.1904,0.1439
1,positive_training,ADK,phq_8,PHQ8,cross-corpus-882,MinMaxScaler,Lasso,46,12,5,0.2148,4.6113,5.5705,0.2321,-0.1796,0.1439
1,positive_training,ADK,phq_8,PHQ8,cross-corpus-882,MinMaxScaler,ElasticNet,46,12,5,0.208,4.6123,5.5424,0.2277,-0.1677,0.1439
1,positive_training,ADK,phq_8,PHQ8,cross-corpus-882,MinMaxScaler,SVR,46,12,5,0.1412,5.0894,6.2626,0.1496,-0.491,0.0982
1,positive_training,ADK,phq_8,PHQ8,cross-corpus-882,MinMaxScaler,KNN,46,12,5,0.108,5.0648,6.0087,0.1406,-0.3725,0.225
1,positive_training,ADK,phq_8,PHQ8,cross-corpus-882,MinMaxScaler,RF,46,12,5,0.1793,4.8396,5.4652,0.2405,-0.1355,0.207
1,positive_training,ADK,phq_8,PHQ8,cross-corpus-882,MinMaxScaler,ET,46,12,5,0.3701,4.3588,4.7545,0.4593,0.1407,0.4341
1,positive_training,ADK,phq_8,PHQ8,cross-corpus-882,MinMaxScaler,GB,46,12,5,0.27,5.1579,5.6343,0.2815,-0.2068,0.2421
1,positive_training,ADK,phq_8,PHQ8,cross-corpus-882,MinMaxScaler,XGB,46,12,5,0.1598,5.6591,6.1504,0.1651,-0.438,0.2456
1,positive_training,ADK,phq_8,PHQ8,cross-corpus-882,MinMaxScaler,MLP,46,12,5,0.2064,4.7166,5.5978,0.2241,-0.1912,0.1825
1,positive_training,ADK,phq_8,PHQ8,cross-corpus-882,MinMaxScaler,LGBM,46,12,5,0.3961,4.1423,4.6209,0.4871,0.1883,0.5053
1,positive_training,ADK,phq_8,PHQ8,cross-corpus-882,MinMaxScaler,CatBoost,46,12,5,0.3464,4.821,5.2225,0.3857,-0.0369,0.3193
1,positive_training,ADK,phq_8,PHQ8,cross-corpus-882,RobustScaler,Ridge,46,12,5,0.217,4.6171,5.5958,0.2327,-0.1904,0.1439
1,positive_training,ADK,phq_8,PHQ8,cross-corpus-882,RobustScaler,Lasso,46,12,5,0.2169,4.6152,5.5907,0.2329,-0.1882,0.1439
1,positive_training,ADK,phq_8,PHQ8,cross-corpus-882,RobustScaler,ElasticNet,46,12,5,0.215,4.6166,5.5834,0.2316,-0.1851,0.1439
1,positive_training,ADK,phq_8,PHQ8,cross-corpus-882,RobustScaler,SVR,46,12,5,0.3314,4.6078,5.4487,0.3543,-0.1286,0.2982
1,positive_training,ADK,phq_8,PHQ8,cross-corpus-882,RobustScaler,KNN,46,12,5,0.0759,5.0926,6.0202,0.1007,-0.3778,0.3058
1,positive_training,ADK,phq_8,PHQ8,cross-corpus-882,RobustScaler,RF,46,12,5,0.1793,4.8396,5.4652,0.2405,-0.1355,0.207
1,positive_training,ADK,phq_8,PHQ8,cross-corpus-882,RobustScaler,ET,46,12,5,0.3701,4.3588,4.7545,0.4593,0.1407,0.4341
1,positive_training,ADK,phq_8,PHQ8,cross-corpus-882,RobustScaler,GB,46,12,5,0.27,5.1579,5.6343,0.2815,-0.2068,0.2421
1,positive_training,ADK,phq_8,PHQ8,cross-corpus-882,RobustScaler,XGB,46,12,5,0.1598,5.6591,6.1504,0.1651,-0.438,0.2456
1,positive_training,ADK,phq_8,PHQ8,cross-corpus-882,RobustScaler,MLP,46,12,5,0.3031,4.8664,5.9562,0.3125,-0.3486,0.2105
1,positive_training,ADK,phq_8,PHQ8,cross-corpus-882,RobustScaler,LGBM,46,12,5,0.4359,4.1006,4.5921,0.5057,0.1984,0.5719
1,positive_training,ADK,phq_8,PHQ8,cross-corpus-882,RobustScaler,CatBoost,46,12,5,0.3464,4.821,5.2225,0.3857,-0.0369,0.3193
2,positive_training,ADK,phq_8,PHQ8,cross-corpus-882,StandardScaler,Ridge,46,12,10,-0.0565,5.3682,6.8629,-0.0621,-0.5166,-0.0528
2,positive_training,ADK,phq_8,PHQ8,cross-corpus-882,StandardScaler,Lasso,46,12,10,-0.0318,5.2847,6.7719,-0.035,-0.4766,-0.0951
2,positive_training,ADK,phq_8,PHQ8,cross-corpus-882,StandardScaler,ElasticNet,46,12,10,-0.0174,5.2321,6.6869,-0.0194,-0.4398,-0.0951
2,positive_training,ADK,phq_8,PHQ8,cross-corpus-882,StandardScaler,SVR,46,12,10,0.2225,4.4894,5.89,0.2559,-0.1171,0.1937
2,positive_training,ADK,phq_8,PHQ8,cross-corpus-882,StandardScaler,KNN,46,12,10,0.137,5.1,5.868,0.1718,-0.1088,0.134
2,positive_training,ADK,phq_8,PHQ8,cross-corpus-882,StandardScaler,RF,46,12,10,0.1139,4.2992,5.7786,0.15,-0.0752,0.2641
2,positive_training,ADK,phq_8,PHQ8,cross-corpus-882,StandardScaler,ET,46,12,10,0.1597,4.5817,5.619,0.217,-0.0167,0.0035
2,positive_training,ADK,phq_8,PHQ8,cross-corpus-882,StandardScaler,GB,46,12,10,0.3977,3.6109,5.228,0.4412,0.1199,0.4366
2,positive_training,ADK,phq_8,PHQ8,cross-corpus-882,StandardScaler,XGB,46,12,10,0.4669,3.3419,4.9291,0.5198,0.2177,0.581
2,positive_training,ADK,phq_8,PHQ8,cross-corpus-882,StandardScaler,MLP,46,12,10,0.0536,5.5968,7.0315,0.0575,-0.592,0.1056
2,positive_training,ADK,phq_8,PHQ8,cross-corpus-882,StandardScaler,LGBM,46,12,10,-0.0014,4.6589,6.1938,-0.0019,-0.2353,0.1429
2,positive_training,ADK,phq_8,PHQ8,cross-corpus-882,StandardScaler,CatBoost,46,12,10,0.1949,4.4251,5.7078,0.2433,-0.049,0.25
2,positive_training,ADK,phq_8,PHQ8,cross-corpus-882,MinMaxScaler,Ridge,46,12,5,0.1153,4.5202,6.3304,0.131,-0.2904,0.2535
2,positive_training,ADK,phq_8,PHQ8,cross-corpus-882,MinMaxScaler,Lasso,46,12,5,0.1098,4.4824,6.062,0.1358,-0.1833,0.2535
2,positive_training,ADK,phq_8,PHQ8,cross-corpus-882,MinMaxScaler,ElasticNet,46,12,5,0.115,4.5134,6.3079,0.1313,-0.2813,0.2535
2,positive_training,ADK,phq_8,PHQ8,cross-corpus-882,MinMaxScaler,SVR,46,12,5,0.2367,4.2746,5.7199,0.2684,-0.0535,0.2113
2,positive_training,ADK,phq_8,PHQ8,cross-corpus-882,MinMaxScaler,KNN,46,12,5,0.1664,4.9167,5.8558,0.205,-0.1042,0.1643
2,positive_training,ADK,phq_8,PHQ8,cross-corpus-882,MinMaxScaler,RF,46,12,5,0.1489,4.215,5.8406,0.1817,-0.0984,0.2852
2,positive_training,ADK,phq_8,PHQ8,cross-corpus-882,MinMaxScaler,ET,46,12,5,0.1708,4.1933,5.6437,0.2401,-0.0256,0.25
2,positive_training,ADK,phq_8,PHQ8,cross-corpus-882,MinMaxScaler,GB,46,12,5,0.2095,3.9439,6.1367,0.2273,-0.2126,0.3697
2,positive_training,ADK,phq_8,PHQ8,cross-corpus-882,MinMaxScaler,XGB,46,12,5,0.2661,3.6434,6.0695,0.2854,-0.1862,0.2148
2,positive_training,ADK,phq_8,PHQ8,cross-corpus-882,MinMaxScaler,MLP,46,12,5,0.1447,4.4692,6.3841,0.1637,-0.3124,0.2711
2,positive_training,ADK,phq_8,PHQ8,cross-corpus-882,MinMaxScaler,LGBM,46,12,5,0.0233,4.5108,6.347,0.0298,-0.2972,0.1487
2,positive_training,ADK,phq_8,PHQ8,cross-corpus-882,MinMaxScaler,CatBoost,46,12,5,0.1903,4.2148,5.9326,0.218,-0.1333,0.243
2,positive_training,ADK,phq_8,PHQ8,cross-corpus-882,RobustScaler,Ridge,46,12,10,0.0382,5.3838,6.7038,0.0406,-0.4471,-0.0387
2,positive_training,ADK,phq_8,PHQ8,cross-corpus-882,RobustScaler,Lasso,46,12,10,0.0113,5.5799,7.0788,0.0116,-0.6135,-0.081
2,positive_training,ADK,phq_8,PHQ8,cross-corpus-882,RobustScaler,ElasticNet,46,12,10,0.0848,5.0509,6.0632,0.1037,-0.1838,-0.0634
2,positive_training,ADK,phq_8,PHQ8,cross-corpus-882,RobustScaler,SVR,46,12,10,0.0936,4.5433,6.245,0.1071,-0.2558,0.0176
2,positive_training,ADK,phq_8,PHQ8,cross-corpus-882,RobustScaler,KNN,46,12,10,0.0451,4.8611,6.2959,0.0522,-0.2764,-0.1166
2,positive_training,ADK,phq_8,PHQ8,cross-corpus-882,RobustScaler,RF,46,12,10,-0.0529,4.8313,6.4214,-0.0653,-0.3278,0.169
2,positive_training,ADK,phq_8,PHQ8,cross-corpus-882,RobustScaler,ET,46,12,10,0.0242,4.9117,6.1277,0.0307,-0.2091,-0.0246
2,positive_training,ADK,phq_8,PHQ8,cross-corpus-882,RobustScaler,GB,46,12,10,-0.1602,5.2765,7.5069,-0.1668,-0.8146,-0.0563
2,positive_training,ADK,phq_8,PHQ8,cross-corpus-882,RobustScaler,XGB,46,12,10,0.0328,5.0738,6.9125,0.0348,-0.5386,0.1268
2,positive_training,ADK,phq_8,PHQ8,cross-corpus-882,RobustScaler,MLP,46,12,10,0.0242,6.102,8.0192,0.0243,-1.0707,-0.0387
2,positive_training,ADK,phq_8,PHQ8,cross-corpus-882,RobustScaler,LGBM,46,12,10,-0.2306,5.3154,6.9125,-0.2919,-0.5386,0.0248
2,positive_training,ADK,phq_8,PHQ8,cross-corpus-882,RobustScaler,CatBoost,46,12,10,-0.0963,5.055,6.9711,-0.1056,-0.5648,0.0563
3,positive_training,ADK,phq_8,PHQ8,cross-corpus-882,StandardScaler,Ridge,46,12,20,0.3638,5.6123,6.5169,0.4144,0.0816,0.4561
3,positive_training,ADK,phq_8,PHQ8,cross-corpus-882,StandardScaler,Lasso,46,12,20,0.2308,5.3558,6.1736,0.4965,0.1758,0.5544
3,positive_training,ADK,phq_8,PHQ8,cross-corpus-882,StandardScaler,ElasticNet,46,12,20,0.3035,5.35,6.1943,0.438,0.1703,0.5263
3,positive_training,ADK,phq_8,PHQ8,cross-corpus-882,StandardScaler,SVR,46,12,20,0.2426,5.9669,6.6006,0.3143,0.0579,0.5825
3,positive_training,ADK,phq_8,PHQ8,cross-corpus-882,StandardScaler,KNN,46,12,20,0.2135,5.5926,6.4281,0.3433,0.1064,0.3193
3,positive_training,ADK,phq_8,PHQ8,cross-corpus-882,StandardScaler,RF,46,12,20,0.2908,5.385,6.2845,0.4139,0.1459,0.5825
3,positive_training,ADK,phq_8,PHQ8,cross-corpus-882,StandardScaler,ET,46,12,20,0.2017,5.4767,6.6558,0.2811,0.042,0.3228
3,positive_training,ADK,phq_8,PHQ8,cross-corpus-882,StandardScaler,GB,46,12,20,0.5638,4.1953,5.22,0.6773,0.4108,0.6211
3,positive_training,ADK,phq_8,PHQ8,cross-corpus-882,StandardScaler,XGB,46,12,20,0.6218,4.1045,4.9067,0.7326,0.4794,0.6947
3,positive_training,ADK,phq_8,PHQ8,cross-corpus-882,StandardScaler,MLP,46,12,20,0.1884,6.878,8.2867,0.1954,-0.485,0.0877
3,positive_training,ADK,phq_8,PHQ8,cross-corpus-882,StandardScaler,LGBM,46,12,20,0.2091,5.5343,6.7133,0.3214,0.0254,0.4035
3,positive_training,ADK,phq_8,PHQ8,cross-corpus-882,StandardScaler,CatBoost,46,12,20,0.5931,4.2003,4.9528,0.7247,0.4695,0.6421
3,positive_training,ADK,phq_8,PHQ8,cross-corpus-882,MinMaxScaler,Ridge,46,12,15,0.3458,5.2543,6.1896,0.4407,0.1715,0.5474
3,positive_training,ADK,phq_8,PHQ8,cross-corpus-882,MinMaxScaler,Lasso,46,12,15,0.3239,5.1993,6.0383,0.4775,0.2115,0.5719
3,positive_training,ADK,phq_8,PHQ8,cross-corpus-882,MinMaxScaler,ElasticNet,46,12,15,0.398,5.3573,6.2345,0.4567,0.1595,0.5263
3,positive_training,ADK,phq_8,PHQ8,cross-corpus-882,MinMaxScaler,SVR,46,12,15,0.3755,5.9785,6.7896,0.411,0.0031,0.4842
3,positive_training,ADK,phq_8,PHQ8,cross-corpus-882,MinMaxScaler,KNN,46,12,15,0.2348,5.4286,6.423,0.3514,0.1079,0.3979
3,positive_training,ADK,phq_8,PHQ8,cross-corpus-882,MinMaxScaler,RF,46,12,15,0.3815,5.1383,6.1057,0.4998,0.1938,0.6246
3,positive_training,ADK,phq_8,PHQ8,cross-corpus-882,MinMaxScaler,ET,46,12,15,0.2567,5.3875,6.4695,0.3706,0.0949,0.5158
3,positive_training,ADK,phq_8,PHQ8,cross-corpus-882,MinMaxScaler,GB,46,12,15,0.6838,3.9918,4.7305,0.7818,0.5161,0.7263
3,positive_training,ADK,phq_8,PHQ8,cross-corpus-882,MinMaxScaler,XGB,46,12,15,0.6394,4.3313,5.0125,0.7479,0.4567,0.6807
3,positive_training,ADK,phq_8,PHQ8,cross-corpus-882,MinMaxScaler,MLP,46,12,15,0.2623,5.5999,6.5244,0.3387,0.0795,0.3263
3,positive_training,ADK,phq_8,PHQ8,cross-corpus-882,MinMaxScaler,LGBM,46,12,15,0.1875,5.4791,6.7866,0.2703,0.004,0.2947
3,positive_training,ADK,phq_8,PHQ8,cross-corpus-882,MinMaxScaler,CatBoost,46,12,15,0.5621,4.6395,5.3779,0.688,0.3746,0.6281
3,positive_training,ADK,phq_8,PHQ8,cross-corpus-882,RobustScaler,Ridge,46,12,20,0.3938,5.7835,6.7616,0.4188,0.0113,0.4982
3,positive_training,ADK,phq_8,PHQ8,cross-corpus-882,RobustScaler,Lasso,46,12,20,0.3987,5.8576,7.0089,0.4169,-0.0623,0.4912
3,positive_training,ADK,phq_8,PHQ8,cross-corpus-882,RobustScaler,ElasticNet,46,12,20,0.3945,5.8287,6.9883,0.4134,-0.0561,0.5228
3,positive_training,ADK,phq_8,PHQ8,cross-corpus-882,RobustScaler,SVR,46,12,20,0.3258,5.5434,6.4684,0.4038,0.0952,0.5298
3,positive_training,ADK,phq_8,PHQ8,cross-corpus-882,RobustScaler,KNN,46,12,20,0.2295,5.287,6.6378,0.2991,0.0472,0.3603
3,positive_training,ADK,phq_8,PHQ8,cross-corpus-882,RobustScaler,RF,46,12,20,0.2921,5.3771,6.2782,0.4157,0.1476,0.5825
3,positive_training,ADK,phq_8,PHQ8,cross-corpus-882,RobustScaler,ET,46,12,20,0.2017,5.4767,6.6558,0.2811,0.042,0.3228
3,positive_training,ADK,phq_8,PHQ8,cross-corpus-882,RobustScaler,GB,46,12,20,0.5638,4.1953,5.22,0.6773,0.4108,0.6211
3,positive_training,ADK,phq_8,PHQ8,cross-corpus-882,RobustScaler,XGB,46,12,20,0.6218,4.1045,4.9067,0.7326,0.4794,0.6947
3,positive_training,ADK,phq_8,PHQ8,cross-corpus-882,RobustScaler,MLP,46,12,20,0.2105,7.8704,10.3907,0.2355,-1.3348,0.1474
3,positive_training,ADK,phq_8,PHQ8,cross-corpus-882,RobustScaler,LGBM,46,12,20,0.23,5.4488,6.6195,0.3509,0.0525,0.4246
3,positive_training,ADK,phq_8,PHQ8,cross-corpus-882,RobustScaler,CatBoost,46,12,20,0.5931,4.2003,4.9528,0.7247,0.4695,0.6421
4,positive_training,ADK,phq_8,PHQ8,cross-corpus-882,StandardScaler,Ridge,47,11,5,-0.1348,5.7132,6.8836,-0.1953,-0.52,-0.3333
4,positive_training,ADK,phq_8,PHQ8,cross-corpus-882,StandardScaler,Lasso,47,11,5,-0.0674,5.4926,6.6011,-0.0978,-0.3978,-0.3699
4,positive_training,ADK,phq_8,PHQ8,cross-corpus-882,StandardScaler,ElasticNet,47,11,5,-0.1527,5.7648,6.9818,-0.2201,-0.5637,-0.3607
4,positive_training,ADK,phq_8,PHQ8,cross-corpus-882,StandardScaler,SVR,47,11,5,-0.0133,5.1313,5.9942,-0.0347,-0.1526,-0.2146
4,positive_training,ADK,phq_8,PHQ8,cross-corpus-882,StandardScaler,KNN,47,11,5,-0.4858,7.9091,8.9403,-0.5136,-1.564,-0.54
4,positive_training,ADK,phq_8,PHQ8,cross-corpus-882,StandardScaler,RF,47,11,5,-0.2365,6.1751,7.5471,-0.2811,-0.8271,-0.3881
4,positive_training,ADK,phq_8,PHQ8,cross-corpus-882,StandardScaler,ET,47,11,5,-0.1982,6.3545,7.6482,-0.2327,-0.8764,-0.274
4,positive_training,ADK,phq_8,PHQ8,cross-corpus-882,StandardScaler,GB,47,11,5,-0.1257,6.9961,8.85,-0.1404,-1.5125,-0.1142
4,positive_training,ADK,phq_8,PHQ8,cross-corpus-882,StandardScaler,XGB,47,11,5,-0.247,7.1037,9.5251,-0.2976,-1.9104,-0.2694
4,positive_training,ADK,phq_8,PHQ8,cross-corpus-882,StandardScaler,MLP,47,11,5,-0.0757,5.7283,7.4773,-0.0817,-0.7935,-0.0959
4,positive_training,ADK,phq_8,PHQ8,cross-corpus-882,StandardScaler,LGBM,47,11,5,-0.1251,5.9731,7.5858,-0.1688,-0.8459,-0.2495
4,positive_training,ADK,phq_8,PHQ8,cross-corpus-882,StandardScaler,CatBoost,47,11,5,-0.2928,6.5271,7.9829,-0.3353,-1.0442,-0.3744
4,positive_training,ADK,phq_8,PHQ8,cross-corpus-882,MinMaxScaler,Ridge,47,11,10,-0.1556,5.6787,6.8094,-0.221,-0.4874,-0.3105
4,positive_training,ADK,phq_8,PHQ8,cross-corpus-882,MinMaxScaler,Lasso,47,11,10,-0.1,5.566,6.5623,-0.1539,-0.3814,-0.2877
4,positive_training,ADK,phq_8,PHQ8,cross-corpus-882,MinMaxScaler,ElasticNet,47,11,10,-0.1521,5.651,6.6173,-0.2495,-0.4047,-0.3242
4,positive_training,ADK,phq_8,PHQ8,cross-corpus-882,MinMaxScaler,SVR,47,11,10,-0.1183,6.2471,7.697,-0.1309,-0.9004,-0.105
4,positive_training,ADK,phq_8,PHQ8,cross-corpus-882,MinMaxScaler,KNN,47,11,10,-0.2847,6.0779,6.8028,-0.4839,-0.4845,-0.4073
4,positive_training,ADK,phq_8,PHQ8,cross-corpus-882,MinMaxScaler,RF,47,11,10,-0.2273,6.0572,7.4379,-0.2864,-0.7746,-0.3927
4,positive_training,ADK,phq_8,PHQ8,cross-corpus-882,MinMaxScaler,ET,47,11,10,-0.1401,5.5445,7.0789,-0.1686,-0.6075,-0.2237
4,positive_training,ADK,phq_8,PHQ8,cross-corpus-882,MinMaxScaler,GB,47,11,10,-0.128,5.9515,7.9061,-0.1305,-1.0051,-0.2009
4,positive_training,ADK,phq_8,PHQ8,cross-corpus-882,MinMaxScaler,XGB,47,11,10,-0.1444,6.2037,7.9706,-0.1551,-1.038,-0.1096
4,positive_training,ADK,phq_8,PHQ8,cross-corpus-882,MinMaxScaler,MLP,47,11,10,-0.4011,6.4731,7.2967,-0.5677,-0.7079,-0.5251
4,positive_training,ADK,phq_8,PHQ8,cross-corpus-882,MinMaxScaler,LGBM,47,11,10,-0.0764,6.0193,7.2468,-0.125,-0.6846,-0.0913
4,positive_training,ADK,phq_8,PHQ8,cross-corpus-882,MinMaxScaler,CatBoost,47,11,10,-0.1806,6.0803,7.1739,-0.2602,-0.6509,-0.3379
4,positive_training,ADK,phq_8,PHQ8,cross-corpus-882,RobustScaler,Ridge,47,11,5,-0.0276,5.4792,6.6085,-0.0409,-0.4009,-0.3288
4,positive_training,ADK,phq_8,PHQ8,cross-corpus-882,RobustScaler,Lasso,47,11,5,-0.008,5.3276,6.4395,-0.012,-0.3302,-0.3607
4,positive_training,ADK,phq_8,PHQ8,cross-corpus-882,RobustScaler,ElasticNet,47,11,5,-0.0307,5.4187,6.5073,-0.0462,-0.3583,-0.3379
4,positive_training,ADK,phq_8,PHQ8,cross-corpus-882,RobustScaler,SVR,47,11,5,-0.2786,8.1228,9.5218,-0.3094,-1.9084,-0.3653
4,positive_training,ADK,phq_8,PHQ8,cross-corpus-882,RobustScaler,KNN,47,11,5,-0.2227,6.3091,7.6655,-0.2607,-0.8849,-0.1396
4,positive_training,ADK,phq_8,PHQ8,cross-corpus-882,RobustScaler,RF,47,11,5,-0.2207,6.2423,7.5876,-0.263,-0.8468,-0.3379
4,positive_training,ADK,phq_8,PHQ8,cross-corpus-882,RobustScaler,ET,47,11,5,-0.2503,6.5674,7.8669,-0.2884,-0.9853,-0.3653
4,positive_training,ADK,phq_8,PHQ8,cross-corpus-882,RobustScaler,GB,47,11,5,-0.1792,5.9817,8.0923,-0.1917,-1.1007,-0.2374
4,positive_training,ADK,phq_8,PHQ8,cross-corpus-882,RobustScaler,XGB,47,11,5,-0.2526,6.601,8.5757,-0.2779,-1.3591,-0.4658
4,positive_training,ADK,phq_8,PHQ8,cross-corpus-882,RobustScaler,MLP,47,11,5,0.0282,5.2544,6.6257,0.0323,-0.4082,-0.1598
4,positive_training,ADK,phq_8,PHQ8,cross-corpus-882,RobustScaler,LGBM,47,11,5,-0.1703,5.6964,7.3977,-0.2224,-0.7555,-0.3287
4,positive_training,ADK,phq_8,PHQ8,cross-corpus-882,RobustScaler,CatBoost,47,11,5,-0.22,6.2374,7.7059,-0.2564,-0.9049,-0.3196
5,positive_training,ADK,phq_8,PHQ8,cross-corpus-882,StandardScaler,Ridge,47,11,10,0.0442,7.236,8.4636,0.0535,-0.3585,-0.0273
5,positive_training,ADK,phq_8,PHQ8,cross-corpus-882,StandardScaler,Lasso,47,11,10,0.0448,7.2377,8.4581,0.0543,-0.3568,-0.0273
5,positive_training,ADK,phq_8,PHQ8,cross-corpus-882,StandardScaler,ElasticNet,47,11,10,0.0483,7.2361,8.4346,0.0587,-0.3492,-0.0273
5,positive_training,ADK,phq_8,PHQ8,cross-corpus-882,StandardScaler,SVR,47,11,10,0.0238,6.8604,7.6027,0.0403,-0.0962,-0.0456
5,positive_training,ADK,phq_8,PHQ8,cross-corpus-882,StandardScaler,KNN,47,11,10,-0.0008,7.4156,8.2139,-0.0011,-0.2796,0.0913
5,positive_training,ADK,phq_8,PHQ8,cross-corpus-882,StandardScaler,RF,47,11,10,0.1196,6.2055,7.1309,0.2121,0.0356,0.0957
5,positive_training,ADK,phq_8,PHQ8,cross-corpus-882,StandardScaler,ET,47,11,10,0.0427,6.7509,7.5501,0.0682,-0.0811,0.1321
5,positive_training,ADK,phq_8,PHQ8,cross-corpus-882,StandardScaler,GB,47,11,10,0.2222,5.8201,7.0222,0.3038,0.0648,0.164
5,positive_training,ADK,phq_8,PHQ8,cross-corpus-882,StandardScaler,XGB,47,11,10,0.3141,5.6765,6.8142,0.3871,0.1194,0.2415
5,positive_training,ADK,phq_8,PHQ8,cross-corpus-882,StandardScaler,MLP,47,11,10,0.0431,7.3577,9.1319,0.0463,-0.5816,-0.0182
5,positive_training,ADK,phq_8,PHQ8,cross-corpus-882,StandardScaler,LGBM,47,11,10,-0.0437,7.1923,7.8243,-0.0725,-0.1611,-0.1139
5,positive_training,ADK,phq_8,PHQ8,cross-corpus-882,StandardScaler,CatBoost,47,11,10,0.2478,5.9003,6.8012,0.3556,0.1227,0.2597
5,positive_training,ADK,phq_8,PHQ8,cross-corpus-882,MinMaxScaler,Ridge,47,11,10,-0.0221,7.6149,8.2748,-0.0287,-0.2986,-0.0137
5,positive_training,ADK,phq_8,PHQ8,cross-corpus-882,MinMaxScaler,Lasso,47,11,10,-0.0198,7.6433,8.302,-0.0255,-0.3072,-0.0137
5,positive_training,ADK,phq_8,PHQ8,cross-corpus-882,MinMaxScaler,ElasticNet,47,11,10,-0.0246,7.4278,8.1049,-0.0337,-0.2458,0.0137
5,positive_training,ADK,phq_8,PHQ8,cross-corpus-882,MinMaxScaler,SVR,47,11,10,0.0607,7.9465,9.1017,0.0637,-0.5711,0.0319
5,positive_training,ADK,phq_8,PHQ8,cross-corpus-882,MinMaxScaler,KNN,47,11,10,-0.0292,8.0,9.1232,-0.0325,-0.5785,0.0274
5,positive_training,ADK,phq_8,PHQ8,cross-corpus-882,MinMaxScaler,RF,47,11,10,0.0437,6.615,7.5466,0.0699,-0.0801,0.0319
5,positive_training,ADK,phq_8,PHQ8,cross-corpus-882,MinMaxScaler,ET,47,11,10,0.0838,6.8755,7.6526,0.1143,-0.1107,-0.0046
5,positive_training,ADK,phq_8,PHQ8,cross-corpus-882,MinMaxScaler,GB,47,11,10,0.0125,7.0556,7.9242,0.017,-0.1909,0.0319
5,positive_training,ADK,phq_8,PHQ8,cross-corpus-882,MinMaxScaler,XGB,47,11,10,0.1537,6.566,7.4769,0.1974,-0.0603,0.1959
5,positive_training,ADK,phq_8,PHQ8,cross-corpus-882,MinMaxScaler,MLP,47,11,10,-0.0209,7.9183,8.7075,-0.0244,-0.438,-0.0774
5,positive_training,ADK,phq_8,PHQ8,cross-corpus-882,MinMaxScaler,LGBM,47,11,10,-0.2341,7.6944,8.8187,-0.3171,-0.4749,-0.4041
5,positive_training,ADK,phq_8,PHQ8,cross-corpus-882,MinMaxScaler,CatBoost,47,11,10,0.0889,6.9752,7.7608,0.1161,-0.1423,0.0273
5,positive_training,ADK,phq_8,PHQ8,cross-corpus-882,RobustScaler,Ridge,47,11,10,-0.1593,8.5655,9.2202,-0.1878,-0.6123,-0.205
5,positive_training,ADK,phq_8,PHQ8,cross-corpus-882,RobustScaler,Lasso,47,11,10,-0.1479,8.4932,9.1479,-0.1765,-0.5871,-0.1686
5,positive_training,ADK,phq_8,PHQ8,cross-corpus-882,RobustScaler,ElasticNet,47,11,10,-0.1196,8.3564,9.0474,-0.1454,-0.5524,-0.1686
5,positive_training,ADK,phq_8,PHQ8,cross-corpus-882,RobustScaler,SVR,47,11,10,0.069,6.652,7.4335,0.1157,-0.048,0.0137
5,positive_training,ADK,phq_8,PHQ8,cross-corpus-882,RobustScaler,KNN,47,11,10,-0.1045,7.7273,8.7447,-0.1321,-0.4503,-0.1425
5,positive_training,ADK,phq_8,PHQ8,cross-corpus-882,RobustScaler,RF,47,11,10,-0.1445,7.1788,8.2257,-0.2355,-0.2832,-0.3508
5,positive_training,ADK,phq_8,PHQ8,cross-corpus-882,RobustScaler,ET,47,11,10,-0.0438,6.9641,7.9043,-0.0681,-0.1849,0.1276
5,positive_training,ADK,phq_8,PHQ8,cross-corpus-882,RobustScaler,GB,47,11,10,0.2002,6.4847,7.2215,0.2582,0.0109,0.2323
5,positive_training,ADK,phq_8,PHQ8,cross-corpus-882,RobustScaler,XGB,47,11,10,0.1476,6.6785,7.5032,0.1858,-0.0677,0.123
5,positive_training,ADK,phq_8,PHQ8,cross-corpus-882,RobustScaler,MLP,47,11,10,0.1098,7.4258,8.7674,0.1241,-0.4578,0.1048
5,positive_training,ADK,phq_8,PHQ8,cross-corpus-882,RobustScaler,LGBM,47,11,10,-0.316,7.9284,9.1484,-0.4221,-0.5873,-0.4419
5,positive_training,ADK,phq_8,PHQ8,cross-corpus-882,RobustScaler,CatBoost,47,11,10,0.0431,6.6838,7.5412,0.0683,-0.0786,0.1913
1,positive_training,ADK,phq_9,PHQ9,cross-corpus-882,StandardScaler,Ridge,46,12,5,0.0447,5.7347,6.7611,0.049,-0.5628,-0.0701
1,positive_training,ADK,phq_9,PHQ9,cross-corpus-882,StandardScaler,Lasso,46,12,5,0.0329,5.6578,6.7002,0.0368,-0.5348,-0.0701
1,positive_training,ADK,phq_9,PHQ9,cross-corpus-882,StandardScaler,ElasticNet,46,12,5,0.0157,5.6332,6.6699,0.0179,-0.521,-0.0701
1,positive_training,ADK,phq_9,PHQ9,cross-corpus-882,StandardScaler,SVR,46,12,5,0.0131,5.9356,7.1034,0.0153,-0.7251,0.0315
1,positive_training,ADK,phq_9,PHQ9,cross-corpus-882,StandardScaler,KNN,46,12,5,0.1027,5.4259,6.2833,0.1599,-0.3497,0.107
1,positive_training,ADK,phq_9,PHQ9,cross-corpus-882,StandardScaler,RF,46,12,5,-0.3148,6.4508,7.9956,-0.3631,-1.1856,-0.3257
1,positive_training,ADK,phq_9,PHQ9,cross-corpus-882,StandardScaler,ET,46,12,5,-0.1148,5.8227,7.1452,-0.1521,-0.7454,-0.0245
1,positive_training,ADK,phq_9,PHQ9,cross-corpus-882,StandardScaler,GB,46,12,5,-0.1613,6.6066,8.2985,-0.173,-1.3544,-0.2732
1,positive_training,ADK,phq_9,PHQ9,cross-corpus-882,StandardScaler,XGB,46,12,5,-0.311,6.9404,8.9913,-0.356,-1.7639,-0.3012
1,positive_training,ADK,phq_9,PHQ9,cross-corpus-882,StandardScaler,MLP,46,12,5,-0.1596,6.2359,7.2848,-0.203,-0.8143,-0.2137
1,positive_training,ADK,phq_9,PHQ9,cross-corpus-882,StandardScaler,LGBM,46,12,5,0.011,5.4455,6.1734,0.0181,-0.3029,0.0246
1,positive_training,ADK,phq_9,PHQ9,cross-corpus-882,StandardScaler,CatBoost,46,12,5,-0.2926,6.422,8.0207,-0.3349,-1.1994,-0.3888
1,positive_training,ADK,phq_9,PHQ9,cross-corpus-882,MinMaxScaler,Ridge,46,12,5,-0.0032,5.6304,6.8774,-0.0034,-0.617,-0.1121
1,positive_training,ADK,phq_9,PHQ9,cross-corpus-882,MinMaxScaler,Lasso,46,12,5,-0.0216,5.4969,6.5612,-0.0254,-0.4718,-0.1261
1,positive_training,ADK,phq_9,PHQ9,cross-corpus-882,MinMaxScaler,ElasticNet,46,12,5,0.0018,5.5431,6.7313,0.0019,-0.5491,-0.1121
1,positive_training,ADK,phq_9,PHQ9,cross-corpus-882,MinMaxScaler,SVR,46,12,5,-0.0904,5.7414,7.0885,-0.0963,-0.7179,-0.1506
1,positive_training,ADK,phq_9,PHQ9,cross-corpus-882,MinMaxScaler,KNN,46,12,5,0.1431,5.0119,6.5992,0.1823,-0.4889,0.1506
1,positive_training,ADK,phq_9,PHQ9,cross-corpus-882,MinMaxScaler,RF,46,12,5,-0.3036,6.5842,8.0311,-0.3466,-1.2051,-0.3187
1,positive_training,ADK,phq_9,PHQ9,cross-corpus-882,MinMaxScaler,ET,46,12,5,-0.1746,5.8342,7.1958,-0.2043,-0.7702,-0.1051
1,positive_training,ADK,phq_9,PHQ9,cross-corpus-882,MinMaxScaler,GB,46,12,5,-0.3396,7.309,9.357,-0.3805,-1.9933,-0.3888
1,positive_training,ADK,phq_9,PHQ9,cross-corpus-882,MinMaxScaler,XGB,46,12,5,-0.2901,6.8323,8.7778,-0.316,-1.6342,-0.3713
1,positive_training,ADK,phq_9,PHQ9,cross-corpus-882,MinMaxScaler,MLP,46,12,5,-0.054,5.5284,6.9688,-0.0601,-0.6603,-0.1156
1,positive_training,ADK,phq_9,PHQ9,cross-corpus-882,MinMaxScaler,LGBM,46,12,5,0.0885,5.2495,5.9879,0.1158,-0.2258,0.1411
1,positive_training,ADK,phq_9,PHQ9,cross-corpus-882,MinMaxScaler,CatBoost,46,12,5,-0.2736,6.7246,8.3973,-0.3031,-1.4107,-0.3363
1,positive_training,ADK,phq_9,PHQ9,cross-corpus-882,RobustScaler,Ridge,46,12,5,0.0428,5.6757,6.7061,0.0474,-0.5375,-0.0701
1,positive_training,ADK,phq_9,PHQ9,cross-corpus-882,RobustScaler,Lasso,46,12,5,0.032,5.5911,6.645,0.0362,-0.5096,-0.0701
1,positive_training,ADK,phq_9,PHQ9,cross-corpus-882,RobustScaler,ElasticNet,46,12,5,0.0513,5.7269,6.7573,0.0561,-0.561,-0.0701
1,positive_training,ADK,phq_9,PHQ9,cross-corpus-882,RobustScaler,SVR,46,12,5,0.0195,5.8887,7.0337,0.0227,-0.6914,-0.0035
1,positive_training,ADK,phq_9,PHQ9,cross-corpus-882,RobustScaler,KNN,46,12,5,0.1437,5.0667,6.3188,0.1627,-0.365,0.1263
1,positive_training,ADK,phq_9,PHQ9,cross-corpus-882,RobustScaler,RF,46,12,5,-0.3148,6.4508,7.9956,-0.3631,-1.1856,-0.3257
1,positive_training,ADK,phq_9,PHQ9,cross-corpus-882,RobustScaler,ET,46,12,5,-0.1148,5.8227,7.1452,-0.1521,-0.7454,-0.0245
1,positive_training,ADK,phq_9,PHQ9,cross-corpus-882,RobustScaler,GB,46,12,5,-0.1613,6.6066,8.2985,-0.173,-1.3544,-0.2732
1,positive_training,ADK,phq_9,PHQ9,cross-corpus-882,RobustScaler,XGB,46,12,5,-0.311,6.9404,8.9913,-0.356,-1.7639,-0.3012
1,positive_training,ADK,phq_9,PHQ9,cross-corpus-882,RobustScaler,MLP,46,12,5,-0.1142,5.8293,6.9302,-0.1414,-0.642,-0.0806
1,positive_training,ADK,phq_9,PHQ9,cross-corpus-882,RobustScaler,LGBM,46,12,5,0.0541,5.4214,6.011,0.0876,-0.2353,-0.0246
1,positive_training,ADK,phq_9,PHQ9,cross-corpus-882,RobustScaler,CatBoost,46,12,5,-0.2926,6.422,8.0207,-0.3349,-1.1994,-0.3888
2,positive_training,ADK,phq_9,PHQ9,cross-corpus-882,StandardScaler,Ridge,46,12,5,-0.3978,7.9112,8.5585,-0.458,-0.8741,-0.4526
2,positive_training,ADK,phq_9,PHQ9,cross-corpus-882,StandardScaler,Lasso,46,12,5,-0.3983,8.0551,8.7279,-0.4427,-0.9491,-0.4175
2,positive_training,ADK,phq_9,PHQ9,cross-corpus-882,StandardScaler,ElasticNet,46,12,5,-0.3811,7.623,8.2762,-0.4703,-0.7526,-0.4561
2,positive_training,ADK,phq_9,PHQ9,cross-corpus-882,StandardScaler,SVR,46,12,5,-0.3585,7.8478,8.4123,-0.4152,-0.8107,-0.3965
2,positive_training,ADK,phq_9,PHQ9,cross-corpus-882,StandardScaler,KNN,46,12,5,-0.4557,7.3704,8.1544,-0.6482,-0.7013,-0.5719
2,positive_training,ADK,phq_9,PHQ9,cross-corpus-882,StandardScaler,RF,46,12,5,-0.6086,8.2387,9.0586,-0.7202,-1.0996,-0.6807
2,positive_training,ADK,phq_9,PHQ9,cross-corpus-882,StandardScaler,ET,46,12,5,-0.5075,7.5292,8.3856,-0.6899,-0.7992,-0.6456
2,positive_training,ADK,phq_9,PHQ9,cross-corpus-882,StandardScaler,GB,46,12,5,-0.6323,8.9528,9.7483,-0.6738,-1.4314,-0.6877
2,positive_training,ADK,phq_9,PHQ9,cross-corpus-882,StandardScaler,XGB,46,12,5,-0.5782,8.3976,9.7946,-0.6127,-1.4546,-0.6386
2,positive_training,ADK,phq_9,PHQ9,cross-corpus-882,StandardScaler,MLP,46,12,5,-0.3399,7.5123,8.1751,-0.4139,-0.71,-0.3895
2,positive_training,ADK,phq_9,PHQ9,cross-corpus-882,StandardScaler,LGBM,46,12,5,-0.5959,8.222,8.9912,-0.7097,-1.0684,-0.6878
2,positive_training,ADK,phq_9,PHQ9,cross-corpus-882,StandardScaler,CatBoost,46,12,5,-0.6499,8.8385,9.53,-0.717,-1.3238,-0.7053
2,positive_training,ADK,phq_9,PHQ9,cross-corpus-882,MinMaxScaler,Ridge,46,12,10,-0.2926,6.7264,7.7548,-0.3996,-0.5387,-0.2912
2,positive_training,ADK,phq_9,PHQ9,cross-corpus-882,MinMaxScaler,Lasso,46,12,10,-0.2602,6.5809,7.6248,-0.3623,-0.4875,-0.2456
2,positive_training,ADK,phq_9,PHQ9,cross-corpus-882,MinMaxScaler,ElasticNet,46,12,10,-0.2,6.0939,7.1369,-0.3946,-0.3032,-0.2491
2,positive_training,ADK,phq_9,PHQ9,cross-corpus-882,MinMaxScaler,SVR,46,12,10,-0.3085,7.0447,8.2812,-0.3574,-0.7547,-0.3754
2,positive_training,ADK,phq_9,PHQ9,cross-corpus-882,MinMaxScaler,KNN,46,12,10,-0.2819,6.8452,7.7968,-0.372,-0.5554,-0.2715
2,positive_training,ADK,phq_9,PHQ9,cross-corpus-882,MinMaxScaler,RF,46,12,10,-0.4133,7.2032,7.9455,-0.6248,-0.6153,-0.6386
2,positive_training,ADK,phq_9,PHQ9,cross-corpus-882,MinMaxScaler,ET,46,12,10,-0.2459,6.3642,7.4362,-0.3833,-0.4149,-0.246
2,positive_training,ADK,phq_9,PHQ9,cross-corpus-882,MinMaxScaler,GB,46,12,10,-0.4475,7.4959,8.3013,-0.5928,-0.7632,-0.5474
2,positive_training,ADK,phq_9,PHQ9,cross-corpus-882,MinMaxScaler,XGB,46,12,10,-0.4605,7.6725,8.4128,-0.6027,-0.8109,-0.5895
2,positive_training,ADK,phq_9,PHQ9,cross-corpus-882,MinMaxScaler,MLP,46,12,10,-0.2404,6.1877,7.3731,-0.39,-0.3909,-0.1544
2,positive_training,ADK,phq_9,PHQ9,cross-corpus-882,MinMaxScaler,LGBM,46,12,10,-0.5126,7.707,8.8423,-0.6067,-1.0005,-0.6332
2,positive_training,ADK,phq_9,PHQ9,cross-corpus-882,MinMaxScaler,CatBoost,46,12,10,-0.4524,7.68,8.4825,-0.5586,-0.841,-0.607
2,positive_training,ADK,phq_9,PHQ9,cross-corpus-882,RobustScaler,Ridge,46,12,5,-0.3966,7.3764,8.2107,-0.5054,-0.7249,-0.4842
2,positive_training,ADK,phq_9,PHQ9,cross-corpus-882,RobustScaler,Lasso,46,12,5,-0.5183,8.166,9.0275,-0.5897,-1.0852,-0.6211
2,positive_training,ADK,phq_9,PHQ9,cross-corpus-882,RobustScaler,ElasticNet,46,12,5,-0.5121,8.1338,8.9945,-0.5836,-1.07,-0.5509
2,positive_training,ADK,phq_9,PHQ9,cross-corpus-882,RobustScaler,SVR,46,12,5,-0.5024,8.4598,9.4006,-0.5347,-1.2611,-0.5614
2,positive_training,ADK,phq_9,PHQ9,cross-corpus-882,RobustScaler,KNN,46,12,5,-0.3242,7.1944,8.308,-0.3817,-0.7661,-0.4281
2,positive_training,ADK,phq_9,PHQ9,cross-corpus-882,RobustScaler,RF,46,12,5,-0.5117,7.6959,8.672,-0.6237,-0.9242,-0.6386
2,positive_training,ADK,phq_9,PHQ9,cross-corpus-882,RobustScaler,ET,46,12,5,-0.4844,7.4675,8.5168,-0.6083,-0.8559,-0.586
2,positive_training,ADK,phq_9,PHQ9,cross-corpus-882,RobustScaler,GB,46,12,5,-0.4253,8.6216,9.9348,-0.4603,-1.5254,-0.3719
2,positive_training,ADK,phq_9,PHQ9,cross-corpus-882,RobustScaler,XGB,46,12,5,-0.5136,8.9528,10.1363,-0.5523,-1.6289,-0.5579
2,positive_training,ADK,phq_9,PHQ9,cross-corpus-882,RobustScaler,MLP,46,12,5,-0.527,8.3565,9.9034,-0.5483,-1.5095,-0.607
2,positive_training,ADK,phq_9,PHQ9,cross-corpus-882,RobustScaler,LGBM,46,12,5,-0.5711,8.0514,9.0874,-0.6588,-1.1129,-0.757
2,positive_training,ADK,phq_9,PHQ9,cross-corpus-882,RobustScaler,CatBoost,46,12,5,-0.4969,8.2754,9.4797,-0.5492,-1.2993,-0.593
3,positive_training,ADK,phq_9,PHQ9,cross-corpus-882,StandardScaler,Ridge,46,12,5,-0.0597,5.9013,6.8059,-0.1694,-0.0949,-0.2751
3,positive_training,ADK,phq_9,PHQ9,cross-corpus-882,StandardScaler,Lasso,46,12,5,0.0,5.8333,6.5045,,-0.0001,
3,positive_training,ADK,phq_9,PHQ9,cross-corpus-882,StandardScaler,ElasticNet,46,12,5,-0.0729,5.9401,6.9552,-0.1516,-0.1435,-0.2822
3,positive_training,ADK,phq_9,PHQ9,cross-corpus-882,StandardScaler,SVR,46,12,5,-0.1638,6.0591,7.2358,-0.3902,-0.2376,-0.3669
3,positive_training,ADK,phq_9,PHQ9,cross-corpus-882,StandardScaler,KNN,46,12,5,-0.3704,7.0648,8.1402,-0.5674,-0.5663,-0.5858
3,positive_training,ADK,phq_9,PHQ9,cross-corpus-882,StandardScaler,RF,46,12,5,-0.3258,7.212,8.1333,-0.4657,-0.5636,-0.5397
3,positive_training,ADK,phq_9,PHQ9,cross-corpus-882,StandardScaler,ET,46,12,5,-0.3994,7.6414,8.766,-0.4812,-0.8164,-0.4629
3,positive_training,ADK,phq_9,PHQ9,cross-corpus-882,StandardScaler,GB,46,12,5,-0.4086,9.0855,10.6227,-0.4187,-1.6673,-0.2293
3,positive_training,ADK,phq_9,PHQ9,cross-corpus-882,StandardScaler,XGB,46,12,5,-0.3457,8.2829,9.7446,-0.3602,-1.2446,-0.3175
3,positive_training,ADK,phq_9,PHQ9,cross-corpus-882,StandardScaler,MLP,46,12,5,-0.3497,7.8409,8.9151,-0.3887,-0.8787,-0.3774
3,positive_training,ADK,phq_9,PHQ9,cross-corpus-882,StandardScaler,LGBM,46,12,5,-0.1414,6.2262,7.3219,-0.2367,-0.2672,-0.0427
3,positive_training,ADK,phq_9,PHQ9,cross-corpus-882,StandardScaler,CatBoost,46,12,5,-0.4348,8.5228,9.6406,-0.4624,-1.1969,-0.4586
3,positive_training,ADK,phq_9,PHQ9,cross-corpus-882,MinMaxScaler,Ridge,46,12,10,-0.0549,5.941,6.802,-0.1505,-0.0936,-0.1235
3,positive_training,ADK,phq_9,PHQ9,cross-corpus-882,MinMaxScaler,Lasso,46,12,10,0.0,5.8333,6.5045,,-0.0001,
3,positive_training,ADK,phq_9,PHQ9,cross-corpus-882,MinMaxScaler,ElasticNet,46,12,10,-0.0711,6.1393,7.0325,-0.1301,-0.169,-0.0917
3,positive_training,ADK,phq_9,PHQ9,cross-corpus-882,MinMaxScaler,SVR,46,12,10,-0.0482,5.9106,7.0484,-0.0783,-0.1743,-0.1094
3,positive_training,ADK,phq_9,PHQ9,cross-corpus-882,MinMaxScaler,KNN,46,12,10,-0.1075,6.3889,7.1416,-0.2562,-0.2056,-0.1279
3,positive_training,ADK,phq_9,PHQ9,cross-corpus-882,MinMaxScaler,RF,46,12,10,-0.1302,6.6074,7.5046,-0.1832,-0.3313,-0.1905
3,positive_training,ADK,phq_9,PHQ9,cross-corpus-882,MinMaxScaler,ET,46,12,10,-0.2363,7.2708,8.2386,-0.2913,-0.6044,-0.254
3,positive_training,ADK,phq_9,PHQ9,cross-corpus-882,MinMaxScaler,GB,46,12,10,-0.1378,7.2485,8.292,-0.1608,-0.6253,-0.1305
3,positive_training,ADK,phq_9,PHQ9,cross-corpus-882,MinMaxScaler,XGB,46,12,10,-0.1529,7.3293,8.4639,-0.1677,-0.6933,-0.2081
3,positive_training,ADK,phq_9,PHQ9,cross-corpus-882,MinMaxScaler,MLP,46,12,10,-0.0677,6.5683,7.303,-0.0959,-0.2607,-0.2046
3,positive_training,ADK,phq_9,PHQ9,cross-corpus-882,MinMaxScaler,LGBM,46,12,10,-0.1192,6.5529,7.5394,-0.1634,-0.3436,-0.1555
3,positive_training,ADK,phq_9,PHQ9,cross-corpus-882,MinMaxScaler,CatBoost,46,12,10,-0.2095,7.0946,8.0893,-0.2617,-0.5468,-0.2822
3,positive_training,ADK,phq_9,PHQ9,cross-corpus-882,RobustScaler,Ridge,46,12,5,0.0315,5.7991,6.5584,0.0761,-0.0167,-0.0388
3,positive_training,ADK,phq_9,PHQ9,cross-corpus-882,RobustScaler,Lasso,46,12,5,0.0,5.8333,6.5045,,-0.0001,
3,positive_training,ADK,phq_9,PHQ9,cross-corpus-882,RobustScaler,ElasticNet,46,12,5,0.0432,5.9412,6.7025,0.074,-0.0619,-0.0388
3,positive_training,ADK,phq_9,PHQ9,cross-corpus-882,RobustScaler,SVR,46,12,5,0.0901,5.4625,6.4217,0.2013,0.0252,0.1587
3,positive_training,ADK,phq_9,PHQ9,cross-corpus-882,RobustScaler,KNN,46,12,5,0.0225,6.2222,7.0403,0.0304,-0.1716,0.0423
3,positive_training,ADK,phq_9,PHQ9,cross-corpus-882,RobustScaler,RF,46,12,5,-0.031,6.2943,7.0933,-0.0456,-0.1893,-0.0106
3,positive_training,ADK,phq_9,PHQ9,cross-corpus-882,RobustScaler,ET,46,12,5,-0.182,6.8375,7.8253,-0.2369,-0.4475,-0.1728
3,positive_training,ADK,phq_9,PHQ9,cross-corpus-882,RobustScaler,GB,46,12,5,-0.1622,7.1227,8.4154,-0.1779,-0.674,-0.0635
3,positive_training,ADK,phq_9,PHQ9,cross-corpus-882,RobustScaler,XGB,46,12,5,-0.165,7.2302,8.4881,-0.1782,-0.703,-0.2222
3,positive_training,ADK,phq_9,PHQ9,cross-corpus-882,RobustScaler,MLP,46,12,5,-0.0834,7.0433,8.3098,-0.0884,-0.6322,0.0282
3,positive_training,ADK,phq_9,PHQ9,cross-corpus-882,RobustScaler,LGBM,46,12,5,0.0184,6.0617,7.2092,0.0255,-0.2285,0.1462
3,positive_training,ADK,phq_9,PHQ9,cross-corpus-882,RobustScaler,CatBoost,46,12,5,-0.1022,6.8406,7.8522,-0.119,-0.4574,-0.1517
4,positive_training,ADK,phq_9,PHQ9,cross-corpus-882,StandardScaler,Ridge,47,11,5,-0.1572,6.0148,7.4648,-0.194,-2.5524,-0.2851
4,positive_training,ADK,phq_9,PHQ9,cross-corpus-882,StandardScaler,Lasso,47,11,5,-0.1476,5.0315,5.816,-0.1767,-1.1564,-0.2115
4,positive_training,ADK,phq_9,PHQ9,cross-corpus-882,StandardScaler,ElasticNet,47,11,5,-0.1328,6.1576,7.7966,-0.1655,-2.8752,-0.2115
4,positive_training,ADK,phq_9,PHQ9,cross-corpus-882,StandardScaler,SVR,47,11,5,-0.0045,4.2742,5.4156,-0.0048,-0.8698,0.046
4,positive_training,ADK,phq_9,PHQ9,cross-corpus-882,StandardScaler,KNN,47,11,5,-0.2611,5.5325,6.3786,-0.2951,-1.5938,-0.3357
4,positive_training,ADK,phq_9,PHQ9,cross-corpus-882,StandardScaler,RF,47,11,5,-0.0375,4.1339,4.966,-0.0452,-0.5722,0.0322
4,positive_training,ADK,phq_9,PHQ9,cross-corpus-882,StandardScaler,ET,47,11,5,-0.3286,5.4227,6.7784,-0.4206,-1.9292,-0.354
4,positive_training,ADK,phq_9,PHQ9,cross-corpus-882,StandardScaler,GB,47,11,5,-0.0439,4.3684,5.6485,-0.0445,-1.034,0.0414
4,positive_training,ADK,phq_9,PHQ9,cross-corpus-882,StandardScaler,XGB,47,11,5,0.0892,4.0423,5.0173,0.0916,-0.6048,0.1563
4,positive_training,ADK,phq_9,PHQ9,cross-corpus-882,StandardScaler,MLP,47,11,5,-0.123,7.1335,9.9205,-0.1681,-5.2742,-0.1012
4,positive_training,ADK,phq_9,PHQ9,cross-corpus-882,StandardScaler,LGBM,47,11,5,-0.1082,4.5877,5.1008,-0.1207,-0.6587,-0.3132
4,positive_training,ADK,phq_9,PHQ9,cross-corpus-882,StandardScaler,CatBoost,47,11,5,-0.1327,4.5867,5.3865,-0.1653,-0.8497,-0.0736
4,positive_training,ADK,phq_9,PHQ9,cross-corpus-882,MinMaxScaler,Ridge,47,11,10,-0.1567,6.1593,7.1468,-0.1846,-2.2562,-0.2759
4,positive_training,ADK,phq_9,PHQ9,cross-corpus-882,MinMaxScaler,Lasso,47,11,10,-0.1881,6.6995,7.8508,-0.233,-2.9293,-0.3219
4,positive_training,ADK,phq_9,PHQ9,cross-corpus-882,MinMaxScaler,ElasticNet,47,11,10,-0.1676,5.8806,6.5943,-0.1947,-1.7722,-0.2483
4,positive_training,ADK,phq_9,PHQ9,cross-corpus-882,MinMaxScaler,SVR,47,11,10,-0.1454,4.6526,5.6437,-0.1664,-1.0306,-0.1104
4,positive_training,ADK,phq_9,PHQ9,cross-corpus-882,MinMaxScaler,KNN,47,11,10,-0.3667,6.1212,7.2544,-0.426,-2.355,-0.492
4,positive_training,ADK,phq_9,PHQ9,cross-corpus-882,MinMaxScaler,RF,47,11,10,-0.0676,4.1384,4.9467,-0.0746,-0.56,-0.2897
4,positive_training,ADK,phq_9,PHQ9,cross-corpus-882,MinMaxScaler,ET,47,11,10,-0.2571,4.9191,5.883,-0.271,-1.2064,-0.354
4,positive_training,ADK,phq_9,PHQ9,cross-corpus-882,MinMaxScaler,GB,47,11,10,0.0958,4.1522,5.0255,0.0966,-0.6101,0.0046
4,positive_training,ADK,phq_9,PHQ9,cross-corpus-882,MinMaxScaler,XGB,47,11,10,0.1274,4.2674,4.996,0.1303,-0.5912,0.2621
4,positive_training,ADK,phq_9,PHQ9,cross-corpus-882,MinMaxScaler,MLP,47,11,10,0.0011,5.6614,6.4889,0.0013,-1.6843,-0.0736
4,positive_training,ADK,phq_9,PHQ9,cross-corpus-882,MinMaxScaler,LGBM,47,11,10,-0.0412,4.2205,4.9574,-0.0462,-0.5668,-0.0901
4,positive_training,ADK,phq_9,PHQ9,cross-corpus-882,MinMaxScaler,CatBoost,47,11,10,-0.1565,4.3957,5.1878,-0.1688,-0.7158,-0.092
4,positive_training,ADK,phq_9,PHQ9,cross-corpus-882,RobustScaler,Ridge,47,11,5,-0.0782,7.1453,8.5301,-0.1047,-3.6387,-0.2483
4,positive_training,ADK,phq_9,PHQ9,cross-corpus-882,RobustScaler,Lasso,47,11,5,-0.1127,7.2623,8.6606,-0.1515,-3.7818,-0.2483
4,positive_training,ADK,phq_9,PHQ9,cross-corpus-882,RobustScaler,ElasticNet,47,11,5,-0.1195,7.4966,8.9991,-0.1643,-4.1628,-0.3035
4,positive_training,ADK,phq_9,PHQ9,cross-corpus-882,RobustScaler,SVR,47,11,5,-0.2056,5.1869,6.6019,-0.2962,-1.7786,-0.1609
4,positive_training,ADK,phq_9,PHQ9,cross-corpus-882,RobustScaler,KNN,47,11,5,-0.1675,5.8182,6.5138,-0.2083,-1.7049,-0.115
4,positive_training,ADK,phq_9,PHQ9,cross-corpus-882,RobustScaler,RF,47,11,5,-0.1191,4.6175,5.0219,-0.1469,-0.6077,-0.1058
4,positive_training,ADK,phq_9,PHQ9,cross-corpus-882,RobustScaler,ET,47,11,5,-0.2107,5.1317,5.8587,-0.2525,-1.1882,-0.1839
4,positive_training,ADK,phq_9,PHQ9,cross-corpus-882,RobustScaler,GB,47,11,5,0.057,5.0516,6.0978,0.0605,-1.3705,0.092
4,positive_training,ADK,phq_9,PHQ9,cross-corpus-882,RobustScaler,XGB,47,11,5,0.0351,4.5375,5.2841,0.0352,-0.78,0.0828
4,positive_training,ADK,phq_9,PHQ9,cross-corpus-882,RobustScaler,MLP,47,11,5,-0.1135,8.0422,9.9537,-0.173,-5.3162,-0.3862
4,positive_training,ADK,phq_9,PHQ9,cross-corpus-882,RobustScaler,LGBM,47,11,5,-0.1154,4.246,4.6579,-0.1545,-0.3832,-0.1632
4,positive_training,ADK,phq_9,PHQ9,cross-corpus-882,RobustScaler,CatBoost,47,11,5,-0.1584,5.083,5.6601,-0.1911,-1.0424,-0.0828
5,positive_training,ADK,phq_9,PHQ9,cross-corpus-882,StandardScaler,Ridge,47,11,5,-0.0708,7.5331,8.7455,-0.0755,-0.6028,-0.0547
5,positive_training,ADK,phq_9,PHQ9,cross-corpus-882,StandardScaler,Lasso,47,11,5,-0.0712,7.46,8.6657,-0.0768,-0.5737,-0.0729
5,positive_training,ADK,phq_9,PHQ9,cross-corpus-882,StandardScaler,ElasticNet,47,11,5,-0.0589,7.7421,9.0015,-0.0608,-0.698,-0.0182
5,positive_training,ADK,phq_9,PHQ9,cross-corpus-882,StandardScaler,SVR,47,11,5,-0.1005,7.2716,8.5934,-0.1149,-0.5475,-0.1686
5,positive_training,ADK,phq_9,PHQ9,cross-corpus-882,StandardScaler,KNN,47,11,5,-0.1273,7.1091,8.4962,-0.1481,-0.5127,-0.0847
5,positive_training,ADK,phq_9,PHQ9,cross-corpus-882,StandardScaler,RF,47,11,5,-0.1618,7.0193,8.1885,-0.2268,-0.4051,-0.2688
5,positive_training,ADK,phq_9,PHQ9,cross-corpus-882,StandardScaler,ET,47,11,5,-0.1195,7.4265,8.3807,-0.1463,-0.4719,0.0547
5,positive_training,ADK,phq_9,PHQ9,cross-corpus-882,StandardScaler,GB,47,11,5,0.0126,6.9855,8.3608,0.0137,-0.4649,-0.0137
5,positive_training,ADK,phq_9,PHQ9,cross-corpus-882,StandardScaler,XGB,47,11,5,-0.2546,8.1152,9.5061,-0.2745,-0.8937,-0.2779
5,positive_training,ADK,phq_9,PHQ9,cross-corpus-882,StandardScaler,MLP,47,11,5,-0.1123,8.4982,9.5311,-0.1149,-0.9037,-0.1458
5,positive_training,ADK,phq_9,PHQ9,cross-corpus-882,StandardScaler,LGBM,47,11,5,-0.224,6.8684,8.4543,-0.2999,-0.4978,-0.2569
5,positive_training,ADK,phq_9,PHQ9,cross-corpus-882,StandardScaler,CatBoost,47,11,5,-0.1978,7.411,8.7252,-0.2367,-0.5954,-0.3736
5,positive_training,ADK,phq_9,PHQ9,cross-corpus-882,MinMaxScaler,Ridge,47,11,5,-0.2679,8.8773,10.1082,-0.2776,-1.1412,-0.3189
5,positive_training,ADK,phq_9,PHQ9,cross-corpus-882,MinMaxScaler,Lasso,47,11,5,-0.2736,9.0847,10.3289,-0.2811,-1.2357,-0.3645
5,positive_training,ADK,phq_9,PHQ9,cross-corpus-882,MinMaxScaler,ElasticNet,47,11,5,-0.2656,8.7982,10.0246,-0.2763,-1.1059,-0.3189
5,positive_training,ADK,phq_9,PHQ9,cross-corpus-882,MinMaxScaler,SVR,47,11,5,-0.2409,8.0193,9.2747,-0.2677,-0.8026,-0.3007
5,positive_training,ADK,phq_9,PHQ9,cross-corpus-882,MinMaxScaler,KNN,47,11,5,-0.1991,7.4646,8.777,-0.2452,-0.6144,-0.2597
5,positive_training,ADK,phq_9,PHQ9,cross-corpus-882,MinMaxScaler,RF,47,11,5,-0.13,6.6845,8.1078,-0.1719,-0.3776,-0.1458
5,positive_training,ADK,phq_9,PHQ9,cross-corpus-882,MinMaxScaler,ET,47,11,5,-0.1667,7.25,8.6756,-0.1953,-0.5773,-0.2916
5,positive_training,ADK,phq_9,PHQ9,cross-corpus-882,MinMaxScaler,GB,47,11,5,-0.2219,7.4486,8.8837,-0.2541,-0.6538,-0.2916
5,positive_training,ADK,phq_9,PHQ9,cross-corpus-882,MinMaxScaler,XGB,47,11,5,-0.1656,7.3843,8.9615,-0.1795,-0.6829,-0.1458
5,positive_training,ADK,phq_9,PHQ9,cross-corpus-882,MinMaxScaler,MLP,47,11,5,-0.2557,9.1527,10.3342,-0.2612,-1.238,-0.3189
5,positive_training,ADK,phq_9,PHQ9,cross-corpus-882,MinMaxScaler,LGBM,47,11,5,-0.2185,6.9813,8.1819,-0.3294,-0.4029,-0.305
5,positive_training,ADK,phq_9,PHQ9,cross-corpus-882,MinMaxScaler,CatBoost,47,11,5,-0.2165,7.3678,8.8011,-0.2509,-0.6232,-0.2415
5,positive_training,ADK,phq_9,PHQ9,cross-corpus-882,RobustScaler,Ridge,47,11,10,-0.2396,9.3193,10.6421,-0.2416,-1.3734,-0.4465
5,positive_training,ADK,phq_9,PHQ9,cross-corpus-882,RobustScaler,Lasso,47,11,10,-0.2197,9.1599,10.4214,-0.2214,-1.2759,-0.4237
5,positive_training,ADK,phq_9,PHQ9,cross-corpus-882,RobustScaler,ElasticNet,47,11,10,-0.2306,9.0316,10.2479,-0.2341,-1.2008,-0.4237
5,positive_training,ADK,phq_9,PHQ9,cross-corpus-882,RobustScaler,SVR,47,11,10,-0.215,8.0443,9.0454,-0.2515,-0.7146,-0.4055
5,positive_training,ADK,phq_9,PHQ9,cross-corpus-882,RobustScaler,KNN,47,11,10,-0.2239,7.6883,8.896,-0.2574,-0.6584,-0.3562
5,positive_training,ADK,phq_9,PHQ9,cross-corpus-882,RobustScaler,RF,47,11,10,-0.2632,7.4762,8.7519,-0.3389,-0.6051,-0.2551
5,positive_training,ADK,phq_9,PHQ9,cross-corpus-882,RobustScaler,ET,47,11,10,-0.1622,7.9364,8.9504,-0.1791,-0.6788,-0.0683
5,positive_training,ADK,phq_9,PHQ9,cross-corpus-882,RobustScaler,GB,47,11,10,-0.4569,9.081,10.3942,-0.4822,-1.2641,-0.369
5,positive_training,ADK,phq_9,PHQ9,cross-corpus-882,RobustScaler,XGB,47,11,10,-0.3887,8.7236,10.1022,-0.4327,-1.1386,-0.3326
5,positive_training,ADK,phq_9,PHQ9,cross-corpus-882,RobustScaler,MLP,47,11,10,-0.2483,9.0643,10.2117,-0.2516,-1.1853,-0.3781
5,positive_training,ADK,phq_9,PHQ9,cross-corpus-882,RobustScaler,LGBM,47,11,10,-0.2601,7.4576,8.8597,-0.3248,-0.6449,-0.3356
5,positive_training,ADK,phq_9,PHQ9,cross-corpus-882,RobustScaler,CatBoost,47,11,10,-0.2396,8.1396,9.2531,-0.2682,-0.7942,-0.3235
1,positive_training,ADK,ads.1,CES-D,cross-corpus-882,StandardScaler,Ridge,45,12,5,-0.0327,11.2291,12.9014,-0.0465,-0.4701,0.1195
1,positive_training,ADK,ads.1,CES-D,cross-corpus-882,StandardScaler,Lasso,45,12,5,-0.0323,11.2271,12.8972,-0.046,-0.4691,0.1195
1,positive_training,ADK,ads.1,CES-D,cross-corpus-882,StandardScaler,ElasticNet,45,12,5,-0.035,11.1261,12.7359,-0.0512,-0.4326,0.1195
1,positive_training,ADK,ads.1,CES-D,cross-corpus-882,StandardScaler,SVR,45,12,5,0.0497,10.1102,13.4203,0.0617,-0.5907,0.1054
1,positive_training,ADK,ads.1,CES-D,cross-corpus-882,StandardScaler,KNN,45,12,5,0.2228,9.2805,12.2312,0.2267,-0.3213,0.1958
1,positive_training,ADK,ads.1,CES-D,cross-corpus-882,StandardScaler,RF,45,12,5,0.0259,10.1997,12.3032,0.0362,-0.3369,0.1371
1,positive_training,ADK,ads.1,CES-D,cross-corpus-882,StandardScaler,ET,45,12,5,0.1498,9.5002,11.5072,0.1927,-0.1695,0.2601
1,positive_training,ADK,ads.1,CES-D,cross-corpus-882,StandardScaler,GB,45,12,5,0.0295,11.3983,14.191,0.0339,-0.7787,0.0738
1,positive_training,ADK,ads.1,CES-D,cross-corpus-882,StandardScaler,XGB,45,12,5,0.1148,10.7001,13.0247,0.1416,-0.4983,0.2214
1,positive_training,ADK,ads.1,CES-D,cross-corpus-882,StandardScaler,MLP,45,12,5,0.0154,10.245,12.6483,0.017,-0.413,0.1054
1,positive_training,ADK,ads.1,CES-D,cross-corpus-882,StandardScaler,LGBM,45,12,5,-0.0644,10.1642,13.0082,-0.1004,-0.4945,0.0619
1,positive_training,ADK,ads.1,CES-D,cross-corpus-882,StandardScaler,CatBoost,45,12,5,0.093,10.1274,12.1856,0.1333,-0.3115,0.2074
1,positive_training,ADK,ads.1,CES-D,cross-corpus-882,MinMaxScaler,Ridge,45,12,5,0.0478,12.1321,13.9997,0.0635,-0.731,0.123
1,positive_training,ADK,ads.1,CES-D,cross-corpus-882,MinMaxScaler,Lasso,45,12,5,0.0471,12.0858,13.9589,0.0628,-0.721,0.123
1,positive_training,ADK,ads.1,CES-D,cross-corpus-882,MinMaxScaler,ElasticNet,45,12,5,0.0479,11.8879,13.767,0.065,-0.674,0.123
1,positive_training,ADK,ads.1,CES-D,cross-corpus-882,MinMaxScaler,SVR,45,12,5,0.0584,11.7263,13.6864,0.0832,-0.6544,0.1125
1,positive_training,ADK,ads.1,CES-D,cross-corpus-882,MinMaxScaler,KNN,45,12,5,0.1386,11.0595,12.0009,0.1615,-0.272,0.2707
1,positive_training,ADK,ads.1,CES-D,cross-corpus-882,MinMaxScaler,RF,45,12,5,0.0478,10.5593,12.6726,0.0732,-0.4184,0.1582
1,positive_training,ADK,ads.1,CES-D,cross-corpus-882,MinMaxScaler,ET,45,12,5,0.2229,9.7878,11.0517,0.3375,-0.0788,0.3937
1,positive_training,ADK,ads.1,CES-D,cross-corpus-882,MinMaxScaler,GB,45,12,5,0.1197,10.875,12.8116,0.1685,-0.4497,0.109
1,positive_training,ADK,ads.1,CES-D,cross-corpus-882,MinMaxScaler,XGB,45,12,5,0.1066,11.2818,13.238,0.1737,-0.5478,0.2179
1,positive_training,ADK,ads.1,CES-D,cross-corpus-882,MinMaxScaler,MLP,45,12,5,0.101,12.4495,14.1542,0.1393,-0.7694,0.1336
1,positive_training,ADK,ads.1,CES-D,cross-corpus-882,MinMaxScaler,LGBM,45,12,5,-0.0354,11.4423,13.9028,-0.0479,-0.7071,-0.1285
1,positive_training,ADK,ads.1,CES-D,cross-corpus-882,MinMaxScaler,CatBoost,45,12,5,0.1131,11.1063,13.0738,0.1579,-0.5096,0.2742
1,positive_training,ADK,ads.1,CES-D,cross-corpus-882,RobustScaler,Ridge,45,12,10,-0.0806,12.0566,14.8262,-0.1029,-0.9415,0.0527
1,positive_training,ADK,ads.1,CES-D,cross-corpus-882,RobustScaler,Lasso,45,12,10,-0.0487,11.7325,14.2463,-0.0632,-0.7926,0.0351
1,positive_training,ADK,ads.1,CES-D,cross-corpus-882,RobustScaler,ElasticNet,45,12,10,-0.0364,11.6217,14.1143,-0.0467,-0.7595,0.0668
1,positive_training,ADK,ads.1,CES-D,cross-corpus-882,RobustScaler,SVR,45,12,10,0.0397,11.0762,12.6368,0.0432,-0.4104,0.1722
1,positive_training,ADK,ads.1,CES-D,cross-corpus-882,RobustScaler,KNN,45,12,10,0.127,10.8889,13.0108,0.1319,-0.4951,0.0914
1,positive_training,ADK,ads.1,CES-D,cross-corpus-882,RobustScaler,RF,45,12,10,0.0049,9.94,12.2094,0.0063,-0.3166,0.0844
1,positive_training,ADK,ads.1,CES-D,cross-corpus-882,RobustScaler,ET,45,12,10,0.0452,10.2376,12.0747,0.0564,-0.2877,0.1441
1,positive_training,ADK,ads.1,CES-D,cross-corpus-882,RobustScaler,GB,45,12,10,-0.0064,10.624,12.9935,-0.0071,-0.4911,0.1757
1,positive_training,ADK,ads.1,CES-D,cross-corpus-882,RobustScaler,XGB,45,12,10,0.1733,8.9951,11.8074,0.1846,-0.2313,0.225
1,positive_training,ADK,ads.1,CES-D,cross-corpus-882,RobustScaler,MLP,45,12,10,0.024,11.0253,13.6274,0.0256,-0.6402,0.0984
1,positive_training,ADK,ads.1,CES-D,cross-corpus-882,RobustScaler,LGBM,45,12,10,-0.0562,11.2162,13.3916,-0.0711,-0.5839,-0.1215
1,positive_training,ADK,ads.1,CES-D,cross-corpus-882,RobustScaler,CatBoost,45,12,10,-0.0571,10.6179,12.6783,-0.0693,-0.4197,0.007
2,positive_training,ADK,ads.1,CES-D,cross-corpus-882,StandardScaler,Ridge,45,12,10,-0.5515,15.8562,18.6296,-0.572,-2.1545,-0.6105
2,positive_training,ADK,ads.1,CES-D,cross-corpus-882,StandardScaler,Lasso,45,12,10,-0.5991,15.1675,17.4204,-0.6359,-1.7583,-0.7404
2,positive_training,ADK,ads.1,CES-D,cross-corpus-882,StandardScaler,ElasticNet,45,12,10,-0.4982,13.5121,14.9793,-0.5852,-1.0394,-0.6105
2,positive_training,ADK,ads.1,CES-D,cross-corpus-882,StandardScaler,SVR,45,12,10,-0.4983,13.8984,14.8978,-0.6043,-1.0173,-0.5509
2,positive_training,ADK,ads.1,CES-D,cross-corpus-882,StandardScaler,KNN,45,12,10,-0.4334,14.8056,16.2489,-0.4708,-1.3998,-0.4903
2,positive_training,ADK,ads.1,CES-D,cross-corpus-882,StandardScaler,RF,45,12,10,-0.3671,13.6949,14.7703,-0.4256,-0.9829,-0.386
2,positive_training,ADK,ads.1,CES-D,cross-corpus-882,StandardScaler,ET,45,12,10,-0.3668,13.4807,14.6185,-0.4179,-0.9424,-0.3298
2,positive_training,ADK,ads.1,CES-D,cross-corpus-882,StandardScaler,GB,45,12,10,-0.3212,13.6871,15.5967,-0.3312,-1.211,-0.4
2,positive_training,ADK,ads.1,CES-D,cross-corpus-882,StandardScaler,XGB,45,12,10,-0.3127,13.791,15.3817,-0.3539,-1.1505,-0.3158
2,positive_training,ADK,ads.1,CES-D,cross-corpus-882,StandardScaler,MLP,45,12,10,-0.593,18.2306,20.1558,-0.6764,-2.6926,-0.7439
2,positive_training,ADK,ads.1,CES-D,cross-corpus-882,StandardScaler,LGBM,45,12,10,-0.3244,13.1471,14.3551,-0.3801,-0.873,-0.3234
2,positive_training,ADK,ads.1,CES-D,cross-corpus-882,StandardScaler,CatBoost,45,12,10,-0.4543,14.7478,16.1216,-0.4934,-1.3623,-0.4281
2,positive_training,ADK,ads.1,CES-D,cross-corpus-882,MinMaxScaler,Ridge,45,12,10,-0.4513,13.9439,15.551,-0.4946,-1.1981,-0.4246
2,positive_training,ADK,ads.1,CES-D,cross-corpus-882,MinMaxScaler,Lasso,45,12,10,-0.5686,15.6357,17.8689,-0.5971,-1.9022,-0.586
2,positive_training,ADK,ads.1,CES-D,cross-corpus-882,MinMaxScaler,ElasticNet,45,12,10,-0.3556,12.7513,13.9274,-0.4367,-0.7631,-0.2316
2,positive_training,ADK,ads.1,CES-D,cross-corpus-882,MinMaxScaler,SVR,45,12,10,-0.565,15.0119,16.9118,-0.591,-1.5996,-0.586
2,positive_training,ADK,ads.1,CES-D,cross-corpus-882,MinMaxScaler,KNN,45,12,10,-0.4747,14.55,15.643,-0.5022,-1.2242,-0.4007
2,positive_training,ADK,ads.1,CES-D,cross-corpus-882,MinMaxScaler,RF,45,12,10,-0.3031,13.1666,13.8845,-0.3828,-0.7522,-0.2842
2,positive_training,ADK,ads.1,CES-D,cross-corpus-882,MinMaxScaler,ET,45,12,10,-0.2998,13.0275,14.1065,-0.3589,-0.8087,-0.2175
2,positive_training,ADK,ads.1,CES-D,cross-corpus-882,MinMaxScaler,GB,45,12,10,-0.4601,14.363,15.2982,-0.4972,-1.1272,-0.3789
2,positive_training,ADK,ads.1,CES-D,cross-corpus-882,MinMaxScaler,XGB,45,12,10,-0.2006,13.1064,14.0514,-0.2431,-0.7946,-0.2
2,positive_training,ADK,ads.1,CES-D,cross-corpus-882,MinMaxScaler,MLP,45,12,10,-0.4639,15.0243,17.0254,-0.4831,-1.6346,-0.4105
2,positive_training,ADK,ads.1,CES-D,cross-corpus-882,MinMaxScaler,LGBM,45,12,10,-0.3895,13.3806,14.4308,-0.459,-0.8928,-0.3825
2,positive_training,ADK,ads.1,CES-D,cross-corpus-882,MinMaxScaler,CatBoost,45,12,10,-0.315,13.2537,14.1951,-0.3727,-0.8315,-0.2351
2,positive_training,ADK,ads.1,CES-D,cross-corpus-882,RobustScaler,Ridge,45,12,5,-0.3064,12.414,13.6347,-0.3695,-0.6897,-0.3579
2,positive_training,ADK,ads.1,CES-D,cross-corpus-882,RobustScaler,Lasso,45,12,5,-0.321,12.9717,14.452,-0.3502,-0.8984,-0.3158
2,positive_training,ADK,ads.1,CES-D,cross-corpus-882,RobustScaler,ElasticNet,45,12,5,-0.3245,12.8123,14.2271,-0.3634,-0.8397,-0.3579
2,positive_training,ADK,ads.1,CES-D,cross-corpus-882,RobustScaler,SVR,45,12,5,-0.4063,13.5663,14.925,-0.4485,-1.0247,-0.3614
2,positive_training,ADK,ads.1,CES-D,cross-corpus-882,RobustScaler,KNN,45,12,5,-0.513,14.341,15.519,-0.5779,-1.189,-0.4597
2,positive_training,ADK,ads.1,CES-D,cross-corpus-882,RobustScaler,RF,45,12,5,-0.3002,13.0096,14.4168,-0.3583,-0.8891,-0.3544
2,positive_training,ADK,ads.1,CES-D,cross-corpus-882,RobustScaler,ET,45,12,5,-0.3202,13.119,14.4039,-0.3829,-0.8857,-0.3053
2,positive_training,ADK,ads.1,CES-D,cross-corpus-882,RobustScaler,GB,45,12,5,-0.2308,13.4694,15.0777,-0.2905,-1.0663,-0.2912
2,positive_training,ADK,ads.1,CES-D,cross-corpus-882,RobustScaler,XGB,45,12,5,-0.2692,13.6029,15.2822,-0.329,-1.1227,-0.3298
2,positive_training,ADK,ads.1,CES-D,cross-corpus-882,RobustScaler,MLP,45,12,5,-0.3793,14.4875,16.5756,-0.3991,-1.4973,-0.3649
2,positive_training,ADK,ads.1,CES-D,cross-corpus-882,RobustScaler,LGBM,45,12,5,-0.3705,13.7425,15.3152,-0.4057,-1.1319,-0.3122
2,positive_training,ADK,ads.1,CES-D,cross-corpus-882,RobustScaler,CatBoost,45,12,5,-0.2272,12.8708,14.4218,-0.2745,-0.8905,-0.2035
3,positive_training,ADK,ads.1,CES-D,cross-corpus-882,StandardScaler,Ridge,46,11,5,0.0852,12.0047,14.6251,0.1944,-0.0576,-0.0364
3,positive_training,ADK,ads.1,CES-D,cross-corpus-882,StandardScaler,Lasso,46,11,5,0.1465,11.7917,14.5898,0.2918,-0.0525,-0.0182
3,positive_training,ADK,ads.1,CES-D,cross-corpus-882,StandardScaler,ElasticNet,46,11,5,0.1198,11.845,14.6001,0.2526,-0.054,-0.0091
3,positive_training,ADK,ads.1,CES-D,cross-corpus-882,StandardScaler,SVR,46,11,5,0.0688,12.5427,15.6068,0.1246,-0.2043,0.0273
3,positive_training,ADK,ads.1,CES-D,cross-corpus-882,StandardScaler,KNN,46,11,5,0.1582,11.6976,14.2618,0.2834,-0.0057,0.1959
3,positive_training,ADK,ads.1,CES-D,cross-corpus-882,StandardScaler,RF,46,11,5,-0.0893,12.6645,16.4168,-0.1507,-0.3326,-0.2091
3,positive_training,ADK,ads.1,CES-D,cross-corpus-882,StandardScaler,ET,46,11,5,-0.1241,12.8086,17.0533,-0.1736,-0.4379,-0.2
3,positive_training,ADK,ads.1,CES-D,cross-corpus-882,StandardScaler,GB,46,11,5,-0.1379,12.879,17.6379,-0.2207,-0.5382,-0.2273
3,positive_training,ADK,ads.1,CES-D,cross-corpus-882,StandardScaler,XGB,46,11,5,0.0115,12.7698,16.6815,0.0148,-0.3759,0.0818
3,positive_training,ADK,ads.1,CES-D,cross-corpus-882,StandardScaler,MLP,46,11,5,0.0789,12.8784,16.0683,0.1319,-0.2766,-0.0364
3,positive_training,ADK,ads.1,CES-D,cross-corpus-882,StandardScaler,LGBM,46,11,5,-0.1579,13.122,16.9903,-0.2856,-0.4273,-0.3088
3,positive_training,ADK,ads.1,CES-D,cross-corpus-882,StandardScaler,CatBoost,46,11,5,-0.0878,12.6812,16.9054,-0.1275,-0.4131,-0.1909
3,positive_training,ADK,ads.1,CES-D,cross-corpus-882,MinMaxScaler,Ridge,46,11,5,-0.0434,12.9938,15.2882,-0.1201,-0.1557,-0.0182
3,positive_training,ADK,ads.1,CES-D,cross-corpus-882,MinMaxScaler,Lasso,46,11,5,-0.0497,13.0015,15.5678,-0.1194,-0.1983,-0.1091
3,positive_training,ADK,ads.1,CES-D,cross-corpus-882,MinMaxScaler,ElasticNet,46,11,5,-0.0259,12.8546,14.893,-0.0955,-0.0967,0.0636
3,positive_training,ADK,ads.1,CES-D,cross-corpus-882,MinMaxScaler,SVR,46,11,5,0.0438,13.1991,15.7407,0.0731,-0.2251,0.0455
3,positive_training,ADK,ads.1,CES-D,cross-corpus-882,MinMaxScaler,KNN,46,11,5,0.1099,12.1307,14.3831,0.2131,-0.0229,0.1364
3,positive_training,ADK,ads.1,CES-D,cross-corpus-882,MinMaxScaler,RF,46,11,5,-0.1304,13.1075,16.277,-0.3285,-0.31,-0.3545
3,positive_training,ADK,ads.1,CES-D,cross-corpus-882,MinMaxScaler,ET,46,11,5,-0.1332,13.2837,16.0823,-0.2908,-0.2788,-0.3909
3,positive_training,ADK,ads.1,CES-D,cross-corpus-882,MinMaxScaler,GB,46,11,5,-0.1722,14.5669,18.3728,-0.3376,-0.669,-0.3273
3,positive_training,ADK,ads.1,CES-D,cross-corpus-882,MinMaxScaler,XGB,46,11,5,-0.1699,14.0361,17.7348,-0.3215,-0.5551,-0.3909
3,positive_training,ADK,ads.1,CES-D,cross-corpus-882,MinMaxScaler,MLP,46,11,5,-0.0604,13.2682,15.667,-0.1368,-0.2136,-0.0909
3,positive_training,ADK,ads.1,CES-D,cross-corpus-882,MinMaxScaler,LGBM,46,11,5,-0.2204,13.6444,16.9386,-0.4617,-0.4186,-0.3973
3,positive_training,ADK,ads.1,CES-D,cross-corpus-882,MinMaxScaler,CatBoost,46,11,5,-0.1653,13.822,18.0319,-0.268,-0.6077,-0.2455
3,positive_training,ADK,ads.1,CES-D,cross-corpus-882,RobustScaler,Ridge,46,11,5,-0.0568,13.7046,15.4453,-0.1195,-0.1795,-0.1
3,positive_training,ADK,ads.1,CES-D,cross-corpus-882,RobustScaler,Lasso,46,11,5,-0.0383,13.696,15.423,-0.0742,-0.1761,-0.1182
3,positive_training,ADK,ads.1,CES-D,cross-corpus-882,RobustScaler,ElasticNet,46,11,5,-0.0766,13.7548,15.4788,-0.1755,-0.1847,-0.1545
3,positive_training,ADK,ads.1,CES-D,cross-corpus-882,RobustScaler,SVR,46,11,5,-0.0396,13.2728,15.0781,-0.0862,-0.1241,-0.1
3,positive_training,ADK,ads.1,CES-D,cross-corpus-882,RobustScaler,KNN,46,11,5,0.0428,13.1842,14.4876,0.0807,-0.0378,0.3052
3,positive_training,ADK,ads.1,CES-D,cross-corpus-882,RobustScaler,RF,46,11,5,0.1585,12.2721,13.9328,0.2743,0.0402,0.1545
3,positive_training,ADK,ads.1,CES-D,cross-corpus-882,RobustScaler,ET,46,11,5,0.1322,13.2243,14.8331,0.165,-0.0879,0.2273
3,positive_training,ADK,ads.1,CES-D,cross-corpus-882,RobustScaler,GB,46,11,5,0.0386,12.7029,15.1155,0.0584,-0.1297,0.0182
3,positive_training,ADK,ads.1,CES-D,cross-corpus-882,RobustScaler,XGB,46,11,5,0.1787,11.7334,13.9544,0.2679,0.0372,0.1727
3,positive_training,ADK,ads.1,CES-D,cross-corpus-882,RobustScaler,MLP,46,11,5,-0.178,14.893,16.5993,-0.3271,-0.3624,-0.3727
3,positive_training,ADK,ads.1,CES-D,cross-corpus-882,RobustScaler,LGBM,46,11,5,-0.0351,13.2782,15.2271,-0.0788,-0.1464,-0.2321
3,positive_training,ADK,ads.1,CES-D,cross-corpus-882,RobustScaler,CatBoost,46,11,5,0.1566,12.3675,13.8632,0.267,0.0497,0.2273
4,positive_training,ADK,ads.1,CES-D,cross-corpus-882,StandardScaler,Ridge,46,11,10,-0.4006,14.9401,17.0237,-0.4055,-2.0313,-0.5182
4,positive_training,ADK,ads.1,CES-D,cross-corpus-882,StandardScaler,Lasso,46,11,10,-0.3906,15.9004,18.1059,-0.4024,-2.429,-0.5182
4,positive_training,ADK,ads.1,CES-D,cross-corpus-882,StandardScaler,ElasticNet,46,11,10,-0.3938,15.5815,17.7331,-0.403,-2.2892,-0.5182
4,positive_training,ADK,ads.1,CES-D,cross-corpus-882,StandardScaler,SVR,46,11,10,-0.4543,11.076,13.1893,-0.5847,-0.8196,-0.5
4,positive_training,ADK,ads.1,CES-D,cross-corpus-882,StandardScaler,KNN,46,11,10,-0.4065,12.4684,14.3956,-0.4419,-1.1676,-0.3909
4,positive_training,ADK,ads.1,CES-D,cross-corpus-882,StandardScaler,RF,46,11,10,-0.3205,11.4363,13.2807,-0.3594,-0.8449,-0.4091
4,positive_training,ADK,ads.1,CES-D,cross-corpus-882,StandardScaler,ET,46,11,10,-0.412,12.1208,13.6697,-0.4931,-0.9545,-0.6182
4,positive_training,ADK,ads.1,CES-D,cross-corpus-882,StandardScaler,GB,46,11,10,-0.1181,13.081,13.8715,-0.1367,-1.0127,-0.2182
4,positive_training,ADK,ads.1,CES-D,cross-corpus-882,StandardScaler,XGB,46,11,10,-0.3171,14.4859,15.4484,-0.362,-1.4963,-0.3727
4,positive_training,ADK,ads.1,CES-D,cross-corpus-882,StandardScaler,MLP,46,11,10,-0.3357,16.2562,19.374,-0.3622,-2.9261,-0.6545
4,positive_training,ADK,ads.1,CES-D,cross-corpus-882,StandardScaler,LGBM,46,11,10,-0.1053,9.9984,12.3531,-0.1208,-0.5962,-0.2009
4,positive_training,ADK,ads.1,CES-D,cross-corpus-882,StandardScaler,CatBoost,46,11,10,-0.2368,12.9508,14.0709,-0.262,-1.071,-0.3636
4,positive_training,ADK,ads.1,CES-D,cross-corpus-882,MinMaxScaler,Ridge,46,11,15,-0.4151,14.0631,16.1241,-0.4165,-1.7194,-0.4818
4,positive_training,ADK,ads.1,CES-D,cross-corpus-882,MinMaxScaler,Lasso,46,11,15,-0.3982,14.7413,16.9723,-0.4036,-2.013,-0.4636
4,positive_training,ADK,ads.1,CES-D,cross-corpus-882,MinMaxScaler,ElasticNet,46,11,15,-0.4017,14.8963,17.0022,-0.405,-2.0237,-0.4818
4,positive_training,ADK,ads.1,CES-D,cross-corpus-882,MinMaxScaler,SVR,46,11,15,-0.3681,14.923,16.7294,-0.379,-1.9274,-0.4455
4,positive_training,ADK,ads.1,CES-D,cross-corpus-882,MinMaxScaler,KNN,46,11,15,-0.3916,11.7035,13.4022,-0.4503,-0.8788,-0.3455
4,positive_training,ADK,ads.1,CES-D,cross-corpus-882,MinMaxScaler,RF,46,11,15,-0.3727,11.6979,13.5544,-0.4167,-0.9217,-0.5091
4,positive_training,ADK,ads.1,CES-D,cross-corpus-882,MinMaxScaler,ET,46,11,15,-0.4333,12.4099,13.8866,-0.5107,-1.017,-0.5545
4,positive_training,ADK,ads.1,CES-D,cross-corpus-882,MinMaxScaler,GB,46,11,15,-0.1693,13.4076,14.3705,-0.1792,-1.1601,-0.3182
4,positive_training,ADK,ads.1,CES-D,cross-corpus-882,MinMaxScaler,XGB,46,11,15,-0.2653,14.9163,15.8367,-0.2785,-1.6233,-0.3273
4,positive_training,ADK,ads.1,CES-D,cross-corpus-882,MinMaxScaler,MLP,46,11,15,-0.3734,15.8179,17.5909,-0.3787,-2.2367,-0.4091
4,positive_training,ADK,ads.1,CES-D,cross-corpus-882,MinMaxScaler,LGBM,46,11,15,-0.2191,10.4895,13.1002,-0.2377,-0.7951,-0.2364
4,positive_training,ADK,ads.1,CES-D,cross-corpus-882,MinMaxScaler,CatBoost,46,11,15,-0.2426,12.9112,13.8941,-0.2767,-1.0192,-0.4091
4,positive_training,ADK,ads.1,CES-D,cross-corpus-882,RobustScaler,Ridge,46,11,5,-0.4082,15.5357,17.9777,-0.4397,-2.3806,-0.5455
4,positive_training,ADK,ads.1,CES-D,cross-corpus-882,RobustScaler,Lasso,46,11,5,-0.4083,15.5297,17.9732,-0.4397,-2.3789,-0.5455
4,positive_training,ADK,ads.1,CES-D,cross-corpus-882,RobustScaler,ElasticNet,46,11,5,-0.4088,15.501,17.9302,-0.4401,-2.3628,-0.5455
4,positive_training,ADK,ads.1,CES-D,cross-corpus-882,RobustScaler,SVR,46,11,5,-0.2361,12.3432,14.0771,-0.3769,-1.0728,-0.2727
4,positive_training,ADK,ads.1,CES-D,cross-corpus-882,RobustScaler,KNN,46,11,5,-0.3348,12.057,13.6965,-0.4618,-0.9622,-0.5467
4,positive_training,ADK,ads.1,CES-D,cross-corpus-882,RobustScaler,RF,46,11,5,-0.2422,11.9973,13.2904,-0.3042,-0.8476,-0.5455
4,positive_training,ADK,ads.1,CES-D,cross-corpus-882,RobustScaler,ET,46,11,5,-0.2389,11.8081,13.208,-0.3268,-0.8247,-0.2909
4,positive_training,ADK,ads.1,CES-D,cross-corpus-882,RobustScaler,GB,46,11,5,-0.2133,14.0082,15.2312,-0.2358,-1.4265,-0.2182
4,positive_training,ADK,ads.1,CES-D,cross-corpus-882,RobustScaler,XGB,46,11,5,-0.1649,12.8543,14.278,-0.1859,-1.1323,-0.1091
4,positive_training,ADK,ads.1,CES-D,cross-corpus-882,RobustScaler,MLP,46,11,5,-0.2702,16.1908,18.0929,-0.2993,-2.424,-0.5091
4,positive_training,ADK,ads.1,CES-D,cross-corpus-882,RobustScaler,LGBM,46,11,5,-0.0097,9.6951,11.6715,-0.0136,-0.4249,-0.2367
4,positive_training,ADK,ads.1,CES-D,cross-corpus-882,RobustScaler,CatBoost,46,11,5,-0.1433,13.1856,14.4577,-0.1807,-1.1864,-0.1636
5,positive_training,ADK,ads.1,CES-D,cross-corpus-882,StandardScaler,Ridge,46,11,5,-0.2149,12.9856,15.7915,-0.4161,-0.499,-0.5877
5,positive_training,ADK,ads.1,CES-D,cross-corpus-882,StandardScaler,Lasso,46,11,5,-0.1725,12.3794,15.1671,-0.3835,-0.3828,-0.5011
5,positive_training,ADK,ads.1,CES-D,cross-corpus-882,StandardScaler,ElasticNet,46,11,5,-0.1874,12.2256,15.1272,-0.4551,-0.3756,-0.6287
5,positive_training,ADK,ads.1,CES-D,cross-corpus-882,StandardScaler,SVR,46,11,5,-0.0992,12.7015,15.8888,-0.1633,-0.5176,-0.3098
5,positive_training,ADK,ads.1,CES-D,cross-corpus-882,StandardScaler,KNN,46,11,5,-0.3668,14.1139,18.164,-0.4965,-0.9833,-0.589
5,positive_training,ADK,ads.1,CES-D,cross-corpus-882,StandardScaler,RF,46,11,5,-0.1468,11.6486,15.0331,-0.3366,-0.3585,-0.2642
5,positive_training,ADK,ads.1,CES-D,cross-corpus-882,StandardScaler,ET,46,11,5,-0.2837,12.71,16.4908,-0.5226,-0.6347,-0.6424
5,positive_training,ADK,ads.1,CES-D,cross-corpus-882,StandardScaler,GB,46,11,5,-0.2478,13.3078,18.0593,-0.4234,-0.9605,-0.451
5,positive_training,ADK,ads.1,CES-D,cross-corpus-882,StandardScaler,XGB,46,11,5,-0.2043,12.7721,16.5512,-0.3512,-0.6467,-0.3599
5,positive_training,ADK,ads.1,CES-D,cross-corpus-882,StandardScaler,MLP,46,11,5,-0.2468,14.7599,16.3042,-0.3237,-0.5979,-0.4419
5,positive_training,ADK,ads.1,CES-D,cross-corpus-882,StandardScaler,LGBM,46,11,5,0.0096,11.3448,13.4386,0.0179,-0.0856,-0.2244
5,positive_training,ADK,ads.1,CES-D,cross-corpus-882,StandardScaler,CatBoost,46,11,5,-0.1933,12.0938,15.9814,-0.363,-0.5353,-0.4784
5,positive_training,ADK,ads.1,CES-D,cross-corpus-882,MinMaxScaler,Ridge,46,11,5,-0.1887,12.6309,15.5703,-0.3974,-0.4573,-0.4966
5,positive_training,ADK,ads.1,CES-D,cross-corpus-882,MinMaxScaler,Lasso,46,11,5,-0.1943,12.8397,15.7063,-0.397,-0.4829,-0.4692
5,positive_training,ADK,ads.1,CES-D,cross-corpus-882,MinMaxScaler,ElasticNet,46,11,5,-0.171,12.334,15.2497,-0.3949,-0.3979,-0.4966
5,positive_training,ADK,ads.1,CES-D,cross-corpus-882,MinMaxScaler,SVR,46,11,5,-0.1458,13.4253,16.4045,-0.244,-0.6177,-0.3508
5,positive_training,ADK,ads.1,CES-D,cross-corpus-882,MinMaxScaler,KNN,46,11,5,-0.1982,13.1588,17.0746,-0.2482,-0.7525,-0.4188
5,positive_training,ADK,ads.1,CES-D,cross-corpus-882,MinMaxScaler,RF,46,11,5,-0.1599,12.1553,15.3792,-0.3363,-0.4218,-0.3007
5,positive_training,ADK,ads.1,CES-D,cross-corpus-882,MinMaxScaler,ET,46,11,5,-0.2096,12.4589,16.4086,-0.402,-0.6185,-0.4237
5,positive_training,ADK,ads.1,CES-D,cross-corpus-882,MinMaxScaler,GB,46,11,5,-0.3153,14.7017,19.1081,-0.5011,-1.1948,-0.3462
5,positive_training,ADK,ads.1,CES-D,cross-corpus-882,MinMaxScaler,XGB,46,11,5,-0.189,14.6293,18.8337,-0.3495,-1.1322,-0.2096
5,positive_training,ADK,ads.1,CES-D,cross-corpus-882,MinMaxScaler,MLP,46,11,5,-0.2785,13.8198,17.4623,-0.4125,-0.833,-0.4647
5,positive_training,ADK,ads.1,CES-D,cross-corpus-882,MinMaxScaler,LGBM,46,11,5,-0.0688,11.8177,14.4761,-0.1316,-0.2597,-0.1893
5,positive_training,ADK,ads.1,CES-D,cross-corpus-882,MinMaxScaler,CatBoost,46,11,5,-0.2234,12.7552,16.5068,-0.4392,-0.6379,-0.5467
5,positive_training,ADK,ads.1,CES-D,cross-corpus-882,RobustScaler,Ridge,46,11,5,-0.1923,12.1468,15.2134,-0.4621,-0.3913,-0.4191
5,positive_training,ADK,ads.1,CES-D,cross-corpus-882,RobustScaler,Lasso,46,11,5,-0.2337,13.0117,16.307,-0.4057,-0.5985,-0.41
5,positive_training,ADK,ads.1,CES-D,cross-corpus-882,RobustScaler,ElasticNet,46,11,5,-0.2229,12.6714,15.7942,-0.455,-0.4996,-0.4419
5,positive_training,ADK,ads.1,CES-D,cross-corpus-882,RobustScaler,SVR,46,11,5,-0.0735,10.9952,13.9694,-0.3982,-0.1731,-0.5513
5,positive_training,ADK,ads.1,CES-D,cross-corpus-882,RobustScaler,KNN,46,11,5,-0.2279,13.4324,16.249,-0.5369,-0.5871,-0.7535
5,positive_training,ADK,ads.1,CES-D,cross-corpus-882,RobustScaler,RF,46,11,5,-0.1162,11.8882,15.0101,-0.3343,-0.3544,-0.4009
5,positive_training,ADK,ads.1,CES-D,cross-corpus-882,RobustScaler,ET,46,11,5,-0.3539,13.208,16.9612,-0.6603,-0.7293,-0.7608
5,positive_training,ADK,ads.1,CES-D,cross-corpus-882,RobustScaler,GB,46,11,5,-0.3175,14.1225,18.7017,-0.5981,-1.1024,-0.6059
5,positive_training,ADK,ads.1,CES-D,cross-corpus-882,RobustScaler,XGB,46,11,5,-0.2978,14.4803,18.1883,-0.4745,-0.9886,-0.4282
5,positive_training,ADK,ads.1,CES-D,cross-corpus-882,RobustScaler,MLP,46,11,5,-0.3976,14.195,17.2397,-0.5856,-0.7866,-0.6105
5,positive_training,ADK,ads.1,CES-D,cross-corpus-882,RobustScaler,LGBM,46,11,5,-0.0214,11.155,13.6953,-0.045,-0.1275,-0.1655
5,positive_training,ADK,ads.1,CES-D,cross-corpus-882,RobustScaler,CatBoost,46,11,5,-0.1736,11.7529,15.6426,-0.4605,-0.4709,-0.4328
1,positive_training,ADK,HRSD_6.1,HRSD6,cross-corpus-882,StandardScaler,Ridge,44,11,5,-0.3239,7.2199,9.0622,-0.326,-1.8039,-0.3955
1,positive_training,ADK,HRSD_6.1,HRSD6,cross-corpus-882,StandardScaler,Lasso,44,11,5,-0.3174,7.1281,8.9301,-0.3194,-1.7227,-0.3955
1,positive_training,ADK,HRSD_6.1,HRSD6,cross-corpus-882,StandardScaler,ElasticNet,44,11,5,-0.3142,7.0812,8.8636,-0.3162,-1.6823,-0.3955
1,positive_training,ADK,HRSD_6.1,HRSD6,cross-corpus-882,StandardScaler,SVR,44,11,5,-0.0323,5.1226,6.3541,-0.0386,-0.3785,-0.0744
1,positive_training,ADK,HRSD_6.1,HRSD6,cross-corpus-882,StandardScaler,KNN,44,11,5,-0.1501,5.6104,6.6776,-0.1764,-0.5224,-0.0467
1,positive_training,ADK,HRSD_6.1,HRSD6,cross-corpus-882,StandardScaler,RF,44,11,5,0.1073,4.8482,5.8901,0.1256,-0.1845,0.121
1,positive_training,ADK,HRSD_6.1,HRSD6,cross-corpus-882,StandardScaler,ET,44,11,5,-0.0361,5.4782,6.6426,-0.0391,-0.5065,0.0651
1,positive_training,ADK,HRSD_6.1,HRSD6,cross-corpus-882,StandardScaler,GB,44,11,5,0.0753,4.9524,6.5196,0.0788,-0.4512,0.2001
1,positive_training,ADK,HRSD_6.1,HRSD6,cross-corpus-882,StandardScaler,XGB,44,11,5,-0.0063,5.2033,6.7209,-0.0071,-0.5422,0.0465
1,positive_training,ADK,HRSD_6.1,HRSD6,cross-corpus-882,StandardScaler,MLP,44,11,5,-0.1562,5.7924,7.6893,-0.1583,-1.0187,-0.093
1,positive_training,ADK,HRSD_6.1,HRSD6,cross-corpus-882,StandardScaler,LGBM,44,11,5,0.2753,4.509,5.2028,0.3669,0.0758,0.3821
1,positive_training,ADK,HRSD_6.1,HRSD6,cross-corpus-882,StandardScaler,CatBoost,44,11,5,0.0675,5.1266,6.334,0.0725,-0.3698,0.121
1,positive_training,ADK,HRSD_6.1,HRSD6,cross-corpus-882,MinMaxScaler,Ridge,44,11,10,-0.0304,5.5463,6.5463,-0.0366,-0.4631,-0.1303
1,positive_training,ADK,HRSD_6.1,HRSD6,cross-corpus-882,MinMaxScaler,Lasso,44,11,10,-0.0123,5.547,6.6828,-0.015,-0.5248,-0.1024
1,positive_training,ADK,HRSD_6.1,HRSD6,cross-corpus-882,MinMaxScaler,ElasticNet,44,11,10,-0.0226,5.6284,6.6963,-0.0268,-0.531,-0.1303
1,positive_training,ADK,HRSD_6.1,HRSD6,cross-corpus-882,MinMaxScaler,SVR,44,11,10,-0.0628,5.4681,6.4294,-0.0843,-0.4113,-0.1442
1,positive_training,ADK,HRSD_6.1,HRSD6,cross-corpus-882,MinMaxScaler,KNN,44,11,10,0.059,4.9455,6.0567,0.0714,-0.2525,0.014
1,positive_training,ADK,HRSD_6.1,HRSD6,cross-corpus-882,MinMaxScaler,RF,44,11,10,0.1467,4.6005,5.5921,0.1974,-0.0677,0.0884
1,positive_training,ADK,HRSD_6.1,HRSD6,cross-corpus-882,MinMaxScaler,ET,44,11,10,0.0884,4.8136,5.8086,0.1203,-0.152,0.0558
1,positive_training,ADK,HRSD_6.1,HRSD6,cross-corpus-882,MinMaxScaler,GB,44,11,10,0.1135,4.6048,5.9716,0.1285,-0.2175,0.2419
1,positive_training,ADK,HRSD_6.1,HRSD6,cross-corpus-882,MinMaxScaler,XGB,44,11,10,0.0389,5.4028,6.5138,0.0418,-0.4487,0.0884
1,positive_training,ADK,HRSD_6.1,HRSD6,cross-corpus-882,MinMaxScaler,MLP,44,11,10,-0.0072,5.512,6.6815,-0.0084,-0.5242,-0.1303
1,positive_training,ADK,HRSD_6.1,HRSD6,cross-corpus-882,MinMaxScaler,LGBM,44,11,10,0.277,4.3729,5.2158,0.3836,0.0712,0.2547
1,positive_training,ADK,HRSD_6.1,HRSD6,cross-corpus-882,MinMaxScaler,CatBoost,44,11,10,0.185,4.5302,5.5226,0.2391,-0.0413,0.107
1,positive_training,ADK,HRSD_6.1,HRSD6,cross-corpus-882,RobustScaler,Ridge,44,11,5,-0.1094,5.9821,7.2537,-0.1147,-0.7964,-0.1768
1,positive_training,ADK,HRSD_6.1,HRSD6,cross-corpus-882,RobustScaler,Lasso,44,11,5,-0.1087,6.2118,7.4591,-0.1128,-0.8996,-0.1768
1,positive_training,ADK,HRSD_6.1,HRSD6,cross-corpus-882,RobustScaler,ElasticNet,44,11,5,-0.1069,6.1728,7.4186,-0.1111,-0.879,-0.1768
1,positive_training,ADK,HRSD_6.1,HRSD6,cross-corpus-882,RobustScaler,SVR,44,11,5,0.0658,4.6989,6.1093,0.0771,-0.2743,0.093
1,positive_training,ADK,HRSD_6.1,HRSD6,cross-corpus-882,RobustScaler,KNN,44,11,5,-0.165,5.7818,7.1356,-0.1756,-0.7384,-0.2056
1,positive_training,ADK,HRSD_6.1,HRSD6,cross-corpus-882,RobustScaler,RF,44,11,5,0.2102,4.5364,5.3652,0.29,0.0172,0.2978
1,positive_training,ADK,HRSD_6.1,HRSD6,cross-corpus-882,RobustScaler,ET,44,11,5,0.0747,4.9364,5.948,0.0938,-0.2079,-0.0558
1,positive_training,ADK,HRSD_6.1,HRSD6,cross-corpus-882,RobustScaler,GB,44,11,5,0.0742,4.7749,6.2926,0.0808,-0.3519,0.1582
1,positive_training,ADK,HRSD_6.1,HRSD6,cross-corpus-882,RobustScaler,XGB,44,11,5,0.0014,5.0346,6.5299,0.0015,-0.4558,0.0186
1,positive_training,ADK,HRSD_6.1,HRSD6,cross-corpus-882,RobustScaler,MLP,44,11,5,-0.0129,5.164,7.1039,-0.0131,-0.723,0.0419
1,positive_training,ADK,HRSD_6.1,HRSD6,cross-corpus-882,RobustScaler,LGBM,44,11,5,0.3062,4.4205,5.0843,0.4422,0.1174,0.2988
1,positive_training,ADK,HRSD_6.1,HRSD6,cross-corpus-882,RobustScaler,CatBoost,44,11,5,0.1292,4.7323,5.9307,0.1468,-0.2009,0.093
2,positive_training,ADK,HRSD_6.1,HRSD6,cross-corpus-882,StandardScaler,Ridge,44,11,5,0.0451,5.2176,5.8872,0.0787,-0.623,0.2283
2,positive_training,ADK,HRSD_6.1,HRSD6,cross-corpus-882,StandardScaler,Lasso,44,11,5,0.0345,5.1801,5.833,0.059,-0.5932,0.137
2,positive_training,ADK,HRSD_6.1,HRSD6,cross-corpus-882,StandardScaler,ElasticNet,44,11,5,0.0394,5.097,5.7038,0.0686,-0.5234,0.137
2,positive_training,ADK,HRSD_6.1,HRSD6,cross-corpus-882,StandardScaler,SVR,44,11,5,0.3796,3.7371,4.3749,0.5263,0.1037,0.4475
2,positive_training,ADK,HRSD_6.1,HRSD6,cross-corpus-882,StandardScaler,KNN,44,11,5,0.0828,4.899,5.4595,0.1724,-0.3957,0.3699
2,positive_training,ADK,HRSD_6.1,HRSD6,cross-corpus-882,StandardScaler,RF,44,11,5,0.3203,3.4518,4.3297,0.4162,0.1222,0.4325
2,positive_training,ADK,HRSD_6.1,HRSD6,cross-corpus-882,StandardScaler,ET,44,11,5,0.1416,4.1608,4.9045,0.2334,-0.1264,0.3014
2,positive_training,ADK,HRSD_6.1,HRSD6,cross-corpus-882,StandardScaler,GB,44,11,5,0.1609,4.063,5.0746,0.1785,-0.2058,0.2877
2,positive_training,ADK,HRSD_6.1,HRSD6,cross-corpus-882,StandardScaler,XGB,44,11,5,0.091,4.6179,5.5278,0.0986,-0.4309,0.1872
2,positive_training,ADK,HRSD_6.1,HRSD6,cross-corpus-882,StandardScaler,MLP,44,11,5,-0.0844,6.1516,7.1497,-0.1205,-1.3937,0.1461
2,positive_training,ADK,HRSD_6.1,HRSD6,cross-corpus-882,StandardScaler,LGBM,44,11,5,0.1349,3.8844,4.5827,0.2261,0.0166,0.0622
2,positive_training,ADK,HRSD_6.1,HRSD6,cross-corpus-882,StandardScaler,CatBoost,44,11,5,0.1286,4.3685,5.1478,0.1568,-0.2409,0.3562
2,positive_training,ADK,HRSD_6.1,HRSD6,cross-corpus-882,MinMaxScaler,Ridge,44,11,5,0.2197,4.4397,5.1423,0.3369,-0.2383,0.5343
2,positive_training,ADK,HRSD_6.1,HRSD6,cross-corpus-882,MinMaxScaler,Lasso,44,11,5,0.2246,4.437,5.1448,0.3434,-0.2395,0.5343
2,positive_training,ADK,HRSD_6.1,HRSD6,cross-corpus-882,MinMaxScaler,ElasticNet,44,11,5,0.198,4.4488,5.0882,0.3124,-0.2123,0.5343
2,positive_training,ADK,HRSD_6.1,HRSD6,cross-corpus-882,MinMaxScaler,SVR,44,11,5,0.1402,4.8199,5.8143,0.1997,-0.5831,0.4795
2,positive_training,ADK,HRSD_6.1,HRSD6,cross-corpus-882,MinMaxScaler,KNN,44,11,5,0.1216,4.7662,5.4434,0.2265,-0.3875,0.2192
2,positive_training,ADK,HRSD_6.1,HRSD6,cross-corpus-882,MinMaxScaler,RF,44,11,5,0.1702,3.9888,4.534,0.3092,0.0374,0.3699
2,positive_training,ADK,HRSD_6.1,HRSD6,cross-corpus-882,MinMaxScaler,ET,44,11,5,0.3511,3.6566,4.3704,0.4961,0.1056,0.6256
2,positive_training,ADK,HRSD_6.1,HRSD6,cross-corpus-882,MinMaxScaler,GB,44,11,5,0.3541,3.5259,4.1869,0.4406,0.1791,0.5434
2,positive_training,ADK,HRSD_6.1,HRSD6,cross-corpus-882,MinMaxScaler,XGB,44,11,5,0.4823,3.1989,4.0016,0.5263,0.2502,0.4886
2,positive_training,ADK,HRSD_6.1,HRSD6,cross-corpus-882,MinMaxScaler,MLP,44,11,5,0.3584,3.9836,4.7532,0.432,-0.0579,0.5069
2,positive_training,ADK,HRSD_6.1,HRSD6,cross-corpus-882,MinMaxScaler,LGBM,44,11,5,0.2713,3.4925,4.2548,0.4632,0.1523,0.5116
2,positive_training,ADK,HRSD_6.1,HRSD6,cross-corpus-882,MinMaxScaler,CatBoost,44,11,5,0.3467,3.4089,4.2615,0.4426,0.1496,0.5753
2,positive_training,ADK,HRSD_6.1,HRSD6,cross-corpus-882,RobustScaler,Ridge,44,11,5,0.2515,4.2281,4.9454,0.3465,-0.1452,0.548
2,positive_training,ADK,HRSD_6.1,HRSD6,cross-corpus-882,RobustScaler,Lasso,44,11,5,0.2516,4.1982,4.8664,0.3521,-0.1089,0.548
2,positive_training,ADK,HRSD_6.1,HRSD6,cross-corpus-882,RobustScaler,ElasticNet,44,11,5,0.254,4.1787,4.8309,0.3584,-0.0928,0.548
2,positive_training,ADK,HRSD_6.1,HRSD6,cross-corpus-882,RobustScaler,SVR,44,11,5,0.4977,3.2975,3.9322,0.6249,0.276,0.6119
2,positive_training,ADK,HRSD_6.1,HRSD6,cross-corpus-882,RobustScaler,KNN,44,11,5,0.3862,3.8727,4.2602,0.5071,0.1501,0.5126
2,positive_training,ADK,HRSD_6.1,HRSD6,cross-corpus-882,RobustScaler,RF,44,11,5,0.4119,3.3126,3.7769,0.7425,0.332,0.8265
2,positive_training,ADK,HRSD_6.1,HRSD6,cross-corpus-882,RobustScaler,ET,44,11,5,0.435,3.2052,3.8577,0.6437,0.3031,0.6667
2,positive_training,ADK,HRSD_6.1,HRSD6,cross-corpus-882,RobustScaler,GB,44,11,5,0.3408,3.6057,4.3466,0.3912,0.1153,0.3699
2,positive_training,ADK,HRSD_6.1,HRSD6,cross-corpus-882,RobustScaler,XGB,44,11,5,0.4686,3.0688,3.9905,0.5179,0.2543,0.5708
2,positive_training,ADK,HRSD_6.1,HRSD6,cross-corpus-882,RobustScaler,MLP,44,11,5,0.2498,4.1574,5.2681,0.2668,-0.2996,0.516
2,positive_training,ADK,HRSD_6.1,HRSD6,cross-corpus-882,RobustScaler,LGBM,44,11,5,0.2534,3.6342,4.351,0.4019,0.1135,0.6407
2,positive_training,ADK,HRSD_6.1,HRSD6,cross-corpus-882,RobustScaler,CatBoost,44,11,5,0.5787,2.6292,3.3589,0.7305,0.4717,0.7352
3,positive_training,ADK,HRSD_6.1,HRSD6,cross-corpus-882,StandardScaler,Ridge,44,11,5,-0.1227,4.4867,5.5798,-0.1451,-0.9065,-0.0046
3,positive_training,ADK,HRSD_6.1,HRSD6,cross-corpus-882,StandardScaler,Lasso,44,11,5,-0.1201,4.5593,5.7131,-0.1388,-0.9987,-0.0732
3,positive_training,ADK,HRSD_6.1,HRSD6,cross-corpus-882,StandardScaler,ElasticNet,44,11,5,-0.1213,4.5378,5.672,-0.1411,-0.97,-0.0732
3,positive_training,ADK,HRSD_6.1,HRSD6,cross-corpus-882,StandardScaler,SVR,44,11,5,-0.0956,4.9218,5.5773,-0.1024,-0.9048,-0.1098
3,positive_training,ADK,HRSD_6.1,HRSD6,cross-corpus-882,StandardScaler,KNN,44,11,5,-0.0398,3.7475,4.5826,-0.0606,-0.2859,-0.3716
3,positive_training,ADK,HRSD_6.1,HRSD6,cross-corpus-882,StandardScaler,RF,44,11,5,0.0767,4.4445,5.1242,0.0978,-0.6078,0.0961
3,positive_training,ADK,HRSD_6.1,HRSD6,cross-corpus-882,StandardScaler,ET,44,11,5,-0.0027,4.7755,5.2768,-0.0037,-0.7051,-0.0183
3,positive_training,ADK,HRSD_6.1,HRSD6,cross-corpus-882,StandardScaler,GB,44,11,5,-0.107,5.6249,6.9037,-0.1213,-1.9185,-0.2471
3,positive_training,ADK,HRSD_6.1,HRSD6,cross-corpus-882,StandardScaler,XGB,44,11,5,-0.0455,5.642,6.8072,-0.0542,-1.8375,-0.0687
3,positive_training,ADK,HRSD_6.1,HRSD6,cross-corpus-882,StandardScaler,MLP,44,11,5,-0.146,4.3164,5.3801,-0.1623,-0.7725,-0.0549
3,positive_training,ADK,HRSD_6.1,HRSD6,cross-corpus-882,StandardScaler,LGBM,44,11,5,-0.0253,4.1976,5.1674,-0.0286,-0.6351,-0.0945
3,positive_training,ADK,HRSD_6.1,HRSD6,cross-corpus-882,StandardScaler,CatBoost,44,11,5,0.0083,4.6642,5.8192,0.0094,-1.0736,-0.032
3,positive_training,ADK,HRSD_6.1,HRSD6,cross-corpus-882,MinMaxScaler,Ridge,44,11,15,-0.2014,4.9942,6.3537,-0.2086,-1.472,-0.1419
3,positive_training,ADK,HRSD_6.1,HRSD6,cross-corpus-882,MinMaxScaler,Lasso,44,11,15,-0.2153,4.9916,6.189,-0.2279,-1.3455,-0.1602
3,positive_training,ADK,HRSD_6.1,HRSD6,cross-corpus-882,MinMaxScaler,ElasticNet,44,11,15,-0.2116,5.3126,6.8361,-0.2211,-1.8616,-0.1648
3,positive_training,ADK,HRSD_6.1,HRSD6,cross-corpus-882,MinMaxScaler,SVR,44,11,15,-0.0233,4.4432,5.5515,-0.0243,-0.8872,0.0778
3,positive_training,ADK,HRSD_6.1,HRSD6,cross-corpus-882,MinMaxScaler,KNN,44,11,15,0.1046,3.9636,4.9551,0.1105,-0.5035,0.1655
3,positive_training,ADK,HRSD_6.1,HRSD6,cross-corpus-882,MinMaxScaler,RF,44,11,15,0.0595,4.1272,5.1183,0.0668,-0.6041,0.151
3,positive_training,ADK,HRSD_6.1,HRSD6,cross-corpus-882,MinMaxScaler,ET,44,11,15,-0.0315,4.3886,5.4577,-0.0338,-0.8239,0.1098
3,positive_training,ADK,HRSD_6.1,HRSD6,cross-corpus-882,MinMaxScaler,GB,44,11,15,-0.1366,5.5346,6.5117,-0.1435,-1.5965,-0.1785
3,positive_training,ADK,HRSD_6.1,HRSD6,cross-corpus-882,MinMaxScaler,XGB,44,11,15,-0.0916,5.3127,6.2024,-0.1004,-1.3557,-0.0595
3,positive_training,ADK,HRSD_6.1,HRSD6,cross-corpus-882,MinMaxScaler,MLP,44,11,15,-0.1888,5.4544,6.806,-0.1985,-1.8365,-0.1602
3,positive_training,ADK,HRSD_6.1,HRSD6,cross-corpus-882,MinMaxScaler,LGBM,44,11,15,0.1939,4.1191,4.848,0.2281,-0.4392,0.2546
3,positive_training,ADK,HRSD_6.1,HRSD6,cross-corpus-882,MinMaxScaler,CatBoost,44,11,15,0.0892,4.6615,5.6311,0.0935,-0.9417,0.1419
3,positive_training,ADK,HRSD_6.1,HRSD6,cross-corpus-882,RobustScaler,Ridge,44,11,5,-0.1725,5.1816,6.5873,-0.1792,-1.6572,-0.1053
3,positive_training,ADK,HRSD_6.1,HRSD6,cross-corpus-882,RobustScaler,Lasso,44,11,5,-0.1776,5.2784,6.7739,-0.185,-1.8098,-0.1053
3,positive_training,ADK,HRSD_6.1,HRSD6,cross-corpus-882,RobustScaler,ElasticNet,44,11,5,-0.1759,5.25,6.7187,-0.1831,-1.7642,-0.1053
3,positive_training,ADK,HRSD_6.1,HRSD6,cross-corpus-882,RobustScaler,SVR,44,11,5,-0.0964,5.1628,6.5565,-0.1153,-1.6324,-0.1602
3,positive_training,ADK,HRSD_6.1,HRSD6,cross-corpus-882,RobustScaler,KNN,44,11,5,-0.0737,4.4156,5.5589,-0.0953,-0.8923,-0.0505
3,positive_training,ADK,HRSD_6.1,HRSD6,cross-corpus-882,RobustScaler,RF,44,11,5,0.1021,4.1208,5.1345,0.1276,-0.6144,0.0503
3,positive_training,ADK,HRSD_6.1,HRSD6,cross-corpus-882,RobustScaler,ET,44,11,5,0.1288,4.5182,5.1679,0.1644,-0.6354,0.1327
3,positive_training,ADK,HRSD_6.1,HRSD6,cross-corpus-882,RobustScaler,GB,44,11,5,-0.0669,5.4205,6.7184,-0.0784,-1.7639,-0.0961
3,positive_training,ADK,HRSD_6.1,HRSD6,cross-corpus-882,RobustScaler,XGB,44,11,5,0.0559,5.6274,6.4715,0.071,-1.5645,0.1281
3,positive_training,ADK,HRSD_6.1,HRSD6,cross-corpus-882,RobustScaler,MLP,44,11,5,-0.1232,4.8804,6.2347,-0.128,-1.3803,-0.0732
3,positive_training,ADK,HRSD_6.1,HRSD6,cross-corpus-882,RobustScaler,LGBM,44,11,5,-0.0084,4.2764,5.4983,-0.0104,-0.8512,-0.0186
3,positive_training,ADK,HRSD_6.1,HRSD6,cross-corpus-882,RobustScaler,CatBoost,44,11,5,0.0554,5.2184,6.2827,0.0669,-1.4171,0.0137
4,positive_training,ADK,HRSD_6.1,HRSD6,cross-corpus-882,StandardScaler,Ridge,44,11,5,-0.2924,5.7827,6.7826,-0.3054,-2.1202,-0.3661
4,positive_training,ADK,HRSD_6.1,HRSD6,cross-corpus-882,StandardScaler,Lasso,44,11,5,-0.2934,5.7482,6.7426,-0.3061,-2.0836,-0.3661
4,positive_training,ADK,HRSD_6.1,HRSD6,cross-corpus-882,StandardScaler,ElasticNet,44,11,5,-0.2952,5.7267,6.7184,-0.3078,-2.0614,-0.3661
4,positive_training,ADK,HRSD_6.1,HRSD6,cross-corpus-882,StandardScaler,SVR,44,11,5,-0.2128,5.0266,5.8687,-0.2301,-1.336,-0.2792
4,positive_training,ADK,HRSD_6.1,HRSD6,cross-corpus-882,StandardScaler,KNN,44,11,5,-0.2443,5.4848,6.4971,-0.2781,-1.863,-0.2838
4,positive_training,ADK,HRSD_6.1,HRSD6,cross-corpus-882,StandardScaler,RF,44,11,5,-0.0198,4.4768,4.8308,-0.0239,-0.5828,-0.1968
4,positive_training,ADK,HRSD_6.1,HRSD6,cross-corpus-882,StandardScaler,ET,44,11,5,-0.163,4.9173,5.3982,-0.199,-0.9765,-0.2609
4,positive_training,ADK,HRSD_6.1,HRSD6,cross-corpus-882,StandardScaler,GB,44,11,5,-0.3334,5.3819,6.082,-0.3913,-1.5089,-0.3936
4,positive_training,ADK,HRSD_6.1,HRSD6,cross-corpus-882,StandardScaler,XGB,44,11,5,-0.4657,5.0173,5.736,-0.5291,-1.2316,-0.5218
4,positive_training,ADK,HRSD_6.1,HRSD6,cross-corpus-882,StandardScaler,MLP,44,11,5,-0.204,5.3341,6.5562,-0.2191,-1.9153,-0.3204
4,positive_training,ADK,HRSD_6.1,HRSD6,cross-corpus-882,StandardScaler,LGBM,44,11,5,-0.4017,5.0419,5.6138,-0.4524,-1.1375,-0.3991
4,positive_training,ADK,HRSD_6.1,HRSD6,cross-corpus-882,StandardScaler,CatBoost,44,11,5,-0.247,4.749,5.2662,-0.3114,-0.881,-0.1968
4,positive_training,ADK,HRSD_6.1,HRSD6,cross-corpus-882,MinMaxScaler,Ridge,44,11,20,-0.1393,4.8031,5.5879,-0.1473,-1.1178,-0.1236
4,positive_training,ADK,HRSD_6.1,HRSD6,cross-corpus-882,MinMaxScaler,Lasso,44,11,20,-0.1869,4.5525,5.2075,-0.2045,-0.8393,-0.238
4,positive_training,ADK,HRSD_6.1,HRSD6,cross-corpus-882,MinMaxScaler,ElasticNet,44,11,20,-0.1815,5.0377,5.9141,-0.1898,-1.3723,-0.238
4,positive_training,ADK,HRSD_6.1,HRSD6,cross-corpus-882,MinMaxScaler,SVR,44,11,20,-0.2073,4.5531,5.3959,-0.2127,-0.9748,-0.1236
4,positive_training,ADK,HRSD_6.1,HRSD6,cross-corpus-882,MinMaxScaler,KNN,44,11,20,-0.1164,4.7091,5.4369,-0.1176,-1.0049,-0.1831
4,positive_training,ADK,HRSD_6.1,HRSD6,cross-corpus-882,MinMaxScaler,RF,44,11,20,-0.2868,4.6523,5.455,-0.3116,-1.0183,-0.2426
4,positive_training,ADK,HRSD_6.1,HRSD6,cross-corpus-882,MinMaxScaler,ET,44,11,20,-0.1869,4.3964,5.1412,-0.2027,-0.7927,-0.1968
4,positive_training,ADK,HRSD_6.1,HRSD6,cross-corpus-882,MinMaxScaler,GB,44,11,20,-0.0442,4.1349,5.4411,-0.0448,-1.008,0.0503
4,positive_training,ADK,HRSD_6.1,HRSD6,cross-corpus-882,MinMaxScaler,XGB,44,11,20,-0.1738,4.5118,5.7332,-0.177,-1.2294,-0.1281
4,positive_training,ADK,HRSD_6.1,HRSD6,cross-corpus-882,MinMaxScaler,MLP,44,11,20,-0.1343,4.6185,5.3618,-0.1407,-0.9499,-0.119
4,positive_training,ADK,HRSD_6.1,HRSD6,cross-corpus-882,MinMaxScaler,LGBM,44,11,20,-0.1408,4.5598,5.2539,-0.1724,-0.8722,-0.1376
4,positive_training,ADK,HRSD_6.1,HRSD6,cross-corpus-882,MinMaxScaler,CatBoost,44,11,20,-0.2765,5.1318,6.0248,-0.2876,-1.4619,-0.3158
4,positive_training,ADK,HRSD_6.1,HRSD6,cross-corpus-882,RobustScaler,Ridge,44,11,15,-0.1927,4.6754,5.3686,-0.2059,-0.9549,-0.238
4,positive_training,ADK,HRSD_6.1,HRSD6,cross-corpus-882,RobustScaler,Lasso,44,11,15,-0.0718,4.5307,5.0,-0.0801,-0.6956,-0.1556
4,positive_training,ADK,HRSD_6.1,HRSD6,cross-corpus-882,RobustScaler,ElasticNet,44,11,15,-0.1452,4.6005,5.1141,-0.1629,-0.7739,-0.2151
4,positive_training,ADK,HRSD_6.1,HRSD6,cross-corpus-882,RobustScaler,SVR,44,11,15,-0.2509,4.768,5.5118,-0.2572,-1.0605,-0.3799
4,positive_training,ADK,HRSD_6.1,HRSD6,cross-corpus-882,RobustScaler,KNN,44,11,15,-0.0159,5.2121,6.0185,-0.0163,-1.4568,0.0093
4,positive_training,ADK,HRSD_6.1,HRSD6,cross-corpus-882,RobustScaler,RF,44,11,15,-0.0759,4.2627,5.0572,-0.0846,-0.7346,-0.0687
4,positive_training,ADK,HRSD_6.1,HRSD6,cross-corpus-882,RobustScaler,ET,44,11,15,-0.1189,4.35,5.1198,-0.1278,-0.7779,-0.1007
4,positive_training,ADK,HRSD_6.1,HRSD6,cross-corpus-882,RobustScaler,GB,44,11,15,-0.0081,4.5887,5.4883,-0.0085,-1.043,-0.0137
4,positive_training,ADK,HRSD_6.1,HRSD6,cross-corpus-882,RobustScaler,XGB,44,11,15,-0.2741,5.4973,6.6303,-0.3199,-1.9816,-0.2792
4,positive_training,ADK,HRSD_6.1,HRSD6,cross-corpus-882,RobustScaler,MLP,44,11,15,-0.2788,5.2528,6.0379,-0.2863,-1.4727,-0.2471
4,positive_training,ADK,HRSD_6.1,HRSD6,cross-corpus-882,RobustScaler,LGBM,44,11,15,-0.1828,4.537,5.2211,-0.2082,-0.8489,-0.1693
4,positive_training,ADK,HRSD_6.1,HRSD6,cross-corpus-882,RobustScaler,CatBoost,44,11,15,-0.1255,4.4829,5.348,-0.1369,-0.9399,-0.0366
5,positive_training,ADK,HRSD_6.1,HRSD6,cross-corpus-882,StandardScaler,Ridge,44,11,5,0.3496,5.5441,6.1338,0.4448,0.1951,0.1705
5,positive_training,ADK,HRSD_6.1,HRSD6,cross-corpus-882,StandardScaler,Lasso,44,11,5,0.2812,5.6592,6.2488,0.409,0.1646,0.1982
5,positive_training,ADK,HRSD_6.1,HRSD6,cross-corpus-882,StandardScaler,ElasticNet,44,11,5,0.2658,5.7381,6.2653,0.4058,0.1602,0.1982
5,positive_training,ADK,HRSD_6.1,HRSD6,cross-corpus-882,StandardScaler,SVR,44,11,5,-0.0568,6.4382,7.7333,-0.0771,-0.2794,-0.1843
5,positive_training,ADK,HRSD_6.1,HRSD6,cross-corpus-882,StandardScaler,KNN,44,11,5,0.3102,5.2,5.8831,0.6202,0.2596,0.8089
5,positive_training,ADK,HRSD_6.1,HRSD6,cross-corpus-882,StandardScaler,RF,44,11,5,0.1039,6.176,6.7924,0.2235,0.013,0.106
5,positive_training,ADK,HRSD_6.1,HRSD6,cross-corpus-882,StandardScaler,ET,44,11,5,0.3252,5.5623,6.0983,0.511,0.2044,0.3825
5,positive_training,ADK,HRSD_6.1,HRSD6,cross-corpus-882,StandardScaler,GB,44,11,5,0.2853,5.8965,6.4254,0.3642,0.1168,0.2535
5,positive_training,ADK,HRSD_6.1,HRSD6,cross-corpus-882,StandardScaler,XGB,44,11,5,0.3307,5.6137,6.3852,0.3936,0.1278,0.3733
5,positive_training,ADK,HRSD_6.1,HRSD6,cross-corpus-882,StandardScaler,MLP,44,11,5,0.396,5.0696,5.8474,0.5311,0.2685,0.1751
5,positive_training,ADK,HRSD_6.1,HRSD6,cross-corpus-882,StandardScaler,LGBM,44,11,5,0.1715,6.1716,6.6499,0.3424,0.054,0.222
5,positive_training,ADK,HRSD_6.1,HRSD6,cross-corpus-882,StandardScaler,CatBoost,44,11,5,0.2093,5.906,6.4127,0.405,0.1203,0.3549
5,positive_training,ADK,HRSD_6.1,HRSD6,cross-corpus-882,MinMaxScaler,Ridge,44,11,10,0.1425,5.9481,6.5165,0.3102,0.0915,0.083
5,positive_training,ADK,HRSD_6.1,HRSD6,cross-corpus-882,MinMaxScaler,Lasso,44,11,10,0.0822,6.1858,6.6671,0.2447,0.0491,0.189
5,positive_training,ADK,HRSD_6.1,HRSD6,cross-corpus-882,MinMaxScaler,ElasticNet,44,11,10,0.0868,6.1461,6.655,0.2932,0.0525,0.0876
5,positive_training,ADK,HRSD_6.1,HRSD6,cross-corpus-882,MinMaxScaler,SVR,44,11,10,-0.0044,6.1346,7.3435,-0.007,-0.1537,-0.1429
5,positive_training,ADK,HRSD_6.1,HRSD6,cross-corpus-882,MinMaxScaler,KNN,44,11,10,-0.0427,6.2545,7.4012,-0.0718,-0.1719,-0.1445
5,positive_training,ADK,HRSD_6.1,HRSD6,cross-corpus-882,MinMaxScaler,RF,44,11,10,-0.0374,6.4059,7.2805,-0.069,-0.134,-0.1244
5,positive_training,ADK,HRSD_6.1,HRSD6,cross-corpus-882,MinMaxScaler,ET,44,11,10,0.0252,6.3136,7.0301,0.0493,-0.0573,-0.0092
5,positive_training,ADK,HRSD_6.1,HRSD6,cross-corpus-882,MinMaxScaler,GB,44,11,10,0.1401,5.7015,6.9303,0.2266,-0.0275,0.1383
5,positive_training,ADK,HRSD_6.1,HRSD6,cross-corpus-882,MinMaxScaler,XGB,44,11,10,0.025,6.6289,7.365,0.0343,-0.1604,-0.0737
5,positive_training,ADK,HRSD_6.1,HRSD6,cross-corpus-882,MinMaxScaler,MLP,44,11,10,-0.0139,6.2313,6.9827,-0.0421,-0.0431,-0.2212
5,positive_training,ADK,HRSD_6.1,HRSD6,cross-corpus-882,MinMaxScaler,LGBM,44,11,10,0.1062,6.0637,6.6668,0.2371,0.0491,0.1555
5,positive_training,ADK,HRSD_6.1,HRSD6,cross-corpus-882,MinMaxScaler,CatBoost,44,11,10,-0.0088,6.3221,7.1831,-0.0156,-0.1038,-0.1475
5,positive_training,ADK,HRSD_6.1,HRSD6,cross-corpus-882,RobustScaler,Ridge,44,11,5,0.3122,5.7279,6.133,0.4452,0.1953,0.129
5,positive_training,ADK,HRSD_6.1,HRSD6,cross-corpus-882,RobustScaler,Lasso,44,11,5,0.3455,5.6416,6.0757,0.4595,0.2103,0.1797
5,positive_training,ADK,HRSD_6.1,HRSD6,cross-corpus-882,RobustScaler,ElasticNet,44,11,5,0.3373,5.6659,6.0902,0.4557,0.2065,0.1797
5,positive_training,ADK,HRSD_6.1,HRSD6,cross-corpus-882,RobustScaler,SVR,44,11,5,-0.1469,6.4653,7.9802,-0.2027,-0.3624,-0.0507
5,positive_training,ADK,HRSD_6.1,HRSD6,cross-corpus-882,RobustScaler,KNN,44,11,5,0.1713,5.8081,6.4518,0.337,0.1095,0.2199
5,positive_training,ADK,HRSD_6.1,HRSD6,cross-corpus-882,RobustScaler,RF,44,11,5,0.0852,6.2952,6.9635,0.1765,-0.0374,0.1244
5,positive_training,ADK,HRSD_6.1,HRSD6,cross-corpus-882,RobustScaler,ET,44,11,5,0.1374,5.9523,6.8368,0.245,0.0,0.1797
5,positive_training,ADK,HRSD_6.1,HRSD6,cross-corpus-882,RobustScaler,GB,44,11,5,0.2329,6.0966,7.1596,0.2761,-0.0966,0.1337
5,positive_training,ADK,HRSD_6.1,HRSD6,cross-corpus-882,RobustScaler,XGB,44,11,5,0.0972,6.7136,7.9427,0.1155,-0.3496,-0.0092
5,positive_training,ADK,HRSD_6.1,HRSD6,cross-corpus-882,RobustScaler,MLP,44,11,5,0.475,5.0788,5.5682,0.5847,0.3367,0.3733
5,positive_training,ADK,HRSD_6.1,HRSD6,cross-corpus-882,RobustScaler,LGBM,44,11,5,0.1178,6.3705,6.8871,0.2151,-0.0147,0.1869
5,positive_training,ADK,HRSD_6.1,HRSD6,cross-corpus-882,RobustScaler,CatBoost,44,11,5,0.1746,6.0556,6.8035,0.2777,0.0098,0.2627
1,positive_training,ADK,HRSD_17.1,HRSD17,cross-corpus-882,StandardScaler,Ridge,44,11,10,-0.2464,9.9382,10.7793,-0.2778,-0.7662,-0.3425
1,positive_training,ADK,HRSD_17.1,HRSD17,cross-corpus-882,StandardScaler,Lasso,44,11,10,-0.2245,9.2502,9.9833,-0.2898,-0.515,-0.3333
1,positive_training,ADK,HRSD_17.1,HRSD17,cross-corpus-882,StandardScaler,ElasticNet,44,11,10,-0.2064,9.0461,9.8654,-0.2713,-0.4795,-0.3562
1,positive_training,ADK,HRSD_17.1,HRSD17,cross-corpus-882,StandardScaler,SVR,44,11,10,-0.1435,8.6397,9.3912,-0.2038,-0.3407,-0.2466
1,positive_training,ADK,HRSD_17.1,HRSD17,cross-corpus-882,StandardScaler,KNN,44,11,10,-0.2436,9.3333,10.7656,-0.2715,-0.7618,-0.4404
1,positive_training,ADK,HRSD_17.1,HRSD17,cross-corpus-882,StandardScaler,RF,44,11,10,-0.0069,8.0302,8.4949,-0.0132,-0.0969,-0.21
1,positive_training,ADK,HRSD_17.1,HRSD17,cross-corpus-882,StandardScaler,ET,44,11,10,-0.1195,8.5591,9.3159,-0.167,-0.3192,-0.242
1,positive_training,ADK,HRSD_17.1,HRSD17,cross-corpus-882,StandardScaler,GB,44,11,10,-0.042,8.3102,9.1137,-0.0628,-0.2626,-0.1735
1,positive_training,ADK,HRSD_17.1,HRSD17,cross-corpus-882,StandardScaler,XGB,44,11,10,-0.1207,8.7193,9.2672,-0.1765,-0.3055,-0.3653
1,positive_training,ADK,HRSD_17.1,HRSD17,cross-corpus-882,StandardScaler,MLP,44,11,10,-0.1034,8.6212,9.75,-0.1242,-0.445,-0.2603
1,positive_training,ADK,HRSD_17.1,HRSD17,cross-corpus-882,StandardScaler,LGBM,44,11,10,-0.1365,8.9619,9.2992,-0.2153,-0.3145,-0.0776
1,positive_training,ADK,HRSD_17.1,HRSD17,cross-corpus-882,StandardScaler,CatBoost,44,11,10,-0.0011,8.1701,8.68,-0.0017,-0.1453,-0.1507
1,positive_training,ADK,HRSD_17.1,HRSD17,cross-corpus-882,MinMaxScaler,Ridge,44,11,15,-0.2741,9.5666,10.9281,-0.3027,-0.8153,-0.3973
1,positive_training,ADK,HRSD_17.1,HRSD17,cross-corpus-882,MinMaxScaler,Lasso,44,11,15,-0.2538,9.7291,10.7943,-0.2805,-0.7712,-0.3699
1,positive_training,ADK,HRSD_17.1,HRSD17,cross-corpus-882,MinMaxScaler,ElasticNet,44,11,15,-0.241,9.0581,10.2509,-0.2902,-0.5973,-0.3881
1,positive_training,ADK,HRSD_17.1,HRSD17,cross-corpus-882,MinMaxScaler,SVR,44,11,15,-0.288,9.9591,11.2133,-0.3212,-0.9113,-0.4977
1,positive_training,ADK,HRSD_17.1,HRSD17,cross-corpus-882,MinMaxScaler,KNN,44,11,15,-0.1985,8.6182,10.008,-0.2466,-0.5225,-0.4197
1,positive_training,ADK,HRSD_17.1,HRSD17,cross-corpus-882,MinMaxScaler,RF,44,11,15,0.0131,7.8668,8.4757,0.0232,-0.092,-0.0913
1,positive_training,ADK,HRSD_17.1,HRSD17,cross-corpus-882,MinMaxScaler,ET,44,11,15,-0.1472,8.6045,9.3806,-0.216,-0.3376,-0.3379
1,positive_training,ADK,HRSD_17.1,HRSD17,cross-corpus-882,MinMaxScaler,GB,44,11,15,0.018,8.1424,8.8062,0.0263,-0.1788,-0.2055
1,positive_training,ADK,HRSD_17.1,HRSD17,cross-corpus-882,MinMaxScaler,XGB,44,11,15,0.0316,7.9967,8.6437,0.0448,-0.1357,-0.1872
1,positive_training,ADK,HRSD_17.1,HRSD17,cross-corpus-882,MinMaxScaler,MLP,44,11,15,-0.2677,9.8131,11.4156,-0.2857,-0.9809,-0.4155
1,positive_training,ADK,HRSD_17.1,HRSD17,cross-corpus-882,MinMaxScaler,LGBM,44,11,15,0.0835,8.301,9.0051,0.1133,-0.2327,0.2237
1,positive_training,ADK,HRSD_17.1,HRSD17,cross-corpus-882,MinMaxScaler,CatBoost,44,11,15,0.1012,7.5652,8.0771,0.1829,0.0083,-0.0137
1,positive_training,ADK,HRSD_17.1,HRSD17,cross-corpus-882,RobustScaler,Ridge,44,11,5,-0.0306,8.8373,9.7913,-0.0407,-0.4573,-0.0594
1,positive_training,ADK,HRSD_17.1,HRSD17,cross-corpus-882,RobustScaler,Lasso,44,11,5,-0.0138,9.607,10.4484,-0.0153,-0.6595,-0.1324
1,positive_training,ADK,HRSD_17.1,HRSD17,cross-corpus-882,RobustScaler,ElasticNet,44,11,5,-0.0402,8.0644,8.9025,-0.0699,-0.2048,-0.0594
1,positive_training,ADK,HRSD_17.1,HRSD17,cross-corpus-882,RobustScaler,SVR,44,11,5,-0.2729,10.157,11.9319,-0.2851,-1.1642,-0.2237
1,positive_training,ADK,HRSD_17.1,HRSD17,cross-corpus-882,RobustScaler,KNN,44,11,5,0.0415,7.8545,9.2355,0.0475,-0.2966,0.1098
1,positive_training,ADK,HRSD_17.1,HRSD17,cross-corpus-882,RobustScaler,RF,44,11,5,0.0045,8.1029,8.5408,0.0075,-0.1088,0.0137
1,positive_training,ADK,HRSD_17.1,HRSD17,cross-corpus-882,RobustScaler,ET,44,11,5,-0.0776,8.3645,9.1474,-0.114,-0.2719,-0.2557
1,positive_training,ADK,HRSD_17.1,HRSD17,cross-corpus-882,RobustScaler,GB,44,11,5,-0.0669,8.3288,8.9825,-0.0995,-0.2265,-0.0411
1,positive_training,ADK,HRSD_17.1,HRSD17,cross-corpus-882,RobustScaler,XGB,44,11,5,-0.0392,8.3355,8.9196,-0.0565,-0.2094,-0.0639
1,positive_training,ADK,HRSD_17.1,HRSD17,cross-corpus-882,RobustScaler,MLP,44,11,5,-0.1179,8.9807,10.7685,-0.1226,-0.7627,-0.1735
1,positive_training,ADK,HRSD_17.1,HRSD17,cross-corpus-882,RobustScaler,LGBM,44,11,5,0.0454,8.5167,9.2262,0.053,-0.2939,0.0482
1,positive_training,ADK,HRSD_17.1,HRSD17,cross-corpus-882,RobustScaler,CatBoost,44,11,5,-0.0112,8.0319,8.7484,-0.0167,-0.1634,-0.137
2,positive_training,ADK,HRSD_17.1,HRSD17,cross-corpus-882,StandardScaler,Ridge,44,11,5,-0.0009,7.4965,9.5512,-0.0011,-0.444,0.328
2,positive_training,ADK,HRSD_17.1,HRSD17,cross-corpus-882,StandardScaler,Lasso,44,11,5,-0.004,7.4839,9.5437,-0.0047,-0.4418,0.328
2,positive_training,ADK,HRSD_17.1,HRSD17,cross-corpus-882,StandardScaler,ElasticNet,44,11,5,0.0023,7.3666,9.3761,0.0028,-0.3916,0.328
2,positive_training,ADK,HRSD_17.1,HRSD17,cross-corpus-882,StandardScaler,SVR,44,11,5,0.2907,6.5652,8.0319,0.3936,-0.0212,0.5148
2,positive_training,ADK,HRSD_17.1,HRSD17,cross-corpus-882,StandardScaler,KNN,44,11,5,0.2062,6.9394,8.9595,0.2409,-0.2707,0.3218
2,positive_training,ADK,HRSD_17.1,HRSD17,cross-corpus-882,StandardScaler,RF,44,11,5,0.1229,6.5189,8.2658,0.2506,-0.0815,0.3007
2,positive_training,ADK,HRSD_17.1,HRSD17,cross-corpus-882,StandardScaler,ET,44,11,5,0.1955,6.7909,8.452,0.2864,-0.1308,0.2916
2,positive_training,ADK,HRSD_17.1,HRSD17,cross-corpus-882,StandardScaler,GB,44,11,5,0.2819,6.3702,8.5021,0.3463,-0.1442,0.3827
2,positive_training,ADK,HRSD_17.1,HRSD17,cross-corpus-882,StandardScaler,XGB,44,11,5,0.2131,7.1849,9.0453,0.2601,-0.2951,0.2415
2,positive_training,ADK,HRSD_17.1,HRSD17,cross-corpus-882,StandardScaler,MLP,44,11,5,-0.1362,9.1671,12.1616,-0.1408,-1.3412,-0.0046
2,positive_training,ADK,HRSD_17.1,HRSD17,cross-corpus-882,StandardScaler,LGBM,44,11,5,0.3942,5.3998,7.117,0.4883,0.1982,0.5708
2,positive_training,ADK,HRSD_17.1,HRSD17,cross-corpus-882,StandardScaler,CatBoost,44,11,5,0.2081,6.6709,8.2507,0.2874,-0.0776,0.4738
2,positive_training,ADK,HRSD_17.1,HRSD17,cross-corpus-882,MinMaxScaler,Ridge,44,11,5,-0.0116,7.3959,9.5058,-0.0141,-0.4304,0.3189
2,positive_training,ADK,HRSD_17.1,HRSD17,cross-corpus-882,MinMaxScaler,Lasso,44,11,5,-0.0154,7.4536,9.5794,-0.0185,-0.4526,0.328
2,positive_training,ADK,HRSD_17.1,HRSD17,cross-corpus-882,MinMaxScaler,ElasticNet,44,11,5,-0.0116,7.3864,9.4929,-0.0142,-0.4265,0.328
2,positive_training,ADK,HRSD_17.1,HRSD17,cross-corpus-882,MinMaxScaler,SVR,44,11,5,-0.0271,7.5529,9.8067,-0.032,-0.5223,0.3007
2,positive_training,ADK,HRSD_17.1,HRSD17,cross-corpus-882,MinMaxScaler,KNN,44,11,5,0.0718,7.9697,9.6174,0.0921,-0.4641,0.2232
2,positive_training,ADK,HRSD_17.1,HRSD17,cross-corpus-882,MinMaxScaler,RF,44,11,5,0.1009,6.3932,8.4759,0.1835,-0.1372,0.5649
2,positive_training,ADK,HRSD_17.1,HRSD17,cross-corpus-882,MinMaxScaler,ET,44,11,5,0.1311,6.95,8.8423,0.2534,-0.2377,0.451
2,positive_training,ADK,HRSD_17.1,HRSD17,cross-corpus-882,MinMaxScaler,GB,44,11,5,0.2173,7.1543,9.2733,0.249,-0.3612,0.3964
2,positive_training,ADK,HRSD_17.1,HRSD17,cross-corpus-882,MinMaxScaler,XGB,44,11,5,0.1491,7.7709,10.3942,0.1675,-0.7102,0.4328
2,positive_training,ADK,HRSD_17.1,HRSD17,cross-corpus-882,MinMaxScaler,MLP,44,11,5,0.0522,7.0139,8.9328,0.0784,-0.2631,0.3736
2,positive_training,ADK,HRSD_17.1,HRSD17,cross-corpus-882,MinMaxScaler,LGBM,44,11,5,0.3222,5.675,7.7611,0.3952,0.0465,0.3813
2,positive_training,ADK,HRSD_17.1,HRSD17,cross-corpus-882,MinMaxScaler,CatBoost,44,11,5,0.2492,7.2166,9.1537,0.2896,-0.3263,0.6287
2,positive_training,ADK,HRSD_17.1,HRSD17,cross-corpus-882,RobustScaler,Ridge,44,11,10,-0.0269,7.243,9.3324,-0.035,-0.3786,0.3872
2,positive_training,ADK,HRSD_17.1,HRSD17,cross-corpus-882,RobustScaler,Lasso,44,11,10,-0.0355,7.6801,10.1297,-0.0379,-0.6243,0.3052
2,positive_training,ADK,HRSD_17.1,HRSD17,cross-corpus-882,RobustScaler,ElasticNet,44,11,10,-0.0276,7.5241,9.8121,-0.0307,-0.524,0.3872
2,positive_training,ADK,HRSD_17.1,HRSD17,cross-corpus-882,RobustScaler,SVR,44,11,10,0.2682,6.8495,8.5221,0.2928,-0.1496,0.3599
2,positive_training,ADK,HRSD_17.1,HRSD17,cross-corpus-882,RobustScaler,KNN,44,11,10,0.2255,6.2857,7.9325,0.3689,0.004,0.3371
2,positive_training,ADK,HRSD_17.1,HRSD17,cross-corpus-882,RobustScaler,RF,44,11,10,0.186,6.4932,8.1823,0.3051,-0.0598,0.4419
2,positive_training,ADK,HRSD_17.1,HRSD17,cross-corpus-882,RobustScaler,ET,44,11,10,0.2006,6.9473,8.4238,0.2732,-0.1233,0.3417
2,positive_training,ADK,HRSD_17.1,HRSD17,cross-corpus-882,RobustScaler,GB,44,11,10,0.2017,6.7409,8.8477,0.2562,-0.2392,0.4374
2,positive_training,ADK,HRSD_17.1,HRSD17,cross-corpus-882,RobustScaler,XGB,44,11,10,0.1544,7.6591,9.9288,0.1784,-0.5605,0.3508
2,positive_training,ADK,HRSD_17.1,HRSD17,cross-corpus-882,RobustScaler,MLP,44,11,10,-0.0568,9.9418,14.7448,-0.0616,-2.4415,0.164
2,positive_training,ADK,HRSD_17.1,HRSD17,cross-corpus-882,RobustScaler,LGBM,44,11,10,0.3104,5.7059,7.8153,0.4071,0.0332,0.5137
2,positive_training,ADK,HRSD_17.1,HRSD17,cross-corpus-882,RobustScaler,CatBoost,44,11,10,0.2301,6.7061,8.0166,0.3558,-0.0173,0.3918
3,positive_training,ADK,HRSD_17.1,HRSD17,cross-corpus-882,StandardScaler,Ridge,44,11,5,-0.3956,8.4179,12.0823,-0.4136,-2.0257,-0.4475
3,positive_training,ADK,HRSD_17.1,HRSD17,cross-corpus-882,StandardScaler,Lasso,44,11,5,-0.396,8.3651,11.9739,-0.414,-1.9716,-0.4475
3,positive_training,ADK,HRSD_17.1,HRSD17,cross-corpus-882,StandardScaler,ElasticNet,44,11,5,-0.3926,8.5634,12.3334,-0.4117,-2.1527,-0.4475
3,positive_training,ADK,HRSD_17.1,HRSD17,cross-corpus-882,StandardScaler,SVR,44,11,5,-0.2536,7.2476,8.6716,-0.3224,-0.5586,-0.3653
3,positive_training,ADK,HRSD_17.1,HRSD17,cross-corpus-882,StandardScaler,KNN,44,11,5,-0.4096,7.7792,9.7174,-0.4839,-0.9572,-0.5753
3,positive_training,ADK,HRSD_17.1,HRSD17,cross-corpus-882,StandardScaler,RF,44,11,5,-0.3722,8.0527,9.3311,-0.4392,-0.8046,-0.4658
3,positive_training,ADK,HRSD_17.1,HRSD17,cross-corpus-882,StandardScaler,ET,44,11,5,-0.3678,7.9227,9.1907,-0.4477,-0.7507,-0.4886
3,positive_training,ADK,HRSD_17.1,HRSD17,cross-corpus-882,StandardScaler,GB,44,11,5,-0.4305,8.5751,10.2721,-0.4525,-1.1869,-0.5023
3,positive_training,ADK,HRSD_17.1,HRSD17,cross-corpus-882,StandardScaler,XGB,44,11,5,-0.5006,9.3448,10.7021,-0.5312,-1.3739,-0.347
3,positive_training,ADK,HRSD_17.1,HRSD17,cross-corpus-882,StandardScaler,MLP,44,11,5,-0.4498,9.1159,11.9692,-0.456,-1.9693,-0.5388
3,positive_training,ADK,HRSD_17.1,HRSD17,cross-corpus-882,StandardScaler,LGBM,44,11,5,0.0906,6.1034,7.2755,0.1871,-0.0971,0.0621
3,positive_training,ADK,HRSD_17.1,HRSD17,cross-corpus-882,StandardScaler,CatBoost,44,11,5,-0.4965,9.175,10.5202,-0.522,-1.2939,-0.5708
3,positive_training,ADK,HRSD_17.1,HRSD17,cross-corpus-882,MinMaxScaler,Ridge,44,11,5,-0.1939,6.692,8.6073,-0.2608,-0.5355,-0.0822
3,positive_training,ADK,HRSD_17.1,HRSD17,cross-corpus-882,MinMaxScaler,Lasso,44,11,5,-0.2182,6.8257,8.8373,-0.2781,-0.6187,-0.0913
3,positive_training,ADK,HRSD_17.1,HRSD17,cross-corpus-882,MinMaxScaler,ElasticNet,44,11,5,-0.1217,6.4976,7.9892,-0.2116,-0.3229,-0.0959
3,positive_training,ADK,HRSD_17.1,HRSD17,cross-corpus-882,MinMaxScaler,SVR,44,11,5,-0.2074,7.3786,9.7191,-0.2165,-0.9578,-0.1005
3,positive_training,ADK,HRSD_17.1,HRSD17,cross-corpus-882,MinMaxScaler,KNN,44,11,5,-0.0115,6.3273,8.4634,-0.0131,-0.4846,0.1648
3,positive_training,ADK,HRSD_17.1,HRSD17,cross-corpus-882,MinMaxScaler,RF,44,11,5,-0.2024,6.6476,8.2118,-0.3069,-0.3977,-0.3607
3,positive_training,ADK,HRSD_17.1,HRSD17,cross-corpus-882,MinMaxScaler,ET,44,11,5,-0.1985,6.5245,8.3243,-0.2776,-0.4362,-0.2283
3,positive_training,ADK,HRSD_17.1,HRSD17,cross-corpus-882,MinMaxScaler,GB,44,11,5,-0.3335,8.2744,10.436,-0.3418,-1.2573,-0.3562
3,positive_training,ADK,HRSD_17.1,HRSD17,cross-corpus-882,MinMaxScaler,XGB,44,11,5,-0.3509,7.8756,9.919,-0.3893,-1.0392,-0.3425
3,positive_training,ADK,HRSD_17.1,HRSD17,cross-corpus-882,MinMaxScaler,MLP,44,11,5,-0.1683,6.7053,8.4066,-0.2407,-0.4647,-0.1781
3,positive_training,ADK,HRSD_17.1,HRSD17,cross-corpus-882,MinMaxScaler,LGBM,44,11,5,-0.013,6.2006,7.7162,-0.0207,-0.234,-0.0164
3,positive_training,ADK,HRSD_17.1,HRSD17,cross-corpus-882,MinMaxScaler,CatBoost,44,11,5,-0.1278,6.361,8.3638,-0.1568,-0.4499,-0.0913
3,positive_training,ADK,HRSD_17.1,HRSD17,cross-corpus-882,RobustScaler,Ridge,44,11,5,-0.0948,6.6499,7.9646,-0.1438,-0.3148,-0.1461
3,positive_training,ADK,HRSD_17.1,HRSD17,cross-corpus-882,RobustScaler,Lasso,44,11,5,-0.1019,6.6758,7.9888,-0.153,-0.3228,-0.2237
3,positive_training,ADK,HRSD_17.1,HRSD17,cross-corpus-882,RobustScaler,ElasticNet,44,11,5,-0.0805,6.5991,7.9202,-0.124,-0.3002,-0.0959
3,positive_training,ADK,HRSD_17.1,HRSD17,cross-corpus-882,RobustScaler,SVR,44,11,5,0.0919,6.7761,8.7903,0.1145,-0.6015,0.1461
3,positive_training,ADK,HRSD_17.1,HRSD17,cross-corpus-882,RobustScaler,KNN,44,11,5,-0.1851,7.9273,10.0348,-0.2047,-1.0871,-0.105
3,positive_training,ADK,HRSD_17.1,HRSD17,cross-corpus-882,RobustScaler,RF,44,11,5,0.061,6.3689,7.9328,0.0883,-0.3043,0.1461
3,positive_training,ADK,HRSD_17.1,HRSD17,cross-corpus-882,RobustScaler,ET,44,11,5,0.0768,6.9064,8.6039,0.0952,-0.5343,0.0457
3,positive_training,ADK,HRSD_17.1,HRSD17,cross-corpus-882,RobustScaler,GB,44,11,5,0.191,6.6999,8.5489,0.2158,-0.5148,0.3014
3,positive_training,ADK,HRSD_17.1,HRSD17,cross-corpus-882,RobustScaler,XGB,44,11,5,0.1142,7.2626,9.5731,0.1189,-0.8995,0.1781
3,positive_training,ADK,HRSD_17.1,HRSD17,cross-corpus-882,RobustScaler,MLP,44,11,5,-0.0646,6.2591,7.9313,-0.0853,-0.3038,-0.1005
3,positive_training,ADK,HRSD_17.1,HRSD17,cross-corpus-882,RobustScaler,LGBM,44,11,5,0.2303,5.604,7.3224,0.3666,-0.1113,0.4943
3,positive_training,ADK,HRSD_17.1,HRSD17,cross-corpus-882,RobustScaler,CatBoost,44,11,5,0.0908,7.6193,9.3534,0.1077,-0.8133,0.1507
4,positive_training,ADK,HRSD_17.1,HRSD17,cross-corpus-882,StandardScaler,Ridge,44,11,5,-0.2016,9.0765,10.84,-0.3278,-3.8099,-0.2551
4,positive_training,ADK,HRSD_17.1,HRSD17,cross-corpus-882,StandardScaler,Lasso,44,11,5,-0.204,8.98,10.7082,-0.3296,-3.6936,-0.2551
4,positive_training,ADK,HRSD_17.1,HRSD17,cross-corpus-882,StandardScaler,ElasticNet,44,11,5,-0.2035,8.6919,10.3457,-0.3237,-3.3813,-0.2551
4,positive_training,ADK,HRSD_17.1,HRSD17,cross-corpus-882,StandardScaler,SVR,44,11,5,-0.1678,7.5421,8.9118,-0.1849,-2.251,-0.0319
4,positive_training,ADK,HRSD_17.1,HRSD17,cross-corpus-882,StandardScaler,KNN,44,11,5,0.0642,7.0606,7.8399,0.0769,-1.516,0.0774
4,positive_training,ADK,HRSD_17.1,HRSD17,cross-corpus-882,StandardScaler,RF,44,11,5,-0.0816,6.9845,8.1489,-0.1033,-1.7182,-0.0911
4,positive_training,ADK,HRSD_17.1,HRSD17,cross-corpus-882,StandardScaler,ET,44,11,5,-0.1343,7.0864,8.526,-0.1637,-1.9756,-0.1412
4,positive_training,ADK,HRSD_17.1,HRSD17,cross-corpus-882,StandardScaler,GB,44,11,5,-0.1383,7.5848,9.1359,-0.1754,-2.4165,-0.0729
4,positive_training,ADK,HRSD_17.1,HRSD17,cross-corpus-882,StandardScaler,XGB,44,11,5,-0.2396,7.6745,9.5114,-0.298,-2.7032,-0.205
4,positive_training,ADK,HRSD_17.1,HRSD17,cross-corpus-882,StandardScaler,MLP,44,11,5,-0.2132,8.7141,10.5436,-0.2834,-3.5505,-0.3781
4,positive_training,ADK,HRSD_17.1,HRSD17,cross-corpus-882,StandardScaler,LGBM,44,11,5,-0.1498,7.1358,8.1795,-0.287,-1.7386,-0.3584
4,positive_training,ADK,HRSD_17.1,HRSD17,cross-corpus-882,StandardScaler,CatBoost,44,11,5,-0.1741,6.7558,8.3211,-0.2068,-1.8343,-0.1549
4,positive_training,ADK,HRSD_17.1,HRSD17,cross-corpus-882,MinMaxScaler,Ridge,44,11,5,-0.2094,7.5733,8.9229,-0.3299,-2.259,-0.1686
4,positive_training,ADK,HRSD_17.1,HRSD17,cross-corpus-882,MinMaxScaler,Lasso,44,11,5,-0.2231,8.2158,9.6827,-0.3501,-2.8378,-0.2506
4,positive_training,ADK,HRSD_17.1,HRSD17,cross-corpus-882,MinMaxScaler,ElasticNet,44,11,5,-0.2063,8.3448,9.9358,-0.3252,-3.041,-0.1777
4,positive_training,ADK,HRSD_17.1,HRSD17,cross-corpus-882,MinMaxScaler,SVR,44,11,5,-0.2706,8.2713,9.7444,-0.326,-2.8868,-0.2415
4,positive_training,ADK,HRSD_17.1,HRSD17,cross-corpus-882,MinMaxScaler,KNN,44,11,5,0.1025,5.6727,6.5143,0.1113,-0.7371,0.0957
4,positive_training,ADK,HRSD_17.1,HRSD17,cross-corpus-882,MinMaxScaler,RF,44,11,5,-0.251,7.6727,9.3816,-0.3238,-2.6027,-0.2369
4,positive_training,ADK,HRSD_17.1,HRSD17,cross-corpus-882,MinMaxScaler,ET,44,11,5,-0.1913,7.2345,8.7248,-0.2385,-2.116,-0.1048
4,positive_training,ADK,HRSD_17.1,HRSD17,cross-corpus-882,MinMaxScaler,GB,44,11,5,-0.1975,7.4101,9.7976,-0.2467,-2.9293,-0.1458
4,positive_training,ADK,HRSD_17.1,HRSD17,cross-corpus-882,MinMaxScaler,XGB,44,11,5,-0.1926,6.9846,9.3379,-0.2254,-2.5692,-0.1002
4,positive_training,ADK,HRSD_17.1,HRSD17,cross-corpus-882,MinMaxScaler,MLP,44,11,5,-0.2098,8.4257,9.9324,-0.3258,-3.0382,-0.1367
4,positive_training,ADK,HRSD_17.1,HRSD17,cross-corpus-882,MinMaxScaler,LGBM,44,11,5,-0.1525,7.4083,8.1772,-0.2721,-1.7371,-0.3412
4,positive_training,ADK,HRSD_17.1,HRSD17,cross-corpus-882,MinMaxScaler,CatBoost,44,11,5,-0.3049,7.435,9.3036,-0.3773,-2.5431,-0.3007
4,positive_training,ADK,HRSD_17.1,HRSD17,cross-corpus-882,RobustScaler,Ridge,44,11,5,-0.2011,9.0381,10.6101,-0.3298,-3.6081,-0.2232
4,positive_training,ADK,HRSD_17.1,HRSD17,cross-corpus-882,RobustScaler,Lasso,44,11,5,-0.2138,8.4488,9.8414,-0.3457,-2.9645,-0.2688
4,positive_training,ADK,HRSD_17.1,HRSD17,cross-corpus-882,RobustScaler,ElasticNet,44,11,5,-0.2077,8.5567,9.9185,-0.3398,-3.0269,-0.2141
4,positive_training,ADK,HRSD_17.1,HRSD17,cross-corpus-882,RobustScaler,SVR,44,11,5,-0.1078,6.6106,8.3282,-0.116,-1.8391,0.0319
4,positive_training,ADK,HRSD_17.1,HRSD17,cross-corpus-882,RobustScaler,KNN,44,11,5,-0.1677,7.5455,9.0738,-0.2227,-2.3702,-0.0911
4,positive_training,ADK,HRSD_17.1,HRSD17,cross-corpus-882,RobustScaler,RF,44,11,5,-0.0816,6.9845,8.1489,-0.1033,-1.7182,-0.0911
4,positive_training,ADK,HRSD_17.1,HRSD17,cross-corpus-882,RobustScaler,ET,44,11,5,-0.1343,7.0864,8.526,-0.1637,-1.9756,-0.1412
4,positive_training,ADK,HRSD_17.1,HRSD17,cross-corpus-882,RobustScaler,GB,44,11,5,-0.1383,7.5848,9.1359,-0.1754,-2.4165,-0.0729
4,positive_training,ADK,HRSD_17.1,HRSD17,cross-corpus-882,RobustScaler,XGB,44,11,5,-0.2396,7.6745,9.5114,-0.298,-2.7032,-0.205
4,positive_training,ADK,HRSD_17.1,HRSD17,cross-corpus-882,RobustScaler,MLP,44,11,5,-0.2229,7.591,8.8028,-0.2834,-2.1719,-0.1093
4,positive_training,ADK,HRSD_17.1,HRSD17,cross-corpus-882,RobustScaler,LGBM,44,11,5,0.0467,6.2574,7.2326,0.0842,-1.1413,0.1724
4,positive_training,ADK,HRSD_17.1,HRSD17,cross-corpus-882,RobustScaler,CatBoost,44,11,5,-0.1741,6.7558,8.3211,-0.2068,-1.8343,-0.1549
5,positive_training,ADK,HRSD_17.1,HRSD17,cross-corpus-882,StandardScaler,Ridge,44,11,5,0.1395,8.8864,10.0611,0.2807,0.0742,0.2713
5,positive_training,ADK,HRSD_17.1,HRSD17,cross-corpus-882,StandardScaler,Lasso,44,11,5,0.2862,8.6463,9.5286,0.4131,0.1696,0.4414
5,positive_training,ADK,HRSD_17.1,HRSD17,cross-corpus-882,StandardScaler,ElasticNet,44,11,5,0.226,8.7339,9.7193,0.3732,0.136,0.4276
5,positive_training,ADK,HRSD_17.1,HRSD17,cross-corpus-882,StandardScaler,SVR,44,11,5,-0.0124,9.5177,10.7946,-0.0657,-0.0657,-0.2023
5,positive_training,ADK,HRSD_17.1,HRSD17,cross-corpus-882,StandardScaler,KNN,44,11,5,0.123,8.8909,10.1736,0.238,0.0534,0.1982
5,positive_training,ADK,HRSD_17.1,HRSD17,cross-corpus-882,StandardScaler,RF,44,11,5,0.0277,9.5598,10.6816,0.0551,-0.0435,-0.069
5,positive_training,ADK,HRSD_17.1,HRSD17,cross-corpus-882,StandardScaler,ET,44,11,5,0.0866,9.4027,10.6648,0.1336,-0.0402,0.092
5,positive_training,ADK,HRSD_17.1,HRSD17,cross-corpus-882,StandardScaler,GB,44,11,5,0.1124,10.2321,11.5728,0.127,-0.2249,0.115
5,positive_training,ADK,HRSD_17.1,HRSD17,cross-corpus-882,StandardScaler,XGB,44,11,5,0.1265,9.7494,11.0854,0.1525,-0.1239,0.1241
5,positive_training,ADK,HRSD_17.1,HRSD17,cross-corpus-882,StandardScaler,MLP,44,11,5,0.4466,7.388,8.8367,0.5365,0.2858,0.4506
5,positive_training,ADK,HRSD_17.1,HRSD17,cross-corpus-882,StandardScaler,LGBM,44,11,5,-0.0342,9.735,11.0481,-0.0677,-0.1163,-0.0605
5,positive_training,ADK,HRSD_17.1,HRSD17,cross-corpus-882,StandardScaler,CatBoost,44,11,5,0.0342,9.7352,10.9638,0.055,-0.0994,0.0046
5,positive_training,ADK,HRSD_17.1,HRSD17,cross-corpus-882,MinMaxScaler,Ridge,44,11,10,0.0652,9.5962,10.4918,0.1326,-0.0068,0.1104
5,positive_training,ADK,HRSD_17.1,HRSD17,cross-corpus-882,MinMaxScaler,Lasso,44,11,10,0.0783,9.3353,10.4438,0.1576,0.0024,0.1425
5,positive_training,ADK,HRSD_17.1,HRSD17,cross-corpus-882,MinMaxScaler,ElasticNet,44,11,10,0.1728,9.4232,10.1422,0.2694,0.0592,0.2207
5,positive_training,ADK,HRSD_17.1,HRSD17,cross-corpus-882,MinMaxScaler,SVR,44,11,10,0.0712,9.9376,10.9443,0.0995,-0.0955,0.0276
5,positive_training,ADK,HRSD_17.1,HRSD17,cross-corpus-882,MinMaxScaler,KNN,44,11,10,0.1514,8.7013,9.8259,0.3911,0.117,0.1655
5,positive_training,ADK,HRSD_17.1,HRSD17,cross-corpus-882,MinMaxScaler,RF,44,11,10,-0.128,10.5173,11.9346,-0.1884,-0.3027,-0.1793
5,positive_training,ADK,HRSD_17.1,HRSD17,cross-corpus-882,MinMaxScaler,ET,44,11,10,0.0382,9.7773,11.0071,0.0567,-0.1081,0.0506
5,positive_training,ADK,HRSD_17.1,HRSD17,cross-corpus-882,MinMaxScaler,GB,44,11,10,-0.1312,11.2337,12.5246,-0.1609,-0.4347,-0.1885
5,positive_training,ADK,HRSD_17.1,HRSD17,cross-corpus-882,MinMaxScaler,XGB,44,11,10,-0.1929,11.1073,13.1277,-0.2293,-0.5762,-0.1425
5,positive_training,ADK,HRSD_17.1,HRSD17,cross-corpus-882,MinMaxScaler,MLP,44,11,10,0.1873,9.5998,10.5058,0.2366,-0.0094,0.2483
5,positive_training,ADK,HRSD_17.1,HRSD17,cross-corpus-882,MinMaxScaler,LGBM,44,11,10,-0.0542,10.3172,11.3408,-0.0923,-0.1763,-0.2742
5,positive_training,ADK,HRSD_17.1,HRSD17,cross-corpus-882,MinMaxScaler,CatBoost,44,11,10,-0.0873,10.6254,12.0953,-0.1119,-0.338,-0.1333
5,positive_training,ADK,HRSD_17.1,HRSD17,cross-corpus-882,RobustScaler,Ridge,44,11,5,0.143,8.9196,10.0837,0.2727,0.07,0.2713
5,positive_training,ADK,HRSD_17.1,HRSD17,cross-corpus-882,RobustScaler,Lasso,44,11,5,0.2768,8.6676,9.5736,0.4035,0.1618,0.4414
5,positive_training,ADK,HRSD_17.1,HRSD17,cross-corpus-882,RobustScaler,ElasticNet,44,11,5,0.2124,8.7704,9.8072,0.35,0.1203,0.4
5,positive_training,ADK,HRSD_17.1,HRSD17,cross-corpus-882,RobustScaler,SVR,44,11,5,-0.0075,9.5043,10.7762,-0.0367,-0.0621,-0.1333
5,positive_training,ADK,HRSD_17.1,HRSD17,cross-corpus-882,RobustScaler,KNN,44,11,5,0.039,8.9455,10.4683,0.0991,-0.0023,-0.2148
5,positive_training,ADK,HRSD_17.1,HRSD17,cross-corpus-882,RobustScaler,RF,44,11,5,0.0277,9.5598,10.6816,0.0551,-0.0435,-0.069
5,positive_training,ADK,HRSD_17.1,HRSD17,cross-corpus-882,RobustScaler,ET,44,11,5,0.0866,9.4027,10.6648,0.1336,-0.0402,0.092
5,positive_training,ADK,HRSD_17.1,HRSD17,cross-corpus-882,RobustScaler,GB,44,11,5,0.0953,10.3307,11.6547,0.1083,-0.2423,0.115
5,positive_training,ADK,HRSD_17.1,HRSD17,cross-corpus-882,RobustScaler,XGB,44,11,5,0.1265,9.7494,11.0854,0.1525,-0.1239,0.1241
5,positive_training,ADK,HRSD_17.1,HRSD17,cross-corpus-882,RobustScaler,MLP,44,11,5,0.4226,7.6447,9.0274,0.508,0.2547,0.3449
5,positive_training,ADK,HRSD_17.1,HRSD17,cross-corpus-882,RobustScaler,LGBM,44,11,5,-0.043,9.7026,11.1011,-0.0834,-0.1271,-0.0798
5,positive_training,ADK,HRSD_17.1,HRSD17,cross-corpus-882,RobustScaler,CatBoost,44,11,5,0.0231,9.7868,11.0169,0.0376,-0.1101,-0.0782
1,positive_training,ADK,HRSD_21.1,HRSD21,cross-corpus-882,StandardScaler,Ridge,44,11,10,-0.2819,10.4651,12.4474,-0.3021,-0.9553,-0.367
1,positive_training,ADK,HRSD_21.1,HRSD21,cross-corpus-882,StandardScaler,Lasso,44,11,10,-0.3042,10.7185,12.999,-0.321,-1.1325,-0.3578
1,positive_training,ADK,HRSD_21.1,HRSD21,cross-corpus-882,StandardScaler,ElasticNet,44,11,10,-0.2994,10.6685,12.8411,-0.3158,-1.081,-0.3853
1,positive_training,ADK,HRSD_21.1,HRSD21,cross-corpus-882,StandardScaler,SVR,44,11,10,0.1402,8.7654,10.6256,0.1472,-0.4248,0.0092
1,positive_training,ADK,HRSD_21.1,HRSD21,cross-corpus-882,StandardScaler,KNN,44,11,10,0.055,8.4156,9.6462,0.0696,-0.1743,-0.0648
1,positive_training,ADK,HRSD_21.1,HRSD21,cross-corpus-882,StandardScaler,RF,44,11,10,-0.0141,8.6045,9.4199,-0.0264,-0.1198,-0.2936
1,positive_training,ADK,HRSD_21.1,HRSD21,cross-corpus-882,StandardScaler,ET,44,11,10,0.0106,8.6118,9.7518,0.0143,-0.2001,-0.0642
1,positive_training,ADK,HRSD_21.1,HRSD21,cross-corpus-882,StandardScaler,GB,44,11,10,-0.1021,9.0028,9.8152,-0.1754,-0.2158,0.0367
1,positive_training,ADK,HRSD_21.1,HRSD21,cross-corpus-882,StandardScaler,XGB,44,11,10,-0.0523,8.6247,9.6215,-0.0925,-0.1683,-0.0826
1,positive_training,ADK,HRSD_21.1,HRSD21,cross-corpus-882,StandardScaler,MLP,44,11,10,-0.2778,11.6808,14.8262,-0.2881,-1.7741,-0.4404
1,positive_training,ADK,HRSD_21.1,HRSD21,cross-corpus-882,StandardScaler,LGBM,44,11,10,-0.0768,8.691,9.8827,-0.1155,-0.2326,-0.2569
1,positive_training,ADK,HRSD_21.1,HRSD21,cross-corpus-882,StandardScaler,CatBoost,44,11,10,0.1149,8.1009,8.8458,0.1885,0.0125,-0.0092
1,positive_training,ADK,HRSD_21.1,HRSD21,cross-corpus-882,MinMaxScaler,Ridge,44,11,15,-0.2966,10.7725,12.6432,-0.3097,-1.0173,-0.4037
1,positive_training,ADK,HRSD_21.1,HRSD21,cross-corpus-882,MinMaxScaler,Lasso,44,11,15,-0.2715,10.593,12.2617,-0.2891,-0.8974,-0.4496
1,positive_training,ADK,HRSD_21.1,HRSD21,cross-corpus-882,MinMaxScaler,ElasticNet,44,11,15,-0.3163,10.9752,12.93,-0.3266,-1.1099,-0.4312
1,positive_training,ADK,HRSD_21.1,HRSD21,cross-corpus-882,MinMaxScaler,SVR,44,11,15,-0.3253,10.9182,12.8897,-0.3373,-1.0967,-0.4679
1,positive_training,ADK,HRSD_21.1,HRSD21,cross-corpus-882,MinMaxScaler,KNN,44,11,15,-0.1129,9.3232,10.6873,-0.1415,-0.4414,-0.2744
1,positive_training,ADK,HRSD_21.1,HRSD21,cross-corpus-882,MinMaxScaler,RF,44,11,15,-0.0038,8.5673,9.4054,-0.0064,-0.1164,-0.2477
1,positive_training,ADK,HRSD_21.1,HRSD21,cross-corpus-882,MinMaxScaler,ET,44,11,15,0.0192,8.6386,9.8537,0.0247,-0.2253,-0.156
1,positive_training,ADK,HRSD_21.1,HRSD21,cross-corpus-882,MinMaxScaler,GB,44,11,15,0.0044,8.8195,9.5664,0.0063,-0.1549,-0.156
1,positive_training,ADK,HRSD_21.1,HRSD21,cross-corpus-882,MinMaxScaler,XGB,44,11,15,-0.2296,9.6315,10.4294,-0.4044,-0.3727,-0.4037
1,positive_training,ADK,HRSD_21.1,HRSD21,cross-corpus-882,MinMaxScaler,MLP,44,11,15,-0.2707,11.096,13.0803,-0.2751,-1.1592,-0.422
1,positive_training,ADK,HRSD_21.1,HRSD21,cross-corpus-882,MinMaxScaler,LGBM,44,11,15,0.1636,8.2917,8.8656,0.2271,0.0081,0.2069
1,positive_training,ADK,HRSD_21.1,HRSD21,cross-corpus-882,MinMaxScaler,CatBoost,44,11,15,0.2493,7.6414,8.238,0.3874,0.1436,0.1009
1,positive_training,ADK,HRSD_21.1,HRSD21,cross-corpus-882,RobustScaler,Ridge,44,11,5,-0.2293,10.6755,13.2141,-0.249,-1.2036,-0.367
1,positive_training,ADK,HRSD_21.1,HRSD21,cross-corpus-882,RobustScaler,Lasso,44,11,5,-0.2247,10.9749,13.9971,-0.2425,-1.4725,-0.3853
1,positive_training,ADK,HRSD_21.1,HRSD21,cross-corpus-882,RobustScaler,ElasticNet,44,11,5,-0.2281,10.8825,13.7395,-0.246,-1.3823,-0.367
1,positive_training,ADK,HRSD_21.1,HRSD21,cross-corpus-882,RobustScaler,SVR,44,11,5,0.1389,8.1798,9.3644,0.1682,-0.1067,0.0917
1,positive_training,ADK,HRSD_21.1,HRSD21,cross-corpus-882,RobustScaler,KNN,44,11,5,-0.01,9.6364,13.0616,-0.0111,-1.153,-0.2212
1,positive_training,ADK,HRSD_21.1,HRSD21,cross-corpus-882,RobustScaler,RF,44,11,5,0.0467,8.3155,9.4425,0.0705,-0.1252,-0.1743
1,positive_training,ADK,HRSD_21.1,HRSD21,cross-corpus-882,RobustScaler,ET,44,11,5,0.0043,8.7195,10.1125,0.0053,-0.2906,-0.0917
1,positive_training,ADK,HRSD_21.1,HRSD21,cross-corpus-882,RobustScaler,GB,44,11,5,-0.1655,9.4587,10.4649,-0.2382,-0.3821,-0.2477
1,positive_training,ADK,HRSD_21.1,HRSD21,cross-corpus-882,RobustScaler,XGB,44,11,5,-0.0355,8.6972,10.3144,-0.0429,-0.3426,0.055
1,positive_training,ADK,HRSD_21.1,HRSD21,cross-corpus-882,RobustScaler,MLP,44,11,5,-0.2026,11.8915,16.3202,-0.2254,-2.3613,-0.3119
1,positive_training,ADK,HRSD_21.1,HRSD21,cross-corpus-882,RobustScaler,LGBM,44,11,5,-0.0617,8.9721,9.7114,-0.0996,-0.1902,-0.1701
1,positive_training,ADK,HRSD_21.1,HRSD21,cross-corpus-882,RobustScaler,CatBoost,44,11,5,-0.0808,8.9768,9.9441,-0.1193,-0.2479,-0.0275
2,positive_training,ADK,HRSD_21.1,HRSD21,cross-corpus-882,StandardScaler,Ridge,44,11,10,0.0166,8.984,11.5517,0.0171,-0.5946,0.3112
2,positive_training,ADK,HRSD_21.1,HRSD21,cross-corpus-882,StandardScaler,Lasso,44,11,10,0.0038,9.0144,11.5264,0.004,-0.5876,0.3295
2,positive_training,ADK,HRSD_21.1,HRSD21,cross-corpus-882,StandardScaler,ElasticNet,44,11,10,0.0268,9.1935,12.2365,0.0272,-0.7892,0.2609
2,positive_training,ADK,HRSD_21.1,HRSD21,cross-corpus-882,StandardScaler,SVR,44,11,10,0.2108,7.6998,10.2787,0.2179,-0.2625,0.476
2,positive_training,ADK,HRSD_21.1,HRSD21,cross-corpus-882,StandardScaler,KNN,44,11,10,0.3821,6.6364,8.6193,0.4263,0.1122,0.4394
2,positive_training,ADK,HRSD_21.1,HRSD21,cross-corpus-882,StandardScaler,RF,44,11,10,0.2441,6.8831,8.9364,0.4257,0.0457,0.4851
2,positive_training,ADK,HRSD_21.1,HRSD21,cross-corpus-882,StandardScaler,ET,44,11,10,0.3486,6.7064,8.4558,0.5006,0.1456,0.4302
2,positive_training,ADK,HRSD_21.1,HRSD21,cross-corpus-882,StandardScaler,GB,44,11,10,0.2491,7.129,9.7207,0.2891,-0.1291,0.325
2,positive_training,ADK,HRSD_21.1,HRSD21,cross-corpus-882,StandardScaler,XGB,44,11,10,0.1489,8.1418,10.5764,0.1932,-0.3367,0.3616
2,positive_training,ADK,HRSD_21.1,HRSD21,cross-corpus-882,StandardScaler,MLP,44,11,10,-0.1035,10.1494,13.1369,-0.1039,-1.0622,0.0366
2,positive_training,ADK,HRSD_21.1,HRSD21,cross-corpus-882,StandardScaler,LGBM,44,11,10,0.4336,6.2199,7.8278,0.5556,0.2678,0.5721
2,positive_training,ADK,HRSD_21.1,HRSD21,cross-corpus-882,StandardScaler,CatBoost,44,11,10,0.3642,6.4714,8.1725,0.529,0.2019,0.4073
2,positive_training,ADK,HRSD_21.1,HRSD21,cross-corpus-882,MinMaxScaler,Ridge,44,11,10,0.213,7.1582,9.43,0.2507,-0.0626,0.5126
2,positive_training,ADK,HRSD_21.1,HRSD21,cross-corpus-882,MinMaxScaler,Lasso,44,11,10,0.2074,7.2202,9.4347,0.2482,-0.0637,0.5126
2,positive_training,ADK,HRSD_21.1,HRSD21,cross-corpus-882,MinMaxScaler,ElasticNet,44,11,10,0.2033,7.1698,9.4162,0.2445,-0.0595,0.5126
2,positive_training,ADK,HRSD_21.1,HRSD21,cross-corpus-882,MinMaxScaler,SVR,44,11,10,0.1685,7.2129,9.4674,0.2104,-0.071,0.5034
2,positive_training,ADK,HRSD_21.1,HRSD21,cross-corpus-882,MinMaxScaler,KNN,44,11,10,0.0534,8.1212,10.7487,0.0754,-0.3806,0.3225
2,positive_training,ADK,HRSD_21.1,HRSD21,cross-corpus-882,MinMaxScaler,RF,44,11,10,0.2162,6.91,9.1225,0.4097,0.0056,0.476
2,positive_training,ADK,HRSD_21.1,HRSD21,cross-corpus-882,MinMaxScaler,ET,44,11,10,0.3234,6.2559,8.2508,0.5697,0.1865,0.5904
2,positive_training,ADK,HRSD_21.1,HRSD21,cross-corpus-882,MinMaxScaler,GB,44,11,10,0.4025,6.9024,8.7604,0.5298,0.083,0.5675
2,positive_training,ADK,HRSD_21.1,HRSD21,cross-corpus-882,MinMaxScaler,XGB,44,11,10,0.369,6.5316,8.8796,0.5015,0.0578,0.4302
2,positive_training,ADK,HRSD_21.1,HRSD21,cross-corpus-882,MinMaxScaler,MLP,44,11,10,0.1616,7.4849,9.6489,0.1955,-0.1125,0.4623
2,positive_training,ADK,HRSD_21.1,HRSD21,cross-corpus-882,MinMaxScaler,LGBM,44,11,10,0.3624,6.2511,8.204,0.5037,0.1957,0.4577
2,positive_training,ADK,HRSD_21.1,HRSD21,cross-corpus-882,MinMaxScaler,CatBoost,44,11,10,0.2799,6.659,8.6262,0.449,0.1108,0.5629
2,positive_training,ADK,HRSD_21.1,HRSD21,cross-corpus-882,RobustScaler,Ridge,44,11,15,0.3122,6.4368,8.3016,0.4613,0.1765,0.6407
2,positive_training,ADK,HRSD_21.1,HRSD21,cross-corpus-882,RobustScaler,Lasso,44,11,15,0.2514,7.336,10.2709,0.2579,-0.2606,0.5584
2,positive_training,ADK,HRSD_21.1,HRSD21,cross-corpus-882,RobustScaler,ElasticNet,44,11,15,0.1884,6.6169,8.8176,0.5389,0.0709,0.6682
2,positive_training,ADK,HRSD_21.1,HRSD21,cross-corpus-882,RobustScaler,SVR,44,11,15,0.4638,5.9776,7.6799,0.653,0.2952,0.6453
2,positive_training,ADK,HRSD_21.1,HRSD21,cross-corpus-882,RobustScaler,KNN,44,11,15,0.3536,6.0303,9.0079,0.655,0.0304,0.6636
2,positive_training,ADK,HRSD_21.1,HRSD21,cross-corpus-882,RobustScaler,RF,44,11,15,0.2054,6.9078,9.0813,0.4594,0.0145,0.4394
2,positive_training,ADK,HRSD_21.1,HRSD21,cross-corpus-882,RobustScaler,ET,44,11,15,0.365,6.6773,8.4908,0.6157,0.1385,0.5355
2,positive_training,ADK,HRSD_21.1,HRSD21,cross-corpus-882,RobustScaler,GB,44,11,15,0.3705,6.7474,8.6259,0.5075,0.1109,0.5675
2,positive_training,ADK,HRSD_21.1,HRSD21,cross-corpus-882,RobustScaler,XGB,44,11,15,0.3102,7.3531,9.3169,0.3965,-0.0373,0.4348
2,positive_training,ADK,HRSD_21.1,HRSD21,cross-corpus-882,RobustScaler,MLP,44,11,15,0.3288,6.9357,10.3105,0.3307,-0.2703,0.5996
2,positive_training,ADK,HRSD_21.1,HRSD21,cross-corpus-882,RobustScaler,LGBM,44,11,15,0.4071,6.1063,7.8967,0.6555,0.2549,0.6133
2,positive_training,ADK,HRSD_21.1,HRSD21,cross-corpus-882,RobustScaler,CatBoost,44,11,15,0.1897,7.3662,9.352,0.3743,-0.0451,0.4348
3,positive_training,ADK,HRSD_21.1,HRSD21,cross-corpus-882,StandardScaler,Ridge,44,11,5,-0.2083,7.4214,9.5813,-0.2728,-0.5765,-0.1549
3,positive_training,ADK,HRSD_21.1,HRSD21,cross-corpus-882,StandardScaler,Lasso,44,11,5,-0.2085,7.4074,9.5866,-0.2737,-0.5782,-0.1822
3,positive_training,ADK,HRSD_21.1,HRSD21,cross-corpus-882,StandardScaler,ElasticNet,44,11,5,-0.2027,7.3383,9.4641,-0.2756,-0.5382,-0.1549
3,positive_training,ADK,HRSD_21.1,HRSD21,cross-corpus-882,StandardScaler,SVR,44,11,5,-0.148,6.7043,8.3532,-0.3704,-0.1983,-0.1276
3,positive_training,ADK,HRSD_21.1,HRSD21,cross-corpus-882,StandardScaler,KNN,44,11,5,-0.1435,6.697,8.912,-0.1988,-0.3639,-0.2237
3,positive_training,ADK,HRSD_21.1,HRSD21,cross-corpus-882,StandardScaler,RF,44,11,5,-0.1071,7.6387,9.3304,-0.1313,-0.495,-0.2096
3,positive_training,ADK,HRSD_21.1,HRSD21,cross-corpus-882,StandardScaler,ET,44,11,5,-0.3121,8.8777,11.0305,-0.3261,-1.0895,-0.2278
3,positive_training,ADK,HRSD_21.1,HRSD21,cross-corpus-882,StandardScaler,GB,44,11,5,0.0385,7.7781,10.1319,0.0394,-0.7629,0.1595
3,positive_training,ADK,HRSD_21.1,HRSD21,cross-corpus-882,StandardScaler,XGB,44,11,5,-0.0039,7.5211,9.0542,-0.0044,-0.4078,0.0456
3,positive_training,ADK,HRSD_21.1,HRSD21,cross-corpus-882,StandardScaler,MLP,44,11,5,-0.337,7.6665,9.87,-0.4211,-0.6729,-0.3007
3,positive_training,ADK,HRSD_21.1,HRSD21,cross-corpus-882,StandardScaler,LGBM,44,11,5,-0.2671,7.5068,9.43,-0.3929,-0.5271,-0.5451
3,positive_training,ADK,HRSD_21.1,HRSD21,cross-corpus-882,StandardScaler,CatBoost,44,11,5,-0.0593,7.798,9.5444,-0.0634,-0.5644,0.0137
3,positive_training,ADK,HRSD_21.1,HRSD21,cross-corpus-882,MinMaxScaler,Ridge,44,11,10,-0.102,7.2764,9.3675,-0.1396,-0.5069,0.0501
3,positive_training,ADK,HRSD_21.1,HRSD21,cross-corpus-882,MinMaxScaler,Lasso,44,11,10,0.0005,7.1384,8.0277,0.0862,-0.1067,0.2232
3,positive_training,ADK,HRSD_21.1,HRSD21,cross-corpus-882,MinMaxScaler,ElasticNet,44,11,10,-0.0514,6.9182,8.57,-0.0983,-0.2613,0.0501
3,positive_training,ADK,HRSD_21.1,HRSD21,cross-corpus-882,MinMaxScaler,SVR,44,11,10,-0.0935,6.9112,9.1887,-0.1102,-0.45,0.1139
3,positive_training,ADK,HRSD_21.1,HRSD21,cross-corpus-882,MinMaxScaler,KNN,44,11,10,0.0997,6.2182,8.7365,0.1163,-0.3108,0.1895
3,positive_training,ADK,HRSD_21.1,HRSD21,cross-corpus-882,MinMaxScaler,RF,44,11,10,-0.2156,6.9046,9.0933,-0.3481,-0.42,-0.287
3,positive_training,ADK,HRSD_21.1,HRSD21,cross-corpus-882,MinMaxScaler,ET,44,11,10,-0.1702,6.9082,9.3727,-0.2222,-0.5086,-0.1185
3,positive_training,ADK,HRSD_21.1,HRSD21,cross-corpus-882,MinMaxScaler,GB,44,11,10,-0.1563,7.3631,9.9832,-0.1702,-0.7115,-0.1458
3,positive_training,ADK,HRSD_21.1,HRSD21,cross-corpus-882,MinMaxScaler,XGB,44,11,10,-0.257,7.5994,10.3023,-0.2809,-0.8227,-0.1959
3,positive_training,ADK,HRSD_21.1,HRSD21,cross-corpus-882,MinMaxScaler,MLP,44,11,10,-0.1688,7.3355,10.7072,-0.1923,-0.9688,0.041
3,positive_training,ADK,HRSD_21.1,HRSD21,cross-corpus-882,MinMaxScaler,LGBM,44,11,10,-0.0697,7.1895,8.9749,-0.1171,-0.3833,0.0069
3,positive_training,ADK,HRSD_21.1,HRSD21,cross-corpus-882,MinMaxScaler,CatBoost,44,11,10,-0.3108,7.6261,10.3668,-0.3533,-0.8456,-0.4055
3,positive_training,ADK,HRSD_21.1,HRSD21,cross-corpus-882,RobustScaler,Ridge,44,11,5,-0.1688,7.2998,9.7055,-0.2025,-0.6176,-0.0501
3,positive_training,ADK,HRSD_21.1,HRSD21,cross-corpus-882,RobustScaler,Lasso,44,11,5,-0.1677,7.3502,9.7584,-0.1991,-0.6353,0.0273
3,positive_training,ADK,HRSD_21.1,HRSD21,cross-corpus-882,RobustScaler,ElasticNet,44,11,5,-0.1709,7.1667,9.5676,-0.2116,-0.572,-0.0319
3,positive_training,ADK,HRSD_21.1,HRSD21,cross-corpus-882,RobustScaler,SVR,44,11,5,-0.2063,7.8143,9.8037,-0.2435,-0.6505,0.0091
3,positive_training,ADK,HRSD_21.1,HRSD21,cross-corpus-882,RobustScaler,KNN,44,11,5,-0.1205,6.4646,8.5504,-0.1946,-0.2555,-0.1144
3,positive_training,ADK,HRSD_21.1,HRSD21,cross-corpus-882,RobustScaler,RF,44,11,5,-0.1518,7.0145,9.1548,-0.207,-0.4393,-0.0683
3,positive_training,ADK,HRSD_21.1,HRSD21,cross-corpus-882,RobustScaler,ET,44,11,5,-0.3213,7.8208,10.6169,-0.357,-0.9357,-0.3052
3,positive_training,ADK,HRSD_21.1,HRSD21,cross-corpus-882,RobustScaler,GB,44,11,5,-0.2105,9.7504,13.6091,-0.2233,-2.1806,-0.1503
3,positive_training,ADK,HRSD_21.1,HRSD21,cross-corpus-882,RobustScaler,XGB,44,11,5,-0.0384,8.2144,11.8053,-0.0397,-1.3933,0.2005
3,positive_training,ADK,HRSD_21.1,HRSD21,cross-corpus-882,RobustScaler,MLP,44,11,5,-0.2087,7.3653,10.0579,-0.2292,-0.7372,0.0364
3,positive_training,ADK,HRSD_21.1,HRSD21,cross-corpus-882,RobustScaler,LGBM,44,11,5,-0.0268,6.9975,8.8993,-0.0377,-0.36,-0.1778
3,positive_training,ADK,HRSD_21.1,HRSD21,cross-corpus-882,RobustScaler,CatBoost,44,11,5,-0.0691,6.3779,9.0971,-0.0813,-0.4212,-0.0091
4,positive_training,ADK,HRSD_21.1,HRSD21,cross-corpus-882,StandardScaler,Ridge,44,11,5,-0.0747,10.9373,13.6259,-0.0924,-4.155,-0.2005
4,positive_training,ADK,HRSD_21.1,HRSD21,cross-corpus-882,StandardScaler,Lasso,44,11,5,-0.0786,10.8076,13.3633,-0.0958,-3.9582,-0.2005
4,positive_training,ADK,HRSD_21.1,HRSD21,cross-corpus-882,StandardScaler,ElasticNet,44,11,5,-0.0946,10.2927,12.3868,-0.1094,-3.2601,-0.1913
4,positive_training,ADK,HRSD_21.1,HRSD21,cross-corpus-882,StandardScaler,SVR,44,11,5,-0.2088,7.1702,8.3212,-0.2374,-0.9225,-0.2005
4,positive_training,ADK,HRSD_21.1,HRSD21,cross-corpus-882,StandardScaler,KNN,44,11,5,-0.0268,5.7455,7.6785,-0.028,-0.637,0.0456
4,positive_training,ADK,HRSD_21.1,HRSD21,cross-corpus-882,StandardScaler,RF,44,11,5,-0.2288,7.6331,9.238,-0.2861,-1.3695,-0.4419
4,positive_training,ADK,HRSD_21.1,HRSD21,cross-corpus-882,StandardScaler,ET,44,11,5,-0.092,7.1978,8.3316,-0.1143,-0.9273,-0.1731
4,positive_training,ADK,HRSD_21.1,HRSD21,cross-corpus-882,StandardScaler,GB,44,11,5,0.0902,6.4486,8.4323,0.0941,-0.9742,0.0501
4,positive_training,ADK,HRSD_21.1,HRSD21,cross-corpus-882,StandardScaler,XGB,44,11,5,0.0054,7.1242,9.1698,0.0057,-1.3346,0.0228
4,positive_training,ADK,HRSD_21.1,HRSD21,cross-corpus-882,StandardScaler,MLP,44,11,5,-0.1824,8.3429,9.4976,-0.2226,-1.5045,-0.2688
4,positive_training,ADK,HRSD_21.1,HRSD21,cross-corpus-882,StandardScaler,LGBM,44,11,5,-0.4147,8.4677,9.5676,-0.5897,-1.5416,-0.6155
4,positive_training,ADK,HRSD_21.1,HRSD21,cross-corpus-882,StandardScaler,CatBoost,44,11,5,-0.1893,7.1617,8.7069,-0.2219,-1.1048,-0.3098
4,positive_training,ADK,HRSD_21.1,HRSD21,cross-corpus-882,MinMaxScaler,Ridge,44,11,15,-0.1893,8.7007,10.8436,-0.2375,-2.2647,-0.1412
4,positive_training,ADK,HRSD_21.1,HRSD21,cross-corpus-882,MinMaxScaler,Lasso,44,11,15,-0.2157,8.8863,10.9603,-0.2722,-2.3353,-0.1367
4,positive_training,ADK,HRSD_21.1,HRSD21,cross-corpus-882,MinMaxScaler,ElasticNet,44,11,15,-0.1914,7.7632,9.4606,-0.2403,-1.4851,-0.1412
4,positive_training,ADK,HRSD_21.1,HRSD21,cross-corpus-882,MinMaxScaler,SVR,44,11,15,-0.2059,8.8602,10.931,-0.227,-2.3176,-0.1412
4,positive_training,ADK,HRSD_21.1,HRSD21,cross-corpus-882,MinMaxScaler,KNN,44,11,15,0.04,6.1515,7.7531,0.0419,-0.669,0.105
4,positive_training,ADK,HRSD_21.1,HRSD21,cross-corpus-882,MinMaxScaler,RF,44,11,15,-0.3364,9.3745,11.2448,-0.3996,-2.5108,-0.4237
4,positive_training,ADK,HRSD_21.1,HRSD21,cross-corpus-882,MinMaxScaler,ET,44,11,15,-0.2407,8.4832,10.1474,-0.2689,-1.859,-0.2232
4,positive_training,ADK,HRSD_21.1,HRSD21,cross-corpus-882,MinMaxScaler,GB,44,11,15,-0.2073,9.5826,10.9474,-0.2558,-2.3275,-0.205
4,positive_training,ADK,HRSD_21.1,HRSD21,cross-corpus-882,MinMaxScaler,XGB,44,11,15,-0.2604,8.3694,10.8964,-0.2873,-2.2966,-0.2506
4,positive_training,ADK,HRSD_21.1,HRSD21,cross-corpus-882,MinMaxScaler,MLP,44,11,15,-0.1999,9.125,11.0135,-0.2479,-2.3678,-0.1321
4,positive_training,ADK,HRSD_21.1,HRSD21,cross-corpus-882,MinMaxScaler,LGBM,44,11,15,-0.0114,7.761,8.7897,-0.0198,-1.1451,-0.0478
4,positive_training,ADK,HRSD_21.1,HRSD21,cross-corpus-882,MinMaxScaler,CatBoost,44,11,15,-0.2939,7.9169,9.7516,-0.3249,-1.6403,-0.3554
4,positive_training,ADK,HRSD_21.1,HRSD21,cross-corpus-882,RobustScaler,Ridge,44,11,15,-0.1906,7.643,9.2371,-0.2397,-1.369,-0.1868
4,positive_training,ADK,HRSD_21.1,HRSD21,cross-corpus-882,RobustScaler,Lasso,44,11,15,-0.2392,7.7959,9.2954,-0.2999,-1.399,-0.2415
4,positive_training,ADK,HRSD_21.1,HRSD21,cross-corpus-882,RobustScaler,ElasticNet,44,11,15,-0.2016,7.8629,9.5043,-0.2505,-1.508,-0.1868
4,positive_training,ADK,HRSD_21.1,HRSD21,cross-corpus-882,RobustScaler,SVR,44,11,15,-0.179,8.3424,9.7624,-0.1832,-1.6461,-0.0957
4,positive_training,ADK,HRSD_21.1,HRSD21,cross-corpus-882,RobustScaler,KNN,44,11,15,-0.0966,6.5325,8.1378,-0.0984,-0.8387,-0.1549
4,positive_training,ADK,HRSD_21.1,HRSD21,cross-corpus-882,RobustScaler,RF,44,11,15,-0.2833,9.0227,10.6926,-0.3405,-2.1744,-0.3554
4,positive_training,ADK,HRSD_21.1,HRSD21,cross-corpus-882,RobustScaler,ET,44,11,15,-0.1541,8.0564,9.5716,-0.1729,-1.5437,-0.1276
4,positive_training,ADK,HRSD_21.1,HRSD21,cross-corpus-882,RobustScaler,GB,44,11,15,-0.2381,8.7314,10.2931,-0.2654,-1.9416,-0.1913
4,positive_training,ADK,HRSD_21.1,HRSD21,cross-corpus-882,RobustScaler,XGB,44,11,15,-0.2674,8.2805,10.3426,-0.2822,-1.97,-0.369
4,positive_training,ADK,HRSD_21.1,HRSD21,cross-corpus-882,RobustScaler,MLP,44,11,15,-0.2077,9.2226,11.4687,-0.2357,-2.652,-0.1412
4,positive_training,ADK,HRSD_21.1,HRSD21,cross-corpus-882,RobustScaler,LGBM,44,11,15,-0.0881,7.9108,8.8567,-0.1384,-1.1779,-0.1772
4,positive_training,ADK,HRSD_21.1,HRSD21,cross-corpus-882,RobustScaler,CatBoost,44,11,15,-0.2614,8.5303,10.078,-0.308,-1.82,-0.2916
5,positive_training,ADK,HRSD_21.1,HRSD21,cross-corpus-882,StandardScaler,Ridge,44,11,5,0.0611,10.2596,12.5119,0.1217,-0.0084,-0.0229
5,positive_training,ADK,HRSD_21.1,HRSD21,cross-corpus-882,StandardScaler,Lasso,44,11,5,0.0638,10.4065,12.4738,0.1384,-0.0023,-0.0137
5,positive_training,ADK,HRSD_21.1,HRSD21,cross-corpus-882,StandardScaler,ElasticNet,44,11,5,0.157,9.9754,12.0194,0.2688,0.0694,0.3204
5,positive_training,ADK,HRSD_21.1,HRSD21,cross-corpus-882,StandardScaler,SVR,44,11,5,0.0014,10.6905,12.9512,0.0077,-0.0805,-0.1648
5,positive_training,ADK,HRSD_21.1,HRSD21,cross-corpus-882,StandardScaler,KNN,44,11,5,0.1199,10.4026,12.0232,0.271,0.0688,0.2014
5,positive_training,ADK,HRSD_21.1,HRSD21,cross-corpus-882,StandardScaler,RF,44,11,5,-0.0074,10.5898,12.9795,-0.0147,-0.0852,-0.0778
5,positive_training,ADK,HRSD_21.1,HRSD21,cross-corpus-882,StandardScaler,ET,44,11,5,0.2091,10.2945,12.0256,0.2922,0.0684,0.2156
5,positive_training,ADK,HRSD_21.1,HRSD21,cross-corpus-882,StandardScaler,GB,44,11,5,0.1977,10.4351,12.4301,0.2517,0.0047,0.3112
5,positive_training,ADK,HRSD_21.1,HRSD21,cross-corpus-882,StandardScaler,XGB,44,11,5,0.1129,10.7508,13.0543,0.1438,-0.0978,0.1281
5,positive_training,ADK,HRSD_21.1,HRSD21,cross-corpus-882,StandardScaler,MLP,44,11,5,0.3259,14.1735,17.4681,0.4177,-0.9656,0.2929
5,positive_training,ADK,HRSD_21.1,HRSD21,cross-corpus-882,StandardScaler,LGBM,44,11,5,-0.0335,11.0567,13.2358,-0.064,-0.1285,-0.0417
5,positive_training,ADK,HRSD_21.1,HRSD21,cross-corpus-882,StandardScaler,CatBoost,44,11,5,0.0934,10.5006,12.5493,0.1603,-0.0145,0.0412
5,positive_training,ADK,HRSD_21.1,HRSD21,cross-corpus-882,MinMaxScaler,Ridge,44,11,15,0.0807,10.7213,12.3147,0.1836,0.0231,0.119
5,positive_training,ADK,HRSD_21.1,HRSD21,cross-corpus-882,MinMaxScaler,Lasso,44,11,15,0.0942,10.4812,12.2634,0.2135,0.0312,0.1556
5,positive_training,ADK,HRSD_21.1,HRSD21,cross-corpus-882,MinMaxScaler,ElasticNet,44,11,15,0.0471,10.8072,12.4542,0.131,0.0009,0.1419
5,positive_training,ADK,HRSD_21.1,HRSD21,cross-corpus-882,MinMaxScaler,SVR,44,11,15,-0.0194,10.9805,13.0305,-0.0873,-0.0938,-0.2929
5,positive_training,ADK,HRSD_21.1,HRSD21,cross-corpus-882,MinMaxScaler,KNN,44,11,15,0.0645,10.4364,12.4357,0.1587,0.0038,0.0787
5,positive_training,ADK,HRSD_21.1,HRSD21,cross-corpus-882,MinMaxScaler,RF,44,11,15,-0.1716,11.7786,13.7661,-0.4524,-0.2207,-0.3433
5,positive_training,ADK,HRSD_21.1,HRSD21,cross-corpus-882,MinMaxScaler,ET,44,11,15,-0.026,11.3323,12.9666,-0.0602,-0.0831,0.0412
5,positive_training,ADK,HRSD_21.1,HRSD21,cross-corpus-882,MinMaxScaler,GB,44,11,15,-0.1588,12.9397,15.3329,-0.1886,-0.5144,-0.3204
5,positive_training,ADK,HRSD_21.1,HRSD21,cross-corpus-882,MinMaxScaler,XGB,44,11,15,-0.2636,14.0388,16.1068,-0.3114,-0.6712,-0.3982
5,positive_training,ADK,HRSD_21.1,HRSD21,cross-corpus-882,MinMaxScaler,MLP,44,11,15,0.0837,10.9922,12.8652,0.1244,-0.0662,-0.0824
5,positive_training,ADK,HRSD_21.1,HRSD21,cross-corpus-882,MinMaxScaler,LGBM,44,11,15,-0.1038,11.3336,13.4041,-0.2928,-0.1574,-0.389
5,positive_training,ADK,HRSD_21.1,HRSD21,cross-corpus-882,MinMaxScaler,CatBoost,44,11,15,-0.0888,11.599,13.4674,-0.1797,-0.1683,-0.3021
5,positive_training,ADK,HRSD_21.1,HRSD21,cross-corpus-882,RobustScaler,Ridge,44,11,5,0.0201,10.6965,12.9808,0.0339,-0.0854,-0.0824
5,positive_training,ADK,HRSD_21.1,HRSD21,cross-corpus-882,RobustScaler,Lasso,44,11,5,0.034,11.3772,13.3882,0.0473,-0.1546,-0.0824
5,positive_training,ADK,HRSD_21.1,HRSD21,cross-corpus-882,RobustScaler,ElasticNet,44,11,5,0.0308,11.0334,13.1412,0.0463,-0.1124,-0.0915
5,positive_training,ADK,HRSD_21.1,HRSD21,cross-corpus-882,RobustScaler,SVR,44,11,5,0.1195,13.0059,15.608,0.1419,-0.5692,0.087
5,positive_training,ADK,HRSD_21.1,HRSD21,cross-corpus-882,RobustScaler,KNN,44,11,5,0.0511,10.3091,12.4785,0.1135,-0.003,0.0299
5,positive_training,ADK,HRSD_21.1,HRSD21,cross-corpus-882,RobustScaler,RF,44,11,5,0.0266,10.5474,12.6457,0.0589,-0.0301,0.0
5,positive_training,ADK,HRSD_21.1,HRSD21,cross-corpus-882,RobustScaler,ET,44,11,5,0.2029,9.9164,11.986,0.2936,0.0746,0.27
5,positive_training,ADK,HRSD_21.1,HRSD21,cross-corpus-882,RobustScaler,GB,44,11,5,0.0986,11.2873,13.4668,0.1176,-0.1682,0.0412
5,positive_training,ADK,HRSD_21.1,HRSD21,cross-corpus-882,RobustScaler,XGB,44,11,5,0.0793,11.2254,13.5975,0.098,-0.191,0.1098
5,positive_training,ADK,HRSD_21.1,HRSD21,cross-corpus-882,RobustScaler,MLP,44,11,5,0.1749,11.4714,12.9986,0.2215,-0.0884,-0.0366
5,positive_training,ADK,HRSD_21.1,HRSD21,cross-corpus-882,RobustScaler,LGBM,44,11,5,-0.0045,11.2745,13.1431,-0.0081,-0.1127,-0.2331
5,positive_training,ADK,HRSD_21.1,HRSD21,cross-corpus-882,RobustScaler,CatBoost,44,11,5,0.0212,11.0329,12.9684,0.038,-0.0834,0.0046
1,positive_training,ADK,HRSD_24.1,HRSD24,cross-corpus-882,StandardScaler,Ridge,44,11,10,-0.2332,13.7553,15.6001,-0.243,-0.9312,-0.4552
1,positive_training,ADK,HRSD_24.1,HRSD24,cross-corpus-882,StandardScaler,Lasso,44,11,10,-0.2526,14.2198,16.4194,-0.2568,-1.1394,-0.4368
1,positive_training,ADK,HRSD_24.1,HRSD24,cross-corpus-882,StandardScaler,ElasticNet,44,11,10,-0.2442,14.0483,16.098,-0.2501,-1.0564,-0.5242
1,positive_training,ADK,HRSD_24.1,HRSD24,cross-corpus-882,StandardScaler,SVR,44,11,10,0.3204,9.3071,11.0552,0.3839,0.0302,0.1701
1,positive_training,ADK,HRSD_24.1,HRSD24,cross-corpus-882,StandardScaler,KNN,44,11,10,0.1683,10.7576,13.0008,0.1865,-0.3413,0.076
1,positive_training,ADK,HRSD_24.1,HRSD24,cross-corpus-882,StandardScaler,RF,44,11,10,0.0647,10.7368,11.3463,0.1228,-0.0216,-0.023
1,positive_training,ADK,HRSD_24.1,HRSD24,cross-corpus-882,StandardScaler,ET,44,11,10,0.013,11.3145,12.314,0.0174,-0.2033,-0.1287
1,positive_training,ADK,HRSD_24.1,HRSD24,cross-corpus-882,StandardScaler,GB,44,11,10,0.0952,10.6984,11.4641,0.1459,-0.0429,0.069
1,positive_training,ADK,HRSD_24.1,HRSD24,cross-corpus-882,StandardScaler,XGB,44,11,10,0.1208,10.1664,11.2899,0.192,-0.0115,-0.1287
1,positive_training,ADK,HRSD_24.1,HRSD24,cross-corpus-882,StandardScaler,MLP,44,11,10,-0.1267,13.0526,16.5468,-0.1365,-1.1727,-0.3724
1,positive_training,ADK,HRSD_24.1,HRSD24,cross-corpus-882,StandardScaler,LGBM,44,11,10,0.0986,10.5665,11.268,0.1622,-0.0076,0.0855
1,positive_training,ADK,HRSD_24.1,HRSD24,cross-corpus-882,StandardScaler,CatBoost,44,11,10,0.1914,10.2368,11.1741,0.2666,0.0092,0.1379
1,positive_training,ADK,HRSD_24.1,HRSD24,cross-corpus-882,MinMaxScaler,Ridge,44,11,10,-0.2028,13.2437,15.0741,-0.2154,-0.8032,-0.3954
1,positive_training,ADK,HRSD_24.1,HRSD24,cross-corpus-882,MinMaxScaler,Lasso,44,11,10,-0.203,13.5475,15.3161,-0.2123,-0.8615,-0.3908
1,positive_training,ADK,HRSD_24.1,HRSD24,cross-corpus-882,MinMaxScaler,ElasticNet,44,11,10,-0.2135,13.7014,15.5754,-0.2212,-0.9251,-0.4184
1,positive_training,ADK,HRSD_24.1,HRSD24,cross-corpus-882,MinMaxScaler,SVR,44,11,10,-0.1867,13.6146,15.4282,-0.1932,-0.8889,-0.3632
1,positive_training,ADK,HRSD_24.1,HRSD24,cross-corpus-882,MinMaxScaler,KNN,44,11,10,-0.0569,11.8701,13.2196,-0.0685,-0.3868,-0.2489
1,positive_training,ADK,HRSD_24.1,HRSD24,cross-corpus-882,MinMaxScaler,RF,44,11,10,0.0412,10.8155,11.491,0.0781,-0.0478,-0.2069
1,positive_training,ADK,HRSD_24.1,HRSD24,cross-corpus-882,MinMaxScaler,ET,44,11,10,-0.0314,11.4418,12.6171,-0.0414,-0.2633,-0.2069
1,positive_training,ADK,HRSD_24.1,HRSD24,cross-corpus-882,MinMaxScaler,GB,44,11,10,0.1553,10.5154,11.0494,0.25,0.0312,0.0506
1,positive_training,ADK,HRSD_24.1,HRSD24,cross-corpus-882,MinMaxScaler,XGB,44,11,10,0.1439,10.2428,11.0671,0.2223,0.0281,0.0414
1,positive_training,ADK,HRSD_24.1,HRSD24,cross-corpus-882,MinMaxScaler,MLP,44,11,10,-0.1904,13.3303,15.3614,-0.1979,-0.8726,-0.3632
1,positive_training,ADK,HRSD_24.1,HRSD24,cross-corpus-882,MinMaxScaler,LGBM,44,11,10,0.2067,10.4149,11.1102,0.2652,0.0205,0.1336
1,positive_training,ADK,HRSD_24.1,HRSD24,cross-corpus-882,MinMaxScaler,CatBoost,44,11,10,0.1553,10.3864,11.3219,0.2135,-0.0172,0.092
1,positive_training,ADK,HRSD_24.1,HRSD24,cross-corpus-882,RobustScaler,Ridge,44,11,5,-0.0787,12.4833,14.0202,-0.0883,-0.5599,-0.1563
1,positive_training,ADK,HRSD_24.1,HRSD24,cross-corpus-882,RobustScaler,Lasso,44,11,5,-0.0993,12.5389,13.8892,-0.1143,-0.5308,-0.1563
1,positive_training,ADK,HRSD_24.1,HRSD24,cross-corpus-882,RobustScaler,ElasticNet,44,11,5,-0.0859,12.256,13.3081,-0.1054,-0.4054,-0.1563
1,positive_training,ADK,HRSD_24.1,HRSD24,cross-corpus-882,RobustScaler,SVR,44,11,5,0.0133,11.2089,12.5691,0.0169,-0.2537,-0.1379
1,positive_training,ADK,HRSD_24.1,HRSD24,cross-corpus-882,RobustScaler,KNN,44,11,5,-0.0197,11.9273,13.0557,-0.023,-0.3526,-0.0438
1,positive_training,ADK,HRSD_24.1,HRSD24,cross-corpus-882,RobustScaler,RF,44,11,5,-0.0281,11.3711,12.4079,-0.0385,-0.2217,-0.2253
1,positive_training,ADK,HRSD_24.1,HRSD24,cross-corpus-882,RobustScaler,ET,44,11,5,-0.0605,11.7191,12.8949,-0.0822,-0.3195,-0.1333
1,positive_training,ADK,HRSD_24.1,HRSD24,cross-corpus-882,RobustScaler,GB,44,11,5,-0.0854,11.5126,13.3192,-0.1113,-0.4078,-0.1793
1,positive_training,ADK,HRSD_24.1,HRSD24,cross-corpus-882,RobustScaler,XGB,44,11,5,-0.169,12.2027,14.3711,-0.2048,-0.6389,-0.3035
1,positive_training,ADK,HRSD_24.1,HRSD24,cross-corpus-882,RobustScaler,MLP,44,11,5,0.0798,10.8874,13.1798,0.0856,-0.3785,-0.1563
1,positive_training,ADK,HRSD_24.1,HRSD24,cross-corpus-882,RobustScaler,LGBM,44,11,5,0.1451,10.7302,11.8241,0.1729,-0.1095,-0.044
1,positive_training,ADK,HRSD_24.1,HRSD24,cross-corpus-882,RobustScaler,CatBoost,44,11,5,0.0063,11.1617,12.536,0.0081,-0.2471,0.0092
2,positive_training,ADK,HRSD_24.1,HRSD24,cross-corpus-882,StandardScaler,Ridge,44,11,5,-0.0712,10.6886,13.4657,-0.1021,-0.3888,0.0182
2,positive_training,ADK,HRSD_24.1,HRSD24,cross-corpus-882,StandardScaler,Lasso,44,11,5,-0.0706,10.6583,13.4243,-0.1032,-0.3803,0.0182
2,positive_training,ADK,HRSD_24.1,HRSD24,cross-corpus-882,StandardScaler,ElasticNet,44,11,5,-0.0712,10.551,13.2859,-0.1177,-0.352,-0.0091
2,positive_training,ADK,HRSD_24.1,HRSD24,cross-corpus-882,StandardScaler,SVR,44,11,5,-0.0175,10.8648,13.7912,-0.0286,-0.4568,0.0636
2,positive_training,ADK,HRSD_24.1,HRSD24,cross-corpus-882,StandardScaler,KNN,44,11,5,0.0904,10.4935,12.3574,0.1348,-0.1696,0.1455
2,positive_training,ADK,HRSD_24.1,HRSD24,cross-corpus-882,StandardScaler,RF,44,11,5,0.0389,9.7816,12.5536,0.0716,-0.207,-0.0182
2,positive_training,ADK,HRSD_24.1,HRSD24,cross-corpus-882,StandardScaler,ET,44,11,5,0.1889,9.8955,11.8272,0.2855,-0.0714,0.2182
2,positive_training,ADK,HRSD_24.1,HRSD24,cross-corpus-882,StandardScaler,GB,44,11,5,-0.0595,11.1173,14.1826,-0.0848,-0.5406,-0.1455
2,positive_training,ADK,HRSD_24.1,HRSD24,cross-corpus-882,StandardScaler,XGB,44,11,5,0.0231,11.2263,13.9682,0.0366,-0.4944,0.1
2,positive_training,ADK,HRSD_24.1,HRSD24,cross-corpus-882,StandardScaler,MLP,44,11,5,-0.0521,10.5655,13.6516,-0.0852,-0.4274,0.0455
2,positive_training,ADK,HRSD_24.1,HRSD24,cross-corpus-882,StandardScaler,LGBM,44,11,5,-0.1519,11.4412,13.4635,-0.213,-0.3884,-0.2694
2,positive_training,ADK,HRSD_24.1,HRSD24,cross-corpus-882,StandardScaler,CatBoost,44,11,5,0.0398,10.2967,12.8415,0.0657,-0.263,0.1091
2,positive_training,ADK,HRSD_24.1,HRSD24,cross-corpus-882,MinMaxScaler,Ridge,44,11,10,0.1749,9.2858,11.9814,0.2855,-0.0995,0.2455
2,positive_training,ADK,HRSD_24.1,HRSD24,cross-corpus-882,MinMaxScaler,Lasso,44,11,10,0.1466,9.4691,12.2476,0.2783,-0.1489,0.3091
2,positive_training,ADK,HRSD_24.1,HRSD24,cross-corpus-882,MinMaxScaler,ElasticNet,44,11,10,0.1632,8.9856,11.6812,0.2865,-0.0451,0.2455
2,positive_training,ADK,HRSD_24.1,HRSD24,cross-corpus-882,MinMaxScaler,SVR,44,11,10,0.1952,9.508,12.19,0.304,-0.1381,0.2455
2,positive_training,ADK,HRSD_24.1,HRSD24,cross-corpus-882,MinMaxScaler,KNN,44,11,10,0.1577,10.0909,12.7228,0.2913,-0.2398,0.3326
2,positive_training,ADK,HRSD_24.1,HRSD24,cross-corpus-882,MinMaxScaler,RF,44,11,10,0.1531,9.1642,12.1019,0.2913,-0.1217,0.4273
2,positive_training,ADK,HRSD_24.1,HRSD24,cross-corpus-882,MinMaxScaler,ET,44,11,10,0.2596,8.6464,11.3816,0.3998,0.0078,0.3727
2,positive_training,ADK,HRSD_24.1,HRSD24,cross-corpus-882,MinMaxScaler,GB,44,11,10,0.1882,9.4583,12.7897,0.3293,-0.2529,0.2909
2,positive_training,ADK,HRSD_24.1,HRSD24,cross-corpus-882,MinMaxScaler,XGB,44,11,10,0.1302,9.2058,13.0965,0.2955,-0.3137,0.3818
2,positive_training,ADK,HRSD_24.1,HRSD24,cross-corpus-882,MinMaxScaler,MLP,44,11,10,0.1917,9.2429,12.1548,0.411,-0.1316,0.2909
2,positive_training,ADK,HRSD_24.1,HRSD24,cross-corpus-882,MinMaxScaler,LGBM,44,11,10,0.2059,8.7208,11.5557,0.37,-0.0228,0.4556
2,positive_training,ADK,HRSD_24.1,HRSD24,cross-corpus-882,MinMaxScaler,CatBoost,44,11,10,0.1914,9.1475,11.9304,0.3661,-0.0902,0.3909
2,positive_training,ADK,HRSD_24.1,HRSD24,cross-corpus-882,RobustScaler,Ridge,44,11,10,0.0389,10.3456,13.1181,0.0611,-0.318,0.1455
2,positive_training,ADK,HRSD_24.1,HRSD24,cross-corpus-882,RobustScaler,Lasso,44,11,10,0.0051,10.1415,12.9757,0.0083,-0.2896,0.0818
2,positive_training,ADK,HRSD_24.1,HRSD24,cross-corpus-882,RobustScaler,ElasticNet,44,11,10,0.0473,10.6914,13.4572,0.0664,-0.3871,0.2
2,positive_training,ADK,HRSD_24.1,HRSD24,cross-corpus-882,RobustScaler,SVR,44,11,10,0.0405,8.9478,11.7752,0.1999,-0.062,0.2727
2,positive_training,ADK,HRSD_24.1,HRSD24,cross-corpus-882,RobustScaler,KNN,44,11,10,0.2509,9.5758,11.3669,0.4413,0.0104,0.1636
2,positive_training,ADK,HRSD_24.1,HRSD24,cross-corpus-882,RobustScaler,RF,44,11,10,0.09,10.0391,12.6616,0.1723,-0.2279,0.3091
2,positive_training,ADK,HRSD_24.1,HRSD24,cross-corpus-882,RobustScaler,ET,44,11,10,0.2198,9.4036,11.9425,0.3462,-0.0924,0.3273
2,positive_training,ADK,HRSD_24.1,HRSD24,cross-corpus-882,RobustScaler,GB,44,11,10,0.1684,9.649,12.7973,0.2961,-0.2544,0.4727
2,positive_training,ADK,HRSD_24.1,HRSD24,cross-corpus-882,RobustScaler,XGB,44,11,10,0.1684,10.5357,13.5311,0.2885,-0.4023,0.5455
2,positive_training,ADK,HRSD_24.1,HRSD24,cross-corpus-882,RobustScaler,MLP,44,11,10,-0.0332,11.9993,15.5516,-0.0527,-0.8524,0.1182
2,positive_training,ADK,HRSD_24.1,HRSD24,cross-corpus-882,RobustScaler,LGBM,44,11,10,0.2339,9.2226,11.5611,0.4185,-0.0237,0.2551
2,positive_training,ADK,HRSD_24.1,HRSD24,cross-corpus-882,RobustScaler,CatBoost,44,11,10,0.1136,9.9008,12.4173,0.2247,-0.181,0.3636
3,positive_training,ADK,HRSD_24.1,HRSD24,cross-corpus-882,StandardScaler,Ridge,44,11,10,0.25,9.0054,12.1615,0.2974,-0.2471,0.4875
3,positive_training,ADK,HRSD_24.1,HRSD24,cross-corpus-882,StandardScaler,Lasso,44,11,10,0.2515,8.9805,12.1431,0.299,-0.2433,0.4875
3,positive_training,ADK,HRSD_24.1,HRSD24,cross-corpus-882,StandardScaler,ElasticNet,44,11,10,0.2114,9.0672,12.2403,0.2523,-0.2633,0.4875
3,positive_training,ADK,HRSD_24.1,HRSD24,cross-corpus-882,StandardScaler,SVR,44,11,10,0.2524,9.4747,11.9953,0.2775,-0.2133,0.2141
3,positive_training,ADK,HRSD_24.1,HRSD24,cross-corpus-882,StandardScaler,KNN,44,11,10,0.3212,7.2182,11.063,0.3581,-0.032,0.4055
3,positive_training,ADK,HRSD_24.1,HRSD24,cross-corpus-882,StandardScaler,RF,44,11,10,0.1497,9.4545,12.3731,0.1733,-0.2909,0.1139
3,positive_training,ADK,HRSD_24.1,HRSD24,cross-corpus-882,StandardScaler,ET,44,11,10,-0.0367,10.1873,13.3369,-0.0423,-0.4998,-0.0911
3,positive_training,ADK,HRSD_24.1,HRSD24,cross-corpus-882,StandardScaler,GB,44,11,10,0.2828,11.0858,12.8893,0.2936,-0.4009,0.1321
3,positive_training,ADK,HRSD_24.1,HRSD24,cross-corpus-882,StandardScaler,XGB,44,11,10,0.3382,9.5928,11.5145,0.349,-0.1179,0.0501
3,positive_training,ADK,HRSD_24.1,HRSD24,cross-corpus-882,StandardScaler,MLP,44,11,10,0.1016,9.0579,12.5248,0.1135,-0.3227,0.1458
3,positive_training,ADK,HRSD_24.1,HRSD24,cross-corpus-882,StandardScaler,LGBM,44,11,10,0.2122,8.6536,11.2676,0.306,-0.0705,0.1716
3,positive_training,ADK,HRSD_24.1,HRSD24,cross-corpus-882,StandardScaler,CatBoost,44,11,10,0.2911,10.1161,11.9577,0.3132,-0.2057,0.246
3,positive_training,ADK,HRSD_24.1,HRSD24,cross-corpus-882,MinMaxScaler,Ridge,44,11,10,0.1376,8.5126,11.8595,0.1691,-0.1859,0.3007
3,positive_training,ADK,HRSD_24.1,HRSD24,cross-corpus-882,MinMaxScaler,Lasso,44,11,10,0.1866,8.7212,11.8889,0.2192,-0.1918,0.3781
3,positive_training,ADK,HRSD_24.1,HRSD24,cross-corpus-882,MinMaxScaler,ElasticNet,44,11,10,0.1614,8.806,12.1286,0.1872,-0.2404,0.3872
3,positive_training,ADK,HRSD_24.1,HRSD24,cross-corpus-882,MinMaxScaler,SVR,44,11,10,0.146,7.5415,11.3848,0.1771,-0.0929,0.1777
3,positive_training,ADK,HRSD_24.1,HRSD24,cross-corpus-882,MinMaxScaler,KNN,44,11,10,0.2622,8.2364,11.3155,0.2976,-0.0796,0.4692
3,positive_training,ADK,HRSD_24.1,HRSD24,cross-corpus-882,MinMaxScaler,RF,44,11,10,0.0714,8.9609,11.8916,0.0916,-0.1924,-0.0182
3,positive_training,ADK,HRSD_24.1,HRSD24,cross-corpus-882,MinMaxScaler,ET,44,11,10,0.0233,9.7727,12.7203,0.0277,-0.3644,-0.0957
3,positive_training,ADK,HRSD_24.1,HRSD24,cross-corpus-882,MinMaxScaler,GB,44,11,10,0.2604,9.582,10.8584,0.2995,0.0058,0.1185
3,positive_training,ADK,HRSD_24.1,HRSD24,cross-corpus-882,MinMaxScaler,XGB,44,11,10,0.1977,10.199,11.508,0.2238,-0.1167,0.0182
3,positive_training,ADK,HRSD_24.1,HRSD24,cross-corpus-882,MinMaxScaler,MLP,44,11,10,0.1347,8.6567,12.916,0.1445,-0.4067,0.41
3,positive_training,ADK,HRSD_24.1,HRSD24,cross-corpus-882,MinMaxScaler,LGBM,44,11,10,0.2725,7.9456,10.8253,0.3804,0.0119,0.2961
3,positive_training,ADK,HRSD_24.1,HRSD24,cross-corpus-882,MinMaxScaler,CatBoost,44,11,10,0.0804,9.6621,12.0773,0.0994,-0.2299,0.1048
3,positive_training,ADK,HRSD_24.1,HRSD24,cross-corpus-882,RobustScaler,Ridge,44,11,5,0.2339,8.4039,11.1514,0.2875,-0.0486,0.2916
3,positive_training,ADK,HRSD_24.1,HRSD24,cross-corpus-882,RobustScaler,Lasso,44,11,5,0.2347,8.405,11.1461,0.2884,-0.0476,0.2916
3,positive_training,ADK,HRSD_24.1,HRSD24,cross-corpus-882,RobustScaler,ElasticNet,44,11,5,0.2322,8.4039,11.1592,0.2857,-0.05,0.2916
3,positive_training,ADK,HRSD_24.1,HRSD24,cross-corpus-882,RobustScaler,SVR,44,11,5,0.1622,9.13,12.8724,0.1822,-0.3972,0.2323
3,positive_training,ADK,HRSD_24.1,HRSD24,cross-corpus-882,RobustScaler,KNN,44,11,5,0.1332,9.5455,13.0853,0.1614,-0.4438,0.0685
3,positive_training,ADK,HRSD_24.1,HRSD24,cross-corpus-882,RobustScaler,RF,44,11,5,0.0816,9.4674,12.8146,0.098,-0.3847,0.205
3,positive_training,ADK,HRSD_24.1,HRSD24,cross-corpus-882,RobustScaler,ET,44,11,5,0.0506,11.025,14.1589,0.0588,-0.6904,-0.0638
3,positive_training,ADK,HRSD_24.1,HRSD24,cross-corpus-882,RobustScaler,GB,44,11,5,0.2271,11.0532,14.544,0.2361,-0.7836,0.246
3,positive_training,ADK,HRSD_24.1,HRSD24,cross-corpus-882,RobustScaler,XGB,44,11,5,0.1584,10.7917,15.1393,0.1646,-0.9326,0.1458
3,positive_training,ADK,HRSD_24.1,HRSD24,cross-corpus-882,RobustScaler,MLP,44,11,5,0.0936,8.5653,12.3913,0.1028,-0.2947,0.1868
3,positive_training,ADK,HRSD_24.1,HRSD24,cross-corpus-882,RobustScaler,LGBM,44,11,5,0.2709,7.6659,11.3838,0.3236,-0.0927,0.3303
3,positive_training,ADK,HRSD_24.1,HRSD24,cross-corpus-882,RobustScaler,CatBoost,44,11,5,0.1357,9.4433,13.002,0.1495,-0.4254,0.1959
4,positive_training,ADK,HRSD_24.1,HRSD24,cross-corpus-882,StandardScaler,Ridge,44,11,10,-0.1836,9.6867,11.8344,-0.2339,-0.9434,-0.1185
4,positive_training,ADK,HRSD_24.1,HRSD24,cross-corpus-882,StandardScaler,Lasso,44,11,10,-0.17,9.9455,11.9436,-0.2116,-0.9794,-0.1093
4,positive_training,ADK,HRSD_24.1,HRSD24,cross-corpus-882,StandardScaler,ElasticNet,44,11,10,-0.2697,9.8791,12.5497,-0.3326,-1.1854,-0.1777
4,positive_training,ADK,HRSD_24.1,HRSD24,cross-corpus-882,StandardScaler,SVR,44,11,10,-0.1543,9.4893,11.9423,-0.161,-0.979,-0.1048
4,positive_training,ADK,HRSD_24.1,HRSD24,cross-corpus-882,StandardScaler,KNN,44,11,10,-0.0684,9.9394,12.042,-0.069,-1.0122,-0.0228
4,positive_training,ADK,HRSD_24.1,HRSD24,cross-corpus-882,StandardScaler,RF,44,11,10,-0.1354,10.1127,12.239,-0.1541,-1.0786,-0.2096
4,positive_training,ADK,HRSD_24.1,HRSD24,cross-corpus-882,StandardScaler,ET,44,11,10,-0.1762,9.84,12.1473,-0.1878,-1.0475,-0.1822
4,positive_training,ADK,HRSD_24.1,HRSD24,cross-corpus-882,StandardScaler,GB,44,11,10,-0.0962,11.3207,13.2275,-0.102,-1.4279,-0.2187
4,positive_training,ADK,HRSD_24.1,HRSD24,cross-corpus-882,StandardScaler,XGB,44,11,10,-0.2278,12.6527,14.3903,-0.245,-1.8735,-0.164
4,positive_training,ADK,HRSD_24.1,HRSD24,cross-corpus-882,StandardScaler,MLP,44,11,10,-0.2353,11.3736,13.8955,-0.2431,-1.6793,-0.2141
4,positive_training,ADK,HRSD_24.1,HRSD24,cross-corpus-882,StandardScaler,LGBM,44,11,10,-0.0411,9.685,11.3635,-0.0775,-0.7918,-0.2023
4,positive_training,ADK,HRSD_24.1,HRSD24,cross-corpus-882,StandardScaler,CatBoost,44,11,10,-0.1571,10.4438,12.6288,-0.1718,-1.2131,-0.2733
4,positive_training,ADK,HRSD_24.1,HRSD24,cross-corpus-882,MinMaxScaler,Ridge,44,11,10,-0.1483,10.3163,12.9902,-0.1795,-1.3415,-0.1458
4,positive_training,ADK,HRSD_24.1,HRSD24,cross-corpus-882,MinMaxScaler,Lasso,44,11,10,-0.1633,10.5803,13.1891,-0.1976,-1.4138,-0.1458
4,positive_training,ADK,HRSD_24.1,HRSD24,cross-corpus-882,MinMaxScaler,ElasticNet,44,11,10,-0.1436,9.5292,11.8762,-0.1825,-0.9572,-0.1458
4,positive_training,ADK,HRSD_24.1,HRSD24,cross-corpus-882,MinMaxScaler,SVR,44,11,10,-0.1577,9.7693,12.6602,-0.1631,-1.2241,-0.1458
4,positive_training,ADK,HRSD_24.1,HRSD24,cross-corpus-882,MinMaxScaler,KNN,44,11,10,-0.2582,9.8364,11.851,-0.2708,-0.9489,-0.2733
4,positive_training,ADK,HRSD_24.1,HRSD24,cross-corpus-882,MinMaxScaler,RF,44,11,10,-0.2634,11.06,13.0878,-0.3043,-1.3769,-0.2825
4,positive_training,ADK,HRSD_24.1,HRSD24,cross-corpus-882,MinMaxScaler,ET,44,11,10,-0.2813,11.7055,13.5312,-0.3118,-1.5406,-0.2278
4,positive_training,ADK,HRSD_24.1,HRSD24,cross-corpus-882,MinMaxScaler,GB,44,11,10,-0.1358,11.478,13.0793,-0.1601,-1.3738,-0.3371
4,positive_training,ADK,HRSD_24.1,HRSD24,cross-corpus-882,MinMaxScaler,XGB,44,11,10,-0.0501,9.4373,12.0472,-0.0552,-1.0139,0.0456
4,positive_training,ADK,HRSD_24.1,HRSD24,cross-corpus-882,MinMaxScaler,MLP,44,11,10,-0.168,11.766,14.9677,-0.194,-2.1087,-0.1412
4,positive_training,ADK,HRSD_24.1,HRSD24,cross-corpus-882,MinMaxScaler,LGBM,44,11,10,0.1148,9.1401,10.8964,0.2124,-0.6475,0.1433
4,positive_training,ADK,HRSD_24.1,HRSD24,cross-corpus-882,MinMaxScaler,CatBoost,44,11,10,-0.3401,9.9354,12.3096,-0.3964,-1.1026,-0.2733
4,positive_training,ADK,HRSD_24.1,HRSD24,cross-corpus-882,RobustScaler,Ridge,44,11,5,-0.2311,13.4937,15.9737,-0.3906,-2.5406,-0.41
4,positive_training,ADK,HRSD_24.1,HRSD24,cross-corpus-882,RobustScaler,Lasso,44,11,5,-0.2283,12.9602,15.2976,-0.3825,-2.2472,-0.4009
4,positive_training,ADK,HRSD_24.1,HRSD24,cross-corpus-882,RobustScaler,ElasticNet,44,11,5,-0.2261,13.1367,15.4669,-0.3867,-2.3195,-0.41
4,positive_training,ADK,HRSD_24.1,HRSD24,cross-corpus-882,RobustScaler,SVR,44,11,5,-0.1995,15.0808,18.2654,-0.2792,-3.6295,-0.0456
4,positive_training,ADK,HRSD_24.1,HRSD24,cross-corpus-882,RobustScaler,KNN,44,11,5,-0.3214,10.9273,14.1047,-0.3822,-1.7605,-0.3554
4,positive_training,ADK,HRSD_24.1,HRSD24,cross-corpus-882,RobustScaler,RF,44,11,5,-0.112,10.8609,12.8312,-0.1396,-1.2846,-0.2005
4,positive_training,ADK,HRSD_24.1,HRSD24,cross-corpus-882,RobustScaler,ET,44,11,5,-0.2333,12.5655,14.2766,-0.2803,-1.8283,-0.4556
4,positive_training,ADK,HRSD_24.1,HRSD24,cross-corpus-882,RobustScaler,GB,44,11,5,0.0115,11.477,14.491,0.0157,-1.9138,0.3052
4,positive_training,ADK,HRSD_24.1,HRSD24,cross-corpus-882,RobustScaler,XGB,44,11,5,-0.1563,13.5211,15.6452,-0.212,-2.3965,-0.1731
4,positive_training,ADK,HRSD_24.1,HRSD24,cross-corpus-882,RobustScaler,MLP,44,11,5,-0.2357,12.9603,15.3377,-0.3513,-2.2643,-0.3918
4,positive_training,ADK,HRSD_24.1,HRSD24,cross-corpus-882,RobustScaler,LGBM,44,11,5,0.1355,8.1862,10.1005,0.2633,-0.4156,0.2608
4,positive_training,ADK,HRSD_24.1,HRSD24,cross-corpus-882,RobustScaler,CatBoost,44,11,5,-0.1358,11.5679,13.844,-0.1801,-1.6595,-0.1093
5,positive_training,ADK,HRSD_24.1,HRSD24,cross-corpus-882,StandardScaler,Ridge,44,11,5,0.0845,13.1953,16.0737,0.1614,0.0059,0.0685
5,positive_training,ADK,HRSD_24.1,HRSD24,cross-corpus-882,StandardScaler,Lasso,44,11,5,0.0834,13.4998,16.1568,0.1567,-0.0045,-0.0183
5,positive_training,ADK,HRSD_24.1,HRSD24,cross-corpus-882,StandardScaler,ElasticNet,44,11,5,0.1885,12.7104,15.3977,0.3018,0.0877,0.1872
5,positive_training,ADK,HRSD_24.1,HRSD24,cross-corpus-882,StandardScaler,SVR,44,11,5,0.0132,13.915,16.9584,0.085,-0.1066,-0.0502
5,positive_training,ADK,HRSD_24.1,HRSD24,cross-corpus-882,StandardScaler,KNN,44,11,5,0.1211,13.4026,15.6192,0.2662,0.0613,-0.0206
5,positive_training,ADK,HRSD_24.1,HRSD24,cross-corpus-882,StandardScaler,RF,44,11,5,0.0036,13.8224,16.8074,0.0067,-0.087,-0.0228
5,positive_training,ADK,HRSD_24.1,HRSD24,cross-corpus-882,StandardScaler,ET,44,11,5,0.2509,12.9177,15.2543,0.3433,0.1046,0.1187
5,positive_training,ADK,HRSD_24.1,HRSD24,cross-corpus-882,StandardScaler,GB,44,11,5,0.1943,13.9377,16.2629,0.241,-0.0177,0.242
5,positive_training,ADK,HRSD_24.1,HRSD24,cross-corpus-882,StandardScaler,XGB,44,11,5,0.0626,14.5104,17.4714,0.0781,-0.1746,-0.0731
5,positive_training,ADK,HRSD_24.1,HRSD24,cross-corpus-882,StandardScaler,MLP,44,11,5,0.3357,18.1023,21.5541,0.4164,-0.7876,0.1963
5,positive_training,ADK,HRSD_24.1,HRSD24,cross-corpus-882,StandardScaler,LGBM,44,11,5,0.0063,14.2711,16.9297,0.012,-0.1029,-0.0416
5,positive_training,ADK,HRSD_24.1,HRSD24,cross-corpus-882,StandardScaler,CatBoost,44,11,5,0.072,13.5577,16.3201,0.127,-0.0249,-0.032
5,positive_training,ADK,HRSD_24.1,HRSD24,cross-corpus-882,MinMaxScaler,Ridge,44,11,15,0.1002,13.4287,15.6625,0.2467,0.0561,0.0228
5,positive_training,ADK,HRSD_24.1,HRSD24,cross-corpus-882,MinMaxScaler,Lasso,44,11,15,0.0094,14.021,16.6252,0.1695,-0.0635,0.1461
5,positive_training,ADK,HRSD_24.1,HRSD24,cross-corpus-882,MinMaxScaler,ElasticNet,44,11,15,0.0548,13.7414,16.0109,0.1453,0.0136,0.0685
5,positive_training,ADK,HRSD_24.1,HRSD24,cross-corpus-882,MinMaxScaler,SVR,44,11,15,0.1937,13.5924,17.5749,0.2075,-0.1885,0.0731
5,positive_training,ADK,HRSD_24.1,HRSD24,cross-corpus-882,MinMaxScaler,KNN,44,11,15,0.0576,14.2987,16.0831,0.1286,0.0047,-0.0389
5,positive_training,ADK,HRSD_24.1,HRSD24,cross-corpus-882,MinMaxScaler,RF,44,11,15,-0.1312,14.8859,17.3509,-0.4671,-0.1584,-0.4977
5,positive_training,ADK,HRSD_24.1,HRSD24,cross-corpus-882,MinMaxScaler,ET,44,11,15,-0.0884,14.7445,17.0606,-0.3056,-0.12,-0.4703
5,positive_training,ADK,HRSD_24.1,HRSD24,cross-corpus-882,MinMaxScaler,GB,44,11,15,-0.1343,15.7228,18.2456,-0.2116,-0.281,-0.242
5,positive_training,ADK,HRSD_24.1,HRSD24,cross-corpus-882,MinMaxScaler,XGB,44,11,15,-0.1234,15.2628,18.0553,-0.2019,-0.2544,-0.3333
5,positive_training,ADK,HRSD_24.1,HRSD24,cross-corpus-882,MinMaxScaler,MLP,44,11,15,-0.2784,15.8404,19.5913,-0.4085,-0.4769,-0.3973
5,positive_training,ADK,HRSD_24.1,HRSD24,cross-corpus-882,MinMaxScaler,LGBM,44,11,15,-0.0425,14.094,16.6342,-0.1898,-0.0647,-0.2055
5,positive_training,ADK,HRSD_24.1,HRSD24,cross-corpus-882,MinMaxScaler,CatBoost,44,11,15,-0.0023,14.3517,16.4717,-0.0058,-0.044,-0.1187
5,positive_training,ADK,HRSD_24.1,HRSD24,cross-corpus-882,RobustScaler,Ridge,44,11,5,0.0816,14.8613,17.4633,0.1097,-0.1735,-0.0183
5,positive_training,ADK,HRSD_24.1,HRSD24,cross-corpus-882,RobustScaler,Lasso,44,11,5,0.085,14.755,17.3281,0.1152,-0.1554,-0.0183
5,positive_training,ADK,HRSD_24.1,HRSD24,cross-corpus-882,RobustScaler,ElasticNet,44,11,5,0.0807,14.1816,16.7749,0.1189,-0.0828,-0.032
5,positive_training,ADK,HRSD_24.1,HRSD24,cross-corpus-882,RobustScaler,SVR,44,11,5,-0.0119,16.9848,20.169,-0.0136,-0.5653,0.0137
5,positive_training,ADK,HRSD_24.1,HRSD24,cross-corpus-882,RobustScaler,KNN,44,11,5,0.0513,14.0364,16.299,0.0994,-0.0222,-0.1521
5,positive_training,ADK,HRSD_24.1,HRSD24,cross-corpus-882,RobustScaler,RF,44,11,5,0.0373,13.285,16.7006,0.0622,-0.0732,-0.0548
5,positive_training,ADK,HRSD_24.1,HRSD24,cross-corpus-882,RobustScaler,ET,44,11,5,0.1487,13.4573,16.1162,0.2115,0.0006,0.0913
5,positive_training,ADK,HRSD_24.1,HRSD24,cross-corpus-882,RobustScaler,GB,44,11,5,0.144,13.5896,17.3511,0.1641,-0.1584,0.0457
5,positive_training,ADK,HRSD_24.1,HRSD24,cross-corpus-882,RobustScaler,XGB,44,11,5,0.227,13.8008,16.8701,0.2502,-0.0951,0.1142
5,positive_training,ADK,HRSD_24.1,HRSD24,cross-corpus-882,RobustScaler,MLP,44,11,5,0.2245,14.4033,16.409,0.2749,-0.0361,0.2146
5,positive_training,ADK,HRSD_24.1,HRSD24,cross-corpus-882,RobustScaler,LGBM,44,11,5,0.0944,13.2698,15.9353,0.1818,0.0229,0.0402
5,positive_training,ADK,HRSD_24.1,HRSD24,cross-corpus-882,RobustScaler,CatBoost,44,11,5,0.0596,13.8607,17.2788,0.0774,-0.1488,-0.0365
