scaler,model,mean_CCC,std_CCC,mean_MAE,std_MAE,mean_RMSE,mean_r,std_r,mean_R2,n_folds,phase,condition,target,target_short,features
StandardScaler,Lasso,0.18977999999999998,0.1636484402614336,1251.39978,2784.89265433399,4320.76778,0.35544,0.18526978436863362,-2489154.90278,5,negative_training,ADK,phq_8,PHQ8,cross-corpus-882
StandardScaler,LGBM,0.18835999999999997,0.18354207419553698,5.13558,0.6832120695655193,5.85982,0.28772000000000003,0.25849933655620855,0.0009199999999999958,5,negative_training,ADK,phq_8,PHQ8,cross-corpus-882
StandardScaler,ElasticNet,0.1877,0.16326516774866584,3120.63208,6964.629565759338,10795.5671,0.3572,0.18743832318925602,-15561637.650640002,5,negative_training,ADK,phq_8,PHQ8,cross-corpus-882
StandardScaler,XGB,0.18525999999999998,0.31458171911285626,5.60994,0.9605723882144438,6.3883,0.20928,0.34743337778630307,-0.20242,5,negative_training,ADK,phq_8,PHQ8,cross-corpus-882
StandardScaler,CatBoost,0.18474000000000002,0.249645294367829,5.35622,0.8247841214523959,6.1035,0.24434000000000006,0.33262629631464796,-0.08048,5,negative_training,ADK,phq_8,PHQ8,cross-corpus-882
StandardScaler,Ridge,0.18003999999999998,0.16479592834775986,5392.03536,12043.468805293032,18663.10342,0.35028,0.20279630667248355,-46527393.75676,5,negative_training,ADK,phq_8,PHQ8,cross-corpus-882
StandardScaler,KNN,0.16635999999999998,0.2431050451965158,5.156359999999999,0.5713876206219382,5.999899999999999,0.23212000000000002,0.3149675491221278,-0.08020000000000002,5,negative_training,ADK,phq_8,PHQ8,cross-corpus-882
StandardScaler,MLP,0.15630000000000002,0.21897019203535445,3734.88994,8337.924209196754,12922.69362,0.13402,0.4338780324008119,-22300231.11544,5,negative_training,ADK,phq_8,PHQ8,cross-corpus-882
StandardScaler,ET,0.1532,0.2917707918897983,5.266920000000001,0.6807117356120724,5.9893,0.25178,0.42028447151899395,-0.06000000000000001,5,negative_training,ADK,phq_8,PHQ8,cross-corpus-882
MinMaxScaler,LGBM,0.14200000000000002,0.16614434988888427,5.21016,0.6992811330216196,6.0964599999999995,0.18966,0.21266567188900043,-0.07307999999999999,5,negative_training,ADK,phq_8,PHQ8,cross-corpus-882
MinMaxScaler,KNN,0.13546,0.19982449299322647,5.54676,0.5059280017947217,6.2861199999999995,0.19169999999999998,0.3062420039772467,-0.1539,5,negative_training,ADK,phq_8,PHQ8,cross-corpus-882
MinMaxScaler,Ridge,0.13487999999999997,0.3207991848493384,2812.36728,6274.920246165368,9727.38984,0.25311999999999996,0.4040816959477378,-12632204.4676,5,negative_training,ADK,phq_8,PHQ8,cross-corpus-882
MinMaxScaler,Lasso,0.1345,0.3245730811389016,2155.33916,4805.390246458204,7451.258880000001,0.2569,0.3984245223376694,-7409169.955139999,5,negative_training,ADK,phq_8,PHQ8,cross-corpus-882
StandardScaler,GB,0.13198,0.33637588647226185,5.67376,1.0272421053481016,6.5004599999999995,0.1566,0.3855671472000694,-0.26027999999999996,5,negative_training,ADK,phq_8,PHQ8,cross-corpus-882
MinMaxScaler,ElasticNet,0.13004,0.32014904810103684,3898.1720200000004,8702.749114540282,13488.291999999998,0.25402,0.40085373517032374,-24296060.78718,5,negative_training,ADK,phq_8,PHQ8,cross-corpus-882
MinMaxScaler,SVR,0.12246000000000001,0.34058899424379524,5.9463799999999996,0.9560117321455842,6.7486999999999995,0.1648,0.40627923279439226,-0.42248,5,negative_training,ADK,phq_8,PHQ8,cross-corpus-882
MinMaxScaler,MLP,0.118,0.33619802944098287,93.75486,195.60348554802903,308.75614,0.22918000000000002,0.41786228233713557,-12271.00282,5,negative_training,ADK,phq_8,PHQ8,cross-corpus-882
StandardScaler,RF,0.11792,0.20055443650041752,5.4918000000000005,0.6178783780000716,6.09806,0.21547999999999998,0.32085253933855656,-0.07642,5,negative_training,ADK,phq_8,PHQ8,cross-corpus-882
RobustScaler,KNN,0.09584000000000001,0.24635981409312682,5.62174,0.6155752780935896,6.492360000000001,0.10451999999999999,0.38988819807734626,-0.26042,5,negative_training,ADK,phq_8,PHQ8,cross-corpus-882
MinMaxScaler,XGB,0.08707999999999999,0.33684040286165196,5.932779999999999,0.870574518349808,6.8437600000000005,0.09354,0.36296570499153225,-0.40288,5,negative_training,ADK,phq_8,PHQ8,cross-corpus-882
RobustScaler,GB,0.08428,0.20709897875170705,6.2751,0.9108107267703863,7.19324,0.08868,0.21248779259053918,-0.4943200000000001,5,negative_training,ADK,phq_8,PHQ8,cross-corpus-882
MinMaxScaler,CatBoost,0.07833999999999999,0.2807480507501343,5.71808,0.8268288922141025,6.5800600000000005,0.08738000000000001,0.32143496542846733,-0.26968000000000003,5,negative_training,ADK,phq_8,PHQ8,cross-corpus-882
StandardScaler,SVR,0.07692000000000002,0.3426502692250511,5.482519999999999,0.6022114802957512,6.398159999999999,0.08412,0.45190717741589365,-0.23455999999999996,5,negative_training,ADK,phq_8,PHQ8,cross-corpus-882
MinMaxScaler,GB,0.07404,0.2720981220074846,5.7888399999999995,0.8172598778846297,6.894159999999999,0.07612,0.30026119795937667,-0.40065999999999996,5,negative_training,ADK,phq_8,PHQ8,cross-corpus-882
RobustScaler,Ridge,0.06912,0.22072889933128376,4755.318740000001,10618.117908265811,16456.267320000003,0.21487999999999996,0.3135342676646366,-36167498.879760005,5,negative_training,ADK,phq_8,PHQ8,cross-corpus-882
RobustScaler,Lasso,0.06654,0.2413002963114633,4639.8288999999995,10359.782534074862,16056.10372,0.19316,0.32316120280751526,-34429194.54356,5,negative_training,ADK,phq_8,PHQ8,cross-corpus-882
RobustScaler,ElasticNet,0.06592,0.23775110304686287,4704.78394,10505.116755095603,16281.203600000003,0.19816,0.32425226753254943,-35401880.061000004,5,negative_training,ADK,phq_8,PHQ8,cross-corpus-882
RobustScaler,CatBoost,0.057019999999999994,0.21416334186783692,5.85446,0.9530343372617802,6.796139999999999,0.06916000000000001,0.25628026260326797,-0.3188,5,negative_training,ADK,phq_8,PHQ8,cross-corpus-882
RobustScaler,LGBM,0.05693999999999999,0.11767928024932851,5.565980000000001,0.7169137967705738,6.413820000000001,0.08078,0.16442441120466267,-0.1739,5,negative_training,ADK,phq_8,PHQ8,cross-corpus-882
RobustScaler,RF,0.026060000000000007,0.21651535280436812,5.814579999999999,0.7404652807525818,6.71448,0.03902,0.27593620095956967,-0.30592,5,negative_training,ADK,phq_8,PHQ8,cross-corpus-882
RobustScaler,MLP,0.01171999999999999,0.3062962079425731,8075.0719,18040.17822126474,27955.70684,-0.08336,0.3928773129107864,-104400869.3977,5,negative_training,ADK,phq_8,PHQ8,cross-corpus-882
MinMaxScaler,RF,0.010659999999999992,0.270114509051254,5.71992,0.5818683674165489,6.4581,0.021139999999999992,0.3884762901387934,-0.22916000000000003,5,negative_training,ADK,phq_8,PHQ8,cross-corpus-882
RobustScaler,XGB,0.010479999999999995,0.34620253754124913,6.21518,1.090839780627751,7.23524,0.02000000000000001,0.3813388322738716,-0.5667799999999998,5,negative_training,ADK,phq_8,PHQ8,cross-corpus-882
MinMaxScaler,ET,0.00245999999999999,0.33122316947943115,5.645239999999999,0.7484845375824407,6.5408,-0.012280000000000003,0.46886186345233927,-0.2833799999999999,5,negative_training,ADK,phq_8,PHQ8,cross-corpus-882
RobustScaler,SVR,-0.013620000000000007,0.2930942288752885,6.1905,0.8549620664099666,7.048580000000001,-0.029100000000000008,0.3407554474986424,-0.44627999999999995,5,negative_training,ADK,phq_8,PHQ8,cross-corpus-882
RobustScaler,ET,-0.01657999999999999,0.33653899774023216,5.76882,0.8857715461675204,6.70576,-0.05197999999999999,0.43626253219821665,-0.33042000000000005,5,negative_training,ADK,phq_8,PHQ8,cross-corpus-882
MinMaxScaler,Lasso,0.20224000000000003,0.1763743121885951,5.31202,0.7985123587021057,6.27192,0.27374,0.22892982112429125,-0.24688,5,negative_training,ADK,phq_9,PHQ9,cross-corpus-882
StandardScaler,Lasso,0.19877999999999998,0.20935846531726393,5.9314,1.5198137862909389,6.964359999999999,0.24016,0.2523584216942244,-0.5461199999999999,5,negative_training,ADK,phq_9,PHQ9,cross-corpus-882
StandardScaler,ElasticNet,0.19824,0.18830707103027228,5.4055599999999995,0.8894187585159199,6.453100000000001,0.24184,0.2320828041885051,-0.28068,5,negative_training,ADK,phq_9,PHQ9,cross-corpus-882
MinMaxScaler,ElasticNet,0.19798,0.16391030168967416,5.29328,0.8587015762184206,6.20804,0.26302,0.22310197668330956,-0.20103999999999997,5,negative_training,ADK,phq_9,PHQ9,cross-corpus-882
MinMaxScaler,Ridge,0.19698,0.1612620290086913,5.218680000000001,0.8325506933514619,6.199979999999999,0.2698,0.22144721718730176,-0.21486,5,negative_training,ADK,phq_9,PHQ9,cross-corpus-882
StandardScaler,Ridge,0.18066,0.19025348354235197,5.84118,1.159766701539581,6.8434,0.2326,0.24148985485937086,-0.47266,5,negative_training,ADK,phq_9,PHQ9,cross-corpus-882
MinMaxScaler,MLP,0.15452000000000002,0.209384829918502,5.32168,1.123189657626885,6.39206,0.19898000000000002,0.26600790777719374,-0.2682,5,negative_training,ADK,phq_9,PHQ9,cross-corpus-882
StandardScaler,MLP,0.10980000000000001,0.22184449508608498,5.755159999999999,1.3217617761911558,7.00586,0.15304,0.25441104142705756,-0.53974,5,negative_training,ADK,phq_9,PHQ9,cross-corpus-882
StandardScaler,XGB,0.08058000000000001,0.1871149566443046,5.69336,0.5327003782615514,6.6592199999999995,0.12090000000000001,0.22400902883589313,-0.37039999999999995,5,negative_training,ADK,phq_9,PHQ9,cross-corpus-882
StandardScaler,LGBM,0.07200000000000001,0.14084786118361897,5.26164,0.5934813164708729,6.21204,0.12418,0.22889915246675774,-0.16541999999999998,5,negative_training,ADK,phq_9,PHQ9,cross-corpus-882
MinMaxScaler,XGB,0.05544,0.28358699370739837,5.41416,0.8284751734361149,6.61918,0.10588000000000002,0.3640832212558002,-0.3639,5,negative_training,ADK,phq_9,PHQ9,cross-corpus-882
MinMaxScaler,SVR,0.04208,0.2832683303865789,5.50284,1.2701926283048568,6.56518,0.054459999999999995,0.38477784239740215,-0.32608,5,negative_training,ADK,phq_9,PHQ9,cross-corpus-882
MinMaxScaler,KNN,0.041580000000000006,0.26633857587664617,5.4952,0.9101676960868255,6.409899999999999,0.11427999999999998,0.4074421026354542,-0.26311999999999997,5,negative_training,ADK,phq_9,PHQ9,cross-corpus-882
StandardScaler,KNN,0.03012,0.06970209466006026,5.60868,0.5160592766339925,6.622459999999999,0.0683,0.12018533604396171,-0.33272,5,negative_training,ADK,phq_9,PHQ9,cross-corpus-882
MinMaxScaler,LGBM,0.021420000000000005,0.22511350914594172,5.3582600000000005,0.28895963905016203,6.2041200000000005,0.0374,0.3444681915649107,-0.17544,5,negative_training,ADK,phq_9,PHQ9,cross-corpus-882
RobustScaler,KNN,0.016940000000000004,0.1564755188519917,5.41806,1.03549946064689,6.6407799999999995,0.028779999999999993,0.24058312908431465,-0.32982,5,negative_training,ADK,phq_9,PHQ9,cross-corpus-882
MinMaxScaler,GB,-0.0019799999999999818,0.32599540947688205,5.535000000000001,0.9530354190689873,6.77316,0.03805999999999999,0.4208038890029416,-0.44398,5,negative_training,ADK,phq_9,PHQ9,cross-corpus-882
StandardScaler,SVR,-0.005439999999999995,0.25188613101955415,5.96344,0.9213365823628193,7.045820000000001,0.04241999999999999,0.3234178056322812,-0.54314,5,negative_training,ADK,phq_9,PHQ9,cross-corpus-882
MinMaxScaler,RF,-0.013840000000000024,0.2447707560146841,5.51838,0.6811364342038975,6.46984,0.02025999999999999,0.3958115119599227,-0.29184,5,negative_training,ADK,phq_9,PHQ9,cross-corpus-882
StandardScaler,CatBoost,-0.01446,0.21143322350094368,5.57756,0.6082692438386149,6.654560000000001,0.02240000000000002,0.279342522720763,-0.35692,5,negative_training,ADK,phq_9,PHQ9,cross-corpus-882
RobustScaler,Lasso,-0.015100000000000002,0.27003945082154196,6.522679999999999,1.7567263836465827,7.5302999999999995,-0.09399999999999999,0.3697906434727628,-0.71148,5,negative_training,ADK,phq_9,PHQ9,cross-corpus-882
RobustScaler,XGB,-0.02276000000000001,0.3518674508959304,6.1225,1.1985737837112909,7.08914,-0.026559999999999993,0.3862669840926092,-0.55314,5,negative_training,ADK,phq_9,PHQ9,cross-corpus-882
RobustScaler,ElasticNet,-0.023859999999999992,0.28534043351757915,6.520259999999999,1.685711574676997,7.536879999999999,-0.08406,0.36184624220793005,-0.72312,5,negative_training,ADK,phq_9,PHQ9,cross-corpus-882
MinMaxScaler,ET,-0.026480000000000014,0.2455812940759129,5.5309,0.8066250894932541,6.57732,-0.008399999999999996,0.4226966583733541,-0.33656,5,negative_training,ADK,phq_9,PHQ9,cross-corpus-882
MinMaxScaler,CatBoost,-0.03272,0.27903264504355035,5.634480000000001,0.820777769557631,6.757000000000001,0.016780000000000014,0.4152446230837914,-0.4377000000000001,5,negative_training,ADK,phq_9,PHQ9,cross-corpus-882
RobustScaler,Ridge,-0.033940000000000005,0.30967565774532557,6.59252,1.627370255043394,7.56374,-0.0752,0.364328773225503,-0.7514,5,negative_training,ADK,phq_9,PHQ9,cross-corpus-882
RobustScaler,CatBoost,-0.04858,0.21027421858135628,5.891,0.8768870508794161,6.96768,-0.06432,0.25131133480207374,-0.47640000000000005,5,negative_training,ADK,phq_9,PHQ9,cross-corpus-882
StandardScaler,ET,-0.053780000000000015,0.24096046771202947,5.66822,0.7182742978834756,6.764100000000001,-0.04555999999999999,0.34098207870795794,-0.39194000000000007,5,negative_training,ADK,phq_9,PHQ9,cross-corpus-882
RobustScaler,GB,-0.0588,0.3033374193863988,6.26602,0.9602008472189555,7.1984200000000005,-0.07899999999999999,0.33742593261336623,-0.58704,5,negative_training,ADK,phq_9,PHQ9,cross-corpus-882
RobustScaler,RF,-0.06372,0.18362951015563922,5.631079999999999,0.6339298320792296,6.711180000000001,-0.1012,0.25813223355481973,-0.3678,5,negative_training,ADK,phq_9,PHQ9,cross-corpus-882
RobustScaler,ET,-0.07795999999999999,0.21509944909273943,5.86838,1.1846304854257297,6.96036,-0.12692,0.30723082039404837,-0.46414,5,negative_training,ADK,phq_9,PHQ9,cross-corpus-882
StandardScaler,RF,-0.08624000000000001,0.23099090458284283,5.71194,0.5414873802776938,6.758239999999999,-0.06804000000000002,0.32044771492397944,-0.41436,5,negative_training,ADK,phq_9,PHQ9,cross-corpus-882
StandardScaler,GB,-0.09028,0.23870284246317636,6.120480000000001,0.5550191951635542,7.26096,-0.06877999999999998,0.29436434396849087,-0.6201800000000001,5,negative_training,ADK,phq_9,PHQ9,cross-corpus-882
RobustScaler,LGBM,-0.09407999999999998,0.19155781633752247,5.7426,0.5366036339794952,6.715440000000001,-0.1096,0.2135155380762721,-0.38464,5,negative_training,ADK,phq_9,PHQ9,cross-corpus-882
RobustScaler,SVR,-0.09414,0.11600839624785786,6.086500000000001,1.699870499479299,7.057219999999999,-0.13011999999999999,0.2043704161565465,-0.4891,5,negative_training,ADK,phq_9,PHQ9,cross-corpus-882
RobustScaler,MLP,-0.10118,0.31867016176604923,6.785120000000001,1.6811987990716626,8.09888,-0.13684,0.35120604778391845,-1.00772,5,negative_training,ADK,phq_9,PHQ9,cross-corpus-882
StandardScaler,LGBM,0.12966000000000003,0.16725481457943145,9.937940000000001,2.106667209836427,11.83526,0.20781999999999998,0.2630051938650642,-0.04382000000000001,5,negative_training,ADK,ads.1,CES-D,cross-corpus-882
StandardScaler,GB,0.06817999999999999,0.35636271830818667,11.77824,2.8138622697282116,13.525200000000002,0.06554000000000001,0.42216875535738074,-0.39916,5,negative_training,ADK,ads.1,CES-D,cross-corpus-882
MinMaxScaler,KNN,0.03804,0.24236416401770292,11.260180000000002,1.5293494424100715,13.128240000000002,0.06756,0.3735178014499443,-0.27649999999999997,5,negative_training,ADK,ads.1,CES-D,cross-corpus-882
StandardScaler,CatBoost,0.024760000000000004,0.34008933091174737,11.334819999999999,2.886819862235952,12.963819999999998,0.046499999999999986,0.47920399622707655,-0.26974,5,negative_training,ADK,ads.1,CES-D,cross-corpus-882
StandardScaler,MLP,0.018359999999999994,0.3044757182436721,12.38446,2.7785785688009614,14.48808,0.02758,0.32453361459177077,-0.5789799999999999,5,negative_training,ADK,ads.1,CES-D,cross-corpus-882
MinMaxScaler,LGBM,0.015840000000000007,0.28155579020861926,10.522839999999999,1.8962116015888102,12.39752,-0.005800000000000011,0.4012067920661364,-0.15954000000000002,5,negative_training,ADK,ads.1,CES-D,cross-corpus-882
StandardScaler,RF,0.011519999999999997,0.3195636431135432,11.0314,2.3087542030281183,12.557080000000001,0.018979999999999997,0.46024183534311613,-0.18822,5,negative_training,ADK,ads.1,CES-D,cross-corpus-882
StandardScaler,KNN,0.00746,0.28079627490406633,11.756559999999999,2.1014892012570514,13.306980000000001,0.019919999999999993,0.39172283185946666,-0.32426,5,negative_training,ADK,ads.1,CES-D,cross-corpus-882
StandardScaler,XGB,0.004360000000000008,0.40996713038974236,11.91264,2.9654649455018003,13.913839999999999,-0.0015599999999999837,0.480411862884338,-0.47341999999999995,5,negative_training,ADK,ads.1,CES-D,cross-corpus-882
StandardScaler,ET,-0.009840000000000005,0.36660025641016675,11.270819999999997,2.803719125911153,12.8982,-0.0047999999999999935,0.48685641107004024,-0.2528,5,negative_training,ADK,ads.1,CES-D,cross-corpus-882
StandardScaler,Ridge,-0.012980000000000002,0.3324792880767161,12.368640000000003,2.9709819694841637,14.29332,-0.044559999999999995,0.37167766680283604,-0.55268,5,negative_training,ADK,ads.1,CES-D,cross-corpus-882
StandardScaler,Lasso,-0.014960000000000006,0.326528946649451,12.62026,2.8308214299033416,14.641760000000001,-0.04526,0.36635103794038854,-0.6224999999999999,5,negative_training,ADK,ads.1,CES-D,cross-corpus-882
MinMaxScaler,Lasso,-0.015520000000000006,0.296739948439707,12.7715,3.0288765012789813,15.316820000000002,-0.035359999999999996,0.32084280107242547,-0.84582,5,negative_training,ADK,ads.1,CES-D,cross-corpus-882
StandardScaler,SVR,-0.015520000000000006,0.3085495211469303,11.649840000000001,3.1069778472013607,13.443439999999999,-0.033079999999999984,0.3959807280664048,-0.38034,5,negative_training,ADK,ads.1,CES-D,cross-corpus-882
MinMaxScaler,MLP,-0.0157,0.22894945948833337,12.0735,1.8172391312097593,14.2304,-0.04906,0.28041665071817684,-0.5314,5,negative_training,ADK,ads.1,CES-D,cross-corpus-882
StandardScaler,ElasticNet,-0.027320000000000004,0.30049659232676834,12.08504,2.838224361814972,13.963579999999999,-0.04750000000000001,0.36756410325275235,-0.48495999999999995,5,negative_training,ADK,ads.1,CES-D,cross-corpus-882
MinMaxScaler,ElasticNet,-0.036059999999999995,0.22007921982777018,12.52618,2.3427847184493924,14.8702,-0.0718,0.27370322431421956,-0.7302600000000001,5,negative_training,ADK,ads.1,CES-D,cross-corpus-882
RobustScaler,Lasso,-0.03713999999999999,0.22257819524832168,13.50924,4.057224555407304,16.21276,-0.06319999999999999,0.26630076980737405,-1.20834,5,negative_training,ADK,ads.1,CES-D,cross-corpus-882
MinMaxScaler,RF,-0.040999999999999995,0.21441649889875547,11.217519999999999,1.6120379747388094,12.810179999999999,-0.03435999999999999,0.32960179459462896,-0.21814,5,negative_training,ADK,ads.1,CES-D,cross-corpus-882
MinMaxScaler,CatBoost,-0.06424,0.2028503463147155,11.84976,1.916924075961279,13.549959999999999,-0.07357999999999999,0.2570457877499649,-0.36134,5,negative_training,ADK,ads.1,CES-D,cross-corpus-882
MinMaxScaler,Ridge,-0.0749,0.17851799629169046,12.942699999999999,2.311662406148441,15.31784,-0.09395999999999999,0.21952052979163472,-0.83334,5,negative_training,ADK,ads.1,CES-D,cross-corpus-882
MinMaxScaler,ET,-0.07869999999999999,0.18165749365220252,11.76848,1.6546297749043446,13.392199999999999,-0.09018000000000001,0.24791935583975688,-0.32782,5,negative_training,ADK,ads.1,CES-D,cross-corpus-882
RobustScaler,SVR,-0.08184,0.16043134980420753,12.16642,1.4601816948585544,14.359440000000001,-0.09234,0.18979545041965573,-0.54114,5,negative_training,ADK,ads.1,CES-D,cross-corpus-882
MinMaxScaler,XGB,-0.08456,0.22094767027511286,11.76126,1.8085217314149151,13.80192,-0.1012,0.2726321514421951,-0.41952,5,negative_training,ADK,ads.1,CES-D,cross-corpus-882
RobustScaler,MLP,-0.09172,0.12555931665949763,13.7212,2.198740785085864,16.08142,-0.09288,0.13844958288127848,-0.92932,5,negative_training,ADK,ads.1,CES-D,cross-corpus-882
RobustScaler,LGBM,-0.09330000000000001,0.1314725446623743,11.48188,1.011232751150792,13.42602,-0.12628,0.18366813006071575,-0.34072,5,negative_training,ADK,ads.1,CES-D,cross-corpus-882
MinMaxScaler,GB,-0.09834000000000001,0.20389434273662427,12.49928,1.8476857949878813,14.31522,-0.10832000000000001,0.24351866868887073,-0.5257999999999999,5,negative_training,ADK,ads.1,CES-D,cross-corpus-882
RobustScaler,Ridge,-0.10495999999999998,0.12072958626616759,13.905180000000001,3.485997706826555,16.687040000000003,-0.14501999999999998,0.1607518024782304,-1.3104400000000003,5,negative_training,ADK,ads.1,CES-D,cross-corpus-882
RobustScaler,ElasticNet,-0.10582,0.10950528297758058,13.82354,3.5932265894318447,16.451860000000003,-0.14638,0.14824016662160092,-1.2554200000000002,5,negative_training,ADK,ads.1,CES-D,cross-corpus-882
MinMaxScaler,SVR,-0.11486,0.13307482105943258,13.317599999999999,1.4608631267165313,15.164340000000001,-0.13372,0.1571885873719845,-0.7204,5,negative_training,ADK,ads.1,CES-D,cross-corpus-882
RobustScaler,KNN,-0.1256,0.16662735369680454,12.1792,1.2943434493981876,14.051840000000002,-0.16940000000000002,0.22600300882952865,-0.4747800000000001,5,negative_training,ADK,ads.1,CES-D,cross-corpus-882
RobustScaler,GB,-0.14964,0.16803280334506115,13.35308,1.30789210258339,15.433759999999998,-0.1674,0.19690209496092215,-0.7659199999999999,5,negative_training,ADK,ads.1,CES-D,cross-corpus-882
RobustScaler,ET,-0.15148,0.16113082262559203,12.567,1.7237228271969947,14.385679999999999,-0.18328000000000003,0.2048489004119866,-0.52694,5,negative_training,ADK,ads.1,CES-D,cross-corpus-882
RobustScaler,CatBoost,-0.1609,0.14973254489255167,12.566379999999999,1.4527854287540198,14.43152,-0.20371999999999998,0.18618202652243318,-0.5427799999999999,5,negative_training,ADK,ads.1,CES-D,cross-corpus-882
RobustScaler,RF,-0.1759,0.18501458050651037,12.1728,1.4116553439136619,13.87082,-0.26754,0.2588308289211314,-0.42148,5,negative_training,ADK,ads.1,CES-D,cross-corpus-882
RobustScaler,XGB,-0.1972,0.25404766285089103,13.23942,1.8336842086357186,15.530019999999999,-0.22724000000000003,0.3108412022239008,-0.79556,5,negative_training,ADK,ads.1,CES-D,cross-corpus-882
MinMaxScaler,Ridge,-0.08352000000000001,0.1946484061070113,5.62634,0.7793780424158738,6.405279999999999,-0.11938,0.24744948373354914,-0.8125,5,negative_training,ADK,HRSD_6.1,HRSD6,cross-corpus-882
MinMaxScaler,ElasticNet,-0.0885,0.20572640812496584,5.63976,0.6775512917853529,6.44152,-0.11960000000000001,0.2401766953723862,-0.8655199999999998,5,negative_training,ADK,HRSD_6.1,HRSD6,cross-corpus-882
MinMaxScaler,XGB,-0.09136,0.25310708800821835,5.4290400000000005,1.480520365614739,6.65536,-0.10510000000000001,0.3021815679355708,-0.9115399999999999,5,negative_training,ADK,HRSD_6.1,HRSD6,cross-corpus-882
MinMaxScaler,LGBM,-0.09186000000000001,0.16719579241117286,4.97594,0.877112275025267,5.95856,-0.12644,0.24422412452499442,-0.54024,5,negative_training,ADK,HRSD_6.1,HRSD6,cross-corpus-882
StandardScaler,MLP,-0.10078000000000001,0.23364763427006915,5.525360000000001,0.4877097630763608,6.41474,-0.14508000000000001,0.2912929230173641,-0.91136,5,negative_training,ADK,HRSD_6.1,HRSD6,cross-corpus-882
MinMaxScaler,Lasso,-0.10854,0.19977956101663652,5.504740000000001,0.846301109534898,6.3368400000000005,-0.13313999999999998,0.2269731658148161,-0.75842,5,negative_training,ADK,HRSD_6.1,HRSD6,cross-corpus-882
MinMaxScaler,KNN,-0.10855999999999999,0.21798568301611002,5.159439999999999,1.233528032920209,5.96296,-0.12856000000000004,0.265763528348041,-0.50672,5,negative_training,ADK,HRSD_6.1,HRSD6,cross-corpus-882
RobustScaler,CatBoost,-0.11711999999999997,0.20740151156633357,5.16314,1.0656799111365474,6.067220000000001,-0.19073999999999997,0.26658275075480786,-0.5176999999999999,5,negative_training,ADK,HRSD_6.1,HRSD6,cross-corpus-882
MinMaxScaler,RF,-0.1179,0.13392370962604047,5.13162,1.070827283925844,5.97612,-0.17434,0.19108608792897508,-0.50136,5,negative_training,ADK,HRSD_6.1,HRSD6,cross-corpus-882
MinMaxScaler,MLP,-0.11844000000000002,0.13838178348323166,5.47978,0.612919494713621,6.4297200000000005,-0.15208000000000002,0.16980043286163907,-0.86914,5,negative_training,ADK,HRSD_6.1,HRSD6,cross-corpus-882
RobustScaler,LGBM,-0.12412000000000001,0.04796344441342802,4.8449,0.924544512178835,5.94432,-0.18482,0.054530697776573524,-0.48638000000000003,5,negative_training,ADK,HRSD_6.1,HRSD6,cross-corpus-882
StandardScaler,Lasso,-0.14006000000000002,0.24324603388339142,5.64516,0.6380060838267924,6.4858199999999995,-0.16848000000000002,0.29113485191574023,-0.8866799999999999,5,negative_training,ADK,HRSD_6.1,HRSD6,cross-corpus-882
StandardScaler,ElasticNet,-0.14129999999999998,0.24428341122556807,5.66186,0.6121254756992228,6.51938,-0.17546,0.28901490965000404,-0.8981600000000001,5,negative_training,ADK,HRSD_6.1,HRSD6,cross-corpus-882
RobustScaler,ET,-0.1517,0.14064259667682477,5.18556,0.9339762700411611,6.0182,-0.27348,0.231810519605992,-0.50888,5,negative_training,ADK,HRSD_6.1,HRSD6,cross-corpus-882
StandardScaler,Ridge,-0.1518,0.2692114689235955,5.735259999999999,0.6374730213899251,6.675520000000001,-0.18012,0.30736485973513633,-0.97502,5,negative_training,ADK,HRSD_6.1,HRSD6,cross-corpus-882
MinMaxScaler,GB,-0.15728,0.2001145721830372,5.49476,1.2121262673500648,6.8053799999999995,-0.18112,0.23884104965436742,-0.9810599999999999,5,negative_training,ADK,HRSD_6.1,HRSD6,cross-corpus-882
StandardScaler,LGBM,-0.16968,0.18952033400139418,5.16606,0.7850657857784915,6.122380000000001,-0.21469999999999997,0.2337105367757303,-0.67694,5,negative_training,ADK,HRSD_6.1,HRSD6,cross-corpus-882
RobustScaler,RF,-0.1702,0.1911653865112615,5.15728,1.0849991115203734,6.078059999999999,-0.28292,0.2593318665339838,-0.52794,5,negative_training,ADK,HRSD_6.1,HRSD6,cross-corpus-882
StandardScaler,XGB,-0.17048000000000002,0.18030216859483417,5.408000000000001,0.9541587079726305,6.57312,-0.19682,0.2262368161904689,-0.89002,5,negative_training,ADK,HRSD_6.1,HRSD6,cross-corpus-882
MinMaxScaler,SVR,-0.17828,0.24557418838306277,5.5389800000000005,0.7055500527956893,6.42676,-0.23528000000000002,0.29635790355581876,-0.81178,5,negative_training,ADK,HRSD_6.1,HRSD6,cross-corpus-882
RobustScaler,Lasso,-0.17842,0.16041813176820133,5.78904,0.35423262554428825,6.816999999999998,-0.25246,0.2359622385043844,-1.1929,5,negative_training,ADK,HRSD_6.1,HRSD6,cross-corpus-882
RobustScaler,ElasticNet,-0.17850000000000002,0.1609679315888727,5.776339999999999,0.3810675570026921,6.795999999999999,-0.25520000000000004,0.2373837610284242,-1.1689599999999998,5,negative_training,ADK,HRSD_6.1,HRSD6,cross-corpus-882
RobustScaler,Ridge,-0.18052,0.164002064011402,5.8434,0.3448043720720492,6.89888,-0.2607,0.23892345008391283,-1.3074400000000002,5,negative_training,ADK,HRSD_6.1,HRSD6,cross-corpus-882
MinMaxScaler,ET,-0.18684,0.1672519147872454,5.346760000000001,0.8713563955121922,6.213,-0.24518,0.21620228259664603,-0.6715000000000001,5,negative_training,ADK,HRSD_6.1,HRSD6,cross-corpus-882
RobustScaler,GB,-0.19262,0.10387864073042158,5.4676800000000005,0.7050413725449026,6.474500000000001,-0.22958000000000003,0.11790588195675397,-0.8537600000000001,5,negative_training,ADK,HRSD_6.1,HRSD6,cross-corpus-882
StandardScaler,KNN,-0.1985,0.1379996376806838,5.66134,0.6259244427245196,6.51262,-0.26892,0.15664048646502604,-0.9513199999999999,5,negative_training,ADK,HRSD_6.1,HRSD6,cross-corpus-882
StandardScaler,RF,-0.20051999999999998,0.09633315628588114,5.353,0.5289967627500192,6.14706,-0.27014,0.08571515618605614,-0.66998,5,negative_training,ADK,HRSD_6.1,HRSD6,cross-corpus-882
RobustScaler,KNN,-0.20118,0.13328663473882144,5.52166,0.5588587594374808,6.4257599999999995,-0.28486,0.16622542825933703,-0.78676,5,negative_training,ADK,HRSD_6.1,HRSD6,cross-corpus-882
StandardScaler,CatBoost,-0.20298000000000002,0.1569948152010123,5.4133,0.33287823599628763,6.386719999999999,-0.24596,0.17152738265361597,-0.8748400000000001,5,negative_training,ADK,HRSD_6.1,HRSD6,cross-corpus-882
RobustScaler,SVR,-0.21238,0.20992875458116736,5.6429,1.173860487877499,6.7527,-0.27671999999999997,0.25994930659649773,-0.89642,5,negative_training,ADK,HRSD_6.1,HRSD6,cross-corpus-882
MinMaxScaler,CatBoost,-0.21319999999999997,0.1579860595115911,5.4828399999999995,0.9189435200272105,6.6315,-0.26828,0.1803591195365513,-0.8785400000000001,5,negative_training,ADK,HRSD_6.1,HRSD6,cross-corpus-882
StandardScaler,GB,-0.21391999999999997,0.19702402645362824,5.55532,0.5367055216783223,6.75194,-0.2364,0.2111959635030935,-1.05734,5,negative_training,ADK,HRSD_6.1,HRSD6,cross-corpus-882
StandardScaler,SVR,-0.22154,0.1546464774897896,5.65318,0.5730234960278682,6.627420000000001,-0.29162,0.19796477464437962,-0.99946,5,negative_training,ADK,HRSD_6.1,HRSD6,cross-corpus-882
RobustScaler,XGB,-0.22563999999999998,0.17418064760472102,5.645100000000001,1.1133119082269802,6.8613,-0.2805,0.22242215492167144,-0.97536,5,negative_training,ADK,HRSD_6.1,HRSD6,cross-corpus-882
StandardScaler,ET,-0.23436000000000004,0.1119603188634259,5.415039999999999,0.6219904926926134,6.35842,-0.31551999999999997,0.1336784836838001,-0.75814,5,negative_training,ADK,HRSD_6.1,HRSD6,cross-corpus-882
RobustScaler,MLP,-0.25936,0.12037415835635155,6.0328800000000005,0.37246711532697785,7.14946,-0.32495999999999997,0.1532782535130147,-1.3835799999999998,5,negative_training,ADK,HRSD_6.1,HRSD6,cross-corpus-882
StandardScaler,MLP,-0.029599999999999994,0.20302560183385737,8.53196,1.4270439229400054,10.32084,-0.03722000000000001,0.23433850942600112,-0.99606,5,negative_training,ADK,HRSD_17.1,HRSD17,cross-corpus-882
RobustScaler,GB,-0.06803999999999999,0.24966714441431817,8.2542,1.3837261849802516,9.63674,-0.07924,0.3202416946620162,-0.8058,5,negative_training,ADK,HRSD_17.1,HRSD17,cross-corpus-882
RobustScaler,ET,-0.07324,0.1139879949819278,7.77998,1.2909144460420292,9.312899999999999,-0.12365999999999999,0.16443124094891456,-0.54198,5,negative_training,ADK,HRSD_17.1,HRSD17,cross-corpus-882
RobustScaler,SVR,-0.07488,0.10708366822256324,7.42636,2.4781681587414526,8.9724,-0.137,0.1762927536797812,-0.3544,5,negative_training,ADK,HRSD_17.1,HRSD17,cross-corpus-882
StandardScaler,ET,-0.07783999999999999,0.1668899727365308,7.96442,1.772694865734089,9.41338,-0.13216,0.24467244021344128,-0.5604799999999999,5,negative_training,ADK,HRSD_17.1,HRSD17,cross-corpus-882
StandardScaler,XGB,-0.08156,0.15555098199625741,8.597219999999998,1.169480556486511,10.246100000000002,-0.10786,0.16759357982930015,-0.91896,5,negative_training,ADK,HRSD_17.1,HRSD17,cross-corpus-882
RobustScaler,ElasticNet,-0.08548,0.18811608649979938,8.77912,0.9934519223394754,10.644319999999999,-0.11562000000000001,0.2457342405933695,-1.29498,5,negative_training,ADK,HRSD_17.1,HRSD17,cross-corpus-882
RobustScaler,Lasso,-0.08952,0.20103171889032834,8.93892,0.848046034717455,10.729580000000002,-0.11922000000000002,0.2642376808859781,-1.3458799999999997,5,negative_training,ADK,HRSD_17.1,HRSD17,cross-corpus-882
RobustScaler,RF,-0.08958,0.04161678747813194,7.46972,1.4376891795516857,8.95616,-0.15422,0.0732907020023686,-0.41918,5,negative_training,ADK,HRSD_17.1,HRSD17,cross-corpus-882
StandardScaler,KNN,-0.09228,0.28728707245540996,7.93968,1.7533768653657997,9.43008,-0.20406,0.3711574504169356,-0.6213200000000001,5,negative_training,ADK,HRSD_17.1,HRSD17,cross-corpus-882
StandardScaler,SVR,-0.09413999999999999,0.1352252491216045,7.46734,2.572245455433832,9.04446,-0.17882,0.20157077417125727,-0.38133999999999996,5,negative_training,ADK,HRSD_17.1,HRSD17,cross-corpus-882
MinMaxScaler,LGBM,-0.09570000000000001,0.06896937726266637,7.845179999999999,1.8412133178966532,9.36942,-0.15148,0.11990059215867117,-0.5086600000000001,5,negative_training,ADK,HRSD_17.1,HRSD17,cross-corpus-882
RobustScaler,KNN,-0.10076,0.14539428461944437,8.220600000000001,1.7746236699649878,9.69994,-0.1618,0.23268084364639904,-0.6782199999999999,5,negative_training,ADK,HRSD_17.1,HRSD17,cross-corpus-882
RobustScaler,MLP,-0.10170000000000001,0.1335095314949461,8.48558,1.5039126394175966,10.253820000000001,-0.12564000000000003,0.1647047449225431,-0.95184,5,negative_training,ADK,HRSD_17.1,HRSD17,cross-corpus-882
RobustScaler,XGB,-0.10303999999999999,0.1292767883264432,8.20428,1.185925105982667,9.916599999999999,-0.13744,0.16220538831987055,-0.8330400000000001,5,negative_training,ADK,HRSD_17.1,HRSD17,cross-corpus-882
RobustScaler,Ridge,-0.10371999999999999,0.19699156580930058,8.98944,1.1443828000280327,10.9737,-0.14094,0.25119083980113605,-1.4059599999999999,5,negative_training,ADK,HRSD_17.1,HRSD17,cross-corpus-882
RobustScaler,CatBoost,-0.10796000000000001,0.07670529968652753,7.94496,1.5963777491558815,9.347579999999999,-0.17395999999999998,0.1344710675201175,-0.5396799999999999,5,negative_training,ADK,HRSD_17.1,HRSD17,cross-corpus-882
MinMaxScaler,ET,-0.11052,0.12562247808413907,7.9739,1.5762535646272142,9.45342,-0.18608000000000002,0.1966601306823526,-0.59914,5,negative_training,ADK,HRSD_17.1,HRSD17,cross-corpus-882
MinMaxScaler,ElasticNet,-0.11084000000000001,0.11273754033151513,8.653780000000001,1.2417763876801655,10.737199999999998,-0.19308,0.20508209819484488,-1.1871800000000001,5,negative_training,ADK,HRSD_17.1,HRSD17,cross-corpus-882
StandardScaler,LGBM,-0.12327999999999999,0.0957542531692457,7.8566,1.8701760358319215,9.43952,-0.19269999999999998,0.15893454627613218,-0.53888,5,negative_training,ADK,HRSD_17.1,HRSD17,cross-corpus-882
StandardScaler,RF,-0.12517999999999999,0.06327927780877403,7.83622,1.5868167874710677,9.31254,-0.19343999999999997,0.12188608616244924,-0.5226,5,negative_training,ADK,HRSD_17.1,HRSD17,cross-corpus-882
StandardScaler,Lasso,-0.12660000000000002,0.20580188288740217,9.09542,1.1833821390404704,11.164640000000002,-0.18150000000000002,0.2517443345936508,-1.4298600000000001,5,negative_training,ADK,HRSD_17.1,HRSD17,cross-corpus-882
StandardScaler,CatBoost,-0.12804,0.1161775494663233,8.02426,1.616331167490128,9.33512,-0.2096,0.19776406397523286,-0.5390999999999999,5,negative_training,ADK,HRSD_17.1,HRSD17,cross-corpus-882
RobustScaler,LGBM,-0.12928,0.09108661811704286,8.07386,1.8308803368871487,9.50592,-0.21042,0.15592553350878743,-0.56882,5,negative_training,ADK,HRSD_17.1,HRSD17,cross-corpus-882
MinMaxScaler,MLP,-0.13106,0.1536811081428033,8.401019999999999,1.3198765196032543,10.13882,-0.20729999999999998,0.2245917295894931,-0.8811399999999999,5,negative_training,ADK,HRSD_17.1,HRSD17,cross-corpus-882
StandardScaler,GB,-0.13438,0.12506099311935756,8.978040000000002,1.0021957009486717,10.416739999999999,-0.18262,0.16817561357105257,-0.99516,5,negative_training,ADK,HRSD_17.1,HRSD17,cross-corpus-882
MinMaxScaler,RF,-0.13513999999999998,0.10875745031950683,7.89152,1.3652957873662395,9.31316,-0.23127999999999999,0.1547797855018542,-0.55064,5,negative_training,ADK,HRSD_17.1,HRSD17,cross-corpus-882
MinMaxScaler,Lasso,-0.138,0.1481004388919898,8.97486,1.6287589118712444,11.1913,-0.18978,0.20143916451375588,-1.42556,5,negative_training,ADK,HRSD_17.1,HRSD17,cross-corpus-882
MinMaxScaler,SVR,-0.1398,0.22235867421803002,8.40944,1.0190728129039652,9.981300000000001,-0.19516,0.27514633924513693,-0.8395999999999999,5,negative_training,ADK,HRSD_17.1,HRSD17,cross-corpus-882
StandardScaler,Ridge,-0.14082,0.19633275834663966,9.274560000000001,1.4785372409919209,11.561319999999998,-0.18834,0.2424854078083875,-1.53262,5,negative_training,ADK,HRSD_17.1,HRSD17,cross-corpus-882
MinMaxScaler,Ridge,-0.14448,0.12813965818590278,8.699760000000001,1.6956462139845094,10.87832,-0.20634000000000002,0.1936642016481105,-1.12796,5,negative_training,ADK,HRSD_17.1,HRSD17,cross-corpus-882
StandardScaler,ElasticNet,-0.14551999999999998,0.20561004839258223,9.222159999999999,1.137951408452927,11.35554,-0.19526,0.25286151941329466,-1.4243999999999999,5,negative_training,ADK,HRSD_17.1,HRSD17,cross-corpus-882
MinMaxScaler,CatBoost,-0.16224000000000002,0.11234243632750716,8.15414,1.314246245191517,9.5589,-0.254,0.14256642311568316,-0.6665599999999999,5,negative_training,ADK,HRSD_17.1,HRSD17,cross-corpus-882
MinMaxScaler,GB,-0.17937999999999998,0.16840404389443858,8.78192,0.7421260721737243,10.28244,-0.21608,0.1837847708598294,-0.9504199999999999,5,negative_training,ADK,HRSD_17.1,HRSD17,cross-corpus-882
MinMaxScaler,XGB,-0.20137999999999998,0.13647071847103318,9.053560000000001,0.5418110676241304,10.63288,-0.24668,0.1237354516700852,-1.11084,5,negative_training,ADK,HRSD_17.1,HRSD17,cross-corpus-882
MinMaxScaler,KNN,-0.22058,0.05654124158523581,8.39718,1.1581472086915376,9.7767,-0.34388,0.10123473712120755,-0.74104,5,negative_training,ADK,HRSD_17.1,HRSD17,cross-corpus-882
StandardScaler,MLP,-0.03422,0.13981138008044983,9.21978,1.6072237544909547,11.2976,-0.06144000000000001,0.17645168743880008,-0.92018,5,negative_training,ADK,HRSD_21.1,HRSD21,cross-corpus-882
MinMaxScaler,ET,-0.0374,0.1749395324104875,8.407580000000001,1.5549924909786539,10.332759999999999,-0.013080000000000003,0.33185385638862175,-0.45774,5,negative_training,ADK,HRSD_21.1,HRSD21,cross-corpus-882
RobustScaler,KNN,-0.048519999999999994,0.2424382643066065,8.601920000000002,1.6911899470491183,10.682300000000001,-0.13176,0.29437952204594664,-0.52438,5,negative_training,ADK,HRSD_21.1,HRSD21,cross-corpus-882
MinMaxScaler,LGBM,-0.06264,0.09459547029324394,8.173739999999999,2.3936776282532284,10.23116,-0.13179999999999997,0.21467109726276612,-0.36902,5,negative_training,ADK,HRSD_21.1,HRSD21,cross-corpus-882
RobustScaler,LGBM,-0.0644,0.12966913665171062,8.50994,2.263834412672446,10.446700000000002,-0.13138,0.24579209100375868,-0.4519,5,negative_training,ADK,HRSD_21.1,HRSD21,cross-corpus-882
MinMaxScaler,GB,-0.07258,0.2649699265954535,9.13064,1.0917284291434388,11.20146,0.0014600000000000112,0.39875734852162914,-0.88446,5,negative_training,ADK,HRSD_21.1,HRSD21,cross-corpus-882
RobustScaler,SVR,-0.0742,0.24819626306614692,9.015899999999998,2.0718999638013407,10.75906,-0.14314,0.26825967456925015,-0.59986,5,negative_training,ADK,HRSD_21.1,HRSD21,cross-corpus-882
MinMaxScaler,KNN,-0.08268,0.06707486116273369,8.71628,1.2785268855209886,10.767900000000001,-0.12286,0.09575052480273934,-0.62686,5,negative_training,ADK,HRSD_21.1,HRSD21,cross-corpus-882
RobustScaler,MLP,-0.08552,0.16537151205694406,9.78818,1.3899098323272632,11.729040000000001,-0.11128,0.18761680894845217,-1.05878,5,negative_training,ADK,HRSD_21.1,HRSD21,cross-corpus-882
StandardScaler,LGBM,-0.08604,0.11251890063451563,8.50414,2.3508742614185048,10.66064,-0.1628,0.24954773090533203,-0.48102,5,negative_training,ADK,HRSD_21.1,HRSD21,cross-corpus-882
MinMaxScaler,XGB,-0.09268,0.2969557239724468,9.498119999999998,1.609098209246409,11.7279,-0.07674,0.3331093559178427,-1.0494400000000002,5,negative_training,ADK,HRSD_21.1,HRSD21,cross-corpus-882
StandardScaler,SVR,-0.09678,0.16082823757039683,8.64658,1.2353000210475187,10.4287,-0.15362,0.175137151969535,-0.5039399999999999,5,negative_training,ADK,HRSD_21.1,HRSD21,cross-corpus-882
RobustScaler,Lasso,-0.09888,0.20104710144640237,9.46598,1.3754869999385673,11.175080000000003,-0.17742,0.28875397313283846,-0.7586,5,negative_training,ADK,HRSD_21.1,HRSD21,cross-corpus-882
RobustScaler,ElasticNet,-0.10106,0.2120805813835864,9.3739,1.570687559637498,11.06564,-0.18268,0.29314107013518254,-0.70684,5,negative_training,ADK,HRSD_21.1,HRSD21,cross-corpus-882
RobustScaler,Ridge,-0.10278000000000001,0.21308604365373157,9.17978,1.9063875988371302,11.077580000000001,-0.17386,0.2883993030504755,-0.64734,5,negative_training,ADK,HRSD_21.1,HRSD21,cross-corpus-882
RobustScaler,GB,-0.10503999999999998,0.31578993492510177,9.665359999999998,1.6686688551057702,11.607240000000001,-0.11278000000000002,0.3333860030055251,-0.9713799999999999,5,negative_training,ADK,HRSD_21.1,HRSD21,cross-corpus-882
RobustScaler,ET,-0.11300000000000002,0.16675138680082996,8.80066,1.5765969183656299,10.891940000000002,-0.17036,0.20128058276942662,-0.6019,5,negative_training,ADK,HRSD_21.1,HRSD21,cross-corpus-882
MinMaxScaler,RF,-0.11882,0.07312627434787033,8.787099999999999,1.695879664068179,10.67254,-0.17444,0.07295600043862055,-0.54108,5,negative_training,ADK,HRSD_21.1,HRSD21,cross-corpus-882
RobustScaler,CatBoost,-0.11982000000000001,0.3154106957603055,9.022879999999999,2.5130625971113414,11.05096,-0.18902,0.3383580898988526,-0.6594599999999999,5,negative_training,ADK,HRSD_21.1,HRSD21,cross-corpus-882
RobustScaler,RF,-0.1258,0.17742413871849566,8.703100000000001,1.6938453308965373,10.705440000000001,-0.18716,0.2065357184605123,-0.56108,5,negative_training,ADK,HRSD_21.1,HRSD21,cross-corpus-882
MinMaxScaler,CatBoost,-0.1277,0.16673216546305636,9.525319999999999,1.5653072069085994,11.53772,-0.14165999999999998,0.20003094260638776,-0.9220200000000001,5,negative_training,ADK,HRSD_21.1,HRSD21,cross-corpus-882
RobustScaler,XGB,-0.12838,0.3338782367870059,9.60428,1.9660799416605628,11.60552,-0.15416000000000002,0.34577079547006284,-0.8928799999999999,5,negative_training,ADK,HRSD_21.1,HRSD21,cross-corpus-882
StandardScaler,RF,-0.12911999999999998,0.09402147095211817,8.53552,1.491328530874401,10.62524,-0.18102000000000001,0.09627204682564926,-0.54044,5,negative_training,ADK,HRSD_21.1,HRSD21,cross-corpus-882
StandardScaler,KNN,-0.13191999999999998,0.1180238831762453,8.6881,1.0433903871514247,10.75028,-0.19846,0.1828898384273987,-0.5985400000000001,5,negative_training,ADK,HRSD_21.1,HRSD21,cross-corpus-882
StandardScaler,CatBoost,-0.13348,0.24613269185542988,8.824819999999999,1.6774978157958957,10.953479999999999,-0.18639999999999998,0.2921920002327237,-0.67784,5,negative_training,ADK,HRSD_21.1,HRSD21,cross-corpus-882
StandardScaler,ET,-0.14386000000000002,0.07837801349868469,8.7915,1.2920116388794647,11.01494,-0.20111999999999997,0.08120118225740311,-0.65696,5,negative_training,ADK,HRSD_21.1,HRSD21,cross-corpus-882
MinMaxScaler,SVR,-0.14445999999999998,0.1870293640046931,9.141020000000001,2.055463365521263,11.18454,-0.18932,0.22787857951110718,-0.6735599999999999,5,negative_training,ADK,HRSD_21.1,HRSD21,cross-corpus-882
MinMaxScaler,ElasticNet,-0.14708000000000002,0.19372801036504764,9.76822,2.4099559159868464,12.26442,-0.25488,0.286610479571142,-1.0451799999999998,5,negative_training,ADK,HRSD_21.1,HRSD21,cross-corpus-882
MinMaxScaler,MLP,-0.14796,0.2000900622219904,9.85094,2.053279477567533,12.185419999999999,-0.24028,0.27852991221770057,-1.0328199999999998,5,negative_training,ADK,HRSD_21.1,HRSD21,cross-corpus-882
StandardScaler,XGB,-0.16446,0.3217791214482381,9.4794,1.7798753790645008,11.549119999999998,-0.17252,0.3615514790455157,-0.90316,5,negative_training,ADK,HRSD_21.1,HRSD21,cross-corpus-882
MinMaxScaler,Lasso,-0.16648,0.19289005158379732,10.22,1.944273793733794,12.81808,-0.25318,0.2770304983210332,-1.3479,5,negative_training,ADK,HRSD_21.1,HRSD21,cross-corpus-882
MinMaxScaler,Ridge,-0.16854,0.18994550007831193,9.957559999999999,1.9633438066217541,12.378740000000002,-0.26038,0.27643592747687484,-1.11962,5,negative_training,ADK,HRSD_21.1,HRSD21,cross-corpus-882
StandardScaler,ElasticNet,-0.17212,0.16132935876646878,9.49146,1.8275696848547254,11.99766,-0.25488,0.22570920893928986,-0.93452,5,negative_training,ADK,HRSD_21.1,HRSD21,cross-corpus-882
StandardScaler,Lasso,-0.17393999999999998,0.1640310123116967,9.8995,1.5734562847438756,12.531640000000001,-0.25078,0.22119764239249928,-1.17306,5,negative_training,ADK,HRSD_21.1,HRSD21,cross-corpus-882
StandardScaler,Ridge,-0.1819,0.16982923776546843,10.28256,2.1579472915249807,13.22138,-0.282,0.24999323990860234,-1.4889000000000001,5,negative_training,ADK,HRSD_21.1,HRSD21,cross-corpus-882
StandardScaler,GB,-0.19238000000000002,0.37574668594679583,9.49976,1.5403022959795911,11.63626,-0.20048000000000005,0.4633467783420966,-1.1031600000000001,5,negative_training,ADK,HRSD_21.1,HRSD21,cross-corpus-882
MinMaxScaler,LGBM,-0.04381999999999999,0.1688639304292068,10.88176,2.7821460588905107,13.18648,-0.11716000000000001,0.2919904073766808,-0.31222,5,negative_training,ADK,HRSD_24.1,HRSD24,cross-corpus-882
RobustScaler,LGBM,-0.056799999999999996,0.07782913978710032,11.14666,2.7303124561119376,13.801680000000001,-0.12207999999999997,0.14252537317965527,-0.42906000000000005,5,negative_training,ADK,HRSD_24.1,HRSD24,cross-corpus-882
StandardScaler,MLP,-0.06378,0.14157051953002078,12.9635,2.098896880506519,15.241819999999999,-0.08352,0.17018161475318067,-1.02044,5,negative_training,ADK,HRSD_24.1,HRSD24,cross-corpus-882
StandardScaler,Lasso,-0.0645,0.12433487041051677,12.21876,1.6914760737296874,14.475999999999999,-0.12904000000000002,0.2538811789006818,-0.75202,5,negative_training,ADK,HRSD_24.1,HRSD24,cross-corpus-882
StandardScaler,LGBM,-0.06628,0.0881934634766092,11.14658,2.591243781854575,13.541559999999999,-0.13254000000000002,0.2106923539191681,-0.39124,5,negative_training,ADK,HRSD_24.1,HRSD24,cross-corpus-882
StandardScaler,SVR,-0.07926,0.19559336133928473,12.125599999999999,2.7853280704434082,14.690940000000001,-0.09602,0.23074712782611184,-0.9328600000000001,5,negative_training,ADK,HRSD_24.1,HRSD24,cross-corpus-882
StandardScaler,ET,-0.08504,0.1374849373567883,11.743879999999999,0.9292264831568249,14.253,-0.0848,0.15491239459772094,-0.63448,5,negative_training,ADK,HRSD_24.1,HRSD24,cross-corpus-882
StandardScaler,ElasticNet,-0.08644,0.13744778281223746,12.00076,1.9710412687206733,14.13824,-0.15542,0.25577057492995553,-0.59066,5,negative_training,ADK,HRSD_24.1,HRSD24,cross-corpus-882
StandardScaler,Ridge,-0.09044,0.16702523162684135,12.95866,1.7920504088892133,15.421460000000002,-0.15236,0.2620766548168684,-1.00106,5,negative_training,ADK,HRSD_24.1,HRSD24,cross-corpus-882
StandardScaler,KNN,-0.10514000000000001,0.15535368679242859,12.01692,1.2874427354255418,14.7561,-0.12233999999999998,0.19155396889649665,-0.8331000000000002,5,negative_training,ADK,HRSD_24.1,HRSD24,cross-corpus-882
StandardScaler,CatBoost,-0.10962000000000001,0.16782296326784366,11.76234,1.3003150591299018,14.060399999999998,-0.11692,0.20321999655545708,-0.6089,5,negative_training,ADK,HRSD_24.1,HRSD24,cross-corpus-882
RobustScaler,CatBoost,-0.11374,0.07391862417550803,11.89786,1.8899001370442834,14.52774,-0.16243999999999997,0.11182921353564103,-0.6403800000000001,5,negative_training,ADK,HRSD_24.1,HRSD24,cross-corpus-882
RobustScaler,GB,-0.11582,0.10086040848618451,12.95968,1.1982626702856105,16.02026,-0.12301999999999999,0.11170889400580422,-1.07572,5,negative_training,ADK,HRSD_24.1,HRSD24,cross-corpus-882
RobustScaler,SVR,-0.11909999999999998,0.03551232180525515,11.409799999999999,2.1308749106880955,14.178479999999999,-0.17524,0.0708921928000538,-0.53386,5,negative_training,ADK,HRSD_24.1,HRSD24,cross-corpus-882
RobustScaler,KNN,-0.1202,0.1331864670302505,12.0217,2.4569216878036637,14.67922,-0.18986,0.16973282829199543,-0.67588,5,negative_training,ADK,HRSD_24.1,HRSD24,cross-corpus-882
MinMaxScaler,MLP,-0.12166000000000002,0.20128560057788536,12.497679999999999,2.8363205446493516,15.026679999999999,-0.20939999999999998,0.3090225800811326,-0.7190399999999999,5,negative_training,ADK,HRSD_24.1,HRSD24,cross-corpus-882
MinMaxScaler,CatBoost,-0.12491999999999999,0.12935137030584562,11.8131,1.7657925090451598,14.192240000000002,-0.1759,0.13667353438028887,-0.57968,5,negative_training,ADK,HRSD_24.1,HRSD24,cross-corpus-882
MinMaxScaler,GB,-0.12808000000000003,0.1927018863426095,12.41162,1.6094480690597004,15.296359999999998,-0.10878000000000002,0.264071613393034,-1.0229400000000002,5,negative_training,ADK,HRSD_24.1,HRSD24,cross-corpus-882
StandardScaler,GB,-0.13102,0.25182524099065207,12.147459999999999,0.9191801934332572,15.130840000000001,-0.12116,0.26976815601549414,-0.88994,5,negative_training,ADK,HRSD_24.1,HRSD24,cross-corpus-882
RobustScaler,Lasso,-0.13238,0.10216715225550725,12.53834,2.0905252684433164,15.175239999999999,-0.1942,0.17115566014596187,-0.8456999999999999,5,negative_training,ADK,HRSD_24.1,HRSD24,cross-corpus-882
RobustScaler,ElasticNet,-0.1343,0.10019615761095832,12.646460000000001,2.2139597044661863,15.202659999999998,-0.19252,0.17069839483720986,-0.7723599999999999,5,negative_training,ADK,HRSD_24.1,HRSD24,cross-corpus-882
MinMaxScaler,ET,-0.13435999999999998,0.15095896131068207,12.312100000000001,2.2467523317001366,14.356160000000003,-0.20288,0.18457404205358888,-0.6086199999999999,5,negative_training,ADK,HRSD_24.1,HRSD24,cross-corpus-882
RobustScaler,ET,-0.1365,0.06608460486376536,12.2803,1.7716091061518053,15.035639999999997,-0.19666,0.10125703926147556,-0.74688,5,negative_training,ADK,HRSD_24.1,HRSD24,cross-corpus-882
MinMaxScaler,RF,-0.14032,0.10005516978147605,11.72702,2.1421198208783743,14.081700000000001,-0.19555999999999998,0.09636025114122522,-0.5502,5,negative_training,ADK,HRSD_24.1,HRSD24,cross-corpus-882
RobustScaler,Ridge,-0.14150000000000001,0.09162717937380807,13.01404,1.685848573567627,15.593200000000001,-0.20088,0.16012548828965362,-0.93582,5,negative_training,ADK,HRSD_24.1,HRSD24,cross-corpus-882
RobustScaler,RF,-0.14250000000000002,0.05530244117577451,11.682520000000002,1.7222028240018652,14.41598,-0.22386,0.07207515522008955,-0.62096,5,negative_training,ADK,HRSD_24.1,HRSD24,cross-corpus-882
StandardScaler,XGB,-0.14689999999999998,0.21510352158902468,12.28676,0.8390232493798965,15.222059999999999,-0.15282,0.21679528823293187,-0.9165599999999999,5,negative_training,ADK,HRSD_24.1,HRSD24,cross-corpus-882
StandardScaler,RF,-0.14889999999999998,0.12845563436455407,11.71006,1.4442955559718373,14.144779999999997,-0.18172,0.14438716009396405,-0.6029199999999999,5,negative_training,ADK,HRSD_24.1,HRSD24,cross-corpus-882
MinMaxScaler,ElasticNet,-0.14898,0.15614052004524642,12.35298,2.6525522675340443,15.0769,-0.25306,0.2798746737380859,-0.73168,5,negative_training,ADK,HRSD_24.1,HRSD24,cross-corpus-882
MinMaxScaler,Lasso,-0.1521,0.20315207358036,13.81722,3.3639148015370433,17.2485,-0.23637999999999998,0.2983073029612249,-1.37838,5,negative_training,ADK,HRSD_24.1,HRSD24,cross-corpus-882
MinMaxScaler,XGB,-0.15506,0.12734434812742965,12.6512,1.537412992660072,15.238319999999998,-0.19094,0.1327086583460175,-0.8580400000000001,5,negative_training,ADK,HRSD_24.1,HRSD24,cross-corpus-882
MinMaxScaler,SVR,-0.15546,0.2549613657007665,11.8969,3.1276760917652577,14.34744,-0.19858,0.3397495136126025,-0.59316,5,negative_training,ADK,HRSD_24.1,HRSD24,cross-corpus-882
MinMaxScaler,Ridge,-0.15562000000000004,0.171967255604083,13.13804,2.743514600471446,16.241120000000002,-0.25136,0.28277252872229297,-1.0542599999999998,5,negative_training,ADK,HRSD_24.1,HRSD24,cross-corpus-882
RobustScaler,MLP,-0.15696000000000002,0.0786121364675964,13.345520000000002,1.8829144170673295,16.172379999999997,-0.219,0.12396019522411217,-1.2065000000000001,5,negative_training,ADK,HRSD_24.1,HRSD24,cross-corpus-882
RobustScaler,XGB,-0.17178,0.11659188222170529,13.114839999999997,0.7654925427461722,16.25892,-0.1842,0.11176464109905243,-1.15296,5,negative_training,ADK,HRSD_24.1,HRSD24,cross-corpus-882
MinMaxScaler,KNN,-0.2163,0.0950873282830052,12.22478,2.2359616705122654,14.7106,-0.31886000000000003,0.12437358240398158,-0.6792999999999999,5,negative_training,ADK,HRSD_24.1,HRSD24,cross-corpus-882
RobustScaler,GB,0.19538,0.20305013420335383,5.10884,0.9883023439211303,6.297,0.2177,0.21787621485605077,-0.34762,5,negative_training,CR,phq_8,PHQ8,cross-corpus-882
MinMaxScaler,XGB,0.17684,0.27603991196926575,5.26638,1.7013738983539157,6.28686,0.19485999999999998,0.30648748424691014,-0.30354,5,negative_training,CR,phq_8,PHQ8,cross-corpus-882
MinMaxScaler,KNN,0.16454000000000002,0.2529144282163436,5.10844,1.4323141128956316,6.03866,0.17826000000000003,0.31409865170038537,-0.24718,5,negative_training,CR,phq_8,PHQ8,cross-corpus-882
MinMaxScaler,GB,0.15733999999999998,0.21872177074996443,5.29404,1.2673888365454384,6.33396,0.17314000000000002,0.24254721808340743,-0.33977999999999997,5,negative_training,CR,phq_8,PHQ8,cross-corpus-882
RobustScaler,CatBoost,0.13730000000000003,0.22605761433758428,4.9199600000000006,1.42142752295008,5.8924,0.15324,0.2596387644401352,-0.16328,5,negative_training,CR,phq_8,PHQ8,cross-corpus-882
StandardScaler,GB,0.133,0.16869261987413675,5.4518,1.1643185882738454,6.50714,0.14318,0.17393059535343403,-0.43410000000000004,5,negative_training,CR,phq_8,PHQ8,cross-corpus-882
MinMaxScaler,LGBM,0.13135999999999998,0.24436573614154664,4.926019999999999,1.4389865781166968,5.9049,0.14550000000000002,0.293830708061632,-0.13768000000000002,5,negative_training,CR,phq_8,PHQ8,cross-corpus-882
MinMaxScaler,MLP,0.12101999999999999,0.19419304055501063,6.9154,5.791874267022723,9.9647,0.17709999999999998,0.25835128217216186,-3.2989399999999995,5,negative_training,CR,phq_8,PHQ8,cross-corpus-882
RobustScaler,XGB,0.11991999999999998,0.344309667305465,5.33128,1.8505592754624212,6.446540000000001,0.11120000000000001,0.3841613593270411,-0.38196,5,negative_training,CR,phq_8,PHQ8,cross-corpus-882
StandardScaler,LGBM,0.11366000000000001,0.16888039554667084,5.00592,1.5071591710897694,5.912639999999999,0.14382,0.21857582665976583,-0.15482,5,negative_training,CR,phq_8,PHQ8,cross-corpus-882
MinMaxScaler,CatBoost,0.11134000000000002,0.22852664614875876,4.95382,1.4099605710799152,6.127759999999999,0.11272000000000001,0.24582069074835827,-0.2618,5,negative_training,CR,phq_8,PHQ8,cross-corpus-882
StandardScaler,ET,0.10541999999999999,0.23570965614501244,5.02682,1.551409951302363,6.04284,0.10082000000000002,0.26878954964804713,-0.23855999999999997,5,negative_training,CR,phq_8,PHQ8,cross-corpus-882
MinMaxScaler,RF,0.10101999999999997,0.19337073718636955,4.9433,1.296750752843429,5.97086,0.12201999999999999,0.23667783377409893,-0.20438,5,negative_training,CR,phq_8,PHQ8,cross-corpus-882
MinMaxScaler,ElasticNet,0.09396,0.24671757740379993,6.3884799999999995,4.217873514817626,8.5795,0.14514,0.29388706674503384,-1.7950399999999997,5,negative_training,CR,phq_8,PHQ8,cross-corpus-882
RobustScaler,RF,0.09082,0.21011958975783293,4.99234,1.661154077140348,5.94848,0.11322000000000002,0.28100528820646775,-0.17706000000000002,5,negative_training,CR,phq_8,PHQ8,cross-corpus-882
MinMaxScaler,Lasso,0.09064,0.23081661118732336,5.51522,2.33291306889048,6.66836,0.12596000000000002,0.28586043447808585,-0.5081800000000001,5,negative_training,CR,phq_8,PHQ8,cross-corpus-882
MinMaxScaler,Ridge,0.08778,0.22824030538009715,6.27164,3.8625137841825237,8.25462,0.13693999999999998,0.29294587042660286,-1.53108,5,negative_training,CR,phq_8,PHQ8,cross-corpus-882
RobustScaler,LGBM,0.08131999999999999,0.15943958730503538,5.18462,1.298638289517139,6.08936,0.09124,0.2006268252253422,-0.25012,5,negative_training,CR,phq_8,PHQ8,cross-corpus-882
StandardScaler,CatBoost,0.07948000000000001,0.22271007386285874,5.11844,1.4013617298898955,6.185,0.0822,0.26391270336988326,-0.32338000000000006,5,negative_training,CR,phq_8,PHQ8,cross-corpus-882
StandardScaler,KNN,0.07537999999999999,0.19673781283728858,5.17594,1.2542599024923027,6.25202,0.0799,0.24319761511988558,-0.34782,5,negative_training,CR,phq_8,PHQ8,cross-corpus-882
RobustScaler,ET,0.07168,0.28043443440490684,5.1571,1.6150901398993185,6.148580000000001,0.05294000000000001,0.32649203359347073,-0.2646,5,negative_training,CR,phq_8,PHQ8,cross-corpus-882
MinMaxScaler,ET,0.06984,0.23877586352058283,4.88544,1.2617871365646427,6.13818,0.06117999999999999,0.2987500410041813,-0.28046000000000004,5,negative_training,CR,phq_8,PHQ8,cross-corpus-882
RobustScaler,KNN,0.05442,0.22886470238986176,5.19446,1.3620177634671287,6.16568,0.05131999999999999,0.266412475308496,-0.32602,5,negative_training,CR,phq_8,PHQ8,cross-corpus-882
StandardScaler,RF,0.0494,0.21338118473754894,5.07524,1.6032761717807695,6.0491399999999995,0.05855999999999999,0.29267010950898287,-0.22967999999999997,5,negative_training,CR,phq_8,PHQ8,cross-corpus-882
StandardScaler,SVR,0.04102,0.2002895329267109,5.21034,1.4477292851220493,6.10278,0.0391,0.3236353735301504,-0.26852000000000004,5,negative_training,CR,phq_8,PHQ8,cross-corpus-882
StandardScaler,XGB,0.029740000000000006,0.2540272977457344,5.6947600000000005,1.4165803111719437,6.805719999999999,0.019320000000000004,0.28993251283703936,-0.623,5,negative_training,CR,phq_8,PHQ8,cross-corpus-882
RobustScaler,Ridge,0.02732,0.23268995895826705,5.04512,1.3212081826873463,5.962560000000001,0.016119999999999995,0.2898231650506909,-0.21461999999999998,5,negative_training,CR,phq_8,PHQ8,cross-corpus-882
StandardScaler,Ridge,0.0273,0.24417580756495924,5.05184,1.2960563811038468,6.00564,0.051359999999999996,0.30552275365347176,-0.24618,5,negative_training,CR,phq_8,PHQ8,cross-corpus-882
RobustScaler,SVR,0.02644000000000001,0.2526562348330237,5.05456,1.79317155146963,5.96522,0.05052000000000001,0.42583242830954054,-0.1767,5,negative_training,CR,phq_8,PHQ8,cross-corpus-882
StandardScaler,MLP,0.02072,0.2608796599967119,5.81654,1.6916910424187979,7.07042,0.01794,0.2938521618093017,-0.7191000000000001,5,negative_training,CR,phq_8,PHQ8,cross-corpus-882
MinMaxScaler,SVR,0.010660000000000003,0.24067492183441133,5.3814400000000004,1.3310177865077535,6.32656,0.00028000000000000247,0.2762926654835412,-0.35466000000000003,5,negative_training,CR,phq_8,PHQ8,cross-corpus-882
StandardScaler,ElasticNet,0.003020000000000006,0.2040051764049138,5.18226,1.3370585843559735,6.1051400000000005,0.050119999999999984,0.30786483560159966,-0.29013999999999995,5,negative_training,CR,phq_8,PHQ8,cross-corpus-882
RobustScaler,Lasso,0.002780000000000002,0.19227947628387176,5.10292,1.2571352461052072,6.04892,0.046960000000000016,0.3016374363370701,-0.26020000000000004,5,negative_training,CR,phq_8,PHQ8,cross-corpus-882
RobustScaler,MLP,-0.004600000000000007,0.2720819729419794,5.659320000000001,1.71570900417291,6.6594999999999995,-0.025199999999999993,0.3087869896870657,-0.50166,5,negative_training,CR,phq_8,PHQ8,cross-corpus-882
StandardScaler,Lasso,-0.005920000000000011,0.19673095079320896,5.22218,1.3300136153438429,6.148840000000001,0.04176,0.300663221894531,-0.31100000000000005,5,negative_training,CR,phq_8,PHQ8,cross-corpus-882
RobustScaler,ElasticNet,-0.008799999999999997,0.20052931207182656,5.17324,1.3526418069836526,6.077039999999999,-0.00881999999999999,0.3131890515327763,-0.26,5,negative_training,CR,phq_8,PHQ8,cross-corpus-882
MinMaxScaler,XGB,0.19918,0.2533381968831388,5.71034,1.0197711841388735,7.38658,0.24131999999999998,0.2897517247575931,-0.21273999999999998,5,negative_training,CR,phq_9,PHQ9,cross-corpus-882
MinMaxScaler,CatBoost,0.17309999999999998,0.23962220264407888,5.64686,1.338468809124815,7.05694,0.19836,0.3068723073201621,-0.10735999999999998,5,negative_training,CR,phq_9,PHQ9,cross-corpus-882
StandardScaler,XGB,0.17294,0.17250509557691335,5.85942,0.64361121183522,7.4233,0.21181999999999998,0.18721803331944278,-0.24585999999999997,5,negative_training,CR,phq_9,PHQ9,cross-corpus-882
MinMaxScaler,GB,0.1575,0.29373429319710015,5.902500000000001,1.266620181822475,7.649760000000001,0.15667999999999999,0.32974733812420687,-0.31806,5,negative_training,CR,phq_9,PHQ9,cross-corpus-882
StandardScaler,CatBoost,0.14506000000000002,0.21584993166549765,5.64872,1.07709280797896,6.939840000000001,0.16360000000000002,0.2674373291072134,-0.07876,5,negative_training,CR,phq_9,PHQ9,cross-corpus-882
RobustScaler,XGB,0.13704,0.28238018344069404,5.8835999999999995,1.2503000599856022,7.3759999999999994,0.149,0.3058222114235655,-0.22228000000000003,5,negative_training,CR,phq_9,PHQ9,cross-corpus-882
MinMaxScaler,ET,0.13564,0.24404807518191982,5.6833,1.29451423321646,6.9119399999999995,0.146,0.38718143679675554,-0.06785999999999999,5,negative_training,CR,phq_9,PHQ9,cross-corpus-882
StandardScaler,ET,0.12986,0.2348624767816264,5.73468,1.078359444712198,6.80174,0.15304,0.34074725677545814,-0.03499999999999998,5,negative_training,CR,phq_9,PHQ9,cross-corpus-882
StandardScaler,Lasso,0.12610000000000002,0.2583685836165071,6.40124,0.8708856543771979,7.452720000000001,0.18326,0.361705547372445,-0.28789999999999993,5,negative_training,CR,phq_9,PHQ9,cross-corpus-882
MinMaxScaler,RF,0.12586,0.23378178500473473,5.64898,1.2330485602765204,6.9629199999999996,0.1518,0.32803499813282117,-0.07833999999999999,5,negative_training,CR,phq_9,PHQ9,cross-corpus-882
StandardScaler,Ridge,0.11693999999999997,0.2614639803108642,6.458419999999999,1.3834216736049785,7.47406,0.18605999999999998,0.39761570391522516,-0.28018,5,negative_training,CR,phq_9,PHQ9,cross-corpus-882
StandardScaler,RF,0.11666000000000001,0.1981559184077024,5.712999999999999,0.9499417166331836,6.8151399999999995,0.15417999999999998,0.27664401674353994,-0.033639999999999996,5,negative_training,CR,phq_9,PHQ9,cross-corpus-882
RobustScaler,ET,0.11538,0.2825053928688796,5.83094,1.1871750136353105,6.92684,0.12732,0.3821716656163824,-0.07626,5,negative_training,CR,phq_9,PHQ9,cross-corpus-882
RobustScaler,RF,0.11504,0.2413804320983787,5.786320000000001,1.1569941884037274,6.9099,0.1501,0.3455305485771121,-0.06514,5,negative_training,CR,phq_9,PHQ9,cross-corpus-882
RobustScaler,SVR,0.11374,0.3831519059067826,5.8172,1.5861506879864846,7.18976,0.09479999999999998,0.5181761862532858,-0.16884000000000002,5,negative_training,CR,phq_9,PHQ9,cross-corpus-882
StandardScaler,ElasticNet,0.11354,0.26869543725191913,6.82012,1.848832606538515,8.19902,0.16934,0.38402068043270793,-0.55738,5,negative_training,CR,phq_9,PHQ9,cross-corpus-882
RobustScaler,CatBoost,0.1069,0.3103958762612673,5.918080000000001,1.5492117195528827,7.045260000000001,0.10694000000000001,0.4019624024706788,-0.11303999999999999,5,negative_training,CR,phq_9,PHQ9,cross-corpus-882
StandardScaler,SVR,0.10476,0.4120162411847378,5.811840000000001,1.5187424511746555,7.202979999999999,0.05850000000000002,0.5340745968495412,-0.19178,5,negative_training,CR,phq_9,PHQ9,cross-corpus-882
StandardScaler,GB,0.10447999999999999,0.26056648287913015,5.99758,1.0496816526928534,7.476260000000001,0.12530000000000002,0.2996231549797178,-0.28009999999999996,5,negative_training,CR,phq_9,PHQ9,cross-corpus-882
MinMaxScaler,KNN,0.09922,0.3079562907297073,6.094119999999999,1.5227676618578427,7.4881,0.10382,0.39126201834576274,-0.29262000000000005,5,negative_training,CR,phq_9,PHQ9,cross-corpus-882
RobustScaler,KNN,0.09046,0.277812946062634,6.10316,0.9364772010038473,7.467960000000001,0.05156000000000001,0.39871398646147344,-0.25204,5,negative_training,CR,phq_9,PHQ9,cross-corpus-882
MinMaxScaler,LGBM,0.08602000000000001,0.24459545580406844,5.9636,1.4049853718099703,7.123859999999999,0.10578000000000001,0.35785379277017587,-0.13,5,negative_training,CR,phq_9,PHQ9,cross-corpus-882
MinMaxScaler,SVR,0.08552,0.3163757054516039,6.085940000000001,1.2031195609747187,7.549119999999999,0.054720000000000026,0.4478373722681036,-0.28768,5,negative_training,CR,phq_9,PHQ9,cross-corpus-882
MinMaxScaler,Lasso,0.08468,0.27820624903118196,6.272679999999999,1.3366593646101463,7.425739999999999,0.09400000000000001,0.4417188076140747,-0.25802,5,negative_training,CR,phq_9,PHQ9,cross-corpus-882
MinMaxScaler,MLP,0.08144,0.3263220387899046,6.27878,1.4793968000506157,7.437340000000001,0.04189999999999999,0.49734385489317146,-0.2665,5,negative_training,CR,phq_9,PHQ9,cross-corpus-882
RobustScaler,GB,0.08115999999999998,0.3087582193237939,6.27572,1.2093160699337462,7.65548,0.07295999999999998,0.32543468315470003,-0.3218,5,negative_training,CR,phq_9,PHQ9,cross-corpus-882
StandardScaler,MLP,0.07984,0.3853482749409941,6.4801400000000005,1.7075333021642651,7.88852,0.04206,0.5227794401083501,-0.42921999999999993,5,negative_training,CR,phq_9,PHQ9,cross-corpus-882
StandardScaler,LGBM,0.07608000000000001,0.16395936081846624,6.119580000000001,0.9381464635119614,7.091880000000001,0.0773,0.3162063171411982,-0.11833999999999997,5,negative_training,CR,phq_9,PHQ9,cross-corpus-882
StandardScaler,KNN,0.07356,0.391276645099091,5.792859999999999,1.4819215711366103,7.105019999999999,0.060919999999999974,0.5361681751092655,-0.1676,5,negative_training,CR,phq_9,PHQ9,cross-corpus-882
RobustScaler,ElasticNet,0.06464,0.39008675701694867,6.59322,1.7216831465168032,7.871,0.018879999999999987,0.5264697968544824,-0.46054000000000006,5,negative_training,CR,phq_9,PHQ9,cross-corpus-882
RobustScaler,MLP,0.05927999999999998,0.39664188760139796,6.931479999999999,1.6801404069303252,8.43536,0.018499999999999996,0.48586910274270373,-0.62206,5,negative_training,CR,phq_9,PHQ9,cross-corpus-882
RobustScaler,Ridge,0.05558,0.40675727651758126,6.7942800000000005,2.461375412650415,8.74134,0.035699999999999996,0.49988848756497684,-0.8224199999999999,5,negative_training,CR,phq_9,PHQ9,cross-corpus-882
MinMaxScaler,ElasticNet,0.05524,0.3172961755206009,6.4820400000000005,1.6354986802195834,7.636799999999999,0.03315999999999999,0.475891660990188,-0.32258,5,negative_training,CR,phq_9,PHQ9,cross-corpus-882
RobustScaler,LGBM,0.05234000000000001,0.25814047144917046,6.18964,1.3241544294378962,7.22486,0.03864000000000001,0.3914966960269269,-0.16640000000000002,5,negative_training,CR,phq_9,PHQ9,cross-corpus-882
RobustScaler,Lasso,0.04029999999999999,0.3981585927742864,6.91952,1.9225953648649003,8.31024,-0.0017400000000000083,0.4857578645786396,-0.62622,5,negative_training,CR,phq_9,PHQ9,cross-corpus-882
MinMaxScaler,Ridge,0.03303999999999999,0.3521396214571714,6.65458,2.2061218749198783,7.89178,0.023340000000000007,0.49350623400317856,-0.41406,5,negative_training,CR,phq_9,PHQ9,cross-corpus-882
RobustScaler,RF,0.17794,0.155596956911117,10.57832,1.917727474642839,12.25848,0.27454,0.28609412437168297,-0.03502000000000001,5,negative_training,CR,ads.1,CES-D,cross-corpus-882
StandardScaler,RF,0.15656,0.14675949032345406,10.44948,1.6949632243798094,12.39688,0.24546,0.23412834727986276,-0.058120000000000005,5,negative_training,CR,ads.1,CES-D,cross-corpus-882
StandardScaler,CatBoost,0.14958,0.1631956249413568,10.46558,1.6418972218138383,12.60966,0.23734000000000002,0.2538123381555751,-0.10615999999999999,5,negative_training,CR,ads.1,CES-D,cross-corpus-882
StandardScaler,LGBM,0.14934,0.21241639061051762,10.901500000000002,2.3647509097154398,12.90812,0.19549999999999998,0.26502983794282486,-0.16702,5,negative_training,CR,ads.1,CES-D,cross-corpus-882
StandardScaler,Ridge,0.14742,0.1971698810670636,13.834959999999999,7.756091864657097,18.972,0.22588,0.2996468037540197,-1.68676,5,negative_training,CR,ads.1,CES-D,cross-corpus-882
RobustScaler,ET,0.14718,0.20800857434250156,10.813880000000001,1.8999408851330082,12.396759999999999,0.2242,0.3246880271891774,-0.07387999999999999,5,negative_training,CR,ads.1,CES-D,cross-corpus-882
StandardScaler,Lasso,0.13972,0.1925889197228127,12.462579999999999,4.970858372253227,15.655360000000002,0.24284,0.31673164193051506,-0.70278,5,negative_training,CR,ads.1,CES-D,cross-corpus-882
StandardScaler,ElasticNet,0.13449999999999998,0.18406866925145082,12.317139999999998,4.840491418544197,15.29134,0.24359999999999998,0.31530011100537214,-0.6154,5,negative_training,CR,ads.1,CES-D,cross-corpus-882
StandardScaler,ET,0.13084,0.19004455530217118,10.597620000000001,1.5839225634480998,12.58356,0.19254,0.27076348165880865,-0.09988,5,negative_training,CR,ads.1,CES-D,cross-corpus-882
RobustScaler,GB,0.12788,0.2252233935451644,11.69774,0.7709409854197657,13.43426,0.22536,0.3507246113405787,-0.33693999999999996,5,negative_training,CR,ads.1,CES-D,cross-corpus-882
RobustScaler,LGBM,0.12584,0.1851624232937126,10.73634,2.450987516900075,12.8764,0.20274,0.27798561653438114,-0.15882000000000002,5,negative_training,CR,ads.1,CES-D,cross-corpus-882
StandardScaler,GB,0.11882000000000001,0.1785330697658,11.66884,0.8315360322920466,13.91004,0.20476,0.2641990499604418,-0.4436000000000001,5,negative_training,CR,ads.1,CES-D,cross-corpus-882
StandardScaler,XGB,0.1186,0.11251215489892638,11.51642,0.9522252028800747,13.593,0.16872,0.18649099710173678,-0.3014,5,negative_training,CR,ads.1,CES-D,cross-corpus-882
RobustScaler,KNN,0.11088,0.1850610358773559,11.021,2.582594109611497,12.900540000000001,0.18464000000000003,0.34967676931703656,-0.11522000000000002,5,negative_training,CR,ads.1,CES-D,cross-corpus-882
RobustScaler,CatBoost,0.10985999999999999,0.16503835311829793,11.08596,1.5028441712300054,12.95924,0.17432,0.2579863310332546,-0.16466,5,negative_training,CR,ads.1,CES-D,cross-corpus-882
StandardScaler,MLP,0.059699999999999996,0.2418293923409642,21.51336,20.62947767281082,36.12408,0.12694,0.3057375721104621,-12.47184,5,negative_training,CR,ads.1,CES-D,cross-corpus-882
RobustScaler,MLP,0.05794000000000001,0.31200417945918607,12.429319999999999,2.9877727150839304,14.174460000000002,0.06464,0.49730110898730157,-0.5408,5,negative_training,CR,ads.1,CES-D,cross-corpus-882
RobustScaler,ElasticNet,0.05716000000000001,0.18185661384728352,11.31884,2.237961103996224,13.109559999999998,0.12016,0.34373714957798784,-0.2347,5,negative_training,CR,ads.1,CES-D,cross-corpus-882
MinMaxScaler,GB,0.05506,0.17741116932143816,12.16748,1.9603662558307824,14.1204,0.07872000000000001,0.2466818842152784,-0.40512,5,negative_training,CR,ads.1,CES-D,cross-corpus-882
RobustScaler,XGB,0.0546,0.2099702121730604,11.76346,0.9996593034629347,13.94204,0.08138,0.287283696021894,-0.36722,5,negative_training,CR,ads.1,CES-D,cross-corpus-882
MinMaxScaler,RF,0.052860000000000004,0.1771153663576371,11.07204,2.144583053416211,12.919059999999998,0.10312000000000002,0.35220248011619676,-0.14587999999999998,5,negative_training,CR,ads.1,CES-D,cross-corpus-882
MinMaxScaler,XGB,0.052160000000000005,0.22703650147057852,11.85522,1.4764318328321158,13.971440000000001,0.06676,0.323414676537723,-0.36107999999999996,5,negative_training,CR,ads.1,CES-D,cross-corpus-882
MinMaxScaler,CatBoost,0.05038,0.17115820751573674,11.0597,1.8083838309385543,13.0689,0.09528,0.29173299779078815,-0.18620000000000003,5,negative_training,CR,ads.1,CES-D,cross-corpus-882
StandardScaler,KNN,0.037819999999999986,0.16172889970564938,11.0755,2.463968702114538,13.321959999999999,0.0977,0.35753817977944674,-0.19285999999999998,5,negative_training,CR,ads.1,CES-D,cross-corpus-882
RobustScaler,Ridge,0.037559999999999996,0.18820817729312403,11.256879999999999,2.2097630624118954,13.18862,0.07133999999999999,0.32691230169573005,-0.2098,5,negative_training,CR,ads.1,CES-D,cross-corpus-882
RobustScaler,Lasso,0.036939999999999994,0.15136458634700523,11.092279999999999,1.9112585322242515,13.09396,0.05037499999999999,0.3018560735957895,-0.18562000000000003,5,negative_training,CR,ads.1,CES-D,cross-corpus-882
MinMaxScaler,Lasso,0.01882000000000001,0.35468314310099375,14.56766,6.6995088546101655,18.963420000000003,0.08502,0.4712092550024882,-1.5906600000000002,5,negative_training,CR,ads.1,CES-D,cross-corpus-882
MinMaxScaler,ElasticNet,0.01652,0.3350809111244626,14.708180000000002,7.238696840385014,19.2149,0.08410000000000001,0.46818941145651727,-1.7142399999999998,5,negative_training,CR,ads.1,CES-D,cross-corpus-882
StandardScaler,SVR,0.013880000000000003,0.13685714084402026,11.86634,2.887258875300238,13.620839999999998,0.17802,0.39620299342634957,-0.24770000000000003,5,negative_training,CR,ads.1,CES-D,cross-corpus-882
MinMaxScaler,Ridge,0.013600000000000011,0.33793723529673375,14.120280000000003,5.437631565029024,17.7806,0.08299999999999999,0.4681009880357015,-1.22906,5,negative_training,CR,ads.1,CES-D,cross-corpus-882
MinMaxScaler,ET,0.008579999999999996,0.24180164805062848,11.71058,2.3891552580357773,13.645480000000001,0.03449999999999998,0.36401080341110753,-0.29711999999999994,5,negative_training,CR,ads.1,CES-D,cross-corpus-882
MinMaxScaler,LGBM,-0.0014400000000000164,0.1909011995771635,11.622319999999998,2.0733515336285833,13.75188,0.02370000000000001,0.2647424408741447,-0.32530000000000003,5,negative_training,CR,ads.1,CES-D,cross-corpus-882
MinMaxScaler,MLP,-0.0026800000000000157,0.3231598474439546,14.34126,5.510213488423112,18.369,0.08318,0.47399689555945407,-1.37754,5,negative_training,CR,ads.1,CES-D,cross-corpus-882
RobustScaler,SVR,-0.024660000000000005,0.26269361050470946,11.923020000000001,3.1911998326648243,13.86312,0.09818,0.5134029333768946,-0.30328,5,negative_training,CR,ads.1,CES-D,cross-corpus-882
MinMaxScaler,KNN,-0.03372000000000001,0.2893760650088393,12.052600000000002,2.9332488182900534,13.856440000000001,-0.02938,0.38917630580496543,-0.32520000000000004,5,negative_training,CR,ads.1,CES-D,cross-corpus-882
MinMaxScaler,SVR,-0.05448000000000001,0.2577639947704101,11.99484,1.7181761938171531,14.05892,-0.005520000000000002,0.4123324229308193,-0.45702,5,negative_training,CR,ads.1,CES-D,cross-corpus-882
RobustScaler,CatBoost,0.15678000000000003,0.2571611109790903,4.6636999999999995,0.4954223854449856,5.54422,0.19816000000000003,0.3197801948213804,-0.39177999999999996,5,negative_training,CR,HRSD_6.1,HRSD6,cross-corpus-882
StandardScaler,XGB,0.15486,0.3966878281470204,4.896039999999999,0.9092958198518241,5.73782,0.16442,0.4372694501105697,-0.5395800000000001,5,negative_training,CR,HRSD_6.1,HRSD6,cross-corpus-882
MinMaxScaler,GB,0.1475,0.27844246263815436,4.79046,0.752134511241174,5.88078,0.16308000000000003,0.3018443837476523,-0.5343,5,negative_training,CR,HRSD_6.1,HRSD6,cross-corpus-882
StandardScaler,CatBoost,0.14466,0.22877688475892838,4.69816,0.4765887619321294,5.500360000000001,0.19722,0.2894549740460509,-0.36348,5,negative_training,CR,HRSD_6.1,HRSD6,cross-corpus-882
StandardScaler,ET,0.13796,0.2691248836506948,4.471,0.5913043040601006,5.29012,0.193,0.3427910806890984,-0.23322000000000004,5,negative_training,CR,HRSD_6.1,HRSD6,cross-corpus-882
RobustScaler,XGB,0.1268,0.33302725864409355,5.00472,0.7910937030466115,6.10746,0.13811999999999997,0.3645533596059704,-0.7165799999999999,5,negative_training,CR,HRSD_6.1,HRSD6,cross-corpus-882
MinMaxScaler,CatBoost,0.12657999999999997,0.19471198473643062,4.81852,0.7143634138168049,5.60212,0.18844000000000002,0.2885193373068779,-0.37576,5,negative_training,CR,HRSD_6.1,HRSD6,cross-corpus-882
StandardScaler,MLP,0.12476000000000001,0.30719717283855336,5.09018,1.0720855502244215,5.8102800000000006,0.15688,0.351743154872984,-0.51448,5,negative_training,CR,HRSD_6.1,HRSD6,cross-corpus-882
RobustScaler,GB,0.12058000000000002,0.36884257075343135,4.86682,0.8381050572571435,6.03388,0.12087999999999999,0.4034292217973309,-0.70408,5,negative_training,CR,HRSD_6.1,HRSD6,cross-corpus-882
StandardScaler,RF,0.11714,0.25595005958194267,4.54506,0.7196695859906822,5.36862,0.17035999999999998,0.3366997000295664,-0.27366,5,negative_training,CR,HRSD_6.1,HRSD6,cross-corpus-882
StandardScaler,GB,0.10698,0.393659106334402,4.79474,0.9305673769265715,5.85766,0.11294,0.4332519797992849,-0.60044,5,negative_training,CR,HRSD_6.1,HRSD6,cross-corpus-882
StandardScaler,Lasso,0.10036,0.23846501420543853,4.74582,0.8754859005146798,5.41884,0.13795999999999997,0.3121874565065035,-0.30012,5,negative_training,CR,HRSD_6.1,HRSD6,cross-corpus-882
StandardScaler,ElasticNet,0.09711999999999998,0.2390174617052068,4.76134,0.8689602769977463,5.43514,0.14432,0.31037294824130535,-0.30216000000000004,5,negative_training,CR,HRSD_6.1,HRSD6,cross-corpus-882
StandardScaler,KNN,0.0951,0.2357948048621937,4.7965,0.7608744213074848,5.616899999999999,0.14531999999999998,0.3027908139293529,-0.32686000000000004,5,negative_training,CR,HRSD_6.1,HRSD6,cross-corpus-882
RobustScaler,ET,0.09446000000000002,0.23035371279838318,4.62596,0.4342091063070877,5.495220000000001,0.15674,0.3146236688489917,-0.3421,5,negative_training,CR,HRSD_6.1,HRSD6,cross-corpus-882
StandardScaler,Ridge,0.08936,0.2200473426333524,4.70636,0.8331506124345106,5.3848199999999995,0.14143999999999998,0.30124423313982296,-0.26712,5,negative_training,CR,HRSD_6.1,HRSD6,cross-corpus-882
MinMaxScaler,RF,0.06772,0.23065876744663316,4.7696,0.7347151386762082,5.53912,0.12464,0.33401430807676485,-0.33443999999999996,5,negative_training,CR,HRSD_6.1,HRSD6,cross-corpus-882
RobustScaler,Lasso,0.0668,0.11691815513426475,4.9718599999999995,0.6760690593423129,5.793099999999999,0.13995000000000002,0.20988349943083504,-0.50004,5,negative_training,CR,HRSD_6.1,HRSD6,cross-corpus-882
MinMaxScaler,XGB,0.06532000000000002,0.29905802447016866,5.1964,1.0925694646108322,6.1448,0.08659999999999998,0.3541807236426059,-0.6915,5,negative_training,CR,HRSD_6.1,HRSD6,cross-corpus-882
StandardScaler,LGBM,0.05,0.3464040920658992,4.768420000000001,0.8667333367305081,5.6091999999999995,0.1323,0.4807303558129027,-0.42883999999999994,5,negative_training,CR,HRSD_6.1,HRSD6,cross-corpus-882
RobustScaler,ElasticNet,0.04583999999999999,0.12806522947310875,5.08318,0.5433306056168746,5.87646,0.0796,0.21764948885765847,-0.5319200000000001,5,negative_training,CR,HRSD_6.1,HRSD6,cross-corpus-882
RobustScaler,RF,0.04227999999999999,0.2443360534182379,4.75312,0.5208178347560692,5.632,0.08887999999999999,0.33453303573787746,-0.40374,5,negative_training,CR,HRSD_6.1,HRSD6,cross-corpus-882
RobustScaler,Ridge,0.041479999999999996,0.11353478321642228,5.112679999999999,0.5965345228903348,5.89276,0.07531999999999998,0.20041396408434217,-0.54242,5,negative_training,CR,HRSD_6.1,HRSD6,cross-corpus-882
MinMaxScaler,ET,0.0367,0.22763186288391174,4.95236,0.6455498183719054,5.7197000000000005,0.07329999999999999,0.3257537950661511,-0.42986,5,negative_training,CR,HRSD_6.1,HRSD6,cross-corpus-882
RobustScaler,MLP,0.02322,0.15090585475719623,5.3565000000000005,0.28744652546169347,6.23082,0.04435999999999999,0.19919287888877954,-0.69782,5,negative_training,CR,HRSD_6.1,HRSD6,cross-corpus-882
MinMaxScaler,LGBM,0.01087999999999999,0.2552600771762008,4.88404,0.6734876004797716,5.74272,0.04352000000000002,0.35487251513747864,-0.44898,5,negative_training,CR,HRSD_6.1,HRSD6,cross-corpus-882
RobustScaler,KNN,0.009599999999999997,0.16907334207378763,4.9131,0.3776828894721071,5.86894,0.05896000000000001,0.26526975515501194,-0.48199999999999993,5,negative_training,CR,HRSD_6.1,HRSD6,cross-corpus-882
MinMaxScaler,ElasticNet,-0.002159999999999998,0.10237564651810507,259.78713999999997,569.9647009383852,887.34406,0.06124,0.20668092074499766,-89326.2724,5,negative_training,CR,HRSD_6.1,HRSD6,cross-corpus-882
MinMaxScaler,MLP,-0.004459999999999994,0.13096697293592763,219.19782,478.76976918974015,746.29574,0.058640000000000005,0.22910051942324355,-63038.13130000001,5,negative_training,CR,HRSD_6.1,HRSD6,cross-corpus-882
MinMaxScaler,Ridge,-0.009099999999999997,0.09172227101418717,263.57327999999995,578.3870092288138,900.4123999999999,0.05824,0.20062952923236402,-91983.03855999999,5,negative_training,CR,HRSD_6.1,HRSD6,cross-corpus-882
MinMaxScaler,Lasso,-0.012439999999999998,0.09906660890532189,259.7875,569.6190226058422,887.03322,0.0553,0.2044767590705604,-89237.13547999998,5,negative_training,CR,HRSD_6.1,HRSD6,cross-corpus-882
StandardScaler,SVR,-0.02310000000000001,0.20464647565985591,5.19686,0.4616844246885529,6.0224400000000005,0.02772,0.283721865565557,-0.5866199999999999,5,negative_training,CR,HRSD_6.1,HRSD6,cross-corpus-882
MinMaxScaler,KNN,-0.029480000000000006,0.19692505427192344,5.2287799999999995,0.5359047975153794,6.0378799999999995,-0.012740000000000001,0.282220043583017,-0.59112,5,negative_training,CR,HRSD_6.1,HRSD6,cross-corpus-882
MinMaxScaler,SVR,-0.038779999999999995,0.22810989018453365,5.41742,0.8926296807747321,6.3201600000000004,-0.04136000000000001,0.2496926670929685,-0.7062200000000001,5,negative_training,CR,HRSD_6.1,HRSD6,cross-corpus-882
RobustScaler,LGBM,-0.039540000000000006,0.31650449127934976,4.98638,0.633620921371762,5.97858,-0.02368,0.4003033125019077,-0.6147199999999999,5,negative_training,CR,HRSD_6.1,HRSD6,cross-corpus-882
RobustScaler,SVR,-0.043480000000000005,0.20401339906976698,5.19532,0.44396598067870013,6.183,0.012019999999999998,0.32634131978650815,-0.6883799999999999,5,negative_training,CR,HRSD_6.1,HRSD6,cross-corpus-882
RobustScaler,CatBoost,0.07524,0.2040313039707388,7.875839999999999,0.8770482329951982,9.46142,0.09236000000000003,0.23080626724593076,-0.35094000000000003,5,negative_training,CR,HRSD_17.1,HRSD17,cross-corpus-882
MinMaxScaler,XGB,0.0641,0.2132555040321351,8.705099999999998,1.6169679418590834,10.414940000000001,0.05821999999999998,0.23776485652846174,-0.63732,5,negative_training,CR,HRSD_17.1,HRSD17,cross-corpus-882
RobustScaler,RF,0.05112,0.2070375135090257,7.9791799999999995,0.9368398192860935,9.275780000000001,0.06478000000000002,0.24939140321991857,-0.30052,5,negative_training,CR,HRSD_17.1,HRSD17,cross-corpus-882
MinMaxScaler,CatBoost,0.046259999999999996,0.21474061795570953,8.40122,1.4850682987660875,9.98156,0.036520000000000004,0.2426657103918887,-0.47956000000000004,5,negative_training,CR,HRSD_17.1,HRSD17,cross-corpus-882
RobustScaler,GB,0.04272,0.24375415278513715,8.58288,1.2540084616939389,10.3536,0.031120000000000016,0.2668708807644626,-0.61416,5,negative_training,CR,HRSD_17.1,HRSD17,cross-corpus-882
RobustScaler,XGB,0.03321999999999999,0.174495550086528,8.63372,1.4750134734977849,10.414159999999999,0.027020000000000006,0.18982867802310588,-0.6179399999999999,5,negative_training,CR,HRSD_17.1,HRSD17,cross-corpus-882
RobustScaler,SVR,0.021659999999999995,0.3049559361612756,8.36694,1.474540108983136,10.014059999999999,0.0308,0.3658273704905088,-0.57988,5,negative_training,CR,HRSD_17.1,HRSD17,cross-corpus-882
RobustScaler,KNN,0.011099999999999999,0.2484545632505066,8.44188,1.2734964161708506,9.949120000000002,0.031820000000000015,0.285343612159095,-0.52688,5,negative_training,CR,HRSD_17.1,HRSD17,cross-corpus-882
MinMaxScaler,GB,0.007539999999999991,0.2711080006196792,8.419839999999999,1.3560250580280584,10.35042,-0.011600000000000004,0.30357226487279765,-0.59356,5,negative_training,CR,HRSD_17.1,HRSD17,cross-corpus-882
MinMaxScaler,RF,0.007519999999999999,0.17412374048359977,8.11416,1.1937725005209323,9.483659999999999,0.01566,0.22472514990539,-0.35354,5,negative_training,CR,HRSD_17.1,HRSD17,cross-corpus-882
RobustScaler,ET,-0.006640000000000002,0.19967683390919438,7.970699999999999,1.0892972459342767,9.50386,-0.0034999999999999975,0.2490386315413735,-0.36663999999999997,5,negative_training,CR,HRSD_17.1,HRSD17,cross-corpus-882
MinMaxScaler,ET,-0.006820000000000004,0.16559697159066647,8.20412,1.282752476902695,9.782840000000002,-0.010760000000000002,0.21034748156324573,-0.4334999999999999,5,negative_training,CR,HRSD_17.1,HRSD17,cross-corpus-882
MinMaxScaler,LGBM,-0.012940000000000007,0.1658731231996311,8.238560000000001,1.6515530972390808,9.77838,-1.9999999999997796e-05,0.2097614049342729,-0.42791999999999997,5,negative_training,CR,HRSD_17.1,HRSD17,cross-corpus-882
RobustScaler,LGBM,-0.020620000000000006,0.14693793587770312,8.383239999999999,0.9353468463623531,9.73364,-0.005740000000000006,0.1949487445458421,-0.44104,5,negative_training,CR,HRSD_17.1,HRSD17,cross-corpus-882
StandardScaler,Ridge,-0.026080000000000002,0.13810299417463764,325.25846,707.7908994902823,1103.2468800000001,0.03371999999999999,0.2505205121342362,-50528.97962,5,negative_training,CR,HRSD_17.1,HRSD17,cross-corpus-882
StandardScaler,ElasticNet,-0.029220000000000013,0.15465732119754305,275.58972,597.8204217881588,932.6055200000001,0.039520000000000007,0.2574615447013398,-36050.95109999999,5,negative_training,CR,HRSD_17.1,HRSD17,cross-corpus-882
RobustScaler,ElasticNet,-0.030320000000000003,0.1101416905626566,9.049240000000001,1.4930285757479653,10.351859999999999,-0.05656,0.13830006507590661,-0.71724,5,negative_training,CR,HRSD_17.1,HRSD17,cross-corpus-882
RobustScaler,Ridge,-0.032740000000000005,0.11645390933755725,20.102179999999997,26.067749120455336,47.87038,-0.11982000000000001,0.1994055214882477,-68.06638000000001,5,negative_training,CR,HRSD_17.1,HRSD17,cross-corpus-882
StandardScaler,Lasso,-0.0336,0.16714767422850968,308.72567999999995,671.91362168376,1046.5067199999999,0.0402,0.25713804658198675,-45473.96558,5,negative_training,CR,HRSD_17.1,HRSD17,cross-corpus-882
StandardScaler,RF,-0.03472000000000001,0.08468873596884063,8.29566,0.8312645264896124,9.69478,-0.04098,0.10255767645573878,-0.39712000000000003,5,negative_training,CR,HRSD_17.1,HRSD17,cross-corpus-882
MinMaxScaler,ElasticNet,-0.03806,0.19569416956056712,450.81416,988.9543529711788,1538.5009599999998,0.03438,0.27827528097191817,-98704.76340000001,5,negative_training,CR,HRSD_17.1,HRSD17,cross-corpus-882
MinMaxScaler,Ridge,-0.03907999999999999,0.18672540534164064,409.59556,896.8432720279909,1396.00314,0.03465999999999999,0.2732395341088108,-81186.54118,5,negative_training,CR,HRSD_17.1,HRSD17,cross-corpus-882
MinMaxScaler,MLP,-0.0431,0.2144581194545919,62.74835999999999,121.21057313055654,194.90975999999998,0.023860000000000003,0.3030775197866051,-1473.23724,5,negative_training,CR,HRSD_17.1,HRSD17,cross-corpus-882
MinMaxScaler,Lasso,-0.04790000000000001,0.1698433837392555,471.4185199999999,1034.5013806857905,1609.2555200000002,0.0215,0.26149313566516424,-108014.85325999997,5,negative_training,CR,HRSD_17.1,HRSD17,cross-corpus-882
StandardScaler,CatBoost,-0.0508,0.0931989002081033,8.28458,1.0916144154416432,9.825480000000002,-0.07266,0.12149346896026962,-0.42425999999999997,5,negative_training,CR,HRSD_17.1,HRSD17,cross-corpus-882
StandardScaler,MLP,-0.061380000000000004,0.14215221419309654,697.9367199999999,1538.0846792970754,2390.8734799999997,0.0005200000000000031,0.25667173003663646,-238932.24244,5,negative_training,CR,HRSD_17.1,HRSD17,cross-corpus-882
StandardScaler,ET,-0.062,0.12001135362956289,8.34938,0.7183767792739405,9.86798,-0.07046,0.14796044403826314,-0.4601800000000001,5,negative_training,CR,HRSD_17.1,HRSD17,cross-corpus-882
StandardScaler,KNN,-0.06983999999999999,0.07703114954354505,8.82132,1.1222320691372172,10.51142,-0.09537999999999999,0.10900379351196911,-0.64024,5,negative_training,CR,HRSD_17.1,HRSD17,cross-corpus-882
RobustScaler,MLP,-0.07244000000000002,0.16296936215129518,35.19212,52.78853671444209,97.49758,0.022480000000000003,0.31401935768356704,-300.4054,5,negative_training,CR,HRSD_17.1,HRSD17,cross-corpus-882
StandardScaler,XGB,-0.07754,0.1765658885515546,8.97136,1.1876711447197827,10.83194,-0.08762,0.18995260461494073,-0.74598,5,negative_training,CR,HRSD_17.1,HRSD17,cross-corpus-882
MinMaxScaler,KNN,-0.08138,0.2475114482200773,8.7434,1.0763566486067713,10.19648,-0.10368,0.277981504780444,-0.5799199999999999,5,negative_training,CR,HRSD_17.1,HRSD17,cross-corpus-882
StandardScaler,GB,-0.08209999999999999,0.2074702990791694,8.999780000000001,1.5053254389001733,10.91548,-0.09603999999999999,0.22104518316398572,-0.79436,5,negative_training,CR,HRSD_17.1,HRSD17,cross-corpus-882
RobustScaler,Lasso,-0.08832000000000002,0.173560384304714,8.836699999999999,1.7184165836606669,10.40464,-0.14987499999999998,0.22319858683841765,-0.6283,5,negative_training,CR,HRSD_17.1,HRSD17,cross-corpus-882
MinMaxScaler,SVR,-0.10390000000000002,0.17052589246211264,8.64966,1.2391735564480062,10.21438,-0.1262,0.22161054803415833,-0.58484,5,negative_training,CR,HRSD_17.1,HRSD17,cross-corpus-882
StandardScaler,LGBM,-0.11400000000000002,0.10021314783999154,8.67842,0.8716132381968504,10.08814,-0.14942,0.12626211625028308,-0.51458,5,negative_training,CR,HRSD_17.1,HRSD17,cross-corpus-882
StandardScaler,SVR,-0.13354,0.14197180353859004,9.12902,0.9375585299062678,10.80648,-0.18248000000000003,0.18360780756819686,-0.7646,5,negative_training,CR,HRSD_17.1,HRSD17,cross-corpus-882
RobustScaler,XGB,0.13038,0.20594284886832076,9.14948,1.5160193062754839,11.09188,0.14156,0.22234950640826706,-0.54828,5,negative_training,CR,HRSD_21.1,HRSD21,cross-corpus-882
MinMaxScaler,GB,0.09856000000000001,0.18744718722882986,9.10314,1.9758853883765628,11.21332,0.10415999999999999,0.19757589174795595,-0.55984,5,negative_training,CR,HRSD_21.1,HRSD21,cross-corpus-882
RobustScaler,GB,0.08947999999999999,0.2717670638616828,9.0823,1.7587481727069398,10.846,0.10068000000000002,0.2979583645410882,-0.5278400000000001,5,negative_training,CR,HRSD_21.1,HRSD21,cross-corpus-882
StandardScaler,XGB,0.08848,0.14322502225519115,8.873700000000001,0.6362123112609496,10.73532,0.09158,0.1631737172463752,-0.44794,5,negative_training,CR,HRSD_21.1,HRSD21,cross-corpus-882
StandardScaler,GB,0.08376,0.1315035855024493,9.001740000000002,0.9067199611787534,11.04244,0.08626,0.14199011585318186,-0.5457,5,negative_training,CR,HRSD_21.1,HRSD21,cross-corpus-882
RobustScaler,CatBoost,0.07244,0.18627566400364812,9.04528,1.2527375092173139,10.704399999999998,0.07891999999999999,0.20009571959439812,-0.42874,5,negative_training,CR,HRSD_21.1,HRSD21,cross-corpus-882
MinMaxScaler,CatBoost,0.05786,0.13261377379442904,8.94732,1.0155151953565245,10.53426,0.06992,0.16161207256885235,-0.39606,5,negative_training,CR,HRSD_21.1,HRSD21,cross-corpus-882
MinMaxScaler,XGB,0.053880000000000004,0.20393228533020466,9.3021,1.9922809465534728,11.22824,0.05848,0.21651657442329905,-0.5683,5,negative_training,CR,HRSD_21.1,HRSD21,cross-corpus-882
MinMaxScaler,RF,0.030440000000000005,0.1365897067864193,8.74792,0.925861921130791,10.13162,0.04845999999999999,0.19003107114364218,-0.29403999999999997,5,negative_training,CR,HRSD_21.1,HRSD21,cross-corpus-882
StandardScaler,CatBoost,0.027059999999999994,0.16124581544957997,8.7423,0.6448018455308577,10.563899999999999,0.0263,0.18012992533168942,-0.38308,5,negative_training,CR,HRSD_21.1,HRSD21,cross-corpus-882
StandardScaler,ET,0.021260000000000008,0.1899372080451853,8.48708,0.8478564571907197,10.151480000000001,0.03034,0.24134572297846923,-0.30422000000000005,5,negative_training,CR,HRSD_21.1,HRSD21,cross-corpus-882
StandardScaler,KNN,0.01792,0.246644555991005,9.031740000000001,1.0299660203132917,10.5238,0.019679999999999996,0.28024055202629045,-0.43792,5,negative_training,CR,HRSD_21.1,HRSD21,cross-corpus-882
RobustScaler,MLP,0.015960000000000002,0.1660091654096243,14.8867,11.339352981321287,27.79196,0.07725999999999998,0.2394336296346025,-13.20854,5,negative_training,CR,HRSD_21.1,HRSD21,cross-corpus-882
RobustScaler,RF,0.01222,0.1378477856187759,9.00684,1.2086373579366143,10.45306,0.018299999999999993,0.16445069169815005,-0.3513,5,negative_training,CR,HRSD_21.1,HRSD21,cross-corpus-882
MinMaxScaler,ET,0.008719999999999988,0.1789948239475097,8.83206,1.2161849604398176,10.5983,0.014119999999999994,0.21151923553190144,-0.41446000000000005,5,negative_training,CR,HRSD_21.1,HRSD21,cross-corpus-882
StandardScaler,RF,0.007120000000000001,0.1423697896324919,8.81972,0.5690048215964433,10.25772,0.019259999999999992,0.190118786551987,-0.32576,5,negative_training,CR,HRSD_21.1,HRSD21,cross-corpus-882
RobustScaler,ET,0.00010000000000000009,0.18025803726879974,8.99774,1.5405536660564598,10.56364,0.000259999999999988,0.21640512470826564,-0.392,5,negative_training,CR,HRSD_21.1,HRSD21,cross-corpus-882
RobustScaler,Ridge,-0.023320000000000004,0.153051533804794,23.363220000000002,31.33214876603582,56.39489999999999,-0.09501999999999998,0.23426031887624502,-86.33088000000001,5,negative_training,CR,HRSD_21.1,HRSD21,cross-corpus-882
MinMaxScaler,LGBM,-0.027400000000000008,0.19160880720885456,8.82748,1.5254419595645066,10.418040000000001,-0.02374000000000001,0.2614415097110633,-0.35225999999999996,5,negative_training,CR,HRSD_21.1,HRSD21,cross-corpus-882
RobustScaler,KNN,-0.03308,0.18833246400979306,9.10646,1.419926895301304,10.96882,-0.05266,0.22683406490207772,-0.49134,5,negative_training,CR,HRSD_21.1,HRSD21,cross-corpus-882
MinMaxScaler,ElasticNet,-0.03936,0.16494942558250997,429.01048000000003,938.1728684265588,1461.65298,0.031220000000000008,0.26536024005114256,-79692.96378,5,negative_training,CR,HRSD_21.1,HRSD21,cross-corpus-882
StandardScaler,SVR,-0.04046,0.16005042330465735,9.39948,0.7354579301360481,11.078280000000001,-0.027380000000000005,0.19459252811965824,-0.5784,5,negative_training,CR,HRSD_21.1,HRSD21,cross-corpus-882
RobustScaler,SVR,-0.04178,0.24561786783538367,9.295160000000001,1.7250445249326178,11.069059999999999,-0.0636,0.3215544432907124,-0.59804,5,negative_training,CR,HRSD_21.1,HRSD21,cross-corpus-882
StandardScaler,ElasticNet,-0.042379999999999994,0.16668625318243852,426.51632,932.3359561930382,1453.11014,0.036079999999999994,0.26034905799714353,-78719.28080000001,5,negative_training,CR,HRSD_21.1,HRSD21,cross-corpus-882
StandardScaler,Lasso,-0.04538000000000001,0.1760699349690344,417.76976,912.980261778905,1422.9944200000002,0.032859999999999986,0.26606620980500323,-75473.14572,5,negative_training,CR,HRSD_21.1,HRSD21,cross-corpus-882
StandardScaler,Ridge,-0.04748,0.1717556607509633,436.03176,953.5085809429866,1486.1876200000002,0.029539999999999993,0.2615743355147825,-82349.60532,5,negative_training,CR,HRSD_21.1,HRSD21,cross-corpus-882
MinMaxScaler,Ridge,-0.04990000000000001,0.1862909149690344,409.49733999999995,894.0818003288279,1393.5678,0.025700000000000008,0.2785995064604387,-72379.19284,5,negative_training,CR,HRSD_21.1,HRSD21,cross-corpus-882
RobustScaler,ElasticNet,-0.053200000000000004,0.17298161752047525,9.98556,2.366728284573453,11.48258,-0.09078,0.24022561686880942,-0.81254,5,negative_training,CR,HRSD_21.1,HRSD21,cross-corpus-882
StandardScaler,MLP,-0.05392,0.14703326834427644,980.1774200000002,2167.4915185239192,3369.0998999999997,0.015580000000000002,0.252396883895186,-425732.62567999994,5,negative_training,CR,HRSD_21.1,HRSD21,cross-corpus-882
MinMaxScaler,KNN,-0.05841999999999999,0.2790362198711845,9.429260000000001,1.1944686948597691,11.04684,-0.062419999999999996,0.31636111012575485,-0.59352,5,negative_training,CR,HRSD_21.1,HRSD21,cross-corpus-882
MinMaxScaler,MLP,-0.06566,0.14538224788467125,70.2132,135.2092768161268,218.59828000000002,0.0012200000000000045,0.2568062732878619,-1661.2588199999998,5,negative_training,CR,HRSD_21.1,HRSD21,cross-corpus-882
RobustScaler,Lasso,-0.06889999999999999,0.20835382165921507,9.99458,2.546889294217556,11.84942,-0.09485,0.2715578452803994,-0.9125399999999999,5,negative_training,CR,HRSD_21.1,HRSD21,cross-corpus-882
MinMaxScaler,Lasso,-0.0712,0.20545486122260528,420.1029200000001,918.034257233646,1430.64942,-0.0008199999999999999,0.3033721592368027,-76318.82444,5,negative_training,CR,HRSD_21.1,HRSD21,cross-corpus-882
RobustScaler,LGBM,-0.07487999999999999,0.26253144002195244,9.4886,1.374631070505828,11.07348,-0.10933999999999999,0.31464923009599116,-0.55776,5,negative_training,CR,HRSD_21.1,HRSD21,cross-corpus-882
StandardScaler,LGBM,-0.08692,0.19128253187366587,9.28696,0.8383369298796275,10.7726,-0.09490000000000001,0.2607108072174992,-0.46462000000000003,5,negative_training,CR,HRSD_21.1,HRSD21,cross-corpus-882
MinMaxScaler,SVR,-0.1048,0.22682394053538527,9.73198,1.4053108915823571,11.29412,-0.10382,0.2609924270932013,-0.66084,5,negative_training,CR,HRSD_21.1,HRSD21,cross-corpus-882
RobustScaler,XGB,0.18548,0.17555425657044035,10.55258,1.082070088765048,13.37088,0.19206,0.19262347468571944,-0.3816,5,negative_training,CR,HRSD_24.1,HRSD24,cross-corpus-882
RobustScaler,CatBoost,0.1511,0.20608231365160865,10.59488,1.3112153282356034,12.64656,0.15914,0.2174776034445846,-0.21896,5,negative_training,CR,HRSD_24.1,HRSD24,cross-corpus-882
StandardScaler,CatBoost,0.12378,0.22086988703759505,10.555480000000001,1.4604369335921359,12.98282,0.13384000000000001,0.25563012928839196,-0.29447999999999996,5,negative_training,CR,HRSD_24.1,HRSD24,cross-corpus-882
StandardScaler,ET,0.1119,0.23302951529795532,10.158840000000001,1.2551932472731047,12.43186,0.13626,0.29315614098974624,-0.20298,5,negative_training,CR,HRSD_24.1,HRSD24,cross-corpus-882
RobustScaler,ET,0.10904,0.1952957065580296,10.638020000000001,1.43935901081002,12.44546,0.13441999999999998,0.21453933671939976,-0.18768,5,negative_training,CR,HRSD_24.1,HRSD24,cross-corpus-882
RobustScaler,GB,0.10325999999999999,0.2192730443989867,11.211300000000001,1.1298686914858738,13.9195,0.10235999999999998,0.23309278839123274,-0.50346,5,negative_training,CR,HRSD_24.1,HRSD24,cross-corpus-882
StandardScaler,XGB,0.10148000000000001,0.26330542531440554,11.42064,2.2047786596391026,14.328899999999999,0.10024,0.2797352105116551,-0.5557000000000001,5,negative_training,CR,HRSD_24.1,HRSD24,cross-corpus-882
StandardScaler,KNN,0.09116,0.23648089351996282,10.49746,1.571538890069221,12.67564,0.11642,0.29888426188074874,-0.26305999999999996,5,negative_training,CR,HRSD_24.1,HRSD24,cross-corpus-882
StandardScaler,RF,0.07853999999999997,0.18388619578424042,10.35688,1.6118237146164591,12.541839999999999,0.11842,0.2433385337343841,-0.20644,5,negative_training,CR,HRSD_24.1,HRSD24,cross-corpus-882
StandardScaler,GB,0.07126000000000002,0.2566373569845201,11.433499999999999,1.5041133517790468,14.18732,0.06849999999999999,0.27989633795389324,-0.5656399999999999,5,negative_training,CR,HRSD_24.1,HRSD24,cross-corpus-882
RobustScaler,RF,0.06528,0.19225812596610836,10.76344,1.9754206521650015,12.70514,0.07296,0.22713908294258828,-0.21166000000000001,5,negative_training,CR,HRSD_24.1,HRSD24,cross-corpus-882
StandardScaler,ElasticNet,0.062040000000000005,0.23122711346206784,470.43772,1026.516691852016,1599.9069600000003,0.1439,0.2910772835519804,-52324.10704,5,negative_training,CR,HRSD_24.1,HRSD24,cross-corpus-882
RobustScaler,KNN,0.05800000000000001,0.22834073224022033,11.167599999999998,1.8892721587955508,12.7701,0.07918,0.2995413610839077,-0.26948,5,negative_training,CR,HRSD_24.1,HRSD24,cross-corpus-882
StandardScaler,Lasso,0.05761999999999999,0.19642813444107238,486.42012000000005,1060.7432511106952,1653.8849999999998,0.13551999999999997,0.26696001011387455,-55901.85380000002,5,negative_training,CR,HRSD_24.1,HRSD24,cross-corpus-882
StandardScaler,Ridge,0.042159999999999996,0.2217515907496494,532.7416999999999,1164.9718792143244,1814.9430399999997,0.13124,0.2947317305618789,-67414.52386,5,negative_training,CR,HRSD_24.1,HRSD24,cross-corpus-882
RobustScaler,SVR,0.02188,0.32704516049010723,11.23506,2.639131471336735,13.37868,0.02138,0.43113006390183456,-0.46622,5,negative_training,CR,HRSD_24.1,HRSD24,cross-corpus-882
StandardScaler,LGBM,0.01987999999999999,0.2504710502233741,10.993979999999999,2.0941413507688535,13.3012,0.05539999999999999,0.34923164232354437,-0.38436,5,negative_training,CR,HRSD_24.1,HRSD24,cross-corpus-882
RobustScaler,LGBM,0.016620000000000006,0.20866407692748645,11.1801,2.0599874926804778,13.41462,0.00926,0.25576811372804076,-0.39468,5,negative_training,CR,HRSD_24.1,HRSD24,cross-corpus-882
StandardScaler,SVR,-0.000660000000000005,0.2839412139862757,11.54544,1.837146251118838,13.79062,-0.004180000000000006,0.3389072764046237,-0.51176,5,negative_training,CR,HRSD_24.1,HRSD24,cross-corpus-882
RobustScaler,Lasso,-0.010859999999999991,0.1999477756815514,13.29402,3.130827728732451,15.25992,-0.03748000000000001,0.25208061607350934,-0.8969400000000001,5,negative_training,CR,HRSD_24.1,HRSD24,cross-corpus-882
StandardScaler,MLP,-0.018679999999999995,0.29986500629449914,1253.64566,2774.4152682387694,4310.44274,0.04844,0.3610529919554746,-382661.76618000004,5,negative_training,CR,HRSD_24.1,HRSD24,cross-corpus-882
MinMaxScaler,CatBoost,-0.023820000000000008,0.15257380836827794,12.145779999999998,1.5762268244132884,14.052760000000001,-0.0377,0.18546800263118163,-0.49951999999999996,5,negative_training,CR,HRSD_24.1,HRSD24,cross-corpus-882
MinMaxScaler,XGB,-0.030279999999999994,0.2430014855921667,13.047360000000001,2.5364832944452838,15.2928,-0.03180000000000001,0.2589198041865473,-0.7901999999999999,5,negative_training,CR,HRSD_24.1,HRSD24,cross-corpus-882
RobustScaler,ElasticNet,-0.03348000000000001,0.17414475874972524,12.824360000000002,3.310026955026198,14.782079999999999,-0.055200000000000006,0.23267102312062843,-0.79368,5,negative_training,CR,HRSD_24.1,HRSD24,cross-corpus-882
MinMaxScaler,ElasticNet,-0.0354,0.1461227566123771,479.5377199999999,1045.9139287435232,1629.15946,0.019260000000000006,0.26249345325169543,-54262.00638,5,negative_training,CR,HRSD_24.1,HRSD24,cross-corpus-882
MinMaxScaler,Ridge,-0.041979999999999996,0.1574973872799165,487.6581,1063.6144633921213,1657.2622199999998,0.014079999999999999,0.2691622503249666,-56146.80278000001,5,negative_training,CR,HRSD_24.1,HRSD24,cross-corpus-882
MinMaxScaler,GB,-0.042080000000000006,0.146313215397653,12.855360000000001,2.10439738357564,15.305620000000001,-0.046740000000000004,0.15843608490492309,-0.8093600000000001,5,negative_training,CR,HRSD_24.1,HRSD24,cross-corpus-882
MinMaxScaler,Lasso,-0.04806,0.16913906408633103,462.05331999999987,1005.8849638253854,1567.8851,0.0126,0.2684826437593313,-50208.7207,5,negative_training,CR,HRSD_24.1,HRSD24,cross-corpus-882
MinMaxScaler,MLP,-0.04835999999999999,0.17759242100945638,309.92384000000004,664.9341948083834,1040.29352,-3.999999999999559e-05,0.284093088617094,-21930.49228,5,negative_training,CR,HRSD_24.1,HRSD24,cross-corpus-882
MinMaxScaler,ET,-0.057699999999999994,0.20378419958377536,11.6471,1.6765665047948437,13.933519999999998,-0.0698,0.24817145283049782,-0.48552,5,negative_training,CR,HRSD_24.1,HRSD24,cross-corpus-882
MinMaxScaler,RF,-0.058640000000000005,0.14262518361074947,11.68498,1.7126651181710917,13.630260000000002,-0.08424000000000001,0.18759294496329013,-0.41042000000000006,5,negative_training,CR,HRSD_24.1,HRSD24,cross-corpus-882
RobustScaler,Ridge,-0.07227999999999998,0.11091939415629712,12.5741,3.589362248366692,14.663039999999999,-0.09144,0.17448725741440257,-0.78738,5,negative_training,CR,HRSD_24.1,HRSD24,cross-corpus-882
MinMaxScaler,LGBM,-0.07792,0.1746773225121109,11.652780000000002,2.513780067348773,13.92158,-0.09894,0.20498083568958342,-0.4726000000000001,5,negative_training,CR,HRSD_24.1,HRSD24,cross-corpus-882
MinMaxScaler,KNN,-0.11987999999999999,0.14966297805402642,12.471620000000001,1.2635025631157228,14.661759999999997,-0.14988,0.18036726975812437,-0.6419,5,negative_training,CR,HRSD_24.1,HRSD24,cross-corpus-882
MinMaxScaler,SVR,-0.12366000000000002,0.2429661252109026,12.648480000000001,2.0081306162697685,14.73546,-0.15184000000000003,0.27792332215918836,-0.6814,5,negative_training,CR,HRSD_24.1,HRSD24,cross-corpus-882
RobustScaler,MLP,-0.13659999999999997,0.1781519997081144,14.28784,3.6256082838607933,16.91194,-0.12410000000000002,0.2742552916535978,-1.24952,5,negative_training,CR,HRSD_24.1,HRSD24,cross-corpus-882
StandardScaler,KNN,0.0876,0.2601514462769715,4.86428,1.253728697525904,6.01826,0.12223999999999999,0.3974027214300375,-0.10133999999999999,5,negative_training,CRADK,phq_8,PHQ8,cross-corpus-882
StandardScaler,ET,0.010120000000000007,0.22916076671193084,4.96942,1.1443756865645127,6.077839999999999,-0.011860000000000004,0.3885962853656736,-0.11696,5,negative_training,CRADK,phq_8,PHQ8,cross-corpus-882
RobustScaler,KNN,0.0023400000000000005,0.15134129641310728,5.36666,0.9475517099346084,6.258940000000001,0.008160000000000006,0.2714727573809203,-0.18342000000000003,5,negative_training,CRADK,phq_8,PHQ8,cross-corpus-882
StandardScaler,MLP,-0.017500000000000005,0.2807036070306187,6.50552,1.746665186004461,8.07368,-0.026739999999999996,0.30505739296073453,-1.03588,5,negative_training,CRADK,phq_8,PHQ8,cross-corpus-882
StandardScaler,SVR,-0.027459999999999995,0.14019565970457146,5.544379999999999,1.0771089694176723,6.5265,-0.04619999999999999,0.21866380587559525,-0.29396,5,negative_training,CRADK,phq_8,PHQ8,cross-corpus-882
StandardScaler,XGB,-0.03316000000000001,0.31136988133086985,5.78312,1.4284525462891653,6.68844,-0.10741999999999999,0.4098061578356284,-0.36102,5,negative_training,CRADK,phq_8,PHQ8,cross-corpus-882
StandardScaler,ElasticNet,-0.0563,0.22259011658202615,5.56224,1.0109532002026602,6.60046,-0.09544,0.30768976746066806,-0.32781999999999994,5,negative_training,CRADK,phq_8,PHQ8,cross-corpus-882
RobustScaler,GB,-0.06534,0.17514066632281608,5.73966,1.1941827678374863,6.7828,-0.08738,0.2506710533747365,-0.4133,5,negative_training,CRADK,phq_8,PHQ8,cross-corpus-882
MinMaxScaler,XGB,-0.06582,0.2525920663837247,5.7878799999999995,1.402925002272039,6.7348,-0.10617999999999998,0.32687322007163566,-0.36894000000000005,5,negative_training,CRADK,phq_8,PHQ8,cross-corpus-882
RobustScaler,MLP,-0.06851999999999998,0.35957568327126904,6.24422,2.106536222570122,7.584219999999999,-0.05608,0.3981483228647334,-0.78712,5,negative_training,CRADK,phq_8,PHQ8,cross-corpus-882
StandardScaler,CatBoost,-0.07054,0.19124651107928742,5.472440000000001,0.9719101208445153,6.46528,-0.17374,0.33919138108153635,-0.26952000000000004,5,negative_training,CRADK,phq_8,PHQ8,cross-corpus-882
StandardScaler,Lasso,-0.07107999999999999,0.2683748814624796,5.83556,1.460023499125956,6.919000000000001,-0.07274000000000001,0.3380621584856844,-0.48592,5,negative_training,CRADK,phq_8,PHQ8,cross-corpus-882
RobustScaler,XGB,-0.07304000000000001,0.17532717416304866,5.6194,1.21143360734297,6.77528,-0.10355999999999999,0.2469752882375077,-0.39056,5,negative_training,CRADK,phq_8,PHQ8,cross-corpus-882
StandardScaler,RF,-0.07776000000000001,0.19469850538717545,5.27242,1.1323294383703004,6.29104,-0.14243999999999998,0.40936329586322223,-0.20032,5,negative_training,CRADK,phq_8,PHQ8,cross-corpus-882
StandardScaler,Ridge,-0.0817,0.24380234822495045,5.84316,1.248679725950574,6.888480000000001,-0.1111,0.30813131129438953,-0.45744000000000007,5,negative_training,CRADK,phq_8,PHQ8,cross-corpus-882
MinMaxScaler,KNN,-0.09044,0.23282312599911548,5.43712,1.1631430875004158,6.580679999999999,-0.16094,0.36875718704860516,-0.32154,5,negative_training,CRADK,phq_8,PHQ8,cross-corpus-882
RobustScaler,ElasticNet,-0.09208,0.1664786683031793,5.51314,1.1568002952108887,6.58176,-0.13512,0.28695935600708333,-0.32059999999999994,5,negative_training,CRADK,phq_8,PHQ8,cross-corpus-882
RobustScaler,SVR,-0.09263999999999999,0.19045366365601896,5.569100000000001,1.031875043307086,6.63716,-0.17506000000000002,0.3361226308953326,-0.34812,5,negative_training,CRADK,phq_8,PHQ8,cross-corpus-882
RobustScaler,RF,-0.10003999999999999,0.1829875624188704,5.5085999999999995,0.9397175187257071,6.44946,-0.18746,0.3584788180632156,-0.26603999999999994,5,negative_training,CRADK,phq_8,PHQ8,cross-corpus-882
RobustScaler,Lasso,-0.10362,0.19029817918204053,5.877800000000001,1.3625612518342063,6.97266,-0.11632,0.2620345912279522,-0.49222,5,negative_training,CRADK,phq_8,PHQ8,cross-corpus-882
RobustScaler,LGBM,-0.11425999999999999,0.21657505165646387,5.25644,1.0951406772647978,6.38404,-0.20468000000000003,0.3949251979805797,-0.24634,5,negative_training,CRADK,phq_8,PHQ8,cross-corpus-882
RobustScaler,ET,-0.12638,0.1283117960282686,5.4526200000000005,0.915588451215938,6.568759999999999,-0.22546000000000005,0.2588757868167666,-0.31528,5,negative_training,CRADK,phq_8,PHQ8,cross-corpus-882
StandardScaler,GB,-0.12683999999999998,0.1840164204629576,6.01294,0.8947792537827419,7.09516,-0.18406,0.2528070667524941,-0.52204,5,negative_training,CRADK,phq_8,PHQ8,cross-corpus-882
MinMaxScaler,Lasso,-0.13140000000000002,0.18336210077330595,5.76694,1.011792193585224,6.85474,-0.2198,0.33003052889088913,-0.44326,5,negative_training,CRADK,phq_8,PHQ8,cross-corpus-882
RobustScaler,CatBoost,-0.1318,0.21045922407915504,5.533440000000001,1.176552660529906,6.6105599999999995,-0.1881,0.3349960372899954,-0.32936,5,negative_training,CRADK,phq_8,PHQ8,cross-corpus-882
MinMaxScaler,ElasticNet,-0.13972,0.22582934264616722,5.8448400000000005,1.1638240000103108,6.922619999999999,-0.24362,0.3889833633974594,-0.47988,5,negative_training,CRADK,phq_8,PHQ8,cross-corpus-882
MinMaxScaler,LGBM,-0.15248,0.1337599229963893,5.48346,1.1870178612809494,6.5509,-0.28579999999999994,0.29132488736803797,-0.30404,5,negative_training,CRADK,phq_8,PHQ8,cross-corpus-882
RobustScaler,Ridge,-0.15675999999999998,0.2614290783367451,5.91588,1.560768846434346,7.03904,-0.18694,0.3779235676694429,-0.51342,5,negative_training,CRADK,phq_8,PHQ8,cross-corpus-882
MinMaxScaler,GB,-0.15722,0.24318197301609343,5.98738,1.51290680215273,6.9868,-0.22605999999999998,0.3304619388068768,-0.48073999999999995,5,negative_training,CRADK,phq_8,PHQ8,cross-corpus-882
MinMaxScaler,Ridge,-0.17424,0.2228168485550408,5.859680000000001,1.1893860168170802,6.917020000000001,-0.2704,0.37623459436899204,-0.46304,5,negative_training,CRADK,phq_8,PHQ8,cross-corpus-882
MinMaxScaler,MLP,-0.17964000000000005,0.25939347139047275,5.97646,1.228589090379692,7.17268,-0.24991999999999998,0.3477204868856594,-0.57862,5,negative_training,CRADK,phq_8,PHQ8,cross-corpus-882
StandardScaler,LGBM,-0.18104,0.17169593180969664,5.55954,1.1661849908998143,6.654059999999999,-0.30296,0.31932703142703095,-0.34474000000000005,5,negative_training,CRADK,phq_8,PHQ8,cross-corpus-882
MinMaxScaler,SVR,-0.18478,0.23493869838747297,6.13792,1.2419713913774344,7.346379999999999,-0.26536,0.34316379179627915,-0.6698999999999999,5,negative_training,CRADK,phq_8,PHQ8,cross-corpus-882
MinMaxScaler,ET,-0.18906,0.17930212770628237,5.69868,1.1335664281373192,6.756279999999999,-0.3417,0.3245311002045875,-0.38024,5,negative_training,CRADK,phq_8,PHQ8,cross-corpus-882
MinMaxScaler,RF,-0.20536,0.1778408923729298,5.791320000000001,1.1192362538802967,6.7305399999999995,-0.37085999999999997,0.3372514388405185,-0.37273999999999996,5,negative_training,CRADK,phq_8,PHQ8,cross-corpus-882
MinMaxScaler,CatBoost,-0.20752,0.202162155212097,5.872879999999999,1.1779343602255608,6.89174,-0.31337999999999994,0.31159676185737234,-0.43902,5,negative_training,CRADK,phq_8,PHQ8,cross-corpus-882
MinMaxScaler,Ridge,0.07075999999999999,0.2361610425112491,6.05638,1.4137609900545425,7.507160000000001,0.10062,0.31516926722001304,-0.44404000000000005,5,negative_training,CRADK,phq_9,PHQ9,cross-corpus-882
StandardScaler,XGB,0.06367999999999999,0.4112926719502792,6.61886,1.625292979127148,8.44956,0.07347999999999999,0.5123719322913776,-1.03254,5,negative_training,CRADK,phq_9,PHQ9,cross-corpus-882
MinMaxScaler,MLP,0.0593,0.29627263626599065,6.071600000000001,1.486333599835515,7.5994600000000005,0.08932000000000001,0.36611654838316177,-0.49871999999999994,5,negative_training,CRADK,phq_9,PHQ9,cross-corpus-882
MinMaxScaler,ElasticNet,0.05342,0.22369300838425862,6.08118,1.4369242488732663,7.543139999999999,0.09794,0.3350969904370972,-0.45194,5,negative_training,CRADK,phq_9,PHQ9,cross-corpus-882
StandardScaler,KNN,0.0503,0.23637762161422982,6.10262,1.1952941612841588,7.50766,0.11380000000000001,0.3780686776235238,-0.44348,5,negative_training,CRADK,phq_9,PHQ9,cross-corpus-882
RobustScaler,ET,0.04426,0.23327250802441338,5.99398,1.506222275097537,7.23108,0.04872,0.3494140552410564,-0.26026000000000005,5,negative_training,CRADK,phq_9,PHQ9,cross-corpus-882
MinMaxScaler,Lasso,0.04314,0.23476453735604957,6.1128800000000005,1.4109935478236606,7.59022,0.07582,0.32432029230376563,-0.47850000000000004,5,negative_training,CRADK,phq_9,PHQ9,cross-corpus-882
StandardScaler,RF,0.04292,0.2677924046719772,5.947159999999999,1.1902438880330368,7.428280000000001,0.059760000000000014,0.39499666834037983,-0.37185999999999997,5,negative_training,CRADK,phq_9,PHQ9,cross-corpus-882
RobustScaler,CatBoost,0.04129999999999999,0.3078442706954281,6.14758,1.2892129234536864,7.59084,0.04602000000000002,0.43498265137819,-0.46852,5,negative_training,CRADK,phq_9,PHQ9,cross-corpus-882
StandardScaler,GB,0.03943999999999999,0.38767899478821394,6.53648,1.7476746327620594,8.26136,0.06357999999999998,0.5057667318042973,-0.91206,5,negative_training,CRADK,phq_9,PHQ9,cross-corpus-882
MinMaxScaler,SVR,0.03813999999999999,0.18746003040648423,6.099359999999999,1.2514269347428961,8.00554,0.10716,0.29936967615308,-0.65574,5,negative_training,CRADK,phq_9,PHQ9,cross-corpus-882
RobustScaler,GB,0.024860000000000018,0.39098695374654124,6.731079999999999,1.7044083187429004,8.260940000000002,0.02838,0.47566251376369784,-0.86984,5,negative_training,CRADK,phq_9,PHQ9,cross-corpus-882
StandardScaler,ET,0.02358,0.21789780173283071,5.96294,1.1176528454757317,7.46686,0.04456,0.29719975269168714,-0.37676,5,negative_training,CRADK,phq_9,PHQ9,cross-corpus-882
StandardScaler,MLP,0.023039999999999995,0.2832476884283436,6.42394,1.8206505040781438,8.15812,0.05094,0.3888972846395305,-0.75288,5,negative_training,CRADK,phq_9,PHQ9,cross-corpus-882
RobustScaler,MLP,0.022939999999999995,0.22558593262878782,6.44712,1.759582333112037,8.25696,0.030920000000000003,0.2996262872312775,-0.76478,5,negative_training,CRADK,phq_9,PHQ9,cross-corpus-882
RobustScaler,XGB,0.01960000000000001,0.33962535241056435,6.414540000000001,1.556402233678685,8.151779999999999,0.018800000000000004,0.40560244698472914,-0.73908,5,negative_training,CRADK,phq_9,PHQ9,cross-corpus-882
RobustScaler,RF,0.005199999999999994,0.26707171321575784,6.353260000000001,1.45921781890162,7.649760000000001,-0.006939999999999979,0.3826118437790445,-0.46762,5,negative_training,CRADK,phq_9,PHQ9,cross-corpus-882
StandardScaler,SVR,-0.0013199999999999935,0.2172950574679507,6.33628,1.2218814046379463,8.00658,0.015920000000000007,0.30397708301778276,-0.6629799999999999,5,negative_training,CRADK,phq_9,PHQ9,cross-corpus-882
StandardScaler,CatBoost,-0.005220000000000002,0.3032605760727893,6.339880000000001,1.390261528274447,7.8929399999999985,0.012459999999999994,0.4401048886345163,-0.6270399999999999,5,negative_training,CRADK,phq_9,PHQ9,cross-corpus-882
RobustScaler,ElasticNet,-0.0064199999999999926,0.2181100112328639,6.44054,1.686563246071727,7.81544,-0.018300000000000004,0.3096440537132919,-0.5092,5,negative_training,CRADK,phq_9,PHQ9,cross-corpus-882
RobustScaler,Lasso,-0.009239999999999993,0.20837858095303366,6.5099,1.6685193690814617,7.90414,-0.014800000000000002,0.2892580508819072,-0.55462,5,negative_training,CRADK,phq_9,PHQ9,cross-corpus-882
RobustScaler,Ridge,-0.013119999999999998,0.21684091403607392,6.50814,1.6655004797357458,7.919220000000001,-0.02118000000000001,0.29909895854048035,-0.5658799999999999,5,negative_training,CRADK,phq_9,PHQ9,cross-corpus-882
MinMaxScaler,GB,-0.02066,0.2835485901922279,6.666239999999999,1.513926638909561,8.26084,0.002200000000000002,0.3730829264386136,-0.8405399999999998,5,negative_training,CRADK,phq_9,PHQ9,cross-corpus-882
RobustScaler,SVR,-0.022299999999999997,0.17604505105228035,6.46208,1.616250471616327,8.09744,-0.035019999999999996,0.2483324827725926,-0.56574,5,negative_training,CRADK,phq_9,PHQ9,cross-corpus-882
StandardScaler,LGBM,-0.04394000000000001,0.18835706251691225,6.31758,1.079244632601895,7.655939999999999,-0.05997999999999999,0.2973505624679395,-0.45232,5,negative_training,CRADK,phq_9,PHQ9,cross-corpus-882
MinMaxScaler,ET,-0.04593999999999999,0.20675188753672843,6.25368,1.2835182456825454,7.51596,-0.04165999999999999,0.309585041628306,-0.41938000000000003,5,negative_training,CRADK,phq_9,PHQ9,cross-corpus-882
StandardScaler,ElasticNet,-0.04980000000000001,0.26844059864334974,6.784260000000001,1.4417246782933277,8.32576,-0.04375999999999999,0.40644856747194963,-0.86036,5,negative_training,CRADK,phq_9,PHQ9,cross-corpus-882
StandardScaler,Ridge,-0.0571,0.26082381984780456,6.822,1.3746309231935678,8.37734,-0.06609999999999999,0.3886299653912446,-0.8789,5,negative_training,CRADK,phq_9,PHQ9,cross-corpus-882
MinMaxScaler,RF,-0.06143999999999998,0.2606238630670645,6.34774,1.6368838162801906,7.78724,-0.06998,0.3945777135115464,-0.5404199999999999,5,negative_training,CRADK,phq_9,PHQ9,cross-corpus-882
RobustScaler,KNN,-0.06898,0.18640793169819786,6.539240000000001,1.5559902692497787,7.790800000000002,-0.10722000000000001,0.29823911882917037,-0.48297999999999996,5,negative_training,CRADK,phq_9,PHQ9,cross-corpus-882
MinMaxScaler,XGB,-0.07357999999999998,0.3164239750714221,7.136699999999999,1.5071700219285147,8.55176,-0.08496000000000001,0.41999863452158986,-1.02148,5,negative_training,CRADK,phq_9,PHQ9,cross-corpus-882
StandardScaler,Lasso,-0.0741,0.2577633313720165,6.802760000000001,1.3861263607622505,8.355260000000001,-0.08959999999999999,0.3813156500853328,-0.8389,5,negative_training,CRADK,phq_9,PHQ9,cross-corpus-882
RobustScaler,LGBM,-0.08084,0.15204640081238358,6.93838,1.3826690735674967,8.180679999999999,-0.12217999999999998,0.22675276624553006,-0.6734600000000001,5,negative_training,CRADK,phq_9,PHQ9,cross-corpus-882
MinMaxScaler,LGBM,-0.09176,0.09541054973114871,6.5013000000000005,1.485310459129673,7.792519999999999,-0.15736,0.17329506051818094,-0.46044,5,negative_training,CRADK,phq_9,PHQ9,cross-corpus-882
MinMaxScaler,CatBoost,-0.09690000000000001,0.19611571839095407,6.5436,1.0905264256312182,7.956979999999999,-0.14448,0.34450597527474036,-0.61636,5,negative_training,CRADK,phq_9,PHQ9,cross-corpus-882
MinMaxScaler,KNN,-0.10444,0.10581645902221448,6.62406,1.4500042079249287,7.947380000000001,-0.14552,0.12954121737887137,-0.5533399999999999,5,negative_training,CRADK,phq_9,PHQ9,cross-corpus-882
StandardScaler,MLP,-0.02672,0.2717863351973384,12.42708,1.5203604135204258,15.18068,-0.012780000000000003,0.3016970202040451,-0.8247399999999999,5,negative_training,CRADK,ads.1,CES-D,cross-corpus-882
StandardScaler,KNN,-0.042440000000000005,0.13572837949375216,10.87054,1.224187709462891,13.211339999999998,-0.02892,0.243428063295915,-0.35194,5,negative_training,CRADK,ads.1,CES-D,cross-corpus-882
RobustScaler,GB,-0.06019999999999999,0.1895354188535747,12.01342,1.3667437020158535,14.676580000000001,-0.06395999999999999,0.20646449573716058,-0.6707000000000001,5,negative_training,CRADK,ads.1,CES-D,cross-corpus-882
StandardScaler,ET,-0.07083999999999999,0.13785477140817431,10.89076,0.9118409855890447,13.531259999999998,-0.09092,0.19127680727155605,-0.41116,5,negative_training,CRADK,ads.1,CES-D,cross-corpus-882
StandardScaler,SVR,-0.07256,0.14550525076436244,11.462340000000001,1.662317819491808,13.82156,-0.09754,0.22356746856374252,-0.4909800000000001,5,negative_training,CRADK,ads.1,CES-D,cross-corpus-882
MinMaxScaler,ET,-0.0782,0.1705365649941384,10.74948,1.2713430819412985,13.166120000000001,-0.13738,0.30879619816312504,-0.33225999999999994,5,negative_training,CRADK,ads.1,CES-D,cross-corpus-882
MinMaxScaler,GB,-0.08419999999999998,0.11661715139721086,12.35454,1.9076594187642615,14.983920000000001,-0.08786000000000001,0.12804480856325257,-0.76224,5,negative_training,CRADK,ads.1,CES-D,cross-corpus-882
RobustScaler,ET,-0.08904000000000001,0.10276659476697668,11.136420000000001,1.0315437082353809,13.544220000000001,-0.12642,0.1470132204939406,-0.40844,5,negative_training,CRADK,ads.1,CES-D,cross-corpus-882
MinMaxScaler,RF,-0.092,0.15867367456512751,10.803360000000001,1.302858819289335,13.257119999999997,-0.15614,0.26380525582330616,-0.35014,5,negative_training,CRADK,ads.1,CES-D,cross-corpus-882
MinMaxScaler,XGB,-0.10112000000000002,0.19833449523469185,11.64996,1.5047821912157255,14.5474,-0.10601999999999998,0.2355633290646063,-0.63346,5,negative_training,CRADK,ads.1,CES-D,cross-corpus-882
RobustScaler,XGB,-0.10188,0.09313907343322674,12.84026,2.2528590741544394,15.407479999999998,-0.11592,0.10457756451553077,-0.8222000000000002,5,negative_training,CRADK,ads.1,CES-D,cross-corpus-882
RobustScaler,SVR,-0.10428000000000001,0.1855869526663984,12.04984,0.8142834168764583,14.684719999999999,-0.14046,0.26780415978845434,-0.67884,5,negative_training,CRADK,ads.1,CES-D,cross-corpus-882
RobustScaler,CatBoost,-0.11765999999999999,0.15527745489928663,11.26298,1.07460765956697,13.97638,-0.15042000000000003,0.1840665558975883,-0.51388,5,negative_training,CRADK,ads.1,CES-D,cross-corpus-882
RobustScaler,KNN,-0.12022000000000002,0.08889511797618584,11.753699999999998,0.704401476432297,14.24658,-0.14472000000000002,0.10965118330414862,-0.5652600000000001,5,negative_training,CRADK,ads.1,CES-D,cross-corpus-882
StandardScaler,GB,-0.12401999999999999,0.10659574100310011,12.40822,1.2887572277197903,15.602579999999998,-0.14366000000000004,0.11850604625925211,-0.9090399999999998,5,negative_training,CRADK,ads.1,CES-D,cross-corpus-882
MinMaxScaler,Lasso,-0.13326,0.17002113986207718,12.30932,0.8654272337984292,14.587759999999998,-0.15904000000000001,0.18768345158803956,-0.64834,5,negative_training,CRADK,ads.1,CES-D,cross-corpus-882
RobustScaler,MLP,-0.13528,0.22075010079272897,13.337060000000003,1.5186111757128615,16.053620000000002,-0.15306,0.2825796047134329,-1.0717199999999998,5,negative_training,CRADK,ads.1,CES-D,cross-corpus-882
MinMaxScaler,MLP,-0.13662000000000002,0.18304203615563286,12.26294,0.8372271872078693,14.533780000000002,-0.21806,0.28103299272505355,-0.6582399999999999,5,negative_training,CRADK,ads.1,CES-D,cross-corpus-882
MinMaxScaler,SVR,-0.13704,0.2142572822566365,12.093960000000001,1.287139447767801,14.365100000000002,-0.18688,0.29189868447802225,-0.60592,5,negative_training,CRADK,ads.1,CES-D,cross-corpus-882
MinMaxScaler,ElasticNet,-0.13798000000000002,0.16977328117227397,11.99646,0.9560142064844015,14.163720000000001,-0.18242,0.20683438302177903,-0.5465199999999999,5,negative_training,CRADK,ads.1,CES-D,cross-corpus-882
StandardScaler,XGB,-0.13922,0.11771632002403065,12.493759999999998,1.953525390927899,15.77446,-0.15108,0.13201438179228805,-0.9343199999999999,5,negative_training,CRADK,ads.1,CES-D,cross-corpus-882
StandardScaler,CatBoost,-0.14146,0.13304658206808623,11.14332,1.0197118058549681,14.045100000000001,-0.18524,0.1494990568532123,-0.5274,5,negative_training,CRADK,ads.1,CES-D,cross-corpus-882
RobustScaler,LGBM,-0.14398,0.1594501081843471,11.519560000000002,0.8449067185198614,13.676779999999999,-0.20700000000000002,0.17820018237925572,-0.43956,5,negative_training,CRADK,ads.1,CES-D,cross-corpus-882
MinMaxScaler,Ridge,-0.14486000000000002,0.17267969770647618,12.09954,1.0720327154522855,14.21112,-0.1857,0.20549285875669743,-0.55464,5,negative_training,CRADK,ads.1,CES-D,cross-corpus-882
MinMaxScaler,CatBoost,-0.14795999999999998,0.14988790144638092,11.44016,1.2747705864193757,13.928199999999999,-0.2332,0.2587747476088036,-0.48224,5,negative_training,CRADK,ads.1,CES-D,cross-corpus-882
StandardScaler,RF,-0.1498,0.14841682856064536,11.1353,0.7308226631680219,13.86806,-0.25651999999999997,0.28311726722331865,-0.48579999999999995,5,negative_training,CRADK,ads.1,CES-D,cross-corpus-882
RobustScaler,RF,-0.1544,0.14981156497413675,11.268559999999999,1.1017849463484237,13.86766,-0.28171999999999997,0.27242307538092286,-0.47573999999999994,5,negative_training,CRADK,ads.1,CES-D,cross-corpus-882
RobustScaler,Ridge,-0.15899999999999997,0.25751255309207743,12.56712,1.7251081406682887,15.074280000000002,-0.18028,0.2989951454455406,-0.76684,5,negative_training,CRADK,ads.1,CES-D,cross-corpus-882
StandardScaler,LGBM,-0.16094000000000003,0.18626032320384284,11.53468,0.8307272518703113,13.86078,-0.23007999999999998,0.2081836857200871,-0.48704000000000003,5,negative_training,CRADK,ads.1,CES-D,cross-corpus-882
RobustScaler,Lasso,-0.16592,0.23665308364777335,12.59786,1.8573925952797372,15.05926,-0.19742,0.2845489799665429,-0.75824,5,negative_training,CRADK,ads.1,CES-D,cross-corpus-882
RobustScaler,ElasticNet,-0.16826,0.2484937685335389,12.5471,1.591545423479958,15.025200000000002,-0.19198,0.2899948137467289,-0.75274,5,negative_training,CRADK,ads.1,CES-D,cross-corpus-882
MinMaxScaler,LGBM,-0.1702,0.17263758281440345,11.829460000000001,0.741215109128248,13.9823,-0.27444,0.24968989366812586,-0.51688,5,negative_training,CRADK,ads.1,CES-D,cross-corpus-882
MinMaxScaler,KNN,-0.176,0.2103204103267203,11.458699999999999,0.39125873792159604,14.19342,-0.25070000000000003,0.28287970941727153,-0.5711999999999999,5,negative_training,CRADK,ads.1,CES-D,cross-corpus-882
StandardScaler,Ridge,-0.20598,0.20221092205912125,12.992099999999999,1.4592017800838926,15.58268,-0.22433999999999998,0.2125293344458595,-0.8736799999999999,5,negative_training,CRADK,ads.1,CES-D,cross-corpus-882
StandardScaler,Lasso,-0.20886,0.1775408488207714,12.93908,1.5495837479787908,15.34518,-0.23666,0.18132154587913704,-0.8185399999999999,5,negative_training,CRADK,ads.1,CES-D,cross-corpus-882
StandardScaler,ElasticNet,-0.20915999999999996,0.16734785029990676,13.06162,1.4254377913469254,15.437360000000002,-0.23757999999999999,0.18008336125250438,-0.8377999999999999,5,negative_training,CRADK,ads.1,CES-D,cross-corpus-882
MinMaxScaler,LGBM,0.30762,0.06500397680142346,3.50588,0.2480192169973931,4.251060000000001,0.42336,0.06863423344075462,0.0918,5,negative_training,CRADK,HRSD_6.1,HRSD6,cross-corpus-882
StandardScaler,LGBM,0.25582,0.08136032202492809,3.7744799999999996,0.19463558770173547,4.4482800000000005,0.36684,0.10439280626556602,-0.006740000000000001,5,negative_training,CRADK,HRSD_6.1,HRSD6,cross-corpus-882
MinMaxScaler,GB,0.19640000000000002,0.13501231425318208,3.89512,0.23962198772232907,5.03948,0.23772000000000001,0.15579138936411088,-0.31411999999999995,5,negative_training,CRADK,HRSD_6.1,HRSD6,cross-corpus-882
MinMaxScaler,XGB,0.19626,0.21213252461609935,4.0088,0.4185784454555681,4.961180000000001,0.23054000000000002,0.23988508290429403,-0.27531999999999995,5,negative_training,CRADK,HRSD_6.1,HRSD6,cross-corpus-882
RobustScaler,LGBM,0.183,0.12072584644557272,3.9114599999999995,0.5648668984814033,4.56748,0.26928,0.19835457393264214,-0.049179999999999995,5,negative_training,CRADK,HRSD_6.1,HRSD6,cross-corpus-882
MinMaxScaler,CatBoost,0.17915999999999999,0.17021640050241926,3.7622,0.3285856433260589,4.7071,0.23914,0.22235184505643302,-0.12349999999999998,5,negative_training,CRADK,HRSD_6.1,HRSD6,cross-corpus-882
StandardScaler,GB,0.17802,0.11548069968613803,4.09026,0.26209000934793353,5.1007,0.21652,0.1404625466094076,-0.33428,5,negative_training,CRADK,HRSD_6.1,HRSD6,cross-corpus-882
MinMaxScaler,RF,0.17043999999999998,0.12035419809877843,3.83902,0.3159086766772953,4.542040000000001,0.26056,0.18646806160841592,-0.042379999999999994,5,negative_training,CRADK,HRSD_6.1,HRSD6,cross-corpus-882
StandardScaler,RF,0.16834,0.16933473654274248,3.92924,0.471437782745507,4.74366,0.22894,0.23140101123374548,-0.15212,5,negative_training,CRADK,HRSD_6.1,HRSD6,cross-corpus-882
StandardScaler,CatBoost,0.15314,0.13968093284339134,3.9808999999999997,0.33670602162717556,4.8182,0.21064,0.19559117567006953,-0.17796,5,negative_training,CRADK,HRSD_6.1,HRSD6,cross-corpus-882
RobustScaler,RF,0.14918,0.22558657318200478,4.093419999999999,0.664829005835335,4.79102,0.20614,0.3010027790569383,-0.17344,5,negative_training,CRADK,HRSD_6.1,HRSD6,cross-corpus-882
StandardScaler,XGB,0.13687999999999997,0.21032319653333534,4.37,0.5634541330046305,5.3111999999999995,0.16086,0.2477131163261243,-0.45793999999999996,5,negative_training,CRADK,HRSD_6.1,HRSD6,cross-corpus-882
StandardScaler,MLP,0.11392,0.14242846274533752,4.78512,0.8497157889553428,5.81484,0.15402,0.1945030256834068,-0.716,5,negative_training,CRADK,HRSD_6.1,HRSD6,cross-corpus-882
StandardScaler,ET,0.09860000000000001,0.19204291187127945,4.1476999999999995,0.5196199524652606,4.938000000000001,0.13076000000000002,0.2555712679469271,-0.23776000000000003,5,negative_training,CRADK,HRSD_6.1,HRSD6,cross-corpus-882
MinMaxScaler,ET,0.09568,0.13657240570481285,4.05024,0.4567116847640316,4.8304,0.14512,0.20662811280171922,-0.17542,5,negative_training,CRADK,HRSD_6.1,HRSD6,cross-corpus-882
StandardScaler,Ridge,0.08892,0.1337930753066092,4.38336,0.6358993104257935,5.21416,0.11628000000000001,0.1836022249320525,-0.36466,5,negative_training,CRADK,HRSD_6.1,HRSD6,cross-corpus-882
StandardScaler,ElasticNet,0.08746000000000001,0.1352705917781097,4.46576,0.6842513741308818,5.31004,0.11517999999999999,0.18689702244819204,-0.41966000000000003,5,negative_training,CRADK,HRSD_6.1,HRSD6,cross-corpus-882
StandardScaler,SVR,0.08642,0.18065028923309256,4.44052,0.6556891161213524,5.34116,0.09817999999999999,0.2508950916219765,-0.43018,5,negative_training,CRADK,HRSD_6.1,HRSD6,cross-corpus-882
StandardScaler,Lasso,0.08562,0.13528293314383746,4.4824399999999995,0.6952290004020258,5.3375,0.11238,0.18575275771842525,-0.43563999999999997,5,negative_training,CRADK,HRSD_6.1,HRSD6,cross-corpus-882
RobustScaler,GB,0.08392000000000001,0.1868117421363015,4.38124,0.44937959789024673,5.23632,0.11827999999999998,0.26405908808446643,-0.38314,5,negative_training,CRADK,HRSD_6.1,HRSD6,cross-corpus-882
RobustScaler,XGB,0.08184,0.20561732174114122,4.54016,0.7906205366672434,5.36956,0.08892,0.2561278333176619,-0.47059999999999996,5,negative_training,CRADK,HRSD_6.1,HRSD6,cross-corpus-882
RobustScaler,CatBoost,0.06624,0.2111011203191494,4.47474,0.6302481162209055,5.206200000000001,0.0889,0.2615810964118011,-0.366,5,negative_training,CRADK,HRSD_6.1,HRSD6,cross-corpus-882
RobustScaler,ET,0.0648,0.24516909470812182,4.3296399999999995,0.7512597373744978,5.0745,0.07587999999999999,0.31233572001934073,-0.30498000000000003,5,negative_training,CRADK,HRSD_6.1,HRSD6,cross-corpus-882
RobustScaler,SVR,0.04132,0.2645752860718476,4.787999999999999,0.9594822431916078,5.57356,0.055799999999999995,0.33145342810114364,-0.59794,5,negative_training,CRADK,HRSD_6.1,HRSD6,cross-corpus-882
RobustScaler,KNN,0.0344,0.23447486005966608,4.52006,0.7877433103492534,5.21628,0.028739999999999998,0.2881832975729162,-0.36102,5,negative_training,CRADK,HRSD_6.1,HRSD6,cross-corpus-882
StandardScaler,KNN,0.02478,0.1818772992981807,4.3711,0.6270746087986661,5.316340000000001,0.022000000000000002,0.24387992947350134,-0.41296,5,negative_training,CRADK,HRSD_6.1,HRSD6,cross-corpus-882
RobustScaler,Ridge,0.0132,0.29726315782484714,4.80328,1.1613002419701806,5.859139999999999,0.023639999999999994,0.36730230464836455,-0.8665,5,negative_training,CRADK,HRSD_6.1,HRSD6,cross-corpus-882
MinMaxScaler,SVR,0.008379999999999995,0.16912197373493487,4.42042,0.6476888967706642,5.2117,0.03338,0.22956587725530989,-0.3789600000000001,5,negative_training,CRADK,HRSD_6.1,HRSD6,cross-corpus-882
RobustScaler,ElasticNet,0.0038599999999999967,0.26676291533869545,4.76544,1.0993644723202585,5.8056600000000005,0.02123999999999999,0.35241246147093036,-0.8352199999999999,5,negative_training,CRADK,HRSD_6.1,HRSD6,cross-corpus-882
RobustScaler,Lasso,-0.006299999999999995,0.25783569380518284,4.7720199999999995,1.0291722557473066,5.8235600000000005,0.005519999999999992,0.32962186213902744,-0.8338600000000002,5,negative_training,CRADK,HRSD_6.1,HRSD6,cross-corpus-882
RobustScaler,MLP,-0.010180000000000012,0.2667898367629472,5.277479999999999,1.39068671238349,6.59922,-0.010480000000000012,0.3357671842214483,-1.42158,5,negative_training,CRADK,HRSD_6.1,HRSD6,cross-corpus-882
MinMaxScaler,ElasticNet,-0.04044,0.13826687238814653,4.71514,0.278505894013035,6.11134,-0.044180000000000004,0.18744170293720658,-1.0956,5,negative_training,CRADK,HRSD_6.1,HRSD6,cross-corpus-882
MinMaxScaler,Ridge,-0.0494,0.140942665648128,4.55744,0.23291281201342265,5.77816,-0.04924,0.19023692596338912,-0.8101800000000001,5,negative_training,CRADK,HRSD_6.1,HRSD6,cross-corpus-882
MinMaxScaler,Lasso,-0.061939999999999995,0.09121657195926626,4.861960000000001,0.4754278210201839,6.352580000000001,-0.08466,0.12063433590814847,-1.33646,5,negative_training,CRADK,HRSD_6.1,HRSD6,cross-corpus-882
MinMaxScaler,MLP,-0.06548000000000001,0.1663231703642039,4.81266,0.5822536500529644,6.05728,-0.07991999999999999,0.2037547471839613,-0.96118,5,negative_training,CRADK,HRSD_6.1,HRSD6,cross-corpus-882
MinMaxScaler,KNN,-0.08336,0.13281405422620002,4.51028,0.46340567217072315,5.3542000000000005,-0.13224,0.20801001898947077,-0.44695999999999997,5,negative_training,CRADK,HRSD_6.1,HRSD6,cross-corpus-882
RobustScaler,XGB,0.18316,0.1924943973210649,6.3807599999999995,1.5999450062424023,7.80188,0.23278,0.2516982757191634,-0.29135999999999995,5,negative_training,CRADK,HRSD_17.1,HRSD17,cross-corpus-882
StandardScaler,XGB,0.17360000000000003,0.16977932736349263,6.2604,1.6184458810846907,7.6743,0.20736,0.2103147831228228,-0.23878,5,negative_training,CRADK,HRSD_17.1,HRSD17,cross-corpus-882
RobustScaler,LGBM,0.16268,0.13569396449363547,5.7202399999999995,0.5213796821894766,7.09054,0.22007999999999997,0.16984621573647143,-0.061020000000000005,5,negative_training,CRADK,HRSD_17.1,HRSD17,cross-corpus-882
MinMaxScaler,GB,0.11610000000000001,0.2122307352859147,6.41566,1.2747703118601403,7.919979999999998,0.13566,0.24745780044282298,-0.3187,5,negative_training,CRADK,HRSD_17.1,HRSD17,cross-corpus-882
MinMaxScaler,LGBM,0.11091999999999999,0.12212007206024733,5.70168,1.100151874515514,7.306960000000001,0.15286,0.17306041719584522,-0.12574000000000002,5,negative_training,CRADK,HRSD_17.1,HRSD17,cross-corpus-882
StandardScaler,GB,0.10746,0.17130697008586662,6.1566,1.283195540438012,7.882219999999999,0.18158,0.30169565293520556,-0.31354000000000004,5,negative_training,CRADK,HRSD_17.1,HRSD17,cross-corpus-882
StandardScaler,CatBoost,0.10446,0.22314880237187024,6.0539000000000005,1.101063345135056,7.604920000000002,0.12118000000000002,0.25837958897714813,-0.22496,5,negative_training,CRADK,HRSD_17.1,HRSD17,cross-corpus-882
RobustScaler,CatBoost,0.10332,0.22424338786238493,6.6118,1.6055607291535257,7.898819999999999,0.12101999999999999,0.25693309829603506,-0.32502,5,negative_training,CRADK,HRSD_17.1,HRSD17,cross-corpus-882
RobustScaler,GB,0.0928,0.2648349391602248,6.79628,0.9062484079986021,8.186180000000002,0.10663999999999998,0.2877869576613923,-0.43956,5,negative_training,CRADK,HRSD_17.1,HRSD17,cross-corpus-882
StandardScaler,LGBM,0.08814,0.17937687420623652,5.945760000000001,1.1501314285767523,7.43144,0.10986,0.21108831800931097,-0.16588,5,negative_training,CRADK,HRSD_17.1,HRSD17,cross-corpus-882
StandardScaler,SVR,0.0727,0.2307970645393914,6.203480000000001,1.083881403567752,8.213420000000001,0.08346,0.258231297483477,-0.44501999999999997,5,negative_training,CRADK,HRSD_17.1,HRSD17,cross-corpus-882
RobustScaler,RF,0.06794,0.21994388602550424,6.1146199999999995,0.8751673537101347,7.35134,0.07778,0.309623678035127,-0.13878,5,negative_training,CRADK,HRSD_17.1,HRSD17,cross-corpus-882
StandardScaler,ET,0.06717999999999999,0.1567567925163053,5.9389400000000006,1.1481158491197654,7.5036000000000005,0.0914,0.23974024484846093,-0.18192,5,negative_training,CRADK,HRSD_17.1,HRSD17,cross-corpus-882
MinMaxScaler,XGB,0.06256,0.1681888908340857,6.41174,1.2744667151401012,8.08256,0.08544,0.2152000534386551,-0.37878,5,negative_training,CRADK,HRSD_17.1,HRSD17,cross-corpus-882
StandardScaler,RF,0.058660000000000004,0.21621640317052732,5.82934,0.92220849757525,7.4028599999999996,0.07778,0.3046620865811826,-0.1622,5,negative_training,CRADK,HRSD_17.1,HRSD17,cross-corpus-882
RobustScaler,ET,0.052879999999999996,0.19782746775915624,6.3217,1.1945010213474077,7.617700000000001,0.07293999999999999,0.27656874913843754,-0.21892,5,negative_training,CRADK,HRSD_17.1,HRSD17,cross-corpus-882
MinMaxScaler,ET,0.050039999999999994,0.11215617682499703,6.11836,0.8486862806714858,7.459540000000001,0.08674,0.19791183137953122,-0.16774,5,negative_training,CRADK,HRSD_17.1,HRSD17,cross-corpus-882
RobustScaler,KNN,0.024940000000000007,0.18035894211266598,6.47508,1.0596164999659075,7.752799999999999,0.029259999999999998,0.24350472890685307,-0.2741,5,negative_training,CRADK,HRSD_17.1,HRSD17,cross-corpus-882
MinMaxScaler,RF,0.016099999999999996,0.17870544199883787,6.08946,0.8448128745467839,7.5612200000000005,0.03074,0.3518023848696879,-0.20546000000000003,5,negative_training,CRADK,HRSD_17.1,HRSD17,cross-corpus-882
MinMaxScaler,CatBoost,0.013059999999999993,0.14720395035460154,6.27236,1.019526050672566,7.795620000000001,0.01406,0.23257095261446561,-0.27344,5,negative_training,CRADK,HRSD_17.1,HRSD17,cross-corpus-882
RobustScaler,SVR,0.01124,0.25444518663162013,6.744400000000001,1.4139459165753119,8.33376,0.011119999999999996,0.3057873885561666,-0.47752,5,negative_training,CRADK,HRSD_17.1,HRSD17,cross-corpus-882
RobustScaler,Ridge,-0.0039599999999999965,0.21982167318078533,6.662299999999999,1.2795039292632127,8.1936,-0.020579999999999987,0.2584068632989457,-0.40952,5,negative_training,CRADK,HRSD_17.1,HRSD17,cross-corpus-882
RobustScaler,ElasticNet,-0.007440000000000002,0.22840407833486687,6.6452,1.3797963726579368,8.17158,-0.016579999999999994,0.27121535170413935,-0.4065,5,negative_training,CRADK,HRSD_17.1,HRSD17,cross-corpus-882
RobustScaler,Lasso,-0.011080000000000012,0.23792454055855608,6.728820000000001,1.3716240618332705,8.29696,-0.02186,0.27297161574053813,-0.45410000000000006,5,negative_training,CRADK,HRSD_17.1,HRSD17,cross-corpus-882
StandardScaler,KNN,-0.017120000000000003,0.07974617232193655,7.0,0.9052998867778568,8.56462,-0.029559999999999993,0.12253164081166955,-0.5561999999999999,5,negative_training,CRADK,HRSD_17.1,HRSD17,cross-corpus-882
MinMaxScaler,MLP,-0.025560000000000006,0.15762464274344923,6.35898,0.9249555378503334,7.7779799999999994,0.009160000000000007,0.25320393559342635,-0.28078,5,negative_training,CRADK,HRSD_17.1,HRSD17,cross-corpus-882
MinMaxScaler,ElasticNet,-0.03644000000000001,0.1665156839459875,6.527620000000001,1.0700012602796316,7.8350800000000005,-0.04648000000000002,0.3547401401025827,-0.28959999999999997,5,negative_training,CRADK,HRSD_17.1,HRSD17,cross-corpus-882
MinMaxScaler,Lasso,-0.04229999999999999,0.16112838049207842,6.82102,1.0171184798242534,8.33068,-0.03839999999999999,0.25549860077894754,-0.45831999999999995,5,negative_training,CRADK,HRSD_17.1,HRSD17,cross-corpus-882
MinMaxScaler,Ridge,-0.05023999999999999,0.18786031512802268,6.58764,0.9488690125617968,8.0353,-0.07057999999999999,0.30551518292877033,-0.3603,5,negative_training,CRADK,HRSD_17.1,HRSD17,cross-corpus-882
RobustScaler,MLP,-0.05308,0.27146781024644523,7.38264,1.60530292873339,8.88402,-0.060060000000000016,0.29962462849372046,-0.6824800000000001,5,negative_training,CRADK,HRSD_17.1,HRSD17,cross-corpus-882
MinMaxScaler,SVR,-0.06095999999999999,0.17178656233826906,6.69538,1.2011815587162502,8.02282,-0.09829999999999998,0.3344539355426992,-0.34756,5,negative_training,CRADK,HRSD_17.1,HRSD17,cross-corpus-882
StandardScaler,Ridge,-0.06558,0.14730555658222808,6.96524,1.3931355382732866,8.615120000000001,-0.08075999999999998,0.17824624259714422,-0.5518,5,negative_training,CRADK,HRSD_17.1,HRSD17,cross-corpus-882
StandardScaler,ElasticNet,-0.07483999999999999,0.14782497420936694,7.08348,1.406441917392965,8.748,-0.08634000000000001,0.17773542978258444,-0.603,5,negative_training,CRADK,HRSD_17.1,HRSD17,cross-corpus-882
MinMaxScaler,KNN,-0.08008,0.14747058011684908,6.58014,1.013257315789035,7.99174,-0.13134,0.2739168724266543,-0.34024,5,negative_training,CRADK,HRSD_17.1,HRSD17,cross-corpus-882
StandardScaler,Lasso,-0.09067999999999998,0.15943389539241648,7.28936,1.559238233240835,9.01732,-0.1002,0.18458434386480346,-0.70984,5,negative_training,CRADK,HRSD_17.1,HRSD17,cross-corpus-882
StandardScaler,MLP,-0.09419999999999999,0.13888245029520468,7.91666,1.2307776700119313,9.47802,-0.10242,0.15561640980307956,-0.89482,5,negative_training,CRADK,HRSD_17.1,HRSD17,cross-corpus-882
RobustScaler,XGB,0.28536,0.19118533678083158,6.9143,1.4764461944141416,8.20238,0.30982,0.19820729552667832,-0.09522,5,negative_training,CRADK,HRSD_21.1,HRSD21,cross-corpus-882
RobustScaler,LGBM,0.26928,0.12303293055113335,6.316539999999999,0.8612729840184238,7.647539999999999,0.35629999999999995,0.1311322424120018,0.057199999999999994,5,negative_training,CRADK,HRSD_21.1,HRSD21,cross-corpus-882
RobustScaler,GB,0.24094,0.2535682215893782,6.96998,1.4214354283610635,8.2223,0.29706,0.2979901307090555,-0.12636,5,negative_training,CRADK,HRSD_21.1,HRSD21,cross-corpus-882
MinMaxScaler,XGB,0.23952,0.1529448658831018,6.89346,1.4013186051002104,8.545440000000001,0.2644,0.17055349600638503,-0.18431999999999998,5,negative_training,CRADK,HRSD_21.1,HRSD21,cross-corpus-882
StandardScaler,XGB,0.22648000000000001,0.07247073202334858,6.98394,1.2189948966259048,8.64564,0.24386000000000002,0.07726877118215353,-0.19504,5,negative_training,CRADK,HRSD_21.1,HRSD21,cross-corpus-882
MinMaxScaler,GB,0.22122000000000003,0.12111132069298891,7.232939999999999,1.2077405093810512,8.95184,0.24108000000000002,0.12927701651879192,-0.2819,5,negative_training,CRADK,HRSD_21.1,HRSD21,cross-corpus-882
StandardScaler,GB,0.21956000000000003,0.15608594747766372,6.671899999999999,1.2892159109319121,8.61152,0.24236,0.17812052941758286,-0.21176,5,negative_training,CRADK,HRSD_21.1,HRSD21,cross-corpus-882
StandardScaler,LGBM,0.21544,0.1535098954465151,6.599459999999999,1.1053363460956123,7.9352599999999995,0.27353999999999995,0.17748341612669052,-0.01479999999999999,5,negative_training,CRADK,HRSD_21.1,HRSD21,cross-corpus-882
StandardScaler,CatBoost,0.17966000000000001,0.09167405848984761,6.70396,1.4597616425293547,8.31618,0.21326,0.10757106023461886,-0.09250000000000003,5,negative_training,CRADK,HRSD_21.1,HRSD21,cross-corpus-882
RobustScaler,RF,0.1726,0.1727952256284878,6.581099999999999,0.7934423892129782,7.900179999999999,0.24609999999999999,0.22128211631309028,-0.012260000000000004,5,negative_training,CRADK,HRSD_21.1,HRSD21,cross-corpus-882
StandardScaler,RF,0.16197999999999999,0.09310068205980017,6.563219999999999,1.0716000405935042,8.08938,0.21738,0.11564614995753209,-0.04198,5,negative_training,CRADK,HRSD_21.1,HRSD21,cross-corpus-882
MinMaxScaler,CatBoost,0.14648,0.15672497248364728,7.1465000000000005,1.2264079072641367,8.655559999999998,0.18136000000000002,0.1838095971379079,-0.19694000000000003,5,negative_training,CRADK,HRSD_21.1,HRSD21,cross-corpus-882
RobustScaler,CatBoost,0.14156,0.15763796497037127,6.995039999999999,1.2388622130810187,8.3524,0.1733,0.21082365853954815,-0.11258000000000001,5,negative_training,CRADK,HRSD_21.1,HRSD21,cross-corpus-882
MinMaxScaler,LGBM,0.10739999999999998,0.2121327650317131,7.00462,1.2834745603244346,8.527080000000002,0.1514,0.26661866963886827,-0.18778,5,negative_training,CRADK,HRSD_21.1,HRSD21,cross-corpus-882
StandardScaler,ET,0.10404,0.07862104044083874,6.883159999999999,1.346572921530802,8.47476,0.14531999999999998,0.10902649677945264,-0.13116,5,negative_training,CRADK,HRSD_21.1,HRSD21,cross-corpus-882
RobustScaler,ET,0.10247999999999999,0.14115522307020734,6.95672,1.2172930509947057,8.291360000000001,0.15416000000000002,0.21359476351259174,-0.0945,5,negative_training,CRADK,HRSD_21.1,HRSD21,cross-corpus-882
MinMaxScaler,RF,0.10182,0.1940395629762137,7.106999999999999,1.1201954516958188,8.348519999999999,0.15318,0.2956765327177657,-0.12246000000000001,5,negative_training,CRADK,HRSD_21.1,HRSD21,cross-corpus-882
MinMaxScaler,ET,0.09866,0.13566205438515222,7.2561800000000005,1.0114529633156448,8.476679999999998,0.14156,0.18625080670966235,-0.14852,5,negative_training,CRADK,HRSD_21.1,HRSD21,cross-corpus-882
RobustScaler,KNN,0.03812,0.18518653298768784,7.20266,1.1674766284598592,8.71864,0.09437999999999999,0.26839800111029144,-0.223,5,negative_training,CRADK,HRSD_21.1,HRSD21,cross-corpus-882
RobustScaler,SVR,0.03780000000000001,0.1632250134017455,7.66242,1.4402442039459837,9.16984,0.058660000000000004,0.2072047007188785,-0.34201999999999994,5,negative_training,CRADK,HRSD_21.1,HRSD21,cross-corpus-882
MinMaxScaler,KNN,0.031720000000000005,0.09675480349832767,7.48938,1.367216803217397,8.846659999999998,0.050940000000000006,0.11642035045472077,-0.2643,5,negative_training,CRADK,HRSD_21.1,HRSD21,cross-corpus-882
StandardScaler,KNN,0.030860000000000005,0.11598031298457509,7.575179999999999,1.088572559363867,8.847379999999998,0.04688000000000001,0.16016621678743617,-0.25634,5,negative_training,CRADK,HRSD_21.1,HRSD21,cross-corpus-882
MinMaxScaler,MLP,0.030699999999999995,0.13215057699457844,8.05558,1.3988354753150911,9.725019999999999,0.05394,0.1736938484805953,-0.53606,5,negative_training,CRADK,HRSD_21.1,HRSD21,cross-corpus-882
MinMaxScaler,Ridge,0.02464,0.12957338847155306,8.184239999999999,1.5858570941292287,9.73808,0.0386,0.15277504704630268,-0.5188999999999999,5,negative_training,CRADK,HRSD_21.1,HRSD21,cross-corpus-882
MinMaxScaler,ElasticNet,0.0219,0.1281354751815437,8.12454,1.5094392511790597,9.64378,0.04214,0.16418417402417324,-0.50162,5,negative_training,CRADK,HRSD_21.1,HRSD21,cross-corpus-882
MinMaxScaler,Lasso,0.019380000000000005,0.12870191140771767,8.46326,1.416524017798498,10.01266,0.02356,0.13896952183842326,-0.6012000000000001,5,negative_training,CRADK,HRSD_21.1,HRSD21,cross-corpus-882
RobustScaler,Ridge,0.01828,0.17341827181701472,7.9621200000000005,1.5918166656370958,9.823719999999998,0.04142,0.20281509312671972,-0.6018600000000001,5,negative_training,CRADK,HRSD_21.1,HRSD21,cross-corpus-882
RobustScaler,ElasticNet,0.01578,0.17152783156094523,8.031460000000001,1.419911184898548,9.88568,0.03656,0.20063375339159656,-0.62836,5,negative_training,CRADK,HRSD_21.1,HRSD21,cross-corpus-882
RobustScaler,Lasso,0.015420000000000008,0.1719898456304906,8.1007,1.3227282336141466,9.98608,0.03491999999999999,0.20112771315758554,-0.6698200000000001,5,negative_training,CRADK,HRSD_21.1,HRSD21,cross-corpus-882
StandardScaler,ElasticNet,0.003980000000000002,0.15813716198288116,9.221979999999999,1.882610018564652,11.0158,0.0037000000000000006,0.17324618321914048,-0.94072,5,negative_training,CRADK,HRSD_21.1,HRSD21,cross-corpus-882
MinMaxScaler,SVR,-0.005859999999999999,0.1443671465396473,8.2059,1.5392130343133146,9.791479999999998,-0.00116,0.16147153928788813,-0.5303800000000001,5,negative_training,CRADK,HRSD_21.1,HRSD21,cross-corpus-882
StandardScaler,Ridge,-0.0060799999999999925,0.15275458094603905,9.41138,1.872122467147916,11.3155,-0.006399999999999994,0.16868300151467547,-1.06044,5,negative_training,CRADK,HRSD_21.1,HRSD21,cross-corpus-882
StandardScaler,Lasso,-0.01978,0.15177689876921321,9.37448,1.931701534140303,11.257719999999999,-0.021259999999999994,0.16693635913125696,-1.02978,5,negative_training,CRADK,HRSD_21.1,HRSD21,cross-corpus-882
StandardScaler,SVR,-0.0379,0.14826872563018811,8.0096,1.5280079908168023,9.77544,-0.036820000000000006,0.18712687407211182,-0.5059600000000001,5,negative_training,CRADK,HRSD_21.1,HRSD21,cross-corpus-882
RobustScaler,MLP,-0.07426,0.13666282596229307,8.974680000000001,1.0933373024826332,11.05276,-0.0777,0.1449105931255545,-1.07042,5,negative_training,CRADK,HRSD_21.1,HRSD21,cross-corpus-882
StandardScaler,MLP,-0.13834,0.06996826423457994,9.73292,1.4498722881688577,11.891020000000001,-0.15672,0.09651770303939065,-1.2710000000000001,5,negative_training,CRADK,HRSD_21.1,HRSD21,cross-corpus-882
StandardScaler,GB,0.30870000000000003,0.11030840856435196,8.112660000000002,1.3199705670961006,10.1849,0.34374000000000005,0.11762188571860256,-0.08448,5,negative_training,CRADK,HRSD_24.1,HRSD24,cross-corpus-882
StandardScaler,XGB,0.30843999999999994,0.1331592392588663,7.73304,1.58140872104589,10.10618,0.34738,0.14267253414725622,-0.0458,5,negative_training,CRADK,HRSD_24.1,HRSD24,cross-corpus-882
RobustScaler,XGB,0.21791999999999997,0.253156793311971,8.972440000000002,2.153942048431201,10.86016,0.22719999999999999,0.28565015315941983,-0.23258,5,negative_training,CRADK,HRSD_24.1,HRSD24,cross-corpus-882
MinMaxScaler,GB,0.19118,0.2028991301114916,8.88748,1.7433850942921363,11.32892,0.21322000000000002,0.2161286931436916,-0.35486,5,negative_training,CRADK,HRSD_24.1,HRSD24,cross-corpus-882
StandardScaler,CatBoost,0.19026,0.12996573779269674,8.18138,1.152848516501627,10.264319999999998,0.24167999999999998,0.17307250503762867,-0.10985999999999999,5,negative_training,CRADK,HRSD_24.1,HRSD24,cross-corpus-882
StandardScaler,RF,0.18566,0.10428709412003004,8.18978,1.6161657114912442,10.04728,0.27026000000000006,0.138231953614206,-0.03935999999999999,5,negative_training,CRADK,HRSD_24.1,HRSD24,cross-corpus-882
MinMaxScaler,XGB,0.17776,0.21313437779954694,8.60056,1.7495280972307936,11.027179999999998,0.19942000000000001,0.23182650193625406,-0.2792,5,negative_training,CRADK,HRSD_24.1,HRSD24,cross-corpus-882
RobustScaler,GB,0.17294,0.308180382243906,9.63906,2.454035124646752,11.14132,0.18493999999999997,0.3410199964811448,-0.2915,5,negative_training,CRADK,HRSD_24.1,HRSD24,cross-corpus-882
StandardScaler,ET,0.14922,0.08368146150731356,8.50986,1.847246605897545,10.47424,0.20566,0.11193021486622816,-0.12766,5,negative_training,CRADK,HRSD_24.1,HRSD24,cross-corpus-882
StandardScaler,Lasso,0.13386,0.12915220865320112,9.513079999999999,1.3263063435722526,11.65934,0.16424,0.16592883414283366,-0.4802200000000001,5,negative_training,CRADK,HRSD_24.1,HRSD24,cross-corpus-882
StandardScaler,Ridge,0.13312,0.1381282266591445,9.44842,1.303057259678177,11.66632,0.16224,0.17252206525543334,-0.46742000000000006,5,negative_training,CRADK,HRSD_24.1,HRSD24,cross-corpus-882
RobustScaler,CatBoost,0.12932,0.27258820957627644,9.04914,1.8915063951781925,10.728159999999999,0.16016000000000002,0.3389133709371762,-0.21332,5,negative_training,CRADK,HRSD_24.1,HRSD24,cross-corpus-882
StandardScaler,LGBM,0.1207,0.22466694238360926,8.336120000000001,1.7840818624715618,10.248000000000001,0.12361999999999998,0.3072128285081858,-0.09516,5,negative_training,CRADK,HRSD_24.1,HRSD24,cross-corpus-882
StandardScaler,ElasticNet,0.11967999999999998,0.14507378122872513,8.921240000000001,1.2478273330072551,10.96664,0.15526,0.1892230377094713,-0.29398,5,negative_training,CRADK,HRSD_24.1,HRSD24,cross-corpus-882
RobustScaler,LGBM,0.1096,0.21327377944791998,8.599239999999998,1.9685657807144772,10.45104,0.11984000000000002,0.28399930105547794,-0.12373999999999999,5,negative_training,CRADK,HRSD_24.1,HRSD24,cross-corpus-882
MinMaxScaler,RF,0.10916,0.18222352482596751,8.502320000000001,1.8535719076960564,10.50686,0.14886,0.2479206082599831,-0.13414,5,negative_training,CRADK,HRSD_24.1,HRSD24,cross-corpus-882
RobustScaler,RF,0.09404000000000001,0.1721615607503603,8.6373,1.926122956874768,10.378820000000001,0.13355999999999998,0.2601487708984995,-0.10678000000000001,5,negative_training,CRADK,HRSD_24.1,HRSD24,cross-corpus-882
MinMaxScaler,LGBM,0.08464,0.2445330816065589,8.707139999999999,2.1165121823415047,10.56426,0.11038,0.3045610562760774,-0.17532,5,negative_training,CRADK,HRSD_24.1,HRSD24,cross-corpus-882
MinMaxScaler,ET,0.08462,0.1462669374807581,8.86262,1.8384086466289264,10.864239999999999,0.12143999999999999,0.19000125789057293,-0.21642,5,negative_training,CRADK,HRSD_24.1,HRSD24,cross-corpus-882
RobustScaler,Ridge,0.08426,0.0940492052066364,9.39994,1.6944099276739384,11.19442,0.12179999999999999,0.14878192094471693,-0.32852,5,negative_training,CRADK,HRSD_24.1,HRSD24,cross-corpus-882
RobustScaler,Lasso,0.0795,0.09478288347586815,9.657900000000001,1.151968960085297,11.49618,0.11063999999999999,0.1513757675455355,-0.43732,5,negative_training,CRADK,HRSD_24.1,HRSD24,cross-corpus-882
MinMaxScaler,MLP,0.0705,0.10504130140092514,9.74676,1.8266504613636396,11.968899999999998,0.10110000000000001,0.14148358562038213,-0.52496,5,negative_training,CRADK,HRSD_24.1,HRSD24,cross-corpus-882
RobustScaler,ElasticNet,0.06164000000000001,0.09981950210254507,9.519940000000002,1.421675294502933,11.32874,0.09176,0.15975602649039564,-0.3694,5,negative_training,CRADK,HRSD_24.1,HRSD24,cross-corpus-882
StandardScaler,SVR,0.06068,0.13374033423017906,9.59116,2.3481519931639863,11.858479999999998,0.08282,0.17833945721572667,-0.47350000000000003,5,negative_training,CRADK,HRSD_24.1,HRSD24,cross-corpus-882
MinMaxScaler,Ridge,0.046819999999999994,0.0921514894073883,9.68222,1.8342394178514432,11.8135,0.06248,0.11131889776673141,-0.44896,5,negative_training,CRADK,HRSD_24.1,HRSD24,cross-corpus-882
MinMaxScaler,ElasticNet,0.0445,0.09199203769892261,9.66378,2.0321623217646767,11.69712,0.0699,0.12911235417263525,-0.42888000000000004,5,negative_training,CRADK,HRSD_24.1,HRSD24,cross-corpus-882
RobustScaler,ET,0.04392,0.18171002173793277,9.025,2.0468076448459924,10.77874,0.05278000000000001,0.2628735285265521,-0.19296000000000002,5,negative_training,CRADK,HRSD_24.1,HRSD24,cross-corpus-882
RobustScaler,SVR,0.043160000000000004,0.2994425704538351,9.60458,2.508940733058475,11.6536,0.06508,0.3382709816108973,-0.42151999999999995,5,negative_training,CRADK,HRSD_24.1,HRSD24,cross-corpus-882
MinMaxScaler,Lasso,0.040139999999999995,0.09016774922332263,10.0901,1.8471430764832486,12.28208,0.04642,0.10100441574505542,-0.5656000000000001,5,negative_training,CRADK,HRSD_24.1,HRSD24,cross-corpus-882
MinMaxScaler,CatBoost,0.03948,0.16253135697458504,9.24654,1.983052868180775,11.3836,0.051500000000000004,0.1815211833368216,-0.33002,5,negative_training,CRADK,HRSD_24.1,HRSD24,cross-corpus-882
StandardScaler,MLP,0.03034,0.176669841795367,9.50252,1.545414656977214,12.39828,0.061819999999999986,0.2735807686954622,-0.64798,5,negative_training,CRADK,HRSD_24.1,HRSD24,cross-corpus-882
RobustScaler,MLP,0.013499999999999995,0.11472573817587753,10.34142,1.0667774636727192,12.49204,0.05022,0.18612409032685695,-0.69706,5,negative_training,CRADK,HRSD_24.1,HRSD24,cross-corpus-882
RobustScaler,KNN,-0.01628,0.2493589521152188,9.41342,2.4735828320474735,11.2473,0.014920000000000017,0.33636306574890174,-0.31457999999999997,5,negative_training,CRADK,HRSD_24.1,HRSD24,cross-corpus-882
StandardScaler,KNN,-0.021180000000000008,0.16650041141090313,9.56662,1.5301638317513588,11.60266,-0.01602,0.3083322104484058,-0.43392,5,negative_training,CRADK,HRSD_24.1,HRSD24,cross-corpus-882
MinMaxScaler,SVR,-0.027860000000000003,0.13172037807416132,10.0787,2.3723678119128158,12.33872,-0.019839999999999997,0.16506292133607717,-0.56172,5,negative_training,CRADK,HRSD_24.1,HRSD24,cross-corpus-882
MinMaxScaler,KNN,-0.10228,0.14051166143776112,9.97912,2.204133212172078,11.86282,-0.13854000000000002,0.19898342393274876,-0.44994000000000006,5,negative_training,CRADK,HRSD_24.1,HRSD24,cross-corpus-882
RobustScaler,KNN,0.2639,0.16007390480649872,5.02648,0.961952076249124,5.92562,0.32788,0.16098292456033964,-0.09734000000000001,5,negative_training,SHAM,phq_8,PHQ8,cross-corpus-882
RobustScaler,SVR,0.21723999999999996,0.13579620024139114,5.065780000000001,0.9848550690330026,5.991619999999999,0.29408,0.17126447967982153,-0.1203,5,negative_training,SHAM,phq_8,PHQ8,cross-corpus-882
RobustScaler,ET,0.2153,0.07354845341677825,4.94792,0.7434508437011823,5.89754,0.30840000000000006,0.13627022785627094,-0.1095,5,negative_training,SHAM,phq_8,PHQ8,cross-corpus-882
MinMaxScaler,SVR,0.21032,0.1840513297968803,5.4016,1.3115327388212619,6.180479999999999,0.2798,0.22746739326769455,-0.21498,5,negative_training,SHAM,phq_8,PHQ8,cross-corpus-882
StandardScaler,KNN,0.1845,0.23999090607770954,5.16574,0.6394945918457793,6.057840000000001,0.26602,0.2987513715449688,-0.23707999999999996,5,negative_training,SHAM,phq_8,PHQ8,cross-corpus-882
StandardScaler,XGB,0.17174,0.12866772322536837,5.13758,1.0139036305290559,6.060980000000001,0.23297999999999996,0.15572095876920355,-0.17602,5,negative_training,SHAM,phq_8,PHQ8,cross-corpus-882
RobustScaler,XGB,0.15894,0.18783472256215036,5.46534,1.364091750213306,6.52332,0.18478,0.21081258738509898,-0.3544,5,negative_training,SHAM,phq_8,PHQ8,cross-corpus-882
RobustScaler,CatBoost,0.15806,0.04510014412393823,5.15616,0.952746696661815,6.0789,0.21295999999999998,0.06258448689571561,-0.15144,5,negative_training,SHAM,phq_8,PHQ8,cross-corpus-882
RobustScaler,GB,0.15154,0.17698697127189897,5.73416,1.3550884059720973,6.7867999999999995,0.16987999999999998,0.20438840965181954,-0.47274000000000005,5,negative_training,SHAM,phq_8,PHQ8,cross-corpus-882
StandardScaler,Ridge,0.14862,0.22186172946229368,5.592779999999999,0.6896747653785803,6.82108,0.20299999999999999,0.26741888489783217,-0.5576200000000001,5,negative_training,SHAM,phq_8,PHQ8,cross-corpus-882
MinMaxScaler,KNN,0.14794000000000002,0.2817298493237804,5.5405,0.6104919041232243,6.439959999999999,0.18434,0.33865135907006194,-0.43588000000000005,5,negative_training,SHAM,phq_8,PHQ8,cross-corpus-882
MinMaxScaler,CatBoost,0.14474,0.09848323715231948,5.275860000000001,0.9897820835921408,6.30514,0.2077,0.157225840751449,-0.27024,5,negative_training,SHAM,phq_8,PHQ8,cross-corpus-882
RobustScaler,MLP,0.13988,0.2039617292533087,5.91688,0.695018389684762,7.18858,0.1516,0.2335165518758788,-0.6239,5,negative_training,SHAM,phq_8,PHQ8,cross-corpus-882
StandardScaler,ElasticNet,0.1398,0.23172591568488837,5.4581800000000005,0.7951219761772403,6.58442,0.20066,0.28227191323261336,-0.43217999999999995,5,negative_training,SHAM,phq_8,PHQ8,cross-corpus-882
MinMaxScaler,ET,0.13762,0.17066132250747384,5.24752,0.7764147004017891,6.1842999999999995,0.23026,0.2767839012659515,-0.25652,5,negative_training,SHAM,phq_8,PHQ8,cross-corpus-882
StandardScaler,Lasso,0.13704,0.20777684664081317,5.41644,0.8660610099756252,6.6411,0.21137999999999998,0.2602038470122992,-0.48950000000000005,5,negative_training,SHAM,phq_8,PHQ8,cross-corpus-882
StandardScaler,SVR,0.13620000000000002,0.10355993433756125,5.1257,0.8961558039760721,6.16416,0.19358,0.12316124390407886,-0.21842,5,negative_training,SHAM,phq_8,PHQ8,cross-corpus-882
StandardScaler,CatBoost,0.11983999999999999,0.18599066643248527,5.1964,0.8218566146232563,6.02258,0.17260000000000003,0.2707734015740837,-0.17095999999999997,5,negative_training,SHAM,phq_8,PHQ8,cross-corpus-882
RobustScaler,RF,0.11412,0.09167961605504246,5.1906,0.5938561273574602,6.09816,0.17722000000000002,0.15176381979905487,-0.19316,5,negative_training,SHAM,phq_8,PHQ8,cross-corpus-882
StandardScaler,ET,0.09908000000000002,0.2374562843977813,5.16822,1.025915843039769,6.1723799999999995,0.13664000000000004,0.306429637926882,-0.23902,5,negative_training,SHAM,phq_8,PHQ8,cross-corpus-882
RobustScaler,Ridge,0.09807999999999999,0.18646800529849616,5.8875399999999996,1.5326033971644457,7.43106,0.14024,0.2366920425362881,-1.01254,5,negative_training,SHAM,phq_8,PHQ8,cross-corpus-882
MinMaxScaler,XGB,0.09484000000000001,0.20229139378629038,5.587339999999999,1.2749454960899311,6.789959999999999,0.12818000000000002,0.26688906309551164,-0.49659999999999993,5,negative_training,SHAM,phq_8,PHQ8,cross-corpus-882
StandardScaler,MLP,0.09336,0.27337248032675127,6.31456,1.0316765326399546,7.867360000000001,0.10615999999999999,0.3250334644309721,-0.9849,5,negative_training,SHAM,phq_8,PHQ8,cross-corpus-882
RobustScaler,ElasticNet,0.07942,0.16824158819982651,5.89936,1.5459642906613336,7.39558,0.12594,0.24268049571401487,-0.99182,5,negative_training,SHAM,phq_8,PHQ8,cross-corpus-882
StandardScaler,GB,0.07342,0.13641323982663855,5.553120000000001,0.8836944817073379,6.6482399999999995,0.09538,0.16673587496396808,-0.42858,5,negative_training,SHAM,phq_8,PHQ8,cross-corpus-882
MinMaxScaler,MLP,0.0725,0.18557870298070303,5.89666,0.8856716451371803,6.8185199999999995,0.10708,0.2515241678248832,-0.5411,5,negative_training,SHAM,phq_8,PHQ8,cross-corpus-882
MinMaxScaler,Lasso,0.07039999999999999,0.1561581730169766,5.879600000000001,1.3137156446506983,7.16596,0.0972,0.18729345957614216,-0.77954,5,negative_training,SHAM,phq_8,PHQ8,cross-corpus-882
RobustScaler,Lasso,0.06976,0.18658445272851648,6.13014,1.3093092045044215,7.75082,0.02300000000000002,0.3285797391806135,-1.1532200000000001,5,negative_training,SHAM,phq_8,PHQ8,cross-corpus-882
MinMaxScaler,ElasticNet,0.06868,0.1868351064441584,5.752319999999999,1.1772591354497957,6.9609,0.09876,0.2297758320624691,-0.6339400000000001,5,negative_training,SHAM,phq_8,PHQ8,cross-corpus-882
MinMaxScaler,Ridge,0.06814,0.17172825335395453,5.8879,1.2837077490612887,7.110939999999999,0.10908000000000002,0.22304637858526194,-0.75512,5,negative_training,SHAM,phq_8,PHQ8,cross-corpus-882
StandardScaler,RF,0.060340000000000005,0.129667162381229,5.26996,0.6890973283941825,6.1684600000000005,0.11646000000000001,0.22358540426423187,-0.21972,5,negative_training,SHAM,phq_8,PHQ8,cross-corpus-882
MinMaxScaler,RF,0.0513,0.08671969211199958,5.4272599999999995,0.6714318677274708,6.344659999999999,0.08452,0.1429592319509307,-0.29162,5,negative_training,SHAM,phq_8,PHQ8,cross-corpus-882
StandardScaler,LGBM,0.046479999999999994,0.21359888108321168,5.53104,0.6579075185768894,6.49238,0.08936000000000001,0.2933697206597845,-0.39289999999999997,5,negative_training,SHAM,phq_8,PHQ8,cross-corpus-882
MinMaxScaler,GB,0.03183999999999999,0.21900008675797367,5.840680000000001,1.0618486295136425,7.014799999999999,0.04034,0.2506795424441332,-0.60088,5,negative_training,SHAM,phq_8,PHQ8,cross-corpus-882
RobustScaler,LGBM,0.03054,0.09752273068367188,5.6341,1.0405097308531046,6.62568,0.03132,0.11663660231676848,-0.38736000000000004,5,negative_training,SHAM,phq_8,PHQ8,cross-corpus-882
MinMaxScaler,LGBM,0.022000000000000002,0.09459505801044789,5.73172,0.9150315579257363,6.68988,0.0187,0.11061256709795682,-0.41794000000000003,5,negative_training,SHAM,phq_8,PHQ8,cross-corpus-882
RobustScaler,KNN,0.278,0.10998659009170163,5.00478,0.9873462498029759,5.9252400000000005,0.3577199999999999,0.11144219129216724,-0.10803999999999998,5,negative_training,SHAM,phq_9,PHQ9,cross-corpus-882
MinMaxScaler,GB,0.22871999999999998,0.1555561538480558,5.32564,1.007359321692116,6.521039999999999,0.26756,0.17725774454167018,-0.33674,5,negative_training,SHAM,phq_9,PHQ9,cross-corpus-882
MinMaxScaler,Lasso,0.22138,0.1107982490836385,5.57512,1.1200641620014453,6.6609,0.26408,0.11946077598944349,-0.45093999999999995,5,negative_training,SHAM,phq_9,PHQ9,cross-corpus-882
MinMaxScaler,Ridge,0.21757999999999997,0.10381814388631691,5.41642,1.0741644133930337,6.4524799999999995,0.2711,0.11669496561548831,-0.37395999999999996,5,negative_training,SHAM,phq_9,PHQ9,cross-corpus-882
MinMaxScaler,ElasticNet,0.21738,0.1112608511561906,5.57386,1.071046111519014,6.6796999999999995,0.26189999999999997,0.12262946220219673,-0.49382000000000004,5,negative_training,SHAM,phq_9,PHQ9,cross-corpus-882
MinMaxScaler,ET,0.21261999999999998,0.13789853878848754,5.19146,1.1824188779785276,6.139660000000001,0.25676,0.1440075449412287,-0.16902,5,negative_training,SHAM,phq_9,PHQ9,cross-corpus-882
MinMaxScaler,MLP,0.19738000000000003,0.1112897659266116,5.58884,1.3909060295361437,6.69938,0.24705999999999997,0.13332390258314525,-0.41859999999999997,5,negative_training,SHAM,phq_9,PHQ9,cross-corpus-882
StandardScaler,KNN,0.19083999999999998,0.09154033537190039,5.433879999999999,1.2243748617151529,6.38396,0.23401999999999998,0.10023934856133095,-0.26226,5,negative_training,SHAM,phq_9,PHQ9,cross-corpus-882
MinMaxScaler,SVR,0.1906,0.15640509902173907,5.73454,1.1979094427376387,6.86174,0.23752000000000004,0.19144423992379608,-0.54894,5,negative_training,SHAM,phq_9,PHQ9,cross-corpus-882
StandardScaler,XGB,0.19006,0.10653301366243238,5.14776,1.2418633733225244,6.52752,0.21589999999999998,0.10864359161957046,-0.32067999999999997,5,negative_training,SHAM,phq_9,PHQ9,cross-corpus-882
MinMaxScaler,CatBoost,0.1867,0.10266450214168478,5.14728,1.2499309068904572,6.241340000000001,0.2363,0.12489941953427965,-0.23274,5,negative_training,SHAM,phq_9,PHQ9,cross-corpus-882
StandardScaler,ET,0.18088,0.13898934131795862,5.22148,1.1774897736286294,6.180960000000001,0.22044000000000002,0.15972802822297658,-0.19866,5,negative_training,SHAM,phq_9,PHQ9,cross-corpus-882
StandardScaler,GB,0.1758,0.1086480096458283,5.37904,1.1422340513222322,6.54966,0.21228000000000002,0.1348098364363669,-0.36224,5,negative_training,SHAM,phq_9,PHQ9,cross-corpus-882
MinMaxScaler,XGB,0.17321999999999999,0.19476813651108338,5.393079999999999,1.3562527832229507,6.52928,0.21328,0.22831245476320386,-0.31348,5,negative_training,SHAM,phq_9,PHQ9,cross-corpus-882
MinMaxScaler,RF,0.17151999999999998,0.10118313594665862,5.1161,1.0320220370709146,6.245760000000001,0.22671999999999998,0.12843267497019595,-0.23722000000000004,5,negative_training,SHAM,phq_9,PHQ9,cross-corpus-882
MinMaxScaler,KNN,0.17106,0.09358382873125036,5.284560000000001,1.221770775554891,6.378380000000001,0.21924000000000002,0.10939071258566697,-0.292,5,negative_training,SHAM,phq_9,PHQ9,cross-corpus-882
RobustScaler,MLP,0.16806,0.11664809471225838,5.82698,1.1506127006947213,7.398359999999999,0.21703999999999998,0.1519588529832994,-0.8888200000000002,5,negative_training,SHAM,phq_9,PHQ9,cross-corpus-882
RobustScaler,ET,0.15836,0.15134653283111574,5.1341,0.9361716375750765,6.09418,0.2163,0.21812268336878674,-0.18317999999999998,5,negative_training,SHAM,phq_9,PHQ9,cross-corpus-882
RobustScaler,XGB,0.15378,0.2117340241907285,5.20382,1.0995923640149565,6.5584999999999996,0.17208,0.24153798252034814,-0.33968,5,negative_training,SHAM,phq_9,PHQ9,cross-corpus-882
RobustScaler,RF,0.15002,0.17172274747394417,5.023439999999999,0.8964825279948295,6.1894599999999995,0.21674,0.2567183729303378,-0.2355,5,negative_training,SHAM,phq_9,PHQ9,cross-corpus-882
StandardScaler,LGBM,0.14762,0.11746847236599274,5.1811,1.1016519754441512,6.347160000000001,0.20646,0.17353392463723052,-0.29934,5,negative_training,SHAM,phq_9,PHQ9,cross-corpus-882
StandardScaler,CatBoost,0.14679999999999999,0.12740824149167118,5.4829,1.223646658557935,6.531039999999999,0.16712,0.14359020509770154,-0.32134,5,negative_training,SHAM,phq_9,PHQ9,cross-corpus-882
StandardScaler,RF,0.14256,0.0924140573722418,5.2389399999999995,1.0931808967412486,6.36672,0.18431999999999998,0.12028248833475304,-0.28400000000000003,5,negative_training,SHAM,phq_9,PHQ9,cross-corpus-882
RobustScaler,CatBoost,0.1421,0.17428666041897756,5.1903999999999995,1.0586264874827194,6.230119999999999,0.18529999999999996,0.23470904328551123,-0.22446000000000002,5,negative_training,SHAM,phq_9,PHQ9,cross-corpus-882
RobustScaler,SVR,0.14184,0.049545665804386976,5.294619999999999,0.8680445795003843,6.36888,0.22812000000000002,0.18146719262720742,-0.28656,5,negative_training,SHAM,phq_9,PHQ9,cross-corpus-882
RobustScaler,GB,0.13904,0.23758956837369777,5.17958,1.0319659572873512,6.375100000000001,0.16021999999999997,0.2855579398300807,-0.29063999999999995,5,negative_training,SHAM,phq_9,PHQ9,cross-corpus-882
StandardScaler,MLP,0.1299,0.10882639845184625,6.18802,1.0532507569425236,7.70946,0.15288,0.1294718386368248,-0.99544,5,negative_training,SHAM,phq_9,PHQ9,cross-corpus-882
StandardScaler,ElasticNet,0.1259,0.039406534991039244,5.9378400000000005,0.7038026413704342,7.2203599999999994,0.14651999999999998,0.05129548713093579,-0.7704799999999999,5,negative_training,SHAM,phq_9,PHQ9,cross-corpus-882
StandardScaler,Lasso,0.12229999999999999,0.05266379211564621,6.035759999999999,0.6384048151447479,7.37346,0.14023999999999998,0.06209845408703826,-0.8554400000000001,5,negative_training,SHAM,phq_9,PHQ9,cross-corpus-882
RobustScaler,LGBM,0.1203,0.10190282135446496,5.0520000000000005,0.7938522564054349,6.37778,0.16982,0.15052606750991668,-0.32066,5,negative_training,SHAM,phq_9,PHQ9,cross-corpus-882
RobustScaler,ElasticNet,0.11914,0.08673484305629428,5.901619999999999,0.5094248737547078,7.17976,0.14384000000000002,0.10910654425835327,-0.75828,5,negative_training,SHAM,phq_9,PHQ9,cross-corpus-882
StandardScaler,Ridge,0.11640000000000002,0.04237853230115456,5.99038,0.6415908875599777,7.251519999999999,0.13748,0.05536783362205894,-0.79746,5,negative_training,SHAM,phq_9,PHQ9,cross-corpus-882
RobustScaler,Lasso,0.10912,0.10304196717842687,6.05418,0.5207392696926165,7.38594,0.13174000000000002,0.12424805028651353,-0.8765599999999999,5,negative_training,SHAM,phq_9,PHQ9,cross-corpus-882
RobustScaler,Ridge,0.10174000000000001,0.09811741945240916,6.08072,0.6111277010576435,7.3811800000000005,0.12846000000000002,0.12550718306136904,-0.8641,5,negative_training,SHAM,phq_9,PHQ9,cross-corpus-882
StandardScaler,SVR,0.09922,0.13020323344679272,5.7735,1.1672754859072476,7.00634,0.11452,0.1485571337903367,-0.54188,5,negative_training,SHAM,phq_9,PHQ9,cross-corpus-882
MinMaxScaler,LGBM,0.07605999999999999,0.08636430396871152,5.46742,1.0977391206475244,6.5889,0.13057999999999997,0.1620038178562468,-0.38878,5,negative_training,SHAM,phq_9,PHQ9,cross-corpus-882
RobustScaler,SVR,0.20232,0.14664721954404727,10.1489,0.7796269588719983,12.28956,0.24306,0.16936281469082876,-0.15284,5,negative_training,SHAM,ads.1,CES-D,cross-corpus-882
MinMaxScaler,KNN,0.18922,0.2635414616336489,10.587280000000002,3.000852309261487,12.605419999999999,0.22122000000000003,0.3069016976166799,-0.21922000000000003,5,negative_training,SHAM,ads.1,CES-D,cross-corpus-882
MinMaxScaler,ET,0.18248,0.1824561645985139,10.03354,1.9954264727120365,12.244620000000001,0.21622,0.22047642050795363,-0.14026,5,negative_training,SHAM,ads.1,CES-D,cross-corpus-882
RobustScaler,MLP,0.16658,0.098865322535255,13.46532,4.1834174292078465,18.78074,0.21758000000000002,0.13758905116323755,-2.1067199999999997,5,negative_training,SHAM,ads.1,CES-D,cross-corpus-882
RobustScaler,Ridge,0.16262000000000001,0.1369657329407615,12.57252,2.4684612954227174,15.498339999999999,0.19202,0.16176522184944453,-0.86754,5,negative_training,SHAM,ads.1,CES-D,cross-corpus-882
RobustScaler,ElasticNet,0.16102,0.13285186110852945,12.41002,2.055100607512926,15.43304,0.1972,0.15495154081195836,-0.8534200000000001,5,negative_training,SHAM,ads.1,CES-D,cross-corpus-882
RobustScaler,KNN,0.15389999999999998,0.11516453447133801,10.766680000000001,1.7047397431866247,13.113000000000003,0.18408000000000002,0.1415907553479393,-0.29164,5,negative_training,SHAM,ads.1,CES-D,cross-corpus-882
StandardScaler,ET,0.15008000000000002,0.16740799562744907,10.344739999999998,1.4244937883332447,12.604099999999999,0.18883999999999998,0.23324245539781133,-0.21109999999999998,5,negative_training,SHAM,ads.1,CES-D,cross-corpus-882
MinMaxScaler,MLP,0.1484,0.15500198385827194,10.931759999999999,1.7617816104727624,13.13452,0.17408,0.19510296512354702,-0.3154199999999999,5,negative_training,SHAM,ads.1,CES-D,cross-corpus-882
RobustScaler,Lasso,0.14472000000000002,0.16012528532371145,12.798219999999999,2.511537858962114,15.724579999999998,0.16544,0.19575221071548593,-0.92156,5,negative_training,SHAM,ads.1,CES-D,cross-corpus-882
StandardScaler,MLP,0.13540000000000002,0.14568052374974497,14.103699999999998,4.537523779001053,19.20228,0.18656,0.1953790367465251,-2.20774,5,negative_training,SHAM,ads.1,CES-D,cross-corpus-882
StandardScaler,KNN,0.13258,0.15388088575258463,10.56962,2.6201341419858646,12.635099999999998,0.15564,0.17525336801328528,-0.17709999999999998,5,negative_training,SHAM,ads.1,CES-D,cross-corpus-882
MinMaxScaler,Ridge,0.128,0.1798036846118566,11.66478,1.716328467106457,13.93198,0.15023999999999998,0.233465624878696,-0.48756000000000005,5,negative_training,SHAM,ads.1,CES-D,cross-corpus-882
MinMaxScaler,RF,0.1264,0.23518840320049797,10.37732,2.1957455059728583,12.47882,0.13541999999999998,0.3050220434657141,-0.16396000000000002,5,negative_training,SHAM,ads.1,CES-D,cross-corpus-882
MinMaxScaler,ElasticNet,0.12628,0.17215951033852298,11.62438,2.2246046990420565,14.13492,0.15344,0.2356484203214611,-0.5174,5,negative_training,SHAM,ads.1,CES-D,cross-corpus-882
MinMaxScaler,Lasso,0.12012,0.18817704961020085,11.754999999999999,2.2360616169953826,14.332940000000002,0.12245999999999999,0.27186110976011263,-0.56858,5,negative_training,SHAM,ads.1,CES-D,cross-corpus-882
StandardScaler,Ridge,0.11886000000000001,0.17348068480381323,12.855739999999997,2.6149712059600194,15.892079999999998,0.13335999999999998,0.22699925770803744,-0.98856,5,negative_training,SHAM,ads.1,CES-D,cross-corpus-882
MinMaxScaler,SVR,0.1179,0.2048561324442107,10.819120000000002,2.2515270233776894,13.0438,0.11929999999999999,0.27020079570571215,-0.28984,5,negative_training,SHAM,ads.1,CES-D,cross-corpus-882
RobustScaler,GB,0.1177,0.2323246973526491,11.420639999999999,1.7180564231130475,13.633779999999998,0.13842,0.2908928187494494,-0.40068000000000004,5,negative_training,SHAM,ads.1,CES-D,cross-corpus-882
StandardScaler,LGBM,0.1152,0.10681615046424393,10.2942,1.803186773465245,12.416839999999999,0.19942,0.1868851706262431,-0.17126,5,negative_training,SHAM,ads.1,CES-D,cross-corpus-882
StandardScaler,ElasticNet,0.11241999999999999,0.170899625511585,12.813139999999999,2.599048029182993,15.892780000000002,0.13066,0.2216441021096659,-0.9772000000000001,5,negative_training,SHAM,ads.1,CES-D,cross-corpus-882
MinMaxScaler,LGBM,0.10415999999999999,0.12313091813188107,10.785440000000001,1.7350546023108329,12.63682,0.14784,0.15283160013557406,-0.21982,5,negative_training,SHAM,ads.1,CES-D,cross-corpus-882
MinMaxScaler,CatBoost,0.10366,0.26496912650344756,10.4785,2.6470358922764916,12.6323,0.09203999999999998,0.33385752649895434,-0.21336000000000005,5,negative_training,SHAM,ads.1,CES-D,cross-corpus-882
StandardScaler,Lasso,0.09626,0.16824438475027925,12.97566,2.5638119223141147,16.065040000000003,0.12450000000000001,0.22604937513738013,-1.03278,5,negative_training,SHAM,ads.1,CES-D,cross-corpus-882
RobustScaler,ET,0.09576,0.17833560496995549,10.73942,1.4385958386565705,12.845400000000001,0.11424000000000001,0.2503546744121227,-0.27046000000000003,5,negative_training,SHAM,ads.1,CES-D,cross-corpus-882
StandardScaler,RF,0.09572,0.1743805379048935,10.46106,1.5935193826872638,12.58502,0.12666,0.2508142998315686,-0.18174,5,negative_training,SHAM,ads.1,CES-D,cross-corpus-882
RobustScaler,CatBoost,0.09214,0.17163791247856636,10.60736,1.6869289827968454,12.818999999999999,0.11238,0.25390695539902014,-0.24918,5,negative_training,SHAM,ads.1,CES-D,cross-corpus-882
RobustScaler,RF,0.08158000000000001,0.15551433052937597,10.663839999999999,1.3199806184183156,12.80238,0.10538,0.24779710853841697,-0.25014000000000003,5,negative_training,SHAM,ads.1,CES-D,cross-corpus-882
StandardScaler,SVR,0.07627999999999999,0.12559164781146873,11.05378,1.6922676257022702,13.28296,0.08668000000000001,0.16396626787238894,-0.33420000000000005,5,negative_training,SHAM,ads.1,CES-D,cross-corpus-882
StandardScaler,CatBoost,0.0748,0.21592340076981004,10.80086,1.631632333891432,13.031659999999999,0.05676000000000001,0.32841785578740995,-0.25461999999999996,5,negative_training,SHAM,ads.1,CES-D,cross-corpus-882
StandardScaler,GB,0.07454000000000001,0.21048158589292318,11.38222,1.2866241591855798,13.783599999999998,0.10388,0.27077943422645673,-0.48464,5,negative_training,SHAM,ads.1,CES-D,cross-corpus-882
RobustScaler,LGBM,0.06776000000000001,0.07381275635010523,10.9515,1.4014892578967562,13.215879999999999,0.10912,0.12774052606749356,-0.36504000000000003,5,negative_training,SHAM,ads.1,CES-D,cross-corpus-882
RobustScaler,XGB,0.06431999999999999,0.2822481744847963,11.45254,1.8889223258249654,14.01858,0.07746,0.33308452831075774,-0.47028,5,negative_training,SHAM,ads.1,CES-D,cross-corpus-882
MinMaxScaler,GB,0.053200000000000004,0.33570666511107583,11.335460000000001,2.317733927352317,13.63976,0.05717999999999999,0.41323731317488743,-0.44245999999999996,5,negative_training,SHAM,ads.1,CES-D,cross-corpus-882
StandardScaler,XGB,0.04372,0.1546054559192527,11.5444,1.1305216760416406,13.90292,0.06200000000000001,0.20141052604072113,-0.48428000000000004,5,negative_training,SHAM,ads.1,CES-D,cross-corpus-882
MinMaxScaler,XGB,0.018639999999999997,0.3096619091848399,11.820939999999998,2.881422687319581,14.3459,0.006120000000000014,0.3596328572308153,-0.58886,5,negative_training,SHAM,ads.1,CES-D,cross-corpus-882
MinMaxScaler,Ridge,0.22864,0.19054079090840367,3.1727,0.6747641995541849,3.8912799999999996,0.29185999999999995,0.2751173804033471,0.038380000000000004,5,negative_training,SHAM,HRSD_6.1,HRSD6,cross-corpus-882
MinMaxScaler,MLP,0.22654000000000002,0.19025220892278755,3.3097000000000003,0.5178928605416374,3.9657199999999997,0.27246,0.24448843121914787,-0.0172,5,negative_training,SHAM,HRSD_6.1,HRSD6,cross-corpus-882
MinMaxScaler,SVR,0.22157999999999997,0.23971115326575854,3.31916,0.41883525758942497,3.95064,0.30624000000000007,0.3031798195790742,-0.061959999999999994,5,negative_training,SHAM,HRSD_6.1,HRSD6,cross-corpus-882
MinMaxScaler,ElasticNet,0.20294000000000004,0.16473953077509965,3.25792,0.6239987075307128,3.9586599999999996,0.27666,0.25036374138441053,0.003320000000000001,5,negative_training,SHAM,HRSD_6.1,HRSD6,cross-corpus-882
MinMaxScaler,Lasso,0.20049999999999998,0.1499584275724442,3.2857399999999997,0.5335973884868629,3.9938399999999996,0.25165999999999994,0.24337501515151466,-0.02482,5,negative_training,SHAM,HRSD_6.1,HRSD6,cross-corpus-882
RobustScaler,MLP,0.18492000000000003,0.3161986827929554,3.67586,1.0450663821021131,4.52134,0.15677999999999997,0.40814870084320987,-0.3084,5,negative_training,SHAM,HRSD_6.1,HRSD6,cross-corpus-882
RobustScaler,ElasticNet,0.17782,0.21826490098043708,3.28108,0.7237460169147735,4.052960000000001,0.18717999999999999,0.25899963706538276,-0.04308,5,negative_training,SHAM,HRSD_6.1,HRSD6,cross-corpus-882
RobustScaler,Lasso,0.17604,0.21659347404758067,3.31926,0.7916070445618839,4.15064,0.18882000000000002,0.2579700215141287,-0.09258000000000001,5,negative_training,SHAM,HRSD_6.1,HRSD6,cross-corpus-882
RobustScaler,Ridge,0.16309999999999997,0.2311064257003686,3.29558,0.8005118843590018,4.11048,0.17862,0.2746424621212095,-0.06664,5,negative_training,SHAM,HRSD_6.1,HRSD6,cross-corpus-882
MinMaxScaler,LGBM,0.15054,0.1001314286325727,3.25974,0.7022358955507759,4.0258199999999995,0.2158,0.11443240362764386,-0.029800000000000004,5,negative_training,SHAM,HRSD_6.1,HRSD6,cross-corpus-882
StandardScaler,KNN,0.14406,0.2283923334965515,3.52962,0.9415028343026908,4.19866,0.15176,0.24768131338476063,-0.09458,5,negative_training,SHAM,HRSD_6.1,HRSD6,cross-corpus-882
RobustScaler,KNN,0.14378,0.23806616097211297,3.4226,1.0094952649715598,4.0746,0.17207999999999998,0.3125372809762061,-0.0359,5,negative_training,SHAM,HRSD_6.1,HRSD6,cross-corpus-882
RobustScaler,SVR,0.14376,0.17356176998406073,3.4343600000000003,0.6943521858538362,4.17246,0.1496,0.21982584015533752,-0.1042,5,negative_training,SHAM,HRSD_6.1,HRSD6,cross-corpus-882
RobustScaler,ET,0.13516,0.20093166251240743,3.3537400000000006,0.9836055805047061,4.0715,0.16726000000000002,0.25372554660498814,-0.028700000000000014,5,negative_training,SHAM,HRSD_6.1,HRSD6,cross-corpus-882
MinMaxScaler,ET,0.12733999999999998,0.14537992639976124,3.38544,0.6160578041060758,4.08118,0.17318000000000003,0.20226363242066037,-0.06008,5,negative_training,SHAM,HRSD_6.1,HRSD6,cross-corpus-882
StandardScaler,XGB,0.11974,0.20032713994863502,3.744619999999999,1.1193233254962571,4.40654,0.1417,0.22489572027942195,-0.22776000000000002,5,negative_training,SHAM,HRSD_6.1,HRSD6,cross-corpus-882
StandardScaler,ElasticNet,0.11138,0.14436567112717621,3.6392200000000003,0.8096954625042673,4.36962,0.10476,0.1926685184455416,-0.22559999999999997,5,negative_training,SHAM,HRSD_6.1,HRSD6,cross-corpus-882
RobustScaler,RF,0.1089,0.08768873929986677,3.3544600000000004,0.8222232409753447,4.062480000000001,0.15482,0.11812250843933172,-0.05252,5,negative_training,SHAM,HRSD_6.1,HRSD6,cross-corpus-882
MinMaxScaler,KNN,0.10717999999999998,0.2051865175882665,3.4671399999999997,0.6185544583947318,4.19494,0.09320000000000002,0.3072398411664737,-0.13968,5,negative_training,SHAM,HRSD_6.1,HRSD6,cross-corpus-882
StandardScaler,RF,0.10436000000000001,0.109225171091649,3.52414,0.9181543377885877,4.125179999999999,0.15752000000000002,0.1532719543817459,-0.07384,5,negative_training,SHAM,HRSD_6.1,HRSD6,cross-corpus-882
StandardScaler,Ridge,0.10435999999999998,0.14067786961707943,3.7538000000000005,0.9457417935144874,4.476859999999999,0.09036,0.18016791612271038,-0.2667,5,negative_training,SHAM,HRSD_6.1,HRSD6,cross-corpus-882
StandardScaler,ET,0.10211999999999999,0.18627492316466002,3.6333600000000006,0.9114490238076947,4.22522,0.11625999999999999,0.20064606400325924,-0.11968000000000001,5,negative_training,SHAM,HRSD_6.1,HRSD6,cross-corpus-882
StandardScaler,Lasso,0.10011999999999999,0.13720445328049669,3.59262,0.8065160581166376,4.314920000000001,0.12423999999999999,0.2207125460865331,-0.20056000000000002,5,negative_training,SHAM,HRSD_6.1,HRSD6,cross-corpus-882
RobustScaler,GB,0.09636,0.11356545689601218,3.5744,0.7652771948777777,4.44838,0.12628,0.16475623508687007,-0.28482,5,negative_training,SHAM,HRSD_6.1,HRSD6,cross-corpus-882
StandardScaler,CatBoost,0.094,0.13702691341484707,3.5833399999999997,0.9041102383006179,4.179819999999999,0.12252,0.1726501578336956,-0.09868000000000002,5,negative_training,SHAM,HRSD_6.1,HRSD6,cross-corpus-882
StandardScaler,MLP,0.087,0.1798958170719931,4.21284,0.9464316763507019,4.99834,0.08559999999999998,0.23187137598246146,-0.6314599999999999,5,negative_training,SHAM,HRSD_6.1,HRSD6,cross-corpus-882
StandardScaler,SVR,0.07832000000000001,0.16947267331342833,3.70846,0.9151585971841167,4.30604,0.0874,0.19522875044419047,-0.16443999999999998,5,negative_training,SHAM,HRSD_6.1,HRSD6,cross-corpus-882
RobustScaler,LGBM,0.07658000000000001,0.1419462292560109,3.46218,0.8297830391132371,4.177960000000001,0.07688,0.1891595279122889,-0.098,5,negative_training,SHAM,HRSD_6.1,HRSD6,cross-corpus-882
MinMaxScaler,RF,0.07339999999999999,0.12784868008704667,3.39192,0.6767118973388897,4.111680000000001,0.11648,0.2550226205653138,-0.08624000000000001,5,negative_training,SHAM,HRSD_6.1,HRSD6,cross-corpus-882
StandardScaler,GB,0.061439999999999995,0.21640119685436124,4.00476,0.8239636478631803,4.73212,0.0715,0.24735198604417954,-0.4688,5,negative_training,SHAM,HRSD_6.1,HRSD6,cross-corpus-882
RobustScaler,CatBoost,0.06132,0.12126640919892037,3.50824,0.8042596210179896,4.268940000000001,0.06846,0.16482568974525785,-0.15128000000000003,5,negative_training,SHAM,HRSD_6.1,HRSD6,cross-corpus-882
MinMaxScaler,GB,0.04076,0.3003082799391319,3.623,0.7546874916149067,4.5561799999999995,0.047060000000000005,0.3465346923469568,-0.35658,5,negative_training,SHAM,HRSD_6.1,HRSD6,cross-corpus-882
RobustScaler,XGB,0.03024000000000001,0.12219829376877568,3.72222,0.6059545502758439,4.51754,0.037099999999999994,0.13873631464039976,-0.34318,5,negative_training,SHAM,HRSD_6.1,HRSD6,cross-corpus-882
StandardScaler,LGBM,0.02732,0.07583143807155446,3.6572400000000003,0.7950648640205401,4.2960199999999995,0.04374,0.12689599284453393,-0.17208,5,negative_training,SHAM,HRSD_6.1,HRSD6,cross-corpus-882
MinMaxScaler,CatBoost,0.016999999999999998,0.17270871431401488,3.51254,0.6779955405458061,4.30528,0.019139999999999997,0.29130419324136064,-0.19838,5,negative_training,SHAM,HRSD_6.1,HRSD6,cross-corpus-882
MinMaxScaler,XGB,-0.010340000000000002,0.28701538808921034,3.6448,0.6135757980885492,4.64606,-0.017660000000000002,0.35338800630468487,-0.44308,5,negative_training,SHAM,HRSD_6.1,HRSD6,cross-corpus-882
RobustScaler,GB,0.24725999999999998,0.11774180650898812,6.38578,0.9763646921104835,7.83972,0.29372,0.10200895548921184,-0.25282,5,negative_training,SHAM,HRSD_17.1,HRSD17,cross-corpus-882
RobustScaler,CatBoost,0.20380000000000004,0.11921897919375087,5.97928,1.233033585106261,7.39332,0.25906,0.1635593103433736,-0.08906,5,negative_training,SHAM,HRSD_17.1,HRSD17,cross-corpus-882
MinMaxScaler,XGB,0.16448000000000002,0.14512352324830044,6.31352,1.2657874612271995,7.723879999999999,0.22116000000000002,0.19927388940852234,-0.21749999999999997,5,negative_training,SHAM,HRSD_17.1,HRSD17,cross-corpus-882
MinMaxScaler,KNN,0.16016,0.1932123779678724,5.87116,1.610276512900812,7.354519999999999,0.17506,0.27596113494475993,-0.06290000000000001,5,negative_training,SHAM,HRSD_17.1,HRSD17,cross-corpus-882
RobustScaler,XGB,0.15102,0.1495622345380009,6.568400000000001,0.971897059878257,8.15174,0.19888,0.21575290728052773,-0.41581999999999997,5,negative_training,SHAM,HRSD_17.1,HRSD17,cross-corpus-882
StandardScaler,KNN,0.14642,0.10701970379327351,6.26064,1.101731286657504,7.60196,0.18748000000000004,0.11896632716865728,-0.15708000000000003,5,negative_training,SHAM,HRSD_17.1,HRSD17,cross-corpus-882
MinMaxScaler,MLP,0.13613999999999998,0.16011190773955572,6.05194,1.399617166585206,7.627279999999999,0.1663,0.20622691385946693,-0.16892,5,negative_training,SHAM,HRSD_17.1,HRSD17,cross-corpus-882
RobustScaler,ET,0.12958,0.1079148599591363,6.0678,1.3330393298774044,7.60816,0.16963999999999999,0.1584718208389113,-0.16671999999999998,5,negative_training,SHAM,HRSD_17.1,HRSD17,cross-corpus-882
StandardScaler,SVR,0.12854000000000002,0.0959497941634061,6.30274,1.0482927491879355,8.11012,0.15561999999999998,0.09154532757055381,-0.32358000000000003,5,negative_training,SHAM,HRSD_17.1,HRSD17,cross-corpus-882
MinMaxScaler,SVR,0.1206,0.12986943443320295,6.10974,1.3219674591305188,7.54586,0.16018000000000002,0.13505975344268922,-0.13801999999999998,5,negative_training,SHAM,HRSD_17.1,HRSD17,cross-corpus-882
RobustScaler,RF,0.11886000000000001,0.10905875939144,6.08116,1.130167400432343,7.456,0.17978,0.1819603308416425,-0.10346,5,negative_training,SHAM,HRSD_17.1,HRSD17,cross-corpus-882
RobustScaler,LGBM,0.11533999999999997,0.12561476027919646,5.9776,1.3950689785813462,7.362880000000001,0.22443999999999997,0.283488241378721,-0.09375999999999998,5,negative_training,SHAM,HRSD_17.1,HRSD17,cross-corpus-882
StandardScaler,MLP,0.1149,0.14110652004779936,6.97728,1.702946309194744,8.960640000000001,0.14362,0.16743205188971436,-0.6673600000000001,5,negative_training,SHAM,HRSD_17.1,HRSD17,cross-corpus-882
MinMaxScaler,ElasticNet,0.11126,0.16487896469835078,6.10076,1.5282202108989398,7.3822600000000005,0.13338,0.21019088229511765,-0.05664,5,negative_training,SHAM,HRSD_17.1,HRSD17,cross-corpus-882
RobustScaler,SVR,0.10983999999999998,0.11498609915985497,6.197839999999999,1.1010787360584162,8.0288,0.14220000000000002,0.15934288499961333,-0.31178,5,negative_training,SHAM,HRSD_17.1,HRSD17,cross-corpus-882
MinMaxScaler,RF,0.10918000000000001,0.12982246338750472,6.07574,1.239318358211481,7.3790000000000004,0.16294000000000003,0.23014541707364067,-0.08174000000000001,5,negative_training,SHAM,HRSD_17.1,HRSD17,cross-corpus-882
MinMaxScaler,CatBoost,0.09852000000000001,0.14198505907312925,6.30962,1.435425582188084,7.7309600000000005,0.14228,0.20507968451311795,-0.199,5,negative_training,SHAM,HRSD_17.1,HRSD17,cross-corpus-882
RobustScaler,MLP,0.09836,0.21243470290891742,6.27272,1.0109246396245366,8.253379999999998,0.07124,0.3449806777197818,-0.34940000000000004,5,negative_training,SHAM,HRSD_17.1,HRSD17,cross-corpus-882
MinMaxScaler,Ridge,0.09672,0.1817715104189873,6.399839999999999,1.457907813615113,7.866079999999999,0.11716,0.21816893225205097,-0.23074,5,negative_training,SHAM,HRSD_17.1,HRSD17,cross-corpus-882
StandardScaler,RF,0.095,0.16542477142193668,6.35272,1.1040037622218506,7.580319999999999,0.12222,0.25403408629552054,-0.1357,5,negative_training,SHAM,HRSD_17.1,HRSD17,cross-corpus-882
RobustScaler,KNN,0.09414,0.12233859979581262,6.47518,1.2572114607336349,7.880040000000001,0.14731999999999998,0.17211605677565353,-0.24826,5,negative_training,SHAM,HRSD_17.1,HRSD17,cross-corpus-882
StandardScaler,GB,0.09318,0.1812061036499599,7.296340000000001,0.8358214809395604,8.72748,0.11434000000000002,0.20870882348381922,-0.60762,5,negative_training,SHAM,HRSD_17.1,HRSD17,cross-corpus-882
MinMaxScaler,ET,0.09158,0.1407444741366424,6.12192,1.3142095940145926,7.59136,0.11224,0.24763679653880197,-0.14001999999999998,5,negative_training,SHAM,HRSD_17.1,HRSD17,cross-corpus-882
StandardScaler,ET,0.08987999999999999,0.11981912201314113,6.28684,1.2974658253688223,7.765680000000001,0.09512000000000001,0.1742336276382949,-0.188,5,negative_training,SHAM,HRSD_17.1,HRSD17,cross-corpus-882
StandardScaler,XGB,0.08122,0.26456354057201453,6.914160000000001,1.248330538359132,8.61078,0.09756000000000001,0.3189290250196743,-0.5555,5,negative_training,SHAM,HRSD_17.1,HRSD17,cross-corpus-882
MinMaxScaler,Lasso,0.08081999999999999,0.185714584779979,6.684060000000001,1.5207956644467402,8.32534,0.10766,0.21792760954041596,-0.41857999999999995,5,negative_training,SHAM,HRSD_17.1,HRSD17,cross-corpus-882
MinMaxScaler,GB,0.07208,0.18192946985026917,6.852639999999999,1.0690385601090353,8.24954,0.07258,0.23208851113314508,-0.39180000000000004,5,negative_training,SHAM,HRSD_17.1,HRSD17,cross-corpus-882
RobustScaler,Ridge,0.06946,0.14769398430538733,6.222859999999999,1.3274142375309979,7.805399999999999,0.06812,0.20703972324170064,-0.22308,5,negative_training,SHAM,HRSD_17.1,HRSD17,cross-corpus-882
MinMaxScaler,LGBM,0.05214,0.1367538957397558,6.201379999999999,1.638857468482235,7.6845,0.11176,0.22962268616145054,-0.17801999999999998,5,negative_training,SHAM,HRSD_17.1,HRSD17,cross-corpus-882
StandardScaler,Lasso,0.046579999999999996,0.09860926427065562,6.8073999999999995,1.3942821575993867,8.155360000000002,0.0688,0.12674306687152556,-0.30084,5,negative_training,SHAM,HRSD_17.1,HRSD17,cross-corpus-882
StandardScaler,CatBoost,0.04512,0.15614029588802503,6.75694,1.0838602599043845,8.178819999999998,0.056199999999999986,0.22249794381072377,-0.32874,5,negative_training,SHAM,HRSD_17.1,HRSD17,cross-corpus-882
StandardScaler,Ridge,0.04118,0.14449877854155033,7.164140000000001,1.3598415249579636,8.738859999999999,0.050940000000000006,0.15535029127748684,-0.52678,5,negative_training,SHAM,HRSD_17.1,HRSD17,cross-corpus-882
RobustScaler,Lasso,0.04058,0.09729641308907538,6.40752,1.3569275835504269,8.0271,0.05129999999999999,0.13255361179537886,-0.30306,5,negative_training,SHAM,HRSD_17.1,HRSD17,cross-corpus-882
StandardScaler,LGBM,0.03826,0.11856404598359488,6.367540000000001,1.478027883025216,7.716419999999999,0.06498,0.18406222317466447,-0.1922,5,negative_training,SHAM,HRSD_17.1,HRSD17,cross-corpus-882
StandardScaler,ElasticNet,0.03438,0.10734259173319786,6.85172,1.4270887137806112,8.13982,0.054299999999999994,0.1333469159748361,-0.29846,5,negative_training,SHAM,HRSD_17.1,HRSD17,cross-corpus-882
RobustScaler,ElasticNet,0.03308,0.12726449622734537,6.30936,1.3829527081574409,7.820240000000001,0.03602,0.2045699073666506,-0.2172,5,negative_training,SHAM,HRSD_17.1,HRSD17,cross-corpus-882
MinMaxScaler,KNN,0.24888,0.24368113796516955,6.13514,1.9528031091228832,7.678139999999999,0.29934000000000005,0.2844829133709088,0.0018800000000000038,5,negative_training,SHAM,HRSD_21.1,HRSD21,cross-corpus-882
RobustScaler,SVR,0.23456000000000002,0.21440499760966397,6.0466999999999995,1.5207093295564404,7.63712,0.29966000000000004,0.25567025247376746,-0.003700000000000003,5,negative_training,SHAM,HRSD_21.1,HRSD21,cross-corpus-882
MinMaxScaler,MLP,0.20023999999999997,0.15984887550433377,6.39334,1.3760906303728688,7.802199999999999,0.26582,0.19303773465309831,-0.04094,5,negative_training,SHAM,HRSD_21.1,HRSD21,cross-corpus-882
MinMaxScaler,SVR,0.17256,0.22314457869282867,6.30468,1.7911872674290652,7.732600000000001,0.23098000000000002,0.2943153954518859,-0.004500000000000004,5,negative_training,SHAM,HRSD_21.1,HRSD21,cross-corpus-882
StandardScaler,KNN,0.16328,0.18075728754326892,6.479400000000001,1.316580646979136,7.9902,0.20737999999999998,0.20034922510456585,-0.06860000000000002,5,negative_training,SHAM,HRSD_21.1,HRSD21,cross-corpus-882
MinMaxScaler,RF,0.1487,0.15830279530065158,6.56662,1.4409118699629062,7.872579999999999,0.24522,0.2773297171238597,-0.06398000000000001,5,negative_training,SHAM,HRSD_21.1,HRSD21,cross-corpus-882
MinMaxScaler,XGB,0.14179999999999998,0.1911973718438619,6.99386,1.5270817244011523,8.766020000000001,0.15544,0.23652907432279863,-0.33938,5,negative_training,SHAM,HRSD_21.1,HRSD21,cross-corpus-882
MinMaxScaler,ET,0.14118,0.16192185460894398,6.702039999999999,1.4357211404029682,8.115120000000001,0.20667999999999997,0.26342440471603995,-0.13412,5,negative_training,SHAM,HRSD_21.1,HRSD21,cross-corpus-882
RobustScaler,KNN,0.13502,0.1807921513783162,6.652759999999999,1.4938828745922486,8.20736,0.20664,0.2926813847855719,-0.16562000000000002,5,negative_training,SHAM,HRSD_21.1,HRSD21,cross-corpus-882
MinMaxScaler,Ridge,0.1339,0.2283228525575134,6.866339999999999,1.6906518426334858,8.31798,0.16702,0.2693719677323533,-0.18972000000000003,5,negative_training,SHAM,HRSD_21.1,HRSD21,cross-corpus-882
MinMaxScaler,Lasso,0.13054000000000002,0.22405694142338015,7.01118,1.606127838000451,8.492119999999998,0.17021999999999998,0.259540270478398,-0.24967999999999996,5,negative_training,SHAM,HRSD_21.1,HRSD21,cross-corpus-882
MinMaxScaler,CatBoost,0.12868,0.173644225357482,6.9630399999999995,1.7585997108495153,8.37058,0.20058000000000004,0.2749228109851927,-0.20825999999999995,5,negative_training,SHAM,HRSD_21.1,HRSD21,cross-corpus-882
RobustScaler,ET,0.12156,0.15653770472317524,6.71158,1.2858547106885754,8.09122,0.15699999999999997,0.22450109131137871,-0.11972000000000001,5,negative_training,SHAM,HRSD_21.1,HRSD21,cross-corpus-882
RobustScaler,Lasso,0.11945999999999998,0.2605662353414195,7.05282,1.655784580493489,9.02526,0.1566,0.3139499721293187,-0.47653999999999996,5,negative_training,SHAM,HRSD_21.1,HRSD21,cross-corpus-882
MinMaxScaler,ElasticNet,0.11621999999999999,0.2158837928145603,6.82466,1.9114500249810353,8.30362,0.16414,0.28027479908118746,-0.19629999999999997,5,negative_training,SHAM,HRSD_21.1,HRSD21,cross-corpus-882
RobustScaler,ElasticNet,0.11557999999999999,0.25550745977368255,7.00652,1.5992801840202986,8.8627,0.1588,0.3122007927600441,-0.41289999999999993,5,negative_training,SHAM,HRSD_21.1,HRSD21,cross-corpus-882
RobustScaler,RF,0.11004,0.13864122042163363,6.78178,1.2734746884017754,8.0672,0.16744,0.19036305576450488,-0.10806,5,negative_training,SHAM,HRSD_21.1,HRSD21,cross-corpus-882
StandardScaler,XGB,0.10769999999999999,0.370967094228046,7.55398,1.5873312436287514,9.01078,0.12345999999999999,0.42848125746641474,-0.41068,5,negative_training,SHAM,HRSD_21.1,HRSD21,cross-corpus-882
RobustScaler,Ridge,0.10406,0.2494112026353267,6.992660000000001,1.477987039185392,8.737860000000001,0.1561,0.3131251906187045,-0.36526000000000003,5,negative_training,SHAM,HRSD_21.1,HRSD21,cross-corpus-882
MinMaxScaler,GB,0.10400000000000001,0.16635490675059753,7.282719999999999,1.3516669216193762,8.848,0.10662,0.20504484143718416,-0.34741999999999995,5,negative_training,SHAM,HRSD_21.1,HRSD21,cross-corpus-882
MinMaxScaler,LGBM,0.10051999999999998,0.15699465596000392,6.71546,1.6274217624819949,8.0983,0.19035999999999997,0.3002130460189896,-0.13205999999999998,5,negative_training,SHAM,HRSD_21.1,HRSD21,cross-corpus-882
StandardScaler,SVR,0.09446000000000002,0.12731432755192953,6.90478,1.6210353811684683,8.50272,0.13765999999999998,0.1602037702427755,-0.22692000000000007,5,negative_training,SHAM,HRSD_21.1,HRSD21,cross-corpus-882
RobustScaler,MLP,0.0908,0.3383343760246659,7.1376800000000005,1.6757365729732103,9.53458,0.09,0.4112862810743874,-0.6588999999999999,5,negative_training,SHAM,HRSD_21.1,HRSD21,cross-corpus-882
RobustScaler,XGB,0.08496,0.26008324244364533,7.76008,1.6498630661360962,9.21152,0.09518,0.28042072319998035,-0.44071999999999995,5,negative_training,SHAM,HRSD_21.1,HRSD21,cross-corpus-882
StandardScaler,ElasticNet,0.07904,0.1959407767668588,7.40724,1.4950710645317171,9.079939999999999,0.10248000000000002,0.22556685705129645,-0.45654000000000006,5,negative_training,SHAM,HRSD_21.1,HRSD21,cross-corpus-882
StandardScaler,Lasso,0.0755,0.19765066405150272,7.503580000000001,1.4988466172360664,9.25714,0.09878,0.2271001365037018,-0.51596,5,negative_training,SHAM,HRSD_21.1,HRSD21,cross-corpus-882
StandardScaler,ET,0.07529999999999999,0.13964827245619618,6.936579999999999,1.191392532711197,8.443940000000001,0.09106,0.19646035986936397,-0.21518,5,negative_training,SHAM,HRSD_21.1,HRSD21,cross-corpus-882
StandardScaler,Ridge,0.06917999999999999,0.19956002104630075,7.59266,1.395383102592259,9.263380000000002,0.09312000000000001,0.22584072263433805,-0.50126,5,negative_training,SHAM,HRSD_21.1,HRSD21,cross-corpus-882
RobustScaler,CatBoost,0.06428,0.14270489480042373,7.23366,1.385141723073852,8.7393,0.09054,0.1722978177459018,-0.31023999999999996,5,negative_training,SHAM,HRSD_21.1,HRSD21,cross-corpus-882
StandardScaler,MLP,0.05746,0.1953913073808556,8.0455,1.7610799683716811,10.039299999999999,0.06146,0.24807054037108076,-0.78698,5,negative_training,SHAM,HRSD_21.1,HRSD21,cross-corpus-882
RobustScaler,GB,0.05,0.2316657613891185,8.20722,1.307975690523337,9.744679999999999,0.052480000000000006,0.24520176793816148,-0.66132,5,negative_training,SHAM,HRSD_21.1,HRSD21,cross-corpus-882
StandardScaler,RF,0.021640000000000003,0.18287329766808494,7.1096,1.4043873165904057,8.52694,0.026139999999999997,0.22427444794269363,-0.22962000000000002,5,negative_training,SHAM,HRSD_21.1,HRSD21,cross-corpus-882
RobustScaler,LGBM,0.0167,0.09764729898978261,7.208240000000001,1.2186004033316258,8.7162,0.03184,0.13442177278997625,-0.33234,5,negative_training,SHAM,HRSD_21.1,HRSD21,cross-corpus-882
StandardScaler,GB,0.015639999999999998,0.27717114388045516,8.081199999999999,1.30233608757494,9.629560000000001,0.011040000000000005,0.31849058541815645,-0.6206799999999999,5,negative_training,SHAM,HRSD_21.1,HRSD21,cross-corpus-882
StandardScaler,LGBM,-0.010640000000000002,0.11581542643361462,7.2473399999999994,1.454777781312321,8.649719999999999,-0.012059999999999996,0.12850516721128377,-0.2949,5,negative_training,SHAM,HRSD_21.1,HRSD21,cross-corpus-882
StandardScaler,CatBoost,-0.01936,0.18336011834638416,7.54144,1.530495848736611,9.05738,-0.016739999999999998,0.21811904547746397,-0.40684000000000003,5,negative_training,SHAM,HRSD_21.1,HRSD21,cross-corpus-882
MinMaxScaler,MLP,0.18894,0.1395781071658446,8.44474,1.4292158140043087,10.280119999999998,0.23725999999999997,0.16246066600872963,-0.15114,5,negative_training,SHAM,HRSD_24.1,HRSD24,cross-corpus-882
MinMaxScaler,KNN,0.17738,0.26299829277012426,8.37858,1.9176109243013821,10.33882,0.16926000000000002,0.4057395198893004,-0.13455999999999996,5,negative_training,SHAM,HRSD_24.1,HRSD24,cross-corpus-882
RobustScaler,ET,0.16760000000000003,0.15502625584074461,8.6911,1.6217986897269334,10.45804,0.20074,0.1875583056012183,-0.17922,5,negative_training,SHAM,HRSD_24.1,HRSD24,cross-corpus-882
RobustScaler,SVR,0.16706000000000004,0.21323039886470221,9.208039999999999,1.5765707193145502,11.131260000000001,0.19444,0.27940542764950005,-0.34314000000000006,5,negative_training,SHAM,HRSD_24.1,HRSD24,cross-corpus-882
RobustScaler,CatBoost,0.16422,0.16339194288581063,8.585960000000002,1.7203378717565918,10.31362,0.20776,0.19795449729672726,-0.15417999999999998,5,negative_training,SHAM,HRSD_24.1,HRSD24,cross-corpus-882
MinMaxScaler,SVR,0.16028,0.11752021953689501,8.49084,0.8213257898057253,10.4402,0.20468000000000003,0.18731562134536459,-0.20888,5,negative_training,SHAM,HRSD_24.1,HRSD24,cross-corpus-882
RobustScaler,LGBM,0.1592,0.10737520663542399,8.25844,1.6123253046454362,9.96402,0.23215999999999998,0.12501919052689472,-0.05402,5,negative_training,SHAM,HRSD_24.1,HRSD24,cross-corpus-882
MinMaxScaler,GB,0.15868000000000002,0.24738788773907264,9.50566,2.651477619743376,11.403519999999997,0.15192,0.28634015086955583,-0.38473999999999997,5,negative_training,SHAM,HRSD_24.1,HRSD24,cross-corpus-882
RobustScaler,Ridge,0.15766,0.19347951571161223,8.56662,1.3404632583551108,10.680560000000002,0.17053999999999997,0.28251268644080396,-0.24916,5,negative_training,SHAM,HRSD_24.1,HRSD24,cross-corpus-882
MinMaxScaler,ElasticNet,0.15522,0.21351535541969813,8.6613,1.8480099729168133,10.45992,0.19893999999999998,0.2868419477691504,-0.15882000000000002,5,negative_training,SHAM,HRSD_24.1,HRSD24,cross-corpus-882
RobustScaler,Lasso,0.15048,0.2014420189533455,8.736699999999999,1.4191990628520021,10.877759999999999,0.17736000000000002,0.2593562087168919,-0.29296,5,negative_training,SHAM,HRSD_24.1,HRSD24,cross-corpus-882
MinMaxScaler,RF,0.14874,0.1596636558519189,8.49836,1.84474069939382,10.28792,0.18044,0.15326158357527175,-0.1189,5,negative_training,SHAM,HRSD_24.1,HRSD24,cross-corpus-882
RobustScaler,ElasticNet,0.14706,0.19915113105378035,8.634519999999998,1.3669760813562175,10.69036,0.1691,0.27432470723578656,-0.24868,5,negative_training,SHAM,HRSD_24.1,HRSD24,cross-corpus-882
MinMaxScaler,Ridge,0.14407999999999999,0.22954741775938145,8.7918,1.8740902152778027,10.60464,0.18512,0.290834896461893,-0.19484,5,negative_training,SHAM,HRSD_24.1,HRSD24,cross-corpus-882
StandardScaler,MLP,0.14357999999999999,0.15582442683995343,9.75338,1.7703529766687773,11.92776,0.17064,0.18577991818277884,-0.56152,5,negative_training,SHAM,HRSD_24.1,HRSD24,cross-corpus-882
MinMaxScaler,Lasso,0.14238,0.23918923888837476,9.09864,2.126916407149092,10.9756,0.17512,0.29117495084570716,-0.2874,5,negative_training,SHAM,HRSD_24.1,HRSD24,cross-corpus-882
RobustScaler,KNN,0.13144,0.3843428846746093,8.6356,2.5125495010049055,10.23476,0.14812,0.47631183798011995,-0.10704000000000002,5,negative_training,SHAM,HRSD_24.1,HRSD24,cross-corpus-882
RobustScaler,MLP,0.12888,0.23531666324338357,9.95516,2.6356935241032864,12.443900000000001,0.1298,0.2988448845136888,-0.70702,5,negative_training,SHAM,HRSD_24.1,HRSD24,cross-corpus-882
StandardScaler,KNN,0.12624,0.2104571999243552,8.701080000000001,2.273038209533663,10.62462,0.14484,0.23605199215427097,-0.18630000000000002,5,negative_training,SHAM,HRSD_24.1,HRSD24,cross-corpus-882
RobustScaler,RF,0.1246,0.13516948620158326,8.71132,1.4534947117206858,10.464220000000001,0.15806,0.1524576596960612,-0.18003999999999998,5,negative_training,SHAM,HRSD_24.1,HRSD24,cross-corpus-882
MinMaxScaler,LGBM,0.12176000000000001,0.14178763345228668,8.846,1.9597601383842873,10.593639999999999,0.13906000000000002,0.19191824561515772,-0.18854,5,negative_training,SHAM,HRSD_24.1,HRSD24,cross-corpus-882
RobustScaler,XGB,0.11818,0.13068476192731882,9.665540000000002,1.7499579174940176,11.5626,0.13954,0.15157865285059108,-0.47068000000000004,5,negative_training,SHAM,HRSD_24.1,HRSD24,cross-corpus-882
MinMaxScaler,XGB,0.11146,0.17888086258736569,9.7108,2.100884336416453,11.58872,0.09437999999999999,0.21271828083171415,-0.44334000000000007,5,negative_training,SHAM,HRSD_24.1,HRSD24,cross-corpus-882
StandardScaler,ElasticNet,0.1008,0.19196084236114408,9.23556,1.7618232014024562,10.96598,0.11282,0.23979154905876063,-0.29554,5,negative_training,SHAM,HRSD_24.1,HRSD24,cross-corpus-882
RobustScaler,GB,0.09786,0.2177143954817871,9.88348,1.742168558722146,11.887640000000001,0.12702,0.260167257740093,-0.58338,5,negative_training,SHAM,HRSD_24.1,HRSD24,cross-corpus-882
MinMaxScaler,ET,0.09598,0.11597879978685759,8.999839999999999,1.7062813874036131,10.64202,0.10202,0.14827196970432407,-0.20942,5,negative_training,SHAM,HRSD_24.1,HRSD24,cross-corpus-882
StandardScaler,Lasso,0.09559999999999999,0.2055785129822667,9.383280000000001,2.0463998062451045,11.10628,0.11137999999999999,0.25591320208226853,-0.31142,5,negative_training,SHAM,HRSD_24.1,HRSD24,cross-corpus-882
StandardScaler,Ridge,0.09422,0.20718932646253763,9.67586,2.1988842904982517,11.487879999999999,0.11023999999999998,0.2481964705631408,-0.42652,5,negative_training,SHAM,HRSD_24.1,HRSD24,cross-corpus-882
StandardScaler,SVR,0.09088,0.133409939659682,9.37144,1.7782459990113852,11.02876,0.12082,0.17665421591346184,-0.29272,5,negative_training,SHAM,HRSD_24.1,HRSD24,cross-corpus-882
StandardScaler,LGBM,0.09064,0.14709656012293423,8.95188,1.9521487999125466,10.64018,0.08170000000000001,0.2235936604646921,-0.22274000000000002,5,negative_training,SHAM,HRSD_24.1,HRSD24,cross-corpus-882
MinMaxScaler,CatBoost,0.08312,0.20063247992286792,9.143939999999999,2.026985396592684,10.8866,0.062060000000000004,0.255865927782501,-0.25193999999999994,5,negative_training,SHAM,HRSD_24.1,HRSD24,cross-corpus-882
StandardScaler,GB,0.06810000000000001,0.29337462398782893,9.961079999999999,2.5058066769006744,11.9894,0.05028000000000001,0.3776550436575686,-0.52068,5,negative_training,SHAM,HRSD_24.1,HRSD24,cross-corpus-882
StandardScaler,RF,0.055999999999999994,0.19193280074025906,9.28972,2.0351088268198336,10.8741,0.050839999999999996,0.25799497669528376,-0.2575,5,negative_training,SHAM,HRSD_24.1,HRSD24,cross-corpus-882
StandardScaler,XGB,0.05494,0.26348103916600907,10.21118,2.3142136508974276,12.221039999999999,0.059860000000000003,0.33702599751354495,-0.6215400000000001,5,negative_training,SHAM,HRSD_24.1,HRSD24,cross-corpus-882
StandardScaler,CatBoost,0.04887999999999999,0.23905310497878918,9.6848,2.099422628962544,11.332180000000001,0.04878000000000001,0.34112213648486667,-0.3755,5,negative_training,SHAM,HRSD_24.1,HRSD24,cross-corpus-882
StandardScaler,ET,0.007719999999999999,0.09854499987315439,9.841539999999998,1.657084051278026,11.539480000000001,0.000880000000000003,0.1464774624302319,-0.45226,5,negative_training,SHAM,HRSD_24.1,HRSD24,cross-corpus-882
MinMaxScaler,GB,0.03862,0.08048628454587775,5.2759599999999995,0.6231455552276689,6.388960000000001,0.039959999999999996,0.10404255379410868,-0.21314000000000002,5,negative_training,ALL_CONDITIONS,phq_8,PHQ8,cross-corpus-882
StandardScaler,Ridge,0.0344,0.07095244886541972,5.1056799999999996,0.6669110225509846,6.109019999999999,0.03906,0.09984900099650472,-0.10476,5,negative_training,ALL_CONDITIONS,phq_8,PHQ8,cross-corpus-882
StandardScaler,CatBoost,0.023899999999999998,0.03347738042320516,5.14668,0.6125111607146436,6.163460000000001,0.04024,0.05672180356794026,-0.1292,5,negative_training,ALL_CONDITIONS,phq_8,PHQ8,cross-corpus-882
MinMaxScaler,RF,0.0237,0.07103671585877264,5.08852,0.687308702112813,6.16638,0.03371999999999999,0.11210110168950169,-0.12842000000000003,5,negative_training,ALL_CONDITIONS,phq_8,PHQ8,cross-corpus-882
MinMaxScaler,CatBoost,0.022500000000000003,0.07704553848212108,5.1521799999999995,0.6584383395580791,6.2565599999999995,0.029459999999999997,0.1153781738458362,-0.16306,5,negative_training,ALL_CONDITIONS,phq_8,PHQ8,cross-corpus-882
StandardScaler,Lasso,0.021380000000000007,0.08337197970541421,5.15884,0.6510512406869368,6.17392,0.017420000000000005,0.11102637974823822,-0.12846,5,negative_training,ALL_CONDITIONS,phq_8,PHQ8,cross-corpus-882
RobustScaler,Ridge,0.020700000000000003,0.08412131121184453,5.095440000000001,0.7305866362040849,6.06452,0.0128,0.13303738196461926,-0.08774000000000001,5,negative_training,ALL_CONDITIONS,phq_8,PHQ8,cross-corpus-882
StandardScaler,LGBM,0.015999999999999993,0.06860867292114023,5.31602,0.458973209457807,6.4773,0.022020000000000005,0.0939233304349883,-0.2523,5,negative_training,ALL_CONDITIONS,phq_8,PHQ8,cross-corpus-882
StandardScaler,ElasticNet,0.012379999999999999,0.07971095909597375,5.0979600000000005,0.7163536682393687,6.095619999999999,0.006840000000000004,0.10894809773465529,-0.09827999999999999,5,negative_training,ALL_CONDITIONS,phq_8,PHQ8,cross-corpus-882
MinMaxScaler,XGB,0.011740000000000004,0.08171348113989516,5.31018,0.6664360336896559,6.45946,0.006039999999999995,0.11210902283045732,-0.24012000000000003,5,negative_training,ALL_CONDITIONS,phq_8,PHQ8,cross-corpus-882
StandardScaler,RF,0.011239999999999998,0.037426701698119215,5.142519999999999,0.6322485365740284,6.18404,0.023299999999999998,0.06792690924810285,-0.13768,5,negative_training,ALL_CONDITIONS,phq_8,PHQ8,cross-corpus-882
MinMaxScaler,LGBM,0.009739999999999999,0.059254350051283156,5.3932,0.5697824935885621,6.548440000000001,0.011900000000000004,0.07671639329374133,-0.27574,5,negative_training,ALL_CONDITIONS,phq_8,PHQ8,cross-corpus-882
MinMaxScaler,ET,0.009339999999999998,0.05382107393948953,5.13694,0.6667723847011063,6.2146799999999995,0.012940000000000002,0.08023383326253333,-0.14496,5,negative_training,ALL_CONDITIONS,phq_8,PHQ8,cross-corpus-882
StandardScaler,ET,0.0065000000000000014,0.04879077781712442,5.21738,0.5978389222859279,6.2770600000000005,0.00976,0.0726334151751107,-0.17164,5,negative_training,ALL_CONDITIONS,phq_8,PHQ8,cross-corpus-882
StandardScaler,GB,0.00408,0.10548974831707582,5.342359999999999,0.6073575001595028,6.456360000000001,-0.003759999999999991,0.14823936049511277,-0.24325999999999998,5,negative_training,ALL_CONDITIONS,phq_8,PHQ8,cross-corpus-882
RobustScaler,Lasso,0.0020200000000000023,0.08393733972434438,5.21126,0.7236256200550116,6.141500000000001,-0.01794,0.13796712651932705,-0.11599999999999999,5,negative_training,ALL_CONDITIONS,phq_8,PHQ8,cross-corpus-882
StandardScaler,XGB,0.001380000000000005,0.09884321929196763,5.28742,0.49227669760003867,6.51302,0.007639999999999997,0.12295905009392355,-0.27312,5,negative_training,ALL_CONDITIONS,phq_8,PHQ8,cross-corpus-882
RobustScaler,ElasticNet,-0.0027799999999999978,0.0868170317391697,5.1387599999999996,0.7845762442235934,6.113860000000001,-0.023379999999999998,0.14127680984506977,-0.1052,5,negative_training,ALL_CONDITIONS,phq_8,PHQ8,cross-corpus-882
RobustScaler,SVR,-0.0037399999999999994,0.05094755146226362,5.245900000000001,0.6876336342850023,6.24908,-0.01452,0.08490021790313615,-0.16076000000000001,5,negative_training,ALL_CONDITIONS,phq_8,PHQ8,cross-corpus-882
MinMaxScaler,Lasso,-0.0041400000000000005,0.08445444334077397,5.17672,0.7691770842920375,6.168519999999999,-0.014540000000000006,0.1306013514478315,-0.12473999999999999,5,negative_training,ALL_CONDITIONS,phq_8,PHQ8,cross-corpus-882
RobustScaler,XGB,-0.00456,0.07008539790855153,5.43124,0.44700912518650004,6.48224,-0.0070199999999999985,0.0992156338487035,-0.25495999999999996,5,negative_training,ALL_CONDITIONS,phq_8,PHQ8,cross-corpus-882
RobustScaler,GB,-0.00532,0.06633115406805463,5.454940000000001,0.44505014099537127,6.477320000000001,-0.0077399999999999995,0.09665861575669289,-0.25373999999999997,5,negative_training,ALL_CONDITIONS,phq_8,PHQ8,cross-corpus-882
RobustScaler,MLP,-0.005859999999999995,0.14467537108989906,5.3588,0.8851155997947391,6.47436,-0.018539999999999994,0.2006659736975853,-0.23663999999999996,5,negative_training,ALL_CONDITIONS,phq_8,PHQ8,cross-corpus-882
RobustScaler,KNN,-0.00668,0.07542444563932836,5.31894,0.7675089172120415,6.390680000000001,-0.010780000000000001,0.12303104079865373,-0.20948000000000003,5,negative_training,ALL_CONDITIONS,phq_8,PHQ8,cross-corpus-882
MinMaxScaler,ElasticNet,-0.01322,0.08078522142075245,5.19388,0.6864270441933359,6.23564,-0.0373,0.12159833469254422,-0.15576,5,negative_training,ALL_CONDITIONS,phq_8,PHQ8,cross-corpus-882
MinMaxScaler,KNN,-0.01632,0.07470085006209769,5.37396,0.7354901481325224,6.442060000000001,-0.0262,0.10065602316801514,-0.22984,5,negative_training,ALL_CONDITIONS,phq_8,PHQ8,cross-corpus-882
MinMaxScaler,MLP,-0.01642,0.07841863298987047,5.24776,0.6909718576034772,6.300420000000001,-0.03972,0.11335535717380102,-0.17837999999999998,5,negative_training,ALL_CONDITIONS,phq_8,PHQ8,cross-corpus-882
RobustScaler,ET,-0.01736,0.06589053801571208,5.32156,0.7401675236052982,6.3452,-0.036059999999999995,0.10491195356106947,-0.19485999999999998,5,negative_training,ALL_CONDITIONS,phq_8,PHQ8,cross-corpus-882
MinMaxScaler,Ridge,-0.01976,0.08257038209915224,5.23476,0.68798173885649,6.30286,-0.04204,0.12290422287293468,-0.18317999999999998,5,negative_training,ALL_CONDITIONS,phq_8,PHQ8,cross-corpus-882
StandardScaler,SVR,-0.020180000000000003,0.05168991197516204,5.27656,0.6640842137861734,6.303580000000001,-0.04914,0.10441670364457978,-0.17573999999999998,5,negative_training,ALL_CONDITIONS,phq_8,PHQ8,cross-corpus-882
RobustScaler,CatBoost,-0.030779999999999995,0.07349035310841825,5.29812,0.6285134580898012,6.3136399999999995,-0.05558,0.10837283792537686,-0.18454,5,negative_training,ALL_CONDITIONS,phq_8,PHQ8,cross-corpus-882
StandardScaler,MLP,-0.031080000000000007,0.11199400430380192,5.6549,0.6349336382646616,6.807740000000001,-0.04482,0.13725274860635758,-0.36917999999999995,5,negative_training,ALL_CONDITIONS,phq_8,PHQ8,cross-corpus-882
MinMaxScaler,SVR,-0.032639999999999995,0.07216524786904012,5.524379999999999,0.7194604137824406,6.73128,-0.055799999999999995,0.0888441331771547,-0.36952,5,negative_training,ALL_CONDITIONS,phq_8,PHQ8,cross-corpus-882
StandardScaler,KNN,-0.03304,0.06044483435331757,5.40234,0.6152041311629823,6.5461,-0.051059999999999994,0.08721764729686303,-0.27437999999999996,5,negative_training,ALL_CONDITIONS,phq_8,PHQ8,cross-corpus-882
RobustScaler,RF,-0.035359999999999996,0.0659608823470396,5.34766,0.5872584337410574,6.36214,-0.050960000000000005,0.09697555362048726,-0.20709999999999998,5,negative_training,ALL_CONDITIONS,phq_8,PHQ8,cross-corpus-882
RobustScaler,LGBM,-0.0462,0.05693606062944643,5.5022199999999994,0.5406718200535326,6.60272,-0.0596,0.08041128652123407,-0.30108,5,negative_training,ALL_CONDITIONS,phq_8,PHQ8,cross-corpus-882
StandardScaler,MLP,0.17421999999999999,0.1015263857329709,5.369400000000001,0.5060466035850849,6.4228,0.23284,0.11079974277948483,-0.019540000000000005,5,negative_training,ALL_CONDITIONS,phq_9,PHQ9,cross-corpus-882
RobustScaler,LGBM,0.15886,0.06472806964524742,5.3864,0.5177486600658665,6.5144400000000005,0.2071,0.08009403847977702,-0.05125999999999999,5,negative_training,ALL_CONDITIONS,phq_9,PHQ9,cross-corpus-882
StandardScaler,Lasso,0.14044,0.04277993688634896,5.4185,0.3589798183742371,6.505800000000001,0.21824,0.054252124382368656,-0.05650000000000001,5,negative_training,ALL_CONDITIONS,phq_9,PHQ9,cross-corpus-882
StandardScaler,Ridge,0.12836,0.05223004882249298,5.457199999999999,0.32551979970502565,6.547999999999999,0.20686,0.044435605093213267,-0.07133999999999999,5,negative_training,ALL_CONDITIONS,phq_9,PHQ9,cross-corpus-882
MinMaxScaler,SVR,0.12393999999999998,0.026092393527616425,5.2815199999999995,0.4557217978109017,6.483699999999999,0.18826,0.024068298651961258,-0.035960000000000006,5,negative_training,ALL_CONDITIONS,phq_9,PHQ9,cross-corpus-882
RobustScaler,MLP,0.12326000000000004,0.10819996765249054,5.49724,0.4882888417729819,6.60852,0.15308000000000002,0.12229142243019336,-0.07547999999999999,5,negative_training,ALL_CONDITIONS,phq_9,PHQ9,cross-corpus-882
MinMaxScaler,Ridge,0.12204,0.0371925126873676,5.49404,0.30766972226723904,6.489459999999999,0.19424000000000002,0.032992544612381755,-0.04836,5,negative_training,ALL_CONDITIONS,phq_9,PHQ9,cross-corpus-882
RobustScaler,Lasso,0.11965999999999999,0.08239334317771066,5.41938,0.3583859190872322,6.536499999999999,0.16787999999999997,0.09537267428357034,-0.06074,5,negative_training,ALL_CONDITIONS,phq_9,PHQ9,cross-corpus-882
StandardScaler,ElasticNet,0.11766000000000001,0.06218651783143995,5.462639999999999,0.325983432094332,6.527119999999999,0.19924000000000003,0.04102307887031398,-0.06179999999999999,5,negative_training,ALL_CONDITIONS,phq_9,PHQ9,cross-corpus-882
RobustScaler,ElasticNet,0.11694,0.07619519669900458,5.43444,0.3724791712297483,6.514599999999999,0.17276,0.07774209284551066,-0.0538,5,negative_training,ALL_CONDITIONS,phq_9,PHQ9,cross-corpus-882
MinMaxScaler,ElasticNet,0.11529999999999999,0.03628849679995026,5.4834000000000005,0.33323950095989535,6.43304,0.19142,0.030529690466822627,-0.026500000000000003,5,negative_training,ALL_CONDITIONS,phq_9,PHQ9,cross-corpus-882
MinMaxScaler,Lasso,0.11474,0.05967966990525333,5.552460000000001,0.2675106969823822,6.6303600000000005,0.17468,0.05332370017168725,-0.10378000000000003,5,negative_training,ALL_CONDITIONS,phq_9,PHQ9,cross-corpus-882
MinMaxScaler,ET,0.11341999999999999,0.05311409417471036,5.440480000000001,0.554236481116139,6.4570799999999995,0.16928,0.08120546163898089,-0.02708,5,negative_training,ALL_CONDITIONS,phq_9,PHQ9,cross-corpus-882
RobustScaler,Ridge,0.10942,0.06976522772843217,5.4501800000000005,0.40231807938495623,6.51346,0.16609999999999997,0.0770213282149821,-0.053759999999999995,5,negative_training,ALL_CONDITIONS,phq_9,PHQ9,cross-corpus-882
StandardScaler,KNN,0.10928000000000002,0.13035621197319291,5.58416,0.8442503349125778,6.657939999999999,0.14272,0.16749428945489456,-0.0887,5,negative_training,ALL_CONDITIONS,phq_9,PHQ9,cross-corpus-882
MinMaxScaler,XGB,0.10792000000000002,0.07617146447325272,5.45304,0.3719369408918667,6.665139999999999,0.14574000000000004,0.10347319942864433,-0.10292000000000001,5,negative_training,ALL_CONDITIONS,phq_9,PHQ9,cross-corpus-882
StandardScaler,LGBM,0.10368,0.09023462195853652,5.605460000000001,0.5832074185056293,6.776859999999999,0.13074000000000002,0.09939850602499015,-0.13344,5,negative_training,ALL_CONDITIONS,phq_9,PHQ9,cross-corpus-882
RobustScaler,XGB,0.09908,0.09062034539770857,5.45672,0.5220573024103772,6.656819999999999,0.1292,0.10771993780169019,-0.09474,5,negative_training,ALL_CONDITIONS,phq_9,PHQ9,cross-corpus-882
MinMaxScaler,LGBM,0.0975,0.10370204916008169,5.52236,0.3462856739745381,6.745320000000001,0.12754000000000001,0.14269412391545772,-0.13368,5,negative_training,ALL_CONDITIONS,phq_9,PHQ9,cross-corpus-882
MinMaxScaler,RF,0.09684000000000001,0.05308952815763199,5.41824,0.4085847011330698,6.446300000000001,0.15602,0.09631480675368663,-0.027780000000000006,5,negative_training,ALL_CONDITIONS,phq_9,PHQ9,cross-corpus-882
RobustScaler,KNN,0.09341999999999999,0.0691738895827031,5.45932,0.6267432943398756,6.631960000000001,0.1262,0.08878583783464568,-0.08086,5,negative_training,ALL_CONDITIONS,phq_9,PHQ9,cross-corpus-882
StandardScaler,GB,0.09298,0.10406263498489744,5.56832,0.6212218218961726,6.75538,0.12456,0.1383910510112558,-0.12913999999999998,5,negative_training,ALL_CONDITIONS,phq_9,PHQ9,cross-corpus-882
MinMaxScaler,GB,0.09241999999999999,0.09838712822315732,5.583620000000001,0.38630788498295016,6.78026,0.11857999999999999,0.13076925097284914,-0.14056,5,negative_training,ALL_CONDITIONS,phq_9,PHQ9,cross-corpus-882
RobustScaler,RF,0.09206,0.05360800313386052,5.4184,0.5055425600283322,6.48562,0.14588,0.07232127626086253,-0.037660000000000006,5,negative_training,ALL_CONDITIONS,phq_9,PHQ9,cross-corpus-882
RobustScaler,CatBoost,0.08593999999999999,0.04890810771232107,5.44846,0.4949910635556969,6.491899999999999,0.13679999999999998,0.0705684419553103,-0.04006,5,negative_training,ALL_CONDITIONS,phq_9,PHQ9,cross-corpus-882
StandardScaler,CatBoost,0.08318,0.07060847682821093,5.48684,0.4217085877712238,6.588979999999999,0.1292,0.10233540443072475,-0.07522,5,negative_training,ALL_CONDITIONS,phq_9,PHQ9,cross-corpus-882
RobustScaler,ET,0.07855999999999999,0.08483662534542497,5.5541,0.6694086681542151,6.56432,0.11782,0.1250874174327698,-0.06048,5,negative_training,ALL_CONDITIONS,phq_9,PHQ9,cross-corpus-882
StandardScaler,ET,0.07783999999999999,0.10724049141998557,5.560720000000001,0.6661758003710434,6.5745000000000005,0.11634,0.1544020012823668,-0.0624,5,negative_training,ALL_CONDITIONS,phq_9,PHQ9,cross-corpus-882
StandardScaler,XGB,0.07339999999999999,0.10758966028387672,5.6208599999999995,0.7056397366928818,6.786699999999999,0.09926,0.14360603399579003,-0.1362,5,negative_training,ALL_CONDITIONS,phq_9,PHQ9,cross-corpus-882
StandardScaler,SVR,0.07305999999999999,0.05188379323064188,5.4462,0.44245968177902956,6.51704,0.1274,0.06017059082309229,-0.0469,5,negative_training,ALL_CONDITIONS,phq_9,PHQ9,cross-corpus-882
RobustScaler,GB,0.07170000000000001,0.09545436082233226,5.5588,0.4791218947199136,6.781339999999998,0.08992,0.10842645894798927,-0.1364,5,negative_training,ALL_CONDITIONS,phq_9,PHQ9,cross-corpus-882
StandardScaler,RF,0.06834000000000001,0.05779539774065059,5.4861200000000006,0.5496712626652406,6.527779999999998,0.11022000000000001,0.0760981734340582,-0.0495,5,negative_training,ALL_CONDITIONS,phq_9,PHQ9,cross-corpus-882
RobustScaler,SVR,0.06638000000000001,0.0925303031444294,5.4514000000000005,0.44825088956966946,6.6342,0.10344000000000002,0.11064241049434886,-0.0893,5,negative_training,ALL_CONDITIONS,phq_9,PHQ9,cross-corpus-882
MinMaxScaler,MLP,0.0615,0.05768201626156978,5.60092,0.3422187195347444,6.493779999999999,0.09323999999999999,0.09864485795012329,-0.0436,5,negative_training,ALL_CONDITIONS,phq_9,PHQ9,cross-corpus-882
MinMaxScaler,KNN,0.05496000000000001,0.07773260577132353,5.65496,0.6186784205061624,6.86734,0.07108,0.10483755052460926,-0.16382000000000002,5,negative_training,ALL_CONDITIONS,phq_9,PHQ9,cross-corpus-882
MinMaxScaler,CatBoost,0.049780000000000005,0.08206395067263092,5.623959999999999,0.47369255113417175,6.741199999999999,0.08024,0.12682331410273115,-0.1278,5,negative_training,ALL_CONDITIONS,phq_9,PHQ9,cross-corpus-882
StandardScaler,Ridge,0.04562,0.09700555138753658,10.576699999999999,0.25541829417643547,12.535260000000001,0.06120000000000001,0.1345782857670583,-0.0949,5,negative_training,ALL_CONDITIONS,ads.1,CES-D,cross-corpus-882
StandardScaler,ElasticNet,0.04218,0.086736480214498,10.53792,0.24776436789821074,12.472399999999999,0.062439999999999996,0.13070653388411765,-0.08398,5,negative_training,ALL_CONDITIONS,ads.1,CES-D,cross-corpus-882
StandardScaler,Lasso,0.04022,0.09198286253427863,10.548779999999999,0.18848009709250454,12.5099,0.063525,0.14254967262911084,-0.09032000000000001,5,negative_training,ALL_CONDITIONS,ads.1,CES-D,cross-corpus-882
StandardScaler,LGBM,0.028540000000000003,0.045536611643819086,11.00084,0.7452016995418086,13.284020000000002,0.040260000000000004,0.06447273066964047,-0.23036000000000004,5,negative_training,ALL_CONDITIONS,ads.1,CES-D,cross-corpus-882
MinMaxScaler,Lasso,0.028199999999999996,0.06626579057100278,10.6132,0.7392225747364595,12.66694,0.0333,0.10552140383195566,-0.11683999999999999,5,negative_training,ALL_CONDITIONS,ads.1,CES-D,cross-corpus-882
StandardScaler,ET,0.02438,0.055793073046750165,10.70866,0.3319212903686657,12.81242,0.039900000000000005,0.09563338852095538,-0.14286,5,negative_training,ALL_CONDITIONS,ads.1,CES-D,cross-corpus-882
MinMaxScaler,ElasticNet,0.022380000000000004,0.055590394853787466,10.52256,0.538605577394071,12.490200000000002,0.014000000000000002,0.09495188255111112,-0.08549999999999999,5,negative_training,ALL_CONDITIONS,ads.1,CES-D,cross-corpus-882
MinMaxScaler,LGBM,0.015380000000000001,0.08755779234311473,11.289100000000001,0.7985832235903781,13.46724,0.016640000000000002,0.11155311739256774,-0.26305999999999996,5,negative_training,ALL_CONDITIONS,ads.1,CES-D,cross-corpus-882
MinMaxScaler,Ridge,0.014220000000000002,0.046449402579581155,10.619399999999999,0.6460709558554694,12.6112,0.0046999999999999984,0.08083316151184489,-0.10682,5,negative_training,ALL_CONDITIONS,ads.1,CES-D,cross-corpus-882
RobustScaler,KNN,0.012280000000000001,0.07042674917955534,10.76086,0.652063089739022,12.88894,0.024640000000000002,0.10294327564246243,-0.15868,5,negative_training,ALL_CONDITIONS,ads.1,CES-D,cross-corpus-882
MinMaxScaler,RF,0.00732,0.06202835641865743,10.72534,0.7036828213051667,12.761319999999998,0.012220000000000003,0.10564107629137445,-0.13388,5,negative_training,ALL_CONDITIONS,ads.1,CES-D,cross-corpus-882
MinMaxScaler,MLP,0.00484,0.06318071699498194,10.46976,0.515528343546696,12.48128,0.005280000000000003,0.11709221579592728,-0.08518,5,negative_training,ALL_CONDITIONS,ads.1,CES-D,cross-corpus-882
RobustScaler,ElasticNet,0.004239999999999999,0.045022694277441905,10.71762,0.7650765236236174,12.73228,0.013779999999999997,0.08879908220246423,-0.12952000000000002,5,negative_training,ALL_CONDITIONS,ads.1,CES-D,cross-corpus-882
RobustScaler,Ridge,0.00194,0.04561220231473153,10.77962,0.7564520387969091,12.812599999999998,0.004560000000000003,0.08414896315463428,-0.14378000000000002,5,negative_training,ALL_CONDITIONS,ads.1,CES-D,cross-corpus-882
MinMaxScaler,XGB,0.0012800000000000034,0.07641192315339276,11.209779999999999,0.8736815306506144,13.407300000000001,-0.0005400000000000016,0.10327515674159009,-0.25172,5,negative_training,ALL_CONDITIONS,ads.1,CES-D,cross-corpus-882
MinMaxScaler,GB,0.0007400000000000004,0.06879057348212762,11.349419999999999,0.9124229211281354,13.47662,0.001079999999999999,0.09137705948431478,-0.26486,5,negative_training,ALL_CONDITIONS,ads.1,CES-D,cross-corpus-882
MinMaxScaler,SVR,-0.0014800000000000008,0.05837479764418888,10.76984,0.7360081915305018,12.99536,-0.03034,0.1024388988617117,-0.1754,5,negative_training,ALL_CONDITIONS,ads.1,CES-D,cross-corpus-882
StandardScaler,KNN,-0.0015200000000000033,0.060863429085124675,11.043360000000002,0.41205822161437367,13.16832,-5.9999999999999636e-05,0.08916873330938373,-0.2082,5,negative_training,ALL_CONDITIONS,ads.1,CES-D,cross-corpus-882
StandardScaler,XGB,-0.002420000000000001,0.04967008153808488,11.05108,0.42816969416342376,13.200819999999998,-0.0022600000000000007,0.06825044322200406,-0.21303999999999998,5,negative_training,ALL_CONDITIONS,ads.1,CES-D,cross-corpus-882
RobustScaler,SVR,-0.0026000000000000003,0.00706929982388638,10.25854,0.43179163146128713,12.28904,0.005639999999999999,0.033425484289685316,-0.051379999999999995,5,negative_training,ALL_CONDITIONS,ads.1,CES-D,cross-corpus-882
RobustScaler,MLP,-0.006300000000000002,0.07852970775445431,11.10032,0.5134686621401541,13.289260000000002,-0.017920000000000002,0.1104795320410075,-0.22957999999999998,5,negative_training,ALL_CONDITIONS,ads.1,CES-D,cross-corpus-882
MinMaxScaler,CatBoost,-0.00668,0.05815476764634177,11.01766,0.8043266581433197,13.100639999999999,-0.007539999999999996,0.08380502968199463,-0.19629999999999997,5,negative_training,ALL_CONDITIONS,ads.1,CES-D,cross-corpus-882
MinMaxScaler,ET,-0.009460000000000001,0.05706016999624169,11.083820000000001,0.6858811646342244,13.024359999999998,-0.01526,0.09157342955246352,-0.18138,5,negative_training,ALL_CONDITIONS,ads.1,CES-D,cross-corpus-882
StandardScaler,SVR,-0.009580000000000002,0.03411095132065361,10.298480000000001,0.5161655519307734,12.458639999999999,0.0013199999999999998,0.06968107347049125,-0.08222,5,negative_training,ALL_CONDITIONS,ads.1,CES-D,cross-corpus-882
StandardScaler,CatBoost,-0.010900000000000002,0.06998339088669539,10.873859999999999,0.4852189845832497,13.013079999999999,-0.023199999999999995,0.10261815141581922,-0.17912,5,negative_training,ALL_CONDITIONS,ads.1,CES-D,cross-corpus-882
RobustScaler,Lasso,-0.011459999999999998,0.0454215037179528,10.84594,0.7715983786919206,12.899899999999999,-0.032125,0.08492829818931576,-0.15898,5,negative_training,ALL_CONDITIONS,ads.1,CES-D,cross-corpus-882
RobustScaler,CatBoost,-0.012839999999999999,0.05816259966679619,10.83744,0.5264231691329707,12.90216,-0.022759999999999996,0.09384701913220259,-0.15904000000000001,5,negative_training,ALL_CONDITIONS,ads.1,CES-D,cross-corpus-882
RobustScaler,XGB,-0.01512,0.1187190043758791,11.323419999999999,0.7656224898734364,13.3697,-0.0268,0.16155328842211786,-0.24634,5,negative_training,ALL_CONDITIONS,ads.1,CES-D,cross-corpus-882
RobustScaler,ET,-0.01638,0.05814505138014756,10.97928,0.7178178438852018,13.067580000000001,-0.026639999999999997,0.0842906163223404,-0.18934,5,negative_training,ALL_CONDITIONS,ads.1,CES-D,cross-corpus-882
StandardScaler,RF,-0.01812,0.03742915975546339,10.90656,0.637503006267422,13.03734,-0.029100000000000004,0.0606021039238738,-0.18288,5,negative_training,ALL_CONDITIONS,ads.1,CES-D,cross-corpus-882
StandardScaler,MLP,-0.019580000000000004,0.12718070608390253,11.34606,1.0557244327948465,13.579240000000002,-0.02766,0.16073446425704724,-0.28928,5,negative_training,ALL_CONDITIONS,ads.1,CES-D,cross-corpus-882
RobustScaler,RF,-0.019700000000000002,0.05854839878254571,10.9316,0.5446351531071049,12.969460000000002,-0.03142000000000001,0.09091516375170866,-0.17172,5,negative_training,ALL_CONDITIONS,ads.1,CES-D,cross-corpus-882
RobustScaler,GB,-0.0205,0.10858768346364149,11.5779,0.894731325594449,13.785839999999999,-0.024380000000000002,0.13364502235399567,-0.32836,5,negative_training,ALL_CONDITIONS,ads.1,CES-D,cross-corpus-882
RobustScaler,LGBM,-0.023979999999999998,0.1105568948550926,11.39006,0.957231201434638,13.622399999999999,-0.030720000000000004,0.1489476988744707,-0.2958,5,negative_training,ALL_CONDITIONS,ads.1,CES-D,cross-corpus-882
StandardScaler,GB,-0.024119999999999996,0.05793744039910634,11.2156,0.4925832467715485,13.39634,-0.03442,0.08134274399108996,-0.24898000000000003,5,negative_training,ALL_CONDITIONS,ads.1,CES-D,cross-corpus-882
MinMaxScaler,KNN,-0.02842,0.10875857207595177,11.07086,0.7430916820958231,13.183960000000003,-0.05142,0.16056120951213587,-0.21234000000000003,5,negative_training,ALL_CONDITIONS,ads.1,CES-D,cross-corpus-882
StandardScaler,XGB,0.06682,0.1263951423117202,4.165760000000001,0.3443866838308354,5.0701,0.08697999999999999,0.16570051900944668,-0.16418,5,negative_training,ALL_CONDITIONS,HRSD_6.1,HRSD6,cross-corpus-882
RobustScaler,MLP,0.05067999999999999,0.08082169881906714,4.28502,0.3924173059384613,5.151039999999999,0.08462,0.13199676889984846,-0.2029,5,negative_training,ALL_CONDITIONS,HRSD_6.1,HRSD6,cross-corpus-882
RobustScaler,XGB,0.050519999999999995,0.09375221064060302,4.18624,0.2750673790183053,5.06524,0.07468,0.1330179198454103,-0.16084,5,negative_training,ALL_CONDITIONS,HRSD_6.1,HRSD6,cross-corpus-882
StandardScaler,CatBoost,0.03745999999999999,0.1132408186123714,4.20684,0.367159220230134,5.0061,0.06481999999999999,0.1847057037560021,-0.13405999999999998,5,negative_training,ALL_CONDITIONS,HRSD_6.1,HRSD6,cross-corpus-882
RobustScaler,GB,0.036500000000000005,0.1130986958368663,4.29684,0.3247839866742203,5.14364,0.05394000000000001,0.15535624544896803,-0.19741999999999998,5,negative_training,ALL_CONDITIONS,HRSD_6.1,HRSD6,cross-corpus-882
StandardScaler,GB,0.029019999999999997,0.1229067003869195,4.35524,0.2919115242671999,5.282360000000001,0.029759999999999998,0.15901667522621646,-0.26306,5,negative_training,ALL_CONDITIONS,HRSD_6.1,HRSD6,cross-corpus-882
StandardScaler,RF,0.02891999999999999,0.10214040336712989,4.21946,0.30202799208020464,5.054,0.044399999999999995,0.16192857993572352,-0.15528,5,negative_training,ALL_CONDITIONS,HRSD_6.1,HRSD6,cross-corpus-882
StandardScaler,Ridge,0.02778,0.07126083777222943,4.29268,0.3192815011866486,5.1096200000000005,0.03902,0.10913391773413067,-0.18502000000000002,5,negative_training,ALL_CONDITIONS,HRSD_6.1,HRSD6,cross-corpus-882
RobustScaler,RF,0.02659999999999999,0.09111361039932508,4.19732,0.2381556675790015,4.986980000000001,0.04596000000000001,0.15169030292012736,-0.12404000000000001,5,negative_training,ALL_CONDITIONS,HRSD_6.1,HRSD6,cross-corpus-882
MinMaxScaler,GB,0.023499999999999993,0.12601894698814142,4.42454,0.35783514779853604,5.274680000000001,0.029920000000000002,0.1636316503614139,-0.2596,5,negative_training,ALL_CONDITIONS,HRSD_6.1,HRSD6,cross-corpus-882
RobustScaler,ElasticNet,0.022860000000000002,0.08073994054989142,4.2819400000000005,0.2312937050591736,5.11772,0.019659999999999993,0.1012461505441071,-0.1849,5,negative_training,ALL_CONDITIONS,HRSD_6.1,HRSD6,cross-corpus-882
StandardScaler,ElasticNet,0.022599999999999995,0.08187200376196982,4.30128,0.3492463271102504,5.144,0.036919999999999994,0.11069766031854512,-0.20098,5,negative_training,ALL_CONDITIONS,HRSD_6.1,HRSD6,cross-corpus-882
RobustScaler,KNN,0.022580000000000003,0.07963615384986897,4.3263,0.2838144816601156,5.164499999999999,0.035820000000000005,0.11115557565862363,-0.2077,5,negative_training,ALL_CONDITIONS,HRSD_6.1,HRSD6,cross-corpus-882
RobustScaler,SVR,0.022020000000000005,0.10336443779172796,4.2006,0.2645344779041099,5.00642,0.04664,0.17903612205362357,-0.13428,5,negative_training,ALL_CONDITIONS,HRSD_6.1,HRSD6,cross-corpus-882
RobustScaler,CatBoost,0.02174,0.09043327927262176,4.214779999999999,0.28538403424158154,5.02018,0.04104000000000001,0.14515759711430884,-0.13918,5,negative_training,ALL_CONDITIONS,HRSD_6.1,HRSD6,cross-corpus-882
RobustScaler,Ridge,0.02124,0.08043514779000534,4.28196,0.22246166636074646,5.1016,0.016519999999999996,0.10483793206659504,-0.17764000000000002,5,negative_training,ALL_CONDITIONS,HRSD_6.1,HRSD6,cross-corpus-882
RobustScaler,Lasso,0.020979999999999995,0.08407750590972594,4.2763800000000005,0.22783908137104156,5.0998,0.016660000000000005,0.10961611651577519,-0.17726000000000003,5,negative_training,ALL_CONDITIONS,HRSD_6.1,HRSD6,cross-corpus-882
StandardScaler,Lasso,0.01742,0.0807845715467997,4.32588,0.32049519029152357,5.17272,0.023159999999999993,0.10827886682081599,-0.21322000000000002,5,negative_training,ALL_CONDITIONS,HRSD_6.1,HRSD6,cross-corpus-882
StandardScaler,ET,0.012419999999999997,0.07556280169501393,4.37476,0.16419647681969263,5.175619999999999,0.009559999999999999,0.0971898297148421,-0.21054,5,negative_training,ALL_CONDITIONS,HRSD_6.1,HRSD6,cross-corpus-882
MinMaxScaler,RF,0.009739999999999999,0.07593439931941254,4.2871,0.24036262188618265,5.05048,0.015159999999999996,0.12082302346821157,-0.15258,5,negative_training,ALL_CONDITIONS,HRSD_6.1,HRSD6,cross-corpus-882
MinMaxScaler,CatBoost,0.008099999999999996,0.09785277206088747,4.337079999999999,0.31488739574647917,5.1396999999999995,0.011819999999999997,0.13501224759257954,-0.19421999999999998,5,negative_training,ALL_CONDITIONS,HRSD_6.1,HRSD6,cross-corpus-882
MinMaxScaler,LGBM,0.007640000000000003,0.11898219614715473,4.4863,0.33835146667333976,5.37444,0.008920000000000006,0.14405779048701253,-0.30648,5,negative_training,ALL_CONDITIONS,HRSD_6.1,HRSD6,cross-corpus-882
MinMaxScaler,XGB,0.006040000000000001,0.1263519410218933,4.38878,0.346238497281859,5.2790799999999996,0.008639999999999991,0.1700228455237707,-0.26258,5,negative_training,ALL_CONDITIONS,HRSD_6.1,HRSD6,cross-corpus-882
StandardScaler,MLP,0.0058600000000000015,0.07519869014816681,4.405659999999999,0.3180278179656618,5.2998199999999995,0.016199999999999996,0.10397030826154167,-0.27149999999999996,5,negative_training,ALL_CONDITIONS,HRSD_6.1,HRSD6,cross-corpus-882
MinMaxScaler,Ridge,0.004960000000000001,0.08114143824212139,4.381760000000001,0.2663131953170926,5.190659999999999,-0.005920000000000006,0.10025316453858202,-0.22092,5,negative_training,ALL_CONDITIONS,HRSD_6.1,HRSD6,cross-corpus-882
RobustScaler,LGBM,0.004299999999999993,0.12574233575053392,4.35678,0.37308230593261876,5.24892,0.009700000000000009,0.15899061293044944,-0.24664000000000003,5,negative_training,ALL_CONDITIONS,HRSD_6.1,HRSD6,cross-corpus-882
MinMaxScaler,ElasticNet,0.002859999999999996,0.0730230990851525,4.32122,0.20294175765475156,5.0932,-0.00978,0.09700537098532225,-0.17323999999999998,5,negative_training,ALL_CONDITIONS,HRSD_6.1,HRSD6,cross-corpus-882
StandardScaler,LGBM,0.0017600000000000005,0.11636392482208566,4.40662,0.35513658921603636,5.31124,0.004859999999999998,0.14995133543920175,-0.27599999999999997,5,negative_training,ALL_CONDITIONS,HRSD_6.1,HRSD6,cross-corpus-882
MinMaxScaler,Lasso,-0.002200000000000002,0.0846934176899244,4.35914,0.26875612179074193,5.144559999999999,-0.045,0.12496945626832182,-0.19876,5,negative_training,ALL_CONDITIONS,HRSD_6.1,HRSD6,cross-corpus-882
StandardScaler,KNN,-0.002639999999999998,0.11220692046393572,4.38064,0.3073791193298595,5.19544,0.00643999999999999,0.17006748072456415,-0.22144000000000003,5,negative_training,ALL_CONDITIONS,HRSD_6.1,HRSD6,cross-corpus-882
StandardScaler,SVR,-0.00494,0.1108856753598047,4.332140000000001,0.3320575748270171,5.22692,-0.002540000000000009,0.1993909050082275,-0.24080000000000004,5,negative_training,ALL_CONDITIONS,HRSD_6.1,HRSD6,cross-corpus-882
MinMaxScaler,SVR,-0.013900000000000001,0.04584555594602382,4.3289,0.23179778903173337,5.16184,-0.02198,0.08085237782526869,-0.20602,5,negative_training,ALL_CONDITIONS,HRSD_6.1,HRSD6,cross-corpus-882
MinMaxScaler,ET,-0.02062,0.06762386413094122,4.40902,0.260111777895581,5.1723799999999995,-0.027139999999999997,0.10082674744332477,-0.20914000000000002,5,negative_training,ALL_CONDITIONS,HRSD_6.1,HRSD6,cross-corpus-882
RobustScaler,ET,-0.023880000000000002,0.050736052270550176,4.4128,0.16507162081957036,5.2421999999999995,-0.03542,0.07222019800582105,-0.24206,5,negative_training,ALL_CONDITIONS,HRSD_6.1,HRSD6,cross-corpus-882
MinMaxScaler,MLP,-0.029759999999999998,0.05126005267262218,4.344659999999999,0.16642332468737625,5.1379399999999995,-0.05258,0.07425440727660547,-0.19274,5,negative_training,ALL_CONDITIONS,HRSD_6.1,HRSD6,cross-corpus-882
MinMaxScaler,KNN,-0.048040000000000006,0.0704933188323546,4.449820000000001,0.1774329366267718,5.33254,-0.06476,0.09481992406662221,-0.28469999999999995,5,negative_training,ALL_CONDITIONS,HRSD_6.1,HRSD6,cross-corpus-882
StandardScaler,XGB,0.10835999999999998,0.14972160164785842,6.6881,0.5964231635340804,8.23178,0.1408,0.20383077539959465,-0.1599,5,negative_training,ALL_CONDITIONS,HRSD_17.1,HRSD17,cross-corpus-882
RobustScaler,XGB,0.07242,0.13997998785540738,6.80822,0.6724526466599712,8.38564,0.08618,0.183532536624981,-0.19946000000000003,5,negative_training,ALL_CONDITIONS,HRSD_17.1,HRSD17,cross-corpus-882
StandardScaler,GB,0.06644,0.10678889455369413,6.926900000000001,0.5800992415095889,8.5852,0.08796,0.1473658135389616,-0.27276,5,negative_training,ALL_CONDITIONS,HRSD_17.1,HRSD17,cross-corpus-882
MinMaxScaler,SVR,0.06406,0.122024845830675,6.80192,0.5782735658838302,8.281500000000001,0.06692000000000001,0.171088111802077,-0.16462000000000002,5,negative_training,ALL_CONDITIONS,HRSD_17.1,HRSD17,cross-corpus-882
MinMaxScaler,Lasso,0.06282,0.0827891418001177,41.996719999999996,78.2819770073674,241.25008000000003,0.12906,0.10574149138346783,-4468.34418,5,negative_training,ALL_CONDITIONS,HRSD_17.1,HRSD17,cross-corpus-882
MinMaxScaler,Ridge,0.05957999999999999,0.08808017370555078,35.51120000000001,63.97922688439585,198.38194,0.12198,0.11564956549853526,-2986.88446,5,negative_training,ALL_CONDITIONS,HRSD_17.1,HRSD17,cross-corpus-882
MinMaxScaler,ElasticNet,0.05264000000000002,0.08132261678032748,31.35598,54.90117845449221,171.06536,0.11694,0.11588241022691925,-2199.1661400000003,5,negative_training,ALL_CONDITIONS,HRSD_17.1,HRSD17,cross-corpus-882
StandardScaler,LGBM,0.05072,0.16119862592466475,6.83758,0.5733100007849156,8.479099999999999,0.07048000000000001,0.2095620123018483,-0.23377999999999996,5,negative_training,ALL_CONDITIONS,HRSD_17.1,HRSD17,cross-corpus-882
RobustScaler,LGBM,0.047960000000000017,0.15938294450787385,6.95934,0.6043121982882688,8.53634,0.0628,0.19259761161551303,-0.24989999999999996,5,negative_training,ALL_CONDITIONS,HRSD_17.1,HRSD17,cross-corpus-882
StandardScaler,SVR,0.045899999999999996,0.0920482753776517,6.64344,0.3679515362109528,8.080300000000001,0.059519999999999997,0.1459896126441878,-0.11104,5,negative_training,ALL_CONDITIONS,HRSD_17.1,HRSD17,cross-corpus-882
RobustScaler,ElasticNet,0.04544000000000001,0.05651679396427225,6.93342,0.3955570464547433,8.40076,0.06488000000000001,0.05705740092222919,-0.20460000000000003,5,negative_training,ALL_CONDITIONS,HRSD_17.1,HRSD17,cross-corpus-882
RobustScaler,Lasso,0.0439,0.058868667387668966,6.897499999999999,0.44187644766382383,8.37988,0.08404,0.06964763456141206,-0.19942,5,negative_training,ALL_CONDITIONS,HRSD_17.1,HRSD17,cross-corpus-882
RobustScaler,GB,0.042719999999999994,0.11776169580980057,7.05458,0.6801309704755403,8.75042,0.05526,0.16223966222844524,-0.31852,5,negative_training,ALL_CONDITIONS,HRSD_17.1,HRSD17,cross-corpus-882
RobustScaler,CatBoost,0.04225999999999999,0.10171584439014406,6.66896,0.49297865369608057,8.129679999999999,0.06503999999999999,0.17108326335442636,-0.12511999999999998,5,negative_training,ALL_CONDITIONS,HRSD_17.1,HRSD17,cross-corpus-882
StandardScaler,CatBoost,0.0397,0.08573187855167994,6.741040000000001,0.44357485614042635,8.240879999999999,0.05424,0.13193328996125278,-0.15444,5,negative_training,ALL_CONDITIONS,HRSD_17.1,HRSD17,cross-corpus-882
RobustScaler,SVR,0.038099999999999995,0.06006438212451702,6.9639,0.311661964313902,8.489360000000001,0.03758000000000001,0.10118286416187279,-0.22942,5,negative_training,ALL_CONDITIONS,HRSD_17.1,HRSD17,cross-corpus-882
MinMaxScaler,GB,0.03785999999999999,0.08803432853154501,6.96114,0.46648008317611994,8.720699999999999,0.0484,0.10538671643048758,-0.29834,5,negative_training,ALL_CONDITIONS,HRSD_17.1,HRSD17,cross-corpus-882
RobustScaler,Ridge,0.03628000000000001,0.06270866766245317,6.917240000000001,0.26532721873188947,8.37372,0.05019999999999999,0.07217215529551546,-0.19716,5,negative_training,ALL_CONDITIONS,HRSD_17.1,HRSD17,cross-corpus-882
StandardScaler,Lasso,0.0359,0.06300515851896574,6.978059999999999,0.32310932050932845,8.48356,0.04662000000000001,0.07314733077836812,-0.22657999999999995,5,negative_training,ALL_CONDITIONS,HRSD_17.1,HRSD17,cross-corpus-882
MinMaxScaler,MLP,0.035699999999999996,0.07449650998536776,30.590339999999998,53.303338900091426,166.13286,0.0968,0.12605780420108864,-2070.36238,5,negative_training,ALL_CONDITIONS,HRSD_17.1,HRSD17,cross-corpus-882
StandardScaler,Ridge,0.033960000000000004,0.0637801144558396,6.9244200000000005,0.35211078796310685,8.433900000000001,0.04526,0.06923180627428407,-0.21361999999999998,5,negative_training,ALL_CONDITIONS,HRSD_17.1,HRSD17,cross-corpus-882
StandardScaler,ElasticNet,0.03338,0.06138160962373014,6.9539,0.3242554933998807,8.456300000000002,0.040159999999999994,0.06815866049153255,-0.21905999999999998,5,negative_training,ALL_CONDITIONS,HRSD_17.1,HRSD17,cross-corpus-882
RobustScaler,MLP,0.03176,0.09246514478439971,7.160939999999999,0.36448922206287543,8.79364,0.029279999999999994,0.11879018057061787,-0.31842,5,negative_training,ALL_CONDITIONS,HRSD_17.1,HRSD17,cross-corpus-882
MinMaxScaler,RF,0.026000000000000002,0.0846752620308907,6.814800000000001,0.4107571910508686,8.228860000000001,0.04688,0.12632787499202225,-0.15322,5,negative_training,ALL_CONDITIONS,HRSD_17.1,HRSD17,cross-corpus-882
MinMaxScaler,CatBoost,0.02472,0.07162787167018157,6.85206,0.473525657171816,8.44316,0.03763999999999999,0.09594109130086023,-0.21181999999999998,5,negative_training,ALL_CONDITIONS,HRSD_17.1,HRSD17,cross-corpus-882
StandardScaler,MLP,0.02278,0.07850692326158247,7.0678,0.24636756077048796,8.69286,0.03536,0.1145399406320782,-0.29158,5,negative_training,ALL_CONDITIONS,HRSD_17.1,HRSD17,cross-corpus-882
StandardScaler,RF,0.02148,0.08825333988014278,6.77864,0.2983289342319984,8.303,0.036680000000000004,0.13668581491873982,-0.17698,5,negative_training,ALL_CONDITIONS,HRSD_17.1,HRSD17,cross-corpus-882
RobustScaler,KNN,0.017479999999999992,0.1418205098002401,7.0294,0.4401042490137993,8.408399999999999,0.02234,0.2017665804834884,-0.21116000000000001,5,negative_training,ALL_CONDITIONS,HRSD_17.1,HRSD17,cross-corpus-882
RobustScaler,RF,0.015759999999999996,0.10885220714344748,6.858960000000001,0.4553579723689924,8.35642,0.021700000000000004,0.17441477861695093,-0.19207999999999997,5,negative_training,ALL_CONDITIONS,HRSD_17.1,HRSD17,cross-corpus-882
MinMaxScaler,XGB,0.01404,0.06928418289912928,6.99006,0.3963955890269216,8.604199999999999,0.021179999999999997,0.08461209724383387,-0.26417999999999997,5,negative_training,ALL_CONDITIONS,HRSD_17.1,HRSD17,cross-corpus-882
MinMaxScaler,ET,0.01064,0.0912316447292276,6.79616,0.2965615922536158,8.31052,0.021040000000000003,0.1269031835692076,-0.1768,5,negative_training,ALL_CONDITIONS,HRSD_17.1,HRSD17,cross-corpus-882
MinMaxScaler,LGBM,0.007859999999999995,0.11831019820793133,7.294,0.46547892003827646,8.84326,0.010619999999999996,0.134169918387096,-0.33940000000000003,5,negative_training,ALL_CONDITIONS,HRSD_17.1,HRSD17,cross-corpus-882
StandardScaler,ET,-0.009119999999999998,0.09718887281988613,6.91528,0.3003260428267915,8.45536,-0.012279999999999994,0.15106677993523263,-0.21703999999999998,5,negative_training,ALL_CONDITIONS,HRSD_17.1,HRSD17,cross-corpus-882
RobustScaler,ET,-0.01,0.10089323565036458,6.98322,0.42456489138881914,8.42718,-0.014099999999999998,0.15954855060451034,-0.20952,5,negative_training,ALL_CONDITIONS,HRSD_17.1,HRSD17,cross-corpus-882
MinMaxScaler,KNN,-0.017440000000000004,0.10528515089983012,7.0822400000000005,0.3101064865493787,8.62368,-0.025540000000000007,0.14158984073725064,-0.26924000000000003,5,negative_training,ALL_CONDITIONS,HRSD_17.1,HRSD17,cross-corpus-882
StandardScaler,KNN,-0.04038,0.09079833148246724,7.060759999999999,0.2463871201990888,8.65072,-0.0487,0.11879757994168064,-0.2779,5,negative_training,ALL_CONDITIONS,HRSD_17.1,HRSD17,cross-corpus-882
RobustScaler,XGB,0.07780000000000001,0.13803811067962354,7.4906999999999995,0.7290213542825751,9.2508,0.09824,0.178014867356634,-0.16558,5,negative_training,ALL_CONDITIONS,HRSD_21.1,HRSD21,cross-corpus-882
StandardScaler,LGBM,0.07578,0.07689842000977652,7.72302,0.34225201533373034,9.5138,0.09684000000000001,0.09231894713437756,-0.23328,5,negative_training,ALL_CONDITIONS,HRSD_21.1,HRSD21,cross-corpus-882
StandardScaler,SVR,0.07243999999999999,0.15595745573713363,7.7134,0.7494646189113932,9.181999999999999,0.10979999999999998,0.22872258305641796,-0.15238000000000002,5,negative_training,ALL_CONDITIONS,HRSD_21.1,HRSD21,cross-corpus-882
StandardScaler,RF,0.07070000000000001,0.07136823523108864,7.55068,0.36510745267660577,9.020340000000001,0.10746,0.11776482072333826,-0.10300000000000001,5,negative_training,ALL_CONDITIONS,HRSD_21.1,HRSD21,cross-corpus-882
StandardScaler,XGB,0.05728,0.08589244437085254,7.70304,0.49240053614917995,9.4448,0.08216000000000001,0.12428488645044496,-0.21364,5,negative_training,ALL_CONDITIONS,HRSD_21.1,HRSD21,cross-corpus-882
MinMaxScaler,Lasso,0.05664000000000001,0.08348624437594497,45.472240000000006,84.17869810298208,259.02902,0.11368,0.10165417846798035,-4129.814660000001,5,negative_training,ALL_CONDITIONS,HRSD_21.1,HRSD21,cross-corpus-882
StandardScaler,CatBoost,0.05636,0.07253690784697125,7.58532,0.5534981454350143,9.14954,0.09341999999999999,0.12627920256320913,-0.13701999999999998,5,negative_training,ALL_CONDITIONS,HRSD_21.1,HRSD21,cross-corpus-882
MinMaxScaler,Ridge,0.055359999999999986,0.08459546678161899,37.894220000000004,67.14911529206472,208.48698,0.10933999999999999,0.10483059190904151,-2635.4260999999997,5,negative_training,ALL_CONDITIONS,HRSD_21.1,HRSD21,cross-corpus-882
StandardScaler,ET,0.05512,0.08681734849671464,7.607780000000001,0.26476662742876034,9.120239999999999,0.0752,0.1289028898046898,-0.1273,5,negative_training,ALL_CONDITIONS,HRSD_21.1,HRSD21,cross-corpus-882
StandardScaler,Lasso,0.052039999999999996,0.08010888215422807,7.69438,0.40392166567293747,9.34482,0.07368,0.10480931256334046,-0.18612,5,negative_training,ALL_CONDITIONS,HRSD_21.1,HRSD21,cross-corpus-882
MinMaxScaler,SVR,0.051759999999999994,0.11100303149013543,7.8025,0.6723922106925394,9.52398,0.0561,0.14756767938813703,-0.2292,5,negative_training,ALL_CONDITIONS,HRSD_21.1,HRSD21,cross-corpus-882
MinMaxScaler,ElasticNet,0.04969999999999999,0.08120095442788834,37.1652,65.89091388677957,204.324,0.10517999999999998,0.1083689854155699,-2532.30196,5,negative_training,ALL_CONDITIONS,HRSD_21.1,HRSD21,cross-corpus-882
RobustScaler,SVR,0.048560000000000006,0.1293438170149621,7.566319999999999,0.5537342837498868,9.19748,0.06032,0.1858167026938106,-0.15114,5,negative_training,ALL_CONDITIONS,HRSD_21.1,HRSD21,cross-corpus-882
RobustScaler,LGBM,0.0469,0.10598785307760508,7.77552,0.5274089039824794,9.56312,0.06250000000000001,0.1293642145262746,-0.24566,5,negative_training,ALL_CONDITIONS,HRSD_21.1,HRSD21,cross-corpus-882
StandardScaler,GB,0.04502,0.07048579289473873,7.793499999999999,0.4265821550416752,9.46464,0.06777999999999999,0.1048449188086862,-0.22000000000000003,5,negative_training,ALL_CONDITIONS,HRSD_21.1,HRSD21,cross-corpus-882
StandardScaler,ElasticNet,0.0449,0.07835569538967796,7.74358,0.3549796149076728,9.367140000000001,0.054299999999999994,0.0934683636317658,-0.1922,5,negative_training,ALL_CONDITIONS,HRSD_21.1,HRSD21,cross-corpus-882
StandardScaler,Ridge,0.04372,0.08166809046377907,7.7243200000000005,0.3528010799303197,9.37628,0.05346000000000001,0.09751893662258627,-0.19368000000000002,5,negative_training,ALL_CONDITIONS,HRSD_21.1,HRSD21,cross-corpus-882
MinMaxScaler,RF,0.03866,0.0654690232094538,7.642439999999999,0.30250886433293156,9.14336,0.06146,0.09863005627089544,-0.13282,5,negative_training,ALL_CONDITIONS,HRSD_21.1,HRSD21,cross-corpus-882
RobustScaler,CatBoost,0.037779999999999994,0.09549501034085499,7.547199999999999,0.5921075366856935,9.200320000000001,0.05846,0.16386637238921228,-0.14796,5,negative_training,ALL_CONDITIONS,HRSD_21.1,HRSD21,cross-corpus-882
MinMaxScaler,XGB,0.03724,0.0325453222445254,7.916739999999999,0.2484142769649121,9.4957,0.04846,0.04183052713031477,-0.22172,5,negative_training,ALL_CONDITIONS,HRSD_21.1,HRSD21,cross-corpus-882
MinMaxScaler,GB,0.03638,0.06729028161629286,8.05418,0.2655146267157422,9.576760000000002,0.04795999999999999,0.08080298880610791,-0.24522000000000005,5,negative_training,ALL_CONDITIONS,HRSD_21.1,HRSD21,cross-corpus-882
MinMaxScaler,LGBM,0.03256,0.08812135382527891,8.12284,0.2596052252940992,9.78528,0.03908,0.0991188024544284,-0.30094,5,negative_training,ALL_CONDITIONS,HRSD_21.1,HRSD21,cross-corpus-882
RobustScaler,GB,0.03216,0.11543540618025301,7.8483,0.7037529573650119,9.67432,0.04702,0.16258636781723124,-0.27924,5,negative_training,ALL_CONDITIONS,HRSD_21.1,HRSD21,cross-corpus-882
RobustScaler,Ridge,0.031099999999999996,0.0919825255143606,7.9081,0.42505227325589007,9.585239999999999,0.029900000000000003,0.12144721075430263,-0.24644,5,negative_training,ALL_CONDITIONS,HRSD_21.1,HRSD21,cross-corpus-882
StandardScaler,KNN,0.029680000000000005,0.13706165401015705,7.8481,0.5103551900392509,9.33792,0.036160000000000005,0.1925785372257251,-0.18356,5,negative_training,ALL_CONDITIONS,HRSD_21.1,HRSD21,cross-corpus-882
RobustScaler,ElasticNet,0.0294,0.09089249143906224,7.888159999999999,0.442235438426185,9.55218,0.0289,0.12117118056699785,-0.23757999999999999,5,negative_training,ALL_CONDITIONS,HRSD_21.1,HRSD21,cross-corpus-882
MinMaxScaler,CatBoost,0.027699999999999995,0.050745837267701085,7.781820000000001,0.4364473358837238,9.33304,0.040080000000000005,0.07107852699655501,-0.17880000000000001,5,negative_training,ALL_CONDITIONS,HRSD_21.1,HRSD21,cross-corpus-882
RobustScaler,RF,0.02708000000000001,0.09971450245576116,7.621840000000001,0.4995766737949244,9.205400000000001,0.04132,0.15409458783487498,-0.14872000000000002,5,negative_training,ALL_CONDITIONS,HRSD_21.1,HRSD21,cross-corpus-882
StandardScaler,MLP,0.027080000000000003,0.11976093687008298,7.87862,0.48019690440484886,9.5576,0.048740000000000006,0.18298301287278007,-0.24400000000000005,5,negative_training,ALL_CONDITIONS,HRSD_21.1,HRSD21,cross-corpus-882
RobustScaler,Lasso,0.026140000000000004,0.09397652898463531,7.92672,0.46183110224409946,9.6128,0.037200000000000004,0.12927118781847716,-0.25426,5,negative_training,ALL_CONDITIONS,HRSD_21.1,HRSD21,cross-corpus-882
MinMaxScaler,KNN,0.018080000000000006,0.1071391478405536,7.745400000000001,0.27774536899829677,9.3267,0.027619999999999995,0.15528592016019996,-0.18092000000000003,5,negative_training,ALL_CONDITIONS,HRSD_21.1,HRSD21,cross-corpus-882
RobustScaler,ET,0.0115,0.08351437002097305,7.649159999999999,0.3582008137902533,9.258779999999998,0.018820000000000003,0.1324891769164561,-0.16138,5,negative_training,ALL_CONDITIONS,HRSD_21.1,HRSD21,cross-corpus-882
MinMaxScaler,MLP,0.011200000000000005,0.0789215433199326,30.2774,50.99104460829372,159.12032000000002,0.055819999999999995,0.15950499051753836,-1507.56634,5,negative_training,ALL_CONDITIONS,HRSD_21.1,HRSD21,cross-corpus-882
RobustScaler,MLP,0.010579999999999999,0.12065559249367598,7.98212,0.5220615356449854,9.840440000000001,0.0007199999999999956,0.15922351271090587,-0.3186,5,negative_training,ALL_CONDITIONS,HRSD_21.1,HRSD21,cross-corpus-882
MinMaxScaler,ET,0.0032200000000000006,0.059013786524845194,7.740219999999999,0.2882140124976577,9.276940000000002,0.010699999999999998,0.08791407737103314,-0.1662,5,negative_training,ALL_CONDITIONS,HRSD_21.1,HRSD21,cross-corpus-882
RobustScaler,KNN,-0.009360000000000002,0.07123101852423563,7.82212,0.3731657969321413,9.4283,-0.01904,0.10475281857783111,-0.20339999999999997,5,negative_training,ALL_CONDITIONS,HRSD_21.1,HRSD21,cross-corpus-882
RobustScaler,GB,0.15814,0.15055616227840027,9.30282,0.6888167187285736,11.54062,0.18344,0.15657171839128547,-0.10128,5,negative_training,ALL_CONDITIONS,HRSD_24.1,HRSD24,cross-corpus-882
RobustScaler,LGBM,0.14747999999999997,0.12116697982536331,9.218340000000001,1.0872025859976602,11.48518,0.1868,0.15109482122164214,-0.0896,5,negative_training,ALL_CONDITIONS,HRSD_24.1,HRSD24,cross-corpus-882
RobustScaler,XGB,0.14382,0.15701519671675096,9.1565,0.8960079519736409,11.302679999999999,0.18017999999999998,0.18738823869175994,-0.05611999999999999,5,negative_training,ALL_CONDITIONS,HRSD_24.1,HRSD24,cross-corpus-882
RobustScaler,CatBoost,0.12688,0.11397923933769691,9.1505,1.0396447398029771,11.382819999999999,0.17168,0.13648447530763344,-0.06976,5,negative_training,ALL_CONDITIONS,HRSD_24.1,HRSD24,cross-corpus-882
RobustScaler,ET,0.10446,0.10338538581443704,9.08754,0.7923182460350134,11.38432,0.1439,0.15805918195410223,-0.06922,5,negative_training,ALL_CONDITIONS,HRSD_24.1,HRSD24,cross-corpus-882
RobustScaler,RF,0.10393999999999999,0.11735326156524153,9.235560000000001,0.7493784110848136,11.301919999999999,0.14350000000000002,0.171624357245701,-0.05416,5,negative_training,ALL_CONDITIONS,HRSD_24.1,HRSD24,cross-corpus-882
StandardScaler,XGB,0.10138,0.1504047938065805,9.441980000000001,0.712236587799307,11.791080000000001,0.13366000000000003,0.18929427619450093,-0.1525,5,negative_training,ALL_CONDITIONS,HRSD_24.1,HRSD24,cross-corpus-882
RobustScaler,ElasticNet,0.09876,0.06965998133792457,9.596499999999999,0.4884168250582694,11.79812,0.12279999999999998,0.08619126985953972,-0.14826,5,negative_training,ALL_CONDITIONS,HRSD_24.1,HRSD24,cross-corpus-882
StandardScaler,Ridge,0.09274,0.09792999029919282,9.638900000000001,0.5216024300173459,11.75684,0.11857999999999999,0.13689635495512656,-0.14257999999999998,5,negative_training,ALL_CONDITIONS,HRSD_24.1,HRSD24,cross-corpus-882
StandardScaler,ElasticNet,0.09097999999999998,0.09030366548485172,9.59076,0.519257106836295,11.681679999999998,0.12083999999999999,0.1290924591136136,-0.12772,5,negative_training,ALL_CONDITIONS,HRSD_24.1,HRSD24,cross-corpus-882
StandardScaler,GB,0.09014,0.12360739460080858,9.613319999999998,0.6316458794292891,11.761120000000002,0.12374,0.17145555692365297,-0.14450000000000002,5,negative_training,ALL_CONDITIONS,HRSD_24.1,HRSD24,cross-corpus-882
MinMaxScaler,SVR,0.0883,0.11234734086750785,10.10288,1.165766205977854,12.36068,0.11176000000000001,0.14240959588454707,-0.27528,5,negative_training,ALL_CONDITIONS,HRSD_24.1,HRSD24,cross-corpus-882
StandardScaler,LGBM,0.0877,0.08652228036754463,9.53782,0.4063584095352274,11.806639999999998,0.11132000000000002,0.10254597505509419,-0.15116000000000002,5,negative_training,ALL_CONDITIONS,HRSD_24.1,HRSD24,cross-corpus-882
StandardScaler,Lasso,0.08652,0.06783518261197505,9.529340000000001,0.5350303477373972,11.579159999999998,0.12962,0.0816120518060905,-0.10772,5,negative_training,ALL_CONDITIONS,HRSD_24.1,HRSD24,cross-corpus-882
RobustScaler,Lasso,0.0827,0.08061497999751659,9.708940000000002,0.46448966404000835,11.9663,0.10282000000000002,0.09313099376684435,-0.18180000000000002,5,negative_training,ALL_CONDITIONS,HRSD_24.1,HRSD24,cross-corpus-882
RobustScaler,Ridge,0.0796,0.07288055296167834,9.6554,0.35051609806113065,11.895259999999999,0.09690000000000001,0.08281723854367519,-0.16722,5,negative_training,ALL_CONDITIONS,HRSD_24.1,HRSD24,cross-corpus-882
RobustScaler,MLP,0.07756,0.12532365299495543,9.684999999999999,0.9021278401645746,11.92854,0.10584,0.17344213155977992,-0.1784,5,negative_training,ALL_CONDITIONS,HRSD_24.1,HRSD24,cross-corpus-882
MinMaxScaler,LGBM,0.07560000000000001,0.08069271962203282,9.98864,0.4162730870474329,12.173599999999999,0.09162,0.09525991811879748,-0.22396,5,negative_training,ALL_CONDITIONS,HRSD_24.1,HRSD24,cross-corpus-882
MinMaxScaler,ET,0.07490000000000001,0.10505151117428059,9.49488,0.4070707641184766,11.63952,0.10538,0.1362145623639411,-0.11839999999999999,5,negative_training,ALL_CONDITIONS,HRSD_24.1,HRSD24,cross-corpus-882
StandardScaler,CatBoost,0.07444,0.10108426188086848,9.417080000000002,0.45185848669688583,11.40224,0.11458000000000002,0.14416090662866962,-0.07396,5,negative_training,ALL_CONDITIONS,HRSD_24.1,HRSD24,cross-corpus-882
MinMaxScaler,KNN,0.07171999999999999,0.07277586825315106,9.534199999999998,0.2919634480547184,11.78788,0.10196000000000001,0.10056720638458642,-0.1486,5,negative_training,ALL_CONDITIONS,HRSD_24.1,HRSD24,cross-corpus-882
MinMaxScaler,RF,0.07148000000000002,0.10865105613844718,9.45978,0.38132038628953446,11.432120000000001,0.10232000000000001,0.14398127308785683,-0.0782,5,negative_training,ALL_CONDITIONS,HRSD_24.1,HRSD24,cross-corpus-882
MinMaxScaler,XGB,0.06654,0.10885693822627937,9.920240000000002,0.3647555249752909,12.12522,0.08272,0.135459669274659,-0.21572,5,negative_training,ALL_CONDITIONS,HRSD_24.1,HRSD24,cross-corpus-882
StandardScaler,RF,0.06568,0.09865108717089742,9.4813,0.5276280176412167,11.5029,0.09692,0.15050989004048873,-0.09215999999999999,5,negative_training,ALL_CONDITIONS,HRSD_24.1,HRSD24,cross-corpus-882
MinMaxScaler,GB,0.06146,0.09072721752594422,10.042860000000001,0.451338490492446,12.20504,0.07662,0.11375377795923966,-0.23136,5,negative_training,ALL_CONDITIONS,HRSD_24.1,HRSD24,cross-corpus-882
MinMaxScaler,Ridge,0.06142000000000001,0.09840847016390408,49.2755,87.46716926421593,272.24954,0.13236,0.1272785842158845,-2777.9536200000002,5,negative_training,ALL_CONDITIONS,HRSD_24.1,HRSD24,cross-corpus-882
StandardScaler,SVR,0.05961999999999999,0.07208284816792411,9.8512,0.5456337049706517,11.96358,0.07561999999999999,0.08909658803792656,-0.18137999999999999,5,negative_training,ALL_CONDITIONS,HRSD_24.1,HRSD24,cross-corpus-882
MinMaxScaler,CatBoost,0.058699999999999995,0.08035990915873412,9.58232,0.47816724793737203,11.72254,0.07914,0.09722586075731086,-0.13342,5,negative_training,ALL_CONDITIONS,HRSD_24.1,HRSD24,cross-corpus-882
MinMaxScaler,Lasso,0.05614,0.09634787491169695,59.638459999999995,110.81390798881249,341.39642,0.12994,0.12660893728327396,-4436.7603,5,negative_training,ALL_CONDITIONS,HRSD_24.1,HRSD24,cross-corpus-882
MinMaxScaler,ElasticNet,0.05595999999999999,0.09006738033272646,42.76586,73.41499916946809,229.83991999999998,0.12977999999999998,0.1259000079428115,-1957.3867999999998,5,negative_training,ALL_CONDITIONS,HRSD_24.1,HRSD24,cross-corpus-882
RobustScaler,KNN,0.05188,0.1147351384711763,9.587900000000001,0.6401368877044971,11.767780000000002,0.06602,0.1480602141022361,-0.14309999999999998,5,negative_training,ALL_CONDITIONS,HRSD_24.1,HRSD24,cross-corpus-882
StandardScaler,ET,0.050440000000000006,0.12056995065106396,9.607960000000002,0.6296382794906923,11.7063,0.06758,0.18242948500722136,-0.1321,5,negative_training,ALL_CONDITIONS,HRSD_24.1,HRSD24,cross-corpus-882
StandardScaler,MLP,0.04644,0.09635791612524629,9.7941,0.42930942803530453,12.136199999999999,0.06545999999999999,0.13739375167743254,-0.21911999999999998,5,negative_training,ALL_CONDITIONS,HRSD_24.1,HRSD24,cross-corpus-882
RobustScaler,SVR,0.04494,0.02949784737908853,9.649379999999999,0.5590063792122594,11.7286,0.06695999999999999,0.04520335164564681,-0.13418,5,negative_training,ALL_CONDITIONS,HRSD_24.1,HRSD24,cross-corpus-882
StandardScaler,KNN,0.039520000000000007,0.09688550975249086,9.60046,0.48348125403163233,11.78132,0.06122000000000001,0.14017899985375842,-0.14732,5,negative_training,ALL_CONDITIONS,HRSD_24.1,HRSD24,cross-corpus-882
MinMaxScaler,MLP,0.028280000000000007,0.08574224163153189,35.285199999999996,57.260734750394185,181.07158,0.10202,0.14258554274539897,-1188.98906,5,negative_training,ALL_CONDITIONS,HRSD_24.1,HRSD24,cross-corpus-882
