fold,phase,condition,target,target_short,features,scaler,model,n_train,n_test,n_features,CCC,MAE,RMSE,Pearson_r,R2,Spearman_r
1,emotion_induction_1,ALL_CONDITIONS,phq_8,PHQ8,cross-corpus-882,StandardScaler,Ridge,202,51,10,0.0823,4.9197,5.8407,0.1734,0.0158,0.1017
1,emotion_induction_1,ALL_CONDITIONS,phq_8,PHQ8,cross-corpus-882,StandardScaler,Lasso,202,51,10,0.1151,4.849,5.8321,0.2042,0.0187,0.1283
1,emotion_induction_1,ALL_CONDITIONS,phq_8,PHQ8,cross-corpus-882,StandardScaler,ElasticNet,202,51,10,0.1286,4.8297,5.7993,0.225,0.0296,0.1487
1,emotion_induction_1,ALL_CONDITIONS,phq_8,PHQ8,cross-corpus-882,StandardScaler,SVR,202,51,10,0.0532,4.9923,5.9622,0.1011,-0.0256,0.0861
1,emotion_induction_1,ALL_CONDITIONS,phq_8,PHQ8,cross-corpus-882,StandardScaler,KNN,202,51,10,0.0345,5.3529,6.2988,0.0493,-0.1447,0.037
1,emotion_induction_1,ALL_CONDITIONS,phq_8,PHQ8,cross-corpus-882,StandardScaler,RF,202,51,10,0.089,5.0175,6.0137,0.1381,-0.0434,0.1168
1,emotion_induction_1,ALL_CONDITIONS,phq_8,PHQ8,cross-corpus-882,StandardScaler,ET,202,51,10,0.0848,5.0735,6.0556,0.128,-0.058,0.1234
1,emotion_induction_1,ALL_CONDITIONS,phq_8,PHQ8,cross-corpus-882,StandardScaler,GB,202,51,10,0.0697,5.2449,6.2383,0.0969,-0.1228,0.0621
1,emotion_induction_1,ALL_CONDITIONS,phq_8,PHQ8,cross-corpus-882,StandardScaler,XGB,202,51,10,0.1223,5.2039,6.0484,0.1718,-0.0555,0.1306
1,emotion_induction_1,ALL_CONDITIONS,phq_8,PHQ8,cross-corpus-882,StandardScaler,MLP,202,51,10,0.109,5.0963,6.0131,0.1892,-0.0432,0.1342
1,emotion_induction_1,ALL_CONDITIONS,phq_8,PHQ8,cross-corpus-882,StandardScaler,LGBM,202,51,10,0.1637,5.0896,6.0268,0.2131,-0.048,0.2374
1,emotion_induction_1,ALL_CONDITIONS,phq_8,PHQ8,cross-corpus-882,StandardScaler,CatBoost,202,51,10,0.0904,4.9826,5.9561,0.1539,-0.0235,0.1419
1,emotion_induction_1,ALL_CONDITIONS,phq_8,PHQ8,cross-corpus-882,MinMaxScaler,Ridge,202,51,5,0.0615,5.0191,6.0376,0.1008,-0.0517,0.019
1,emotion_induction_1,ALL_CONDITIONS,phq_8,PHQ8,cross-corpus-882,MinMaxScaler,Lasso,202,51,5,0.0584,5.0149,6.0228,0.099,-0.0466,0.0198
1,emotion_induction_1,ALL_CONDITIONS,phq_8,PHQ8,cross-corpus-882,MinMaxScaler,ElasticNet,202,51,5,0.0562,5.0088,6.0038,0.0988,-0.04,0.0237
1,emotion_induction_1,ALL_CONDITIONS,phq_8,PHQ8,cross-corpus-882,MinMaxScaler,SVR,202,51,5,0.1058,4.895,5.9859,0.1566,-0.0338,0.1027
1,emotion_induction_1,ALL_CONDITIONS,phq_8,PHQ8,cross-corpus-882,MinMaxScaler,KNN,202,51,5,-0.1478,5.8758,6.7833,-0.2173,-0.3276,-0.2404
1,emotion_induction_1,ALL_CONDITIONS,phq_8,PHQ8,cross-corpus-882,MinMaxScaler,RF,202,51,5,0.0287,5.1149,6.0804,0.0515,-0.0667,0.0485
1,emotion_induction_1,ALL_CONDITIONS,phq_8,PHQ8,cross-corpus-882,MinMaxScaler,ET,202,51,5,-0.0307,5.3671,6.2448,-0.0579,-0.1252,-0.0909
1,emotion_induction_1,ALL_CONDITIONS,phq_8,PHQ8,cross-corpus-882,MinMaxScaler,GB,202,51,5,-0.0212,5.3472,6.3651,-0.033,-0.1689,-0.0321
1,emotion_induction_1,ALL_CONDITIONS,phq_8,PHQ8,cross-corpus-882,MinMaxScaler,XGB,202,51,5,0.0399,5.2043,6.1582,0.0638,-0.0941,0.0377
1,emotion_induction_1,ALL_CONDITIONS,phq_8,PHQ8,cross-corpus-882,MinMaxScaler,MLP,202,51,5,0.0585,5.0067,5.9316,0.1206,-0.0151,0.0514
1,emotion_induction_1,ALL_CONDITIONS,phq_8,PHQ8,cross-corpus-882,MinMaxScaler,LGBM,202,51,5,0.0717,5.1743,6.1517,0.1037,-0.0918,0.0738
1,emotion_induction_1,ALL_CONDITIONS,phq_8,PHQ8,cross-corpus-882,MinMaxScaler,CatBoost,202,51,5,0.0025,5.2592,6.3118,0.0039,-0.1494,0.036
1,emotion_induction_1,ALL_CONDITIONS,phq_8,PHQ8,cross-corpus-882,RobustScaler,Ridge,202,51,10,0.1145,4.8138,5.7566,0.2259,0.0439,0.1254
1,emotion_induction_1,ALL_CONDITIONS,phq_8,PHQ8,cross-corpus-882,RobustScaler,Lasso,202,51,10,0.1389,4.7789,5.7991,0.2263,0.0297,0.1326
1,emotion_induction_1,ALL_CONDITIONS,phq_8,PHQ8,cross-corpus-882,RobustScaler,ElasticNet,202,51,10,0.086,4.8792,5.7435,0.2318,0.0482,0.1398
1,emotion_induction_1,ALL_CONDITIONS,phq_8,PHQ8,cross-corpus-882,RobustScaler,SVR,202,51,10,0.0802,4.9148,5.8758,0.1509,0.0039,0.1498
1,emotion_induction_1,ALL_CONDITIONS,phq_8,PHQ8,cross-corpus-882,RobustScaler,KNN,202,51,10,0.0292,5.3754,6.3589,0.0399,-0.1666,0.0559
1,emotion_induction_1,ALL_CONDITIONS,phq_8,PHQ8,cross-corpus-882,RobustScaler,RF,202,51,10,0.09,5.0722,6.0834,0.1282,-0.0677,0.1074
1,emotion_induction_1,ALL_CONDITIONS,phq_8,PHQ8,cross-corpus-882,RobustScaler,ET,202,51,10,0.086,5.0804,6.0412,0.1292,-0.053,0.104
1,emotion_induction_1,ALL_CONDITIONS,phq_8,PHQ8,cross-corpus-882,RobustScaler,GB,202,51,10,0.0874,5.2638,6.2473,0.113,-0.1261,0.0773
1,emotion_induction_1,ALL_CONDITIONS,phq_8,PHQ8,cross-corpus-882,RobustScaler,XGB,202,51,10,0.1707,5.1144,5.9815,0.2211,-0.0323,0.1684
1,emotion_induction_1,ALL_CONDITIONS,phq_8,PHQ8,cross-corpus-882,RobustScaler,MLP,202,51,10,0.1784,4.9623,5.9919,0.248,-0.0359,0.2217
1,emotion_induction_1,ALL_CONDITIONS,phq_8,PHQ8,cross-corpus-882,RobustScaler,LGBM,202,51,10,0.1554,5.113,6.0627,0.1956,-0.0605,0.1633
1,emotion_induction_1,ALL_CONDITIONS,phq_8,PHQ8,cross-corpus-882,RobustScaler,CatBoost,202,51,10,0.0892,5.0229,6.0787,0.1306,-0.0661,0.1088
2,emotion_induction_1,ALL_CONDITIONS,phq_8,PHQ8,cross-corpus-882,StandardScaler,Ridge,202,51,10,0.2096,4.9721,6.0884,0.3128,-0.0814,0.2974
2,emotion_induction_1,ALL_CONDITIONS,phq_8,PHQ8,cross-corpus-882,StandardScaler,Lasso,202,51,10,0.1928,5.0012,6.0754,0.2995,-0.0768,0.273
2,emotion_induction_1,ALL_CONDITIONS,phq_8,PHQ8,cross-corpus-882,StandardScaler,ElasticNet,202,51,10,0.1973,4.9935,6.06,0.3051,-0.0713,0.2828
2,emotion_induction_1,ALL_CONDITIONS,phq_8,PHQ8,cross-corpus-882,StandardScaler,SVR,202,51,10,0.0804,5.0703,6.0511,0.1663,-0.0682,0.1094
2,emotion_induction_1,ALL_CONDITIONS,phq_8,PHQ8,cross-corpus-882,StandardScaler,KNN,202,51,10,0.1367,4.9944,6.0741,0.2234,-0.0763,0.2215
2,emotion_induction_1,ALL_CONDITIONS,phq_8,PHQ8,cross-corpus-882,StandardScaler,RF,202,51,10,0.1107,4.9737,5.9531,0.2083,-0.0339,0.1998
2,emotion_induction_1,ALL_CONDITIONS,phq_8,PHQ8,cross-corpus-882,StandardScaler,ET,202,51,10,0.1515,4.8957,5.8526,0.2699,0.0007,0.2558
2,emotion_induction_1,ALL_CONDITIONS,phq_8,PHQ8,cross-corpus-882,StandardScaler,GB,202,51,10,0.1233,5.1494,6.1537,0.1787,-0.1047,0.2005
2,emotion_induction_1,ALL_CONDITIONS,phq_8,PHQ8,cross-corpus-882,StandardScaler,XGB,202,51,10,0.093,5.0865,6.206,0.1473,-0.1236,0.1538
2,emotion_induction_1,ALL_CONDITIONS,phq_8,PHQ8,cross-corpus-882,StandardScaler,MLP,202,51,10,0.0689,5.5947,6.4232,0.0996,-0.2036,0.0905
2,emotion_induction_1,ALL_CONDITIONS,phq_8,PHQ8,cross-corpus-882,StandardScaler,LGBM,202,51,10,0.2065,4.8788,5.8738,0.3151,-0.0065,0.295
2,emotion_induction_1,ALL_CONDITIONS,phq_8,PHQ8,cross-corpus-882,StandardScaler,CatBoost,202,51,10,0.1113,5.0268,5.9962,0.222,-0.0489,0.2128
2,emotion_induction_1,ALL_CONDITIONS,phq_8,PHQ8,cross-corpus-882,MinMaxScaler,Ridge,202,51,10,0.1715,5.0943,6.2112,0.247,-0.1255,0.2244
2,emotion_induction_1,ALL_CONDITIONS,phq_8,PHQ8,cross-corpus-882,MinMaxScaler,Lasso,202,51,10,0.1628,5.0902,6.1845,0.2428,-0.1158,0.2014
2,emotion_induction_1,ALL_CONDITIONS,phq_8,PHQ8,cross-corpus-882,MinMaxScaler,ElasticNet,202,51,10,0.1219,5.0648,6.0833,0.2153,-0.0796,0.1854
2,emotion_induction_1,ALL_CONDITIONS,phq_8,PHQ8,cross-corpus-882,MinMaxScaler,SVR,202,51,10,0.2032,5.0039,6.1138,0.3007,-0.0905,0.2258
2,emotion_induction_1,ALL_CONDITIONS,phq_8,PHQ8,cross-corpus-882,MinMaxScaler,KNN,202,51,10,0.156,4.9076,6.0877,0.2335,-0.0812,0.1936
2,emotion_induction_1,ALL_CONDITIONS,phq_8,PHQ8,cross-corpus-882,MinMaxScaler,RF,202,51,10,0.1312,4.9256,5.8852,0.2479,-0.0104,0.246
2,emotion_induction_1,ALL_CONDITIONS,phq_8,PHQ8,cross-corpus-882,MinMaxScaler,ET,202,51,10,0.1468,4.9272,5.8978,0.2476,-0.0148,0.1969
2,emotion_induction_1,ALL_CONDITIONS,phq_8,PHQ8,cross-corpus-882,MinMaxScaler,GB,202,51,10,0.1146,5.2116,6.1758,0.1715,-0.1127,0.1708
2,emotion_induction_1,ALL_CONDITIONS,phq_8,PHQ8,cross-corpus-882,MinMaxScaler,XGB,202,51,10,0.084,5.2307,6.2964,0.1291,-0.1566,0.1227
2,emotion_induction_1,ALL_CONDITIONS,phq_8,PHQ8,cross-corpus-882,MinMaxScaler,MLP,202,51,10,0.0524,4.969,5.876,0.2213,-0.0073,0.2361
2,emotion_induction_1,ALL_CONDITIONS,phq_8,PHQ8,cross-corpus-882,MinMaxScaler,LGBM,202,51,10,0.1418,5.1273,6.0528,0.2095,-0.0688,0.2138
2,emotion_induction_1,ALL_CONDITIONS,phq_8,PHQ8,cross-corpus-882,MinMaxScaler,CatBoost,202,51,10,0.1129,5.0622,5.9972,0.2117,-0.0493,0.1977
2,emotion_induction_1,ALL_CONDITIONS,phq_8,PHQ8,cross-corpus-882,RobustScaler,Ridge,202,51,5,0.0913,5.0984,6.1625,0.1712,-0.1079,0.1641
2,emotion_induction_1,ALL_CONDITIONS,phq_8,PHQ8,cross-corpus-882,RobustScaler,Lasso,202,51,5,0.0877,5.1127,6.279,0.1439,-0.1502,0.1617
2,emotion_induction_1,ALL_CONDITIONS,phq_8,PHQ8,cross-corpus-882,RobustScaler,ElasticNet,202,51,5,0.0894,5.1133,6.2488,0.1509,-0.1391,0.1567
2,emotion_induction_1,ALL_CONDITIONS,phq_8,PHQ8,cross-corpus-882,RobustScaler,SVR,202,51,5,0.1083,5.066,6.099,0.2231,-0.0852,0.2257
2,emotion_induction_1,ALL_CONDITIONS,phq_8,PHQ8,cross-corpus-882,RobustScaler,KNN,202,51,5,0.144,5.1525,6.149,0.2397,-0.1031,0.2413
2,emotion_induction_1,ALL_CONDITIONS,phq_8,PHQ8,cross-corpus-882,RobustScaler,RF,202,51,5,0.133,4.9205,5.9021,0.2741,-0.0163,0.2589
2,emotion_induction_1,ALL_CONDITIONS,phq_8,PHQ8,cross-corpus-882,RobustScaler,ET,202,51,5,0.1495,4.9572,6.0522,0.2519,-0.0686,0.2485
2,emotion_induction_1,ALL_CONDITIONS,phq_8,PHQ8,cross-corpus-882,RobustScaler,GB,202,51,5,0.1886,4.9085,5.9696,0.3069,-0.0397,0.308
2,emotion_induction_1,ALL_CONDITIONS,phq_8,PHQ8,cross-corpus-882,RobustScaler,XGB,202,51,5,0.2524,4.7891,5.8457,0.3582,0.0031,0.402
2,emotion_induction_1,ALL_CONDITIONS,phq_8,PHQ8,cross-corpus-882,RobustScaler,MLP,202,51,5,0.0535,5.333,6.3058,0.0894,-0.16,0.1219
2,emotion_induction_1,ALL_CONDITIONS,phq_8,PHQ8,cross-corpus-882,RobustScaler,LGBM,202,51,5,0.2552,4.6003,5.7505,0.3913,0.0353,0.3546
2,emotion_induction_1,ALL_CONDITIONS,phq_8,PHQ8,cross-corpus-882,RobustScaler,CatBoost,202,51,5,0.1614,4.7777,5.8923,0.313,-0.0129,0.2841
3,emotion_induction_1,ALL_CONDITIONS,phq_8,PHQ8,cross-corpus-882,StandardScaler,Ridge,202,51,10,0.0455,4.8835,5.6774,0.0818,-0.0687,0.0778
3,emotion_induction_1,ALL_CONDITIONS,phq_8,PHQ8,cross-corpus-882,StandardScaler,Lasso,202,51,10,0.0625,4.96,5.7891,0.0907,-0.1112,0.0846
3,emotion_induction_1,ALL_CONDITIONS,phq_8,PHQ8,cross-corpus-882,StandardScaler,ElasticNet,202,51,10,0.0625,4.9595,5.7909,0.0908,-0.1119,0.0827
3,emotion_induction_1,ALL_CONDITIONS,phq_8,PHQ8,cross-corpus-882,StandardScaler,SVR,202,51,10,0.0228,4.9017,5.907,0.0447,-0.1569,0.0383
3,emotion_induction_1,ALL_CONDITIONS,phq_8,PHQ8,cross-corpus-882,StandardScaler,KNN,202,51,10,0.0883,4.9188,5.9164,0.1138,-0.1606,0.1143
3,emotion_induction_1,ALL_CONDITIONS,phq_8,PHQ8,cross-corpus-882,StandardScaler,RF,202,51,10,0.0839,4.796,5.7802,0.1268,-0.1078,0.1076
3,emotion_induction_1,ALL_CONDITIONS,phq_8,PHQ8,cross-corpus-882,StandardScaler,ET,202,51,10,0.0933,4.8888,5.7437,0.1385,-0.0938,0.1419
3,emotion_induction_1,ALL_CONDITIONS,phq_8,PHQ8,cross-corpus-882,StandardScaler,GB,202,51,10,0.0577,5.4342,6.416,0.0655,-0.3649,0.036
3,emotion_induction_1,ALL_CONDITIONS,phq_8,PHQ8,cross-corpus-882,StandardScaler,XGB,202,51,10,-0.0503,5.3532,6.3178,-0.0645,-0.3234,-0.0427
3,emotion_induction_1,ALL_CONDITIONS,phq_8,PHQ8,cross-corpus-882,StandardScaler,MLP,202,51,10,0.0804,4.8062,5.7055,0.1159,-0.0793,0.1199
3,emotion_induction_1,ALL_CONDITIONS,phq_8,PHQ8,cross-corpus-882,StandardScaler,LGBM,202,51,10,0.1175,4.9323,5.8261,0.1501,-0.1255,0.1018
3,emotion_induction_1,ALL_CONDITIONS,phq_8,PHQ8,cross-corpus-882,StandardScaler,CatBoost,202,51,10,0.034,5.0062,6.0152,0.0497,-0.1997,0.0428
3,emotion_induction_1,ALL_CONDITIONS,phq_8,PHQ8,cross-corpus-882,MinMaxScaler,Ridge,202,51,10,0.01,4.8883,5.8291,0.0167,-0.1266,-0.0436
3,emotion_induction_1,ALL_CONDITIONS,phq_8,PHQ8,cross-corpus-882,MinMaxScaler,Lasso,202,51,10,0.0243,5.0318,5.9185,0.0351,-0.1614,0.003
3,emotion_induction_1,ALL_CONDITIONS,phq_8,PHQ8,cross-corpus-882,MinMaxScaler,ElasticNet,202,51,10,0.0034,4.8074,5.7809,0.0063,-0.1081,-0.0367
3,emotion_induction_1,ALL_CONDITIONS,phq_8,PHQ8,cross-corpus-882,MinMaxScaler,SVR,202,51,10,0.0134,4.7672,5.7643,0.0316,-0.1017,0.0292
3,emotion_induction_1,ALL_CONDITIONS,phq_8,PHQ8,cross-corpus-882,MinMaxScaler,KNN,202,51,10,-0.0154,4.9129,6.0305,-0.0224,-0.2058,-0.0642
3,emotion_induction_1,ALL_CONDITIONS,phq_8,PHQ8,cross-corpus-882,MinMaxScaler,RF,202,51,10,0.0435,4.7505,5.7762,0.0738,-0.1062,0.0739
3,emotion_induction_1,ALL_CONDITIONS,phq_8,PHQ8,cross-corpus-882,MinMaxScaler,ET,202,51,10,0.0667,4.6786,5.7005,0.1176,-0.0774,0.121
3,emotion_induction_1,ALL_CONDITIONS,phq_8,PHQ8,cross-corpus-882,MinMaxScaler,GB,202,51,10,0.0217,5.1586,6.0813,0.0284,-0.2262,0.0049
3,emotion_induction_1,ALL_CONDITIONS,phq_8,PHQ8,cross-corpus-882,MinMaxScaler,XGB,202,51,10,0.0028,5.1055,6.0879,0.0036,-0.2289,-0.0242
3,emotion_induction_1,ALL_CONDITIONS,phq_8,PHQ8,cross-corpus-882,MinMaxScaler,MLP,202,51,10,-0.0033,4.8231,5.7465,-0.0102,-0.0949,-0.0098
3,emotion_induction_1,ALL_CONDITIONS,phq_8,PHQ8,cross-corpus-882,MinMaxScaler,LGBM,202,51,10,0.0802,4.7673,5.7848,0.1136,-0.1095,0.1056
3,emotion_induction_1,ALL_CONDITIONS,phq_8,PHQ8,cross-corpus-882,MinMaxScaler,CatBoost,202,51,10,0.0153,4.8592,5.8783,0.0255,-0.1457,0.0533
3,emotion_induction_1,ALL_CONDITIONS,phq_8,PHQ8,cross-corpus-882,RobustScaler,Ridge,202,51,5,0.0531,4.6455,5.5848,0.1093,-0.0342,0.1106
3,emotion_induction_1,ALL_CONDITIONS,phq_8,PHQ8,cross-corpus-882,RobustScaler,Lasso,202,51,5,0.0521,4.6733,5.6592,0.0932,-0.0619,0.0959
3,emotion_induction_1,ALL_CONDITIONS,phq_8,PHQ8,cross-corpus-882,RobustScaler,ElasticNet,202,51,5,0.0464,4.6591,5.5298,0.1218,-0.0139,0.133
3,emotion_induction_1,ALL_CONDITIONS,phq_8,PHQ8,cross-corpus-882,RobustScaler,SVR,202,51,5,0.1005,4.5184,5.48,0.209,0.0043,0.1863
3,emotion_induction_1,ALL_CONDITIONS,phq_8,PHQ8,cross-corpus-882,RobustScaler,KNN,202,51,5,0.2259,4.098,5.255,0.3287,0.0844,0.2914
3,emotion_induction_1,ALL_CONDITIONS,phq_8,PHQ8,cross-corpus-882,RobustScaler,RF,202,51,5,0.0965,4.5677,5.5457,0.1701,-0.0197,0.1988
3,emotion_induction_1,ALL_CONDITIONS,phq_8,PHQ8,cross-corpus-882,RobustScaler,ET,202,51,5,0.0572,4.7986,5.7601,0.0912,-0.1001,0.1162
3,emotion_induction_1,ALL_CONDITIONS,phq_8,PHQ8,cross-corpus-882,RobustScaler,GB,202,51,5,0.1122,4.8361,5.6594,0.1534,-0.062,0.1615
3,emotion_induction_1,ALL_CONDITIONS,phq_8,PHQ8,cross-corpus-882,RobustScaler,XGB,202,51,5,0.1474,4.6979,5.5832,0.1946,-0.0336,0.2152
3,emotion_induction_1,ALL_CONDITIONS,phq_8,PHQ8,cross-corpus-882,RobustScaler,MLP,202,51,5,0.1316,4.5486,5.4194,0.2173,0.0262,0.1738
3,emotion_induction_1,ALL_CONDITIONS,phq_8,PHQ8,cross-corpus-882,RobustScaler,LGBM,202,51,5,0.2029,4.4349,5.4261,0.2643,0.0238,0.2847
3,emotion_induction_1,ALL_CONDITIONS,phq_8,PHQ8,cross-corpus-882,RobustScaler,CatBoost,202,51,5,0.1192,4.5701,5.5621,0.1803,-0.0258,0.2154
4,emotion_induction_1,ALL_CONDITIONS,phq_8,PHQ8,cross-corpus-882,StandardScaler,Ridge,203,50,5,0.0321,5.1932,6.2634,0.0452,-0.1419,0.1201
4,emotion_induction_1,ALL_CONDITIONS,phq_8,PHQ8,cross-corpus-882,StandardScaler,Lasso,203,50,5,0.0321,5.1886,6.2546,0.0455,-0.1387,0.1209
4,emotion_induction_1,ALL_CONDITIONS,phq_8,PHQ8,cross-corpus-882,StandardScaler,ElasticNet,203,50,5,0.0319,5.188,6.2531,0.0454,-0.1381,0.1209
4,emotion_induction_1,ALL_CONDITIONS,phq_8,PHQ8,cross-corpus-882,StandardScaler,SVR,203,50,5,0.104,4.9464,5.8428,0.1775,0.0063,0.1529
4,emotion_induction_1,ALL_CONDITIONS,phq_8,PHQ8,cross-corpus-882,StandardScaler,KNN,203,50,5,0.1079,5.0343,6.0883,0.1442,-0.0789,0.1749
4,emotion_induction_1,ALL_CONDITIONS,phq_8,PHQ8,cross-corpus-882,StandardScaler,RF,203,50,5,0.0344,5.2572,6.2228,0.0516,-0.1271,0.0969
4,emotion_induction_1,ALL_CONDITIONS,phq_8,PHQ8,cross-corpus-882,StandardScaler,ET,203,50,5,0.09,5.1097,6.0461,0.1325,-0.064,0.137
4,emotion_induction_1,ALL_CONDITIONS,phq_8,PHQ8,cross-corpus-882,StandardScaler,GB,203,50,5,0.0289,5.3141,6.4716,0.037,-0.219,0.1033
4,emotion_induction_1,ALL_CONDITIONS,phq_8,PHQ8,cross-corpus-882,StandardScaler,XGB,203,50,5,0.0298,5.3453,6.4649,0.0377,-0.2165,0.0694
4,emotion_induction_1,ALL_CONDITIONS,phq_8,PHQ8,cross-corpus-882,StandardScaler,MLP,203,50,5,0.0153,5.2774,6.456,0.0198,-0.2132,0.0954
4,emotion_induction_1,ALL_CONDITIONS,phq_8,PHQ8,cross-corpus-882,StandardScaler,LGBM,203,50,5,0.0549,5.5618,6.7689,0.0627,-0.3336,0.1042
4,emotion_induction_1,ALL_CONDITIONS,phq_8,PHQ8,cross-corpus-882,StandardScaler,CatBoost,203,50,5,0.0328,5.3699,6.3722,0.0443,-0.1819,0.0859
4,emotion_induction_1,ALL_CONDITIONS,phq_8,PHQ8,cross-corpus-882,MinMaxScaler,Ridge,203,50,10,0.0426,5.0959,6.1253,0.0673,-0.0921,0.107
4,emotion_induction_1,ALL_CONDITIONS,phq_8,PHQ8,cross-corpus-882,MinMaxScaler,Lasso,203,50,10,0.0354,5.1727,6.2461,0.0508,-0.1356,0.0818
4,emotion_induction_1,ALL_CONDITIONS,phq_8,PHQ8,cross-corpus-882,MinMaxScaler,ElasticNet,203,50,10,0.0458,5.0485,6.0472,0.0791,-0.0644,0.1133
4,emotion_induction_1,ALL_CONDITIONS,phq_8,PHQ8,cross-corpus-882,MinMaxScaler,SVR,203,50,10,0.0363,5.3517,6.5652,0.0432,-0.2546,0.0416
4,emotion_induction_1,ALL_CONDITIONS,phq_8,PHQ8,cross-corpus-882,MinMaxScaler,KNN,203,50,10,0.0874,4.9178,6.0446,0.1276,-0.0635,0.1685
4,emotion_induction_1,ALL_CONDITIONS,phq_8,PHQ8,cross-corpus-882,MinMaxScaler,RF,203,50,10,-0.0188,5.4532,6.3933,-0.0281,-0.1897,-0.0101
4,emotion_induction_1,ALL_CONDITIONS,phq_8,PHQ8,cross-corpus-882,MinMaxScaler,ET,203,50,10,0.0163,5.2701,6.223,0.0258,-0.1272,0.1278
4,emotion_induction_1,ALL_CONDITIONS,phq_8,PHQ8,cross-corpus-882,MinMaxScaler,GB,203,50,10,-0.1297,6.2226,7.2624,-0.149,-0.5352,-0.1052
4,emotion_induction_1,ALL_CONDITIONS,phq_8,PHQ8,cross-corpus-882,MinMaxScaler,XGB,203,50,10,-0.0837,5.9245,6.9977,-0.1012,-0.4253,-0.0541
4,emotion_induction_1,ALL_CONDITIONS,phq_8,PHQ8,cross-corpus-882,MinMaxScaler,MLP,203,50,10,0.0463,5.0638,5.9125,0.1391,-0.0175,0.1397
4,emotion_induction_1,ALL_CONDITIONS,phq_8,PHQ8,cross-corpus-882,MinMaxScaler,LGBM,203,50,10,-0.0651,5.8814,6.9927,-0.0773,-0.4233,-0.049
4,emotion_induction_1,ALL_CONDITIONS,phq_8,PHQ8,cross-corpus-882,MinMaxScaler,CatBoost,203,50,10,-0.0243,5.5094,6.4894,-0.0337,-0.2258,0.0013
4,emotion_induction_1,ALL_CONDITIONS,phq_8,PHQ8,cross-corpus-882,RobustScaler,Ridge,203,50,5,0.1405,5.2826,6.5966,0.1548,-0.2666,0.2685
4,emotion_induction_1,ALL_CONDITIONS,phq_8,PHQ8,cross-corpus-882,RobustScaler,Lasso,203,50,5,0.141,5.2442,6.4617,0.1595,-0.2153,0.268
4,emotion_induction_1,ALL_CONDITIONS,phq_8,PHQ8,cross-corpus-882,RobustScaler,ElasticNet,203,50,5,0.1418,5.1937,6.2966,0.1673,-0.154,0.268
4,emotion_induction_1,ALL_CONDITIONS,phq_8,PHQ8,cross-corpus-882,RobustScaler,SVR,203,50,5,0.1323,4.946,5.7884,0.2138,0.0247,0.2353
4,emotion_induction_1,ALL_CONDITIONS,phq_8,PHQ8,cross-corpus-882,RobustScaler,KNN,203,50,5,0.1661,4.8311,5.9443,0.2135,-0.0285,0.208
4,emotion_induction_1,ALL_CONDITIONS,phq_8,PHQ8,cross-corpus-882,RobustScaler,RF,203,50,5,0.108,5.1298,5.9491,0.1704,-0.0302,0.1247
4,emotion_induction_1,ALL_CONDITIONS,phq_8,PHQ8,cross-corpus-882,RobustScaler,ET,203,50,5,0.1456,4.9907,5.8693,0.2122,-0.0027,0.177
4,emotion_induction_1,ALL_CONDITIONS,phq_8,PHQ8,cross-corpus-882,RobustScaler,GB,203,50,5,0.0969,5.1555,6.2015,0.1266,-0.1194,0.1209
4,emotion_induction_1,ALL_CONDITIONS,phq_8,PHQ8,cross-corpus-882,RobustScaler,XGB,203,50,5,0.1025,5.1425,6.2752,0.1272,-0.1462,0.1269
4,emotion_induction_1,ALL_CONDITIONS,phq_8,PHQ8,cross-corpus-882,RobustScaler,MLP,203,50,5,0.1135,5.2638,6.3086,0.1371,-0.1584,0.2103
4,emotion_induction_1,ALL_CONDITIONS,phq_8,PHQ8,cross-corpus-882,RobustScaler,LGBM,203,50,5,0.1338,5.2889,6.3052,0.1617,-0.1572,0.1256
4,emotion_induction_1,ALL_CONDITIONS,phq_8,PHQ8,cross-corpus-882,RobustScaler,CatBoost,203,50,5,0.1206,5.1091,6.037,0.1694,-0.0608,0.1463
5,emotion_induction_1,ALL_CONDITIONS,phq_8,PHQ8,cross-corpus-882,StandardScaler,Ridge,203,50,10,0.018,5.2107,6.2295,0.03,-0.1151,0.0058
5,emotion_induction_1,ALL_CONDITIONS,phq_8,PHQ8,cross-corpus-882,StandardScaler,Lasso,203,50,10,0.0189,5.1998,6.2215,0.0316,-0.1123,0.0097
5,emotion_induction_1,ALL_CONDITIONS,phq_8,PHQ8,cross-corpus-882,StandardScaler,ElasticNet,203,50,10,0.0193,5.1985,6.2206,0.0323,-0.112,0.0097
5,emotion_induction_1,ALL_CONDITIONS,phq_8,PHQ8,cross-corpus-882,StandardScaler,SVR,203,50,10,0.0156,5.1358,6.181,0.0277,-0.0978,0.0094
5,emotion_induction_1,ALL_CONDITIONS,phq_8,PHQ8,cross-corpus-882,StandardScaler,KNN,203,50,10,0.0227,5.2711,6.3386,0.0319,-0.1545,0.0497
5,emotion_induction_1,ALL_CONDITIONS,phq_8,PHQ8,cross-corpus-882,StandardScaler,RF,203,50,10,0.078,4.993,6.0258,0.1224,-0.0434,0.1743
5,emotion_induction_1,ALL_CONDITIONS,phq_8,PHQ8,cross-corpus-882,StandardScaler,ET,203,50,10,0.0998,4.8612,6.0221,0.1512,-0.0421,0.1671
5,emotion_induction_1,ALL_CONDITIONS,phq_8,PHQ8,cross-corpus-882,StandardScaler,GB,203,50,10,0.1693,5.1646,6.1235,0.2026,-0.0775,0.2481
5,emotion_induction_1,ALL_CONDITIONS,phq_8,PHQ8,cross-corpus-882,StandardScaler,XGB,203,50,10,0.1466,5.2072,6.3785,0.1656,-0.1691,0.1542
5,emotion_induction_1,ALL_CONDITIONS,phq_8,PHQ8,cross-corpus-882,StandardScaler,MLP,203,50,10,0.1692,4.9603,6.2603,0.1933,-0.1262,0.1894
5,emotion_induction_1,ALL_CONDITIONS,phq_8,PHQ8,cross-corpus-882,StandardScaler,LGBM,203,50,10,0.0969,5.5374,6.4061,0.1149,-0.1793,0.1152
5,emotion_induction_1,ALL_CONDITIONS,phq_8,PHQ8,cross-corpus-882,StandardScaler,CatBoost,203,50,10,0.1125,5.1666,6.1236,0.1493,-0.0775,0.1955
5,emotion_induction_1,ALL_CONDITIONS,phq_8,PHQ8,cross-corpus-882,MinMaxScaler,Ridge,203,50,10,0.077,5.0037,6.022,0.1281,-0.0421,0.0967
5,emotion_induction_1,ALL_CONDITIONS,phq_8,PHQ8,cross-corpus-882,MinMaxScaler,Lasso,203,50,10,0.07,4.9955,6.0031,0.123,-0.0356,0.1006
5,emotion_induction_1,ALL_CONDITIONS,phq_8,PHQ8,cross-corpus-882,MinMaxScaler,ElasticNet,203,50,10,0.0725,4.9368,5.9495,0.1372,-0.0171,0.1245
5,emotion_induction_1,ALL_CONDITIONS,phq_8,PHQ8,cross-corpus-882,MinMaxScaler,SVR,203,50,10,0.0525,5.1913,6.1627,0.082,-0.0913,0.0479
5,emotion_induction_1,ALL_CONDITIONS,phq_8,PHQ8,cross-corpus-882,MinMaxScaler,KNN,203,50,10,0.0168,5.1844,6.151,0.0294,-0.0872,-0.0133
5,emotion_induction_1,ALL_CONDITIONS,phq_8,PHQ8,cross-corpus-882,MinMaxScaler,RF,203,50,10,0.1099,4.93,5.9145,0.1729,-0.0052,0.1636
5,emotion_induction_1,ALL_CONDITIONS,phq_8,PHQ8,cross-corpus-882,MinMaxScaler,ET,203,50,10,0.1397,4.801,5.8362,0.2205,0.0212,0.1744
5,emotion_induction_1,ALL_CONDITIONS,phq_8,PHQ8,cross-corpus-882,MinMaxScaler,GB,203,50,10,0.2038,4.8688,5.868,0.2571,0.0105,0.2368
5,emotion_induction_1,ALL_CONDITIONS,phq_8,PHQ8,cross-corpus-882,MinMaxScaler,XGB,203,50,10,0.1808,5.0304,5.9369,0.23,-0.0128,0.2098
5,emotion_induction_1,ALL_CONDITIONS,phq_8,PHQ8,cross-corpus-882,MinMaxScaler,MLP,203,50,10,0.0448,4.6883,5.8047,0.1947,0.0318,0.1882
5,emotion_induction_1,ALL_CONDITIONS,phq_8,PHQ8,cross-corpus-882,MinMaxScaler,LGBM,203,50,10,0.2119,5.0911,6.1012,0.2411,-0.0697,0.2411
5,emotion_induction_1,ALL_CONDITIONS,phq_8,PHQ8,cross-corpus-882,MinMaxScaler,CatBoost,203,50,10,0.0819,5.1291,6.0487,0.1235,-0.0514,0.0981
5,emotion_induction_1,ALL_CONDITIONS,phq_8,PHQ8,cross-corpus-882,RobustScaler,Ridge,203,50,10,0.0697,5.0244,6.0239,0.1215,-0.0428,0.1018
5,emotion_induction_1,ALL_CONDITIONS,phq_8,PHQ8,cross-corpus-882,RobustScaler,Lasso,203,50,10,0.0731,5.0112,6.0078,0.128,-0.0372,0.1097
5,emotion_induction_1,ALL_CONDITIONS,phq_8,PHQ8,cross-corpus-882,RobustScaler,ElasticNet,203,50,10,0.0736,5.0093,6.0068,0.1288,-0.0368,0.1063
5,emotion_induction_1,ALL_CONDITIONS,phq_8,PHQ8,cross-corpus-882,RobustScaler,SVR,203,50,10,0.0444,5.3256,6.3793,0.0611,-0.1694,0.0281
5,emotion_induction_1,ALL_CONDITIONS,phq_8,PHQ8,cross-corpus-882,RobustScaler,KNN,203,50,10,0.1083,4.8889,6.1265,0.1432,-0.0786,0.1233
5,emotion_induction_1,ALL_CONDITIONS,phq_8,PHQ8,cross-corpus-882,RobustScaler,RF,203,50,10,0.1191,4.8186,5.8211,0.2091,0.0263,0.2156
5,emotion_induction_1,ALL_CONDITIONS,phq_8,PHQ8,cross-corpus-882,RobustScaler,ET,203,50,10,0.0821,4.9339,5.9894,0.1487,-0.0308,0.1315
5,emotion_induction_1,ALL_CONDITIONS,phq_8,PHQ8,cross-corpus-882,RobustScaler,GB,203,50,10,0.2478,4.7232,5.6752,0.3249,0.0745,0.3115
5,emotion_induction_1,ALL_CONDITIONS,phq_8,PHQ8,cross-corpus-882,RobustScaler,XGB,203,50,10,0.2209,4.7637,5.6587,0.3158,0.0799,0.3037
5,emotion_induction_1,ALL_CONDITIONS,phq_8,PHQ8,cross-corpus-882,RobustScaler,MLP,203,50,10,0.2908,4.5578,5.6814,0.3473,0.0725,0.3474
5,emotion_induction_1,ALL_CONDITIONS,phq_8,PHQ8,cross-corpus-882,RobustScaler,LGBM,203,50,10,0.177,5.0763,5.9943,0.2235,-0.0325,0.2136
5,emotion_induction_1,ALL_CONDITIONS,phq_8,PHQ8,cross-corpus-882,RobustScaler,CatBoost,203,50,10,0.1516,4.7643,5.7254,0.2617,0.058,0.2789
1,emotion_induction_1,ALL_CONDITIONS,phq_9,PHQ9,cross-corpus-882,StandardScaler,Ridge,202,51,10,-0.1261,6.9742,8.5326,-0.1313,-0.7834,-0.1595
1,emotion_induction_1,ALL_CONDITIONS,phq_9,PHQ9,cross-corpus-882,StandardScaler,Lasso,202,51,10,-0.1215,6.8761,8.307,-0.129,-0.6903,-0.1453
1,emotion_induction_1,ALL_CONDITIONS,phq_9,PHQ9,cross-corpus-882,StandardScaler,ElasticNet,202,51,10,-0.1205,6.8559,8.2616,-0.1287,-0.6719,-0.1459
1,emotion_induction_1,ALL_CONDITIONS,phq_9,PHQ9,cross-corpus-882,StandardScaler,SVR,202,51,10,-0.0092,5.8775,6.8883,-0.0143,-0.1623,-0.0485
1,emotion_induction_1,ALL_CONDITIONS,phq_9,PHQ9,cross-corpus-882,StandardScaler,KNN,202,51,10,0.0789,5.7294,6.8448,0.0992,-0.1476,0.0746
1,emotion_induction_1,ALL_CONDITIONS,phq_9,PHQ9,cross-corpus-882,StandardScaler,RF,202,51,10,-0.0071,5.913,6.8672,-0.0107,-0.1552,-0.1027
1,emotion_induction_1,ALL_CONDITIONS,phq_9,PHQ9,cross-corpus-882,StandardScaler,ET,202,51,10,0.0,5.9255,7.1201,0.0,-0.2418,-0.1578
1,emotion_induction_1,ALL_CONDITIONS,phq_9,PHQ9,cross-corpus-882,StandardScaler,GB,202,51,10,-0.0621,6.1954,7.2584,-0.0813,-0.2905,-0.1025
1,emotion_induction_1,ALL_CONDITIONS,phq_9,PHQ9,cross-corpus-882,StandardScaler,XGB,202,51,10,-0.0722,6.2257,7.2139,-0.099,-0.2748,-0.1288
1,emotion_induction_1,ALL_CONDITIONS,phq_9,PHQ9,cross-corpus-882,StandardScaler,MLP,202,51,10,-0.0486,6.2468,7.3983,-0.0602,-0.3408,-0.1149
1,emotion_induction_1,ALL_CONDITIONS,phq_9,PHQ9,cross-corpus-882,StandardScaler,LGBM,202,51,10,0.0579,5.8338,6.9129,0.0736,-0.1706,-0.0159
1,emotion_induction_1,ALL_CONDITIONS,phq_9,PHQ9,cross-corpus-882,StandardScaler,CatBoost,202,51,10,-0.0024,6.0093,6.9943,-0.0033,-0.1983,-0.1034
1,emotion_induction_1,ALL_CONDITIONS,phq_9,PHQ9,cross-corpus-882,MinMaxScaler,Ridge,202,51,10,-0.1243,6.8265,8.221,-0.1336,-0.6556,-0.1711
1,emotion_induction_1,ALL_CONDITIONS,phq_9,PHQ9,cross-corpus-882,MinMaxScaler,Lasso,202,51,10,-0.1355,6.9953,8.5824,-0.1409,-0.8043,-0.1785
1,emotion_induction_1,ALL_CONDITIONS,phq_9,PHQ9,cross-corpus-882,MinMaxScaler,ElasticNet,202,51,10,-0.1155,6.7083,7.98,-0.1283,-0.5599,-0.1618
1,emotion_induction_1,ALL_CONDITIONS,phq_9,PHQ9,cross-corpus-882,MinMaxScaler,SVR,202,51,10,-0.0833,6.3034,7.2288,-0.1177,-0.28,-0.1348
1,emotion_induction_1,ALL_CONDITIONS,phq_9,PHQ9,cross-corpus-882,MinMaxScaler,KNN,202,51,10,0.016,5.8715,6.9652,0.0216,-0.1884,0.0108
1,emotion_induction_1,ALL_CONDITIONS,phq_9,PHQ9,cross-corpus-882,MinMaxScaler,RF,202,51,10,-0.074,6.1788,7.1397,-0.1083,-0.2487,-0.1838
1,emotion_induction_1,ALL_CONDITIONS,phq_9,PHQ9,cross-corpus-882,MinMaxScaler,ET,202,51,10,-0.0389,6.1067,7.3194,-0.0481,-0.3123,-0.1548
1,emotion_induction_1,ALL_CONDITIONS,phq_9,PHQ9,cross-corpus-882,MinMaxScaler,GB,202,51,10,-0.0611,6.3354,7.3426,-0.0775,-0.3206,-0.1108
1,emotion_induction_1,ALL_CONDITIONS,phq_9,PHQ9,cross-corpus-882,MinMaxScaler,XGB,202,51,10,-0.0857,6.4873,7.4708,-0.1071,-0.3672,-0.1204
1,emotion_induction_1,ALL_CONDITIONS,phq_9,PHQ9,cross-corpus-882,MinMaxScaler,MLP,202,51,10,-0.0473,5.8741,6.8563,-0.0848,-0.1515,-0.0736
1,emotion_induction_1,ALL_CONDITIONS,phq_9,PHQ9,cross-corpus-882,MinMaxScaler,LGBM,202,51,10,-0.0427,6.2512,7.2489,-0.0549,-0.2872,-0.1439
1,emotion_induction_1,ALL_CONDITIONS,phq_9,PHQ9,cross-corpus-882,MinMaxScaler,CatBoost,202,51,10,-0.0634,6.1427,7.2171,-0.0854,-0.2759,-0.1339
1,emotion_induction_1,ALL_CONDITIONS,phq_9,PHQ9,cross-corpus-882,RobustScaler,Ridge,202,51,10,-0.0876,6.5976,7.8279,-0.0981,-0.501,-0.151
1,emotion_induction_1,ALL_CONDITIONS,phq_9,PHQ9,cross-corpus-882,RobustScaler,Lasso,202,51,10,-0.0934,6.571,7.6831,-0.1088,-0.446,-0.186
1,emotion_induction_1,ALL_CONDITIONS,phq_9,PHQ9,cross-corpus-882,RobustScaler,ElasticNet,202,51,10,-0.0696,7.5978,10.0453,-0.0706,-1.4718,-0.1967
1,emotion_induction_1,ALL_CONDITIONS,phq_9,PHQ9,cross-corpus-882,RobustScaler,SVR,202,51,10,-0.0609,5.8679,6.8973,-0.1087,-0.1653,-0.1355
1,emotion_induction_1,ALL_CONDITIONS,phq_9,PHQ9,cross-corpus-882,RobustScaler,KNN,202,51,10,-0.094,6.1261,7.2207,-0.1357,-0.2772,-0.1241
1,emotion_induction_1,ALL_CONDITIONS,phq_9,PHQ9,cross-corpus-882,RobustScaler,RF,202,51,10,-0.0832,6.1562,7.1144,-0.1281,-0.2398,-0.19
1,emotion_induction_1,ALL_CONDITIONS,phq_9,PHQ9,cross-corpus-882,RobustScaler,ET,202,51,10,-0.0684,6.1091,7.3519,-0.0876,-0.324,-0.2539
1,emotion_induction_1,ALL_CONDITIONS,phq_9,PHQ9,cross-corpus-882,RobustScaler,GB,202,51,10,-0.0491,6.6596,7.4991,-0.0593,-0.3776,-0.119
1,emotion_induction_1,ALL_CONDITIONS,phq_9,PHQ9,cross-corpus-882,RobustScaler,XGB,202,51,10,-0.0506,6.4029,7.3478,-0.0649,-0.3225,-0.0924
1,emotion_induction_1,ALL_CONDITIONS,phq_9,PHQ9,cross-corpus-882,RobustScaler,MLP,202,51,10,-0.1108,6.2883,7.4055,-0.1506,-0.3434,-0.2936
1,emotion_induction_1,ALL_CONDITIONS,phq_9,PHQ9,cross-corpus-882,RobustScaler,LGBM,202,51,10,-0.0379,6.2696,7.317,-0.047,-0.3115,-0.1152
1,emotion_induction_1,ALL_CONDITIONS,phq_9,PHQ9,cross-corpus-882,RobustScaler,CatBoost,202,51,10,-0.0589,6.1254,7.0566,-0.0895,-0.2198,-0.1353
2,emotion_induction_1,ALL_CONDITIONS,phq_9,PHQ9,cross-corpus-882,StandardScaler,Ridge,202,51,15,0.0842,5.3046,6.655,0.1113,-0.155,0.1887
2,emotion_induction_1,ALL_CONDITIONS,phq_9,PHQ9,cross-corpus-882,StandardScaler,Lasso,202,51,15,0.0813,5.3216,6.6459,0.1078,-0.1518,0.2012
2,emotion_induction_1,ALL_CONDITIONS,phq_9,PHQ9,cross-corpus-882,StandardScaler,ElasticNet,202,51,15,0.0882,5.2856,6.6456,0.117,-0.1517,0.2053
2,emotion_induction_1,ALL_CONDITIONS,phq_9,PHQ9,cross-corpus-882,StandardScaler,SVR,202,51,15,-0.0048,5.234,6.7851,-0.0116,-0.2006,0.0456
2,emotion_induction_1,ALL_CONDITIONS,phq_9,PHQ9,cross-corpus-882,StandardScaler,KNN,202,51,15,-0.0671,5.6471,7.0858,-0.1047,-0.3093,-0.0711
2,emotion_induction_1,ALL_CONDITIONS,phq_9,PHQ9,cross-corpus-882,StandardScaler,RF,202,51,15,0.0162,5.2237,6.4666,0.0338,-0.0905,0.0692
2,emotion_induction_1,ALL_CONDITIONS,phq_9,PHQ9,cross-corpus-882,StandardScaler,ET,202,51,15,0.0636,5.1008,6.3067,0.1229,-0.0372,0.1371
2,emotion_induction_1,ALL_CONDITIONS,phq_9,PHQ9,cross-corpus-882,StandardScaler,GB,202,51,15,-0.0329,5.4527,6.799,-0.0551,-0.2055,-0.0218
2,emotion_induction_1,ALL_CONDITIONS,phq_9,PHQ9,cross-corpus-882,StandardScaler,XGB,202,51,15,0.0799,5.0856,6.5037,0.1184,-0.103,0.2055
2,emotion_induction_1,ALL_CONDITIONS,phq_9,PHQ9,cross-corpus-882,StandardScaler,MLP,202,51,15,0.1101,5.4377,6.9848,0.1361,-0.2723,0.2103
2,emotion_induction_1,ALL_CONDITIONS,phq_9,PHQ9,cross-corpus-882,StandardScaler,LGBM,202,51,15,-0.0521,5.6816,6.9301,-0.0752,-0.2524,-0.0283
2,emotion_induction_1,ALL_CONDITIONS,phq_9,PHQ9,cross-corpus-882,StandardScaler,CatBoost,202,51,15,0.0223,5.2035,6.4313,0.0452,-0.0786,0.0929
2,emotion_induction_1,ALL_CONDITIONS,phq_9,PHQ9,cross-corpus-882,MinMaxScaler,Ridge,202,51,15,0.0903,5.3592,6.7929,0.1169,-0.2033,0.1627
2,emotion_induction_1,ALL_CONDITIONS,phq_9,PHQ9,cross-corpus-882,MinMaxScaler,Lasso,202,51,15,0.0885,5.3595,6.8288,0.1131,-0.2161,0.1722
2,emotion_induction_1,ALL_CONDITIONS,phq_9,PHQ9,cross-corpus-882,MinMaxScaler,ElasticNet,202,51,15,0.0894,5.3409,6.7594,0.1172,-0.1915,0.1701
2,emotion_induction_1,ALL_CONDITIONS,phq_9,PHQ9,cross-corpus-882,MinMaxScaler,SVR,202,51,15,0.0758,5.4837,7.1507,0.0982,-0.3334,0.1756
2,emotion_induction_1,ALL_CONDITIONS,phq_9,PHQ9,cross-corpus-882,MinMaxScaler,KNN,202,51,15,0.002,5.5359,7.1177,0.0025,-0.3212,0.0464
2,emotion_induction_1,ALL_CONDITIONS,phq_9,PHQ9,cross-corpus-882,MinMaxScaler,RF,202,51,15,0.0286,5.1957,6.4979,0.0487,-0.1011,0.0637
2,emotion_induction_1,ALL_CONDITIONS,phq_9,PHQ9,cross-corpus-882,MinMaxScaler,ET,202,51,15,0.1298,4.9753,6.1461,0.2358,0.0149,0.1983
2,emotion_induction_1,ALL_CONDITIONS,phq_9,PHQ9,cross-corpus-882,MinMaxScaler,GB,202,51,15,0.0509,5.2177,6.6641,0.0697,-0.1581,0.1016
2,emotion_induction_1,ALL_CONDITIONS,phq_9,PHQ9,cross-corpus-882,MinMaxScaler,XGB,202,51,15,0.0558,5.1956,6.7056,0.0772,-0.1726,0.1159
2,emotion_induction_1,ALL_CONDITIONS,phq_9,PHQ9,cross-corpus-882,MinMaxScaler,MLP,202,51,15,-0.0083,5.3044,6.6524,-0.0546,-0.1541,-0.0681
2,emotion_induction_1,ALL_CONDITIONS,phq_9,PHQ9,cross-corpus-882,MinMaxScaler,LGBM,202,51,15,0.0914,5.1508,6.5329,0.1248,-0.113,0.1244
2,emotion_induction_1,ALL_CONDITIONS,phq_9,PHQ9,cross-corpus-882,MinMaxScaler,CatBoost,202,51,15,0.0346,5.2426,6.5286,0.0567,-0.1115,0.0598
2,emotion_induction_1,ALL_CONDITIONS,phq_9,PHQ9,cross-corpus-882,RobustScaler,Ridge,202,51,10,0.0911,5.4916,6.7943,0.1107,-0.2038,0.1395
2,emotion_induction_1,ALL_CONDITIONS,phq_9,PHQ9,cross-corpus-882,RobustScaler,Lasso,202,51,10,0.0891,5.4877,6.7722,0.1101,-0.196,0.1436
2,emotion_induction_1,ALL_CONDITIONS,phq_9,PHQ9,cross-corpus-882,RobustScaler,ElasticNet,202,51,10,0.0934,5.5086,6.7757,0.1155,-0.1972,0.1639
2,emotion_induction_1,ALL_CONDITIONS,phq_9,PHQ9,cross-corpus-882,RobustScaler,SVR,202,51,10,0.0476,5.2982,6.9053,0.0662,-0.2435,0.1278
2,emotion_induction_1,ALL_CONDITIONS,phq_9,PHQ9,cross-corpus-882,RobustScaler,KNN,202,51,10,-0.0782,5.5643,7.0285,-0.1242,-0.2882,-0.1297
2,emotion_induction_1,ALL_CONDITIONS,phq_9,PHQ9,cross-corpus-882,RobustScaler,RF,202,51,10,0.0644,5.0023,6.3693,0.1143,-0.0579,0.1346
2,emotion_induction_1,ALL_CONDITIONS,phq_9,PHQ9,cross-corpus-882,RobustScaler,ET,202,51,10,0.1383,4.8418,6.1549,0.2198,0.0121,0.2213
2,emotion_induction_1,ALL_CONDITIONS,phq_9,PHQ9,cross-corpus-882,RobustScaler,GB,202,51,10,0.0365,5.2155,6.7787,0.0525,-0.1983,0.0828
2,emotion_induction_1,ALL_CONDITIONS,phq_9,PHQ9,cross-corpus-882,RobustScaler,XGB,202,51,10,0.0081,5.3708,6.9102,0.012,-0.2453,0.0717
2,emotion_induction_1,ALL_CONDITIONS,phq_9,PHQ9,cross-corpus-882,RobustScaler,MLP,202,51,10,-0.0065,5.3343,6.9283,-0.0085,-0.2518,0.0226
2,emotion_induction_1,ALL_CONDITIONS,phq_9,PHQ9,cross-corpus-882,RobustScaler,LGBM,202,51,10,0.0097,5.3398,6.9457,0.0131,-0.2581,0.0737
2,emotion_induction_1,ALL_CONDITIONS,phq_9,PHQ9,cross-corpus-882,RobustScaler,CatBoost,202,51,10,0.0277,5.1243,6.4655,0.0515,-0.0901,0.0399
3,emotion_induction_1,ALL_CONDITIONS,phq_9,PHQ9,cross-corpus-882,StandardScaler,Ridge,202,51,5,0.0363,5.1598,6.2253,0.0841,-0.0156,0.0363
3,emotion_induction_1,ALL_CONDITIONS,phq_9,PHQ9,cross-corpus-882,StandardScaler,Lasso,202,51,5,0.0178,5.1413,6.237,0.0492,-0.0195,0.0446
3,emotion_induction_1,ALL_CONDITIONS,phq_9,PHQ9,cross-corpus-882,StandardScaler,ElasticNet,202,51,5,0.0236,5.159,6.2295,0.0624,-0.017,0.0433
3,emotion_induction_1,ALL_CONDITIONS,phq_9,PHQ9,cross-corpus-882,StandardScaler,SVR,202,51,5,-0.0346,5.4475,6.73,-0.0641,-0.187,-0.0725
3,emotion_induction_1,ALL_CONDITIONS,phq_9,PHQ9,cross-corpus-882,StandardScaler,KNN,202,51,5,0.0112,5.5839,6.8085,0.0145,-0.2148,0.0027
3,emotion_induction_1,ALL_CONDITIONS,phq_9,PHQ9,cross-corpus-882,StandardScaler,RF,202,51,5,0.0199,5.3415,6.5042,0.0311,-0.1087,-0.0116
3,emotion_induction_1,ALL_CONDITIONS,phq_9,PHQ9,cross-corpus-882,StandardScaler,ET,202,51,5,0.0824,5.3139,6.393,0.1183,-0.0711,0.0665
3,emotion_induction_1,ALL_CONDITIONS,phq_9,PHQ9,cross-corpus-882,StandardScaler,GB,202,51,5,0.0408,5.5446,6.6705,0.0535,-0.1661,0.0639
3,emotion_induction_1,ALL_CONDITIONS,phq_9,PHQ9,cross-corpus-882,StandardScaler,XGB,202,51,5,0.0637,5.4041,6.5472,0.0855,-0.1234,0.0996
3,emotion_induction_1,ALL_CONDITIONS,phq_9,PHQ9,cross-corpus-882,StandardScaler,MLP,202,51,5,0.0215,5.2865,6.31,0.0462,-0.0435,0.0873
3,emotion_induction_1,ALL_CONDITIONS,phq_9,PHQ9,cross-corpus-882,StandardScaler,LGBM,202,51,5,0.0642,5.4588,6.6518,0.0814,-0.1596,0.0827
3,emotion_induction_1,ALL_CONDITIONS,phq_9,PHQ9,cross-corpus-882,StandardScaler,CatBoost,202,51,5,0.0639,5.224,6.4265,0.0936,-0.0823,0.1376
3,emotion_induction_1,ALL_CONDITIONS,phq_9,PHQ9,cross-corpus-882,MinMaxScaler,Ridge,202,51,5,-0.0204,5.2652,6.4059,-0.0479,-0.0754,-0.0826
3,emotion_induction_1,ALL_CONDITIONS,phq_9,PHQ9,cross-corpus-882,MinMaxScaler,Lasso,202,51,5,-0.0163,5.31,6.4606,-0.0323,-0.0939,-0.0688
3,emotion_induction_1,ALL_CONDITIONS,phq_9,PHQ9,cross-corpus-882,MinMaxScaler,ElasticNet,202,51,5,-0.0203,5.2551,6.3929,-0.0496,-0.0711,-0.0819
3,emotion_induction_1,ALL_CONDITIONS,phq_9,PHQ9,cross-corpus-882,MinMaxScaler,SVR,202,51,5,-0.0014,5.2634,6.5082,-0.003,-0.11,-0.0121
3,emotion_induction_1,ALL_CONDITIONS,phq_9,PHQ9,cross-corpus-882,MinMaxScaler,KNN,202,51,5,0.023,5.756,6.6653,0.0319,-0.1643,0.029
3,emotion_induction_1,ALL_CONDITIONS,phq_9,PHQ9,cross-corpus-882,MinMaxScaler,RF,202,51,5,0.1013,5.1635,6.3352,0.1443,-0.0518,0.1902
3,emotion_induction_1,ALL_CONDITIONS,phq_9,PHQ9,cross-corpus-882,MinMaxScaler,ET,202,51,5,0.0661,5.1921,6.4524,0.0955,-0.0911,0.1611
3,emotion_induction_1,ALL_CONDITIONS,phq_9,PHQ9,cross-corpus-882,MinMaxScaler,GB,202,51,5,0.0553,5.3964,6.7982,0.0671,-0.2112,0.1233
3,emotion_induction_1,ALL_CONDITIONS,phq_9,PHQ9,cross-corpus-882,MinMaxScaler,XGB,202,51,5,0.081,5.347,6.6606,0.0997,-0.1626,0.152
3,emotion_induction_1,ALL_CONDITIONS,phq_9,PHQ9,cross-corpus-882,MinMaxScaler,MLP,202,51,5,0.0022,5.1889,6.2227,0.0106,-0.0148,-0.0712
3,emotion_induction_1,ALL_CONDITIONS,phq_9,PHQ9,cross-corpus-882,MinMaxScaler,LGBM,202,51,5,0.1266,5.6083,6.7318,0.1439,-0.1876,0.1301
3,emotion_induction_1,ALL_CONDITIONS,phq_9,PHQ9,cross-corpus-882,MinMaxScaler,CatBoost,202,51,5,0.073,5.324,6.4709,0.101,-0.0973,0.1525
3,emotion_induction_1,ALL_CONDITIONS,phq_9,PHQ9,cross-corpus-882,RobustScaler,Ridge,202,51,5,0.0372,5.1285,6.2703,0.0754,-0.0304,0.0232
3,emotion_induction_1,ALL_CONDITIONS,phq_9,PHQ9,cross-corpus-882,RobustScaler,Lasso,202,51,5,0.0366,5.1295,6.2696,0.0745,-0.0301,0.0232
3,emotion_induction_1,ALL_CONDITIONS,phq_9,PHQ9,cross-corpus-882,RobustScaler,ElasticNet,202,51,5,0.0358,5.1306,6.2697,0.0733,-0.0302,0.024
3,emotion_induction_1,ALL_CONDITIONS,phq_9,PHQ9,cross-corpus-882,RobustScaler,SVR,202,51,5,-0.0579,5.6529,6.9322,-0.0986,-0.2594,-0.0769
3,emotion_induction_1,ALL_CONDITIONS,phq_9,PHQ9,cross-corpus-882,RobustScaler,KNN,202,51,5,-0.0683,5.9412,6.9552,-0.0938,-0.2678,-0.0656
3,emotion_induction_1,ALL_CONDITIONS,phq_9,PHQ9,cross-corpus-882,RobustScaler,RF,202,51,5,-0.0522,5.7429,6.8541,-0.0752,-0.2312,-0.0876
3,emotion_induction_1,ALL_CONDITIONS,phq_9,PHQ9,cross-corpus-882,RobustScaler,ET,202,51,5,-0.0426,5.6525,6.7817,-0.0626,-0.2053,-0.1025
3,emotion_induction_1,ALL_CONDITIONS,phq_9,PHQ9,cross-corpus-882,RobustScaler,GB,202,51,5,-0.0103,5.7234,6.8793,-0.0132,-0.2403,-0.0289
3,emotion_induction_1,ALL_CONDITIONS,phq_9,PHQ9,cross-corpus-882,RobustScaler,XGB,202,51,5,0.0056,5.4824,6.7009,0.0078,-0.1768,0.0157
3,emotion_induction_1,ALL_CONDITIONS,phq_9,PHQ9,cross-corpus-882,RobustScaler,MLP,202,51,5,-0.0211,5.3429,6.399,-0.0536,-0.0731,-0.0581
3,emotion_induction_1,ALL_CONDITIONS,phq_9,PHQ9,cross-corpus-882,RobustScaler,LGBM,202,51,5,0.0271,5.8272,7.2225,0.0299,-0.3671,-0.0061
3,emotion_induction_1,ALL_CONDITIONS,phq_9,PHQ9,cross-corpus-882,RobustScaler,CatBoost,202,51,5,0.0004,5.5042,6.664,0.0006,-0.1638,0.0178
4,emotion_induction_1,ALL_CONDITIONS,phq_9,PHQ9,cross-corpus-882,StandardScaler,Ridge,203,50,5,0.0058,6.005,7.0667,0.0091,-0.1265,-0.0197
4,emotion_induction_1,ALL_CONDITIONS,phq_9,PHQ9,cross-corpus-882,StandardScaler,Lasso,203,50,5,0.0097,6.0005,7.0284,0.0156,-0.1143,-0.0168
4,emotion_induction_1,ALL_CONDITIONS,phq_9,PHQ9,cross-corpus-882,StandardScaler,ElasticNet,203,50,5,0.0055,6.0054,7.0339,0.009,-0.1161,-0.0216
4,emotion_induction_1,ALL_CONDITIONS,phq_9,PHQ9,cross-corpus-882,StandardScaler,SVR,203,50,5,0.0706,5.8443,6.82,0.1598,-0.0492,0.1095
4,emotion_induction_1,ALL_CONDITIONS,phq_9,PHQ9,cross-corpus-882,StandardScaler,KNN,203,50,5,0.1628,5.6089,6.5946,0.2476,0.019,0.2247
4,emotion_induction_1,ALL_CONDITIONS,phq_9,PHQ9,cross-corpus-882,StandardScaler,RF,203,50,5,0.0645,5.8561,6.8597,0.1064,-0.0615,0.0927
4,emotion_induction_1,ALL_CONDITIONS,phq_9,PHQ9,cross-corpus-882,StandardScaler,ET,203,50,5,-0.0255,6.1764,7.2261,-0.0392,-0.1779,-0.0075
4,emotion_induction_1,ALL_CONDITIONS,phq_9,PHQ9,cross-corpus-882,StandardScaler,GB,203,50,5,0.062,5.9241,7.1164,0.0818,-0.1424,0.1264
4,emotion_induction_1,ALL_CONDITIONS,phq_9,PHQ9,cross-corpus-882,StandardScaler,XGB,203,50,5,0.0637,5.8489,7.1449,0.0836,-0.1516,0.0616
4,emotion_induction_1,ALL_CONDITIONS,phq_9,PHQ9,cross-corpus-882,StandardScaler,MLP,203,50,5,0.0594,5.9467,7.3486,0.0725,-0.2182,0.1307
4,emotion_induction_1,ALL_CONDITIONS,phq_9,PHQ9,cross-corpus-882,StandardScaler,LGBM,203,50,5,0.1481,5.7618,6.9443,0.1852,-0.0878,0.1281
4,emotion_induction_1,ALL_CONDITIONS,phq_9,PHQ9,cross-corpus-882,StandardScaler,CatBoost,203,50,5,0.0841,5.8306,6.8445,0.1307,-0.0568,0.1557
4,emotion_induction_1,ALL_CONDITIONS,phq_9,PHQ9,cross-corpus-882,MinMaxScaler,Ridge,203,50,10,0.0326,5.888,6.9636,0.052,-0.0939,0.0726
4,emotion_induction_1,ALL_CONDITIONS,phq_9,PHQ9,cross-corpus-882,MinMaxScaler,Lasso,203,50,10,0.0183,5.9462,7.1074,0.0268,-0.1395,0.0653
4,emotion_induction_1,ALL_CONDITIONS,phq_9,PHQ9,cross-corpus-882,MinMaxScaler,ElasticNet,203,50,10,0.0337,5.8841,6.9346,0.0551,-0.0848,0.0661
4,emotion_induction_1,ALL_CONDITIONS,phq_9,PHQ9,cross-corpus-882,MinMaxScaler,SVR,203,50,10,0.0202,5.9615,7.4778,0.0253,-0.2614,0.0878
4,emotion_induction_1,ALL_CONDITIONS,phq_9,PHQ9,cross-corpus-882,MinMaxScaler,KNN,203,50,10,0.0169,6.2044,7.1094,0.0254,-0.1402,0.0019
4,emotion_induction_1,ALL_CONDITIONS,phq_9,PHQ9,cross-corpus-882,MinMaxScaler,RF,203,50,10,0.1016,5.7728,6.7955,0.1513,-0.0417,0.1655
4,emotion_induction_1,ALL_CONDITIONS,phq_9,PHQ9,cross-corpus-882,MinMaxScaler,ET,203,50,10,0.0198,6.0404,7.1589,0.028,-0.1561,0.0547
4,emotion_induction_1,ALL_CONDITIONS,phq_9,PHQ9,cross-corpus-882,MinMaxScaler,GB,203,50,10,0.0841,6.0169,7.2906,0.1,-0.199,0.1158
4,emotion_induction_1,ALL_CONDITIONS,phq_9,PHQ9,cross-corpus-882,MinMaxScaler,XGB,203,50,10,0.1149,5.9058,7.0471,0.1427,-0.1203,0.1505
4,emotion_induction_1,ALL_CONDITIONS,phq_9,PHQ9,cross-corpus-882,MinMaxScaler,MLP,203,50,10,-0.0507,6.3929,6.9302,-0.1627,-0.0834,-0.134
4,emotion_induction_1,ALL_CONDITIONS,phq_9,PHQ9,cross-corpus-882,MinMaxScaler,LGBM,203,50,10,0.1513,5.6762,7.0057,0.1793,-0.1072,0.1479
4,emotion_induction_1,ALL_CONDITIONS,phq_9,PHQ9,cross-corpus-882,MinMaxScaler,CatBoost,203,50,10,0.1287,5.7936,6.6888,0.1881,-0.0093,0.1414
4,emotion_induction_1,ALL_CONDITIONS,phq_9,PHQ9,cross-corpus-882,RobustScaler,Ridge,203,50,5,0.057,5.8633,6.8338,0.0935,-0.0535,0.0371
4,emotion_induction_1,ALL_CONDITIONS,phq_9,PHQ9,cross-corpus-882,RobustScaler,Lasso,203,50,5,0.0664,5.84,6.8282,0.1054,-0.0517,0.0374
4,emotion_induction_1,ALL_CONDITIONS,phq_9,PHQ9,cross-corpus-882,RobustScaler,ElasticNet,203,50,5,0.0656,5.842,6.83,0.1044,-0.0523,0.0397
4,emotion_induction_1,ALL_CONDITIONS,phq_9,PHQ9,cross-corpus-882,RobustScaler,SVR,203,50,5,0.052,5.8505,6.8287,0.1029,-0.0519,0.0723
4,emotion_induction_1,ALL_CONDITIONS,phq_9,PHQ9,cross-corpus-882,RobustScaler,KNN,203,50,5,0.1343,5.6333,6.5317,0.2266,0.0376,0.185
4,emotion_induction_1,ALL_CONDITIONS,phq_9,PHQ9,cross-corpus-882,RobustScaler,RF,203,50,5,0.0997,5.7663,6.7723,0.1508,-0.0346,0.137
4,emotion_induction_1,ALL_CONDITIONS,phq_9,PHQ9,cross-corpus-882,RobustScaler,ET,203,50,5,0.0659,5.9542,6.9352,0.0957,-0.085,0.0313
4,emotion_induction_1,ALL_CONDITIONS,phq_9,PHQ9,cross-corpus-882,RobustScaler,GB,203,50,5,0.1147,5.9006,6.9015,0.1511,-0.0744,0.0313
4,emotion_induction_1,ALL_CONDITIONS,phq_9,PHQ9,cross-corpus-882,RobustScaler,XGB,203,50,5,0.1201,5.8092,6.8605,0.1616,-0.0617,0.1204
4,emotion_induction_1,ALL_CONDITIONS,phq_9,PHQ9,cross-corpus-882,RobustScaler,MLP,203,50,5,0.1228,5.9038,7.0563,0.1487,-0.1232,0.1082
4,emotion_induction_1,ALL_CONDITIONS,phq_9,PHQ9,cross-corpus-882,RobustScaler,LGBM,203,50,5,0.0903,5.8726,7.1125,0.1127,-0.1412,0.0883
4,emotion_induction_1,ALL_CONDITIONS,phq_9,PHQ9,cross-corpus-882,RobustScaler,CatBoost,203,50,5,0.128,5.8064,6.6753,0.1909,-0.0052,0.1511
5,emotion_induction_1,ALL_CONDITIONS,phq_9,PHQ9,cross-corpus-882,StandardScaler,Ridge,203,50,5,0.0763,5.248,6.644,0.1249,-0.0387,0.0811
5,emotion_induction_1,ALL_CONDITIONS,phq_9,PHQ9,cross-corpus-882,StandardScaler,Lasso,203,50,5,0.0798,5.2302,6.6256,0.1318,-0.033,0.092
5,emotion_induction_1,ALL_CONDITIONS,phq_9,PHQ9,cross-corpus-882,StandardScaler,ElasticNet,203,50,5,0.0822,5.2185,6.6142,0.1363,-0.0294,0.0987
5,emotion_induction_1,ALL_CONDITIONS,phq_9,PHQ9,cross-corpus-882,StandardScaler,SVR,203,50,5,0.0561,5.2427,6.6174,0.1016,-0.0304,0.1503
5,emotion_induction_1,ALL_CONDITIONS,phq_9,PHQ9,cross-corpus-882,StandardScaler,KNN,203,50,5,0.2468,5.0444,6.1231,0.3694,0.1178,0.3617
5,emotion_induction_1,ALL_CONDITIONS,phq_9,PHQ9,cross-corpus-882,StandardScaler,RF,203,50,5,0.0982,5.5808,7.0202,0.1233,-0.1597,0.1511
5,emotion_induction_1,ALL_CONDITIONS,phq_9,PHQ9,cross-corpus-882,StandardScaler,ET,203,50,5,0.1362,5.2002,6.5555,0.2002,-0.0112,0.2593
5,emotion_induction_1,ALL_CONDITIONS,phq_9,PHQ9,cross-corpus-882,StandardScaler,GB,203,50,5,0.0997,5.6981,7.0633,0.1224,-0.174,0.1784
5,emotion_induction_1,ALL_CONDITIONS,phq_9,PHQ9,cross-corpus-882,StandardScaler,XGB,203,50,5,0.108,5.5535,6.9641,0.1352,-0.1412,0.1875
5,emotion_induction_1,ALL_CONDITIONS,phq_9,PHQ9,cross-corpus-882,StandardScaler,MLP,203,50,5,0.0643,5.3028,6.7169,0.1,-0.0616,0.1178
5,emotion_induction_1,ALL_CONDITIONS,phq_9,PHQ9,cross-corpus-882,StandardScaler,LGBM,203,50,5,0.1347,5.3813,6.7963,0.1694,-0.0869,0.1915
5,emotion_induction_1,ALL_CONDITIONS,phq_9,PHQ9,cross-corpus-882,StandardScaler,CatBoost,203,50,5,0.1071,5.4005,6.7043,0.1538,-0.0577,0.2185
5,emotion_induction_1,ALL_CONDITIONS,phq_9,PHQ9,cross-corpus-882,MinMaxScaler,Ridge,203,50,10,0.1535,5.1846,6.5886,0.2076,-0.0215,0.2136
5,emotion_induction_1,ALL_CONDITIONS,phq_9,PHQ9,cross-corpus-882,MinMaxScaler,Lasso,203,50,10,0.1468,5.18,6.5583,0.2057,-0.0121,0.2098
5,emotion_induction_1,ALL_CONDITIONS,phq_9,PHQ9,cross-corpus-882,MinMaxScaler,ElasticNet,203,50,10,0.139,5.1885,6.5276,0.2037,-0.0026,0.2081
5,emotion_induction_1,ALL_CONDITIONS,phq_9,PHQ9,cross-corpus-882,MinMaxScaler,SVR,203,50,10,0.1555,5.1332,6.6641,0.1975,-0.045,0.2012
5,emotion_induction_1,ALL_CONDITIONS,phq_9,PHQ9,cross-corpus-882,MinMaxScaler,KNN,203,50,10,0.1839,4.9778,6.3837,0.2694,0.0411,0.3618
5,emotion_induction_1,ALL_CONDITIONS,phq_9,PHQ9,cross-corpus-882,MinMaxScaler,RF,203,50,10,0.063,5.3433,6.8416,0.0911,-0.1014,0.1376
5,emotion_induction_1,ALL_CONDITIONS,phq_9,PHQ9,cross-corpus-882,MinMaxScaler,ET,203,50,10,0.1011,5.4113,6.6539,0.152,-0.0418,0.1618
5,emotion_induction_1,ALL_CONDITIONS,phq_9,PHQ9,cross-corpus-882,MinMaxScaler,GB,203,50,10,0.1301,5.5241,6.9467,0.1555,-0.1355,0.099
5,emotion_induction_1,ALL_CONDITIONS,phq_9,PHQ9,cross-corpus-882,MinMaxScaler,XGB,203,50,10,0.0984,5.6571,7.2316,0.1121,-0.2306,0.084
5,emotion_induction_1,ALL_CONDITIONS,phq_9,PHQ9,cross-corpus-882,MinMaxScaler,MLP,203,50,10,0.0843,5.0875,6.3792,0.2122,0.0424,0.1706
5,emotion_induction_1,ALL_CONDITIONS,phq_9,PHQ9,cross-corpus-882,MinMaxScaler,LGBM,203,50,10,0.0805,5.6176,7.2482,0.0935,-0.2362,0.1724
5,emotion_induction_1,ALL_CONDITIONS,phq_9,PHQ9,cross-corpus-882,MinMaxScaler,CatBoost,203,50,10,0.1065,5.1579,6.7554,0.1447,-0.0738,0.1966
5,emotion_induction_1,ALL_CONDITIONS,phq_9,PHQ9,cross-corpus-882,RobustScaler,Ridge,203,50,10,0.1441,5.1801,6.53,0.2048,-0.0034,0.209
5,emotion_induction_1,ALL_CONDITIONS,phq_9,PHQ9,cross-corpus-882,RobustScaler,Lasso,203,50,10,0.1458,5.1724,6.5227,0.2073,-0.0011,0.211
5,emotion_induction_1,ALL_CONDITIONS,phq_9,PHQ9,cross-corpus-882,RobustScaler,ElasticNet,203,50,10,0.1464,5.1585,6.5088,0.21,0.0031,0.219
5,emotion_induction_1,ALL_CONDITIONS,phq_9,PHQ9,cross-corpus-882,RobustScaler,SVR,203,50,10,0.1276,5.0093,6.5272,0.1952,-0.0025,0.238
5,emotion_induction_1,ALL_CONDITIONS,phq_9,PHQ9,cross-corpus-882,RobustScaler,KNN,203,50,10,0.2046,4.96,6.417,0.2675,0.0311,0.2923
5,emotion_induction_1,ALL_CONDITIONS,phq_9,PHQ9,cross-corpus-882,RobustScaler,RF,203,50,10,0.1299,5.2814,6.5635,0.1866,-0.0137,0.1815
5,emotion_induction_1,ALL_CONDITIONS,phq_9,PHQ9,cross-corpus-882,RobustScaler,ET,203,50,10,0.1515,5.3214,6.4819,0.2181,0.0113,0.2316
5,emotion_induction_1,ALL_CONDITIONS,phq_9,PHQ9,cross-corpus-882,RobustScaler,GB,203,50,10,0.0869,5.6309,7.0088,0.1066,-0.1559,0.0995
5,emotion_induction_1,ALL_CONDITIONS,phq_9,PHQ9,cross-corpus-882,RobustScaler,XGB,203,50,10,0.0031,5.9138,7.4637,0.0037,-0.3108,-0.0104
5,emotion_induction_1,ALL_CONDITIONS,phq_9,PHQ9,cross-corpus-882,RobustScaler,MLP,203,50,10,0.177,4.9525,6.5826,0.2244,-0.0196,0.2491
5,emotion_induction_1,ALL_CONDITIONS,phq_9,PHQ9,cross-corpus-882,RobustScaler,LGBM,203,50,10,0.103,5.4993,7.0245,0.1229,-0.1611,0.1272
5,emotion_induction_1,ALL_CONDITIONS,phq_9,PHQ9,cross-corpus-882,RobustScaler,CatBoost,203,50,10,0.1473,5.1529,6.5322,0.2058,-0.004,0.1997
1,emotion_induction_1,ALL_CONDITIONS,ads.1,CES-D,cross-corpus-882,StandardScaler,Ridge,201,51,20,-0.0902,12.1107,14.4437,-0.1325,-0.3159,0.0208
1,emotion_induction_1,ALL_CONDITIONS,ads.1,CES-D,cross-corpus-882,StandardScaler,Lasso,201,51,20,-0.0729,12.4317,15.355,-0.0854,-0.4872,0.0786
1,emotion_induction_1,ALL_CONDITIONS,ads.1,CES-D,cross-corpus-882,StandardScaler,ElasticNet,201,51,20,-0.0937,12.025,14.3121,-0.1457,-0.292,0.0114
1,emotion_induction_1,ALL_CONDITIONS,ads.1,CES-D,cross-corpus-882,StandardScaler,SVR,201,51,20,0.0095,11.743,13.6949,0.0141,-0.183,0.0556
1,emotion_induction_1,ALL_CONDITIONS,ads.1,CES-D,cross-corpus-882,StandardScaler,KNN,201,51,20,0.0184,11.6867,13.6083,0.0266,-0.168,0.0039
1,emotion_induction_1,ALL_CONDITIONS,ads.1,CES-D,cross-corpus-882,StandardScaler,RF,201,51,20,-0.0768,12.2613,14.0347,-0.1327,-0.2424,-0.1404
1,emotion_induction_1,ALL_CONDITIONS,ads.1,CES-D,cross-corpus-882,StandardScaler,ET,201,51,20,-0.0692,12.1731,13.9603,-0.1189,-0.2293,-0.0999
1,emotion_induction_1,ALL_CONDITIONS,ads.1,CES-D,cross-corpus-882,StandardScaler,GB,201,51,20,-0.0999,12.6802,14.4392,-0.1523,-0.315,-0.201
1,emotion_induction_1,ALL_CONDITIONS,ads.1,CES-D,cross-corpus-882,StandardScaler,XGB,201,51,20,-0.0972,12.6158,14.5481,-0.1397,-0.335,-0.1962
1,emotion_induction_1,ALL_CONDITIONS,ads.1,CES-D,cross-corpus-882,StandardScaler,MLP,201,51,20,-0.1319,12.3016,14.6108,-0.1805,-0.3465,-0.1137
1,emotion_induction_1,ALL_CONDITIONS,ads.1,CES-D,cross-corpus-882,StandardScaler,LGBM,201,51,20,-0.0253,12.2237,14.1392,-0.0354,-0.261,-0.069
1,emotion_induction_1,ALL_CONDITIONS,ads.1,CES-D,cross-corpus-882,StandardScaler,CatBoost,201,51,20,-0.0872,12.2505,14.0422,-0.1491,-0.2437,-0.1422
1,emotion_induction_1,ALL_CONDITIONS,ads.1,CES-D,cross-corpus-882,MinMaxScaler,Ridge,201,51,20,-0.1958,12.4568,15.0192,-0.2924,-0.4228,-0.2216
1,emotion_induction_1,ALL_CONDITIONS,ads.1,CES-D,cross-corpus-882,MinMaxScaler,Lasso,201,51,20,-0.1913,12.6454,15.3336,-0.2607,-0.483,-0.1837
1,emotion_induction_1,ALL_CONDITIONS,ads.1,CES-D,cross-corpus-882,MinMaxScaler,ElasticNet,201,51,20,-0.1944,12.4266,14.9776,-0.2938,-0.4149,-0.2302
1,emotion_induction_1,ALL_CONDITIONS,ads.1,CES-D,cross-corpus-882,MinMaxScaler,SVR,201,51,20,-0.2383,12.6259,15.3454,-0.3414,-0.4853,-0.2831
1,emotion_induction_1,ALL_CONDITIONS,ads.1,CES-D,cross-corpus-882,MinMaxScaler,KNN,201,51,20,-0.2169,12.9414,15.8567,-0.2573,-0.5859,-0.1893
1,emotion_induction_1,ALL_CONDITIONS,ads.1,CES-D,cross-corpus-882,MinMaxScaler,RF,201,51,20,-0.1134,12.0905,14.1303,-0.2031,-0.2594,-0.1163
1,emotion_induction_1,ALL_CONDITIONS,ads.1,CES-D,cross-corpus-882,MinMaxScaler,ET,201,51,20,-0.1508,12.1049,14.3955,-0.2643,-0.3071,-0.234
1,emotion_induction_1,ALL_CONDITIONS,ads.1,CES-D,cross-corpus-882,MinMaxScaler,GB,201,51,20,-0.1756,12.6099,15.2223,-0.2475,-0.4615,-0.1376
1,emotion_induction_1,ALL_CONDITIONS,ads.1,CES-D,cross-corpus-882,MinMaxScaler,XGB,201,51,20,-0.1794,12.4883,14.9505,-0.2653,-0.4098,-0.15
1,emotion_induction_1,ALL_CONDITIONS,ads.1,CES-D,cross-corpus-882,MinMaxScaler,MLP,201,51,20,0.0527,11.2725,13.0033,0.1738,-0.0665,0.2376
1,emotion_induction_1,ALL_CONDITIONS,ads.1,CES-D,cross-corpus-882,MinMaxScaler,LGBM,201,51,20,-0.1374,12.8042,15.2841,-0.1791,-0.4735,-0.1214
1,emotion_induction_1,ALL_CONDITIONS,ads.1,CES-D,cross-corpus-882,MinMaxScaler,CatBoost,201,51,20,-0.1405,12.3943,14.7864,-0.2046,-0.379,-0.1177
1,emotion_induction_1,ALL_CONDITIONS,ads.1,CES-D,cross-corpus-882,RobustScaler,Ridge,201,51,20,-0.0847,12.3533,14.501,-0.1201,-0.3263,-0.0464
1,emotion_induction_1,ALL_CONDITIONS,ads.1,CES-D,cross-corpus-882,RobustScaler,Lasso,201,51,20,-0.0721,12.4566,14.5739,-0.0974,-0.3397,-0.0196
1,emotion_induction_1,ALL_CONDITIONS,ads.1,CES-D,cross-corpus-882,RobustScaler,ElasticNet,201,51,20,-0.0827,12.2373,14.3748,-0.1212,-0.3033,-0.0524
1,emotion_induction_1,ALL_CONDITIONS,ads.1,CES-D,cross-corpus-882,RobustScaler,SVR,201,51,20,-0.0359,12.0357,14.1194,-0.0501,-0.2574,-0.0168
1,emotion_induction_1,ALL_CONDITIONS,ads.1,CES-D,cross-corpus-882,RobustScaler,KNN,201,51,20,0.0543,11.4198,13.2225,0.0837,-0.1028,0.1185
1,emotion_induction_1,ALL_CONDITIONS,ads.1,CES-D,cross-corpus-882,RobustScaler,RF,201,51,20,-0.1194,12.454,14.3613,-0.192,-0.3009,-0.1691
1,emotion_induction_1,ALL_CONDITIONS,ads.1,CES-D,cross-corpus-882,RobustScaler,ET,201,51,20,-0.0717,12.2746,14.1239,-0.1169,-0.2582,-0.0983
1,emotion_induction_1,ALL_CONDITIONS,ads.1,CES-D,cross-corpus-882,RobustScaler,GB,201,51,20,-0.2022,13.4982,15.5763,-0.2538,-0.5303,-0.2944
1,emotion_induction_1,ALL_CONDITIONS,ads.1,CES-D,cross-corpus-882,RobustScaler,XGB,201,51,20,-0.1783,13.3087,15.4367,-0.2243,-0.503,-0.2343
1,emotion_induction_1,ALL_CONDITIONS,ads.1,CES-D,cross-corpus-882,RobustScaler,MLP,201,51,20,-0.1654,13.036,15.4841,-0.1972,-0.5123,-0.1823
1,emotion_induction_1,ALL_CONDITIONS,ads.1,CES-D,cross-corpus-882,RobustScaler,LGBM,201,51,20,-0.1146,13.2469,15.194,-0.1452,-0.4561,-0.1661
1,emotion_induction_1,ALL_CONDITIONS,ads.1,CES-D,cross-corpus-882,RobustScaler,CatBoost,201,51,20,-0.1446,12.9103,14.9457,-0.1997,-0.4089,-0.2053
2,emotion_induction_1,ALL_CONDITIONS,ads.1,CES-D,cross-corpus-882,StandardScaler,Ridge,201,51,5,0.0109,11.8526,14.1069,0.0187,-0.1939,-0.0165
2,emotion_induction_1,ALL_CONDITIONS,ads.1,CES-D,cross-corpus-882,StandardScaler,Lasso,201,51,5,0.0115,11.9152,14.201,0.0188,-0.2099,-0.0164
2,emotion_induction_1,ALL_CONDITIONS,ads.1,CES-D,cross-corpus-882,StandardScaler,ElasticNet,201,51,5,0.0106,11.8051,14.0367,0.0188,-0.182,-0.0146
2,emotion_induction_1,ALL_CONDITIONS,ads.1,CES-D,cross-corpus-882,StandardScaler,SVR,201,51,5,-0.0889,12.1215,14.9214,-0.1426,-0.3357,-0.1621
2,emotion_induction_1,ALL_CONDITIONS,ads.1,CES-D,cross-corpus-882,StandardScaler,KNN,201,51,5,0.038,11.5395,13.7419,0.0646,-0.1329,0.0595
2,emotion_induction_1,ALL_CONDITIONS,ads.1,CES-D,cross-corpus-882,StandardScaler,RF,201,51,5,-0.0282,11.7695,14.3575,-0.0419,-0.2367,-0.0699
2,emotion_induction_1,ALL_CONDITIONS,ads.1,CES-D,cross-corpus-882,StandardScaler,ET,201,51,5,0.0105,11.4976,13.9793,0.0169,-0.1724,-0.0153
2,emotion_induction_1,ALL_CONDITIONS,ads.1,CES-D,cross-corpus-882,StandardScaler,GB,201,51,5,-0.0142,12.1741,14.5797,-0.0193,-0.2753,-0.0305
2,emotion_induction_1,ALL_CONDITIONS,ads.1,CES-D,cross-corpus-882,StandardScaler,XGB,201,51,5,-0.0363,12.0937,14.7278,-0.0514,-0.3013,-0.0508
2,emotion_induction_1,ALL_CONDITIONS,ads.1,CES-D,cross-corpus-882,StandardScaler,MLP,201,51,5,-0.0365,12.2012,14.5624,-0.0657,-0.2722,-0.0302
2,emotion_induction_1,ALL_CONDITIONS,ads.1,CES-D,cross-corpus-882,StandardScaler,LGBM,201,51,5,-0.019,11.9881,14.5872,-0.0252,-0.2766,0.0238
2,emotion_induction_1,ALL_CONDITIONS,ads.1,CES-D,cross-corpus-882,StandardScaler,CatBoost,201,51,5,-0.0696,12.0012,14.4639,-0.113,-0.2551,-0.1041
2,emotion_induction_1,ALL_CONDITIONS,ads.1,CES-D,cross-corpus-882,MinMaxScaler,Ridge,201,51,10,0.079,11.3767,13.7347,0.1282,-0.1317,0.1087
2,emotion_induction_1,ALL_CONDITIONS,ads.1,CES-D,cross-corpus-882,MinMaxScaler,Lasso,201,51,10,0.0775,11.3837,13.73,0.1267,-0.131,0.1139
2,emotion_induction_1,ALL_CONDITIONS,ads.1,CES-D,cross-corpus-882,MinMaxScaler,ElasticNet,201,51,10,0.0795,11.2006,13.5219,0.1428,-0.0969,0.129
2,emotion_induction_1,ALL_CONDITIONS,ads.1,CES-D,cross-corpus-882,MinMaxScaler,SVR,201,51,10,0.0848,11.3645,13.7806,0.1419,-0.1393,0.1319
2,emotion_induction_1,ALL_CONDITIONS,ads.1,CES-D,cross-corpus-882,MinMaxScaler,KNN,201,51,10,0.0997,10.7439,13.1828,0.1776,-0.0426,0.2117
2,emotion_induction_1,ALL_CONDITIONS,ads.1,CES-D,cross-corpus-882,MinMaxScaler,RF,201,51,10,0.0427,10.8568,13.5356,0.0774,-0.0992,0.1069
2,emotion_induction_1,ALL_CONDITIONS,ads.1,CES-D,cross-corpus-882,MinMaxScaler,ET,201,51,10,0.0795,10.7397,13.374,0.1418,-0.0731,0.1867
2,emotion_induction_1,ALL_CONDITIONS,ads.1,CES-D,cross-corpus-882,MinMaxScaler,GB,201,51,10,0.0991,10.7517,13.2817,0.1587,-0.0583,0.1482
2,emotion_induction_1,ALL_CONDITIONS,ads.1,CES-D,cross-corpus-882,MinMaxScaler,XGB,201,51,10,0.0763,10.7163,13.3268,0.1323,-0.0655,0.1311
2,emotion_induction_1,ALL_CONDITIONS,ads.1,CES-D,cross-corpus-882,MinMaxScaler,MLP,201,51,10,0.0197,11.2099,13.74,0.0753,-0.1326,0.0631
2,emotion_induction_1,ALL_CONDITIONS,ads.1,CES-D,cross-corpus-882,MinMaxScaler,LGBM,201,51,10,0.0165,11.3703,14.0781,0.0241,-0.189,0.0538
2,emotion_induction_1,ALL_CONDITIONS,ads.1,CES-D,cross-corpus-882,MinMaxScaler,CatBoost,201,51,10,0.0653,10.7965,13.3266,0.1233,-0.0655,0.1591
2,emotion_induction_1,ALL_CONDITIONS,ads.1,CES-D,cross-corpus-882,RobustScaler,Ridge,201,51,5,0.0784,11.0992,13.2248,0.1837,-0.0493,0.1697
2,emotion_induction_1,ALL_CONDITIONS,ads.1,CES-D,cross-corpus-882,RobustScaler,Lasso,201,51,5,0.0766,11.1362,13.2492,0.1776,-0.0531,0.1613
2,emotion_induction_1,ALL_CONDITIONS,ads.1,CES-D,cross-corpus-882,RobustScaler,ElasticNet,201,51,5,0.0772,11.11,13.2285,0.1819,-0.0498,0.1689
2,emotion_induction_1,ALL_CONDITIONS,ads.1,CES-D,cross-corpus-882,RobustScaler,SVR,201,51,5,0.0921,10.7739,13.2439,0.244,-0.0523,0.2121
2,emotion_induction_1,ALL_CONDITIONS,ads.1,CES-D,cross-corpus-882,RobustScaler,KNN,201,51,5,0.0471,11.4355,13.9738,0.0636,-0.1715,0.0485
2,emotion_induction_1,ALL_CONDITIONS,ads.1,CES-D,cross-corpus-882,RobustScaler,RF,201,51,5,0.0838,10.8767,13.4195,0.1513,-0.0804,0.131
2,emotion_induction_1,ALL_CONDITIONS,ads.1,CES-D,cross-corpus-882,RobustScaler,ET,201,51,5,0.071,10.9969,13.4585,0.1431,-0.0867,0.1187
2,emotion_induction_1,ALL_CONDITIONS,ads.1,CES-D,cross-corpus-882,RobustScaler,GB,201,51,5,0.0836,11.2665,14.1153,0.1179,-0.1953,0.0945
2,emotion_induction_1,ALL_CONDITIONS,ads.1,CES-D,cross-corpus-882,RobustScaler,XGB,201,51,5,0.0526,11.1522,13.8223,0.0858,-0.1462,0.0279
2,emotion_induction_1,ALL_CONDITIONS,ads.1,CES-D,cross-corpus-882,RobustScaler,MLP,201,51,5,0.1404,10.9801,13.1617,0.2524,-0.0393,0.2548
2,emotion_induction_1,ALL_CONDITIONS,ads.1,CES-D,cross-corpus-882,RobustScaler,LGBM,201,51,5,0.0234,11.2066,14.0596,0.0387,-0.1859,0.0366
2,emotion_induction_1,ALL_CONDITIONS,ads.1,CES-D,cross-corpus-882,RobustScaler,CatBoost,201,51,5,0.1018,10.6005,13.3071,0.1791,-0.0624,0.115
3,emotion_induction_1,ALL_CONDITIONS,ads.1,CES-D,cross-corpus-882,StandardScaler,Ridge,202,50,10,0.0906,9.7011,11.9206,0.121,-0.1636,0.1294
3,emotion_induction_1,ALL_CONDITIONS,ads.1,CES-D,cross-corpus-882,StandardScaler,Lasso,202,50,10,0.0745,9.5622,11.7683,0.1084,-0.1341,0.1173
3,emotion_induction_1,ALL_CONDITIONS,ads.1,CES-D,cross-corpus-882,StandardScaler,ElasticNet,202,50,10,0.0884,9.6674,11.8927,0.1195,-0.1582,0.1276
3,emotion_induction_1,ALL_CONDITIONS,ads.1,CES-D,cross-corpus-882,StandardScaler,SVR,202,50,10,0.1111,10.0387,12.1632,0.1257,-0.2115,0.1406
3,emotion_induction_1,ALL_CONDITIONS,ads.1,CES-D,cross-corpus-882,StandardScaler,KNN,202,50,10,0.1002,9.4815,11.7473,0.1245,-0.1301,0.1387
3,emotion_induction_1,ALL_CONDITIONS,ads.1,CES-D,cross-corpus-882,StandardScaler,RF,202,50,10,0.1423,9.355,11.2269,0.2137,-0.0321,0.1707
3,emotion_induction_1,ALL_CONDITIONS,ads.1,CES-D,cross-corpus-882,StandardScaler,ET,202,50,10,0.1418,9.0673,11.3005,0.1912,-0.0457,0.157
3,emotion_induction_1,ALL_CONDITIONS,ads.1,CES-D,cross-corpus-882,StandardScaler,GB,202,50,10,0.266,9.6945,11.677,0.2819,-0.1166,0.2074
3,emotion_induction_1,ALL_CONDITIONS,ads.1,CES-D,cross-corpus-882,StandardScaler,XGB,202,50,10,0.2635,9.2061,11.0939,0.3053,-0.0078,0.2319
3,emotion_induction_1,ALL_CONDITIONS,ads.1,CES-D,cross-corpus-882,StandardScaler,MLP,202,50,10,0.1424,9.0138,11.5285,0.1824,-0.0883,0.2198
3,emotion_induction_1,ALL_CONDITIONS,ads.1,CES-D,cross-corpus-882,StandardScaler,LGBM,202,50,10,0.2587,9.2196,10.9467,0.3115,0.0187,0.2235
3,emotion_induction_1,ALL_CONDITIONS,ads.1,CES-D,cross-corpus-882,StandardScaler,CatBoost,202,50,10,0.2389,9.3065,10.969,0.2916,0.0147,0.2242
3,emotion_induction_1,ALL_CONDITIONS,ads.1,CES-D,cross-corpus-882,MinMaxScaler,Ridge,202,50,5,0.0971,9.291,11.5262,0.1432,-0.0879,0.1904
3,emotion_induction_1,ALL_CONDITIONS,ads.1,CES-D,cross-corpus-882,MinMaxScaler,Lasso,202,50,5,0.0959,9.272,11.4947,0.1442,-0.082,0.1989
3,emotion_induction_1,ALL_CONDITIONS,ads.1,CES-D,cross-corpus-882,MinMaxScaler,ElasticNet,202,50,5,0.0926,9.2473,11.4434,0.1448,-0.0723,0.1936
3,emotion_induction_1,ALL_CONDITIONS,ads.1,CES-D,cross-corpus-882,MinMaxScaler,SVR,202,50,5,0.1271,9.5116,11.4731,0.1655,-0.0779,0.1659
3,emotion_induction_1,ALL_CONDITIONS,ads.1,CES-D,cross-corpus-882,MinMaxScaler,KNN,202,50,5,0.1569,9.4516,11.3685,0.1995,-0.0583,0.2059
3,emotion_induction_1,ALL_CONDITIONS,ads.1,CES-D,cross-corpus-882,MinMaxScaler,RF,202,50,5,0.2121,8.7801,10.8383,0.3086,0.0381,0.2186
3,emotion_induction_1,ALL_CONDITIONS,ads.1,CES-D,cross-corpus-882,MinMaxScaler,ET,202,50,5,0.1963,8.666,10.6355,0.3146,0.0737,0.2425
3,emotion_induction_1,ALL_CONDITIONS,ads.1,CES-D,cross-corpus-882,MinMaxScaler,GB,202,50,5,0.2851,8.8046,10.924,0.3441,0.0228,0.2161
3,emotion_induction_1,ALL_CONDITIONS,ads.1,CES-D,cross-corpus-882,MinMaxScaler,XGB,202,50,5,0.2904,8.7469,10.8483,0.3449,0.0363,0.2129
3,emotion_induction_1,ALL_CONDITIONS,ads.1,CES-D,cross-corpus-882,MinMaxScaler,MLP,202,50,5,0.0214,9.1459,11.2238,0.0529,-0.0316,0.0311
3,emotion_induction_1,ALL_CONDITIONS,ads.1,CES-D,cross-corpus-882,MinMaxScaler,LGBM,202,50,5,0.2613,9.0867,11.0763,0.3191,-0.0046,0.2413
3,emotion_induction_1,ALL_CONDITIONS,ads.1,CES-D,cross-corpus-882,MinMaxScaler,CatBoost,202,50,5,0.215,9.1527,10.9793,0.2867,0.0129,0.1992
3,emotion_induction_1,ALL_CONDITIONS,ads.1,CES-D,cross-corpus-882,RobustScaler,Ridge,202,50,10,0.066,9.7826,11.964,0.0935,-0.1721,0.1237
3,emotion_induction_1,ALL_CONDITIONS,ads.1,CES-D,cross-corpus-882,RobustScaler,Lasso,202,50,10,0.0611,9.6398,11.82,0.0909,-0.1441,0.102
3,emotion_induction_1,ALL_CONDITIONS,ads.1,CES-D,cross-corpus-882,RobustScaler,ElasticNet,202,50,10,0.064,9.8081,11.9782,0.0904,-0.1749,0.1259
3,emotion_induction_1,ALL_CONDITIONS,ads.1,CES-D,cross-corpus-882,RobustScaler,SVR,202,50,10,0.0311,10.2964,12.3797,0.0372,-0.255,0.052
3,emotion_induction_1,ALL_CONDITIONS,ads.1,CES-D,cross-corpus-882,RobustScaler,KNN,202,50,10,0.0714,9.5722,11.7393,0.0951,-0.1285,0.0617
3,emotion_induction_1,ALL_CONDITIONS,ads.1,CES-D,cross-corpus-882,RobustScaler,RF,202,50,10,0.0828,9.4195,11.7019,0.1177,-0.1213,0.0733
3,emotion_induction_1,ALL_CONDITIONS,ads.1,CES-D,cross-corpus-882,RobustScaler,ET,202,50,10,0.0741,9.3798,11.6375,0.1038,-0.109,0.0833
3,emotion_induction_1,ALL_CONDITIONS,ads.1,CES-D,cross-corpus-882,RobustScaler,GB,202,50,10,0.1708,9.655,12.1079,0.1925,-0.2005,0.1339
3,emotion_induction_1,ALL_CONDITIONS,ads.1,CES-D,cross-corpus-882,RobustScaler,XGB,202,50,10,0.1873,9.6477,11.7749,0.212,-0.1354,0.1457
3,emotion_induction_1,ALL_CONDITIONS,ads.1,CES-D,cross-corpus-882,RobustScaler,MLP,202,50,10,0.1242,9.6042,11.835,0.152,-0.147,0.1221
3,emotion_induction_1,ALL_CONDITIONS,ads.1,CES-D,cross-corpus-882,RobustScaler,LGBM,202,50,10,0.2314,9.4125,11.1479,0.2838,-0.0177,0.1937
3,emotion_induction_1,ALL_CONDITIONS,ads.1,CES-D,cross-corpus-882,RobustScaler,CatBoost,202,50,10,0.0871,9.4281,11.5043,0.1266,-0.0838,0.0833
4,emotion_induction_1,ALL_CONDITIONS,ads.1,CES-D,cross-corpus-882,StandardScaler,Ridge,202,50,10,-0.0298,10.0679,12.2248,-0.039,-0.2519,-0.0101
4,emotion_induction_1,ALL_CONDITIONS,ads.1,CES-D,cross-corpus-882,StandardScaler,Lasso,202,50,10,-0.029,10.053,12.2,-0.0382,-0.2468,-0.0056
4,emotion_induction_1,ALL_CONDITIONS,ads.1,CES-D,cross-corpus-882,StandardScaler,ElasticNet,202,50,10,-0.0283,10.0408,12.1854,-0.0374,-0.2438,-0.0092
4,emotion_induction_1,ALL_CONDITIONS,ads.1,CES-D,cross-corpus-882,StandardScaler,SVR,202,50,10,-0.0029,10.5413,13.0114,-0.0033,-0.4182,-0.0405
4,emotion_induction_1,ALL_CONDITIONS,ads.1,CES-D,cross-corpus-882,StandardScaler,KNN,202,50,10,0.1585,9.3289,11.5595,0.1851,-0.1193,0.1922
4,emotion_induction_1,ALL_CONDITIONS,ads.1,CES-D,cross-corpus-882,StandardScaler,RF,202,50,10,-0.0346,10.0477,11.842,-0.0535,-0.1747,-0.0996
4,emotion_induction_1,ALL_CONDITIONS,ads.1,CES-D,cross-corpus-882,StandardScaler,ET,202,50,10,0.0143,9.437,11.7198,0.0204,-0.1506,0.0213
4,emotion_induction_1,ALL_CONDITIONS,ads.1,CES-D,cross-corpus-882,StandardScaler,GB,202,50,10,-0.0549,10.3573,12.3048,-0.0734,-0.2683,-0.092
4,emotion_induction_1,ALL_CONDITIONS,ads.1,CES-D,cross-corpus-882,StandardScaler,XGB,202,50,10,-0.0321,10.1142,12.1148,-0.0439,-0.2295,-0.0692
4,emotion_induction_1,ALL_CONDITIONS,ads.1,CES-D,cross-corpus-882,StandardScaler,MLP,202,50,10,-0.0042,9.8962,12.4191,-0.005,-0.292,0.0357
4,emotion_induction_1,ALL_CONDITIONS,ads.1,CES-D,cross-corpus-882,StandardScaler,LGBM,202,50,10,-0.0658,10.6477,12.6176,-0.0821,-0.3337,-0.0572
4,emotion_induction_1,ALL_CONDITIONS,ads.1,CES-D,cross-corpus-882,StandardScaler,CatBoost,202,50,10,0.0014,10.1675,11.696,0.0021,-0.1459,-0.0215
4,emotion_induction_1,ALL_CONDITIONS,ads.1,CES-D,cross-corpus-882,MinMaxScaler,Ridge,202,50,15,0.0621,9.4858,11.3901,0.0903,-0.0868,0.025
4,emotion_induction_1,ALL_CONDITIONS,ads.1,CES-D,cross-corpus-882,MinMaxScaler,Lasso,202,50,15,0.0414,9.6497,11.7375,0.0552,-0.1541,0.0366
4,emotion_induction_1,ALL_CONDITIONS,ads.1,CES-D,cross-corpus-882,MinMaxScaler,ElasticNet,202,50,15,0.0647,9.43,11.2661,0.0995,-0.0633,0.0194
4,emotion_induction_1,ALL_CONDITIONS,ads.1,CES-D,cross-corpus-882,MinMaxScaler,SVR,202,50,15,0.127,9.1881,11.4997,0.1558,-0.1078,0.1183
4,emotion_induction_1,ALL_CONDITIONS,ads.1,CES-D,cross-corpus-882,MinMaxScaler,KNN,202,50,15,-0.0282,10.8172,13.3445,-0.0305,-0.4917,-0.0348
4,emotion_induction_1,ALL_CONDITIONS,ads.1,CES-D,cross-corpus-882,MinMaxScaler,RF,202,50,15,-0.032,9.6147,11.8295,-0.0497,-0.1722,0.0268
4,emotion_induction_1,ALL_CONDITIONS,ads.1,CES-D,cross-corpus-882,MinMaxScaler,ET,202,50,15,0.0826,9.0528,11.2335,0.122,-0.0571,0.1148
4,emotion_induction_1,ALL_CONDITIONS,ads.1,CES-D,cross-corpus-882,MinMaxScaler,GB,202,50,15,-0.0767,10.3869,12.5736,-0.0984,-0.3244,-0.1308
4,emotion_induction_1,ALL_CONDITIONS,ads.1,CES-D,cross-corpus-882,MinMaxScaler,XGB,202,50,15,-0.0234,10.1434,12.532,-0.0282,-0.3156,-0.0578
4,emotion_induction_1,ALL_CONDITIONS,ads.1,CES-D,cross-corpus-882,MinMaxScaler,MLP,202,50,15,0.0081,9.7132,11.1766,0.0317,-0.0464,0.0498
4,emotion_induction_1,ALL_CONDITIONS,ads.1,CES-D,cross-corpus-882,MinMaxScaler,LGBM,202,50,15,-0.0903,10.8815,13.0729,-0.1061,-0.4316,-0.0615
4,emotion_induction_1,ALL_CONDITIONS,ads.1,CES-D,cross-corpus-882,MinMaxScaler,CatBoost,202,50,15,0.059,9.3455,11.1646,0.0991,-0.0442,0.0853
4,emotion_induction_1,ALL_CONDITIONS,ads.1,CES-D,cross-corpus-882,RobustScaler,Ridge,202,50,10,0.1361,9.015,10.9251,0.1987,0.0001,0.1567
4,emotion_induction_1,ALL_CONDITIONS,ads.1,CES-D,cross-corpus-882,RobustScaler,Lasso,202,50,10,0.1351,9.0365,10.9512,0.1953,-0.0046,0.1416
4,emotion_induction_1,ALL_CONDITIONS,ads.1,CES-D,cross-corpus-882,RobustScaler,ElasticNet,202,50,10,0.1305,8.979,10.8463,0.2028,0.0145,0.1461
4,emotion_induction_1,ALL_CONDITIONS,ads.1,CES-D,cross-corpus-882,RobustScaler,SVR,202,50,10,0.1103,9.4458,11.7502,0.1311,-0.1566,0.0998
4,emotion_induction_1,ALL_CONDITIONS,ads.1,CES-D,cross-corpus-882,RobustScaler,KNN,202,50,10,0.1859,8.6316,10.9002,0.2432,0.0047,0.197
4,emotion_induction_1,ALL_CONDITIONS,ads.1,CES-D,cross-corpus-882,RobustScaler,RF,202,50,10,0.0678,9.3274,11.2284,0.1055,-0.0561,0.1
4,emotion_induction_1,ALL_CONDITIONS,ads.1,CES-D,cross-corpus-882,RobustScaler,ET,202,50,10,0.1098,9.1258,11.1062,0.1596,-0.0333,0.0856
4,emotion_induction_1,ALL_CONDITIONS,ads.1,CES-D,cross-corpus-882,RobustScaler,GB,202,50,10,0.1484,9.1465,11.1208,0.1951,-0.036,0.158
4,emotion_induction_1,ALL_CONDITIONS,ads.1,CES-D,cross-corpus-882,RobustScaler,XGB,202,50,10,0.1603,9.0641,11.2024,0.2006,-0.0512,0.1457
4,emotion_induction_1,ALL_CONDITIONS,ads.1,CES-D,cross-corpus-882,RobustScaler,MLP,202,50,10,0.1937,8.8186,10.9997,0.2405,-0.0136,0.1611
4,emotion_induction_1,ALL_CONDITIONS,ads.1,CES-D,cross-corpus-882,RobustScaler,LGBM,202,50,10,0.0774,9.8464,11.9455,0.0922,-0.1953,0.0471
4,emotion_induction_1,ALL_CONDITIONS,ads.1,CES-D,cross-corpus-882,RobustScaler,CatBoost,202,50,10,0.0432,9.4889,11.375,0.0672,-0.0839,0.0495
5,emotion_induction_1,ALL_CONDITIONS,ads.1,CES-D,cross-corpus-882,StandardScaler,Ridge,202,50,10,-0.0551,11.7562,13.4875,-0.0769,-0.2432,-0.0575
5,emotion_induction_1,ALL_CONDITIONS,ads.1,CES-D,cross-corpus-882,StandardScaler,Lasso,202,50,10,-0.0528,11.735,13.4612,-0.0739,-0.2383,-0.0415
5,emotion_induction_1,ALL_CONDITIONS,ads.1,CES-D,cross-corpus-882,StandardScaler,ElasticNet,202,50,10,-0.058,11.6877,13.4143,-0.0836,-0.2297,-0.0576
5,emotion_induction_1,ALL_CONDITIONS,ads.1,CES-D,cross-corpus-882,StandardScaler,SVR,202,50,10,0.0279,11.6359,13.6614,0.0328,-0.2754,-0.0043
5,emotion_induction_1,ALL_CONDITIONS,ads.1,CES-D,cross-corpus-882,StandardScaler,KNN,202,50,10,-0.0269,11.698,13.3643,-0.0369,-0.2206,-0.0388
5,emotion_induction_1,ALL_CONDITIONS,ads.1,CES-D,cross-corpus-882,StandardScaler,RF,202,50,10,-0.0485,11.5962,13.3877,-0.0694,-0.2248,-0.1368
5,emotion_induction_1,ALL_CONDITIONS,ads.1,CES-D,cross-corpus-882,StandardScaler,ET,202,50,10,-0.0991,12.0868,13.92,-0.1322,-0.3242,-0.1704
5,emotion_induction_1,ALL_CONDITIONS,ads.1,CES-D,cross-corpus-882,StandardScaler,GB,202,50,10,-0.0435,11.7968,13.7609,-0.0557,-0.2941,-0.1304
5,emotion_induction_1,ALL_CONDITIONS,ads.1,CES-D,cross-corpus-882,StandardScaler,XGB,202,50,10,-0.0139,11.4376,13.6712,-0.0172,-0.2773,-0.1216
5,emotion_induction_1,ALL_CONDITIONS,ads.1,CES-D,cross-corpus-882,StandardScaler,MLP,202,50,10,0.0385,11.1063,13.0431,0.0509,-0.1626,0.0662
5,emotion_induction_1,ALL_CONDITIONS,ads.1,CES-D,cross-corpus-882,StandardScaler,LGBM,202,50,10,-0.0417,11.8994,13.6748,-0.0543,-0.2779,-0.1063
5,emotion_induction_1,ALL_CONDITIONS,ads.1,CES-D,cross-corpus-882,StandardScaler,CatBoost,202,50,10,-0.014,11.339,12.9722,-0.0217,-0.15,-0.1028
5,emotion_induction_1,ALL_CONDITIONS,ads.1,CES-D,cross-corpus-882,MinMaxScaler,Ridge,202,50,10,-0.04,11.5291,13.3311,-0.0572,-0.2145,-0.0078
5,emotion_induction_1,ALL_CONDITIONS,ads.1,CES-D,cross-corpus-882,MinMaxScaler,Lasso,202,50,10,-0.0391,11.5019,13.2928,-0.0566,-0.2075,-0.0042
5,emotion_induction_1,ALL_CONDITIONS,ads.1,CES-D,cross-corpus-882,MinMaxScaler,ElasticNet,202,50,10,-0.0337,11.3463,13.1326,-0.0513,-0.1786,-0.009
5,emotion_induction_1,ALL_CONDITIONS,ads.1,CES-D,cross-corpus-882,MinMaxScaler,SVR,202,50,10,0.0331,11.1162,13.0527,0.0442,-0.1643,0.0865
5,emotion_induction_1,ALL_CONDITIONS,ads.1,CES-D,cross-corpus-882,MinMaxScaler,KNN,202,50,10,-0.0349,11.0752,13.2194,-0.0513,-0.1942,-0.0793
5,emotion_induction_1,ALL_CONDITIONS,ads.1,CES-D,cross-corpus-882,MinMaxScaler,RF,202,50,10,-0.0659,11.7634,13.5122,-0.0936,-0.2477,-0.135
5,emotion_induction_1,ALL_CONDITIONS,ads.1,CES-D,cross-corpus-882,MinMaxScaler,ET,202,50,10,-0.0391,11.6689,13.2036,-0.0588,-0.1914,-0.0863
5,emotion_induction_1,ALL_CONDITIONS,ads.1,CES-D,cross-corpus-882,MinMaxScaler,GB,202,50,10,-0.0716,12.1679,14.4286,-0.0834,-0.4227,-0.1226
5,emotion_induction_1,ALL_CONDITIONS,ads.1,CES-D,cross-corpus-882,MinMaxScaler,XGB,202,50,10,-0.0554,11.9568,13.9892,-0.0679,-0.3374,-0.0805
5,emotion_induction_1,ALL_CONDITIONS,ads.1,CES-D,cross-corpus-882,MinMaxScaler,MLP,202,50,10,-0.001,10.171,12.4442,-0.0034,-0.0583,0.0119
5,emotion_induction_1,ALL_CONDITIONS,ads.1,CES-D,cross-corpus-882,MinMaxScaler,LGBM,202,50,10,-0.1332,12.6891,14.7224,-0.1573,-0.4812,-0.1726
5,emotion_induction_1,ALL_CONDITIONS,ads.1,CES-D,cross-corpus-882,MinMaxScaler,CatBoost,202,50,10,-0.0732,11.751,13.5721,-0.1034,-0.2588,-0.1405
5,emotion_induction_1,ALL_CONDITIONS,ads.1,CES-D,cross-corpus-882,RobustScaler,Ridge,202,50,10,-0.0982,11.8908,13.7797,-0.1361,-0.2976,-0.1251
5,emotion_induction_1,ALL_CONDITIONS,ads.1,CES-D,cross-corpus-882,RobustScaler,Lasso,202,50,10,-0.0997,11.9692,13.8825,-0.1344,-0.317,-0.1237
5,emotion_induction_1,ALL_CONDITIONS,ads.1,CES-D,cross-corpus-882,RobustScaler,ElasticNet,202,50,10,-0.0973,11.8324,13.7024,-0.1383,-0.2831,-0.1258
5,emotion_induction_1,ALL_CONDITIONS,ads.1,CES-D,cross-corpus-882,RobustScaler,SVR,202,50,10,-0.0529,12.1352,14.0461,-0.0643,-0.3483,-0.0803
5,emotion_induction_1,ALL_CONDITIONS,ads.1,CES-D,cross-corpus-882,RobustScaler,KNN,202,50,10,-0.0897,11.6565,13.3797,-0.1442,-0.2234,-0.1744
5,emotion_induction_1,ALL_CONDITIONS,ads.1,CES-D,cross-corpus-882,RobustScaler,RF,202,50,10,-0.0503,11.5496,13.348,-0.0734,-0.2176,-0.1597
5,emotion_induction_1,ALL_CONDITIONS,ads.1,CES-D,cross-corpus-882,RobustScaler,ET,202,50,10,-0.0342,11.451,13.1836,-0.0511,-0.1878,-0.129
5,emotion_induction_1,ALL_CONDITIONS,ads.1,CES-D,cross-corpus-882,RobustScaler,GB,202,50,10,-0.0303,11.7361,13.6481,-0.0388,-0.2729,-0.1068
5,emotion_induction_1,ALL_CONDITIONS,ads.1,CES-D,cross-corpus-882,RobustScaler,XGB,202,50,10,-0.0786,12.0364,13.9297,-0.1016,-0.326,-0.212
5,emotion_induction_1,ALL_CONDITIONS,ads.1,CES-D,cross-corpus-882,RobustScaler,MLP,202,50,10,-0.0099,11.455,13.5673,-0.0125,-0.2579,0.0222
5,emotion_induction_1,ALL_CONDITIONS,ads.1,CES-D,cross-corpus-882,RobustScaler,LGBM,202,50,10,-0.0869,11.9539,13.9445,-0.1131,-0.3288,-0.1738
5,emotion_induction_1,ALL_CONDITIONS,ads.1,CES-D,cross-corpus-882,RobustScaler,CatBoost,202,50,10,-0.0323,11.4518,13.1358,-0.049,-0.1792,-0.1425
1,emotion_induction_1,ALL_CONDITIONS,HRSD_6.1,HRSD6,cross-corpus-882,StandardScaler,Ridge,192,49,5,-0.0079,4.1683,4.7526,-0.0143,-0.1019,0.0008
1,emotion_induction_1,ALL_CONDITIONS,HRSD_6.1,HRSD6,cross-corpus-882,StandardScaler,Lasso,192,49,5,-0.0107,4.2392,4.9118,-0.0154,-0.177,0.0053
1,emotion_induction_1,ALL_CONDITIONS,HRSD_6.1,HRSD6,cross-corpus-882,StandardScaler,ElasticNet,192,49,5,-0.0108,4.2436,4.9236,-0.0154,-0.1826,0.0132
1,emotion_induction_1,ALL_CONDITIONS,HRSD_6.1,HRSD6,cross-corpus-882,StandardScaler,SVR,192,49,5,0.0132,4.0922,4.853,0.0192,-0.1489,0.0384
1,emotion_induction_1,ALL_CONDITIONS,HRSD_6.1,HRSD6,cross-corpus-882,StandardScaler,KNN,192,49,5,0.12,4.1195,5.1253,0.1335,-0.2815,0.1188
1,emotion_induction_1,ALL_CONDITIONS,HRSD_6.1,HRSD6,cross-corpus-882,StandardScaler,RF,192,49,5,0.0648,4.0896,5.0356,0.0755,-0.237,0.0751
1,emotion_induction_1,ALL_CONDITIONS,HRSD_6.1,HRSD6,cross-corpus-882,StandardScaler,ET,192,49,5,0.1069,4.028,4.894,0.1263,-0.1684,0.0844
1,emotion_induction_1,ALL_CONDITIONS,HRSD_6.1,HRSD6,cross-corpus-882,StandardScaler,GB,192,49,5,0.0848,4.1575,5.1913,0.0925,-0.3147,0.084
1,emotion_induction_1,ALL_CONDITIONS,HRSD_6.1,HRSD6,cross-corpus-882,StandardScaler,XGB,192,49,5,0.0593,4.0906,5.0752,0.0686,-0.2566,0.028
1,emotion_induction_1,ALL_CONDITIONS,HRSD_6.1,HRSD6,cross-corpus-882,StandardScaler,MLP,192,49,5,0.0139,4.3352,5.2784,0.0156,-0.3592,0.0126
1,emotion_induction_1,ALL_CONDITIONS,HRSD_6.1,HRSD6,cross-corpus-882,StandardScaler,LGBM,192,49,5,0.0239,4.3709,5.3703,0.0261,-0.407,0.0036
1,emotion_induction_1,ALL_CONDITIONS,HRSD_6.1,HRSD6,cross-corpus-882,StandardScaler,CatBoost,192,49,5,0.0485,4.1772,5.1029,0.0561,-0.2703,0.0294
1,emotion_induction_1,ALL_CONDITIONS,HRSD_6.1,HRSD6,cross-corpus-882,MinMaxScaler,Ridge,192,49,5,0.0429,3.9954,4.958,0.0534,-0.1992,0.0567
1,emotion_induction_1,ALL_CONDITIONS,HRSD_6.1,HRSD6,cross-corpus-882,MinMaxScaler,Lasso,192,49,5,0.0421,3.9821,4.9179,0.0539,-0.1799,0.0535
1,emotion_induction_1,ALL_CONDITIONS,HRSD_6.1,HRSD6,cross-corpus-882,MinMaxScaler,ElasticNet,192,49,5,0.0432,3.9414,4.8487,0.0583,-0.1469,0.0565
1,emotion_induction_1,ALL_CONDITIONS,HRSD_6.1,HRSD6,cross-corpus-882,MinMaxScaler,SVR,192,49,5,0.0389,4.1039,5.1551,0.0445,-0.2964,0.0006
1,emotion_induction_1,ALL_CONDITIONS,HRSD_6.1,HRSD6,cross-corpus-882,MinMaxScaler,KNN,192,49,5,0.0721,3.8776,4.9532,0.0864,-0.1969,0.0865
1,emotion_induction_1,ALL_CONDITIONS,HRSD_6.1,HRSD6,cross-corpus-882,MinMaxScaler,RF,192,49,5,0.1104,3.686,4.6504,0.1518,-0.055,0.1109
1,emotion_induction_1,ALL_CONDITIONS,HRSD_6.1,HRSD6,cross-corpus-882,MinMaxScaler,ET,192,49,5,0.1088,3.8765,4.9557,0.1248,-0.1981,0.1361
1,emotion_induction_1,ALL_CONDITIONS,HRSD_6.1,HRSD6,cross-corpus-882,MinMaxScaler,GB,192,49,5,0.0696,3.9555,5.0233,0.081,-0.231,0.015
1,emotion_induction_1,ALL_CONDITIONS,HRSD_6.1,HRSD6,cross-corpus-882,MinMaxScaler,XGB,192,49,5,0.1044,3.9414,4.903,0.123,-0.1728,0.0539
1,emotion_induction_1,ALL_CONDITIONS,HRSD_6.1,HRSD6,cross-corpus-882,MinMaxScaler,MLP,192,49,5,0.0466,4.0301,5.0545,0.0549,-0.2463,0.0444
1,emotion_induction_1,ALL_CONDITIONS,HRSD_6.1,HRSD6,cross-corpus-882,MinMaxScaler,LGBM,192,49,5,0.0995,3.8297,4.8779,0.1202,-0.1608,0.0656
1,emotion_induction_1,ALL_CONDITIONS,HRSD_6.1,HRSD6,cross-corpus-882,MinMaxScaler,CatBoost,192,49,5,0.1241,3.7743,4.7661,0.1525,-0.1082,0.0912
1,emotion_induction_1,ALL_CONDITIONS,HRSD_6.1,HRSD6,cross-corpus-882,RobustScaler,Ridge,192,49,10,0.0458,3.9687,4.9898,0.0558,-0.2146,0.0474
1,emotion_induction_1,ALL_CONDITIONS,HRSD_6.1,HRSD6,cross-corpus-882,RobustScaler,Lasso,192,49,10,0.0431,3.9564,4.9884,0.0527,-0.214,0.0487
1,emotion_induction_1,ALL_CONDITIONS,HRSD_6.1,HRSD6,cross-corpus-882,RobustScaler,ElasticNet,192,49,10,0.0424,3.9645,4.9747,0.0523,-0.2073,0.0368
1,emotion_induction_1,ALL_CONDITIONS,HRSD_6.1,HRSD6,cross-corpus-882,RobustScaler,SVR,192,49,10,0.0236,3.9574,4.9434,0.031,-0.1922,-0.0065
1,emotion_induction_1,ALL_CONDITIONS,HRSD_6.1,HRSD6,cross-corpus-882,RobustScaler,KNN,192,49,10,-0.0486,4.3628,5.2015,-0.0619,-0.3199,-0.07
1,emotion_induction_1,ALL_CONDITIONS,HRSD_6.1,HRSD6,cross-corpus-882,RobustScaler,RF,192,49,10,0.1249,3.692,4.7196,0.1585,-0.0867,0.162
1,emotion_induction_1,ALL_CONDITIONS,HRSD_6.1,HRSD6,cross-corpus-882,RobustScaler,ET,192,49,10,0.1107,3.8047,4.8888,0.1309,-0.166,0.212
1,emotion_induction_1,ALL_CONDITIONS,HRSD_6.1,HRSD6,cross-corpus-882,RobustScaler,GB,192,49,10,0.1078,3.9687,5.0344,0.1213,-0.2365,0.0419
1,emotion_induction_1,ALL_CONDITIONS,HRSD_6.1,HRSD6,cross-corpus-882,RobustScaler,XGB,192,49,10,0.1267,4.0651,5.0688,0.1388,-0.2534,0.0326
1,emotion_induction_1,ALL_CONDITIONS,HRSD_6.1,HRSD6,cross-corpus-882,RobustScaler,MLP,192,49,10,0.0486,3.9842,5.1265,0.0557,-0.2821,0.0342
1,emotion_induction_1,ALL_CONDITIONS,HRSD_6.1,HRSD6,cross-corpus-882,RobustScaler,LGBM,192,49,10,0.1307,3.871,4.9897,0.147,-0.2146,0.1139
1,emotion_induction_1,ALL_CONDITIONS,HRSD_6.1,HRSD6,cross-corpus-882,RobustScaler,CatBoost,192,49,10,0.0868,3.83,4.8773,0.1061,-0.1605,0.0568
2,emotion_induction_1,ALL_CONDITIONS,HRSD_6.1,HRSD6,cross-corpus-882,StandardScaler,Ridge,193,48,10,-0.0171,4.8864,5.6213,-0.0205,-0.3334,0.0106
2,emotion_induction_1,ALL_CONDITIONS,HRSD_6.1,HRSD6,cross-corpus-882,StandardScaler,Lasso,193,48,10,-0.0207,4.9369,5.6646,-0.0244,-0.3541,0.0043
2,emotion_induction_1,ALL_CONDITIONS,HRSD_6.1,HRSD6,cross-corpus-882,StandardScaler,ElasticNet,193,48,10,-0.0123,4.8255,5.5598,-0.0151,-0.3044,0.0239
2,emotion_induction_1,ALL_CONDITIONS,HRSD_6.1,HRSD6,cross-corpus-882,StandardScaler,SVR,193,48,10,0.0409,4.6668,5.3422,0.0704,-0.2043,0.0845
2,emotion_induction_1,ALL_CONDITIONS,HRSD_6.1,HRSD6,cross-corpus-882,StandardScaler,KNN,193,48,10,-0.0808,4.8171,5.57,-0.1106,-0.3092,-0.0523
2,emotion_induction_1,ALL_CONDITIONS,HRSD_6.1,HRSD6,cross-corpus-882,StandardScaler,RF,193,48,10,0.023,4.5605,5.3058,0.0326,-0.188,0.0442
2,emotion_induction_1,ALL_CONDITIONS,HRSD_6.1,HRSD6,cross-corpus-882,StandardScaler,ET,193,48,10,-0.0546,4.7989,5.5526,-0.0734,-0.301,-0.0361
2,emotion_induction_1,ALL_CONDITIONS,HRSD_6.1,HRSD6,cross-corpus-882,StandardScaler,GB,193,48,10,0.0103,4.7382,5.6115,0.0122,-0.3288,0.0323
2,emotion_induction_1,ALL_CONDITIONS,HRSD_6.1,HRSD6,cross-corpus-882,StandardScaler,XGB,193,48,10,-0.0039,4.769,5.6607,-0.0047,-0.3522,0.0205
2,emotion_induction_1,ALL_CONDITIONS,HRSD_6.1,HRSD6,cross-corpus-882,StandardScaler,MLP,193,48,10,-0.0363,5.4611,6.7247,-0.0366,-0.9083,0.0159
2,emotion_induction_1,ALL_CONDITIONS,HRSD_6.1,HRSD6,cross-corpus-882,StandardScaler,LGBM,193,48,10,0.0705,4.5194,5.5602,0.081,-0.3046,0.06
2,emotion_induction_1,ALL_CONDITIONS,HRSD_6.1,HRSD6,cross-corpus-882,StandardScaler,CatBoost,193,48,10,0.0083,4.6659,5.46,0.011,-0.258,0.0362
2,emotion_induction_1,ALL_CONDITIONS,HRSD_6.1,HRSD6,cross-corpus-882,MinMaxScaler,Ridge,193,48,15,0.0439,4.4269,5.1439,0.066,-0.1166,0.1048
2,emotion_induction_1,ALL_CONDITIONS,HRSD_6.1,HRSD6,cross-corpus-882,MinMaxScaler,Lasso,193,48,15,0.0367,4.5683,5.2877,0.049,-0.1799,0.1011
2,emotion_induction_1,ALL_CONDITIONS,HRSD_6.1,HRSD6,cross-corpus-882,MinMaxScaler,ElasticNet,193,48,15,0.0469,4.3583,5.0756,0.0768,-0.0871,0.0993
2,emotion_induction_1,ALL_CONDITIONS,HRSD_6.1,HRSD6,cross-corpus-882,MinMaxScaler,SVR,193,48,15,0.1119,4.4267,5.1961,0.1493,-0.1393,0.1461
2,emotion_induction_1,ALL_CONDITIONS,HRSD_6.1,HRSD6,cross-corpus-882,MinMaxScaler,KNN,193,48,15,-0.1537,4.9917,5.9234,-0.2,-0.4806,-0.1472
2,emotion_induction_1,ALL_CONDITIONS,HRSD_6.1,HRSD6,cross-corpus-882,MinMaxScaler,RF,193,48,15,0.0086,4.5256,5.2959,0.0126,-0.1835,0.0389
2,emotion_induction_1,ALL_CONDITIONS,HRSD_6.1,HRSD6,cross-corpus-882,MinMaxScaler,ET,193,48,15,-0.0213,4.4964,5.2972,-0.0335,-0.1841,-0.011
2,emotion_induction_1,ALL_CONDITIONS,HRSD_6.1,HRSD6,cross-corpus-882,MinMaxScaler,GB,193,48,15,-0.0752,4.9873,5.9784,-0.0849,-0.5082,-0.0316
2,emotion_induction_1,ALL_CONDITIONS,HRSD_6.1,HRSD6,cross-corpus-882,MinMaxScaler,XGB,193,48,15,-0.1147,5.0694,6.0297,-0.1336,-0.5342,-0.1233
2,emotion_induction_1,ALL_CONDITIONS,HRSD_6.1,HRSD6,cross-corpus-882,MinMaxScaler,MLP,193,48,15,0.0845,4.676,5.4321,0.0975,-0.2452,0.1162
2,emotion_induction_1,ALL_CONDITIONS,HRSD_6.1,HRSD6,cross-corpus-882,MinMaxScaler,LGBM,193,48,15,-0.0686,4.891,5.8423,-0.0815,-0.4403,-0.1049
2,emotion_induction_1,ALL_CONDITIONS,HRSD_6.1,HRSD6,cross-corpus-882,MinMaxScaler,CatBoost,193,48,15,-0.0638,4.8425,5.7608,-0.0778,-0.4005,-0.0387
2,emotion_induction_1,ALL_CONDITIONS,HRSD_6.1,HRSD6,cross-corpus-882,RobustScaler,Ridge,193,48,15,0.0077,4.778,5.5666,0.0092,-0.3076,0.0782
2,emotion_induction_1,ALL_CONDITIONS,HRSD_6.1,HRSD6,cross-corpus-882,RobustScaler,Lasso,193,48,15,0.006,4.7059,5.4818,0.0075,-0.2681,0.0762
2,emotion_induction_1,ALL_CONDITIONS,HRSD_6.1,HRSD6,cross-corpus-882,RobustScaler,ElasticNet,193,48,15,0.01,4.7137,5.5063,0.0121,-0.2794,0.0723
2,emotion_induction_1,ALL_CONDITIONS,HRSD_6.1,HRSD6,cross-corpus-882,RobustScaler,SVR,193,48,15,0.0367,4.5682,5.3159,0.0621,-0.1925,0.0626
2,emotion_induction_1,ALL_CONDITIONS,HRSD_6.1,HRSD6,cross-corpus-882,RobustScaler,KNN,193,48,15,-0.021,4.7222,5.467,-0.03,-0.2612,-0.0
2,emotion_induction_1,ALL_CONDITIONS,HRSD_6.1,HRSD6,cross-corpus-882,RobustScaler,RF,193,48,15,0.001,4.6352,5.3882,0.0014,-0.2251,0.0571
2,emotion_induction_1,ALL_CONDITIONS,HRSD_6.1,HRSD6,cross-corpus-882,RobustScaler,ET,193,48,15,-0.012,4.6218,5.3657,-0.0172,-0.2149,0.0698
2,emotion_induction_1,ALL_CONDITIONS,HRSD_6.1,HRSD6,cross-corpus-882,RobustScaler,GB,193,48,15,-0.0323,4.833,5.7656,-0.0378,-0.4027,0.0233
2,emotion_induction_1,ALL_CONDITIONS,HRSD_6.1,HRSD6,cross-corpus-882,RobustScaler,XGB,193,48,15,-0.0383,4.8811,5.7729,-0.0452,-0.4063,0.0022
2,emotion_induction_1,ALL_CONDITIONS,HRSD_6.1,HRSD6,cross-corpus-882,RobustScaler,MLP,193,48,15,-0.0146,5.4573,6.8272,-0.0147,-0.9669,0.0043
2,emotion_induction_1,ALL_CONDITIONS,HRSD_6.1,HRSD6,cross-corpus-882,RobustScaler,LGBM,193,48,15,0.034,4.7151,5.699,0.0389,-0.3705,0.0466
2,emotion_induction_1,ALL_CONDITIONS,HRSD_6.1,HRSD6,cross-corpus-882,RobustScaler,CatBoost,193,48,15,-0.0593,4.8865,5.7708,-0.0708,-0.4053,-0.0167
3,emotion_induction_1,ALL_CONDITIONS,HRSD_6.1,HRSD6,cross-corpus-882,StandardScaler,Ridge,193,48,10,-0.0457,4.0893,5.1295,-0.0667,-0.2106,-0.0068
3,emotion_induction_1,ALL_CONDITIONS,HRSD_6.1,HRSD6,cross-corpus-882,StandardScaler,Lasso,193,48,10,0.0751,3.8384,4.6141,0.1661,0.0204,0.0939
3,emotion_induction_1,ALL_CONDITIONS,HRSD_6.1,HRSD6,cross-corpus-882,StandardScaler,ElasticNet,193,48,10,-0.0056,3.9972,4.9112,-0.0097,-0.1098,0.0288
3,emotion_induction_1,ALL_CONDITIONS,HRSD_6.1,HRSD6,cross-corpus-882,StandardScaler,SVR,193,48,10,0.0636,3.943,4.792,0.1083,-0.0565,0.0637
3,emotion_induction_1,ALL_CONDITIONS,HRSD_6.1,HRSD6,cross-corpus-882,StandardScaler,KNN,193,48,10,0.1391,3.8333,4.6411,0.2059,0.0089,0.1741
3,emotion_induction_1,ALL_CONDITIONS,HRSD_6.1,HRSD6,cross-corpus-882,StandardScaler,RF,193,48,10,0.0859,3.9381,4.6856,0.1464,-0.0101,0.1281
3,emotion_induction_1,ALL_CONDITIONS,HRSD_6.1,HRSD6,cross-corpus-882,StandardScaler,ET,193,48,10,0.1003,3.9391,4.8119,0.1385,-0.0653,0.1775
3,emotion_induction_1,ALL_CONDITIONS,HRSD_6.1,HRSD6,cross-corpus-882,StandardScaler,GB,193,48,10,-0.0017,4.1585,4.9736,-0.0027,-0.1381,-0.0024
3,emotion_induction_1,ALL_CONDITIONS,HRSD_6.1,HRSD6,cross-corpus-882,StandardScaler,XGB,193,48,10,0.0469,4.0498,4.8546,0.0749,-0.0843,0.0849
3,emotion_induction_1,ALL_CONDITIONS,HRSD_6.1,HRSD6,cross-corpus-882,StandardScaler,MLP,193,48,10,0.0042,3.9657,5.024,0.006,-0.1613,0.0626
3,emotion_induction_1,ALL_CONDITIONS,HRSD_6.1,HRSD6,cross-corpus-882,StandardScaler,LGBM,193,48,10,0.1042,4.0218,4.7067,0.1598,-0.0193,0.1467
3,emotion_induction_1,ALL_CONDITIONS,HRSD_6.1,HRSD6,cross-corpus-882,StandardScaler,CatBoost,193,48,10,0.0821,3.887,4.6678,0.1483,-0.0025,0.1776
3,emotion_induction_1,ALL_CONDITIONS,HRSD_6.1,HRSD6,cross-corpus-882,MinMaxScaler,Ridge,193,48,10,0.0011,4.0252,4.8951,0.0019,-0.1025,-0.0527
3,emotion_induction_1,ALL_CONDITIONS,HRSD_6.1,HRSD6,cross-corpus-882,MinMaxScaler,Lasso,193,48,10,0.0723,3.8515,4.6535,0.1457,0.0036,0.0946
3,emotion_induction_1,ALL_CONDITIONS,HRSD_6.1,HRSD6,cross-corpus-882,MinMaxScaler,ElasticNet,193,48,10,0.0627,3.8645,4.6715,0.1289,-0.0041,0.0816
3,emotion_induction_1,ALL_CONDITIONS,HRSD_6.1,HRSD6,cross-corpus-882,MinMaxScaler,SVR,193,48,10,0.0523,3.976,4.878,0.0884,-0.0948,0.0912
3,emotion_induction_1,ALL_CONDITIONS,HRSD_6.1,HRSD6,cross-corpus-882,MinMaxScaler,KNN,193,48,10,0.0893,3.9028,4.78,0.1338,-0.0512,0.1307
3,emotion_induction_1,ALL_CONDITIONS,HRSD_6.1,HRSD6,cross-corpus-882,MinMaxScaler,RF,193,48,10,0.146,3.8423,4.4948,0.2682,0.0704,0.2523
3,emotion_induction_1,ALL_CONDITIONS,HRSD_6.1,HRSD6,cross-corpus-882,MinMaxScaler,ET,193,48,10,0.1891,3.7201,4.4649,0.2954,0.0828,0.2803
3,emotion_induction_1,ALL_CONDITIONS,HRSD_6.1,HRSD6,cross-corpus-882,MinMaxScaler,GB,193,48,10,0.1105,3.8353,4.707,0.167,-0.0194,0.1071
3,emotion_induction_1,ALL_CONDITIONS,HRSD_6.1,HRSD6,cross-corpus-882,MinMaxScaler,XGB,193,48,10,0.1088,3.8591,4.6984,0.1706,-0.0157,0.0983
3,emotion_induction_1,ALL_CONDITIONS,HRSD_6.1,HRSD6,cross-corpus-882,MinMaxScaler,MLP,193,48,10,-0.0403,4.0998,5.1089,-0.0601,-0.2009,0.0175
3,emotion_induction_1,ALL_CONDITIONS,HRSD_6.1,HRSD6,cross-corpus-882,MinMaxScaler,LGBM,193,48,10,0.1874,3.7265,4.5482,0.2713,0.0482,0.2115
3,emotion_induction_1,ALL_CONDITIONS,HRSD_6.1,HRSD6,cross-corpus-882,MinMaxScaler,CatBoost,193,48,10,0.1658,3.7,4.4821,0.2833,0.0757,0.3063
3,emotion_induction_1,ALL_CONDITIONS,HRSD_6.1,HRSD6,cross-corpus-882,RobustScaler,Ridge,193,48,10,0.0377,3.9581,4.7644,0.0731,-0.0444,-0.0412
3,emotion_induction_1,ALL_CONDITIONS,HRSD_6.1,HRSD6,cross-corpus-882,RobustScaler,Lasso,193,48,10,0.0348,3.9661,4.7728,0.0674,-0.0481,-0.0453
3,emotion_induction_1,ALL_CONDITIONS,HRSD_6.1,HRSD6,cross-corpus-882,RobustScaler,ElasticNet,193,48,10,0.037,3.959,4.7658,0.0719,-0.045,-0.0394
3,emotion_induction_1,ALL_CONDITIONS,HRSD_6.1,HRSD6,cross-corpus-882,RobustScaler,SVR,193,48,10,0.0979,3.8455,4.7584,0.1687,-0.0418,0.1092
3,emotion_induction_1,ALL_CONDITIONS,HRSD_6.1,HRSD6,cross-corpus-882,RobustScaler,KNN,193,48,10,0.0802,3.9306,4.7754,0.122,-0.0492,0.1293
3,emotion_induction_1,ALL_CONDITIONS,HRSD_6.1,HRSD6,cross-corpus-882,RobustScaler,RF,193,48,10,0.1723,3.6476,4.4798,0.2842,0.0766,0.2038
3,emotion_induction_1,ALL_CONDITIONS,HRSD_6.1,HRSD6,cross-corpus-882,RobustScaler,ET,193,48,10,0.2103,3.754,4.5509,0.2813,0.0471,0.246
3,emotion_induction_1,ALL_CONDITIONS,HRSD_6.1,HRSD6,cross-corpus-882,RobustScaler,GB,193,48,10,0.1719,3.6839,4.8051,0.2079,-0.0623,0.1747
3,emotion_induction_1,ALL_CONDITIONS,HRSD_6.1,HRSD6,cross-corpus-882,RobustScaler,XGB,193,48,10,0.2795,3.4441,4.5361,0.3292,0.0533,0.2475
3,emotion_induction_1,ALL_CONDITIONS,HRSD_6.1,HRSD6,cross-corpus-882,RobustScaler,MLP,193,48,10,0.1212,3.7145,4.666,0.1875,-0.0017,0.1017
3,emotion_induction_1,ALL_CONDITIONS,HRSD_6.1,HRSD6,cross-corpus-882,RobustScaler,LGBM,193,48,10,0.2538,3.4113,4.4518,0.3356,0.0882,0.2863
3,emotion_induction_1,ALL_CONDITIONS,HRSD_6.1,HRSD6,cross-corpus-882,RobustScaler,CatBoost,193,48,10,0.1886,3.6436,4.4768,0.2939,0.0779,0.2555
4,emotion_induction_1,ALL_CONDITIONS,HRSD_6.1,HRSD6,cross-corpus-882,StandardScaler,Ridge,193,48,5,-0.0193,4.4667,5.3424,-0.0242,-0.3574,0.0227
4,emotion_induction_1,ALL_CONDITIONS,HRSD_6.1,HRSD6,cross-corpus-882,StandardScaler,Lasso,193,48,5,-0.0197,4.459,5.334,-0.0248,-0.3532,0.0227
4,emotion_induction_1,ALL_CONDITIONS,HRSD_6.1,HRSD6,cross-corpus-882,StandardScaler,ElasticNet,193,48,5,-0.0206,4.4518,5.3284,-0.026,-0.3503,0.0177
4,emotion_induction_1,ALL_CONDITIONS,HRSD_6.1,HRSD6,cross-corpus-882,StandardScaler,SVR,193,48,5,-0.0407,4.1387,5.0032,-0.0638,-0.1905,-0.0107
4,emotion_induction_1,ALL_CONDITIONS,HRSD_6.1,HRSD6,cross-corpus-882,StandardScaler,KNN,193,48,5,-0.098,4.45,5.2506,-0.149,-0.3112,-0.1412
4,emotion_induction_1,ALL_CONDITIONS,HRSD_6.1,HRSD6,cross-corpus-882,StandardScaler,RF,193,48,5,-0.0561,4.2055,5.098,-0.0859,-0.2361,-0.0263
4,emotion_induction_1,ALL_CONDITIONS,HRSD_6.1,HRSD6,cross-corpus-882,StandardScaler,ET,193,48,5,-0.0707,4.3258,5.0876,-0.1177,-0.231,-0.0941
4,emotion_induction_1,ALL_CONDITIONS,HRSD_6.1,HRSD6,cross-corpus-882,StandardScaler,GB,193,48,5,-0.0785,4.573,5.4638,-0.0975,-0.4198,-0.0412
4,emotion_induction_1,ALL_CONDITIONS,HRSD_6.1,HRSD6,cross-corpus-882,StandardScaler,XGB,193,48,5,-0.044,4.4008,5.2765,-0.0563,-0.3242,-0.0101
4,emotion_induction_1,ALL_CONDITIONS,HRSD_6.1,HRSD6,cross-corpus-882,StandardScaler,MLP,193,48,5,0.0357,4.0301,5.0364,0.0467,-0.2064,0.0707
4,emotion_induction_1,ALL_CONDITIONS,HRSD_6.1,HRSD6,cross-corpus-882,StandardScaler,LGBM,193,48,5,-0.0868,4.4577,5.3805,-0.1104,-0.3768,-0.0121
4,emotion_induction_1,ALL_CONDITIONS,HRSD_6.1,HRSD6,cross-corpus-882,StandardScaler,CatBoost,193,48,5,-0.0449,4.2287,5.0577,-0.0702,-0.2166,-0.0267
4,emotion_induction_1,ALL_CONDITIONS,HRSD_6.1,HRSD6,cross-corpus-882,MinMaxScaler,Ridge,193,48,5,-0.0644,4.385,5.1665,-0.0969,-0.2695,-0.0084
4,emotion_induction_1,ALL_CONDITIONS,HRSD_6.1,HRSD6,cross-corpus-882,MinMaxScaler,Lasso,193,48,5,-0.0603,4.4478,5.2407,-0.0837,-0.3062,-0.004
4,emotion_induction_1,ALL_CONDITIONS,HRSD_6.1,HRSD6,cross-corpus-882,MinMaxScaler,ElasticNet,193,48,5,-0.063,4.3458,5.1053,-0.1015,-0.2396,-0.0107
4,emotion_induction_1,ALL_CONDITIONS,HRSD_6.1,HRSD6,cross-corpus-882,MinMaxScaler,SVR,193,48,5,-0.0957,4.2682,5.1732,-0.1441,-0.2728,-0.0634
4,emotion_induction_1,ALL_CONDITIONS,HRSD_6.1,HRSD6,cross-corpus-882,MinMaxScaler,KNN,193,48,5,-0.0956,4.381,5.2251,-0.1399,-0.2985,-0.0853
4,emotion_induction_1,ALL_CONDITIONS,HRSD_6.1,HRSD6,cross-corpus-882,MinMaxScaler,RF,193,48,5,-0.0887,4.3527,5.1699,-0.1343,-0.2712,-0.0595
4,emotion_induction_1,ALL_CONDITIONS,HRSD_6.1,HRSD6,cross-corpus-882,MinMaxScaler,ET,193,48,5,-0.1327,4.4007,5.2973,-0.1935,-0.3346,-0.1154
4,emotion_induction_1,ALL_CONDITIONS,HRSD_6.1,HRSD6,cross-corpus-882,MinMaxScaler,GB,193,48,5,-0.1492,4.5954,5.5727,-0.1817,-0.477,-0.1763
4,emotion_induction_1,ALL_CONDITIONS,HRSD_6.1,HRSD6,cross-corpus-882,MinMaxScaler,XGB,193,48,5,-0.1161,4.5965,5.4308,-0.1483,-0.4027,-0.1207
4,emotion_induction_1,ALL_CONDITIONS,HRSD_6.1,HRSD6,cross-corpus-882,MinMaxScaler,MLP,193,48,5,-0.0444,4.1737,4.8418,-0.1187,-0.115,-0.0925
4,emotion_induction_1,ALL_CONDITIONS,HRSD_6.1,HRSD6,cross-corpus-882,MinMaxScaler,LGBM,193,48,5,-0.1318,4.6,5.4936,-0.1685,-0.4354,-0.0666
4,emotion_induction_1,ALL_CONDITIONS,HRSD_6.1,HRSD6,cross-corpus-882,MinMaxScaler,CatBoost,193,48,5,-0.1356,4.3964,5.3524,-0.1901,-0.3625,-0.1115
4,emotion_induction_1,ALL_CONDITIONS,HRSD_6.1,HRSD6,cross-corpus-882,RobustScaler,Ridge,193,48,5,-0.0018,4.2929,5.0659,-0.0028,-0.2205,-0.0024
4,emotion_induction_1,ALL_CONDITIONS,HRSD_6.1,HRSD6,cross-corpus-882,RobustScaler,Lasso,193,48,5,-0.002,4.2894,5.063,-0.0032,-0.2192,-0.0024
4,emotion_induction_1,ALL_CONDITIONS,HRSD_6.1,HRSD6,cross-corpus-882,RobustScaler,ElasticNet,193,48,5,-0.0041,4.28,5.0552,-0.0065,-0.2154,-0.0004
4,emotion_induction_1,ALL_CONDITIONS,HRSD_6.1,HRSD6,cross-corpus-882,RobustScaler,SVR,193,48,5,-0.0523,4.1579,5.0003,-0.0841,-0.1891,-0.0444
4,emotion_induction_1,ALL_CONDITIONS,HRSD_6.1,HRSD6,cross-corpus-882,RobustScaler,KNN,193,48,5,-0.0224,4.2976,5.1906,-0.0326,-0.2814,-0.0647
4,emotion_induction_1,ALL_CONDITIONS,HRSD_6.1,HRSD6,cross-corpus-882,RobustScaler,RF,193,48,5,-0.0223,4.2567,5.0047,-0.0379,-0.1912,-0.022
4,emotion_induction_1,ALL_CONDITIONS,HRSD_6.1,HRSD6,cross-corpus-882,RobustScaler,ET,193,48,5,-0.0153,4.3995,5.1336,-0.0231,-0.2534,-0.0134
4,emotion_induction_1,ALL_CONDITIONS,HRSD_6.1,HRSD6,cross-corpus-882,RobustScaler,GB,193,48,5,-0.1484,4.724,5.5733,-0.1963,-0.4773,-0.2399
4,emotion_induction_1,ALL_CONDITIONS,HRSD_6.1,HRSD6,cross-corpus-882,RobustScaler,XGB,193,48,5,-0.0314,4.5288,5.4295,-0.0381,-0.402,-0.0747
4,emotion_induction_1,ALL_CONDITIONS,HRSD_6.1,HRSD6,cross-corpus-882,RobustScaler,MLP,193,48,5,0.04,4.0335,4.9651,0.0561,-0.1725,0.0708
4,emotion_induction_1,ALL_CONDITIONS,HRSD_6.1,HRSD6,cross-corpus-882,RobustScaler,LGBM,193,48,5,-0.0317,4.3501,5.1945,-0.045,-0.2833,-0.0265
4,emotion_induction_1,ALL_CONDITIONS,HRSD_6.1,HRSD6,cross-corpus-882,RobustScaler,CatBoost,193,48,5,-0.0275,4.2139,4.9785,-0.049,-0.1788,-0.0645
5,emotion_induction_1,ALL_CONDITIONS,HRSD_6.1,HRSD6,cross-corpus-882,StandardScaler,Ridge,193,48,10,0.0653,4.2075,4.9666,0.1075,-0.0441,-0.0103
5,emotion_induction_1,ALL_CONDITIONS,HRSD_6.1,HRSD6,cross-corpus-882,StandardScaler,Lasso,193,48,10,0.0577,4.1968,4.9482,0.1014,-0.0364,-0.0208
5,emotion_induction_1,ALL_CONDITIONS,HRSD_6.1,HRSD6,cross-corpus-882,StandardScaler,ElasticNet,193,48,10,0.0607,4.205,4.9616,0.1028,-0.042,-0.0238
5,emotion_induction_1,ALL_CONDITIONS,HRSD_6.1,HRSD6,cross-corpus-882,StandardScaler,SVR,193,48,10,-0.023,4.3352,5.2635,-0.0368,-0.1727,-0.1098
5,emotion_induction_1,ALL_CONDITIONS,HRSD_6.1,HRSD6,cross-corpus-882,StandardScaler,KNN,193,48,10,-0.1602,4.7351,5.6446,-0.2342,-0.3487,-0.3215
5,emotion_induction_1,ALL_CONDITIONS,HRSD_6.1,HRSD6,cross-corpus-882,StandardScaler,RF,193,48,10,-0.0013,4.3755,5.1094,-0.0023,-0.105,-0.1399
5,emotion_induction_1,ALL_CONDITIONS,HRSD_6.1,HRSD6,cross-corpus-882,StandardScaler,ET,193,48,10,0.0223,4.6216,5.4046,0.0278,-0.2364,-0.1262
5,emotion_induction_1,ALL_CONDITIONS,HRSD_6.1,HRSD6,cross-corpus-882,StandardScaler,GB,193,48,10,0.1828,3.874,4.663,0.2942,0.0796,0.1185
5,emotion_induction_1,ALL_CONDITIONS,HRSD_6.1,HRSD6,cross-corpus-882,StandardScaler,XGB,193,48,10,0.2151,3.817,4.6133,0.3252,0.0991,0.1831
5,emotion_induction_1,ALL_CONDITIONS,HRSD_6.1,HRSD6,cross-corpus-882,StandardScaler,MLP,193,48,10,0.0816,4.207,5.0242,0.1206,-0.0685,-0.0406
5,emotion_induction_1,ALL_CONDITIONS,HRSD_6.1,HRSD6,cross-corpus-882,StandardScaler,LGBM,193,48,10,0.1108,4.1193,4.9841,0.1561,-0.0515,0.0176
5,emotion_induction_1,ALL_CONDITIONS,HRSD_6.1,HRSD6,cross-corpus-882,StandardScaler,CatBoost,193,48,10,0.0911,4.1472,4.8832,0.1548,-0.0094,-0.0107
5,emotion_induction_1,ALL_CONDITIONS,HRSD_6.1,HRSD6,cross-corpus-882,MinMaxScaler,Ridge,193,48,10,0.0653,4.2165,4.9836,0.1049,-0.0513,-0.0087
5,emotion_induction_1,ALL_CONDITIONS,HRSD_6.1,HRSD6,cross-corpus-882,MinMaxScaler,Lasso,193,48,10,0.0672,4.2159,4.9842,0.1074,-0.0516,-0.0001
5,emotion_induction_1,ALL_CONDITIONS,HRSD_6.1,HRSD6,cross-corpus-882,MinMaxScaler,ElasticNet,193,48,10,0.0623,4.206,4.9689,0.1036,-0.0451,-0.014
5,emotion_induction_1,ALL_CONDITIONS,HRSD_6.1,HRSD6,cross-corpus-882,MinMaxScaler,SVR,193,48,10,0.0642,4.2408,5.1216,0.0916,-0.1103,-0.016
5,emotion_induction_1,ALL_CONDITIONS,HRSD_6.1,HRSD6,cross-corpus-882,MinMaxScaler,KNN,193,48,10,-0.0386,4.5532,5.3656,-0.0545,-0.2186,-0.2299
5,emotion_induction_1,ALL_CONDITIONS,HRSD_6.1,HRSD6,cross-corpus-882,MinMaxScaler,RF,193,48,10,-0.0002,4.3894,5.2289,-0.0002,-0.1573,-0.167
5,emotion_induction_1,ALL_CONDITIONS,HRSD_6.1,HRSD6,cross-corpus-882,MinMaxScaler,ET,193,48,10,-0.0747,4.5986,5.4597,-0.1054,-0.2618,-0.225
5,emotion_induction_1,ALL_CONDITIONS,HRSD_6.1,HRSD6,cross-corpus-882,MinMaxScaler,GB,193,48,10,0.0483,4.238,5.1544,0.0683,-0.1246,-0.1235
5,emotion_induction_1,ALL_CONDITIONS,HRSD_6.1,HRSD6,cross-corpus-882,MinMaxScaler,XGB,193,48,10,0.0436,4.2428,5.1331,0.0642,-0.1153,-0.1133
5,emotion_induction_1,ALL_CONDITIONS,HRSD_6.1,HRSD6,cross-corpus-882,MinMaxScaler,MLP,193,48,10,-0.0138,4.331,5.1545,-0.0235,-0.1246,-0.0846
5,emotion_induction_1,ALL_CONDITIONS,HRSD_6.1,HRSD6,cross-corpus-882,MinMaxScaler,LGBM,193,48,10,0.1468,4.1569,4.886,0.2034,-0.0105,0.02
5,emotion_induction_1,ALL_CONDITIONS,HRSD_6.1,HRSD6,cross-corpus-882,MinMaxScaler,CatBoost,193,48,10,0.0185,4.3392,5.0939,0.0303,-0.0984,-0.1631
5,emotion_induction_1,ALL_CONDITIONS,HRSD_6.1,HRSD6,cross-corpus-882,RobustScaler,Ridge,193,48,5,0.0505,4.2368,5.0047,0.0836,-0.0602,-0.0169
5,emotion_induction_1,ALL_CONDITIONS,HRSD_6.1,HRSD6,cross-corpus-882,RobustScaler,Lasso,193,48,5,0.0511,4.2372,5.0055,0.0843,-0.0605,-0.0141
5,emotion_induction_1,ALL_CONDITIONS,HRSD_6.1,HRSD6,cross-corpus-882,RobustScaler,ElasticNet,193,48,5,0.0492,4.2316,4.9959,0.083,-0.0565,-0.0129
5,emotion_induction_1,ALL_CONDITIONS,HRSD_6.1,HRSD6,cross-corpus-882,RobustScaler,SVR,193,48,5,0.0793,4.1724,5.0988,0.1149,-0.1004,-0.0591
5,emotion_induction_1,ALL_CONDITIONS,HRSD_6.1,HRSD6,cross-corpus-882,RobustScaler,KNN,193,48,5,-0.0238,4.3393,5.1626,-0.0424,-0.1282,-0.195
5,emotion_induction_1,ALL_CONDITIONS,HRSD_6.1,HRSD6,cross-corpus-882,RobustScaler,RF,193,48,5,0.0555,4.1874,4.9139,0.1071,-0.0221,-0.0503
5,emotion_induction_1,ALL_CONDITIONS,HRSD_6.1,HRSD6,cross-corpus-882,RobustScaler,ET,193,48,5,0.0835,4.2811,5.0824,0.1156,-0.0934,-0.074
5,emotion_induction_1,ALL_CONDITIONS,HRSD_6.1,HRSD6,cross-corpus-882,RobustScaler,GB,193,48,5,0.0571,4.2181,5.0287,0.0936,-0.0704,0.0262
5,emotion_induction_1,ALL_CONDITIONS,HRSD_6.1,HRSD6,cross-corpus-882,RobustScaler,XGB,193,48,5,0.0481,4.2798,5.0773,0.0763,-0.0912,-0.0157
5,emotion_induction_1,ALL_CONDITIONS,HRSD_6.1,HRSD6,cross-corpus-882,RobustScaler,MLP,193,48,5,0.146,4.0947,4.8482,0.2155,0.005,-0.0031
5,emotion_induction_1,ALL_CONDITIONS,HRSD_6.1,HRSD6,cross-corpus-882,RobustScaler,LGBM,193,48,5,0.093,4.4391,5.1834,0.1188,-0.1373,0.0052
5,emotion_induction_1,ALL_CONDITIONS,HRSD_6.1,HRSD6,cross-corpus-882,RobustScaler,CatBoost,193,48,5,0.0958,4.0927,4.8576,0.1663,0.0012,-0.0135
1,emotion_induction_1,ALL_CONDITIONS,HRSD_17.1,HRSD17,cross-corpus-882,StandardScaler,Ridge,192,49,5,0.0074,6.9588,8.0992,0.0106,-0.1668,0.0371
1,emotion_induction_1,ALL_CONDITIONS,HRSD_17.1,HRSD17,cross-corpus-882,StandardScaler,Lasso,192,49,5,0.0107,6.9299,8.0621,0.0156,-0.1561,0.0395
1,emotion_induction_1,ALL_CONDITIONS,HRSD_17.1,HRSD17,cross-corpus-882,StandardScaler,ElasticNet,192,49,5,0.0091,6.9287,8.0525,0.0134,-0.1534,0.0342
1,emotion_induction_1,ALL_CONDITIONS,HRSD_17.1,HRSD17,cross-corpus-882,StandardScaler,SVR,192,49,5,0.029,6.7789,8.3152,0.0363,-0.2299,0.0861
1,emotion_induction_1,ALL_CONDITIONS,HRSD_17.1,HRSD17,cross-corpus-882,StandardScaler,KNN,192,49,5,0.0282,6.7483,8.0971,0.0388,-0.1662,0.0739
1,emotion_induction_1,ALL_CONDITIONS,HRSD_17.1,HRSD17,cross-corpus-882,StandardScaler,RF,192,49,5,0.0105,6.8211,7.9626,0.0167,-0.1278,0.0148
1,emotion_induction_1,ALL_CONDITIONS,HRSD_17.1,HRSD17,cross-corpus-882,StandardScaler,ET,192,49,5,-0.0348,7.5272,8.8555,-0.0408,-0.3949,-0.0748
1,emotion_induction_1,ALL_CONDITIONS,HRSD_17.1,HRSD17,cross-corpus-882,StandardScaler,GB,192,49,5,0.1632,6.6289,7.714,0.2088,-0.0585,0.186
1,emotion_induction_1,ALL_CONDITIONS,HRSD_17.1,HRSD17,cross-corpus-882,StandardScaler,XGB,192,49,5,0.0837,6.8668,7.8734,0.1181,-0.1027,0.1375
1,emotion_induction_1,ALL_CONDITIONS,HRSD_17.1,HRSD17,cross-corpus-882,StandardScaler,MLP,192,49,5,-0.0208,6.84,8.2677,-0.0285,-0.2159,0.0242
1,emotion_induction_1,ALL_CONDITIONS,HRSD_17.1,HRSD17,cross-corpus-882,StandardScaler,LGBM,192,49,5,0.0721,6.9496,7.9478,0.1028,-0.1236,0.0899
1,emotion_induction_1,ALL_CONDITIONS,HRSD_17.1,HRSD17,cross-corpus-882,StandardScaler,CatBoost,192,49,5,0.0544,6.6774,7.8648,0.0818,-0.1002,0.0858
1,emotion_induction_1,ALL_CONDITIONS,HRSD_17.1,HRSD17,cross-corpus-882,MinMaxScaler,Ridge,192,49,10,0.0089,6.9426,8.0361,0.0133,-0.1487,0.0435
1,emotion_induction_1,ALL_CONDITIONS,HRSD_17.1,HRSD17,cross-corpus-882,MinMaxScaler,Lasso,192,49,10,0.0266,6.6778,7.7835,0.0468,-0.0776,0.0797
1,emotion_induction_1,ALL_CONDITIONS,HRSD_17.1,HRSD17,cross-corpus-882,MinMaxScaler,ElasticNet,192,49,10,0.0109,6.9101,7.9986,0.0167,-0.138,0.0445
1,emotion_induction_1,ALL_CONDITIONS,HRSD_17.1,HRSD17,cross-corpus-882,MinMaxScaler,SVR,192,49,10,0.0215,6.6448,8.0049,0.0309,-0.1398,0.059
1,emotion_induction_1,ALL_CONDITIONS,HRSD_17.1,HRSD17,cross-corpus-882,MinMaxScaler,KNN,192,49,10,0.0074,6.8821,8.3274,0.0094,-0.2335,0.0117
1,emotion_induction_1,ALL_CONDITIONS,HRSD_17.1,HRSD17,cross-corpus-882,MinMaxScaler,RF,192,49,10,0.0616,6.8223,7.6981,0.1073,-0.0541,0.1361
1,emotion_induction_1,ALL_CONDITIONS,HRSD_17.1,HRSD17,cross-corpus-882,MinMaxScaler,ET,192,49,10,0.0994,6.9121,7.8828,0.1322,-0.1053,0.0499
1,emotion_induction_1,ALL_CONDITIONS,HRSD_17.1,HRSD17,cross-corpus-882,MinMaxScaler,GB,192,49,10,0.1456,6.6905,7.6507,0.1984,-0.0411,0.2104
1,emotion_induction_1,ALL_CONDITIONS,HRSD_17.1,HRSD17,cross-corpus-882,MinMaxScaler,XGB,192,49,10,0.1222,6.5435,7.6576,0.175,-0.043,0.1796
1,emotion_induction_1,ALL_CONDITIONS,HRSD_17.1,HRSD17,cross-corpus-882,MinMaxScaler,MLP,192,49,10,0.027,6.7168,7.7876,0.0469,-0.0787,0.063
1,emotion_induction_1,ALL_CONDITIONS,HRSD_17.1,HRSD17,cross-corpus-882,MinMaxScaler,LGBM,192,49,10,0.1047,6.8104,7.6919,0.163,-0.0524,0.1554
1,emotion_induction_1,ALL_CONDITIONS,HRSD_17.1,HRSD17,cross-corpus-882,MinMaxScaler,CatBoost,192,49,10,0.0856,6.5965,7.6328,0.1404,-0.0363,0.1367
1,emotion_induction_1,ALL_CONDITIONS,HRSD_17.1,HRSD17,cross-corpus-882,RobustScaler,Ridge,192,49,5,0.0238,6.8979,7.9778,0.0357,-0.1321,0.0623
1,emotion_induction_1,ALL_CONDITIONS,HRSD_17.1,HRSD17,cross-corpus-882,RobustScaler,Lasso,192,49,5,0.0226,6.8805,7.9613,0.0344,-0.1274,0.0512
1,emotion_induction_1,ALL_CONDITIONS,HRSD_17.1,HRSD17,cross-corpus-882,RobustScaler,ElasticNet,192,49,5,0.023,6.8686,7.9328,0.0357,-0.1193,0.0621
1,emotion_induction_1,ALL_CONDITIONS,HRSD_17.1,HRSD17,cross-corpus-882,RobustScaler,SVR,192,49,5,0.0358,6.5146,7.7466,0.0605,-0.0674,0.0631
1,emotion_induction_1,ALL_CONDITIONS,HRSD_17.1,HRSD17,cross-corpus-882,RobustScaler,KNN,192,49,5,-0.046,7.127,8.5149,-0.0587,-0.2896,-0.0612
1,emotion_induction_1,ALL_CONDITIONS,HRSD_17.1,HRSD17,cross-corpus-882,RobustScaler,RF,192,49,5,-0.0001,6.9831,8.0639,-0.0002,-0.1567,-0.0278
1,emotion_induction_1,ALL_CONDITIONS,HRSD_17.1,HRSD17,cross-corpus-882,RobustScaler,ET,192,49,5,-0.0434,7.3034,8.805,-0.0514,-0.379,-0.0061
1,emotion_induction_1,ALL_CONDITIONS,HRSD_17.1,HRSD17,cross-corpus-882,RobustScaler,GB,192,49,5,0.033,6.9112,8.0363,0.0469,-0.1487,0.0498
1,emotion_induction_1,ALL_CONDITIONS,HRSD_17.1,HRSD17,cross-corpus-882,RobustScaler,XGB,192,49,5,0.0166,7.0425,8.1263,0.0238,-0.1746,0.0097
1,emotion_induction_1,ALL_CONDITIONS,HRSD_17.1,HRSD17,cross-corpus-882,RobustScaler,MLP,192,49,5,-0.0078,7.0688,8.4149,-0.0099,-0.2595,0.0335
1,emotion_induction_1,ALL_CONDITIONS,HRSD_17.1,HRSD17,cross-corpus-882,RobustScaler,LGBM,192,49,5,0.0492,6.9721,8.1254,0.0674,-0.1744,0.0854
1,emotion_induction_1,ALL_CONDITIONS,HRSD_17.1,HRSD17,cross-corpus-882,RobustScaler,CatBoost,192,49,5,0.0314,6.7683,7.9019,0.0492,-0.1107,0.0565
2,emotion_induction_1,ALL_CONDITIONS,HRSD_17.1,HRSD17,cross-corpus-882,StandardScaler,Ridge,193,48,5,0.0712,7.3348,8.5866,0.0893,-0.1701,-0.0128
2,emotion_induction_1,ALL_CONDITIONS,HRSD_17.1,HRSD17,cross-corpus-882,StandardScaler,Lasso,193,48,5,0.073,7.3897,8.653,0.0893,-0.1882,-0.0141
2,emotion_induction_1,ALL_CONDITIONS,HRSD_17.1,HRSD17,cross-corpus-882,StandardScaler,ElasticNet,193,48,5,0.0694,7.2842,8.529,0.0893,-0.1544,-0.0138
2,emotion_induction_1,ALL_CONDITIONS,HRSD_17.1,HRSD17,cross-corpus-882,StandardScaler,SVR,193,48,5,-0.0518,7.6399,8.9313,-0.0889,-0.2659,-0.112
2,emotion_induction_1,ALL_CONDITIONS,HRSD_17.1,HRSD17,cross-corpus-882,StandardScaler,KNN,193,48,5,0.0289,7.5949,8.9165,0.036,-0.2617,-0.0304
2,emotion_induction_1,ALL_CONDITIONS,HRSD_17.1,HRSD17,cross-corpus-882,StandardScaler,RF,193,48,5,0.0246,7.3491,8.7934,0.0312,-0.2271,0.0117
2,emotion_induction_1,ALL_CONDITIONS,HRSD_17.1,HRSD17,cross-corpus-882,StandardScaler,ET,193,48,5,-0.0285,7.6476,9.2193,-0.0337,-0.3488,-0.0275
2,emotion_induction_1,ALL_CONDITIONS,HRSD_17.1,HRSD17,cross-corpus-882,StandardScaler,GB,193,48,5,-0.0104,7.6726,9.6108,-0.0114,-0.4658,0.0401
2,emotion_induction_1,ALL_CONDITIONS,HRSD_17.1,HRSD17,cross-corpus-882,StandardScaler,XGB,193,48,5,-0.025,7.6674,9.449,-0.0285,-0.4169,0.0347
2,emotion_induction_1,ALL_CONDITIONS,HRSD_17.1,HRSD17,cross-corpus-882,StandardScaler,MLP,193,48,5,0.1114,7.9947,9.776,0.1131,-0.5166,-0.0252
2,emotion_induction_1,ALL_CONDITIONS,HRSD_17.1,HRSD17,cross-corpus-882,StandardScaler,LGBM,193,48,5,0.0869,7.1881,8.7715,0.1014,-0.221,0.0656
2,emotion_induction_1,ALL_CONDITIONS,HRSD_17.1,HRSD17,cross-corpus-882,StandardScaler,CatBoost,193,48,5,0.0056,7.3865,8.8218,0.0073,-0.235,-0.0232
2,emotion_induction_1,ALL_CONDITIONS,HRSD_17.1,HRSD17,cross-corpus-882,MinMaxScaler,Ridge,193,48,15,0.0658,7.0219,8.3564,0.0931,-0.1082,0.0197
2,emotion_induction_1,ALL_CONDITIONS,HRSD_17.1,HRSD17,cross-corpus-882,MinMaxScaler,Lasso,193,48,15,0.076,7.2677,8.5444,0.0958,-0.1586,-0.0161
2,emotion_induction_1,ALL_CONDITIONS,HRSD_17.1,HRSD17,cross-corpus-882,MinMaxScaler,ElasticNet,193,48,15,0.0618,6.916,8.2885,0.0929,-0.0902,0.0198
2,emotion_induction_1,ALL_CONDITIONS,HRSD_17.1,HRSD17,cross-corpus-882,MinMaxScaler,SVR,193,48,15,0.0142,7.6006,9.1339,0.0179,-0.324,-0.0263
2,emotion_induction_1,ALL_CONDITIONS,HRSD_17.1,HRSD17,cross-corpus-882,MinMaxScaler,KNN,193,48,15,0.0516,7.2477,8.5983,0.068,-0.1732,-0.0108
2,emotion_induction_1,ALL_CONDITIONS,HRSD_17.1,HRSD17,cross-corpus-882,MinMaxScaler,RF,193,48,15,0.0503,6.9183,8.2995,0.0774,-0.0931,0.0503
2,emotion_induction_1,ALL_CONDITIONS,HRSD_17.1,HRSD17,cross-corpus-882,MinMaxScaler,ET,193,48,15,0.0194,6.9731,8.4596,0.0292,-0.1357,-0.02
2,emotion_induction_1,ALL_CONDITIONS,HRSD_17.1,HRSD17,cross-corpus-882,MinMaxScaler,GB,193,48,15,-0.0211,7.9386,9.7977,-0.023,-0.5234,-0.0213
2,emotion_induction_1,ALL_CONDITIONS,HRSD_17.1,HRSD17,cross-corpus-882,MinMaxScaler,XGB,193,48,15,-0.0029,7.805,9.7467,-0.0031,-0.5076,0.0553
2,emotion_induction_1,ALL_CONDITIONS,HRSD_17.1,HRSD17,cross-corpus-882,MinMaxScaler,MLP,193,48,15,0.0456,6.776,8.2448,0.078,-0.0788,0.0313
2,emotion_induction_1,ALL_CONDITIONS,HRSD_17.1,HRSD17,cross-corpus-882,MinMaxScaler,LGBM,193,48,15,0.0829,7.1776,8.6825,0.1024,-0.1963,0.1327
2,emotion_induction_1,ALL_CONDITIONS,HRSD_17.1,HRSD17,cross-corpus-882,MinMaxScaler,CatBoost,193,48,15,0.0545,6.9802,8.4639,0.0757,-0.1369,0.0629
2,emotion_induction_1,ALL_CONDITIONS,HRSD_17.1,HRSD17,cross-corpus-882,RobustScaler,Ridge,193,48,10,0.0952,7.221,8.545,0.1162,-0.1587,0.0005
2,emotion_induction_1,ALL_CONDITIONS,HRSD_17.1,HRSD17,cross-corpus-882,RobustScaler,Lasso,193,48,10,0.0771,7.2134,8.4908,0.0991,-0.1441,-0.002
2,emotion_induction_1,ALL_CONDITIONS,HRSD_17.1,HRSD17,cross-corpus-882,RobustScaler,ElasticNet,193,48,10,0.0921,7.148,8.45,0.117,-0.1331,0.0071
2,emotion_induction_1,ALL_CONDITIONS,HRSD_17.1,HRSD17,cross-corpus-882,RobustScaler,SVR,193,48,10,-0.0288,7.923,9.3577,-0.0344,-0.3897,-0.038
2,emotion_induction_1,ALL_CONDITIONS,HRSD_17.1,HRSD17,cross-corpus-882,RobustScaler,KNN,193,48,10,-0.0436,7.6944,9.017,-0.0572,-0.2903,-0.0741
2,emotion_induction_1,ALL_CONDITIONS,HRSD_17.1,HRSD17,cross-corpus-882,RobustScaler,RF,193,48,10,0.0096,7.4206,8.8396,0.0122,-0.24,0.0266
2,emotion_induction_1,ALL_CONDITIONS,HRSD_17.1,HRSD17,cross-corpus-882,RobustScaler,ET,193,48,10,-0.0306,7.6461,9.2636,-0.0361,-0.3618,-0.0471
2,emotion_induction_1,ALL_CONDITIONS,HRSD_17.1,HRSD17,cross-corpus-882,RobustScaler,GB,193,48,10,-0.0428,7.914,9.6569,-0.0478,-0.4799,0.017
2,emotion_induction_1,ALL_CONDITIONS,HRSD_17.1,HRSD17,cross-corpus-882,RobustScaler,XGB,193,48,10,-0.0771,8.5599,10.1568,-0.0842,-0.6371,-0.0427
2,emotion_induction_1,ALL_CONDITIONS,HRSD_17.1,HRSD17,cross-corpus-882,RobustScaler,MLP,193,48,10,0.1352,7.7365,9.3537,0.1396,-0.3884,-0.0015
2,emotion_induction_1,ALL_CONDITIONS,HRSD_17.1,HRSD17,cross-corpus-882,RobustScaler,LGBM,193,48,10,0.1421,7.0848,8.4865,0.1672,-0.1429,0.1327
2,emotion_induction_1,ALL_CONDITIONS,HRSD_17.1,HRSD17,cross-corpus-882,RobustScaler,CatBoost,193,48,10,0.0317,7.3054,8.718,0.041,-0.2061,0.0329
3,emotion_induction_1,ALL_CONDITIONS,HRSD_17.1,HRSD17,cross-corpus-882,StandardScaler,Ridge,193,48,10,-0.0801,7.0436,9.772,-0.0928,-0.4342,0.0241
3,emotion_induction_1,ALL_CONDITIONS,HRSD_17.1,HRSD17,cross-corpus-882,StandardScaler,Lasso,193,48,10,-0.077,7.0035,9.5345,-0.0944,-0.3653,0.0241
3,emotion_induction_1,ALL_CONDITIONS,HRSD_17.1,HRSD17,cross-corpus-882,StandardScaler,ElasticNet,193,48,10,-0.0584,6.9104,9.3136,-0.0749,-0.3028,0.0364
3,emotion_induction_1,ALL_CONDITIONS,HRSD_17.1,HRSD17,cross-corpus-882,StandardScaler,SVR,193,48,10,-0.0095,6.8545,8.5252,-0.0203,-0.0916,-0.0123
3,emotion_induction_1,ALL_CONDITIONS,HRSD_17.1,HRSD17,cross-corpus-882,StandardScaler,KNN,193,48,10,0.0396,6.9514,8.5596,0.0598,-0.1004,-0.0154
3,emotion_induction_1,ALL_CONDITIONS,HRSD_17.1,HRSD17,cross-corpus-882,StandardScaler,RF,193,48,10,0.1029,6.545,8.1457,0.1717,0.0034,0.0896
3,emotion_induction_1,ALL_CONDITIONS,HRSD_17.1,HRSD17,cross-corpus-882,StandardScaler,ET,193,48,10,0.0854,6.9815,8.6345,0.1104,-0.1197,0.0427
3,emotion_induction_1,ALL_CONDITIONS,HRSD_17.1,HRSD17,cross-corpus-882,StandardScaler,GB,193,48,10,0.0561,6.9448,8.6877,0.0751,-0.1336,0.0552
3,emotion_induction_1,ALL_CONDITIONS,HRSD_17.1,HRSD17,cross-corpus-882,StandardScaler,XGB,193,48,10,0.0632,6.7931,8.516,0.0912,-0.0892,0.0808
3,emotion_induction_1,ALL_CONDITIONS,HRSD_17.1,HRSD17,cross-corpus-882,StandardScaler,MLP,193,48,10,-0.0032,6.8155,8.8373,-0.0045,-0.173,0.0011
3,emotion_induction_1,ALL_CONDITIONS,HRSD_17.1,HRSD17,cross-corpus-882,StandardScaler,LGBM,193,48,10,0.1025,6.787,8.3574,0.1458,-0.049,0.101
3,emotion_induction_1,ALL_CONDITIONS,HRSD_17.1,HRSD17,cross-corpus-882,StandardScaler,CatBoost,193,48,10,0.1402,6.5334,8.0646,0.216,0.0232,0.182
3,emotion_induction_1,ALL_CONDITIONS,HRSD_17.1,HRSD17,cross-corpus-882,MinMaxScaler,Ridge,193,48,5,0.1006,6.2995,8.1269,0.181,0.008,0.1066
3,emotion_induction_1,ALL_CONDITIONS,HRSD_17.1,HRSD17,cross-corpus-882,MinMaxScaler,Lasso,193,48,5,0.098,6.3082,8.1189,0.1804,0.01,0.1064
3,emotion_induction_1,ALL_CONDITIONS,HRSD_17.1,HRSD17,cross-corpus-882,MinMaxScaler,ElasticNet,193,48,5,0.0809,6.3685,8.1119,0.1676,0.0117,0.1165
3,emotion_induction_1,ALL_CONDITIONS,HRSD_17.1,HRSD17,cross-corpus-882,MinMaxScaler,SVR,193,48,5,0.0994,6.4078,8.2079,0.1814,-0.0118,0.1719
3,emotion_induction_1,ALL_CONDITIONS,HRSD_17.1,HRSD17,cross-corpus-882,MinMaxScaler,KNN,193,48,5,0.021,6.7338,8.7032,0.0311,-0.1376,0.0069
3,emotion_induction_1,ALL_CONDITIONS,HRSD_17.1,HRSD17,cross-corpus-882,MinMaxScaler,RF,193,48,5,0.1366,6.2657,7.8116,0.2928,0.0835,0.2418
3,emotion_induction_1,ALL_CONDITIONS,HRSD_17.1,HRSD17,cross-corpus-882,MinMaxScaler,ET,193,48,5,0.07,6.3388,8.1811,0.1355,-0.0052,0.1427
3,emotion_induction_1,ALL_CONDITIONS,HRSD_17.1,HRSD17,cross-corpus-882,MinMaxScaler,GB,193,48,5,-0.0504,7.1667,8.8336,-0.0828,-0.172,-0.0977
3,emotion_induction_1,ALL_CONDITIONS,HRSD_17.1,HRSD17,cross-corpus-882,MinMaxScaler,XGB,193,48,5,0.0916,6.7408,8.3764,0.1339,-0.0538,0.1082
3,emotion_induction_1,ALL_CONDITIONS,HRSD_17.1,HRSD17,cross-corpus-882,MinMaxScaler,MLP,193,48,5,0.06,6.411,8.2669,0.1156,-0.0264,0.0888
3,emotion_induction_1,ALL_CONDITIONS,HRSD_17.1,HRSD17,cross-corpus-882,MinMaxScaler,LGBM,193,48,5,0.1143,6.5396,8.0391,0.2027,0.0294,0.1037
3,emotion_induction_1,ALL_CONDITIONS,HRSD_17.1,HRSD17,cross-corpus-882,MinMaxScaler,CatBoost,193,48,5,0.145,6.3241,7.8952,0.2584,0.0638,0.2049
3,emotion_induction_1,ALL_CONDITIONS,HRSD_17.1,HRSD17,cross-corpus-882,RobustScaler,Ridge,193,48,5,0.0832,6.3305,8.1012,0.1712,0.0143,0.1366
3,emotion_induction_1,ALL_CONDITIONS,HRSD_17.1,HRSD17,cross-corpus-882,RobustScaler,Lasso,193,48,5,0.083,6.3464,8.0991,0.1724,0.0148,0.147
3,emotion_induction_1,ALL_CONDITIONS,HRSD_17.1,HRSD17,cross-corpus-882,RobustScaler,ElasticNet,193,48,5,0.0789,6.348,8.1658,0.1509,-0.0015,0.0988
3,emotion_induction_1,ALL_CONDITIONS,HRSD_17.1,HRSD17,cross-corpus-882,RobustScaler,SVR,193,48,5,0.012,6.7169,8.3899,0.0285,-0.0572,0.0489
3,emotion_induction_1,ALL_CONDITIONS,HRSD_17.1,HRSD17,cross-corpus-882,RobustScaler,KNN,193,48,5,0.1509,6.6227,8.0382,0.2386,0.0296,0.2235
3,emotion_induction_1,ALL_CONDITIONS,HRSD_17.1,HRSD17,cross-corpus-882,RobustScaler,RF,193,48,5,0.0404,6.7253,8.3657,0.072,-0.0511,0.0513
3,emotion_induction_1,ALL_CONDITIONS,HRSD_17.1,HRSD17,cross-corpus-882,RobustScaler,ET,193,48,5,0.1591,6.696,8.2743,0.2088,-0.0283,0.1732
3,emotion_induction_1,ALL_CONDITIONS,HRSD_17.1,HRSD17,cross-corpus-882,RobustScaler,GB,193,48,5,0.0258,7.2986,8.8163,0.0348,-0.1674,-0.0279
3,emotion_induction_1,ALL_CONDITIONS,HRSD_17.1,HRSD17,cross-corpus-882,RobustScaler,XGB,193,48,5,0.0121,7.1848,8.8033,0.017,-0.164,0.0076
3,emotion_induction_1,ALL_CONDITIONS,HRSD_17.1,HRSD17,cross-corpus-882,RobustScaler,MLP,193,48,5,0.0903,6.3948,8.1849,0.1572,-0.0062,0.0602
3,emotion_induction_1,ALL_CONDITIONS,HRSD_17.1,HRSD17,cross-corpus-882,RobustScaler,LGBM,193,48,5,0.1029,6.888,8.4066,0.1429,-0.0614,0.1181
3,emotion_induction_1,ALL_CONDITIONS,HRSD_17.1,HRSD17,cross-corpus-882,RobustScaler,CatBoost,193,48,5,0.0715,6.74,8.2282,0.1291,-0.0168,0.0855
4,emotion_induction_1,ALL_CONDITIONS,HRSD_17.1,HRSD17,cross-corpus-882,StandardScaler,Ridge,193,48,10,0.0387,6.4129,7.7794,0.0568,-0.1555,0.0953
4,emotion_induction_1,ALL_CONDITIONS,HRSD_17.1,HRSD17,cross-corpus-882,StandardScaler,Lasso,193,48,10,0.0406,6.6453,8.132,0.0513,-0.2626,0.0897
4,emotion_induction_1,ALL_CONDITIONS,HRSD_17.1,HRSD17,cross-corpus-882,StandardScaler,ElasticNet,193,48,10,0.0395,6.647,8.1379,0.0499,-0.2644,0.0966
4,emotion_induction_1,ALL_CONDITIONS,HRSD_17.1,HRSD17,cross-corpus-882,StandardScaler,SVR,193,48,10,0.0652,6.4741,7.8957,0.0802,-0.1903,0.1402
4,emotion_induction_1,ALL_CONDITIONS,HRSD_17.1,HRSD17,cross-corpus-882,StandardScaler,KNN,193,48,10,0.0005,6.8542,8.4305,0.0006,-0.357,0.0722
4,emotion_induction_1,ALL_CONDITIONS,HRSD_17.1,HRSD17,cross-corpus-882,StandardScaler,RF,193,48,10,-0.0254,6.6906,7.9454,-0.0375,-0.2053,0.0223
4,emotion_induction_1,ALL_CONDITIONS,HRSD_17.1,HRSD17,cross-corpus-882,StandardScaler,ET,193,48,10,0.0496,6.3375,7.7101,0.0691,-0.135,0.1323
4,emotion_induction_1,ALL_CONDITIONS,HRSD_17.1,HRSD17,cross-corpus-882,StandardScaler,GB,193,48,10,-0.1648,7.1767,8.778,-0.2057,-0.4712,-0.1519
4,emotion_induction_1,ALL_CONDITIONS,HRSD_17.1,HRSD17,cross-corpus-882,StandardScaler,XGB,193,48,10,-0.137,7.0425,8.7551,-0.1665,-0.4635,-0.1256
4,emotion_induction_1,ALL_CONDITIONS,HRSD_17.1,HRSD17,cross-corpus-882,StandardScaler,MLP,193,48,10,0.0862,7.1494,8.5241,0.0957,-0.3873,0.1952
4,emotion_induction_1,ALL_CONDITIONS,HRSD_17.1,HRSD17,cross-corpus-882,StandardScaler,LGBM,193,48,10,0.0144,7.2651,8.49,0.0169,-0.3762,0.0892
4,emotion_induction_1,ALL_CONDITIONS,HRSD_17.1,HRSD17,cross-corpus-882,StandardScaler,CatBoost,193,48,10,-0.0442,6.696,8.2851,-0.0558,-0.3106,-0.0035
4,emotion_induction_1,ALL_CONDITIONS,HRSD_17.1,HRSD17,cross-corpus-882,MinMaxScaler,Ridge,193,48,15,0.0235,6.6406,8.2846,0.0292,-0.3105,0.0746
4,emotion_induction_1,ALL_CONDITIONS,HRSD_17.1,HRSD17,cross-corpus-882,MinMaxScaler,Lasso,193,48,15,0.0113,6.8465,8.516,0.0134,-0.3847,0.0664
4,emotion_induction_1,ALL_CONDITIONS,HRSD_17.1,HRSD17,cross-corpus-882,MinMaxScaler,ElasticNet,193,48,15,0.0364,6.5027,8.1108,0.0469,-0.2561,0.0891
4,emotion_induction_1,ALL_CONDITIONS,HRSD_17.1,HRSD17,cross-corpus-882,MinMaxScaler,SVR,193,48,15,0.0645,6.5125,8.1242,0.0767,-0.2602,0.1257
4,emotion_induction_1,ALL_CONDITIONS,HRSD_17.1,HRSD17,cross-corpus-882,MinMaxScaler,KNN,193,48,15,-0.0692,6.7894,8.2367,-0.1014,-0.2953,-0.1043
4,emotion_induction_1,ALL_CONDITIONS,HRSD_17.1,HRSD17,cross-corpus-882,MinMaxScaler,RF,193,48,15,0.0376,6.2292,7.6053,0.0604,-0.1044,0.069
4,emotion_induction_1,ALL_CONDITIONS,HRSD_17.1,HRSD17,cross-corpus-882,MinMaxScaler,ET,193,48,15,0.1154,6.0767,7.4297,0.1696,-0.054,0.1797
4,emotion_induction_1,ALL_CONDITIONS,HRSD_17.1,HRSD17,cross-corpus-882,MinMaxScaler,GB,193,48,15,0.0594,6.6819,8.2938,0.0668,-0.3134,-0.0118
4,emotion_induction_1,ALL_CONDITIONS,HRSD_17.1,HRSD17,cross-corpus-882,MinMaxScaler,XGB,193,48,15,-0.029,6.8752,8.3594,-0.0357,-0.3342,-0.0354
4,emotion_induction_1,ALL_CONDITIONS,HRSD_17.1,HRSD17,cross-corpus-882,MinMaxScaler,MLP,193,48,15,-0.0215,6.4754,7.8236,-0.0357,-0.1687,0.0434
4,emotion_induction_1,ALL_CONDITIONS,HRSD_17.1,HRSD17,cross-corpus-882,MinMaxScaler,LGBM,193,48,15,0.0233,6.7219,7.951,0.0301,-0.207,0.0246
4,emotion_induction_1,ALL_CONDITIONS,HRSD_17.1,HRSD17,cross-corpus-882,MinMaxScaler,CatBoost,193,48,15,0.0001,6.5386,8.0278,0.0002,-0.2305,-0.0166
4,emotion_induction_1,ALL_CONDITIONS,HRSD_17.1,HRSD17,cross-corpus-882,RobustScaler,Ridge,193,48,5,0.1311,6.0012,7.291,0.2091,-0.015,0.2118
4,emotion_induction_1,ALL_CONDITIONS,HRSD_17.1,HRSD17,cross-corpus-882,RobustScaler,Lasso,193,48,5,0.161,5.9207,7.3074,0.2352,-0.0196,0.2422
4,emotion_induction_1,ALL_CONDITIONS,HRSD_17.1,HRSD17,cross-corpus-882,RobustScaler,ElasticNet,193,48,5,0.1137,6.0406,7.2816,0.1938,-0.0124,0.201
4,emotion_induction_1,ALL_CONDITIONS,HRSD_17.1,HRSD17,cross-corpus-882,RobustScaler,SVR,193,48,5,0.1094,5.7846,7.1643,0.1938,0.02,0.1982
4,emotion_induction_1,ALL_CONDITIONS,HRSD_17.1,HRSD17,cross-corpus-882,RobustScaler,KNN,193,48,5,0.0764,6.3244,7.717,0.1,-0.137,0.1708
4,emotion_induction_1,ALL_CONDITIONS,HRSD_17.1,HRSD17,cross-corpus-882,RobustScaler,RF,193,48,5,0.0384,6.2005,7.5483,0.0642,-0.0879,0.0386
4,emotion_induction_1,ALL_CONDITIONS,HRSD_17.1,HRSD17,cross-corpus-882,RobustScaler,ET,193,48,5,0.0867,6.4864,7.7042,0.1119,-0.1333,0.106
4,emotion_induction_1,ALL_CONDITIONS,HRSD_17.1,HRSD17,cross-corpus-882,RobustScaler,GB,193,48,5,0.0222,6.3719,7.9532,0.0291,-0.2077,0.0427
4,emotion_induction_1,ALL_CONDITIONS,HRSD_17.1,HRSD17,cross-corpus-882,RobustScaler,XGB,193,48,5,0.0432,6.2354,7.8418,0.058,-0.1741,0.0758
4,emotion_induction_1,ALL_CONDITIONS,HRSD_17.1,HRSD17,cross-corpus-882,RobustScaler,MLP,193,48,5,0.2313,5.6903,7.2855,0.2851,-0.0134,0.2991
4,emotion_induction_1,ALL_CONDITIONS,HRSD_17.1,HRSD17,cross-corpus-882,RobustScaler,LGBM,193,48,5,0.0963,6.118,7.5982,0.1285,-0.1023,0.137
4,emotion_induction_1,ALL_CONDITIONS,HRSD_17.1,HRSD17,cross-corpus-882,RobustScaler,CatBoost,193,48,5,0.0403,6.1699,7.6793,0.0591,-0.126,0.0573
5,emotion_induction_1,ALL_CONDITIONS,HRSD_17.1,HRSD17,cross-corpus-882,StandardScaler,Ridge,193,48,5,-0.0436,6.508,8.0655,-0.0833,-0.1277,-0.1224
5,emotion_induction_1,ALL_CONDITIONS,HRSD_17.1,HRSD17,cross-corpus-882,StandardScaler,Lasso,193,48,5,-0.0371,6.5942,8.2519,-0.0578,-0.1804,-0.1127
5,emotion_induction_1,ALL_CONDITIONS,HRSD_17.1,HRSD17,cross-corpus-882,StandardScaler,ElasticNet,193,48,5,-0.0465,6.5793,8.2123,-0.0765,-0.1691,-0.1229
5,emotion_induction_1,ALL_CONDITIONS,HRSD_17.1,HRSD17,cross-corpus-882,StandardScaler,SVR,193,48,5,-0.011,6.3004,7.7225,-0.0786,-0.0338,-0.0915
5,emotion_induction_1,ALL_CONDITIONS,HRSD_17.1,HRSD17,cross-corpus-882,StandardScaler,KNN,193,48,5,-0.1482,7.6208,9.2997,-0.175,-0.4992,-0.1868
5,emotion_induction_1,ALL_CONDITIONS,HRSD_17.1,HRSD17,cross-corpus-882,StandardScaler,RF,193,48,5,-0.1087,6.852,8.6537,-0.1566,-0.2982,-0.1736
5,emotion_induction_1,ALL_CONDITIONS,HRSD_17.1,HRSD17,cross-corpus-882,StandardScaler,ET,193,48,5,-0.097,7.9665,9.4303,-0.1087,-0.5416,-0.1705
5,emotion_induction_1,ALL_CONDITIONS,HRSD_17.1,HRSD17,cross-corpus-882,StandardScaler,GB,193,48,5,-0.1627,7.3936,9.0629,-0.2178,-0.4238,-0.2276
5,emotion_induction_1,ALL_CONDITIONS,HRSD_17.1,HRSD17,cross-corpus-882,StandardScaler,XGB,193,48,5,-0.1535,7.2604,8.9534,-0.2119,-0.3896,-0.2292
5,emotion_induction_1,ALL_CONDITIONS,HRSD_17.1,HRSD17,cross-corpus-882,StandardScaler,MLP,193,48,5,-0.0394,6.6551,8.5105,-0.0564,-0.2555,-0.1067
5,emotion_induction_1,ALL_CONDITIONS,HRSD_17.1,HRSD17,cross-corpus-882,StandardScaler,LGBM,193,48,5,-0.0987,6.9561,8.8052,-0.1331,-0.344,-0.1239
5,emotion_induction_1,ALL_CONDITIONS,HRSD_17.1,HRSD17,cross-corpus-882,StandardScaler,CatBoost,193,48,5,-0.0869,6.7927,8.5418,-0.1269,-0.2648,-0.1761
5,emotion_induction_1,ALL_CONDITIONS,HRSD_17.1,HRSD17,cross-corpus-882,MinMaxScaler,Ridge,193,48,5,-0.0309,6.5569,8.1802,-0.05,-0.16,-0.1042
5,emotion_induction_1,ALL_CONDITIONS,HRSD_17.1,HRSD17,cross-corpus-882,MinMaxScaler,Lasso,193,48,5,-0.0165,6.4163,7.8953,-0.0354,-0.0806,-0.1314
5,emotion_induction_1,ALL_CONDITIONS,HRSD_17.1,HRSD17,cross-corpus-882,MinMaxScaler,ElasticNet,193,48,5,-0.0279,6.5329,8.1251,-0.047,-0.1444,-0.1002
5,emotion_induction_1,ALL_CONDITIONS,HRSD_17.1,HRSD17,cross-corpus-882,MinMaxScaler,SVR,193,48,5,0.0199,6.5188,7.9587,0.0369,-0.098,-0.1127
5,emotion_induction_1,ALL_CONDITIONS,HRSD_17.1,HRSD17,cross-corpus-882,MinMaxScaler,KNN,193,48,5,-0.1793,7.5995,9.303,-0.2189,-0.5003,-0.2634
5,emotion_induction_1,ALL_CONDITIONS,HRSD_17.1,HRSD17,cross-corpus-882,MinMaxScaler,RF,193,48,5,-0.0641,6.8357,8.4568,-0.0944,-0.2397,-0.1122
5,emotion_induction_1,ALL_CONDITIONS,HRSD_17.1,HRSD17,cross-corpus-882,MinMaxScaler,ET,193,48,5,-0.1715,7.182,9.2388,-0.2125,-0.4796,-0.2263
5,emotion_induction_1,ALL_CONDITIONS,HRSD_17.1,HRSD17,cross-corpus-882,MinMaxScaler,GB,193,48,5,-0.0946,7.3848,8.9366,-0.1192,-0.3844,-0.1135
5,emotion_induction_1,ALL_CONDITIONS,HRSD_17.1,HRSD17,cross-corpus-882,MinMaxScaler,XGB,193,48,5,-0.0745,7.188,8.7265,-0.0975,-0.3201,-0.1031
5,emotion_induction_1,ALL_CONDITIONS,HRSD_17.1,HRSD17,cross-corpus-882,MinMaxScaler,MLP,193,48,5,-0.0225,6.5297,8.205,-0.035,-0.167,-0.0896
5,emotion_induction_1,ALL_CONDITIONS,HRSD_17.1,HRSD17,cross-corpus-882,MinMaxScaler,LGBM,193,48,5,-0.0821,7.1593,8.8411,-0.1049,-0.355,-0.0813
5,emotion_induction_1,ALL_CONDITIONS,HRSD_17.1,HRSD17,cross-corpus-882,MinMaxScaler,CatBoost,193,48,5,-0.0703,6.9964,8.6375,-0.0954,-0.2933,-0.1117
5,emotion_induction_1,ALL_CONDITIONS,HRSD_17.1,HRSD17,cross-corpus-882,RobustScaler,Ridge,193,48,5,-0.0317,6.5222,8.0769,-0.0568,-0.1309,-0.1349
5,emotion_induction_1,ALL_CONDITIONS,HRSD_17.1,HRSD17,cross-corpus-882,RobustScaler,Lasso,193,48,5,-0.0301,6.4943,8.0367,-0.0563,-0.1196,-0.1426
5,emotion_induction_1,ALL_CONDITIONS,HRSD_17.1,HRSD17,cross-corpus-882,RobustScaler,ElasticNet,193,48,5,-0.032,6.4867,8.0268,-0.061,-0.1169,-0.1262
5,emotion_induction_1,ALL_CONDITIONS,HRSD_17.1,HRSD17,cross-corpus-882,RobustScaler,SVR,193,48,5,-0.0106,6.4404,7.9405,-0.0244,-0.093,-0.1528
5,emotion_induction_1,ALL_CONDITIONS,HRSD_17.1,HRSD17,cross-corpus-882,RobustScaler,KNN,193,48,5,-0.1804,7.5972,9.2989,-0.2206,-0.499,-0.2449
5,emotion_induction_1,ALL_CONDITIONS,HRSD_17.1,HRSD17,cross-corpus-882,RobustScaler,RF,193,48,5,-0.1124,6.8986,8.6728,-0.1627,-0.3039,-0.1866
5,emotion_induction_1,ALL_CONDITIONS,HRSD_17.1,HRSD17,cross-corpus-882,RobustScaler,ET,193,48,5,-0.1251,7.8815,9.4276,-0.1428,-0.5407,-0.1811
5,emotion_induction_1,ALL_CONDITIONS,HRSD_17.1,HRSD17,cross-corpus-882,RobustScaler,GB,193,48,5,-0.2153,7.6062,9.34,-0.2833,-0.5122,-0.3217
5,emotion_induction_1,ALL_CONDITIONS,HRSD_17.1,HRSD17,cross-corpus-882,RobustScaler,XGB,193,48,5,-0.1508,7.396,8.9868,-0.204,-0.4,-0.2487
5,emotion_induction_1,ALL_CONDITIONS,HRSD_17.1,HRSD17,cross-corpus-882,RobustScaler,MLP,193,48,5,0.0022,6.674,8.2575,0.0035,-0.182,-0.1409
5,emotion_induction_1,ALL_CONDITIONS,HRSD_17.1,HRSD17,cross-corpus-882,RobustScaler,LGBM,193,48,5,-0.0697,6.8202,8.677,-0.0938,-0.3051,-0.1302
5,emotion_induction_1,ALL_CONDITIONS,HRSD_17.1,HRSD17,cross-corpus-882,RobustScaler,CatBoost,193,48,5,-0.0962,6.8742,8.646,-0.1362,-0.2958,-0.191
1,emotion_induction_1,ALL_CONDITIONS,HRSD_21.1,HRSD21,cross-corpus-882,StandardScaler,Ridge,192,49,10,0.0803,7.6435,9.1043,0.0994,-0.1624,0.1068
1,emotion_induction_1,ALL_CONDITIONS,HRSD_21.1,HRSD21,cross-corpus-882,StandardScaler,Lasso,192,49,10,0.088,7.5495,8.8872,0.1164,-0.1076,0.1607
1,emotion_induction_1,ALL_CONDITIONS,HRSD_21.1,HRSD21,cross-corpus-882,StandardScaler,ElasticNet,192,49,10,0.0823,7.6091,9.0082,0.105,-0.138,0.1206
1,emotion_induction_1,ALL_CONDITIONS,HRSD_21.1,HRSD21,cross-corpus-882,StandardScaler,SVR,192,49,10,0.1117,7.0244,8.4585,0.1869,-0.0034,0.1752
1,emotion_induction_1,ALL_CONDITIONS,HRSD_21.1,HRSD21,cross-corpus-882,StandardScaler,KNN,192,49,10,0.2698,6.8041,8.4261,0.3053,0.0043,0.2973
1,emotion_induction_1,ALL_CONDITIONS,HRSD_21.1,HRSD21,cross-corpus-882,StandardScaler,RF,192,49,10,0.1199,6.9745,8.5038,0.177,-0.0141,0.1722
1,emotion_induction_1,ALL_CONDITIONS,HRSD_21.1,HRSD21,cross-corpus-882,StandardScaler,ET,192,49,10,0.1555,7.1535,8.5808,0.2024,-0.0326,0.2198
1,emotion_induction_1,ALL_CONDITIONS,HRSD_21.1,HRSD21,cross-corpus-882,StandardScaler,GB,192,49,10,0.1567,6.8532,8.5383,0.2062,-0.0224,0.2259
1,emotion_induction_1,ALL_CONDITIONS,HRSD_21.1,HRSD21,cross-corpus-882,StandardScaler,XGB,192,49,10,0.1059,6.8814,8.7264,0.1443,-0.0679,0.1476
1,emotion_induction_1,ALL_CONDITIONS,HRSD_21.1,HRSD21,cross-corpus-882,StandardScaler,MLP,192,49,10,0.0859,7.5876,9.1887,0.1027,-0.1841,0.1219
1,emotion_induction_1,ALL_CONDITIONS,HRSD_21.1,HRSD21,cross-corpus-882,StandardScaler,LGBM,192,49,10,0.1404,7.1502,8.662,0.1817,-0.0522,0.1711
1,emotion_induction_1,ALL_CONDITIONS,HRSD_21.1,HRSD21,cross-corpus-882,StandardScaler,CatBoost,192,49,10,0.1169,6.9942,8.5335,0.171,-0.0212,0.1847
1,emotion_induction_1,ALL_CONDITIONS,HRSD_21.1,HRSD21,cross-corpus-882,MinMaxScaler,Ridge,192,49,5,0.056,7.5408,8.9494,0.0772,-0.1232,0.0821
1,emotion_induction_1,ALL_CONDITIONS,HRSD_21.1,HRSD21,cross-corpus-882,MinMaxScaler,Lasso,192,49,5,0.0549,7.397,8.6847,0.09,-0.0578,0.0988
1,emotion_induction_1,ALL_CONDITIONS,HRSD_21.1,HRSD21,cross-corpus-882,MinMaxScaler,ElasticNet,192,49,5,0.0561,7.5049,8.8738,0.0804,-0.1043,0.0761
1,emotion_induction_1,ALL_CONDITIONS,HRSD_21.1,HRSD21,cross-corpus-882,MinMaxScaler,SVR,192,49,5,0.0778,7.2202,9.0819,0.0991,-0.1567,0.1014
1,emotion_induction_1,ALL_CONDITIONS,HRSD_21.1,HRSD21,cross-corpus-882,MinMaxScaler,KNN,192,49,5,0.1865,7.1156,8.6286,0.2255,-0.0441,0.1931
1,emotion_induction_1,ALL_CONDITIONS,HRSD_21.1,HRSD21,cross-corpus-882,MinMaxScaler,RF,192,49,5,0.1115,7.1723,8.5026,0.1719,-0.0139,0.1427
1,emotion_induction_1,ALL_CONDITIONS,HRSD_21.1,HRSD21,cross-corpus-882,MinMaxScaler,ET,192,49,5,0.1246,6.9816,8.7851,0.1614,-0.0824,0.1559
1,emotion_induction_1,ALL_CONDITIONS,HRSD_21.1,HRSD21,cross-corpus-882,MinMaxScaler,GB,192,49,5,0.0915,7.745,9.029,0.1171,-0.1433,0.107
1,emotion_induction_1,ALL_CONDITIONS,HRSD_21.1,HRSD21,cross-corpus-882,MinMaxScaler,XGB,192,49,5,0.0926,7.6593,8.9753,0.1178,-0.1297,0.0859
1,emotion_induction_1,ALL_CONDITIONS,HRSD_21.1,HRSD21,cross-corpus-882,MinMaxScaler,MLP,192,49,5,0.0743,7.2561,8.8497,0.1024,-0.0983,0.1159
1,emotion_induction_1,ALL_CONDITIONS,HRSD_21.1,HRSD21,cross-corpus-882,MinMaxScaler,LGBM,192,49,5,0.0844,7.6504,8.8745,0.1181,-0.1045,0.1076
1,emotion_induction_1,ALL_CONDITIONS,HRSD_21.1,HRSD21,cross-corpus-882,MinMaxScaler,CatBoost,192,49,5,0.0572,7.4289,8.9416,0.0792,-0.1213,0.1087
1,emotion_induction_1,ALL_CONDITIONS,HRSD_21.1,HRSD21,cross-corpus-882,RobustScaler,Ridge,192,49,10,0.0899,7.617,9.0262,0.1123,-0.1426,0.0917
1,emotion_induction_1,ALL_CONDITIONS,HRSD_21.1,HRSD21,cross-corpus-882,RobustScaler,Lasso,192,49,10,0.0916,7.6097,9.0091,0.1147,-0.1383,0.0844
1,emotion_induction_1,ALL_CONDITIONS,HRSD_21.1,HRSD21,cross-corpus-882,RobustScaler,ElasticNet,192,49,10,0.0934,7.5904,8.9664,0.1183,-0.1275,0.0939
1,emotion_induction_1,ALL_CONDITIONS,HRSD_21.1,HRSD21,cross-corpus-882,RobustScaler,SVR,192,49,10,0.138,7.3304,8.928,0.1649,-0.1179,0.1519
1,emotion_induction_1,ALL_CONDITIONS,HRSD_21.1,HRSD21,cross-corpus-882,RobustScaler,KNN,192,49,10,0.1911,7.3673,9.0178,0.2108,-0.1404,0.2052
1,emotion_induction_1,ALL_CONDITIONS,HRSD_21.1,HRSD21,cross-corpus-882,RobustScaler,RF,192,49,10,0.1486,6.9245,8.4481,0.2085,-0.0009,0.2001
1,emotion_induction_1,ALL_CONDITIONS,HRSD_21.1,HRSD21,cross-corpus-882,RobustScaler,ET,192,49,10,0.2016,6.8698,8.3565,0.2598,0.0207,0.2912
1,emotion_induction_1,ALL_CONDITIONS,HRSD_21.1,HRSD21,cross-corpus-882,RobustScaler,GB,192,49,10,0.1828,7.1039,8.8951,0.2075,-0.1096,0.1915
1,emotion_induction_1,ALL_CONDITIONS,HRSD_21.1,HRSD21,cross-corpus-882,RobustScaler,XGB,192,49,10,0.1461,7.0572,8.5108,0.1998,-0.0158,0.149
1,emotion_induction_1,ALL_CONDITIONS,HRSD_21.1,HRSD21,cross-corpus-882,RobustScaler,MLP,192,49,10,0.1287,7.3548,8.859,0.1598,-0.1006,0.1284
1,emotion_induction_1,ALL_CONDITIONS,HRSD_21.1,HRSD21,cross-corpus-882,RobustScaler,LGBM,192,49,10,0.1239,7.2658,8.6888,0.164,-0.0588,0.1212
1,emotion_induction_1,ALL_CONDITIONS,HRSD_21.1,HRSD21,cross-corpus-882,RobustScaler,CatBoost,192,49,10,0.1242,7.0817,8.4302,0.1905,0.0033,0.2092
2,emotion_induction_1,ALL_CONDITIONS,HRSD_21.1,HRSD21,cross-corpus-882,StandardScaler,Ridge,193,48,10,-0.002,9.031,10.7961,-0.0023,-0.3888,-0.0845
2,emotion_induction_1,ALL_CONDITIONS,HRSD_21.1,HRSD21,cross-corpus-882,StandardScaler,Lasso,193,48,10,0.0372,8.2852,9.9076,0.0511,-0.1696,-0.0258
2,emotion_induction_1,ALL_CONDITIONS,HRSD_21.1,HRSD21,cross-corpus-882,StandardScaler,ElasticNet,193,48,10,0.0297,8.2473,9.8788,0.0422,-0.1629,-0.0492
2,emotion_induction_1,ALL_CONDITIONS,HRSD_21.1,HRSD21,cross-corpus-882,StandardScaler,SVR,193,48,10,-0.013,8.2999,10.0745,-0.0267,-0.2094,-0.0277
2,emotion_induction_1,ALL_CONDITIONS,HRSD_21.1,HRSD21,cross-corpus-882,StandardScaler,KNN,193,48,10,0.0268,8.1713,9.9394,0.0406,-0.1772,0.0154
2,emotion_induction_1,ALL_CONDITIONS,HRSD_21.1,HRSD21,cross-corpus-882,StandardScaler,RF,193,48,10,0.1343,7.5882,9.2436,0.2037,-0.0181,0.1846
2,emotion_induction_1,ALL_CONDITIONS,HRSD_21.1,HRSD21,cross-corpus-882,StandardScaler,ET,193,48,10,0.1425,7.2754,9.3046,0.203,-0.0316,0.1859
2,emotion_induction_1,ALL_CONDITIONS,HRSD_21.1,HRSD21,cross-corpus-882,StandardScaler,GB,193,48,10,0.1011,7.9544,9.5848,0.1365,-0.0947,0.0703
2,emotion_induction_1,ALL_CONDITIONS,HRSD_21.1,HRSD21,cross-corpus-882,StandardScaler,XGB,193,48,10,0.1037,7.88,9.587,0.1413,-0.0952,0.099
2,emotion_induction_1,ALL_CONDITIONS,HRSD_21.1,HRSD21,cross-corpus-882,StandardScaler,MLP,193,48,10,0.0673,9.1637,11.3616,0.0702,-0.5381,-0.0083
2,emotion_induction_1,ALL_CONDITIONS,HRSD_21.1,HRSD21,cross-corpus-882,StandardScaler,LGBM,193,48,10,0.1273,7.8625,9.5402,0.1685,-0.0845,0.1106
2,emotion_induction_1,ALL_CONDITIONS,HRSD_21.1,HRSD21,cross-corpus-882,StandardScaler,CatBoost,193,48,10,0.1375,7.5763,9.2399,0.2141,-0.0173,0.1762
2,emotion_induction_1,ALL_CONDITIONS,HRSD_21.1,HRSD21,cross-corpus-882,MinMaxScaler,Ridge,193,48,5,0.0362,8.2573,9.8178,0.0516,-0.1485,-0.033
2,emotion_induction_1,ALL_CONDITIONS,HRSD_21.1,HRSD21,cross-corpus-882,MinMaxScaler,Lasso,193,48,5,0.0359,8.2234,9.7914,0.0519,-0.1424,-0.0324
2,emotion_induction_1,ALL_CONDITIONS,HRSD_21.1,HRSD21,cross-corpus-882,MinMaxScaler,ElasticNet,193,48,5,0.0296,8.0719,9.6699,0.0475,-0.1142,-0.0241
2,emotion_induction_1,ALL_CONDITIONS,HRSD_21.1,HRSD21,cross-corpus-882,MinMaxScaler,SVR,193,48,5,-0.0196,9.0104,10.9871,-0.0239,-0.4384,-0.0914
2,emotion_induction_1,ALL_CONDITIONS,HRSD_21.1,HRSD21,cross-corpus-882,MinMaxScaler,KNN,193,48,5,0.0108,8.5357,10.5726,0.0132,-0.3319,-0.0194
2,emotion_induction_1,ALL_CONDITIONS,HRSD_21.1,HRSD21,cross-corpus-882,MinMaxScaler,RF,193,48,5,0.1161,7.4432,8.9925,0.2477,0.0364,0.1778
2,emotion_induction_1,ALL_CONDITIONS,HRSD_21.1,HRSD21,cross-corpus-882,MinMaxScaler,ET,193,48,5,0.0883,7.8401,9.3871,0.1466,-0.05,0.1284
2,emotion_induction_1,ALL_CONDITIONS,HRSD_21.1,HRSD21,cross-corpus-882,MinMaxScaler,GB,193,48,5,0.1912,7.4837,9.0363,0.2762,0.027,0.1286
2,emotion_induction_1,ALL_CONDITIONS,HRSD_21.1,HRSD21,cross-corpus-882,MinMaxScaler,XGB,193,48,5,0.1845,7.4226,9.0175,0.2851,0.0311,0.2032
2,emotion_induction_1,ALL_CONDITIONS,HRSD_21.1,HRSD21,cross-corpus-882,MinMaxScaler,MLP,193,48,5,0.0218,8.0013,9.7131,0.035,-0.1242,-0.0291
2,emotion_induction_1,ALL_CONDITIONS,HRSD_21.1,HRSD21,cross-corpus-882,MinMaxScaler,LGBM,193,48,5,0.1371,7.6345,9.217,0.2089,-0.0123,0.2129
2,emotion_induction_1,ALL_CONDITIONS,HRSD_21.1,HRSD21,cross-corpus-882,MinMaxScaler,CatBoost,193,48,5,0.0748,7.7444,9.3494,0.1389,-0.0416,0.0906
2,emotion_induction_1,ALL_CONDITIONS,HRSD_21.1,HRSD21,cross-corpus-882,RobustScaler,Ridge,193,48,5,0.0261,7.9181,9.5116,0.0518,-0.078,0.0002
2,emotion_induction_1,ALL_CONDITIONS,HRSD_21.1,HRSD21,cross-corpus-882,RobustScaler,Lasso,193,48,5,0.0182,7.9726,9.5513,0.0359,-0.087,-0.0106
2,emotion_induction_1,ALL_CONDITIONS,HRSD_21.1,HRSD21,cross-corpus-882,RobustScaler,ElasticNet,193,48,5,0.0243,7.9209,9.5084,0.049,-0.0773,0.008
2,emotion_induction_1,ALL_CONDITIONS,HRSD_21.1,HRSD21,cross-corpus-882,RobustScaler,SVR,193,48,5,0.0028,8.3419,9.9621,0.0056,-0.1826,-0.0292
2,emotion_induction_1,ALL_CONDITIONS,HRSD_21.1,HRSD21,cross-corpus-882,RobustScaler,KNN,193,48,5,-0.0087,8.6157,10.3616,-0.0114,-0.2793,-0.0422
2,emotion_induction_1,ALL_CONDITIONS,HRSD_21.1,HRSD21,cross-corpus-882,RobustScaler,RF,193,48,5,-0.1049,8.6649,10.5007,-0.1615,-0.3139,-0.1852
2,emotion_induction_1,ALL_CONDITIONS,HRSD_21.1,HRSD21,cross-corpus-882,RobustScaler,ET,193,48,5,-0.2166,9.2892,11.6366,-0.268,-0.6135,-0.3104
2,emotion_induction_1,ALL_CONDITIONS,HRSD_21.1,HRSD21,cross-corpus-882,RobustScaler,GB,193,48,5,-0.0336,8.2744,10.5605,-0.0429,-0.3289,-0.0409
2,emotion_induction_1,ALL_CONDITIONS,HRSD_21.1,HRSD21,cross-corpus-882,RobustScaler,XGB,193,48,5,-0.0692,8.5581,10.6177,-0.0942,-0.3433,-0.0753
2,emotion_induction_1,ALL_CONDITIONS,HRSD_21.1,HRSD21,cross-corpus-882,RobustScaler,MLP,193,48,5,0.0092,8.5298,10.1938,0.0126,-0.2382,-0.0531
2,emotion_induction_1,ALL_CONDITIONS,HRSD_21.1,HRSD21,cross-corpus-882,RobustScaler,LGBM,193,48,5,0.0461,8.0675,10.0827,0.0604,-0.2114,0.0468
2,emotion_induction_1,ALL_CONDITIONS,HRSD_21.1,HRSD21,cross-corpus-882,RobustScaler,CatBoost,193,48,5,-0.0332,8.3759,10.1513,-0.0491,-0.2279,-0.058
3,emotion_induction_1,ALL_CONDITIONS,HRSD_21.1,HRSD21,cross-corpus-882,StandardScaler,Ridge,193,48,5,-0.2039,8.6191,12.2362,-0.2137,-0.8827,-0.2101
3,emotion_induction_1,ALL_CONDITIONS,HRSD_21.1,HRSD21,cross-corpus-882,StandardScaler,Lasso,193,48,5,-0.209,8.8196,13.0297,-0.2124,-1.1348,-0.2213
3,emotion_induction_1,ALL_CONDITIONS,HRSD_21.1,HRSD21,cross-corpus-882,StandardScaler,ElasticNet,193,48,5,-0.1977,8.4965,11.7542,-0.215,-0.7373,-0.2078
3,emotion_induction_1,ALL_CONDITIONS,HRSD_21.1,HRSD21,cross-corpus-882,StandardScaler,SVR,193,48,5,-0.1042,8.3096,10.0076,-0.1691,-0.2593,-0.1859
3,emotion_induction_1,ALL_CONDITIONS,HRSD_21.1,HRSD21,cross-corpus-882,StandardScaler,KNN,193,48,5,-0.0748,8.037,9.7406,-0.1255,-0.193,-0.1158
3,emotion_induction_1,ALL_CONDITIONS,HRSD_21.1,HRSD21,cross-corpus-882,StandardScaler,RF,193,48,5,0.0511,7.4332,9.1216,0.088,-0.0462,0.0846
3,emotion_induction_1,ALL_CONDITIONS,HRSD_21.1,HRSD21,cross-corpus-882,StandardScaler,ET,193,48,5,-0.0052,8.1817,9.9357,-0.0066,-0.2413,0.0047
3,emotion_induction_1,ALL_CONDITIONS,HRSD_21.1,HRSD21,cross-corpus-882,StandardScaler,GB,193,48,5,0.0392,7.8911,9.7947,0.0487,-0.2063,0.106
3,emotion_induction_1,ALL_CONDITIONS,HRSD_21.1,HRSD21,cross-corpus-882,StandardScaler,XGB,193,48,5,0.0633,7.6627,9.4428,0.0855,-0.1212,0.1581
3,emotion_induction_1,ALL_CONDITIONS,HRSD_21.1,HRSD21,cross-corpus-882,StandardScaler,MLP,193,48,5,-0.1744,8.7054,12.0711,-0.1818,-0.8322,-0.0784
3,emotion_induction_1,ALL_CONDITIONS,HRSD_21.1,HRSD21,cross-corpus-882,StandardScaler,LGBM,193,48,5,0.0711,7.3918,9.066,0.1183,-0.0335,0.1903
3,emotion_induction_1,ALL_CONDITIONS,HRSD_21.1,HRSD21,cross-corpus-882,StandardScaler,CatBoost,193,48,5,0.0679,7.5843,9.2435,0.1002,-0.0744,0.1641
3,emotion_induction_1,ALL_CONDITIONS,HRSD_21.1,HRSD21,cross-corpus-882,MinMaxScaler,Ridge,193,48,15,0.0423,7.2014,9.178,0.0763,-0.0592,0.0843
3,emotion_induction_1,ALL_CONDITIONS,HRSD_21.1,HRSD21,cross-corpus-882,MinMaxScaler,Lasso,193,48,15,0.0821,7.0897,8.7363,0.2155,0.0403,0.2157
3,emotion_induction_1,ALL_CONDITIONS,HRSD_21.1,HRSD21,cross-corpus-882,MinMaxScaler,ElasticNet,193,48,15,0.0536,7.1562,9.0484,0.106,-0.0295,0.0984
3,emotion_induction_1,ALL_CONDITIONS,HRSD_21.1,HRSD21,cross-corpus-882,MinMaxScaler,SVR,193,48,15,0.0443,7.3318,9.2324,0.1058,-0.0718,0.1208
3,emotion_induction_1,ALL_CONDITIONS,HRSD_21.1,HRSD21,cross-corpus-882,MinMaxScaler,KNN,193,48,15,0.0506,7.625,9.3683,0.0729,-0.1036,0.0736
3,emotion_induction_1,ALL_CONDITIONS,HRSD_21.1,HRSD21,cross-corpus-882,MinMaxScaler,RF,193,48,15,0.1357,7.0714,8.5931,0.2685,0.0715,0.2306
3,emotion_induction_1,ALL_CONDITIONS,HRSD_21.1,HRSD21,cross-corpus-882,MinMaxScaler,ET,193,48,15,0.1578,7.0391,8.6873,0.2513,0.051,0.2625
3,emotion_induction_1,ALL_CONDITIONS,HRSD_21.1,HRSD21,cross-corpus-882,MinMaxScaler,GB,193,48,15,0.1335,7.2127,8.864,0.2043,0.012,0.2383
3,emotion_induction_1,ALL_CONDITIONS,HRSD_21.1,HRSD21,cross-corpus-882,MinMaxScaler,XGB,193,48,15,0.1132,7.4102,9.0522,0.1644,-0.0304,0.2121
3,emotion_induction_1,ALL_CONDITIONS,HRSD_21.1,HRSD21,cross-corpus-882,MinMaxScaler,MLP,193,48,15,-0.0178,7.5474,9.5893,-0.029,-0.1563,0.0325
3,emotion_induction_1,ALL_CONDITIONS,HRSD_21.1,HRSD21,cross-corpus-882,MinMaxScaler,LGBM,193,48,15,0.1208,7.4415,9.0704,0.1715,-0.0345,0.1635
3,emotion_induction_1,ALL_CONDITIONS,HRSD_21.1,HRSD21,cross-corpus-882,MinMaxScaler,CatBoost,193,48,15,0.1747,6.8313,8.422,0.3343,0.1081,0.3172
3,emotion_induction_1,ALL_CONDITIONS,HRSD_21.1,HRSD21,cross-corpus-882,RobustScaler,Ridge,193,48,15,-0.0673,7.6988,10.1603,-0.0882,-0.2981,0.0566
3,emotion_induction_1,ALL_CONDITIONS,HRSD_21.1,HRSD21,cross-corpus-882,RobustScaler,Lasso,193,48,15,-0.1447,8.4654,12.8327,-0.1456,-1.0707,-0.057
3,emotion_induction_1,ALL_CONDITIONS,HRSD_21.1,HRSD21,cross-corpus-882,RobustScaler,ElasticNet,193,48,15,-0.1211,8.1881,11.9254,-0.1252,-0.7882,-0.0082
3,emotion_induction_1,ALL_CONDITIONS,HRSD_21.1,HRSD21,cross-corpus-882,RobustScaler,SVR,193,48,15,0.0385,7.2233,8.9479,0.1291,-0.0068,0.1283
3,emotion_induction_1,ALL_CONDITIONS,HRSD_21.1,HRSD21,cross-corpus-882,RobustScaler,KNN,193,48,15,0.0631,7.8449,9.1537,0.1019,-0.0536,0.0764
3,emotion_induction_1,ALL_CONDITIONS,HRSD_21.1,HRSD21,cross-corpus-882,RobustScaler,RF,193,48,15,0.1407,7.0512,8.5903,0.2689,0.0721,0.2855
3,emotion_induction_1,ALL_CONDITIONS,HRSD_21.1,HRSD21,cross-corpus-882,RobustScaler,ET,193,48,15,0.1876,6.8152,8.4509,0.3195,0.102,0.3726
3,emotion_induction_1,ALL_CONDITIONS,HRSD_21.1,HRSD21,cross-corpus-882,RobustScaler,GB,193,48,15,0.088,7.6097,9.289,0.1207,-0.085,0.1868
3,emotion_induction_1,ALL_CONDITIONS,HRSD_21.1,HRSD21,cross-corpus-882,RobustScaler,XGB,193,48,15,0.1093,7.1753,8.9662,0.1703,-0.0109,0.2365
3,emotion_induction_1,ALL_CONDITIONS,HRSD_21.1,HRSD21,cross-corpus-882,RobustScaler,MLP,193,48,15,0.0991,7.8253,9.9474,0.1113,-0.2442,0.2236
3,emotion_induction_1,ALL_CONDITIONS,HRSD_21.1,HRSD21,cross-corpus-882,RobustScaler,LGBM,193,48,15,0.1202,7.2787,8.9113,0.1872,0.0015,0.1792
3,emotion_induction_1,ALL_CONDITIONS,HRSD_21.1,HRSD21,cross-corpus-882,RobustScaler,CatBoost,193,48,15,0.1871,6.8369,8.3529,0.361,0.1227,0.3575
4,emotion_induction_1,ALL_CONDITIONS,HRSD_21.1,HRSD21,cross-corpus-882,StandardScaler,Ridge,193,48,10,-0.0637,7.5541,9.5397,-0.0812,-0.3897,0.0189
4,emotion_induction_1,ALL_CONDITIONS,HRSD_21.1,HRSD21,cross-corpus-882,StandardScaler,Lasso,193,48,10,-0.064,7.555,9.4994,-0.0829,-0.378,0.0255
4,emotion_induction_1,ALL_CONDITIONS,HRSD_21.1,HRSD21,cross-corpus-882,StandardScaler,ElasticNet,193,48,10,-0.058,7.5133,9.4361,-0.0758,-0.3597,0.0336
4,emotion_induction_1,ALL_CONDITIONS,HRSD_21.1,HRSD21,cross-corpus-882,StandardScaler,SVR,193,48,10,0.027,6.7077,8.2351,0.0581,-0.0356,0.123
4,emotion_induction_1,ALL_CONDITIONS,HRSD_21.1,HRSD21,cross-corpus-882,StandardScaler,KNN,193,48,10,0.0034,7.3542,8.8682,0.005,-0.2009,0.1012
4,emotion_induction_1,ALL_CONDITIONS,HRSD_21.1,HRSD21,cross-corpus-882,StandardScaler,RF,193,48,10,-0.0201,7.4162,9.005,-0.0294,-0.2383,0.0231
4,emotion_induction_1,ALL_CONDITIONS,HRSD_21.1,HRSD21,cross-corpus-882,StandardScaler,ET,193,48,10,0.001,7.095,8.5819,0.0017,-0.1246,0.0207
4,emotion_induction_1,ALL_CONDITIONS,HRSD_21.1,HRSD21,cross-corpus-882,StandardScaler,GB,193,48,10,0.06,7.3402,8.8091,0.0828,-0.185,0.0669
4,emotion_induction_1,ALL_CONDITIONS,HRSD_21.1,HRSD21,cross-corpus-882,StandardScaler,XGB,193,48,10,0.0422,7.2073,8.8495,0.0598,-0.1959,0.0864
4,emotion_induction_1,ALL_CONDITIONS,HRSD_21.1,HRSD21,cross-corpus-882,StandardScaler,MLP,193,48,10,0.0797,7.2106,9.0979,0.0973,-0.264,0.1832
4,emotion_induction_1,ALL_CONDITIONS,HRSD_21.1,HRSD21,cross-corpus-882,StandardScaler,LGBM,193,48,10,-0.0585,7.7263,9.2487,-0.0847,-0.3062,-0.0636
4,emotion_induction_1,ALL_CONDITIONS,HRSD_21.1,HRSD21,cross-corpus-882,StandardScaler,CatBoost,193,48,10,-0.0221,7.4351,8.9871,-0.033,-0.2334,0.0483
4,emotion_induction_1,ALL_CONDITIONS,HRSD_21.1,HRSD21,cross-corpus-882,MinMaxScaler,Ridge,193,48,15,-0.0558,7.6045,9.6625,-0.0684,-0.4257,0.0552
4,emotion_induction_1,ALL_CONDITIONS,HRSD_21.1,HRSD21,cross-corpus-882,MinMaxScaler,Lasso,193,48,15,-0.0686,7.7412,9.9425,-0.08,-0.5095,0.0529
4,emotion_induction_1,ALL_CONDITIONS,HRSD_21.1,HRSD21,cross-corpus-882,MinMaxScaler,ElasticNet,193,48,15,-0.0476,7.5228,9.4841,-0.0605,-0.3736,0.0483
4,emotion_induction_1,ALL_CONDITIONS,HRSD_21.1,HRSD21,cross-corpus-882,MinMaxScaler,SVR,193,48,15,0.0644,6.611,8.0723,0.1407,0.0049,0.181
4,emotion_induction_1,ALL_CONDITIONS,HRSD_21.1,HRSD21,cross-corpus-882,MinMaxScaler,KNN,193,48,15,-0.0761,7.7639,9.2485,-0.1103,-0.3061,-0.0613
4,emotion_induction_1,ALL_CONDITIONS,HRSD_21.1,HRSD21,cross-corpus-882,MinMaxScaler,RF,193,48,15,0.013,7.3122,8.7516,0.0203,-0.1696,0.0714
4,emotion_induction_1,ALL_CONDITIONS,HRSD_21.1,HRSD21,cross-corpus-882,MinMaxScaler,ET,193,48,15,0.0501,6.921,8.384,0.0866,-0.0734,0.1204
4,emotion_induction_1,ALL_CONDITIONS,HRSD_21.1,HRSD21,cross-corpus-882,MinMaxScaler,GB,193,48,15,0.012,7.6395,9.2612,0.0149,-0.3097,0.0223
4,emotion_induction_1,ALL_CONDITIONS,HRSD_21.1,HRSD21,cross-corpus-882,MinMaxScaler,XGB,193,48,15,-0.0604,7.8023,9.3771,-0.0805,-0.3428,-0.0565
4,emotion_induction_1,ALL_CONDITIONS,HRSD_21.1,HRSD21,cross-corpus-882,MinMaxScaler,MLP,193,48,15,-0.0482,7.7125,9.6393,-0.0587,-0.4189,0.0106
4,emotion_induction_1,ALL_CONDITIONS,HRSD_21.1,HRSD21,cross-corpus-882,MinMaxScaler,LGBM,193,48,15,0.0101,7.7072,9.0914,0.0132,-0.2622,0.0882
4,emotion_induction_1,ALL_CONDITIONS,HRSD_21.1,HRSD21,cross-corpus-882,MinMaxScaler,CatBoost,193,48,15,0.0009,7.3931,8.7924,0.0014,-0.1805,0.0707
4,emotion_induction_1,ALL_CONDITIONS,HRSD_21.1,HRSD21,cross-corpus-882,RobustScaler,Ridge,193,48,15,-0.0819,7.7105,9.808,-0.1001,-0.469,0.0264
4,emotion_induction_1,ALL_CONDITIONS,HRSD_21.1,HRSD21,cross-corpus-882,RobustScaler,Lasso,193,48,15,-0.0844,7.721,9.7859,-0.1039,-0.4624,0.0279
4,emotion_induction_1,ALL_CONDITIONS,HRSD_21.1,HRSD21,cross-corpus-882,RobustScaler,ElasticNet,193,48,15,-0.078,7.6521,9.693,-0.0976,-0.4347,0.035
4,emotion_induction_1,ALL_CONDITIONS,HRSD_21.1,HRSD21,cross-corpus-882,RobustScaler,SVR,193,48,15,0.0199,7.1559,9.0277,0.0253,-0.2445,0.1366
4,emotion_induction_1,ALL_CONDITIONS,HRSD_21.1,HRSD21,cross-corpus-882,RobustScaler,KNN,193,48,15,-0.0563,7.4329,9.0232,-0.0829,-0.2433,-0.0071
4,emotion_induction_1,ALL_CONDITIONS,HRSD_21.1,HRSD21,cross-corpus-882,RobustScaler,RF,193,48,15,0.0782,7.044,8.5273,0.1172,-0.1104,0.125
4,emotion_induction_1,ALL_CONDITIONS,HRSD_21.1,HRSD21,cross-corpus-882,RobustScaler,ET,193,48,15,0.0719,7.0835,8.4458,0.1155,-0.0893,0.16
4,emotion_induction_1,ALL_CONDITIONS,HRSD_21.1,HRSD21,cross-corpus-882,RobustScaler,GB,193,48,15,0.1473,7.1836,8.7148,0.1854,-0.1597,0.2229
4,emotion_induction_1,ALL_CONDITIONS,HRSD_21.1,HRSD21,cross-corpus-882,RobustScaler,XGB,193,48,15,0.1215,7.3219,8.82,0.1525,-0.1879,0.18
4,emotion_induction_1,ALL_CONDITIONS,HRSD_21.1,HRSD21,cross-corpus-882,RobustScaler,MLP,193,48,15,0.0867,7.3325,9.2337,0.0996,-0.302,0.1645
4,emotion_induction_1,ALL_CONDITIONS,HRSD_21.1,HRSD21,cross-corpus-882,RobustScaler,LGBM,193,48,15,0.0077,7.6148,9.1322,0.0106,-0.2735,0.0847
4,emotion_induction_1,ALL_CONDITIONS,HRSD_21.1,HRSD21,cross-corpus-882,RobustScaler,CatBoost,193,48,15,0.0417,7.2587,8.9369,0.0561,-0.2196,0.1088
5,emotion_induction_1,ALL_CONDITIONS,HRSD_21.1,HRSD21,cross-corpus-882,StandardScaler,Ridge,193,48,5,-0.0549,7.5401,9.4618,-0.0719,-0.2884,-0.0133
5,emotion_induction_1,ALL_CONDITIONS,HRSD_21.1,HRSD21,cross-corpus-882,StandardScaler,Lasso,193,48,5,-0.0515,7.5247,9.4268,-0.0679,-0.2789,0.0104
5,emotion_induction_1,ALL_CONDITIONS,HRSD_21.1,HRSD21,cross-corpus-882,StandardScaler,ElasticNet,193,48,5,-0.051,7.5216,9.4163,-0.0674,-0.2761,0.0137
5,emotion_induction_1,ALL_CONDITIONS,HRSD_21.1,HRSD21,cross-corpus-882,StandardScaler,SVR,193,48,5,-0.0347,7.3392,8.9866,-0.0602,-0.1622,-0.1117
5,emotion_induction_1,ALL_CONDITIONS,HRSD_21.1,HRSD21,cross-corpus-882,StandardScaler,KNN,193,48,5,-0.1235,7.831,9.6942,-0.1652,-0.3525,-0.1844
5,emotion_induction_1,ALL_CONDITIONS,HRSD_21.1,HRSD21,cross-corpus-882,StandardScaler,RF,193,48,5,-0.0804,7.5763,9.3085,-0.1183,-0.247,-0.1664
5,emotion_induction_1,ALL_CONDITIONS,HRSD_21.1,HRSD21,cross-corpus-882,StandardScaler,ET,193,48,5,-0.1596,8.3838,10.3093,-0.1875,-0.5296,-0.2335
5,emotion_induction_1,ALL_CONDITIONS,HRSD_21.1,HRSD21,cross-corpus-882,StandardScaler,GB,193,48,5,-0.0006,7.8273,9.7326,-0.0007,-0.3632,-0.0106
5,emotion_induction_1,ALL_CONDITIONS,HRSD_21.1,HRSD21,cross-corpus-882,StandardScaler,XGB,193,48,5,-0.0283,7.7777,9.5895,-0.034,-0.3234,-0.025
5,emotion_induction_1,ALL_CONDITIONS,HRSD_21.1,HRSD21,cross-corpus-882,StandardScaler,MLP,193,48,5,0.0519,7.2317,8.8733,0.0712,-0.1331,0.0076
5,emotion_induction_1,ALL_CONDITIONS,HRSD_21.1,HRSD21,cross-corpus-882,StandardScaler,LGBM,193,48,5,-0.0572,7.8129,9.5194,-0.0735,-0.3042,-0.119
5,emotion_induction_1,ALL_CONDITIONS,HRSD_21.1,HRSD21,cross-corpus-882,StandardScaler,CatBoost,193,48,5,-0.049,7.5682,9.3096,-0.0673,-0.2473,-0.0823
5,emotion_induction_1,ALL_CONDITIONS,HRSD_21.1,HRSD21,cross-corpus-882,MinMaxScaler,Ridge,193,48,10,-0.0529,7.3837,9.2806,-0.0744,-0.2395,-0.0708
5,emotion_induction_1,ALL_CONDITIONS,HRSD_21.1,HRSD21,cross-corpus-882,MinMaxScaler,Lasso,193,48,10,-0.0535,7.4108,9.3698,-0.0725,-0.2635,-0.0688
5,emotion_induction_1,ALL_CONDITIONS,HRSD_21.1,HRSD21,cross-corpus-882,MinMaxScaler,ElasticNet,193,48,10,-0.0493,7.3563,9.2102,-0.0713,-0.2208,-0.0799
5,emotion_induction_1,ALL_CONDITIONS,HRSD_21.1,HRSD21,cross-corpus-882,MinMaxScaler,SVR,193,48,10,-0.0276,7.137,8.9057,-0.0517,-0.1414,-0.1147
5,emotion_induction_1,ALL_CONDITIONS,HRSD_21.1,HRSD21,cross-corpus-882,MinMaxScaler,KNN,193,48,10,-0.1038,7.7199,9.5593,-0.1419,-0.3151,-0.1622
5,emotion_induction_1,ALL_CONDITIONS,HRSD_21.1,HRSD21,cross-corpus-882,MinMaxScaler,RF,193,48,10,-0.1089,7.8475,9.7323,-0.1398,-0.3631,-0.1665
5,emotion_induction_1,ALL_CONDITIONS,HRSD_21.1,HRSD21,cross-corpus-882,MinMaxScaler,ET,193,48,10,-0.1587,8.2638,10.0118,-0.2006,-0.4426,-0.1947
5,emotion_induction_1,ALL_CONDITIONS,HRSD_21.1,HRSD21,cross-corpus-882,MinMaxScaler,GB,193,48,10,-0.0082,7.7165,9.4871,-0.01,-0.2953,-0.101
5,emotion_induction_1,ALL_CONDITIONS,HRSD_21.1,HRSD21,cross-corpus-882,MinMaxScaler,XGB,193,48,10,-0.0405,7.6106,9.4235,-0.0528,-0.278,-0.0868
5,emotion_induction_1,ALL_CONDITIONS,HRSD_21.1,HRSD21,cross-corpus-882,MinMaxScaler,MLP,193,48,10,-0.0497,7.5013,9.4242,-0.0659,-0.2782,-0.0771
5,emotion_induction_1,ALL_CONDITIONS,HRSD_21.1,HRSD21,cross-corpus-882,MinMaxScaler,LGBM,193,48,10,-0.0725,7.9985,9.8078,-0.0874,-0.3844,-0.1115
5,emotion_induction_1,ALL_CONDITIONS,HRSD_21.1,HRSD21,cross-corpus-882,MinMaxScaler,CatBoost,193,48,10,-0.0354,7.3867,9.2426,-0.0491,-0.2294,-0.0767
5,emotion_induction_1,ALL_CONDITIONS,HRSD_21.1,HRSD21,cross-corpus-882,RobustScaler,Ridge,193,48,5,-0.0377,7.5036,9.3662,-0.0496,-0.2625,0.0155
5,emotion_induction_1,ALL_CONDITIONS,HRSD_21.1,HRSD21,cross-corpus-882,RobustScaler,Lasso,193,48,5,-0.0382,7.4905,9.3418,-0.0508,-0.256,0.0129
5,emotion_induction_1,ALL_CONDITIONS,HRSD_21.1,HRSD21,cross-corpus-882,RobustScaler,ElasticNet,193,48,5,-0.0371,7.4686,9.2947,-0.0503,-0.2433,0.0058
5,emotion_induction_1,ALL_CONDITIONS,HRSD_21.1,HRSD21,cross-corpus-882,RobustScaler,SVR,193,48,5,-0.0026,7.103,8.7187,-0.0056,-0.094,-0.103
5,emotion_induction_1,ALL_CONDITIONS,HRSD_21.1,HRSD21,cross-corpus-882,RobustScaler,KNN,193,48,5,-0.1603,8.2375,10.0152,-0.2019,-0.4435,-0.2229
5,emotion_induction_1,ALL_CONDITIONS,HRSD_21.1,HRSD21,cross-corpus-882,RobustScaler,RF,193,48,5,-0.0691,7.6582,9.3438,-0.0972,-0.2565,-0.1306
5,emotion_induction_1,ALL_CONDITIONS,HRSD_21.1,HRSD21,cross-corpus-882,RobustScaler,ET,193,48,5,-0.1476,8.3806,10.3446,-0.1709,-0.5401,-0.2095
5,emotion_induction_1,ALL_CONDITIONS,HRSD_21.1,HRSD21,cross-corpus-882,RobustScaler,GB,193,48,5,0.0363,7.6259,9.579,0.0409,-0.3205,0.0301
5,emotion_induction_1,ALL_CONDITIONS,HRSD_21.1,HRSD21,cross-corpus-882,RobustScaler,XGB,193,48,5,-0.0071,7.6547,9.5081,-0.0085,-0.3011,0.0027
5,emotion_induction_1,ALL_CONDITIONS,HRSD_21.1,HRSD21,cross-corpus-882,RobustScaler,MLP,193,48,5,0.024,7.4056,9.0508,0.0326,-0.1789,-0.0195
5,emotion_induction_1,ALL_CONDITIONS,HRSD_21.1,HRSD21,cross-corpus-882,RobustScaler,LGBM,193,48,5,-0.0676,7.8512,9.5154,-0.0882,-0.3031,-0.0993
5,emotion_induction_1,ALL_CONDITIONS,HRSD_21.1,HRSD21,cross-corpus-882,RobustScaler,CatBoost,193,48,5,-0.0581,7.6326,9.3723,-0.0797,-0.2642,-0.1004
1,emotion_induction_1,ALL_CONDITIONS,HRSD_24.1,HRSD24,cross-corpus-882,StandardScaler,Ridge,192,49,5,0.0021,9.6027,11.0178,0.0045,-0.0567,0.019
1,emotion_induction_1,ALL_CONDITIONS,HRSD_24.1,HRSD24,cross-corpus-882,StandardScaler,Lasso,192,49,5,0.0047,9.6133,11.0919,0.0093,-0.071,0.019
1,emotion_induction_1,ALL_CONDITIONS,HRSD_24.1,HRSD24,cross-corpus-882,StandardScaler,ElasticNet,192,49,5,0.0036,9.6301,11.0827,0.0072,-0.0692,0.019
1,emotion_induction_1,ALL_CONDITIONS,HRSD_24.1,HRSD24,cross-corpus-882,StandardScaler,SVR,192,49,5,0.0028,9.4037,11.0274,0.0061,-0.0586,0.019
1,emotion_induction_1,ALL_CONDITIONS,HRSD_24.1,HRSD24,cross-corpus-882,StandardScaler,KNN,192,49,5,0.0001,10.2517,11.5055,0.0002,-0.1524,-0.0204
1,emotion_induction_1,ALL_CONDITIONS,HRSD_24.1,HRSD24,cross-corpus-882,StandardScaler,RF,192,49,5,0.0038,9.6344,11.0867,0.0076,-0.07,0.019
1,emotion_induction_1,ALL_CONDITIONS,HRSD_24.1,HRSD24,cross-corpus-882,StandardScaler,ET,192,49,5,0.0048,9.6334,11.1212,0.0092,-0.0767,0.019
1,emotion_induction_1,ALL_CONDITIONS,HRSD_24.1,HRSD24,cross-corpus-882,StandardScaler,GB,192,49,5,0.0048,9.6334,11.1212,0.0092,-0.0767,0.019
1,emotion_induction_1,ALL_CONDITIONS,HRSD_24.1,HRSD24,cross-corpus-882,StandardScaler,XGB,192,49,5,0.0048,9.604,11.1102,0.0092,-0.0746,0.019
1,emotion_induction_1,ALL_CONDITIONS,HRSD_24.1,HRSD24,cross-corpus-882,StandardScaler,MLP,192,49,5,0.0038,9.6254,11.1129,0.0073,-0.0751,0.0226
1,emotion_induction_1,ALL_CONDITIONS,HRSD_24.1,HRSD24,cross-corpus-882,StandardScaler,LGBM,192,49,5,0.0048,9.6296,11.1157,0.0092,-0.0756,0.019
1,emotion_induction_1,ALL_CONDITIONS,HRSD_24.1,HRSD24,cross-corpus-882,StandardScaler,CatBoost,192,49,5,0.004,9.6352,11.0985,0.0078,-0.0723,0.019
1,emotion_induction_1,ALL_CONDITIONS,HRSD_24.1,HRSD24,cross-corpus-882,MinMaxScaler,Ridge,192,49,5,0.0022,9.6142,11.0339,0.0047,-0.0598,0.019
1,emotion_induction_1,ALL_CONDITIONS,HRSD_24.1,HRSD24,cross-corpus-882,MinMaxScaler,Lasso,192,49,5,0.0044,9.5806,11.0417,0.0093,-0.0613,0.019
1,emotion_induction_1,ALL_CONDITIONS,HRSD_24.1,HRSD24,cross-corpus-882,MinMaxScaler,ElasticNet,192,49,5,0.0018,9.5883,10.9976,0.0042,-0.0529,0.019
1,emotion_induction_1,ALL_CONDITIONS,HRSD_24.1,HRSD24,cross-corpus-882,MinMaxScaler,SVR,192,49,5,0.0013,9.2756,10.9312,0.0034,-0.0402,0.019
1,emotion_induction_1,ALL_CONDITIONS,HRSD_24.1,HRSD24,cross-corpus-882,MinMaxScaler,KNN,192,49,5,0.0001,10.2517,11.5055,0.0002,-0.1524,-0.0204
1,emotion_induction_1,ALL_CONDITIONS,HRSD_24.1,HRSD24,cross-corpus-882,MinMaxScaler,RF,192,49,5,0.0038,9.6344,11.0867,0.0076,-0.07,0.019
1,emotion_induction_1,ALL_CONDITIONS,HRSD_24.1,HRSD24,cross-corpus-882,MinMaxScaler,ET,192,49,5,0.0048,9.6334,11.1212,0.0092,-0.0767,0.019
1,emotion_induction_1,ALL_CONDITIONS,HRSD_24.1,HRSD24,cross-corpus-882,MinMaxScaler,GB,192,49,5,0.0048,9.6334,11.1212,0.0092,-0.0767,0.019
1,emotion_induction_1,ALL_CONDITIONS,HRSD_24.1,HRSD24,cross-corpus-882,MinMaxScaler,XGB,192,49,5,0.0048,9.604,11.1102,0.0092,-0.0746,0.019
1,emotion_induction_1,ALL_CONDITIONS,HRSD_24.1,HRSD24,cross-corpus-882,MinMaxScaler,MLP,192,49,5,0.0031,9.6457,11.092,0.0061,-0.071,0.0153
1,emotion_induction_1,ALL_CONDITIONS,HRSD_24.1,HRSD24,cross-corpus-882,MinMaxScaler,LGBM,192,49,5,0.0048,9.6296,11.1157,0.0092,-0.0756,0.019
1,emotion_induction_1,ALL_CONDITIONS,HRSD_24.1,HRSD24,cross-corpus-882,MinMaxScaler,CatBoost,192,49,5,0.004,9.6352,11.0985,0.0078,-0.0723,0.019
1,emotion_induction_1,ALL_CONDITIONS,HRSD_24.1,HRSD24,cross-corpus-882,RobustScaler,Ridge,192,49,5,0.0021,9.6252,11.0458,0.0044,-0.0621,0.019
1,emotion_induction_1,ALL_CONDITIONS,HRSD_24.1,HRSD24,cross-corpus-882,RobustScaler,Lasso,192,49,5,0.0034,9.6112,11.0527,0.007,-0.0635,0.019
1,emotion_induction_1,ALL_CONDITIONS,HRSD_24.1,HRSD24,cross-corpus-882,RobustScaler,ElasticNet,192,49,5,0.0017,9.6077,11.0188,0.0037,-0.0569,0.019
1,emotion_induction_1,ALL_CONDITIONS,HRSD_24.1,HRSD24,cross-corpus-882,RobustScaler,SVR,192,49,5,0.0012,9.3637,10.9816,0.0029,-0.0498,0.019
1,emotion_induction_1,ALL_CONDITIONS,HRSD_24.1,HRSD24,cross-corpus-882,RobustScaler,KNN,192,49,5,-0.0006,9.2915,10.8896,-0.0022,-0.0323,0.0204
1,emotion_induction_1,ALL_CONDITIONS,HRSD_24.1,HRSD24,cross-corpus-882,RobustScaler,RF,192,49,5,0.0038,9.6344,11.0867,0.0076,-0.07,0.019
1,emotion_induction_1,ALL_CONDITIONS,HRSD_24.1,HRSD24,cross-corpus-882,RobustScaler,ET,192,49,5,0.0048,9.6334,11.1212,0.0092,-0.0767,0.019
1,emotion_induction_1,ALL_CONDITIONS,HRSD_24.1,HRSD24,cross-corpus-882,RobustScaler,GB,192,49,5,0.0048,9.6334,11.1212,0.0092,-0.0767,0.019
1,emotion_induction_1,ALL_CONDITIONS,HRSD_24.1,HRSD24,cross-corpus-882,RobustScaler,XGB,192,49,5,0.0048,9.604,11.1102,0.0092,-0.0746,0.019
1,emotion_induction_1,ALL_CONDITIONS,HRSD_24.1,HRSD24,cross-corpus-882,RobustScaler,MLP,192,49,5,0.0024,9.5953,11.2079,0.0042,-0.0935,0.019
1,emotion_induction_1,ALL_CONDITIONS,HRSD_24.1,HRSD24,cross-corpus-882,RobustScaler,LGBM,192,49,5,0.0048,9.6296,11.1157,0.0092,-0.0756,0.019
1,emotion_induction_1,ALL_CONDITIONS,HRSD_24.1,HRSD24,cross-corpus-882,RobustScaler,CatBoost,192,49,5,0.004,9.6352,11.0985,0.0078,-0.0723,0.019
2,emotion_induction_1,ALL_CONDITIONS,HRSD_24.1,HRSD24,cross-corpus-882,StandardScaler,Ridge,193,48,10,0.0259,10.2066,12.4336,0.0384,-0.1358,-0.0056
2,emotion_induction_1,ALL_CONDITIONS,HRSD_24.1,HRSD24,cross-corpus-882,StandardScaler,Lasso,193,48,10,0.0155,10.6281,12.9452,0.0196,-0.2312,-0.0132
2,emotion_induction_1,ALL_CONDITIONS,HRSD_24.1,HRSD24,cross-corpus-882,StandardScaler,ElasticNet,193,48,10,0.0172,10.5766,12.8937,0.022,-0.2214,-0.0218
2,emotion_induction_1,ALL_CONDITIONS,HRSD_24.1,HRSD24,cross-corpus-882,StandardScaler,SVR,193,48,10,-0.0528,11.0012,13.7392,-0.0699,-0.3868,-0.115
2,emotion_induction_1,ALL_CONDITIONS,HRSD_24.1,HRSD24,cross-corpus-882,StandardScaler,KNN,193,48,10,-0.0064,10.5833,12.9637,-0.0091,-0.2347,-0.015
2,emotion_induction_1,ALL_CONDITIONS,HRSD_24.1,HRSD24,cross-corpus-882,StandardScaler,RF,193,48,10,-0.0285,10.6783,13.1436,-0.0374,-0.2692,-0.0758
2,emotion_induction_1,ALL_CONDITIONS,HRSD_24.1,HRSD24,cross-corpus-882,StandardScaler,ET,193,48,10,-0.0256,10.556,13.1136,-0.0337,-0.2634,-0.0262
2,emotion_induction_1,ALL_CONDITIONS,HRSD_24.1,HRSD24,cross-corpus-882,StandardScaler,GB,193,48,10,-0.0453,11.0828,14.1857,-0.0503,-0.4784,-0.072
2,emotion_induction_1,ALL_CONDITIONS,HRSD_24.1,HRSD24,cross-corpus-882,StandardScaler,XGB,193,48,10,-0.0491,11.0758,14.0668,-0.0567,-0.4538,-0.0643
2,emotion_induction_1,ALL_CONDITIONS,HRSD_24.1,HRSD24,cross-corpus-882,StandardScaler,MLP,193,48,10,0.0272,12.4329,16.2014,0.0273,-0.9284,-0.0082
2,emotion_induction_1,ALL_CONDITIONS,HRSD_24.1,HRSD24,cross-corpus-882,StandardScaler,LGBM,193,48,10,0.0679,10.6045,13.3066,0.077,-0.3009,0.0423
2,emotion_induction_1,ALL_CONDITIONS,HRSD_24.1,HRSD24,cross-corpus-882,StandardScaler,CatBoost,193,48,10,-0.0065,10.5888,13.0858,-0.0084,-0.258,-0.0714
2,emotion_induction_1,ALL_CONDITIONS,HRSD_24.1,HRSD24,cross-corpus-882,MinMaxScaler,Ridge,193,48,10,0.0024,10.3766,12.6583,0.0035,-0.1772,-0.0296
2,emotion_induction_1,ALL_CONDITIONS,HRSD_24.1,HRSD24,cross-corpus-882,MinMaxScaler,Lasso,193,48,10,-0.0003,10.6749,13.045,-0.0004,-0.2502,-0.0465
2,emotion_induction_1,ALL_CONDITIONS,HRSD_24.1,HRSD24,cross-corpus-882,MinMaxScaler,ElasticNet,193,48,10,0.0052,10.2481,12.5111,0.0079,-0.15,-0.0136
2,emotion_induction_1,ALL_CONDITIONS,HRSD_24.1,HRSD24,cross-corpus-882,MinMaxScaler,SVR,193,48,10,-0.0721,11.0184,13.8775,-0.092,-0.4149,-0.1373
2,emotion_induction_1,ALL_CONDITIONS,HRSD_24.1,HRSD24,cross-corpus-882,MinMaxScaler,KNN,193,48,10,-0.0215,10.4306,13.2059,-0.0294,-0.2813,-0.0454
2,emotion_induction_1,ALL_CONDITIONS,HRSD_24.1,HRSD24,cross-corpus-882,MinMaxScaler,RF,193,48,10,-0.0433,10.7946,13.1121,-0.0598,-0.2631,-0.0933
2,emotion_induction_1,ALL_CONDITIONS,HRSD_24.1,HRSD24,cross-corpus-882,MinMaxScaler,ET,193,48,10,-0.0356,10.569,13.2515,-0.0463,-0.2901,-0.0534
2,emotion_induction_1,ALL_CONDITIONS,HRSD_24.1,HRSD24,cross-corpus-882,MinMaxScaler,GB,193,48,10,-0.0286,10.8544,13.9331,-0.0324,-0.4262,-0.0229
2,emotion_induction_1,ALL_CONDITIONS,HRSD_24.1,HRSD24,cross-corpus-882,MinMaxScaler,XGB,193,48,10,-0.0816,11.1898,14.2557,-0.0951,-0.4931,-0.1146
2,emotion_induction_1,ALL_CONDITIONS,HRSD_24.1,HRSD24,cross-corpus-882,MinMaxScaler,MLP,193,48,10,0.0017,10.7277,13.0326,0.0022,-0.2478,-0.0554
2,emotion_induction_1,ALL_CONDITIONS,HRSD_24.1,HRSD24,cross-corpus-882,MinMaxScaler,LGBM,193,48,10,-0.0024,10.8833,13.6337,-0.0028,-0.3656,-0.0149
2,emotion_induction_1,ALL_CONDITIONS,HRSD_24.1,HRSD24,cross-corpus-882,MinMaxScaler,CatBoost,193,48,10,-0.0419,10.775,13.3889,-0.0537,-0.317,-0.093
2,emotion_induction_1,ALL_CONDITIONS,HRSD_24.1,HRSD24,cross-corpus-882,RobustScaler,Ridge,193,48,10,0.0345,10.0784,12.349,0.0522,-0.1204,0.017
2,emotion_induction_1,ALL_CONDITIONS,HRSD_24.1,HRSD24,cross-corpus-882,RobustScaler,Lasso,193,48,10,0.022,10.4898,12.7801,0.0289,-0.2,-0.0079
2,emotion_induction_1,ALL_CONDITIONS,HRSD_24.1,HRSD24,cross-corpus-882,RobustScaler,ElasticNet,193,48,10,0.0269,10.4138,12.7142,0.0358,-0.1876,-0.0052
2,emotion_induction_1,ALL_CONDITIONS,HRSD_24.1,HRSD24,cross-corpus-882,RobustScaler,SVR,193,48,10,0.0077,10.0024,12.4815,0.0191,-0.1445,0.008
2,emotion_induction_1,ALL_CONDITIONS,HRSD_24.1,HRSD24,cross-corpus-882,RobustScaler,KNN,193,48,10,0.0703,10.3079,12.5793,0.1,-0.1625,0.025
2,emotion_induction_1,ALL_CONDITIONS,HRSD_24.1,HRSD24,cross-corpus-882,RobustScaler,RF,193,48,10,0.0023,10.3479,12.8071,0.0032,-0.205,0.0238
2,emotion_induction_1,ALL_CONDITIONS,HRSD_24.1,HRSD24,cross-corpus-882,RobustScaler,ET,193,48,10,-0.0214,10.5844,13.1537,-0.0276,-0.2711,-0.0423
2,emotion_induction_1,ALL_CONDITIONS,HRSD_24.1,HRSD24,cross-corpus-882,RobustScaler,GB,193,48,10,-0.0537,10.7597,13.845,-0.0638,-0.4083,-0.0202
2,emotion_induction_1,ALL_CONDITIONS,HRSD_24.1,HRSD24,cross-corpus-882,RobustScaler,XGB,193,48,10,-0.0303,10.732,13.7522,-0.036,-0.3894,0.0307
2,emotion_induction_1,ALL_CONDITIONS,HRSD_24.1,HRSD24,cross-corpus-882,RobustScaler,MLP,193,48,10,0.0188,12.242,16.4975,0.0188,-0.9996,-0.0277
2,emotion_induction_1,ALL_CONDITIONS,HRSD_24.1,HRSD24,cross-corpus-882,RobustScaler,LGBM,193,48,10,0.0942,10.1166,12.7245,0.1133,-0.1895,0.1308
2,emotion_induction_1,ALL_CONDITIONS,HRSD_24.1,HRSD24,cross-corpus-882,RobustScaler,CatBoost,193,48,10,0.0031,10.4431,12.9258,0.0042,-0.2275,0.0157
3,emotion_induction_1,ALL_CONDITIONS,HRSD_24.1,HRSD24,cross-corpus-882,StandardScaler,Ridge,193,48,15,-0.1327,10.1409,13.5411,-0.1614,-0.4448,-0.0649
3,emotion_induction_1,ALL_CONDITIONS,HRSD_24.1,HRSD24,cross-corpus-882,StandardScaler,Lasso,193,48,15,-0.1406,10.1524,13.5958,-0.1707,-0.4564,-0.0644
3,emotion_induction_1,ALL_CONDITIONS,HRSD_24.1,HRSD24,cross-corpus-882,StandardScaler,ElasticNet,193,48,15,-0.111,9.9281,12.9627,-0.1515,-0.324,-0.0621
3,emotion_induction_1,ALL_CONDITIONS,HRSD_24.1,HRSD24,cross-corpus-882,StandardScaler,SVR,193,48,15,-0.0095,10.0055,12.1571,-0.0169,-0.1645,-0.0318
3,emotion_induction_1,ALL_CONDITIONS,HRSD_24.1,HRSD24,cross-corpus-882,StandardScaler,KNN,193,48,15,-0.0085,9.7917,11.9748,-0.0139,-0.1299,0.021
3,emotion_induction_1,ALL_CONDITIONS,HRSD_24.1,HRSD24,cross-corpus-882,StandardScaler,RF,193,48,15,0.1098,9.0544,10.9811,0.2264,0.0499,0.2028
3,emotion_induction_1,ALL_CONDITIONS,HRSD_24.1,HRSD24,cross-corpus-882,StandardScaler,ET,193,48,15,0.0636,9.2491,11.3141,0.1258,-0.0086,0.2236
3,emotion_induction_1,ALL_CONDITIONS,HRSD_24.1,HRSD24,cross-corpus-882,StandardScaler,GB,193,48,15,0.1537,8.7603,10.9486,0.2772,0.0555,0.2651
3,emotion_induction_1,ALL_CONDITIONS,HRSD_24.1,HRSD24,cross-corpus-882,StandardScaler,XGB,193,48,15,0.0781,9.4755,11.456,0.1371,-0.0341,0.1533
3,emotion_induction_1,ALL_CONDITIONS,HRSD_24.1,HRSD24,cross-corpus-882,StandardScaler,MLP,193,48,15,-0.0892,10.1612,13.6877,-0.1017,-0.4762,0.081
3,emotion_induction_1,ALL_CONDITIONS,HRSD_24.1,HRSD24,cross-corpus-882,StandardScaler,LGBM,193,48,15,0.186,8.7348,10.8498,0.2882,0.0725,0.2552
3,emotion_induction_1,ALL_CONDITIONS,HRSD_24.1,HRSD24,cross-corpus-882,StandardScaler,CatBoost,193,48,15,0.091,9.1092,11.1385,0.1861,0.0224,0.1411
3,emotion_induction_1,ALL_CONDITIONS,HRSD_24.1,HRSD24,cross-corpus-882,MinMaxScaler,Ridge,193,48,15,-0.1242,10.0038,13.3118,-0.1573,-0.3963,-0.0492
3,emotion_induction_1,ALL_CONDITIONS,HRSD_24.1,HRSD24,cross-corpus-882,MinMaxScaler,Lasso,193,48,15,-0.1251,10.0,13.3051,-0.1589,-0.3948,-0.0536
3,emotion_induction_1,ALL_CONDITIONS,HRSD_24.1,HRSD24,cross-corpus-882,MinMaxScaler,ElasticNet,193,48,15,-0.0479,9.5363,12.0773,-0.088,-0.1493,-0.0265
3,emotion_induction_1,ALL_CONDITIONS,HRSD_24.1,HRSD24,cross-corpus-882,MinMaxScaler,SVR,193,48,15,-0.0801,9.9392,12.9092,-0.1251,-0.3131,-0.061
3,emotion_induction_1,ALL_CONDITIONS,HRSD_24.1,HRSD24,cross-corpus-882,MinMaxScaler,KNN,193,48,15,0.012,9.622,12.2026,0.0166,-0.1733,0.0738
3,emotion_induction_1,ALL_CONDITIONS,HRSD_24.1,HRSD24,cross-corpus-882,MinMaxScaler,RF,193,48,15,0.1392,8.8837,10.8038,0.2886,0.0803,0.3353
3,emotion_induction_1,ALL_CONDITIONS,HRSD_24.1,HRSD24,cross-corpus-882,MinMaxScaler,ET,193,48,15,0.1296,9.1371,10.9353,0.2482,0.0578,0.234
3,emotion_induction_1,ALL_CONDITIONS,HRSD_24.1,HRSD24,cross-corpus-882,MinMaxScaler,GB,193,48,15,0.2386,8.3253,10.4167,0.4064,0.145,0.4175
3,emotion_induction_1,ALL_CONDITIONS,HRSD_24.1,HRSD24,cross-corpus-882,MinMaxScaler,XGB,193,48,15,0.1909,8.7383,10.83,0.3023,0.0758,0.296
3,emotion_induction_1,ALL_CONDITIONS,HRSD_24.1,HRSD24,cross-corpus-882,MinMaxScaler,MLP,193,48,15,-0.0606,9.7211,12.1894,-0.1086,-0.1707,-0.029
3,emotion_induction_1,ALL_CONDITIONS,HRSD_24.1,HRSD24,cross-corpus-882,MinMaxScaler,LGBM,193,48,15,0.2449,8.5402,10.5707,0.3615,0.1196,0.3532
3,emotion_induction_1,ALL_CONDITIONS,HRSD_24.1,HRSD24,cross-corpus-882,MinMaxScaler,CatBoost,193,48,15,0.1811,8.6397,10.5914,0.3683,0.1161,0.373
3,emotion_induction_1,ALL_CONDITIONS,HRSD_24.1,HRSD24,cross-corpus-882,RobustScaler,Ridge,193,48,5,0.0164,9.3782,11.6689,0.0319,-0.0729,0.012
3,emotion_induction_1,ALL_CONDITIONS,HRSD_24.1,HRSD24,cross-corpus-882,RobustScaler,Lasso,193,48,5,0.0163,9.375,11.6633,0.0318,-0.0718,0.0096
3,emotion_induction_1,ALL_CONDITIONS,HRSD_24.1,HRSD24,cross-corpus-882,RobustScaler,ElasticNet,193,48,5,0.0162,9.37,11.6563,0.0318,-0.0706,0.0102
3,emotion_induction_1,ALL_CONDITIONS,HRSD_24.1,HRSD24,cross-corpus-882,RobustScaler,SVR,193,48,5,0.0122,9.304,11.5595,0.0381,-0.0529,0.0525
3,emotion_induction_1,ALL_CONDITIONS,HRSD_24.1,HRSD24,cross-corpus-882,RobustScaler,KNN,193,48,5,0.1409,8.9554,11.262,0.2095,0.0006,0.2455
3,emotion_induction_1,ALL_CONDITIONS,HRSD_24.1,HRSD24,cross-corpus-882,RobustScaler,RF,193,48,5,0.1141,8.8566,10.99,0.2304,0.0483,0.254
3,emotion_induction_1,ALL_CONDITIONS,HRSD_24.1,HRSD24,cross-corpus-882,RobustScaler,ET,193,48,5,0.1164,9.1684,11.1292,0.208,0.0241,0.2259
3,emotion_induction_1,ALL_CONDITIONS,HRSD_24.1,HRSD24,cross-corpus-882,RobustScaler,GB,193,48,5,0.0849,9.2628,11.5129,0.1369,-0.0444,0.1854
3,emotion_induction_1,ALL_CONDITIONS,HRSD_24.1,HRSD24,cross-corpus-882,RobustScaler,XGB,193,48,5,0.1246,9.0479,11.1485,0.2175,0.0207,0.2429
3,emotion_induction_1,ALL_CONDITIONS,HRSD_24.1,HRSD24,cross-corpus-882,RobustScaler,MLP,193,48,5,0.0971,9.1722,11.1806,0.1985,0.015,0.1509
3,emotion_induction_1,ALL_CONDITIONS,HRSD_24.1,HRSD24,cross-corpus-882,RobustScaler,LGBM,193,48,5,0.1208,9.1731,11.3424,0.1829,-0.0137,0.1325
3,emotion_induction_1,ALL_CONDITIONS,HRSD_24.1,HRSD24,cross-corpus-882,RobustScaler,CatBoost,193,48,5,0.1148,9.0472,11.11,0.2112,0.0274,0.2383
4,emotion_induction_1,ALL_CONDITIONS,HRSD_24.1,HRSD24,cross-corpus-882,StandardScaler,Ridge,193,48,10,-0.0145,9.9035,12.1006,-0.019,-0.2835,0.0912
4,emotion_induction_1,ALL_CONDITIONS,HRSD_24.1,HRSD24,cross-corpus-882,StandardScaler,Lasso,193,48,10,-0.015,9.9037,12.088,-0.0197,-0.2808,0.09
4,emotion_induction_1,ALL_CONDITIONS,HRSD_24.1,HRSD24,cross-corpus-882,StandardScaler,ElasticNet,193,48,10,-0.0151,9.8666,12.0246,-0.0202,-0.2674,0.0861
4,emotion_induction_1,ALL_CONDITIONS,HRSD_24.1,HRSD24,cross-corpus-882,StandardScaler,SVR,193,48,10,0.0547,8.6432,10.6328,0.1305,0.009,0.1364
4,emotion_induction_1,ALL_CONDITIONS,HRSD_24.1,HRSD24,cross-corpus-882,StandardScaler,KNN,193,48,10,-0.0149,9.8929,11.8131,-0.0206,-0.2232,0.0564
4,emotion_induction_1,ALL_CONDITIONS,HRSD_24.1,HRSD24,cross-corpus-882,StandardScaler,RF,193,48,10,0.0846,9.1733,11.0348,0.1324,-0.0673,0.1549
4,emotion_induction_1,ALL_CONDITIONS,HRSD_24.1,HRSD24,cross-corpus-882,StandardScaler,ET,193,48,10,0.061,9.2134,11.1862,0.0933,-0.0968,0.1521
4,emotion_induction_1,ALL_CONDITIONS,HRSD_24.1,HRSD24,cross-corpus-882,StandardScaler,GB,193,48,10,-0.0233,10.1604,12.57,-0.0279,-0.385,0.0689
4,emotion_induction_1,ALL_CONDITIONS,HRSD_24.1,HRSD24,cross-corpus-882,StandardScaler,XGB,193,48,10,-0.0308,10.1193,12.41,-0.0373,-0.35,0.0034
4,emotion_induction_1,ALL_CONDITIONS,HRSD_24.1,HRSD24,cross-corpus-882,StandardScaler,MLP,193,48,10,0.0802,9.4199,11.9315,0.0932,-0.2479,0.1261
4,emotion_induction_1,ALL_CONDITIONS,HRSD_24.1,HRSD24,cross-corpus-882,StandardScaler,LGBM,193,48,10,0.1062,9.3889,11.465,0.1351,-0.1522,0.1625
4,emotion_induction_1,ALL_CONDITIONS,HRSD_24.1,HRSD24,cross-corpus-882,StandardScaler,CatBoost,193,48,10,0.0811,9.1809,11.1152,0.1218,-0.083,0.1639
4,emotion_induction_1,ALL_CONDITIONS,HRSD_24.1,HRSD24,cross-corpus-882,MinMaxScaler,Ridge,193,48,15,-0.0375,10.057,12.2696,-0.0483,-0.3196,0.0721
4,emotion_induction_1,ALL_CONDITIONS,HRSD_24.1,HRSD24,cross-corpus-882,MinMaxScaler,Lasso,193,48,15,-0.0273,10.1701,12.4222,-0.0336,-0.3526,0.0844
4,emotion_induction_1,ALL_CONDITIONS,HRSD_24.1,HRSD24,cross-corpus-882,MinMaxScaler,ElasticNet,193,48,15,-0.0384,9.9691,12.1483,-0.0513,-0.2936,0.0711
4,emotion_induction_1,ALL_CONDITIONS,HRSD_24.1,HRSD24,cross-corpus-882,MinMaxScaler,SVR,193,48,15,0.0618,9.4554,11.767,0.0749,-0.2137,0.1226
4,emotion_induction_1,ALL_CONDITIONS,HRSD_24.1,HRSD24,cross-corpus-882,MinMaxScaler,KNN,193,48,15,0.0121,10.0655,11.7725,0.0163,-0.2148,0.0234
4,emotion_induction_1,ALL_CONDITIONS,HRSD_24.1,HRSD24,cross-corpus-882,MinMaxScaler,RF,193,48,15,0.0783,9.0794,11.2004,0.1169,-0.0996,0.0722
4,emotion_induction_1,ALL_CONDITIONS,HRSD_24.1,HRSD24,cross-corpus-882,MinMaxScaler,ET,193,48,15,0.133,8.9535,10.8473,0.1961,-0.0314,0.2138
4,emotion_induction_1,ALL_CONDITIONS,HRSD_24.1,HRSD24,cross-corpus-882,MinMaxScaler,GB,193,48,15,0.0232,9.7672,12.4045,0.0266,-0.3488,0.0369
4,emotion_induction_1,ALL_CONDITIONS,HRSD_24.1,HRSD24,cross-corpus-882,MinMaxScaler,XGB,193,48,15,0.1239,9.1393,11.3271,0.1544,-0.1246,0.065
4,emotion_induction_1,ALL_CONDITIONS,HRSD_24.1,HRSD24,cross-corpus-882,MinMaxScaler,MLP,193,48,15,-0.0247,10.2531,12.3623,-0.0309,-0.3396,0.0179
4,emotion_induction_1,ALL_CONDITIONS,HRSD_24.1,HRSD24,cross-corpus-882,MinMaxScaler,LGBM,193,48,15,0.1343,9.3244,11.3873,0.1629,-0.1366,0.1244
4,emotion_induction_1,ALL_CONDITIONS,HRSD_24.1,HRSD24,cross-corpus-882,MinMaxScaler,CatBoost,193,48,15,0.0734,9.1057,11.2099,0.1053,-0.1015,0.0945
4,emotion_induction_1,ALL_CONDITIONS,HRSD_24.1,HRSD24,cross-corpus-882,RobustScaler,Ridge,193,48,5,0.0001,9.778,11.7326,0.0002,-0.2066,0.0478
4,emotion_induction_1,ALL_CONDITIONS,HRSD_24.1,HRSD24,cross-corpus-882,RobustScaler,Lasso,193,48,5,0.0007,9.7802,11.7379,0.001,-0.2077,0.0501
4,emotion_induction_1,ALL_CONDITIONS,HRSD_24.1,HRSD24,cross-corpus-882,RobustScaler,ElasticNet,193,48,5,-0.0005,9.7723,11.7234,-0.0007,-0.2047,0.0478
4,emotion_induction_1,ALL_CONDITIONS,HRSD_24.1,HRSD24,cross-corpus-882,RobustScaler,SVR,193,48,5,0.0382,9.6279,11.7289,0.0483,-0.2059,0.0832
4,emotion_induction_1,ALL_CONDITIONS,HRSD_24.1,HRSD24,cross-corpus-882,RobustScaler,KNN,193,48,5,-0.0092,9.5463,11.5919,-0.0146,-0.1778,0.0189
4,emotion_induction_1,ALL_CONDITIONS,HRSD_24.1,HRSD24,cross-corpus-882,RobustScaler,RF,193,48,5,0.0519,9.4195,11.3448,0.081,-0.1282,0.1379
4,emotion_induction_1,ALL_CONDITIONS,HRSD_24.1,HRSD24,cross-corpus-882,RobustScaler,ET,193,48,5,0.0408,9.2403,11.3875,0.06,-0.1367,0.0726
4,emotion_induction_1,ALL_CONDITIONS,HRSD_24.1,HRSD24,cross-corpus-882,RobustScaler,GB,193,48,5,-0.0179,10.1794,12.3453,-0.0223,-0.3359,0.0537
4,emotion_induction_1,ALL_CONDITIONS,HRSD_24.1,HRSD24,cross-corpus-882,RobustScaler,XGB,193,48,5,0.0486,9.8412,12.0369,0.0609,-0.27,0.1201
4,emotion_induction_1,ALL_CONDITIONS,HRSD_24.1,HRSD24,cross-corpus-882,RobustScaler,MLP,193,48,5,-0.0196,9.728,12.2852,-0.0242,-0.323,0.0556
4,emotion_induction_1,ALL_CONDITIONS,HRSD_24.1,HRSD24,cross-corpus-882,RobustScaler,LGBM,193,48,5,0.0714,9.828,12.0104,0.0847,-0.2644,0.1426
4,emotion_induction_1,ALL_CONDITIONS,HRSD_24.1,HRSD24,cross-corpus-882,RobustScaler,CatBoost,193,48,5,0.0118,9.7676,11.8773,0.0161,-0.2366,0.1053
5,emotion_induction_1,ALL_CONDITIONS,HRSD_24.1,HRSD24,cross-corpus-882,StandardScaler,Ridge,193,48,5,-0.043,9.3787,11.8037,-0.0616,-0.2217,-0.102
5,emotion_induction_1,ALL_CONDITIONS,HRSD_24.1,HRSD24,cross-corpus-882,StandardScaler,Lasso,193,48,5,-0.0408,9.3608,11.766,-0.0591,-0.2139,-0.0972
5,emotion_induction_1,ALL_CONDITIONS,HRSD_24.1,HRSD24,cross-corpus-882,StandardScaler,ElasticNet,193,48,5,-0.0397,9.3531,11.7455,-0.0577,-0.2097,-0.1049
5,emotion_induction_1,ALL_CONDITIONS,HRSD_24.1,HRSD24,cross-corpus-882,StandardScaler,SVR,193,48,5,-0.0739,9.2692,11.7535,-0.1257,-0.2114,-0.1459
5,emotion_induction_1,ALL_CONDITIONS,HRSD_24.1,HRSD24,cross-corpus-882,StandardScaler,KNN,193,48,5,-0.0771,9.6204,12.1884,-0.1026,-0.3027,-0.1015
5,emotion_induction_1,ALL_CONDITIONS,HRSD_24.1,HRSD24,cross-corpus-882,StandardScaler,RF,193,48,5,-0.1107,10.0262,12.1922,-0.1562,-0.3035,-0.2253
5,emotion_induction_1,ALL_CONDITIONS,HRSD_24.1,HRSD24,cross-corpus-882,StandardScaler,ET,193,48,5,-0.133,10.9017,12.8245,-0.1627,-0.4422,-0.2751
5,emotion_induction_1,ALL_CONDITIONS,HRSD_24.1,HRSD24,cross-corpus-882,StandardScaler,GB,193,48,5,-0.0687,10.1714,12.5131,-0.0842,-0.373,-0.1117
5,emotion_induction_1,ALL_CONDITIONS,HRSD_24.1,HRSD24,cross-corpus-882,StandardScaler,XGB,193,48,5,-0.0499,10.0141,12.2601,-0.0623,-0.318,-0.0647
5,emotion_induction_1,ALL_CONDITIONS,HRSD_24.1,HRSD24,cross-corpus-882,StandardScaler,MLP,193,48,5,-0.0591,9.5572,12.0231,-0.0812,-0.2676,-0.1221
5,emotion_induction_1,ALL_CONDITIONS,HRSD_24.1,HRSD24,cross-corpus-882,StandardScaler,LGBM,193,48,5,-0.1152,10.5798,12.786,-0.1401,-0.4335,-0.1841
5,emotion_induction_1,ALL_CONDITIONS,HRSD_24.1,HRSD24,cross-corpus-882,StandardScaler,CatBoost,193,48,5,-0.0819,9.8764,12.0671,-0.115,-0.2769,-0.1632
5,emotion_induction_1,ALL_CONDITIONS,HRSD_24.1,HRSD24,cross-corpus-882,MinMaxScaler,Ridge,193,48,10,0.0323,9.2099,11.3924,0.0457,-0.1381,-0.039
5,emotion_induction_1,ALL_CONDITIONS,HRSD_24.1,HRSD24,cross-corpus-882,MinMaxScaler,Lasso,193,48,10,0.0373,9.2142,11.4356,0.0513,-0.1467,-0.0408
5,emotion_induction_1,ALL_CONDITIONS,HRSD_24.1,HRSD24,cross-corpus-882,MinMaxScaler,ElasticNet,193,48,10,0.0304,9.1921,11.347,0.0441,-0.129,-0.0391
5,emotion_induction_1,ALL_CONDITIONS,HRSD_24.1,HRSD24,cross-corpus-882,MinMaxScaler,SVR,193,48,10,0.031,9.0623,11.4687,0.0471,-0.1534,-0.0408
5,emotion_induction_1,ALL_CONDITIONS,HRSD_24.1,HRSD24,cross-corpus-882,MinMaxScaler,KNN,193,48,10,0.0192,9.4762,11.6981,0.0249,-0.2,-0.0484
5,emotion_induction_1,ALL_CONDITIONS,HRSD_24.1,HRSD24,cross-corpus-882,MinMaxScaler,RF,193,48,10,-0.0143,9.4115,11.7532,-0.0194,-0.2113,-0.1541
5,emotion_induction_1,ALL_CONDITIONS,HRSD_24.1,HRSD24,cross-corpus-882,MinMaxScaler,ET,193,48,10,-0.026,9.6958,11.7462,-0.0363,-0.2099,-0.0796
5,emotion_induction_1,ALL_CONDITIONS,HRSD_24.1,HRSD24,cross-corpus-882,MinMaxScaler,GB,193,48,10,0.0935,9.1014,11.4514,0.115,-0.1499,-0.0124
5,emotion_induction_1,ALL_CONDITIONS,HRSD_24.1,HRSD24,cross-corpus-882,MinMaxScaler,XGB,193,48,10,0.0538,9.237,11.5778,0.0692,-0.1754,-0.0395
5,emotion_induction_1,ALL_CONDITIONS,HRSD_24.1,HRSD24,cross-corpus-882,MinMaxScaler,MLP,193,48,10,0.0307,9.4223,11.6087,0.0404,-0.1817,-0.0094
5,emotion_induction_1,ALL_CONDITIONS,HRSD_24.1,HRSD24,cross-corpus-882,MinMaxScaler,LGBM,193,48,10,0.0147,9.6258,11.9324,0.0181,-0.2485,-0.0903
5,emotion_induction_1,ALL_CONDITIONS,HRSD_24.1,HRSD24,cross-corpus-882,MinMaxScaler,CatBoost,193,48,10,0.0203,9.1205,11.3981,0.0298,-0.1392,-0.0857
5,emotion_induction_1,ALL_CONDITIONS,HRSD_24.1,HRSD24,cross-corpus-882,RobustScaler,Ridge,193,48,5,0.0129,9.377,11.5332,0.018,-0.1664,0.0272
5,emotion_induction_1,ALL_CONDITIONS,HRSD_24.1,HRSD24,cross-corpus-882,RobustScaler,Lasso,193,48,5,0.0166,9.415,11.6227,0.0223,-0.1846,0.0421
5,emotion_induction_1,ALL_CONDITIONS,HRSD_24.1,HRSD24,cross-corpus-882,RobustScaler,ElasticNet,193,48,5,0.01,9.3539,11.4809,0.0144,-0.1558,0.0179
5,emotion_induction_1,ALL_CONDITIONS,HRSD_24.1,HRSD24,cross-corpus-882,RobustScaler,SVR,193,48,5,-0.03,9.0421,11.4004,-0.0596,-0.1397,-0.0874
5,emotion_induction_1,ALL_CONDITIONS,HRSD_24.1,HRSD24,cross-corpus-882,RobustScaler,KNN,193,48,5,-0.0615,9.9259,12.0649,-0.0822,-0.2764,-0.144
5,emotion_induction_1,ALL_CONDITIONS,HRSD_24.1,HRSD24,cross-corpus-882,RobustScaler,RF,193,48,5,-0.0409,9.6806,11.6755,-0.0613,-0.1953,-0.0919
5,emotion_induction_1,ALL_CONDITIONS,HRSD_24.1,HRSD24,cross-corpus-882,RobustScaler,ET,193,48,5,-0.0309,10.0792,12.3872,-0.0368,-0.3455,-0.1159
5,emotion_induction_1,ALL_CONDITIONS,HRSD_24.1,HRSD24,cross-corpus-882,RobustScaler,GB,193,48,5,0.016,9.8714,12.0977,0.0189,-0.2833,0.0007
5,emotion_induction_1,ALL_CONDITIONS,HRSD_24.1,HRSD24,cross-corpus-882,RobustScaler,XGB,193,48,5,0.0357,9.804,11.8772,0.0431,-0.237,-0.0058
5,emotion_induction_1,ALL_CONDITIONS,HRSD_24.1,HRSD24,cross-corpus-882,RobustScaler,MLP,193,48,5,0.0461,9.4165,11.4945,0.0616,-0.1586,0.0083
5,emotion_induction_1,ALL_CONDITIONS,HRSD_24.1,HRSD24,cross-corpus-882,RobustScaler,LGBM,193,48,5,-0.0657,10.1613,12.2353,-0.0846,-0.3127,-0.1487
5,emotion_induction_1,ALL_CONDITIONS,HRSD_24.1,HRSD24,cross-corpus-882,RobustScaler,CatBoost,193,48,5,-0.0076,9.5436,11.7272,-0.0103,-0.2059,-0.0359
