fold,phase,condition,target,target_short,features,scaler,model,n_train,n_test,n_features,CCC,MAE,RMSE,Pearson_r,R2,Spearman_r
1,emotion_induction_1,SHAM,phq_8,PHQ8,cross-corpus-882,StandardScaler,Ridge,50,13,10,0.1002,5.6193,6.6389,0.1717,0.0068,0.1547
1,emotion_induction_1,SHAM,phq_8,PHQ8,cross-corpus-882,StandardScaler,Lasso,50,13,10,0.1181,5.2284,6.3301,0.3918,0.0971,0.4199
1,emotion_induction_1,SHAM,phq_8,PHQ8,cross-corpus-882,StandardScaler,ElasticNet,50,13,10,0.0546,5.5074,6.5976,0.1471,0.0192,0.116
1,emotion_induction_1,SHAM,phq_8,PHQ8,cross-corpus-882,StandardScaler,SVR,50,13,10,-0.0506,6.3413,7.3427,-0.0779,-0.2149,-0.1547
1,emotion_induction_1,SHAM,phq_8,PHQ8,cross-corpus-882,StandardScaler,KNN,50,13,10,-0.2881,7.0923,8.2382,-0.3963,-0.5293,-0.5007
1,emotion_induction_1,SHAM,phq_8,PHQ8,cross-corpus-882,StandardScaler,RF,50,13,10,-0.028,5.7602,6.9064,-0.0726,-0.0748,-0.0884
1,emotion_induction_1,SHAM,phq_8,PHQ8,cross-corpus-882,StandardScaler,ET,50,13,10,-0.0975,5.9677,7.2524,-0.1965,-0.1852,-0.116
1,emotion_induction_1,SHAM,phq_8,PHQ8,cross-corpus-882,StandardScaler,GB,50,13,10,-0.1226,6.3403,7.6495,-0.2091,-0.3185,-0.0608
1,emotion_induction_1,SHAM,phq_8,PHQ8,cross-corpus-882,StandardScaler,XGB,50,13,10,-0.0559,6.3584,7.4401,-0.0865,-0.2473,-0.116
1,emotion_induction_1,SHAM,phq_8,PHQ8,cross-corpus-882,StandardScaler,MLP,50,13,10,0.2985,5.1114,6.0992,0.4176,0.1618,0.4309
1,emotion_induction_1,SHAM,phq_8,PHQ8,cross-corpus-882,StandardScaler,LGBM,50,13,10,-0.1244,6.2683,7.6205,-0.2004,-0.3086,-0.1687
1,emotion_induction_1,SHAM,phq_8,PHQ8,cross-corpus-882,StandardScaler,CatBoost,50,13,10,-0.043,5.7884,6.9557,-0.1064,-0.0902,-0.1492
1,emotion_induction_1,SHAM,phq_8,PHQ8,cross-corpus-882,MinMaxScaler,Ridge,50,13,15,-0.0488,6.173,7.1162,-0.0992,-0.1411,-0.0221
1,emotion_induction_1,SHAM,phq_8,PHQ8,cross-corpus-882,MinMaxScaler,Lasso,50,13,15,-0.0414,6.024,7.0361,-0.0905,-0.1156,-0.0331
1,emotion_induction_1,SHAM,phq_8,PHQ8,cross-corpus-882,MinMaxScaler,ElasticNet,50,13,15,0.0066,6.1457,7.0208,0.0118,-0.1107,0.0939
1,emotion_induction_1,SHAM,phq_8,PHQ8,cross-corpus-882,MinMaxScaler,SVR,50,13,15,0.0837,5.763,6.7311,0.139,-0.0209,0.221
1,emotion_induction_1,SHAM,phq_8,PHQ8,cross-corpus-882,MinMaxScaler,KNN,50,13,15,-0.1631,6.5055,7.6945,-0.3485,-0.3341,-0.3375
1,emotion_induction_1,SHAM,phq_8,PHQ8,cross-corpus-882,MinMaxScaler,RF,50,13,15,-0.0652,5.7915,7.0575,-0.1504,-0.1223,-0.105
1,emotion_induction_1,SHAM,phq_8,PHQ8,cross-corpus-882,MinMaxScaler,ET,50,13,15,-0.0912,5.9819,7.2496,-0.1941,-0.1843,-0.213
1,emotion_induction_1,SHAM,phq_8,PHQ8,cross-corpus-882,MinMaxScaler,GB,50,13,15,-0.0014,5.668,7.0542,-0.0025,-0.1213,-0.0608
1,emotion_induction_1,SHAM,phq_8,PHQ8,cross-corpus-882,MinMaxScaler,XGB,50,13,15,-0.1552,6.1908,7.7389,-0.2247,-0.3495,-0.1492
1,emotion_induction_1,SHAM,phq_8,PHQ8,cross-corpus-882,MinMaxScaler,MLP,50,13,15,-0.0482,5.9375,6.9978,-0.1284,-0.1035,-0.011
1,emotion_induction_1,SHAM,phq_8,PHQ8,cross-corpus-882,MinMaxScaler,LGBM,50,13,15,-0.1471,6.3698,7.8656,-0.2093,-0.3941,-0.1024
1,emotion_induction_1,SHAM,phq_8,PHQ8,cross-corpus-882,MinMaxScaler,CatBoost,50,13,15,-0.0602,5.9013,7.0427,-0.1367,-0.1176,-0.1326
1,emotion_induction_1,SHAM,phq_8,PHQ8,cross-corpus-882,RobustScaler,Ridge,50,13,10,0.1357,6.023,6.9882,0.1686,-0.1004,0.1934
1,emotion_induction_1,SHAM,phq_8,PHQ8,cross-corpus-882,RobustScaler,Lasso,50,13,10,0.1343,5.9916,6.9637,0.1686,-0.0927,0.2099
1,emotion_induction_1,SHAM,phq_8,PHQ8,cross-corpus-882,RobustScaler,ElasticNet,50,13,10,0.1344,5.9863,6.9597,0.1689,-0.0914,0.2099
1,emotion_induction_1,SHAM,phq_8,PHQ8,cross-corpus-882,RobustScaler,SVR,50,13,10,0.1739,5.2814,6.3507,0.3565,0.0912,0.4641
1,emotion_induction_1,SHAM,phq_8,PHQ8,cross-corpus-882,RobustScaler,KNN,50,13,10,-0.1575,6.2857,7.6007,-0.2984,-0.3018,-0.2451
1,emotion_induction_1,SHAM,phq_8,PHQ8,cross-corpus-882,RobustScaler,RF,50,13,10,-0.0328,5.5237,6.8909,-0.0898,-0.07,0.0331
1,emotion_induction_1,SHAM,phq_8,PHQ8,cross-corpus-882,RobustScaler,ET,50,13,10,-0.0404,5.88,7.0931,-0.085,-0.1337,-0.1687
1,emotion_induction_1,SHAM,phq_8,PHQ8,cross-corpus-882,RobustScaler,GB,50,13,10,-0.0945,6.0981,7.4232,-0.1463,-0.2417,-0.1271
1,emotion_induction_1,SHAM,phq_8,PHQ8,cross-corpus-882,RobustScaler,XGB,50,13,10,-0.2568,6.0757,8.0822,-0.364,-0.4719,-0.3646
1,emotion_induction_1,SHAM,phq_8,PHQ8,cross-corpus-882,RobustScaler,MLP,50,13,10,0.371,5.1051,6.1454,0.4522,0.149,0.5028
1,emotion_induction_1,SHAM,phq_8,PHQ8,cross-corpus-882,RobustScaler,LGBM,50,13,10,-0.0604,5.6942,7.2577,-0.0981,-0.1869,-0.3333
1,emotion_induction_1,SHAM,phq_8,PHQ8,cross-corpus-882,RobustScaler,CatBoost,50,13,10,-0.1037,5.8185,7.2295,-0.217,-0.1777,-0.1878
2,emotion_induction_1,SHAM,phq_8,PHQ8,cross-corpus-882,StandardScaler,Ridge,50,13,5,0.0543,5.9365,6.6967,0.0714,-0.1613,0.221
2,emotion_induction_1,SHAM,phq_8,PHQ8,cross-corpus-882,StandardScaler,Lasso,50,13,5,0.05,5.9985,6.7356,0.0645,-0.1749,0.2486
2,emotion_induction_1,SHAM,phq_8,PHQ8,cross-corpus-882,StandardScaler,ElasticNet,50,13,5,0.0444,5.8668,6.6181,0.0628,-0.1342,0.1878
2,emotion_induction_1,SHAM,phq_8,PHQ8,cross-corpus-882,StandardScaler,SVR,50,13,5,-0.0358,5.7139,6.4732,-0.0906,-0.0851,0.1298
2,emotion_induction_1,SHAM,phq_8,PHQ8,cross-corpus-882,StandardScaler,KNN,50,13,5,-0.2062,6.0549,7.2861,-0.3163,-0.3748,-0.3812
2,emotion_induction_1,SHAM,phq_8,PHQ8,cross-corpus-882,StandardScaler,RF,50,13,5,-0.0983,5.8825,6.7593,-0.1915,-0.1832,-0.1906
2,emotion_induction_1,SHAM,phq_8,PHQ8,cross-corpus-882,StandardScaler,ET,50,13,5,-0.0495,6.1092,6.9097,-0.0712,-0.2364,0.0856
2,emotion_induction_1,SHAM,phq_8,PHQ8,cross-corpus-882,StandardScaler,GB,50,13,5,-0.1789,6.859,8.3898,-0.1901,-0.8228,-0.1934
2,emotion_induction_1,SHAM,phq_8,PHQ8,cross-corpus-882,StandardScaler,XGB,50,13,5,-0.2003,6.4137,7.9267,-0.231,-0.6271,-0.0193
2,emotion_induction_1,SHAM,phq_8,PHQ8,cross-corpus-882,StandardScaler,MLP,50,13,5,0.0054,6.7036,7.4741,0.0058,-0.4466,0.2238
2,emotion_induction_1,SHAM,phq_8,PHQ8,cross-corpus-882,StandardScaler,LGBM,50,13,5,0.1115,5.1469,6.1257,0.2328,0.0283,0.387
2,emotion_induction_1,SHAM,phq_8,PHQ8,cross-corpus-882,StandardScaler,CatBoost,50,13,5,-0.018,5.993,6.7721,-0.0257,-0.1876,0.2569
2,emotion_induction_1,SHAM,phq_8,PHQ8,cross-corpus-882,MinMaxScaler,Ridge,50,13,10,-0.3475,6.9375,8.2004,-0.4561,-0.7415,-0.3619
2,emotion_induction_1,SHAM,phq_8,PHQ8,cross-corpus-882,MinMaxScaler,Lasso,50,13,10,-0.252,6.7598,7.8497,-0.3309,-0.5957,-0.2376
2,emotion_induction_1,SHAM,phq_8,PHQ8,cross-corpus-882,MinMaxScaler,ElasticNet,50,13,10,-0.3245,6.5723,7.7998,-0.4867,-0.5755,-0.3674
2,emotion_induction_1,SHAM,phq_8,PHQ8,cross-corpus-882,MinMaxScaler,SVR,50,13,10,-0.4025,7.2269,8.9823,-0.4685,-1.0894,-0.3536
2,emotion_induction_1,SHAM,phq_8,PHQ8,cross-corpus-882,MinMaxScaler,KNN,50,13,10,-0.4535,7.0989,8.4011,-0.6013,-0.8277,-0.5635
2,emotion_induction_1,SHAM,phq_8,PHQ8,cross-corpus-882,MinMaxScaler,RF,50,13,10,-0.1588,6.1214,7.1961,-0.2461,-0.341,-0.3094
2,emotion_induction_1,SHAM,phq_8,PHQ8,cross-corpus-882,MinMaxScaler,ET,50,13,10,-0.2984,7.0238,8.1069,-0.3634,-0.7019,-0.2762
2,emotion_induction_1,SHAM,phq_8,PHQ8,cross-corpus-882,MinMaxScaler,GB,50,13,10,-0.0077,6.4591,7.6395,-0.0084,-0.5114,0.0552
2,emotion_induction_1,SHAM,phq_8,PHQ8,cross-corpus-882,MinMaxScaler,XGB,50,13,10,-0.0886,6.4926,7.5834,-0.1032,-0.4892,-0.1354
2,emotion_induction_1,SHAM,phq_8,PHQ8,cross-corpus-882,MinMaxScaler,MLP,50,13,10,-0.3344,7.0257,8.2233,-0.4306,-0.7512,-0.3674
2,emotion_induction_1,SHAM,phq_8,PHQ8,cross-corpus-882,MinMaxScaler,LGBM,50,13,10,-0.0424,5.6348,6.7909,-0.0761,-0.1943,0.0939
2,emotion_induction_1,SHAM,phq_8,PHQ8,cross-corpus-882,MinMaxScaler,CatBoost,50,13,10,-0.124,6.6426,7.3775,-0.1581,-0.4095,-0.0663
2,emotion_induction_1,SHAM,phq_8,PHQ8,cross-corpus-882,RobustScaler,Ridge,50,13,15,-0.1339,6.0733,6.9476,-0.2549,-0.25,-0.2293
2,emotion_induction_1,SHAM,phq_8,PHQ8,cross-corpus-882,RobustScaler,Lasso,50,13,15,0.1018,5.7517,6.3971,0.1451,-0.0598,0.232
2,emotion_induction_1,SHAM,phq_8,PHQ8,cross-corpus-882,RobustScaler,ElasticNet,50,13,15,-0.1244,6.2205,7.0469,-0.206,-0.286,-0.1657
2,emotion_induction_1,SHAM,phq_8,PHQ8,cross-corpus-882,RobustScaler,SVR,50,13,15,-0.2455,6.9783,8.2022,-0.2776,-0.7422,-0.1519
2,emotion_induction_1,SHAM,phq_8,PHQ8,cross-corpus-882,RobustScaler,KNN,50,13,15,-0.1835,6.2222,7.3119,-0.2983,-0.3845,-0.3306
2,emotion_induction_1,SHAM,phq_8,PHQ8,cross-corpus-882,RobustScaler,RF,50,13,15,-0.1605,6.1652,7.1687,-0.2542,-0.3308,-0.2624
2,emotion_induction_1,SHAM,phq_8,PHQ8,cross-corpus-882,RobustScaler,ET,50,13,15,-0.3563,7.0385,8.2069,-0.4528,-0.7442,-0.4337
2,emotion_induction_1,SHAM,phq_8,PHQ8,cross-corpus-882,RobustScaler,GB,50,13,15,-0.032,6.737,7.962,-0.0339,-0.6416,0.0276
2,emotion_induction_1,SHAM,phq_8,PHQ8,cross-corpus-882,RobustScaler,XGB,50,13,15,-0.0997,6.938,8.0891,-0.1057,-0.6945,-0.1188
2,emotion_induction_1,SHAM,phq_8,PHQ8,cross-corpus-882,RobustScaler,MLP,50,13,15,-0.1832,7.4589,8.9055,-0.1854,-1.0538,-0.0912
2,emotion_induction_1,SHAM,phq_8,PHQ8,cross-corpus-882,RobustScaler,LGBM,50,13,15,0.0078,5.6228,6.6091,0.0132,-0.1312,0.1934
2,emotion_induction_1,SHAM,phq_8,PHQ8,cross-corpus-882,RobustScaler,CatBoost,50,13,15,-0.1862,6.8232,7.6647,-0.2298,-0.5214,-0.221
3,emotion_induction_1,SHAM,phq_8,PHQ8,cross-corpus-882,StandardScaler,Ridge,50,13,10,-0.3515,8.7025,9.5812,-0.4124,-1.3853,-0.5544
3,emotion_induction_1,SHAM,phq_8,PHQ8,cross-corpus-882,StandardScaler,Lasso,50,13,10,-0.1808,6.868,7.2215,-0.3295,-0.3551,-0.4708
3,emotion_induction_1,SHAM,phq_8,PHQ8,cross-corpus-882,StandardScaler,ElasticNet,50,13,10,-0.1499,6.865,7.2434,-0.2407,-0.3633,-0.2897
3,emotion_induction_1,SHAM,phq_8,PHQ8,cross-corpus-882,StandardScaler,SVR,50,13,10,-0.229,7.485,8.3679,-0.3428,-0.8195,-0.3259
3,emotion_induction_1,SHAM,phq_8,PHQ8,cross-corpus-882,StandardScaler,KNN,50,13,10,-0.1695,6.7778,7.358,-0.2904,-0.4068,-0.4023
3,emotion_induction_1,SHAM,phq_8,PHQ8,cross-corpus-882,StandardScaler,RF,50,13,10,-0.1719,6.68,7.5382,-0.2707,-0.4765,-0.2674
3,emotion_induction_1,SHAM,phq_8,PHQ8,cross-corpus-882,StandardScaler,ET,50,13,10,-0.2398,7.3308,8.0375,-0.3392,-0.6786,-0.3081
3,emotion_induction_1,SHAM,phq_8,PHQ8,cross-corpus-882,StandardScaler,GB,50,13,10,-0.404,7.5625,8.7222,-0.5086,-0.9768,-0.5265
3,emotion_induction_1,SHAM,phq_8,PHQ8,cross-corpus-882,StandardScaler,XGB,50,13,10,-0.237,7.475,8.919,-0.2813,-1.067,-0.2674
3,emotion_induction_1,SHAM,phq_8,PHQ8,cross-corpus-882,StandardScaler,MLP,50,13,10,-0.1859,8.4762,9.33,-0.1906,-1.2619,-0.4736
3,emotion_induction_1,SHAM,phq_8,PHQ8,cross-corpus-882,StandardScaler,LGBM,50,13,10,0.039,5.9532,6.7874,0.0544,-0.1971,-0.0112
3,emotion_induction_1,SHAM,phq_8,PHQ8,cross-corpus-882,StandardScaler,CatBoost,50,13,10,-0.259,7.859,8.7514,-0.3245,-0.99,-0.2981
3,emotion_induction_1,SHAM,phq_8,PHQ8,cross-corpus-882,MinMaxScaler,Ridge,50,13,10,-0.1222,6.9986,7.5662,-0.1457,-0.4875,-0.0836
3,emotion_induction_1,SHAM,phq_8,PHQ8,cross-corpus-882,MinMaxScaler,Lasso,50,13,10,-0.2205,7.3554,7.8921,-0.2631,-0.6184,-0.3343
3,emotion_induction_1,SHAM,phq_8,PHQ8,cross-corpus-882,MinMaxScaler,ElasticNet,50,13,10,-0.145,6.8552,7.3635,-0.1909,-0.4089,-0.1449
3,emotion_induction_1,SHAM,phq_8,PHQ8,cross-corpus-882,MinMaxScaler,SVR,50,13,10,-0.2469,7.4445,8.2507,-0.2968,-0.7688,-0.2591
3,emotion_induction_1,SHAM,phq_8,PHQ8,cross-corpus-882,MinMaxScaler,KNN,50,13,10,-0.2269,6.8547,7.446,-0.3406,-0.4406,-0.4073
3,emotion_induction_1,SHAM,phq_8,PHQ8,cross-corpus-882,MinMaxScaler,RF,50,13,10,-0.0533,6.2234,6.7744,-0.0917,-0.1925,-0.0724
3,emotion_induction_1,SHAM,phq_8,PHQ8,cross-corpus-882,MinMaxScaler,ET,50,13,10,-0.1586,6.7288,7.3275,-0.2569,-0.3951,-0.2034
3,emotion_induction_1,SHAM,phq_8,PHQ8,cross-corpus-882,MinMaxScaler,GB,50,13,10,0.0441,5.7692,6.7491,0.0628,-0.1836,0.1699
3,emotion_induction_1,SHAM,phq_8,PHQ8,cross-corpus-882,MinMaxScaler,XGB,50,13,10,-0.145,6.4725,7.4332,-0.236,-0.4357,-0.1114
3,emotion_induction_1,SHAM,phq_8,PHQ8,cross-corpus-882,MinMaxScaler,MLP,50,13,10,-0.1991,7.8808,8.596,-0.22,-0.92,-0.1309
3,emotion_induction_1,SHAM,phq_8,PHQ8,cross-corpus-882,MinMaxScaler,LGBM,50,13,10,0.0305,6.0136,6.5036,0.0533,-0.099,0.0306
3,emotion_induction_1,SHAM,phq_8,PHQ8,cross-corpus-882,MinMaxScaler,CatBoost,50,13,10,-0.1359,6.4662,7.1262,-0.2331,-0.3195,-0.0864
3,emotion_induction_1,SHAM,phq_8,PHQ8,cross-corpus-882,RobustScaler,Ridge,50,13,5,-0.2602,7.619,8.4617,-0.2783,-0.8605,-0.2284
3,emotion_induction_1,SHAM,phq_8,PHQ8,cross-corpus-882,RobustScaler,Lasso,50,13,5,-0.26,7.4285,8.172,-0.2918,-0.7353,-0.2312
3,emotion_induction_1,SHAM,phq_8,PHQ8,cross-corpus-882,RobustScaler,ElasticNet,50,13,5,-0.2604,7.3436,8.037,-0.3015,-0.6784,-0.2396
3,emotion_induction_1,SHAM,phq_8,PHQ8,cross-corpus-882,RobustScaler,SVR,50,13,5,-0.297,7.2891,8.0289,-0.394,-0.675,-0.4429
3,emotion_induction_1,SHAM,phq_8,PHQ8,cross-corpus-882,RobustScaler,KNN,50,13,5,-0.2895,6.5983,7.3717,-0.5718,-0.412,-0.4987
3,emotion_induction_1,SHAM,phq_8,PHQ8,cross-corpus-882,RobustScaler,RF,50,13,5,-0.2723,6.8648,7.4059,-0.453,-0.4252,-0.507
3,emotion_induction_1,SHAM,phq_8,PHQ8,cross-corpus-882,RobustScaler,ET,50,13,5,-0.236,6.5488,7.261,-0.404,-0.3699,-0.351
3,emotion_induction_1,SHAM,phq_8,PHQ8,cross-corpus-882,RobustScaler,GB,50,13,5,-0.4433,7.6734,8.2564,-0.6198,-0.7713,-0.7744
3,emotion_induction_1,SHAM,phq_8,PHQ8,cross-corpus-882,RobustScaler,XGB,50,13,5,-0.3433,7.4351,7.9744,-0.4459,-0.6524,-0.3928
3,emotion_induction_1,SHAM,phq_8,PHQ8,cross-corpus-882,RobustScaler,MLP,50,13,5,-0.2423,8.0214,8.984,-0.2483,-1.0972,-0.2646
3,emotion_induction_1,SHAM,phq_8,PHQ8,cross-corpus-882,RobustScaler,LGBM,50,13,5,-0.1783,6.4798,7.1622,-0.2977,-0.3329,-0.3212
3,emotion_induction_1,SHAM,phq_8,PHQ8,cross-corpus-882,RobustScaler,CatBoost,50,13,5,-0.3423,7.3328,7.8191,-0.4863,-0.5886,-0.4875
4,emotion_induction_1,SHAM,phq_8,PHQ8,cross-corpus-882,StandardScaler,Ridge,51,12,10,0.0921,7.0792,9.5096,0.1265,-2.6662,0.1103
4,emotion_induction_1,SHAM,phq_8,PHQ8,cross-corpus-882,StandardScaler,Lasso,51,12,10,0.0957,8.0396,11.2155,0.1475,-4.0995,0.2136
4,emotion_induction_1,SHAM,phq_8,PHQ8,cross-corpus-882,StandardScaler,ElasticNet,51,12,10,0.0947,8.0349,11.1788,0.1457,-4.0662,0.1495
4,emotion_induction_1,SHAM,phq_8,PHQ8,cross-corpus-882,StandardScaler,SVR,51,12,10,-0.0366,5.0767,6.1465,-0.0437,-0.5316,0.1708
4,emotion_induction_1,SHAM,phq_8,PHQ8,cross-corpus-882,StandardScaler,KNN,51,12,10,0.1669,4.5833,5.3345,0.2028,-0.1536,0.3173
4,emotion_induction_1,SHAM,phq_8,PHQ8,cross-corpus-882,StandardScaler,RF,51,12,10,0.0415,4.4671,5.6128,0.0656,-0.2772,0.032
4,emotion_induction_1,SHAM,phq_8,PHQ8,cross-corpus-882,StandardScaler,ET,51,12,10,0.0893,4.61,5.481,0.1302,-0.2179,0.2242
4,emotion_induction_1,SHAM,phq_8,PHQ8,cross-corpus-882,StandardScaler,GB,51,12,10,0.2641,4.3368,5.3639,0.3198,-0.1664,0.3132
4,emotion_induction_1,SHAM,phq_8,PHQ8,cross-corpus-882,StandardScaler,XGB,51,12,10,0.1395,5.2051,5.7649,0.1483,-0.3473,0.1388
4,emotion_induction_1,SHAM,phq_8,PHQ8,cross-corpus-882,StandardScaler,MLP,51,12,10,0.055,9.8465,14.5205,0.1028,-7.5477,-0.1103
4,emotion_induction_1,SHAM,phq_8,PHQ8,cross-corpus-882,StandardScaler,LGBM,51,12,10,-0.0352,4.9826,6.4381,-0.0471,-0.6804,-0.1016
4,emotion_induction_1,SHAM,phq_8,PHQ8,cross-corpus-882,StandardScaler,CatBoost,51,12,10,0.1945,4.2731,5.4488,0.2696,-0.2036,0.2136
4,emotion_induction_1,SHAM,phq_8,PHQ8,cross-corpus-882,MinMaxScaler,Ridge,51,12,10,-0.0918,6.0306,6.8937,-0.1037,-0.9266,-0.0997
4,emotion_induction_1,SHAM,phq_8,PHQ8,cross-corpus-882,MinMaxScaler,Lasso,51,12,10,0.0228,5.8388,6.6687,0.0249,-0.8029,-0.0285
4,emotion_induction_1,SHAM,phq_8,PHQ8,cross-corpus-882,MinMaxScaler,ElasticNet,51,12,10,-0.0503,6.458,7.5659,-0.0561,-1.3207,-0.0997
4,emotion_induction_1,SHAM,phq_8,PHQ8,cross-corpus-882,MinMaxScaler,SVR,51,12,10,-0.1974,5.7652,8.0704,-0.2628,-1.6405,0.0925
4,emotion_induction_1,SHAM,phq_8,PHQ8,cross-corpus-882,MinMaxScaler,KNN,51,12,10,0.2245,3.9762,4.8585,0.3415,0.043,0.451
4,emotion_induction_1,SHAM,phq_8,PHQ8,cross-corpus-882,MinMaxScaler,RF,51,12,10,-0.1395,4.8217,5.8982,-0.2201,-0.4104,0.0463
4,emotion_induction_1,SHAM,phq_8,PHQ8,cross-corpus-882,MinMaxScaler,ET,51,12,10,-0.1343,4.8642,5.7738,-0.2203,-0.3515,0.0925
4,emotion_induction_1,SHAM,phq_8,PHQ8,cross-corpus-882,MinMaxScaler,GB,51,12,10,-0.2694,5.4777,6.8685,-0.325,-0.9125,-0.2029
4,emotion_induction_1,SHAM,phq_8,PHQ8,cross-corpus-882,MinMaxScaler,XGB,51,12,10,-0.2648,5.4668,6.9157,-0.3059,-0.939,-0.2385
4,emotion_induction_1,SHAM,phq_8,PHQ8,cross-corpus-882,MinMaxScaler,MLP,51,12,10,-0.1043,6.5629,7.7879,-0.1185,-1.4588,-0.0214
4,emotion_induction_1,SHAM,phq_8,PHQ8,cross-corpus-882,MinMaxScaler,LGBM,51,12,10,0.0789,4.213,5.4025,0.1139,-0.1832,0.2278
4,emotion_induction_1,SHAM,phq_8,PHQ8,cross-corpus-882,MinMaxScaler,CatBoost,51,12,10,-0.2476,5.4585,6.7249,-0.319,-0.8334,-0.2385
4,emotion_induction_1,SHAM,phq_8,PHQ8,cross-corpus-882,RobustScaler,Ridge,51,12,5,-0.5495,7.9698,9.0593,-0.5526,-2.3272,-0.3808
4,emotion_induction_1,SHAM,phq_8,PHQ8,cross-corpus-882,RobustScaler,Lasso,51,12,5,-0.553,7.8807,9.0059,-0.5559,-2.2881,-0.4058
4,emotion_induction_1,SHAM,phq_8,PHQ8,cross-corpus-882,RobustScaler,ElasticNet,51,12,5,-0.5682,7.4852,8.9141,-0.5734,-2.2214,-0.4414
4,emotion_induction_1,SHAM,phq_8,PHQ8,cross-corpus-882,RobustScaler,SVR,51,12,5,-0.3833,5.6508,7.6879,-0.5088,-1.3961,-0.2456
4,emotion_induction_1,SHAM,phq_8,PHQ8,cross-corpus-882,RobustScaler,KNN,51,12,5,-0.4338,5.8426,7.0194,-0.5152,-0.9975,-0.3844
4,emotion_induction_1,SHAM,phq_8,PHQ8,cross-corpus-882,RobustScaler,RF,51,12,5,-0.5292,6.205,7.3216,-0.6934,-1.1732,-0.5339
4,emotion_induction_1,SHAM,phq_8,PHQ8,cross-corpus-882,RobustScaler,ET,51,12,5,-0.4854,6.205,7.4358,-0.5596,-1.2415,-0.3702
4,emotion_induction_1,SHAM,phq_8,PHQ8,cross-corpus-882,RobustScaler,GB,51,12,5,-0.4959,6.5901,8.0992,-0.6263,-1.6593,-0.5766
4,emotion_induction_1,SHAM,phq_8,PHQ8,cross-corpus-882,RobustScaler,XGB,51,12,5,-0.5754,7.0102,8.1997,-0.667,-1.7257,-0.5908
4,emotion_induction_1,SHAM,phq_8,PHQ8,cross-corpus-882,RobustScaler,MLP,51,12,5,-0.5807,7.3642,8.7878,-0.6394,-2.1307,-0.4805
4,emotion_induction_1,SHAM,phq_8,PHQ8,cross-corpus-882,RobustScaler,LGBM,51,12,5,-0.1693,4.9006,5.9148,-0.256,-0.4183,-0.2433
4,emotion_induction_1,SHAM,phq_8,PHQ8,cross-corpus-882,RobustScaler,CatBoost,51,12,5,-0.4804,5.9056,7.0784,-0.6571,-1.0312,-0.509
5,emotion_induction_1,SHAM,phq_8,PHQ8,cross-corpus-882,StandardScaler,Ridge,51,12,5,0.072,4.8186,5.5212,0.0871,-0.4142,0.1301
5,emotion_induction_1,SHAM,phq_8,PHQ8,cross-corpus-882,StandardScaler,Lasso,51,12,5,0.0779,4.129,4.877,0.1143,-0.1034,0.1125
5,emotion_induction_1,SHAM,phq_8,PHQ8,cross-corpus-882,StandardScaler,ElasticNet,51,12,5,0.0685,5.0127,5.7507,0.0812,-0.5342,0.1301
5,emotion_induction_1,SHAM,phq_8,PHQ8,cross-corpus-882,StandardScaler,SVR,51,12,5,-0.2489,6.5048,7.6863,-0.2749,-1.7408,-0.3199
5,emotion_induction_1,SHAM,phq_8,PHQ8,cross-corpus-882,StandardScaler,KNN,51,12,5,0.0187,4.8452,5.8729,0.0214,-0.6001,0.0229
5,emotion_induction_1,SHAM,phq_8,PHQ8,cross-corpus-882,StandardScaler,RF,51,12,5,-0.1709,5.1158,5.85,-0.2026,-0.5876,-0.2109
5,emotion_induction_1,SHAM,phq_8,PHQ8,cross-corpus-882,StandardScaler,ET,51,12,5,-0.2058,5.6675,6.7974,-0.2223,-1.1435,-0.2179
5,emotion_induction_1,SHAM,phq_8,PHQ8,cross-corpus-882,StandardScaler,GB,51,12,5,-0.3158,5.6698,6.4591,-0.3394,-0.9354,-0.3163
5,emotion_induction_1,SHAM,phq_8,PHQ8,cross-corpus-882,StandardScaler,XGB,51,12,5,-0.2826,5.8861,6.7372,-0.297,-1.1057,-0.2074
5,emotion_induction_1,SHAM,phq_8,PHQ8,cross-corpus-882,StandardScaler,MLP,51,12,5,-0.2605,6.1371,6.9561,-0.2793,-1.2448,-0.2988
5,emotion_induction_1,SHAM,phq_8,PHQ8,cross-corpus-882,StandardScaler,LGBM,51,12,5,-0.1985,5.298,6.2588,-0.2094,-0.8173,-0.1589
5,emotion_induction_1,SHAM,phq_8,PHQ8,cross-corpus-882,StandardScaler,CatBoost,51,12,5,-0.2022,5.5188,6.5178,-0.2096,-0.9708,-0.2671
5,emotion_induction_1,SHAM,phq_8,PHQ8,cross-corpus-882,MinMaxScaler,Ridge,51,12,10,-0.1307,4.3211,5.6556,-0.1534,-0.4839,-0.2074
5,emotion_induction_1,SHAM,phq_8,PHQ8,cross-corpus-882,MinMaxScaler,Lasso,51,12,10,0.0171,4.5613,5.6107,0.0187,-0.4604,-0.2039
5,emotion_induction_1,SHAM,phq_8,PHQ8,cross-corpus-882,MinMaxScaler,ElasticNet,51,12,10,-0.0775,4.4247,5.6593,-0.0873,-0.4858,-0.2004
5,emotion_induction_1,SHAM,phq_8,PHQ8,cross-corpus-882,MinMaxScaler,SVR,51,12,10,0.0586,4.5763,5.44,0.0685,-0.3729,-0.1652
5,emotion_induction_1,SHAM,phq_8,PHQ8,cross-corpus-882,MinMaxScaler,KNN,51,12,10,-0.2039,5.1905,6.3111,-0.2312,-0.8478,-0.2668
5,emotion_induction_1,SHAM,phq_8,PHQ8,cross-corpus-882,MinMaxScaler,RF,51,12,10,-0.2492,5.1696,6.165,-0.2761,-0.7632,-0.4148
5,emotion_induction_1,SHAM,phq_8,PHQ8,cross-corpus-882,MinMaxScaler,ET,51,12,10,-0.3839,5.445,7.0146,-0.3945,-1.2827,-0.4359
5,emotion_induction_1,SHAM,phq_8,PHQ8,cross-corpus-882,MinMaxScaler,GB,51,12,10,-0.2907,6.4177,7.1744,-0.3,-1.3879,-0.4288
5,emotion_induction_1,SHAM,phq_8,PHQ8,cross-corpus-882,MinMaxScaler,XGB,51,12,10,-0.3393,5.8629,7.0118,-0.3483,-1.2809,-0.3796
5,emotion_induction_1,SHAM,phq_8,PHQ8,cross-corpus-882,MinMaxScaler,MLP,51,12,10,-0.0552,4.5913,5.6897,-0.0605,-0.5018,-0.1898
5,emotion_induction_1,SHAM,phq_8,PHQ8,cross-corpus-882,MinMaxScaler,LGBM,51,12,10,-0.1689,5.1272,6.0949,-0.1824,-0.7234,-0.1849
5,emotion_induction_1,SHAM,phq_8,PHQ8,cross-corpus-882,MinMaxScaler,CatBoost,51,12,10,-0.1982,5.7463,6.4643,-0.204,-0.9386,-0.3691
5,emotion_induction_1,SHAM,phq_8,PHQ8,cross-corpus-882,RobustScaler,Ridge,51,12,5,-0.1725,4.7279,5.6891,-0.227,-0.5015,-0.3515
5,emotion_induction_1,SHAM,phq_8,PHQ8,cross-corpus-882,RobustScaler,Lasso,51,12,5,-0.0836,4.7824,5.6134,-0.0989,-0.4618,-0.2988
5,emotion_induction_1,SHAM,phq_8,PHQ8,cross-corpus-882,RobustScaler,ElasticNet,51,12,5,-0.1151,4.0808,5.1775,-0.2187,-0.2436,-0.4042
5,emotion_induction_1,SHAM,phq_8,PHQ8,cross-corpus-882,RobustScaler,SVR,51,12,5,-0.0317,4.0527,4.7621,-0.3523,-0.0521,-0.3866
5,emotion_induction_1,SHAM,phq_8,PHQ8,cross-corpus-882,RobustScaler,KNN,51,12,5,-0.521,6.75,7.8333,-0.5315,-1.8466,-0.5326
5,emotion_induction_1,SHAM,phq_8,PHQ8,cross-corpus-882,RobustScaler,RF,51,12,5,-0.3387,5.5046,6.6053,-0.358,-1.0241,-0.4007
5,emotion_induction_1,SHAM,phq_8,PHQ8,cross-corpus-882,RobustScaler,ET,51,12,5,-0.1006,5.0606,6.0208,-0.107,-0.6817,-0.2285
5,emotion_induction_1,SHAM,phq_8,PHQ8,cross-corpus-882,RobustScaler,GB,51,12,5,-0.2548,6.8474,7.5202,-0.266,-1.6236,-0.3691
5,emotion_induction_1,SHAM,phq_8,PHQ8,cross-corpus-882,RobustScaler,XGB,51,12,5,-0.265,6.3,7.0107,-0.2666,-1.2802,-0.3866
5,emotion_induction_1,SHAM,phq_8,PHQ8,cross-corpus-882,RobustScaler,MLP,51,12,5,-0.002,4.6219,5.5317,-0.0021,-0.4196,-0.2074
5,emotion_induction_1,SHAM,phq_8,PHQ8,cross-corpus-882,RobustScaler,LGBM,51,12,5,-0.4639,5.6438,6.8743,-0.521,-1.1923,-0.5782
5,emotion_induction_1,SHAM,phq_8,PHQ8,cross-corpus-882,RobustScaler,CatBoost,51,12,5,-0.2962,5.2231,6.2123,-0.3315,-0.7904,-0.3831
1,emotion_induction_1,SHAM,phq_9,PHQ9,cross-corpus-882,StandardScaler,Ridge,50,13,5,-0.0677,6.5644,7.594,-0.0861,-0.3532,-0.1736
1,emotion_induction_1,SHAM,phq_9,PHQ9,cross-corpus-882,StandardScaler,Lasso,50,13,5,-0.0764,6.5907,7.5878,-0.0987,-0.351,-0.1653
1,emotion_induction_1,SHAM,phq_9,PHQ9,cross-corpus-882,StandardScaler,ElasticNet,50,13,5,-0.0769,6.5837,7.5503,-0.1009,-0.3377,-0.1736
1,emotion_induction_1,SHAM,phq_9,PHQ9,cross-corpus-882,StandardScaler,SVR,50,13,5,0.0361,6.7862,7.2617,0.0484,-0.2374,-0.1047
1,emotion_induction_1,SHAM,phq_9,PHQ9,cross-corpus-882,StandardScaler,KNN,50,13,5,-0.0786,6.5641,7.1493,-0.1401,-0.1994,-0.1102
1,emotion_induction_1,SHAM,phq_9,PHQ9,cross-corpus-882,StandardScaler,RF,50,13,5,-0.0589,7.1077,7.6527,-0.0734,-0.3742,0.0496
1,emotion_induction_1,SHAM,phq_9,PHQ9,cross-corpus-882,StandardScaler,ET,50,13,5,-0.055,6.9192,7.6062,-0.0673,-0.3576,-0.0606
1,emotion_induction_1,SHAM,phq_9,PHQ9,cross-corpus-882,StandardScaler,GB,50,13,5,0.0063,7.3102,8.0238,0.0068,-0.5108,0.0964
1,emotion_induction_1,SHAM,phq_9,PHQ9,cross-corpus-882,StandardScaler,XGB,50,13,5,0.012,7.3842,8.1603,0.0128,-0.5626,0.1185
1,emotion_induction_1,SHAM,phq_9,PHQ9,cross-corpus-882,StandardScaler,MLP,50,13,5,-0.1236,7.3078,8.061,-0.1509,-0.5248,-0.2342
1,emotion_induction_1,SHAM,phq_9,PHQ9,cross-corpus-882,StandardScaler,LGBM,50,13,5,-0.2246,7.16,8.0501,-0.2904,-0.5207,-0.1714
1,emotion_induction_1,SHAM,phq_9,PHQ9,cross-corpus-882,StandardScaler,CatBoost,50,13,5,-0.0021,7.5906,8.1702,-0.0023,-0.5664,-0.0799
1,emotion_induction_1,SHAM,phq_9,PHQ9,cross-corpus-882,MinMaxScaler,Ridge,50,13,10,-0.0924,6.8593,7.7779,-0.1124,-0.4196,-0.2562
1,emotion_induction_1,SHAM,phq_9,PHQ9,cross-corpus-882,MinMaxScaler,Lasso,50,13,10,-0.0383,6.6167,7.4721,-0.0485,-0.3101,-0.0992
1,emotion_induction_1,SHAM,phq_9,PHQ9,cross-corpus-882,MinMaxScaler,ElasticNet,50,13,10,-0.0701,6.6372,7.4666,-0.0924,-0.3082,-0.2204
1,emotion_induction_1,SHAM,phq_9,PHQ9,cross-corpus-882,MinMaxScaler,SVR,50,13,10,-0.0848,6.5686,7.5401,-0.1089,-0.3341,-0.281
1,emotion_induction_1,SHAM,phq_9,PHQ9,cross-corpus-882,MinMaxScaler,KNN,50,13,10,-0.2119,7.4615,8.2307,-0.2896,-0.5897,-0.3959
1,emotion_induction_1,SHAM,phq_9,PHQ9,cross-corpus-882,MinMaxScaler,RF,50,13,10,-0.0996,6.8064,7.6861,-0.131,-0.3863,-0.1129
1,emotion_induction_1,SHAM,phq_9,PHQ9,cross-corpus-882,MinMaxScaler,ET,50,13,10,-0.0837,6.995,7.7705,-0.1027,-0.4169,-0.1322
1,emotion_induction_1,SHAM,phq_9,PHQ9,cross-corpus-882,MinMaxScaler,GB,50,13,10,0.0969,6.4492,7.5524,0.1125,-0.3384,0.1377
1,emotion_induction_1,SHAM,phq_9,PHQ9,cross-corpus-882,MinMaxScaler,XGB,50,13,10,0.1025,6.5838,7.7104,0.1143,-0.395,0.1488
1,emotion_induction_1,SHAM,phq_9,PHQ9,cross-corpus-882,MinMaxScaler,MLP,50,13,10,-0.2101,7.4671,8.2718,-0.2456,-0.6056,-0.168
1,emotion_induction_1,SHAM,phq_9,PHQ9,cross-corpus-882,MinMaxScaler,LGBM,50,13,10,-0.1484,7.0778,7.9682,-0.1914,-0.4899,-0.1326
1,emotion_induction_1,SHAM,phq_9,PHQ9,cross-corpus-882,MinMaxScaler,CatBoost,50,13,10,-0.0174,6.8986,7.9111,-0.0204,-0.4686,-0.0771
1,emotion_induction_1,SHAM,phq_9,PHQ9,cross-corpus-882,RobustScaler,Ridge,50,13,5,-0.1159,6.8031,7.5014,-0.1603,-0.3204,-0.1377
1,emotion_induction_1,SHAM,phq_9,PHQ9,cross-corpus-882,RobustScaler,Lasso,50,13,5,-0.166,7.0453,7.7272,-0.2222,-0.4011,-0.1736
1,emotion_induction_1,SHAM,phq_9,PHQ9,cross-corpus-882,RobustScaler,ElasticNet,50,13,5,-0.1491,6.9604,7.6522,-0.2015,-0.3741,-0.1598
1,emotion_induction_1,SHAM,phq_9,PHQ9,cross-corpus-882,RobustScaler,SVR,50,13,5,-0.2959,7.3941,8.4795,-0.3511,-0.6872,-0.3802
1,emotion_induction_1,SHAM,phq_9,PHQ9,cross-corpus-882,RobustScaler,KNN,50,13,5,-0.1364,6.7363,7.6301,-0.1861,-0.3661,-0.1405
1,emotion_induction_1,SHAM,phq_9,PHQ9,cross-corpus-882,RobustScaler,RF,50,13,5,0.0574,6.1097,7.0113,0.0743,-0.1535,-0.0193
1,emotion_induction_1,SHAM,phq_9,PHQ9,cross-corpus-882,RobustScaler,ET,50,13,5,0.0378,6.2477,7.187,0.0467,-0.2121,0.0358
1,emotion_induction_1,SHAM,phq_9,PHQ9,cross-corpus-882,RobustScaler,GB,50,13,5,0.1382,6.705,8.1206,0.1413,-0.5474,0.0441
1,emotion_induction_1,SHAM,phq_9,PHQ9,cross-corpus-882,RobustScaler,XGB,50,13,5,0.1305,6.6478,8.1207,0.1346,-0.5475,0.2287
1,emotion_induction_1,SHAM,phq_9,PHQ9,cross-corpus-882,RobustScaler,MLP,50,13,5,-0.23,7.222,8.4434,-0.2769,-0.6729,-0.1653
1,emotion_induction_1,SHAM,phq_9,PHQ9,cross-corpus-882,RobustScaler,LGBM,50,13,5,0.0271,6.3501,7.4572,0.0311,-0.3049,0.0124
1,emotion_induction_1,SHAM,phq_9,PHQ9,cross-corpus-882,RobustScaler,CatBoost,50,13,5,0.1365,5.727,7.0749,0.1548,-0.1746,0.0964
2,emotion_induction_1,SHAM,phq_9,PHQ9,cross-corpus-882,StandardScaler,Ridge,50,13,5,-0.0671,6.0507,7.7877,-0.1466,-0.1716,-0.1434
2,emotion_induction_1,SHAM,phq_9,PHQ9,cross-corpus-882,StandardScaler,Lasso,50,13,5,-0.055,6.0025,7.7849,-0.1133,-0.1708,-0.0938
2,emotion_induction_1,SHAM,phq_9,PHQ9,cross-corpus-882,StandardScaler,ElasticNet,50,13,5,-0.0707,6.1679,7.9143,-0.1308,-0.2101,-0.1434
2,emotion_induction_1,SHAM,phq_9,PHQ9,cross-corpus-882,StandardScaler,SVR,50,13,5,-0.0849,6.6717,8.3593,-0.2399,-0.3499,-0.1986
2,emotion_induction_1,SHAM,phq_9,PHQ9,cross-corpus-882,StandardScaler,KNN,50,13,5,-0.2046,6.6813,8.5226,-0.3201,-0.4032,-0.2224
2,emotion_induction_1,SHAM,phq_9,PHQ9,cross-corpus-882,StandardScaler,RF,50,13,5,-0.1781,6.5358,8.4015,-0.3041,-0.3636,-0.309
2,emotion_induction_1,SHAM,phq_9,PHQ9,cross-corpus-882,StandardScaler,ET,50,13,5,-0.1413,6.4046,8.5833,-0.1982,-0.4233,-0.149
2,emotion_induction_1,SHAM,phq_9,PHQ9,cross-corpus-882,StandardScaler,GB,50,13,5,0.3315,5.5038,6.8045,0.3952,0.1055,0.4828
2,emotion_induction_1,SHAM,phq_9,PHQ9,cross-corpus-882,StandardScaler,XGB,50,13,5,-0.077,6.878,8.5754,-0.1082,-0.4207,0.1959
2,emotion_induction_1,SHAM,phq_9,PHQ9,cross-corpus-882,StandardScaler,MLP,50,13,5,0.0763,7.2259,8.7431,0.0811,-0.4767,0.1766
2,emotion_induction_1,SHAM,phq_9,PHQ9,cross-corpus-882,StandardScaler,LGBM,50,13,5,-0.0539,6.5327,7.9029,-0.1015,-0.2066,-0.0125
2,emotion_induction_1,SHAM,phq_9,PHQ9,cross-corpus-882,StandardScaler,CatBoost,50,13,5,-0.0862,6.5393,7.9198,-0.17,-0.2117,-0.0855
2,emotion_induction_1,SHAM,phq_9,PHQ9,cross-corpus-882,MinMaxScaler,Ridge,50,13,5,-0.0764,6.2656,8.1812,-0.1177,-0.293,-0.0359
2,emotion_induction_1,SHAM,phq_9,PHQ9,cross-corpus-882,MinMaxScaler,Lasso,50,13,5,-0.0796,6.1951,8.1042,-0.1298,-0.2688,-0.0441
2,emotion_induction_1,SHAM,phq_9,PHQ9,cross-corpus-882,MinMaxScaler,ElasticNet,50,13,5,-0.0534,5.9873,7.8425,-0.1055,-0.1882,-0.0524
2,emotion_induction_1,SHAM,phq_9,PHQ9,cross-corpus-882,MinMaxScaler,SVR,50,13,5,-0.0426,6.1155,8.2827,-0.0725,-0.3253,0.0166
2,emotion_induction_1,SHAM,phq_9,PHQ9,cross-corpus-882,MinMaxScaler,KNN,50,13,5,-0.1888,6.4835,8.4975,-0.3012,-0.3949,-0.3531
2,emotion_induction_1,SHAM,phq_9,PHQ9,cross-corpus-882,MinMaxScaler,RF,50,13,5,-0.1037,6.1936,8.2216,-0.1717,-0.3058,-0.0772
2,emotion_induction_1,SHAM,phq_9,PHQ9,cross-corpus-882,MinMaxScaler,ET,50,13,5,-0.1228,6.5481,8.4484,-0.1753,-0.3789,-0.0634
2,emotion_induction_1,SHAM,phq_9,PHQ9,cross-corpus-882,MinMaxScaler,GB,50,13,5,0.0576,6.3203,7.9068,0.0771,-0.2078,0.1903
2,emotion_induction_1,SHAM,phq_9,PHQ9,cross-corpus-882,MinMaxScaler,XGB,50,13,5,-0.0687,6.7105,8.6204,-0.1003,-0.4356,0.08
2,emotion_induction_1,SHAM,phq_9,PHQ9,cross-corpus-882,MinMaxScaler,MLP,50,13,5,-0.0973,6.2176,8.0341,-0.1828,-0.247,-0.1462
2,emotion_induction_1,SHAM,phq_9,PHQ9,cross-corpus-882,MinMaxScaler,LGBM,50,13,5,-0.0628,6.9468,7.9567,-0.1092,-0.2231,-0.0792
2,emotion_induction_1,SHAM,phq_9,PHQ9,cross-corpus-882,MinMaxScaler,CatBoost,50,13,5,-0.065,6.2358,8.0047,-0.1072,-0.2379,0.0717
2,emotion_induction_1,SHAM,phq_9,PHQ9,cross-corpus-882,RobustScaler,Ridge,50,13,5,-0.0859,6.2428,8.366,-0.1229,-0.3521,-0.0717
2,emotion_induction_1,SHAM,phq_9,PHQ9,cross-corpus-882,RobustScaler,Lasso,50,13,5,-0.0693,5.9201,7.8101,-0.1634,-0.1784,-0.0331
2,emotion_induction_1,SHAM,phq_9,PHQ9,cross-corpus-882,RobustScaler,ElasticNet,50,13,5,-0.07,6.0237,7.9606,-0.1296,-0.2243,-0.0524
2,emotion_induction_1,SHAM,phq_9,PHQ9,cross-corpus-882,RobustScaler,SVR,50,13,5,-0.0637,6.3577,8.3696,-0.1706,-0.3533,-0.0745
2,emotion_induction_1,SHAM,phq_9,PHQ9,cross-corpus-882,RobustScaler,KNN,50,13,5,-0.1182,6.5275,8.4764,-0.1605,-0.388,-0.1217
2,emotion_induction_1,SHAM,phq_9,PHQ9,cross-corpus-882,RobustScaler,RF,50,13,5,-0.1556,6.244,8.5366,-0.2319,-0.4078,-0.1241
2,emotion_induction_1,SHAM,phq_9,PHQ9,cross-corpus-882,RobustScaler,ET,50,13,5,-0.0909,6.1246,8.4978,-0.1209,-0.3951,-0.0552
2,emotion_induction_1,SHAM,phq_9,PHQ9,cross-corpus-882,RobustScaler,GB,50,13,5,-0.3013,7.4611,9.6016,-0.3602,-0.781,-0.2979
2,emotion_induction_1,SHAM,phq_9,PHQ9,cross-corpus-882,RobustScaler,XGB,50,13,5,-0.1527,6.8408,9.0544,-0.1945,-0.5838,-0.1517
2,emotion_induction_1,SHAM,phq_9,PHQ9,cross-corpus-882,RobustScaler,MLP,50,13,5,0.091,6.6982,8.6946,0.1001,-0.4604,0.1379
2,emotion_induction_1,SHAM,phq_9,PHQ9,cross-corpus-882,RobustScaler,LGBM,50,13,5,-0.0851,5.9961,8.1171,-0.1457,-0.2728,-0.1819
2,emotion_induction_1,SHAM,phq_9,PHQ9,cross-corpus-882,RobustScaler,CatBoost,50,13,5,-0.1505,6.3412,8.6782,-0.2057,-0.4549,-0.1186
3,emotion_induction_1,SHAM,phq_9,PHQ9,cross-corpus-882,StandardScaler,Ridge,50,13,5,0.1352,5.8278,6.6797,0.1448,-0.3313,0.0688
3,emotion_induction_1,SHAM,phq_9,PHQ9,cross-corpus-882,StandardScaler,Lasso,50,13,5,0.1312,5.8304,6.6669,0.1411,-0.3262,0.0688
3,emotion_induction_1,SHAM,phq_9,PHQ9,cross-corpus-882,StandardScaler,ElasticNet,50,13,5,0.1304,5.8314,6.6642,0.1403,-0.3251,0.0688
3,emotion_induction_1,SHAM,phq_9,PHQ9,cross-corpus-882,StandardScaler,SVR,50,13,5,0.0294,6.9614,8.6405,0.0298,-1.2276,0.1045
3,emotion_induction_1,SHAM,phq_9,PHQ9,cross-corpus-882,StandardScaler,KNN,50,13,5,-0.0363,6.1692,7.2733,-0.0395,-0.5785,0.1088
3,emotion_induction_1,SHAM,phq_9,PHQ9,cross-corpus-882,StandardScaler,RF,50,13,5,-0.0863,6.4583,6.7693,-0.1078,-0.3673,0.0193
3,emotion_induction_1,SHAM,phq_9,PHQ9,cross-corpus-882,StandardScaler,ET,50,13,5,0.1718,5.5554,6.3399,0.1862,-0.1993,0.3274
3,emotion_induction_1,SHAM,phq_9,PHQ9,cross-corpus-882,StandardScaler,GB,50,13,5,0.1809,6.2903,7.4361,0.196,-0.6499,0.2476
3,emotion_induction_1,SHAM,phq_9,PHQ9,cross-corpus-882,StandardScaler,XGB,50,13,5,-0.0876,6.5999,7.3984,-0.0944,-0.6332,0.033
3,emotion_induction_1,SHAM,phq_9,PHQ9,cross-corpus-882,StandardScaler,MLP,50,13,5,-0.0564,5.6988,6.9678,-0.0691,-0.4486,-0.0935
3,emotion_induction_1,SHAM,phq_9,PHQ9,cross-corpus-882,StandardScaler,LGBM,50,13,5,-0.3715,7.0775,7.5643,-0.4848,-0.7073,-0.4742
3,emotion_induction_1,SHAM,phq_9,PHQ9,cross-corpus-882,StandardScaler,CatBoost,50,13,5,-0.0204,6.1372,6.6887,-0.0242,-0.3349,0.0275
3,emotion_induction_1,SHAM,phq_9,PHQ9,cross-corpus-882,MinMaxScaler,Ridge,50,13,10,-0.0725,6.2094,6.7288,-0.0897,-0.3509,-0.044
3,emotion_induction_1,SHAM,phq_9,PHQ9,cross-corpus-882,MinMaxScaler,Lasso,50,13,10,-0.0167,5.9725,6.4813,-0.0214,-0.2534,0.0633
3,emotion_induction_1,SHAM,phq_9,PHQ9,cross-corpus-882,MinMaxScaler,ElasticNet,50,13,10,-0.0567,6.2736,6.812,-0.0667,-0.3846,-0.0358
3,emotion_induction_1,SHAM,phq_9,PHQ9,cross-corpus-882,MinMaxScaler,SVR,50,13,10,-0.1731,6.3112,7.1007,-0.2203,-0.5044,-0.0908
3,emotion_induction_1,SHAM,phq_9,PHQ9,cross-corpus-882,MinMaxScaler,KNN,50,13,10,-0.0735,5.8791,6.5715,-0.0994,-0.2885,0.0413
3,emotion_induction_1,SHAM,phq_9,PHQ9,cross-corpus-882,MinMaxScaler,RF,50,13,10,-0.1789,6.2965,6.8502,-0.2543,-0.4001,-0.0138
3,emotion_induction_1,SHAM,phq_9,PHQ9,cross-corpus-882,MinMaxScaler,ET,50,13,10,0.0539,5.7588,6.3865,0.0666,-0.217,0.1238
3,emotion_induction_1,SHAM,phq_9,PHQ9,cross-corpus-882,MinMaxScaler,GB,50,13,10,-0.1139,6.4864,7.3641,-0.1381,-0.6181,-0.1843
3,emotion_induction_1,SHAM,phq_9,PHQ9,cross-corpus-882,MinMaxScaler,XGB,50,13,10,-0.1079,6.3991,7.2955,-0.132,-0.5881,-0.1376
3,emotion_induction_1,SHAM,phq_9,PHQ9,cross-corpus-882,MinMaxScaler,MLP,50,13,10,-0.2905,6.4852,7.3394,-0.3741,-0.6072,-0.2999
3,emotion_induction_1,SHAM,phq_9,PHQ9,cross-corpus-882,MinMaxScaler,LGBM,50,13,10,-0.2701,6.8726,7.3707,-0.3375,-0.621,-0.0579
3,emotion_induction_1,SHAM,phq_9,PHQ9,cross-corpus-882,MinMaxScaler,CatBoost,50,13,10,-0.1263,6.0232,6.67,-0.1787,-0.3275,-0.0688
3,emotion_induction_1,SHAM,phq_9,PHQ9,cross-corpus-882,RobustScaler,Ridge,50,13,5,-0.2764,6.3227,7.1305,-0.3951,-0.517,-0.3934
3,emotion_induction_1,SHAM,phq_9,PHQ9,cross-corpus-882,RobustScaler,Lasso,50,13,5,-0.2945,6.535,7.5114,-0.3713,-0.6835,-0.2834
3,emotion_induction_1,SHAM,phq_9,PHQ9,cross-corpus-882,RobustScaler,ElasticNet,50,13,5,-0.2941,6.4673,7.3713,-0.3857,-0.6213,-0.3934
3,emotion_induction_1,SHAM,phq_9,PHQ9,cross-corpus-882,RobustScaler,SVR,50,13,5,-0.3146,7.1919,8.4869,-0.3574,-1.1491,-0.2503
3,emotion_induction_1,SHAM,phq_9,PHQ9,cross-corpus-882,RobustScaler,KNN,50,13,5,-0.3272,6.4,7.7205,-0.4022,-0.7785,-0.26
3,emotion_induction_1,SHAM,phq_9,PHQ9,cross-corpus-882,RobustScaler,RF,50,13,5,-0.3901,7.15,8.055,-0.4336,-0.936,-0.4421
3,emotion_induction_1,SHAM,phq_9,PHQ9,cross-corpus-882,RobustScaler,ET,50,13,5,-0.2582,6.8038,7.6207,-0.2896,-0.7328,-0.2256
3,emotion_induction_1,SHAM,phq_9,PHQ9,cross-corpus-882,RobustScaler,GB,50,13,5,-0.3598,7.4929,8.68,-0.3714,-1.248,-0.2999
3,emotion_induction_1,SHAM,phq_9,PHQ9,cross-corpus-882,RobustScaler,XGB,50,13,5,-0.2673,7.0044,8.0934,-0.28,-0.9545,-0.2173
3,emotion_induction_1,SHAM,phq_9,PHQ9,cross-corpus-882,RobustScaler,MLP,50,13,5,-0.2221,6.2971,7.2394,-0.2897,-0.5637,-0.2861
3,emotion_induction_1,SHAM,phq_9,PHQ9,cross-corpus-882,RobustScaler,LGBM,50,13,5,-0.2691,6.4983,7.3057,-0.3421,-0.5925,-0.2928
3,emotion_induction_1,SHAM,phq_9,PHQ9,cross-corpus-882,RobustScaler,CatBoost,50,13,5,-0.3404,7.155,8.0767,-0.3743,-0.9464,-0.3879
4,emotion_induction_1,SHAM,phq_9,PHQ9,cross-corpus-882,StandardScaler,Ridge,51,12,5,0.3408,5.043,5.9301,0.3499,-0.1256,0.3445
4,emotion_induction_1,SHAM,phq_9,PHQ9,cross-corpus-882,StandardScaler,Lasso,51,12,5,0.3425,5.1641,6.2439,0.3482,-0.2478,0.3445
4,emotion_induction_1,SHAM,phq_9,PHQ9,cross-corpus-882,StandardScaler,ElasticNet,51,12,5,0.3437,5.123,6.1535,0.3497,-0.212,0.3445
4,emotion_induction_1,SHAM,phq_9,PHQ9,cross-corpus-882,StandardScaler,SVR,51,12,5,0.0478,5.9069,6.5266,0.0555,-0.3634,0.007
4,emotion_induction_1,SHAM,phq_9,PHQ9,cross-corpus-882,StandardScaler,KNN,51,12,5,0.0724,5.131,6.1778,0.0971,-0.2216,0.0035
4,emotion_induction_1,SHAM,phq_9,PHQ9,cross-corpus-882,StandardScaler,RF,51,12,5,0.1488,5.725,6.3608,0.1575,-0.295,0.116
4,emotion_induction_1,SHAM,phq_9,PHQ9,cross-corpus-882,StandardScaler,ET,51,12,5,0.1426,5.6296,6.1966,0.1553,-0.229,0.1301
4,emotion_induction_1,SHAM,phq_9,PHQ9,cross-corpus-882,StandardScaler,GB,51,12,5,0.2576,5.563,6.3307,0.2632,-0.2828,0.0351
4,emotion_induction_1,SHAM,phq_9,PHQ9,cross-corpus-882,StandardScaler,XGB,51,12,5,0.294,5.3832,6.1345,0.2984,-0.2045,0.1793
4,emotion_induction_1,SHAM,phq_9,PHQ9,cross-corpus-882,StandardScaler,MLP,51,12,5,0.3239,5.465,6.1955,0.3276,-0.2286,0.2812
4,emotion_induction_1,SHAM,phq_9,PHQ9,cross-corpus-882,StandardScaler,LGBM,51,12,5,-0.1289,5.9334,6.705,-0.1599,-0.439,-0.3979
4,emotion_induction_1,SHAM,phq_9,PHQ9,cross-corpus-882,StandardScaler,CatBoost,51,12,5,0.1496,5.2314,5.9143,0.1779,-0.1196,0.1054
4,emotion_induction_1,SHAM,phq_9,PHQ9,cross-corpus-882,MinMaxScaler,Ridge,51,12,15,0.3612,4.8755,5.6958,0.3796,-0.0384,0.3972
4,emotion_induction_1,SHAM,phq_9,PHQ9,cross-corpus-882,MinMaxScaler,Lasso,51,12,15,0.3253,4.9634,5.6167,0.3522,-0.0098,0.3831
4,emotion_induction_1,SHAM,phq_9,PHQ9,cross-corpus-882,MinMaxScaler,ElasticNet,51,12,15,0.3721,4.9531,5.794,0.3837,-0.0745,0.3515
4,emotion_induction_1,SHAM,phq_9,PHQ9,cross-corpus-882,MinMaxScaler,SVR,51,12,15,0.3813,5.1404,5.8658,0.3894,-0.1013,0.3726
4,emotion_induction_1,SHAM,phq_9,PHQ9,cross-corpus-882,MinMaxScaler,KNN,51,12,15,0.1414,4.4907,5.4916,0.2429,0.0347,-0.046
4,emotion_induction_1,SHAM,phq_9,PHQ9,cross-corpus-882,MinMaxScaler,RF,51,12,15,0.1627,5.04,5.6349,0.2152,-0.0163,0.0527
4,emotion_induction_1,SHAM,phq_9,PHQ9,cross-corpus-882,MinMaxScaler,ET,51,12,15,0.1926,5.8196,6.5078,0.2049,-0.3555,0.1617
4,emotion_induction_1,SHAM,phq_9,PHQ9,cross-corpus-882,MinMaxScaler,GB,51,12,15,0.3678,4.9489,5.4411,0.3917,0.0524,0.355
4,emotion_induction_1,SHAM,phq_9,PHQ9,cross-corpus-882,MinMaxScaler,XGB,51,12,15,0.3529,4.3389,5.0761,0.4294,0.1753,0.362
4,emotion_induction_1,SHAM,phq_9,PHQ9,cross-corpus-882,MinMaxScaler,MLP,51,12,15,0.247,4.8244,5.6437,0.2818,-0.0195,0.0562
4,emotion_induction_1,SHAM,phq_9,PHQ9,cross-corpus-882,MinMaxScaler,LGBM,51,12,15,-0.1085,6.0148,6.745,-0.1278,-0.4562,-0.3028
4,emotion_induction_1,SHAM,phq_9,PHQ9,cross-corpus-882,MinMaxScaler,CatBoost,51,12,15,0.2401,4.9932,5.6686,0.2734,-0.0285,0.109
4,emotion_induction_1,SHAM,phq_9,PHQ9,cross-corpus-882,RobustScaler,Ridge,51,12,10,0.3792,4.5897,5.1952,0.4216,0.1361,0.1054
4,emotion_induction_1,SHAM,phq_9,PHQ9,cross-corpus-882,RobustScaler,Lasso,51,12,10,0.3863,5.0475,5.7597,0.3944,-0.0618,0.2214
4,emotion_induction_1,SHAM,phq_9,PHQ9,cross-corpus-882,RobustScaler,ElasticNet,51,12,10,0.3884,4.7846,5.3929,0.4098,0.0691,0.1757
4,emotion_induction_1,SHAM,phq_9,PHQ9,cross-corpus-882,RobustScaler,SVR,51,12,10,0.2701,5.1382,5.6468,0.3086,-0.0206,0.2109
4,emotion_induction_1,SHAM,phq_9,PHQ9,cross-corpus-882,RobustScaler,KNN,51,12,10,0.1181,4.7407,5.7728,0.2192,-0.0666,0.1371
4,emotion_induction_1,SHAM,phq_9,PHQ9,cross-corpus-882,RobustScaler,RF,51,12,10,0.3302,4.9758,5.5439,0.3548,0.0163,0.2623
4,emotion_induction_1,SHAM,phq_9,PHQ9,cross-corpus-882,RobustScaler,ET,51,12,10,0.1738,6.0608,6.5426,0.179,-0.3701,-0.007
4,emotion_induction_1,SHAM,phq_9,PHQ9,cross-corpus-882,RobustScaler,GB,51,12,10,0.4081,4.9393,5.4534,0.4209,0.0481,0.2917
4,emotion_induction_1,SHAM,phq_9,PHQ9,cross-corpus-882,RobustScaler,XGB,51,12,10,0.3886,5.0143,5.6761,0.3958,-0.0312,0.3972
4,emotion_induction_1,SHAM,phq_9,PHQ9,cross-corpus-882,RobustScaler,MLP,51,12,10,0.3554,5.8793,6.6235,0.3597,-0.4042,0.246
4,emotion_induction_1,SHAM,phq_9,PHQ9,cross-corpus-882,RobustScaler,LGBM,51,12,10,-0.1248,5.9867,6.7364,-0.1533,-0.4525,-0.3979
4,emotion_induction_1,SHAM,phq_9,PHQ9,cross-corpus-882,RobustScaler,CatBoost,51,12,10,0.3913,4.6701,5.3761,0.4125,0.0749,0.3339
5,emotion_induction_1,SHAM,phq_9,PHQ9,cross-corpus-882,StandardScaler,Ridge,51,12,10,-0.1854,5.0345,6.6334,-0.186,-1.21,-0.1895
5,emotion_induction_1,SHAM,phq_9,PHQ9,cross-corpus-882,StandardScaler,Lasso,51,12,10,-0.2007,4.6539,5.815,-0.2318,-0.6984,-0.1754
5,emotion_induction_1,SHAM,phq_9,PHQ9,cross-corpus-882,StandardScaler,ElasticNet,51,12,10,-0.1115,4.3118,5.4452,-0.1314,-0.4892,-0.1754
5,emotion_induction_1,SHAM,phq_9,PHQ9,cross-corpus-882,StandardScaler,SVR,51,12,10,-0.2128,5.4937,6.438,-0.2263,-1.0818,-0.2456
5,emotion_induction_1,SHAM,phq_9,PHQ9,cross-corpus-882,StandardScaler,KNN,51,12,10,-0.1318,4.537,5.4172,-0.1561,-0.4739,-0.1439
5,emotion_induction_1,SHAM,phq_9,PHQ9,cross-corpus-882,StandardScaler,RF,51,12,10,0.0251,4.2242,4.9327,0.0312,-0.2221,-0.2211
5,emotion_induction_1,SHAM,phq_9,PHQ9,cross-corpus-882,StandardScaler,ET,51,12,10,-0.2022,5.1958,6.3259,-0.2208,-1.0099,-0.2877
5,emotion_induction_1,SHAM,phq_9,PHQ9,cross-corpus-882,StandardScaler,GB,51,12,10,0.0866,4.494,5.5059,0.0907,-0.5226,0.1333
5,emotion_induction_1,SHAM,phq_9,PHQ9,cross-corpus-882,StandardScaler,XGB,51,12,10,0.179,4.3502,5.3392,0.1859,-0.4318,0.1333
5,emotion_induction_1,SHAM,phq_9,PHQ9,cross-corpus-882,StandardScaler,MLP,51,12,10,-0.158,5.7565,9.0564,-0.1773,-3.1195,0.0737
5,emotion_induction_1,SHAM,phq_9,PHQ9,cross-corpus-882,StandardScaler,LGBM,51,12,10,-0.1052,4.752,5.5159,-0.1193,-0.5282,-0.2632
5,emotion_induction_1,SHAM,phq_9,PHQ9,cross-corpus-882,StandardScaler,CatBoost,51,12,10,-0.1227,5.1408,5.9524,-0.1285,-0.7796,-0.186
5,emotion_induction_1,SHAM,phq_9,PHQ9,cross-corpus-882,MinMaxScaler,Ridge,51,12,10,-0.2571,5.647,7.1799,-0.2578,-1.5892,-0.2632
5,emotion_induction_1,SHAM,phq_9,PHQ9,cross-corpus-882,MinMaxScaler,Lasso,51,12,10,-0.1794,5.0852,6.2787,-0.1885,-0.98,-0.2175
5,emotion_induction_1,SHAM,phq_9,PHQ9,cross-corpus-882,MinMaxScaler,ElasticNet,51,12,10,-0.1933,5.2724,6.4734,-0.197,-1.1048,-0.3298
5,emotion_induction_1,SHAM,phq_9,PHQ9,cross-corpus-882,MinMaxScaler,SVR,51,12,10,-0.2238,5.836,7.3789,-0.2254,-1.7347,-0.2386
5,emotion_induction_1,SHAM,phq_9,PHQ9,cross-corpus-882,MinMaxScaler,KNN,51,12,10,-0.061,5.0185,6.0118,-0.0631,-0.8153,-0.0947
5,emotion_induction_1,SHAM,phq_9,PHQ9,cross-corpus-882,MinMaxScaler,RF,51,12,10,-0.0725,4.6067,5.348,-0.0862,-0.4366,-0.3439
5,emotion_induction_1,SHAM,phq_9,PHQ9,cross-corpus-882,MinMaxScaler,ET,51,12,10,-0.0152,4.8192,5.813,-0.0167,-0.6972,-0.2
5,emotion_induction_1,SHAM,phq_9,PHQ9,cross-corpus-882,MinMaxScaler,GB,51,12,10,0.1922,4.4733,5.2977,0.2007,-0.4097,0.0351
5,emotion_induction_1,SHAM,phq_9,PHQ9,cross-corpus-882,MinMaxScaler,XGB,51,12,10,0.1323,4.4043,5.3781,0.1362,-0.4528,0.0211
5,emotion_induction_1,SHAM,phq_9,PHQ9,cross-corpus-882,MinMaxScaler,MLP,51,12,10,-0.2289,5.6958,7.224,-0.2309,-1.6212,-0.3298
5,emotion_induction_1,SHAM,phq_9,PHQ9,cross-corpus-882,MinMaxScaler,LGBM,51,12,10,-0.2567,5.1303,6.0319,-0.277,-0.8275,-0.4597
5,emotion_induction_1,SHAM,phq_9,PHQ9,cross-corpus-882,MinMaxScaler,CatBoost,51,12,10,-0.0795,4.6149,5.505,-0.0895,-0.5221,-0.1789
5,emotion_induction_1,SHAM,phq_9,PHQ9,cross-corpus-882,RobustScaler,Ridge,51,12,10,-0.1739,4.8252,6.2744,-0.1772,-0.9773,-0.1228
5,emotion_induction_1,SHAM,phq_9,PHQ9,cross-corpus-882,RobustScaler,Lasso,51,12,10,-0.1546,4.9416,6.385,-0.1564,-1.0476,-0.1228
5,emotion_induction_1,SHAM,phq_9,PHQ9,cross-corpus-882,RobustScaler,ElasticNet,51,12,10,-0.235,4.4532,5.8999,-0.2586,-0.7484,-0.1439
5,emotion_induction_1,SHAM,phq_9,PHQ9,cross-corpus-882,RobustScaler,SVR,51,12,10,-0.1028,4.4382,5.1982,-0.1317,-0.3572,-0.3018
5,emotion_induction_1,SHAM,phq_9,PHQ9,cross-corpus-882,RobustScaler,KNN,51,12,10,-0.1757,4.3333,5.6909,-0.2038,-0.6267,-0.1439
5,emotion_induction_1,SHAM,phq_9,PHQ9,cross-corpus-882,RobustScaler,RF,51,12,10,-0.034,4.0633,4.8767,-0.0508,-0.1945,-0.186
5,emotion_induction_1,SHAM,phq_9,PHQ9,cross-corpus-882,RobustScaler,ET,51,12,10,0.1365,3.8233,4.6775,0.1814,-0.0989,0.0632
5,emotion_induction_1,SHAM,phq_9,PHQ9,cross-corpus-882,RobustScaler,GB,51,12,10,0.1596,4.4141,5.1649,0.169,-0.3399,0.1544
5,emotion_induction_1,SHAM,phq_9,PHQ9,cross-corpus-882,RobustScaler,XGB,51,12,10,0.0943,4.0761,5.3947,0.0981,-0.4617,0.1018
5,emotion_induction_1,SHAM,phq_9,PHQ9,cross-corpus-882,RobustScaler,MLP,51,12,10,-0.1137,6.1374,7.8708,-0.1185,-2.1115,-0.1158
5,emotion_induction_1,SHAM,phq_9,PHQ9,cross-corpus-882,RobustScaler,LGBM,51,12,10,-0.2384,5.0804,5.8604,-0.2649,-0.725,-0.3368
5,emotion_induction_1,SHAM,phq_9,PHQ9,cross-corpus-882,RobustScaler,CatBoost,51,12,10,-0.1037,4.4608,5.4685,-0.1176,-0.502,-0.0912
1,emotion_induction_1,SHAM,ads.1,CES-D,cross-corpus-882,StandardScaler,Ridge,50,13,5,-0.2364,13.1767,15.3974,-0.4284,-0.3522,-0.4215
1,emotion_induction_1,SHAM,ads.1,CES-D,cross-corpus-882,StandardScaler,Lasso,50,13,5,-0.3724,15.0165,18.9203,-0.3991,-1.0418,-0.4187
1,emotion_induction_1,SHAM,ads.1,CES-D,cross-corpus-882,StandardScaler,ElasticNet,50,13,5,-0.3042,13.6766,16.4464,-0.4209,-0.5428,-0.3884
1,emotion_induction_1,SHAM,ads.1,CES-D,cross-corpus-882,StandardScaler,SVR,50,13,5,-0.0733,12.3143,13.9708,-0.3177,-0.1133,-0.4242
1,emotion_induction_1,SHAM,ads.1,CES-D,cross-corpus-882,StandardScaler,KNN,50,13,5,-0.2147,13.2934,16.1941,-0.2757,-0.4958,-0.2562
1,emotion_induction_1,SHAM,ads.1,CES-D,cross-corpus-882,StandardScaler,RF,50,13,5,-0.2131,12.9828,15.9236,-0.2907,-0.4462,-0.4766
1,emotion_induction_1,SHAM,ads.1,CES-D,cross-corpus-882,StandardScaler,ET,50,13,5,-0.179,12.4544,15.9375,-0.2318,-0.4488,-0.2452
1,emotion_induction_1,SHAM,ads.1,CES-D,cross-corpus-882,StandardScaler,GB,50,13,5,-0.3001,14.037,17.7932,-0.3425,-0.8058,-0.4353
1,emotion_induction_1,SHAM,ads.1,CES-D,cross-corpus-882,StandardScaler,XGB,50,13,5,-0.3727,15.09,18.1411,-0.4204,-0.8771,-0.6006
1,emotion_induction_1,SHAM,ads.1,CES-D,cross-corpus-882,StandardScaler,MLP,50,13,5,-0.3271,14.8189,18.1921,-0.3584,-0.8876,-0.1653
1,emotion_induction_1,SHAM,ads.1,CES-D,cross-corpus-882,StandardScaler,LGBM,50,13,5,-0.1554,12.1571,15.2405,-0.2383,-0.3248,-0.3698
1,emotion_induction_1,SHAM,ads.1,CES-D,cross-corpus-882,StandardScaler,CatBoost,50,13,5,-0.2646,13.5657,16.5385,-0.3386,-0.5601,-0.4986
1,emotion_induction_1,SHAM,ads.1,CES-D,cross-corpus-882,MinMaxScaler,Ridge,50,13,5,-0.331,14.6142,17.4145,-0.3973,-0.7297,-0.3967
1,emotion_induction_1,SHAM,ads.1,CES-D,cross-corpus-882,MinMaxScaler,Lasso,50,13,5,0.0,12.1118,13.3788,,-0.0209,
1,emotion_induction_1,SHAM,ads.1,CES-D,cross-corpus-882,MinMaxScaler,ElasticNet,50,13,5,-0.2712,13.6588,15.9577,-0.4108,-0.4524,-0.3967
1,emotion_induction_1,SHAM,ads.1,CES-D,cross-corpus-882,MinMaxScaler,SVR,50,13,5,-0.1973,12.8791,15.3321,-0.3846,-0.3408,-0.4711
1,emotion_induction_1,SHAM,ads.1,CES-D,cross-corpus-882,MinMaxScaler,KNN,50,13,5,-0.3323,13.9408,16.8079,-0.4466,-0.6113,-0.4288
1,emotion_induction_1,SHAM,ads.1,CES-D,cross-corpus-882,MinMaxScaler,RF,50,13,5,-0.1528,12.7027,15.1843,-0.2341,-0.3151,-0.1956
1,emotion_induction_1,SHAM,ads.1,CES-D,cross-corpus-882,MinMaxScaler,ET,50,13,5,-0.2713,13.7382,16.8228,-0.3324,-0.6142,-0.4242
1,emotion_induction_1,SHAM,ads.1,CES-D,cross-corpus-882,MinMaxScaler,GB,50,13,5,-0.3961,17.3981,20.5434,-0.4129,-1.4071,-0.4821
1,emotion_induction_1,SHAM,ads.1,CES-D,cross-corpus-882,MinMaxScaler,XGB,50,13,5,-0.2923,15.6654,18.6642,-0.3064,-0.9869,-0.3609
1,emotion_induction_1,SHAM,ads.1,CES-D,cross-corpus-882,MinMaxScaler,MLP,50,13,5,-0.1447,12.8268,14.9327,-0.2422,-0.2718,-0.2727
1,emotion_induction_1,SHAM,ads.1,CES-D,cross-corpus-882,MinMaxScaler,LGBM,50,13,5,-0.0564,11.7335,14.5637,-0.088,-0.2098,0.018
1,emotion_induction_1,SHAM,ads.1,CES-D,cross-corpus-882,MinMaxScaler,CatBoost,50,13,5,-0.2874,14.9692,17.4225,-0.3304,-0.7313,-0.3939
1,emotion_induction_1,SHAM,ads.1,CES-D,cross-corpus-882,RobustScaler,Ridge,50,13,5,-0.2597,13.216,15.9015,-0.4008,-0.4422,-0.4077
1,emotion_induction_1,SHAM,ads.1,CES-D,cross-corpus-882,RobustScaler,Lasso,50,13,5,0.0,12.1118,13.3788,,-0.0209,
1,emotion_induction_1,SHAM,ads.1,CES-D,cross-corpus-882,RobustScaler,ElasticNet,50,13,5,-0.3047,13.6491,16.6699,-0.4022,-0.585,-0.4077
1,emotion_induction_1,SHAM,ads.1,CES-D,cross-corpus-882,RobustScaler,SVR,50,13,5,-0.1026,12.2193,15.3011,-0.1353,-0.3354,-0.405
1,emotion_induction_1,SHAM,ads.1,CES-D,cross-corpus-882,RobustScaler,KNN,50,13,5,-0.3503,14.3874,17.4126,-0.4236,-0.7293,-0.3807
1,emotion_induction_1,SHAM,ads.1,CES-D,cross-corpus-882,RobustScaler,RF,50,13,5,-0.2376,13.4807,16.5888,-0.291,-0.5696,-0.4683
1,emotion_induction_1,SHAM,ads.1,CES-D,cross-corpus-882,RobustScaler,ET,50,13,5,-0.2099,12.5715,16.0693,-0.2755,-0.4728,-0.2948
1,emotion_induction_1,SHAM,ads.1,CES-D,cross-corpus-882,RobustScaler,GB,50,13,5,-0.2912,14.4746,17.5924,-0.3379,-0.7652,-0.562
1,emotion_induction_1,SHAM,ads.1,CES-D,cross-corpus-882,RobustScaler,XGB,50,13,5,-0.4452,16.1693,19.2969,-0.4793,-1.1239,-0.5758
1,emotion_induction_1,SHAM,ads.1,CES-D,cross-corpus-882,RobustScaler,MLP,50,13,5,-0.3803,14.2855,18.3679,-0.4223,-0.9243,-0.438
1,emotion_induction_1,SHAM,ads.1,CES-D,cross-corpus-882,RobustScaler,LGBM,50,13,5,-0.1537,12.189,15.3071,-0.2296,-0.3364,-0.3698
1,emotion_induction_1,SHAM,ads.1,CES-D,cross-corpus-882,RobustScaler,CatBoost,50,13,5,-0.2788,13.8122,16.9894,-0.3351,-0.6463,-0.5041
2,emotion_induction_1,SHAM,ads.1,CES-D,cross-corpus-882,StandardScaler,Ridge,50,13,5,-0.4306,11.8872,15.0583,-0.5672,-0.7632,-0.6135
2,emotion_induction_1,SHAM,ads.1,CES-D,cross-corpus-882,StandardScaler,Lasso,50,13,5,-0.3219,10.9343,14.0237,-0.5297,-0.5292,-0.5337
2,emotion_induction_1,SHAM,ads.1,CES-D,cross-corpus-882,StandardScaler,ElasticNet,50,13,5,-0.2785,10.5684,13.4806,-0.5577,-0.4131,-0.5832
2,emotion_induction_1,SHAM,ads.1,CES-D,cross-corpus-882,StandardScaler,SVR,50,13,5,-0.4055,12.8534,15.7053,-0.4803,-0.918,-0.6355
2,emotion_induction_1,SHAM,ads.1,CES-D,cross-corpus-882,StandardScaler,KNN,50,13,5,-0.3601,12.1031,15.2681,-0.4678,-0.8127,-0.4986
2,emotion_induction_1,SHAM,ads.1,CES-D,cross-corpus-882,StandardScaler,RF,50,13,5,-0.3053,11.3589,14.4051,-0.4329,-0.6135,-0.4649
2,emotion_induction_1,SHAM,ads.1,CES-D,cross-corpus-882,StandardScaler,ET,50,13,5,-0.3374,12.5588,15.2583,-0.3955,-0.8103,-0.4099
2,emotion_induction_1,SHAM,ads.1,CES-D,cross-corpus-882,StandardScaler,GB,50,13,5,-0.5819,14.5971,18.3423,-0.6157,-1.6161,-0.63
2,emotion_induction_1,SHAM,ads.1,CES-D,cross-corpus-882,StandardScaler,XGB,50,13,5,-0.5414,14.7973,17.3632,-0.5908,-1.3443,-0.7043
2,emotion_induction_1,SHAM,ads.1,CES-D,cross-corpus-882,StandardScaler,MLP,50,13,5,-0.4214,15.2988,19.8975,-0.4228,-2.0785,-0.5915
2,emotion_induction_1,SHAM,ads.1,CES-D,cross-corpus-882,StandardScaler,LGBM,50,13,5,-0.286,11.5573,14.6884,-0.3865,-0.6776,-0.4826
2,emotion_induction_1,SHAM,ads.1,CES-D,cross-corpus-882,StandardScaler,CatBoost,50,13,5,-0.4497,12.5971,15.9093,-0.5515,-0.9681,-0.5117
2,emotion_induction_1,SHAM,ads.1,CES-D,cross-corpus-882,MinMaxScaler,Ridge,50,13,10,-0.6276,13.7588,17.7584,-0.7399,-1.4522,-0.674
2,emotion_induction_1,SHAM,ads.1,CES-D,cross-corpus-882,MinMaxScaler,Lasso,50,13,10,-0.6083,13.6458,17.6714,-0.7233,-1.4282,-0.6823
2,emotion_induction_1,SHAM,ads.1,CES-D,cross-corpus-882,MinMaxScaler,ElasticNet,50,13,10,-0.5751,13.0782,16.6047,-0.7423,-1.1439,-0.7373
2,emotion_induction_1,SHAM,ads.1,CES-D,cross-corpus-882,MinMaxScaler,SVR,50,13,10,-0.4342,12.3088,15.5842,-0.6905,-0.8885,-0.718
2,emotion_induction_1,SHAM,ads.1,CES-D,cross-corpus-882,MinMaxScaler,KNN,50,13,10,-0.4365,13.7623,16.8056,-0.5001,-1.1961,-0.5854
2,emotion_induction_1,SHAM,ads.1,CES-D,cross-corpus-882,MinMaxScaler,RF,50,13,10,-0.2472,11.2997,14.8195,-0.354,-0.7077,-0.4264
2,emotion_induction_1,SHAM,ads.1,CES-D,cross-corpus-882,MinMaxScaler,ET,50,13,10,-0.2656,12.1164,15.3614,-0.3243,-0.8349,-0.3934
2,emotion_induction_1,SHAM,ads.1,CES-D,cross-corpus-882,MinMaxScaler,GB,50,13,10,-0.4439,12.3099,15.9356,-0.6319,-0.9746,-0.5832
2,emotion_induction_1,SHAM,ads.1,CES-D,cross-corpus-882,MinMaxScaler,XGB,50,13,10,-0.2698,14.0708,17.1619,-0.3166,-1.2902,-0.3686
2,emotion_induction_1,SHAM,ads.1,CES-D,cross-corpus-882,MinMaxScaler,MLP,50,13,10,-0.6363,14.1902,17.7632,-0.7361,-1.4535,-0.7703
2,emotion_induction_1,SHAM,ads.1,CES-D,cross-corpus-882,MinMaxScaler,LGBM,50,13,10,-0.096,10.2674,13.4426,-0.1495,-0.4051,-0.1503
2,emotion_induction_1,SHAM,ads.1,CES-D,cross-corpus-882,MinMaxScaler,CatBoost,50,13,10,-0.3232,11.509,15.2261,-0.4458,-0.8027,-0.4512
2,emotion_induction_1,SHAM,ads.1,CES-D,cross-corpus-882,RobustScaler,Ridge,50,13,5,-0.4892,12.5659,16.182,-0.6412,-1.0362,-0.6768
2,emotion_induction_1,SHAM,ads.1,CES-D,cross-corpus-882,RobustScaler,Lasso,50,13,5,-0.5749,13.8335,18.2206,-0.665,-1.5815,-0.6768
2,emotion_induction_1,SHAM,ads.1,CES-D,cross-corpus-882,RobustScaler,ElasticNet,50,13,5,-0.538,13.1883,17.1892,-0.6531,-1.2975,-0.6768
2,emotion_induction_1,SHAM,ads.1,CES-D,cross-corpus-882,RobustScaler,SVR,50,13,5,-0.2551,13.5245,18.0297,-0.3042,-1.5277,-0.3989
2,emotion_induction_1,SHAM,ads.1,CES-D,cross-corpus-882,RobustScaler,KNN,50,13,5,-0.3923,13.0903,15.9676,-0.4426,-0.9826,-0.5007
2,emotion_induction_1,SHAM,ads.1,CES-D,cross-corpus-882,RobustScaler,RF,50,13,5,-0.2843,11.6835,14.9329,-0.3911,-0.7339,-0.4209
2,emotion_induction_1,SHAM,ads.1,CES-D,cross-corpus-882,RobustScaler,ET,50,13,5,-0.3326,13.2716,16.3131,-0.3813,-1.0693,-0.4182
2,emotion_induction_1,SHAM,ads.1,CES-D,cross-corpus-882,RobustScaler,GB,50,13,5,-0.5166,16.0769,18.6264,-0.5409,-1.6978,-0.5585
2,emotion_induction_1,SHAM,ads.1,CES-D,cross-corpus-882,RobustScaler,XGB,50,13,5,-0.4502,14.3932,17.7243,-0.5044,-1.4428,-0.542
2,emotion_induction_1,SHAM,ads.1,CES-D,cross-corpus-882,RobustScaler,MLP,50,13,5,-0.4728,14.2698,18.4368,-0.5793,-1.6431,-0.5832
2,emotion_induction_1,SHAM,ads.1,CES-D,cross-corpus-882,RobustScaler,LGBM,50,13,5,-0.0109,9.8392,12.9173,-0.0147,-0.2974,-0.0125
2,emotion_induction_1,SHAM,ads.1,CES-D,cross-corpus-882,RobustScaler,CatBoost,50,13,5,-0.2628,12.1861,15.2322,-0.3299,-0.8041,-0.2779
3,emotion_induction_1,SHAM,ads.1,CES-D,cross-corpus-882,StandardScaler,Ridge,50,13,10,0.2103,13.1898,15.2773,0.2354,-0.0967,0.1983
3,emotion_induction_1,SHAM,ads.1,CES-D,cross-corpus-882,StandardScaler,Lasso,50,13,10,0.1833,12.8181,14.8045,0.2273,-0.0299,0.2121
3,emotion_induction_1,SHAM,ads.1,CES-D,cross-corpus-882,StandardScaler,ElasticNet,50,13,10,0.1914,12.6783,14.6101,0.2432,-0.003,0.2121
3,emotion_induction_1,SHAM,ads.1,CES-D,cross-corpus-882,StandardScaler,SVR,50,13,10,0.0185,12.9968,15.3357,0.0295,-0.1051,-0.0055
3,emotion_induction_1,SHAM,ads.1,CES-D,cross-corpus-882,StandardScaler,KNN,50,13,10,0.1339,12.4827,14.7619,0.1858,-0.024,0.2369
3,emotion_induction_1,SHAM,ads.1,CES-D,cross-corpus-882,StandardScaler,RF,50,13,10,0.0035,13.1103,15.3558,0.0065,-0.108,0.0496
3,emotion_induction_1,SHAM,ads.1,CES-D,cross-corpus-882,StandardScaler,ET,50,13,10,0.091,12.1313,14.8156,0.1524,-0.0314,0.2865
3,emotion_induction_1,SHAM,ads.1,CES-D,cross-corpus-882,StandardScaler,GB,50,13,10,-0.1012,13.8126,16.5184,-0.1463,-0.2821,-0.1543
3,emotion_induction_1,SHAM,ads.1,CES-D,cross-corpus-882,StandardScaler,XGB,50,13,10,-0.2034,15.1862,17.8712,-0.2623,-0.5007,-0.2424
3,emotion_induction_1,SHAM,ads.1,CES-D,cross-corpus-882,StandardScaler,MLP,50,13,10,0.0587,28.4743,42.395,0.0988,-7.4455,-0.1983
3,emotion_induction_1,SHAM,ads.1,CES-D,cross-corpus-882,StandardScaler,LGBM,50,13,10,-0.0477,13.75,15.6317,-0.0851,-0.1482,-0.1048
3,emotion_induction_1,SHAM,ads.1,CES-D,cross-corpus-882,StandardScaler,CatBoost,50,13,10,-0.1535,14.2687,16.8174,-0.2476,-0.329,-0.2204
3,emotion_induction_1,SHAM,ads.1,CES-D,cross-corpus-882,MinMaxScaler,Ridge,50,13,10,0.1462,13.1839,15.364,0.1751,-0.1092,0.1983
3,emotion_induction_1,SHAM,ads.1,CES-D,cross-corpus-882,MinMaxScaler,Lasso,50,13,10,0.1694,13.4816,15.5423,0.1929,-0.1351,0.2039
3,emotion_induction_1,SHAM,ads.1,CES-D,cross-corpus-882,MinMaxScaler,ElasticNet,50,13,10,0.1708,13.7289,15.8533,0.1879,-0.181,0.2287
3,emotion_induction_1,SHAM,ads.1,CES-D,cross-corpus-882,MinMaxScaler,SVR,50,13,10,0.1885,12.3848,14.9166,0.2335,-0.0455,0.2534
3,emotion_induction_1,SHAM,ads.1,CES-D,cross-corpus-882,MinMaxScaler,KNN,50,13,10,-0.0728,13.6609,16.2248,-0.1114,-0.237,-0.0468
3,emotion_induction_1,SHAM,ads.1,CES-D,cross-corpus-882,MinMaxScaler,RF,50,13,10,-0.1029,13.8649,16.2314,-0.2049,-0.238,-0.1598
3,emotion_induction_1,SHAM,ads.1,CES-D,cross-corpus-882,MinMaxScaler,ET,50,13,10,-0.0705,13.5621,16.0504,-0.1331,-0.2105,0.022
3,emotion_induction_1,SHAM,ads.1,CES-D,cross-corpus-882,MinMaxScaler,GB,50,13,10,-0.29,15.05,18.4083,-0.378,-0.5923,-0.3995
3,emotion_induction_1,SHAM,ads.1,CES-D,cross-corpus-882,MinMaxScaler,XGB,50,13,10,-0.254,15.4369,18.8373,-0.3123,-0.6674,-0.2562
3,emotion_induction_1,SHAM,ads.1,CES-D,cross-corpus-882,MinMaxScaler,MLP,50,13,10,0.0235,15.7223,18.4651,0.0241,-0.6021,-0.1433
3,emotion_induction_1,SHAM,ads.1,CES-D,cross-corpus-882,MinMaxScaler,LGBM,50,13,10,-0.0743,14.0288,15.8192,-0.1325,-0.1759,-0.0992
3,emotion_induction_1,SHAM,ads.1,CES-D,cross-corpus-882,MinMaxScaler,CatBoost,50,13,10,-0.0858,13.7322,16.061,-0.177,-0.2121,-0.0992
3,emotion_induction_1,SHAM,ads.1,CES-D,cross-corpus-882,RobustScaler,Ridge,50,13,10,0.1781,14.8108,16.9112,0.1827,-0.3438,0.1791
3,emotion_induction_1,SHAM,ads.1,CES-D,cross-corpus-882,RobustScaler,Lasso,50,13,10,0.1828,13.7775,15.8179,0.1985,-0.1757,0.1873
3,emotion_induction_1,SHAM,ads.1,CES-D,cross-corpus-882,RobustScaler,ElasticNet,50,13,10,0.1972,13.338,15.2152,0.2242,-0.0878,0.1873
3,emotion_induction_1,SHAM,ads.1,CES-D,cross-corpus-882,RobustScaler,SVR,50,13,10,-0.0461,13.3801,15.9788,-0.0719,-0.1997,-0.0358
3,emotion_induction_1,SHAM,ads.1,CES-D,cross-corpus-882,RobustScaler,KNN,50,13,10,0.1234,11.8038,14.3823,0.2176,0.028,0.3499
3,emotion_induction_1,SHAM,ads.1,CES-D,cross-corpus-882,RobustScaler,RF,50,13,10,-0.0974,14.0526,16.1324,-0.1641,-0.2229,-0.1873
3,emotion_induction_1,SHAM,ads.1,CES-D,cross-corpus-882,RobustScaler,ET,50,13,10,-0.1152,13.9048,16.2421,-0.2114,-0.2396,-0.0496
3,emotion_induction_1,SHAM,ads.1,CES-D,cross-corpus-882,RobustScaler,GB,50,13,10,-0.1254,14.0829,16.9992,-0.1694,-0.3578,-0.2149
3,emotion_induction_1,SHAM,ads.1,CES-D,cross-corpus-882,RobustScaler,XGB,50,13,10,-0.1835,14.9814,18.0579,-0.2224,-0.5322,-0.281
3,emotion_induction_1,SHAM,ads.1,CES-D,cross-corpus-882,RobustScaler,MLP,50,13,10,0.0272,24.6081,37.8499,0.0399,-5.7317,-0.1405
3,emotion_induction_1,SHAM,ads.1,CES-D,cross-corpus-882,RobustScaler,LGBM,50,13,10,-0.0836,14.0258,15.9668,-0.1434,-0.1979,-0.1768
3,emotion_induction_1,SHAM,ads.1,CES-D,cross-corpus-882,RobustScaler,CatBoost,50,13,10,-0.0409,13.384,15.655,-0.0782,-0.1516,0.0689
4,emotion_induction_1,SHAM,ads.1,CES-D,cross-corpus-882,StandardScaler,Ridge,51,12,5,0.0188,12.7817,14.698,0.019,-0.7085,-0.0317
4,emotion_induction_1,SHAM,ads.1,CES-D,cross-corpus-882,StandardScaler,Lasso,51,12,5,0.0189,12.7122,14.2138,0.0195,-0.5977,-0.0317
4,emotion_induction_1,SHAM,ads.1,CES-D,cross-corpus-882,StandardScaler,ElasticNet,51,12,5,0.0173,13.5753,15.5494,0.0173,-0.9121,-0.0106
4,emotion_induction_1,SHAM,ads.1,CES-D,cross-corpus-882,StandardScaler,SVR,51,12,5,0.1507,12.1779,13.8665,0.163,-0.5206,0.2469
4,emotion_induction_1,SHAM,ads.1,CES-D,cross-corpus-882,StandardScaler,KNN,51,12,5,0.0889,13.9712,16.5345,0.0907,-1.1621,0.009
4,emotion_induction_1,SHAM,ads.1,CES-D,cross-corpus-882,StandardScaler,RF,51,12,5,0.1533,11.7885,14.3972,0.1684,-0.6392,0.0917
4,emotion_induction_1,SHAM,ads.1,CES-D,cross-corpus-882,StandardScaler,ET,51,12,5,0.2064,11.5168,14.367,0.2257,-0.6324,0.2011
4,emotion_induction_1,SHAM,ads.1,CES-D,cross-corpus-882,StandardScaler,GB,51,12,5,0.125,12.1651,14.2217,0.1331,-0.5995,0.1744
4,emotion_induction_1,SHAM,ads.1,CES-D,cross-corpus-882,StandardScaler,XGB,51,12,5,0.082,12.5612,14.6297,0.0861,-0.6926,0.0461
4,emotion_induction_1,SHAM,ads.1,CES-D,cross-corpus-882,StandardScaler,MLP,51,12,5,0.1329,12.5934,14.073,0.1358,-0.5662,0.067
4,emotion_induction_1,SHAM,ads.1,CES-D,cross-corpus-882,StandardScaler,LGBM,51,12,5,-0.007,10.3687,12.1205,-0.3721,-0.1618,-0.3525
4,emotion_induction_1,SHAM,ads.1,CES-D,cross-corpus-882,StandardScaler,CatBoost,51,12,5,0.1089,12.1404,13.9961,0.122,-0.5492,0.106
4,emotion_induction_1,SHAM,ads.1,CES-D,cross-corpus-882,MinMaxScaler,Ridge,51,12,10,-0.011,12.8518,14.4985,-0.0112,-0.6624,-0.0988
4,emotion_induction_1,SHAM,ads.1,CES-D,cross-corpus-882,MinMaxScaler,Lasso,51,12,10,-0.0376,13.2421,15.0027,-0.0382,-0.78,-0.0988
4,emotion_induction_1,SHAM,ads.1,CES-D,cross-corpus-882,MinMaxScaler,ElasticNet,51,12,10,-0.0255,13.224,15.0225,-0.0258,-0.7847,-0.0988
4,emotion_induction_1,SHAM,ads.1,CES-D,cross-corpus-882,MinMaxScaler,SVR,51,12,10,-0.0727,13.3371,15.4566,-0.0736,-0.8894,-0.0035
4,emotion_induction_1,SHAM,ads.1,CES-D,cross-corpus-882,MinMaxScaler,KNN,51,12,10,0.0289,13.7226,16.2705,0.029,-1.0936,0.0234
4,emotion_induction_1,SHAM,ads.1,CES-D,cross-corpus-882,MinMaxScaler,RF,51,12,10,-0.0975,12.3361,14.6447,-0.1067,-0.6961,-0.0635
4,emotion_induction_1,SHAM,ads.1,CES-D,cross-corpus-882,MinMaxScaler,ET,51,12,10,0.1128,12.9512,15.3988,0.113,-0.8753,0.0811
4,emotion_induction_1,SHAM,ads.1,CES-D,cross-corpus-882,MinMaxScaler,GB,51,12,10,-0.1788,12.5914,15.4706,-0.1889,-0.8928,-0.2822
4,emotion_induction_1,SHAM,ads.1,CES-D,cross-corpus-882,MinMaxScaler,XGB,51,12,10,-0.1816,12.5503,16.2971,-0.1845,-1.1004,-0.1728
4,emotion_induction_1,SHAM,ads.1,CES-D,cross-corpus-882,MinMaxScaler,MLP,51,12,10,-0.0027,13.3318,14.6917,-0.0027,-0.707,-0.0388
4,emotion_induction_1,SHAM,ads.1,CES-D,cross-corpus-882,MinMaxScaler,LGBM,51,12,10,-0.309,11.8294,14.5455,-0.4359,-0.6732,-0.4865
4,emotion_induction_1,SHAM,ads.1,CES-D,cross-corpus-882,MinMaxScaler,CatBoost,51,12,10,-0.1428,12.3309,14.8419,-0.1756,-0.7421,-0.2116
4,emotion_induction_1,SHAM,ads.1,CES-D,cross-corpus-882,RobustScaler,Ridge,51,12,5,0.2915,10.7798,12.7309,0.3054,-0.2818,0.3986
4,emotion_induction_1,SHAM,ads.1,CES-D,cross-corpus-882,RobustScaler,Lasso,51,12,5,0.2898,11.0149,13.0848,0.3034,-0.354,0.3986
4,emotion_induction_1,SHAM,ads.1,CES-D,cross-corpus-882,RobustScaler,ElasticNet,51,12,5,0.2906,10.8842,12.9416,0.3042,-0.3245,0.3986
4,emotion_induction_1,SHAM,ads.1,CES-D,cross-corpus-882,RobustScaler,SVR,51,12,5,0.5155,9.1698,9.8086,0.5368,0.2391,0.575
4,emotion_induction_1,SHAM,ads.1,CES-D,cross-corpus-882,RobustScaler,KNN,51,12,5,0.2801,9.6005,11.9407,0.2998,-0.1276,0.2811
4,emotion_induction_1,SHAM,ads.1,CES-D,cross-corpus-882,RobustScaler,RF,51,12,5,0.1795,8.981,10.7463,0.2971,0.0867,-0.1912
4,emotion_induction_1,SHAM,ads.1,CES-D,cross-corpus-882,RobustScaler,ET,51,12,5,0.2347,11.1582,14.1965,0.2404,-0.5939,0.3069
4,emotion_induction_1,SHAM,ads.1,CES-D,cross-corpus-882,RobustScaler,GB,51,12,5,0.175,11.0245,13.5883,0.1822,-0.4602,0.2761
4,emotion_induction_1,SHAM,ads.1,CES-D,cross-corpus-882,RobustScaler,XGB,51,12,5,0.333,9.9015,11.8071,0.3579,-0.1025,0.3681
4,emotion_induction_1,SHAM,ads.1,CES-D,cross-corpus-882,RobustScaler,MLP,51,12,5,0.284,12.4879,14.634,0.2907,-0.6936,0.3986
4,emotion_induction_1,SHAM,ads.1,CES-D,cross-corpus-882,RobustScaler,LGBM,51,12,5,0.0313,9.9549,11.9355,0.0482,-0.1266,0.0974
4,emotion_induction_1,SHAM,ads.1,CES-D,cross-corpus-882,RobustScaler,CatBoost,51,12,5,0.3656,8.8145,10.5921,0.4226,0.1127,0.446
5,emotion_induction_1,SHAM,ads.1,CES-D,cross-corpus-882,StandardScaler,Ridge,51,12,5,-0.1761,11.1096,15.5801,-0.2069,-3.0293,-0.169
5,emotion_induction_1,SHAM,ads.1,CES-D,cross-corpus-882,StandardScaler,Lasso,51,12,5,-0.1761,11.1535,15.6778,-0.2071,-3.08,-0.169
5,emotion_induction_1,SHAM,ads.1,CES-D,cross-corpus-882,StandardScaler,ElasticNet,51,12,5,-0.1662,10.4311,14.3798,-0.1949,-2.4324,-0.1972
5,emotion_induction_1,SHAM,ads.1,CES-D,cross-corpus-882,StandardScaler,SVR,51,12,5,-0.0105,7.8044,11.9327,-0.0134,-1.3635,0.0035
5,emotion_induction_1,SHAM,ads.1,CES-D,cross-corpus-882,StandardScaler,KNN,51,12,5,0.0868,7.7485,10.7006,0.1404,-0.9007,0.2716
5,emotion_induction_1,SHAM,ads.1,CES-D,cross-corpus-882,StandardScaler,RF,51,12,5,0.1077,8.1417,10.7612,0.1889,-0.9222,0.2852
5,emotion_induction_1,SHAM,ads.1,CES-D,cross-corpus-882,StandardScaler,ET,51,12,5,0.0706,8.8478,12.1917,0.0959,-1.4673,0.1831
5,emotion_induction_1,SHAM,ads.1,CES-D,cross-corpus-882,StandardScaler,GB,51,12,5,-0.0346,9.9925,13.7615,-0.05,-2.1436,-0.0704
5,emotion_induction_1,SHAM,ads.1,CES-D,cross-corpus-882,StandardScaler,XGB,51,12,5,-0.0259,10.8168,14.3571,-0.0385,-2.4215,-0.0986
5,emotion_induction_1,SHAM,ads.1,CES-D,cross-corpus-882,StandardScaler,MLP,51,12,5,-0.088,9.2095,13.1126,-0.108,-1.8541,-0.1373
5,emotion_induction_1,SHAM,ads.1,CES-D,cross-corpus-882,StandardScaler,LGBM,51,12,5,-0.0228,9.4842,11.2867,-0.0627,-1.1146,-0.0316
5,emotion_induction_1,SHAM,ads.1,CES-D,cross-corpus-882,StandardScaler,CatBoost,51,12,5,0.0124,8.7673,12.1288,0.0202,-1.4419,0.1725
5,emotion_induction_1,SHAM,ads.1,CES-D,cross-corpus-882,MinMaxScaler,Ridge,51,12,10,-0.2693,10.5532,13.0213,-0.383,-1.8145,-0.4261
5,emotion_induction_1,SHAM,ads.1,CES-D,cross-corpus-882,MinMaxScaler,Lasso,51,12,10,-0.291,11.1185,13.9866,-0.3724,-2.2472,-0.4648
5,emotion_induction_1,SHAM,ads.1,CES-D,cross-corpus-882,MinMaxScaler,ElasticNet,51,12,10,-0.2907,11.1398,13.7825,-0.3809,-2.1531,-0.4049
5,emotion_induction_1,SHAM,ads.1,CES-D,cross-corpus-882,MinMaxScaler,SVR,51,12,10,-0.3075,12.398,15.0955,-0.4434,-2.7825,-0.5528
5,emotion_induction_1,SHAM,ads.1,CES-D,cross-corpus-882,MinMaxScaler,KNN,51,12,10,-0.0155,11.5634,14.4355,-0.023,-2.459,-0.1429
5,emotion_induction_1,SHAM,ads.1,CES-D,cross-corpus-882,MinMaxScaler,RF,51,12,10,0.0678,8.5718,10.9898,0.1035,-1.0048,-0.0106
5,emotion_induction_1,SHAM,ads.1,CES-D,cross-corpus-882,MinMaxScaler,ET,51,12,10,-0.1131,10.3082,12.8333,-0.1641,-1.7338,-0.2923
5,emotion_induction_1,SHAM,ads.1,CES-D,cross-corpus-882,MinMaxScaler,GB,51,12,10,0.2917,9.0557,11.4481,0.3273,-1.1755,0.2782
5,emotion_induction_1,SHAM,ads.1,CES-D,cross-corpus-882,MinMaxScaler,XGB,51,12,10,0.1172,8.1178,11.5368,0.1268,-1.2093,-0.0916
5,emotion_induction_1,SHAM,ads.1,CES-D,cross-corpus-882,MinMaxScaler,MLP,51,12,10,-0.3216,12.2831,15.2022,-0.448,-2.8362,-0.5493
5,emotion_induction_1,SHAM,ads.1,CES-D,cross-corpus-882,MinMaxScaler,LGBM,51,12,10,0.0611,8.5008,11.4661,0.1066,-1.1823,0.0952
5,emotion_induction_1,SHAM,ads.1,CES-D,cross-corpus-882,MinMaxScaler,CatBoost,51,12,10,0.0817,8.0084,10.9547,0.1012,-0.992,0.0563
5,emotion_induction_1,SHAM,ads.1,CES-D,cross-corpus-882,RobustScaler,Ridge,51,12,5,-0.1531,11.055,13.5849,-0.2674,-2.0634,-0.3873
5,emotion_induction_1,SHAM,ads.1,CES-D,cross-corpus-882,RobustScaler,Lasso,51,12,5,-0.1577,10.9428,13.4787,-0.2759,-2.0157,-0.3873
5,emotion_induction_1,SHAM,ads.1,CES-D,cross-corpus-882,RobustScaler,ElasticNet,51,12,5,-0.1576,10.9631,13.5093,-0.2737,-2.0294,-0.331
5,emotion_induction_1,SHAM,ads.1,CES-D,cross-corpus-882,RobustScaler,SVR,51,12,5,0.0263,9.2364,11.9631,0.0419,-1.3756,0.007
5,emotion_induction_1,SHAM,ads.1,CES-D,cross-corpus-882,RobustScaler,KNN,51,12,5,-0.1397,10.0325,12.2922,-0.2697,-1.5081,-0.2007
5,emotion_induction_1,SHAM,ads.1,CES-D,cross-corpus-882,RobustScaler,RF,51,12,5,-0.0351,10.7953,13.8286,-0.0841,-2.1743,-0.1268
5,emotion_induction_1,SHAM,ads.1,CES-D,cross-corpus-882,RobustScaler,ET,51,12,5,-0.0315,11.0589,13.6417,-0.0676,-2.089,-0.0141
5,emotion_induction_1,SHAM,ads.1,CES-D,cross-corpus-882,RobustScaler,GB,51,12,5,-0.0385,13.7336,17.5761,-0.0877,-4.1278,-0.0775
5,emotion_induction_1,SHAM,ads.1,CES-D,cross-corpus-882,RobustScaler,XGB,51,12,5,-0.0492,15.3958,18.2809,-0.1157,-4.5473,-0.2007
5,emotion_induction_1,SHAM,ads.1,CES-D,cross-corpus-882,RobustScaler,MLP,51,12,5,-0.218,11.2678,13.7539,-0.3858,-2.1401,-0.3592
5,emotion_induction_1,SHAM,ads.1,CES-D,cross-corpus-882,RobustScaler,LGBM,51,12,5,-0.0423,10.7363,13.654,-0.0862,-2.0946,-0.0442
5,emotion_induction_1,SHAM,ads.1,CES-D,cross-corpus-882,RobustScaler,CatBoost,51,12,5,-0.0396,13.5359,17.1574,-0.093,-3.8864,-0.1162
1,emotion_induction_1,SHAM,HRSD_6.1,HRSD6,cross-corpus-882,StandardScaler,Ridge,48,13,10,0.0562,4.6797,5.2607,0.0642,-0.9586,-0.1644
1,emotion_induction_1,SHAM,HRSD_6.1,HRSD6,cross-corpus-882,StandardScaler,Lasso,48,13,10,0.057,4.7986,5.3751,0.0666,-1.0447,-0.1281
1,emotion_induction_1,SHAM,HRSD_6.1,HRSD6,cross-corpus-882,StandardScaler,ElasticNet,48,13,10,0.0265,4.1678,4.6183,0.0308,-0.5094,-0.1978
1,emotion_induction_1,SHAM,HRSD_6.1,HRSD6,cross-corpus-882,StandardScaler,SVR,48,13,10,0.0384,3.9407,4.1904,0.0538,-0.2427,-0.0028
1,emotion_induction_1,SHAM,HRSD_6.1,HRSD6,cross-corpus-882,StandardScaler,KNN,48,13,10,0.1036,3.641,4.2164,0.1192,-0.2581,0.0435
1,emotion_induction_1,SHAM,HRSD_6.1,HRSD6,cross-corpus-882,StandardScaler,RF,48,13,10,-0.1019,3.8777,4.349,-0.1486,-0.3385,-0.0557
1,emotion_induction_1,SHAM,HRSD_6.1,HRSD6,cross-corpus-882,StandardScaler,ET,48,13,10,-0.1354,3.8923,4.4441,-0.194,-0.3977,-0.1699
1,emotion_induction_1,SHAM,HRSD_6.1,HRSD6,cross-corpus-882,StandardScaler,GB,48,13,10,-0.0318,4.2089,4.6275,-0.039,-0.5154,-0.039
1,emotion_induction_1,SHAM,HRSD_6.1,HRSD6,cross-corpus-882,StandardScaler,XGB,48,13,10,-0.0812,4.0204,4.5329,-0.1167,-0.4541,-0.0474
1,emotion_induction_1,SHAM,HRSD_6.1,HRSD6,cross-corpus-882,StandardScaler,MLP,48,13,10,0.1361,4.1418,4.6649,0.2011,-0.5401,0.2089
1,emotion_induction_1,SHAM,HRSD_6.1,HRSD6,cross-corpus-882,StandardScaler,LGBM,48,13,10,0.1284,3.3,3.8799,0.253,-0.0654,0.0952
1,emotion_induction_1,SHAM,HRSD_6.1,HRSD6,cross-corpus-882,StandardScaler,CatBoost,48,13,10,-0.051,3.7768,4.2603,-0.0851,-0.2845,-0.0557
1,emotion_induction_1,SHAM,HRSD_6.1,HRSD6,cross-corpus-882,MinMaxScaler,Ridge,48,13,5,-0.0179,4.5396,4.9884,-0.0212,-0.7611,-0.1504
1,emotion_induction_1,SHAM,HRSD_6.1,HRSD6,cross-corpus-882,MinMaxScaler,Lasso,48,13,5,-0.0393,4.4662,4.866,-0.0466,-0.6757,-0.1504
1,emotion_induction_1,SHAM,HRSD_6.1,HRSD6,cross-corpus-882,MinMaxScaler,ElasticNet,48,13,5,-0.0065,4.7914,5.325,-0.0077,-1.0068,-0.0836
1,emotion_induction_1,SHAM,HRSD_6.1,HRSD6,cross-corpus-882,MinMaxScaler,SVR,48,13,5,-0.0719,4.0589,4.3656,-0.099,-0.3488,-0.1142
1,emotion_induction_1,SHAM,HRSD_6.1,HRSD6,cross-corpus-882,MinMaxScaler,KNN,48,13,5,-0.021,4.4615,4.8727,-0.0245,-0.6803,0.0126
1,emotion_induction_1,SHAM,HRSD_6.1,HRSD6,cross-corpus-882,MinMaxScaler,RF,48,13,5,-0.0725,3.8527,4.2976,-0.1145,-0.3071,-0.0529
1,emotion_induction_1,SHAM,HRSD_6.1,HRSD6,cross-corpus-882,MinMaxScaler,ET,48,13,5,-0.0334,3.8294,4.1958,-0.0539,-0.2459,-0.0195
1,emotion_induction_1,SHAM,HRSD_6.1,HRSD6,cross-corpus-882,MinMaxScaler,GB,48,13,5,0.0494,3.9708,4.3979,0.0587,-0.3688,-0.0028
1,emotion_induction_1,SHAM,HRSD_6.1,HRSD6,cross-corpus-882,MinMaxScaler,XGB,48,13,5,0.0209,4.0154,4.41,0.0302,-0.3764,0.1198
1,emotion_induction_1,SHAM,HRSD_6.1,HRSD6,cross-corpus-882,MinMaxScaler,MLP,48,13,5,0.0498,4.4102,4.8672,0.062,-0.6765,0.0084
1,emotion_induction_1,SHAM,HRSD_6.1,HRSD6,cross-corpus-882,MinMaxScaler,LGBM,48,13,5,0.0478,3.6561,4.2226,0.0928,-0.2619,-0.0395
1,emotion_induction_1,SHAM,HRSD_6.1,HRSD6,cross-corpus-882,MinMaxScaler,CatBoost,48,13,5,-0.0276,3.6449,4.0997,-0.0569,-0.1895,-0.0947
1,emotion_induction_1,SHAM,HRSD_6.1,HRSD6,cross-corpus-882,RobustScaler,Ridge,48,13,10,-0.0826,4.7146,5.1194,-0.0962,-0.8548,-0.2312
1,emotion_induction_1,SHAM,HRSD_6.1,HRSD6,cross-corpus-882,RobustScaler,Lasso,48,13,10,-0.0778,4.833,5.2333,-0.0925,-0.9382,-0.1866
1,emotion_induction_1,SHAM,HRSD_6.1,HRSD6,cross-corpus-882,RobustScaler,ElasticNet,48,13,10,-0.0831,4.8614,5.2584,-0.0977,-0.9569,-0.1866
1,emotion_induction_1,SHAM,HRSD_6.1,HRSD6,cross-corpus-882,RobustScaler,SVR,48,13,10,-0.1583,4.2364,4.7386,-0.2089,-0.5891,-0.3315
1,emotion_induction_1,SHAM,HRSD_6.1,HRSD6,cross-corpus-882,RobustScaler,KNN,48,13,10,-0.0169,3.7802,4.2974,-0.0204,-0.307,0.0139
1,emotion_induction_1,SHAM,HRSD_6.1,HRSD6,cross-corpus-882,RobustScaler,RF,48,13,10,-0.203,4.1254,4.7987,-0.2402,-0.6296,-0.0279
1,emotion_induction_1,SHAM,HRSD_6.1,HRSD6,cross-corpus-882,RobustScaler,ET,48,13,10,-0.2845,4.2977,5.0847,-0.3198,-0.8297,-0.1309
1,emotion_induction_1,SHAM,HRSD_6.1,HRSD6,cross-corpus-882,RobustScaler,GB,48,13,10,-0.2108,4.3537,4.9544,-0.2376,-0.7371,-0.1588
1,emotion_induction_1,SHAM,HRSD_6.1,HRSD6,cross-corpus-882,RobustScaler,XGB,48,13,10,-0.171,4.2253,4.9099,-0.2131,-0.7061,-0.0836
1,emotion_induction_1,SHAM,HRSD_6.1,HRSD6,cross-corpus-882,RobustScaler,MLP,48,13,10,-0.0632,4.7812,5.4794,-0.0817,-1.1248,-0.1365
1,emotion_induction_1,SHAM,HRSD_6.1,HRSD6,cross-corpus-882,RobustScaler,LGBM,48,13,10,0.0781,3.488,4.0788,0.1138,-0.1774,-0.028
1,emotion_induction_1,SHAM,HRSD_6.1,HRSD6,cross-corpus-882,RobustScaler,CatBoost,48,13,10,-0.1299,4.0457,4.5954,-0.1788,-0.4945,-0.0251
2,emotion_induction_1,SHAM,HRSD_6.1,HRSD6,cross-corpus-882,StandardScaler,Ridge,49,12,10,0.257,4.4178,4.9685,0.2699,-0.233,0.3139
2,emotion_induction_1,SHAM,HRSD_6.1,HRSD6,cross-corpus-882,StandardScaler,Lasso,49,12,10,0.256,4.4967,5.1555,0.2653,-0.3276,0.3245
2,emotion_induction_1,SHAM,HRSD_6.1,HRSD6,cross-corpus-882,StandardScaler,ElasticNet,49,12,10,0.2585,4.4805,5.1091,0.2685,-0.3038,0.3245
2,emotion_induction_1,SHAM,HRSD_6.1,HRSD6,cross-corpus-882,StandardScaler,SVR,49,12,10,0.2829,3.4764,4.0474,0.4298,0.1818,0.2822
2,emotion_induction_1,SHAM,HRSD_6.1,HRSD6,cross-corpus-882,StandardScaler,KNN,49,12,10,0.2474,3.5476,4.0436,0.4758,0.1833,0.3357
2,emotion_induction_1,SHAM,HRSD_6.1,HRSD6,cross-corpus-882,StandardScaler,RF,49,12,10,0.2205,3.6986,4.0472,0.5207,0.1819,0.575
2,emotion_induction_1,SHAM,HRSD_6.1,HRSD6,cross-corpus-882,StandardScaler,ET,49,12,10,0.2532,3.6688,3.962,0.6022,0.2159,0.575
2,emotion_induction_1,SHAM,HRSD_6.1,HRSD6,cross-corpus-882,StandardScaler,GB,49,12,10,0.3319,3.4719,3.8576,0.5549,0.2567,0.5503
2,emotion_induction_1,SHAM,HRSD_6.1,HRSD6,cross-corpus-882,StandardScaler,XGB,49,12,10,0.2233,3.7841,4.179,0.3575,0.1277,0.3034
2,emotion_induction_1,SHAM,HRSD_6.1,HRSD6,cross-corpus-882,StandardScaler,MLP,49,12,10,0.3285,4.1571,4.7752,0.3396,-0.1389,0.3386
2,emotion_induction_1,SHAM,HRSD_6.1,HRSD6,cross-corpus-882,StandardScaler,LGBM,49,12,10,0.1433,3.9047,4.2914,0.2908,0.0802,0.2505
2,emotion_induction_1,SHAM,HRSD_6.1,HRSD6,cross-corpus-882,StandardScaler,CatBoost,49,12,10,0.1887,3.7928,4.1338,0.4388,0.1465,0.4304
2,emotion_induction_1,SHAM,HRSD_6.1,HRSD6,cross-corpus-882,MinMaxScaler,Ridge,49,12,10,0.2454,4.0439,4.3627,0.311,0.0493,0.4021
2,emotion_induction_1,SHAM,HRSD_6.1,HRSD6,cross-corpus-882,MinMaxScaler,Lasso,49,12,10,0.2585,4.5152,5.1476,0.2685,-0.3235,0.3492
2,emotion_induction_1,SHAM,HRSD_6.1,HRSD6,cross-corpus-882,MinMaxScaler,ElasticNet,49,12,10,0.2606,4.2675,4.6599,0.2879,-0.0846,0.3633
2,emotion_induction_1,SHAM,HRSD_6.1,HRSD6,cross-corpus-882,MinMaxScaler,SVR,49,12,10,0.2014,3.8026,4.233,0.3252,0.105,0.381
2,emotion_induction_1,SHAM,HRSD_6.1,HRSD6,cross-corpus-882,MinMaxScaler,KNN,49,12,10,0.2008,3.6667,4.3033,0.2952,0.075,0.4866
2,emotion_induction_1,SHAM,HRSD_6.1,HRSD6,cross-corpus-882,MinMaxScaler,RF,49,12,10,0.2566,3.6029,3.9623,0.5872,0.2158,0.5573
2,emotion_induction_1,SHAM,HRSD_6.1,HRSD6,cross-corpus-882,MinMaxScaler,ET,49,12,10,0.1724,3.7658,4.1553,0.4877,0.1376,0.3774
2,emotion_induction_1,SHAM,HRSD_6.1,HRSD6,cross-corpus-882,MinMaxScaler,GB,49,12,10,0.2571,3.6787,3.9981,0.5054,0.2016,0.448
2,emotion_induction_1,SHAM,HRSD_6.1,HRSD6,cross-corpus-882,MinMaxScaler,XGB,49,12,10,0.2206,3.8294,4.1929,0.3497,0.1219,0.3139
2,emotion_induction_1,SHAM,HRSD_6.1,HRSD6,cross-corpus-882,MinMaxScaler,MLP,49,12,10,0.2101,3.5984,4.0591,0.5824,0.177,0.5644
2,emotion_induction_1,SHAM,HRSD_6.1,HRSD6,cross-corpus-882,MinMaxScaler,LGBM,49,12,10,0.2042,3.7942,4.1141,0.4424,0.1546,0.3704
2,emotion_induction_1,SHAM,HRSD_6.1,HRSD6,cross-corpus-882,MinMaxScaler,CatBoost,49,12,10,0.2874,3.6238,3.9383,0.5293,0.2253,0.5291
2,emotion_induction_1,SHAM,HRSD_6.1,HRSD6,cross-corpus-882,RobustScaler,Ridge,49,12,10,0.2388,4.6706,5.4522,0.2479,-0.4848,0.2787
2,emotion_induction_1,SHAM,HRSD_6.1,HRSD6,cross-corpus-882,RobustScaler,Lasso,49,12,10,0.2386,4.6883,5.4715,0.2478,-0.4953,0.3527
2,emotion_induction_1,SHAM,HRSD_6.1,HRSD6,cross-corpus-882,RobustScaler,ElasticNet,49,12,10,0.2235,4.4977,5.0282,0.2376,-0.2628,0.3034
2,emotion_induction_1,SHAM,HRSD_6.1,HRSD6,cross-corpus-882,RobustScaler,SVR,49,12,10,0.3015,3.5882,4.2093,0.3704,0.115,0.3281
2,emotion_induction_1,SHAM,HRSD_6.1,HRSD6,cross-corpus-882,RobustScaler,KNN,49,12,10,0.2315,3.6111,4.1614,0.3845,0.1351,0.4372
2,emotion_induction_1,SHAM,HRSD_6.1,HRSD6,cross-corpus-882,RobustScaler,RF,49,12,10,0.1983,3.7767,4.1264,0.4586,0.1495,0.5221
2,emotion_induction_1,SHAM,HRSD_6.1,HRSD6,cross-corpus-882,RobustScaler,ET,49,12,10,0.2027,3.6842,4.0922,0.5247,0.1636,0.4903
2,emotion_induction_1,SHAM,HRSD_6.1,HRSD6,cross-corpus-882,RobustScaler,GB,49,12,10,0.305,3.5345,3.8911,0.5625,0.2438,0.5997
2,emotion_induction_1,SHAM,HRSD_6.1,HRSD6,cross-corpus-882,RobustScaler,XGB,49,12,10,0.2013,3.8803,4.2364,0.3235,0.1036,0.1834
2,emotion_induction_1,SHAM,HRSD_6.1,HRSD6,cross-corpus-882,RobustScaler,MLP,49,12,10,0.2418,5.0744,6.5882,0.2557,-1.1679,0.2011
2,emotion_induction_1,SHAM,HRSD_6.1,HRSD6,cross-corpus-882,RobustScaler,LGBM,49,12,10,0.177,3.85,4.2116,0.3532,0.114,0.3457
2,emotion_induction_1,SHAM,HRSD_6.1,HRSD6,cross-corpus-882,RobustScaler,CatBoost,49,12,10,0.3044,3.6367,3.926,0.5158,0.2301,0.5997
3,emotion_induction_1,SHAM,HRSD_6.1,HRSD6,cross-corpus-882,StandardScaler,Ridge,49,12,5,0.2898,5.9612,11.2575,0.4946,-5.8839,0.5071
3,emotion_induction_1,SHAM,HRSD_6.1,HRSD6,cross-corpus-882,StandardScaler,Lasso,49,12,5,0.246,6.7224,13.8517,0.4924,-9.4221,0.5071
3,emotion_induction_1,SHAM,HRSD_6.1,HRSD6,cross-corpus-882,StandardScaler,ElasticNet,49,12,5,0.2667,6.3352,12.5241,0.4934,-7.5202,0.5071
3,emotion_induction_1,SHAM,HRSD_6.1,HRSD6,cross-corpus-882,StandardScaler,SVR,49,12,5,0.2135,3.3806,3.9714,0.3903,0.1433,0.324
3,emotion_induction_1,SHAM,HRSD_6.1,HRSD6,cross-corpus-882,StandardScaler,KNN,49,12,5,0.1776,3.5833,4.205,0.2552,0.0395,0.1058
3,emotion_induction_1,SHAM,HRSD_6.1,HRSD6,cross-corpus-882,StandardScaler,RF,49,12,5,0.3175,3.299,3.7562,0.5086,0.2336,0.2887
3,emotion_induction_1,SHAM,HRSD_6.1,HRSD6,cross-corpus-882,StandardScaler,ET,49,12,5,0.348,3.3108,3.7527,0.4944,0.235,0.4542
3,emotion_induction_1,SHAM,HRSD_6.1,HRSD6,cross-corpus-882,StandardScaler,GB,49,12,5,0.4853,3.2229,3.7129,0.5323,0.2512,0.4507
3,emotion_induction_1,SHAM,HRSD_6.1,HRSD6,cross-corpus-882,StandardScaler,XGB,49,12,5,0.4883,3.1964,3.617,0.5611,0.2894,0.4613
3,emotion_induction_1,SHAM,HRSD_6.1,HRSD6,cross-corpus-882,StandardScaler,MLP,49,12,5,0.1456,10.0495,24.9678,0.4819,-32.8621,0.4648
3,emotion_induction_1,SHAM,HRSD_6.1,HRSD6,cross-corpus-882,StandardScaler,LGBM,49,12,5,0.4445,3.3199,3.6573,0.5253,0.2734,0.3398
3,emotion_induction_1,SHAM,HRSD_6.1,HRSD6,cross-corpus-882,StandardScaler,CatBoost,49,12,5,0.3582,3.274,3.6981,0.5286,0.2571,0.3697
3,emotion_induction_1,SHAM,HRSD_6.1,HRSD6,cross-corpus-882,MinMaxScaler,Ridge,49,12,15,0.4841,4.292,5.2105,0.5095,-0.4747,0.412
3,emotion_induction_1,SHAM,HRSD_6.1,HRSD6,cross-corpus-882,MinMaxScaler,Lasso,49,12,15,0.3448,5.5386,9.1644,0.4994,-3.5621,0.3662
3,emotion_induction_1,SHAM,HRSD_6.1,HRSD6,cross-corpus-882,MinMaxScaler,ElasticNet,49,12,15,0.4312,4.7473,6.5835,0.5079,-1.3543,0.412
3,emotion_induction_1,SHAM,HRSD_6.1,HRSD6,cross-corpus-882,MinMaxScaler,SVR,49,12,15,0.3239,3.5101,3.8312,0.4945,0.2027,0.4718
3,emotion_induction_1,SHAM,HRSD_6.1,HRSD6,cross-corpus-882,MinMaxScaler,KNN,49,12,15,0.1308,3.9048,4.2076,0.2295,0.0383,0.2487
3,emotion_induction_1,SHAM,HRSD_6.1,HRSD6,cross-corpus-882,MinMaxScaler,RF,49,12,15,0.4022,3.2008,3.5508,0.6227,0.3151,0.5247
3,emotion_induction_1,SHAM,HRSD_6.1,HRSD6,cross-corpus-882,MinMaxScaler,ET,49,12,15,0.4147,3.1558,3.4872,0.702,0.3394,0.7148
3,emotion_induction_1,SHAM,HRSD_6.1,HRSD6,cross-corpus-882,MinMaxScaler,GB,49,12,15,0.4203,3.239,3.7874,0.4919,0.2208,0.4542
3,emotion_induction_1,SHAM,HRSD_6.1,HRSD6,cross-corpus-882,MinMaxScaler,XGB,49,12,15,0.3008,3.4997,4.1295,0.3545,0.0737,0.2641
3,emotion_induction_1,SHAM,HRSD_6.1,HRSD6,cross-corpus-882,MinMaxScaler,MLP,49,12,15,0.4468,4.5964,6.1772,0.5092,-1.0727,0.4542
3,emotion_induction_1,SHAM,HRSD_6.1,HRSD6,cross-corpus-882,MinMaxScaler,LGBM,49,12,15,0.4121,3.3134,3.7342,0.4987,0.2426,0.5599
3,emotion_induction_1,SHAM,HRSD_6.1,HRSD6,cross-corpus-882,MinMaxScaler,CatBoost,49,12,15,0.3579,3.2162,3.671,0.5919,0.268,0.5035
3,emotion_induction_1,SHAM,HRSD_6.1,HRSD6,cross-corpus-882,RobustScaler,Ridge,49,12,5,0.185,4.2425,4.6822,0.2232,-0.1908,0.3345
3,emotion_induction_1,SHAM,HRSD_6.1,HRSD6,cross-corpus-882,RobustScaler,Lasso,49,12,5,0.1754,4.235,4.6723,0.216,-0.1858,0.2923
3,emotion_induction_1,SHAM,HRSD_6.1,HRSD6,cross-corpus-882,RobustScaler,ElasticNet,49,12,5,0.1805,4.2429,4.685,0.2196,-0.1923,0.2923
3,emotion_induction_1,SHAM,HRSD_6.1,HRSD6,cross-corpus-882,RobustScaler,SVR,49,12,5,0.1729,3.7071,4.1797,0.3108,0.051,0.3416
3,emotion_induction_1,SHAM,HRSD_6.1,HRSD6,cross-corpus-882,RobustScaler,KNN,49,12,5,0.0919,3.881,4.2482,0.1794,0.0197,0.1714
3,emotion_induction_1,SHAM,HRSD_6.1,HRSD6,cross-corpus-882,RobustScaler,RF,49,12,5,0.2006,3.5231,3.9229,0.5492,0.1641,0.5669
3,emotion_induction_1,SHAM,HRSD_6.1,HRSD6,cross-corpus-882,RobustScaler,ET,49,12,5,0.0966,3.7721,4.2304,0.2244,0.0279,0.4225
3,emotion_induction_1,SHAM,HRSD_6.1,HRSD6,cross-corpus-882,RobustScaler,GB,49,12,5,0.4217,3.117,3.6923,0.5455,0.2595,0.581
3,emotion_induction_1,SHAM,HRSD_6.1,HRSD6,cross-corpus-882,RobustScaler,XGB,49,12,5,0.2887,3.4796,3.9883,0.4681,0.136,0.3099
3,emotion_induction_1,SHAM,HRSD_6.1,HRSD6,cross-corpus-882,RobustScaler,MLP,49,12,5,0.2888,3.6963,3.9344,0.4122,0.1592,0.588
3,emotion_induction_1,SHAM,HRSD_6.1,HRSD6,cross-corpus-882,RobustScaler,LGBM,49,12,5,0.4263,3.3138,3.6861,0.5287,0.2619,0.5495
3,emotion_induction_1,SHAM,HRSD_6.1,HRSD6,cross-corpus-882,RobustScaler,CatBoost,49,12,5,0.1695,3.6568,4.1218,0.3561,0.0771,0.3873
4,emotion_induction_1,SHAM,HRSD_6.1,HRSD6,cross-corpus-882,StandardScaler,Ridge,49,12,5,0.0275,3.9645,4.8043,0.0406,-0.1367,-0.0991
4,emotion_induction_1,SHAM,HRSD_6.1,HRSD6,cross-corpus-882,StandardScaler,Lasso,49,12,5,0.0274,3.971,4.8108,0.0401,-0.1398,-0.0991
4,emotion_induction_1,SHAM,HRSD_6.1,HRSD6,cross-corpus-882,StandardScaler,ElasticNet,49,12,5,0.0272,3.9203,4.7651,0.0425,-0.1182,-0.0991
4,emotion_induction_1,SHAM,HRSD_6.1,HRSD6,cross-corpus-882,StandardScaler,SVR,49,12,5,0.1494,3.5146,4.3967,0.3051,0.048,0.2726
4,emotion_induction_1,SHAM,HRSD_6.1,HRSD6,cross-corpus-882,StandardScaler,KNN,49,12,5,0.1706,3.537,4.3305,0.3118,0.0765,0.1558
4,emotion_induction_1,SHAM,HRSD_6.1,HRSD6,cross-corpus-882,StandardScaler,RF,49,12,5,-0.0971,4.0638,5.0444,-0.1679,-0.2532,-0.4107
4,emotion_induction_1,SHAM,HRSD_6.1,HRSD6,cross-corpus-882,StandardScaler,ET,49,12,5,0.0503,3.822,4.6176,0.0921,-0.0501,-0.0602
4,emotion_induction_1,SHAM,HRSD_6.1,HRSD6,cross-corpus-882,StandardScaler,GB,49,12,5,-0.0377,3.9794,5.1127,-0.059,-0.2873,-0.2443
4,emotion_induction_1,SHAM,HRSD_6.1,HRSD6,cross-corpus-882,StandardScaler,XGB,49,12,5,0.0516,4.055,5.2698,0.0674,-0.3676,0.1947
4,emotion_induction_1,SHAM,HRSD_6.1,HRSD6,cross-corpus-882,StandardScaler,MLP,49,12,5,0.0443,4.6738,5.6414,0.0455,-0.5673,0.1062
4,emotion_induction_1,SHAM,HRSD_6.1,HRSD6,cross-corpus-882,StandardScaler,LGBM,49,12,5,-0.0983,4.2948,5.0957,-0.1544,-0.2788,-0.3375
4,emotion_induction_1,SHAM,HRSD_6.1,HRSD6,cross-corpus-882,StandardScaler,CatBoost,49,12,5,-0.1776,4.2916,5.4302,-0.2399,-0.4522,-0.3398
4,emotion_induction_1,SHAM,HRSD_6.1,HRSD6,cross-corpus-882,MinMaxScaler,Ridge,49,12,10,-0.0371,4.1737,4.9909,-0.0552,-0.2267,-0.1982
4,emotion_induction_1,SHAM,HRSD_6.1,HRSD6,cross-corpus-882,MinMaxScaler,Lasso,49,12,10,-0.0278,4.116,4.9313,-0.0426,-0.1976,-0.2443
4,emotion_induction_1,SHAM,HRSD_6.1,HRSD6,cross-corpus-882,MinMaxScaler,ElasticNet,49,12,10,-0.0505,4.1467,4.9935,-0.0807,-0.228,-0.2266
4,emotion_induction_1,SHAM,HRSD_6.1,HRSD6,cross-corpus-882,MinMaxScaler,SVR,49,12,10,0.1312,4.239,5.074,0.1431,-0.2679,-0.1522
4,emotion_induction_1,SHAM,HRSD_6.1,HRSD6,cross-corpus-882,MinMaxScaler,KNN,49,12,10,-0.0413,4.1548,5.0141,-0.0601,-0.2381,-0.1011
4,emotion_induction_1,SHAM,HRSD_6.1,HRSD6,cross-corpus-882,MinMaxScaler,RF,49,12,10,-0.0671,4.1087,4.9094,-0.1427,-0.187,-0.3788
4,emotion_induction_1,SHAM,HRSD_6.1,HRSD6,cross-corpus-882,MinMaxScaler,ET,49,12,10,0.1529,3.8292,4.3715,0.2697,0.0589,0.1027
4,emotion_induction_1,SHAM,HRSD_6.1,HRSD6,cross-corpus-882,MinMaxScaler,GB,49,12,10,-0.1825,4.0599,5.236,-0.3566,-0.3501,-0.4142
4,emotion_induction_1,SHAM,HRSD_6.1,HRSD6,cross-corpus-882,MinMaxScaler,XGB,49,12,10,-0.1204,4.3094,5.2365,-0.196,-0.3504,-0.4142
4,emotion_induction_1,SHAM,HRSD_6.1,HRSD6,cross-corpus-882,MinMaxScaler,MLP,49,12,10,-0.0507,4.1516,4.9725,-0.0831,-0.2177,-0.1841
4,emotion_induction_1,SHAM,HRSD_6.1,HRSD6,cross-corpus-882,MinMaxScaler,LGBM,49,12,10,-0.1934,4.4376,5.3647,-0.3504,-0.4173,-0.6203
4,emotion_induction_1,SHAM,HRSD_6.1,HRSD6,cross-corpus-882,MinMaxScaler,CatBoost,49,12,10,-0.0964,4.2844,4.9839,-0.1841,-0.2233,-0.393
4,emotion_induction_1,SHAM,HRSD_6.1,HRSD6,cross-corpus-882,RobustScaler,Ridge,49,12,10,0.0069,3.9363,4.8147,0.0108,-0.1416,-0.2053
4,emotion_induction_1,SHAM,HRSD_6.1,HRSD6,cross-corpus-882,RobustScaler,Lasso,49,12,10,0.0238,4.0807,5.0633,0.029,-0.2625,-0.2053
4,emotion_induction_1,SHAM,HRSD_6.1,HRSD6,cross-corpus-882,RobustScaler,ElasticNet,49,12,10,0.0049,3.9416,4.8642,0.0072,-0.1652,-0.1522
4,emotion_induction_1,SHAM,HRSD_6.1,HRSD6,cross-corpus-882,RobustScaler,SVR,49,12,10,0.1052,3.5707,4.4509,0.2473,0.0244,0.1558
4,emotion_induction_1,SHAM,HRSD_6.1,HRSD6,cross-corpus-882,RobustScaler,KNN,49,12,10,0.0752,3.8056,4.472,0.1622,0.0151,-0.0779
4,emotion_induction_1,SHAM,HRSD_6.1,HRSD6,cross-corpus-882,RobustScaler,RF,49,12,10,-0.0248,4.0249,4.8279,-0.0493,-0.1479,-0.3717
4,emotion_induction_1,SHAM,HRSD_6.1,HRSD6,cross-corpus-882,RobustScaler,ET,49,12,10,0.1554,3.8667,4.4667,0.2415,0.0174,0.0602
4,emotion_induction_1,SHAM,HRSD_6.1,HRSD6,cross-corpus-882,RobustScaler,GB,49,12,10,-0.0922,4.1243,5.3133,-0.1374,-0.3903,-0.308
4,emotion_induction_1,SHAM,HRSD_6.1,HRSD6,cross-corpus-882,RobustScaler,XGB,49,12,10,0.0751,3.7702,4.7509,0.114,-0.1116,-0.0248
4,emotion_induction_1,SHAM,HRSD_6.1,HRSD6,cross-corpus-882,RobustScaler,MLP,49,12,10,0.2691,4.4629,5.8469,0.2725,-0.6836,0.2903
4,emotion_induction_1,SHAM,HRSD_6.1,HRSD6,cross-corpus-882,RobustScaler,LGBM,49,12,10,-0.1158,4.1406,5.0112,-0.2204,-0.2367,-0.3517
4,emotion_induction_1,SHAM,HRSD_6.1,HRSD6,cross-corpus-882,RobustScaler,CatBoost,49,12,10,0.0124,3.6585,4.6286,0.0289,-0.0551,-0.0885
5,emotion_induction_1,SHAM,HRSD_6.1,HRSD6,cross-corpus-882,StandardScaler,Ridge,49,12,10,0.0033,4.3953,5.9851,0.0043,-4.1843,-0.1303
5,emotion_induction_1,SHAM,HRSD_6.1,HRSD6,cross-corpus-882,StandardScaler,Lasso,49,12,10,-0.012,4.5523,6.1411,-0.0158,-4.458,-0.2007
5,emotion_induction_1,SHAM,HRSD_6.1,HRSD6,cross-corpus-882,StandardScaler,ElasticNet,49,12,10,-0.0068,4.5007,6.0982,-0.009,-4.382,-0.169
5,emotion_induction_1,SHAM,HRSD_6.1,HRSD6,cross-corpus-882,StandardScaler,SVR,49,12,10,-0.2131,3.1983,3.8624,-0.2951,-1.159,-0.1725
5,emotion_induction_1,SHAM,HRSD_6.1,HRSD6,cross-corpus-882,StandardScaler,KNN,49,12,10,0.2459,2.25,3.1061,0.2729,-0.3963,0.2258
5,emotion_induction_1,SHAM,HRSD_6.1,HRSD6,cross-corpus-882,StandardScaler,RF,49,12,10,-0.0153,2.7604,3.158,-0.0172,-0.4433,-0.0035
5,emotion_induction_1,SHAM,HRSD_6.1,HRSD6,cross-corpus-882,StandardScaler,ET,49,12,10,0.0692,2.52,2.9464,0.0791,-0.2564,0.1901
5,emotion_induction_1,SHAM,HRSD_6.1,HRSD6,cross-corpus-882,StandardScaler,GB,49,12,10,0.2192,2.952,3.9848,0.2327,-1.298,0.2465
5,emotion_induction_1,SHAM,HRSD_6.1,HRSD6,cross-corpus-882,StandardScaler,XGB,49,12,10,0.0856,2.9726,3.7624,0.0864,-1.0486,0.0739
5,emotion_induction_1,SHAM,HRSD_6.1,HRSD6,cross-corpus-882,StandardScaler,MLP,49,12,10,-0.2815,3.4347,4.1577,-0.3339,-1.5017,-0.25
5,emotion_induction_1,SHAM,HRSD_6.1,HRSD6,cross-corpus-882,StandardScaler,LGBM,49,12,10,0.2858,2.5406,2.8769,0.3087,-0.1978,0.3044
5,emotion_induction_1,SHAM,HRSD_6.1,HRSD6,cross-corpus-882,StandardScaler,CatBoost,49,12,10,-0.0393,3.0133,3.406,-0.0427,-0.6789,-0.1761
5,emotion_induction_1,SHAM,HRSD_6.1,HRSD6,cross-corpus-882,MinMaxScaler,Ridge,49,12,10,0.1305,3.5909,5.1602,0.159,-2.8536,0.1408
5,emotion_induction_1,SHAM,HRSD_6.1,HRSD6,cross-corpus-882,MinMaxScaler,Lasso,49,12,10,0.1093,3.5917,5.0577,0.1302,-2.702,0.0739
5,emotion_induction_1,SHAM,HRSD_6.1,HRSD6,cross-corpus-882,MinMaxScaler,ElasticNet,49,12,10,0.0977,3.4943,4.6222,0.1094,-2.092,0.1056
5,emotion_induction_1,SHAM,HRSD_6.1,HRSD6,cross-corpus-882,MinMaxScaler,SVR,49,12,10,-0.1157,3.4593,4.2331,-0.1498,-1.5933,-0.1585
5,emotion_induction_1,SHAM,HRSD_6.1,HRSD6,cross-corpus-882,MinMaxScaler,KNN,49,12,10,0.2701,2.45,2.9331,0.3146,-0.2451,0.2297
5,emotion_induction_1,SHAM,HRSD_6.1,HRSD6,cross-corpus-882,MinMaxScaler,RF,49,12,10,0.1003,2.4554,2.8843,0.1232,-0.204,0.081
5,emotion_induction_1,SHAM,HRSD_6.1,HRSD6,cross-corpus-882,MinMaxScaler,ET,49,12,10,0.15,2.4525,2.7749,0.1793,-0.1144,0.1056
5,emotion_induction_1,SHAM,HRSD_6.1,HRSD6,cross-corpus-882,MinMaxScaler,GB,49,12,10,0.0973,2.6322,3.1311,0.1061,-0.4188,0.081
5,emotion_induction_1,SHAM,HRSD_6.1,HRSD6,cross-corpus-882,MinMaxScaler,XGB,49,12,10,0.1256,2.641,3.2387,0.1314,-0.518,-0.0141
5,emotion_induction_1,SHAM,HRSD_6.1,HRSD6,cross-corpus-882,MinMaxScaler,MLP,49,12,10,-0.0182,3.0662,3.9039,-0.0205,-1.2056,-0.1585
5,emotion_induction_1,SHAM,HRSD_6.1,HRSD6,cross-corpus-882,MinMaxScaler,LGBM,49,12,10,0.2698,2.4384,2.9161,0.2845,-0.2307,0.1408
5,emotion_induction_1,SHAM,HRSD_6.1,HRSD6,cross-corpus-882,MinMaxScaler,CatBoost,49,12,10,0.1799,2.4385,2.8421,0.2118,-0.169,0.1866
5,emotion_induction_1,SHAM,HRSD_6.1,HRSD6,cross-corpus-882,RobustScaler,Ridge,49,12,15,0.0253,4.262,5.8703,0.0321,-3.9872,0.1197
5,emotion_induction_1,SHAM,HRSD_6.1,HRSD6,cross-corpus-882,RobustScaler,Lasso,49,12,15,0.0139,4.3607,6.0221,0.018,-4.2485,-0.0035
5,emotion_induction_1,SHAM,HRSD_6.1,HRSD6,cross-corpus-882,RobustScaler,ElasticNet,49,12,15,0.0181,4.3521,6.0036,0.0234,-4.2164,0.0599
5,emotion_induction_1,SHAM,HRSD_6.1,HRSD6,cross-corpus-882,RobustScaler,SVR,49,12,15,-0.3284,3.2961,3.9381,-0.3711,-1.2445,-0.3979
5,emotion_induction_1,SHAM,HRSD_6.1,HRSD6,cross-corpus-882,RobustScaler,KNN,49,12,15,0.3501,2.1667,2.5417,0.4572,0.0651,0.2025
5,emotion_induction_1,SHAM,HRSD_6.1,HRSD6,cross-corpus-882,RobustScaler,RF,49,12,15,0.2153,2.3604,2.7013,0.2615,-0.0561,0.0282
5,emotion_induction_1,SHAM,HRSD_6.1,HRSD6,cross-corpus-882,RobustScaler,ET,49,12,15,0.174,2.36,2.8299,0.1949,-0.159,0.1585
5,emotion_induction_1,SHAM,HRSD_6.1,HRSD6,cross-corpus-882,RobustScaler,GB,49,12,15,0.1948,2.6331,3.0854,0.2165,-0.3777,0.2465
5,emotion_induction_1,SHAM,HRSD_6.1,HRSD6,cross-corpus-882,RobustScaler,XGB,49,12,15,0.1342,2.6202,3.2443,0.1432,-0.5233,-0.0493
5,emotion_induction_1,SHAM,HRSD_6.1,HRSD6,cross-corpus-882,RobustScaler,MLP,49,12,15,-0.2843,3.7649,4.3499,-0.3023,-1.7384,-0.3873
5,emotion_induction_1,SHAM,HRSD_6.1,HRSD6,cross-corpus-882,RobustScaler,LGBM,49,12,15,0.4133,2.1261,2.3586,0.4865,0.1949,0.2852
5,emotion_induction_1,SHAM,HRSD_6.1,HRSD6,cross-corpus-882,RobustScaler,CatBoost,49,12,15,0.1442,2.3579,2.6716,0.2,-0.0329,0.0458
1,emotion_induction_1,SHAM,HRSD_17.1,HRSD17,cross-corpus-882,StandardScaler,Ridge,48,13,5,0.162,6.2008,7.7327,0.1659,-0.5508,0.2534
1,emotion_induction_1,SHAM,HRSD_17.1,HRSD17,cross-corpus-882,StandardScaler,Lasso,48,13,5,0.1582,6.8241,8.599,0.1632,-0.9178,0.2837
1,emotion_induction_1,SHAM,HRSD_17.1,HRSD17,cross-corpus-882,StandardScaler,ElasticNet,48,13,5,0.1453,5.1361,6.5604,0.1739,-0.1163,0.2397
1,emotion_induction_1,SHAM,HRSD_17.1,HRSD17,cross-corpus-882,StandardScaler,SVR,48,13,5,0.1166,5.7415,6.8961,0.1301,-0.2334,0.0689
1,emotion_induction_1,SHAM,HRSD_17.1,HRSD17,cross-corpus-882,StandardScaler,KNN,48,13,5,0.1634,5.3846,6.5577,0.1887,-0.1153,0.2524
1,emotion_induction_1,SHAM,HRSD_17.1,HRSD17,cross-corpus-882,StandardScaler,RF,48,13,5,0.0697,5.2877,7.0916,0.0776,-0.3044,0.1102
1,emotion_induction_1,SHAM,HRSD_17.1,HRSD17,cross-corpus-882,StandardScaler,ET,48,13,5,-0.0408,5.4831,7.2666,-0.0478,-0.3695,0.1405
1,emotion_induction_1,SHAM,HRSD_17.1,HRSD17,cross-corpus-882,StandardScaler,GB,48,13,5,-0.1232,6.1104,9.1008,-0.1236,-1.1482,0.0771
1,emotion_induction_1,SHAM,HRSD_17.1,HRSD17,cross-corpus-882,StandardScaler,XGB,48,13,5,-0.0172,5.9828,8.7337,-0.0172,-0.9784,0.1019
1,emotion_induction_1,SHAM,HRSD_17.1,HRSD17,cross-corpus-882,StandardScaler,MLP,48,13,5,-0.1815,7.2848,9.0753,-0.1853,-1.1361,-0.1322
1,emotion_induction_1,SHAM,HRSD_17.1,HRSD17,cross-corpus-882,StandardScaler,LGBM,48,13,5,0.2519,4.9959,6.3103,0.2821,-0.0328,0.2684
1,emotion_induction_1,SHAM,HRSD_17.1,HRSD17,cross-corpus-882,StandardScaler,CatBoost,48,13,5,-0.0468,5.8186,7.7576,-0.0498,-0.5608,0.0937
1,emotion_induction_1,SHAM,HRSD_17.1,HRSD17,cross-corpus-882,MinMaxScaler,Ridge,48,13,15,0.2999,4.8948,6.2503,0.3316,-0.0132,0.438
1,emotion_induction_1,SHAM,HRSD_17.1,HRSD17,cross-corpus-882,MinMaxScaler,Lasso,48,13,15,0.2963,5.1014,6.3867,0.3257,-0.0579,0.427
1,emotion_induction_1,SHAM,HRSD_17.1,HRSD17,cross-corpus-882,MinMaxScaler,ElasticNet,48,13,15,0.2078,4.8922,5.9892,0.3027,0.0697,0.3554
1,emotion_induction_1,SHAM,HRSD_17.1,HRSD17,cross-corpus-882,MinMaxScaler,SVR,48,13,15,0.3155,4.5789,5.9009,0.4304,0.0969,0.5234
1,emotion_induction_1,SHAM,HRSD_17.1,HRSD17,cross-corpus-882,MinMaxScaler,KNN,48,13,15,0.3198,4.5385,5.8588,0.4185,0.1097,0.491
1,emotion_induction_1,SHAM,HRSD_17.1,HRSD17,cross-corpus-882,MinMaxScaler,RF,48,13,15,0.187,5.1776,6.2081,0.2426,0.0004,0.292
1,emotion_induction_1,SHAM,HRSD_17.1,HRSD17,cross-corpus-882,MinMaxScaler,ET,48,13,15,0.1167,5.3088,6.6948,0.1381,-0.1625,0.4298
1,emotion_induction_1,SHAM,HRSD_17.1,HRSD17,cross-corpus-882,MinMaxScaler,GB,48,13,15,0.148,5.2764,6.8836,0.1608,-0.229,0.2121
1,emotion_induction_1,SHAM,HRSD_17.1,HRSD17,cross-corpus-882,MinMaxScaler,XGB,48,13,15,0.1227,5.2196,6.8361,0.1376,-0.2121,0.0937
1,emotion_induction_1,SHAM,HRSD_17.1,HRSD17,cross-corpus-882,MinMaxScaler,MLP,48,13,15,0.2537,4.9499,6.1138,0.3124,0.0305,0.3719
1,emotion_induction_1,SHAM,HRSD_17.1,HRSD17,cross-corpus-882,MinMaxScaler,LGBM,48,13,15,0.2344,5.1949,6.359,0.2662,-0.0488,0.1322
1,emotion_induction_1,SHAM,HRSD_17.1,HRSD17,cross-corpus-882,MinMaxScaler,CatBoost,48,13,15,0.1263,5.6992,6.9302,0.1402,-0.2457,0.2231
1,emotion_induction_1,SHAM,HRSD_17.1,HRSD17,cross-corpus-882,RobustScaler,Ridge,48,13,5,0.2931,5.0901,6.3688,0.3223,-0.052,0.4325
1,emotion_induction_1,SHAM,HRSD_17.1,HRSD17,cross-corpus-882,RobustScaler,Lasso,48,13,5,0.3075,5.5605,6.9213,0.3185,-0.2424,0.4105
1,emotion_induction_1,SHAM,HRSD_17.1,HRSD17,cross-corpus-882,RobustScaler,ElasticNet,48,13,5,0.3019,5.2853,6.6384,0.3193,-0.143,0.4325
1,emotion_induction_1,SHAM,HRSD_17.1,HRSD17,cross-corpus-882,RobustScaler,SVR,48,13,5,0.1218,5.428,6.7628,0.1501,-0.1862,0.1818
1,emotion_induction_1,SHAM,HRSD_17.1,HRSD17,cross-corpus-882,RobustScaler,KNN,48,13,5,0.0423,5.9077,7.2418,0.0488,-0.3602,0.1234
1,emotion_induction_1,SHAM,HRSD_17.1,HRSD17,cross-corpus-882,RobustScaler,RF,48,13,5,0.1301,4.8292,6.3744,0.1716,-0.0539,0.2424
1,emotion_induction_1,SHAM,HRSD_17.1,HRSD17,cross-corpus-882,RobustScaler,ET,48,13,5,0.0863,5.1637,6.5296,0.1151,-0.1058,0.2204
1,emotion_induction_1,SHAM,HRSD_17.1,HRSD17,cross-corpus-882,RobustScaler,GB,48,13,5,-0.1317,5.7969,8.1026,-0.1455,-0.7027,0.124
1,emotion_induction_1,SHAM,HRSD_17.1,HRSD17,cross-corpus-882,RobustScaler,XGB,48,13,5,-0.1145,5.8729,8.3632,-0.124,-0.8141,0.2369
1,emotion_induction_1,SHAM,HRSD_17.1,HRSD17,cross-corpus-882,RobustScaler,MLP,48,13,5,0.1474,6.7587,8.2652,0.1619,-0.7718,0.0882
1,emotion_induction_1,SHAM,HRSD_17.1,HRSD17,cross-corpus-882,RobustScaler,LGBM,48,13,5,0.3058,4.5662,5.7297,0.3955,0.1485,0.3153
1,emotion_induction_1,SHAM,HRSD_17.1,HRSD17,cross-corpus-882,RobustScaler,CatBoost,48,13,5,-0.1044,5.8754,7.6987,-0.1187,-0.5373,0.0882
2,emotion_induction_1,SHAM,HRSD_17.1,HRSD17,cross-corpus-882,StandardScaler,Ridge,49,12,10,0.2196,8.6421,10.2792,0.2223,-0.4715,0.2667
2,emotion_induction_1,SHAM,HRSD_17.1,HRSD17,cross-corpus-882,StandardScaler,Lasso,49,12,10,0.219,8.6421,10.2626,0.2217,-0.4667,0.2667
2,emotion_induction_1,SHAM,HRSD_17.1,HRSD17,cross-corpus-882,StandardScaler,ElasticNet,49,12,10,0.2189,8.6422,10.2603,0.2216,-0.4661,0.2667
2,emotion_induction_1,SHAM,HRSD_17.1,HRSD17,cross-corpus-882,StandardScaler,SVR,49,12,10,-0.0521,8.3202,9.6802,-0.1027,-0.305,-0.0737
2,emotion_induction_1,SHAM,HRSD_17.1,HRSD17,cross-corpus-882,StandardScaler,KNN,49,12,10,0.0143,7.9881,8.7958,0.0394,-0.0774,0.0861
2,emotion_induction_1,SHAM,HRSD_17.1,HRSD17,cross-corpus-882,StandardScaler,RF,49,12,10,0.087,7.4742,8.7034,0.2499,-0.0549,0.2632
2,emotion_induction_1,SHAM,HRSD_17.1,HRSD17,cross-corpus-882,StandardScaler,ET,49,12,10,0.055,7.7025,9.0268,0.2326,-0.1348,0.2491
2,emotion_induction_1,SHAM,HRSD_17.1,HRSD17,cross-corpus-882,StandardScaler,GB,49,12,10,0.0515,7.7105,9.2154,0.1065,-0.1827,0.1895
2,emotion_induction_1,SHAM,HRSD_17.1,HRSD17,cross-corpus-882,StandardScaler,XGB,49,12,10,0.2164,7.2369,8.2152,0.4393,0.0601,0.3719
2,emotion_induction_1,SHAM,HRSD_17.1,HRSD17,cross-corpus-882,StandardScaler,MLP,49,12,10,0.1065,10.6069,13.6796,0.1127,-1.6061,-0.1439
2,emotion_induction_1,SHAM,HRSD_17.1,HRSD17,cross-corpus-882,StandardScaler,LGBM,49,12,10,0.1156,7.7947,8.4568,0.1862,0.004,0.2526
2,emotion_induction_1,SHAM,HRSD_17.1,HRSD17,cross-corpus-882,StandardScaler,CatBoost,49,12,10,0.0429,7.7876,8.9068,0.1534,-0.1048,0.3158
2,emotion_induction_1,SHAM,HRSD_17.1,HRSD17,cross-corpus-882,MinMaxScaler,Ridge,49,12,10,0.157,8.0997,9.0449,0.1862,-0.1393,0.0807
2,emotion_induction_1,SHAM,HRSD_17.1,HRSD17,cross-corpus-882,MinMaxScaler,Lasso,49,12,10,0.1834,8.159,9.1537,0.2057,-0.1669,0.0982
2,emotion_induction_1,SHAM,HRSD_17.1,HRSD17,cross-corpus-882,MinMaxScaler,ElasticNet,49,12,10,0.1365,7.7578,8.6957,0.1913,-0.053,0.1053
2,emotion_induction_1,SHAM,HRSD_17.1,HRSD17,cross-corpus-882,MinMaxScaler,SVR,49,12,10,0.0624,7.5522,9.0992,0.1112,-0.153,0.0351
2,emotion_induction_1,SHAM,HRSD_17.1,HRSD17,cross-corpus-882,MinMaxScaler,KNN,49,12,10,0.0182,7.8611,9.0282,0.0448,-0.1351,0.0247
2,emotion_induction_1,SHAM,HRSD_17.1,HRSD17,cross-corpus-882,MinMaxScaler,RF,49,12,10,0.0653,7.7088,8.6291,0.1703,-0.037,0.1825
2,emotion_induction_1,SHAM,HRSD_17.1,HRSD17,cross-corpus-882,MinMaxScaler,ET,49,12,10,0.0749,7.6058,8.8332,0.2049,-0.0866,0.1614
2,emotion_induction_1,SHAM,HRSD_17.1,HRSD17,cross-corpus-882,MinMaxScaler,GB,49,12,10,-0.026,8.2347,9.3537,-0.0403,-0.2185,-0.014
2,emotion_induction_1,SHAM,HRSD_17.1,HRSD17,cross-corpus-882,MinMaxScaler,XGB,49,12,10,-0.0274,8.3152,9.2599,-0.0427,-0.1941,0.0702
2,emotion_induction_1,SHAM,HRSD_17.1,HRSD17,cross-corpus-882,MinMaxScaler,MLP,49,12,10,0.1519,8.7963,10.3042,0.1588,-0.4787,0.0561
2,emotion_induction_1,SHAM,HRSD_17.1,HRSD17,cross-corpus-882,MinMaxScaler,LGBM,49,12,10,0.1849,7.4604,8.1657,0.2886,0.0714,0.3539
2,emotion_induction_1,SHAM,HRSD_17.1,HRSD17,cross-corpus-882,MinMaxScaler,CatBoost,49,12,10,0.0007,7.9694,9.0102,0.0018,-0.1306,0.1088
2,emotion_induction_1,SHAM,HRSD_17.1,HRSD17,cross-corpus-882,RobustScaler,Ridge,49,12,10,0.176,9.7157,11.4029,0.177,-0.8108,-0.0105
2,emotion_induction_1,SHAM,HRSD_17.1,HRSD17,cross-corpus-882,RobustScaler,Lasso,49,12,10,0.1626,10.3831,12.5973,0.1687,-1.21,0.0561
2,emotion_induction_1,SHAM,HRSD_17.1,HRSD17,cross-corpus-882,RobustScaler,ElasticNet,49,12,10,0.1702,9.9663,11.8642,0.1727,-0.9603,-0.0281
2,emotion_induction_1,SHAM,HRSD_17.1,HRSD17,cross-corpus-882,RobustScaler,SVR,49,12,10,-0.1007,8.7521,9.6789,-0.1861,-0.3047,-0.1579
2,emotion_induction_1,SHAM,HRSD_17.1,HRSD17,cross-corpus-882,RobustScaler,KNN,49,12,10,-0.2295,9.3333,10.4563,-0.2989,-0.5226,-0.321
2,emotion_induction_1,SHAM,HRSD_17.1,HRSD17,cross-corpus-882,RobustScaler,RF,49,12,10,-0.0882,8.3662,9.3995,-0.1568,-0.2304,-0.2807
2,emotion_induction_1,SHAM,HRSD_17.1,HRSD17,cross-corpus-882,RobustScaler,ET,49,12,10,-0.0885,8.2965,9.5545,-0.1457,-0.2713,-0.0667
2,emotion_induction_1,SHAM,HRSD_17.1,HRSD17,cross-corpus-882,RobustScaler,GB,49,12,10,-0.2123,9.3966,10.799,-0.2643,-0.6241,-0.1789
2,emotion_induction_1,SHAM,HRSD_17.1,HRSD17,cross-corpus-882,RobustScaler,XGB,49,12,10,-0.1927,9.5653,10.6142,-0.2353,-0.569,-0.2667
2,emotion_induction_1,SHAM,HRSD_17.1,HRSD17,cross-corpus-882,RobustScaler,MLP,49,12,10,0.1157,11.6656,16.0685,0.1344,-2.5958,-0.0105
2,emotion_induction_1,SHAM,HRSD_17.1,HRSD17,cross-corpus-882,RobustScaler,LGBM,49,12,10,-0.0639,8.4871,9.4629,-0.094,-0.2471,-0.0053
2,emotion_induction_1,SHAM,HRSD_17.1,HRSD17,cross-corpus-882,RobustScaler,CatBoost,49,12,10,0.0099,8.1573,9.4239,0.0147,-0.2368,0.0175
3,emotion_induction_1,SHAM,HRSD_17.1,HRSD17,cross-corpus-882,StandardScaler,Ridge,49,12,5,0.055,6.5696,7.7904,0.0948,-0.048,-0.0281
3,emotion_induction_1,SHAM,HRSD_17.1,HRSD17,cross-corpus-882,StandardScaler,Lasso,49,12,5,0.0229,6.3662,7.6897,0.0582,-0.0211,-0.0912
3,emotion_induction_1,SHAM,HRSD_17.1,HRSD17,cross-corpus-882,StandardScaler,ElasticNet,49,12,5,0.0306,6.3873,7.6754,0.0761,-0.0173,-0.0912
3,emotion_induction_1,SHAM,HRSD_17.1,HRSD17,cross-corpus-882,StandardScaler,SVR,49,12,5,0.0392,6.283,7.5824,0.1142,0.0072,0.1123
3,emotion_induction_1,SHAM,HRSD_17.1,HRSD17,cross-corpus-882,StandardScaler,KNN,49,12,5,-0.121,7.0741,8.9234,-0.1684,-0.375,-0.1725
3,emotion_induction_1,SHAM,HRSD_17.1,HRSD17,cross-corpus-882,StandardScaler,RF,49,12,5,-0.071,6.8392,8.3443,-0.1147,-0.2023,-0.1544
3,emotion_induction_1,SHAM,HRSD_17.1,HRSD17,cross-corpus-882,StandardScaler,ET,49,12,5,-0.208,7.3094,8.8847,-0.3305,-0.3631,-0.3649
3,emotion_induction_1,SHAM,HRSD_17.1,HRSD17,cross-corpus-882,StandardScaler,GB,49,12,5,-0.259,7.4913,9.3345,-0.3507,-0.5046,-0.5263
3,emotion_induction_1,SHAM,HRSD_17.1,HRSD17,cross-corpus-882,StandardScaler,XGB,49,12,5,-0.1341,7.1807,8.7416,-0.1929,-0.3196,-0.3579
3,emotion_induction_1,SHAM,HRSD_17.1,HRSD17,cross-corpus-882,StandardScaler,MLP,49,12,5,0.1403,6.2421,7.4485,0.2384,0.042,0.1404
3,emotion_induction_1,SHAM,HRSD_17.1,HRSD17,cross-corpus-882,StandardScaler,LGBM,49,12,5,-0.0888,6.8337,8.6649,-0.1255,-0.2965,-0.1048
3,emotion_induction_1,SHAM,HRSD_17.1,HRSD17,cross-corpus-882,StandardScaler,CatBoost,49,12,5,-0.1988,7.1836,9.0005,-0.2846,-0.3989,-0.3123
3,emotion_induction_1,SHAM,HRSD_17.1,HRSD17,cross-corpus-882,MinMaxScaler,Ridge,49,12,10,0.1007,5.7759,7.7404,0.1592,-0.0346,0.0316
3,emotion_induction_1,SHAM,HRSD_17.1,HRSD17,cross-corpus-882,MinMaxScaler,Lasso,49,12,10,0.0733,5.8735,7.8333,0.1183,-0.0596,0.007
3,emotion_induction_1,SHAM,HRSD_17.1,HRSD17,cross-corpus-882,MinMaxScaler,ElasticNet,49,12,10,0.1322,5.6896,7.6628,0.1969,-0.014,0.0421
3,emotion_induction_1,SHAM,HRSD_17.1,HRSD17,cross-corpus-882,MinMaxScaler,SVR,49,12,10,0.2904,5.5104,6.8216,0.4731,0.1964,0.3825
3,emotion_induction_1,SHAM,HRSD_17.1,HRSD17,cross-corpus-882,MinMaxScaler,KNN,49,12,10,0.0009,6.2037,7.9262,0.0017,-0.0849,0.0316
3,emotion_induction_1,SHAM,HRSD_17.1,HRSD17,cross-corpus-882,MinMaxScaler,RF,49,12,10,0.1641,5.6996,7.2704,0.3012,0.0872,0.2912
3,emotion_induction_1,SHAM,HRSD_17.1,HRSD17,cross-corpus-882,MinMaxScaler,ET,49,12,10,-0.0309,6.4275,8.2431,-0.0485,-0.1734,-0.0175
3,emotion_induction_1,SHAM,HRSD_17.1,HRSD17,cross-corpus-882,MinMaxScaler,GB,49,12,10,0.2801,4.7979,7.0165,0.4049,0.1499,0.4035
3,emotion_induction_1,SHAM,HRSD_17.1,HRSD17,cross-corpus-882,MinMaxScaler,XGB,49,12,10,0.2622,5.1627,7.2376,0.3575,0.0954,0.3158
3,emotion_induction_1,SHAM,HRSD_17.1,HRSD17,cross-corpus-882,MinMaxScaler,MLP,49,12,10,0.0568,5.9109,7.8512,0.0939,-0.0644,0.1053
3,emotion_induction_1,SHAM,HRSD_17.1,HRSD17,cross-corpus-882,MinMaxScaler,LGBM,49,12,10,0.1264,5.9056,8.0856,0.1522,-0.1289,0.2179
3,emotion_induction_1,SHAM,HRSD_17.1,HRSD17,cross-corpus-882,MinMaxScaler,CatBoost,49,12,10,0.1886,5.3594,7.2681,0.3157,0.0878,0.3123
3,emotion_induction_1,SHAM,HRSD_17.1,HRSD17,cross-corpus-882,RobustScaler,Ridge,49,12,5,-0.0401,6.9217,8.2776,-0.0774,-0.1832,-0.1123
3,emotion_induction_1,SHAM,HRSD_17.1,HRSD17,cross-corpus-882,RobustScaler,Lasso,49,12,5,-0.0476,7.0677,8.6471,-0.0791,-0.2912,-0.193
3,emotion_induction_1,SHAM,HRSD_17.1,HRSD17,cross-corpus-882,RobustScaler,ElasticNet,49,12,5,-0.0458,7.0486,8.549,-0.0783,-0.262,-0.1789
3,emotion_induction_1,SHAM,HRSD_17.1,HRSD17,cross-corpus-882,RobustScaler,SVR,49,12,5,-0.0895,6.5515,8.5779,-0.1301,-0.2706,-0.0842
3,emotion_induction_1,SHAM,HRSD_17.1,HRSD17,cross-corpus-882,RobustScaler,KNN,49,12,5,-0.0108,6.6944,8.1971,-0.0211,-0.1603,0.0406
3,emotion_induction_1,SHAM,HRSD_17.1,HRSD17,cross-corpus-882,RobustScaler,RF,49,12,5,-0.0488,6.3643,8.0259,-0.1133,-0.1123,-0.0877
3,emotion_induction_1,SHAM,HRSD_17.1,HRSD17,cross-corpus-882,RobustScaler,ET,49,12,5,-0.2034,7.1517,9.5904,-0.282,-0.5883,-0.1789
3,emotion_induction_1,SHAM,HRSD_17.1,HRSD17,cross-corpus-882,RobustScaler,GB,49,12,5,0.0276,6.2157,8.578,0.0341,-0.2706,0.0316
3,emotion_induction_1,SHAM,HRSD_17.1,HRSD17,cross-corpus-882,RobustScaler,XGB,49,12,5,0.0497,5.7198,8.3192,0.0723,-0.1951,0.1439
3,emotion_induction_1,SHAM,HRSD_17.1,HRSD17,cross-corpus-882,RobustScaler,MLP,49,12,5,-0.0023,6.3016,8.1486,-0.0058,-0.1466,-0.0702
3,emotion_induction_1,SHAM,HRSD_17.1,HRSD17,cross-corpus-882,RobustScaler,LGBM,49,12,5,0.0484,6.0812,8.0834,0.0679,-0.1283,0.1796
3,emotion_induction_1,SHAM,HRSD_17.1,HRSD17,cross-corpus-882,RobustScaler,CatBoost,49,12,5,-0.0534,6.3483,8.5493,-0.096,-0.2621,-0.0702
4,emotion_induction_1,SHAM,HRSD_17.1,HRSD17,cross-corpus-882,StandardScaler,Ridge,49,12,10,-0.0778,7.1723,9.6142,-0.1123,-0.3222,-0.0595
4,emotion_induction_1,SHAM,HRSD_17.1,HRSD17,cross-corpus-882,StandardScaler,Lasso,49,12,10,-0.0282,8.0627,10.3092,-0.0319,-0.5203,-0.049
4,emotion_induction_1,SHAM,HRSD_17.1,HRSD17,cross-corpus-882,StandardScaler,ElasticNet,49,12,10,-0.0503,7.5375,9.9649,-0.0614,-0.4204,-0.0595
4,emotion_induction_1,SHAM,HRSD_17.1,HRSD17,cross-corpus-882,StandardScaler,SVR,49,12,10,0.0627,7.1026,9.1849,0.0815,-0.2067,0.1576
4,emotion_induction_1,SHAM,HRSD_17.1,HRSD17,cross-corpus-882,StandardScaler,KNN,49,12,10,0.1966,6.0,7.8517,0.4067,0.1182,0.0525
4,emotion_induction_1,SHAM,HRSD_17.1,HRSD17,cross-corpus-882,StandardScaler,RF,49,12,10,-0.0225,7.3533,9.0938,-0.0387,-0.1829,-0.1541
4,emotion_induction_1,SHAM,HRSD_17.1,HRSD17,cross-corpus-882,StandardScaler,ET,49,12,10,0.0152,7.5742,9.048,0.0221,-0.171,-0.1611
4,emotion_induction_1,SHAM,HRSD_17.1,HRSD17,cross-corpus-882,StandardScaler,GB,49,12,10,0.0416,7.3934,9.254,0.0575,-0.225,-0.1997
4,emotion_induction_1,SHAM,HRSD_17.1,HRSD17,cross-corpus-882,StandardScaler,XGB,49,12,10,0.0797,7.5273,9.0817,0.1033,-0.1798,-0.0981
4,emotion_induction_1,SHAM,HRSD_17.1,HRSD17,cross-corpus-882,StandardScaler,MLP,49,12,10,0.0543,8.349,10.1628,0.0575,-0.4774,0.2312
4,emotion_induction_1,SHAM,HRSD_17.1,HRSD17,cross-corpus-882,StandardScaler,LGBM,49,12,10,-0.0755,7.6129,9.6622,-0.1304,-0.3354,-0.2759
4,emotion_induction_1,SHAM,HRSD_17.1,HRSD17,cross-corpus-882,StandardScaler,CatBoost,49,12,10,-0.1189,7.7175,9.4986,-0.2236,-0.2906,-0.6095
4,emotion_induction_1,SHAM,HRSD_17.1,HRSD17,cross-corpus-882,MinMaxScaler,Ridge,49,12,5,-0.1367,8.1966,9.9008,-0.1871,-0.4022,-0.3398
4,emotion_induction_1,SHAM,HRSD_17.1,HRSD17,cross-corpus-882,MinMaxScaler,Lasso,49,12,5,-0.1385,8.214,9.9154,-0.1893,-0.4063,-0.3538
4,emotion_induction_1,SHAM,HRSD_17.1,HRSD17,cross-corpus-882,MinMaxScaler,ElasticNet,49,12,5,-0.1348,8.1573,9.8692,-0.1861,-0.3932,-0.3398
4,emotion_induction_1,SHAM,HRSD_17.1,HRSD17,cross-corpus-882,MinMaxScaler,SVR,49,12,5,-0.0905,7.0817,9.4172,-0.1717,-0.2685,-0.3958
4,emotion_induction_1,SHAM,HRSD_17.1,HRSD17,cross-corpus-882,MinMaxScaler,KNN,49,12,5,-0.2241,8.2857,10.0155,-0.3262,-0.4348,-0.4298
4,emotion_induction_1,SHAM,HRSD_17.1,HRSD17,cross-corpus-882,MinMaxScaler,RF,49,12,5,-0.0876,7.169,9.2768,-0.1837,-0.231,-0.2277
4,emotion_induction_1,SHAM,HRSD_17.1,HRSD17,cross-corpus-882,MinMaxScaler,ET,49,12,5,-0.1301,8.2498,9.8377,-0.1856,-0.3844,-0.2452
4,emotion_induction_1,SHAM,HRSD_17.1,HRSD17,cross-corpus-882,MinMaxScaler,GB,49,12,5,0.0373,7.3851,9.079,0.0536,-0.1791,0.0245
4,emotion_induction_1,SHAM,HRSD_17.1,HRSD17,cross-corpus-882,MinMaxScaler,XGB,49,12,5,-0.0259,7.8528,9.5964,-0.0367,-0.3173,0.0105
4,emotion_induction_1,SHAM,HRSD_17.1,HRSD17,cross-corpus-882,MinMaxScaler,MLP,49,12,5,-0.124,8.1957,9.9103,-0.1662,-0.4049,-0.3117
4,emotion_induction_1,SHAM,HRSD_17.1,HRSD17,cross-corpus-882,MinMaxScaler,LGBM,49,12,5,-0.0635,7.4091,9.6481,-0.1062,-0.3315,-0.3134
4,emotion_induction_1,SHAM,HRSD_17.1,HRSD17,cross-corpus-882,MinMaxScaler,CatBoost,49,12,5,-0.1395,7.7496,9.7641,-0.243,-0.3637,-0.4133
4,emotion_induction_1,SHAM,HRSD_17.1,HRSD17,cross-corpus-882,RobustScaler,Ridge,49,12,10,0.0772,9.1834,10.744,0.0779,-0.6512,0.2487
4,emotion_induction_1,SHAM,HRSD_17.1,HRSD17,cross-corpus-882,RobustScaler,Lasso,49,12,10,0.0629,8.7912,10.417,0.0644,-0.5522,0.1436
4,emotion_induction_1,SHAM,HRSD_17.1,HRSD17,cross-corpus-882,RobustScaler,ElasticNet,49,12,10,0.0436,8.6776,10.4908,0.0451,-0.5743,0.1436
4,emotion_induction_1,SHAM,HRSD_17.1,HRSD17,cross-corpus-882,RobustScaler,SVR,49,12,10,0.1372,6.6629,8.537,0.1983,-0.0425,0.2627
4,emotion_induction_1,SHAM,HRSD_17.1,HRSD17,cross-corpus-882,RobustScaler,KNN,49,12,10,-0.0011,7.0093,8.8753,-0.0021,-0.1267,-0.0175
4,emotion_induction_1,SHAM,HRSD_17.1,HRSD17,cross-corpus-882,RobustScaler,RF,49,12,10,-0.0692,7.5829,9.2924,-0.112,-0.2351,-0.2312
4,emotion_induction_1,SHAM,HRSD_17.1,HRSD17,cross-corpus-882,RobustScaler,ET,49,12,10,0.0634,7.4975,8.8935,0.0845,-0.1314,0.0876
4,emotion_induction_1,SHAM,HRSD_17.1,HRSD17,cross-corpus-882,RobustScaler,GB,49,12,10,0.2272,6.3138,7.9929,0.3919,0.0862,0.2837
4,emotion_induction_1,SHAM,HRSD_17.1,HRSD17,cross-corpus-882,RobustScaler,XGB,49,12,10,0.0534,7.191,8.8672,0.0841,-0.1247,-0.028
4,emotion_induction_1,SHAM,HRSD_17.1,HRSD17,cross-corpus-882,RobustScaler,MLP,49,12,10,0.0456,11.175,12.6333,0.0469,-1.2829,0.1436
4,emotion_induction_1,SHAM,HRSD_17.1,HRSD17,cross-corpus-882,RobustScaler,LGBM,49,12,10,-0.143,7.6062,9.8247,-0.2558,-0.3807,-0.3702
4,emotion_induction_1,SHAM,HRSD_17.1,HRSD17,cross-corpus-882,RobustScaler,CatBoost,49,12,10,-0.0842,7.3882,9.2572,-0.1537,-0.2258,-0.2137
5,emotion_induction_1,SHAM,HRSD_17.1,HRSD17,cross-corpus-882,StandardScaler,Ridge,49,12,5,-0.1431,5.2194,6.7985,-0.163,-0.9552,-0.2011
5,emotion_induction_1,SHAM,HRSD_17.1,HRSD17,cross-corpus-882,StandardScaler,Lasso,49,12,5,-0.1449,4.8889,6.2337,-0.1834,-0.6439,-0.2011
5,emotion_induction_1,SHAM,HRSD_17.1,HRSD17,cross-corpus-882,StandardScaler,ElasticNet,49,12,5,-0.1386,5.4791,7.2817,-0.1539,-1.2431,-0.2011
5,emotion_induction_1,SHAM,HRSD_17.1,HRSD17,cross-corpus-882,StandardScaler,SVR,49,12,5,0.1621,4.4187,5.4845,0.1717,-0.2725,0.0212
5,emotion_induction_1,SHAM,HRSD_17.1,HRSD17,cross-corpus-882,StandardScaler,KNN,49,12,5,-0.0662,4.869,6.3207,-0.0758,-0.69,-0.0388
5,emotion_induction_1,SHAM,HRSD_17.1,HRSD17,cross-corpus-882,StandardScaler,RF,49,12,5,0.0861,4.7132,6.3827,0.0925,-0.7234,0.1058
5,emotion_induction_1,SHAM,HRSD_17.1,HRSD17,cross-corpus-882,StandardScaler,ET,49,12,5,0.0275,5.395,7.5175,0.0294,-1.3907,0.187
5,emotion_induction_1,SHAM,HRSD_17.1,HRSD17,cross-corpus-882,StandardScaler,GB,49,12,5,-0.0755,7.3614,10.5886,-0.0947,-3.743,0.0388
5,emotion_induction_1,SHAM,HRSD_17.1,HRSD17,cross-corpus-882,StandardScaler,XGB,49,12,5,-0.0616,6.8039,9.2485,-0.0724,-2.6184,0.0988
5,emotion_induction_1,SHAM,HRSD_17.1,HRSD17,cross-corpus-882,StandardScaler,MLP,49,12,5,-0.1494,6.1841,8.0279,-0.1646,-1.7263,-0.2011
5,emotion_induction_1,SHAM,HRSD_17.1,HRSD17,cross-corpus-882,StandardScaler,LGBM,49,12,5,0.0478,5.2354,6.8895,0.0491,-1.0079,0.1393
5,emotion_induction_1,SHAM,HRSD_17.1,HRSD17,cross-corpus-882,StandardScaler,CatBoost,49,12,5,-0.0372,5.9054,7.9311,-0.0406,-1.661,0.1164
5,emotion_induction_1,SHAM,HRSD_17.1,HRSD17,cross-corpus-882,MinMaxScaler,Ridge,49,12,10,-0.0393,6.4566,8.0433,-0.0415,-1.7368,-0.2046
5,emotion_induction_1,SHAM,HRSD_17.1,HRSD17,cross-corpus-882,MinMaxScaler,Lasso,49,12,10,-0.0692,8.2142,10.2972,-0.0853,-3.4855,-0.3245
5,emotion_induction_1,SHAM,HRSD_17.1,HRSD17,cross-corpus-882,MinMaxScaler,ElasticNet,49,12,10,-0.0286,4.9417,6.1398,-0.0299,-0.5947,-0.2011
5,emotion_induction_1,SHAM,HRSD_17.1,HRSD17,cross-corpus-882,MinMaxScaler,SVR,49,12,10,-0.178,5.3179,6.5575,-0.1946,-0.8191,-0.2011
5,emotion_induction_1,SHAM,HRSD_17.1,HRSD17,cross-corpus-882,MinMaxScaler,KNN,49,12,10,-0.1363,4.7222,6.5239,-0.1417,-0.8005,-0.0882
5,emotion_induction_1,SHAM,HRSD_17.1,HRSD17,cross-corpus-882,MinMaxScaler,RF,49,12,10,-0.1481,4.93,7.2486,-0.1528,-1.2227,-0.0212
5,emotion_induction_1,SHAM,HRSD_17.1,HRSD17,cross-corpus-882,MinMaxScaler,ET,49,12,10,0.0597,3.8733,5.762,0.0646,-0.4045,0.0741
5,emotion_induction_1,SHAM,HRSD_17.1,HRSD17,cross-corpus-882,MinMaxScaler,GB,49,12,10,-0.0575,7.0265,8.6747,-0.0623,-2.1834,0.0353
5,emotion_induction_1,SHAM,HRSD_17.1,HRSD17,cross-corpus-882,MinMaxScaler,XGB,49,12,10,-0.1197,6.3603,8.3393,-0.1254,-1.9419,0.0705
5,emotion_induction_1,SHAM,HRSD_17.1,HRSD17,cross-corpus-882,MinMaxScaler,MLP,49,12,10,-0.0558,6.4253,8.0893,-0.0593,-1.7682,-0.1411
5,emotion_induction_1,SHAM,HRSD_17.1,HRSD17,cross-corpus-882,MinMaxScaler,LGBM,49,12,10,0.0426,5.1738,6.2183,0.0435,-0.6357,0.0866
5,emotion_induction_1,SHAM,HRSD_17.1,HRSD17,cross-corpus-882,MinMaxScaler,CatBoost,49,12,10,-0.1473,4.9682,6.5026,-0.1537,-0.7887,-0.0882
5,emotion_induction_1,SHAM,HRSD_17.1,HRSD17,cross-corpus-882,RobustScaler,Ridge,49,12,5,0.0009,6.4881,8.4095,0.001,-1.9916,-0.1023
5,emotion_induction_1,SHAM,HRSD_17.1,HRSD17,cross-corpus-882,RobustScaler,Lasso,49,12,5,0.0,3.8197,4.9816,,-0.0498,
5,emotion_induction_1,SHAM,HRSD_17.1,HRSD17,cross-corpus-882,RobustScaler,ElasticNet,49,12,5,-0.0325,4.7791,5.9492,-0.0355,-0.4972,-0.1023
5,emotion_induction_1,SHAM,HRSD_17.1,HRSD17,cross-corpus-882,RobustScaler,SVR,49,12,5,0.0717,3.9158,5.1339,0.114,-0.115,0.0564
5,emotion_induction_1,SHAM,HRSD_17.1,HRSD17,cross-corpus-882,RobustScaler,KNN,49,12,5,0.2835,4.9762,5.7944,0.3202,-0.4203,0.485
5,emotion_induction_1,SHAM,HRSD_17.1,HRSD17,cross-corpus-882,RobustScaler,RF,49,12,5,0.3665,3.4928,4.7555,0.4463,0.0433,0.4586
5,emotion_induction_1,SHAM,HRSD_17.1,HRSD17,cross-corpus-882,RobustScaler,ET,49,12,5,0.2833,4.2879,5.8149,0.3316,-0.4304,0.2857
5,emotion_induction_1,SHAM,HRSD_17.1,HRSD17,cross-corpus-882,RobustScaler,GB,49,12,5,0.1061,5.4388,7.713,0.1282,-1.5166,0.2963
5,emotion_induction_1,SHAM,HRSD_17.1,HRSD17,cross-corpus-882,RobustScaler,XGB,49,12,5,0.1203,5.9289,7.5783,0.1479,-1.4295,0.2046
5,emotion_induction_1,SHAM,HRSD_17.1,HRSD17,cross-corpus-882,RobustScaler,MLP,49,12,5,-0.1796,6.6848,8.4365,-0.1858,-2.0109,-0.134
5,emotion_induction_1,SHAM,HRSD_17.1,HRSD17,cross-corpus-882,RobustScaler,LGBM,49,12,5,0.0476,5.0271,6.1988,0.05,-0.6255,0.0018
5,emotion_induction_1,SHAM,HRSD_17.1,HRSD17,cross-corpus-882,RobustScaler,CatBoost,49,12,5,0.1466,4.0652,5.774,0.1712,-0.4103,0.2011
1,emotion_induction_1,SHAM,HRSD_21.1,HRSD21,cross-corpus-882,StandardScaler,Ridge,48,13,10,0.06,8.1263,9.9099,0.0628,-0.98,-0.0055
1,emotion_induction_1,SHAM,HRSD_21.1,HRSD21,cross-corpus-882,StandardScaler,Lasso,48,13,10,0.0338,8.7548,10.9458,0.0361,-1.4156,0.0055
1,emotion_induction_1,SHAM,HRSD_21.1,HRSD21,cross-corpus-882,StandardScaler,ElasticNet,48,13,10,0.0786,6.8652,8.3265,0.0866,-0.3979,0.0798
1,emotion_induction_1,SHAM,HRSD_21.1,HRSD21,cross-corpus-882,StandardScaler,SVR,48,13,10,0.0042,6.2065,7.5028,0.0067,-0.135,-0.0633
1,emotion_induction_1,SHAM,HRSD_21.1,HRSD21,cross-corpus-882,StandardScaler,KNN,48,13,10,0.0405,6.2857,7.7198,0.0509,-0.2016,0.0634
1,emotion_induction_1,SHAM,HRSD_21.1,HRSD21,cross-corpus-882,StandardScaler,RF,48,13,10,-0.0423,6.1069,8.3823,-0.0479,-0.4167,0.088
1,emotion_induction_1,SHAM,HRSD_21.1,HRSD21,cross-corpus-882,StandardScaler,ET,48,13,10,-0.0601,6.4008,8.5258,-0.0679,-0.4656,-0.0358
1,emotion_induction_1,SHAM,HRSD_21.1,HRSD21,cross-corpus-882,StandardScaler,GB,48,13,10,-0.1417,6.9708,9.522,-0.1463,-0.8281,-0.0385
1,emotion_induction_1,SHAM,HRSD_21.1,HRSD21,cross-corpus-882,StandardScaler,XGB,48,13,10,-0.1211,6.8825,9.4013,-0.1257,-0.782,-0.0055
1,emotion_induction_1,SHAM,HRSD_21.1,HRSD21,cross-corpus-882,StandardScaler,MLP,48,13,10,-0.4021,9.59,12.2459,-0.4057,-2.0236,-0.4127
1,emotion_induction_1,SHAM,HRSD_21.1,HRSD21,cross-corpus-882,StandardScaler,LGBM,48,13,10,0.164,6.1973,7.346,0.1946,-0.088,0.1678
1,emotion_induction_1,SHAM,HRSD_21.1,HRSD21,cross-corpus-882,StandardScaler,CatBoost,48,13,10,-0.1144,6.3807,8.7497,-0.128,-0.5436,0.0248
1,emotion_induction_1,SHAM,HRSD_21.1,HRSD21,cross-corpus-882,MinMaxScaler,Ridge,48,13,15,0.1381,6.9308,8.5014,0.1494,-0.4572,0.2311
1,emotion_induction_1,SHAM,HRSD_21.1,HRSD21,cross-corpus-882,MinMaxScaler,Lasso,48,13,15,0.1813,6.5936,8.2936,0.1976,-0.3868,0.2944
1,emotion_induction_1,SHAM,HRSD_21.1,HRSD21,cross-corpus-882,MinMaxScaler,ElasticNet,48,13,15,0.1605,6.2702,7.815,0.1854,-0.2314,0.3136
1,emotion_induction_1,SHAM,HRSD_21.1,HRSD21,cross-corpus-882,MinMaxScaler,SVR,48,13,15,0.0414,6.0028,7.4786,0.063,-0.1277,0.1293
1,emotion_induction_1,SHAM,HRSD_21.1,HRSD21,cross-corpus-882,MinMaxScaler,KNN,48,13,15,0.0739,6.0769,7.6367,0.1076,-0.1758,-0.0055
1,emotion_induction_1,SHAM,HRSD_21.1,HRSD21,cross-corpus-882,MinMaxScaler,RF,48,13,15,0.055,5.8085,7.7007,0.0675,-0.1956,0.1348
1,emotion_induction_1,SHAM,HRSD_21.1,HRSD21,cross-corpus-882,MinMaxScaler,ET,48,13,15,-0.0465,6.6412,8.6497,-0.0506,-0.5085,0.1458
1,emotion_induction_1,SHAM,HRSD_21.1,HRSD21,cross-corpus-882,MinMaxScaler,GB,48,13,15,-0.0239,6.7174,9.3314,-0.0243,-0.7556,0.0413
1,emotion_induction_1,SHAM,HRSD_21.1,HRSD21,cross-corpus-882,MinMaxScaler,XGB,48,13,15,0.0015,6.0987,8.6531,0.0016,-0.5097,0.022
1,emotion_induction_1,SHAM,HRSD_21.1,HRSD21,cross-corpus-882,MinMaxScaler,MLP,48,13,15,0.152,7.0092,8.6206,0.1702,-0.4984,0.2531
1,emotion_induction_1,SHAM,HRSD_21.1,HRSD21,cross-corpus-882,MinMaxScaler,LGBM,48,13,15,0.265,5.2587,6.7873,0.33,0.0712,0.4264
1,emotion_induction_1,SHAM,HRSD_21.1,HRSD21,cross-corpus-882,MinMaxScaler,CatBoost,48,13,15,0.0022,5.9489,8.2799,0.0024,-0.3823,0.0715
1,emotion_induction_1,SHAM,HRSD_21.1,HRSD21,cross-corpus-882,RobustScaler,Ridge,48,13,5,0.1105,7.3317,9.1683,0.1141,-0.6948,0.0413
1,emotion_induction_1,SHAM,HRSD_21.1,HRSD21,cross-corpus-882,RobustScaler,Lasso,48,13,5,0.1153,8.0471,10.0999,0.1202,-1.0567,0.022
1,emotion_induction_1,SHAM,HRSD_21.1,HRSD21,cross-corpus-882,RobustScaler,ElasticNet,48,13,5,0.1161,7.7642,9.7278,0.1202,-0.9079,-0.0138
1,emotion_induction_1,SHAM,HRSD_21.1,HRSD21,cross-corpus-882,RobustScaler,SVR,48,13,5,-0.0394,5.8437,7.465,-0.1151,-0.1236,0.077
1,emotion_induction_1,SHAM,HRSD_21.1,HRSD21,cross-corpus-882,RobustScaler,KNN,48,13,5,-0.0054,6.4359,8.961,-0.0061,-0.619,0.1379
1,emotion_induction_1,SHAM,HRSD_21.1,HRSD21,cross-corpus-882,RobustScaler,RF,48,13,5,0.0593,5.8015,7.5539,0.0767,-0.1505,0.0688
1,emotion_induction_1,SHAM,HRSD_21.1,HRSD21,cross-corpus-882,RobustScaler,ET,48,13,5,-0.1285,6.9005,8.5912,-0.1518,-0.4882,-0.2834
1,emotion_induction_1,SHAM,HRSD_21.1,HRSD21,cross-corpus-882,RobustScaler,GB,48,13,5,-0.0635,6.9986,9.1665,-0.0658,-0.6941,-0.0303
1,emotion_induction_1,SHAM,HRSD_21.1,HRSD21,cross-corpus-882,RobustScaler,XGB,48,13,5,0.0516,6.3667,8.4515,0.0553,-0.4402,0.1391
1,emotion_induction_1,SHAM,HRSD_21.1,HRSD21,cross-corpus-882,RobustScaler,MLP,48,13,5,-0.1217,7.9071,10.2244,-0.1223,-1.1077,0.011
1,emotion_induction_1,SHAM,HRSD_21.1,HRSD21,cross-corpus-882,RobustScaler,LGBM,48,13,5,0.1458,5.7128,7.0754,0.2603,-0.0094,0.2617
1,emotion_induction_1,SHAM,HRSD_21.1,HRSD21,cross-corpus-882,RobustScaler,CatBoost,48,13,5,-0.2038,6.4594,8.9879,-0.2335,-0.6288,-0.0825
2,emotion_induction_1,SHAM,HRSD_21.1,HRSD21,cross-corpus-882,StandardScaler,Ridge,49,12,5,0.183,9.7089,11.7564,0.1857,-0.5816,0.1053
2,emotion_induction_1,SHAM,HRSD_21.1,HRSD21,cross-corpus-882,StandardScaler,Lasso,49,12,5,0.1828,9.6707,11.6336,0.1857,-0.5487,0.1053
2,emotion_induction_1,SHAM,HRSD_21.1,HRSD21,cross-corpus-882,StandardScaler,ElasticNet,49,12,5,0.1826,9.6666,11.6126,0.1856,-0.5431,0.1053
2,emotion_induction_1,SHAM,HRSD_21.1,HRSD21,cross-corpus-882,StandardScaler,SVR,49,12,5,0.0121,8.6454,9.5832,0.0586,-0.0509,0.0456
2,emotion_induction_1,SHAM,HRSD_21.1,HRSD21,cross-corpus-882,StandardScaler,KNN,49,12,5,0.0111,8.5476,10.0597,0.0283,-0.158,-0.0212
2,emotion_induction_1,SHAM,HRSD_21.1,HRSD21,cross-corpus-882,StandardScaler,RF,49,12,5,0.0951,8.2588,9.4861,0.3113,-0.0297,0.1895
2,emotion_induction_1,SHAM,HRSD_21.1,HRSD21,cross-corpus-882,StandardScaler,ET,49,12,5,0.0542,8.3625,9.7968,0.1544,-0.0983,0.0667
2,emotion_induction_1,SHAM,HRSD_21.1,HRSD21,cross-corpus-882,StandardScaler,GB,49,12,5,0.0421,8.4758,9.5474,0.0978,-0.0431,0.0281
2,emotion_induction_1,SHAM,HRSD_21.1,HRSD21,cross-corpus-882,StandardScaler,XGB,49,12,5,0.198,7.6678,8.8173,0.4188,0.1104,0.4421
2,emotion_induction_1,SHAM,HRSD_21.1,HRSD21,cross-corpus-882,StandardScaler,MLP,49,12,5,0.0804,14.8164,23.7157,0.1153,-5.436,0.0421
2,emotion_induction_1,SHAM,HRSD_21.1,HRSD21,cross-corpus-882,StandardScaler,LGBM,49,12,5,0.2833,7.744,8.4792,0.435,0.1773,0.5054
2,emotion_induction_1,SHAM,HRSD_21.1,HRSD21,cross-corpus-882,StandardScaler,CatBoost,49,12,5,0.1467,8.0217,9.3231,0.4241,0.0054,0.2175
2,emotion_induction_1,SHAM,HRSD_21.1,HRSD21,cross-corpus-882,MinMaxScaler,Ridge,49,12,5,0.1757,10.4294,12.8839,0.1772,-0.8995,0.0491
2,emotion_induction_1,SHAM,HRSD_21.1,HRSD21,cross-corpus-882,MinMaxScaler,Lasso,49,12,5,0.1768,10.3689,12.7261,0.1779,-0.8532,0.0877
2,emotion_induction_1,SHAM,HRSD_21.1,HRSD21,cross-corpus-882,MinMaxScaler,ElasticNet,49,12,5,0.1759,10.2609,12.4054,0.1763,-0.761,0.0
2,emotion_induction_1,SHAM,HRSD_21.1,HRSD21,cross-corpus-882,MinMaxScaler,SVR,49,12,5,0.143,7.8537,9.5085,0.2677,-0.0346,0.1579
2,emotion_induction_1,SHAM,HRSD_21.1,HRSD21,cross-corpus-882,MinMaxScaler,KNN,49,12,5,0.1608,8.1667,9.2372,0.2763,0.0236,0.5471
2,emotion_induction_1,SHAM,HRSD_21.1,HRSD21,cross-corpus-882,MinMaxScaler,RF,49,12,5,0.1858,7.9366,8.8715,0.4319,0.0994,0.4105
2,emotion_induction_1,SHAM,HRSD_21.1,HRSD21,cross-corpus-882,MinMaxScaler,ET,49,12,5,0.1898,7.7729,8.8795,0.3393,0.0978,0.4288
2,emotion_induction_1,SHAM,HRSD_21.1,HRSD21,cross-corpus-882,MinMaxScaler,GB,49,12,5,0.2811,7.2868,8.543,0.4085,0.1648,0.3825
2,emotion_induction_1,SHAM,HRSD_21.1,HRSD21,cross-corpus-882,MinMaxScaler,XGB,49,12,5,0.3434,7.166,8.0099,0.5602,0.2658,0.586
2,emotion_induction_1,SHAM,HRSD_21.1,HRSD21,cross-corpus-882,MinMaxScaler,MLP,49,12,5,0.148,9.2089,10.2738,0.1669,-0.2078,0.1474
2,emotion_induction_1,SHAM,HRSD_21.1,HRSD21,cross-corpus-882,MinMaxScaler,LGBM,49,12,5,0.3391,7.2206,8.0081,0.6016,0.2662,0.5668
2,emotion_induction_1,SHAM,HRSD_21.1,HRSD21,cross-corpus-882,MinMaxScaler,CatBoost,49,12,5,0.2053,7.6624,8.981,0.352,0.077,0.4175
2,emotion_induction_1,SHAM,HRSD_21.1,HRSD21,cross-corpus-882,RobustScaler,Ridge,49,12,10,0.1607,9.995,11.7678,0.1623,-0.5846,0.1158
2,emotion_induction_1,SHAM,HRSD_21.1,HRSD21,cross-corpus-882,RobustScaler,Lasso,49,12,10,0.1764,9.3719,10.5456,0.1868,-0.2726,0.1053
2,emotion_induction_1,SHAM,HRSD_21.1,HRSD21,cross-corpus-882,RobustScaler,ElasticNet,49,12,10,0.1562,10.0857,12.0252,0.1577,-0.6547,0.1158
2,emotion_induction_1,SHAM,HRSD_21.1,HRSD21,cross-corpus-882,RobustScaler,SVR,49,12,10,-0.0645,9.0558,10.7218,-0.126,-0.3155,-0.1579
2,emotion_induction_1,SHAM,HRSD_21.1,HRSD21,cross-corpus-882,RobustScaler,KNN,49,12,10,-0.0035,8.8333,9.9084,-0.0087,-0.1234,0.0791
2,emotion_induction_1,SHAM,HRSD_21.1,HRSD21,cross-corpus-882,RobustScaler,RF,49,12,10,0.0283,8.6108,9.8542,0.0824,-0.1112,0.1228
2,emotion_induction_1,SHAM,HRSD_21.1,HRSD21,cross-corpus-882,RobustScaler,ET,49,12,10,0.0935,8.3496,9.6912,0.3469,-0.0747,0.2386
2,emotion_induction_1,SHAM,HRSD_21.1,HRSD21,cross-corpus-882,RobustScaler,GB,49,12,10,-0.0361,8.8028,10.2752,-0.0643,-0.2082,-0.0316
2,emotion_induction_1,SHAM,HRSD_21.1,HRSD21,cross-corpus-882,RobustScaler,XGB,49,12,10,0.0916,8.3941,9.7112,0.1852,-0.0792,0.3649
2,emotion_induction_1,SHAM,HRSD_21.1,HRSD21,cross-corpus-882,RobustScaler,MLP,49,12,10,0.0558,16.644,28.093,0.0919,-8.0311,0.0281
2,emotion_induction_1,SHAM,HRSD_21.1,HRSD21,cross-corpus-882,RobustScaler,LGBM,49,12,10,0.15,8.4,9.0981,0.2537,0.0528,0.3603
2,emotion_induction_1,SHAM,HRSD_21.1,HRSD21,cross-corpus-882,RobustScaler,CatBoost,49,12,10,0.049,8.5085,9.6661,0.1546,-0.0692,0.1123
3,emotion_induction_1,SHAM,HRSD_21.1,HRSD21,cross-corpus-882,StandardScaler,Ridge,49,12,5,0.0918,6.8331,8.3683,0.1585,-0.0016,0.1888
3,emotion_induction_1,SHAM,HRSD_21.1,HRSD21,cross-corpus-882,StandardScaler,Lasso,49,12,5,0.0045,7.2025,8.5811,0.0102,-0.0532,-0.028
3,emotion_induction_1,SHAM,HRSD_21.1,HRSD21,cross-corpus-882,StandardScaler,ElasticNet,49,12,5,0.0386,7.1124,8.3238,0.1134,0.009,-0.028
3,emotion_induction_1,SHAM,HRSD_21.1,HRSD21,cross-corpus-882,StandardScaler,SVR,49,12,5,0.3303,6.1197,7.544,0.4345,0.186,0.3636
3,emotion_induction_1,SHAM,HRSD_21.1,HRSD21,cross-corpus-882,StandardScaler,KNN,49,12,5,0.2976,6.4524,7.6738,0.409,0.1577,0.3488
3,emotion_induction_1,SHAM,HRSD_21.1,HRSD21,cross-corpus-882,StandardScaler,RF,49,12,5,0.2886,6.4254,7.5656,0.4339,0.1813,0.2907
3,emotion_induction_1,SHAM,HRSD_21.1,HRSD21,cross-corpus-882,StandardScaler,ET,49,12,5,0.2869,6.4427,7.6136,0.4169,0.1709,0.3287
3,emotion_induction_1,SHAM,HRSD_21.1,HRSD21,cross-corpus-882,StandardScaler,GB,49,12,5,0.4113,5.775,7.21,0.5185,0.2565,0.3077
3,emotion_induction_1,SHAM,HRSD_21.1,HRSD21,cross-corpus-882,StandardScaler,XGB,49,12,5,0.2342,6.3489,8.0413,0.3305,0.0751,0.2028
3,emotion_induction_1,SHAM,HRSD_21.1,HRSD21,cross-corpus-882,StandardScaler,MLP,49,12,5,0.3259,5.8872,7.6901,0.4051,0.1542,0.2867
3,emotion_induction_1,SHAM,HRSD_21.1,HRSD21,cross-corpus-882,StandardScaler,LGBM,49,12,5,0.2121,6.5787,7.733,0.4328,0.1447,0.4018
3,emotion_induction_1,SHAM,HRSD_21.1,HRSD21,cross-corpus-882,StandardScaler,CatBoost,49,12,5,0.262,6.2758,7.5304,0.4631,0.1889,0.3217
3,emotion_induction_1,SHAM,HRSD_21.1,HRSD21,cross-corpus-882,MinMaxScaler,Ridge,49,12,10,0.0494,6.664,8.8581,0.0712,-0.1223,-0.021
3,emotion_induction_1,SHAM,HRSD_21.1,HRSD21,cross-corpus-882,MinMaxScaler,Lasso,49,12,10,0.0278,6.7065,9.0229,0.0392,-0.1644,-0.1189
3,emotion_induction_1,SHAM,HRSD_21.1,HRSD21,cross-corpus-882,MinMaxScaler,ElasticNet,49,12,10,0.0617,6.7981,8.932,0.0832,-0.1411,-0.0699
3,emotion_induction_1,SHAM,HRSD_21.1,HRSD21,cross-corpus-882,MinMaxScaler,SVR,49,12,10,0.0999,6.637,8.7187,0.1392,-0.0872,0.0
3,emotion_induction_1,SHAM,HRSD_21.1,HRSD21,cross-corpus-882,MinMaxScaler,KNN,49,12,10,-0.1872,7.7407,9.7417,-0.285,-0.3573,-0.3713
3,emotion_induction_1,SHAM,HRSD_21.1,HRSD21,cross-corpus-882,MinMaxScaler,RF,49,12,10,0.1026,6.5917,8.3109,0.1867,0.0121,0.1119
3,emotion_induction_1,SHAM,HRSD_21.1,HRSD21,cross-corpus-882,MinMaxScaler,ET,49,12,10,0.021,7.0746,8.6701,0.0378,-0.0752,0.028
3,emotion_induction_1,SHAM,HRSD_21.1,HRSD21,cross-corpus-882,MinMaxScaler,GB,49,12,10,0.3553,5.4943,7.4196,0.4612,0.2126,0.4266
3,emotion_induction_1,SHAM,HRSD_21.1,HRSD21,cross-corpus-882,MinMaxScaler,XGB,49,12,10,0.2121,6.3675,8.242,0.271,0.0284,0.2168
3,emotion_induction_1,SHAM,HRSD_21.1,HRSD21,cross-corpus-882,MinMaxScaler,MLP,49,12,10,0.0665,7.0872,9.2479,0.0813,-0.2232,0.007
3,emotion_induction_1,SHAM,HRSD_21.1,HRSD21,cross-corpus-882,MinMaxScaler,LGBM,49,12,10,0.1254,6.599,8.9505,0.1509,-0.1458,0.0769
3,emotion_induction_1,SHAM,HRSD_21.1,HRSD21,cross-corpus-882,MinMaxScaler,CatBoost,49,12,10,0.2022,6.6751,8.4664,0.2435,-0.0252,0.1888
3,emotion_induction_1,SHAM,HRSD_21.1,HRSD21,cross-corpus-882,RobustScaler,Ridge,49,12,10,0.0018,7.3173,8.4612,0.0062,-0.024,-0.1259
3,emotion_induction_1,SHAM,HRSD_21.1,HRSD21,cross-corpus-882,RobustScaler,Lasso,49,12,10,0.1752,6.5629,8.5967,0.2369,-0.057,0.1119
3,emotion_induction_1,SHAM,HRSD_21.1,HRSD21,cross-corpus-882,RobustScaler,ElasticNet,49,12,10,0.1676,6.6245,8.6613,0.2252,-0.073,0.1119
3,emotion_induction_1,SHAM,HRSD_21.1,HRSD21,cross-corpus-882,RobustScaler,SVR,49,12,10,0.0598,6.7588,8.5149,0.1155,-0.037,0.028
3,emotion_induction_1,SHAM,HRSD_21.1,HRSD21,cross-corpus-882,RobustScaler,KNN,49,12,10,-0.1027,8.0185,9.0733,-0.2218,-0.1775,-0.2872
3,emotion_induction_1,SHAM,HRSD_21.1,HRSD21,cross-corpus-882,RobustScaler,RF,49,12,10,0.0832,6.8292,8.2142,0.1976,0.035,0.1469
3,emotion_induction_1,SHAM,HRSD_21.1,HRSD21,cross-corpus-882,RobustScaler,ET,49,12,10,0.0153,7.1854,8.7938,0.0289,-0.1061,-0.0839
3,emotion_induction_1,SHAM,HRSD_21.1,HRSD21,cross-corpus-882,RobustScaler,GB,49,12,10,0.0195,7.5621,9.1122,0.0337,-0.1876,-0.1259
3,emotion_induction_1,SHAM,HRSD_21.1,HRSD21,cross-corpus-882,RobustScaler,XGB,49,12,10,-0.1671,8.4136,10.1564,-0.2412,-0.4754,-0.3986
3,emotion_induction_1,SHAM,HRSD_21.1,HRSD21,cross-corpus-882,RobustScaler,MLP,49,12,10,0.1995,6.4151,8.1732,0.2872,0.0446,0.1259
3,emotion_induction_1,SHAM,HRSD_21.1,HRSD21,cross-corpus-882,RobustScaler,LGBM,49,12,10,0.0746,6.6926,8.4971,0.1224,-0.0327,0.0559
3,emotion_induction_1,SHAM,HRSD_21.1,HRSD21,cross-corpus-882,RobustScaler,CatBoost,49,12,10,0.092,6.9609,8.4259,0.1581,-0.0154,-0.028
4,emotion_induction_1,SHAM,HRSD_21.1,HRSD21,cross-corpus-882,StandardScaler,Ridge,49,12,5,-0.129,6.787,9.1374,-0.2799,-0.2135,-0.2246
4,emotion_induction_1,SHAM,HRSD_21.1,HRSD21,cross-corpus-882,StandardScaler,Lasso,49,12,5,-0.1018,6.549,8.9233,-0.2777,-0.1573,-0.193
4,emotion_induction_1,SHAM,HRSD_21.1,HRSD21,cross-corpus-882,StandardScaler,ElasticNet,49,12,5,-0.1408,6.8284,9.217,-0.2859,-0.2347,-0.2246
4,emotion_induction_1,SHAM,HRSD_21.1,HRSD21,cross-corpus-882,StandardScaler,SVR,49,12,5,-0.0351,6.6533,9.0729,-0.1386,-0.1964,-0.1088
4,emotion_induction_1,SHAM,HRSD_21.1,HRSD21,cross-corpus-882,StandardScaler,KNN,49,12,5,-0.1278,7.5,9.2356,-0.2256,-0.2397,-0.1754
4,emotion_induction_1,SHAM,HRSD_21.1,HRSD21,cross-corpus-882,StandardScaler,RF,49,12,5,-0.16,7.0449,9.1757,-0.3925,-0.2236,-0.5158
4,emotion_induction_1,SHAM,HRSD_21.1,HRSD21,cross-corpus-882,StandardScaler,ET,49,12,5,-0.1515,6.7417,9.2778,-0.2848,-0.251,-0.2105
4,emotion_induction_1,SHAM,HRSD_21.1,HRSD21,cross-corpus-882,StandardScaler,GB,49,12,5,-0.2547,7.1239,9.9963,-0.387,-0.4523,-0.1123
4,emotion_induction_1,SHAM,HRSD_21.1,HRSD21,cross-corpus-882,StandardScaler,XGB,49,12,5,-0.3326,7.7959,10.2577,-0.5459,-0.5292,-0.5193
4,emotion_induction_1,SHAM,HRSD_21.1,HRSD21,cross-corpus-882,StandardScaler,MLP,49,12,5,-0.2334,6.8032,9.8729,-0.3726,-0.4167,-0.2035
4,emotion_induction_1,SHAM,HRSD_21.1,HRSD21,cross-corpus-882,StandardScaler,LGBM,49,12,5,-0.0991,7.1698,8.9698,-0.2412,-0.1693,-0.3793
4,emotion_induction_1,SHAM,HRSD_21.1,HRSD21,cross-corpus-882,StandardScaler,CatBoost,49,12,5,-0.2118,7.077,9.4385,-0.4545,-0.2947,-0.5368
4,emotion_induction_1,SHAM,HRSD_21.1,HRSD21,cross-corpus-882,MinMaxScaler,Ridge,49,12,15,-0.1756,7.2884,9.6355,-0.2998,-0.3494,-0.414
4,emotion_induction_1,SHAM,HRSD_21.1,HRSD21,cross-corpus-882,MinMaxScaler,Lasso,49,12,15,-0.1521,7.0128,9.2752,-0.3274,-0.2503,-0.3193
4,emotion_induction_1,SHAM,HRSD_21.1,HRSD21,cross-corpus-882,MinMaxScaler,ElasticNet,49,12,15,-0.202,7.8593,10.1302,-0.2617,-0.4915,-0.4316
4,emotion_induction_1,SHAM,HRSD_21.1,HRSD21,cross-corpus-882,MinMaxScaler,SVR,49,12,15,-0.0473,7.429,9.7412,-0.0968,-0.3791,-0.1895
4,emotion_induction_1,SHAM,HRSD_21.1,HRSD21,cross-corpus-882,MinMaxScaler,KNN,49,12,15,-0.0947,7.0926,9.4976,-0.1684,-0.311,-0.1634
4,emotion_induction_1,SHAM,HRSD_21.1,HRSD21,cross-corpus-882,MinMaxScaler,RF,49,12,15,-0.2921,7.4758,9.9438,-0.5219,-0.4371,-0.5193
4,emotion_induction_1,SHAM,HRSD_21.1,HRSD21,cross-corpus-882,MinMaxScaler,ET,49,12,15,-0.1818,6.9383,9.379,-0.4267,-0.2785,-0.3965
4,emotion_induction_1,SHAM,HRSD_21.1,HRSD21,cross-corpus-882,MinMaxScaler,GB,49,12,15,-0.2537,7.693,9.9271,-0.4695,-0.4323,-0.5368
4,emotion_induction_1,SHAM,HRSD_21.1,HRSD21,cross-corpus-882,MinMaxScaler,XGB,49,12,15,-0.2363,8.2348,9.9284,-0.3789,-0.4326,-0.4912
4,emotion_induction_1,SHAM,HRSD_21.1,HRSD21,cross-corpus-882,MinMaxScaler,MLP,49,12,15,-0.1097,7.1887,9.5552,-0.1793,-0.327,-0.2737
4,emotion_induction_1,SHAM,HRSD_21.1,HRSD21,cross-corpus-882,MinMaxScaler,LGBM,49,12,15,-0.1763,7.3023,9.506,-0.4144,-0.3133,-0.645
4,emotion_induction_1,SHAM,HRSD_21.1,HRSD21,cross-corpus-882,MinMaxScaler,CatBoost,49,12,15,-0.3147,7.6731,10.197,-0.6499,-0.5112,-0.6667
4,emotion_induction_1,SHAM,HRSD_21.1,HRSD21,cross-corpus-882,RobustScaler,Ridge,49,12,5,0.1309,8.3319,11.1131,0.1358,-0.7949,0.4316
4,emotion_induction_1,SHAM,HRSD_21.1,HRSD21,cross-corpus-882,RobustScaler,Lasso,49,12,5,0.1196,7.9347,10.6556,0.123,-0.6502,0.4316
4,emotion_induction_1,SHAM,HRSD_21.1,HRSD21,cross-corpus-882,RobustScaler,ElasticNet,49,12,5,0.097,7.2961,10.1656,0.1,-0.5019,0.3965
4,emotion_induction_1,SHAM,HRSD_21.1,HRSD21,cross-corpus-882,RobustScaler,SVR,49,12,5,0.051,6.5031,9.1214,0.0927,-0.2092,0.207
4,emotion_induction_1,SHAM,HRSD_21.1,HRSD21,cross-corpus-882,RobustScaler,KNN,49,12,5,-0.076,6.3833,9.3118,-0.12,-0.2602,0.1178
4,emotion_induction_1,SHAM,HRSD_21.1,HRSD21,cross-corpus-882,RobustScaler,RF,49,12,5,-0.0169,6.195,9.0976,-0.025,-0.2029,0.1825
4,emotion_induction_1,SHAM,HRSD_21.1,HRSD21,cross-corpus-882,RobustScaler,ET,49,12,5,-0.0201,7.1792,9.4549,-0.0249,-0.2992,0.0632
4,emotion_induction_1,SHAM,HRSD_21.1,HRSD21,cross-corpus-882,RobustScaler,GB,49,12,5,-0.2534,8.1034,10.6575,-0.3107,-0.6508,-0.2456
4,emotion_induction_1,SHAM,HRSD_21.1,HRSD21,cross-corpus-882,RobustScaler,XGB,49,12,5,-0.1858,8.0617,10.7958,-0.2249,-0.6939,-0.1474
4,emotion_induction_1,SHAM,HRSD_21.1,HRSD21,cross-corpus-882,RobustScaler,MLP,49,12,5,-0.0452,7.7535,10.4418,-0.0483,-0.5846,-0.014
4,emotion_induction_1,SHAM,HRSD_21.1,HRSD21,cross-corpus-882,RobustScaler,LGBM,49,12,5,-0.0481,6.6175,9.4392,-0.0726,-0.2949,0.0218
4,emotion_induction_1,SHAM,HRSD_21.1,HRSD21,cross-corpus-882,RobustScaler,CatBoost,49,12,5,-0.0252,6.7205,9.6618,-0.0313,-0.3567,0.0947
5,emotion_induction_1,SHAM,HRSD_21.1,HRSD21,cross-corpus-882,StandardScaler,Ridge,49,12,5,-0.0352,5.0802,6.9198,-0.0415,-0.7272,-0.0811
5,emotion_induction_1,SHAM,HRSD_21.1,HRSD21,cross-corpus-882,StandardScaler,Lasso,49,12,5,-0.0473,4.7558,6.3932,-0.063,-0.4744,-0.0811
5,emotion_induction_1,SHAM,HRSD_21.1,HRSD21,cross-corpus-882,StandardScaler,ElasticNet,49,12,5,-0.0294,5.358,7.3962,-0.0333,-0.9733,-0.0811
5,emotion_induction_1,SHAM,HRSD_21.1,HRSD21,cross-corpus-882,StandardScaler,SVR,49,12,5,0.2361,4.0299,5.5525,0.2546,-0.1121,0.1446
5,emotion_induction_1,SHAM,HRSD_21.1,HRSD21,cross-corpus-882,StandardScaler,KNN,49,12,5,0.0146,4.7857,6.5564,0.0169,-0.5506,-0.0176
5,emotion_induction_1,SHAM,HRSD_21.1,HRSD21,cross-corpus-882,StandardScaler,RF,49,12,5,0.1847,4.7053,6.2243,0.2173,-0.3975,0.1799
5,emotion_induction_1,SHAM,HRSD_21.1,HRSD21,cross-corpus-882,StandardScaler,ET,49,12,5,0.1441,5.3933,7.4729,0.1536,-1.0144,0.3492
5,emotion_induction_1,SHAM,HRSD_21.1,HRSD21,cross-corpus-882,StandardScaler,GB,49,12,5,-0.0067,7.3945,9.8748,-0.0079,-2.5174,0.1764
5,emotion_induction_1,SHAM,HRSD_21.1,HRSD21,cross-corpus-882,StandardScaler,XGB,49,12,5,-0.0239,7.0985,9.7461,-0.0283,-2.4264,0.1658
5,emotion_induction_1,SHAM,HRSD_21.1,HRSD21,cross-corpus-882,StandardScaler,MLP,49,12,5,-0.0249,5.8992,7.9803,-0.0275,-1.2972,-0.0811
5,emotion_induction_1,SHAM,HRSD_21.1,HRSD21,cross-corpus-882,StandardScaler,LGBM,49,12,5,0.1122,5.3017,7.1511,0.1163,-0.8447,0.2357
5,emotion_induction_1,SHAM,HRSD_21.1,HRSD21,cross-corpus-882,StandardScaler,CatBoost,49,12,5,0.0342,6.2618,8.6843,0.0384,-1.7204,0.2081
5,emotion_induction_1,SHAM,HRSD_21.1,HRSD21,cross-corpus-882,MinMaxScaler,Ridge,49,12,5,0.0118,4.8023,6.804,0.0138,-0.67,-0.0353
5,emotion_induction_1,SHAM,HRSD_21.1,HRSD21,cross-corpus-882,MinMaxScaler,Lasso,49,12,5,0.0212,4.7599,6.7719,0.0247,-0.6542,-0.0353
5,emotion_induction_1,SHAM,HRSD_21.1,HRSD21,cross-corpus-882,MinMaxScaler,ElasticNet,49,12,5,0.0115,4.7928,6.7878,0.0135,-0.662,-0.0353
5,emotion_induction_1,SHAM,HRSD_21.1,HRSD21,cross-corpus-882,MinMaxScaler,SVR,49,12,5,0.0584,4.7462,6.4624,0.0618,-0.5065,-0.0353
5,emotion_induction_1,SHAM,HRSD_21.1,HRSD21,cross-corpus-882,MinMaxScaler,KNN,49,12,5,0.2283,5.3833,6.6686,0.3115,-0.6041,0.0388
5,emotion_induction_1,SHAM,HRSD_21.1,HRSD21,cross-corpus-882,MinMaxScaler,RF,49,12,5,0.2735,4.2792,5.6035,0.3842,-0.1326,0.3669
5,emotion_induction_1,SHAM,HRSD_21.1,HRSD21,cross-corpus-882,MinMaxScaler,ET,49,12,5,0.1872,4.7433,6.3712,0.2428,-0.4643,0.2434
5,emotion_induction_1,SHAM,HRSD_21.1,HRSD21,cross-corpus-882,MinMaxScaler,GB,49,12,5,0.0264,6.9864,8.7897,0.0366,-1.7869,0.2822
5,emotion_induction_1,SHAM,HRSD_21.1,HRSD21,cross-corpus-882,MinMaxScaler,XGB,49,12,5,0.1131,6.7963,8.4429,0.1443,-1.5713,0.2963
5,emotion_induction_1,SHAM,HRSD_21.1,HRSD21,cross-corpus-882,MinMaxScaler,MLP,49,12,5,0.1284,4.4362,6.3462,0.1548,-0.4528,-0.0705
5,emotion_induction_1,SHAM,HRSD_21.1,HRSD21,cross-corpus-882,MinMaxScaler,LGBM,49,12,5,0.1863,5.175,6.7473,0.1928,-0.6422,0.2703
5,emotion_induction_1,SHAM,HRSD_21.1,HRSD21,cross-corpus-882,MinMaxScaler,CatBoost,49,12,5,0.2006,5.1433,6.627,0.2746,-0.5842,0.3915
5,emotion_induction_1,SHAM,HRSD_21.1,HRSD21,cross-corpus-882,RobustScaler,Ridge,49,12,5,0.0317,6.7371,8.8943,0.0335,-1.8536,0.0705
5,emotion_induction_1,SHAM,HRSD_21.1,HRSD21,cross-corpus-882,RobustScaler,Lasso,49,12,5,-0.0,4.1939,5.452,,-0.0722,
5,emotion_induction_1,SHAM,HRSD_21.1,HRSD21,cross-corpus-882,RobustScaler,ElasticNet,49,12,5,0.0108,4.8939,6.3136,0.0119,-0.4379,-0.0176
5,emotion_induction_1,SHAM,HRSD_21.1,HRSD21,cross-corpus-882,RobustScaler,SVR,49,12,5,0.4063,4.3377,5.3525,0.4184,-0.0334,0.448
5,emotion_induction_1,SHAM,HRSD_21.1,HRSD21,cross-corpus-882,RobustScaler,KNN,49,12,5,0.2937,5.1,6.2589,0.3451,-0.4131,0.3292
5,emotion_induction_1,SHAM,HRSD_21.1,HRSD21,cross-corpus-882,RobustScaler,RF,49,12,5,0.4961,3.6928,4.7345,0.6078,0.1914,0.5644
5,emotion_induction_1,SHAM,HRSD_21.1,HRSD21,cross-corpus-882,RobustScaler,ET,49,12,5,0.4092,4.4221,5.7293,0.4938,-0.1841,0.4515
5,emotion_induction_1,SHAM,HRSD_21.1,HRSD21,cross-corpus-882,RobustScaler,GB,49,12,5,0.209,5.3038,7.7388,0.2592,-1.1603,0.3845
5,emotion_induction_1,SHAM,HRSD_21.1,HRSD21,cross-corpus-882,RobustScaler,XGB,49,12,5,0.2466,5.6541,7.3321,0.2936,-0.9392,0.3034
5,emotion_induction_1,SHAM,HRSD_21.1,HRSD21,cross-corpus-882,RobustScaler,MLP,49,12,5,-0.0879,6.5039,8.444,-0.0908,-1.572,0.0811
5,emotion_induction_1,SHAM,HRSD_21.1,HRSD21,cross-corpus-882,RobustScaler,LGBM,49,12,5,0.1581,5.1257,6.2831,0.1687,-0.424,0.1351
5,emotion_induction_1,SHAM,HRSD_21.1,HRSD21,cross-corpus-882,RobustScaler,CatBoost,49,12,5,0.2745,4.346,5.8669,0.332,-0.2416,0.2822
1,emotion_induction_1,SHAM,HRSD_24.1,HRSD24,cross-corpus-882,StandardScaler,Ridge,48,13,10,0.3015,9.1547,10.6791,0.3103,-0.2149,0.2794
1,emotion_induction_1,SHAM,HRSD_24.1,HRSD24,cross-corpus-882,StandardScaler,Lasso,48,13,10,0.2579,9.8418,12.1443,0.2624,-0.5711,0.1992
1,emotion_induction_1,SHAM,HRSD_24.1,HRSD24,cross-corpus-882,StandardScaler,ElasticNet,48,13,10,0.2903,9.4642,11.2364,0.2955,-0.345,0.2794
1,emotion_induction_1,SHAM,HRSD_24.1,HRSD24,cross-corpus-882,StandardScaler,SVR,48,13,10,0.1555,8.6967,9.9035,0.1991,-0.0448,0.0968
1,emotion_induction_1,SHAM,HRSD_24.1,HRSD24,cross-corpus-882,StandardScaler,KNN,48,13,10,0.2772,7.7253,9.3272,0.3664,0.0732,0.3347
1,emotion_induction_1,SHAM,HRSD_24.1,HRSD24,cross-corpus-882,StandardScaler,RF,48,13,10,0.1136,8.1823,10.2594,0.1396,-0.1213,-0.047
1,emotion_induction_1,SHAM,HRSD_24.1,HRSD24,cross-corpus-882,StandardScaler,ET,48,13,10,0.29,7.9596,9.5063,0.3329,0.0373,0.2185
1,emotion_induction_1,SHAM,HRSD_24.1,HRSD24,cross-corpus-882,StandardScaler,GB,48,13,10,-0.032,9.2214,11.9056,-0.0346,-0.51,-0.0498
1,emotion_induction_1,SHAM,HRSD_24.1,HRSD24,cross-corpus-882,StandardScaler,XGB,48,13,10,-0.1289,8.677,12.2766,-0.1446,-0.6056,-0.0747
1,emotion_induction_1,SHAM,HRSD_24.1,HRSD24,cross-corpus-882,StandardScaler,MLP,48,13,10,0.3345,8.33,9.5524,0.3609,0.0279,0.249
1,emotion_induction_1,SHAM,HRSD_24.1,HRSD24,cross-corpus-882,StandardScaler,LGBM,48,13,10,0.0979,8.7756,10.353,0.1223,-0.1418,0.0914
1,emotion_induction_1,SHAM,HRSD_24.1,HRSD24,cross-corpus-882,StandardScaler,CatBoost,48,13,10,0.0791,8.1921,10.5243,0.0987,-0.1799,0.0747
1,emotion_induction_1,SHAM,HRSD_24.1,HRSD24,cross-corpus-882,MinMaxScaler,Ridge,48,13,15,0.2903,8.3461,10.1739,0.3153,-0.1027,0.2075
1,emotion_induction_1,SHAM,HRSD_24.1,HRSD24,cross-corpus-882,MinMaxScaler,Lasso,48,13,15,0.2634,8.9399,10.7791,0.2771,-0.2378,0.2517
1,emotion_induction_1,SHAM,HRSD_24.1,HRSD24,cross-corpus-882,MinMaxScaler,ElasticNet,48,13,15,0.2916,7.8953,9.4554,0.3496,0.0476,0.213
1,emotion_induction_1,SHAM,HRSD_24.1,HRSD24,cross-corpus-882,MinMaxScaler,SVR,48,13,15,0.1165,8.4068,10.0722,0.1563,-0.0807,0.0553
1,emotion_induction_1,SHAM,HRSD_24.1,HRSD24,cross-corpus-882,MinMaxScaler,KNN,48,13,15,0.3115,7.2393,8.9066,0.4024,0.1549,0.4371
1,emotion_induction_1,SHAM,HRSD_24.1,HRSD24,cross-corpus-882,MinMaxScaler,RF,48,13,15,0.1537,8.0408,9.9802,0.1937,-0.0611,0.0747
1,emotion_induction_1,SHAM,HRSD_24.1,HRSD24,cross-corpus-882,MinMaxScaler,ET,48,13,15,0.1784,7.7773,9.6599,0.2363,0.0059,0.1024
1,emotion_induction_1,SHAM,HRSD_24.1,HRSD24,cross-corpus-882,MinMaxScaler,GB,48,13,15,0.0447,8.6432,11.5762,0.0477,-0.4276,-0.047
1,emotion_induction_1,SHAM,HRSD_24.1,HRSD24,cross-corpus-882,MinMaxScaler,XGB,48,13,15,0.0975,8.1299,10.9969,0.1116,-0.2883,0.1687
1,emotion_induction_1,SHAM,HRSD_24.1,HRSD24,cross-corpus-882,MinMaxScaler,MLP,48,13,15,0.3123,8.0978,9.5704,0.3614,0.0243,0.3154
1,emotion_induction_1,SHAM,HRSD_24.1,HRSD24,cross-corpus-882,MinMaxScaler,LGBM,48,13,15,0.1163,8.5856,10.1793,0.1495,-0.1039,0.1604
1,emotion_induction_1,SHAM,HRSD_24.1,HRSD24,cross-corpus-882,MinMaxScaler,CatBoost,48,13,15,0.0769,7.9883,10.4902,0.0966,-0.1723,0.0387
1,emotion_induction_1,SHAM,HRSD_24.1,HRSD24,cross-corpus-882,RobustScaler,Ridge,48,13,10,0.3022,9.6085,11.1124,0.3118,-0.3155,0.2628
1,emotion_induction_1,SHAM,HRSD_24.1,HRSD24,cross-corpus-882,RobustScaler,Lasso,48,13,10,0.3265,9.6884,11.0378,0.3372,-0.2979,0.3762
1,emotion_induction_1,SHAM,HRSD_24.1,HRSD24,cross-corpus-882,RobustScaler,ElasticNet,48,13,10,0.3092,9.7449,11.2473,0.3185,-0.3476,0.2794
1,emotion_induction_1,SHAM,HRSD_24.1,HRSD24,cross-corpus-882,RobustScaler,SVR,48,13,10,0.2488,8.314,9.4811,0.312,0.0424,0.1604
1,emotion_induction_1,SHAM,HRSD_24.1,HRSD24,cross-corpus-882,RobustScaler,KNN,48,13,10,0.4657,7.2051,8.527,0.5045,0.2254,0.38
1,emotion_induction_1,SHAM,HRSD_24.1,HRSD24,cross-corpus-882,RobustScaler,RF,48,13,10,0.1939,8.0646,9.5217,0.2613,0.0342,0.1577
1,emotion_induction_1,SHAM,HRSD_24.1,HRSD24,cross-corpus-882,RobustScaler,ET,48,13,10,0.3389,7.4977,9.1079,0.3984,0.1163,0.2545
1,emotion_induction_1,SHAM,HRSD_24.1,HRSD24,cross-corpus-882,RobustScaler,GB,48,13,10,-0.0481,9.2317,11.9549,-0.0522,-0.5225,-0.0083
1,emotion_induction_1,SHAM,HRSD_24.1,HRSD24,cross-corpus-882,RobustScaler,XGB,48,13,10,-0.2,8.8728,12.8673,-0.216,-0.7638,-0.1134
1,emotion_induction_1,SHAM,HRSD_24.1,HRSD24,cross-corpus-882,RobustScaler,MLP,48,13,10,0.2718,8.2734,9.5625,0.3225,0.0259,0.1715
1,emotion_induction_1,SHAM,HRSD_24.1,HRSD24,cross-corpus-882,RobustScaler,LGBM,48,13,10,0.1206,8.5387,10.1736,0.1611,-0.1026,0.1053
1,emotion_induction_1,SHAM,HRSD_24.1,HRSD24,cross-corpus-882,RobustScaler,CatBoost,48,13,10,0.1515,7.9677,9.7884,0.2036,-0.0207,0.0941
2,emotion_induction_1,SHAM,HRSD_24.1,HRSD24,cross-corpus-882,StandardScaler,Ridge,49,12,10,0.0992,14.6635,18.7587,0.1062,-1.704,0.0351
2,emotion_induction_1,SHAM,HRSD_24.1,HRSD24,cross-corpus-882,StandardScaler,Lasso,49,12,10,0.1108,13.8099,16.6221,0.1132,-1.1231,0.1018
2,emotion_induction_1,SHAM,HRSD_24.1,HRSD24,cross-corpus-882,StandardScaler,ElasticNet,49,12,10,0.1157,12.6543,14.1293,0.1176,-0.534,0.1018
2,emotion_induction_1,SHAM,HRSD_24.1,HRSD24,cross-corpus-882,StandardScaler,SVR,49,12,10,-0.0866,11.4677,12.8873,-0.1561,-0.2762,-0.0632
2,emotion_induction_1,SHAM,HRSD_24.1,HRSD24,cross-corpus-882,StandardScaler,KNN,49,12,10,-0.0828,11.6667,13.2112,-0.1094,-0.3412,-0.0967
2,emotion_induction_1,SHAM,HRSD_24.1,HRSD24,cross-corpus-882,StandardScaler,RF,49,12,10,-0.0293,10.875,12.1729,-0.0497,-0.1386,-0.0421
2,emotion_induction_1,SHAM,HRSD_24.1,HRSD24,cross-corpus-882,StandardScaler,ET,49,12,10,-0.0574,11.2017,12.4469,-0.0934,-0.1905,-0.0807
2,emotion_induction_1,SHAM,HRSD_24.1,HRSD24,cross-corpus-882,StandardScaler,GB,49,12,10,-0.1904,11.8161,13.7094,-0.2894,-0.4442,-0.2246
2,emotion_induction_1,SHAM,HRSD_24.1,HRSD24,cross-corpus-882,StandardScaler,XGB,49,12,10,-0.0852,11.0714,12.939,-0.1533,-0.2865,-0.0632
2,emotion_induction_1,SHAM,HRSD_24.1,HRSD24,cross-corpus-882,StandardScaler,MLP,49,12,10,0.0437,16.2562,22.364,0.0506,-2.8432,0.0175
2,emotion_induction_1,SHAM,HRSD_24.1,HRSD24,cross-corpus-882,StandardScaler,LGBM,49,12,10,-0.0385,11.5352,12.4409,-0.0585,-0.1893,0.0176
2,emotion_induction_1,SHAM,HRSD_24.1,HRSD24,cross-corpus-882,StandardScaler,CatBoost,49,12,10,-0.0434,10.8254,12.3909,-0.0707,-0.1798,-0.1123
2,emotion_induction_1,SHAM,HRSD_24.1,HRSD24,cross-corpus-882,MinMaxScaler,Ridge,49,12,5,0.1059,13.6871,18.0774,0.1107,-1.5111,0.0281
2,emotion_induction_1,SHAM,HRSD_24.1,HRSD24,cross-corpus-882,MinMaxScaler,Lasso,49,12,5,0.1065,13.623,17.9583,0.111,-1.4781,0.0281
2,emotion_induction_1,SHAM,HRSD_24.1,HRSD24,cross-corpus-882,MinMaxScaler,ElasticNet,49,12,5,0.11,13.2271,17.1419,0.1126,-1.2579,0.0281
2,emotion_induction_1,SHAM,HRSD_24.1,HRSD24,cross-corpus-882,MinMaxScaler,SVR,49,12,5,0.0747,10.0996,12.4924,0.1055,-0.1992,0.0281
2,emotion_induction_1,SHAM,HRSD_24.1,HRSD24,cross-corpus-882,MinMaxScaler,KNN,49,12,5,-0.0579,10.4722,12.6374,-0.1117,-0.2272,-0.0947
2,emotion_induction_1,SHAM,HRSD_24.1,HRSD24,cross-corpus-882,MinMaxScaler,RF,49,12,5,0.0481,9.9858,11.6713,0.116,-0.0467,0.1248
2,emotion_induction_1,SHAM,HRSD_24.1,HRSD24,cross-corpus-882,MinMaxScaler,ET,49,12,5,-0.0513,10.6017,12.6218,-0.0983,-0.2242,-0.0175
2,emotion_induction_1,SHAM,HRSD_24.1,HRSD24,cross-corpus-882,MinMaxScaler,GB,49,12,5,-0.0715,10.4498,13.0557,-0.1227,-0.3098,-0.0246
2,emotion_induction_1,SHAM,HRSD_24.1,HRSD24,cross-corpus-882,MinMaxScaler,XGB,49,12,5,-0.123,10.8799,13.4673,-0.1736,-0.3936,-0.1088
2,emotion_induction_1,SHAM,HRSD_24.1,HRSD24,cross-corpus-882,MinMaxScaler,MLP,49,12,5,0.1249,10.6584,12.5093,0.1467,-0.2024,0.1298
2,emotion_induction_1,SHAM,HRSD_24.1,HRSD24,cross-corpus-882,MinMaxScaler,LGBM,49,12,5,0.0396,10.2549,11.4297,0.099,-0.0038,-0.0599
2,emotion_induction_1,SHAM,HRSD_24.1,HRSD24,cross-corpus-882,MinMaxScaler,CatBoost,49,12,5,0.0135,10.0087,12.5821,0.0232,-0.2165,0.1018
2,emotion_induction_1,SHAM,HRSD_24.1,HRSD24,cross-corpus-882,RobustScaler,Ridge,49,12,5,0.074,15.1849,20.2707,0.0822,-2.1574,-0.014
2,emotion_induction_1,SHAM,HRSD_24.1,HRSD24,cross-corpus-882,RobustScaler,Lasso,49,12,5,0.0751,15.092,20.073,0.0829,-2.0961,-0.014
2,emotion_induction_1,SHAM,HRSD_24.1,HRSD24,cross-corpus-882,RobustScaler,ElasticNet,49,12,5,0.0759,15.1574,20.1028,0.084,-2.1053,-0.0035
2,emotion_induction_1,SHAM,HRSD_24.1,HRSD24,cross-corpus-882,RobustScaler,SVR,49,12,5,-0.1564,11.8054,13.4248,-0.2457,-0.3849,-0.186
2,emotion_induction_1,SHAM,HRSD_24.1,HRSD24,cross-corpus-882,RobustScaler,KNN,49,12,5,-0.321,14.4167,15.8205,-0.3581,-0.9232,-0.2877
2,emotion_induction_1,SHAM,HRSD_24.1,HRSD24,cross-corpus-882,RobustScaler,RF,49,12,5,-0.0495,10.7458,12.3845,-0.0827,-0.1785,-0.0632
2,emotion_induction_1,SHAM,HRSD_24.1,HRSD24,cross-corpus-882,RobustScaler,ET,49,12,5,-0.0655,11.0387,12.6525,-0.1071,-0.2301,-0.0982
2,emotion_induction_1,SHAM,HRSD_24.1,HRSD24,cross-corpus-882,RobustScaler,GB,49,12,5,-0.165,11.9139,13.6326,-0.2288,-0.4281,-0.2737
2,emotion_induction_1,SHAM,HRSD_24.1,HRSD24,cross-corpus-882,RobustScaler,XGB,49,12,5,-0.0469,10.8965,12.4698,-0.08,-0.1948,-0.0912
2,emotion_induction_1,SHAM,HRSD_24.1,HRSD24,cross-corpus-882,RobustScaler,MLP,49,12,5,0.0498,18.4874,29.218,0.0717,-5.5599,0.0386
2,emotion_induction_1,SHAM,HRSD_24.1,HRSD24,cross-corpus-882,RobustScaler,LGBM,49,12,5,-0.0344,11.5699,12.8316,-0.0459,-0.2652,-0.1037
2,emotion_induction_1,SHAM,HRSD_24.1,HRSD24,cross-corpus-882,RobustScaler,CatBoost,49,12,5,-0.0714,11.1904,12.8002,-0.1066,-0.259,-0.0947
3,emotion_induction_1,SHAM,HRSD_24.1,HRSD24,cross-corpus-882,StandardScaler,Ridge,49,12,5,0.2701,15.0833,27.3479,0.5293,-8.1425,-0.1301
3,emotion_induction_1,SHAM,HRSD_24.1,HRSD24,cross-corpus-882,StandardScaler,Lasso,49,12,5,0.2925,14.1536,24.7477,0.5319,-6.4866,-0.1336
3,emotion_induction_1,SHAM,HRSD_24.1,HRSD24,cross-corpus-882,StandardScaler,ElasticNet,49,12,5,0.3955,10.9519,15.4255,0.5261,-1.9087,0.0105
3,emotion_induction_1,SHAM,HRSD_24.1,HRSD24,cross-corpus-882,StandardScaler,SVR,49,12,5,-0.0577,9.4222,10.4043,-0.0837,-0.3233,-0.2707
3,emotion_induction_1,SHAM,HRSD_24.1,HRSD24,cross-corpus-882,StandardScaler,KNN,49,12,5,0.0794,8.4537,9.3187,0.1741,-0.0615,0.0
3,emotion_induction_1,SHAM,HRSD_24.1,HRSD24,cross-corpus-882,StandardScaler,RF,49,12,5,-0.2309,10.7613,12.5733,-0.2666,-0.9325,-0.3023
3,emotion_induction_1,SHAM,HRSD_24.1,HRSD24,cross-corpus-882,StandardScaler,ET,49,12,5,-0.1639,10.0358,12.1029,-0.1852,-0.7906,-0.3304
3,emotion_induction_1,SHAM,HRSD_24.1,HRSD24,cross-corpus-882,StandardScaler,GB,49,12,5,-0.2198,12.089,14.5631,-0.2581,-1.5925,-0.3902
3,emotion_induction_1,SHAM,HRSD_24.1,HRSD24,cross-corpus-882,StandardScaler,XGB,49,12,5,-0.2011,12.5296,14.9241,-0.2431,-1.7227,-0.3199
3,emotion_induction_1,SHAM,HRSD_24.1,HRSD24,cross-corpus-882,StandardScaler,MLP,49,12,5,0.2202,18.1678,33.7656,0.5084,-12.9369,-0.2601
3,emotion_induction_1,SHAM,HRSD_24.1,HRSD24,cross-corpus-882,StandardScaler,LGBM,49,12,5,-0.0064,8.8612,10.9209,-0.0074,-0.4579,-0.011
3,emotion_induction_1,SHAM,HRSD_24.1,HRSD24,cross-corpus-882,StandardScaler,CatBoost,49,12,5,-0.2032,11.6797,14.0902,-0.229,-1.4269,-0.355
3,emotion_induction_1,SHAM,HRSD_24.1,HRSD24,cross-corpus-882,MinMaxScaler,Ridge,49,12,10,0.462,9.5508,12.9701,0.5517,-1.0564,0.2039
3,emotion_induction_1,SHAM,HRSD_24.1,HRSD24,cross-corpus-882,MinMaxScaler,Lasso,49,12,10,-0.0224,7.9667,9.433,-0.0586,-0.0877,-0.0492
3,emotion_induction_1,SHAM,HRSD_24.1,HRSD24,cross-corpus-882,MinMaxScaler,ElasticNet,49,12,10,0.494,8.7281,11.0099,0.5491,-0.4818,0.1757
3,emotion_induction_1,SHAM,HRSD_24.1,HRSD24,cross-corpus-882,MinMaxScaler,SVR,49,12,10,0.5023,7.0442,8.2408,0.5185,0.1699,0.355
3,emotion_induction_1,SHAM,HRSD_24.1,HRSD24,cross-corpus-882,MinMaxScaler,KNN,49,12,10,0.3266,7.4167,8.5909,0.3767,0.0978,0.1074
3,emotion_induction_1,SHAM,HRSD_24.1,HRSD24,cross-corpus-882,MinMaxScaler,RF,49,12,10,0.1586,7.2098,9.086,0.2137,-0.0092,0.1019
3,emotion_induction_1,SHAM,HRSD_24.1,HRSD24,cross-corpus-882,MinMaxScaler,ET,49,12,10,0.2535,7.2325,8.6929,0.3219,0.0763,0.1968
3,emotion_induction_1,SHAM,HRSD_24.1,HRSD24,cross-corpus-882,MinMaxScaler,GB,49,12,10,0.3612,6.8229,8.8741,0.386,0.0374,0.3199
3,emotion_induction_1,SHAM,HRSD_24.1,HRSD24,cross-corpus-882,MinMaxScaler,XGB,49,12,10,0.2233,7.4589,9.7802,0.2399,-0.1693,0.0703
3,emotion_induction_1,SHAM,HRSD_24.1,HRSD24,cross-corpus-882,MinMaxScaler,MLP,49,12,10,0.3866,10.8838,17.9011,0.5525,-2.9172,0.2214
3,emotion_induction_1,SHAM,HRSD_24.1,HRSD24,cross-corpus-882,MinMaxScaler,LGBM,49,12,10,0.1061,7.2814,9.9557,0.1241,-0.2116,0.0703
3,emotion_induction_1,SHAM,HRSD_24.1,HRSD24,cross-corpus-882,MinMaxScaler,CatBoost,49,12,10,0.2601,6.8596,9.1726,0.2898,-0.0285,0.2601
3,emotion_induction_1,SHAM,HRSD_24.1,HRSD24,cross-corpus-882,RobustScaler,Ridge,49,12,5,0.0992,7.4069,9.0461,0.1661,-0.0003,0.0808
3,emotion_induction_1,SHAM,HRSD_24.1,HRSD24,cross-corpus-882,RobustScaler,Lasso,49,12,5,0.0673,7.505,9.1046,0.1282,-0.0133,-0.0562
3,emotion_induction_1,SHAM,HRSD_24.1,HRSD24,cross-corpus-882,RobustScaler,ElasticNet,49,12,5,0.0737,7.7453,8.9173,0.2029,0.028,0.2917
3,emotion_induction_1,SHAM,HRSD_24.1,HRSD24,cross-corpus-882,RobustScaler,SVR,49,12,5,0.2632,7.1293,8.8683,0.3113,0.0386,0.3585
3,emotion_induction_1,SHAM,HRSD_24.1,HRSD24,cross-corpus-882,RobustScaler,KNN,49,12,5,0.1748,7.2037,9.1372,0.2363,-0.0206,0.1406
3,emotion_induction_1,SHAM,HRSD_24.1,HRSD24,cross-corpus-882,RobustScaler,RF,49,12,5,0.049,7.6968,9.3008,0.0831,-0.0574,-0.0668
3,emotion_induction_1,SHAM,HRSD_24.1,HRSD24,cross-corpus-882,RobustScaler,ET,49,12,5,-0.0196,8.1825,10.3547,-0.0236,-0.3107,0.007
3,emotion_induction_1,SHAM,HRSD_24.1,HRSD24,cross-corpus-882,RobustScaler,GB,49,12,5,0.1852,9.2518,10.8653,0.1869,-0.4431,0.2039
3,emotion_induction_1,SHAM,HRSD_24.1,HRSD24,cross-corpus-882,RobustScaler,XGB,49,12,5,0.0997,9.5723,11.6342,0.101,-0.6546,0.0457
3,emotion_induction_1,SHAM,HRSD_24.1,HRSD24,cross-corpus-882,RobustScaler,MLP,49,12,5,0.1038,7.6776,9.2073,0.179,-0.0363,-0.0703
3,emotion_induction_1,SHAM,HRSD_24.1,HRSD24,cross-corpus-882,RobustScaler,LGBM,49,12,5,0.1191,7.6107,9.5484,0.1465,-0.1145,-0.0284
3,emotion_induction_1,SHAM,HRSD_24.1,HRSD24,cross-corpus-882,RobustScaler,CatBoost,49,12,5,0.1403,7.8065,9.6337,0.1638,-0.1345,0.1336
4,emotion_induction_1,SHAM,HRSD_24.1,HRSD24,cross-corpus-882,StandardScaler,Ridge,49,12,5,-0.1401,9.7646,12.7249,-0.3346,-0.2725,-0.3986
4,emotion_induction_1,SHAM,HRSD_24.1,HRSD24,cross-corpus-882,StandardScaler,Lasso,49,12,5,-0.1178,9.4842,12.5058,-0.335,-0.2291,-0.4126
4,emotion_induction_1,SHAM,HRSD_24.1,HRSD24,cross-corpus-882,StandardScaler,ElasticNet,49,12,5,-0.136,9.73,12.7414,-0.2922,-0.2759,-0.3287
4,emotion_induction_1,SHAM,HRSD_24.1,HRSD24,cross-corpus-882,StandardScaler,SVR,49,12,5,-0.0849,9.4511,12.6357,-0.4136,-0.2548,-0.4965
4,emotion_induction_1,SHAM,HRSD_24.1,HRSD24,cross-corpus-882,StandardScaler,KNN,49,12,5,-0.3263,11.6296,13.9487,-0.5452,-0.5291,-0.7145
4,emotion_induction_1,SHAM,HRSD_24.1,HRSD24,cross-corpus-882,StandardScaler,RF,49,12,5,-0.2098,9.6033,13.1923,-0.4164,-0.3678,-0.3846
4,emotion_induction_1,SHAM,HRSD_24.1,HRSD24,cross-corpus-882,StandardScaler,ET,49,12,5,-0.3256,11.1092,14.4868,-0.4113,-0.6493,-0.5664
4,emotion_induction_1,SHAM,HRSD_24.1,HRSD24,cross-corpus-882,StandardScaler,GB,49,12,5,-0.2567,10.0873,14.1536,-0.4529,-0.5743,-0.3217
4,emotion_induction_1,SHAM,HRSD_24.1,HRSD24,cross-corpus-882,StandardScaler,XGB,49,12,5,-0.1896,10.2492,14.0104,-0.3205,-0.5427,-0.3776
4,emotion_induction_1,SHAM,HRSD_24.1,HRSD24,cross-corpus-882,StandardScaler,MLP,49,12,5,-0.0946,9.8501,13.0928,-0.1278,-0.3472,-0.2587
4,emotion_induction_1,SHAM,HRSD_24.1,HRSD24,cross-corpus-882,StandardScaler,LGBM,49,12,5,-0.1274,10.2513,12.7113,-0.3163,-0.2698,-0.3799
4,emotion_induction_1,SHAM,HRSD_24.1,HRSD24,cross-corpus-882,StandardScaler,CatBoost,49,12,5,-0.3159,10.6163,14.4564,-0.4756,-0.6424,-0.3776
4,emotion_induction_1,SHAM,HRSD_24.1,HRSD24,cross-corpus-882,MinMaxScaler,Ridge,49,12,15,-0.0654,10.0936,12.9243,-0.092,-0.3127,-0.1259
4,emotion_induction_1,SHAM,HRSD_24.1,HRSD24,cross-corpus-882,MinMaxScaler,Lasso,49,12,15,-0.0109,9.5054,12.1617,-0.0202,-0.1624,0.0979
4,emotion_induction_1,SHAM,HRSD_24.1,HRSD24,cross-corpus-882,MinMaxScaler,ElasticNet,49,12,15,-0.0594,10.0787,12.8526,-0.0851,-0.2982,-0.042
4,emotion_induction_1,SHAM,HRSD_24.1,HRSD24,cross-corpus-882,MinMaxScaler,SVR,49,12,15,-0.0271,10.236,13.7349,-0.0571,-0.4826,-0.1399
4,emotion_induction_1,SHAM,HRSD_24.1,HRSD24,cross-corpus-882,MinMaxScaler,KNN,49,12,15,-0.3486,11.4167,14.6474,-0.5376,-0.6861,-0.579
4,emotion_induction_1,SHAM,HRSD_24.1,HRSD24,cross-corpus-882,MinMaxScaler,RF,49,12,15,-0.1449,10.0996,13.1113,-0.3365,-0.351,-0.3217
4,emotion_induction_1,SHAM,HRSD_24.1,HRSD24,cross-corpus-882,MinMaxScaler,ET,49,12,15,-0.1924,10.1542,13.3626,-0.4166,-0.4033,-0.3986
4,emotion_induction_1,SHAM,HRSD_24.1,HRSD24,cross-corpus-882,MinMaxScaler,GB,49,12,15,-0.1239,10.9331,13.8781,-0.2287,-0.5137,-0.3846
4,emotion_induction_1,SHAM,HRSD_24.1,HRSD24,cross-corpus-882,MinMaxScaler,XGB,49,12,15,0.0362,11.5183,13.5589,0.0526,-0.4448,-0.0979
4,emotion_induction_1,SHAM,HRSD_24.1,HRSD24,cross-corpus-882,MinMaxScaler,MLP,49,12,15,-0.1054,10.4861,13.0963,-0.1723,-0.3479,-0.2028
4,emotion_induction_1,SHAM,HRSD_24.1,HRSD24,cross-corpus-882,MinMaxScaler,LGBM,49,12,15,-0.1582,10.219,13.2699,-0.3856,-0.3839,-0.5594
4,emotion_induction_1,SHAM,HRSD_24.1,HRSD24,cross-corpus-882,MinMaxScaler,CatBoost,49,12,15,-0.1836,10.4497,13.4907,-0.3924,-0.4303,-0.4476
4,emotion_induction_1,SHAM,HRSD_24.1,HRSD24,cross-corpus-882,RobustScaler,Ridge,49,12,10,0.0829,9.2815,11.7211,0.1481,-0.0797,0.2587
4,emotion_induction_1,SHAM,HRSD_24.1,HRSD24,cross-corpus-882,RobustScaler,Lasso,49,12,10,0.0348,9.1318,11.6631,0.1098,-0.069,0.1119
4,emotion_induction_1,SHAM,HRSD_24.1,HRSD24,cross-corpus-882,RobustScaler,ElasticNet,49,12,10,0.02,9.246,11.808,0.059,-0.0958,0.0
4,emotion_induction_1,SHAM,HRSD_24.1,HRSD24,cross-corpus-882,RobustScaler,SVR,49,12,10,0.197,8.1951,11.2024,0.325,0.0138,0.4196
4,emotion_induction_1,SHAM,HRSD_24.1,HRSD24,cross-corpus-882,RobustScaler,KNN,49,12,10,-0.1592,9.8426,12.6591,-0.4255,-0.2594,-0.4155
4,emotion_induction_1,SHAM,HRSD_24.1,HRSD24,cross-corpus-882,RobustScaler,RF,49,12,10,-0.2382,10.7383,13.5181,-0.4857,-0.4361,-0.4965
4,emotion_induction_1,SHAM,HRSD_24.1,HRSD24,cross-corpus-882,RobustScaler,ET,49,12,10,-0.1517,9.895,13.1123,-0.4348,-0.3512,-0.5385
4,emotion_induction_1,SHAM,HRSD_24.1,HRSD24,cross-corpus-882,RobustScaler,GB,49,12,10,-0.172,11.1958,14.883,-0.2577,-0.7408,-0.2587
4,emotion_induction_1,SHAM,HRSD_24.1,HRSD24,cross-corpus-882,RobustScaler,XGB,49,12,10,-0.2025,11.163,14.8417,-0.3341,-0.7311,-0.3357
4,emotion_induction_1,SHAM,HRSD_24.1,HRSD24,cross-corpus-882,RobustScaler,MLP,49,12,10,0.1939,9.502,12.5304,0.2339,-0.2339,0.4196
4,emotion_induction_1,SHAM,HRSD_24.1,HRSD24,cross-corpus-882,RobustScaler,LGBM,49,12,10,-0.0827,9.806,12.4823,-0.2123,-0.2245,-0.3923
4,emotion_induction_1,SHAM,HRSD_24.1,HRSD24,cross-corpus-882,RobustScaler,CatBoost,49,12,10,-0.2437,10.4533,14.3142,-0.4786,-0.6103,-0.4406
5,emotion_induction_1,SHAM,HRSD_24.1,HRSD24,cross-corpus-882,StandardScaler,Ridge,49,12,5,-0.0838,6.917,7.9878,-0.1001,-0.5042,-0.2751
5,emotion_induction_1,SHAM,HRSD_24.1,HRSD24,cross-corpus-882,StandardScaler,Lasso,49,12,5,-0.1218,7.2707,8.3994,-0.1327,-0.6633,-0.1728
5,emotion_induction_1,SHAM,HRSD_24.1,HRSD24,cross-corpus-882,StandardScaler,ElasticNet,49,12,5,-0.0928,7.1432,8.1895,-0.1051,-0.5812,-0.2751
5,emotion_induction_1,SHAM,HRSD_24.1,HRSD24,cross-corpus-882,StandardScaler,SVR,49,12,5,-0.2309,7.0531,9.3959,-0.2374,-1.0813,-0.1199
5,emotion_induction_1,SHAM,HRSD_24.1,HRSD24,cross-corpus-882,StandardScaler,KNN,49,12,5,-0.2735,7.6296,9.5246,-0.2868,-1.1387,-0.2363
5,emotion_induction_1,SHAM,HRSD_24.1,HRSD24,cross-corpus-882,StandardScaler,RF,49,12,5,-0.267,7.2454,9.1239,-0.3005,-0.9626,-0.1658
5,emotion_induction_1,SHAM,HRSD_24.1,HRSD24,cross-corpus-882,StandardScaler,ET,49,12,5,-0.1965,6.5796,8.7721,-0.209,-0.8141,-0.0564
5,emotion_induction_1,SHAM,HRSD_24.1,HRSD24,cross-corpus-882,StandardScaler,GB,49,12,5,-0.2971,7.8859,10.0725,-0.3268,-1.3919,0.0952
5,emotion_induction_1,SHAM,HRSD_24.1,HRSD24,cross-corpus-882,StandardScaler,XGB,49,12,5,-0.2072,7.8098,9.7465,-0.2345,-1.2395,0.0106
5,emotion_induction_1,SHAM,HRSD_24.1,HRSD24,cross-corpus-882,StandardScaler,MLP,49,12,5,-0.0598,6.1239,7.764,-0.0691,-0.4211,-0.1446
5,emotion_induction_1,SHAM,HRSD_24.1,HRSD24,cross-corpus-882,StandardScaler,LGBM,49,12,5,0.0765,6.5536,8.0637,0.0927,-0.5329,-0.0124
5,emotion_induction_1,SHAM,HRSD_24.1,HRSD24,cross-corpus-882,StandardScaler,CatBoost,49,12,5,-0.2116,6.9335,9.3012,-0.2267,-1.0396,-0.1482
5,emotion_induction_1,SHAM,HRSD_24.1,HRSD24,cross-corpus-882,MinMaxScaler,Ridge,49,12,15,0.1628,5.8837,6.7306,0.198,-0.068,-0.0212
5,emotion_induction_1,SHAM,HRSD_24.1,HRSD24,cross-corpus-882,MinMaxScaler,Lasso,49,12,15,0.1421,5.4094,6.5104,0.4557,0.0007,0.2928
5,emotion_induction_1,SHAM,HRSD_24.1,HRSD24,cross-corpus-882,MinMaxScaler,ElasticNet,49,12,15,0.1631,5.7111,6.5494,0.2236,-0.0113,0.0106
5,emotion_induction_1,SHAM,HRSD_24.1,HRSD24,cross-corpus-882,MinMaxScaler,SVR,49,12,15,0.2936,5.5461,6.9158,0.3853,-0.1276,0.1834
5,emotion_induction_1,SHAM,HRSD_24.1,HRSD24,cross-corpus-882,MinMaxScaler,KNN,49,12,15,0.2725,6.1574,6.8906,0.3011,-0.1194,0.2575
5,emotion_induction_1,SHAM,HRSD_24.1,HRSD24,cross-corpus-882,MinMaxScaler,RF,49,12,15,-0.1717,6.3792,8.0727,-0.2079,-0.5364,-0.0882
5,emotion_induction_1,SHAM,HRSD_24.1,HRSD24,cross-corpus-882,MinMaxScaler,ET,49,12,15,-0.0718,6.4167,8.0821,-0.0807,-0.54,-0.0176
5,emotion_induction_1,SHAM,HRSD_24.1,HRSD24,cross-corpus-882,MinMaxScaler,GB,49,12,15,-0.4569,6.2278,8.8949,-0.5531,-0.8653,-0.5256
5,emotion_induction_1,SHAM,HRSD_24.1,HRSD24,cross-corpus-882,MinMaxScaler,XGB,49,12,15,-0.1965,6.2124,8.612,-0.2428,-0.7485,-0.2116
5,emotion_induction_1,SHAM,HRSD_24.1,HRSD24,cross-corpus-882,MinMaxScaler,MLP,49,12,15,0.17,5.357,6.4907,0.2301,0.0068,0.1023
5,emotion_induction_1,SHAM,HRSD_24.1,HRSD24,cross-corpus-882,MinMaxScaler,LGBM,49,12,15,0.147,5.647,6.8165,0.1911,-0.0954,-0.0459
5,emotion_induction_1,SHAM,HRSD_24.1,HRSD24,cross-corpus-882,MinMaxScaler,CatBoost,49,12,15,0.0255,5.7414,7.4319,0.0299,-0.3022,-0.0388
5,emotion_induction_1,SHAM,HRSD_24.1,HRSD24,cross-corpus-882,RobustScaler,Ridge,49,12,10,0.0602,5.856,7.0929,0.0764,-0.1861,-0.2116
5,emotion_induction_1,SHAM,HRSD_24.1,HRSD24,cross-corpus-882,RobustScaler,Lasso,49,12,10,-0.0175,5.6757,7.1072,-0.0249,-0.1908,-0.2258
5,emotion_induction_1,SHAM,HRSD_24.1,HRSD24,cross-corpus-882,RobustScaler,ElasticNet,49,12,10,0.0597,5.2444,6.6252,0.1072,-0.0348,-0.1552
5,emotion_induction_1,SHAM,HRSD_24.1,HRSD24,cross-corpus-882,RobustScaler,SVR,49,12,10,-0.0027,6.3216,8.5338,-0.0038,-0.7169,0.0423
5,emotion_induction_1,SHAM,HRSD_24.1,HRSD24,cross-corpus-882,RobustScaler,KNN,49,12,10,-0.0495,5.3796,7.8639,-0.0552,-0.4579,0.1517
5,emotion_induction_1,SHAM,HRSD_24.1,HRSD24,cross-corpus-882,RobustScaler,RF,49,12,10,-0.0028,5.3796,7.215,-0.0038,-0.2273,0.0282
5,emotion_induction_1,SHAM,HRSD_24.1,HRSD24,cross-corpus-882,RobustScaler,ET,49,12,10,0.1146,5.7317,7.1915,0.1285,-0.2193,0.0866
5,emotion_induction_1,SHAM,HRSD_24.1,HRSD24,cross-corpus-882,RobustScaler,GB,49,12,10,-0.3831,6.8941,9.6311,-0.4002,-1.1868,-0.2469
5,emotion_induction_1,SHAM,HRSD_24.1,HRSD24,cross-corpus-882,RobustScaler,XGB,49,12,10,-0.226,6.6974,8.9272,-0.2376,-0.8789,-0.187
5,emotion_induction_1,SHAM,HRSD_24.1,HRSD24,cross-corpus-882,RobustScaler,MLP,49,12,10,0.098,5.8889,7.6325,0.1657,-0.3734,0.0811
5,emotion_induction_1,SHAM,HRSD_24.1,HRSD24,cross-corpus-882,RobustScaler,LGBM,49,12,10,0.0198,6.0046,7.561,0.0237,-0.3478,-0.0106
5,emotion_induction_1,SHAM,HRSD_24.1,HRSD24,cross-corpus-882,RobustScaler,CatBoost,49,12,10,0.0832,5.2783,6.9656,0.1051,-0.1439,0.1552
