fold,phase,condition,target,target_short,features,scaler,model,n_train,n_test,n_features,CCC,MAE,RMSE,Pearson_r,R2,Spearman_r
1,latency,ALL_CONDITIONS,phq_8,PHQ8,cross-corpus-882,StandardScaler,Ridge,200,50,10,0.09,4.7914,6.0984,0.0986,-0.3229,0.1308
1,latency,ALL_CONDITIONS,phq_8,PHQ8,cross-corpus-882,StandardScaler,Lasso,200,50,10,0.0882,4.7715,6.0555,0.0977,-0.3043,0.1374
1,latency,ALL_CONDITIONS,phq_8,PHQ8,cross-corpus-882,StandardScaler,ElasticNet,200,50,10,0.0871,4.7638,6.0413,0.0969,-0.2982,0.1362
1,latency,ALL_CONDITIONS,phq_8,PHQ8,cross-corpus-882,StandardScaler,SVR,200,50,10,0.0117,4.9012,5.9448,0.0144,-0.2571,0.0549
1,latency,ALL_CONDITIONS,phq_8,PHQ8,cross-corpus-882,StandardScaler,KNN,200,50,10,0.0774,4.5356,5.5719,0.1045,-0.1043,0.0905
1,latency,ALL_CONDITIONS,phq_8,PHQ8,cross-corpus-882,StandardScaler,RF,200,50,10,0.0703,4.6444,5.4475,0.1111,-0.0556,0.0768
1,latency,ALL_CONDITIONS,phq_8,PHQ8,cross-corpus-882,StandardScaler,ET,200,50,10,0.0718,4.5884,5.626,0.0962,-0.1258,0.0761
1,latency,ALL_CONDITIONS,phq_8,PHQ8,cross-corpus-882,StandardScaler,GB,200,50,10,0.0205,4.9669,5.9668,0.0253,-0.2664,0.0584
1,latency,ALL_CONDITIONS,phq_8,PHQ8,cross-corpus-882,StandardScaler,XGB,200,50,10,0.0353,4.8631,5.7831,0.0464,-0.1896,0.082
1,latency,ALL_CONDITIONS,phq_8,PHQ8,cross-corpus-882,StandardScaler,MLP,200,50,10,0.0874,4.7022,5.6058,0.1162,-0.1178,0.1225
1,latency,ALL_CONDITIONS,phq_8,PHQ8,cross-corpus-882,StandardScaler,LGBM,200,50,10,0.0783,4.6833,5.7195,0.0973,-0.1636,0.096
1,latency,ALL_CONDITIONS,phq_8,PHQ8,cross-corpus-882,StandardScaler,CatBoost,200,50,10,0.0726,4.5858,5.4458,0.1148,-0.0549,0.1378
1,latency,ALL_CONDITIONS,phq_8,PHQ8,cross-corpus-882,MinMaxScaler,Ridge,200,50,10,0.0776,4.5147,5.5039,0.1105,-0.0775,0.084
1,latency,ALL_CONDITIONS,phq_8,PHQ8,cross-corpus-882,MinMaxScaler,Lasso,200,50,10,0.0654,4.6484,5.6872,0.0839,-0.1505,0.0754
1,latency,ALL_CONDITIONS,phq_8,PHQ8,cross-corpus-882,MinMaxScaler,ElasticNet,200,50,10,0.0787,4.4641,5.419,0.122,-0.0445,0.1211
1,latency,ALL_CONDITIONS,phq_8,PHQ8,cross-corpus-882,MinMaxScaler,SVR,200,50,10,0.0808,4.9133,5.8791,0.093,-0.2294,0.0441
1,latency,ALL_CONDITIONS,phq_8,PHQ8,cross-corpus-882,MinMaxScaler,KNN,200,50,10,0.0879,4.4178,5.4775,0.1253,-0.0672,0.0726
1,latency,ALL_CONDITIONS,phq_8,PHQ8,cross-corpus-882,MinMaxScaler,RF,200,50,10,0.0662,4.6776,5.5964,0.0904,-0.114,0.0449
1,latency,ALL_CONDITIONS,phq_8,PHQ8,cross-corpus-882,MinMaxScaler,ET,200,50,10,0.1387,4.4097,5.4042,0.1854,-0.0388,0.0932
1,latency,ALL_CONDITIONS,phq_8,PHQ8,cross-corpus-882,MinMaxScaler,GB,200,50,10,0.024,4.8205,5.8965,0.0295,-0.2367,0.0175
1,latency,ALL_CONDITIONS,phq_8,PHQ8,cross-corpus-882,MinMaxScaler,XGB,200,50,10,0.0176,4.9045,5.9346,0.0214,-0.2527,-0.0299
1,latency,ALL_CONDITIONS,phq_8,PHQ8,cross-corpus-882,MinMaxScaler,MLP,200,50,10,0.1501,4.2356,5.1185,0.2659,0.0681,0.2342
1,latency,ALL_CONDITIONS,phq_8,PHQ8,cross-corpus-882,MinMaxScaler,LGBM,200,50,10,0.0098,4.9897,6.1512,0.0112,-0.3459,-0.0108
1,latency,ALL_CONDITIONS,phq_8,PHQ8,cross-corpus-882,MinMaxScaler,CatBoost,200,50,10,0.0337,4.6988,5.607,0.0495,-0.1183,-0.0075
1,latency,ALL_CONDITIONS,phq_8,PHQ8,cross-corpus-882,RobustScaler,Ridge,200,50,10,0.073,4.4286,5.4668,0.1112,-0.063,0.1191
1,latency,ALL_CONDITIONS,phq_8,PHQ8,cross-corpus-882,RobustScaler,Lasso,200,50,10,0.0599,4.4874,5.506,0.0912,-0.0783,0.0846
1,latency,ALL_CONDITIONS,phq_8,PHQ8,cross-corpus-882,RobustScaler,ElasticNet,200,50,10,0.0748,4.4125,5.4504,0.1154,-0.0567,0.1269
1,latency,ALL_CONDITIONS,phq_8,PHQ8,cross-corpus-882,RobustScaler,SVR,200,50,10,0.0025,5.143,6.0983,0.0029,-0.3228,-0.0419
1,latency,ALL_CONDITIONS,phq_8,PHQ8,cross-corpus-882,RobustScaler,KNN,200,50,10,0.0377,4.6911,5.7168,0.05,-0.1625,0.0238
1,latency,ALL_CONDITIONS,phq_8,PHQ8,cross-corpus-882,RobustScaler,RF,200,50,10,0.0749,4.5345,5.5674,0.1024,-0.1025,0.0922
1,latency,ALL_CONDITIONS,phq_8,PHQ8,cross-corpus-882,RobustScaler,ET,200,50,10,0.1002,4.4619,5.5266,0.1346,-0.0864,0.0945
1,latency,ALL_CONDITIONS,phq_8,PHQ8,cross-corpus-882,RobustScaler,GB,200,50,10,0.0997,4.6252,5.7155,0.1197,-0.162,0.1451
1,latency,ALL_CONDITIONS,phq_8,PHQ8,cross-corpus-882,RobustScaler,XGB,200,50,10,0.0198,4.8105,5.9381,0.0239,-0.2542,0.0313
1,latency,ALL_CONDITIONS,phq_8,PHQ8,cross-corpus-882,RobustScaler,MLP,200,50,10,0.1382,4.6502,5.5984,0.1652,-0.1148,0.1343
1,latency,ALL_CONDITIONS,phq_8,PHQ8,cross-corpus-882,RobustScaler,LGBM,200,50,10,0.0455,4.768,5.955,0.0535,-0.2614,0.0605
1,latency,ALL_CONDITIONS,phq_8,PHQ8,cross-corpus-882,RobustScaler,CatBoost,200,50,10,0.0384,4.7954,5.8293,0.048,-0.2087,0.0429
2,latency,ALL_CONDITIONS,phq_8,PHQ8,cross-corpus-882,StandardScaler,Ridge,200,50,5,0.0025,5.5245,6.3577,0.005,-0.096,0.0713
2,latency,ALL_CONDITIONS,phq_8,PHQ8,cross-corpus-882,StandardScaler,Lasso,200,50,5,0.0048,5.7564,6.6806,0.0065,-0.2101,0.0788
2,latency,ALL_CONDITIONS,phq_8,PHQ8,cross-corpus-882,StandardScaler,ElasticNet,200,50,5,0.0046,5.7441,6.6702,0.0063,-0.2064,0.0834
2,latency,ALL_CONDITIONS,phq_8,PHQ8,cross-corpus-882,StandardScaler,SVR,200,50,5,-0.008,5.3997,6.2194,-0.0647,-0.0488,-0.0763
2,latency,ALL_CONDITIONS,phq_8,PHQ8,cross-corpus-882,StandardScaler,KNN,200,50,5,-0.0107,5.5911,6.6214,-0.0157,-0.1888,0.0111
2,latency,ALL_CONDITIONS,phq_8,PHQ8,cross-corpus-882,StandardScaler,RF,200,50,5,0.0111,5.4217,6.358,0.0213,-0.0961,0.0148
2,latency,ALL_CONDITIONS,phq_8,PHQ8,cross-corpus-882,StandardScaler,ET,200,50,5,-0.0405,5.6648,6.762,-0.0603,-0.2398,-0.0664
2,latency,ALL_CONDITIONS,phq_8,PHQ8,cross-corpus-882,StandardScaler,GB,200,50,5,-0.1501,6.0425,7.2666,-0.2103,-0.4317,-0.2218
2,latency,ALL_CONDITIONS,phq_8,PHQ8,cross-corpus-882,StandardScaler,XGB,200,50,5,-0.0241,5.5966,6.6258,-0.0367,-0.1904,0.0013
2,latency,ALL_CONDITIONS,phq_8,PHQ8,cross-corpus-882,StandardScaler,MLP,200,50,5,0.0021,5.5692,6.7558,0.0029,-0.2375,0.0502
2,latency,ALL_CONDITIONS,phq_8,PHQ8,cross-corpus-882,StandardScaler,LGBM,200,50,5,0.0084,5.6166,6.5412,0.0127,-0.1602,0.0158
2,latency,ALL_CONDITIONS,phq_8,PHQ8,cross-corpus-882,StandardScaler,CatBoost,200,50,5,-0.0342,5.5846,6.5696,-0.0586,-0.1703,-0.0229
2,latency,ALL_CONDITIONS,phq_8,PHQ8,cross-corpus-882,MinMaxScaler,Ridge,200,50,10,0.0634,5.3365,6.0225,0.2076,0.0165,0.1759
2,latency,ALL_CONDITIONS,phq_8,PHQ8,cross-corpus-882,MinMaxScaler,Lasso,200,50,10,0.0443,5.3424,6.0721,0.176,0.0003,0.195
2,latency,ALL_CONDITIONS,phq_8,PHQ8,cross-corpus-882,MinMaxScaler,ElasticNet,200,50,10,0.1025,5.4015,6.1075,0.1722,-0.0114,0.1716
2,latency,ALL_CONDITIONS,phq_8,PHQ8,cross-corpus-882,MinMaxScaler,SVR,200,50,10,0.0707,5.4079,6.1285,0.1717,-0.0184,0.1588
2,latency,ALL_CONDITIONS,phq_8,PHQ8,cross-corpus-882,MinMaxScaler,KNN,200,50,10,0.1153,5.4644,6.243,0.1669,-0.0568,0.1855
2,latency,ALL_CONDITIONS,phq_8,PHQ8,cross-corpus-882,MinMaxScaler,RF,200,50,10,0.069,5.5341,6.2681,0.1174,-0.0653,0.1202
2,latency,ALL_CONDITIONS,phq_8,PHQ8,cross-corpus-882,MinMaxScaler,ET,200,50,10,0.0808,5.5166,6.2907,0.1284,-0.073,0.144
2,latency,ALL_CONDITIONS,phq_8,PHQ8,cross-corpus-882,MinMaxScaler,GB,200,50,10,0.0765,5.4984,6.3729,0.1222,-0.1012,0.1725
2,latency,ALL_CONDITIONS,phq_8,PHQ8,cross-corpus-882,MinMaxScaler,XGB,200,50,10,0.1033,5.4797,6.3059,0.1582,-0.0782,0.193
2,latency,ALL_CONDITIONS,phq_8,PHQ8,cross-corpus-882,MinMaxScaler,MLP,200,50,10,0.2375,5.0661,5.8131,0.3353,0.0837,0.3302
2,latency,ALL_CONDITIONS,phq_8,PHQ8,cross-corpus-882,MinMaxScaler,LGBM,200,50,10,0.0229,5.9958,6.7842,0.0297,-0.248,-0.0209
2,latency,ALL_CONDITIONS,phq_8,PHQ8,cross-corpus-882,MinMaxScaler,CatBoost,200,50,10,0.0682,5.6101,6.4556,0.0993,-0.13,0.1032
2,latency,ALL_CONDITIONS,phq_8,PHQ8,cross-corpus-882,RobustScaler,Ridge,200,50,5,0.0102,5.5272,6.3814,0.0191,-0.1042,-0.0905
2,latency,ALL_CONDITIONS,phq_8,PHQ8,cross-corpus-882,RobustScaler,Lasso,200,50,5,0.0096,5.5162,6.3699,0.0184,-0.1002,-0.0734
2,latency,ALL_CONDITIONS,phq_8,PHQ8,cross-corpus-882,RobustScaler,ElasticNet,200,50,5,0.0095,5.5093,6.3613,0.0184,-0.0972,-0.0667
2,latency,ALL_CONDITIONS,phq_8,PHQ8,cross-corpus-882,RobustScaler,SVR,200,50,5,-0.0196,5.6101,6.455,-0.0415,-0.1298,-0.0659
2,latency,ALL_CONDITIONS,phq_8,PHQ8,cross-corpus-882,RobustScaler,KNN,200,50,5,0.0304,5.76,6.6238,0.0476,-0.1897,0.0881
2,latency,ALL_CONDITIONS,phq_8,PHQ8,cross-corpus-882,RobustScaler,RF,200,50,5,0.0217,5.6544,6.6151,0.033,-0.1865,-0.0084
2,latency,ALL_CONDITIONS,phq_8,PHQ8,cross-corpus-882,RobustScaler,ET,200,50,5,-0.07,6.6718,8.5026,-0.0772,-0.9602,-0.0548
2,latency,ALL_CONDITIONS,phq_8,PHQ8,cross-corpus-882,RobustScaler,GB,200,50,5,-0.1088,6.1543,7.2145,-0.1463,-0.4113,-0.1223
2,latency,ALL_CONDITIONS,phq_8,PHQ8,cross-corpus-882,RobustScaler,XGB,200,50,5,-0.045,5.8422,6.7855,-0.0684,-0.2484,-0.0822
2,latency,ALL_CONDITIONS,phq_8,PHQ8,cross-corpus-882,RobustScaler,MLP,200,50,5,-0.0202,5.5919,6.4699,-0.038,-0.135,-0.0601
2,latency,ALL_CONDITIONS,phq_8,PHQ8,cross-corpus-882,RobustScaler,LGBM,200,50,5,-0.0487,5.5914,6.5541,-0.1093,-0.1647,-0.1562
2,latency,ALL_CONDITIONS,phq_8,PHQ8,cross-corpus-882,RobustScaler,CatBoost,200,50,5,-0.0184,5.6265,6.5345,-0.0326,-0.1578,0.0964
3,latency,ALL_CONDITIONS,phq_8,PHQ8,cross-corpus-882,StandardScaler,Ridge,200,50,10,-0.0557,4.9181,6.0163,-0.0907,-0.1925,-0.0668
3,latency,ALL_CONDITIONS,phq_8,PHQ8,cross-corpus-882,StandardScaler,Lasso,200,50,10,-0.0712,4.9796,6.106,-0.1107,-0.2283,-0.1016
3,latency,ALL_CONDITIONS,phq_8,PHQ8,cross-corpus-882,StandardScaler,ElasticNet,200,50,10,-0.0425,4.8771,5.952,-0.0714,-0.1671,-0.0504
3,latency,ALL_CONDITIONS,phq_8,PHQ8,cross-corpus-882,StandardScaler,SVR,200,50,10,0.011,5.1812,6.1019,0.0147,-0.2266,0.036
3,latency,ALL_CONDITIONS,phq_8,PHQ8,cross-corpus-882,StandardScaler,KNN,200,50,10,0.1106,4.6822,5.5229,0.1758,-0.0049,0.1237
3,latency,ALL_CONDITIONS,phq_8,PHQ8,cross-corpus-882,StandardScaler,RF,200,50,10,0.0352,4.8646,5.8245,0.0519,-0.1177,0.0515
3,latency,ALL_CONDITIONS,phq_8,PHQ8,cross-corpus-882,StandardScaler,ET,200,50,10,0.0294,4.8699,5.8083,0.0453,-0.1115,0.071
3,latency,ALL_CONDITIONS,phq_8,PHQ8,cross-corpus-882,StandardScaler,GB,200,50,10,0.0338,5.0702,6.1638,0.0407,-0.2517,0.0764
3,latency,ALL_CONDITIONS,phq_8,PHQ8,cross-corpus-882,StandardScaler,XGB,200,50,10,-0.0533,5.117,6.2084,-0.0724,-0.2698,-0.018
3,latency,ALL_CONDITIONS,phq_8,PHQ8,cross-corpus-882,StandardScaler,MLP,200,50,10,-0.0099,5.0438,6.0064,-0.0148,-0.1886,-0.0239
3,latency,ALL_CONDITIONS,phq_8,PHQ8,cross-corpus-882,StandardScaler,LGBM,200,50,10,0.0161,5.1545,6.1648,0.0197,-0.2521,0.0321
3,latency,ALL_CONDITIONS,phq_8,PHQ8,cross-corpus-882,StandardScaler,CatBoost,200,50,10,0.0013,4.8426,5.8817,0.0021,-0.1397,0.0077
3,latency,ALL_CONDITIONS,phq_8,PHQ8,cross-corpus-882,MinMaxScaler,Ridge,200,50,10,-0.0084,4.867,5.8623,-0.0142,-0.1322,-0.0203
3,latency,ALL_CONDITIONS,phq_8,PHQ8,cross-corpus-882,MinMaxScaler,Lasso,200,50,10,-0.0009,4.874,5.8633,-0.0014,-0.1326,0.0243
3,latency,ALL_CONDITIONS,phq_8,PHQ8,cross-corpus-882,MinMaxScaler,ElasticNet,200,50,10,-0.0057,4.8742,5.8674,-0.0095,-0.1342,0.0042
3,latency,ALL_CONDITIONS,phq_8,PHQ8,cross-corpus-882,MinMaxScaler,SVR,200,50,10,0.0114,5.2002,6.0241,0.0159,-0.1956,0.0283
3,latency,ALL_CONDITIONS,phq_8,PHQ8,cross-corpus-882,MinMaxScaler,KNN,200,50,10,-0.1425,5.5111,6.3422,-0.2168,-0.3252,-0.2107
3,latency,ALL_CONDITIONS,phq_8,PHQ8,cross-corpus-882,MinMaxScaler,RF,200,50,10,0.0569,4.8217,5.7798,0.0829,-0.1005,0.0928
3,latency,ALL_CONDITIONS,phq_8,PHQ8,cross-corpus-882,MinMaxScaler,ET,200,50,10,0.0129,4.9715,5.8692,0.0196,-0.1349,0.0241
3,latency,ALL_CONDITIONS,phq_8,PHQ8,cross-corpus-882,MinMaxScaler,GB,200,50,10,0.0867,4.9704,5.9018,0.1085,-0.1475,0.1301
3,latency,ALL_CONDITIONS,phq_8,PHQ8,cross-corpus-882,MinMaxScaler,XGB,200,50,10,0.0937,4.8667,5.8081,0.1241,-0.1114,0.1452
3,latency,ALL_CONDITIONS,phq_8,PHQ8,cross-corpus-882,MinMaxScaler,MLP,200,50,10,-0.0127,4.8956,5.9243,-0.0197,-0.1563,0.0192
3,latency,ALL_CONDITIONS,phq_8,PHQ8,cross-corpus-882,MinMaxScaler,LGBM,200,50,10,0.0413,5.0104,6.1277,0.0517,-0.237,0.0938
3,latency,ALL_CONDITIONS,phq_8,PHQ8,cross-corpus-882,MinMaxScaler,CatBoost,200,50,10,-0.0088,5.1641,6.1041,-0.0116,-0.2275,0.0074
3,latency,ALL_CONDITIONS,phq_8,PHQ8,cross-corpus-882,RobustScaler,Ridge,200,50,15,-0.0162,4.7988,5.8061,-0.0312,-0.1106,0.0195
3,latency,ALL_CONDITIONS,phq_8,PHQ8,cross-corpus-882,RobustScaler,Lasso,200,50,15,-0.0437,4.8925,6.0236,-0.0686,-0.1953,-0.0666
3,latency,ALL_CONDITIONS,phq_8,PHQ8,cross-corpus-882,RobustScaler,ElasticNet,200,50,15,-0.0231,4.8528,5.8968,-0.0395,-0.1456,-0.0096
3,latency,ALL_CONDITIONS,phq_8,PHQ8,cross-corpus-882,RobustScaler,SVR,200,50,15,0.0545,5.0512,5.9288,0.0798,-0.158,0.0915
3,latency,ALL_CONDITIONS,phq_8,PHQ8,cross-corpus-882,RobustScaler,KNN,200,50,15,0.0636,4.9556,5.8961,0.0829,-0.1453,0.0927
3,latency,ALL_CONDITIONS,phq_8,PHQ8,cross-corpus-882,RobustScaler,RF,200,50,15,0.0683,4.6961,5.665,0.1063,-0.0573,0.088
3,latency,ALL_CONDITIONS,phq_8,PHQ8,cross-corpus-882,RobustScaler,ET,200,50,15,-0.0037,4.9632,5.9438,-0.0055,-0.1639,-0.058
3,latency,ALL_CONDITIONS,phq_8,PHQ8,cross-corpus-882,RobustScaler,GB,200,50,15,0.0469,4.7645,5.8378,0.0656,-0.1228,0.0474
3,latency,ALL_CONDITIONS,phq_8,PHQ8,cross-corpus-882,RobustScaler,XGB,200,50,15,0.1038,4.6917,5.7045,0.141,-0.0721,0.1714
3,latency,ALL_CONDITIONS,phq_8,PHQ8,cross-corpus-882,RobustScaler,MLP,200,50,15,-0.0284,4.8839,6.1822,-0.0374,-0.2592,-0.0456
3,latency,ALL_CONDITIONS,phq_8,PHQ8,cross-corpus-882,RobustScaler,LGBM,200,50,15,0.0533,4.8772,6.0376,0.0661,-0.2009,0.0666
3,latency,ALL_CONDITIONS,phq_8,PHQ8,cross-corpus-882,RobustScaler,CatBoost,200,50,15,0.0819,4.6828,5.6661,0.1234,-0.0577,0.1353
4,latency,ALL_CONDITIONS,phq_8,PHQ8,cross-corpus-882,StandardScaler,Ridge,200,50,10,-0.055,5.183,6.3373,-0.1145,-0.158,-0.0875
4,latency,ALL_CONDITIONS,phq_8,PHQ8,cross-corpus-882,StandardScaler,Lasso,200,50,10,-0.0015,4.8628,5.9801,-0.0097,-0.0311,0.0544
4,latency,ALL_CONDITIONS,phq_8,PHQ8,cross-corpus-882,StandardScaler,ElasticNet,200,50,10,-0.0403,5.0649,6.2056,-0.1066,-0.1104,-0.0781
4,latency,ALL_CONDITIONS,phq_8,PHQ8,cross-corpus-882,StandardScaler,SVR,200,50,10,-0.0348,4.9743,6.2716,-0.0649,-0.1341,-0.0313
4,latency,ALL_CONDITIONS,phq_8,PHQ8,cross-corpus-882,StandardScaler,KNN,200,50,10,-0.107,5.5486,6.919,-0.1414,-0.3803,-0.084
4,latency,ALL_CONDITIONS,phq_8,PHQ8,cross-corpus-882,StandardScaler,RF,200,50,10,-0.0531,5.1713,6.4286,-0.0898,-0.1916,-0.0442
4,latency,ALL_CONDITIONS,phq_8,PHQ8,cross-corpus-882,StandardScaler,ET,200,50,10,-0.0712,5.3392,6.6823,-0.102,-0.2875,-0.1086
4,latency,ALL_CONDITIONS,phq_8,PHQ8,cross-corpus-882,StandardScaler,GB,200,50,10,-0.0726,5.3014,6.7561,-0.0954,-0.3161,-0.0941
4,latency,ALL_CONDITIONS,phq_8,PHQ8,cross-corpus-882,StandardScaler,XGB,200,50,10,-0.0135,5.2399,6.5444,-0.0178,-0.2349,-0.0001
4,latency,ALL_CONDITIONS,phq_8,PHQ8,cross-corpus-882,StandardScaler,MLP,200,50,10,-0.0871,5.5074,6.8601,-0.1192,-0.3569,-0.0503
4,latency,ALL_CONDITIONS,phq_8,PHQ8,cross-corpus-882,StandardScaler,LGBM,200,50,10,-0.0559,5.2828,6.6346,-0.0774,-0.2692,-0.0573
4,latency,ALL_CONDITIONS,phq_8,PHQ8,cross-corpus-882,StandardScaler,CatBoost,200,50,10,-0.0998,5.2183,6.5389,-0.1686,-0.2328,-0.1577
4,latency,ALL_CONDITIONS,phq_8,PHQ8,cross-corpus-882,MinMaxScaler,Ridge,200,50,5,-0.078,5.3349,6.552,-0.1351,-0.2378,-0.0714
4,latency,ALL_CONDITIONS,phq_8,PHQ8,cross-corpus-882,MinMaxScaler,Lasso,200,50,5,-0.0339,5.0432,6.1954,-0.0918,-0.1067,-0.0676
4,latency,ALL_CONDITIONS,phq_8,PHQ8,cross-corpus-882,MinMaxScaler,ElasticNet,200,50,5,-0.0702,5.2679,6.4703,-0.131,-0.2071,-0.0631
4,latency,ALL_CONDITIONS,phq_8,PHQ8,cross-corpus-882,MinMaxScaler,SVR,200,50,5,-0.0386,5.1467,6.4131,-0.063,-0.1859,-0.0297
4,latency,ALL_CONDITIONS,phq_8,PHQ8,cross-corpus-882,MinMaxScaler,KNN,200,50,5,0.0703,4.8867,6.1805,0.1059,-0.1014,0.126
4,latency,ALL_CONDITIONS,phq_8,PHQ8,cross-corpus-882,MinMaxScaler,RF,200,50,5,-0.0755,5.4148,6.6419,-0.1182,-0.272,-0.1423
4,latency,ALL_CONDITIONS,phq_8,PHQ8,cross-corpus-882,MinMaxScaler,ET,200,50,5,-0.0683,5.4138,6.6819,-0.1031,-0.2874,-0.1053
4,latency,ALL_CONDITIONS,phq_8,PHQ8,cross-corpus-882,MinMaxScaler,GB,200,50,5,-0.0382,5.632,6.8598,-0.0496,-0.3568,-0.017
4,latency,ALL_CONDITIONS,phq_8,PHQ8,cross-corpus-882,MinMaxScaler,XGB,200,50,5,-0.0528,5.6035,6.8802,-0.0705,-0.3649,-0.018
4,latency,ALL_CONDITIONS,phq_8,PHQ8,cross-corpus-882,MinMaxScaler,MLP,200,50,5,-0.0774,5.3597,6.6216,-0.1252,-0.2642,-0.0695
4,latency,ALL_CONDITIONS,phq_8,PHQ8,cross-corpus-882,MinMaxScaler,LGBM,200,50,5,-0.0277,5.618,6.9219,-0.0351,-0.3815,-0.0265
4,latency,ALL_CONDITIONS,phq_8,PHQ8,cross-corpus-882,MinMaxScaler,CatBoost,200,50,5,-0.0729,5.4523,6.7003,-0.1054,-0.2945,-0.0886
4,latency,ALL_CONDITIONS,phq_8,PHQ8,cross-corpus-882,RobustScaler,Ridge,200,50,5,-0.0525,5.3027,6.5388,-0.0849,-0.2328,-0.0252
4,latency,ALL_CONDITIONS,phq_8,PHQ8,cross-corpus-882,RobustScaler,Lasso,200,50,5,-0.051,5.2789,6.498,-0.0855,-0.2175,-0.0211
4,latency,ALL_CONDITIONS,phq_8,PHQ8,cross-corpus-882,RobustScaler,ElasticNet,200,50,5,-0.0497,5.2736,6.4875,-0.0839,-0.2136,-0.0218
4,latency,ALL_CONDITIONS,phq_8,PHQ8,cross-corpus-882,RobustScaler,SVR,200,50,5,-0.0274,5.0287,6.317,-0.0465,-0.1506,0.0272
4,latency,ALL_CONDITIONS,phq_8,PHQ8,cross-corpus-882,RobustScaler,KNN,200,50,5,-0.1596,5.68,7.1801,-0.2035,-0.4865,-0.1488
4,latency,ALL_CONDITIONS,phq_8,PHQ8,cross-corpus-882,RobustScaler,RF,200,50,5,-0.0292,5.2279,6.4177,-0.0485,-0.1876,-0.0637
4,latency,ALL_CONDITIONS,phq_8,PHQ8,cross-corpus-882,RobustScaler,ET,200,50,5,-0.0432,5.1911,6.5622,-0.0666,-0.2417,-0.1218
4,latency,ALL_CONDITIONS,phq_8,PHQ8,cross-corpus-882,RobustScaler,GB,200,50,5,0.02,5.2109,6.5541,0.0269,-0.2386,-0.029
4,latency,ALL_CONDITIONS,phq_8,PHQ8,cross-corpus-882,RobustScaler,XGB,200,50,5,0.0268,5.1296,6.4268,0.0391,-0.191,0.0251
4,latency,ALL_CONDITIONS,phq_8,PHQ8,cross-corpus-882,RobustScaler,MLP,200,50,5,-0.0138,5.1479,6.6193,-0.0204,-0.2633,-0.0322
4,latency,ALL_CONDITIONS,phq_8,PHQ8,cross-corpus-882,RobustScaler,LGBM,200,50,5,-0.0265,5.3777,6.704,-0.035,-0.2959,-0.0739
4,latency,ALL_CONDITIONS,phq_8,PHQ8,cross-corpus-882,RobustScaler,CatBoost,200,50,5,-0.0282,5.1339,6.4641,-0.0447,-0.2048,-0.0491
5,latency,ALL_CONDITIONS,phq_8,PHQ8,cross-corpus-882,StandardScaler,Ridge,200,50,10,-0.0809,5.9776,6.7948,-0.1435,-0.1838,-0.0861
5,latency,ALL_CONDITIONS,phq_8,PHQ8,cross-corpus-882,StandardScaler,Lasso,200,50,10,-0.1536,6.4164,7.6691,-0.1811,-0.5081,-0.1141
5,latency,ALL_CONDITIONS,phq_8,PHQ8,cross-corpus-882,StandardScaler,ElasticNet,200,50,10,-0.1328,6.2678,7.3534,-0.1718,-0.3864,-0.1113
5,latency,ALL_CONDITIONS,phq_8,PHQ8,cross-corpus-882,StandardScaler,SVR,200,50,10,0.036,5.5346,6.432,0.0627,-0.0608,0.0669
5,latency,ALL_CONDITIONS,phq_8,PHQ8,cross-corpus-882,StandardScaler,KNN,200,50,10,0.0643,5.7,6.5171,0.0925,-0.089,0.0941
5,latency,ALL_CONDITIONS,phq_8,PHQ8,cross-corpus-882,StandardScaler,RF,200,50,10,0.0483,5.645,6.3767,0.089,-0.0426,0.1352
5,latency,ALL_CONDITIONS,phq_8,PHQ8,cross-corpus-882,StandardScaler,ET,200,50,10,0.0221,5.7604,6.5672,0.0348,-0.1058,0.0766
5,latency,ALL_CONDITIONS,phq_8,PHQ8,cross-corpus-882,StandardScaler,GB,200,50,10,-0.055,6.1884,7.033,-0.0746,-0.2683,0.0164
5,latency,ALL_CONDITIONS,phq_8,PHQ8,cross-corpus-882,StandardScaler,XGB,200,50,10,-0.0306,6.0321,6.9339,-0.0424,-0.2328,0.0343
5,latency,ALL_CONDITIONS,phq_8,PHQ8,cross-corpus-882,StandardScaler,MLP,200,50,10,-0.0298,6.604,7.9928,-0.0309,-0.638,0.0208
5,latency,ALL_CONDITIONS,phq_8,PHQ8,cross-corpus-882,StandardScaler,LGBM,200,50,10,0.0681,5.7423,6.734,0.0888,-0.1627,0.1175
5,latency,ALL_CONDITIONS,phq_8,PHQ8,cross-corpus-882,StandardScaler,CatBoost,200,50,10,0.0478,5.7133,6.4669,0.077,-0.0723,0.1312
5,latency,ALL_CONDITIONS,phq_8,PHQ8,cross-corpus-882,MinMaxScaler,Ridge,200,50,10,-0.0771,6.046,6.8674,-0.1236,-0.2092,-0.1299
5,latency,ALL_CONDITIONS,phq_8,PHQ8,cross-corpus-882,MinMaxScaler,Lasso,200,50,10,-0.1284,6.2957,7.2864,-0.1705,-0.3613,-0.1535
5,latency,ALL_CONDITIONS,phq_8,PHQ8,cross-corpus-882,MinMaxScaler,ElasticNet,200,50,10,-0.0952,6.1374,7.0106,-0.1411,-0.2602,-0.1398
5,latency,ALL_CONDITIONS,phq_8,PHQ8,cross-corpus-882,MinMaxScaler,SVR,200,50,10,-0.0872,6.2488,7.3272,-0.1072,-0.3766,-0.1069
5,latency,ALL_CONDITIONS,phq_8,PHQ8,cross-corpus-882,MinMaxScaler,KNN,200,50,10,-0.002,5.9511,6.7248,-0.003,-0.1595,0.009
5,latency,ALL_CONDITIONS,phq_8,PHQ8,cross-corpus-882,MinMaxScaler,RF,200,50,10,0.0348,5.6083,6.4516,0.0609,-0.0672,0.1092
5,latency,ALL_CONDITIONS,phq_8,PHQ8,cross-corpus-882,MinMaxScaler,ET,200,50,10,0.0116,5.8122,6.6177,0.0181,-0.1229,0.095
5,latency,ALL_CONDITIONS,phq_8,PHQ8,cross-corpus-882,MinMaxScaler,GB,200,50,10,-0.0157,5.8486,6.8963,-0.0214,-0.2194,0.0022
5,latency,ALL_CONDITIONS,phq_8,PHQ8,cross-corpus-882,MinMaxScaler,XGB,200,50,10,-0.0169,5.9521,6.9173,-0.0228,-0.2269,0.051
5,latency,ALL_CONDITIONS,phq_8,PHQ8,cross-corpus-882,MinMaxScaler,MLP,200,50,10,-0.1057,6.0028,6.6629,-0.3173,-0.1383,-0.3015
5,latency,ALL_CONDITIONS,phq_8,PHQ8,cross-corpus-882,MinMaxScaler,LGBM,200,50,10,0.0838,5.6869,6.7948,0.1022,-0.1838,0.1137
5,latency,ALL_CONDITIONS,phq_8,PHQ8,cross-corpus-882,MinMaxScaler,CatBoost,200,50,10,0.0159,5.73,6.5539,0.0261,-0.1014,0.0721
5,latency,ALL_CONDITIONS,phq_8,PHQ8,cross-corpus-882,RobustScaler,Ridge,200,50,15,-0.0931,6.0921,6.9068,-0.151,-0.2232,-0.1482
5,latency,ALL_CONDITIONS,phq_8,PHQ8,cross-corpus-882,RobustScaler,Lasso,200,50,15,-0.1132,6.209,7.1706,-0.1562,-0.3184,-0.1427
5,latency,ALL_CONDITIONS,phq_8,PHQ8,cross-corpus-882,RobustScaler,ElasticNet,200,50,15,-0.0728,5.9581,6.6645,-0.1558,-0.1388,-0.1379
5,latency,ALL_CONDITIONS,phq_8,PHQ8,cross-corpus-882,RobustScaler,SVR,200,50,15,-0.0718,5.9594,6.8001,-0.1218,-0.1857,-0.1367
5,latency,ALL_CONDITIONS,phq_8,PHQ8,cross-corpus-882,RobustScaler,KNN,200,50,15,-0.0494,6.1178,6.9436,-0.0703,-0.2362,-0.0705
5,latency,ALL_CONDITIONS,phq_8,PHQ8,cross-corpus-882,RobustScaler,RF,200,50,15,-0.0307,5.762,6.5495,-0.0638,-0.0999,-0.0785
5,latency,ALL_CONDITIONS,phq_8,PHQ8,cross-corpus-882,RobustScaler,ET,200,50,15,-0.1082,6.0853,6.8611,-0.2054,-0.207,-0.2169
5,latency,ALL_CONDITIONS,phq_8,PHQ8,cross-corpus-882,RobustScaler,GB,200,50,15,-0.0525,5.9847,6.9521,-0.0746,-0.2393,-0.0118
5,latency,ALL_CONDITIONS,phq_8,PHQ8,cross-corpus-882,RobustScaler,XGB,200,50,15,-0.0511,5.9271,6.9387,-0.0752,-0.2345,0.0194
5,latency,ALL_CONDITIONS,phq_8,PHQ8,cross-corpus-882,RobustScaler,MLP,200,50,15,-0.1408,6.9482,8.44,-0.1455,-0.8265,-0.0712
5,latency,ALL_CONDITIONS,phq_8,PHQ8,cross-corpus-882,RobustScaler,LGBM,200,50,15,0.1601,5.4377,6.2543,0.2206,-0.003,0.2569
5,latency,ALL_CONDITIONS,phq_8,PHQ8,cross-corpus-882,RobustScaler,CatBoost,200,50,15,-0.0191,5.8476,6.5772,-0.0353,-0.1092,-0.0146
1,latency,ALL_CONDITIONS,phq_9,PHQ9,cross-corpus-882,StandardScaler,Ridge,200,50,20,-0.106,6.6868,8.0437,-0.1197,-0.5116,-0.1437
1,latency,ALL_CONDITIONS,phq_9,PHQ9,cross-corpus-882,StandardScaler,Lasso,200,50,20,-0.1101,6.6544,7.99,-0.1263,-0.4915,-0.1572
1,latency,ALL_CONDITIONS,phq_9,PHQ9,cross-corpus-882,StandardScaler,ElasticNet,200,50,20,-0.1158,6.6215,7.9376,-0.1352,-0.472,-0.1821
1,latency,ALL_CONDITIONS,phq_9,PHQ9,cross-corpus-882,StandardScaler,SVR,200,50,20,0.0728,5.7936,7.1161,0.0886,-0.183,-0.0197
1,latency,ALL_CONDITIONS,phq_9,PHQ9,cross-corpus-882,StandardScaler,KNN,200,50,20,0.0848,5.6467,6.6846,0.1298,-0.0439,0.107
1,latency,ALL_CONDITIONS,phq_9,PHQ9,cross-corpus-882,StandardScaler,RF,200,50,20,-0.0417,5.9868,6.9726,-0.0765,-0.1358,-0.1537
1,latency,ALL_CONDITIONS,phq_9,PHQ9,cross-corpus-882,StandardScaler,ET,200,50,20,0.0478,5.7072,6.7437,0.0798,-0.0625,0.0345
1,latency,ALL_CONDITIONS,phq_9,PHQ9,cross-corpus-882,StandardScaler,GB,200,50,20,-0.0711,6.2827,7.3831,-0.0974,-0.2735,-0.1077
1,latency,ALL_CONDITIONS,phq_9,PHQ9,cross-corpus-882,StandardScaler,XGB,200,50,20,-0.0688,6.2601,7.3379,-0.0966,-0.2579,-0.1059
1,latency,ALL_CONDITIONS,phq_9,PHQ9,cross-corpus-882,StandardScaler,MLP,200,50,20,0.0705,5.8616,7.2839,0.0814,-0.2395,0.0545
1,latency,ALL_CONDITIONS,phq_9,PHQ9,cross-corpus-882,StandardScaler,LGBM,200,50,20,-0.0328,6.2695,7.3513,-0.0426,-0.2625,-0.039
1,latency,ALL_CONDITIONS,phq_9,PHQ9,cross-corpus-882,StandardScaler,CatBoost,200,50,20,-0.0322,6.0598,6.9702,-0.0561,-0.135,-0.1028
1,latency,ALL_CONDITIONS,phq_9,PHQ9,cross-corpus-882,MinMaxScaler,Ridge,200,50,20,-0.0643,6.1384,7.2677,-0.0943,-0.234,-0.1476
1,latency,ALL_CONDITIONS,phq_9,PHQ9,cross-corpus-882,MinMaxScaler,Lasso,200,50,20,-0.0858,6.3359,7.5422,-0.1111,-0.329,-0.1793
1,latency,ALL_CONDITIONS,phq_9,PHQ9,cross-corpus-882,MinMaxScaler,ElasticNet,200,50,20,-0.0656,6.1358,7.2447,-0.0982,-0.2262,-0.1613
1,latency,ALL_CONDITIONS,phq_9,PHQ9,cross-corpus-882,MinMaxScaler,SVR,200,50,20,0.0135,5.9679,7.2617,0.0181,-0.232,-0.0915
1,latency,ALL_CONDITIONS,phq_9,PHQ9,cross-corpus-882,MinMaxScaler,KNN,200,50,20,0.1091,5.6756,6.6778,0.158,-0.0418,0.0544
1,latency,ALL_CONDITIONS,phq_9,PHQ9,cross-corpus-882,MinMaxScaler,RF,200,50,20,0.006,5.7789,6.9103,0.0098,-0.1156,-0.0821
1,latency,ALL_CONDITIONS,phq_9,PHQ9,cross-corpus-882,MinMaxScaler,ET,200,50,20,0.0277,5.7248,6.8774,0.0436,-0.105,-0.1529
1,latency,ALL_CONDITIONS,phq_9,PHQ9,cross-corpus-882,MinMaxScaler,GB,200,50,20,-0.0601,6.4688,7.4874,-0.0765,-0.3097,-0.142
1,latency,ALL_CONDITIONS,phq_9,PHQ9,cross-corpus-882,MinMaxScaler,XGB,200,50,20,-0.0243,6.2846,7.2988,-0.0322,-0.2446,-0.1507
1,latency,ALL_CONDITIONS,phq_9,PHQ9,cross-corpus-882,MinMaxScaler,MLP,200,50,20,0.1228,5.638,6.887,0.1567,-0.1081,0.0922
1,latency,ALL_CONDITIONS,phq_9,PHQ9,cross-corpus-882,MinMaxScaler,LGBM,200,50,20,0.0462,6.0276,7.2132,0.0562,-0.2156,0.0062
1,latency,ALL_CONDITIONS,phq_9,PHQ9,cross-corpus-882,MinMaxScaler,CatBoost,200,50,20,0.1003,5.7987,6.8307,0.1324,-0.0901,0.1125
1,latency,ALL_CONDITIONS,phq_9,PHQ9,cross-corpus-882,RobustScaler,Ridge,200,50,10,-0.004,5.7862,6.689,-0.0106,-0.0453,-0.084
1,latency,ALL_CONDITIONS,phq_9,PHQ9,cross-corpus-882,RobustScaler,Lasso,200,50,10,-0.0208,5.9832,6.9978,-0.0337,-0.144,-0.1011
1,latency,ALL_CONDITIONS,phq_9,PHQ9,cross-corpus-882,RobustScaler,ElasticNet,200,50,10,0.0011,5.7389,6.606,0.0041,-0.0195,-0.0571
1,latency,ALL_CONDITIONS,phq_9,PHQ9,cross-corpus-882,RobustScaler,SVR,200,50,10,0.0122,5.813,7.0018,0.0239,-0.1454,-0.1213
1,latency,ALL_CONDITIONS,phq_9,PHQ9,cross-corpus-882,RobustScaler,KNN,200,50,10,-0.0465,6.1711,7.3108,-0.0677,-0.2487,-0.204
1,latency,ALL_CONDITIONS,phq_9,PHQ9,cross-corpus-882,RobustScaler,RF,200,50,10,0.0005,5.8199,6.933,0.0008,-0.123,-0.0944
1,latency,ALL_CONDITIONS,phq_9,PHQ9,cross-corpus-882,RobustScaler,ET,200,50,10,-0.0268,6.0008,7.2289,-0.0398,-0.2209,-0.1014
1,latency,ALL_CONDITIONS,phq_9,PHQ9,cross-corpus-882,RobustScaler,GB,200,50,10,0.1085,5.6329,6.7725,0.1509,-0.0716,0.1183
1,latency,ALL_CONDITIONS,phq_9,PHQ9,cross-corpus-882,RobustScaler,XGB,200,50,10,0.1267,5.6183,7.0029,0.1593,-0.1457,0.132
1,latency,ALL_CONDITIONS,phq_9,PHQ9,cross-corpus-882,RobustScaler,MLP,200,50,10,0.0533,5.7678,6.8477,0.0831,-0.0955,0.0204
1,latency,ALL_CONDITIONS,phq_9,PHQ9,cross-corpus-882,RobustScaler,LGBM,200,50,10,0.0463,5.8141,6.9887,0.0666,-0.1411,-0.0321
1,latency,ALL_CONDITIONS,phq_9,PHQ9,cross-corpus-882,RobustScaler,CatBoost,200,50,10,0.0201,5.8391,6.8623,0.0349,-0.1002,-0.0822
2,latency,ALL_CONDITIONS,phq_9,PHQ9,cross-corpus-882,StandardScaler,Ridge,200,50,5,0.1721,5.4194,6.4543,0.233,0.0011,0.1815
2,latency,ALL_CONDITIONS,phq_9,PHQ9,cross-corpus-882,StandardScaler,Lasso,200,50,5,0.1701,5.4132,6.449,0.2324,0.0028,0.1877
2,latency,ALL_CONDITIONS,phq_9,PHQ9,cross-corpus-882,StandardScaler,ElasticNet,200,50,5,0.1683,5.4132,6.4476,0.2312,0.0032,0.185
2,latency,ALL_CONDITIONS,phq_9,PHQ9,cross-corpus-882,StandardScaler,SVR,200,50,5,0.1872,5.2193,6.1081,0.3394,0.1054,0.3248
2,latency,ALL_CONDITIONS,phq_9,PHQ9,cross-corpus-882,StandardScaler,KNN,200,50,5,0.2066,5.4844,6.4453,0.2651,0.0039,0.2292
2,latency,ALL_CONDITIONS,phq_9,PHQ9,cross-corpus-882,StandardScaler,RF,200,50,5,0.1754,5.4339,6.2538,0.2817,0.0622,0.2749
2,latency,ALL_CONDITIONS,phq_9,PHQ9,cross-corpus-882,StandardScaler,ET,200,50,5,0.174,5.4702,6.3551,0.2668,0.0316,0.2769
2,latency,ALL_CONDITIONS,phq_9,PHQ9,cross-corpus-882,StandardScaler,GB,200,50,5,0.1045,5.8012,6.8806,0.1334,-0.1352,0.1096
2,latency,ALL_CONDITIONS,phq_9,PHQ9,cross-corpus-882,StandardScaler,XGB,200,50,5,0.137,5.6768,6.6994,0.1753,-0.0762,0.158
2,latency,ALL_CONDITIONS,phq_9,PHQ9,cross-corpus-882,StandardScaler,MLP,200,50,5,0.1662,5.6803,6.6507,0.2095,-0.0606,0.2071
2,latency,ALL_CONDITIONS,phq_9,PHQ9,cross-corpus-882,StandardScaler,LGBM,200,50,5,0.2284,5.3829,6.3704,0.286,0.0269,0.2706
2,latency,ALL_CONDITIONS,phq_9,PHQ9,cross-corpus-882,StandardScaler,CatBoost,200,50,5,0.2329,5.3236,6.1611,0.327,0.0898,0.3085
2,latency,ALL_CONDITIONS,phq_9,PHQ9,cross-corpus-882,MinMaxScaler,Ridge,200,50,10,0.2666,5.2795,6.1855,0.3335,0.0826,0.3047
2,latency,ALL_CONDITIONS,phq_9,PHQ9,cross-corpus-882,MinMaxScaler,Lasso,200,50,10,0.2538,5.2539,6.1423,0.3352,0.0954,0.3062
2,latency,ALL_CONDITIONS,phq_9,PHQ9,cross-corpus-882,MinMaxScaler,ElasticNet,200,50,10,0.2355,5.2359,6.1317,0.3304,0.0985,0.2939
2,latency,ALL_CONDITIONS,phq_9,PHQ9,cross-corpus-882,MinMaxScaler,SVR,200,50,10,0.2101,5.1121,6.0443,0.3733,0.124,0.3503
2,latency,ALL_CONDITIONS,phq_9,PHQ9,cross-corpus-882,MinMaxScaler,KNN,200,50,10,0.2407,5.3533,6.2124,0.3244,0.0746,0.2972
2,latency,ALL_CONDITIONS,phq_9,PHQ9,cross-corpus-882,MinMaxScaler,RF,200,50,10,0.1801,5.4576,6.3003,0.275,0.0482,0.244
2,latency,ALL_CONDITIONS,phq_9,PHQ9,cross-corpus-882,MinMaxScaler,ET,200,50,10,0.2016,5.3936,6.2202,0.3081,0.0723,0.266
2,latency,ALL_CONDITIONS,phq_9,PHQ9,cross-corpus-882,MinMaxScaler,GB,200,50,10,0.1396,5.5987,6.7707,0.1747,-0.0992,0.1554
2,latency,ALL_CONDITIONS,phq_9,PHQ9,cross-corpus-882,MinMaxScaler,XGB,200,50,10,0.1617,5.465,6.6428,0.201,-0.0581,0.1889
2,latency,ALL_CONDITIONS,phq_9,PHQ9,cross-corpus-882,MinMaxScaler,MLP,200,50,10,0.2578,5.2909,6.1902,0.3297,0.0812,0.2967
2,latency,ALL_CONDITIONS,phq_9,PHQ9,cross-corpus-882,MinMaxScaler,LGBM,200,50,10,0.231,5.3885,6.5718,0.2659,-0.0356,0.2329
2,latency,ALL_CONDITIONS,phq_9,PHQ9,cross-corpus-882,MinMaxScaler,CatBoost,200,50,10,0.2052,5.4511,6.4781,0.2619,-0.0062,0.2349
2,latency,ALL_CONDITIONS,phq_9,PHQ9,cross-corpus-882,RobustScaler,Ridge,200,50,10,0.2483,5.3136,6.1527,0.3314,0.0923,0.2822
2,latency,ALL_CONDITIONS,phq_9,PHQ9,cross-corpus-882,RobustScaler,Lasso,200,50,10,0.2431,5.3068,6.1227,0.3363,0.1011,0.2817
2,latency,ALL_CONDITIONS,phq_9,PHQ9,cross-corpus-882,RobustScaler,ElasticNet,200,50,10,0.2383,5.3114,6.1243,0.3342,0.1007,0.2831
2,latency,ALL_CONDITIONS,phq_9,PHQ9,cross-corpus-882,RobustScaler,SVR,200,50,10,0.215,5.1531,5.9868,0.438,0.1406,0.4183
2,latency,ALL_CONDITIONS,phq_9,PHQ9,cross-corpus-882,RobustScaler,KNN,200,50,10,0.2916,5.1111,5.8978,0.4144,0.166,0.381
2,latency,ALL_CONDITIONS,phq_9,PHQ9,cross-corpus-882,RobustScaler,RF,200,50,10,0.1982,5.4228,6.2094,0.3029,0.0755,0.2626
2,latency,ALL_CONDITIONS,phq_9,PHQ9,cross-corpus-882,RobustScaler,ET,200,50,10,0.2113,5.3386,6.192,0.3299,0.0807,0.2986
2,latency,ALL_CONDITIONS,phq_9,PHQ9,cross-corpus-882,RobustScaler,GB,200,50,10,0.1844,5.4717,6.6351,0.2235,-0.0556,0.2063
2,latency,ALL_CONDITIONS,phq_9,PHQ9,cross-corpus-882,RobustScaler,XGB,200,50,10,0.179,5.5189,6.66,0.2155,-0.0635,0.2005
2,latency,ALL_CONDITIONS,phq_9,PHQ9,cross-corpus-882,RobustScaler,MLP,200,50,10,0.3313,5.3592,6.3302,0.3626,0.0392,0.3789
2,latency,ALL_CONDITIONS,phq_9,PHQ9,cross-corpus-882,RobustScaler,LGBM,200,50,10,0.235,5.3881,6.4811,0.2781,-0.0072,0.2375
2,latency,ALL_CONDITIONS,phq_9,PHQ9,cross-corpus-882,RobustScaler,CatBoost,200,50,10,0.2337,5.2686,6.1214,0.3369,0.1015,0.3247
3,latency,ALL_CONDITIONS,phq_9,PHQ9,cross-corpus-882,StandardScaler,Ridge,200,50,15,-0.0423,5.7332,6.6034,-0.0517,-0.3361,-0.0593
3,latency,ALL_CONDITIONS,phq_9,PHQ9,cross-corpus-882,StandardScaler,Lasso,200,50,15,-0.0407,5.7456,6.6083,-0.0495,-0.3381,-0.0427
3,latency,ALL_CONDITIONS,phq_9,PHQ9,cross-corpus-882,StandardScaler,ElasticNet,200,50,15,-0.0412,5.7056,6.5839,-0.0507,-0.3282,-0.0589
3,latency,ALL_CONDITIONS,phq_9,PHQ9,cross-corpus-882,StandardScaler,SVR,200,50,15,-0.0368,5.2676,6.3145,-0.0553,-0.2218,-0.0302
3,latency,ALL_CONDITIONS,phq_9,PHQ9,cross-corpus-882,StandardScaler,KNN,200,50,15,-0.065,5.6711,6.8755,-0.0778,-0.4485,-0.1303
3,latency,ALL_CONDITIONS,phq_9,PHQ9,cross-corpus-882,StandardScaler,RF,200,50,15,0.0745,5.1888,6.029,0.1031,-0.1138,0.1003
3,latency,ALL_CONDITIONS,phq_9,PHQ9,cross-corpus-882,StandardScaler,ET,200,50,15,-0.0655,5.5536,6.6334,-0.0822,-0.3483,-0.1071
3,latency,ALL_CONDITIONS,phq_9,PHQ9,cross-corpus-882,StandardScaler,GB,200,50,15,0.0435,5.6138,6.8054,0.0489,-0.4191,0.0599
3,latency,ALL_CONDITIONS,phq_9,PHQ9,cross-corpus-882,StandardScaler,XGB,200,50,15,0.0474,5.4584,6.5059,0.0549,-0.2969,0.0704
3,latency,ALL_CONDITIONS,phq_9,PHQ9,cross-corpus-882,StandardScaler,MLP,200,50,15,0.009,5.59,6.632,0.0103,-0.3477,-0.0063
3,latency,ALL_CONDITIONS,phq_9,PHQ9,cross-corpus-882,StandardScaler,LGBM,200,50,15,0.1179,5.2163,6.2982,0.1353,-0.2155,0.1249
3,latency,ALL_CONDITIONS,phq_9,PHQ9,cross-corpus-882,StandardScaler,CatBoost,200,50,15,0.0985,5.1196,5.9195,0.1358,-0.0737,0.1256
3,latency,ALL_CONDITIONS,phq_9,PHQ9,cross-corpus-882,MinMaxScaler,Ridge,200,50,10,0.0535,5.2727,6.0771,0.0735,-0.1316,0.0622
3,latency,ALL_CONDITIONS,phq_9,PHQ9,cross-corpus-882,MinMaxScaler,Lasso,200,50,10,-0.008,5.3312,6.1206,-0.0124,-0.1479,-0.0124
3,latency,ALL_CONDITIONS,phq_9,PHQ9,cross-corpus-882,MinMaxScaler,ElasticNet,200,50,10,0.0452,5.2836,6.0794,0.0631,-0.1325,0.0527
3,latency,ALL_CONDITIONS,phq_9,PHQ9,cross-corpus-882,MinMaxScaler,SVR,200,50,10,0.0464,5.3323,6.3007,0.0589,-0.2164,0.0676
3,latency,ALL_CONDITIONS,phq_9,PHQ9,cross-corpus-882,MinMaxScaler,KNN,200,50,10,0.0639,5.58,6.5138,0.0761,-0.3001,0.0319
3,latency,ALL_CONDITIONS,phq_9,PHQ9,cross-corpus-882,MinMaxScaler,RF,200,50,10,0.0378,5.1742,6.2087,0.0489,-0.1812,0.0203
3,latency,ALL_CONDITIONS,phq_9,PHQ9,cross-corpus-882,MinMaxScaler,ET,200,50,10,0.051,5.2558,6.2914,0.0627,-0.2128,0.0568
3,latency,ALL_CONDITIONS,phq_9,PHQ9,cross-corpus-882,MinMaxScaler,GB,200,50,10,0.0496,5.26,6.37,0.0586,-0.2433,-0.0106
3,latency,ALL_CONDITIONS,phq_9,PHQ9,cross-corpus-882,MinMaxScaler,XGB,200,50,10,0.1468,4.8776,5.9789,0.1776,-0.0953,0.0994
3,latency,ALL_CONDITIONS,phq_9,PHQ9,cross-corpus-882,MinMaxScaler,MLP,200,50,10,0.1235,5.1188,6.0968,0.148,-0.139,0.0991
3,latency,ALL_CONDITIONS,phq_9,PHQ9,cross-corpus-882,MinMaxScaler,LGBM,200,50,10,0.1143,5.0562,6.2097,0.1322,-0.1815,0.1043
3,latency,ALL_CONDITIONS,phq_9,PHQ9,cross-corpus-882,MinMaxScaler,CatBoost,200,50,10,0.0537,5.0982,6.121,0.0707,-0.148,0.0487
3,latency,ALL_CONDITIONS,phq_9,PHQ9,cross-corpus-882,RobustScaler,Ridge,200,50,15,0.0522,5.2829,6.0396,0.0738,-0.1177,0.0348
3,latency,ALL_CONDITIONS,phq_9,PHQ9,cross-corpus-882,RobustScaler,Lasso,200,50,15,0.0458,5.2586,6.0296,0.0665,-0.114,0.0316
3,latency,ALL_CONDITIONS,phq_9,PHQ9,cross-corpus-882,RobustScaler,ElasticNet,200,50,15,0.0542,5.2136,5.9779,0.0802,-0.095,0.0351
3,latency,ALL_CONDITIONS,phq_9,PHQ9,cross-corpus-882,RobustScaler,SVR,200,50,15,0.0622,4.9114,6.0044,0.0985,-0.1047,0.125
3,latency,ALL_CONDITIONS,phq_9,PHQ9,cross-corpus-882,RobustScaler,KNN,200,50,15,-0.0597,5.4222,6.5306,-0.0765,-0.3068,-0.0277
3,latency,ALL_CONDITIONS,phq_9,PHQ9,cross-corpus-882,RobustScaler,RF,200,50,15,0.0521,5.1977,6.1494,0.0696,-0.1587,0.0486
3,latency,ALL_CONDITIONS,phq_9,PHQ9,cross-corpus-882,RobustScaler,ET,200,50,15,-0.0447,5.5044,6.6388,-0.0551,-0.3505,-0.0721
3,latency,ALL_CONDITIONS,phq_9,PHQ9,cross-corpus-882,RobustScaler,GB,200,50,15,0.0008,5.4981,6.687,0.0009,-0.3702,-0.0181
3,latency,ALL_CONDITIONS,phq_9,PHQ9,cross-corpus-882,RobustScaler,XGB,200,50,15,-0.0252,5.427,6.6948,-0.0293,-0.3734,-0.0189
3,latency,ALL_CONDITIONS,phq_9,PHQ9,cross-corpus-882,RobustScaler,MLP,200,50,15,0.0048,5.665,6.8481,0.0053,-0.437,-0.018
3,latency,ALL_CONDITIONS,phq_9,PHQ9,cross-corpus-882,RobustScaler,LGBM,200,50,15,0.0713,5.4195,6.4264,0.0837,-0.2654,0.0671
3,latency,ALL_CONDITIONS,phq_9,PHQ9,cross-corpus-882,RobustScaler,CatBoost,200,50,15,0.0577,5.1662,6.1483,0.0762,-0.1583,0.0428
4,latency,ALL_CONDITIONS,phq_9,PHQ9,cross-corpus-882,StandardScaler,Ridge,200,50,10,0.0311,5.6047,7.0126,0.049,-0.1662,0.0215
4,latency,ALL_CONDITIONS,phq_9,PHQ9,cross-corpus-882,StandardScaler,Lasso,200,50,10,0.014,5.6624,7.0191,0.0227,-0.1683,0.0012
4,latency,ALL_CONDITIONS,phq_9,PHQ9,cross-corpus-882,StandardScaler,ElasticNet,200,50,10,0.02,5.6317,6.9823,0.0329,-0.1561,0.0026
4,latency,ALL_CONDITIONS,phq_9,PHQ9,cross-corpus-882,StandardScaler,SVR,200,50,10,0.0279,6.3181,7.8422,0.0328,-0.4584,-0.0206
4,latency,ALL_CONDITIONS,phq_9,PHQ9,cross-corpus-882,StandardScaler,KNN,200,50,10,-0.0228,5.8371,7.1988,-0.0333,-0.2289,-0.0756
4,latency,ALL_CONDITIONS,phq_9,PHQ9,cross-corpus-882,StandardScaler,RF,200,50,10,0.0118,5.8278,7.1084,0.0175,-0.1982,-0.0438
4,latency,ALL_CONDITIONS,phq_9,PHQ9,cross-corpus-882,StandardScaler,ET,200,50,10,-0.0594,6.0333,7.3903,-0.0862,-0.2951,-0.1643
4,latency,ALL_CONDITIONS,phq_9,PHQ9,cross-corpus-882,StandardScaler,GB,200,50,10,0.009,5.9816,7.3138,0.0112,-0.2685,0.0227
4,latency,ALL_CONDITIONS,phq_9,PHQ9,cross-corpus-882,StandardScaler,XGB,200,50,10,-0.0489,6.446,7.9861,-0.0586,-0.5124,-0.091
4,latency,ALL_CONDITIONS,phq_9,PHQ9,cross-corpus-882,StandardScaler,MLP,200,50,10,0.0878,5.6579,7.0884,0.1195,-0.1915,0.0799
4,latency,ALL_CONDITIONS,phq_9,PHQ9,cross-corpus-882,StandardScaler,LGBM,200,50,10,-0.022,6.2289,7.5635,-0.0273,-0.3566,-0.042
4,latency,ALL_CONDITIONS,phq_9,PHQ9,cross-corpus-882,StandardScaler,CatBoost,200,50,10,-0.0278,5.8211,7.1344,-0.0438,-0.207,-0.0922
4,latency,ALL_CONDITIONS,phq_9,PHQ9,cross-corpus-882,MinMaxScaler,Ridge,200,50,15,0.0528,5.73,7.0125,0.0748,-0.1661,0.0725
4,latency,ALL_CONDITIONS,phq_9,PHQ9,cross-corpus-882,MinMaxScaler,Lasso,200,50,15,0.0557,5.8192,7.141,0.0735,-0.2093,0.0846
4,latency,ALL_CONDITIONS,phq_9,PHQ9,cross-corpus-882,MinMaxScaler,ElasticNet,200,50,15,0.0439,5.6755,6.9552,0.0659,-0.1471,0.0718
4,latency,ALL_CONDITIONS,phq_9,PHQ9,cross-corpus-882,MinMaxScaler,SVR,200,50,15,0.0461,5.8669,7.3738,0.0606,-0.2894,0.0379
4,latency,ALL_CONDITIONS,phq_9,PHQ9,cross-corpus-882,MinMaxScaler,KNN,200,50,15,0.1013,5.8533,6.8153,0.1343,-0.1015,0.0702
4,latency,ALL_CONDITIONS,phq_9,PHQ9,cross-corpus-882,MinMaxScaler,RF,200,50,15,0.0644,5.6085,6.7764,0.1011,-0.0889,0.0205
4,latency,ALL_CONDITIONS,phq_9,PHQ9,cross-corpus-882,MinMaxScaler,ET,200,50,15,0.0062,5.7588,7.0154,0.0098,-0.1671,-0.0394
4,latency,ALL_CONDITIONS,phq_9,PHQ9,cross-corpus-882,MinMaxScaler,GB,200,50,15,-0.0177,5.9194,7.5358,-0.023,-0.3467,-0.0275
4,latency,ALL_CONDITIONS,phq_9,PHQ9,cross-corpus-882,MinMaxScaler,XGB,200,50,15,0.0302,5.6948,7.2005,0.0408,-0.2295,0.0115
4,latency,ALL_CONDITIONS,phq_9,PHQ9,cross-corpus-882,MinMaxScaler,MLP,200,50,15,0.0494,5.6592,6.9342,0.074,-0.1402,0.0388
4,latency,ALL_CONDITIONS,phq_9,PHQ9,cross-corpus-882,MinMaxScaler,LGBM,200,50,15,-0.0197,6.1437,7.4924,-0.025,-0.3312,-0.0707
4,latency,ALL_CONDITIONS,phq_9,PHQ9,cross-corpus-882,MinMaxScaler,CatBoost,200,50,15,0.0492,5.6191,6.8894,0.0767,-0.1255,0.0263
4,latency,ALL_CONDITIONS,phq_9,PHQ9,cross-corpus-882,RobustScaler,Ridge,200,50,10,0.0879,5.8869,7.1471,0.1127,-0.2113,0.1112
4,latency,ALL_CONDITIONS,phq_9,PHQ9,cross-corpus-882,RobustScaler,Lasso,200,50,10,0.0899,5.9033,7.1701,0.1139,-0.2191,0.111
4,latency,ALL_CONDITIONS,phq_9,PHQ9,cross-corpus-882,RobustScaler,ElasticNet,200,50,10,0.0844,5.861,7.1042,0.1105,-0.1968,0.1107
4,latency,ALL_CONDITIONS,phq_9,PHQ9,cross-corpus-882,RobustScaler,SVR,200,50,10,0.0817,5.4595,6.9753,0.1515,-0.1538,0.1185
4,latency,ALL_CONDITIONS,phq_9,PHQ9,cross-corpus-882,RobustScaler,KNN,200,50,10,0.0761,5.7111,6.8743,0.1062,-0.1206,0.1079
4,latency,ALL_CONDITIONS,phq_9,PHQ9,cross-corpus-882,RobustScaler,RF,200,50,10,0.0633,5.8853,6.9519,0.0885,-0.1461,0.0494
4,latency,ALL_CONDITIONS,phq_9,PHQ9,cross-corpus-882,RobustScaler,ET,200,50,10,0.0643,5.8203,7.0348,0.0874,-0.1735,0.024
4,latency,ALL_CONDITIONS,phq_9,PHQ9,cross-corpus-882,RobustScaler,GB,200,50,10,0.1196,5.9863,7.0549,0.1405,-0.1803,0.0793
4,latency,ALL_CONDITIONS,phq_9,PHQ9,cross-corpus-882,RobustScaler,XGB,200,50,10,0.0816,6.0793,7.2014,0.0979,-0.2298,0.0587
4,latency,ALL_CONDITIONS,phq_9,PHQ9,cross-corpus-882,RobustScaler,MLP,200,50,10,0.1366,5.9046,7.0848,0.1697,-0.1903,0.1586
4,latency,ALL_CONDITIONS,phq_9,PHQ9,cross-corpus-882,RobustScaler,LGBM,200,50,10,0.1223,6.1014,7.2065,0.1377,-0.2315,0.1325
4,latency,ALL_CONDITIONS,phq_9,PHQ9,cross-corpus-882,RobustScaler,CatBoost,200,50,10,0.079,5.6699,6.7853,0.1208,-0.0918,0.0662
5,latency,ALL_CONDITIONS,phq_9,PHQ9,cross-corpus-882,StandardScaler,Ridge,200,50,10,0.0605,5.6126,6.7057,0.1307,-0.0055,0.1439
5,latency,ALL_CONDITIONS,phq_9,PHQ9,cross-corpus-882,StandardScaler,Lasso,200,50,10,0.0717,5.6463,6.7698,0.1289,-0.0248,0.152
5,latency,ALL_CONDITIONS,phq_9,PHQ9,cross-corpus-882,StandardScaler,ElasticNet,200,50,10,0.0759,5.6432,6.7677,0.1341,-0.0242,0.1596
5,latency,ALL_CONDITIONS,phq_9,PHQ9,cross-corpus-882,StandardScaler,SVR,200,50,10,0.0497,5.4605,6.7778,0.0995,-0.0272,0.0939
5,latency,ALL_CONDITIONS,phq_9,PHQ9,cross-corpus-882,StandardScaler,KNN,200,50,10,0.0123,5.9067,7.1475,0.0195,-0.1424,-0.0027
5,latency,ALL_CONDITIONS,phq_9,PHQ9,cross-corpus-882,StandardScaler,RF,200,50,10,0.1742,5.2695,6.3611,0.3162,0.0952,0.3319
5,latency,ALL_CONDITIONS,phq_9,PHQ9,cross-corpus-882,StandardScaler,ET,200,50,10,0.1172,5.332,6.5834,0.2067,0.0308,0.1931
5,latency,ALL_CONDITIONS,phq_9,PHQ9,cross-corpus-882,StandardScaler,GB,200,50,10,0.1164,5.7437,7.0449,0.1452,-0.1098,0.1064
5,latency,ALL_CONDITIONS,phq_9,PHQ9,cross-corpus-882,StandardScaler,XGB,200,50,10,0.1387,5.5965,6.8414,0.1827,-0.0466,0.136
5,latency,ALL_CONDITIONS,phq_9,PHQ9,cross-corpus-882,StandardScaler,MLP,200,50,10,0.1107,5.7268,7.0126,0.1432,-0.0996,0.1476
5,latency,ALL_CONDITIONS,phq_9,PHQ9,cross-corpus-882,StandardScaler,LGBM,200,50,10,0.179,5.2756,6.6173,0.2458,0.0208,0.2698
5,latency,ALL_CONDITIONS,phq_9,PHQ9,cross-corpus-882,StandardScaler,CatBoost,200,50,10,0.1398,5.3164,6.5374,0.2349,0.0443,0.241
5,latency,ALL_CONDITIONS,phq_9,PHQ9,cross-corpus-882,MinMaxScaler,Ridge,200,50,10,0.0945,5.6874,6.8304,0.1484,-0.0433,0.1633
5,latency,ALL_CONDITIONS,phq_9,PHQ9,cross-corpus-882,MinMaxScaler,Lasso,200,50,10,0.1121,5.6668,6.8995,0.159,-0.0645,0.1549
5,latency,ALL_CONDITIONS,phq_9,PHQ9,cross-corpus-882,MinMaxScaler,ElasticNet,200,50,10,0.085,5.6835,6.7884,0.144,-0.0304,0.1697
5,latency,ALL_CONDITIONS,phq_9,PHQ9,cross-corpus-882,MinMaxScaler,SVR,200,50,10,0.0646,5.6279,6.9687,0.0989,-0.0859,0.0878
5,latency,ALL_CONDITIONS,phq_9,PHQ9,cross-corpus-882,MinMaxScaler,KNN,200,50,10,0.1122,5.8111,6.9818,0.1568,-0.09,0.1209
5,latency,ALL_CONDITIONS,phq_9,PHQ9,cross-corpus-882,MinMaxScaler,RF,200,50,10,0.1524,5.5077,6.5358,0.2486,0.0448,0.2677
5,latency,ALL_CONDITIONS,phq_9,PHQ9,cross-corpus-882,MinMaxScaler,ET,200,50,10,0.1127,5.546,6.6403,0.1965,0.014,0.1683
5,latency,ALL_CONDITIONS,phq_9,PHQ9,cross-corpus-882,MinMaxScaler,GB,200,50,10,0.1338,5.9442,7.0255,0.1656,-0.1037,0.0809
5,latency,ALL_CONDITIONS,phq_9,PHQ9,cross-corpus-882,MinMaxScaler,XGB,200,50,10,0.113,5.8165,7.1252,0.1373,-0.1353,0.1108
5,latency,ALL_CONDITIONS,phq_9,PHQ9,cross-corpus-882,MinMaxScaler,MLP,200,50,10,-0.0027,5.6531,6.8431,-0.0069,-0.0471,0.0313
5,latency,ALL_CONDITIONS,phq_9,PHQ9,cross-corpus-882,MinMaxScaler,LGBM,200,50,10,0.1911,5.6579,6.7697,0.2425,-0.0248,0.239
5,latency,ALL_CONDITIONS,phq_9,PHQ9,cross-corpus-882,MinMaxScaler,CatBoost,200,50,10,0.1198,5.6726,6.7281,0.186,-0.0122,0.1901
5,latency,ALL_CONDITIONS,phq_9,PHQ9,cross-corpus-882,RobustScaler,Ridge,200,50,15,0.1005,5.7017,7.1052,0.1295,-0.1289,0.1103
5,latency,ALL_CONDITIONS,phq_9,PHQ9,cross-corpus-882,RobustScaler,Lasso,200,50,15,0.0856,5.7264,7.1391,0.1111,-0.1397,0.0764
5,latency,ALL_CONDITIONS,phq_9,PHQ9,cross-corpus-882,RobustScaler,ElasticNet,200,50,15,0.0932,5.7071,7.1002,0.1217,-0.1273,0.0953
5,latency,ALL_CONDITIONS,phq_9,PHQ9,cross-corpus-882,RobustScaler,SVR,200,50,15,-0.0293,5.5822,7.0763,-0.0581,-0.1197,0.0068
5,latency,ALL_CONDITIONS,phq_9,PHQ9,cross-corpus-882,RobustScaler,KNN,200,50,15,0.0127,5.8444,7.2311,0.0175,-0.1693,0.0092
5,latency,ALL_CONDITIONS,phq_9,PHQ9,cross-corpus-882,RobustScaler,RF,200,50,15,0.0437,5.8255,6.8995,0.0749,-0.0645,0.096
5,latency,ALL_CONDITIONS,phq_9,PHQ9,cross-corpus-882,RobustScaler,ET,200,50,15,-0.0462,5.9874,7.3126,-0.0703,-0.1957,-0.1088
5,latency,ALL_CONDITIONS,phq_9,PHQ9,cross-corpus-882,RobustScaler,GB,200,50,15,0.0227,6.123,7.349,0.0292,-0.2077,0.0155
5,latency,ALL_CONDITIONS,phq_9,PHQ9,cross-corpus-882,RobustScaler,XGB,200,50,15,-0.0432,6.2589,7.71,-0.0526,-0.3292,0.0039
5,latency,ALL_CONDITIONS,phq_9,PHQ9,cross-corpus-882,RobustScaler,MLP,200,50,15,0.0415,6.3577,7.963,0.0448,-0.4179,-0.0037
5,latency,ALL_CONDITIONS,phq_9,PHQ9,cross-corpus-882,RobustScaler,LGBM,200,50,15,0.1072,5.8487,7.056,0.1382,-0.1133,0.1897
5,latency,ALL_CONDITIONS,phq_9,PHQ9,cross-corpus-882,RobustScaler,CatBoost,200,50,15,0.0617,5.8078,6.9033,0.0989,-0.0657,0.102
1,latency,ALL_CONDITIONS,ads.1,CES-D,cross-corpus-882,StandardScaler,Ridge,199,50,5,-0.0507,11.8361,13.6228,-0.0804,-0.1848,-0.0576
1,latency,ALL_CONDITIONS,ads.1,CES-D,cross-corpus-882,StandardScaler,Lasso,199,50,5,-0.0479,12.0082,13.8711,-0.068,-0.2283,-0.0224
1,latency,ALL_CONDITIONS,ads.1,CES-D,cross-corpus-882,StandardScaler,ElasticNet,199,50,5,-0.0484,11.7414,13.5064,-0.081,-0.1646,-0.0592
1,latency,ALL_CONDITIONS,ads.1,CES-D,cross-corpus-882,StandardScaler,SVR,199,50,5,0.0373,11.0016,12.7478,0.0803,-0.0375,0.0567
1,latency,ALL_CONDITIONS,ads.1,CES-D,cross-corpus-882,StandardScaler,KNN,199,50,5,0.0414,11.4955,13.2888,0.0595,-0.1274,-0.0276
1,latency,ALL_CONDITIONS,ads.1,CES-D,cross-corpus-882,StandardScaler,RF,199,50,5,0.0235,11.3232,12.8904,0.0436,-0.0608,0.0102
1,latency,ALL_CONDITIONS,ads.1,CES-D,cross-corpus-882,StandardScaler,ET,199,50,5,0.0227,12.0434,13.6901,0.0297,-0.1965,-0.0689
1,latency,ALL_CONDITIONS,ads.1,CES-D,cross-corpus-882,StandardScaler,GB,199,50,5,-0.0531,12.0995,13.9646,-0.0744,-0.245,-0.0516
1,latency,ALL_CONDITIONS,ads.1,CES-D,cross-corpus-882,StandardScaler,XGB,199,50,5,-0.0385,12.1142,13.9881,-0.0519,-0.2491,-0.0655
1,latency,ALL_CONDITIONS,ads.1,CES-D,cross-corpus-882,StandardScaler,MLP,199,50,5,-0.0791,12.5335,14.8524,-0.0945,-0.4083,-0.1008
1,latency,ALL_CONDITIONS,ads.1,CES-D,cross-corpus-882,StandardScaler,LGBM,199,50,5,-0.029,12.0493,14.0535,-0.0375,-0.2609,-0.058
1,latency,ALL_CONDITIONS,ads.1,CES-D,cross-corpus-882,StandardScaler,CatBoost,199,50,5,-0.0188,11.6445,13.3272,-0.0313,-0.1339,-0.0521
1,latency,ALL_CONDITIONS,ads.1,CES-D,cross-corpus-882,MinMaxScaler,Ridge,199,50,15,-0.1046,12.8691,15.79,-0.1159,-0.5917,-0.1284
1,latency,ALL_CONDITIONS,ads.1,CES-D,cross-corpus-882,MinMaxScaler,Lasso,199,50,15,-0.0777,12.3019,14.486,-0.1001,-0.3397,-0.0788
1,latency,ALL_CONDITIONS,ads.1,CES-D,cross-corpus-882,MinMaxScaler,ElasticNet,199,50,15,-0.0908,12.5892,15.2956,-0.1046,-0.4936,-0.1016
1,latency,ALL_CONDITIONS,ads.1,CES-D,cross-corpus-882,MinMaxScaler,SVR,199,50,15,0.0265,11.0776,12.7941,0.0679,-0.045,0.0792
1,latency,ALL_CONDITIONS,ads.1,CES-D,cross-corpus-882,MinMaxScaler,KNN,199,50,15,0.1566,10.3163,12.4269,0.2336,0.0141,0.1715
1,latency,ALL_CONDITIONS,ads.1,CES-D,cross-corpus-882,MinMaxScaler,RF,199,50,15,-0.0219,11.878,13.4311,-0.0349,-0.1516,-0.0867
1,latency,ALL_CONDITIONS,ads.1,CES-D,cross-corpus-882,MinMaxScaler,ET,199,50,15,0.0706,11.5041,13.0988,0.1004,-0.0954,0.0568
1,latency,ALL_CONDITIONS,ads.1,CES-D,cross-corpus-882,MinMaxScaler,GB,199,50,15,-0.0292,12.0541,13.7091,-0.042,-0.1998,-0.0901
1,latency,ALL_CONDITIONS,ads.1,CES-D,cross-corpus-882,MinMaxScaler,XGB,199,50,15,-0.0649,12.2253,13.9235,-0.0945,-0.2376,-0.1655
1,latency,ALL_CONDITIONS,ads.1,CES-D,cross-corpus-882,MinMaxScaler,MLP,199,50,15,0.0471,10.9967,12.668,0.0958,-0.0245,0.0581
1,latency,ALL_CONDITIONS,ads.1,CES-D,cross-corpus-882,MinMaxScaler,LGBM,199,50,15,-0.002,12.1542,13.847,-0.0026,-0.2241,-0.0182
1,latency,ALL_CONDITIONS,ads.1,CES-D,cross-corpus-882,MinMaxScaler,CatBoost,199,50,15,0.0007,11.8739,13.3159,0.0011,-0.132,-0.0233
1,latency,ALL_CONDITIONS,ads.1,CES-D,cross-corpus-882,RobustScaler,Ridge,199,50,15,-0.1308,13.3069,16.164,-0.1418,-0.668,-0.1454
1,latency,ALL_CONDITIONS,ads.1,CES-D,cross-corpus-882,RobustScaler,Lasso,199,50,15,-0.0571,11.7539,13.4778,-0.1006,-0.1597,-0.0517
1,latency,ALL_CONDITIONS,ads.1,CES-D,cross-corpus-882,RobustScaler,ElasticNet,199,50,15,-0.1254,13.1255,15.7229,-0.1405,-0.5782,-0.1377
1,latency,ALL_CONDITIONS,ads.1,CES-D,cross-corpus-882,RobustScaler,SVR,199,50,15,0.0039,11.8775,13.6412,0.0054,-0.188,0.0147
1,latency,ALL_CONDITIONS,ads.1,CES-D,cross-corpus-882,RobustScaler,KNN,199,50,15,0.023,11.9346,13.9682,0.0281,-0.2456,-0.0243
1,latency,ALL_CONDITIONS,ads.1,CES-D,cross-corpus-882,RobustScaler,RF,199,50,15,0.0127,11.7669,13.1856,0.0204,-0.1099,-0.0105
1,latency,ALL_CONDITIONS,ads.1,CES-D,cross-corpus-882,RobustScaler,ET,199,50,15,0.0126,11.8312,13.5243,0.0178,-0.1677,-0.0324
1,latency,ALL_CONDITIONS,ads.1,CES-D,cross-corpus-882,RobustScaler,GB,199,50,15,-0.0132,12.2382,13.8907,-0.0174,-0.2318,-0.062
1,latency,ALL_CONDITIONS,ads.1,CES-D,cross-corpus-882,RobustScaler,XGB,199,50,15,-0.0545,12.1781,14.031,-0.0751,-0.2568,-0.0862
1,latency,ALL_CONDITIONS,ads.1,CES-D,cross-corpus-882,RobustScaler,MLP,199,50,15,-0.105,13.4222,17.0794,-0.1134,-0.8623,-0.1033
1,latency,ALL_CONDITIONS,ads.1,CES-D,cross-corpus-882,RobustScaler,LGBM,199,50,15,-0.0643,12.7412,14.544,-0.0788,-0.3504,-0.0896
1,latency,ALL_CONDITIONS,ads.1,CES-D,cross-corpus-882,RobustScaler,CatBoost,199,50,15,-0.0101,11.9942,13.5049,-0.0149,-0.1643,-0.0081
2,latency,ALL_CONDITIONS,ads.1,CES-D,cross-corpus-882,StandardScaler,Ridge,199,50,15,0.1617,9.2134,11.5026,0.2232,-0.0154,0.2459
2,latency,ALL_CONDITIONS,ads.1,CES-D,cross-corpus-882,StandardScaler,Lasso,199,50,15,0.1788,9.3296,12.0656,0.2041,-0.1172,0.2593
2,latency,ALL_CONDITIONS,ads.1,CES-D,cross-corpus-882,StandardScaler,ElasticNet,199,50,15,0.1462,9.1343,11.2845,0.2411,0.0228,0.2562
2,latency,ALL_CONDITIONS,ads.1,CES-D,cross-corpus-882,StandardScaler,SVR,199,50,15,0.1119,8.8738,11.033,0.2621,0.0659,0.2775
2,latency,ALL_CONDITIONS,ads.1,CES-D,cross-corpus-882,StandardScaler,KNN,199,50,15,0.107,10.1879,12.3662,0.1313,-0.1735,0.1507
2,latency,ALL_CONDITIONS,ads.1,CES-D,cross-corpus-882,StandardScaler,RF,199,50,15,0.1163,10.131,11.8412,0.1789,-0.076,0.1764
2,latency,ALL_CONDITIONS,ads.1,CES-D,cross-corpus-882,StandardScaler,ET,199,50,15,0.1046,9.8821,11.8632,0.157,-0.08,0.1539
2,latency,ALL_CONDITIONS,ads.1,CES-D,cross-corpus-882,StandardScaler,GB,199,50,15,0.1612,10.2627,12.4158,0.1942,-0.183,0.2329
2,latency,ALL_CONDITIONS,ads.1,CES-D,cross-corpus-882,StandardScaler,XGB,199,50,15,0.1551,10.3166,12.3869,0.1874,-0.1775,0.1995
2,latency,ALL_CONDITIONS,ads.1,CES-D,cross-corpus-882,StandardScaler,MLP,199,50,15,0.1435,10.6641,13.1162,0.1592,-0.3202,0.1749
2,latency,ALL_CONDITIONS,ads.1,CES-D,cross-corpus-882,StandardScaler,LGBM,199,50,15,0.1853,10.1142,12.0112,0.2261,-0.1071,0.237
2,latency,ALL_CONDITIONS,ads.1,CES-D,cross-corpus-882,StandardScaler,CatBoost,199,50,15,0.1679,9.9324,11.7142,0.2298,-0.053,0.2343
2,latency,ALL_CONDITIONS,ads.1,CES-D,cross-corpus-882,MinMaxScaler,Ridge,199,50,5,0.0967,9.8534,12.4749,0.1127,-0.1943,0.1999
2,latency,ALL_CONDITIONS,ads.1,CES-D,cross-corpus-882,MinMaxScaler,Lasso,199,50,5,0.0965,9.8227,12.3664,0.1149,-0.1736,0.2043
2,latency,ALL_CONDITIONS,ads.1,CES-D,cross-corpus-882,MinMaxScaler,ElasticNet,199,50,5,0.0954,9.722,12.0417,0.1232,-0.1128,0.2157
2,latency,ALL_CONDITIONS,ads.1,CES-D,cross-corpus-882,MinMaxScaler,SVR,199,50,5,0.0908,9.1527,11.1233,0.258,0.0505,0.279
2,latency,ALL_CONDITIONS,ads.1,CES-D,cross-corpus-882,MinMaxScaler,KNN,199,50,5,0.1023,9.9104,12.0039,0.1384,-0.1058,0.1952
2,latency,ALL_CONDITIONS,ads.1,CES-D,cross-corpus-882,MinMaxScaler,RF,199,50,5,0.1081,10.0523,11.9292,0.1553,-0.0921,0.2539
2,latency,ALL_CONDITIONS,ads.1,CES-D,cross-corpus-882,MinMaxScaler,ET,199,50,5,0.0905,10.0082,12.0883,0.1221,-0.1214,0.1675
2,latency,ALL_CONDITIONS,ads.1,CES-D,cross-corpus-882,MinMaxScaler,GB,199,50,5,0.1045,10.8928,13.0511,0.1208,-0.3071,0.1667
2,latency,ALL_CONDITIONS,ads.1,CES-D,cross-corpus-882,MinMaxScaler,XGB,199,50,5,0.1218,10.2904,12.577,0.1428,-0.2139,0.1913
2,latency,ALL_CONDITIONS,ads.1,CES-D,cross-corpus-882,MinMaxScaler,MLP,199,50,5,0.1344,9.5018,11.5341,0.1918,-0.0209,0.2673
2,latency,ALL_CONDITIONS,ads.1,CES-D,cross-corpus-882,MinMaxScaler,LGBM,199,50,5,0.1022,10.5457,12.5025,0.1237,-0.1995,0.1524
2,latency,ALL_CONDITIONS,ads.1,CES-D,cross-corpus-882,MinMaxScaler,CatBoost,199,50,5,0.1366,10.0059,11.8487,0.1837,-0.0774,0.258
2,latency,ALL_CONDITIONS,ads.1,CES-D,cross-corpus-882,RobustScaler,Ridge,199,50,5,0.1783,9.0978,11.3584,0.2742,0.0099,0.2422
2,latency,ALL_CONDITIONS,ads.1,CES-D,cross-corpus-882,RobustScaler,Lasso,199,50,5,0.206,9.1482,11.3896,0.285,0.0045,0.2822
2,latency,ALL_CONDITIONS,ads.1,CES-D,cross-corpus-882,RobustScaler,ElasticNet,199,50,5,0.1994,9.1406,11.3782,0.2827,0.0065,0.289
2,latency,ALL_CONDITIONS,ads.1,CES-D,cross-corpus-882,RobustScaler,SVR,199,50,5,0.0517,9.1556,11.3984,0.1232,0.003,0.0888
2,latency,ALL_CONDITIONS,ads.1,CES-D,cross-corpus-882,RobustScaler,KNN,199,50,5,0.0708,10.0075,12.1092,0.1071,-0.1253,0.024
2,latency,ALL_CONDITIONS,ads.1,CES-D,cross-corpus-882,RobustScaler,RF,199,50,5,0.1348,9.2925,11.372,0.2345,0.0076,0.2242
2,latency,ALL_CONDITIONS,ads.1,CES-D,cross-corpus-882,RobustScaler,ET,199,50,5,0.0176,10.2418,12.4447,0.0258,-0.1885,0.0293
2,latency,ALL_CONDITIONS,ads.1,CES-D,cross-corpus-882,RobustScaler,GB,199,50,5,0.0604,10.0463,12.3065,0.0838,-0.1622,0.0745
2,latency,ALL_CONDITIONS,ads.1,CES-D,cross-corpus-882,RobustScaler,XGB,199,50,5,0.0856,9.9821,12.2354,0.1162,-0.1488,0.07
2,latency,ALL_CONDITIONS,ads.1,CES-D,cross-corpus-882,RobustScaler,MLP,199,50,5,0.1389,9.692,12.3157,0.1739,-0.164,0.0615
2,latency,ALL_CONDITIONS,ads.1,CES-D,cross-corpus-882,RobustScaler,LGBM,199,50,5,0.2269,8.878,11.2997,0.2858,0.0202,0.3174
2,latency,ALL_CONDITIONS,ads.1,CES-D,cross-corpus-882,RobustScaler,CatBoost,199,50,5,0.1349,9.3605,11.4161,0.2266,-0.0001,0.2347
3,latency,ALL_CONDITIONS,ads.1,CES-D,cross-corpus-882,StandardScaler,Ridge,199,50,20,0.0792,10.4555,11.7521,0.1043,-0.116,0.0841
3,latency,ALL_CONDITIONS,ads.1,CES-D,cross-corpus-882,StandardScaler,Lasso,199,50,20,0.0459,10.1329,11.4725,0.0756,-0.0635,0.0756
3,latency,ALL_CONDITIONS,ads.1,CES-D,cross-corpus-882,StandardScaler,ElasticNet,199,50,20,0.0633,10.2397,11.5587,0.0935,-0.0796,0.094
3,latency,ALL_CONDITIONS,ads.1,CES-D,cross-corpus-882,StandardScaler,SVR,199,50,20,0.0455,10.4863,11.7861,0.0645,-0.1224,0.0147
3,latency,ALL_CONDITIONS,ads.1,CES-D,cross-corpus-882,StandardScaler,KNN,199,50,20,0.0967,10.4312,12.1237,0.1149,-0.1877,0.1091
3,latency,ALL_CONDITIONS,ads.1,CES-D,cross-corpus-882,StandardScaler,RF,199,50,20,0.0867,10.063,11.4774,0.126,-0.0644,0.1532
3,latency,ALL_CONDITIONS,ads.1,CES-D,cross-corpus-882,StandardScaler,ET,199,50,20,0.0015,10.6695,12.1762,0.0021,-0.198,-0.0401
3,latency,ALL_CONDITIONS,ads.1,CES-D,cross-corpus-882,StandardScaler,GB,199,50,20,0.0498,10.7424,12.2816,0.0604,-0.2188,0.0757
3,latency,ALL_CONDITIONS,ads.1,CES-D,cross-corpus-882,StandardScaler,XGB,199,50,20,0.0823,10.4962,12.04,0.0999,-0.1713,0.07
3,latency,ALL_CONDITIONS,ads.1,CES-D,cross-corpus-882,StandardScaler,MLP,199,50,20,0.1246,10.9261,12.4721,0.1355,-0.2569,0.121
3,latency,ALL_CONDITIONS,ads.1,CES-D,cross-corpus-882,StandardScaler,LGBM,199,50,20,0.151,9.8126,11.393,0.1922,-0.0488,0.2
3,latency,ALL_CONDITIONS,ads.1,CES-D,cross-corpus-882,StandardScaler,CatBoost,199,50,20,0.0951,10.108,11.4952,0.1323,-0.0677,0.1365
3,latency,ALL_CONDITIONS,ads.1,CES-D,cross-corpus-882,MinMaxScaler,Ridge,199,50,5,0.1633,9.9338,11.5231,0.1981,-0.0729,0.2047
3,latency,ALL_CONDITIONS,ads.1,CES-D,cross-corpus-882,MinMaxScaler,Lasso,199,50,5,0.1611,9.9015,11.466,0.1987,-0.0623,0.2117
3,latency,ALL_CONDITIONS,ads.1,CES-D,cross-corpus-882,MinMaxScaler,ElasticNet,199,50,5,0.1538,9.8123,11.3122,0.2004,-0.034,0.2148
3,latency,ALL_CONDITIONS,ads.1,CES-D,cross-corpus-882,MinMaxScaler,SVR,199,50,5,0.1678,10.1679,11.6914,0.1991,-0.1045,0.1885
3,latency,ALL_CONDITIONS,ads.1,CES-D,cross-corpus-882,MinMaxScaler,KNN,199,50,5,0.1969,9.4816,11.0712,0.2514,0.0096,0.2276
3,latency,ALL_CONDITIONS,ads.1,CES-D,cross-corpus-882,MinMaxScaler,RF,199,50,5,0.0634,9.8183,11.4834,0.0972,-0.0655,0.0997
3,latency,ALL_CONDITIONS,ads.1,CES-D,cross-corpus-882,MinMaxScaler,ET,199,50,5,0.0848,9.9551,11.863,0.107,-0.1372,0.1209
3,latency,ALL_CONDITIONS,ads.1,CES-D,cross-corpus-882,MinMaxScaler,GB,199,50,5,0.1087,9.9108,11.7823,0.135,-0.1217,0.1384
3,latency,ALL_CONDITIONS,ads.1,CES-D,cross-corpus-882,MinMaxScaler,XGB,199,50,5,0.0901,10.3075,11.8498,0.113,-0.1346,0.0669
3,latency,ALL_CONDITIONS,ads.1,CES-D,cross-corpus-882,MinMaxScaler,MLP,199,50,5,0.1543,9.9285,11.2845,0.2037,-0.0289,0.2158
3,latency,ALL_CONDITIONS,ads.1,CES-D,cross-corpus-882,MinMaxScaler,LGBM,199,50,5,0.006,10.8172,12.5991,0.0073,-0.2826,-0.0119
3,latency,ALL_CONDITIONS,ads.1,CES-D,cross-corpus-882,MinMaxScaler,CatBoost,199,50,5,0.119,9.7672,11.5214,0.1557,-0.0726,0.1672
3,latency,ALL_CONDITIONS,ads.1,CES-D,cross-corpus-882,RobustScaler,Ridge,199,50,5,-0.0263,10.7205,12.3986,-0.0352,-0.2421,0.0717
3,latency,ALL_CONDITIONS,ads.1,CES-D,cross-corpus-882,RobustScaler,Lasso,199,50,5,-0.0271,10.728,12.3893,-0.0365,-0.2403,0.063
3,latency,ALL_CONDITIONS,ads.1,CES-D,cross-corpus-882,RobustScaler,ElasticNet,199,50,5,-0.0242,10.702,12.3063,-0.0333,-0.2237,0.0634
3,latency,ALL_CONDITIONS,ads.1,CES-D,cross-corpus-882,RobustScaler,SVR,199,50,5,0.0088,9.98,11.4135,0.0196,-0.0526,0.1063
3,latency,ALL_CONDITIONS,ads.1,CES-D,cross-corpus-882,RobustScaler,KNN,199,50,5,-0.0674,11.7738,13.5706,-0.0766,-0.4881,-0.0782
3,latency,ALL_CONDITIONS,ads.1,CES-D,cross-corpus-882,RobustScaler,RF,199,50,5,-0.0761,11.1973,12.7122,-0.1021,-0.3058,-0.069
3,latency,ALL_CONDITIONS,ads.1,CES-D,cross-corpus-882,RobustScaler,ET,199,50,5,-0.0646,11.2039,13.2345,-0.0753,-0.4153,-0.0932
3,latency,ALL_CONDITIONS,ads.1,CES-D,cross-corpus-882,RobustScaler,GB,199,50,5,-0.1337,11.849,13.6663,-0.1558,-0.5091,-0.1711
3,latency,ALL_CONDITIONS,ads.1,CES-D,cross-corpus-882,RobustScaler,XGB,199,50,5,-0.0985,11.1665,13.0113,-0.124,-0.3679,-0.1273
3,latency,ALL_CONDITIONS,ads.1,CES-D,cross-corpus-882,RobustScaler,MLP,199,50,5,-0.0686,11.434,13.5785,-0.0776,-0.4898,0.0027
3,latency,ALL_CONDITIONS,ads.1,CES-D,cross-corpus-882,RobustScaler,LGBM,199,50,5,-0.1113,11.4033,13.3537,-0.133,-0.4409,-0.0949
3,latency,ALL_CONDITIONS,ads.1,CES-D,cross-corpus-882,RobustScaler,CatBoost,199,50,5,-0.0548,11.0423,12.6133,-0.0724,-0.2855,-0.0239
4,latency,ALL_CONDITIONS,ads.1,CES-D,cross-corpus-882,StandardScaler,Ridge,199,50,10,0.1353,10.1676,12.0153,0.2382,0.0418,0.2629
4,latency,ALL_CONDITIONS,ads.1,CES-D,cross-corpus-882,StandardScaler,Lasso,199,50,10,0.0892,10.1513,12.0244,0.216,0.0403,0.2374
4,latency,ALL_CONDITIONS,ads.1,CES-D,cross-corpus-882,StandardScaler,ElasticNet,199,50,10,0.1013,10.1596,12.0145,0.222,0.0419,0.2499
4,latency,ALL_CONDITIONS,ads.1,CES-D,cross-corpus-882,StandardScaler,SVR,199,50,10,0.095,10.2056,12.1082,0.1914,0.0269,0.232
4,latency,ALL_CONDITIONS,ads.1,CES-D,cross-corpus-882,StandardScaler,KNN,199,50,10,0.1954,10.3213,12.4231,0.2411,-0.0244,0.2647
4,latency,ALL_CONDITIONS,ads.1,CES-D,cross-corpus-882,StandardScaler,RF,199,50,10,0.0312,10.9678,12.9603,0.0477,-0.1149,0.0833
4,latency,ALL_CONDITIONS,ads.1,CES-D,cross-corpus-882,StandardScaler,ET,199,50,10,0.111,10.4668,12.4416,0.1693,-0.0274,0.194
4,latency,ALL_CONDITIONS,ads.1,CES-D,cross-corpus-882,StandardScaler,GB,199,50,10,0.0137,11.5748,13.6621,0.0174,-0.2389,0.0788
4,latency,ALL_CONDITIONS,ads.1,CES-D,cross-corpus-882,StandardScaler,XGB,199,50,10,0.0103,11.4335,13.6549,0.0134,-0.2376,0.0822
4,latency,ALL_CONDITIONS,ads.1,CES-D,cross-corpus-882,StandardScaler,MLP,199,50,10,0.2399,9.9052,11.837,0.3149,0.07,0.2923
4,latency,ALL_CONDITIONS,ads.1,CES-D,cross-corpus-882,StandardScaler,LGBM,199,50,10,-0.0437,12.0701,14.2127,-0.0529,-0.3408,0.0249
4,latency,ALL_CONDITIONS,ads.1,CES-D,cross-corpus-882,StandardScaler,CatBoost,199,50,10,0.0545,10.9457,12.7913,0.0834,-0.086,0.1453
4,latency,ALL_CONDITIONS,ads.1,CES-D,cross-corpus-882,MinMaxScaler,Ridge,199,50,10,0.0782,10.1909,12.0805,0.1948,0.0313,0.2064
4,latency,ALL_CONDITIONS,ads.1,CES-D,cross-corpus-882,MinMaxScaler,Lasso,199,50,10,0.1095,10.1991,12.0577,0.2146,0.035,0.2512
4,latency,ALL_CONDITIONS,ads.1,CES-D,cross-corpus-882,MinMaxScaler,ElasticNet,199,50,10,0.0662,10.2064,12.1024,0.1832,0.0278,0.1881
4,latency,ALL_CONDITIONS,ads.1,CES-D,cross-corpus-882,MinMaxScaler,SVR,199,50,10,0.0866,10.1412,12.1649,0.183,0.0178,0.1993
4,latency,ALL_CONDITIONS,ads.1,CES-D,cross-corpus-882,MinMaxScaler,KNN,199,50,10,0.1796,9.8736,12.0927,0.2511,0.0294,0.281
4,latency,ALL_CONDITIONS,ads.1,CES-D,cross-corpus-882,MinMaxScaler,RF,199,50,10,0.0716,10.7515,12.5972,0.1149,-0.0533,0.183
4,latency,ALL_CONDITIONS,ads.1,CES-D,cross-corpus-882,MinMaxScaler,ET,199,50,10,0.1495,10.0763,12.1633,0.2277,0.018,0.3073
4,latency,ALL_CONDITIONS,ads.1,CES-D,cross-corpus-882,MinMaxScaler,GB,199,50,10,-0.0035,11.6106,13.8928,-0.0044,-0.2811,0.098
4,latency,ALL_CONDITIONS,ads.1,CES-D,cross-corpus-882,MinMaxScaler,XGB,199,50,10,0.01,11.4542,13.7688,0.0126,-0.2583,0.0991
4,latency,ALL_CONDITIONS,ads.1,CES-D,cross-corpus-882,MinMaxScaler,MLP,199,50,10,0.1608,10.0214,12.0929,0.2446,0.0293,0.2481
4,latency,ALL_CONDITIONS,ads.1,CES-D,cross-corpus-882,MinMaxScaler,LGBM,199,50,10,-0.0738,11.8173,14.2629,-0.095,-0.3503,-0.0609
4,latency,ALL_CONDITIONS,ads.1,CES-D,cross-corpus-882,MinMaxScaler,CatBoost,199,50,10,0.0796,10.7728,12.6463,0.1207,-0.0615,0.1926
4,latency,ALL_CONDITIONS,ads.1,CES-D,cross-corpus-882,RobustScaler,Ridge,199,50,10,0.1321,10.2221,12.1149,0.2201,0.0258,0.2288
4,latency,ALL_CONDITIONS,ads.1,CES-D,cross-corpus-882,RobustScaler,Lasso,199,50,10,-0.0,10.452,12.2939,,-0.0032,
4,latency,ALL_CONDITIONS,ads.1,CES-D,cross-corpus-882,RobustScaler,ElasticNet,199,50,10,0.1088,10.2166,12.0747,0.2108,0.0323,0.2337
4,latency,ALL_CONDITIONS,ads.1,CES-D,cross-corpus-882,RobustScaler,SVR,199,50,10,0.1052,10.2483,12.0773,0.2023,0.0318,0.2344
4,latency,ALL_CONDITIONS,ads.1,CES-D,cross-corpus-882,RobustScaler,KNN,199,50,10,0.162,10.5782,12.285,0.2193,-0.0017,0.2586
4,latency,ALL_CONDITIONS,ads.1,CES-D,cross-corpus-882,RobustScaler,RF,199,50,10,0.1187,10.7728,12.548,0.1636,-0.0451,0.1724
4,latency,ALL_CONDITIONS,ads.1,CES-D,cross-corpus-882,RobustScaler,ET,199,50,10,0.1715,10.3083,12.2021,0.2336,0.0117,0.2491
4,latency,ALL_CONDITIONS,ads.1,CES-D,cross-corpus-882,RobustScaler,GB,199,50,10,0.0751,11.4189,13.3162,0.0925,-0.177,0.0986
4,latency,ALL_CONDITIONS,ads.1,CES-D,cross-corpus-882,RobustScaler,XGB,199,50,10,0.0823,11.6401,13.3422,0.0991,-0.1816,0.0988
4,latency,ALL_CONDITIONS,ads.1,CES-D,cross-corpus-882,RobustScaler,MLP,199,50,10,0.2619,9.9268,11.6815,0.3596,0.0943,0.2999
4,latency,ALL_CONDITIONS,ads.1,CES-D,cross-corpus-882,RobustScaler,LGBM,199,50,10,-0.0136,11.9378,13.948,-0.0168,-0.2913,0.0174
4,latency,ALL_CONDITIONS,ads.1,CES-D,cross-corpus-882,RobustScaler,CatBoost,199,50,10,0.152,10.4545,12.1769,0.2231,0.0158,0.2283
5,latency,ALL_CONDITIONS,ads.1,CES-D,cross-corpus-882,StandardScaler,Ridge,200,49,5,-0.0179,10.8996,13.7037,-0.0276,-0.1713,0.0379
5,latency,ALL_CONDITIONS,ads.1,CES-D,cross-corpus-882,StandardScaler,Lasso,200,49,5,-0.018,10.9016,13.706,-0.0277,-0.1717,0.0379
5,latency,ALL_CONDITIONS,ads.1,CES-D,cross-corpus-882,StandardScaler,ElasticNet,200,49,5,-0.0175,10.8908,13.6925,-0.027,-0.1694,0.0379
5,latency,ALL_CONDITIONS,ads.1,CES-D,cross-corpus-882,StandardScaler,SVR,200,49,5,-0.0283,10.874,13.1556,-0.0871,-0.0794,-0.0932
5,latency,ALL_CONDITIONS,ads.1,CES-D,cross-corpus-882,StandardScaler,KNN,200,49,5,-0.1382,11.771,14.3271,-0.2221,-0.2803,-0.1782
5,latency,ALL_CONDITIONS,ads.1,CES-D,cross-corpus-882,StandardScaler,RF,200,49,5,-0.0367,11.1745,13.8787,-0.0574,-0.2014,-0.0177
5,latency,ALL_CONDITIONS,ads.1,CES-D,cross-corpus-882,StandardScaler,ET,200,49,5,-0.0425,10.9946,13.7044,-0.0719,-0.1714,-0.0517
5,latency,ALL_CONDITIONS,ads.1,CES-D,cross-corpus-882,StandardScaler,GB,200,49,5,0.0327,11.4026,14.1279,0.0405,-0.2449,0.0757
5,latency,ALL_CONDITIONS,ads.1,CES-D,cross-corpus-882,StandardScaler,XGB,200,49,5,0.0036,11.3512,14.1369,0.0046,-0.2465,0.0394
5,latency,ALL_CONDITIONS,ads.1,CES-D,cross-corpus-882,StandardScaler,MLP,200,49,5,-0.0309,11.2419,13.9731,-0.0476,-0.2178,-0.0309
5,latency,ALL_CONDITIONS,ads.1,CES-D,cross-corpus-882,StandardScaler,LGBM,200,49,5,-0.0512,11.9714,14.7721,-0.0638,-0.361,-0.0527
5,latency,ALL_CONDITIONS,ads.1,CES-D,cross-corpus-882,StandardScaler,CatBoost,200,49,5,-0.031,10.9555,13.8317,-0.0476,-0.1933,-0.0154
5,latency,ALL_CONDITIONS,ads.1,CES-D,cross-corpus-882,MinMaxScaler,Ridge,200,49,10,0.0753,10.477,13.0526,0.1148,-0.0626,0.1322
5,latency,ALL_CONDITIONS,ads.1,CES-D,cross-corpus-882,MinMaxScaler,Lasso,200,49,10,0.0651,10.3816,12.8502,0.1154,-0.0299,0.1039
5,latency,ALL_CONDITIONS,ads.1,CES-D,cross-corpus-882,MinMaxScaler,ElasticNet,200,49,10,0.075,10.4013,12.9479,0.1206,-0.0456,0.1302
5,latency,ALL_CONDITIONS,ads.1,CES-D,cross-corpus-882,MinMaxScaler,SVR,200,49,10,0.0528,11.2158,14.0075,0.0685,-0.2238,0.0879
5,latency,ALL_CONDITIONS,ads.1,CES-D,cross-corpus-882,MinMaxScaler,KNN,200,49,10,0.0579,10.5828,13.222,0.0875,-0.0904,0.1109
5,latency,ALL_CONDITIONS,ads.1,CES-D,cross-corpus-882,MinMaxScaler,RF,200,49,10,0.0992,10.6053,12.9654,0.1457,-0.0485,0.1543
5,latency,ALL_CONDITIONS,ads.1,CES-D,cross-corpus-882,MinMaxScaler,ET,200,49,10,0.0468,10.7323,13.2151,0.0736,-0.0892,0.0871
5,latency,ALL_CONDITIONS,ads.1,CES-D,cross-corpus-882,MinMaxScaler,GB,200,49,10,0.0306,11.52,14.0682,0.0377,-0.2344,0.0367
5,latency,ALL_CONDITIONS,ads.1,CES-D,cross-corpus-882,MinMaxScaler,XGB,200,49,10,0.0652,11.162,13.9051,0.0792,-0.206,0.0699
5,latency,ALL_CONDITIONS,ads.1,CES-D,cross-corpus-882,MinMaxScaler,MLP,200,49,10,0.0683,10.4113,13.1307,0.1036,-0.0754,0.1002
5,latency,ALL_CONDITIONS,ads.1,CES-D,cross-corpus-882,MinMaxScaler,LGBM,200,49,10,0.0414,11.4053,14.1349,0.0502,-0.2461,0.0427
5,latency,ALL_CONDITIONS,ads.1,CES-D,cross-corpus-882,MinMaxScaler,CatBoost,200,49,10,0.0811,10.5377,13.0381,0.1223,-0.0602,0.1218
5,latency,ALL_CONDITIONS,ads.1,CES-D,cross-corpus-882,RobustScaler,Ridge,200,49,5,0.0288,10.4682,12.908,0.0609,-0.0392,0.1153
5,latency,ALL_CONDITIONS,ads.1,CES-D,cross-corpus-882,RobustScaler,Lasso,200,49,5,0.0165,10.4875,12.8001,0.0476,-0.0219,0.1037
5,latency,ALL_CONDITIONS,ads.1,CES-D,cross-corpus-882,RobustScaler,ElasticNet,200,49,5,0.0215,10.4569,12.78,0.06,-0.0187,0.1144
5,latency,ALL_CONDITIONS,ads.1,CES-D,cross-corpus-882,RobustScaler,SVR,200,49,5,0.0631,10.412,12.7144,0.1669,-0.0083,0.1596
5,latency,ALL_CONDITIONS,ads.1,CES-D,cross-corpus-882,RobustScaler,KNN,200,49,5,0.072,11.0246,13.6695,0.0894,-0.1654,0.1025
5,latency,ALL_CONDITIONS,ads.1,CES-D,cross-corpus-882,RobustScaler,RF,200,49,5,0.0704,10.3215,12.8309,0.1211,-0.0268,0.1403
5,latency,ALL_CONDITIONS,ads.1,CES-D,cross-corpus-882,RobustScaler,ET,200,49,5,0.0382,10.5324,13.1673,0.0617,-0.0814,0.0636
5,latency,ALL_CONDITIONS,ads.1,CES-D,cross-corpus-882,RobustScaler,GB,200,49,5,0.0782,11.267,13.7612,0.0959,-0.1811,0.0734
5,latency,ALL_CONDITIONS,ads.1,CES-D,cross-corpus-882,RobustScaler,XGB,200,49,5,0.0587,10.6784,13.3677,0.0813,-0.1145,0.0606
5,latency,ALL_CONDITIONS,ads.1,CES-D,cross-corpus-882,RobustScaler,MLP,200,49,5,0.0441,10.8534,13.5943,0.0603,-0.1526,0.1341
5,latency,ALL_CONDITIONS,ads.1,CES-D,cross-corpus-882,RobustScaler,LGBM,200,49,5,0.0535,10.9305,13.8047,0.0664,-0.1886,0.0926
5,latency,ALL_CONDITIONS,ads.1,CES-D,cross-corpus-882,RobustScaler,CatBoost,200,49,5,0.0764,10.3964,13.0,0.1173,-0.0541,0.1223
1,latency,ALL_CONDITIONS,HRSD_6.1,HRSD6,cross-corpus-882,StandardScaler,Ridge,190,48,15,0.1445,4.0859,5.1229,0.2239,0.0284,0.2215
1,latency,ALL_CONDITIONS,HRSD_6.1,HRSD6,cross-corpus-882,StandardScaler,Lasso,190,48,15,0.1474,4.0652,5.1379,0.2219,0.0226,0.2348
1,latency,ALL_CONDITIONS,HRSD_6.1,HRSD6,cross-corpus-882,StandardScaler,ElasticNet,190,48,15,0.1073,4.0051,5.0585,0.2314,0.0526,0.2363
1,latency,ALL_CONDITIONS,HRSD_6.1,HRSD6,cross-corpus-882,StandardScaler,SVR,190,48,15,0.0983,4.0705,5.1847,0.1981,0.0048,0.1501
1,latency,ALL_CONDITIONS,HRSD_6.1,HRSD6,cross-corpus-882,StandardScaler,KNN,190,48,15,0.1386,4.1736,5.1197,0.2196,0.0296,0.2801
1,latency,ALL_CONDITIONS,HRSD_6.1,HRSD6,cross-corpus-882,StandardScaler,RF,190,48,15,0.092,4.2793,5.195,0.1603,0.0008,0.0902
1,latency,ALL_CONDITIONS,HRSD_6.1,HRSD6,cross-corpus-882,StandardScaler,ET,190,48,15,0.118,4.201,5.1651,0.1927,0.0123,0.1323
1,latency,ALL_CONDITIONS,HRSD_6.1,HRSD6,cross-corpus-882,StandardScaler,GB,190,48,15,0.0665,4.4737,5.393,0.0995,-0.0768,0.0467
1,latency,ALL_CONDITIONS,HRSD_6.1,HRSD6,cross-corpus-882,StandardScaler,XGB,190,48,15,0.085,4.342,5.2815,0.1366,-0.0327,0.0942
1,latency,ALL_CONDITIONS,HRSD_6.1,HRSD6,cross-corpus-882,StandardScaler,MLP,190,48,15,0.1856,5.1549,7.1969,0.1897,-0.9176,0.1333
1,latency,ALL_CONDITIONS,HRSD_6.1,HRSD6,cross-corpus-882,StandardScaler,LGBM,190,48,15,0.1369,4.4311,5.3487,0.1775,-0.0592,0.1361
1,latency,ALL_CONDITIONS,HRSD_6.1,HRSD6,cross-corpus-882,StandardScaler,CatBoost,190,48,15,0.068,4.3034,5.294,0.1142,-0.0376,0.0376
1,latency,ALL_CONDITIONS,HRSD_6.1,HRSD6,cross-corpus-882,MinMaxScaler,Ridge,190,48,10,0.1631,4.1591,5.0929,0.2458,0.0397,0.2066
1,latency,ALL_CONDITIONS,HRSD_6.1,HRSD6,cross-corpus-882,MinMaxScaler,Lasso,190,48,10,0.1364,4.1435,5.1277,0.217,0.0265,0.1829
1,latency,ALL_CONDITIONS,HRSD_6.1,HRSD6,cross-corpus-882,MinMaxScaler,ElasticNet,190,48,10,0.1572,4.1209,5.06,0.2524,0.0521,0.1937
1,latency,ALL_CONDITIONS,HRSD_6.1,HRSD6,cross-corpus-882,MinMaxScaler,SVR,190,48,10,0.1005,4.3202,5.3053,0.1468,-0.0421,0.1855
1,latency,ALL_CONDITIONS,HRSD_6.1,HRSD6,cross-corpus-882,MinMaxScaler,KNN,190,48,10,-0.0108,4.5185,5.5239,-0.018,-0.1297,0.0465
1,latency,ALL_CONDITIONS,HRSD_6.1,HRSD6,cross-corpus-882,MinMaxScaler,RF,190,48,10,0.0738,4.3991,5.2658,0.1252,-0.0266,0.0967
1,latency,ALL_CONDITIONS,HRSD_6.1,HRSD6,cross-corpus-882,MinMaxScaler,ET,190,48,10,0.0917,4.2953,5.2126,0.1557,-0.006,0.1767
1,latency,ALL_CONDITIONS,HRSD_6.1,HRSD6,cross-corpus-882,MinMaxScaler,GB,190,48,10,0.0635,4.5761,5.438,0.0907,-0.0949,0.0597
1,latency,ALL_CONDITIONS,HRSD_6.1,HRSD6,cross-corpus-882,MinMaxScaler,XGB,190,48,10,0.1127,4.4521,5.2945,0.1614,-0.0378,0.1067
1,latency,ALL_CONDITIONS,HRSD_6.1,HRSD6,cross-corpus-882,MinMaxScaler,MLP,190,48,10,0.1827,4.0892,5.0436,0.2712,0.0582,0.2134
1,latency,ALL_CONDITIONS,HRSD_6.1,HRSD6,cross-corpus-882,MinMaxScaler,LGBM,190,48,10,0.1371,4.5324,5.4205,0.1706,-0.0878,0.1867
1,latency,ALL_CONDITIONS,HRSD_6.1,HRSD6,cross-corpus-882,MinMaxScaler,CatBoost,190,48,10,0.134,4.5525,5.3339,0.1753,-0.0533,0.121
1,latency,ALL_CONDITIONS,HRSD_6.1,HRSD6,cross-corpus-882,RobustScaler,Ridge,190,48,10,0.0633,4.1865,5.2087,0.1262,-0.0045,0.1028
1,latency,ALL_CONDITIONS,HRSD_6.1,HRSD6,cross-corpus-882,RobustScaler,Lasso,190,48,10,0.0571,4.2454,5.2923,0.0994,-0.037,0.1425
1,latency,ALL_CONDITIONS,HRSD_6.1,HRSD6,cross-corpus-882,RobustScaler,ElasticNet,190,48,10,0.0569,4.1845,5.1952,0.1236,0.0007,0.085
1,latency,ALL_CONDITIONS,HRSD_6.1,HRSD6,cross-corpus-882,RobustScaler,SVR,190,48,10,0.1044,4.0073,5.133,0.2042,0.0245,0.1687
1,latency,ALL_CONDITIONS,HRSD_6.1,HRSD6,cross-corpus-882,RobustScaler,KNN,190,48,10,0.0456,4.3727,5.4463,0.0677,-0.0982,0.0928
1,latency,ALL_CONDITIONS,HRSD_6.1,HRSD6,cross-corpus-882,RobustScaler,RF,190,48,10,0.0751,4.2118,5.1885,0.1455,0.0033,0.0454
1,latency,ALL_CONDITIONS,HRSD_6.1,HRSD6,cross-corpus-882,RobustScaler,ET,190,48,10,0.0639,4.2517,5.3769,0.0977,-0.0704,0.0923
1,latency,ALL_CONDITIONS,HRSD_6.1,HRSD6,cross-corpus-882,RobustScaler,GB,190,48,10,0.1003,4.2365,5.2172,0.1627,-0.0078,0.0082
1,latency,ALL_CONDITIONS,HRSD_6.1,HRSD6,cross-corpus-882,RobustScaler,XGB,190,48,10,0.1368,4.1538,5.0943,0.2265,0.0392,0.0398
1,latency,ALL_CONDITIONS,HRSD_6.1,HRSD6,cross-corpus-882,RobustScaler,MLP,190,48,10,0.0902,4.1282,5.2517,0.1467,-0.0211,0.0932
1,latency,ALL_CONDITIONS,HRSD_6.1,HRSD6,cross-corpus-882,RobustScaler,LGBM,190,48,10,0.1539,4.3249,5.1416,0.2248,0.0213,0.0857
1,latency,ALL_CONDITIONS,HRSD_6.1,HRSD6,cross-corpus-882,RobustScaler,CatBoost,190,48,10,0.0825,4.1951,5.1967,0.1512,0.0002,0.0814
2,latency,ALL_CONDITIONS,HRSD_6.1,HRSD6,cross-corpus-882,StandardScaler,Ridge,190,48,5,-0.0219,3.8379,4.3661,-0.0488,-0.1195,-0.0009
2,latency,ALL_CONDITIONS,HRSD_6.1,HRSD6,cross-corpus-882,StandardScaler,Lasso,190,48,5,-0.026,3.9702,4.4934,-0.0427,-0.1858,-0.0184
2,latency,ALL_CONDITIONS,HRSD_6.1,HRSD6,cross-corpus-882,StandardScaler,ElasticNet,190,48,5,-0.0172,3.7641,4.2937,-0.0566,-0.0827,-0.0301
2,latency,ALL_CONDITIONS,HRSD_6.1,HRSD6,cross-corpus-882,StandardScaler,SVR,190,48,5,-0.0261,3.8921,4.5199,-0.0377,-0.1998,-0.0353
2,latency,ALL_CONDITIONS,HRSD_6.1,HRSD6,cross-corpus-882,StandardScaler,KNN,190,48,5,0.1832,3.8125,4.5282,0.2099,-0.2042,0.2031
2,latency,ALL_CONDITIONS,HRSD_6.1,HRSD6,cross-corpus-882,StandardScaler,RF,190,48,5,0.1078,3.8078,4.4608,0.1386,-0.1686,0.1717
2,latency,ALL_CONDITIONS,HRSD_6.1,HRSD6,cross-corpus-882,StandardScaler,ET,190,48,5,0.1949,3.5289,4.1929,0.2612,-0.0325,0.2639
2,latency,ALL_CONDITIONS,HRSD_6.1,HRSD6,cross-corpus-882,StandardScaler,GB,190,48,5,0.0831,3.9236,4.7798,0.0901,-0.3418,0.1742
2,latency,ALL_CONDITIONS,HRSD_6.1,HRSD6,cross-corpus-882,StandardScaler,XGB,190,48,5,0.0633,3.9735,4.8241,0.0689,-0.3668,0.1621
2,latency,ALL_CONDITIONS,HRSD_6.1,HRSD6,cross-corpus-882,StandardScaler,MLP,190,48,5,-0.0115,4.0344,4.7839,-0.0147,-0.344,0.0269
2,latency,ALL_CONDITIONS,HRSD_6.1,HRSD6,cross-corpus-882,StandardScaler,LGBM,190,48,5,-0.0084,4.1753,5.0209,-0.0098,-0.4805,0.0428
2,latency,ALL_CONDITIONS,HRSD_6.1,HRSD6,cross-corpus-882,StandardScaler,CatBoost,190,48,5,0.1361,3.6805,4.5267,0.1569,-0.2034,0.2199
2,latency,ALL_CONDITIONS,HRSD_6.1,HRSD6,cross-corpus-882,MinMaxScaler,Ridge,190,48,10,0.0029,3.9729,4.5125,0.0043,-0.1959,-0.0126
2,latency,ALL_CONDITIONS,HRSD_6.1,HRSD6,cross-corpus-882,MinMaxScaler,Lasso,190,48,10,-0.0064,3.7915,4.3158,-0.0177,-0.0939,0.0041
2,latency,ALL_CONDITIONS,HRSD_6.1,HRSD6,cross-corpus-882,MinMaxScaler,ElasticNet,190,48,10,0.0049,3.9929,4.5376,0.0071,-0.2092,-0.0103
2,latency,ALL_CONDITIONS,HRSD_6.1,HRSD6,cross-corpus-882,MinMaxScaler,SVR,190,48,10,0.008,4.0701,4.6748,0.0095,-0.2835,-0.0065
2,latency,ALL_CONDITIONS,HRSD_6.1,HRSD6,cross-corpus-882,MinMaxScaler,KNN,190,48,10,0.1146,3.7569,4.4831,0.1478,-0.1804,0.1523
2,latency,ALL_CONDITIONS,HRSD_6.1,HRSD6,cross-corpus-882,MinMaxScaler,RF,190,48,10,0.0567,3.8088,4.4583,0.0772,-0.1673,0.1092
2,latency,ALL_CONDITIONS,HRSD_6.1,HRSD6,cross-corpus-882,MinMaxScaler,ET,190,48,10,0.1279,3.6646,4.3303,0.1748,-0.1012,0.1403
2,latency,ALL_CONDITIONS,HRSD_6.1,HRSD6,cross-corpus-882,MinMaxScaler,GB,190,48,10,0.1028,3.9463,4.6457,0.1192,-0.2675,0.1249
2,latency,ALL_CONDITIONS,HRSD_6.1,HRSD6,cross-corpus-882,MinMaxScaler,XGB,190,48,10,0.0144,4.0834,4.8522,0.0165,-0.3827,0.0108
2,latency,ALL_CONDITIONS,HRSD_6.1,HRSD6,cross-corpus-882,MinMaxScaler,MLP,190,48,10,0.0079,4.0078,4.5589,0.0113,-0.2206,-0.0236
2,latency,ALL_CONDITIONS,HRSD_6.1,HRSD6,cross-corpus-882,MinMaxScaler,LGBM,190,48,10,-0.0092,4.1665,4.9036,-0.0107,-0.4122,-0.016
2,latency,ALL_CONDITIONS,HRSD_6.1,HRSD6,cross-corpus-882,MinMaxScaler,CatBoost,190,48,10,0.1504,3.6636,4.4353,0.18,-0.1553,0.1793
2,latency,ALL_CONDITIONS,HRSD_6.1,HRSD6,cross-corpus-882,RobustScaler,Ridge,190,48,5,-0.005,4.0062,4.555,-0.0074,-0.2185,-0.0596
2,latency,ALL_CONDITIONS,HRSD_6.1,HRSD6,cross-corpus-882,RobustScaler,Lasso,190,48,5,-0.0033,4.0024,4.5483,-0.005,-0.2149,-0.0482
2,latency,ALL_CONDITIONS,HRSD_6.1,HRSD6,cross-corpus-882,RobustScaler,ElasticNet,190,48,5,-0.0031,4.0018,4.5461,-0.0047,-0.2138,-0.049
2,latency,ALL_CONDITIONS,HRSD_6.1,HRSD6,cross-corpus-882,RobustScaler,SVR,190,48,5,-0.0077,3.9508,4.4845,-0.0111,-0.1811,-0.0279
2,latency,ALL_CONDITIONS,HRSD_6.1,HRSD6,cross-corpus-882,RobustScaler,KNN,190,48,5,0.0906,3.9259,4.5277,0.1087,-0.204,0.1016
2,latency,ALL_CONDITIONS,HRSD_6.1,HRSD6,cross-corpus-882,RobustScaler,RF,190,48,5,0.0199,3.9252,4.6595,0.0254,-0.2751,0.036
2,latency,ALL_CONDITIONS,HRSD_6.1,HRSD6,cross-corpus-882,RobustScaler,ET,190,48,5,-0.0246,3.8792,4.6477,-0.0334,-0.2686,-0.0834
2,latency,ALL_CONDITIONS,HRSD_6.1,HRSD6,cross-corpus-882,RobustScaler,GB,190,48,5,0.0576,4.0546,4.8557,0.0635,-0.3847,0.1626
2,latency,ALL_CONDITIONS,HRSD_6.1,HRSD6,cross-corpus-882,RobustScaler,XGB,190,48,5,0.0013,4.0387,4.9747,0.0015,-0.4534,0.1012
2,latency,ALL_CONDITIONS,HRSD_6.1,HRSD6,cross-corpus-882,RobustScaler,MLP,190,48,5,-0.0399,4.1356,4.782,-0.0525,-0.343,-0.0404
2,latency,ALL_CONDITIONS,HRSD_6.1,HRSD6,cross-corpus-882,RobustScaler,LGBM,190,48,5,-0.0607,4.5378,5.2116,-0.0674,-0.5951,-0.1203
2,latency,ALL_CONDITIONS,HRSD_6.1,HRSD6,cross-corpus-882,RobustScaler,CatBoost,190,48,5,0.0315,3.9879,4.8131,0.0365,-0.3605,0.0963
3,latency,ALL_CONDITIONS,HRSD_6.1,HRSD6,cross-corpus-882,StandardScaler,Ridge,190,48,10,0.1446,3.7481,4.2217,0.2504,0.0521,0.1044
3,latency,ALL_CONDITIONS,HRSD_6.1,HRSD6,cross-corpus-882,StandardScaler,Lasso,190,48,10,0.1709,3.8343,4.3138,0.2366,0.0103,0.0942
3,latency,ALL_CONDITIONS,HRSD_6.1,HRSD6,cross-corpus-882,StandardScaler,ElasticNet,190,48,10,0.0993,3.7543,4.2203,0.2389,0.0527,0.0909
3,latency,ALL_CONDITIONS,HRSD_6.1,HRSD6,cross-corpus-882,StandardScaler,SVR,190,48,10,0.0089,3.8806,4.5154,0.0167,-0.0844,-0.0086
3,latency,ALL_CONDITIONS,HRSD_6.1,HRSD6,cross-corpus-882,StandardScaler,KNN,190,48,10,0.1154,3.9606,4.5646,0.1447,-0.1082,0.0835
3,latency,ALL_CONDITIONS,HRSD_6.1,HRSD6,cross-corpus-882,StandardScaler,RF,190,48,10,-0.1034,4.5359,5.1192,-0.13,-0.3939,-0.1359
3,latency,ALL_CONDITIONS,HRSD_6.1,HRSD6,cross-corpus-882,StandardScaler,ET,190,48,10,0.0383,4.2798,4.8483,0.0461,-0.2502,-0.0131
3,latency,ALL_CONDITIONS,HRSD_6.1,HRSD6,cross-corpus-882,StandardScaler,GB,190,48,10,0.0397,4.5185,5.0464,0.0445,-0.3545,0.0131
3,latency,ALL_CONDITIONS,HRSD_6.1,HRSD6,cross-corpus-882,StandardScaler,XGB,190,48,10,0.0573,4.403,5.0386,0.0629,-0.3503,0.0609
3,latency,ALL_CONDITIONS,HRSD_6.1,HRSD6,cross-corpus-882,StandardScaler,MLP,190,48,10,0.221,4.0444,4.7378,0.234,-0.1939,0.0323
3,latency,ALL_CONDITIONS,HRSD_6.1,HRSD6,cross-corpus-882,StandardScaler,LGBM,190,48,10,-0.0445,4.3867,5.0931,-0.053,-0.3796,-0.0757
3,latency,ALL_CONDITIONS,HRSD_6.1,HRSD6,cross-corpus-882,StandardScaler,CatBoost,190,48,10,-0.0119,4.3167,4.8726,-0.0154,-0.2628,-0.0292
3,latency,ALL_CONDITIONS,HRSD_6.1,HRSD6,cross-corpus-882,MinMaxScaler,Ridge,190,48,20,0.1032,3.9014,4.3699,0.1648,-0.0157,0.0775
3,latency,ALL_CONDITIONS,HRSD_6.1,HRSD6,cross-corpus-882,MinMaxScaler,Lasso,190,48,20,0.0725,3.8648,4.3628,0.1361,-0.0123,0.0807
3,latency,ALL_CONDITIONS,HRSD_6.1,HRSD6,cross-corpus-882,MinMaxScaler,ElasticNet,190,48,20,0.0802,3.8552,4.3399,0.1511,-0.0017,0.0924
3,latency,ALL_CONDITIONS,HRSD_6.1,HRSD6,cross-corpus-882,MinMaxScaler,SVR,190,48,20,0.0603,3.9169,4.489,0.0932,-0.0718,0.0534
3,latency,ALL_CONDITIONS,HRSD_6.1,HRSD6,cross-corpus-882,MinMaxScaler,KNN,190,48,20,0.0305,4.1065,4.8617,0.0368,-0.2571,-0.012
3,latency,ALL_CONDITIONS,HRSD_6.1,HRSD6,cross-corpus-882,MinMaxScaler,RF,190,48,20,-0.0173,4.1394,4.7812,-0.0241,-0.2159,-0.0369
3,latency,ALL_CONDITIONS,HRSD_6.1,HRSD6,cross-corpus-882,MinMaxScaler,ET,190,48,20,-0.0,4.1703,4.7732,-0.0,-0.2118,-0.0783
3,latency,ALL_CONDITIONS,HRSD_6.1,HRSD6,cross-corpus-882,MinMaxScaler,GB,190,48,20,0.0068,4.2063,4.8203,0.0088,-0.2358,-0.0199
3,latency,ALL_CONDITIONS,HRSD_6.1,HRSD6,cross-corpus-882,MinMaxScaler,XGB,190,48,20,-0.0038,4.2098,4.8889,-0.0047,-0.2713,-0.046
3,latency,ALL_CONDITIONS,HRSD_6.1,HRSD6,cross-corpus-882,MinMaxScaler,MLP,190,48,20,0.1055,3.899,4.4261,0.1522,-0.0419,0.0654
3,latency,ALL_CONDITIONS,HRSD_6.1,HRSD6,cross-corpus-882,MinMaxScaler,LGBM,190,48,20,0.0018,4.3919,4.9921,0.0021,-0.3255,-0.0092
3,latency,ALL_CONDITIONS,HRSD_6.1,HRSD6,cross-corpus-882,MinMaxScaler,CatBoost,190,48,20,-0.0194,4.2623,4.8067,-0.0267,-0.2288,-0.0568
3,latency,ALL_CONDITIONS,HRSD_6.1,HRSD6,cross-corpus-882,RobustScaler,Ridge,190,48,5,0.0887,3.8636,4.4514,0.1331,-0.0539,0.0668
3,latency,ALL_CONDITIONS,HRSD_6.1,HRSD6,cross-corpus-882,RobustScaler,Lasso,190,48,5,0.0871,3.9453,4.563,0.1171,-0.1074,0.0614
3,latency,ALL_CONDITIONS,HRSD_6.1,HRSD6,cross-corpus-882,RobustScaler,ElasticNet,190,48,5,0.0846,3.8254,4.4034,0.1377,-0.0313,0.0638
3,latency,ALL_CONDITIONS,HRSD_6.1,HRSD6,cross-corpus-882,RobustScaler,SVR,190,48,5,0.0536,3.8149,4.4591,0.0875,-0.0576,0.0375
3,latency,ALL_CONDITIONS,HRSD_6.1,HRSD6,cross-corpus-882,RobustScaler,KNN,190,48,5,0.1292,3.8125,4.6005,0.1546,-0.1257,0.1443
3,latency,ALL_CONDITIONS,HRSD_6.1,HRSD6,cross-corpus-882,RobustScaler,RF,190,48,5,0.0136,3.8979,4.6354,0.0206,-0.1428,-0.0257
3,latency,ALL_CONDITIONS,HRSD_6.1,HRSD6,cross-corpus-882,RobustScaler,ET,190,48,5,-0.0199,3.929,4.8198,-0.0263,-0.2355,-0.0123
3,latency,ALL_CONDITIONS,HRSD_6.1,HRSD6,cross-corpus-882,RobustScaler,GB,190,48,5,0.0236,4.1068,4.8711,0.0286,-0.262,0.0137
3,latency,ALL_CONDITIONS,HRSD_6.1,HRSD6,cross-corpus-882,RobustScaler,XGB,190,48,5,0.0065,4.129,4.8562,0.008,-0.2543,-0.0382
3,latency,ALL_CONDITIONS,HRSD_6.1,HRSD6,cross-corpus-882,RobustScaler,MLP,190,48,5,0.1262,3.9664,4.6217,0.1507,-0.1361,0.082
3,latency,ALL_CONDITIONS,HRSD_6.1,HRSD6,cross-corpus-882,RobustScaler,LGBM,190,48,5,-0.0374,4.4749,5.3999,-0.04,-0.5509,-0.0616
3,latency,ALL_CONDITIONS,HRSD_6.1,HRSD6,cross-corpus-882,RobustScaler,CatBoost,190,48,5,0.0016,3.9833,4.7156,0.0023,-0.1827,-0.0305
4,latency,ALL_CONDITIONS,HRSD_6.1,HRSD6,cross-corpus-882,StandardScaler,Ridge,191,47,15,-0.0608,4.7941,5.3885,-0.1035,-0.1736,-0.1017
4,latency,ALL_CONDITIONS,HRSD_6.1,HRSD6,cross-corpus-882,StandardScaler,Lasso,191,47,15,-0.0612,4.8432,5.4518,-0.0958,-0.2013,-0.1087
4,latency,ALL_CONDITIONS,HRSD_6.1,HRSD6,cross-corpus-882,StandardScaler,ElasticNet,191,47,15,-0.0501,4.6806,5.2513,-0.1075,-0.1146,-0.1177
4,latency,ALL_CONDITIONS,HRSD_6.1,HRSD6,cross-corpus-882,StandardScaler,SVR,191,47,15,-0.0311,4.6492,5.2897,-0.0581,-0.131,-0.135
4,latency,ALL_CONDITIONS,HRSD_6.1,HRSD6,cross-corpus-882,StandardScaler,KNN,191,47,15,-0.03,4.9635,5.5396,-0.0414,-0.2404,-0.0478
4,latency,ALL_CONDITIONS,HRSD_6.1,HRSD6,cross-corpus-882,StandardScaler,RF,191,47,15,-0.1184,4.9636,5.5879,-0.19,-0.2621,-0.2534
4,latency,ALL_CONDITIONS,HRSD_6.1,HRSD6,cross-corpus-882,StandardScaler,ET,191,47,15,-0.0775,4.8395,5.481,-0.1231,-0.2143,-0.1526
4,latency,ALL_CONDITIONS,HRSD_6.1,HRSD6,cross-corpus-882,StandardScaler,GB,191,47,15,-0.1154,5.2115,6.0549,-0.1338,-0.4819,-0.1359
4,latency,ALL_CONDITIONS,HRSD_6.1,HRSD6,cross-corpus-882,StandardScaler,XGB,191,47,15,-0.1708,5.2878,6.1038,-0.2055,-0.5059,-0.1813
4,latency,ALL_CONDITIONS,HRSD_6.1,HRSD6,cross-corpus-882,StandardScaler,MLP,191,47,15,0.01,4.7875,5.3826,0.0142,-0.171,-0.022
4,latency,ALL_CONDITIONS,HRSD_6.1,HRSD6,cross-corpus-882,StandardScaler,LGBM,191,47,15,-0.1539,5.1353,5.8098,-0.2137,-0.3643,-0.2072
4,latency,ALL_CONDITIONS,HRSD_6.1,HRSD6,cross-corpus-882,StandardScaler,CatBoost,191,47,15,-0.0504,4.7938,5.4102,-0.0803,-0.1831,-0.1175
4,latency,ALL_CONDITIONS,HRSD_6.1,HRSD6,cross-corpus-882,MinMaxScaler,Ridge,191,47,10,-0.0503,4.7589,5.343,-0.0881,-0.1539,-0.101
4,latency,ALL_CONDITIONS,HRSD_6.1,HRSD6,cross-corpus-882,MinMaxScaler,Lasso,191,47,10,-0.0471,4.7165,5.2879,-0.0904,-0.1302,-0.1375
4,latency,ALL_CONDITIONS,HRSD_6.1,HRSD6,cross-corpus-882,MinMaxScaler,ElasticNet,191,47,10,-0.0438,4.6888,5.2619,-0.0876,-0.1191,-0.0951
4,latency,ALL_CONDITIONS,HRSD_6.1,HRSD6,cross-corpus-882,MinMaxScaler,SVR,191,47,10,-0.033,4.7312,5.3987,-0.0536,-0.1781,-0.0671
4,latency,ALL_CONDITIONS,HRSD_6.1,HRSD6,cross-corpus-882,MinMaxScaler,KNN,191,47,10,-0.0051,4.8663,5.569,-0.0067,-0.2536,-0.0508
4,latency,ALL_CONDITIONS,HRSD_6.1,HRSD6,cross-corpus-882,MinMaxScaler,RF,191,47,10,-0.0797,4.9307,5.5478,-0.1199,-0.244,-0.1327
4,latency,ALL_CONDITIONS,HRSD_6.1,HRSD6,cross-corpus-882,MinMaxScaler,ET,191,47,10,-0.0601,4.8548,5.5652,-0.0844,-0.2518,-0.1135
4,latency,ALL_CONDITIONS,HRSD_6.1,HRSD6,cross-corpus-882,MinMaxScaler,GB,191,47,10,-0.2335,5.5638,6.3462,-0.2751,-0.6279,-0.2343
4,latency,ALL_CONDITIONS,HRSD_6.1,HRSD6,cross-corpus-882,MinMaxScaler,XGB,191,47,10,-0.0806,5.0191,5.7059,-0.1052,-0.3159,-0.0197
4,latency,ALL_CONDITIONS,HRSD_6.1,HRSD6,cross-corpus-882,MinMaxScaler,MLP,191,47,10,-0.0249,4.6234,5.2236,-0.0494,-0.1029,-0.0141
4,latency,ALL_CONDITIONS,HRSD_6.1,HRSD6,cross-corpus-882,MinMaxScaler,LGBM,191,47,10,-0.118,5.1261,5.7106,-0.165,-0.3181,-0.2009
4,latency,ALL_CONDITIONS,HRSD_6.1,HRSD6,cross-corpus-882,MinMaxScaler,CatBoost,191,47,10,-0.0897,4.9434,5.5537,-0.1364,-0.2467,-0.1074
4,latency,ALL_CONDITIONS,HRSD_6.1,HRSD6,cross-corpus-882,RobustScaler,Ridge,191,47,10,-0.0499,4.6708,5.2433,-0.1096,-0.1112,-0.0962
4,latency,ALL_CONDITIONS,HRSD_6.1,HRSD6,cross-corpus-882,RobustScaler,Lasso,191,47,10,-0.0585,4.7932,5.3867,-0.0992,-0.1728,-0.1345
4,latency,ALL_CONDITIONS,HRSD_6.1,HRSD6,cross-corpus-882,RobustScaler,ElasticNet,191,47,10,-0.0347,4.5345,5.1252,-0.1102,-0.0617,-0.0589
4,latency,ALL_CONDITIONS,HRSD_6.1,HRSD6,cross-corpus-882,RobustScaler,SVR,191,47,10,-0.0428,4.6562,5.2835,-0.0841,-0.1283,-0.1445
4,latency,ALL_CONDITIONS,HRSD_6.1,HRSD6,cross-corpus-882,RobustScaler,KNN,191,47,10,-0.0372,4.9267,5.4708,-0.0539,-0.2097,-0.0802
4,latency,ALL_CONDITIONS,HRSD_6.1,HRSD6,cross-corpus-882,RobustScaler,RF,191,47,10,-0.1216,5.0011,5.6468,-0.1838,-0.2888,-0.2541
4,latency,ALL_CONDITIONS,HRSD_6.1,HRSD6,cross-corpus-882,RobustScaler,ET,191,47,10,-0.1134,5.0911,5.7134,-0.1586,-0.3194,-0.1835
4,latency,ALL_CONDITIONS,HRSD_6.1,HRSD6,cross-corpus-882,RobustScaler,GB,191,47,10,-0.0633,4.9665,5.6151,-0.0857,-0.2744,-0.1838
4,latency,ALL_CONDITIONS,HRSD_6.1,HRSD6,cross-corpus-882,RobustScaler,XGB,191,47,10,-0.0752,5.0266,5.688,-0.0987,-0.3077,-0.1355
4,latency,ALL_CONDITIONS,HRSD_6.1,HRSD6,cross-corpus-882,RobustScaler,MLP,191,47,10,-0.0371,4.8575,5.5441,-0.0503,-0.2424,-0.1435
4,latency,ALL_CONDITIONS,HRSD_6.1,HRSD6,cross-corpus-882,RobustScaler,LGBM,191,47,10,-0.1672,5.2263,5.8417,-0.2338,-0.3794,-0.2724
4,latency,ALL_CONDITIONS,HRSD_6.1,HRSD6,cross-corpus-882,RobustScaler,CatBoost,191,47,10,-0.083,4.8864,5.537,-0.1268,-0.2392,-0.1445
5,latency,ALL_CONDITIONS,HRSD_6.1,HRSD6,cross-corpus-882,StandardScaler,Ridge,191,47,10,0.0663,4.1851,4.9069,0.1596,-0.0365,0.0046
5,latency,ALL_CONDITIONS,HRSD_6.1,HRSD6,cross-corpus-882,StandardScaler,Lasso,191,47,10,0.0742,4.2286,4.9528,0.1444,-0.0559,-0.0249
5,latency,ALL_CONDITIONS,HRSD_6.1,HRSD6,cross-corpus-882,StandardScaler,ElasticNet,191,47,10,0.0468,4.1575,4.8873,0.1647,-0.0282,-0.0124
5,latency,ALL_CONDITIONS,HRSD_6.1,HRSD6,cross-corpus-882,StandardScaler,SVR,191,47,10,0.0385,4.7461,5.6515,0.0599,-0.3749,0.0055
5,latency,ALL_CONDITIONS,HRSD_6.1,HRSD6,cross-corpus-882,StandardScaler,KNN,191,47,10,0.1254,4.3475,5.1552,0.2165,-0.144,0.0969
5,latency,ALL_CONDITIONS,HRSD_6.1,HRSD6,cross-corpus-882,StandardScaler,RF,191,47,10,0.0847,4.1893,4.9812,0.1637,-0.0681,0.083
5,latency,ALL_CONDITIONS,HRSD_6.1,HRSD6,cross-corpus-882,StandardScaler,ET,191,47,10,0.0331,4.5098,5.2397,0.0658,-0.1818,0.0073
5,latency,ALL_CONDITIONS,HRSD_6.1,HRSD6,cross-corpus-882,StandardScaler,GB,191,47,10,0.0585,4.2803,5.2666,0.0963,-0.194,0.0528
5,latency,ALL_CONDITIONS,HRSD_6.1,HRSD6,cross-corpus-882,StandardScaler,XGB,191,47,10,0.0498,4.5065,5.3996,0.0704,-0.2551,-0.0182
5,latency,ALL_CONDITIONS,HRSD_6.1,HRSD6,cross-corpus-882,StandardScaler,MLP,191,47,10,0.0953,4.4608,5.3089,0.1499,-0.2133,-0.0111
5,latency,ALL_CONDITIONS,HRSD_6.1,HRSD6,cross-corpus-882,StandardScaler,LGBM,191,47,10,0.0827,4.4514,5.2444,0.1133,-0.1839,0.0535
5,latency,ALL_CONDITIONS,HRSD_6.1,HRSD6,cross-corpus-882,StandardScaler,CatBoost,191,47,10,0.0724,4.2496,5.0681,0.1427,-0.1057,0.0958
5,latency,ALL_CONDITIONS,HRSD_6.1,HRSD6,cross-corpus-882,MinMaxScaler,Ridge,191,47,10,0.068,4.1242,4.8552,0.2558,-0.0148,0.0316
5,latency,ALL_CONDITIONS,HRSD_6.1,HRSD6,cross-corpus-882,MinMaxScaler,Lasso,191,47,10,0.1053,4.1785,4.9085,0.1974,-0.0372,0.0789
5,latency,ALL_CONDITIONS,HRSD_6.1,HRSD6,cross-corpus-882,MinMaxScaler,ElasticNet,191,47,10,0.0538,4.1179,4.867,0.2464,-0.0197,0.02
5,latency,ALL_CONDITIONS,HRSD_6.1,HRSD6,cross-corpus-882,MinMaxScaler,SVR,191,47,10,0.1503,4.6113,5.3785,0.2159,-0.2453,-0.0019
5,latency,ALL_CONDITIONS,HRSD_6.1,HRSD6,cross-corpus-882,MinMaxScaler,KNN,191,47,10,0.1201,4.1631,5.1601,0.2257,-0.1462,0.1371
5,latency,ALL_CONDITIONS,HRSD_6.1,HRSD6,cross-corpus-882,MinMaxScaler,RF,191,47,10,0.1109,4.1005,4.9059,0.2194,-0.036,0.1689
5,latency,ALL_CONDITIONS,HRSD_6.1,HRSD6,cross-corpus-882,MinMaxScaler,ET,191,47,10,0.0974,4.2157,5.0076,0.2196,-0.0794,0.0805
5,latency,ALL_CONDITIONS,HRSD_6.1,HRSD6,cross-corpus-882,MinMaxScaler,GB,191,47,10,0.0958,4.2722,5.153,0.1495,-0.1431,0.1504
5,latency,ALL_CONDITIONS,HRSD_6.1,HRSD6,cross-corpus-882,MinMaxScaler,XGB,191,47,10,0.0459,4.387,5.4587,0.0636,-0.2827,0.0529
5,latency,ALL_CONDITIONS,HRSD_6.1,HRSD6,cross-corpus-882,MinMaxScaler,MLP,191,47,10,0.0915,4.5349,5.3183,0.1288,-0.2176,0.0356
5,latency,ALL_CONDITIONS,HRSD_6.1,HRSD6,cross-corpus-882,MinMaxScaler,LGBM,191,47,10,0.1098,4.3386,5.1611,0.1558,-0.1467,0.0973
5,latency,ALL_CONDITIONS,HRSD_6.1,HRSD6,cross-corpus-882,MinMaxScaler,CatBoost,191,47,10,0.1093,4.0295,4.8903,0.2345,-0.0295,0.1916
5,latency,ALL_CONDITIONS,HRSD_6.1,HRSD6,cross-corpus-882,RobustScaler,Ridge,191,47,5,0.0346,4.267,5.0312,0.0732,-0.0897,-0.0068
5,latency,ALL_CONDITIONS,HRSD_6.1,HRSD6,cross-corpus-882,RobustScaler,Lasso,191,47,5,0.0351,4.2389,4.999,0.081,-0.0758,0.0165
5,latency,ALL_CONDITIONS,HRSD_6.1,HRSD6,cross-corpus-882,RobustScaler,ElasticNet,191,47,5,0.0353,4.2481,5.0067,0.0792,-0.0791,0.0035
5,latency,ALL_CONDITIONS,HRSD_6.1,HRSD6,cross-corpus-882,RobustScaler,SVR,191,47,5,0.0466,4.2844,5.1812,0.1084,-0.1556,-0.0189
5,latency,ALL_CONDITIONS,HRSD_6.1,HRSD6,cross-corpus-882,RobustScaler,KNN,191,47,5,0.0584,4.3191,5.1522,0.0982,-0.1427,0.0317
5,latency,ALL_CONDITIONS,HRSD_6.1,HRSD6,cross-corpus-882,RobustScaler,RF,191,47,5,0.1192,4.0896,4.8979,0.2416,-0.0327,0.1557
5,latency,ALL_CONDITIONS,HRSD_6.1,HRSD6,cross-corpus-882,RobustScaler,ET,191,47,5,0.2436,4.0071,5.0001,0.3211,-0.0762,0.2711
5,latency,ALL_CONDITIONS,HRSD_6.1,HRSD6,cross-corpus-882,RobustScaler,GB,191,47,5,0.0668,4.2901,5.1323,0.1076,-0.1339,0.0582
5,latency,ALL_CONDITIONS,HRSD_6.1,HRSD6,cross-corpus-882,RobustScaler,XGB,191,47,5,0.0437,4.3173,5.1946,0.0778,-0.1616,0.0284
5,latency,ALL_CONDITIONS,HRSD_6.1,HRSD6,cross-corpus-882,RobustScaler,MLP,191,47,5,0.0644,4.2681,5.0307,0.1219,-0.0894,0.0172
5,latency,ALL_CONDITIONS,HRSD_6.1,HRSD6,cross-corpus-882,RobustScaler,LGBM,191,47,5,0.061,4.3189,5.1379,0.0984,-0.1363,0.044
5,latency,ALL_CONDITIONS,HRSD_6.1,HRSD6,cross-corpus-882,RobustScaler,CatBoost,191,47,5,0.0745,4.1823,4.9683,0.1582,-0.0626,0.0695
1,latency,ALL_CONDITIONS,HRSD_17.1,HRSD17,cross-corpus-882,StandardScaler,Ridge,190,48,15,0.0745,7.096,9.2239,0.1437,-0.0048,0.2827
1,latency,ALL_CONDITIONS,HRSD_17.1,HRSD17,cross-corpus-882,StandardScaler,Lasso,190,48,15,0.0281,7.2734,9.1558,0.1335,0.01,0.2781
1,latency,ALL_CONDITIONS,HRSD_17.1,HRSD17,cross-corpus-882,StandardScaler,ElasticNet,190,48,15,0.0581,7.1044,9.179,0.1378,0.005,0.2709
1,latency,ALL_CONDITIONS,HRSD_17.1,HRSD17,cross-corpus-882,StandardScaler,SVR,190,48,15,0.0889,6.9792,9.0862,0.2327,0.025,0.2303
1,latency,ALL_CONDITIONS,HRSD_17.1,HRSD17,cross-corpus-882,StandardScaler,KNN,190,48,15,0.1015,6.9074,9.2814,0.1637,-0.0173,0.2063
1,latency,ALL_CONDITIONS,HRSD_17.1,HRSD17,cross-corpus-882,StandardScaler,RF,190,48,15,0.0943,7.0567,9.0572,0.2044,0.0312,0.1895
1,latency,ALL_CONDITIONS,HRSD_17.1,HRSD17,cross-corpus-882,StandardScaler,ET,190,48,15,0.0502,7.2849,9.4992,0.0857,-0.0656,0.0417
1,latency,ALL_CONDITIONS,HRSD_17.1,HRSD17,cross-corpus-882,StandardScaler,GB,190,48,15,0.1175,7.2103,9.2375,0.1919,-0.0077,0.1347
1,latency,ALL_CONDITIONS,HRSD_17.1,HRSD17,cross-corpus-882,StandardScaler,XGB,190,48,15,0.1178,7.0921,9.2568,0.1932,-0.012,0.1248
1,latency,ALL_CONDITIONS,HRSD_17.1,HRSD17,cross-corpus-882,StandardScaler,MLP,190,48,15,0.1011,7.2003,9.2391,0.1676,-0.0081,0.2251
1,latency,ALL_CONDITIONS,HRSD_17.1,HRSD17,cross-corpus-882,StandardScaler,LGBM,190,48,15,0.1124,7.3348,9.3597,0.1707,-0.0346,0.127
1,latency,ALL_CONDITIONS,HRSD_17.1,HRSD17,cross-corpus-882,StandardScaler,CatBoost,190,48,15,0.1111,7.0678,9.0557,0.2152,0.0316,0.2003
1,latency,ALL_CONDITIONS,HRSD_17.1,HRSD17,cross-corpus-882,MinMaxScaler,Ridge,190,48,10,0.0734,7.1386,9.2557,0.1358,-0.0117,0.2692
1,latency,ALL_CONDITIONS,HRSD_17.1,HRSD17,cross-corpus-882,MinMaxScaler,Lasso,190,48,10,0.0494,7.1095,9.2036,0.1202,-0.0003,0.1672
1,latency,ALL_CONDITIONS,HRSD_17.1,HRSD17,cross-corpus-882,MinMaxScaler,ElasticNet,190,48,10,0.0689,7.0927,9.2463,0.1327,-0.0097,0.2612
1,latency,ALL_CONDITIONS,HRSD_17.1,HRSD17,cross-corpus-882,MinMaxScaler,SVR,190,48,10,0.0526,7.0999,9.3536,0.1057,-0.0332,0.2555
1,latency,ALL_CONDITIONS,HRSD_17.1,HRSD17,cross-corpus-882,MinMaxScaler,KNN,190,48,10,0.1614,6.6574,9.1415,0.2401,0.0131,0.3188
1,latency,ALL_CONDITIONS,HRSD_17.1,HRSD17,cross-corpus-882,MinMaxScaler,RF,190,48,10,0.0811,7.2392,9.1782,0.1632,0.0052,0.1779
1,latency,ALL_CONDITIONS,HRSD_17.1,HRSD17,cross-corpus-882,MinMaxScaler,ET,190,48,10,0.0323,7.3498,9.6423,0.0534,-0.098,0.0519
1,latency,ALL_CONDITIONS,HRSD_17.1,HRSD17,cross-corpus-882,MinMaxScaler,GB,190,48,10,0.1093,7.1512,9.2143,0.1836,-0.0027,0.1625
1,latency,ALL_CONDITIONS,HRSD_17.1,HRSD17,cross-corpus-882,MinMaxScaler,XGB,190,48,10,0.1078,7.198,9.3178,0.1689,-0.0253,0.1183
1,latency,ALL_CONDITIONS,HRSD_17.1,HRSD17,cross-corpus-882,MinMaxScaler,MLP,190,48,10,0.032,7.2109,9.3618,0.0696,-0.035,0.2301
1,latency,ALL_CONDITIONS,HRSD_17.1,HRSD17,cross-corpus-882,MinMaxScaler,LGBM,190,48,10,0.0928,7.3196,9.5437,0.1378,-0.0756,0.1405
1,latency,ALL_CONDITIONS,HRSD_17.1,HRSD17,cross-corpus-882,MinMaxScaler,CatBoost,190,48,10,0.0786,7.247,9.2085,0.1554,-0.0014,0.1227
1,latency,ALL_CONDITIONS,HRSD_17.1,HRSD17,cross-corpus-882,RobustScaler,Ridge,190,48,5,0.0222,7.299,9.4224,0.0488,-0.0485,0.1515
1,latency,ALL_CONDITIONS,HRSD_17.1,HRSD17,cross-corpus-882,RobustScaler,Lasso,190,48,5,0.0004,7.4113,9.5875,0.0007,-0.0855,0.1386
1,latency,ALL_CONDITIONS,HRSD_17.1,HRSD17,cross-corpus-882,RobustScaler,ElasticNet,190,48,5,0.0229,7.2942,9.4126,0.0509,-0.0463,0.1515
1,latency,ALL_CONDITIONS,HRSD_17.1,HRSD17,cross-corpus-882,RobustScaler,SVR,190,48,5,0.0518,7.248,9.4589,0.0922,-0.0566,0.1515
1,latency,ALL_CONDITIONS,HRSD_17.1,HRSD17,cross-corpus-882,RobustScaler,KNN,190,48,5,0.0741,7.5875,9.4143,0.1204,-0.0467,0.201
1,latency,ALL_CONDITIONS,HRSD_17.1,HRSD17,cross-corpus-882,RobustScaler,RF,190,48,5,0.0251,7.421,9.5026,0.0466,-0.0664,0.1443
1,latency,ALL_CONDITIONS,HRSD_17.1,HRSD17,cross-corpus-882,RobustScaler,ET,190,48,5,0.0306,7.3832,9.4409,0.0596,-0.0526,0.1443
1,latency,ALL_CONDITIONS,HRSD_17.1,HRSD17,cross-corpus-882,RobustScaler,GB,190,48,5,0.0154,7.5252,9.6649,0.0255,-0.1031,0.1443
1,latency,ALL_CONDITIONS,HRSD_17.1,HRSD17,cross-corpus-882,RobustScaler,XGB,190,48,5,0.0161,7.4792,9.6111,0.0281,-0.0909,0.1443
1,latency,ALL_CONDITIONS,HRSD_17.1,HRSD17,cross-corpus-882,RobustScaler,MLP,190,48,5,0.0503,7.1853,9.4271,0.102,-0.0495,0.1515
1,latency,ALL_CONDITIONS,HRSD_17.1,HRSD17,cross-corpus-882,RobustScaler,LGBM,190,48,5,0.0493,7.3332,9.1116,0.1768,0.0196,0.1751
1,latency,ALL_CONDITIONS,HRSD_17.1,HRSD17,cross-corpus-882,RobustScaler,CatBoost,190,48,5,0.0301,7.3756,9.384,0.0636,-0.04,0.1443
2,latency,ALL_CONDITIONS,HRSD_17.1,HRSD17,cross-corpus-882,StandardScaler,Ridge,190,48,10,0.0136,6.1518,7.2259,0.0234,-0.1449,0.0545
2,latency,ALL_CONDITIONS,HRSD_17.1,HRSD17,cross-corpus-882,StandardScaler,Lasso,190,48,10,0.0129,5.9717,6.983,0.0395,-0.0692,0.0609
2,latency,ALL_CONDITIONS,HRSD_17.1,HRSD17,cross-corpus-882,StandardScaler,ElasticNet,190,48,10,0.0099,6.0891,7.1173,0.021,-0.1108,0.07
2,latency,ALL_CONDITIONS,HRSD_17.1,HRSD17,cross-corpus-882,StandardScaler,SVR,190,48,10,0.0652,5.5352,6.7732,0.1328,-0.006,0.061
2,latency,ALL_CONDITIONS,HRSD_17.1,HRSD17,cross-corpus-882,StandardScaler,KNN,190,48,10,0.0211,7.1736,8.6873,0.0232,-0.6549,0.0597
2,latency,ALL_CONDITIONS,HRSD_17.1,HRSD17,cross-corpus-882,StandardScaler,RF,190,48,10,0.0693,5.8696,7.2508,0.095,-0.1528,0.0585
2,latency,ALL_CONDITIONS,HRSD_17.1,HRSD17,cross-corpus-882,StandardScaler,ET,190,48,10,0.0455,6.091,7.4769,0.0598,-0.2258,0.0529
2,latency,ALL_CONDITIONS,HRSD_17.1,HRSD17,cross-corpus-882,StandardScaler,GB,190,48,10,0.0734,5.9683,7.4494,0.0963,-0.2169,0.1149
2,latency,ALL_CONDITIONS,HRSD_17.1,HRSD17,cross-corpus-882,StandardScaler,XGB,190,48,10,0.0657,6.0132,7.7976,0.0768,-0.3333,0.1222
2,latency,ALL_CONDITIONS,HRSD_17.1,HRSD17,cross-corpus-882,StandardScaler,MLP,190,48,10,0.0888,5.9949,7.255,0.1192,-0.1542,0.0643
2,latency,ALL_CONDITIONS,HRSD_17.1,HRSD17,cross-corpus-882,StandardScaler,LGBM,190,48,10,0.0261,6.3931,7.9488,0.0293,-0.3855,0.0675
2,latency,ALL_CONDITIONS,HRSD_17.1,HRSD17,cross-corpus-882,StandardScaler,CatBoost,190,48,10,0.0444,6.1289,7.6032,0.0543,-0.2676,0.0274
2,latency,ALL_CONDITIONS,HRSD_17.1,HRSD17,cross-corpus-882,MinMaxScaler,Ridge,190,48,10,0.0134,6.3075,7.4379,0.0183,-0.2131,-0.0385
2,latency,ALL_CONDITIONS,HRSD_17.1,HRSD17,cross-corpus-882,MinMaxScaler,Lasso,190,48,10,0.03,6.048,7.1173,0.0552,-0.1108,0.0279
2,latency,ALL_CONDITIONS,HRSD_17.1,HRSD17,cross-corpus-882,MinMaxScaler,ElasticNet,190,48,10,0.0209,6.0064,7.0507,0.0466,-0.0901,0.0054
2,latency,ALL_CONDITIONS,HRSD_17.1,HRSD17,cross-corpus-882,MinMaxScaler,SVR,190,48,10,0.01,6.0883,7.2149,0.0148,-0.1415,-0.0342
2,latency,ALL_CONDITIONS,HRSD_17.1,HRSD17,cross-corpus-882,MinMaxScaler,KNN,190,48,10,-0.0349,6.3634,7.8343,-0.0466,-0.3458,-0.0784
2,latency,ALL_CONDITIONS,HRSD_17.1,HRSD17,cross-corpus-882,MinMaxScaler,RF,190,48,10,0.0876,5.8033,7.3455,0.1139,-0.1831,0.0912
2,latency,ALL_CONDITIONS,HRSD_17.1,HRSD17,cross-corpus-882,MinMaxScaler,ET,190,48,10,0.0287,6.0659,7.5486,0.0383,-0.2495,0.0104
2,latency,ALL_CONDITIONS,HRSD_17.1,HRSD17,cross-corpus-882,MinMaxScaler,GB,190,48,10,0.1018,5.7602,7.6199,0.1171,-0.2732,0.1055
2,latency,ALL_CONDITIONS,HRSD_17.1,HRSD17,cross-corpus-882,MinMaxScaler,XGB,190,48,10,0.1133,5.9615,7.6344,0.1314,-0.278,0.0866
2,latency,ALL_CONDITIONS,HRSD_17.1,HRSD17,cross-corpus-882,MinMaxScaler,MLP,190,48,10,0.016,6.1867,7.2656,0.0255,-0.1575,-0.043
2,latency,ALL_CONDITIONS,HRSD_17.1,HRSD17,cross-corpus-882,MinMaxScaler,LGBM,190,48,10,0.1283,5.8551,7.4622,0.1472,-0.221,0.1225
2,latency,ALL_CONDITIONS,HRSD_17.1,HRSD17,cross-corpus-882,MinMaxScaler,CatBoost,190,48,10,0.0769,5.8061,7.3358,0.1019,-0.18,0.0802
2,latency,ALL_CONDITIONS,HRSD_17.1,HRSD17,cross-corpus-882,RobustScaler,Ridge,190,48,5,-0.0149,6.3337,7.3907,-0.0223,-0.1977,-0.0218
2,latency,ALL_CONDITIONS,HRSD_17.1,HRSD17,cross-corpus-882,RobustScaler,Lasso,190,48,5,-0.0148,6.3324,7.3889,-0.0223,-0.1972,-0.0227
2,latency,ALL_CONDITIONS,HRSD_17.1,HRSD17,cross-corpus-882,RobustScaler,ElasticNet,190,48,5,-0.0159,6.329,7.3834,-0.0242,-0.1954,-0.0295
2,latency,ALL_CONDITIONS,HRSD_17.1,HRSD17,cross-corpus-882,RobustScaler,SVR,190,48,5,0.059,6.1724,7.5178,0.069,-0.2393,0.0992
2,latency,ALL_CONDITIONS,HRSD_17.1,HRSD17,cross-corpus-882,RobustScaler,KNN,190,48,5,0.1235,5.8792,7.3767,0.146,-0.1932,0.1442
2,latency,ALL_CONDITIONS,HRSD_17.1,HRSD17,cross-corpus-882,RobustScaler,RF,190,48,5,0.0109,5.9531,7.2379,0.0181,-0.1487,0.0111
2,latency,ALL_CONDITIONS,HRSD_17.1,HRSD17,cross-corpus-882,RobustScaler,ET,190,48,5,0.0462,5.9959,7.4122,0.0598,-0.2047,0.0456
2,latency,ALL_CONDITIONS,HRSD_17.1,HRSD17,cross-corpus-882,RobustScaler,GB,190,48,5,-0.0166,6.4129,7.8888,-0.0209,-0.3646,-0.009
2,latency,ALL_CONDITIONS,HRSD_17.1,HRSD17,cross-corpus-882,RobustScaler,XGB,190,48,5,-0.0505,6.4188,7.8236,-0.0662,-0.3422,-0.0815
2,latency,ALL_CONDITIONS,HRSD_17.1,HRSD17,cross-corpus-882,RobustScaler,MLP,190,48,5,0.0296,6.3335,7.5542,0.0372,-0.2513,0.0908
2,latency,ALL_CONDITIONS,HRSD_17.1,HRSD17,cross-corpus-882,RobustScaler,LGBM,190,48,5,-0.0396,6.4987,7.9734,-0.0485,-0.3941,-0.0244
2,latency,ALL_CONDITIONS,HRSD_17.1,HRSD17,cross-corpus-882,RobustScaler,CatBoost,190,48,5,-0.0246,6.2533,7.5452,-0.0351,-0.2484,-0.0527
3,latency,ALL_CONDITIONS,HRSD_17.1,HRSD17,cross-corpus-882,StandardScaler,Ridge,190,48,10,0.0866,5.9406,6.8102,0.1267,-0.0883,0.0611
3,latency,ALL_CONDITIONS,HRSD_17.1,HRSD17,cross-corpus-882,StandardScaler,Lasso,190,48,10,0.1087,6.2448,7.1692,0.1285,-0.2061,0.0654
3,latency,ALL_CONDITIONS,HRSD_17.1,HRSD17,cross-corpus-882,StandardScaler,ElasticNet,190,48,10,0.0662,5.7638,6.664,0.1228,-0.0421,0.0506
3,latency,ALL_CONDITIONS,HRSD_17.1,HRSD17,cross-corpus-882,StandardScaler,SVR,190,48,10,-0.0564,5.8464,7.0754,-0.0953,-0.1748,-0.1051
3,latency,ALL_CONDITIONS,HRSD_17.1,HRSD17,cross-corpus-882,StandardScaler,KNN,190,48,10,-0.0464,6.3958,7.5421,-0.0582,-0.3349,-0.086
3,latency,ALL_CONDITIONS,HRSD_17.1,HRSD17,cross-corpus-882,StandardScaler,RF,190,48,10,-0.0189,6.5015,7.4701,-0.0253,-0.3095,-0.0374
3,latency,ALL_CONDITIONS,HRSD_17.1,HRSD17,cross-corpus-882,StandardScaler,ET,190,48,10,-0.131,6.801,7.9728,-0.1587,-0.4917,-0.1354
3,latency,ALL_CONDITIONS,HRSD_17.1,HRSD17,cross-corpus-882,StandardScaler,GB,190,48,10,0.0629,6.2454,7.3922,0.0736,-0.2823,0.0541
3,latency,ALL_CONDITIONS,HRSD_17.1,HRSD17,cross-corpus-882,StandardScaler,XGB,190,48,10,0.067,6.1339,7.3487,0.0802,-0.2673,0.0618
3,latency,ALL_CONDITIONS,HRSD_17.1,HRSD17,cross-corpus-882,StandardScaler,MLP,190,48,10,0.1523,6.1766,7.2873,0.1651,-0.2462,0.0999
3,latency,ALL_CONDITIONS,HRSD_17.1,HRSD17,cross-corpus-882,StandardScaler,LGBM,190,48,10,0.0589,6.2982,7.4728,0.0698,-0.3104,0.068
3,latency,ALL_CONDITIONS,HRSD_17.1,HRSD17,cross-corpus-882,StandardScaler,CatBoost,190,48,10,-0.0608,6.7009,7.8289,-0.0721,-0.4383,-0.0844
3,latency,ALL_CONDITIONS,HRSD_17.1,HRSD17,cross-corpus-882,MinMaxScaler,Ridge,190,48,15,0.1261,6.1283,7.0955,0.1472,-0.1814,0.0753
3,latency,ALL_CONDITIONS,HRSD_17.1,HRSD17,cross-corpus-882,MinMaxScaler,Lasso,190,48,15,0.0776,5.945,6.8982,0.1082,-0.1167,0.0608
3,latency,ALL_CONDITIONS,HRSD_17.1,HRSD17,cross-corpus-882,MinMaxScaler,ElasticNet,190,48,15,0.1178,6.0984,7.0689,0.1403,-0.1726,0.0759
3,latency,ALL_CONDITIONS,HRSD_17.1,HRSD17,cross-corpus-882,MinMaxScaler,SVR,190,48,15,0.0646,5.8252,6.9344,0.0865,-0.1284,0.0584
3,latency,ALL_CONDITIONS,HRSD_17.1,HRSD17,cross-corpus-882,MinMaxScaler,KNN,190,48,15,0.0791,6.5278,8.1842,0.0815,-0.5718,0.0738
3,latency,ALL_CONDITIONS,HRSD_17.1,HRSD17,cross-corpus-882,MinMaxScaler,RF,190,48,15,-0.0168,6.29,7.3272,-0.0236,-0.2598,-0.0335
3,latency,ALL_CONDITIONS,HRSD_17.1,HRSD17,cross-corpus-882,MinMaxScaler,ET,190,48,15,-0.0356,6.3303,7.4702,-0.0459,-0.3095,-0.0276
3,latency,ALL_CONDITIONS,HRSD_17.1,HRSD17,cross-corpus-882,MinMaxScaler,GB,190,48,15,0.0412,6.4649,7.7566,0.0459,-0.4118,0.0195
3,latency,ALL_CONDITIONS,HRSD_17.1,HRSD17,cross-corpus-882,MinMaxScaler,XGB,190,48,15,0.0701,6.1957,7.4424,0.0812,-0.2998,0.0854
3,latency,ALL_CONDITIONS,HRSD_17.1,HRSD17,cross-corpus-882,MinMaxScaler,MLP,190,48,15,-0.011,5.8201,6.8783,-0.0197,-0.1102,-0.0305
3,latency,ALL_CONDITIONS,HRSD_17.1,HRSD17,cross-corpus-882,MinMaxScaler,LGBM,190,48,15,0.0143,6.42,7.7561,0.0161,-0.4117,0.0255
3,latency,ALL_CONDITIONS,HRSD_17.1,HRSD17,cross-corpus-882,MinMaxScaler,CatBoost,190,48,15,-0.0031,6.5047,7.6242,-0.0036,-0.3641,-0.0502
3,latency,ALL_CONDITIONS,HRSD_17.1,HRSD17,cross-corpus-882,RobustScaler,Ridge,190,48,5,0.0376,5.9761,7.0892,0.0508,-0.1793,0.0256
3,latency,ALL_CONDITIONS,HRSD_17.1,HRSD17,cross-corpus-882,RobustScaler,Lasso,190,48,5,0.0345,5.9908,7.1128,0.0462,-0.1872,0.0262
3,latency,ALL_CONDITIONS,HRSD_17.1,HRSD17,cross-corpus-882,RobustScaler,ElasticNet,190,48,5,0.0403,5.9569,7.0619,0.0549,-0.1703,0.0321
3,latency,ALL_CONDITIONS,HRSD_17.1,HRSD17,cross-corpus-882,RobustScaler,SVR,190,48,5,0.0321,5.6466,6.7305,0.0563,-0.063,0.0153
3,latency,ALL_CONDITIONS,HRSD_17.1,HRSD17,cross-corpus-882,RobustScaler,KNN,190,48,5,-0.0182,6.3542,7.5643,-0.0216,-0.3427,-0.021
3,latency,ALL_CONDITIONS,HRSD_17.1,HRSD17,cross-corpus-882,RobustScaler,RF,190,48,5,-0.055,5.9532,7.1858,-0.0913,-0.2117,-0.1279
3,latency,ALL_CONDITIONS,HRSD_17.1,HRSD17,cross-corpus-882,RobustScaler,ET,190,48,5,-0.1242,6.3895,7.7608,-0.161,-0.4134,-0.1342
3,latency,ALL_CONDITIONS,HRSD_17.1,HRSD17,cross-corpus-882,RobustScaler,GB,190,48,5,0.088,6.1521,7.33,0.1022,-0.2608,0.0731
3,latency,ALL_CONDITIONS,HRSD_17.1,HRSD17,cross-corpus-882,RobustScaler,XGB,190,48,5,0.0433,6.0,7.1887,0.0545,-0.2127,0.0622
3,latency,ALL_CONDITIONS,HRSD_17.1,HRSD17,cross-corpus-882,RobustScaler,MLP,190,48,5,0.0745,5.9526,7.0741,0.0925,-0.1743,0.0252
3,latency,ALL_CONDITIONS,HRSD_17.1,HRSD17,cross-corpus-882,RobustScaler,LGBM,190,48,5,-0.0013,6.0876,7.425,-0.0017,-0.2937,-0.0266
3,latency,ALL_CONDITIONS,HRSD_17.1,HRSD17,cross-corpus-882,RobustScaler,CatBoost,190,48,5,-0.0576,6.2316,7.3794,-0.0809,-0.2779,-0.1034
4,latency,ALL_CONDITIONS,HRSD_17.1,HRSD17,cross-corpus-882,StandardScaler,Ridge,191,47,10,-0.0736,7.4834,8.5504,-0.1364,-0.1691,-0.1677
4,latency,ALL_CONDITIONS,HRSD_17.1,HRSD17,cross-corpus-882,StandardScaler,Lasso,191,47,10,-0.0563,7.2446,8.2626,-0.1675,-0.0918,-0.2173
4,latency,ALL_CONDITIONS,HRSD_17.1,HRSD17,cross-corpus-882,StandardScaler,ElasticNet,191,47,10,-0.0626,7.3504,8.3881,-0.1404,-0.1252,-0.1799
4,latency,ALL_CONDITIONS,HRSD_17.1,HRSD17,cross-corpus-882,StandardScaler,SVR,191,47,10,-0.0132,7.273,8.3732,-0.0267,-0.1212,-0.0072
4,latency,ALL_CONDITIONS,HRSD_17.1,HRSD17,cross-corpus-882,StandardScaler,KNN,191,47,10,-0.0493,7.7021,9.0046,-0.0634,-0.2967,-0.0484
4,latency,ALL_CONDITIONS,HRSD_17.1,HRSD17,cross-corpus-882,StandardScaler,RF,191,47,10,-0.0468,7.5161,8.6785,-0.0697,-0.2045,-0.0563
4,latency,ALL_CONDITIONS,HRSD_17.1,HRSD17,cross-corpus-882,StandardScaler,ET,191,47,10,0.028,7.3067,8.5334,0.0379,-0.1645,0.0992
4,latency,ALL_CONDITIONS,HRSD_17.1,HRSD17,cross-corpus-882,StandardScaler,GB,191,47,10,-0.06,7.7316,9.0717,-0.0759,-0.3161,-0.1474
4,latency,ALL_CONDITIONS,HRSD_17.1,HRSD17,cross-corpus-882,StandardScaler,XGB,191,47,10,0.003,7.4794,8.7542,0.0039,-0.2256,0.0111
4,latency,ALL_CONDITIONS,HRSD_17.1,HRSD17,cross-corpus-882,StandardScaler,MLP,191,47,10,0.0197,7.3523,8.4773,0.0302,-0.1493,0.0431
4,latency,ALL_CONDITIONS,HRSD_17.1,HRSD17,cross-corpus-882,StandardScaler,LGBM,191,47,10,-0.0321,7.4729,8.8232,-0.0426,-0.245,-0.0441
4,latency,ALL_CONDITIONS,HRSD_17.1,HRSD17,cross-corpus-882,StandardScaler,CatBoost,191,47,10,0.0564,7.1435,8.2629,0.0834,-0.0919,0.1058
4,latency,ALL_CONDITIONS,HRSD_17.1,HRSD17,cross-corpus-882,MinMaxScaler,Ridge,191,47,10,-0.0454,7.3132,8.3973,-0.0893,-0.1277,-0.0878
4,latency,ALL_CONDITIONS,HRSD_17.1,HRSD17,cross-corpus-882,MinMaxScaler,Lasso,191,47,10,-0.0511,7.3642,8.4822,-0.0919,-0.1506,-0.1569
4,latency,ALL_CONDITIONS,HRSD_17.1,HRSD17,cross-corpus-882,MinMaxScaler,ElasticNet,191,47,10,-0.0553,7.3132,8.3928,-0.117,-0.1265,-0.1091
4,latency,ALL_CONDITIONS,HRSD_17.1,HRSD17,cross-corpus-882,MinMaxScaler,SVR,191,47,10,0.11,7.0807,8.2222,0.1535,-0.0811,0.1594
4,latency,ALL_CONDITIONS,HRSD_17.1,HRSD17,cross-corpus-882,MinMaxScaler,KNN,191,47,10,0.0502,7.305,8.5012,0.0659,-0.1557,0.0333
4,latency,ALL_CONDITIONS,HRSD_17.1,HRSD17,cross-corpus-882,MinMaxScaler,RF,191,47,10,0.0689,7.0914,8.1008,0.1091,-0.0494,0.16
4,latency,ALL_CONDITIONS,HRSD_17.1,HRSD17,cross-corpus-882,MinMaxScaler,ET,191,47,10,0.1218,6.9284,7.8999,0.1888,0.002,0.2171
4,latency,ALL_CONDITIONS,HRSD_17.1,HRSD17,cross-corpus-882,MinMaxScaler,GB,191,47,10,0.0933,7.3797,8.5379,0.1124,-0.1658,0.1768
4,latency,ALL_CONDITIONS,HRSD_17.1,HRSD17,cross-corpus-882,MinMaxScaler,XGB,191,47,10,0.1221,7.1005,8.3432,0.1496,-0.1132,0.1924
4,latency,ALL_CONDITIONS,HRSD_17.1,HRSD17,cross-corpus-882,MinMaxScaler,MLP,191,47,10,0.1869,6.8182,7.8883,0.2448,0.0049,0.2368
4,latency,ALL_CONDITIONS,HRSD_17.1,HRSD17,cross-corpus-882,MinMaxScaler,LGBM,191,47,10,0.1589,6.807,8.1613,0.1958,-0.0652,0.2205
4,latency,ALL_CONDITIONS,HRSD_17.1,HRSD17,cross-corpus-882,MinMaxScaler,CatBoost,191,47,10,0.1679,6.8209,7.9296,0.2244,-0.0056,0.2237
4,latency,ALL_CONDITIONS,HRSD_17.1,HRSD17,cross-corpus-882,RobustScaler,Ridge,191,47,15,-0.0247,7.3098,8.4545,-0.0417,-0.1431,-0.0162
4,latency,ALL_CONDITIONS,HRSD_17.1,HRSD17,cross-corpus-882,RobustScaler,Lasso,191,47,15,0.1003,7.2539,8.6312,0.1178,-0.1914,0.0797
4,latency,ALL_CONDITIONS,HRSD_17.1,HRSD17,cross-corpus-882,RobustScaler,ElasticNet,191,47,15,-0.0208,7.1872,8.3028,-0.0415,-0.1024,0.0038
4,latency,ALL_CONDITIONS,HRSD_17.1,HRSD17,cross-corpus-882,RobustScaler,SVR,191,47,15,0.0483,7.017,7.9884,0.1108,-0.0205,0.0769
4,latency,ALL_CONDITIONS,HRSD_17.1,HRSD17,cross-corpus-882,RobustScaler,KNN,191,47,15,0.0642,7.1844,8.3087,0.0907,-0.104,0.0865
4,latency,ALL_CONDITIONS,HRSD_17.1,HRSD17,cross-corpus-882,RobustScaler,RF,191,47,15,0.0196,7.3394,8.3372,0.0305,-0.1116,0.0439
4,latency,ALL_CONDITIONS,HRSD_17.1,HRSD17,cross-corpus-882,RobustScaler,ET,191,47,15,0.0157,7.2988,8.2561,0.0271,-0.0901,0.0525
4,latency,ALL_CONDITIONS,HRSD_17.1,HRSD17,cross-corpus-882,RobustScaler,GB,191,47,15,-0.0017,7.5978,8.864,-0.0021,-0.2565,0.029
4,latency,ALL_CONDITIONS,HRSD_17.1,HRSD17,cross-corpus-882,RobustScaler,XGB,191,47,15,0.0141,7.5544,8.8257,0.0176,-0.2457,0.0518
4,latency,ALL_CONDITIONS,HRSD_17.1,HRSD17,cross-corpus-882,RobustScaler,MLP,191,47,15,0.0753,7.1651,8.6028,0.0941,-0.1835,0.0749
4,latency,ALL_CONDITIONS,HRSD_17.1,HRSD17,cross-corpus-882,RobustScaler,LGBM,191,47,15,0.0742,7.308,8.5014,0.0934,-0.1558,0.1286
4,latency,ALL_CONDITIONS,HRSD_17.1,HRSD17,cross-corpus-882,RobustScaler,CatBoost,191,47,15,0.0949,7.0006,8.0213,0.1493,-0.0289,0.1511
5,latency,ALL_CONDITIONS,HRSD_17.1,HRSD17,cross-corpus-882,StandardScaler,Ridge,191,47,5,-0.0025,6.2168,7.8248,-0.0073,-0.0831,0.0148
5,latency,ALL_CONDITIONS,HRSD_17.1,HRSD17,cross-corpus-882,StandardScaler,Lasso,191,47,5,-0.0053,6.2121,7.76,-0.0239,-0.0652,-0.0225
5,latency,ALL_CONDITIONS,HRSD_17.1,HRSD17,cross-corpus-882,StandardScaler,ElasticNet,191,47,5,0.0015,6.2118,7.7438,0.006,-0.0608,0.0186
5,latency,ALL_CONDITIONS,HRSD_17.1,HRSD17,cross-corpus-882,StandardScaler,SVR,191,47,5,0.0288,6.486,8.0976,0.0684,-0.16,0.0626
5,latency,ALL_CONDITIONS,HRSD_17.1,HRSD17,cross-corpus-882,StandardScaler,KNN,191,47,5,0.0158,6.7116,8.3915,0.0242,-0.2457,0.0527
5,latency,ALL_CONDITIONS,HRSD_17.1,HRSD17,cross-corpus-882,StandardScaler,RF,191,47,5,0.0313,6.5426,8.1243,0.0577,-0.1676,0.0613
5,latency,ALL_CONDITIONS,HRSD_17.1,HRSD17,cross-corpus-882,StandardScaler,ET,191,47,5,0.086,6.7253,8.255,0.1246,-0.2055,0.1308
5,latency,ALL_CONDITIONS,HRSD_17.1,HRSD17,cross-corpus-882,StandardScaler,GB,191,47,5,0.0976,6.6903,8.3698,0.1405,-0.2392,0.0431
5,latency,ALL_CONDITIONS,HRSD_17.1,HRSD17,cross-corpus-882,StandardScaler,XGB,191,47,5,0.041,6.9897,8.5359,0.0613,-0.2889,0.0106
5,latency,ALL_CONDITIONS,HRSD_17.1,HRSD17,cross-corpus-882,StandardScaler,MLP,191,47,5,0.077,6.3322,7.9691,0.125,-0.1234,0.1364
5,latency,ALL_CONDITIONS,HRSD_17.1,HRSD17,cross-corpus-882,StandardScaler,LGBM,191,47,5,-0.0118,6.7646,8.5132,-0.0186,-0.2821,-0.0216
5,latency,ALL_CONDITIONS,HRSD_17.1,HRSD17,cross-corpus-882,StandardScaler,CatBoost,191,47,5,0.0609,6.6198,8.1556,0.1103,-0.1766,0.09
5,latency,ALL_CONDITIONS,HRSD_17.1,HRSD17,cross-corpus-882,MinMaxScaler,Ridge,191,47,10,0.0504,6.1926,7.6502,0.141,-0.0353,0.0953
5,latency,ALL_CONDITIONS,HRSD_17.1,HRSD17,cross-corpus-882,MinMaxScaler,Lasso,191,47,10,0.041,6.2062,7.6853,0.115,-0.0449,0.0359
5,latency,ALL_CONDITIONS,HRSD_17.1,HRSD17,cross-corpus-882,MinMaxScaler,ElasticNet,191,47,10,0.0403,6.2047,7.6632,0.1233,-0.0389,0.0537
5,latency,ALL_CONDITIONS,HRSD_17.1,HRSD17,cross-corpus-882,MinMaxScaler,SVR,191,47,10,0.0612,6.3834,7.9011,0.1681,-0.1043,0.0287
5,latency,ALL_CONDITIONS,HRSD_17.1,HRSD17,cross-corpus-882,MinMaxScaler,KNN,191,47,10,0.2,6.1986,7.8421,0.2571,-0.0879,0.1912
5,latency,ALL_CONDITIONS,HRSD_17.1,HRSD17,cross-corpus-882,MinMaxScaler,RF,191,47,10,0.0543,6.4048,8.0156,0.0947,-0.1366,0.0394
5,latency,ALL_CONDITIONS,HRSD_17.1,HRSD17,cross-corpus-882,MinMaxScaler,ET,191,47,10,0.0948,6.4313,7.9545,0.1728,-0.1193,0.0702
5,latency,ALL_CONDITIONS,HRSD_17.1,HRSD17,cross-corpus-882,MinMaxScaler,GB,191,47,10,0.0917,6.7436,8.2142,0.1361,-0.1936,0.1446
5,latency,ALL_CONDITIONS,HRSD_17.1,HRSD17,cross-corpus-882,MinMaxScaler,XGB,191,47,10,0.0787,6.8643,8.2974,0.1081,-0.2179,0.1088
5,latency,ALL_CONDITIONS,HRSD_17.1,HRSD17,cross-corpus-882,MinMaxScaler,MLP,191,47,10,0.0283,6.2009,7.8031,0.0694,-0.0771,0.0656
5,latency,ALL_CONDITIONS,HRSD_17.1,HRSD17,cross-corpus-882,MinMaxScaler,LGBM,191,47,10,0.0684,6.5363,8.1314,0.1026,-0.1697,0.096
5,latency,ALL_CONDITIONS,HRSD_17.1,HRSD17,cross-corpus-882,MinMaxScaler,CatBoost,191,47,10,0.0649,6.5197,8.0137,0.1276,-0.1361,0.0043
5,latency,ALL_CONDITIONS,HRSD_17.1,HRSD17,cross-corpus-882,RobustScaler,Ridge,191,47,5,0.0479,6.299,7.7432,0.1163,-0.0607,0.0892
5,latency,ALL_CONDITIONS,HRSD_17.1,HRSD17,cross-corpus-882,RobustScaler,Lasso,191,47,5,0.0402,6.3193,7.7812,0.0978,-0.0711,0.067
5,latency,ALL_CONDITIONS,HRSD_17.1,HRSD17,cross-corpus-882,RobustScaler,ElasticNet,191,47,5,0.0315,6.3031,7.7845,0.082,-0.072,0.0568
5,latency,ALL_CONDITIONS,HRSD_17.1,HRSD17,cross-corpus-882,RobustScaler,SVR,191,47,5,0.058,6.5358,8.082,0.1517,-0.1555,0.0855
5,latency,ALL_CONDITIONS,HRSD_17.1,HRSD17,cross-corpus-882,RobustScaler,KNN,191,47,5,0.1234,6.3712,7.8457,0.2347,-0.0889,0.1518
5,latency,ALL_CONDITIONS,HRSD_17.1,HRSD17,cross-corpus-882,RobustScaler,RF,191,47,5,0.1726,6.1142,7.5541,0.3244,-0.0095,0.2258
5,latency,ALL_CONDITIONS,HRSD_17.1,HRSD17,cross-corpus-882,RobustScaler,ET,191,47,5,0.1836,6.1772,7.6785,0.3016,-0.043,0.2069
5,latency,ALL_CONDITIONS,HRSD_17.1,HRSD17,cross-corpus-882,RobustScaler,GB,191,47,5,0.2595,5.7819,7.3419,0.4032,0.0464,0.3808
5,latency,ALL_CONDITIONS,HRSD_17.1,HRSD17,cross-corpus-882,RobustScaler,XGB,191,47,5,0.2382,6.0321,7.4571,0.362,0.0163,0.2481
5,latency,ALL_CONDITIONS,HRSD_17.1,HRSD17,cross-corpus-882,RobustScaler,MLP,191,47,5,0.1401,6.1755,7.5532,0.2633,-0.0092,0.1991
5,latency,ALL_CONDITIONS,HRSD_17.1,HRSD17,cross-corpus-882,RobustScaler,LGBM,191,47,5,0.0966,6.4405,7.9306,0.1597,-0.1126,0.105
5,latency,ALL_CONDITIONS,HRSD_17.1,HRSD17,cross-corpus-882,RobustScaler,CatBoost,191,47,5,0.1634,6.2719,7.6152,0.3021,-0.0259,0.1103
1,latency,ALL_CONDITIONS,HRSD_21.1,HRSD21,cross-corpus-882,StandardScaler,Ridge,190,48,10,0.0425,7.7196,9.8321,0.0869,-0.0233,0.1111
1,latency,ALL_CONDITIONS,HRSD_21.1,HRSD21,cross-corpus-882,StandardScaler,Lasso,190,48,10,0.0704,7.7494,9.9513,0.1112,-0.0483,0.1383
1,latency,ALL_CONDITIONS,HRSD_21.1,HRSD21,cross-corpus-882,StandardScaler,ElasticNet,190,48,10,0.0309,7.7794,9.7719,0.0784,-0.0109,0.1039
1,latency,ALL_CONDITIONS,HRSD_21.1,HRSD21,cross-corpus-882,StandardScaler,SVR,190,48,10,0.0551,8.1611,10.6174,0.0684,-0.1933,0.0349
1,latency,ALL_CONDITIONS,HRSD_21.1,HRSD21,cross-corpus-882,StandardScaler,KNN,190,48,10,0.1488,7.5648,10.0676,0.1842,-0.073,0.1884
1,latency,ALL_CONDITIONS,HRSD_21.1,HRSD21,cross-corpus-882,StandardScaler,RF,190,48,10,-0.0718,8.2965,10.7063,-0.1119,-0.2134,-0.0707
1,latency,ALL_CONDITIONS,HRSD_21.1,HRSD21,cross-corpus-882,StandardScaler,ET,190,48,10,-0.0163,8.1729,10.7698,-0.0217,-0.2278,0.0149
1,latency,ALL_CONDITIONS,HRSD_21.1,HRSD21,cross-corpus-882,StandardScaler,GB,190,48,10,-0.0032,8.068,10.4167,-0.0048,-0.1487,0.0531
1,latency,ALL_CONDITIONS,HRSD_21.1,HRSD21,cross-corpus-882,StandardScaler,XGB,190,48,10,0.0078,8.0287,10.4224,0.0115,-0.1499,0.0774
1,latency,ALL_CONDITIONS,HRSD_21.1,HRSD21,cross-corpus-882,StandardScaler,MLP,190,48,10,0.0571,7.864,10.2889,0.0781,-0.1206,0.0264
1,latency,ALL_CONDITIONS,HRSD_21.1,HRSD21,cross-corpus-882,StandardScaler,LGBM,190,48,10,-0.0319,8.2623,10.55,-0.0484,-0.1782,-0.0409
1,latency,ALL_CONDITIONS,HRSD_21.1,HRSD21,cross-corpus-882,StandardScaler,CatBoost,190,48,10,0.0502,7.7617,9.958,0.0857,-0.0497,0.1016
1,latency,ALL_CONDITIONS,HRSD_21.1,HRSD21,cross-corpus-882,MinMaxScaler,Ridge,190,48,10,0.0677,7.7391,9.8844,0.1139,-0.0343,0.1693
1,latency,ALL_CONDITIONS,HRSD_21.1,HRSD21,cross-corpus-882,MinMaxScaler,Lasso,190,48,10,0.069,7.8337,9.97,0.1081,-0.0522,0.1639
1,latency,ALL_CONDITIONS,HRSD_21.1,HRSD21,cross-corpus-882,MinMaxScaler,ElasticNet,190,48,10,0.0634,7.7057,9.8647,0.1108,-0.0301,0.1491
1,latency,ALL_CONDITIONS,HRSD_21.1,HRSD21,cross-corpus-882,MinMaxScaler,SVR,190,48,10,0.106,7.5804,9.8204,0.1655,-0.0209,0.1475
1,latency,ALL_CONDITIONS,HRSD_21.1,HRSD21,cross-corpus-882,MinMaxScaler,KNN,190,48,10,0.1223,7.6343,10.0042,0.1632,-0.0595,0.1502
1,latency,ALL_CONDITIONS,HRSD_21.1,HRSD21,cross-corpus-882,MinMaxScaler,RF,190,48,10,0.051,7.8446,9.9704,0.0859,-0.0523,0.1495
1,latency,ALL_CONDITIONS,HRSD_21.1,HRSD21,cross-corpus-882,MinMaxScaler,ET,190,48,10,0.0641,7.9483,10.1849,0.0913,-0.0981,0.0815
1,latency,ALL_CONDITIONS,HRSD_21.1,HRSD21,cross-corpus-882,MinMaxScaler,GB,190,48,10,0.04,8.3439,10.4515,0.0533,-0.1563,0.103
1,latency,ALL_CONDITIONS,HRSD_21.1,HRSD21,cross-corpus-882,MinMaxScaler,XGB,190,48,10,0.0621,8.2752,10.3307,0.0833,-0.1298,0.1437
1,latency,ALL_CONDITIONS,HRSD_21.1,HRSD21,cross-corpus-882,MinMaxScaler,MLP,190,48,10,0.0308,7.7783,9.8771,0.0656,-0.0327,0.1381
1,latency,ALL_CONDITIONS,HRSD_21.1,HRSD21,cross-corpus-882,MinMaxScaler,LGBM,190,48,10,0.063,7.9686,10.1292,0.0933,-0.0861,0.0858
1,latency,ALL_CONDITIONS,HRSD_21.1,HRSD21,cross-corpus-882,MinMaxScaler,CatBoost,190,48,10,0.0962,7.6906,9.8197,0.1516,-0.0208,0.2041
1,latency,ALL_CONDITIONS,HRSD_21.1,HRSD21,cross-corpus-882,RobustScaler,Ridge,190,48,10,0.0618,7.7245,9.8272,0.1128,-0.0223,0.1327
1,latency,ALL_CONDITIONS,HRSD_21.1,HRSD21,cross-corpus-882,RobustScaler,Lasso,190,48,10,0.0586,7.7641,9.8326,0.1083,-0.0235,0.1152
1,latency,ALL_CONDITIONS,HRSD_21.1,HRSD21,cross-corpus-882,RobustScaler,ElasticNet,190,48,10,0.06,7.729,9.7632,0.1192,-0.0091,0.1342
1,latency,ALL_CONDITIONS,HRSD_21.1,HRSD21,cross-corpus-882,RobustScaler,SVR,190,48,10,0.0378,7.6689,9.7959,0.0954,-0.0158,0.0528
1,latency,ALL_CONDITIONS,HRSD_21.1,HRSD21,cross-corpus-882,RobustScaler,KNN,190,48,10,-0.0301,8.5119,10.7798,-0.0408,-0.2301,-0.046
1,latency,ALL_CONDITIONS,HRSD_21.1,HRSD21,cross-corpus-882,RobustScaler,RF,190,48,10,0.0713,7.6407,9.7887,0.1289,-0.0143,0.1181
1,latency,ALL_CONDITIONS,HRSD_21.1,HRSD21,cross-corpus-882,RobustScaler,ET,190,48,10,0.1349,8.5407,10.6255,0.1513,-0.1952,0.1515
1,latency,ALL_CONDITIONS,HRSD_21.1,HRSD21,cross-corpus-882,RobustScaler,GB,190,48,10,0.0253,8.0186,10.1936,0.0399,-0.1,0.0755
1,latency,ALL_CONDITIONS,HRSD_21.1,HRSD21,cross-corpus-882,RobustScaler,XGB,190,48,10,-0.021,8.1729,10.4147,-0.0338,-0.1482,0.0035
1,latency,ALL_CONDITIONS,HRSD_21.1,HRSD21,cross-corpus-882,RobustScaler,MLP,190,48,10,0.0503,7.9905,10.166,0.075,-0.094,0.1098
1,latency,ALL_CONDITIONS,HRSD_21.1,HRSD21,cross-corpus-882,RobustScaler,LGBM,190,48,10,0.028,8.2865,10.2717,0.0421,-0.1169,0.0417
1,latency,ALL_CONDITIONS,HRSD_21.1,HRSD21,cross-corpus-882,RobustScaler,CatBoost,190,48,10,0.0691,7.6841,9.8708,0.1171,-0.0314,0.088
2,latency,ALL_CONDITIONS,HRSD_21.1,HRSD21,cross-corpus-882,StandardScaler,Ridge,190,48,10,0.0082,6.9188,8.1693,0.0149,-0.1349,-0.0581
2,latency,ALL_CONDITIONS,HRSD_21.1,HRSD21,cross-corpus-882,StandardScaler,Lasso,190,48,10,0.0061,6.7756,7.9595,0.0245,-0.0773,-0.0483
2,latency,ALL_CONDITIONS,HRSD_21.1,HRSD21,cross-corpus-882,StandardScaler,ElasticNet,190,48,10,0.0106,6.7805,8.0297,0.0255,-0.0964,-0.044
2,latency,ALL_CONDITIONS,HRSD_21.1,HRSD21,cross-corpus-882,StandardScaler,SVR,190,48,10,0.113,7.4251,9.027,0.1188,-0.3857,0.1148
2,latency,ALL_CONDITIONS,HRSD_21.1,HRSD21,cross-corpus-882,StandardScaler,KNN,190,48,10,0.0188,7.2546,8.5927,0.027,-0.2556,0.0333
2,latency,ALL_CONDITIONS,HRSD_21.1,HRSD21,cross-corpus-882,StandardScaler,RF,190,48,10,0.0648,6.768,8.5034,0.0851,-0.2296,0.0637
2,latency,ALL_CONDITIONS,HRSD_21.1,HRSD21,cross-corpus-882,StandardScaler,ET,190,48,10,0.0912,6.6836,8.3889,0.1191,-0.1967,0.081
2,latency,ALL_CONDITIONS,HRSD_21.1,HRSD21,cross-corpus-882,StandardScaler,GB,190,48,10,0.0385,6.9041,8.884,0.0476,-0.3421,0.0121
2,latency,ALL_CONDITIONS,HRSD_21.1,HRSD21,cross-corpus-882,StandardScaler,XGB,190,48,10,0.0105,7.485,9.6124,0.0115,-0.5712,0.0444
2,latency,ALL_CONDITIONS,HRSD_21.1,HRSD21,cross-corpus-882,StandardScaler,MLP,190,48,10,0.0392,7.4204,9.1421,0.0447,-0.4213,0.0507
2,latency,ALL_CONDITIONS,HRSD_21.1,HRSD21,cross-corpus-882,StandardScaler,LGBM,190,48,10,0.0352,7.7152,9.8685,0.0362,-0.6561,0.0531
2,latency,ALL_CONDITIONS,HRSD_21.1,HRSD21,cross-corpus-882,StandardScaler,CatBoost,190,48,10,0.0531,7.2617,9.0086,0.0618,-0.38,0.0118
2,latency,ALL_CONDITIONS,HRSD_21.1,HRSD21,cross-corpus-882,MinMaxScaler,Ridge,190,48,15,0.0062,7.1741,8.4601,0.0089,-0.2171,-0.0943
2,latency,ALL_CONDITIONS,HRSD_21.1,HRSD21,cross-corpus-882,MinMaxScaler,Lasso,190,48,15,0.0169,6.8927,8.1128,0.0358,-0.1193,-0.0478
2,latency,ALL_CONDITIONS,HRSD_21.1,HRSD21,cross-corpus-882,MinMaxScaler,ElasticNet,190,48,15,0.0061,7.164,8.4405,0.0089,-0.2115,-0.0978
2,latency,ALL_CONDITIONS,HRSD_21.1,HRSD21,cross-corpus-882,MinMaxScaler,SVR,190,48,15,0.0175,6.762,8.0918,0.0272,-0.1135,-0.0878
2,latency,ALL_CONDITIONS,HRSD_21.1,HRSD21,cross-corpus-882,MinMaxScaler,KNN,190,48,15,0.0789,6.9977,8.3918,0.1083,-0.1975,0.0877
2,latency,ALL_CONDITIONS,HRSD_21.1,HRSD21,cross-corpus-882,MinMaxScaler,RF,190,48,15,0.0453,6.9576,8.6254,0.0597,-0.2651,0.0786
2,latency,ALL_CONDITIONS,HRSD_21.1,HRSD21,cross-corpus-882,MinMaxScaler,ET,190,48,15,0.0855,6.815,8.4248,0.1141,-0.207,0.0719
2,latency,ALL_CONDITIONS,HRSD_21.1,HRSD21,cross-corpus-882,MinMaxScaler,GB,190,48,15,0.0323,7.6157,9.5055,0.0358,-0.5365,0.082
2,latency,ALL_CONDITIONS,HRSD_21.1,HRSD21,cross-corpus-882,MinMaxScaler,XGB,190,48,15,0.0529,7.0447,8.8478,0.0633,-0.3312,0.0672
2,latency,ALL_CONDITIONS,HRSD_21.1,HRSD21,cross-corpus-882,MinMaxScaler,MLP,190,48,15,0.0225,7.0529,8.3225,0.0332,-0.1779,-0.0359
2,latency,ALL_CONDITIONS,HRSD_21.1,HRSD21,cross-corpus-882,MinMaxScaler,LGBM,190,48,15,0.0958,6.9838,8.6075,0.1141,-0.2599,0.1217
2,latency,ALL_CONDITIONS,HRSD_21.1,HRSD21,cross-corpus-882,MinMaxScaler,CatBoost,190,48,15,0.1072,6.9321,8.6155,0.1273,-0.2623,0.0923
2,latency,ALL_CONDITIONS,HRSD_21.1,HRSD21,cross-corpus-882,RobustScaler,Ridge,190,48,15,0.0253,7.1876,8.5894,0.0323,-0.2546,-0.0436
2,latency,ALL_CONDITIONS,HRSD_21.1,HRSD21,cross-corpus-882,RobustScaler,Lasso,190,48,15,0.0,6.802,7.9219,,-0.0672,
2,latency,ALL_CONDITIONS,HRSD_21.1,HRSD21,cross-corpus-882,RobustScaler,ElasticNet,190,48,15,0.0097,6.9998,8.432,0.0137,-0.2091,-0.038
2,latency,ALL_CONDITIONS,HRSD_21.1,HRSD21,cross-corpus-882,RobustScaler,SVR,190,48,15,-0.0273,6.5091,7.8869,-0.0967,-0.0578,-0.1324
2,latency,ALL_CONDITIONS,HRSD_21.1,HRSD21,cross-corpus-882,RobustScaler,KNN,190,48,15,0.1309,6.5556,7.8593,0.2124,-0.0504,0.2236
2,latency,ALL_CONDITIONS,HRSD_21.1,HRSD21,cross-corpus-882,RobustScaler,RF,190,48,15,0.0547,6.7128,8.2792,0.0835,-0.1656,0.1101
2,latency,ALL_CONDITIONS,HRSD_21.1,HRSD21,cross-corpus-882,RobustScaler,ET,190,48,15,0.0828,6.584,8.2588,0.1129,-0.1599,0.0419
2,latency,ALL_CONDITIONS,HRSD_21.1,HRSD21,cross-corpus-882,RobustScaler,GB,190,48,15,0.0684,6.649,8.5468,0.0872,-0.2422,0.0245
2,latency,ALL_CONDITIONS,HRSD_21.1,HRSD21,cross-corpus-882,RobustScaler,XGB,190,48,15,0.0377,6.824,8.701,0.0479,-0.2874,0.0142
2,latency,ALL_CONDITIONS,HRSD_21.1,HRSD21,cross-corpus-882,RobustScaler,MLP,190,48,15,-0.0007,7.4545,8.8751,-0.0008,-0.3394,-0.0789
2,latency,ALL_CONDITIONS,HRSD_21.1,HRSD21,cross-corpus-882,RobustScaler,LGBM,190,48,15,0.0108,7.2558,8.9938,0.0129,-0.3755,0.0201
2,latency,ALL_CONDITIONS,HRSD_21.1,HRSD21,cross-corpus-882,RobustScaler,CatBoost,190,48,15,0.0196,6.9818,8.5464,0.0276,-0.2421,0.0559
3,latency,ALL_CONDITIONS,HRSD_21.1,HRSD21,cross-corpus-882,StandardScaler,Ridge,190,48,5,0.0889,6.5752,7.4516,0.1579,-0.0259,0.0986
3,latency,ALL_CONDITIONS,HRSD_21.1,HRSD21,cross-corpus-882,StandardScaler,Lasso,190,48,5,0.1196,6.8517,7.7257,0.1592,-0.1028,0.0926
3,latency,ALL_CONDITIONS,HRSD_21.1,HRSD21,cross-corpus-882,StandardScaler,ElasticNet,190,48,5,0.1177,6.8071,7.688,0.1602,-0.0921,0.0983
3,latency,ALL_CONDITIONS,HRSD_21.1,HRSD21,cross-corpus-882,StandardScaler,SVR,190,48,5,0.0251,6.4748,7.4702,0.0554,-0.031,0.0731
3,latency,ALL_CONDITIONS,HRSD_21.1,HRSD21,cross-corpus-882,StandardScaler,KNN,190,48,5,0.1264,6.8102,7.7052,0.1644,-0.0969,0.1553
3,latency,ALL_CONDITIONS,HRSD_21.1,HRSD21,cross-corpus-882,StandardScaler,RF,190,48,5,-0.0078,7.0162,8.118,-0.0113,-0.2176,-0.009
3,latency,ALL_CONDITIONS,HRSD_21.1,HRSD21,cross-corpus-882,StandardScaler,ET,190,48,5,-0.0094,7.2559,8.3388,-0.0119,-0.2847,0.0209
3,latency,ALL_CONDITIONS,HRSD_21.1,HRSD21,cross-corpus-882,StandardScaler,GB,190,48,5,0.0719,7.1292,8.2704,0.0838,-0.2638,0.1187
3,latency,ALL_CONDITIONS,HRSD_21.1,HRSD21,cross-corpus-882,StandardScaler,XGB,190,48,5,0.0518,7.1215,8.3578,0.0607,-0.2906,0.0939
3,latency,ALL_CONDITIONS,HRSD_21.1,HRSD21,cross-corpus-882,StandardScaler,MLP,190,48,5,0.2233,6.9057,7.8855,0.2424,-0.1489,0.0852
3,latency,ALL_CONDITIONS,HRSD_21.1,HRSD21,cross-corpus-882,StandardScaler,LGBM,190,48,5,0.0509,7.1281,8.5276,0.0607,-0.3436,0.066
3,latency,ALL_CONDITIONS,HRSD_21.1,HRSD21,cross-corpus-882,StandardScaler,CatBoost,190,48,5,0.0232,7.025,8.1326,0.0312,-0.222,0.0241
3,latency,ALL_CONDITIONS,HRSD_21.1,HRSD21,cross-corpus-882,MinMaxScaler,Ridge,190,48,10,0.0396,6.9876,8.0078,0.0511,-0.1848,0.0115
3,latency,ALL_CONDITIONS,HRSD_21.1,HRSD21,cross-corpus-882,MinMaxScaler,Lasso,190,48,10,0.056,7.0691,8.0946,0.0684,-0.2106,0.0287
3,latency,ALL_CONDITIONS,HRSD_21.1,HRSD21,cross-corpus-882,MinMaxScaler,ElasticNet,190,48,10,0.0385,6.9824,7.9959,0.0501,-0.1813,0.0141
3,latency,ALL_CONDITIONS,HRSD_21.1,HRSD21,cross-corpus-882,MinMaxScaler,SVR,190,48,10,-0.0177,6.692,7.9572,-0.0289,-0.1699,-0.0342
3,latency,ALL_CONDITIONS,HRSD_21.1,HRSD21,cross-corpus-882,MinMaxScaler,KNN,190,48,10,-0.101,7.6181,8.8626,-0.1206,-0.4512,-0.134
3,latency,ALL_CONDITIONS,HRSD_21.1,HRSD21,cross-corpus-882,MinMaxScaler,RF,190,48,10,-0.0432,7.1876,8.2663,-0.0598,-0.2625,-0.041
3,latency,ALL_CONDITIONS,HRSD_21.1,HRSD21,cross-corpus-882,MinMaxScaler,ET,190,48,10,-0.1249,7.4984,8.8614,-0.1505,-0.4508,-0.1343
3,latency,ALL_CONDITIONS,HRSD_21.1,HRSD21,cross-corpus-882,MinMaxScaler,GB,190,48,10,-0.1027,7.5734,8.8041,-0.1232,-0.4321,-0.0954
3,latency,ALL_CONDITIONS,HRSD_21.1,HRSD21,cross-corpus-882,MinMaxScaler,XGB,190,48,10,-0.0361,7.4434,8.6849,-0.0417,-0.3936,-0.0334
3,latency,ALL_CONDITIONS,HRSD_21.1,HRSD21,cross-corpus-882,MinMaxScaler,MLP,190,48,10,-0.0846,6.9327,8.0529,-0.1456,-0.1982,-0.1013
3,latency,ALL_CONDITIONS,HRSD_21.1,HRSD21,cross-corpus-882,MinMaxScaler,LGBM,190,48,10,0.01,7.4744,8.746,0.0113,-0.4133,0.003
3,latency,ALL_CONDITIONS,HRSD_21.1,HRSD21,cross-corpus-882,MinMaxScaler,CatBoost,190,48,10,-0.0436,7.4409,8.6949,-0.0514,-0.3968,-0.0449
3,latency,ALL_CONDITIONS,HRSD_21.1,HRSD21,cross-corpus-882,RobustScaler,Ridge,190,48,10,0.0863,7.0523,8.2588,0.0989,-0.2602,0.0406
3,latency,ALL_CONDITIONS,HRSD_21.1,HRSD21,cross-corpus-882,RobustScaler,Lasso,190,48,10,0.0798,7.0917,8.3187,0.0909,-0.2786,0.0294
3,latency,ALL_CONDITIONS,HRSD_21.1,HRSD21,cross-corpus-882,RobustScaler,ElasticNet,190,48,10,0.09,7.0166,8.2075,0.104,-0.2446,0.0512
3,latency,ALL_CONDITIONS,HRSD_21.1,HRSD21,cross-corpus-882,RobustScaler,SVR,190,48,10,-0.0017,6.4889,7.585,-0.0036,-0.063,0.021
3,latency,ALL_CONDITIONS,HRSD_21.1,HRSD21,cross-corpus-882,RobustScaler,KNN,190,48,10,0.0315,6.9398,8.0996,0.0429,-0.2121,0.0492
3,latency,ALL_CONDITIONS,HRSD_21.1,HRSD21,cross-corpus-882,RobustScaler,RF,190,48,10,-0.0443,7.0149,8.2812,-0.0616,-0.2671,-0.0354
3,latency,ALL_CONDITIONS,HRSD_21.1,HRSD21,cross-corpus-882,RobustScaler,ET,190,48,10,-0.0222,6.941,8.3737,-0.028,-0.2955,0.0206
3,latency,ALL_CONDITIONS,HRSD_21.1,HRSD21,cross-corpus-882,RobustScaler,GB,190,48,10,-0.0795,7.3856,8.6798,-0.0988,-0.392,-0.0999
3,latency,ALL_CONDITIONS,HRSD_21.1,HRSD21,cross-corpus-882,RobustScaler,XGB,190,48,10,-0.0567,7.2939,8.5617,-0.0705,-0.3544,-0.0872
3,latency,ALL_CONDITIONS,HRSD_21.1,HRSD21,cross-corpus-882,RobustScaler,MLP,190,48,10,0.1252,7.314,8.4937,0.1323,-0.3329,0.0281
3,latency,ALL_CONDITIONS,HRSD_21.1,HRSD21,cross-corpus-882,RobustScaler,LGBM,190,48,10,-0.0691,7.461,8.8274,-0.0842,-0.4397,-0.0722
3,latency,ALL_CONDITIONS,HRSD_21.1,HRSD21,cross-corpus-882,RobustScaler,CatBoost,190,48,10,-0.028,7.1074,8.2206,-0.0381,-0.2486,-0.0678
4,latency,ALL_CONDITIONS,HRSD_21.1,HRSD21,cross-corpus-882,StandardScaler,Ridge,191,47,5,0.0195,8.5817,9.6519,0.0313,-0.1304,0.0212
4,latency,ALL_CONDITIONS,HRSD_21.1,HRSD21,cross-corpus-882,StandardScaler,Lasso,191,47,5,0.0243,8.6123,9.6806,0.0379,-0.1371,0.0284
4,latency,ALL_CONDITIONS,HRSD_21.1,HRSD21,cross-corpus-882,StandardScaler,ElasticNet,191,47,5,0.0155,8.5587,9.6327,0.0257,-0.1259,0.0137
4,latency,ALL_CONDITIONS,HRSD_21.1,HRSD21,cross-corpus-882,StandardScaler,SVR,191,47,5,0.0014,8.3897,9.463,0.0038,-0.0866,0.0201
4,latency,ALL_CONDITIONS,HRSD_21.1,HRSD21,cross-corpus-882,StandardScaler,KNN,191,47,5,-0.009,8.4374,9.8969,-0.0148,-0.1885,0.0047
4,latency,ALL_CONDITIONS,HRSD_21.1,HRSD21,cross-corpus-882,StandardScaler,RF,191,47,5,-0.045,8.5163,9.7201,-0.0841,-0.1464,-0.0756
4,latency,ALL_CONDITIONS,HRSD_21.1,HRSD21,cross-corpus-882,StandardScaler,ET,191,47,5,0.0293,8.5052,9.8274,0.0431,-0.1718,0.0552
4,latency,ALL_CONDITIONS,HRSD_21.1,HRSD21,cross-corpus-882,StandardScaler,GB,191,47,5,0.0073,8.4545,9.6522,0.0115,-0.1304,0.0287
4,latency,ALL_CONDITIONS,HRSD_21.1,HRSD21,cross-corpus-882,StandardScaler,XGB,191,47,5,-0.0144,8.485,9.7621,-0.0234,-0.1563,-0.0004
4,latency,ALL_CONDITIONS,HRSD_21.1,HRSD21,cross-corpus-882,StandardScaler,MLP,191,47,5,0.0412,8.3945,9.5943,0.066,-0.1169,0.1618
4,latency,ALL_CONDITIONS,HRSD_21.1,HRSD21,cross-corpus-882,StandardScaler,LGBM,191,47,5,-0.0629,8.7706,10.0925,-0.0924,-0.2359,-0.0541
4,latency,ALL_CONDITIONS,HRSD_21.1,HRSD21,cross-corpus-882,StandardScaler,CatBoost,191,47,5,-0.0319,8.462,9.6604,-0.0628,-0.1324,-0.0901
4,latency,ALL_CONDITIONS,HRSD_21.1,HRSD21,cross-corpus-882,MinMaxScaler,Ridge,191,47,10,-0.0485,8.5306,9.7166,-0.0907,-0.1456,-0.11
4,latency,ALL_CONDITIONS,HRSD_21.1,HRSD21,cross-corpus-882,MinMaxScaler,Lasso,191,47,10,-0.0627,8.6132,9.886,-0.1053,-0.1859,-0.1845
4,latency,ALL_CONDITIONS,HRSD_21.1,HRSD21,cross-corpus-882,MinMaxScaler,ElasticNet,191,47,10,-0.0528,8.4968,9.6373,-0.113,-0.127,-0.1243
4,latency,ALL_CONDITIONS,HRSD_21.1,HRSD21,cross-corpus-882,MinMaxScaler,SVR,191,47,10,-0.0133,8.4483,9.6384,-0.028,-0.1272,-0.0196
4,latency,ALL_CONDITIONS,HRSD_21.1,HRSD21,cross-corpus-882,MinMaxScaler,KNN,191,47,10,0.0038,8.6444,9.8836,0.0052,-0.1853,-0.0197
4,latency,ALL_CONDITIONS,HRSD_21.1,HRSD21,cross-corpus-882,MinMaxScaler,RF,191,47,10,0.0611,8.2346,9.3468,0.0968,-0.06,0.1522
4,latency,ALL_CONDITIONS,HRSD_21.1,HRSD21,cross-corpus-882,MinMaxScaler,ET,191,47,10,0.0425,8.3414,9.3999,0.0699,-0.0721,0.0944
4,latency,ALL_CONDITIONS,HRSD_21.1,HRSD21,cross-corpus-882,MinMaxScaler,GB,191,47,10,0.071,8.4529,9.7554,0.0899,-0.1548,0.1369
4,latency,ALL_CONDITIONS,HRSD_21.1,HRSD21,cross-corpus-882,MinMaxScaler,XGB,191,47,10,0.0697,8.4282,9.7661,0.0894,-0.1573,0.1645
4,latency,ALL_CONDITIONS,HRSD_21.1,HRSD21,cross-corpus-882,MinMaxScaler,MLP,191,47,10,0.1236,8.0727,9.2797,0.1738,-0.0449,0.168
4,latency,ALL_CONDITIONS,HRSD_21.1,HRSD21,cross-corpus-882,MinMaxScaler,LGBM,191,47,10,0.1027,8.2091,9.5627,0.1335,-0.1096,0.1699
4,latency,ALL_CONDITIONS,HRSD_21.1,HRSD21,cross-corpus-882,MinMaxScaler,CatBoost,191,47,10,0.1594,8.0124,9.1257,0.2169,-0.0105,0.2797
4,latency,ALL_CONDITIONS,HRSD_21.1,HRSD21,cross-corpus-882,RobustScaler,Ridge,191,47,10,-0.0708,8.7714,10.0311,-0.1096,-0.2209,-0.1355
4,latency,ALL_CONDITIONS,HRSD_21.1,HRSD21,cross-corpus-882,RobustScaler,Lasso,191,47,10,-0.0744,8.8625,10.2366,-0.1039,-0.2715,-0.0926
4,latency,ALL_CONDITIONS,HRSD_21.1,HRSD21,cross-corpus-882,RobustScaler,ElasticNet,191,47,10,-0.0665,8.7236,9.9518,-0.1072,-0.2017,-0.1371
4,latency,ALL_CONDITIONS,HRSD_21.1,HRSD21,cross-corpus-882,RobustScaler,SVR,191,47,10,0.0019,8.2727,9.432,0.0048,-0.0795,-0.0099
4,latency,ALL_CONDITIONS,HRSD_21.1,HRSD21,cross-corpus-882,RobustScaler,KNN,191,47,10,0.0501,8.1371,9.7179,0.0702,-0.1459,0.0664
4,latency,ALL_CONDITIONS,HRSD_21.1,HRSD21,cross-corpus-882,RobustScaler,RF,191,47,10,-0.1115,8.9993,10.3203,-0.1622,-0.2923,-0.1897
4,latency,ALL_CONDITIONS,HRSD_21.1,HRSD21,cross-corpus-882,RobustScaler,ET,191,47,10,-0.1022,8.9399,10.3376,-0.1461,-0.2967,-0.1167
4,latency,ALL_CONDITIONS,HRSD_21.1,HRSD21,cross-corpus-882,RobustScaler,GB,191,47,10,-0.1217,9.0321,10.4641,-0.1713,-0.3286,-0.1559
4,latency,ALL_CONDITIONS,HRSD_21.1,HRSD21,cross-corpus-882,RobustScaler,XGB,191,47,10,-0.1151,9.1691,10.7663,-0.1428,-0.4065,-0.1322
4,latency,ALL_CONDITIONS,HRSD_21.1,HRSD21,cross-corpus-882,RobustScaler,MLP,191,47,10,-0.03,8.6228,10.215,-0.0414,-0.2661,0.0153
4,latency,ALL_CONDITIONS,HRSD_21.1,HRSD21,cross-corpus-882,RobustScaler,LGBM,191,47,10,-0.1034,8.9545,10.5739,-0.1338,-0.3567,-0.0943
4,latency,ALL_CONDITIONS,HRSD_21.1,HRSD21,cross-corpus-882,RobustScaler,CatBoost,191,47,10,-0.0481,8.7018,9.9328,-0.0759,-0.1971,-0.0636
5,latency,ALL_CONDITIONS,HRSD_21.1,HRSD21,cross-corpus-882,StandardScaler,Ridge,191,47,10,0.0894,6.9577,8.7753,0.2457,-0.0144,0.0767
5,latency,ALL_CONDITIONS,HRSD_21.1,HRSD21,cross-corpus-882,StandardScaler,Lasso,191,47,10,0.021,6.9846,8.9251,0.0913,-0.0493,-0.0199
5,latency,ALL_CONDITIONS,HRSD_21.1,HRSD21,cross-corpus-882,StandardScaler,ElasticNet,191,47,10,0.0597,6.9653,8.8445,0.1946,-0.0305,0.0312
5,latency,ALL_CONDITIONS,HRSD_21.1,HRSD21,cross-corpus-882,StandardScaler,SVR,191,47,10,0.0555,7.5297,9.3716,0.1913,-0.157,0.0273
5,latency,ALL_CONDITIONS,HRSD_21.1,HRSD21,cross-corpus-882,StandardScaler,KNN,191,47,10,0.1166,7.5154,9.0275,0.2152,-0.0736,0.206
5,latency,ALL_CONDITIONS,HRSD_21.1,HRSD21,cross-corpus-882,StandardScaler,RF,191,47,10,0.0696,7.3637,9.1894,0.1285,-0.1124,0.054
5,latency,ALL_CONDITIONS,HRSD_21.1,HRSD21,cross-corpus-882,StandardScaler,ET,191,47,10,0.0788,7.7233,9.3567,0.1441,-0.1533,0.0162
5,latency,ALL_CONDITIONS,HRSD_21.1,HRSD21,cross-corpus-882,StandardScaler,GB,191,47,10,0.0513,7.5858,9.4317,0.0876,-0.1718,0.0786
5,latency,ALL_CONDITIONS,HRSD_21.1,HRSD21,cross-corpus-882,StandardScaler,XGB,191,47,10,0.0587,7.6119,9.4223,0.101,-0.1695,0.0699
5,latency,ALL_CONDITIONS,HRSD_21.1,HRSD21,cross-corpus-882,StandardScaler,MLP,191,47,10,0.1556,7.1496,8.8846,0.279,-0.0398,0.143
5,latency,ALL_CONDITIONS,HRSD_21.1,HRSD21,cross-corpus-882,StandardScaler,LGBM,191,47,10,0.1109,7.2402,9.0705,0.1641,-0.0838,0.1331
5,latency,ALL_CONDITIONS,HRSD_21.1,HRSD21,cross-corpus-882,StandardScaler,CatBoost,191,47,10,0.1018,7.3608,9.0526,0.193,-0.0795,0.0539
5,latency,ALL_CONDITIONS,HRSD_21.1,HRSD21,cross-corpus-882,MinMaxScaler,Ridge,191,47,5,0.0712,7.0348,8.9416,0.1628,-0.0532,0.053
5,latency,ALL_CONDITIONS,HRSD_21.1,HRSD21,cross-corpus-882,MinMaxScaler,Lasso,191,47,5,-0.009,7.1753,9.177,-0.0264,-0.1094,-0.0694
5,latency,ALL_CONDITIONS,HRSD_21.1,HRSD21,cross-corpus-882,MinMaxScaler,ElasticNet,191,47,5,0.056,7.0676,8.9786,0.1364,-0.062,0.0542
5,latency,ALL_CONDITIONS,HRSD_21.1,HRSD21,cross-corpus-882,MinMaxScaler,SVR,191,47,5,0.045,7.6004,9.5504,0.1119,-0.2015,0.0508
5,latency,ALL_CONDITIONS,HRSD_21.1,HRSD21,cross-corpus-882,MinMaxScaler,KNN,191,47,5,-0.0032,7.9031,9.7145,-0.0054,-0.2432,-0.0358
5,latency,ALL_CONDITIONS,HRSD_21.1,HRSD21,cross-corpus-882,MinMaxScaler,RF,191,47,5,0.1026,7.1655,8.9636,0.1873,-0.0584,0.1555
5,latency,ALL_CONDITIONS,HRSD_21.1,HRSD21,cross-corpus-882,MinMaxScaler,ET,191,47,5,0.0799,7.4071,9.4104,0.1214,-0.1666,0.0674
5,latency,ALL_CONDITIONS,HRSD_21.1,HRSD21,cross-corpus-882,MinMaxScaler,GB,191,47,5,0.1963,7.1379,8.7733,0.2867,-0.0139,0.2137
5,latency,ALL_CONDITIONS,HRSD_21.1,HRSD21,cross-corpus-882,MinMaxScaler,XGB,191,47,5,0.1881,7.0852,8.7954,0.2829,-0.0191,0.18
5,latency,ALL_CONDITIONS,HRSD_21.1,HRSD21,cross-corpus-882,MinMaxScaler,MLP,191,47,5,0.0816,7.0658,8.9642,0.1715,-0.0586,0.085
5,latency,ALL_CONDITIONS,HRSD_21.1,HRSD21,cross-corpus-882,MinMaxScaler,LGBM,191,47,5,0.1565,7.2498,9.0212,0.223,-0.0721,0.2145
5,latency,ALL_CONDITIONS,HRSD_21.1,HRSD21,cross-corpus-882,MinMaxScaler,CatBoost,191,47,5,0.125,7.1928,8.9857,0.2198,-0.0636,0.1074
5,latency,ALL_CONDITIONS,HRSD_21.1,HRSD21,cross-corpus-882,RobustScaler,Ridge,191,47,5,0.0151,7.139,9.029,0.0478,-0.0739,-0.0009
5,latency,ALL_CONDITIONS,HRSD_21.1,HRSD21,cross-corpus-882,RobustScaler,Lasso,191,47,5,-0.0069,7.0053,8.9978,-0.0362,-0.0665,-0.0688
5,latency,ALL_CONDITIONS,HRSD_21.1,HRSD21,cross-corpus-882,RobustScaler,ElasticNet,191,47,5,0.0488,7.1492,8.9696,0.1229,-0.0598,0.0345
5,latency,ALL_CONDITIONS,HRSD_21.1,HRSD21,cross-corpus-882,RobustScaler,SVR,191,47,5,0.0829,7.2933,9.2157,0.2292,-0.1188,0.1692
5,latency,ALL_CONDITIONS,HRSD_21.1,HRSD21,cross-corpus-882,RobustScaler,KNN,191,47,5,0.0776,7.3475,9.217,0.1634,-0.1191,0.0756
5,latency,ALL_CONDITIONS,HRSD_21.1,HRSD21,cross-corpus-882,RobustScaler,RF,191,47,5,0.1666,6.7637,8.6673,0.348,0.0104,0.2814
5,latency,ALL_CONDITIONS,HRSD_21.1,HRSD21,cross-corpus-882,RobustScaler,ET,191,47,5,0.1151,7.0647,8.952,0.2112,-0.0557,0.1426
5,latency,ALL_CONDITIONS,HRSD_21.1,HRSD21,cross-corpus-882,RobustScaler,GB,191,47,5,0.2376,6.9065,8.6773,0.3594,0.0081,0.2246
5,latency,ALL_CONDITIONS,HRSD_21.1,HRSD21,cross-corpus-882,RobustScaler,XGB,191,47,5,0.2138,7.0693,8.6546,0.3457,0.0133,0.2313
5,latency,ALL_CONDITIONS,HRSD_21.1,HRSD21,cross-corpus-882,RobustScaler,MLP,191,47,5,0.1291,7.0582,8.784,0.2561,-0.0164,0.2189
5,latency,ALL_CONDITIONS,HRSD_21.1,HRSD21,cross-corpus-882,RobustScaler,LGBM,191,47,5,0.0867,7.0798,9.1041,0.1651,-0.0918,0.1681
5,latency,ALL_CONDITIONS,HRSD_21.1,HRSD21,cross-corpus-882,RobustScaler,CatBoost,191,47,5,0.1346,7.0786,8.8405,0.3002,-0.0295,0.1552
1,latency,ALL_CONDITIONS,HRSD_24.1,HRSD24,cross-corpus-882,StandardScaler,Ridge,190,48,15,0.1279,9.7762,12.344,0.1971,0.0077,0.302
1,latency,ALL_CONDITIONS,HRSD_24.1,HRSD24,cross-corpus-882,StandardScaler,Lasso,190,48,15,0.145,9.6908,12.1991,0.226,0.0309,0.3283
1,latency,ALL_CONDITIONS,HRSD_24.1,HRSD24,cross-corpus-882,StandardScaler,ElasticNet,190,48,15,0.1249,9.7784,12.307,0.1983,0.0137,0.3268
1,latency,ALL_CONDITIONS,HRSD_24.1,HRSD24,cross-corpus-882,StandardScaler,SVR,190,48,15,0.2026,9.5952,11.8933,0.3004,0.0789,0.3238
1,latency,ALL_CONDITIONS,HRSD_24.1,HRSD24,cross-corpus-882,StandardScaler,KNN,190,48,15,0.2126,9.1736,11.6738,0.3376,0.1126,0.3551
1,latency,ALL_CONDITIONS,HRSD_24.1,HRSD24,cross-corpus-882,StandardScaler,RF,190,48,15,0.1772,9.6921,11.8592,0.2953,0.0841,0.2408
1,latency,ALL_CONDITIONS,HRSD_24.1,HRSD24,cross-corpus-882,StandardScaler,ET,190,48,15,0.1297,9.6914,12.2365,0.2133,0.0249,0.2489
1,latency,ALL_CONDITIONS,HRSD_24.1,HRSD24,cross-corpus-882,StandardScaler,GB,190,48,15,0.1729,9.7465,11.9863,0.2739,0.0644,0.1518
1,latency,ALL_CONDITIONS,HRSD_24.1,HRSD24,cross-corpus-882,StandardScaler,XGB,190,48,15,0.1903,9.6913,11.931,0.2923,0.073,0.1712
1,latency,ALL_CONDITIONS,HRSD_24.1,HRSD24,cross-corpus-882,StandardScaler,MLP,190,48,15,0.2014,11.2905,17.4204,0.2067,-0.9762,0.2775
1,latency,ALL_CONDITIONS,HRSD_24.1,HRSD24,cross-corpus-882,StandardScaler,LGBM,190,48,15,0.2473,9.4144,11.7658,0.3389,0.0985,0.2845
1,latency,ALL_CONDITIONS,HRSD_24.1,HRSD24,cross-corpus-882,StandardScaler,CatBoost,190,48,15,0.171,9.9364,11.9435,0.28,0.0711,0.2466
1,latency,ALL_CONDITIONS,HRSD_24.1,HRSD24,cross-corpus-882,MinMaxScaler,Ridge,190,48,15,0.0872,10.0573,12.463,0.1474,-0.0115,0.2781
1,latency,ALL_CONDITIONS,HRSD_24.1,HRSD24,cross-corpus-882,MinMaxScaler,Lasso,190,48,15,0.0832,9.9897,12.3139,0.1614,0.0126,0.2731
1,latency,ALL_CONDITIONS,HRSD_24.1,HRSD24,cross-corpus-882,MinMaxScaler,ElasticNet,190,48,15,0.0863,10.0023,12.4263,0.1502,-0.0055,0.291
1,latency,ALL_CONDITIONS,HRSD_24.1,HRSD24,cross-corpus-882,MinMaxScaler,SVR,190,48,15,0.0496,9.9244,12.4902,0.1037,-0.0159,0.3266
1,latency,ALL_CONDITIONS,HRSD_24.1,HRSD24,cross-corpus-882,MinMaxScaler,KNN,190,48,15,0.0935,9.9583,12.5324,0.1478,-0.0228,0.1826
1,latency,ALL_CONDITIONS,HRSD_24.1,HRSD24,cross-corpus-882,MinMaxScaler,RF,190,48,15,0.1129,10.1775,12.2138,0.2007,0.0286,0.2109
1,latency,ALL_CONDITIONS,HRSD_24.1,HRSD24,cross-corpus-882,MinMaxScaler,ET,190,48,15,0.109,9.7968,12.3621,0.1805,0.0048,0.2397
1,latency,ALL_CONDITIONS,HRSD_24.1,HRSD24,cross-corpus-882,MinMaxScaler,GB,190,48,15,0.2058,9.6488,11.7919,0.3165,0.0945,0.239
1,latency,ALL_CONDITIONS,HRSD_24.1,HRSD24,cross-corpus-882,MinMaxScaler,XGB,190,48,15,0.1611,10.0067,12.1175,0.2519,0.0438,0.227
1,latency,ALL_CONDITIONS,HRSD_24.1,HRSD24,cross-corpus-882,MinMaxScaler,MLP,190,48,15,0.0793,9.8325,12.382,0.1484,0.0016,0.3095
1,latency,ALL_CONDITIONS,HRSD_24.1,HRSD24,cross-corpus-882,MinMaxScaler,LGBM,190,48,15,0.2103,9.62,12.0528,0.2909,0.054,0.2904
1,latency,ALL_CONDITIONS,HRSD_24.1,HRSD24,cross-corpus-882,MinMaxScaler,CatBoost,190,48,15,0.2192,9.5728,11.8347,0.3162,0.0879,0.2782
1,latency,ALL_CONDITIONS,HRSD_24.1,HRSD24,cross-corpus-882,RobustScaler,Ridge,190,48,15,0.0959,10.1012,12.7068,0.1387,-0.0514,0.2176
1,latency,ALL_CONDITIONS,HRSD_24.1,HRSD24,cross-corpus-882,RobustScaler,Lasso,190,48,15,0.1009,10.101,12.6044,0.1501,-0.0346,0.2254
1,latency,ALL_CONDITIONS,HRSD_24.1,HRSD24,cross-corpus-882,RobustScaler,ElasticNet,190,48,15,0.0993,10.0967,12.209,0.192,0.0293,0.2445
1,latency,ALL_CONDITIONS,HRSD_24.1,HRSD24,cross-corpus-882,RobustScaler,SVR,190,48,15,0.0108,10.2357,12.4935,0.0413,-0.0164,0.0075
1,latency,ALL_CONDITIONS,HRSD_24.1,HRSD24,cross-corpus-882,RobustScaler,KNN,190,48,15,0.0748,10.3287,12.6583,0.1187,-0.0434,0.0904
1,latency,ALL_CONDITIONS,HRSD_24.1,HRSD24,cross-corpus-882,RobustScaler,RF,190,48,15,0.0857,9.9544,12.2398,0.1802,0.0244,0.143
1,latency,ALL_CONDITIONS,HRSD_24.1,HRSD24,cross-corpus-882,RobustScaler,ET,190,48,15,0.0938,9.7201,12.4565,0.1569,-0.0104,0.1909
1,latency,ALL_CONDITIONS,HRSD_24.1,HRSD24,cross-corpus-882,RobustScaler,GB,190,48,15,0.1722,9.9103,12.0345,0.2687,0.0569,0.237
1,latency,ALL_CONDITIONS,HRSD_24.1,HRSD24,cross-corpus-882,RobustScaler,XGB,190,48,15,0.115,10.2467,12.5558,0.1693,-0.0266,0.1513
1,latency,ALL_CONDITIONS,HRSD_24.1,HRSD24,cross-corpus-882,RobustScaler,MLP,190,48,15,0.1858,10.9281,14.5266,0.1891,-0.3742,0.1886
1,latency,ALL_CONDITIONS,HRSD_24.1,HRSD24,cross-corpus-882,RobustScaler,LGBM,190,48,15,0.2106,10.0529,12.149,0.278,0.0388,0.2185
1,latency,ALL_CONDITIONS,HRSD_24.1,HRSD24,cross-corpus-882,RobustScaler,CatBoost,190,48,15,0.0741,10.1832,12.4925,0.1315,-0.0163,0.1152
2,latency,ALL_CONDITIONS,HRSD_24.1,HRSD24,cross-corpus-882,StandardScaler,Ridge,190,48,5,0.0196,8.7706,10.3622,0.0407,-0.0829,-0.0041
2,latency,ALL_CONDITIONS,HRSD_24.1,HRSD24,cross-corpus-882,StandardScaler,Lasso,190,48,5,0.0113,8.6744,10.2782,0.0305,-0.0654,-0.0096
2,latency,ALL_CONDITIONS,HRSD_24.1,HRSD24,cross-corpus-882,StandardScaler,ElasticNet,190,48,5,0.0174,8.6526,10.2578,0.0452,-0.0611,-0.0049
2,latency,ALL_CONDITIONS,HRSD_24.1,HRSD24,cross-corpus-882,StandardScaler,SVR,190,48,5,0.0338,8.1653,9.9993,0.0863,-0.0083,0.0119
2,latency,ALL_CONDITIONS,HRSD_24.1,HRSD24,cross-corpus-882,StandardScaler,KNN,190,48,5,0.0018,9.7292,11.4534,0.0021,-0.3229,-0.1101
2,latency,ALL_CONDITIONS,HRSD_24.1,HRSD24,cross-corpus-882,StandardScaler,RF,190,48,5,0.1539,8.0187,9.9755,0.2297,-0.0035,0.1762
2,latency,ALL_CONDITIONS,HRSD_24.1,HRSD24,cross-corpus-882,StandardScaler,ET,190,48,5,0.0749,8.3989,10.3926,0.1108,-0.0892,0.0651
2,latency,ALL_CONDITIONS,HRSD_24.1,HRSD24,cross-corpus-882,StandardScaler,GB,190,48,5,0.1421,8.231,10.4864,0.183,-0.109,0.1232
2,latency,ALL_CONDITIONS,HRSD_24.1,HRSD24,cross-corpus-882,StandardScaler,XGB,190,48,5,0.1242,8.3248,10.5687,0.1583,-0.1264,0.1298
2,latency,ALL_CONDITIONS,HRSD_24.1,HRSD24,cross-corpus-882,StandardScaler,MLP,190,48,5,0.0711,8.6742,10.4244,0.106,-0.0959,0.053
2,latency,ALL_CONDITIONS,HRSD_24.1,HRSD24,cross-corpus-882,StandardScaler,LGBM,190,48,5,0.158,9.0299,10.6737,0.1856,-0.1489,0.1512
2,latency,ALL_CONDITIONS,HRSD_24.1,HRSD24,cross-corpus-882,StandardScaler,CatBoost,190,48,5,0.1298,8.2731,10.3682,0.1691,-0.0841,0.1374
2,latency,ALL_CONDITIONS,HRSD_24.1,HRSD24,cross-corpus-882,MinMaxScaler,Ridge,190,48,5,0.0981,8.6978,10.3346,0.1408,-0.0771,0.1715
2,latency,ALL_CONDITIONS,HRSD_24.1,HRSD24,cross-corpus-882,MinMaxScaler,Lasso,190,48,5,0.0782,8.6571,10.2441,0.1287,-0.0583,0.164
2,latency,ALL_CONDITIONS,HRSD_24.1,HRSD24,cross-corpus-882,MinMaxScaler,ElasticNet,190,48,5,0.0975,8.695,10.3288,0.1406,-0.0759,0.1715
2,latency,ALL_CONDITIONS,HRSD_24.1,HRSD24,cross-corpus-882,MinMaxScaler,SVR,190,48,5,0.0943,8.4367,10.1069,0.1458,-0.0302,0.1446
2,latency,ALL_CONDITIONS,HRSD_24.1,HRSD24,cross-corpus-882,MinMaxScaler,KNN,190,48,5,0.1991,8.4315,10.1345,0.2527,-0.0358,0.1982
2,latency,ALL_CONDITIONS,HRSD_24.1,HRSD24,cross-corpus-882,MinMaxScaler,RF,190,48,5,0.1402,8.4135,10.3682,0.1806,-0.0841,0.0963
2,latency,ALL_CONDITIONS,HRSD_24.1,HRSD24,cross-corpus-882,MinMaxScaler,ET,190,48,5,0.0478,8.8007,10.9053,0.0616,-0.1993,0.0684
2,latency,ALL_CONDITIONS,HRSD_24.1,HRSD24,cross-corpus-882,MinMaxScaler,GB,190,48,5,0.2315,8.8081,11.1464,0.2417,-0.253,0.1973
2,latency,ALL_CONDITIONS,HRSD_24.1,HRSD24,cross-corpus-882,MinMaxScaler,XGB,190,48,5,0.2352,8.7032,10.633,0.2574,-0.1402,0.1494
2,latency,ALL_CONDITIONS,HRSD_24.1,HRSD24,cross-corpus-882,MinMaxScaler,MLP,190,48,5,0.1243,8.7449,10.3833,0.1627,-0.0873,0.1823
2,latency,ALL_CONDITIONS,HRSD_24.1,HRSD24,cross-corpus-882,MinMaxScaler,LGBM,190,48,5,0.1125,8.8885,10.6197,0.1369,-0.1373,0.0209
2,latency,ALL_CONDITIONS,HRSD_24.1,HRSD24,cross-corpus-882,MinMaxScaler,CatBoost,190,48,5,0.1667,8.6055,10.3732,0.1997,-0.0852,0.1152
2,latency,ALL_CONDITIONS,HRSD_24.1,HRSD24,cross-corpus-882,RobustScaler,Ridge,190,48,10,0.0904,8.3921,10.0085,0.2162,-0.0102,0.2583
2,latency,ALL_CONDITIONS,HRSD_24.1,HRSD24,cross-corpus-882,RobustScaler,Lasso,190,48,10,0.0,8.5316,10.1653,,-0.0421,
2,latency,ALL_CONDITIONS,HRSD_24.1,HRSD24,cross-corpus-882,RobustScaler,ElasticNet,190,48,10,0.0672,8.4255,10.0299,0.2017,-0.0145,0.2269
2,latency,ALL_CONDITIONS,HRSD_24.1,HRSD24,cross-corpus-882,RobustScaler,SVR,190,48,10,0.0852,7.9651,9.6939,0.2368,0.0523,0.2107
2,latency,ALL_CONDITIONS,HRSD_24.1,HRSD24,cross-corpus-882,RobustScaler,KNN,190,48,10,0.2008,7.831,9.8833,0.2917,0.0149,0.27
2,latency,ALL_CONDITIONS,HRSD_24.1,HRSD24,cross-corpus-882,RobustScaler,RF,190,48,10,0.245,8.0388,9.7904,0.3456,0.0334,0.3065
2,latency,ALL_CONDITIONS,HRSD_24.1,HRSD24,cross-corpus-882,RobustScaler,ET,190,48,10,0.2236,8.1135,10.0169,0.2945,-0.0119,0.2732
2,latency,ALL_CONDITIONS,HRSD_24.1,HRSD24,cross-corpus-882,RobustScaler,GB,190,48,10,0.3412,7.6692,9.5858,0.401,0.0733,0.3436
2,latency,ALL_CONDITIONS,HRSD_24.1,HRSD24,cross-corpus-882,RobustScaler,XGB,190,48,10,0.308,8.0614,9.9686,0.3507,-0.0022,0.2583
2,latency,ALL_CONDITIONS,HRSD_24.1,HRSD24,cross-corpus-882,RobustScaler,MLP,190,48,10,0.2432,8.2529,10.1855,0.2887,-0.0462,0.2474
2,latency,ALL_CONDITIONS,HRSD_24.1,HRSD24,cross-corpus-882,RobustScaler,LGBM,190,48,10,0.2541,8.2765,10.2823,0.3043,-0.0662,0.2393
2,latency,ALL_CONDITIONS,HRSD_24.1,HRSD24,cross-corpus-882,RobustScaler,CatBoost,190,48,10,0.2322,7.9323,9.7908,0.3308,0.0333,0.2918
3,latency,ALL_CONDITIONS,HRSD_24.1,HRSD24,cross-corpus-882,StandardScaler,Ridge,190,48,15,0.0629,8.6358,10.0867,0.0943,-0.0754,0.0681
3,latency,ALL_CONDITIONS,HRSD_24.1,HRSD24,cross-corpus-882,StandardScaler,Lasso,190,48,15,0.0204,8.5647,9.9906,0.0402,-0.055,0.0216
3,latency,ALL_CONDITIONS,HRSD_24.1,HRSD24,cross-corpus-882,StandardScaler,ElasticNet,190,48,15,0.0514,8.534,9.9191,0.0914,-0.0399,0.0726
3,latency,ALL_CONDITIONS,HRSD_24.1,HRSD24,cross-corpus-882,StandardScaler,SVR,190,48,15,0.0156,8.386,9.9442,0.0358,-0.0452,0.0788
3,latency,ALL_CONDITIONS,HRSD_24.1,HRSD24,cross-corpus-882,StandardScaler,KNN,190,48,15,0.0659,8.9643,10.4593,0.0837,-0.1563,0.0821
3,latency,ALL_CONDITIONS,HRSD_24.1,HRSD24,cross-corpus-882,StandardScaler,RF,190,48,15,-0.046,9.3951,10.7097,-0.0686,-0.2123,-0.0707
3,latency,ALL_CONDITIONS,HRSD_24.1,HRSD24,cross-corpus-882,StandardScaler,ET,190,48,15,-0.108,9.6592,11.1323,-0.1505,-0.3099,-0.1388
3,latency,ALL_CONDITIONS,HRSD_24.1,HRSD24,cross-corpus-882,StandardScaler,GB,190,48,15,-0.0786,10.1845,11.8369,-0.0886,-0.4809,-0.1134
3,latency,ALL_CONDITIONS,HRSD_24.1,HRSD24,cross-corpus-882,StandardScaler,XGB,190,48,15,-0.0917,9.7648,11.5348,-0.1101,-0.4063,-0.1097
3,latency,ALL_CONDITIONS,HRSD_24.1,HRSD24,cross-corpus-882,StandardScaler,MLP,190,48,15,0.1058,8.7731,10.7884,0.1194,-0.2302,0.0178
3,latency,ALL_CONDITIONS,HRSD_24.1,HRSD24,cross-corpus-882,StandardScaler,LGBM,190,48,15,-0.0909,9.8908,11.847,-0.1049,-0.4835,-0.1082
3,latency,ALL_CONDITIONS,HRSD_24.1,HRSD24,cross-corpus-882,StandardScaler,CatBoost,190,48,15,-0.1037,10.0682,11.5656,-0.1263,-0.4138,-0.1726
3,latency,ALL_CONDITIONS,HRSD_24.1,HRSD24,cross-corpus-882,MinMaxScaler,Ridge,190,48,15,0.0643,8.8748,10.5456,0.0799,-0.1754,0.0863
3,latency,ALL_CONDITIONS,HRSD_24.1,HRSD24,cross-corpus-882,MinMaxScaler,Lasso,190,48,15,0.0618,8.9444,10.6116,0.0757,-0.1902,0.0775
3,latency,ALL_CONDITIONS,HRSD_24.1,HRSD24,cross-corpus-882,MinMaxScaler,ElasticNet,190,48,15,0.0633,8.8614,10.534,0.079,-0.1729,0.0815
3,latency,ALL_CONDITIONS,HRSD_24.1,HRSD24,cross-corpus-882,MinMaxScaler,SVR,190,48,15,0.0279,8.4944,10.2431,0.0454,-0.109,0.0986
3,latency,ALL_CONDITIONS,HRSD_24.1,HRSD24,cross-corpus-882,MinMaxScaler,KNN,190,48,15,-0.0085,9.0116,10.6719,-0.0116,-0.2038,-0.0259
3,latency,ALL_CONDITIONS,HRSD_24.1,HRSD24,cross-corpus-882,MinMaxScaler,RF,190,48,15,-0.0255,9.4229,10.7486,-0.0363,-0.2211,-0.0183
3,latency,ALL_CONDITIONS,HRSD_24.1,HRSD24,cross-corpus-882,MinMaxScaler,ET,190,48,15,-0.0877,9.5239,11.1498,-0.1166,-0.314,-0.1079
3,latency,ALL_CONDITIONS,HRSD_24.1,HRSD24,cross-corpus-882,MinMaxScaler,GB,190,48,15,0.0327,9.4445,10.8139,0.0398,-0.236,0.0096
3,latency,ALL_CONDITIONS,HRSD_24.1,HRSD24,cross-corpus-882,MinMaxScaler,XGB,190,48,15,-0.1083,10.3369,12.063,-0.1212,-0.5381,-0.1747
3,latency,ALL_CONDITIONS,HRSD_24.1,HRSD24,cross-corpus-882,MinMaxScaler,MLP,190,48,15,-0.0057,9.0453,10.4578,-0.0084,-0.156,0.034
3,latency,ALL_CONDITIONS,HRSD_24.1,HRSD24,cross-corpus-882,MinMaxScaler,LGBM,190,48,15,-0.0263,9.8307,11.4303,-0.0308,-0.3809,-0.0862
3,latency,ALL_CONDITIONS,HRSD_24.1,HRSD24,cross-corpus-882,MinMaxScaler,CatBoost,190,48,15,0.0128,9.6849,11.1514,0.0149,-0.3144,-0.033
3,latency,ALL_CONDITIONS,HRSD_24.1,HRSD24,cross-corpus-882,RobustScaler,Ridge,190,48,10,0.1244,9.2312,10.7768,0.139,-0.2275,0.0871
3,latency,ALL_CONDITIONS,HRSD_24.1,HRSD24,cross-corpus-882,RobustScaler,Lasso,190,48,10,0.1196,9.2828,10.8523,0.1328,-0.2448,0.0834
3,latency,ALL_CONDITIONS,HRSD_24.1,HRSD24,cross-corpus-882,RobustScaler,ElasticNet,190,48,10,0.1267,9.1846,10.7176,0.1426,-0.2141,0.0836
3,latency,ALL_CONDITIONS,HRSD_24.1,HRSD24,cross-corpus-882,RobustScaler,SVR,190,48,10,-0.0122,8.4678,10.016,-0.0312,-0.0603,0.0059
3,latency,ALL_CONDITIONS,HRSD_24.1,HRSD24,cross-corpus-882,RobustScaler,KNN,190,48,10,0.0072,9.2662,10.8005,0.0096,-0.233,0.0116
3,latency,ALL_CONDITIONS,HRSD_24.1,HRSD24,cross-corpus-882,RobustScaler,RF,190,48,10,-0.0319,9.2702,10.7378,-0.046,-0.2187,-0.0339
3,latency,ALL_CONDITIONS,HRSD_24.1,HRSD24,cross-corpus-882,RobustScaler,ET,190,48,10,-0.0211,9.3762,11.0324,-0.0264,-0.2865,0.0203
3,latency,ALL_CONDITIONS,HRSD_24.1,HRSD24,cross-corpus-882,RobustScaler,GB,190,48,10,0.0029,9.1819,11.1284,0.0034,-0.309,0.0157
3,latency,ALL_CONDITIONS,HRSD_24.1,HRSD24,cross-corpus-882,RobustScaler,XGB,190,48,10,0.103,8.7176,10.5747,0.1223,-0.1819,0.103
3,latency,ALL_CONDITIONS,HRSD_24.1,HRSD24,cross-corpus-882,RobustScaler,MLP,190,48,10,0.1444,9.2005,11.4502,0.149,-0.3858,0.0561
3,latency,ALL_CONDITIONS,HRSD_24.1,HRSD24,cross-corpus-882,RobustScaler,LGBM,190,48,10,0.0113,9.2219,10.9878,0.014,-0.2761,0.0091
3,latency,ALL_CONDITIONS,HRSD_24.1,HRSD24,cross-corpus-882,RobustScaler,CatBoost,190,48,10,0.0138,9.0173,10.5949,0.0186,-0.1865,0.0001
4,latency,ALL_CONDITIONS,HRSD_24.1,HRSD24,cross-corpus-882,StandardScaler,Ridge,191,47,20,-0.0359,10.6473,12.449,-0.0564,-0.1733,-0.1089
4,latency,ALL_CONDITIONS,HRSD_24.1,HRSD24,cross-corpus-882,StandardScaler,Lasso,191,47,20,-0.0529,10.5337,12.2271,-0.1049,-0.1319,-0.1364
4,latency,ALL_CONDITIONS,HRSD_24.1,HRSD24,cross-corpus-882,StandardScaler,ElasticNet,191,47,20,-0.0387,10.5579,12.2845,-0.0681,-0.1425,-0.1
4,latency,ALL_CONDITIONS,HRSD_24.1,HRSD24,cross-corpus-882,StandardScaler,SVR,191,47,20,-0.0072,10.1683,11.872,-0.0204,-0.0671,-0.0293
4,latency,ALL_CONDITIONS,HRSD_24.1,HRSD24,cross-corpus-882,StandardScaler,KNN,191,47,20,0.0035,10.6043,12.816,0.0044,-0.2435,0.0025
4,latency,ALL_CONDITIONS,HRSD_24.1,HRSD24,cross-corpus-882,StandardScaler,RF,191,47,20,-0.0693,10.8387,12.6091,-0.1101,-0.2037,-0.0777
4,latency,ALL_CONDITIONS,HRSD_24.1,HRSD24,cross-corpus-882,StandardScaler,ET,191,47,20,-0.087,11.0611,12.7147,-0.1386,-0.2239,-0.1054
4,latency,ALL_CONDITIONS,HRSD_24.1,HRSD24,cross-corpus-882,StandardScaler,GB,191,47,20,-0.1297,11.7773,14.2188,-0.149,-0.5307,-0.0956
4,latency,ALL_CONDITIONS,HRSD_24.1,HRSD24,cross-corpus-882,StandardScaler,XGB,191,47,20,-0.0853,11.3808,13.4318,-0.1079,-0.3659,-0.0475
4,latency,ALL_CONDITIONS,HRSD_24.1,HRSD24,cross-corpus-882,StandardScaler,MLP,191,47,20,0.0557,10.8565,12.8347,0.066,-0.2471,0.13
4,latency,ALL_CONDITIONS,HRSD_24.1,HRSD24,cross-corpus-882,StandardScaler,LGBM,191,47,20,-0.0826,11.0333,13.2896,-0.1055,-0.3371,-0.0654
4,latency,ALL_CONDITIONS,HRSD_24.1,HRSD24,cross-corpus-882,StandardScaler,CatBoost,191,47,20,-0.0203,10.6221,12.4654,-0.0304,-0.1764,0.0584
4,latency,ALL_CONDITIONS,HRSD_24.1,HRSD24,cross-corpus-882,MinMaxScaler,Ridge,191,47,15,-0.05,10.7283,12.4248,-0.0838,-0.1688,-0.1126
4,latency,ALL_CONDITIONS,HRSD_24.1,HRSD24,cross-corpus-882,MinMaxScaler,Lasso,191,47,15,-0.0542,10.8102,12.6089,-0.0825,-0.2037,-0.1268
4,latency,ALL_CONDITIONS,HRSD_24.1,HRSD24,cross-corpus-882,MinMaxScaler,ElasticNet,191,47,15,-0.0513,10.6367,12.2938,-0.0953,-0.1442,-0.1107
4,latency,ALL_CONDITIONS,HRSD_24.1,HRSD24,cross-corpus-882,MinMaxScaler,SVR,191,47,15,-0.0245,10.4014,12.075,-0.0546,-0.1039,-0.0353
4,latency,ALL_CONDITIONS,HRSD_24.1,HRSD24,cross-corpus-882,MinMaxScaler,KNN,191,47,15,-0.1039,11.634,13.1719,-0.1421,-0.3136,-0.1038
4,latency,ALL_CONDITIONS,HRSD_24.1,HRSD24,cross-corpus-882,MinMaxScaler,RF,191,47,15,0.0025,10.5017,12.1873,0.004,-0.1245,0.0747
4,latency,ALL_CONDITIONS,HRSD_24.1,HRSD24,cross-corpus-882,MinMaxScaler,ET,191,47,15,-0.0654,11.0423,12.5097,-0.1086,-0.1848,-0.0528
4,latency,ALL_CONDITIONS,HRSD_24.1,HRSD24,cross-corpus-882,MinMaxScaler,GB,191,47,15,-0.0289,10.8911,13.0123,-0.0363,-0.2819,0.0214
4,latency,ALL_CONDITIONS,HRSD_24.1,HRSD24,cross-corpus-882,MinMaxScaler,XGB,191,47,15,0.0549,10.7072,13.0669,0.0623,-0.2927,0.1366
4,latency,ALL_CONDITIONS,HRSD_24.1,HRSD24,cross-corpus-882,MinMaxScaler,MLP,191,47,15,0.0206,10.6613,12.3562,0.0298,-0.1559,0.0663
4,latency,ALL_CONDITIONS,HRSD_24.1,HRSD24,cross-corpus-882,MinMaxScaler,LGBM,191,47,15,-0.012,10.9239,12.7495,-0.0158,-0.2307,0.0346
4,latency,ALL_CONDITIONS,HRSD_24.1,HRSD24,cross-corpus-882,MinMaxScaler,CatBoost,191,47,15,0.0348,10.3068,11.9535,0.0576,-0.0818,0.122
4,latency,ALL_CONDITIONS,HRSD_24.1,HRSD24,cross-corpus-882,RobustScaler,Ridge,191,47,10,-0.0509,10.7211,12.2402,-0.0982,-0.1343,-0.1095
4,latency,ALL_CONDITIONS,HRSD_24.1,HRSD24,cross-corpus-882,RobustScaler,Lasso,191,47,10,-0.0817,11.1432,12.8368,-0.1207,-0.2476,-0.1536
4,latency,ALL_CONDITIONS,HRSD_24.1,HRSD24,cross-corpus-882,RobustScaler,ElasticNet,191,47,10,-0.0716,11.0451,12.6673,-0.1112,-0.2148,-0.1371
4,latency,ALL_CONDITIONS,HRSD_24.1,HRSD24,cross-corpus-882,RobustScaler,SVR,191,47,10,-0.0133,10.2694,11.9221,-0.0344,-0.0761,-0.0286
4,latency,ALL_CONDITIONS,HRSD_24.1,HRSD24,cross-corpus-882,RobustScaler,KNN,191,47,10,-0.0208,10.6201,12.6573,-0.0295,-0.2129,0.0165
4,latency,ALL_CONDITIONS,HRSD_24.1,HRSD24,cross-corpus-882,RobustScaler,RF,191,47,10,-0.1221,11.175,13.1063,-0.1775,-0.3005,-0.1865
4,latency,ALL_CONDITIONS,HRSD_24.1,HRSD24,cross-corpus-882,RobustScaler,ET,191,47,10,-0.1707,11.4829,13.5097,-0.2386,-0.3818,-0.2132
4,latency,ALL_CONDITIONS,HRSD_24.1,HRSD24,cross-corpus-882,RobustScaler,GB,191,47,10,-0.141,11.2992,13.5003,-0.1874,-0.3799,-0.154
4,latency,ALL_CONDITIONS,HRSD_24.1,HRSD24,cross-corpus-882,RobustScaler,XGB,191,47,10,-0.1746,11.4322,13.4193,-0.253,-0.3634,-0.2317
4,latency,ALL_CONDITIONS,HRSD_24.1,HRSD24,cross-corpus-882,RobustScaler,MLP,191,47,10,-0.0916,11.0613,13.2938,-0.1221,-0.338,-0.0798
4,latency,ALL_CONDITIONS,HRSD_24.1,HRSD24,cross-corpus-882,RobustScaler,LGBM,191,47,10,-0.1715,11.5137,13.6541,-0.2285,-0.4115,-0.1866
4,latency,ALL_CONDITIONS,HRSD_24.1,HRSD24,cross-corpus-882,RobustScaler,CatBoost,191,47,10,-0.0533,10.6604,12.6079,-0.0825,-0.2035,-0.0419
5,latency,ALL_CONDITIONS,HRSD_24.1,HRSD24,cross-corpus-882,StandardScaler,Ridge,191,47,5,-0.0067,9.2464,11.5938,-0.0188,-0.0896,-0.0959
5,latency,ALL_CONDITIONS,HRSD_24.1,HRSD24,cross-corpus-882,StandardScaler,Lasso,191,47,5,-0.0088,9.1421,11.5585,-0.0286,-0.083,-0.0992
5,latency,ALL_CONDITIONS,HRSD_24.1,HRSD24,cross-corpus-882,StandardScaler,ElasticNet,191,47,5,-0.0073,9.1291,11.5321,-0.0246,-0.0781,-0.101
5,latency,ALL_CONDITIONS,HRSD_24.1,HRSD24,cross-corpus-882,StandardScaler,SVR,191,47,5,0.039,9.4522,11.8471,0.1208,-0.1378,-0.0207
5,latency,ALL_CONDITIONS,HRSD_24.1,HRSD24,cross-corpus-882,StandardScaler,KNN,191,47,5,0.0206,9.7069,12.036,0.0354,-0.1743,-0.0662
5,latency,ALL_CONDITIONS,HRSD_24.1,HRSD24,cross-corpus-882,StandardScaler,RF,191,47,5,0.022,9.5766,11.782,0.0418,-0.1253,-0.0523
5,latency,ALL_CONDITIONS,HRSD_24.1,HRSD24,cross-corpus-882,StandardScaler,ET,191,47,5,-0.1123,10.4253,12.7844,-0.1713,-0.3249,-0.1823
5,latency,ALL_CONDITIONS,HRSD_24.1,HRSD24,cross-corpus-882,StandardScaler,GB,191,47,5,0.0064,9.7105,12.5361,0.0097,-0.2739,0.0429
5,latency,ALL_CONDITIONS,HRSD_24.1,HRSD24,cross-corpus-882,StandardScaler,XGB,191,47,5,0.0221,9.787,12.3896,0.0337,-0.2443,0.0661
5,latency,ALL_CONDITIONS,HRSD_24.1,HRSD24,cross-corpus-882,StandardScaler,MLP,191,47,5,0.0604,9.7141,12.0397,0.1007,-0.1751,-0.0899
5,latency,ALL_CONDITIONS,HRSD_24.1,HRSD24,cross-corpus-882,StandardScaler,LGBM,191,47,5,-0.0368,10.1729,12.5468,-0.0589,-0.2761,-0.1048
5,latency,ALL_CONDITIONS,HRSD_24.1,HRSD24,cross-corpus-882,StandardScaler,CatBoost,191,47,5,0.0315,9.6054,11.842,0.0594,-0.1368,-0.0502
5,latency,ALL_CONDITIONS,HRSD_24.1,HRSD24,cross-corpus-882,MinMaxScaler,Ridge,191,47,5,0.0426,8.9797,11.5709,0.0931,-0.0853,0.0152
5,latency,ALL_CONDITIONS,HRSD_24.1,HRSD24,cross-corpus-882,MinMaxScaler,Lasso,191,47,5,-0.0166,9.2482,11.7833,-0.0429,-0.1255,-0.0645
5,latency,ALL_CONDITIONS,HRSD_24.1,HRSD24,cross-corpus-882,MinMaxScaler,ElasticNet,191,47,5,0.0633,8.9808,11.58,0.1222,-0.087,0.0605
5,latency,ALL_CONDITIONS,HRSD_24.1,HRSD24,cross-corpus-882,MinMaxScaler,SVR,191,47,5,0.1019,9.0983,11.9357,0.1847,-0.1548,0.0975
5,latency,ALL_CONDITIONS,HRSD_24.1,HRSD24,cross-corpus-882,MinMaxScaler,KNN,191,47,5,0.0074,9.2931,12.1551,0.0121,-0.1977,0.0218
5,latency,ALL_CONDITIONS,HRSD_24.1,HRSD24,cross-corpus-882,MinMaxScaler,RF,191,47,5,0.0746,8.7169,11.4927,0.1298,-0.0707,0.0828
5,latency,ALL_CONDITIONS,HRSD_24.1,HRSD24,cross-corpus-882,MinMaxScaler,ET,191,47,5,0.0558,8.7617,11.7202,0.0923,-0.1135,0.0876
5,latency,ALL_CONDITIONS,HRSD_24.1,HRSD24,cross-corpus-882,MinMaxScaler,GB,191,47,5,0.0878,8.7635,11.8748,0.1245,-0.1431,0.0738
5,latency,ALL_CONDITIONS,HRSD_24.1,HRSD24,cross-corpus-882,MinMaxScaler,XGB,191,47,5,0.0784,8.8908,11.963,0.1092,-0.1601,0.067
5,latency,ALL_CONDITIONS,HRSD_24.1,HRSD24,cross-corpus-882,MinMaxScaler,MLP,191,47,5,0.0049,9.157,11.8555,0.0103,-0.1394,-0.0192
5,latency,ALL_CONDITIONS,HRSD_24.1,HRSD24,cross-corpus-882,MinMaxScaler,LGBM,191,47,5,0.0434,8.7315,12.2438,0.0586,-0.2152,0.0957
5,latency,ALL_CONDITIONS,HRSD_24.1,HRSD24,cross-corpus-882,MinMaxScaler,CatBoost,191,47,5,0.0784,8.6221,11.5856,0.1279,-0.0881,0.0971
5,latency,ALL_CONDITIONS,HRSD_24.1,HRSD24,cross-corpus-882,RobustScaler,Ridge,191,47,10,0.0213,9.1333,11.4696,0.0573,-0.0664,0.0422
5,latency,ALL_CONDITIONS,HRSD_24.1,HRSD24,cross-corpus-882,RobustScaler,Lasso,191,47,10,-0.0319,9.1922,11.6905,-0.108,-0.1079,-0.0713
5,latency,ALL_CONDITIONS,HRSD_24.1,HRSD24,cross-corpus-882,RobustScaler,ElasticNet,191,47,10,-0.0062,9.1579,11.5427,-0.0199,-0.08,-0.0286
5,latency,ALL_CONDITIONS,HRSD_24.1,HRSD24,cross-corpus-882,RobustScaler,SVR,191,47,10,0.0074,9.2775,12.1046,0.021,-0.1878,0.0428
5,latency,ALL_CONDITIONS,HRSD_24.1,HRSD24,cross-corpus-882,RobustScaler,KNN,191,47,10,0.0533,9.0165,11.648,0.0833,-0.0998,0.1304
5,latency,ALL_CONDITIONS,HRSD_24.1,HRSD24,cross-corpus-882,RobustScaler,RF,191,47,10,0.0909,8.9598,11.42,0.1796,-0.0572,0.1118
5,latency,ALL_CONDITIONS,HRSD_24.1,HRSD24,cross-corpus-882,RobustScaler,ET,191,47,10,0.0439,9.1986,11.6791,0.0839,-0.1057,0.0659
5,latency,ALL_CONDITIONS,HRSD_24.1,HRSD24,cross-corpus-882,RobustScaler,GB,191,47,10,0.1874,8.7999,11.4457,0.2768,-0.062,0.1823
5,latency,ALL_CONDITIONS,HRSD_24.1,HRSD24,cross-corpus-882,RobustScaler,XGB,191,47,10,0.1869,8.6517,11.2121,0.3046,-0.0191,0.2386
5,latency,ALL_CONDITIONS,HRSD_24.1,HRSD24,cross-corpus-882,RobustScaler,MLP,191,47,10,0.1087,9.3303,12.2394,0.1535,-0.2144,0.0829
5,latency,ALL_CONDITIONS,HRSD_24.1,HRSD24,cross-corpus-882,RobustScaler,LGBM,191,47,10,-0.0104,9.6416,12.4381,-0.0161,-0.2541,-0.0304
5,latency,ALL_CONDITIONS,HRSD_24.1,HRSD24,cross-corpus-882,RobustScaler,CatBoost,191,47,10,0.1035,8.938,11.4483,0.2023,-0.0625,0.1144
