fold,phase,condition,target,target_short,features,scaler,model,n_train,n_test,n_features,CCC,MAE,RMSE,Pearson_r,R2,Spearman_r
1,negative_training,SHAM,phq_8,PHQ8,cross-corpus-882,StandardScaler,Ridge,48,13,5,0.1415,5.6491,6.1084,0.1783,-0.3002,0.1939
1,negative_training,SHAM,phq_8,PHQ8,cross-corpus-882,StandardScaler,Lasso,48,13,5,0.1297,5.0647,5.7183,0.211,-0.1394,0.1662
1,negative_training,SHAM,phq_8,PHQ8,cross-corpus-882,StandardScaler,ElasticNet,48,13,5,0.1518,5.7619,6.1812,0.184,-0.3313,0.1939
1,negative_training,SHAM,phq_8,PHQ8,cross-corpus-882,StandardScaler,SVR,48,13,5,0.0937,5.5999,6.3059,0.1293,-0.3856,0.1856
1,negative_training,SHAM,phq_8,PHQ8,cross-corpus-882,StandardScaler,KNN,48,13,5,0.1543,5.6068,6.214,0.2668,-0.3455,0.2327
1,negative_training,SHAM,phq_8,PHQ8,cross-corpus-882,StandardScaler,RF,48,13,5,-0.0302,5.3546,6.1933,-0.0441,-0.3366,-0.0305
1,negative_training,SHAM,phq_8,PHQ8,cross-corpus-882,StandardScaler,ET,48,13,5,-0.1821,6.0165,6.9685,-0.2529,-0.6921,-0.2161
1,negative_training,SHAM,phq_8,PHQ8,cross-corpus-882,StandardScaler,GB,48,13,5,-0.1184,5.6135,6.5791,-0.1482,-0.5083,-0.2881
1,negative_training,SHAM,phq_8,PHQ8,cross-corpus-882,StandardScaler,XGB,48,13,5,0.0455,5.1181,5.833,0.0706,-0.1856,0.0
1,negative_training,SHAM,phq_8,PHQ8,cross-corpus-882,StandardScaler,MLP,48,13,5,-0.2053,7.5988,8.5954,-0.2615,-1.5744,-0.338
1,negative_training,SHAM,phq_8,PHQ8,cross-corpus-882,StandardScaler,LGBM,48,13,5,0.0925,5.4658,6.1615,0.1269,-0.3229,-0.0803
1,negative_training,SHAM,phq_8,PHQ8,cross-corpus-882,StandardScaler,CatBoost,48,13,5,-0.0494,5.4686,6.2396,-0.0884,-0.3566,-0.1745
1,negative_training,SHAM,phq_8,PHQ8,cross-corpus-882,MinMaxScaler,Ridge,48,13,5,0.0265,7.8735,9.9851,0.0321,-2.4742,0.0693
1,negative_training,SHAM,phq_8,PHQ8,cross-corpus-882,MinMaxScaler,Lasso,48,13,5,0.027,7.9088,10.0293,0.0327,-2.505,0.0693
1,negative_training,SHAM,phq_8,PHQ8,cross-corpus-882,MinMaxScaler,ElasticNet,48,13,5,0.0286,7.4986,9.3383,0.0336,-2.0386,0.0693
1,negative_training,SHAM,phq_8,PHQ8,cross-corpus-882,MinMaxScaler,SVR,48,13,5,-0.033,7.075,7.7364,-0.036,-1.0856,-0.0388
1,negative_training,SHAM,phq_8,PHQ8,cross-corpus-882,MinMaxScaler,KNN,48,13,5,-0.0809,6.5385,7.3979,-0.0972,-0.9071,-0.0957
1,negative_training,SHAM,phq_8,PHQ8,cross-corpus-882,MinMaxScaler,RF,48,13,5,0.0566,5.5965,6.5618,0.0665,-0.5004,0.2327
1,negative_training,SHAM,phq_8,PHQ8,cross-corpus-882,MinMaxScaler,ET,48,13,5,-0.1489,6.3235,7.3498,-0.1682,-0.8823,-0.2438
1,negative_training,SHAM,phq_8,PHQ8,cross-corpus-882,MinMaxScaler,GB,48,13,5,-0.1859,6.668,7.9974,-0.1968,-1.2287,-0.1468
1,negative_training,SHAM,phq_8,PHQ8,cross-corpus-882,MinMaxScaler,XGB,48,13,5,-0.0088,6.1412,7.3923,-0.0093,-0.9042,0.0055
1,negative_training,SHAM,phq_8,PHQ8,cross-corpus-882,MinMaxScaler,MLP,48,13,5,0.0243,7.1891,7.9949,0.0265,-1.2272,0.0471
1,negative_training,SHAM,phq_8,PHQ8,cross-corpus-882,MinMaxScaler,LGBM,48,13,5,0.0653,5.5412,6.3534,0.0793,-0.4066,0.0237
1,negative_training,SHAM,phq_8,PHQ8,cross-corpus-882,MinMaxScaler,CatBoost,48,13,5,0.034,6.1359,7.2245,0.0363,-0.8187,0.1219
1,negative_training,SHAM,phq_8,PHQ8,cross-corpus-882,RobustScaler,Ridge,48,13,5,0.0169,8.2442,11.9101,0.0235,-3.9428,0.1995
1,negative_training,SHAM,phq_8,PHQ8,cross-corpus-882,RobustScaler,Lasso,48,13,5,0.0163,8.2146,11.768,0.0225,-3.8256,0.1995
1,negative_training,SHAM,phq_8,PHQ8,cross-corpus-882,RobustScaler,ElasticNet,48,13,5,0.0156,8.204,11.6863,0.0215,-3.7588,0.1995
1,negative_training,SHAM,phq_8,PHQ8,cross-corpus-882,RobustScaler,SVR,48,13,5,0.1721,5.1488,6.1231,0.1895,-0.3064,0.2576
1,negative_training,SHAM,phq_8,PHQ8,cross-corpus-882,RobustScaler,KNN,48,13,5,0.1477,5.188,5.9637,0.2089,-0.2393,0.2358
1,negative_training,SHAM,phq_8,PHQ8,cross-corpus-882,RobustScaler,RF,48,13,5,0.1399,4.8302,5.7721,0.1822,-0.161,0.241
1,negative_training,SHAM,phq_8,PHQ8,cross-corpus-882,RobustScaler,ET,48,13,5,0.2071,5.0154,5.8141,0.2421,-0.1779,0.2659
1,negative_training,SHAM,phq_8,PHQ8,cross-corpus-882,RobustScaler,GB,48,13,5,0.0432,6.4596,7.2152,0.0505,-0.814,0.2327
1,negative_training,SHAM,phq_8,PHQ8,cross-corpus-882,RobustScaler,XGB,48,13,5,0.3227,5.0751,5.6736,0.3787,-0.1217,0.3878
1,negative_training,SHAM,phq_8,PHQ8,cross-corpus-882,RobustScaler,MLP,48,13,5,0.015,6.4179,7.3713,0.0162,-0.8934,0.0416
1,negative_training,SHAM,phq_8,PHQ8,cross-corpus-882,RobustScaler,LGBM,48,13,5,0.078,5.4391,5.9996,0.1162,-0.2543,0.1773
1,negative_training,SHAM,phq_8,PHQ8,cross-corpus-882,RobustScaler,CatBoost,48,13,5,0.1226,5.2923,6.2045,0.1553,-0.3414,0.3324
2,negative_training,SHAM,phq_8,PHQ8,cross-corpus-882,StandardScaler,Ridge,49,12,5,0.3126,6.2748,8.1445,0.3761,-0.5419,0.1549
2,negative_training,SHAM,phq_8,PHQ8,cross-corpus-882,StandardScaler,Lasso,49,12,5,0.3132,6.2344,8.0516,0.3778,-0.5069,0.1549
2,negative_training,SHAM,phq_8,PHQ8,cross-corpus-882,StandardScaler,ElasticNet,49,12,5,0.3132,6.165,7.901,0.3798,-0.4511,0.2324
2,negative_training,SHAM,phq_8,PHQ8,cross-corpus-882,StandardScaler,SVR,49,12,5,0.2703,4.8095,6.4067,0.3503,0.0459,0.2958
2,negative_training,SHAM,phq_8,PHQ8,cross-corpus-882,StandardScaler,KNN,49,12,5,0.2284,5.0278,6.4093,0.345,0.0451,0.169
2,negative_training,SHAM,phq_8,PHQ8,cross-corpus-882,StandardScaler,RF,49,12,5,0.1487,5.6504,6.6776,0.2459,-0.0365,0.1127
2,negative_training,SHAM,phq_8,PHQ8,cross-corpus-882,StandardScaler,ET,49,12,5,0.3676,4.6992,6.1002,0.4499,0.135,0.3873
2,negative_training,SHAM,phq_8,PHQ8,cross-corpus-882,StandardScaler,GB,49,12,5,0.159,6.1024,7.0075,0.1931,-0.1414,-0.0493
2,negative_training,SHAM,phq_8,PHQ8,cross-corpus-882,StandardScaler,XGB,49,12,5,0.2109,5.715,6.61,0.2955,-0.0156,0.0916
2,negative_training,SHAM,phq_8,PHQ8,cross-corpus-882,StandardScaler,MLP,49,12,5,0.3929,7.0326,10.0017,0.4794,-1.3253,0.3732
2,negative_training,SHAM,phq_8,PHQ8,cross-corpus-882,StandardScaler,LGBM,49,12,5,0.0421,6.2201,7.0999,0.0668,-0.1717,-0.1101
2,negative_training,SHAM,phq_8,PHQ8,cross-corpus-882,StandardScaler,CatBoost,49,12,5,0.3578,5.0638,6.0239,0.472,0.1565,0.3169
2,negative_training,SHAM,phq_8,PHQ8,cross-corpus-882,MinMaxScaler,Ridge,49,12,5,0.212,5.3629,6.4932,0.3609,0.02,0.2676
2,negative_training,SHAM,phq_8,PHQ8,cross-corpus-882,MinMaxScaler,Lasso,49,12,5,0.1831,5.2502,6.6333,0.2751,-0.0228,0.2254
2,negative_training,SHAM,phq_8,PHQ8,cross-corpus-882,MinMaxScaler,ElasticNet,49,12,5,0.2068,5.3217,6.5543,0.324,0.0015,0.2254
2,negative_training,SHAM,phq_8,PHQ8,cross-corpus-882,MinMaxScaler,SVR,49,12,5,0.2544,5.5734,6.618,0.3568,-0.0181,0.3169
2,negative_training,SHAM,phq_8,PHQ8,cross-corpus-882,MinMaxScaler,KNN,49,12,5,0.5133,4.9167,5.6265,0.6135,0.2641,0.5503
2,negative_training,SHAM,phq_8,PHQ8,cross-corpus-882,MinMaxScaler,RF,49,12,5,-0.0056,6.0015,6.9658,-0.0114,-0.1279,-0.0704
2,negative_training,SHAM,phq_8,PHQ8,cross-corpus-882,MinMaxScaler,ET,49,12,5,0.2288,5.3974,6.3218,0.4039,0.071,0.3873
2,negative_training,SHAM,phq_8,PHQ8,cross-corpus-882,MinMaxScaler,GB,49,12,5,-0.1228,7.0121,8.0943,-0.1511,-0.5229,-0.2465
2,negative_training,SHAM,phq_8,PHQ8,cross-corpus-882,MinMaxScaler,XGB,49,12,5,-0.191,7.3691,8.4539,-0.2264,-0.6613,-0.3732
2,negative_training,SHAM,phq_8,PHQ8,cross-corpus-882,MinMaxScaler,MLP,49,12,5,0.2662,5.6099,6.5756,0.4486,-0.005,0.3028
2,negative_training,SHAM,phq_8,PHQ8,cross-corpus-882,MinMaxScaler,LGBM,49,12,5,-0.072,6.48,7.6154,-0.1037,-0.3481,-0.0638
2,negative_training,SHAM,phq_8,PHQ8,cross-corpus-882,MinMaxScaler,CatBoost,49,12,5,0.0659,5.9658,6.9703,0.1014,-0.1293,0.0634
2,negative_training,SHAM,phq_8,PHQ8,cross-corpus-882,RobustScaler,Ridge,49,12,5,0.2608,5.5007,6.5413,0.4278,0.0054,0.3099
2,negative_training,SHAM,phq_8,PHQ8,cross-corpus-882,RobustScaler,Lasso,49,12,5,0.2437,5.4739,6.6396,0.3758,-0.0247,0.2606
2,negative_training,SHAM,phq_8,PHQ8,cross-corpus-882,RobustScaler,ElasticNet,49,12,5,0.2558,5.5062,6.6068,0.3974,-0.0146,0.2606
2,negative_training,SHAM,phq_8,PHQ8,cross-corpus-882,RobustScaler,SVR,49,12,5,0.2463,5.8604,6.9024,0.3576,-0.1074,0.3099
2,negative_training,SHAM,phq_8,PHQ8,cross-corpus-882,RobustScaler,KNN,49,12,5,0.4257,5.4444,6.2923,0.5494,0.0797,0.4099
2,negative_training,SHAM,phq_8,PHQ8,cross-corpus-882,RobustScaler,RF,49,12,5,0.1427,5.7648,6.7038,0.2532,-0.0446,0.1268
2,negative_training,SHAM,phq_8,PHQ8,cross-corpus-882,RobustScaler,ET,49,12,5,0.2863,5.2196,6.3945,0.4453,0.0495,0.2958
2,negative_training,SHAM,phq_8,PHQ8,cross-corpus-882,RobustScaler,GB,49,12,5,-0.095,7.6352,8.2929,-0.1093,-0.5986,-0.2254
2,negative_training,SHAM,phq_8,PHQ8,cross-corpus-882,RobustScaler,XGB,49,12,5,-0.1123,7.3178,8.3642,-0.1359,-0.6262,-0.1831
2,negative_training,SHAM,phq_8,PHQ8,cross-corpus-882,RobustScaler,MLP,49,12,5,0.4643,5.9787,7.8282,0.5293,-0.4245,0.4507
2,negative_training,SHAM,phq_8,PHQ8,cross-corpus-882,RobustScaler,LGBM,49,12,5,-0.0905,6.5403,7.7127,-0.1233,-0.3827,-0.0638
2,negative_training,SHAM,phq_8,PHQ8,cross-corpus-882,RobustScaler,CatBoost,49,12,5,0.1009,5.9991,6.9761,0.1607,-0.1312,0.0845
3,negative_training,SHAM,phq_8,PHQ8,cross-corpus-882,StandardScaler,Ridge,49,12,5,0.2146,5.8174,6.903,0.4012,0.0319,0.3012
3,negative_training,SHAM,phq_8,PHQ8,cross-corpus-882,StandardScaler,Lasso,49,12,5,0.2227,5.788,7.1132,0.3814,-0.0279,0.3257
3,negative_training,SHAM,phq_8,PHQ8,cross-corpus-882,StandardScaler,ElasticNet,49,12,5,0.2174,5.8037,7.061,0.3801,-0.0129,0.3257
3,negative_training,SHAM,phq_8,PHQ8,cross-corpus-882,StandardScaler,SVR,49,12,5,0.0816,6.3901,7.0884,0.2369,-0.0208,0.3573
3,negative_training,SHAM,phq_8,PHQ8,cross-corpus-882,StandardScaler,KNN,49,12,5,0.3852,5.4537,6.1775,0.567,0.2247,0.6281
3,negative_training,SHAM,phq_8,PHQ8,cross-corpus-882,StandardScaler,RF,49,12,5,0.1967,6.1716,6.8543,0.4126,0.0455,0.3398
3,negative_training,SHAM,phq_8,PHQ8,cross-corpus-882,StandardScaler,ET,49,12,5,0.133,6.4338,7.0803,0.3062,-0.0185,0.2802
3,negative_training,SHAM,phq_8,PHQ8,cross-corpus-882,StandardScaler,GB,49,12,5,0.1136,6.6534,7.4157,0.217,-0.1172,0.3047
3,negative_training,SHAM,phq_8,PHQ8,cross-corpus-882,StandardScaler,XGB,49,12,5,0.2139,6.4238,7.1177,0.3771,-0.0292,0.4308
3,negative_training,SHAM,phq_8,PHQ8,cross-corpus-882,StandardScaler,MLP,49,12,5,0.1508,6.1988,7.8562,0.2064,-0.2539,0.1436
3,negative_training,SHAM,phq_8,PHQ8,cross-corpus-882,StandardScaler,LGBM,49,12,5,0.2688,5.8289,6.6744,0.4682,0.095,0.4516
3,negative_training,SHAM,phq_8,PHQ8,cross-corpus-882,StandardScaler,CatBoost,49,12,5,0.2042,6.4489,6.9664,0.4025,0.0141,0.3468
3,negative_training,SHAM,phq_8,PHQ8,cross-corpus-882,MinMaxScaler,Ridge,49,12,10,0.0507,6.3226,7.3035,0.0942,-0.0837,0.1646
3,negative_training,SHAM,phq_8,PHQ8,cross-corpus-882,MinMaxScaler,Lasso,49,12,10,0.0274,6.3495,7.3339,0.0581,-0.0927,0.1856
3,negative_training,SHAM,phq_8,PHQ8,cross-corpus-882,MinMaxScaler,ElasticNet,49,12,10,0.0627,6.3767,7.396,0.1119,-0.1113,0.2662
3,negative_training,SHAM,phq_8,PHQ8,cross-corpus-882,MinMaxScaler,SVR,49,12,10,0.1278,6.1551,7.3975,0.2037,-0.1118,0.2487
3,negative_training,SHAM,phq_8,PHQ8,cross-corpus-882,MinMaxScaler,KNN,49,12,10,0.3825,5.4444,6.2849,0.4815,0.1975,0.546
3,negative_training,SHAM,phq_8,PHQ8,cross-corpus-882,MinMaxScaler,RF,49,12,10,0.1585,6.0496,6.9498,0.3023,0.0187,0.3748
3,negative_training,SHAM,phq_8,PHQ8,cross-corpus-882,MinMaxScaler,ET,49,12,10,0.2956,5.5175,6.3027,0.563,0.193,0.648
3,negative_training,SHAM,phq_8,PHQ8,cross-corpus-882,MinMaxScaler,GB,49,12,10,0.2617,5.8317,7.0561,0.3366,-0.0115,0.4203
3,negative_training,SHAM,phq_8,PHQ8,cross-corpus-882,MinMaxScaler,XGB,49,12,10,0.2944,5.6168,6.5584,0.4642,0.1262,0.3958
3,negative_training,SHAM,phq_8,PHQ8,cross-corpus-882,MinMaxScaler,MLP,49,12,10,0.0091,6.3968,7.2641,0.0192,-0.072,0.1296
3,negative_training,SHAM,phq_8,PHQ8,cross-corpus-882,MinMaxScaler,LGBM,49,12,10,-0.0084,6.839,7.6184,-0.0163,-0.1791,0.1719
3,negative_training,SHAM,phq_8,PHQ8,cross-corpus-882,MinMaxScaler,CatBoost,49,12,10,0.2112,5.8853,6.802,0.4049,0.06,0.4939
3,negative_training,SHAM,phq_8,PHQ8,cross-corpus-882,RobustScaler,Ridge,49,12,10,0.0139,6.3657,7.2263,0.0522,-0.0609,0.2102
3,negative_training,SHAM,phq_8,PHQ8,cross-corpus-882,RobustScaler,Lasso,49,12,10,-0.0748,6.6149,7.4886,-0.4332,-0.1393,-0.4413
3,negative_training,SHAM,phq_8,PHQ8,cross-corpus-882,RobustScaler,ElasticNet,49,12,10,-0.0059,6.462,7.3843,-0.0195,-0.1078,0.2032
3,negative_training,SHAM,phq_8,PHQ8,cross-corpus-882,RobustScaler,SVR,49,12,10,0.0527,6.1747,6.9867,0.1551,0.0083,0.1331
3,negative_training,SHAM,phq_8,PHQ8,cross-corpus-882,RobustScaler,KNN,49,12,10,0.0661,6.3333,7.5205,0.1621,-0.149,0.2162
3,negative_training,SHAM,phq_8,PHQ8,cross-corpus-882,RobustScaler,RF,49,12,10,0.2177,5.8954,6.8156,0.3705,0.0563,0.4483
3,negative_training,SHAM,phq_8,PHQ8,cross-corpus-882,RobustScaler,ET,49,12,10,0.1984,5.9546,6.8382,0.431,0.05,0.4308
3,negative_training,SHAM,phq_8,PHQ8,cross-corpus-882,RobustScaler,GB,49,12,10,0.3544,5.634,6.8123,0.4217,0.0572,0.4588
3,negative_training,SHAM,phq_8,PHQ8,cross-corpus-882,RobustScaler,XGB,49,12,10,0.1558,6.2617,7.3961,0.2108,-0.1113,0.2067
3,negative_training,SHAM,phq_8,PHQ8,cross-corpus-882,RobustScaler,MLP,49,12,10,-0.0289,6.7273,8.5571,-0.0519,-0.4876,0.0701
3,negative_training,SHAM,phq_8,PHQ8,cross-corpus-882,RobustScaler,LGBM,49,12,10,-0.0087,6.8189,7.6065,-0.0164,-0.1755,0.1716
3,negative_training,SHAM,phq_8,PHQ8,cross-corpus-882,RobustScaler,CatBoost,49,12,10,0.1817,6.133,7.1838,0.2941,-0.0484,0.4588
4,negative_training,SHAM,phq_8,PHQ8,cross-corpus-882,StandardScaler,Ridge,49,12,5,-0.2281,5.7896,7.309,-0.2497,-1.7289,0.042
4,negative_training,SHAM,phq_8,PHQ8,cross-corpus-882,StandardScaler,Lasso,49,12,5,-0.2159,5.9245,7.4662,-0.2375,-1.8475,0.0525
4,negative_training,SHAM,phq_8,PHQ8,cross-corpus-882,StandardScaler,ElasticNet,49,12,5,-0.26,5.4503,6.8973,-0.2831,-1.4301,0.0385
4,negative_training,SHAM,phq_8,PHQ8,cross-corpus-882,StandardScaler,SVR,49,12,5,0.0191,4.7868,5.4201,0.0235,-0.5006,0.042
4,negative_training,SHAM,phq_8,PHQ8,cross-corpus-882,StandardScaler,KNN,49,12,5,-0.2093,5.6333,6.4036,-0.2307,-1.0947,-0.2452
4,negative_training,SHAM,phq_8,PHQ8,cross-corpus-882,StandardScaler,RF,49,12,5,-0.1155,4.5692,5.3824,-0.1476,-0.4799,-0.0525
4,negative_training,SHAM,phq_8,PHQ8,cross-corpus-882,StandardScaler,ET,49,12,5,-0.1026,4.7433,5.5478,-0.1252,-0.5722,-0.056
4,negative_training,SHAM,phq_8,PHQ8,cross-corpus-882,StandardScaler,GB,49,12,5,-0.0087,4.9681,6.0694,-0.0092,-0.8817,0.1997
4,negative_training,SHAM,phq_8,PHQ8,cross-corpus-882,StandardScaler,XGB,49,12,5,0.0426,4.6756,5.6519,0.0609,-0.6317,0.1226
4,negative_training,SHAM,phq_8,PHQ8,cross-corpus-882,StandardScaler,MLP,49,12,5,-0.1756,5.7584,6.5763,-0.2041,-1.2092,0.1296
4,negative_training,SHAM,phq_8,PHQ8,cross-corpus-882,StandardScaler,LGBM,49,12,5,-0.3047,5.678,6.3958,-0.3538,-1.0896,-0.1997
4,negative_training,SHAM,phq_8,PHQ8,cross-corpus-882,StandardScaler,CatBoost,49,12,5,-0.0876,4.6906,5.3918,-0.1143,-0.485,-0.028
4,negative_training,SHAM,phq_8,PHQ8,cross-corpus-882,MinMaxScaler,Ridge,49,12,10,-0.1883,5.3809,6.4509,-0.2124,-1.1257,-0.0595
4,negative_training,SHAM,phq_8,PHQ8,cross-corpus-882,MinMaxScaler,Lasso,49,12,10,-0.1437,5.4035,6.5096,-0.1638,-1.1646,-0.0841
4,negative_training,SHAM,phq_8,PHQ8,cross-corpus-882,MinMaxScaler,ElasticNet,49,12,10,-0.2168,4.9185,5.9305,-0.2534,-0.7966,-0.0595
4,negative_training,SHAM,phq_8,PHQ8,cross-corpus-882,MinMaxScaler,SVR,49,12,10,0.4692,3.8717,4.0648,0.5888,0.156,0.669
4,negative_training,SHAM,phq_8,PHQ8,cross-corpus-882,MinMaxScaler,KNN,49,12,10,-0.0999,5.5714,6.31,-0.1016,-1.0339,0.0035
4,negative_training,SHAM,phq_8,PHQ8,cross-corpus-882,MinMaxScaler,RF,49,12,10,-0.0595,4.9942,5.5611,-0.0659,-0.5798,-0.035
4,negative_training,SHAM,phq_8,PHQ8,cross-corpus-882,MinMaxScaler,ET,49,12,10,0.1711,4.3592,4.9695,0.1984,-0.2615,0.3468
4,negative_training,SHAM,phq_8,PHQ8,cross-corpus-882,MinMaxScaler,GB,49,12,10,-0.0665,5.3325,6.1462,-0.0695,-0.9297,-0.0876
4,negative_training,SHAM,phq_8,PHQ8,cross-corpus-882,MinMaxScaler,XGB,49,12,10,0.108,4.7386,5.9864,0.119,-0.8306,0.1086
4,negative_training,SHAM,phq_8,PHQ8,cross-corpus-882,MinMaxScaler,MLP,49,12,10,-0.1813,5.1676,6.1807,-0.211,-0.9514,0.014
4,negative_training,SHAM,phq_8,PHQ8,cross-corpus-882,MinMaxScaler,LGBM,49,12,10,-0.0396,5.1644,5.753,-0.0433,-0.6907,0.014
4,negative_training,SHAM,phq_8,PHQ8,cross-corpus-882,MinMaxScaler,CatBoost,49,12,10,0.2708,4.1927,4.7367,0.3376,-0.1461,0.2872
4,negative_training,SHAM,phq_8,PHQ8,cross-corpus-882,RobustScaler,Ridge,49,12,10,-0.123,5.1468,6.2331,-0.1426,-0.9846,0.1016
4,negative_training,SHAM,phq_8,PHQ8,cross-corpus-882,RobustScaler,Lasso,49,12,10,-0.1243,5.2653,6.6741,-0.1417,-1.2753,0.0525
4,negative_training,SHAM,phq_8,PHQ8,cross-corpus-882,RobustScaler,ElasticNet,49,12,10,-0.1218,5.261,6.5513,-0.1394,-1.1924,0.0455
4,negative_training,SHAM,phq_8,PHQ8,cross-corpus-882,RobustScaler,SVR,49,12,10,0.4248,3.9337,4.3128,0.5669,0.0498,0.606
4,negative_training,SHAM,phq_8,PHQ8,cross-corpus-882,RobustScaler,KNN,49,12,10,0.2622,4.1667,4.7926,0.2855,-0.1733,0.3818
4,negative_training,SHAM,phq_8,PHQ8,cross-corpus-882,RobustScaler,RF,49,12,10,-0.0317,4.8586,5.4646,-0.0353,-0.5254,0.0701
4,negative_training,SHAM,phq_8,PHQ8,cross-corpus-882,RobustScaler,ET,49,12,10,0.1052,4.6017,5.2758,0.1184,-0.4218,0.2697
4,negative_training,SHAM,phq_8,PHQ8,cross-corpus-882,RobustScaler,GB,49,12,10,0.2335,4.5138,5.4441,0.2623,-0.514,0.035
4,negative_training,SHAM,phq_8,PHQ8,cross-corpus-882,RobustScaler,XGB,49,12,10,0.0827,4.9167,6.0904,0.1095,-0.8948,0.2487
4,negative_training,SHAM,phq_8,PHQ8,cross-corpus-882,RobustScaler,MLP,49,12,10,0.0334,5.4273,5.7346,0.0457,-0.6799,0.0806
4,negative_training,SHAM,phq_8,PHQ8,cross-corpus-882,RobustScaler,LGBM,49,12,10,0.0056,5.0537,5.6923,0.006,-0.6552,0.0842
4,negative_training,SHAM,phq_8,PHQ8,cross-corpus-882,RobustScaler,CatBoost,49,12,10,0.2109,4.0463,4.5389,0.2635,-0.0524,0.3853
5,negative_training,SHAM,phq_8,PHQ8,cross-corpus-882,StandardScaler,Ridge,49,12,10,0.3025,4.433,5.6405,0.3091,-0.249,0.2116
5,negative_training,SHAM,phq_8,PHQ8,cross-corpus-882,StandardScaler,Lasso,49,12,10,0.2355,4.0706,4.8562,0.3242,0.0742,0.2222
5,negative_training,SHAM,phq_8,PHQ8,cross-corpus-882,StandardScaler,ElasticNet,49,12,10,0.2766,4.11,4.8816,0.3425,0.0645,0.261
5,negative_training,SHAM,phq_8,PHQ8,cross-corpus-882,StandardScaler,SVR,49,12,10,0.2163,4.0422,5.5997,0.2279,-0.231,0.1728
5,negative_training,SHAM,phq_8,PHQ8,cross-corpus-882,StandardScaler,KNN,49,12,10,0.3639,4.1071,5.0848,0.382,-0.015,0.2756
5,negative_training,SHAM,phq_8,PHQ8,cross-corpus-882,StandardScaler,RF,49,12,10,0.102,4.604,5.7347,0.1155,-0.2911,0.1235
5,negative_training,SHAM,phq_8,PHQ8,cross-corpus-882,StandardScaler,ET,49,12,10,0.2795,3.9483,5.1651,0.3052,-0.0473,0.1905
5,negative_training,SHAM,phq_8,PHQ8,cross-corpus-882,StandardScaler,GB,49,12,10,0.2216,4.4282,6.1695,0.2242,-0.4943,0.1482
5,negative_training,SHAM,phq_8,PHQ8,cross-corpus-882,StandardScaler,XGB,49,12,10,0.3458,3.7554,5.0923,0.3608,-0.018,0.3492
5,negative_training,SHAM,phq_8,PHQ8,cross-corpus-882,StandardScaler,MLP,49,12,10,0.304,4.9842,6.3072,0.3106,-0.5617,0.1975
5,negative_training,SHAM,phq_8,PHQ8,cross-corpus-882,StandardScaler,LGBM,49,12,10,0.1337,4.4624,6.1303,0.1387,-0.4753,0.0565
5,negative_training,SHAM,phq_8,PHQ8,cross-corpus-882,StandardScaler,CatBoost,49,12,10,0.1742,4.3101,5.4912,0.1912,-0.1838,0.1376
5,negative_training,SHAM,phq_8,PHQ8,cross-corpus-882,MinMaxScaler,Ridge,49,12,5,0.2398,4.4996,5.322,0.2706,-0.112,0.1552
5,negative_training,SHAM,phq_8,PHQ8,cross-corpus-882,MinMaxScaler,Lasso,49,12,5,0.2582,4.486,5.3237,0.2839,-0.1126,0.2469
5,negative_training,SHAM,phq_8,PHQ8,cross-corpus-882,MinMaxScaler,ElasticNet,49,12,5,0.2621,4.6461,5.5854,0.2777,-0.2247,0.1552
5,negative_training,SHAM,phq_8,PHQ8,cross-corpus-882,MinMaxScaler,SVR,49,12,5,0.2332,4.3328,5.0857,0.2857,-0.0154,0.2328
5,negative_training,SHAM,phq_8,PHQ8,cross-corpus-882,MinMaxScaler,KNN,49,12,5,0.0247,5.2315,6.5805,0.0255,-0.7,-0.0673
5,negative_training,SHAM,phq_8,PHQ8,cross-corpus-882,MinMaxScaler,RF,49,12,5,0.1065,4.4945,5.6848,0.1311,-0.2687,0.1905
5,negative_training,SHAM,phq_8,PHQ8,cross-corpus-882,MinMaxScaler,ET,49,12,5,0.1415,4.64,5.9777,0.1542,-0.4028,0.1905
5,negative_training,SHAM,phq_8,PHQ8,cross-corpus-882,MinMaxScaler,GB,49,12,5,0.2727,4.3591,5.78,0.2825,-0.3116,0.2152
5,negative_training,SHAM,phq_8,PHQ8,cross-corpus-882,MinMaxScaler,XGB,49,12,5,0.2716,4.071,5.5588,0.2934,-0.2131,0.2258
5,negative_training,SHAM,phq_8,PHQ8,cross-corpus-882,MinMaxScaler,MLP,49,12,5,0.2442,5.1199,6.0773,0.2521,-0.4499,0.2011
5,negative_training,SHAM,phq_8,PHQ8,cross-corpus-882,MinMaxScaler,LGBM,49,12,5,0.1647,4.634,6.1092,0.1775,-0.4652,0.1082
5,negative_training,SHAM,phq_8,PHQ8,cross-corpus-882,MinMaxScaler,CatBoost,49,12,5,0.1418,4.1996,5.7922,0.1583,-0.3171,0.1411
5,negative_training,SHAM,phq_8,PHQ8,cross-corpus-882,RobustScaler,Ridge,49,12,10,0.3218,4.1803,5.2445,0.3403,-0.0798,0.254
5,negative_training,SHAM,phq_8,PHQ8,cross-corpus-882,RobustScaler,Lasso,49,12,10,0.2879,5.082,6.1838,0.2916,-0.5012,0.1482
5,negative_training,SHAM,phq_8,PHQ8,cross-corpus-882,RobustScaler,ElasticNet,49,12,10,0.2534,4.0636,4.7492,0.3697,0.1145,0.2857
5,negative_training,SHAM,phq_8,PHQ8,cross-corpus-882,RobustScaler,SVR,49,12,10,0.1903,4.2113,5.6331,0.2013,-0.2458,0.1728
5,negative_training,SHAM,phq_8,PHQ8,cross-corpus-882,RobustScaler,KNN,49,12,10,0.4178,4.0,5.059,0.4335,-0.0048,0.381
5,negative_training,SHAM,phq_8,PHQ8,cross-corpus-882,RobustScaler,RF,49,12,10,0.102,4.604,5.7347,0.1155,-0.2911,0.1235
5,negative_training,SHAM,phq_8,PHQ8,cross-corpus-882,RobustScaler,ET,49,12,10,0.2795,3.9483,5.1651,0.3052,-0.0473,0.1905
5,negative_training,SHAM,phq_8,PHQ8,cross-corpus-882,RobustScaler,GB,49,12,10,0.2216,4.4282,6.1695,0.2242,-0.4943,0.1482
5,negative_training,SHAM,phq_8,PHQ8,cross-corpus-882,RobustScaler,XGB,49,12,10,0.3458,3.7554,5.0923,0.3608,-0.018,0.3492
5,negative_training,SHAM,phq_8,PHQ8,cross-corpus-882,RobustScaler,MLP,49,12,10,0.2156,5.0332,6.4517,0.2187,-0.6341,0.1799
5,negative_training,SHAM,phq_8,PHQ8,cross-corpus-882,RobustScaler,LGBM,49,12,10,0.1683,4.3185,6.1173,0.1741,-0.4691,0.0495
5,negative_training,SHAM,phq_8,PHQ8,cross-corpus-882,RobustScaler,CatBoost,49,12,10,0.1742,4.3101,5.4912,0.1912,-0.1838,0.1376
1,negative_training,SHAM,phq_9,PHQ9,cross-corpus-882,StandardScaler,Ridge,48,13,5,0.1648,5.9773,6.8733,0.203,-0.1966,0.2782
1,negative_training,SHAM,phq_9,PHQ9,cross-corpus-882,StandardScaler,Lasso,48,13,5,0.1824,5.986,7.0853,0.2051,-0.2716,0.292
1,negative_training,SHAM,phq_9,PHQ9,cross-corpus-882,StandardScaler,ElasticNet,48,13,5,0.1727,5.9843,6.9468,0.205,-0.2224,0.3223
1,negative_training,SHAM,phq_9,PHQ9,cross-corpus-882,StandardScaler,SVR,48,13,5,-0.0571,7.0742,8.527,-0.0705,-0.8417,-0.0441
1,negative_training,SHAM,phq_9,PHQ9,cross-corpus-882,StandardScaler,KNN,48,13,5,0.1673,6.1453,6.8232,0.2158,-0.1792,0.2777
1,negative_training,SHAM,phq_9,PHQ9,cross-corpus-882,StandardScaler,RF,48,13,5,0.1764,5.7921,6.4798,0.2531,-0.0635,0.2314
1,negative_training,SHAM,phq_9,PHQ9,cross-corpus-882,StandardScaler,ET,48,13,5,0.0501,6.4127,7.0343,0.0644,-0.2533,0.168
1,negative_training,SHAM,phq_9,PHQ9,cross-corpus-882,StandardScaler,GB,48,13,5,0.0811,6.2778,6.8083,0.0992,-0.1741,0.259
1,negative_training,SHAM,phq_9,PHQ9,cross-corpus-882,StandardScaler,XGB,48,13,5,0.0972,6.2709,6.7959,0.116,-0.1698,0.168
1,negative_training,SHAM,phq_9,PHQ9,cross-corpus-882,StandardScaler,MLP,48,13,5,0.1361,6.3648,7.2805,0.1535,-0.3426,0.2479
1,negative_training,SHAM,phq_9,PHQ9,cross-corpus-882,StandardScaler,LGBM,48,13,5,0.1814,5.7258,6.6901,0.2565,-0.1337,0.3148
1,negative_training,SHAM,phq_9,PHQ9,cross-corpus-882,StandardScaler,CatBoost,48,13,5,0.0738,6.3278,6.7716,0.095,-0.1615,0.2176
1,negative_training,SHAM,phq_9,PHQ9,cross-corpus-882,MinMaxScaler,Ridge,48,13,5,0.1702,5.9525,6.8114,0.2142,-0.1752,0.2782
1,negative_training,SHAM,phq_9,PHQ9,cross-corpus-882,MinMaxScaler,Lasso,48,13,5,0.1791,5.9873,7.0172,0.2065,-0.2472,0.292
1,negative_training,SHAM,phq_9,PHQ9,cross-corpus-882,MinMaxScaler,ElasticNet,48,13,5,0.1759,5.978,6.9102,0.2107,-0.2095,0.2782
1,negative_training,SHAM,phq_9,PHQ9,cross-corpus-882,MinMaxScaler,SVR,48,13,5,-0.0691,7.1717,8.3823,-0.0789,-0.7797,-0.0689
1,negative_training,SHAM,phq_9,PHQ9,cross-corpus-882,MinMaxScaler,KNN,48,13,5,0.0741,6.7231,7.5081,0.0823,-0.4279,0.2345
1,negative_training,SHAM,phq_9,PHQ9,cross-corpus-882,MinMaxScaler,RF,48,13,5,0.1774,5.7874,6.4771,0.2546,-0.0626,0.2314
1,negative_training,SHAM,phq_9,PHQ9,cross-corpus-882,MinMaxScaler,ET,48,13,5,0.0501,6.4127,7.0343,0.0644,-0.2533,0.168
1,negative_training,SHAM,phq_9,PHQ9,cross-corpus-882,MinMaxScaler,GB,48,13,5,0.0811,6.2778,6.8083,0.0992,-0.1741,0.259
1,negative_training,SHAM,phq_9,PHQ9,cross-corpus-882,MinMaxScaler,XGB,48,13,5,0.0258,6.4825,7.0843,0.0316,-0.2712,0.022
1,negative_training,SHAM,phq_9,PHQ9,cross-corpus-882,MinMaxScaler,MLP,48,13,5,0.1589,5.9124,6.8656,0.2286,-0.194,0.2369
1,negative_training,SHAM,phq_9,PHQ9,cross-corpus-882,MinMaxScaler,LGBM,48,13,5,0.1542,5.8042,6.708,0.226,-0.1398,0.2996
1,negative_training,SHAM,phq_9,PHQ9,cross-corpus-882,MinMaxScaler,CatBoost,48,13,5,0.0738,6.3278,6.7716,0.095,-0.1615,0.2176
1,negative_training,SHAM,phq_9,PHQ9,cross-corpus-882,RobustScaler,Ridge,48,13,5,0.1744,5.9959,7.0247,0.2005,-0.2499,0.292
1,negative_training,SHAM,phq_9,PHQ9,cross-corpus-882,RobustScaler,Lasso,48,13,5,0.1813,5.9879,7.0792,0.2042,-0.2694,0.292
1,negative_training,SHAM,phq_9,PHQ9,cross-corpus-882,RobustScaler,ElasticNet,48,13,5,0.1793,5.9908,7.0635,0.2031,-0.2638,0.292
1,negative_training,SHAM,phq_9,PHQ9,cross-corpus-882,RobustScaler,SVR,48,13,5,0.12,6.483,7.4882,0.1479,-0.4203,0.2342
1,negative_training,SHAM,phq_9,PHQ9,cross-corpus-882,RobustScaler,KNN,48,13,5,0.1211,6.1795,6.9414,0.1617,-0.2205,0.1902
1,negative_training,SHAM,phq_9,PHQ9,cross-corpus-882,RobustScaler,RF,48,13,5,0.1774,5.7874,6.4771,0.2546,-0.0626,0.2314
1,negative_training,SHAM,phq_9,PHQ9,cross-corpus-882,RobustScaler,ET,48,13,5,0.0501,6.4127,7.0343,0.0644,-0.2533,0.168
1,negative_training,SHAM,phq_9,PHQ9,cross-corpus-882,RobustScaler,GB,48,13,5,0.0811,6.2778,6.8083,0.0992,-0.1741,0.259
1,negative_training,SHAM,phq_9,PHQ9,cross-corpus-882,RobustScaler,XGB,48,13,5,0.0258,6.4825,7.0843,0.0316,-0.2712,0.022
1,negative_training,SHAM,phq_9,PHQ9,cross-corpus-882,RobustScaler,MLP,48,13,5,0.1286,6.4715,7.7987,0.1449,-0.5405,0.303
1,negative_training,SHAM,phq_9,PHQ9,cross-corpus-882,RobustScaler,LGBM,48,13,5,0.1814,5.7258,6.6901,0.2565,-0.1337,0.3148
1,negative_training,SHAM,phq_9,PHQ9,cross-corpus-882,RobustScaler,CatBoost,48,13,5,0.0738,6.3278,6.7716,0.095,-0.1615,0.2176
2,negative_training,SHAM,phq_9,PHQ9,cross-corpus-882,StandardScaler,Ridge,49,12,10,0.1444,6.1997,7.8472,0.16,-0.272,0.2657
2,negative_training,SHAM,phq_9,PHQ9,cross-corpus-882,StandardScaler,Lasso,49,12,10,0.1533,6.0968,7.7472,0.1731,-0.2398,0.3007
2,negative_training,SHAM,phq_9,PHQ9,cross-corpus-882,StandardScaler,ElasticNet,49,12,10,0.1554,6.0469,7.6904,0.1773,-0.2217,0.3007
2,negative_training,SHAM,phq_9,PHQ9,cross-corpus-882,StandardScaler,SVR,49,12,10,0.1894,5.4634,7.3725,0.2311,-0.1228,0.5175
2,negative_training,SHAM,phq_9,PHQ9,cross-corpus-882,StandardScaler,KNN,49,12,10,0.1835,5.287,6.9718,0.2693,-0.0041,0.3566
2,negative_training,SHAM,phq_9,PHQ9,cross-corpus-882,StandardScaler,RF,49,12,10,-0.0053,5.6783,7.6682,-0.0074,-0.2146,0.1958
2,negative_training,SHAM,phq_9,PHQ9,cross-corpus-882,StandardScaler,ET,49,12,10,0.097,5.5492,7.2703,0.1358,-0.0919,0.4336
2,negative_training,SHAM,phq_9,PHQ9,cross-corpus-882,StandardScaler,GB,49,12,10,0.2486,4.9115,6.5112,0.3701,0.1242,0.4336
2,negative_training,SHAM,phq_9,PHQ9,cross-corpus-882,StandardScaler,XGB,49,12,10,0.0944,5.3833,7.4397,0.119,-0.1433,0.3427
2,negative_training,SHAM,phq_9,PHQ9,cross-corpus-882,StandardScaler,MLP,49,12,10,0.0445,6.7179,9.2021,0.0468,-0.7492,0.1608
2,negative_training,SHAM,phq_9,PHQ9,cross-corpus-882,StandardScaler,LGBM,49,12,10,0.2644,4.7934,6.5873,0.4137,0.1036,0.5455
2,negative_training,SHAM,phq_9,PHQ9,cross-corpus-882,StandardScaler,CatBoost,49,12,10,-0.0238,5.89,7.6571,-0.0352,-0.2112,0.1538
2,negative_training,SHAM,phq_9,PHQ9,cross-corpus-882,MinMaxScaler,Ridge,49,12,5,0.2014,6.173,7.5086,0.2797,-0.1646,0.4266
2,negative_training,SHAM,phq_9,PHQ9,cross-corpus-882,MinMaxScaler,Lasso,49,12,5,0.2077,6.5824,7.98,0.2683,-0.3154,0.4266
2,negative_training,SHAM,phq_9,PHQ9,cross-corpus-882,MinMaxScaler,ElasticNet,49,12,5,0.2071,6.4095,7.7689,0.2735,-0.2468,0.4266
2,negative_training,SHAM,phq_9,PHQ9,cross-corpus-882,MinMaxScaler,SVR,49,12,5,0.2164,5.6476,6.9491,0.3088,0.0025,0.4545
2,negative_training,SHAM,phq_9,PHQ9,cross-corpus-882,MinMaxScaler,KNN,49,12,5,0.2695,4.8889,6.5277,0.3685,0.1198,0.3944
2,negative_training,SHAM,phq_9,PHQ9,cross-corpus-882,MinMaxScaler,RF,49,12,5,0.0005,5.8625,7.7073,0.0008,-0.2271,0.1888
2,negative_training,SHAM,phq_9,PHQ9,cross-corpus-882,MinMaxScaler,ET,49,12,5,0.1017,5.502,7.3392,0.1516,-0.1127,0.2657
2,negative_training,SHAM,phq_9,PHQ9,cross-corpus-882,MinMaxScaler,GB,49,12,5,0.1581,5.4778,7.3162,0.1869,-0.1057,0.3916
2,negative_training,SHAM,phq_9,PHQ9,cross-corpus-882,MinMaxScaler,XGB,49,12,5,0.0119,5.9937,7.5913,0.0164,-0.1904,0.2308
2,negative_training,SHAM,phq_9,PHQ9,cross-corpus-882,MinMaxScaler,MLP,49,12,5,0.1927,6.751,8.2414,0.2435,-0.403,0.3706
2,negative_training,SHAM,phq_9,PHQ9,cross-corpus-882,MinMaxScaler,LGBM,49,12,5,0.1565,5.6711,6.8964,0.353,0.0175,0.3039
2,negative_training,SHAM,phq_9,PHQ9,cross-corpus-882,MinMaxScaler,CatBoost,49,12,5,0.1249,5.4386,7.4425,0.1659,-0.1442,0.2937
2,negative_training,SHAM,phq_9,PHQ9,cross-corpus-882,RobustScaler,Ridge,49,12,10,0.0237,6.881,8.8242,0.0244,-0.6085,0.1189
2,negative_training,SHAM,phq_9,PHQ9,cross-corpus-882,RobustScaler,Lasso,49,12,10,0.0376,6.6286,8.5762,0.0395,-0.5194,0.2168
2,negative_training,SHAM,phq_9,PHQ9,cross-corpus-882,RobustScaler,ElasticNet,49,12,10,0.0538,6.4692,8.3598,0.0579,-0.4437,0.2308
2,negative_training,SHAM,phq_9,PHQ9,cross-corpus-882,RobustScaler,SVR,49,12,10,0.1075,5.432,7.5612,0.1335,-0.181,0.4685
2,negative_training,SHAM,phq_9,PHQ9,cross-corpus-882,RobustScaler,KNN,49,12,10,0.3613,4.8889,6.6346,0.4321,0.0907,0.5088
2,negative_training,SHAM,phq_9,PHQ9,cross-corpus-882,RobustScaler,RF,49,12,10,-0.1242,5.9391,8.0806,-0.1783,-0.3488,0.1608
2,negative_training,SHAM,phq_9,PHQ9,cross-corpus-882,RobustScaler,ET,49,12,10,0.0434,5.7575,7.4277,0.0634,-0.1397,0.2727
2,negative_training,SHAM,phq_9,PHQ9,cross-corpus-882,RobustScaler,GB,49,12,10,-0.0872,6.2151,8.1452,-0.1131,-0.3705,0.028
2,negative_training,SHAM,phq_9,PHQ9,cross-corpus-882,RobustScaler,XGB,49,12,10,-0.1344,6.156,8.4464,-0.1624,-0.4737,0.1189
2,negative_training,SHAM,phq_9,PHQ9,cross-corpus-882,RobustScaler,MLP,49,12,10,-0.006,7.4082,9.8076,-0.0062,-0.987,0.1608
2,negative_training,SHAM,phq_9,PHQ9,cross-corpus-882,RobustScaler,LGBM,49,12,10,0.2363,4.6505,6.7024,0.3645,0.072,0.4764
2,negative_training,SHAM,phq_9,PHQ9,cross-corpus-882,RobustScaler,CatBoost,49,12,10,-0.117,6.1827,8.1517,-0.1635,-0.3727,0.042
3,negative_training,SHAM,phq_9,PHQ9,cross-corpus-882,StandardScaler,Ridge,49,12,5,0.0838,6.9181,7.4881,0.0983,-0.2485,0.0952
3,negative_training,SHAM,phq_9,PHQ9,cross-corpus-882,StandardScaler,Lasso,49,12,5,0.1065,7.005,7.7268,0.1167,-0.3294,0.1446
3,negative_training,SHAM,phq_9,PHQ9,cross-corpus-882,StandardScaler,ElasticNet,49,12,5,0.0935,7.0081,7.6722,0.1044,-0.3107,0.1446
3,negative_training,SHAM,phq_9,PHQ9,cross-corpus-882,StandardScaler,SVR,49,12,5,0.1492,6.9264,7.7444,0.195,-0.3355,0.2716
3,negative_training,SHAM,phq_9,PHQ9,cross-corpus-882,StandardScaler,KNN,49,12,5,0.0538,7.1167,7.8049,0.0685,-0.3564,0.1537
3,negative_training,SHAM,phq_9,PHQ9,cross-corpus-882,StandardScaler,RF,49,12,5,0.1143,6.5149,7.1427,0.1456,-0.136,0.1482
3,negative_training,SHAM,phq_9,PHQ9,cross-corpus-882,StandardScaler,ET,49,12,5,0.2578,6.1542,6.7211,0.3518,-0.0059,0.261
3,negative_training,SHAM,phq_9,PHQ9,cross-corpus-882,StandardScaler,GB,49,12,5,0.0975,6.7707,7.8942,0.1129,-0.3876,0.1728
3,negative_training,SHAM,phq_9,PHQ9,cross-corpus-882,StandardScaler,XGB,49,12,5,0.1583,6.3692,7.8973,0.1851,-0.3887,0.0952
3,negative_training,SHAM,phq_9,PHQ9,cross-corpus-882,StandardScaler,MLP,49,12,5,0.0019,7.5542,8.5047,0.002,-0.6106,0.127
3,negative_training,SHAM,phq_9,PHQ9,cross-corpus-882,StandardScaler,LGBM,49,12,5,0.0052,6.8315,7.5606,0.0066,-0.2728,0.0478
3,negative_training,SHAM,phq_9,PHQ9,cross-corpus-882,StandardScaler,CatBoost,49,12,5,0.1476,6.8135,7.7812,0.1779,-0.3482,0.2363
3,negative_training,SHAM,phq_9,PHQ9,cross-corpus-882,MinMaxScaler,Ridge,49,12,10,0.1773,6.3703,6.9594,0.221,-0.0784,0.3669
3,negative_training,SHAM,phq_9,PHQ9,cross-corpus-882,MinMaxScaler,Lasso,49,12,10,0.1503,6.5192,7.102,0.1832,-0.1231,0.2751
3,negative_training,SHAM,phq_9,PHQ9,cross-corpus-882,MinMaxScaler,ElasticNet,49,12,10,0.1636,6.5355,7.2134,0.1936,-0.1586,0.261
3,negative_training,SHAM,phq_9,PHQ9,cross-corpus-882,MinMaxScaler,SVR,49,12,10,0.2153,6.6338,7.5079,0.2356,-0.2551,0.2928
3,negative_training,SHAM,phq_9,PHQ9,cross-corpus-882,MinMaxScaler,KNN,49,12,10,0.0676,6.4259,7.1509,0.1479,-0.1386,0.3669
3,negative_training,SHAM,phq_9,PHQ9,cross-corpus-882,MinMaxScaler,RF,49,12,10,0.1924,5.9381,6.6399,0.2658,0.0183,0.2081
3,negative_training,SHAM,phq_9,PHQ9,cross-corpus-882,MinMaxScaler,ET,49,12,10,0.2197,6.1183,6.5591,0.3118,0.042,0.2152
3,negative_training,SHAM,phq_9,PHQ9,cross-corpus-882,MinMaxScaler,GB,49,12,10,0.1824,6.2805,7.3072,0.2223,-0.1889,0.1658
3,negative_training,SHAM,phq_9,PHQ9,cross-corpus-882,MinMaxScaler,XGB,49,12,10,0.0915,6.6191,7.6498,0.1159,-0.303,0.2434
3,negative_training,SHAM,phq_9,PHQ9,cross-corpus-882,MinMaxScaler,MLP,49,12,10,0.1099,6.9657,7.9619,0.1202,-0.4115,0.194
3,negative_training,SHAM,phq_9,PHQ9,cross-corpus-882,MinMaxScaler,LGBM,49,12,10,-0.0451,7.0304,7.7707,-0.0581,-0.3445,0.0282
3,negative_training,SHAM,phq_9,PHQ9,cross-corpus-882,MinMaxScaler,CatBoost,49,12,10,0.1502,6.2388,6.8718,0.2072,-0.0515,0.134
3,negative_training,SHAM,phq_9,PHQ9,cross-corpus-882,RobustScaler,Ridge,49,12,5,0.207,6.1424,6.5902,0.2795,0.0329,0.3951
3,negative_training,SHAM,phq_9,PHQ9,cross-corpus-882,RobustScaler,Lasso,49,12,5,0.2262,6.1773,6.6737,0.2802,0.0083,0.3951
3,negative_training,SHAM,phq_9,PHQ9,cross-corpus-882,RobustScaler,ElasticNet,49,12,5,0.2229,6.1594,6.6389,0.2827,0.0186,0.3951
3,negative_training,SHAM,phq_9,PHQ9,cross-corpus-882,RobustScaler,SVR,49,12,5,0.2252,5.6678,6.2612,0.5479,0.1271,0.5503
3,negative_training,SHAM,phq_9,PHQ9,cross-corpus-882,RobustScaler,KNN,49,12,5,0.2092,5.787,6.2838,0.4135,0.1208,0.4823
3,negative_training,SHAM,phq_9,PHQ9,cross-corpus-882,RobustScaler,RF,49,12,5,0.348,5.1811,5.853,0.5417,0.2372,0.5856
3,negative_training,SHAM,phq_9,PHQ9,cross-corpus-882,RobustScaler,ET,49,12,5,0.412,4.9286,5.7861,0.5819,0.2545,0.5961
3,negative_training,SHAM,phq_9,PHQ9,cross-corpus-882,RobustScaler,GB,49,12,5,0.4408,4.8332,5.8435,0.5509,0.2397,0.5326
3,negative_training,SHAM,phq_9,PHQ9,cross-corpus-882,RobustScaler,XGB,49,12,5,0.3703,5.0825,6.5077,0.4333,0.057,0.388
3,negative_training,SHAM,phq_9,PHQ9,cross-corpus-882,RobustScaler,MLP,49,12,5,0.3087,5.6879,6.4082,0.3883,0.0856,0.4762
3,negative_training,SHAM,phq_9,PHQ9,cross-corpus-882,RobustScaler,LGBM,49,12,5,0.0357,6.0804,7.0876,0.0524,-0.1185,0.0303
3,negative_training,SHAM,phq_9,PHQ9,cross-corpus-882,RobustScaler,CatBoost,49,12,5,0.3375,5.1515,6.0748,0.4638,0.1783,0.4515
4,negative_training,SHAM,phq_9,PHQ9,cross-corpus-882,StandardScaler,Ridge,49,12,10,0.0626,5.6632,7.0358,0.0644,-0.9481,0.035
4,negative_training,SHAM,phq_9,PHQ9,cross-corpus-882,StandardScaler,Lasso,49,12,10,0.0432,5.8648,7.2415,0.0447,-1.0637,-0.007
4,negative_training,SHAM,phq_9,PHQ9,cross-corpus-882,StandardScaler,ElasticNet,49,12,10,0.0801,5.5128,6.8609,0.0825,-0.8525,0.035
4,negative_training,SHAM,phq_9,PHQ9,cross-corpus-882,StandardScaler,SVR,49,12,10,0.235,4.5682,5.8807,0.2387,-0.361,0.2417
4,negative_training,SHAM,phq_9,PHQ9,cross-corpus-882,StandardScaler,KNN,49,12,10,0.2708,4.5463,5.4466,0.2983,-0.1675,0.2281
4,negative_training,SHAM,phq_9,PHQ9,cross-corpus-882,StandardScaler,RF,49,12,10,0.2245,3.9046,5.1571,0.2953,-0.0467,0.3152
4,negative_training,SHAM,phq_9,PHQ9,cross-corpus-882,StandardScaler,ET,49,12,10,0.3871,3.7271,4.8227,0.4289,0.0847,0.3713
4,negative_training,SHAM,phq_9,PHQ9,cross-corpus-882,StandardScaler,GB,49,12,10,0.1215,5.0127,6.5065,0.1309,-0.6661,0.042
4,negative_training,SHAM,phq_9,PHQ9,cross-corpus-882,StandardScaler,XGB,49,12,10,0.2659,3.7321,5.4228,0.3074,-0.1573,0.1401
4,negative_training,SHAM,phq_9,PHQ9,cross-corpus-882,StandardScaler,MLP,49,12,10,0.2666,4.9165,6.0042,0.2905,-0.4188,0.2452
4,negative_training,SHAM,phq_9,PHQ9,cross-corpus-882,StandardScaler,LGBM,49,12,10,0.2438,4.1187,5.3851,0.307,-0.1412,0.3068
4,negative_training,SHAM,phq_9,PHQ9,cross-corpus-882,StandardScaler,CatBoost,49,12,10,0.2908,4.1455,5.3285,0.326,-0.1174,0.3538
4,negative_training,SHAM,phq_9,PHQ9,cross-corpus-882,MinMaxScaler,Ridge,49,12,5,0.3991,3.8918,4.8832,0.4683,0.0615,0.4904
4,negative_training,SHAM,phq_9,PHQ9,cross-corpus-882,MinMaxScaler,Lasso,49,12,5,0.4153,4.1202,5.0354,0.4694,0.0021,0.4904
4,negative_training,SHAM,phq_9,PHQ9,cross-corpus-882,MinMaxScaler,ElasticNet,49,12,5,0.4102,4.0378,4.9768,0.469,0.0252,0.4904
4,negative_training,SHAM,phq_9,PHQ9,cross-corpus-882,MinMaxScaler,SVR,49,12,5,0.3554,4.2047,5.2148,0.4348,-0.0702,0.4764
4,negative_training,SHAM,phq_9,PHQ9,cross-corpus-882,MinMaxScaler,KNN,49,12,5,0.2263,4.0238,5.527,0.2475,-0.2022,0.1298
4,negative_training,SHAM,phq_9,PHQ9,cross-corpus-882,MinMaxScaler,RF,49,12,5,0.2233,3.8109,5.1302,0.307,-0.0358,0.2662
4,negative_training,SHAM,phq_9,PHQ9,cross-corpus-882,MinMaxScaler,ET,49,12,5,0.376,3.714,4.9873,0.4131,0.0211,0.4588
4,negative_training,SHAM,phq_9,PHQ9,cross-corpus-882,MinMaxScaler,GB,49,12,5,0.2328,4.5168,6.0431,0.2639,-0.4372,0.1121
4,negative_training,SHAM,phq_9,PHQ9,cross-corpus-882,MinMaxScaler,XGB,49,12,5,0.2658,3.7688,5.3211,0.3676,-0.1143,0.3292
4,negative_training,SHAM,phq_9,PHQ9,cross-corpus-882,MinMaxScaler,MLP,49,12,5,0.3889,3.7766,4.7022,0.4691,0.1298,0.4904
4,negative_training,SHAM,phq_9,PHQ9,cross-corpus-882,MinMaxScaler,LGBM,49,12,5,0.088,4.4867,6.1304,0.1011,-0.479,0.1735
4,negative_training,SHAM,phq_9,PHQ9,cross-corpus-882,MinMaxScaler,CatBoost,49,12,5,0.3236,3.4822,4.8366,0.4185,0.0794,0.4133
4,negative_training,SHAM,phq_9,PHQ9,cross-corpus-882,RobustScaler,Ridge,49,12,5,-0.0226,6.212,7.4912,-0.0235,-1.2085,-0.049
4,negative_training,SHAM,phq_9,PHQ9,cross-corpus-882,RobustScaler,Lasso,49,12,5,-0.0256,6.2562,7.5461,-0.0266,-1.241,-0.049
4,negative_training,SHAM,phq_9,PHQ9,cross-corpus-882,RobustScaler,ElasticNet,49,12,5,0.0125,5.7785,6.954,0.0131,-0.9031,0.007
4,negative_training,SHAM,phq_9,PHQ9,cross-corpus-882,RobustScaler,SVR,49,12,5,0.1488,4.4306,5.2897,0.1979,-0.1012,0.2312
4,negative_training,SHAM,phq_9,PHQ9,cross-corpus-882,RobustScaler,KNN,49,12,5,0.3805,4.4,4.9497,0.4055,0.0358,0.6
4,negative_training,SHAM,phq_9,PHQ9,cross-corpus-882,RobustScaler,RF,49,12,5,0.146,3.9048,5.1508,0.2307,-0.0441,0.1366
4,negative_training,SHAM,phq_9,PHQ9,cross-corpus-882,RobustScaler,ET,49,12,5,0.1739,4.3075,5.1664,0.2505,-0.0505,0.1611
4,negative_training,SHAM,phq_9,PHQ9,cross-corpus-882,RobustScaler,GB,49,12,5,-0.0698,4.6493,6.0504,-0.0842,-0.4407,0.0175
4,negative_training,SHAM,phq_9,PHQ9,cross-corpus-882,RobustScaler,XGB,49,12,5,0.1727,4.3148,5.6722,0.2059,-0.2662,0.1997
4,negative_training,SHAM,phq_9,PHQ9,cross-corpus-882,RobustScaler,MLP,49,12,5,0.1962,4.4807,5.4394,0.267,-0.1644,0.3047
4,negative_training,SHAM,phq_9,PHQ9,cross-corpus-882,RobustScaler,LGBM,49,12,5,0.1544,4.4339,5.8876,0.1827,-0.3642,0.1514
4,negative_training,SHAM,phq_9,PHQ9,cross-corpus-882,RobustScaler,CatBoost,49,12,5,0.1706,4.0523,5.0357,0.2593,0.002,0.2347
5,negative_training,SHAM,phq_9,PHQ9,cross-corpus-882,StandardScaler,Ridge,49,12,5,0.1264,5.1936,7.0132,0.1617,-2.3221,0.159
5,negative_training,SHAM,phq_9,PHQ9,cross-corpus-882,StandardScaler,Lasso,49,12,5,0.1261,5.2262,7.0665,0.1616,-2.3727,0.1307
5,negative_training,SHAM,phq_9,PHQ9,cross-corpus-882,StandardScaler,ElasticNet,49,12,5,0.1278,5.1371,6.9315,0.1634,-2.2451,0.159
5,negative_training,SHAM,phq_9,PHQ9,cross-corpus-882,StandardScaler,SVR,49,12,5,-0.0204,4.8353,5.5071,-0.0217,-1.0484,-0.0777
5,negative_training,SHAM,phq_9,PHQ9,cross-corpus-882,StandardScaler,KNN,49,12,5,0.2788,4.0741,4.8733,0.3182,-0.6041,0.1082
5,negative_training,SHAM,phq_9,PHQ9,cross-corpus-882,StandardScaler,RF,49,12,5,0.2029,4.3048,5.3858,0.235,-0.9592,0.1025
5,negative_training,SHAM,phq_9,PHQ9,cross-corpus-882,StandardScaler,ET,49,12,5,0.1124,4.2642,5.0564,0.1213,-0.7269,0.0177
5,negative_training,SHAM,phq_9,PHQ9,cross-corpus-882,StandardScaler,GB,49,12,5,0.3303,3.9225,5.0281,0.3483,-0.7076,0.2403
5,negative_training,SHAM,phq_9,PHQ9,cross-corpus-882,StandardScaler,XGB,49,12,5,0.3345,3.9833,5.0819,0.352,-0.7443,0.2721
5,negative_training,SHAM,phq_9,PHQ9,cross-corpus-882,StandardScaler,MLP,49,12,5,0.2004,5.3867,7.5558,0.2716,-2.856,0.0707
5,negative_training,SHAM,phq_9,PHQ9,cross-corpus-882,StandardScaler,LGBM,49,12,5,0.0433,4.4361,5.5127,0.0485,-1.0526,-0.05
5,negative_training,SHAM,phq_9,PHQ9,cross-corpus-882,StandardScaler,CatBoost,49,12,5,0.2456,4.2377,5.1168,0.2719,-0.7684,0.1307
5,negative_training,SHAM,phq_9,PHQ9,cross-corpus-882,MinMaxScaler,Ridge,49,12,5,0.1399,4.6945,6.0998,0.1723,-1.5131,0.1414
5,negative_training,SHAM,phq_9,PHQ9,cross-corpus-882,MinMaxScaler,Lasso,49,12,5,0.1545,4.6665,6.1699,0.193,-1.5711,0.1237
5,negative_training,SHAM,phq_9,PHQ9,cross-corpus-882,MinMaxScaler,ElasticNet,49,12,5,0.1301,4.9085,6.5292,0.1627,-1.8794,0.1272
5,negative_training,SHAM,phq_9,PHQ9,cross-corpus-882,MinMaxScaler,SVR,49,12,5,0.235,5.0149,6.2546,0.2873,-1.6422,0.2014
5,negative_training,SHAM,phq_9,PHQ9,cross-corpus-882,MinMaxScaler,KNN,49,12,5,0.2178,4.3611,5.1782,0.25,-0.8111,-0.0106
5,negative_training,SHAM,phq_9,PHQ9,cross-corpus-882,MinMaxScaler,RF,49,12,5,0.264,4.1816,5.2743,0.3054,-0.8789,0.1343
5,negative_training,SHAM,phq_9,PHQ9,cross-corpus-882,MinMaxScaler,ET,49,12,5,0.3156,4.2103,4.7784,0.3429,-0.5422,0.159
5,negative_training,SHAM,phq_9,PHQ9,cross-corpus-882,MinMaxScaler,GB,49,12,5,0.4892,4.0753,5.1304,0.5655,-0.7778,0.4453
5,negative_training,SHAM,phq_9,PHQ9,cross-corpus-882,MinMaxScaler,XGB,49,12,5,0.4711,4.1013,4.9999,0.5349,-0.6885,0.364
5,negative_training,SHAM,phq_9,PHQ9,cross-corpus-882,MinMaxScaler,MLP,49,12,5,0.1365,4.5385,5.7258,0.1739,-1.2143,0.1414
5,negative_training,SHAM,phq_9,PHQ9,cross-corpus-882,MinMaxScaler,LGBM,49,12,5,0.0267,4.3447,5.439,0.0309,-0.9981,-0.068
5,negative_training,SHAM,phq_9,PHQ9,cross-corpus-882,MinMaxScaler,CatBoost,49,12,5,0.261,4.249,5.2842,0.2949,-0.8859,0.1555
5,negative_training,SHAM,phq_9,PHQ9,cross-corpus-882,RobustScaler,Ridge,49,12,5,0.1262,5.1723,6.9756,0.1614,-2.2865,0.159
5,negative_training,SHAM,phq_9,PHQ9,cross-corpus-882,RobustScaler,Lasso,49,12,5,0.1261,5.2209,7.0545,0.1614,-2.3613,0.1307
5,negative_training,SHAM,phq_9,PHQ9,cross-corpus-882,RobustScaler,ElasticNet,49,12,5,0.1272,5.1102,6.8826,0.1624,-2.1994,0.159
5,negative_training,SHAM,phq_9,PHQ9,cross-corpus-882,RobustScaler,SVR,49,12,5,0.1077,4.4597,5.2441,0.1134,-0.8574,0.0212
5,negative_training,SHAM,phq_9,PHQ9,cross-corpus-882,RobustScaler,KNN,49,12,5,0.3179,3.7685,4.8167,0.3758,-0.567,0.2301
5,negative_training,SHAM,phq_9,PHQ9,cross-corpus-882,RobustScaler,RF,49,12,5,0.2029,4.3048,5.3858,0.235,-0.9592,0.1025
5,negative_training,SHAM,phq_9,PHQ9,cross-corpus-882,RobustScaler,ET,49,12,5,0.1124,4.2642,5.0564,0.1213,-0.7269,0.0177
5,negative_training,SHAM,phq_9,PHQ9,cross-corpus-882,RobustScaler,GB,49,12,5,0.3303,3.9225,5.0281,0.3483,-0.7076,0.2403
5,negative_training,SHAM,phq_9,PHQ9,cross-corpus-882,RobustScaler,XGB,49,12,5,0.3345,3.9833,5.0819,0.352,-0.7443,0.2721
5,negative_training,SHAM,phq_9,PHQ9,cross-corpus-882,RobustScaler,MLP,49,12,5,0.2128,5.0866,7.5379,0.2912,-2.8378,0.1131
5,negative_training,SHAM,phq_9,PHQ9,cross-corpus-882,RobustScaler,LGBM,49,12,5,-0.0063,4.3694,5.5212,-0.007,-1.0589,-0.1646
5,negative_training,SHAM,phq_9,PHQ9,cross-corpus-882,RobustScaler,CatBoost,49,12,5,0.2456,4.2377,5.1168,0.2719,-0.7684,0.1307
1,negative_training,SHAM,ads.1,CES-D,cross-corpus-882,StandardScaler,Ridge,48,13,5,-0.0228,10.9362,12.1579,-0.0393,-0.2709,0.0964
1,negative_training,SHAM,ads.1,CES-D,cross-corpus-882,StandardScaler,Lasso,48,13,5,-0.0575,11.46,13.5702,-0.068,-0.5833,0.1212
1,negative_training,SHAM,ads.1,CES-D,cross-corpus-882,StandardScaler,ElasticNet,48,13,5,-0.0326,11.1373,12.7868,-0.0434,-0.4058,0.1185
1,negative_training,SHAM,ads.1,CES-D,cross-corpus-882,StandardScaler,SVR,48,13,5,0.2243,10.2108,12.1007,0.2792,-0.259,0.2837
1,negative_training,SHAM,ads.1,CES-D,cross-corpus-882,StandardScaler,KNN,48,13,5,0.0452,11.5864,13.2033,0.0554,-0.4989,0.135
1,negative_training,SHAM,ads.1,CES-D,cross-corpus-882,StandardScaler,RF,48,13,5,0.1443,10.3821,12.0096,0.1777,-0.2401,0.3444
1,negative_training,SHAM,ads.1,CES-D,cross-corpus-882,StandardScaler,ET,48,13,5,0.1678,10.6475,12.4699,0.1868,-0.337,0.2865
1,negative_training,SHAM,ads.1,CES-D,cross-corpus-882,StandardScaler,GB,48,13,5,-0.1029,12.6292,15.3833,-0.1197,-1.0347,0.0193
1,negative_training,SHAM,ads.1,CES-D,cross-corpus-882,StandardScaler,XGB,48,13,5,-0.0764,12.6851,14.2377,-0.0894,-0.7429,-0.0303
1,negative_training,SHAM,ads.1,CES-D,cross-corpus-882,StandardScaler,MLP,48,13,5,0.0192,12.8344,15.5467,0.0197,-1.0781,0.168
1,negative_training,SHAM,ads.1,CES-D,cross-corpus-882,StandardScaler,LGBM,48,13,5,-0.0475,12.069,13.5298,-0.0685,-0.5739,0.0056
1,negative_training,SHAM,ads.1,CES-D,cross-corpus-882,StandardScaler,CatBoost,48,13,5,0.1208,11.0655,12.8631,0.1404,-0.4226,0.1846
1,negative_training,SHAM,ads.1,CES-D,cross-corpus-882,MinMaxScaler,Ridge,48,13,10,-0.0342,11.564,13.7551,-0.0388,-0.6267,0.0771
1,negative_training,SHAM,ads.1,CES-D,cross-corpus-882,MinMaxScaler,Lasso,48,13,10,-0.0691,11.0262,12.2164,-0.1909,-0.2832,-0.0551
1,negative_training,SHAM,ads.1,CES-D,cross-corpus-882,MinMaxScaler,ElasticNet,48,13,10,-0.022,11.2503,12.7627,-0.0303,-0.4005,0.1129
1,negative_training,SHAM,ads.1,CES-D,cross-corpus-882,MinMaxScaler,SVR,48,13,10,0.2608,9.2988,11.7455,0.2956,-0.1861,0.3967
1,negative_training,SHAM,ads.1,CES-D,cross-corpus-882,MinMaxScaler,KNN,48,13,10,0.1756,10.9555,12.7788,0.2239,-0.404,0.3503
1,negative_training,SHAM,ads.1,CES-D,cross-corpus-882,MinMaxScaler,RF,48,13,10,-0.0269,11.3641,13.2115,-0.0308,-0.5007,0.2011
1,negative_training,SHAM,ads.1,CES-D,cross-corpus-882,MinMaxScaler,ET,48,13,10,0.108,10.6386,12.4931,0.1223,-0.3419,0.2975
1,negative_training,SHAM,ads.1,CES-D,cross-corpus-882,MinMaxScaler,GB,48,13,10,-0.3431,14.2616,15.5075,-0.3672,-1.0676,-0.2782
1,negative_training,SHAM,ads.1,CES-D,cross-corpus-882,MinMaxScaler,XGB,48,13,10,-0.3985,15.1713,17.1899,-0.4929,-1.5406,-0.4876
1,negative_training,SHAM,ads.1,CES-D,cross-corpus-882,MinMaxScaler,MLP,48,13,10,0.0015,10.9978,12.8676,0.002,-0.4236,0.0826
1,negative_training,SHAM,ads.1,CES-D,cross-corpus-882,MinMaxScaler,LGBM,48,13,10,-0.0318,12.5388,14.1599,-0.0435,-0.7239,0.12
1,negative_training,SHAM,ads.1,CES-D,cross-corpus-882,MinMaxScaler,CatBoost,48,13,10,-0.198,13.2444,14.4632,-0.2533,-0.7985,-0.0771
1,negative_training,SHAM,ads.1,CES-D,cross-corpus-882,RobustScaler,Ridge,48,13,10,0.0107,11.4598,12.8558,0.0147,-0.421,0.0716
1,negative_training,SHAM,ads.1,CES-D,cross-corpus-882,RobustScaler,Lasso,48,13,10,-0.0338,12.043,13.9946,-0.0398,-0.6839,0.1019
1,negative_training,SHAM,ads.1,CES-D,cross-corpus-882,RobustScaler,ElasticNet,48,13,10,-0.0043,11.7714,13.5049,-0.0053,-0.5681,0.1074
1,negative_training,SHAM,ads.1,CES-D,cross-corpus-882,RobustScaler,SVR,48,13,10,0.1029,10.7942,13.0999,0.1239,-0.4755,0.0523
1,negative_training,SHAM,ads.1,CES-D,cross-corpus-882,RobustScaler,KNN,48,13,10,0.054,12.2011,13.7535,0.0672,-0.6264,0.1212
1,negative_training,SHAM,ads.1,CES-D,cross-corpus-882,RobustScaler,RF,48,13,10,0.0799,10.8876,12.5169,0.096,-0.3471,0.2534
1,negative_training,SHAM,ads.1,CES-D,cross-corpus-882,RobustScaler,ET,48,13,10,0.1051,11.0262,12.8331,0.1187,-0.416,0.2948
1,negative_training,SHAM,ads.1,CES-D,cross-corpus-882,RobustScaler,GB,48,13,10,0.0785,11.0541,13.3383,0.0859,-0.5296,0.1322
1,negative_training,SHAM,ads.1,CES-D,cross-corpus-882,RobustScaler,XGB,48,13,10,-0.0578,12.1051,14.2638,-0.0669,-0.7493,0.0331
1,negative_training,SHAM,ads.1,CES-D,cross-corpus-882,RobustScaler,MLP,48,13,10,0.059,12.0674,14.2359,0.0609,-0.7425,0.1653
1,negative_training,SHAM,ads.1,CES-D,cross-corpus-882,RobustScaler,LGBM,48,13,10,-0.0048,11.9313,13.6494,-0.0065,-0.6018,0.1508
1,negative_training,SHAM,ads.1,CES-D,cross-corpus-882,RobustScaler,CatBoost,48,13,10,-0.024,11.7622,13.7299,-0.0282,-0.6208,0.1873
2,negative_training,SHAM,ads.1,CES-D,cross-corpus-882,StandardScaler,Ridge,49,12,10,0.2596,16.8558,25.7808,0.3619,-3.1767,0.162
2,negative_training,SHAM,ads.1,CES-D,cross-corpus-882,StandardScaler,Lasso,49,12,10,0.2605,16.8038,25.6577,0.3618,-3.1369,0.162
2,negative_training,SHAM,ads.1,CES-D,cross-corpus-882,StandardScaler,ElasticNet,49,12,10,0.2612,16.7528,25.5542,0.3618,-3.1035,0.162
2,negative_training,SHAM,ads.1,CES-D,cross-corpus-882,StandardScaler,SVR,49,12,10,-0.023,10.5434,14.2274,-0.0291,-0.272,0.1056
2,negative_training,SHAM,ads.1,CES-D,cross-corpus-882,StandardScaler,KNN,49,12,10,-0.0029,9.9306,13.3623,-0.0047,-0.122,0.1127
2,negative_training,SHAM,ads.1,CES-D,cross-corpus-882,StandardScaler,RF,49,12,10,-0.1901,11.4226,14.6877,-0.2963,-0.3556,-0.0845
2,negative_training,SHAM,ads.1,CES-D,cross-corpus-882,StandardScaler,ET,49,12,10,-0.1029,10.579,14.158,-0.1559,-0.2596,0.1197
2,negative_training,SHAM,ads.1,CES-D,cross-corpus-882,StandardScaler,GB,49,12,10,-0.2002,12.7177,15.3472,-0.2558,-0.4801,-0.2606
2,negative_training,SHAM,ads.1,CES-D,cross-corpus-882,StandardScaler,XGB,49,12,10,-0.1571,12.0638,15.031,-0.2023,-0.4197,-0.1479
2,negative_training,SHAM,ads.1,CES-D,cross-corpus-882,StandardScaler,MLP,49,12,10,0.1944,21.5934,38.2686,0.3522,-8.2028,-0.0775
2,negative_training,SHAM,ads.1,CES-D,cross-corpus-882,StandardScaler,LGBM,49,12,10,0.1976,9.4706,11.6364,0.4513,0.1491,0.4594
2,negative_training,SHAM,ads.1,CES-D,cross-corpus-882,StandardScaler,CatBoost,49,12,10,-0.2563,11.5417,14.7056,-0.4886,-0.3589,-0.3099
2,negative_training,SHAM,ads.1,CES-D,cross-corpus-882,MinMaxScaler,Ridge,49,12,5,0.2988,12.5903,16.1922,0.3171,-0.6476,-0.0563
2,negative_training,SHAM,ads.1,CES-D,cross-corpus-882,MinMaxScaler,Lasso,49,12,5,0.2894,14.2072,20.1704,0.3374,-1.5566,-0.1268
2,negative_training,SHAM,ads.1,CES-D,cross-corpus-882,MinMaxScaler,ElasticNet,49,12,5,0.2937,13.874,19.185,0.3325,-1.3129,-0.1268
2,negative_training,SHAM,ads.1,CES-D,cross-corpus-882,MinMaxScaler,SVR,49,12,5,0.0057,10.2332,13.102,0.0108,-0.0787,0.0282
2,negative_training,SHAM,ads.1,CES-D,cross-corpus-882,MinMaxScaler,KNN,49,12,5,0.0405,10.3895,13.4318,0.0583,-0.1337,-0.0071
2,negative_training,SHAM,ads.1,CES-D,cross-corpus-882,MinMaxScaler,RF,49,12,5,-0.1224,10.9632,13.9332,-0.2315,-0.2199,0.0493
2,negative_training,SHAM,ads.1,CES-D,cross-corpus-882,MinMaxScaler,ET,49,12,5,0.0006,10.3268,13.0353,0.0013,-0.0678,0.0704
2,negative_training,SHAM,ads.1,CES-D,cross-corpus-882,MinMaxScaler,GB,49,12,5,-0.2646,12.5949,15.1702,-0.3995,-0.4462,-0.324
2,negative_training,SHAM,ads.1,CES-D,cross-corpus-882,MinMaxScaler,XGB,49,12,5,-0.1737,13.1737,15.7933,-0.2012,-0.5674,-0.1268
2,negative_training,SHAM,ads.1,CES-D,cross-corpus-882,MinMaxScaler,MLP,49,12,5,0.234,10.9809,13.9469,0.2512,-0.2223,0.0634
2,negative_training,SHAM,ads.1,CES-D,cross-corpus-882,MinMaxScaler,LGBM,49,12,5,0.0392,10.4951,12.7232,0.0857,-0.0172,0.2889
2,negative_training,SHAM,ads.1,CES-D,cross-corpus-882,MinMaxScaler,CatBoost,49,12,5,-0.0784,10.6539,13.3565,-0.2049,-0.121,-0.0986
2,negative_training,SHAM,ads.1,CES-D,cross-corpus-882,RobustScaler,Ridge,49,12,15,0.2785,16.6656,23.7861,0.3678,-2.5554,0.0986
2,negative_training,SHAM,ads.1,CES-D,cross-corpus-882,RobustScaler,Lasso,49,12,15,0.2753,16.8525,23.7932,0.3629,-2.5575,0.0986
2,negative_training,SHAM,ads.1,CES-D,cross-corpus-882,RobustScaler,ElasticNet,49,12,15,0.2916,15.7851,23.5862,0.3857,-2.4958,0.2465
2,negative_training,SHAM,ads.1,CES-D,cross-corpus-882,RobustScaler,SVR,49,12,15,0.1712,9.771,12.6989,0.2231,-0.0134,0.3732
2,negative_training,SHAM,ads.1,CES-D,cross-corpus-882,RobustScaler,KNN,49,12,15,0.3472,8.8225,11.5653,0.4249,0.1595,0.5352
2,negative_training,SHAM,ads.1,CES-D,cross-corpus-882,RobustScaler,RF,49,12,15,-0.1687,11.5162,14.3385,-0.2945,-0.2919,-0.162
2,negative_training,SHAM,ads.1,CES-D,cross-corpus-882,RobustScaler,ET,49,12,15,-0.1313,11.0275,14.1306,-0.2208,-0.2548,-0.1761
2,negative_training,SHAM,ads.1,CES-D,cross-corpus-882,RobustScaler,GB,49,12,15,-0.2196,12.2892,15.4067,-0.2876,-0.4916,-0.2042
2,negative_training,SHAM,ads.1,CES-D,cross-corpus-882,RobustScaler,XGB,49,12,15,-0.3595,13.2899,16.8309,-0.4245,-0.7801,-0.1549
2,negative_training,SHAM,ads.1,CES-D,cross-corpus-882,RobustScaler,MLP,49,12,15,0.2074,20.7248,38.5168,0.381,-8.3226,0.007
2,negative_training,SHAM,ads.1,CES-D,cross-corpus-882,RobustScaler,LGBM,49,12,15,0.1365,9.7705,12.1099,0.2831,0.0785,0.2958
2,negative_training,SHAM,ads.1,CES-D,cross-corpus-882,RobustScaler,CatBoost,49,12,15,-0.0975,10.2732,13.7351,-0.1889,-0.1855,-0.0282
3,negative_training,SHAM,ads.1,CES-D,cross-corpus-882,StandardScaler,Ridge,49,12,5,-0.1064,14.067,15.6346,-0.1662,-0.3252,-0.0634
3,negative_training,SHAM,ads.1,CES-D,cross-corpus-882,StandardScaler,Lasso,49,12,5,-0.1114,14.2707,15.9112,-0.1592,-0.3726,-0.0634
3,negative_training,SHAM,ads.1,CES-D,cross-corpus-882,StandardScaler,ElasticNet,49,12,5,-0.1079,14.1794,15.8009,-0.1584,-0.3536,-0.0634
3,negative_training,SHAM,ads.1,CES-D,cross-corpus-882,StandardScaler,SVR,49,12,5,-0.0803,14.0529,15.0039,-0.1302,-0.2205,-0.1338
3,negative_training,SHAM,ads.1,CES-D,cross-corpus-882,StandardScaler,KNN,49,12,5,0.0316,14.3556,15.42,0.037,-0.2891,0.1127
3,negative_training,SHAM,ads.1,CES-D,cross-corpus-882,StandardScaler,RF,49,12,5,0.0647,12.5741,13.8974,0.1245,-0.0471,0.1127
3,negative_training,SHAM,ads.1,CES-D,cross-corpus-882,StandardScaler,ET,49,12,5,0.1017,12.4515,14.0597,0.1476,-0.0717,0.1056
3,negative_training,SHAM,ads.1,CES-D,cross-corpus-882,StandardScaler,GB,49,12,5,0.226,11.1368,13.4944,0.3003,0.0127,0.2747
3,negative_training,SHAM,ads.1,CES-D,cross-corpus-882,StandardScaler,XGB,49,12,5,0.0961,12.1541,14.8897,0.1199,-0.202,0.162
3,negative_training,SHAM,ads.1,CES-D,cross-corpus-882,StandardScaler,MLP,49,12,5,-0.0555,14.7511,16.6213,-0.0631,-0.4978,-0.0282
3,negative_training,SHAM,ads.1,CES-D,cross-corpus-882,StandardScaler,LGBM,49,12,5,0.0935,12.2128,13.6531,0.2064,-0.0106,0.1201
3,negative_training,SHAM,ads.1,CES-D,cross-corpus-882,StandardScaler,CatBoost,49,12,5,0.0452,12.832,14.838,0.0624,-0.1936,0.0352
3,negative_training,SHAM,ads.1,CES-D,cross-corpus-882,MinMaxScaler,Ridge,49,12,5,-0.0943,14.0209,15.5748,-0.1491,-0.3151,-0.0986
3,negative_training,SHAM,ads.1,CES-D,cross-corpus-882,MinMaxScaler,Lasso,49,12,5,-0.0969,14.0622,15.6788,-0.1463,-0.3327,-0.1197
3,negative_training,SHAM,ads.1,CES-D,cross-corpus-882,MinMaxScaler,ElasticNet,49,12,5,-0.0922,13.9879,15.4611,-0.1528,-0.296,-0.1338
3,negative_training,SHAM,ads.1,CES-D,cross-corpus-882,MinMaxScaler,SVR,49,12,5,-0.1876,14.7797,16.2445,-0.3034,-0.4307,-0.2747
3,negative_training,SHAM,ads.1,CES-D,cross-corpus-882,MinMaxScaler,KNN,49,12,5,-0.0922,15.3693,16.9337,-0.1087,-0.5546,-0.3145
3,negative_training,SHAM,ads.1,CES-D,cross-corpus-882,MinMaxScaler,RF,49,12,5,0.0289,13.1833,14.7316,0.0439,-0.1766,0.0845
3,negative_training,SHAM,ads.1,CES-D,cross-corpus-882,MinMaxScaler,ET,49,12,5,0.066,12.9142,14.4836,0.0941,-0.1373,0.169
3,negative_training,SHAM,ads.1,CES-D,cross-corpus-882,MinMaxScaler,GB,49,12,5,0.1688,11.852,14.4411,0.1978,-0.1306,0.0352
3,negative_training,SHAM,ads.1,CES-D,cross-corpus-882,MinMaxScaler,XGB,49,12,5,0.0845,13.1078,15.6353,0.0947,-0.3254,0.0141
3,negative_training,SHAM,ads.1,CES-D,cross-corpus-882,MinMaxScaler,MLP,49,12,5,-0.0344,13.7669,15.5265,-0.0494,-0.307,0.0
3,negative_training,SHAM,ads.1,CES-D,cross-corpus-882,MinMaxScaler,LGBM,49,12,5,0.0632,12.5501,13.9252,0.1377,-0.0513,0.2549
3,negative_training,SHAM,ads.1,CES-D,cross-corpus-882,MinMaxScaler,CatBoost,49,12,5,0.0488,12.8957,14.6213,0.0716,-0.159,0.0845
3,negative_training,SHAM,ads.1,CES-D,cross-corpus-882,RobustScaler,Ridge,49,12,15,0.0155,13.0753,14.8233,0.0247,-0.1913,0.0634
3,negative_training,SHAM,ads.1,CES-D,cross-corpus-882,RobustScaler,Lasso,49,12,15,-0.0268,13.428,14.8136,-0.0511,-0.1897,-0.0352
3,negative_training,SHAM,ads.1,CES-D,cross-corpus-882,RobustScaler,ElasticNet,49,12,15,0.0418,12.8054,14.2446,0.0886,-0.1001,0.1268
3,negative_training,SHAM,ads.1,CES-D,cross-corpus-882,RobustScaler,SVR,49,12,15,0.4037,10.5987,11.8425,0.491,0.2397,0.338
3,negative_training,SHAM,ads.1,CES-D,cross-corpus-882,RobustScaler,KNN,49,12,15,0.1302,12.5657,15.2963,0.1721,-0.2685,0.2822
3,negative_training,SHAM,ads.1,CES-D,cross-corpus-882,RobustScaler,RF,49,12,15,0.1172,12.2541,13.9182,0.1951,-0.0502,0.1408
3,negative_training,SHAM,ads.1,CES-D,cross-corpus-882,RobustScaler,ET,49,12,15,0.0619,12.7263,14.332,0.1008,-0.1136,0.0493
3,negative_training,SHAM,ads.1,CES-D,cross-corpus-882,RobustScaler,GB,49,12,15,0.0637,13.9394,16.1252,0.073,-0.4097,0.0352
3,negative_training,SHAM,ads.1,CES-D,cross-corpus-882,RobustScaler,XGB,49,12,15,0.1415,12.9835,15.8486,0.1591,-0.3618,0.1338
3,negative_training,SHAM,ads.1,CES-D,cross-corpus-882,RobustScaler,MLP,49,12,15,0.0642,13.0335,15.0075,0.0899,-0.2211,0.1479
3,negative_training,SHAM,ads.1,CES-D,cross-corpus-882,RobustScaler,LGBM,49,12,15,0.0066,12.7491,14.6994,0.0133,-0.1714,-0.0563
3,negative_training,SHAM,ads.1,CES-D,cross-corpus-882,RobustScaler,CatBoost,49,12,15,0.0738,12.8673,14.7607,0.0998,-0.1812,0.0634
4,negative_training,SHAM,ads.1,CES-D,cross-corpus-882,StandardScaler,Ridge,49,12,10,0.2777,10.5845,13.0849,0.3034,-0.0708,0.2697
4,negative_training,SHAM,ads.1,CES-D,cross-corpus-882,StandardScaler,Lasso,49,12,10,0.1996,10.4115,12.3105,0.2756,0.0522,0.1646
4,negative_training,SHAM,ads.1,CES-D,cross-corpus-882,StandardScaler,ElasticNet,49,12,10,0.2496,10.655,12.8621,0.2807,-0.0347,0.2137
4,negative_training,SHAM,ads.1,CES-D,cross-corpus-882,StandardScaler,SVR,49,12,10,0.1079,10.4907,13.0501,0.1464,-0.0651,-0.0175
4,negative_training,SHAM,ads.1,CES-D,cross-corpus-882,StandardScaler,KNN,49,12,10,0.2393,9.7158,12.0806,0.3216,0.0873,0.1912
4,negative_training,SHAM,ads.1,CES-D,cross-corpus-882,StandardScaler,RF,49,12,10,0.212,9.3338,12.0135,0.3226,0.0974,0.1191
4,negative_training,SHAM,ads.1,CES-D,cross-corpus-882,StandardScaler,ET,49,12,10,0.343,8.8869,11.0969,0.4872,0.2298,0.2067
4,negative_training,SHAM,ads.1,CES-D,cross-corpus-882,StandardScaler,GB,49,12,10,0.1926,9.7177,12.253,0.2811,0.061,-0.0315
4,negative_training,SHAM,ads.1,CES-D,cross-corpus-882,StandardScaler,XGB,49,12,10,0.146,9.8647,12.7213,0.2083,-0.0121,-0.1016
4,negative_training,SHAM,ads.1,CES-D,cross-corpus-882,StandardScaler,MLP,49,12,10,0.278,10.1009,12.0039,0.3545,0.0988,0.1997
4,negative_training,SHAM,ads.1,CES-D,cross-corpus-882,StandardScaler,LGBM,49,12,10,0.1083,9.6896,12.8595,0.1571,-0.0342,0.1757
4,negative_training,SHAM,ads.1,CES-D,cross-corpus-882,StandardScaler,CatBoost,49,12,10,0.1218,10.0869,12.7489,0.1776,-0.0165,-0.0175
4,negative_training,SHAM,ads.1,CES-D,cross-corpus-882,MinMaxScaler,Ridge,49,12,5,0.263,9.6831,11.6369,0.3921,0.1531,0.3713
4,negative_training,SHAM,ads.1,CES-D,cross-corpus-882,MinMaxScaler,Lasso,49,12,5,0.2703,9.8083,11.6948,0.3822,0.1446,0.3713
4,negative_training,SHAM,ads.1,CES-D,cross-corpus-882,MinMaxScaler,ElasticNet,49,12,5,0.2476,9.6137,11.6456,0.3931,0.1518,0.3713
4,negative_training,SHAM,ads.1,CES-D,cross-corpus-882,MinMaxScaler,SVR,49,12,5,0.2987,10.2216,12.1948,0.3581,0.0699,0.2977
4,negative_training,SHAM,ads.1,CES-D,cross-corpus-882,MinMaxScaler,KNN,49,12,5,0.6084,7.5133,9.1206,0.7125,0.4797,0.2583
4,negative_training,SHAM,ads.1,CES-D,cross-corpus-882,MinMaxScaler,RF,49,12,5,0.404,8.6922,10.948,0.5044,0.2504,0.2627
4,negative_training,SHAM,ads.1,CES-D,cross-corpus-882,MinMaxScaler,ET,49,12,5,0.4446,8.2787,10.5326,0.5575,0.3062,0.3047
4,negative_training,SHAM,ads.1,CES-D,cross-corpus-882,MinMaxScaler,GB,49,12,5,0.3406,9.0774,11.3502,0.4433,0.1943,0.2907
4,negative_training,SHAM,ads.1,CES-D,cross-corpus-882,MinMaxScaler,XGB,49,12,5,0.3916,9.3549,11.7902,0.4305,0.1306,0.1821
4,negative_training,SHAM,ads.1,CES-D,cross-corpus-882,MinMaxScaler,MLP,49,12,5,0.3151,9.3604,11.4737,0.4229,0.1767,0.2907
4,negative_training,SHAM,ads.1,CES-D,cross-corpus-882,MinMaxScaler,LGBM,49,12,5,0.2843,9.7008,11.7729,0.3748,0.1332,0.1947
4,negative_training,SHAM,ads.1,CES-D,cross-corpus-882,MinMaxScaler,CatBoost,49,12,5,0.4387,8.07,10.8143,0.5193,0.2686,0.2277
4,negative_training,SHAM,ads.1,CES-D,cross-corpus-882,RobustScaler,Ridge,49,12,10,0.2617,10.6537,13.3674,0.2827,-0.1175,0.2697
4,negative_training,SHAM,ads.1,CES-D,cross-corpus-882,RobustScaler,Lasso,49,12,10,0.2628,10.6001,13.3154,0.2851,-0.1089,0.2697
4,negative_training,SHAM,ads.1,CES-D,cross-corpus-882,RobustScaler,ElasticNet,49,12,10,0.2293,10.9749,13.3914,0.2487,-0.1216,0.2137
4,negative_training,SHAM,ads.1,CES-D,cross-corpus-882,RobustScaler,SVR,49,12,10,0.0402,10.6307,13.3499,0.0607,-0.1146,-0.049
4,negative_training,SHAM,ads.1,CES-D,cross-corpus-882,RobustScaler,KNN,49,12,10,0.0822,11.0493,14.396,0.0955,-0.2962,-0.0035
4,negative_training,SHAM,ads.1,CES-D,cross-corpus-882,RobustScaler,RF,49,12,10,0.2584,9.0971,11.698,0.3803,0.1442,0.1891
4,negative_training,SHAM,ads.1,CES-D,cross-corpus-882,RobustScaler,ET,49,12,10,0.3678,8.7937,11.073,0.4851,0.2332,0.2697
4,negative_training,SHAM,ads.1,CES-D,cross-corpus-882,RobustScaler,GB,49,12,10,0.2829,9.8347,11.7446,0.3788,0.1373,-0.0911
4,negative_training,SHAM,ads.1,CES-D,cross-corpus-882,RobustScaler,XGB,49,12,10,0.2343,9.5884,12.2493,0.3104,0.0616,0.0035
4,negative_training,SHAM,ads.1,CES-D,cross-corpus-882,RobustScaler,MLP,49,12,10,0.228,11.2099,13.1294,0.2574,-0.0781,0.2627
4,negative_training,SHAM,ads.1,CES-D,cross-corpus-882,RobustScaler,LGBM,49,12,10,0.1548,9.4475,12.7972,0.2045,-0.0243,0.1298
4,negative_training,SHAM,ads.1,CES-D,cross-corpus-882,RobustScaler,CatBoost,49,12,10,0.3423,8.8607,11.0825,0.4878,0.2319,0.2067
5,negative_training,SHAM,ads.1,CES-D,cross-corpus-882,StandardScaler,Ridge,49,12,10,0.1862,11.8352,12.8022,0.207,-1.0992,0.1406
5,negative_training,SHAM,ads.1,CES-D,cross-corpus-882,StandardScaler,Lasso,49,12,10,0.1901,11.9323,12.8756,0.2123,-1.1233,0.123
5,negative_training,SHAM,ads.1,CES-D,cross-corpus-882,StandardScaler,ElasticNet,49,12,10,0.1918,11.3412,12.4599,0.2126,-0.9884,0.2707
5,negative_training,SHAM,ads.1,CES-D,cross-corpus-882,StandardScaler,SVR,49,12,10,0.1525,9.9711,12.0327,0.1671,-0.8544,0.2601
5,negative_training,SHAM,ads.1,CES-D,cross-corpus-882,StandardScaler,KNN,49,12,10,0.3497,7.2597,9.1093,0.3689,-0.0628,0.2917
5,negative_training,SHAM,ads.1,CES-D,cross-corpus-882,StandardScaler,RF,49,12,10,0.2477,8.5927,10.3169,0.3048,-0.3633,0.4288
5,negative_training,SHAM,ads.1,CES-D,cross-corpus-882,StandardScaler,ET,49,12,10,0.2408,9.1588,11.236,0.2785,-0.617,0.3199
5,negative_training,SHAM,ads.1,CES-D,cross-corpus-882,StandardScaler,GB,49,12,10,0.2572,10.7097,12.4401,0.3135,-0.9821,0.3269
5,negative_training,SHAM,ads.1,CES-D,cross-corpus-882,StandardScaler,XGB,49,12,10,0.21,10.9543,12.6349,0.2735,-1.0447,0.362
5,negative_training,SHAM,ads.1,CES-D,cross-corpus-882,StandardScaler,MLP,49,12,10,0.2409,11.2387,13.5709,0.2695,-1.3588,0.2355
5,negative_training,SHAM,ads.1,CES-D,cross-corpus-882,StandardScaler,LGBM,49,12,10,0.2241,8.029,10.4054,0.2508,-0.3867,0.3058
5,negative_training,SHAM,ads.1,CES-D,cross-corpus-882,StandardScaler,CatBoost,49,12,10,0.3425,8.4782,10.0027,0.392,-0.2815,0.3796
5,negative_training,SHAM,ads.1,CES-D,cross-corpus-882,MinMaxScaler,Ridge,49,12,10,0.2067,10.4656,12.5009,0.2299,-1.0015,0.1336
5,negative_training,SHAM,ads.1,CES-D,cross-corpus-882,MinMaxScaler,Lasso,49,12,10,0.2069,9.6711,11.9043,0.2299,-0.815,0.1336
5,negative_training,SHAM,ads.1,CES-D,cross-corpus-882,MinMaxScaler,ElasticNet,49,12,10,0.2043,9.396,11.6202,0.2247,-0.7294,0.1511
5,negative_training,SHAM,ads.1,CES-D,cross-corpus-882,MinMaxScaler,SVR,49,12,10,0.2119,9.5623,11.9322,0.2354,-0.8236,0.1793
5,negative_training,SHAM,ads.1,CES-D,cross-corpus-882,MinMaxScaler,KNN,49,12,10,0.2138,8.7088,10.7622,0.2201,-0.4835,0.2531
5,negative_training,SHAM,ads.1,CES-D,cross-corpus-882,MinMaxScaler,RF,49,12,10,0.3484,7.6838,9.5698,0.3911,-0.173,0.3972
5,negative_training,SHAM,ads.1,CES-D,cross-corpus-882,MinMaxScaler,ET,49,12,10,0.2932,8.0094,10.6785,0.3059,-0.4605,0.4851
5,negative_training,SHAM,ads.1,CES-D,cross-corpus-882,MinMaxScaler,GB,49,12,10,0.3643,8.8914,11.7298,0.4115,-0.7622,0.4675
5,negative_training,SHAM,ads.1,CES-D,cross-corpus-882,MinMaxScaler,XGB,49,12,10,0.1893,8.297,11.3208,0.1995,-0.6415,0.2425
5,negative_training,SHAM,ads.1,CES-D,cross-corpus-882,MinMaxScaler,MLP,49,12,10,0.2258,9.5528,11.8579,0.2437,-0.8009,0.2004
5,negative_training,SHAM,ads.1,CES-D,cross-corpus-882,MinMaxScaler,LGBM,49,12,10,0.1659,8.6424,10.6029,0.1845,-0.4399,0.1687
5,negative_training,SHAM,ads.1,CES-D,cross-corpus-882,MinMaxScaler,CatBoost,49,12,10,0.3072,7.5285,9.9062,0.3275,-0.2569,0.4359
5,negative_training,SHAM,ads.1,CES-D,cross-corpus-882,RobustScaler,Ridge,49,12,10,0.2467,11.0082,12.6591,0.2702,-1.0525,0.2531
5,negative_training,SHAM,ads.1,CES-D,cross-corpus-882,RobustScaler,Lasso,49,12,10,0.2461,11.0675,12.7061,0.2701,-1.0678,0.2531
5,negative_training,SHAM,ads.1,CES-D,cross-corpus-882,RobustScaler,ElasticNet,49,12,10,0.2467,10.7133,12.4381,0.2683,-0.9815,0.2777
5,negative_training,SHAM,ads.1,CES-D,cross-corpus-882,RobustScaler,SVR,49,12,10,0.2936,8.9499,10.4566,0.3166,-0.4004,0.3515
5,negative_training,SHAM,ads.1,CES-D,cross-corpus-882,RobustScaler,KNN,49,12,10,0.1559,9.1948,10.5539,0.1607,-0.4266,0.0949
5,negative_training,SHAM,ads.1,CES-D,cross-corpus-882,RobustScaler,RF,49,12,10,0.1211,9.5642,11.5403,0.15,-0.7057,0.1511
5,negative_training,SHAM,ads.1,CES-D,cross-corpus-882,RobustScaler,ET,49,12,10,0.0753,10.1234,11.8583,0.0874,-0.8011,0.0246
5,negative_training,SHAM,ads.1,CES-D,cross-corpus-882,RobustScaler,GB,49,12,10,0.383,9.9858,11.5541,0.442,-0.7098,0.4956
5,negative_training,SHAM,ads.1,CES-D,cross-corpus-882,RobustScaler,XGB,49,12,10,0.3631,9.2958,10.9003,0.4092,-0.5218,0.4113
5,negative_training,SHAM,ads.1,CES-D,cross-corpus-882,RobustScaler,MLP,49,12,10,0.2743,10.291,13.0141,0.2987,-1.1693,0.225
5,negative_training,SHAM,ads.1,CES-D,cross-corpus-882,RobustScaler,LGBM,49,12,10,0.0457,10.8591,12.8235,0.0512,-1.1062,-0.0281
5,negative_training,SHAM,ads.1,CES-D,cross-corpus-882,RobustScaler,CatBoost,49,12,10,0.1661,9.2734,10.7868,0.1914,-0.4903,0.2074
1,negative_training,SHAM,HRSD_6.1,HRSD6,cross-corpus-882,StandardScaler,Ridge,48,12,5,0.1132,4.0696,4.8111,0.1163,-0.4492,0.1391
1,negative_training,SHAM,HRSD_6.1,HRSD6,cross-corpus-882,StandardScaler,Lasso,48,12,5,0.1201,4.0896,4.8439,0.1226,-0.469,0.1926
1,negative_training,SHAM,HRSD_6.1,HRSD6,cross-corpus-882,StandardScaler,ElasticNet,48,12,5,0.1185,4.0857,4.837,0.1211,-0.4648,0.1926
1,negative_training,SHAM,HRSD_6.1,HRSD6,cross-corpus-882,StandardScaler,SVR,48,12,5,0.3199,3.9416,4.6703,0.3199,-0.3656,0.3067
1,negative_training,SHAM,HRSD_6.1,HRSD6,cross-corpus-882,StandardScaler,KNN,48,12,5,0.321,3.65,4.0402,0.3502,-0.022,0.2312
1,negative_training,SHAM,HRSD_6.1,HRSD6,cross-corpus-882,StandardScaler,RF,48,12,5,0.0757,3.7447,4.4085,0.0889,-0.2168,0.1212
1,negative_training,SHAM,HRSD_6.1,HRSD6,cross-corpus-882,StandardScaler,ET,48,12,5,0.0514,4.0083,4.5849,0.0573,-0.3161,0.0357
1,negative_training,SHAM,HRSD_6.1,HRSD6,cross-corpus-882,StandardScaler,GB,48,12,5,-0.1111,4.659,5.458,-0.1142,-0.8651,-0.1712
1,negative_training,SHAM,HRSD_6.1,HRSD6,cross-corpus-882,StandardScaler,XGB,48,12,5,0.0013,4.4317,5.0279,0.0014,-0.5827,-0.0143
1,negative_training,SHAM,HRSD_6.1,HRSD6,cross-corpus-882,StandardScaler,MLP,48,12,5,0.1075,4.5981,5.4418,0.1076,-0.8541,0.1498
1,negative_training,SHAM,HRSD_6.1,HRSD6,cross-corpus-882,StandardScaler,LGBM,48,12,5,0.055,3.8303,4.5433,0.0624,-0.2923,0.0286
1,negative_training,SHAM,HRSD_6.1,HRSD6,cross-corpus-882,StandardScaler,CatBoost,48,12,5,0.1073,3.8462,4.4064,0.1216,-0.2156,0.0
1,negative_training,SHAM,HRSD_6.1,HRSD6,cross-corpus-882,MinMaxScaler,Ridge,48,12,10,0.1493,3.6066,4.4471,0.1624,-0.2382,0.1605
1,negative_training,SHAM,HRSD_6.1,HRSD6,cross-corpus-882,MinMaxScaler,Lasso,48,12,10,0.1532,3.7119,4.5736,0.1612,-0.3096,0.1177
1,negative_training,SHAM,HRSD_6.1,HRSD6,cross-corpus-882,MinMaxScaler,ElasticNet,48,12,10,0.1535,3.6827,4.5389,0.1628,-0.2898,0.1177
1,negative_training,SHAM,HRSD_6.1,HRSD6,cross-corpus-882,MinMaxScaler,SVR,48,12,10,0.5524,2.7776,3.2931,0.5858,0.321,0.542
1,negative_training,SHAM,HRSD_6.1,HRSD6,cross-corpus-882,MinMaxScaler,KNN,48,12,10,0.2897,3.3056,3.9264,0.3291,0.0348,0.2932
1,negative_training,SHAM,HRSD_6.1,HRSD6,cross-corpus-882,MinMaxScaler,RF,48,12,10,0.0746,3.5871,4.3189,0.0948,-0.1678,0.0285
1,negative_training,SHAM,HRSD_6.1,HRSD6,cross-corpus-882,MinMaxScaler,ET,48,12,10,0.1555,3.4583,4.1605,0.1974,-0.0837,0.107
1,negative_training,SHAM,HRSD_6.1,HRSD6,cross-corpus-882,MinMaxScaler,GB,48,12,10,-0.096,4.193,4.8937,-0.1085,-0.4994,-0.0998
1,negative_training,SHAM,HRSD_6.1,HRSD6,cross-corpus-882,MinMaxScaler,XGB,48,12,10,0.0415,3.9238,4.9532,0.0443,-0.5361,-0.0499
1,negative_training,SHAM,HRSD_6.1,HRSD6,cross-corpus-882,MinMaxScaler,MLP,48,12,10,0.3748,3.1649,3.7906,0.4133,0.1004,0.3138
1,negative_training,SHAM,HRSD_6.1,HRSD6,cross-corpus-882,MinMaxScaler,LGBM,48,12,10,0.1553,3.2988,4.1886,0.1866,-0.0984,0.1426
1,negative_training,SHAM,HRSD_6.1,HRSD6,cross-corpus-882,MinMaxScaler,CatBoost,48,12,10,0.0818,3.6932,4.5234,0.0919,-0.2811,0.0606
1,negative_training,SHAM,HRSD_6.1,HRSD6,cross-corpus-882,RobustScaler,Ridge,48,12,10,0.1448,3.4658,4.2304,0.1714,-0.1205,0.0143
1,negative_training,SHAM,HRSD_6.1,HRSD6,cross-corpus-882,RobustScaler,Lasso,48,12,10,0.14,3.5943,4.3909,0.1558,-0.2071,0.0143
1,negative_training,SHAM,HRSD_6.1,HRSD6,cross-corpus-882,RobustScaler,ElasticNet,48,12,10,0.1336,3.5945,4.3983,0.1492,-0.2112,0.0143
1,negative_training,SHAM,HRSD_6.1,HRSD6,cross-corpus-882,RobustScaler,SVR,48,12,10,0.2533,3.3171,4.1165,0.2775,-0.061,0.2246
1,negative_training,SHAM,HRSD_6.1,HRSD6,cross-corpus-882,RobustScaler,KNN,48,12,10,0.1734,3.1667,3.9288,0.2482,0.0336,0.1145
1,negative_training,SHAM,HRSD_6.1,HRSD6,cross-corpus-882,RobustScaler,RF,48,12,10,0.2121,3.0834,3.9173,0.2807,0.0392,0.2318
1,negative_training,SHAM,HRSD_6.1,HRSD6,cross-corpus-882,RobustScaler,ET,48,12,10,0.2046,3.115,4.0272,0.2547,-0.0154,0.1997
1,negative_training,SHAM,HRSD_6.1,HRSD6,cross-corpus-882,RobustScaler,GB,48,12,10,0.1704,3.3378,4.4778,0.1825,-0.2553,0.1712
1,negative_training,SHAM,HRSD_6.1,HRSD6,cross-corpus-882,RobustScaler,XGB,48,12,10,0.2125,3.3928,4.2121,0.2342,-0.1108,0.2068
1,negative_training,SHAM,HRSD_6.1,HRSD6,cross-corpus-882,RobustScaler,MLP,48,12,10,0.0914,4.3213,5.2428,0.0922,-0.721,-0.025
1,negative_training,SHAM,HRSD_6.1,HRSD6,cross-corpus-882,RobustScaler,LGBM,48,12,10,0.1932,3.1685,4.0497,0.2354,-0.0268,0.2318
1,negative_training,SHAM,HRSD_6.1,HRSD6,cross-corpus-882,RobustScaler,CatBoost,48,12,10,0.0659,3.6803,4.6731,0.0713,-0.3672,0.1605
2,negative_training,SHAM,HRSD_6.1,HRSD6,cross-corpus-882,StandardScaler,Ridge,48,12,5,0.0375,4.3669,4.8009,0.0475,-0.1991,0.1268
2,negative_training,SHAM,HRSD_6.1,HRSD6,cross-corpus-882,StandardScaler,Lasso,48,12,5,0.0398,4.3481,4.7864,0.0507,-0.1918,0.1268
2,negative_training,SHAM,HRSD_6.1,HRSD6,cross-corpus-882,StandardScaler,ElasticNet,48,12,5,0.0426,4.3264,4.7623,0.055,-0.1798,0.0916
2,negative_training,SHAM,HRSD_6.1,HRSD6,cross-corpus-882,StandardScaler,SVR,48,12,5,-0.0676,4.4598,4.9211,-0.0944,-0.2598,0.0704
2,negative_training,SHAM,HRSD_6.1,HRSD6,cross-corpus-882,StandardScaler,KNN,48,12,5,-0.018,4.1944,4.6912,-0.0295,-0.1449,0.0922
2,negative_training,SHAM,HRSD_6.1,HRSD6,cross-corpus-882,StandardScaler,RF,48,12,5,0.0625,4.1433,4.5382,0.1055,-0.0714,0.0704
2,negative_training,SHAM,HRSD_6.1,HRSD6,cross-corpus-882,StandardScaler,ET,48,12,5,0.0288,4.2172,4.6147,0.0446,-0.1078,0.0916
2,negative_training,SHAM,HRSD_6.1,HRSD6,cross-corpus-882,StandardScaler,GB,48,12,5,-0.0661,4.7428,5.2355,-0.0771,-0.426,-0.1408
2,negative_training,SHAM,HRSD_6.1,HRSD6,cross-corpus-882,StandardScaler,XGB,48,12,5,-0.0623,4.6846,5.0766,-0.0781,-0.3408,-0.1408
2,negative_training,SHAM,HRSD_6.1,HRSD6,cross-corpus-882,StandardScaler,MLP,48,12,5,0.1805,3.8615,4.344,0.2494,0.0183,0.3169
2,negative_training,SHAM,HRSD_6.1,HRSD6,cross-corpus-882,StandardScaler,LGBM,48,12,5,-0.0604,4.4015,4.8638,-0.0942,-0.2307,-0.0075
2,negative_training,SHAM,HRSD_6.1,HRSD6,cross-corpus-882,StandardScaler,CatBoost,48,12,5,-0.003,4.3549,4.7325,-0.0046,-0.1651,-0.0775
2,negative_training,SHAM,HRSD_6.1,HRSD6,cross-corpus-882,MinMaxScaler,Ridge,48,12,10,0.3607,3.2587,3.8678,0.4933,0.2217,0.2887
2,negative_training,SHAM,HRSD_6.1,HRSD6,cross-corpus-882,MinMaxScaler,Lasso,48,12,10,0.3258,3.2989,3.8635,0.4982,0.2235,0.3099
2,negative_training,SHAM,HRSD_6.1,HRSD6,cross-corpus-882,MinMaxScaler,ElasticNet,48,12,10,0.2504,3.51,3.9729,0.4728,0.1789,0.2747
2,negative_training,SHAM,HRSD_6.1,HRSD6,cross-corpus-882,MinMaxScaler,SVR,48,12,10,0.3149,3.3679,3.926,0.4877,0.1981,0.338
2,negative_training,SHAM,HRSD_6.1,HRSD6,cross-corpus-882,MinMaxScaler,KNN,48,12,10,0.261,3.4524,4.1082,0.3593,0.122,0.3316
2,negative_training,SHAM,HRSD_6.1,HRSD6,cross-corpus-882,MinMaxScaler,RF,48,12,10,0.1723,3.7581,4.275,0.2604,0.0492,0.3169
2,negative_training,SHAM,HRSD_6.1,HRSD6,cross-corpus-882,MinMaxScaler,ET,48,12,10,0.1773,3.6467,4.2472,0.2696,0.0616,0.1761
2,negative_training,SHAM,HRSD_6.1,HRSD6,cross-corpus-882,MinMaxScaler,GB,48,12,10,0.2415,3.4319,4.3227,0.3024,0.0279,0.2887
2,negative_training,SHAM,HRSD_6.1,HRSD6,cross-corpus-882,MinMaxScaler,XGB,48,12,10,-0.0041,4.2009,4.6343,-0.0074,-0.1173,-0.1197
2,negative_training,SHAM,HRSD_6.1,HRSD6,cross-corpus-882,MinMaxScaler,MLP,48,12,10,0.3732,3.2781,3.9008,0.4789,0.2084,0.3099
2,negative_training,SHAM,HRSD_6.1,HRSD6,cross-corpus-882,MinMaxScaler,LGBM,48,12,10,0.0554,3.8237,4.6343,0.0783,-0.1173,0.0916
2,negative_training,SHAM,HRSD_6.1,HRSD6,cross-corpus-882,MinMaxScaler,CatBoost,48,12,10,0.1146,3.8235,4.35,0.1943,0.0156,0.2465
2,negative_training,SHAM,HRSD_6.1,HRSD6,cross-corpus-882,RobustScaler,Ridge,48,12,10,0.3828,3.2312,3.8812,0.4786,0.2163,0.3169
2,negative_training,SHAM,HRSD_6.1,HRSD6,cross-corpus-882,RobustScaler,Lasso,48,12,10,0.4008,3.1709,3.8573,0.493,0.226,0.3169
2,negative_training,SHAM,HRSD_6.1,HRSD6,cross-corpus-882,RobustScaler,ElasticNet,48,12,10,0.4031,3.2491,3.8667,0.4858,0.2222,0.3169
2,negative_training,SHAM,HRSD_6.1,HRSD6,cross-corpus-882,RobustScaler,SVR,48,12,10,0.1987,3.7301,4.364,0.2529,0.0092,0.4437
2,negative_training,SHAM,HRSD_6.1,HRSD6,cross-corpus-882,RobustScaler,KNN,48,12,10,0.2881,3.4537,4.0176,0.4135,0.1603,0.338
2,negative_training,SHAM,HRSD_6.1,HRSD6,cross-corpus-882,RobustScaler,RF,48,12,10,0.1476,3.8527,4.3442,0.2194,0.0182,0.2324
2,negative_training,SHAM,HRSD_6.1,HRSD6,cross-corpus-882,RobustScaler,ET,48,12,10,0.1514,3.7658,4.3289,0.2255,0.0251,0.2465
2,negative_training,SHAM,HRSD_6.1,HRSD6,cross-corpus-882,RobustScaler,GB,48,12,10,0.0594,4.1246,4.8821,0.0726,-0.24,-0.0563
2,negative_training,SHAM,HRSD_6.1,HRSD6,cross-corpus-882,RobustScaler,XGB,48,12,10,0.0514,3.9571,4.6883,0.0683,-0.1435,0.0704
2,negative_training,SHAM,HRSD_6.1,HRSD6,cross-corpus-882,RobustScaler,MLP,48,12,10,0.5097,2.861,3.7003,0.5515,0.2877,0.5493
2,negative_training,SHAM,HRSD_6.1,HRSD6,cross-corpus-882,RobustScaler,LGBM,48,12,10,0.0444,3.9175,4.5703,0.0684,-0.0866,0.0986
2,negative_training,SHAM,HRSD_6.1,HRSD6,cross-corpus-882,RobustScaler,CatBoost,48,12,10,0.0931,3.8503,4.4149,0.1541,-0.014,0.2324
3,negative_training,SHAM,HRSD_6.1,HRSD6,cross-corpus-882,StandardScaler,Ridge,48,12,10,0.17,4.6107,5.2128,0.1775,-0.3061,-0.1585
3,negative_training,SHAM,HRSD_6.1,HRSD6,cross-corpus-882,StandardScaler,Lasso,48,12,10,0.1341,3.839,4.3265,0.3545,0.1003,0.1655
3,negative_training,SHAM,HRSD_6.1,HRSD6,cross-corpus-882,StandardScaler,ElasticNet,48,12,10,0.2057,3.9878,4.5667,0.2559,-0.0024,-0.0387
3,negative_training,SHAM,HRSD_6.1,HRSD6,cross-corpus-882,StandardScaler,SVR,48,12,10,0.024,4.2614,4.5985,0.0738,-0.0164,-0.0246
3,negative_training,SHAM,HRSD_6.1,HRSD6,cross-corpus-882,StandardScaler,KNN,48,12,10,0.0431,4.1389,4.9018,0.0671,-0.1549,0.016
3,negative_training,SHAM,HRSD_6.1,HRSD6,cross-corpus-882,StandardScaler,RF,48,12,10,0.1299,3.9631,4.3911,0.2734,0.0732,0.0951
3,negative_training,SHAM,HRSD_6.1,HRSD6,cross-corpus-882,StandardScaler,ET,48,12,10,0.0722,4.1271,4.6069,0.1341,-0.0201,0.0176
3,negative_training,SHAM,HRSD_6.1,HRSD6,cross-corpus-882,StandardScaler,GB,48,12,10,0.1841,3.9419,4.5741,0.2469,-0.0056,0.2641
3,negative_training,SHAM,HRSD_6.1,HRSD6,cross-corpus-882,StandardScaler,XGB,48,12,10,0.2006,3.9715,4.5067,0.2951,0.0238,0.088
3,negative_training,SHAM,HRSD_6.1,HRSD6,cross-corpus-882,StandardScaler,MLP,48,12,10,0.155,5.5241,6.3306,0.1565,-0.9262,-0.1901
3,negative_training,SHAM,HRSD_6.1,HRSD6,cross-corpus-882,StandardScaler,LGBM,48,12,10,0.1045,3.9718,4.4606,0.2151,0.0437,0.1549
3,negative_training,SHAM,HRSD_6.1,HRSD6,cross-corpus-882,StandardScaler,CatBoost,48,12,10,0.1137,4.0137,4.4491,0.2316,0.0486,0.2218
3,negative_training,SHAM,HRSD_6.1,HRSD6,cross-corpus-882,MinMaxScaler,Ridge,48,12,5,0.22,3.7604,4.2126,0.4558,0.147,0.1901
3,negative_training,SHAM,HRSD_6.1,HRSD6,cross-corpus-882,MinMaxScaler,Lasso,48,12,5,0.2277,3.7894,4.3541,0.3618,0.0888,0.0986
3,negative_training,SHAM,HRSD_6.1,HRSD6,cross-corpus-882,MinMaxScaler,ElasticNet,48,12,5,0.2309,3.7118,4.2667,0.4079,0.125,0.1901
3,negative_training,SHAM,HRSD_6.1,HRSD6,cross-corpus-882,MinMaxScaler,SVR,48,12,5,0.2343,3.7497,4.1287,0.4816,0.1807,0.4578
3,negative_training,SHAM,HRSD_6.1,HRSD6,cross-corpus-882,MinMaxScaler,KNN,48,12,5,-0.0097,4.1944,4.9041,-0.0357,-0.156,-0.1678
3,negative_training,SHAM,HRSD_6.1,HRSD6,cross-corpus-882,MinMaxScaler,RF,48,12,5,0.1576,3.9095,4.2782,0.3915,0.1203,0.2817
3,negative_training,SHAM,HRSD_6.1,HRSD6,cross-corpus-882,MinMaxScaler,ET,48,12,5,0.1464,3.8504,4.3825,0.2805,0.0769,0.3099
3,negative_training,SHAM,HRSD_6.1,HRSD6,cross-corpus-882,MinMaxScaler,GB,48,12,5,0.3262,3.7619,4.3725,0.3697,0.0811,0.4155
3,negative_training,SHAM,HRSD_6.1,HRSD6,cross-corpus-882,MinMaxScaler,XGB,48,12,5,0.3456,3.6437,4.1663,0.4203,0.1657,0.3909
3,negative_training,SHAM,HRSD_6.1,HRSD6,cross-corpus-882,MinMaxScaler,MLP,48,12,5,0.1743,4.0222,4.4857,0.3076,0.0329,0.1549
3,negative_training,SHAM,HRSD_6.1,HRSD6,cross-corpus-882,MinMaxScaler,LGBM,48,12,5,0.1781,3.8937,4.2963,0.3424,0.1128,0.4011
3,negative_training,SHAM,HRSD_6.1,HRSD6,cross-corpus-882,MinMaxScaler,CatBoost,48,12,5,0.1532,3.9475,4.4059,0.2672,0.067,0.169
3,negative_training,SHAM,HRSD_6.1,HRSD6,cross-corpus-882,RobustScaler,Ridge,48,12,10,-0.1068,4.4281,5.4081,-0.1336,-0.4058,-0.2887
3,negative_training,SHAM,HRSD_6.1,HRSD6,cross-corpus-882,RobustScaler,Lasso,48,12,10,-0.0374,4.4297,5.3524,-0.0444,-0.3769,-0.1232
3,negative_training,SHAM,HRSD_6.1,HRSD6,cross-corpus-882,RobustScaler,ElasticNet,48,12,10,-0.0384,4.1926,4.8852,-0.068,-0.1471,-0.2359
3,negative_training,SHAM,HRSD_6.1,HRSD6,cross-corpus-882,RobustScaler,SVR,48,12,10,-0.0469,4.3311,4.7939,-0.1099,-0.1046,-0.2641
3,negative_training,SHAM,HRSD_6.1,HRSD6,cross-corpus-882,RobustScaler,KNN,48,12,10,-0.1883,4.7778,5.3722,-0.2957,-0.3871,-0.224
3,negative_training,SHAM,HRSD_6.1,HRSD6,cross-corpus-882,RobustScaler,RF,48,12,10,-0.02,4.2772,4.848,-0.0339,-0.1297,-0.1162
3,negative_training,SHAM,HRSD_6.1,HRSD6,cross-corpus-882,RobustScaler,ET,48,12,10,-0.1051,4.4758,5.131,-0.158,-0.2654,-0.2324
3,negative_training,SHAM,HRSD_6.1,HRSD6,cross-corpus-882,RobustScaler,GB,48,12,10,-0.0812,4.6037,5.4383,-0.1028,-0.4215,-0.2641
3,negative_training,SHAM,HRSD_6.1,HRSD6,cross-corpus-882,RobustScaler,XGB,48,12,10,-0.0943,4.6269,5.4957,-0.1187,-0.4516,-0.2606
3,negative_training,SHAM,HRSD_6.1,HRSD6,cross-corpus-882,RobustScaler,MLP,48,12,10,0.1961,4.9273,5.6463,0.1978,-0.5323,-0.2958
3,negative_training,SHAM,HRSD_6.1,HRSD6,cross-corpus-882,RobustScaler,LGBM,48,12,10,-0.0901,4.3717,4.9415,-0.1791,-0.1737,-0.1796
3,negative_training,SHAM,HRSD_6.1,HRSD6,cross-corpus-882,RobustScaler,CatBoost,48,12,10,-0.0114,4.226,4.8071,-0.0201,-0.1107,0.007
4,negative_training,SHAM,HRSD_6.1,HRSD6,cross-corpus-882,StandardScaler,Ridge,48,12,5,-0.0869,3.4827,4.6488,-0.1869,-0.153,-0.3965
4,negative_training,SHAM,HRSD_6.1,HRSD6,cross-corpus-882,StandardScaler,Lasso,48,12,5,-0.0839,3.391,4.612,-0.2027,-0.1348,-0.4142
4,negative_training,SHAM,HRSD_6.1,HRSD6,cross-corpus-882,StandardScaler,ElasticNet,48,12,5,-0.0909,3.5026,4.6585,-0.1949,-0.1579,-0.3965
4,negative_training,SHAM,HRSD_6.1,HRSD6,cross-corpus-882,StandardScaler,SVR,48,12,5,-0.0677,3.7283,4.7273,-0.1107,-0.1923,-0.4213
4,negative_training,SHAM,HRSD_6.1,HRSD6,cross-corpus-882,StandardScaler,KNN,48,12,5,-0.0748,3.7667,4.9315,-0.1006,-0.2975,0.153
4,negative_training,SHAM,HRSD_6.1,HRSD6,cross-corpus-882,StandardScaler,RF,48,12,5,-0.0206,3.8671,4.6754,-0.0313,-0.1663,-0.1487
4,negative_training,SHAM,HRSD_6.1,HRSD6,cross-corpus-882,StandardScaler,ET,48,12,5,-0.0639,3.7854,4.7713,-0.0973,-0.2146,-0.2443
4,negative_training,SHAM,HRSD_6.1,HRSD6,cross-corpus-882,StandardScaler,GB,48,12,5,-0.0849,3.994,4.8989,-0.1181,-0.2804,-0.2407
4,negative_training,SHAM,HRSD_6.1,HRSD6,cross-corpus-882,StandardScaler,XGB,48,12,5,0.0262,3.7887,4.7409,0.0336,-0.1992,-0.1097
4,negative_training,SHAM,HRSD_6.1,HRSD6,cross-corpus-882,StandardScaler,MLP,48,12,5,-0.2266,4.1263,5.2046,-0.3164,-0.4452,-0.5098
4,negative_training,SHAM,HRSD_6.1,HRSD6,cross-corpus-882,StandardScaler,LGBM,48,12,5,-0.0462,3.7785,4.7765,-0.0669,-0.2172,-0.0871
4,negative_training,SHAM,HRSD_6.1,HRSD6,cross-corpus-882,StandardScaler,CatBoost,48,12,5,-0.0516,3.6717,4.7161,-0.0813,-0.1867,-0.1239
4,negative_training,SHAM,HRSD_6.1,HRSD6,cross-corpus-882,MinMaxScaler,Ridge,48,12,5,-0.0388,3.1963,4.4808,-0.1349,-0.0712,-0.1841
4,negative_training,SHAM,HRSD_6.1,HRSD6,cross-corpus-882,MinMaxScaler,Lasso,48,12,5,-0.0334,3.174,4.4718,-0.1268,-0.0669,-0.177
4,negative_training,SHAM,HRSD_6.1,HRSD6,cross-corpus-882,MinMaxScaler,ElasticNet,48,12,5,-0.0367,3.1764,4.4928,-0.1123,-0.077,-0.1204
4,negative_training,SHAM,HRSD_6.1,HRSD6,cross-corpus-882,MinMaxScaler,SVR,48,12,5,-0.0866,3.681,5.0057,-0.12,-0.3369,-0.2053
4,negative_training,SHAM,HRSD_6.1,HRSD6,cross-corpus-882,MinMaxScaler,KNN,48,12,5,-0.1945,3.8333,4.9135,-0.3805,-0.2881,-0.4788
4,negative_training,SHAM,HRSD_6.1,HRSD6,cross-corpus-882,MinMaxScaler,RF,48,12,5,-0.1443,3.4887,4.8063,-0.2876,-0.2325,-0.2726
4,negative_training,SHAM,HRSD_6.1,HRSD6,cross-corpus-882,MinMaxScaler,ET,48,12,5,-0.1164,3.6601,4.8747,-0.1819,-0.2678,-0.393
4,negative_training,SHAM,HRSD_6.1,HRSD6,cross-corpus-882,MinMaxScaler,GB,48,12,5,-0.4161,4.3031,6.0102,-0.4785,-0.9273,-0.393
4,negative_training,SHAM,HRSD_6.1,HRSD6,cross-corpus-882,MinMaxScaler,XGB,48,12,5,-0.4565,3.8487,5.8533,-0.5674,-0.8279,-0.3398
4,negative_training,SHAM,HRSD_6.1,HRSD6,cross-corpus-882,MinMaxScaler,MLP,48,12,5,-0.0807,3.4886,4.7335,-0.1449,-0.1954,-0.1345
4,negative_training,SHAM,HRSD_6.1,HRSD6,cross-corpus-882,MinMaxScaler,LGBM,48,12,5,0.063,3.1342,4.3098,0.147,0.009,0.1286
4,negative_training,SHAM,HRSD_6.1,HRSD6,cross-corpus-882,MinMaxScaler,CatBoost,48,12,5,-0.278,3.7878,5.1788,-0.4727,-0.4309,-0.3859
4,negative_training,SHAM,HRSD_6.1,HRSD6,cross-corpus-882,RobustScaler,Ridge,48,12,5,-0.0146,3.1667,4.4453,-0.0504,-0.0543,-0.0319
4,negative_training,SHAM,HRSD_6.1,HRSD6,cross-corpus-882,RobustScaler,Lasso,48,12,5,-0.0237,3.1538,4.4789,-0.0725,-0.0703,-0.0637
4,negative_training,SHAM,HRSD_6.1,HRSD6,cross-corpus-882,RobustScaler,ElasticNet,48,12,5,-0.0173,3.1608,4.4665,-0.0528,-0.0644,-0.046
4,negative_training,SHAM,HRSD_6.1,HRSD6,cross-corpus-882,RobustScaler,SVR,48,12,5,-0.0286,3.3685,4.7652,-0.0582,-0.2115,-0.0071
4,negative_training,SHAM,HRSD_6.1,HRSD6,cross-corpus-882,RobustScaler,KNN,48,12,5,0.0201,3.7333,4.6705,0.0275,-0.1638,-0.1696
4,negative_training,SHAM,HRSD_6.1,HRSD6,cross-corpus-882,RobustScaler,RF,48,12,5,0.0715,3.439,4.3422,0.1445,-0.0059,0.0425
4,negative_training,SHAM,HRSD_6.1,HRSD6,cross-corpus-882,RobustScaler,ET,48,12,5,0.0042,3.585,4.5292,0.0075,-0.0945,0.0
4,negative_training,SHAM,HRSD_6.1,HRSD6,cross-corpus-882,RobustScaler,GB,48,12,5,0.2075,3.0096,4.1145,0.35,0.0968,0.1912
4,negative_training,SHAM,HRSD_6.1,HRSD6,cross-corpus-882,RobustScaler,XGB,48,12,5,0.0518,3.5986,4.5744,0.0725,-0.1164,-0.0195
4,negative_training,SHAM,HRSD_6.1,HRSD6,cross-corpus-882,RobustScaler,MLP,48,12,5,-0.2942,3.8887,5.26,-0.4956,-0.4761,-0.4496
4,negative_training,SHAM,HRSD_6.1,HRSD6,cross-corpus-882,RobustScaler,LGBM,48,12,5,-0.0142,3.6545,4.6109,-0.0231,-0.1343,-0.3401
4,negative_training,SHAM,HRSD_6.1,HRSD6,cross-corpus-882,RobustScaler,CatBoost,48,12,5,-0.0815,3.6561,4.7287,-0.1477,-0.193,-0.2478
5,negative_training,SHAM,HRSD_6.1,HRSD6,cross-corpus-882,StandardScaler,Ridge,48,12,5,0.288,2.2391,2.9107,0.2974,-0.2261,0.3697
5,negative_training,SHAM,HRSD_6.1,HRSD6,cross-corpus-882,StandardScaler,Lasso,48,12,5,0.2905,2.2954,3.0058,0.2961,-0.3075,0.3697
5,negative_training,SHAM,HRSD_6.1,HRSD6,cross-corpus-882,StandardScaler,ElasticNet,48,12,5,0.281,2.2936,3.0236,0.2867,-0.3231,0.3697
5,negative_training,SHAM,HRSD_6.1,HRSD6,cross-corpus-882,StandardScaler,SVR,48,12,5,0.183,2.1512,2.613,0.2484,0.0119,0.2923
5,negative_training,SHAM,HRSD_6.1,HRSD6,cross-corpus-882,StandardScaler,KNN,48,12,5,0.449,1.8981,2.4286,0.4716,0.1464,0.6085
5,negative_training,SHAM,HRSD_6.1,HRSD6,cross-corpus-882,StandardScaler,RF,48,12,5,0.2743,1.9025,2.6127,0.3511,0.0121,0.2324
5,negative_training,SHAM,HRSD_6.1,HRSD6,cross-corpus-882,StandardScaler,ET,48,12,5,0.4221,2.0288,2.5483,0.4426,0.0602,0.4718
5,negative_training,SHAM,HRSD_6.1,HRSD6,cross-corpus-882,StandardScaler,GB,48,12,5,0.3852,2.6861,3.4941,0.42,-0.7669,0.3944
5,negative_training,SHAM,HRSD_6.1,HRSD6,cross-corpus-882,StandardScaler,XGB,48,12,5,0.4329,1.8466,2.6806,0.4565,-0.0399,0.3627
5,negative_training,SHAM,HRSD_6.1,HRSD6,cross-corpus-882,StandardScaler,MLP,48,12,5,0.2186,2.9542,3.6707,0.2309,-0.9501,0.2782
5,negative_training,SHAM,HRSD_6.1,HRSD6,cross-corpus-882,StandardScaler,LGBM,48,12,5,0.0837,2.3041,2.8359,0.1023,-0.1639,0.0777
5,negative_training,SHAM,HRSD_6.1,HRSD6,cross-corpus-882,StandardScaler,CatBoost,48,12,5,0.3036,2.0302,2.595,0.3453,0.0254,0.2747
5,negative_training,SHAM,HRSD_6.1,HRSD6,cross-corpus-882,MinMaxScaler,Ridge,48,12,10,0.452,2.0415,2.4481,0.4827,0.1326,0.4261
5,negative_training,SHAM,HRSD_6.1,HRSD6,cross-corpus-882,MinMaxScaler,Lasso,48,12,10,0.3292,2.4545,2.7062,0.3639,-0.0599,0.4824
5,negative_training,SHAM,HRSD_6.1,HRSD6,cross-corpus-882,MinMaxScaler,ElasticNet,48,12,10,0.4166,2.2087,2.522,0.4521,0.0795,0.4472
5,negative_training,SHAM,HRSD_6.1,HRSD6,cross-corpus-882,MinMaxScaler,SVR,48,12,10,0.0929,3.0196,3.3997,0.0961,-0.6727,-0.0246
5,negative_training,SHAM,HRSD_6.1,HRSD6,cross-corpus-882,MinMaxScaler,KNN,48,12,10,0.1894,2.55,3.1225,0.1938,-0.4111,0.1725
5,negative_training,SHAM,HRSD_6.1,HRSD6,cross-corpus-882,MinMaxScaler,RF,48,12,10,0.1068,2.2162,2.88,0.1233,-0.2004,0.0669
5,negative_training,SHAM,HRSD_6.1,HRSD6,cross-corpus-882,MinMaxScaler,ET,48,12,10,0.2739,2.3117,2.741,0.3003,-0.0874,0.3627
5,negative_training,SHAM,HRSD_6.1,HRSD6,cross-corpus-882,MinMaxScaler,GB,48,12,10,0.1482,2.4251,3.1818,0.1502,-0.4652,0.0986
5,negative_training,SHAM,HRSD_6.1,HRSD6,cross-corpus-882,MinMaxScaler,XGB,48,12,10,0.0218,2.6069,3.6232,0.0219,-0.8998,-0.0282
5,negative_training,SHAM,HRSD_6.1,HRSD6,cross-corpus-882,MinMaxScaler,MLP,48,12,10,0.2911,2.5947,2.918,0.3074,-0.2323,0.2324
5,negative_training,SHAM,HRSD_6.1,HRSD6,cross-corpus-882,MinMaxScaler,LGBM,48,12,10,0.3009,2.1483,2.7001,0.3247,-0.0551,0.0739
5,negative_training,SHAM,HRSD_6.1,HRSD6,cross-corpus-882,MinMaxScaler,CatBoost,48,12,10,0.0134,2.3107,3.0683,0.015,-0.3625,0.0211
5,negative_training,SHAM,HRSD_6.1,HRSD6,cross-corpus-882,RobustScaler,Ridge,48,12,10,0.4093,2.1861,2.5874,0.4271,0.0311,0.4049
5,negative_training,SHAM,HRSD_6.1,HRSD6,cross-corpus-882,RobustScaler,Lasso,48,12,10,0.4005,2.2476,2.6737,0.4122,-0.0346,0.4085
5,negative_training,SHAM,HRSD_6.1,HRSD6,cross-corpus-882,RobustScaler,ElasticNet,48,12,10,0.4081,2.2084,2.6481,0.4217,-0.0149,0.4296
5,negative_training,SHAM,HRSD_6.1,HRSD6,cross-corpus-882,RobustScaler,SVR,48,12,10,0.3423,2.425,2.8227,0.3857,-0.1531,0.4437
5,negative_training,SHAM,HRSD_6.1,HRSD6,cross-corpus-882,RobustScaler,KNN,48,12,10,0.4256,1.9815,2.3839,0.4669,0.1775,0.4505
5,negative_training,SHAM,HRSD_6.1,HRSD6,cross-corpus-882,RobustScaler,RF,48,12,10,0.1333,2.12,2.8607,0.1634,-0.1844,0.0246
5,negative_training,SHAM,HRSD_6.1,HRSD6,cross-corpus-882,RobustScaler,ET,48,12,10,0.4207,1.8271,2.3412,0.5066,0.2067,0.4789
5,negative_training,SHAM,HRSD_6.1,HRSD6,cross-corpus-882,RobustScaler,GB,48,12,10,0.1257,2.7963,3.3292,0.1291,-0.6041,0.088
5,negative_training,SHAM,HRSD_6.1,HRSD6,cross-corpus-882,RobustScaler,XGB,48,12,10,-0.0702,3.0357,3.6172,-0.0708,-0.8936,-0.1725
5,negative_training,SHAM,HRSD_6.1,HRSD6,cross-corpus-882,RobustScaler,MLP,48,12,10,0.4216,2.381,2.7573,0.438,-0.1003,0.4507
5,negative_training,SHAM,HRSD_6.1,HRSD6,cross-corpus-882,RobustScaler,LGBM,48,12,10,0.2496,2.1987,2.7174,0.2828,-0.0686,0.1338
5,negative_training,SHAM,HRSD_6.1,HRSD6,cross-corpus-882,RobustScaler,CatBoost,48,12,10,0.2405,2.1285,2.7209,0.2847,-0.0715,0.1937
1,negative_training,SHAM,HRSD_17.1,HRSD17,cross-corpus-882,StandardScaler,Ridge,48,12,10,-0.1413,7.6872,10.1828,-0.1449,-1.2272,-0.186
1,negative_training,SHAM,HRSD_17.1,HRSD17,cross-corpus-882,StandardScaler,Lasso,48,12,10,-0.0549,6.7032,8.223,-0.0623,-0.4524,-0.1088
1,negative_training,SHAM,HRSD_17.1,HRSD17,cross-corpus-882,StandardScaler,ElasticNet,48,12,10,-0.0811,6.8872,8.4085,-0.0908,-0.5187,-0.1263
1,negative_training,SHAM,HRSD_17.1,HRSD17,cross-corpus-882,StandardScaler,SVR,48,12,10,0.0824,6.4226,8.7467,0.0829,-0.6433,0.0737
1,negative_training,SHAM,HRSD_17.1,HRSD17,cross-corpus-882,StandardScaler,KNN,48,12,10,0.0897,6.381,7.6745,0.1031,-0.2651,0.0211
1,negative_training,SHAM,HRSD_17.1,HRSD17,cross-corpus-882,StandardScaler,RF,48,12,10,0.0012,6.8808,8.0744,0.0013,-0.4004,-0.0351
1,negative_training,SHAM,HRSD_17.1,HRSD17,cross-corpus-882,StandardScaler,ET,48,12,10,0.1249,6.4992,8.0935,0.1322,-0.407,-0.0035
1,negative_training,SHAM,HRSD_17.1,HRSD17,cross-corpus-882,StandardScaler,GB,48,12,10,0.0807,7.5954,9.0839,0.0824,-0.7724,-0.0877
1,negative_training,SHAM,HRSD_17.1,HRSD17,cross-corpus-882,StandardScaler,XGB,48,12,10,0.0369,7.9228,10.242,0.0387,-1.2532,-0.0561
1,negative_training,SHAM,HRSD_17.1,HRSD17,cross-corpus-882,StandardScaler,MLP,48,12,10,-0.0595,8.5394,11.7249,-0.064,-1.9529,0.1368
1,negative_training,SHAM,HRSD_17.1,HRSD17,cross-corpus-882,StandardScaler,LGBM,48,12,10,-0.1013,6.8935,8.4592,-0.1134,-0.537,-0.2035
1,negative_training,SHAM,HRSD_17.1,HRSD17,cross-corpus-882,StandardScaler,CatBoost,48,12,10,0.0025,7.2683,8.7472,0.0026,-0.6435,-0.0316
1,negative_training,SHAM,HRSD_17.1,HRSD17,cross-corpus-882,MinMaxScaler,Ridge,48,12,10,-0.0875,7.1488,9.333,-0.0905,-0.871,-0.1298
1,negative_training,SHAM,HRSD_17.1,HRSD17,cross-corpus-882,MinMaxScaler,Lasso,48,12,10,-0.1365,8.0681,11.1137,-0.1423,-1.6531,-0.186
1,negative_training,SHAM,HRSD_17.1,HRSD17,cross-corpus-882,MinMaxScaler,ElasticNet,48,12,10,-0.0217,6.3894,7.8476,-0.0261,-0.3228,-0.1088
1,negative_training,SHAM,HRSD_17.1,HRSD17,cross-corpus-882,MinMaxScaler,SVR,48,12,10,-0.0078,6.1756,7.6346,-0.0098,-0.252,-0.0456
1,negative_training,SHAM,HRSD_17.1,HRSD17,cross-corpus-882,MinMaxScaler,KNN,48,12,10,0.1232,6.3611,7.5262,0.1428,-0.2167,0.0702
1,negative_training,SHAM,HRSD_17.1,HRSD17,cross-corpus-882,MinMaxScaler,RF,48,12,10,0.001,6.7104,7.9389,0.0011,-0.3538,-0.0912
1,negative_training,SHAM,HRSD_17.1,HRSD17,cross-corpus-882,MinMaxScaler,ET,48,12,10,0.0191,6.8192,8.2105,0.0206,-0.448,-0.1193
1,negative_training,SHAM,HRSD_17.1,HRSD17,cross-corpus-882,MinMaxScaler,GB,48,12,10,-0.1239,8.1578,9.3812,-0.1293,-0.8904,-0.2807
1,negative_training,SHAM,HRSD_17.1,HRSD17,cross-corpus-882,MinMaxScaler,XGB,48,12,10,0.0883,7.1304,8.584,0.0902,-0.5827,-0.1053
1,negative_training,SHAM,HRSD_17.1,HRSD17,cross-corpus-882,MinMaxScaler,MLP,48,12,10,0.0401,6.5387,8.3278,0.0419,-0.4896,-0.007
1,negative_training,SHAM,HRSD_17.1,HRSD17,cross-corpus-882,MinMaxScaler,LGBM,48,12,10,-0.1255,7.2486,8.7137,-0.1359,-0.6309,-0.2807
1,negative_training,SHAM,HRSD_17.1,HRSD17,cross-corpus-882,MinMaxScaler,CatBoost,48,12,10,-0.0354,7.4666,8.922,-0.0362,-0.7098,-0.0807
1,negative_training,SHAM,HRSD_17.1,HRSD17,cross-corpus-882,RobustScaler,Ridge,48,12,5,-0.0425,6.5616,8.0141,-0.0494,-0.3795,-0.1404
1,negative_training,SHAM,HRSD_17.1,HRSD17,cross-corpus-882,RobustScaler,Lasso,48,12,5,-0.0748,6.9815,8.887,-0.0777,-0.6964,-0.1404
1,negative_training,SHAM,HRSD_17.1,HRSD17,cross-corpus-882,RobustScaler,ElasticNet,48,12,5,-0.0632,6.8006,8.5099,-0.068,-0.5555,-0.1404
1,negative_training,SHAM,HRSD_17.1,HRSD17,cross-corpus-882,RobustScaler,SVR,48,12,5,0.0577,7.253,9.3414,0.058,-0.8743,0.0386
1,negative_training,SHAM,HRSD_17.1,HRSD17,cross-corpus-882,RobustScaler,KNN,48,12,5,-0.0247,7.7833,8.7031,-0.026,-0.6269,-0.0526
1,negative_training,SHAM,HRSD_17.1,HRSD17,cross-corpus-882,RobustScaler,RF,48,12,5,0.0463,6.4204,7.775,0.0524,-0.2985,-0.0386
1,negative_training,SHAM,HRSD_17.1,HRSD17,cross-corpus-882,RobustScaler,ET,48,12,5,0.102,6.4439,7.567,0.1149,-0.2299,0.0877
1,negative_training,SHAM,HRSD_17.1,HRSD17,cross-corpus-882,RobustScaler,GB,48,12,5,0.214,6.723,8.5596,0.2148,-0.5737,0.0526
1,negative_training,SHAM,HRSD_17.1,HRSD17,cross-corpus-882,RobustScaler,XGB,48,12,5,0.1644,7.4274,9.2287,0.165,-0.8294,-0.0351
1,negative_training,SHAM,HRSD_17.1,HRSD17,cross-corpus-882,RobustScaler,MLP,48,12,5,0.0334,7.1807,8.9264,0.0338,-0.7115,0.0737
1,negative_training,SHAM,HRSD_17.1,HRSD17,cross-corpus-882,RobustScaler,LGBM,48,12,5,-0.003,6.2673,8.1363,-0.0033,-0.4219,0.0211
1,negative_training,SHAM,HRSD_17.1,HRSD17,cross-corpus-882,RobustScaler,CatBoost,48,12,5,0.1301,6.3267,7.6811,0.1403,-0.2673,0.007
2,negative_training,SHAM,HRSD_17.1,HRSD17,cross-corpus-882,StandardScaler,Ridge,48,12,10,0.0376,8.1103,8.9095,0.0785,-0.0719,0.0
2,negative_training,SHAM,HRSD_17.1,HRSD17,cross-corpus-882,StandardScaler,Lasso,48,12,10,0.0484,8.0651,8.9466,0.0971,-0.0808,0.0561
2,negative_training,SHAM,HRSD_17.1,HRSD17,cross-corpus-882,StandardScaler,ElasticNet,48,12,10,0.0216,8.1591,8.7747,0.0593,-0.0397,0.014
2,negative_training,SHAM,HRSD_17.1,HRSD17,cross-corpus-882,StandardScaler,SVR,48,12,10,0.1013,7.4722,8.7727,0.1724,-0.0392,0.0175
2,negative_training,SHAM,HRSD_17.1,HRSD17,cross-corpus-882,StandardScaler,KNN,48,12,10,0.0441,7.8214,8.7985,0.1044,-0.0453,0.0123
2,negative_training,SHAM,HRSD_17.1,HRSD17,cross-corpus-882,StandardScaler,RF,48,12,10,0.0863,7.8238,8.6546,0.174,-0.0114,0.2491
2,negative_training,SHAM,HRSD_17.1,HRSD17,cross-corpus-882,StandardScaler,ET,48,12,10,-0.0097,8.1908,9.1246,-0.0199,-0.1243,-0.0491
2,negative_training,SHAM,HRSD_17.1,HRSD17,cross-corpus-882,StandardScaler,GB,48,12,10,0.1463,7.661,8.6681,0.2369,-0.0146,0.1439
2,negative_training,SHAM,HRSD_17.1,HRSD17,cross-corpus-882,StandardScaler,XGB,48,12,10,0.0883,7.7081,8.9388,0.1552,-0.0789,0.0842
2,negative_training,SHAM,HRSD_17.1,HRSD17,cross-corpus-882,StandardScaler,MLP,48,12,10,0.2542,7.0406,8.6532,0.3506,-0.0111,0.3789
2,negative_training,SHAM,HRSD_17.1,HRSD17,cross-corpus-882,StandardScaler,LGBM,48,12,10,-0.0136,8.2933,9.0257,-0.0328,-0.1,-0.0703
2,negative_training,SHAM,HRSD_17.1,HRSD17,cross-corpus-882,StandardScaler,CatBoost,48,12,10,0.0347,7.9121,9.1393,0.0596,-0.1279,0.0526
2,negative_training,SHAM,HRSD_17.1,HRSD17,cross-corpus-882,MinMaxScaler,Ridge,48,12,15,0.0457,8.2547,8.8613,0.0911,-0.0603,0.0947
2,negative_training,SHAM,HRSD_17.1,HRSD17,cross-corpus-882,MinMaxScaler,Lasso,48,12,15,0.0643,8.0576,8.7668,0.1465,-0.0378,0.0316
2,negative_training,SHAM,HRSD_17.1,HRSD17,cross-corpus-882,MinMaxScaler,ElasticNet,48,12,15,0.0219,8.2659,8.7726,0.0586,-0.0392,0.0351
2,negative_training,SHAM,HRSD_17.1,HRSD17,cross-corpus-882,MinMaxScaler,SVR,48,12,15,0.0349,8.1551,8.8331,0.0925,-0.0536,0.1579
2,negative_training,SHAM,HRSD_17.1,HRSD17,cross-corpus-882,MinMaxScaler,KNN,48,12,15,-0.0396,8.2685,8.9988,-0.1522,-0.0935,-0.2456
2,negative_training,SHAM,HRSD_17.1,HRSD17,cross-corpus-882,MinMaxScaler,RF,48,12,15,0.1152,7.8613,8.4343,0.2483,0.0394,0.2842
2,negative_training,SHAM,HRSD_17.1,HRSD17,cross-corpus-882,MinMaxScaler,ET,48,12,15,0.0775,7.9925,8.6223,0.1768,-0.0039,0.2281
2,negative_training,SHAM,HRSD_17.1,HRSD17,cross-corpus-882,MinMaxScaler,GB,48,12,15,0.1042,7.7127,8.6851,0.1799,-0.0186,0.1123
2,negative_training,SHAM,HRSD_17.1,HRSD17,cross-corpus-882,MinMaxScaler,XGB,48,12,15,0.0592,8.1199,8.7948,0.1042,-0.0445,0.1263
2,negative_training,SHAM,HRSD_17.1,HRSD17,cross-corpus-882,MinMaxScaler,MLP,48,12,15,0.0616,8.1896,8.8662,0.1061,-0.0615,0.0246
2,negative_training,SHAM,HRSD_17.1,HRSD17,cross-corpus-882,MinMaxScaler,LGBM,48,12,15,-0.0481,8.5358,9.2952,-0.0971,-0.1667,-0.0596
2,negative_training,SHAM,HRSD_17.1,HRSD17,cross-corpus-882,MinMaxScaler,CatBoost,48,12,15,0.0669,8.1184,8.7866,0.124,-0.0425,0.1158
2,negative_training,SHAM,HRSD_17.1,HRSD17,cross-corpus-882,RobustScaler,Ridge,48,12,10,0.0372,8.1151,8.8242,0.0843,-0.0515,-0.0351
2,negative_training,SHAM,HRSD_17.1,HRSD17,cross-corpus-882,RobustScaler,Lasso,48,12,10,0.0506,8.0462,8.9112,0.1041,-0.0723,-0.0035
2,negative_training,SHAM,HRSD_17.1,HRSD17,cross-corpus-882,RobustScaler,ElasticNet,48,12,10,0.0189,8.1851,8.6991,0.0623,-0.0219,0.014
2,negative_training,SHAM,HRSD_17.1,HRSD17,cross-corpus-882,RobustScaler,SVR,48,12,10,0.0776,7.5229,8.8307,0.1339,-0.053,0.0246
2,negative_training,SHAM,HRSD_17.1,HRSD17,cross-corpus-882,RobustScaler,KNN,48,12,10,0.0566,7.7593,8.6396,0.192,-0.0079,0.0848
2,negative_training,SHAM,HRSD_17.1,HRSD17,cross-corpus-882,RobustScaler,RF,48,12,10,0.0863,7.8238,8.6546,0.174,-0.0114,0.2491
2,negative_training,SHAM,HRSD_17.1,HRSD17,cross-corpus-882,RobustScaler,ET,48,12,10,-0.0097,8.1908,9.1246,-0.0199,-0.1243,-0.0491
2,negative_training,SHAM,HRSD_17.1,HRSD17,cross-corpus-882,RobustScaler,GB,48,12,10,0.1463,7.661,8.6681,0.2369,-0.0146,0.1439
2,negative_training,SHAM,HRSD_17.1,HRSD17,cross-corpus-882,RobustScaler,XGB,48,12,10,0.0883,7.7081,8.9388,0.1552,-0.0789,0.0842
2,negative_training,SHAM,HRSD_17.1,HRSD17,cross-corpus-882,RobustScaler,MLP,48,12,10,0.2353,7.1902,8.836,0.3426,-0.0543,0.3754
2,negative_training,SHAM,HRSD_17.1,HRSD17,cross-corpus-882,RobustScaler,LGBM,48,12,10,0.0022,8.2414,8.9575,0.0054,-0.0835,0.0562
2,negative_training,SHAM,HRSD_17.1,HRSD17,cross-corpus-882,RobustScaler,CatBoost,48,12,10,0.0347,7.9121,9.1393,0.0596,-0.1279,0.0526
3,negative_training,SHAM,HRSD_17.1,HRSD17,cross-corpus-882,StandardScaler,Ridge,48,12,5,0.1267,7.5102,8.3268,0.1514,-0.1372,0.1793
3,negative_training,SHAM,HRSD_17.1,HRSD17,cross-corpus-882,StandardScaler,Lasso,48,12,5,0.1161,7.016,7.8483,0.178,-0.0102,0.2074
3,negative_training,SHAM,HRSD_17.1,HRSD17,cross-corpus-882,StandardScaler,ElasticNet,48,12,5,0.094,7.0436,7.852,0.1556,-0.0112,0.1793
3,negative_training,SHAM,HRSD_17.1,HRSD17,cross-corpus-882,StandardScaler,SVR,48,12,5,0.0491,7.0664,8.3507,0.0688,-0.1437,0.2074
3,negative_training,SHAM,HRSD_17.1,HRSD17,cross-corpus-882,StandardScaler,KNN,48,12,5,0.0746,6.5556,8.0825,0.1107,-0.0714,0.2953
3,negative_training,SHAM,HRSD_17.1,HRSD17,cross-corpus-882,StandardScaler,RF,48,12,5,0.2856,6.1767,7.1046,0.4358,0.1722,0.4464
3,negative_training,SHAM,HRSD_17.1,HRSD17,cross-corpus-882,StandardScaler,ET,48,12,5,0.2066,6.5058,7.6375,0.3012,0.0433,0.3023
3,negative_training,SHAM,HRSD_17.1,HRSD17,cross-corpus-882,StandardScaler,GB,48,12,5,0.2833,6.3116,7.8959,0.3113,-0.0225,0.4113
3,negative_training,SHAM,HRSD_17.1,HRSD17,cross-corpus-882,StandardScaler,XGB,48,12,5,0.4629,5.4047,6.5629,0.5439,0.2936,0.5308
3,negative_training,SHAM,HRSD_17.1,HRSD17,cross-corpus-882,StandardScaler,MLP,48,12,5,0.0424,8.7468,9.9055,0.0432,-0.6093,0.225
3,negative_training,SHAM,HRSD_17.1,HRSD17,cross-corpus-882,StandardScaler,LGBM,48,12,5,0.0082,6.9036,8.0771,0.0161,-0.07,-0.0973
3,negative_training,SHAM,HRSD_17.1,HRSD17,cross-corpus-882,StandardScaler,CatBoost,48,12,5,0.2178,6.2368,7.5323,0.3319,0.0695,0.3656
3,negative_training,SHAM,HRSD_17.1,HRSD17,cross-corpus-882,MinMaxScaler,Ridge,48,12,5,0.2564,6.2386,7.3789,0.3524,0.107,0.5659
3,negative_training,SHAM,HRSD_17.1,HRSD17,cross-corpus-882,MinMaxScaler,Lasso,48,12,5,0.2511,6.3881,7.4953,0.3288,0.0786,0.5343
3,negative_training,SHAM,HRSD_17.1,HRSD17,cross-corpus-882,MinMaxScaler,ElasticNet,48,12,5,0.2786,6.2846,7.4745,0.3485,0.0837,0.5659
3,negative_training,SHAM,HRSD_17.1,HRSD17,cross-corpus-882,MinMaxScaler,SVR,48,12,5,0.2911,6.2545,7.5196,0.3472,0.0726,0.594
3,negative_training,SHAM,HRSD_17.1,HRSD17,cross-corpus-882,MinMaxScaler,KNN,48,12,5,0.3817,4.6071,6.7324,0.5339,0.2566,0.6327
3,negative_training,SHAM,HRSD_17.1,HRSD17,cross-corpus-882,MinMaxScaler,RF,48,12,5,0.2816,5.8711,7.0223,0.4772,0.1912,0.6819
3,negative_training,SHAM,HRSD_17.1,HRSD17,cross-corpus-882,MinMaxScaler,ET,48,12,5,0.2625,5.6288,7.2822,0.4113,0.1302,0.4464
3,negative_training,SHAM,HRSD_17.1,HRSD17,cross-corpus-882,MinMaxScaler,GB,48,12,5,0.2753,6.7107,7.8849,0.3165,-0.0197,0.3163
3,negative_training,SHAM,HRSD_17.1,HRSD17,cross-corpus-882,MinMaxScaler,XGB,48,12,5,0.3968,5.4633,6.705,0.5665,0.2627,0.6327
3,negative_training,SHAM,HRSD_17.1,HRSD17,cross-corpus-882,MinMaxScaler,MLP,48,12,5,0.378,5.1983,6.9256,0.4951,0.2133,0.6432
3,negative_training,SHAM,HRSD_17.1,HRSD17,cross-corpus-882,MinMaxScaler,LGBM,48,12,5,0.2145,5.5777,7.2421,0.4011,0.1398,0.5072
3,negative_training,SHAM,HRSD_17.1,HRSD17,cross-corpus-882,MinMaxScaler,CatBoost,48,12,5,0.3194,5.728,7.0521,0.478,0.1844,0.71
3,negative_training,SHAM,HRSD_17.1,HRSD17,cross-corpus-882,RobustScaler,Ridge,48,12,5,0.2527,6.4718,7.5802,0.3219,0.0576,0.5026
3,negative_training,SHAM,HRSD_17.1,HRSD17,cross-corpus-882,RobustScaler,Lasso,48,12,5,0.1152,6.9879,7.8667,0.1793,-0.015,0.1195
3,negative_training,SHAM,HRSD_17.1,HRSD17,cross-corpus-882,RobustScaler,ElasticNet,48,12,5,0.1703,6.5932,7.583,0.2757,0.0569,0.4288
3,negative_training,SHAM,HRSD_17.1,HRSD17,cross-corpus-882,RobustScaler,SVR,48,12,5,0.2562,5.563,7.3248,0.3744,0.12,0.4464
3,negative_training,SHAM,HRSD_17.1,HRSD17,cross-corpus-882,RobustScaler,KNN,48,12,5,0.2901,5.4444,7.2654,0.415,0.1343,0.5237
3,negative_training,SHAM,HRSD_17.1,HRSD17,cross-corpus-882,RobustScaler,RF,48,12,5,0.2816,5.8711,7.0223,0.4772,0.1912,0.6819
3,negative_training,SHAM,HRSD_17.1,HRSD17,cross-corpus-882,RobustScaler,ET,48,12,5,0.2625,5.6288,7.2822,0.4113,0.1302,0.4464
3,negative_training,SHAM,HRSD_17.1,HRSD17,cross-corpus-882,RobustScaler,GB,48,12,5,0.2753,6.7107,7.8849,0.3165,-0.0197,0.3163
3,negative_training,SHAM,HRSD_17.1,HRSD17,cross-corpus-882,RobustScaler,XGB,48,12,5,0.3968,5.4633,6.705,0.5665,0.2627,0.6327
3,negative_training,SHAM,HRSD_17.1,HRSD17,cross-corpus-882,RobustScaler,MLP,48,12,5,0.2889,6.2152,8.2434,0.3074,-0.1145,0.4605
3,negative_training,SHAM,HRSD_17.1,HRSD17,cross-corpus-882,RobustScaler,LGBM,48,12,5,0.2728,5.6437,6.8258,0.6504,0.2359,0.7192
3,negative_training,SHAM,HRSD_17.1,HRSD17,cross-corpus-882,RobustScaler,CatBoost,48,12,5,0.3194,5.728,7.0521,0.478,0.1844,0.71
4,negative_training,SHAM,HRSD_17.1,HRSD17,cross-corpus-882,StandardScaler,Ridge,48,12,5,-0.0461,7.7499,10.5728,-0.0652,-0.822,-0.2597
4,negative_training,SHAM,HRSD_17.1,HRSD17,cross-corpus-882,StandardScaler,Lasso,48,12,5,-0.0463,7.7407,10.5621,-0.0654,-0.8183,-0.2597
4,negative_training,SHAM,HRSD_17.1,HRSD17,cross-corpus-882,StandardScaler,ElasticNet,48,12,5,-0.0468,7.7001,10.5248,-0.066,-0.8054,-0.2351
4,negative_training,SHAM,HRSD_17.1,HRSD17,cross-corpus-882,StandardScaler,SVR,48,12,5,0.1156,5.6782,8.5073,0.1555,-0.1796,0.3544
4,negative_training,SHAM,HRSD_17.1,HRSD17,cross-corpus-882,StandardScaler,KNN,48,12,5,0.2745,5.7,7.5507,0.3682,0.0708,0.2923
4,negative_training,SHAM,HRSD_17.1,HRSD17,cross-corpus-882,StandardScaler,RF,48,12,5,-0.1228,6.0492,8.7832,-0.2373,-0.2574,-0.1614
4,negative_training,SHAM,HRSD_17.1,HRSD17,cross-corpus-882,StandardScaler,ET,48,12,5,-0.0613,5.4992,8.4607,-0.1365,-0.1667,0.0877
4,negative_training,SHAM,HRSD_17.1,HRSD17,cross-corpus-882,StandardScaler,GB,48,12,5,-0.2033,8.3374,10.3059,-0.227,-0.7311,-0.4035
4,negative_training,SHAM,HRSD_17.1,HRSD17,cross-corpus-882,StandardScaler,XGB,48,12,5,-0.282,7.8316,10.5874,-0.3506,-0.827,-0.4842
4,negative_training,SHAM,HRSD_17.1,HRSD17,cross-corpus-882,StandardScaler,MLP,48,12,5,0.0718,5.6416,8.2833,0.12,-0.1183,0.0737
4,negative_training,SHAM,HRSD_17.1,HRSD17,cross-corpus-882,StandardScaler,LGBM,48,12,5,0.2147,4.8397,7.2947,0.367,0.1327,0.4583
4,negative_training,SHAM,HRSD_17.1,HRSD17,cross-corpus-882,StandardScaler,CatBoost,48,12,5,-0.1859,7.2267,9.7157,-0.273,-0.5385,-0.3263
4,negative_training,SHAM,HRSD_17.1,HRSD17,cross-corpus-882,MinMaxScaler,Ridge,48,12,5,-0.0489,6.0421,8.6079,-0.0972,-0.2077,-0.2807
4,negative_training,SHAM,HRSD_17.1,HRSD17,cross-corpus-882,MinMaxScaler,Lasso,48,12,5,-0.0598,6.533,9.0399,-0.0936,-0.3319,-0.2912
4,negative_training,SHAM,HRSD_17.1,HRSD17,cross-corpus-882,MinMaxScaler,ElasticNet,48,12,5,-0.0249,5.5094,8.1421,-0.0798,-0.0805,-0.2561
4,negative_training,SHAM,HRSD_17.1,HRSD17,cross-corpus-882,MinMaxScaler,SVR,48,12,5,0.0599,5.3259,7.9164,0.1453,-0.0214,-0.0491
4,negative_training,SHAM,HRSD_17.1,HRSD17,cross-corpus-882,MinMaxScaler,KNN,48,12,5,-0.0038,5.9167,8.3748,-0.0086,-0.1431,-0.1693
4,negative_training,SHAM,HRSD_17.1,HRSD17,cross-corpus-882,MinMaxScaler,RF,48,12,5,-0.0343,5.1358,8.1918,-0.1162,-0.0937,-0.0912
4,negative_training,SHAM,HRSD_17.1,HRSD17,cross-corpus-882,MinMaxScaler,ET,48,12,5,-0.0938,5.5983,8.5367,-0.2543,-0.1878,-0.3649
4,negative_training,SHAM,HRSD_17.1,HRSD17,cross-corpus-882,MinMaxScaler,GB,48,12,5,-0.1071,6.016,8.8667,-0.2172,-0.2814,-0.386
4,negative_training,SHAM,HRSD_17.1,HRSD17,cross-corpus-882,MinMaxScaler,XGB,48,12,5,0.0613,5.7302,8.4814,0.1277,-0.1724,-0.0035
4,negative_training,SHAM,HRSD_17.1,HRSD17,cross-corpus-882,MinMaxScaler,MLP,48,12,5,-0.0151,5.7718,8.2936,-0.0333,-0.1211,-0.207
4,negative_training,SHAM,HRSD_17.1,HRSD17,cross-corpus-882,MinMaxScaler,LGBM,48,12,5,0.1007,4.8728,7.7025,0.2596,0.033,-0.0054
4,negative_training,SHAM,HRSD_17.1,HRSD17,cross-corpus-882,MinMaxScaler,CatBoost,48,12,5,-0.0046,5.5925,8.3994,-0.0099,-0.1499,-0.0351
4,negative_training,SHAM,HRSD_17.1,HRSD17,cross-corpus-882,RobustScaler,Ridge,48,12,5,-0.0903,5.3114,8.56,-0.2098,-0.1943,-0.1193
4,negative_training,SHAM,HRSD_17.1,HRSD17,cross-corpus-882,RobustScaler,Lasso,48,12,5,-0.04,5.2486,8.3079,-0.1033,-0.125,0.0175
4,negative_training,SHAM,HRSD_17.1,HRSD17,cross-corpus-882,RobustScaler,ElasticNet,48,12,5,-0.1147,5.369,8.6957,-0.2515,-0.2324,-0.1193
4,negative_training,SHAM,HRSD_17.1,HRSD17,cross-corpus-882,RobustScaler,SVR,48,12,5,-0.0347,5.4897,8.6031,-0.0516,-0.2063,0.0596
4,negative_training,SHAM,HRSD_17.1,HRSD17,cross-corpus-882,RobustScaler,KNN,48,12,5,0.0236,6.2778,8.9928,0.0271,-0.3181,0.0954
4,negative_training,SHAM,HRSD_17.1,HRSD17,cross-corpus-882,RobustScaler,RF,48,12,5,0.0091,5.4292,8.3889,0.0133,-0.147,0.214
4,negative_training,SHAM,HRSD_17.1,HRSD17,cross-corpus-882,RobustScaler,ET,48,12,5,0.0826,4.7688,7.9636,0.1314,-0.0337,0.407
4,negative_training,SHAM,HRSD_17.1,HRSD17,cross-corpus-882,RobustScaler,GB,48,12,5,0.163,5.6304,7.8256,0.2378,0.0019,0.0632
4,negative_training,SHAM,HRSD_17.1,HRSD17,cross-corpus-882,RobustScaler,XGB,48,12,5,-0.0004,5.8756,8.6534,-0.0006,-0.2205,-0.0246
4,negative_training,SHAM,HRSD_17.1,HRSD17,cross-corpus-882,RobustScaler,MLP,48,12,5,-0.2412,6.0428,9.5476,-0.5064,-0.4857,-0.3614
4,negative_training,SHAM,HRSD_17.1,HRSD17,cross-corpus-882,RobustScaler,LGBM,48,12,5,0.2186,4.8418,7.2723,0.3762,0.138,0.572
4,negative_training,SHAM,HRSD_17.1,HRSD17,cross-corpus-882,RobustScaler,CatBoost,48,12,5,0.2412,5.1923,7.5271,0.32,0.0765,0.4561
5,negative_training,SHAM,HRSD_17.1,HRSD17,cross-corpus-882,StandardScaler,Ridge,48,12,10,0.229,4.7631,5.7024,0.2349,-0.3756,0.0917
5,negative_training,SHAM,HRSD_17.1,HRSD17,cross-corpus-882,StandardScaler,Lasso,48,12,10,0.1696,4.512,5.1968,0.1966,-0.1425,0.0564
5,negative_training,SHAM,HRSD_17.1,HRSD17,cross-corpus-882,StandardScaler,ElasticNet,48,12,10,0.1842,4.4686,5.1391,0.2134,-0.1173,0.0988
5,negative_training,SHAM,HRSD_17.1,HRSD17,cross-corpus-882,StandardScaler,SVR,48,12,10,0.2943,4.8743,6.1732,0.2985,-0.6121,0.1834
5,negative_training,SHAM,HRSD_17.1,HRSD17,cross-corpus-882,StandardScaler,KNN,48,12,10,0.2492,4.8452,5.9036,0.251,-0.4744,0.0618
5,negative_training,SHAM,HRSD_17.1,HRSD17,cross-corpus-882,StandardScaler,RF,48,12,10,0.2247,4.8331,5.2848,0.2373,-0.1815,0.0564
5,negative_training,SHAM,HRSD_17.1,HRSD17,cross-corpus-882,StandardScaler,ET,48,12,10,0.1889,4.7392,5.5121,0.1986,-0.2853,-0.0071
5,negative_training,SHAM,HRSD_17.1,HRSD17,cross-corpus-882,StandardScaler,GB,48,12,10,0.1589,6.5763,7.6836,0.1681,-1.4975,0.1235
5,negative_training,SHAM,HRSD_17.1,HRSD17,cross-corpus-882,StandardScaler,XGB,48,12,10,0.1,5.7036,6.7228,0.1006,-0.912,0.1482
5,negative_training,SHAM,HRSD_17.1,HRSD17,cross-corpus-882,StandardScaler,MLP,48,12,10,0.2656,4.918,6.2363,0.2683,-0.6452,0.0529
5,negative_training,SHAM,HRSD_17.1,HRSD17,cross-corpus-882,StandardScaler,LGBM,48,12,10,0.0833,4.9076,5.7254,0.088,-0.3867,-0.0035
5,negative_training,SHAM,HRSD_17.1,HRSD17,cross-corpus-882,StandardScaler,CatBoost,48,12,10,0.1565,5.1408,5.7596,0.1599,-0.4033,0.0564
5,negative_training,SHAM,HRSD_17.1,HRSD17,cross-corpus-882,MinMaxScaler,Ridge,48,12,10,0.3179,4.315,5.1493,0.33,-0.1217,0.187
5,negative_training,SHAM,HRSD_17.1,HRSD17,cross-corpus-882,MinMaxScaler,Lasso,48,12,10,0.285,4.3735,5.211,0.2989,-0.1487,0.187
5,negative_training,SHAM,HRSD_17.1,HRSD17,cross-corpus-882,MinMaxScaler,ElasticNet,48,12,10,0.3024,4.0545,4.6745,0.3657,0.0756,0.1799
5,negative_training,SHAM,HRSD_17.1,HRSD17,cross-corpus-882,MinMaxScaler,SVR,48,12,10,0.2249,4.6376,5.8256,0.2257,-0.4357,0.0988
5,negative_training,SHAM,HRSD_17.1,HRSD17,cross-corpus-882,MinMaxScaler,KNN,48,12,10,0.3393,4.2024,5.1404,0.3594,-0.1178,0.106
5,negative_training,SHAM,HRSD_17.1,HRSD17,cross-corpus-882,MinMaxScaler,RF,48,12,10,0.1824,4.8001,5.3077,0.2043,-0.1918,0.1764
5,negative_training,SHAM,HRSD_17.1,HRSD17,cross-corpus-882,MinMaxScaler,ET,48,12,10,0.1926,4.5708,5.3051,0.2068,-0.1906,0.067
5,negative_training,SHAM,HRSD_17.1,HRSD17,cross-corpus-882,MinMaxScaler,GB,48,12,10,0.2119,5.666,6.4298,0.213,-0.7489,0.2116
5,negative_training,SHAM,HRSD_17.1,HRSD17,cross-corpus-882,MinMaxScaler,XGB,48,12,10,0.2168,5.1238,6.0542,0.2172,-0.5506,0.2469
5,negative_training,SHAM,HRSD_17.1,HRSD17,cross-corpus-882,MinMaxScaler,MLP,48,12,10,0.2161,4.5613,5.7232,0.2217,-0.3857,0.1658
5,negative_training,SHAM,HRSD_17.1,HRSD17,cross-corpus-882,MinMaxScaler,LGBM,48,12,10,0.1191,4.772,5.469,0.1311,-0.2653,0.1115
5,negative_training,SHAM,HRSD_17.1,HRSD17,cross-corpus-882,MinMaxScaler,CatBoost,48,12,10,0.1463,4.6426,5.4947,0.1555,-0.2772,0.1058
5,negative_training,SHAM,HRSD_17.1,HRSD17,cross-corpus-882,RobustScaler,Ridge,48,12,5,0.1902,4.6544,6.0485,0.1936,-0.5477,0.1517
5,negative_training,SHAM,HRSD_17.1,HRSD17,cross-corpus-882,RobustScaler,Lasso,48,12,5,0.1519,4.7734,6.1627,0.1541,-0.6066,0.0952
5,negative_training,SHAM,HRSD_17.1,HRSD17,cross-corpus-882,RobustScaler,ElasticNet,48,12,5,0.1541,4.5989,5.6135,0.1616,-0.3331,0.1446
5,negative_training,SHAM,HRSD_17.1,HRSD17,cross-corpus-882,RobustScaler,SVR,48,12,5,0.1924,5.1606,6.044,0.1963,-0.5453,0.0388
5,negative_training,SHAM,HRSD_17.1,HRSD17,cross-corpus-882,RobustScaler,KNN,48,12,5,0.1251,5.1111,5.7993,0.1285,-0.4227,-0.0388
5,negative_training,SHAM,HRSD_17.1,HRSD17,cross-corpus-882,RobustScaler,RF,48,12,5,0.171,4.8613,5.4392,0.182,-0.2516,0.0494
5,negative_training,SHAM,HRSD_17.1,HRSD17,cross-corpus-882,RobustScaler,ET,48,12,5,0.2105,5.3067,6.1034,0.2105,-0.5759,0.067
5,negative_training,SHAM,HRSD_17.1,HRSD17,cross-corpus-882,RobustScaler,GB,48,12,5,0.4377,5.2038,6.2604,0.4626,-0.658,0.2681
5,negative_training,SHAM,HRSD_17.1,HRSD17,cross-corpus-882,RobustScaler,XGB,48,12,5,0.106,6.3676,7.2328,0.1083,-1.213,-0.0952
5,negative_training,SHAM,HRSD_17.1,HRSD17,cross-corpus-882,RobustScaler,MLP,48,12,5,0.1754,4.7347,5.7135,0.1788,-0.381,-0.067
5,negative_training,SHAM,HRSD_17.1,HRSD17,cross-corpus-882,RobustScaler,LGBM,48,12,5,0.0861,4.8938,5.6225,0.0935,-0.3373,0.0696
5,negative_training,SHAM,HRSD_17.1,HRSD17,cross-corpus-882,RobustScaler,CatBoost,48,12,5,0.2936,4.7373,5.567,0.2974,-0.311,0.1199
1,negative_training,SHAM,HRSD_21.1,HRSD21,cross-corpus-882,StandardScaler,Ridge,48,12,5,-0.1137,8.3784,10.8761,-0.1182,-1.0745,-0.0701
1,negative_training,SHAM,HRSD_21.1,HRSD21,cross-corpus-882,StandardScaler,Lasso,48,12,5,-0.118,8.8323,11.8892,-0.123,-1.479,-0.0701
1,negative_training,SHAM,HRSD_21.1,HRSD21,cross-corpus-882,StandardScaler,ElasticNet,48,12,5,-0.1174,8.6795,11.5479,-0.1219,-1.3387,-0.0701
1,negative_training,SHAM,HRSD_21.1,HRSD21,cross-corpus-882,StandardScaler,SVR,48,12,5,-0.0536,7.638,10.5287,-0.0538,-0.9441,-0.0981
1,negative_training,SHAM,HRSD_21.1,HRSD21,cross-corpus-882,StandardScaler,KNN,48,12,5,-0.0638,7.2619,8.6793,-0.0816,-0.3211,-0.0876
1,negative_training,SHAM,HRSD_21.1,HRSD21,cross-corpus-882,StandardScaler,RF,48,12,5,-0.07,7.4125,9.0908,-0.0814,-0.4493,-0.1191
1,negative_training,SHAM,HRSD_21.1,HRSD21,cross-corpus-882,StandardScaler,ET,48,12,5,0.0063,7.0367,9.1297,0.0069,-0.4618,0.0946
1,negative_training,SHAM,HRSD_21.1,HRSD21,cross-corpus-882,StandardScaler,GB,48,12,5,0.0119,8.9187,10.4004,0.0127,-0.897,-0.063
1,negative_training,SHAM,HRSD_21.1,HRSD21,cross-corpus-882,StandardScaler,XGB,48,12,5,0.0234,8.5494,10.3512,0.0244,-0.8791,-0.1191
1,negative_training,SHAM,HRSD_21.1,HRSD21,cross-corpus-882,StandardScaler,MLP,48,12,5,-0.1262,9.5449,13.2316,-0.1366,-2.0704,0.063
1,negative_training,SHAM,HRSD_21.1,HRSD21,cross-corpus-882,StandardScaler,LGBM,48,12,5,-0.1974,7.8232,9.7235,-0.2223,-0.6581,-0.2865
1,negative_training,SHAM,HRSD_21.1,HRSD21,cross-corpus-882,StandardScaler,CatBoost,48,12,5,-0.1148,8.3626,10.382,-0.1192,-0.8903,-0.1191
1,negative_training,SHAM,HRSD_21.1,HRSD21,cross-corpus-882,MinMaxScaler,Ridge,48,12,10,-0.0851,8.1782,10.4659,-0.0881,-0.921,-0.0666
1,negative_training,SHAM,HRSD_21.1,HRSD21,cross-corpus-882,MinMaxScaler,Lasso,48,12,10,-0.1019,8.3874,10.8186,-0.1055,-1.0526,0.0175
1,negative_training,SHAM,HRSD_21.1,HRSD21,cross-corpus-882,MinMaxScaler,ElasticNet,48,12,10,-0.1093,8.5849,11.2446,-0.1129,-1.2175,0.0175
1,negative_training,SHAM,HRSD_21.1,HRSD21,cross-corpus-882,MinMaxScaler,SVR,48,12,10,0.0149,6.8966,8.5642,0.0177,-0.2863,0.014
1,negative_training,SHAM,HRSD_21.1,HRSD21,cross-corpus-882,MinMaxScaler,KNN,48,12,10,0.1437,7.0357,8.5028,0.157,-0.2679,0.0736
1,negative_training,SHAM,HRSD_21.1,HRSD21,cross-corpus-882,MinMaxScaler,RF,48,12,10,-0.0026,7.5357,8.9925,-0.0028,-0.4182,-0.0736
1,negative_training,SHAM,HRSD_21.1,HRSD21,cross-corpus-882,MinMaxScaler,ET,48,12,10,0.0416,7.5712,9.3119,0.0438,-0.5207,0.014
1,negative_training,SHAM,HRSD_21.1,HRSD21,cross-corpus-882,MinMaxScaler,GB,48,12,10,0.0305,8.2976,10.0675,0.0319,-0.7775,-0.1751
1,negative_training,SHAM,HRSD_21.1,HRSD21,cross-corpus-882,MinMaxScaler,XGB,48,12,10,0.0259,8.4695,10.6386,0.0262,-0.9849,-0.063
1,negative_training,SHAM,HRSD_21.1,HRSD21,cross-corpus-882,MinMaxScaler,MLP,48,12,10,0.1264,6.997,8.7646,0.1325,-0.3472,0.1121
1,negative_training,SHAM,HRSD_21.1,HRSD21,cross-corpus-882,MinMaxScaler,LGBM,48,12,10,-0.1005,7.7798,9.5248,-0.1093,-0.591,-0.1226
1,negative_training,SHAM,HRSD_21.1,HRSD21,cross-corpus-882,MinMaxScaler,CatBoost,48,12,10,-0.0369,8.954,10.5693,-0.0378,-0.9591,-0.1576
1,negative_training,SHAM,HRSD_21.1,HRSD21,cross-corpus-882,RobustScaler,Ridge,48,12,10,-0.115,8.4075,10.7184,-0.1197,-1.0148,-0.0736
1,negative_training,SHAM,HRSD_21.1,HRSD21,cross-corpus-882,RobustScaler,Lasso,48,12,10,-0.1194,9.0849,12.1531,-0.125,-1.5902,-0.1016
1,negative_training,SHAM,HRSD_21.1,HRSD21,cross-corpus-882,RobustScaler,ElasticNet,48,12,10,-0.1186,8.8246,11.5644,-0.123,-1.3454,-0.0525
1,negative_training,SHAM,HRSD_21.1,HRSD21,cross-corpus-882,RobustScaler,SVR,48,12,10,0.1718,6.5924,8.7,0.1774,-0.3274,0.1646
1,negative_training,SHAM,HRSD_21.1,HRSD21,cross-corpus-882,RobustScaler,KNN,48,12,10,-0.0397,7.6852,8.8521,-0.0486,-0.3742,-0.0455
1,negative_training,SHAM,HRSD_21.1,HRSD21,cross-corpus-882,RobustScaler,RF,48,12,10,0.0536,6.7857,8.3653,0.0675,-0.2272,-0.0455
1,negative_training,SHAM,HRSD_21.1,HRSD21,cross-corpus-882,RobustScaler,ET,48,12,10,0.1626,6.6917,8.2914,0.1858,-0.2057,0.1751
1,negative_training,SHAM,HRSD_21.1,HRSD21,cross-corpus-882,RobustScaler,GB,48,12,10,0.0202,8.4775,10.1662,0.0217,-0.8125,0.0175
1,negative_training,SHAM,HRSD_21.1,HRSD21,cross-corpus-882,RobustScaler,XGB,48,12,10,-0.0194,8.5312,10.065,-0.0204,-0.7766,-0.1366
1,negative_training,SHAM,HRSD_21.1,HRSD21,cross-corpus-882,RobustScaler,MLP,48,12,10,-0.1389,9.5691,13.3289,-0.1496,-2.1157,-0.0525
1,negative_training,SHAM,HRSD_21.1,HRSD21,cross-corpus-882,RobustScaler,LGBM,48,12,10,-0.116,7.7135,9.5429,-0.128,-0.5971,-0.1193
1,negative_training,SHAM,HRSD_21.1,HRSD21,cross-corpus-882,RobustScaler,CatBoost,48,12,10,0.0086,7.7785,9.751,0.0096,-0.6675,-0.0806
2,negative_training,SHAM,HRSD_21.1,HRSD21,cross-corpus-882,StandardScaler,Ridge,48,12,10,0.0732,8.6859,9.5379,0.1725,-0.0117,0.1509
2,negative_training,SHAM,HRSD_21.1,HRSD21,cross-corpus-882,StandardScaler,Lasso,48,12,10,0.0898,8.5562,9.5607,0.1934,-0.0166,0.1789
2,negative_training,SHAM,HRSD_21.1,HRSD21,cross-corpus-882,StandardScaler,ElasticNet,48,12,10,0.0869,8.5961,9.563,0.1882,-0.0171,0.1404
2,negative_training,SHAM,HRSD_21.1,HRSD21,cross-corpus-882,StandardScaler,SVR,48,12,10,0.1206,8.202,9.5575,0.2056,-0.0159,0.0596
2,negative_training,SHAM,HRSD_21.1,HRSD21,cross-corpus-882,StandardScaler,KNN,48,12,10,0.1428,7.8333,9.4889,0.2484,-0.0014,0.0967
2,negative_training,SHAM,HRSD_21.1,HRSD21,cross-corpus-882,StandardScaler,RF,48,12,10,0.0546,8.808,9.7549,0.1041,-0.0583,0.1123
2,negative_training,SHAM,HRSD_21.1,HRSD21,cross-corpus-882,StandardScaler,ET,48,12,10,0.1057,8.5779,9.5036,0.2042,-0.0045,0.1684
2,negative_training,SHAM,HRSD_21.1,HRSD21,cross-corpus-882,StandardScaler,GB,48,12,10,-0.0242,9.2428,10.8723,-0.0362,-0.3146,-0.0737
2,negative_training,SHAM,HRSD_21.1,HRSD21,cross-corpus-882,StandardScaler,XGB,48,12,10,0.1587,8.6049,9.7092,0.2364,-0.0484,0.1649
2,negative_training,SHAM,HRSD_21.1,HRSD21,cross-corpus-882,StandardScaler,MLP,48,12,10,0.2409,7.6707,9.1936,0.3469,0.06,0.3754
2,negative_training,SHAM,HRSD_21.1,HRSD21,cross-corpus-882,StandardScaler,LGBM,48,12,10,-0.0024,9.0566,9.8801,-0.006,-0.0856,-0.0351
2,negative_training,SHAM,HRSD_21.1,HRSD21,cross-corpus-882,StandardScaler,CatBoost,48,12,10,0.0487,8.5863,9.8933,0.0946,-0.0885,0.0281
2,negative_training,SHAM,HRSD_21.1,HRSD21,cross-corpus-882,MinMaxScaler,Ridge,48,12,10,0.0765,8.8048,9.5669,0.152,-0.0179,0.0702
2,negative_training,SHAM,HRSD_21.1,HRSD21,cross-corpus-882,MinMaxScaler,Lasso,48,12,10,0.1,8.6073,9.4177,0.213,0.0136,0.0596
2,negative_training,SHAM,HRSD_21.1,HRSD21,cross-corpus-882,MinMaxScaler,ElasticNet,48,12,10,0.0529,8.853,9.524,0.1373,-0.0088,0.0526
2,negative_training,SHAM,HRSD_21.1,HRSD21,cross-corpus-882,MinMaxScaler,SVR,48,12,10,0.0276,9.0099,9.9371,0.0693,-0.0982,0.0246
2,negative_training,SHAM,HRSD_21.1,HRSD21,cross-corpus-882,MinMaxScaler,KNN,48,12,10,-0.017,8.9881,10.0139,-0.0452,-0.1152,0.0722
2,negative_training,SHAM,HRSD_21.1,HRSD21,cross-corpus-882,MinMaxScaler,RF,48,12,10,0.1291,8.4718,9.3375,0.2514,0.0303,0.3228
2,negative_training,SHAM,HRSD_21.1,HRSD21,cross-corpus-882,MinMaxScaler,ET,48,12,10,0.0883,8.61,9.57,0.1853,-0.0185,0.2777
2,negative_training,SHAM,HRSD_21.1,HRSD21,cross-corpus-882,MinMaxScaler,GB,48,12,10,0.0954,8.5379,9.9826,0.1437,-0.1083,0.0807
2,negative_training,SHAM,HRSD_21.1,HRSD21,cross-corpus-882,MinMaxScaler,XGB,48,12,10,0.1386,8.3348,9.7148,0.2122,-0.0496,0.2491
2,negative_training,SHAM,HRSD_21.1,HRSD21,cross-corpus-882,MinMaxScaler,MLP,48,12,10,0.1211,8.3954,9.2144,0.2581,0.0557,0.2175
2,negative_training,SHAM,HRSD_21.1,HRSD21,cross-corpus-882,MinMaxScaler,LGBM,48,12,10,0.0105,8.9829,9.9318,0.0209,-0.097,0.0491
2,negative_training,SHAM,HRSD_21.1,HRSD21,cross-corpus-882,MinMaxScaler,CatBoost,48,12,10,0.1094,8.2688,9.7278,0.1806,-0.0524,0.0737
2,negative_training,SHAM,HRSD_21.1,HRSD21,cross-corpus-882,RobustScaler,Ridge,48,12,10,0.0881,8.6373,9.3576,0.2306,0.0262,0.3158
2,negative_training,SHAM,HRSD_21.1,HRSD21,cross-corpus-882,RobustScaler,Lasso,48,12,10,0.1153,8.4764,9.4822,0.2325,0.0,0.2211
2,negative_training,SHAM,HRSD_21.1,HRSD21,cross-corpus-882,RobustScaler,ElasticNet,48,12,10,0.1059,8.5352,9.389,0.2403,0.0196,0.2912
2,negative_training,SHAM,HRSD_21.1,HRSD21,cross-corpus-882,RobustScaler,SVR,48,12,10,0.1051,8.3083,9.528,0.2038,-0.0096,0.2281
2,negative_training,SHAM,HRSD_21.1,HRSD21,cross-corpus-882,RobustScaler,KNN,48,12,10,0.0468,8.5667,9.8139,0.0842,-0.0711,-0.0791
2,negative_training,SHAM,HRSD_21.1,HRSD21,cross-corpus-882,RobustScaler,RF,48,12,10,0.117,8.4582,9.3603,0.2386,0.0256,0.3123
2,negative_training,SHAM,HRSD_21.1,HRSD21,cross-corpus-882,RobustScaler,ET,48,12,10,0.0205,8.8225,9.806,0.043,-0.0694,0.0
2,negative_training,SHAM,HRSD_21.1,HRSD21,cross-corpus-882,RobustScaler,GB,48,12,10,-0.0299,9.2947,10.6348,-0.0507,-0.2578,-0.0316
2,negative_training,SHAM,HRSD_21.1,HRSD21,cross-corpus-882,RobustScaler,XGB,48,12,10,0.0097,9.0404,10.2738,0.0163,-0.1739,0.0246
2,negative_training,SHAM,HRSD_21.1,HRSD21,cross-corpus-882,RobustScaler,MLP,48,12,10,0.3003,7.7281,9.3279,0.392,0.0323,0.4316
2,negative_training,SHAM,HRSD_21.1,HRSD21,cross-corpus-882,RobustScaler,LGBM,48,12,10,-0.0037,9.086,9.9613,-0.0075,-0.1035,0.0421
2,negative_training,SHAM,HRSD_21.1,HRSD21,cross-corpus-882,RobustScaler,CatBoost,48,12,10,0.077,8.5348,9.8238,0.1394,-0.0733,0.1579
3,negative_training,SHAM,HRSD_21.1,HRSD21,cross-corpus-882,StandardScaler,Ridge,48,12,5,0.0952,8.1316,9.3567,0.1139,-0.1929,0.2797
3,negative_training,SHAM,HRSD_21.1,HRSD21,cross-corpus-882,StandardScaler,Lasso,48,12,5,0.0969,8.0844,9.2632,0.1184,-0.1692,0.2797
3,negative_training,SHAM,HRSD_21.1,HRSD21,cross-corpus-882,StandardScaler,ElasticNet,48,12,5,0.1071,7.9628,9.0359,0.1376,-0.1125,0.2448
3,negative_training,SHAM,HRSD_21.1,HRSD21,cross-corpus-882,StandardScaler,SVR,48,12,5,0.0594,8.0073,9.2487,0.0866,-0.1655,0.3706
3,negative_training,SHAM,HRSD_21.1,HRSD21,cross-corpus-882,StandardScaler,KNN,48,12,5,0.2031,6.45,8.5893,0.262,-0.0053,0.3566
3,negative_training,SHAM,HRSD_21.1,HRSD21,cross-corpus-882,StandardScaler,RF,48,12,5,0.0745,7.3821,8.8553,0.1178,-0.0685,0.1538
3,negative_training,SHAM,HRSD_21.1,HRSD21,cross-corpus-882,StandardScaler,ET,48,12,5,0.1467,7.35,8.8564,0.2049,-0.0688,0.3077
3,negative_training,SHAM,HRSD_21.1,HRSD21,cross-corpus-882,StandardScaler,GB,48,12,5,0.1395,7.9174,9.0508,0.1812,-0.1162,0.3217
3,negative_training,SHAM,HRSD_21.1,HRSD21,cross-corpus-882,StandardScaler,XGB,48,12,5,0.3209,7.2563,8.3299,0.3723,0.0545,0.3497
3,negative_training,SHAM,HRSD_21.1,HRSD21,cross-corpus-882,StandardScaler,MLP,48,12,5,0.0843,9.5058,10.8751,0.0851,-0.6115,0.2867
3,negative_training,SHAM,HRSD_21.1,HRSD21,cross-corpus-882,StandardScaler,LGBM,48,12,5,-0.0021,7.8525,9.1196,-0.0036,-0.1332,-0.035
3,negative_training,SHAM,HRSD_21.1,HRSD21,cross-corpus-882,StandardScaler,CatBoost,48,12,5,0.0432,7.6187,9.0145,0.0707,-0.1073,-0.007
3,negative_training,SHAM,HRSD_21.1,HRSD21,cross-corpus-882,MinMaxScaler,Ridge,48,12,5,0.2906,6.5091,7.8608,0.4122,0.158,0.5524
3,negative_training,SHAM,HRSD_21.1,HRSD21,cross-corpus-882,MinMaxScaler,Lasso,48,12,5,0.2974,6.627,7.9612,0.3922,0.1364,0.5385
3,negative_training,SHAM,HRSD_21.1,HRSD21,cross-corpus-882,MinMaxScaler,ElasticNet,48,12,5,0.2613,6.5616,7.8935,0.4035,0.151,0.5455
3,negative_training,SHAM,HRSD_21.1,HRSD21,cross-corpus-882,MinMaxScaler,SVR,48,12,5,0.3946,5.5151,7.2168,0.6069,0.2903,0.6643
3,negative_training,SHAM,HRSD_21.1,HRSD21,cross-corpus-882,MinMaxScaler,KNN,48,12,5,0.481,5.0,6.8733,0.6448,0.3563,0.7005
3,negative_training,SHAM,HRSD_21.1,HRSD21,cross-corpus-882,MinMaxScaler,RF,48,12,5,0.3243,6.2,7.3278,0.6622,0.2683,0.5944
3,negative_training,SHAM,HRSD_21.1,HRSD21,cross-corpus-882,MinMaxScaler,ET,48,12,5,0.3479,6.0878,7.3612,0.6036,0.2616,0.6014
3,negative_training,SHAM,HRSD_21.1,HRSD21,cross-corpus-882,MinMaxScaler,GB,48,12,5,0.2525,7.3082,8.579,0.2924,-0.0029,0.2797
3,negative_training,SHAM,HRSD_21.1,HRSD21,cross-corpus-882,MinMaxScaler,XGB,48,12,5,0.3335,6.2675,7.9556,0.3987,0.1376,0.4126
3,negative_training,SHAM,HRSD_21.1,HRSD21,cross-corpus-882,MinMaxScaler,MLP,48,12,5,0.3611,5.7243,7.5434,0.508,0.2246,0.6294
3,negative_training,SHAM,HRSD_21.1,HRSD21,cross-corpus-882,MinMaxScaler,LGBM,48,12,5,0.3087,6.0823,7.3256,0.6808,0.2688,0.6903
3,negative_training,SHAM,HRSD_21.1,HRSD21,cross-corpus-882,MinMaxScaler,CatBoost,48,12,5,0.301,6.4769,7.6161,0.5816,0.2096,0.7133
3,negative_training,SHAM,HRSD_21.1,HRSD21,cross-corpus-882,RobustScaler,Ridge,48,12,5,0.328,6.2343,7.646,0.4713,0.2034,0.5105
3,negative_training,SHAM,HRSD_21.1,HRSD21,cross-corpus-882,RobustScaler,Lasso,48,12,5,0.3771,6.0961,7.6275,0.4743,0.2073,0.5315
3,negative_training,SHAM,HRSD_21.1,HRSD21,cross-corpus-882,RobustScaler,ElasticNet,48,12,5,0.362,6.1431,7.6231,0.4739,0.2082,0.5524
3,negative_training,SHAM,HRSD_21.1,HRSD21,cross-corpus-882,RobustScaler,SVR,48,12,5,0.5762,5.0439,6.3195,0.6988,0.4558,0.7483
3,negative_training,SHAM,HRSD_21.1,HRSD21,cross-corpus-882,RobustScaler,KNN,48,12,5,0.3508,5.9444,7.258,0.6687,0.2822,0.683
3,negative_training,SHAM,HRSD_21.1,HRSD21,cross-corpus-882,RobustScaler,RF,48,12,5,0.1984,7.1592,8.0633,0.3561,0.1141,0.3007
3,negative_training,SHAM,HRSD_21.1,HRSD21,cross-corpus-882,RobustScaler,ET,48,12,5,0.2786,6.53,7.749,0.4486,0.1818,0.5105
3,negative_training,SHAM,HRSD_21.1,HRSD21,cross-corpus-882,RobustScaler,GB,48,12,5,0.1715,8.697,9.357,0.1868,-0.193,0.1469
3,negative_training,SHAM,HRSD_21.1,HRSD21,cross-corpus-882,RobustScaler,XGB,48,12,5,0.1158,7.9231,9.4984,0.1368,-0.2293,0.014
3,negative_training,SHAM,HRSD_21.1,HRSD21,cross-corpus-882,RobustScaler,MLP,48,12,5,0.4329,6.2207,8.0559,0.4749,0.1157,0.8042
3,negative_training,SHAM,HRSD_21.1,HRSD21,cross-corpus-882,RobustScaler,LGBM,48,12,5,0.1575,6.7404,8.4219,0.2439,0.0335,0.1439
3,negative_training,SHAM,HRSD_21.1,HRSD21,cross-corpus-882,RobustScaler,CatBoost,48,12,5,0.1801,7.5799,8.4748,0.2578,0.0213,0.1818
4,negative_training,SHAM,HRSD_21.1,HRSD21,cross-corpus-882,StandardScaler,Ridge,48,12,10,-0.0926,7.5589,9.8878,-0.1219,-0.628,-0.2671
4,negative_training,SHAM,HRSD_21.1,HRSD21,cross-corpus-882,StandardScaler,Lasso,48,12,10,-0.0755,6.8556,8.9549,-0.1139,-0.3353,-0.2425
4,negative_training,SHAM,HRSD_21.1,HRSD21,cross-corpus-882,StandardScaler,ElasticNet,48,12,10,-0.0657,6.6235,8.6724,-0.1096,-0.2524,-0.2636
4,negative_training,SHAM,HRSD_21.1,HRSD21,cross-corpus-882,StandardScaler,SVR,48,12,10,0.0532,6.3793,8.2562,0.0774,-0.135,0.1898
4,negative_training,SHAM,HRSD_21.1,HRSD21,cross-corpus-882,StandardScaler,KNN,48,12,10,0.1005,6.4907,8.2466,0.1402,-0.1324,-0.0299
4,negative_training,SHAM,HRSD_21.1,HRSD21,cross-corpus-882,StandardScaler,RF,48,12,10,-0.2219,7.0342,9.4473,-0.2992,-0.4862,-0.2988
4,negative_training,SHAM,HRSD_21.1,HRSD21,cross-corpus-882,StandardScaler,ET,48,12,10,-0.1237,6.3496,8.9339,-0.2163,-0.329,-0.1898
4,negative_training,SHAM,HRSD_21.1,HRSD21,cross-corpus-882,StandardScaler,GB,48,12,10,-0.4034,8.3929,10.4737,-0.4795,-0.8266,-0.6432
4,negative_training,SHAM,HRSD_21.1,HRSD21,cross-corpus-882,StandardScaler,XGB,48,12,10,-0.4717,8.4637,10.8333,-0.5626,-0.9542,-0.5765
4,negative_training,SHAM,HRSD_21.1,HRSD21,cross-corpus-882,StandardScaler,MLP,48,12,10,-0.1611,8.2603,10.4864,-0.2377,-0.831,-0.3163
4,negative_training,SHAM,HRSD_21.1,HRSD21,cross-corpus-882,StandardScaler,LGBM,48,12,10,0.0286,5.8603,8.0197,0.0498,-0.0709,0.0675
4,negative_training,SHAM,HRSD_21.1,HRSD21,cross-corpus-882,StandardScaler,CatBoost,48,12,10,-0.278,8.2594,10.1567,-0.3434,-0.7177,-0.3866
4,negative_training,SHAM,HRSD_21.1,HRSD21,cross-corpus-882,MinMaxScaler,Ridge,48,12,5,-0.0568,6.3259,8.6092,-0.1073,-0.2342,-0.2812
4,negative_training,SHAM,HRSD_21.1,HRSD21,cross-corpus-882,MinMaxScaler,Lasso,48,12,5,-0.0595,6.808,9.0275,-0.091,-0.357,-0.2214
4,negative_training,SHAM,HRSD_21.1,HRSD21,cross-corpus-882,MinMaxScaler,ElasticNet,48,12,5,-0.0357,5.8096,8.1312,-0.1014,-0.1009,-0.2566
4,negative_training,SHAM,HRSD_21.1,HRSD21,cross-corpus-882,MinMaxScaler,SVR,48,12,5,-0.0116,5.8868,8.2524,-0.0279,-0.134,-0.2039
4,negative_training,SHAM,HRSD_21.1,HRSD21,cross-corpus-882,MinMaxScaler,KNN,48,12,5,0.1036,5.7167,8.0434,0.2036,-0.0773,0.231
4,negative_training,SHAM,HRSD_21.1,HRSD21,cross-corpus-882,MinMaxScaler,RF,48,12,5,-0.0055,5.7911,8.3061,-0.011,-0.1488,-0.0176
4,negative_training,SHAM,HRSD_21.1,HRSD21,cross-corpus-882,MinMaxScaler,ET,48,12,5,-0.0408,6.3733,8.8053,-0.0873,-0.291,-0.1125
4,negative_training,SHAM,HRSD_21.1,HRSD21,cross-corpus-882,MinMaxScaler,GB,48,12,5,-0.1304,7.1516,9.511,-0.208,-0.5062,-0.2671
4,negative_training,SHAM,HRSD_21.1,HRSD21,cross-corpus-882,MinMaxScaler,XGB,48,12,5,-0.1106,7.0977,9.5932,-0.185,-0.5324,-0.2109
4,negative_training,SHAM,HRSD_21.1,HRSD21,cross-corpus-882,MinMaxScaler,MLP,48,12,5,0.0166,6.0879,8.118,0.0316,-0.0973,-0.0914
4,negative_training,SHAM,HRSD_21.1,HRSD21,cross-corpus-882,MinMaxScaler,LGBM,48,12,5,0.1013,5.7388,8.0024,0.1548,-0.0663,-0.0395
4,negative_training,SHAM,HRSD_21.1,HRSD21,cross-corpus-882,MinMaxScaler,CatBoost,48,12,5,-0.0426,6.6793,8.8392,-0.0757,-0.301,-0.0808
4,negative_training,SHAM,HRSD_21.1,HRSD21,cross-corpus-882,RobustScaler,Ridge,48,12,5,-0.1646,6.4779,9.315,-0.2208,-0.4448,-0.2355
4,negative_training,SHAM,HRSD_21.1,HRSD21,cross-corpus-882,RobustScaler,Lasso,48,12,5,-0.1599,6.425,9.2659,-0.2172,-0.4296,-0.2355
4,negative_training,SHAM,HRSD_21.1,HRSD21,cross-corpus-882,RobustScaler,ElasticNet,48,12,5,-0.1554,6.3811,9.2234,-0.2132,-0.4165,-0.2179
4,negative_training,SHAM,HRSD_21.1,HRSD21,cross-corpus-882,RobustScaler,SVR,48,12,5,0.027,5.9203,8.7413,0.0336,-0.2723,0.0527
4,negative_training,SHAM,HRSD_21.1,HRSD21,cross-corpus-882,RobustScaler,KNN,48,12,5,0.009,6.3056,9.2461,0.0137,-0.4235,-0.0194
4,negative_training,SHAM,HRSD_21.1,HRSD21,cross-corpus-882,RobustScaler,RF,48,12,5,-0.0898,6.5946,9.0607,-0.1144,-0.367,-0.0492
4,negative_training,SHAM,HRSD_21.1,HRSD21,cross-corpus-882,RobustScaler,ET,48,12,5,-0.0954,6.145,8.8136,-0.148,-0.2935,-0.1582
4,negative_training,SHAM,HRSD_21.1,HRSD21,cross-corpus-882,RobustScaler,GB,48,12,5,-0.2662,8.6327,11.2148,-0.2724,-1.0943,-0.2355
4,negative_training,SHAM,HRSD_21.1,HRSD21,cross-corpus-882,RobustScaler,XGB,48,12,5,-0.1885,8.4101,10.3901,-0.2036,-0.7976,-0.232
4,negative_training,SHAM,HRSD_21.1,HRSD21,cross-corpus-882,RobustScaler,MLP,48,12,5,-0.3803,7.064,10.6319,-0.5077,-0.8822,-0.5026
4,negative_training,SHAM,HRSD_21.1,HRSD21,cross-corpus-882,RobustScaler,LGBM,48,12,5,0.0125,6.4807,8.7507,0.0174,-0.2751,-0.0055
4,negative_training,SHAM,HRSD_21.1,HRSD21,cross-corpus-882,RobustScaler,CatBoost,48,12,5,-0.1484,7.3949,9.8065,-0.1677,-0.6013,-0.225
5,negative_training,SHAM,HRSD_21.1,HRSD21,cross-corpus-882,StandardScaler,Ridge,48,12,5,0.3838,5.2085,6.6584,0.4193,-0.5992,0.2152
5,negative_training,SHAM,HRSD_21.1,HRSD21,cross-corpus-882,StandardScaler,Lasso,48,12,5,0.3843,5.1894,6.6177,0.419,-0.5797,0.2152
5,negative_training,SHAM,HRSD_21.1,HRSD21,cross-corpus-882,StandardScaler,ElasticNet,48,12,5,0.3843,5.1743,6.5805,0.4181,-0.562,0.2258
5,negative_training,SHAM,HRSD_21.1,HRSD21,cross-corpus-882,StandardScaler,SVR,48,12,5,0.2927,4.2973,4.9225,0.3725,0.1259,0.1376
5,negative_training,SHAM,HRSD_21.1,HRSD21,cross-corpus-882,StandardScaler,KNN,48,12,5,0.4338,4.3611,4.9469,0.4679,0.1172,0.2469
5,negative_training,SHAM,HRSD_21.1,HRSD21,cross-corpus-882,StandardScaler,RF,48,12,5,0.271,4.9112,5.4864,0.2894,-0.0858,-0.0035
5,negative_training,SHAM,HRSD_21.1,HRSD21,cross-corpus-882,StandardScaler,ET,48,12,5,0.2415,5.3687,5.7961,0.2556,-0.2118,-0.0882
5,negative_training,SHAM,HRSD_21.1,HRSD21,cross-corpus-882,StandardScaler,GB,48,12,5,0.3544,5.9342,7.3506,0.377,-0.949,0.2857
5,negative_training,SHAM,HRSD_21.1,HRSD21,cross-corpus-882,StandardScaler,XGB,48,12,5,0.5072,4.8956,5.8303,0.5468,-0.2262,0.3316
5,negative_training,SHAM,HRSD_21.1,HRSD21,cross-corpus-882,StandardScaler,MLP,48,12,5,0.2494,5.2458,6.4098,0.2496,-0.482,0.0459
5,negative_training,SHAM,HRSD_21.1,HRSD21,cross-corpus-882,StandardScaler,LGBM,48,12,5,0.1201,5.6441,6.5057,0.1218,-0.5267,0.1241
5,negative_training,SHAM,HRSD_21.1,HRSD21,cross-corpus-882,StandardScaler,CatBoost,48,12,5,0.2041,4.8802,5.8404,0.2136,-0.2304,0.06
5,negative_training,SHAM,HRSD_21.1,HRSD21,cross-corpus-882,MinMaxScaler,Ridge,48,12,10,0.4443,4.5137,5.0871,0.4663,0.0665,0.2751
5,negative_training,SHAM,HRSD_21.1,HRSD21,cross-corpus-882,MinMaxScaler,Lasso,48,12,10,0.4167,4.6262,5.2356,0.4424,0.0112,0.2469
5,negative_training,SHAM,HRSD_21.1,HRSD21,cross-corpus-882,MinMaxScaler,ElasticNet,48,12,10,0.4119,4.3142,4.7248,0.4942,0.1947,0.3139
5,negative_training,SHAM,HRSD_21.1,HRSD21,cross-corpus-882,MinMaxScaler,SVR,48,12,10,0.4373,4.215,4.6925,0.4889,0.2057,0.2998
5,negative_training,SHAM,HRSD_21.1,HRSD21,cross-corpus-882,MinMaxScaler,KNN,48,12,10,0.5331,3.9352,4.9573,0.5365,0.1135,0.3139
5,negative_training,SHAM,HRSD_21.1,HRSD21,cross-corpus-882,MinMaxScaler,RF,48,12,10,0.2982,4.8345,5.399,0.3263,-0.0515,0.2081
5,negative_training,SHAM,HRSD_21.1,HRSD21,cross-corpus-882,MinMaxScaler,ET,48,12,10,0.2689,4.8679,5.5272,0.288,-0.102,0.2434
5,negative_training,SHAM,HRSD_21.1,HRSD21,cross-corpus-882,MinMaxScaler,GB,48,12,10,0.272,5.1183,6.0999,0.2731,-0.3422,0.2469
5,negative_training,SHAM,HRSD_21.1,HRSD21,cross-corpus-882,MinMaxScaler,XGB,48,12,10,0.3216,4.7998,5.9279,0.3251,-0.2676,0.2258
5,negative_training,SHAM,HRSD_21.1,HRSD21,cross-corpus-882,MinMaxScaler,MLP,48,12,10,0.376,4.7621,5.3706,0.3989,-0.0405,0.261
5,negative_training,SHAM,HRSD_21.1,HRSD21,cross-corpus-882,MinMaxScaler,LGBM,48,12,10,0.1826,4.9935,5.7069,0.2046,-0.1748,0.2421
5,negative_training,SHAM,HRSD_21.1,HRSD21,cross-corpus-882,MinMaxScaler,CatBoost,48,12,10,0.3125,4.4362,5.1005,0.3542,0.0616,0.1975
5,negative_training,SHAM,HRSD_21.1,HRSD21,cross-corpus-882,RobustScaler,Ridge,48,12,5,0.3838,5.2063,6.6523,0.4191,-0.5963,0.2152
5,negative_training,SHAM,HRSD_21.1,HRSD21,cross-corpus-882,RobustScaler,Lasso,48,12,5,0.3842,5.1817,6.5976,0.4184,-0.5702,0.2152
5,negative_training,SHAM,HRSD_21.1,HRSD21,cross-corpus-882,RobustScaler,ElasticNet,48,12,5,0.384,5.1486,6.5136,0.416,-0.5304,0.2258
5,negative_training,SHAM,HRSD_21.1,HRSD21,cross-corpus-882,RobustScaler,SVR,48,12,5,0.2927,4.3686,4.8968,0.3847,0.135,0.1376
5,negative_training,SHAM,HRSD_21.1,HRSD21,cross-corpus-882,RobustScaler,KNN,48,12,5,0.3082,4.7619,5.8667,0.3152,-0.2415,0.194
5,negative_training,SHAM,HRSD_21.1,HRSD21,cross-corpus-882,RobustScaler,RF,48,12,5,0.271,4.9112,5.4864,0.2894,-0.0858,-0.0035
5,negative_training,SHAM,HRSD_21.1,HRSD21,cross-corpus-882,RobustScaler,ET,48,12,5,0.2415,5.3687,5.7961,0.2556,-0.2118,-0.0882
5,negative_training,SHAM,HRSD_21.1,HRSD21,cross-corpus-882,RobustScaler,GB,48,12,5,0.3544,5.9342,7.3506,0.377,-0.949,0.2857
5,negative_training,SHAM,HRSD_21.1,HRSD21,cross-corpus-882,RobustScaler,XGB,48,12,5,0.5072,4.8956,5.8303,0.5468,-0.2262,0.3316
5,negative_training,SHAM,HRSD_21.1,HRSD21,cross-corpus-882,RobustScaler,MLP,48,12,5,0.24,5.1065,6.3283,0.2404,-0.4446,0.0529
5,negative_training,SHAM,HRSD_21.1,HRSD21,cross-corpus-882,RobustScaler,LGBM,48,12,5,0.0332,6.0206,6.9042,0.0334,-0.7195,-0.025
5,negative_training,SHAM,HRSD_21.1,HRSD21,cross-corpus-882,RobustScaler,CatBoost,48,12,5,0.2041,4.8802,5.8404,0.2136,-0.2304,0.06
1,negative_training,SHAM,HRSD_24.1,HRSD24,cross-corpus-882,StandardScaler,Ridge,48,12,5,0.1339,10.1847,12.4035,0.1354,-0.5072,0.0883
1,negative_training,SHAM,HRSD_24.1,HRSD24,cross-corpus-882,StandardScaler,Lasso,48,12,5,0.1329,10.1787,12.3875,0.1345,-0.5033,0.0212
1,negative_training,SHAM,HRSD_24.1,HRSD24,cross-corpus-882,StandardScaler,ElasticNet,48,12,5,0.1316,10.1749,12.3767,0.1333,-0.5007,0.0212
1,negative_training,SHAM,HRSD_24.1,HRSD24,cross-corpus-882,StandardScaler,SVR,48,12,5,0.0344,11.1292,13.2611,0.035,-0.7228,-0.1237
1,negative_training,SHAM,HRSD_24.1,HRSD24,cross-corpus-882,StandardScaler,KNN,48,12,5,0.0787,10.2143,11.8931,0.0859,-0.3857,-0.2057
1,negative_training,SHAM,HRSD_24.1,HRSD24,cross-corpus-882,StandardScaler,RF,48,12,5,0.0051,10.5172,11.9112,0.0056,-0.3899,-0.1979
1,negative_training,SHAM,HRSD_24.1,HRSD24,cross-corpus-882,StandardScaler,ET,48,12,5,-0.0399,11.0383,12.5909,-0.0424,-0.5531,-0.2792
1,negative_training,SHAM,HRSD_24.1,HRSD24,cross-corpus-882,StandardScaler,GB,48,12,5,-0.1668,12.3405,14.6662,-0.1689,-1.1072,-0.364
1,negative_training,SHAM,HRSD_24.1,HRSD24,cross-corpus-882,StandardScaler,XGB,48,12,5,-0.0689,11.8588,14.246,-0.0694,-0.9882,-0.2368
1,negative_training,SHAM,HRSD_24.1,HRSD24,cross-corpus-882,StandardScaler,MLP,48,12,5,0.0223,10.9232,13.3023,0.0225,-0.7335,-0.0707
1,negative_training,SHAM,HRSD_24.1,HRSD24,cross-corpus-882,StandardScaler,LGBM,48,12,5,0.1297,9.1194,10.8336,0.1512,-0.1498,0.0833
1,negative_training,SHAM,HRSD_24.1,HRSD24,cross-corpus-882,StandardScaler,CatBoost,48,12,5,-0.0623,10.7252,12.2507,-0.0698,-0.4703,-0.2474
1,negative_training,SHAM,HRSD_24.1,HRSD24,cross-corpus-882,MinMaxScaler,Ridge,48,12,15,0.0802,9.4852,12.1076,0.0836,-0.4361,0.0495
1,negative_training,SHAM,HRSD_24.1,HRSD24,cross-corpus-882,MinMaxScaler,Lasso,48,12,15,0.0822,9.4046,11.9582,0.0865,-0.4009,0.0318
1,negative_training,SHAM,HRSD_24.1,HRSD24,cross-corpus-882,MinMaxScaler,ElasticNet,48,12,15,0.1351,9.7684,12.5772,0.1361,-0.5497,0.0636
1,negative_training,SHAM,HRSD_24.1,HRSD24,cross-corpus-882,MinMaxScaler,SVR,48,12,15,0.1645,9.3506,11.9268,0.1679,-0.3936,0.0247
1,negative_training,SHAM,HRSD_24.1,HRSD24,cross-corpus-882,MinMaxScaler,KNN,48,12,15,0.2056,9.1667,11.0547,0.2242,-0.1972,0.0636
1,negative_training,SHAM,HRSD_24.1,HRSD24,cross-corpus-882,MinMaxScaler,RF,48,12,15,0.0773,9.42,11.0982,0.0915,-0.2067,-0.0459
1,negative_training,SHAM,HRSD_24.1,HRSD24,cross-corpus-882,MinMaxScaler,ET,48,12,15,0.1,9.74,11.3689,0.1111,-0.2662,-0.0777
1,negative_training,SHAM,HRSD_24.1,HRSD24,cross-corpus-882,MinMaxScaler,GB,48,12,15,0.1406,9.5115,11.5521,0.1499,-0.3074,0.0177
1,negative_training,SHAM,HRSD_24.1,HRSD24,cross-corpus-882,MinMaxScaler,XGB,48,12,15,0.2409,9.4342,11.3658,0.2468,-0.2655,0.1732
1,negative_training,SHAM,HRSD_24.1,HRSD24,cross-corpus-882,MinMaxScaler,MLP,48,12,15,0.1623,9.5701,11.4461,0.1711,-0.2835,0.0247
1,negative_training,SHAM,HRSD_24.1,HRSD24,cross-corpus-882,MinMaxScaler,LGBM,48,12,15,0.1225,9.3551,11.3045,0.1338,-0.2519,0.0
1,negative_training,SHAM,HRSD_24.1,HRSD24,cross-corpus-882,MinMaxScaler,CatBoost,48,12,15,0.0279,9.9821,11.3781,0.0331,-0.2683,-0.0495
1,negative_training,SHAM,HRSD_24.1,HRSD24,cross-corpus-882,RobustScaler,Ridge,48,12,10,0.1671,9.8718,12.4902,0.168,-0.5283,0.0565
1,negative_training,SHAM,HRSD_24.1,HRSD24,cross-corpus-882,RobustScaler,Lasso,48,12,10,0.1659,9.8518,12.455,0.1669,-0.5197,0.0247
1,negative_training,SHAM,HRSD_24.1,HRSD24,cross-corpus-882,RobustScaler,ElasticNet,48,12,10,0.1553,9.6952,12.1001,0.1579,-0.4343,0.0247
1,negative_training,SHAM,HRSD_24.1,HRSD24,cross-corpus-882,RobustScaler,SVR,48,12,10,0.1191,10.2343,12.7172,0.1202,-0.5844,0.0495
1,negative_training,SHAM,HRSD_24.1,HRSD24,cross-corpus-882,RobustScaler,KNN,48,12,10,-0.0972,10.7,12.6153,-0.1102,-0.5591,-0.1131
1,negative_training,SHAM,HRSD_24.1,HRSD24,cross-corpus-882,RobustScaler,RF,48,12,10,0.0562,9.5758,11.2991,0.0654,-0.2507,-0.0636
1,negative_training,SHAM,HRSD_24.1,HRSD24,cross-corpus-882,RobustScaler,ET,48,12,10,0.1033,9.8346,11.6196,0.1112,-0.3227,0.0636
1,negative_training,SHAM,HRSD_24.1,HRSD24,cross-corpus-882,RobustScaler,GB,48,12,10,0.109,10.121,11.9737,0.1134,-0.4045,-0.0707
1,negative_training,SHAM,HRSD_24.1,HRSD24,cross-corpus-882,RobustScaler,XGB,48,12,10,0.0835,11.5189,13.4261,0.0839,-0.7659,-0.1414
1,negative_training,SHAM,HRSD_24.1,HRSD24,cross-corpus-882,RobustScaler,MLP,48,12,10,0.1205,10.381,13.2601,0.1217,-0.7225,0.0883
1,negative_training,SHAM,HRSD_24.1,HRSD24,cross-corpus-882,RobustScaler,LGBM,48,12,10,0.1244,8.8513,10.9716,0.1424,-0.1793,0.0459
1,negative_training,SHAM,HRSD_24.1,HRSD24,cross-corpus-882,RobustScaler,CatBoost,48,12,10,0.0333,10.0881,11.6597,0.0374,-0.3318,-0.1343
2,negative_training,SHAM,HRSD_24.1,HRSD24,cross-corpus-882,StandardScaler,Ridge,48,12,5,0.0358,10.9417,12.2479,0.0642,-0.0635,-0.0981
2,negative_training,SHAM,HRSD_24.1,HRSD24,cross-corpus-882,StandardScaler,Lasso,48,12,5,0.0375,10.9502,12.2027,0.0705,-0.0557,-0.1506
2,negative_training,SHAM,HRSD_24.1,HRSD24,cross-corpus-882,StandardScaler,ElasticNet,48,12,5,0.0214,10.9334,12.0571,0.0528,-0.0306,-0.1786
2,negative_training,SHAM,HRSD_24.1,HRSD24,cross-corpus-882,StandardScaler,SVR,48,12,5,0.0956,10.3772,12.3647,0.144,-0.0839,-0.028
2,negative_training,SHAM,HRSD_24.1,HRSD24,cross-corpus-882,StandardScaler,KNN,48,12,5,0.0102,11.1389,12.7478,0.017,-0.1521,-0.2619
2,negative_training,SHAM,HRSD_24.1,HRSD24,cross-corpus-882,StandardScaler,RF,48,12,5,-0.0361,11.5657,12.6111,-0.076,-0.1275,-0.1226
2,negative_training,SHAM,HRSD_24.1,HRSD24,cross-corpus-882,StandardScaler,ET,48,12,5,-0.0054,11.6517,12.7991,-0.0097,-0.1614,0.0035
2,negative_training,SHAM,HRSD_24.1,HRSD24,cross-corpus-882,StandardScaler,GB,48,12,5,-0.0188,11.7562,13.9305,-0.0227,-0.3758,-0.0736
2,negative_training,SHAM,HRSD_24.1,HRSD24,cross-corpus-882,StandardScaler,XGB,48,12,5,-0.0184,11.629,13.6547,-0.0243,-0.3218,-0.0701
2,negative_training,SHAM,HRSD_24.1,HRSD24,cross-corpus-882,StandardScaler,MLP,48,12,5,0.1003,10.9992,13.0079,0.122,-0.1996,-0.0981
2,negative_training,SHAM,HRSD_24.1,HRSD24,cross-corpus-882,StandardScaler,LGBM,48,12,5,-0.1301,12.0002,13.0401,-0.2863,-0.2055,-0.3668
2,negative_training,SHAM,HRSD_24.1,HRSD24,cross-corpus-882,StandardScaler,CatBoost,48,12,5,0.0652,11.1131,12.4308,0.1125,-0.0955,0.049
2,negative_training,SHAM,HRSD_24.1,HRSD24,cross-corpus-882,MinMaxScaler,Ridge,48,12,5,0.1609,9.9456,11.2703,0.3569,0.0995,0.2312
2,negative_training,SHAM,HRSD_24.1,HRSD24,cross-corpus-882,MinMaxScaler,Lasso,48,12,5,0.1948,9.8948,11.266,0.3455,0.1002,0.2452
2,negative_training,SHAM,HRSD_24.1,HRSD24,cross-corpus-882,MinMaxScaler,ElasticNet,48,12,5,0.1878,9.8934,11.2538,0.3521,0.1021,0.2312
2,negative_training,SHAM,HRSD_24.1,HRSD24,cross-corpus-882,MinMaxScaler,SVR,48,12,5,0.2803,9.1234,10.804,0.4449,0.1725,0.3082
2,negative_training,SHAM,HRSD_24.1,HRSD24,cross-corpus-882,MinMaxScaler,KNN,48,12,5,0.2312,9.631,11.2281,0.4055,0.1062,0.368
2,negative_training,SHAM,HRSD_24.1,HRSD24,cross-corpus-882,MinMaxScaler,RF,48,12,5,0.0476,10.863,12.2464,0.0954,-0.0632,0.1471
2,negative_training,SHAM,HRSD_24.1,HRSD24,cross-corpus-882,MinMaxScaler,ET,48,12,5,0.0452,11.2142,12.295,0.0861,-0.0717,0.042
2,negative_training,SHAM,HRSD_24.1,HRSD24,cross-corpus-882,MinMaxScaler,GB,48,12,5,-0.1026,12.7889,13.7522,-0.1561,-0.3408,-0.0946
2,negative_training,SHAM,HRSD_24.1,HRSD24,cross-corpus-882,MinMaxScaler,XGB,48,12,5,-0.0716,11.88,13.1295,-0.1481,-0.2221,-0.049
2,negative_training,SHAM,HRSD_24.1,HRSD24,cross-corpus-882,MinMaxScaler,MLP,48,12,5,0.2249,9.657,11.1829,0.3741,0.1134,0.2522
2,negative_training,SHAM,HRSD_24.1,HRSD24,cross-corpus-882,MinMaxScaler,LGBM,48,12,5,-0.0686,11.6931,12.9919,-0.1388,-0.1966,-0.0211
2,negative_training,SHAM,HRSD_24.1,HRSD24,cross-corpus-882,MinMaxScaler,CatBoost,48,12,5,-0.0683,11.7056,13.2338,-0.126,-0.2416,-0.1156
2,negative_training,SHAM,HRSD_24.1,HRSD24,cross-corpus-882,RobustScaler,Ridge,48,12,5,0.2151,9.3905,11.2844,0.3334,0.0973,0.3152
2,negative_training,SHAM,HRSD_24.1,HRSD24,cross-corpus-882,RobustScaler,Lasso,48,12,5,0.216,9.4294,11.2628,0.337,0.1007,0.2802
2,negative_training,SHAM,HRSD_24.1,HRSD24,cross-corpus-882,RobustScaler,ElasticNet,48,12,5,0.198,9.5744,11.277,0.3306,0.0984,0.2802
2,negative_training,SHAM,HRSD_24.1,HRSD24,cross-corpus-882,RobustScaler,SVR,48,12,5,0.2932,9.3558,10.8433,0.4383,0.1664,0.3573
2,negative_training,SHAM,HRSD_24.1,HRSD24,cross-corpus-882,RobustScaler,KNN,48,12,5,0.2508,9.2963,10.8095,0.4536,0.1716,0.3608
2,negative_training,SHAM,HRSD_24.1,HRSD24,cross-corpus-882,RobustScaler,RF,48,12,5,0.0677,10.4893,11.958,0.132,-0.0137,0.1261
2,negative_training,SHAM,HRSD_24.1,HRSD24,cross-corpus-882,RobustScaler,ET,48,12,5,0.1787,10.0667,11.4569,0.3108,0.0694,0.3328
2,negative_training,SHAM,HRSD_24.1,HRSD24,cross-corpus-882,RobustScaler,GB,48,12,5,0.1594,10.6384,11.6963,0.2944,0.0301,0.4448
2,negative_training,SHAM,HRSD_24.1,HRSD24,cross-corpus-882,RobustScaler,XGB,48,12,5,0.1258,11.0956,12.3915,0.1958,-0.0886,0.2837
2,negative_training,SHAM,HRSD_24.1,HRSD24,cross-corpus-882,RobustScaler,MLP,48,12,5,0.2437,9.0402,12.0978,0.2948,-0.0376,0.2347
2,negative_training,SHAM,HRSD_24.1,HRSD24,cross-corpus-882,RobustScaler,LGBM,48,12,5,0.0773,10.3075,11.7118,0.2161,0.0276,0.2443
2,negative_training,SHAM,HRSD_24.1,HRSD24,cross-corpus-882,RobustScaler,CatBoost,48,12,5,0.1701,10.1842,11.6915,0.2787,0.0309,0.2137
3,negative_training,SHAM,HRSD_24.1,HRSD24,cross-corpus-882,StandardScaler,Ridge,48,12,5,0.1256,8.4001,9.7458,0.1666,-0.0655,0.2113
3,negative_training,SHAM,HRSD_24.1,HRSD24,cross-corpus-882,StandardScaler,Lasso,48,12,5,0.1312,8.378,9.7536,0.1719,-0.0672,0.2113
3,negative_training,SHAM,HRSD_24.1,HRSD24,cross-corpus-882,StandardScaler,ElasticNet,48,12,5,0.1203,8.3996,9.6279,0.1693,-0.0399,0.2113
3,negative_training,SHAM,HRSD_24.1,HRSD24,cross-corpus-882,StandardScaler,SVR,48,12,5,0.0618,9.2769,10.2849,0.1023,-0.1867,0.0845
3,negative_training,SHAM,HRSD_24.1,HRSD24,cross-corpus-882,StandardScaler,KNN,48,12,5,0.066,8.1786,9.8853,0.0955,-0.0963,0.0106
3,negative_training,SHAM,HRSD_24.1,HRSD24,cross-corpus-882,StandardScaler,RF,48,12,5,0.1173,8.6259,9.6941,0.1592,-0.0543,0.169
3,negative_training,SHAM,HRSD_24.1,HRSD24,cross-corpus-882,StandardScaler,ET,48,12,5,0.0027,9.5552,10.8048,0.0031,-0.3097,0.0739
3,negative_training,SHAM,HRSD_24.1,HRSD24,cross-corpus-882,StandardScaler,GB,48,12,5,0.1689,8.7439,10.1615,0.1899,-0.1584,0.1761
3,negative_training,SHAM,HRSD_24.1,HRSD24,cross-corpus-882,StandardScaler,XGB,48,12,5,0.2898,8.3455,9.5209,0.3158,-0.0169,0.3416
3,negative_training,SHAM,HRSD_24.1,HRSD24,cross-corpus-882,StandardScaler,MLP,48,12,5,0.0769,9.0162,11.2227,0.0839,-0.413,0.1232
3,negative_training,SHAM,HRSD_24.1,HRSD24,cross-corpus-882,StandardScaler,LGBM,48,12,5,0.1623,8.3133,9.8545,0.1942,-0.0894,0.2049
3,negative_training,SHAM,HRSD_24.1,HRSD24,cross-corpus-882,StandardScaler,CatBoost,48,12,5,0.0837,9.0774,10.0626,0.106,-0.1359,0.0563
3,negative_training,SHAM,HRSD_24.1,HRSD24,cross-corpus-882,MinMaxScaler,Ridge,48,12,5,0.1231,8.788,9.9172,0.1527,-0.1033,0.0211
3,negative_training,SHAM,HRSD_24.1,HRSD24,cross-corpus-882,MinMaxScaler,Lasso,48,12,5,0.1237,9.0568,10.3536,0.1399,-0.2026,0.0528
3,negative_training,SHAM,HRSD_24.1,HRSD24,cross-corpus-882,MinMaxScaler,ElasticNet,48,12,5,0.1087,8.4191,9.5507,0.1621,-0.0233,0.0493
3,negative_training,SHAM,HRSD_24.1,HRSD24,cross-corpus-882,MinMaxScaler,SVR,48,12,5,0.1566,8.0431,9.2238,0.2499,0.0456,0.2324
3,negative_training,SHAM,HRSD_24.1,HRSD24,cross-corpus-882,MinMaxScaler,KNN,48,12,5,0.2146,8.3452,9.5286,0.2624,-0.0186,0.2852
3,negative_training,SHAM,HRSD_24.1,HRSD24,cross-corpus-882,MinMaxScaler,RF,48,12,5,0.1749,8.1588,9.5357,0.2224,-0.0201,0.3063
3,negative_training,SHAM,HRSD_24.1,HRSD24,cross-corpus-882,MinMaxScaler,ET,48,12,5,0.1223,8.5222,9.6328,0.1687,-0.041,0.257
3,negative_training,SHAM,HRSD_24.1,HRSD24,cross-corpus-882,MinMaxScaler,GB,48,12,5,0.3125,7.3273,9.4892,0.3352,-0.0102,0.4789
3,negative_training,SHAM,HRSD_24.1,HRSD24,cross-corpus-882,MinMaxScaler,XGB,48,12,5,0.0787,8.6659,10.5812,0.0891,-0.256,0.1796
3,negative_training,SHAM,HRSD_24.1,HRSD24,cross-corpus-882,MinMaxScaler,MLP,48,12,5,0.1521,8.5507,9.708,0.1957,-0.0573,0.1197
3,negative_training,SHAM,HRSD_24.1,HRSD24,cross-corpus-882,MinMaxScaler,LGBM,48,12,5,0.2016,8.1346,9.5304,0.2455,-0.019,0.2898
3,negative_training,SHAM,HRSD_24.1,HRSD24,cross-corpus-882,MinMaxScaler,CatBoost,48,12,5,0.2031,8.0034,9.4289,0.2569,0.0026,0.2676
3,negative_training,SHAM,HRSD_24.1,HRSD24,cross-corpus-882,RobustScaler,Ridge,48,12,5,0.1869,7.7934,9.554,0.2312,-0.024,0.2676
3,negative_training,SHAM,HRSD_24.1,HRSD24,cross-corpus-882,RobustScaler,Lasso,48,12,5,0.1742,7.9273,9.7092,0.2106,-0.0575,0.2535
3,negative_training,SHAM,HRSD_24.1,HRSD24,cross-corpus-882,RobustScaler,ElasticNet,48,12,5,0.179,7.8757,9.6513,0.2181,-0.045,0.2747
3,negative_training,SHAM,HRSD_24.1,HRSD24,cross-corpus-882,RobustScaler,SVR,48,12,5,0.2685,10.4233,12.1169,0.2702,-0.6471,0.1761
3,negative_training,SHAM,HRSD_24.1,HRSD24,cross-corpus-882,RobustScaler,KNN,48,12,5,0.1269,8.3095,9.3254,0.207,0.0244,0.1655
3,negative_training,SHAM,HRSD_24.1,HRSD24,cross-corpus-882,RobustScaler,RF,48,12,5,0.1643,8.2392,9.6484,0.217,-0.0443,0.2887
3,negative_training,SHAM,HRSD_24.1,HRSD24,cross-corpus-882,RobustScaler,ET,48,12,5,0.2042,8.5946,9.6692,0.2409,-0.0488,0.2394
3,negative_training,SHAM,HRSD_24.1,HRSD24,cross-corpus-882,RobustScaler,GB,48,12,5,0.2353,8.8159,10.3974,0.2467,-0.2128,0.338
3,negative_training,SHAM,HRSD_24.1,HRSD24,cross-corpus-882,RobustScaler,XGB,48,12,5,0.0669,9.3963,10.9727,0.0734,-0.3507,0.1514
3,negative_training,SHAM,HRSD_24.1,HRSD24,cross-corpus-882,RobustScaler,MLP,48,12,5,0.0394,13.6927,15.528,0.0412,-1.705,0.1127
3,negative_training,SHAM,HRSD_24.1,HRSD24,cross-corpus-882,RobustScaler,LGBM,48,12,5,0.2452,7.2864,9.1382,0.3237,0.0632,0.2734
3,negative_training,SHAM,HRSD_24.1,HRSD24,cross-corpus-882,RobustScaler,CatBoost,48,12,5,0.265,7.6212,8.8439,0.3683,0.1226,0.3627
4,negative_training,SHAM,HRSD_24.1,HRSD24,cross-corpus-882,StandardScaler,Ridge,48,12,10,-0.1999,12.2306,15.0303,-0.2538,-0.9831,-0.4483
4,negative_training,SHAM,HRSD_24.1,HRSD24,cross-corpus-882,StandardScaler,Lasso,48,12,10,-0.1972,11.1267,14.0845,-0.2672,-0.7414,-0.4518
4,negative_training,SHAM,HRSD_24.1,HRSD24,cross-corpus-882,StandardScaler,ElasticNet,48,12,10,-0.1486,10.114,12.9979,-0.2293,-0.4831,-0.4764
4,negative_training,SHAM,HRSD_24.1,HRSD24,cross-corpus-882,StandardScaler,SVR,48,12,10,-0.0474,9.6144,12.2217,-0.0766,-0.3112,-0.1506
4,negative_training,SHAM,HRSD_24.1,HRSD24,cross-corpus-882,StandardScaler,KNN,48,12,10,-0.0195,8.7593,11.9291,-0.031,-0.2492,0.056
4,negative_training,SHAM,HRSD_24.1,HRSD24,cross-corpus-882,StandardScaler,RF,48,12,10,-0.1573,9.5142,12.7794,-0.2596,-0.4336,-0.1509
4,negative_training,SHAM,HRSD_24.1,HRSD24,cross-corpus-882,StandardScaler,ET,48,12,10,-0.0902,9.5975,12.7288,-0.1764,-0.4223,-0.1401
4,negative_training,SHAM,HRSD_24.1,HRSD24,cross-corpus-882,StandardScaler,GB,48,12,10,-0.1728,10.7603,13.7702,-0.3664,-0.6645,-0.3783
4,negative_training,SHAM,HRSD_24.1,HRSD24,cross-corpus-882,StandardScaler,XGB,48,12,10,-0.281,12.111,14.8167,-0.3881,-0.9272,-0.3818
4,negative_training,SHAM,HRSD_24.1,HRSD24,cross-corpus-882,StandardScaler,MLP,48,12,10,0.1021,10.8717,12.8869,0.1307,-0.4578,-0.0175
4,negative_training,SHAM,HRSD_24.1,HRSD24,cross-corpus-882,StandardScaler,LGBM,48,12,10,0.0336,8.7107,11.4461,0.0527,-0.1501,0.0949
4,negative_training,SHAM,HRSD_24.1,HRSD24,cross-corpus-882,StandardScaler,CatBoost,48,12,10,-0.2474,11.2448,14.1842,-0.4236,-0.7661,-0.4939
4,negative_training,SHAM,HRSD_24.1,HRSD24,cross-corpus-882,MinMaxScaler,Ridge,48,12,5,-0.141,10.1655,13.1991,-0.219,-0.5293,-0.3923
4,negative_training,SHAM,HRSD_24.1,HRSD24,cross-corpus-882,MinMaxScaler,Lasso,48,12,5,-0.1774,11.4671,14.5326,-0.2354,-0.8539,-0.4764
4,negative_training,SHAM,HRSD_24.1,HRSD24,cross-corpus-882,MinMaxScaler,ElasticNet,48,12,5,-0.1262,9.6936,12.7614,-0.2144,-0.4296,-0.3923
4,negative_training,SHAM,HRSD_24.1,HRSD24,cross-corpus-882,MinMaxScaler,SVR,48,12,5,-0.0295,8.6061,11.9907,-0.0751,-0.2621,-0.1646
4,negative_training,SHAM,HRSD_24.1,HRSD24,cross-corpus-882,MinMaxScaler,KNN,48,12,5,-0.2459,9.6667,13.4551,-0.5314,-0.5892,-0.5614
4,negative_training,SHAM,HRSD_24.1,HRSD24,cross-corpus-882,MinMaxScaler,RF,48,12,5,0.028,8.19,11.755,0.0616,-0.213,0.0315
4,negative_training,SHAM,HRSD_24.1,HRSD24,cross-corpus-882,MinMaxScaler,ET,48,12,5,-0.0524,8.9653,12.4934,-0.1296,-0.3702,-0.0876
4,negative_training,SHAM,HRSD_24.1,HRSD24,cross-corpus-882,MinMaxScaler,GB,48,12,5,-0.0475,11.3977,14.3843,-0.0941,-0.8163,-0.056
4,negative_training,SHAM,HRSD_24.1,HRSD24,cross-corpus-882,MinMaxScaler,XGB,48,12,5,-0.0363,11.6767,14.6719,-0.0752,-0.8897,-0.021
4,negative_training,SHAM,HRSD_24.1,HRSD24,cross-corpus-882,MinMaxScaler,MLP,48,12,5,0.0101,8.327,11.3824,0.0223,-0.1373,-0.056
4,negative_training,SHAM,HRSD_24.1,HRSD24,cross-corpus-882,MinMaxScaler,LGBM,48,12,5,0.0506,8.7471,11.9312,0.0805,-0.2496,0.0336
4,negative_training,SHAM,HRSD_24.1,HRSD24,cross-corpus-882,MinMaxScaler,CatBoost,48,12,5,-0.1153,9.6448,13.1689,-0.233,-0.5223,-0.1997
4,negative_training,SHAM,HRSD_24.1,HRSD24,cross-corpus-882,RobustScaler,Ridge,48,12,5,-0.1558,9.1709,12.0611,-0.3037,-0.277,-0.2977
4,negative_training,SHAM,HRSD_24.1,HRSD24,cross-corpus-882,RobustScaler,Lasso,48,12,5,-0.1773,9.8468,12.9312,-0.2498,-0.4679,-0.2312
4,negative_training,SHAM,HRSD_24.1,HRSD24,cross-corpus-882,RobustScaler,ElasticNet,48,12,5,-0.1731,9.4488,12.4306,-0.2859,-0.3564,-0.2977
4,negative_training,SHAM,HRSD_24.1,HRSD24,cross-corpus-882,RobustScaler,SVR,48,12,5,-0.1847,9.5194,12.823,-0.2534,-0.4434,-0.1786
4,negative_training,SHAM,HRSD_24.1,HRSD24,cross-corpus-882,RobustScaler,KNN,48,12,5,-0.3205,10.4,13.2587,-0.5125,-0.5432,-0.5368
4,negative_training,SHAM,HRSD_24.1,HRSD24,cross-corpus-882,RobustScaler,RF,48,12,5,-0.0057,8.6171,11.7879,-0.0101,-0.2198,0.0455
4,negative_training,SHAM,HRSD_24.1,HRSD24,cross-corpus-882,RobustScaler,ET,48,12,5,-0.0367,8.9592,12.0846,-0.0716,-0.282,-0.1751
4,negative_training,SHAM,HRSD_24.1,HRSD24,cross-corpus-882,RobustScaler,GB,48,12,5,-0.2762,12.1983,15.9251,-0.3186,-1.2263,-0.2347
4,negative_training,SHAM,HRSD_24.1,HRSD24,cross-corpus-882,RobustScaler,XGB,48,12,5,-0.0178,9.1963,12.168,-0.0266,-0.2997,-0.0841
4,negative_training,SHAM,HRSD_24.1,HRSD24,cross-corpus-882,RobustScaler,MLP,48,12,5,-0.1959,10.2705,13.3301,-0.3042,-0.5598,-0.2277
4,negative_training,SHAM,HRSD_24.1,HRSD24,cross-corpus-882,RobustScaler,LGBM,48,12,5,0.0514,8.7481,11.2757,0.0881,-0.1161,0.1658
4,negative_training,SHAM,HRSD_24.1,HRSD24,cross-corpus-882,RobustScaler,CatBoost,48,12,5,-0.0226,8.8995,11.6816,-0.0408,-0.1979,-0.1997
5,negative_training,SHAM,HRSD_24.1,HRSD24,cross-corpus-882,StandardScaler,Ridge,48,12,5,0.3757,6.6222,8.0119,0.4388,-0.5133,0.0882
5,negative_training,SHAM,HRSD_24.1,HRSD24,cross-corpus-882,StandardScaler,Lasso,48,12,5,0.3736,6.2828,7.1031,0.4472,-0.1895,0.0529
5,negative_training,SHAM,HRSD_24.1,HRSD24,cross-corpus-882,StandardScaler,ElasticNet,48,12,5,0.3793,6.5559,7.7703,0.438,-0.4234,0.1094
5,negative_training,SHAM,HRSD_24.1,HRSD24,cross-corpus-882,StandardScaler,SVR,48,12,5,0.31,6.4595,7.0114,0.3994,-0.159,0.0282
5,negative_training,SHAM,HRSD_24.1,HRSD24,cross-corpus-882,StandardScaler,KNN,48,12,5,0.4958,5.2143,6.6678,0.5568,-0.0482,0.2646
5,negative_training,SHAM,HRSD_24.1,HRSD24,cross-corpus-882,StandardScaler,RF,48,12,5,0.351,6.2256,7.3747,0.425,-0.2822,0.1587
5,negative_training,SHAM,HRSD_24.1,HRSD24,cross-corpus-882,StandardScaler,ET,48,12,5,0.1714,7.365,8.7738,0.2298,-0.8148,0.0212
5,negative_training,SHAM,HRSD_24.1,HRSD24,cross-corpus-882,StandardScaler,GB,48,12,5,0.53,6.2045,7.4186,0.6195,-0.2975,0.2116
5,negative_training,SHAM,HRSD_24.1,HRSD24,cross-corpus-882,StandardScaler,XGB,48,12,5,0.3532,7.1116,8.8669,0.4653,-0.8536,0.0988
5,negative_training,SHAM,HRSD_24.1,HRSD24,cross-corpus-882,StandardScaler,MLP,48,12,5,0.4163,6.9566,9.219,0.4941,-1.0037,0.0388
5,negative_training,SHAM,HRSD_24.1,HRSD24,cross-corpus-882,StandardScaler,LGBM,48,12,5,0.2577,6.6158,8.0266,0.2967,-0.5189,0.0588
5,negative_training,SHAM,HRSD_24.1,HRSD24,cross-corpus-882,StandardScaler,CatBoost,48,12,5,0.4052,6.2635,7.7326,0.5188,-0.4097,0.2646
5,negative_training,SHAM,HRSD_24.1,HRSD24,cross-corpus-882,MinMaxScaler,Ridge,48,12,5,0.4972,5.5747,6.529,0.5514,-0.005,0.1376
5,negative_training,SHAM,HRSD_24.1,HRSD24,cross-corpus-882,MinMaxScaler,Lasso,48,12,5,0.4886,5.6699,6.7676,0.5391,-0.0798,0.1376
5,negative_training,SHAM,HRSD_24.1,HRSD24,cross-corpus-882,MinMaxScaler,ElasticNet,48,12,5,0.4707,5.532,6.1565,0.5588,0.1064,0.1446
5,negative_training,SHAM,HRSD_24.1,HRSD24,cross-corpus-882,MinMaxScaler,SVR,48,12,5,0.2295,7.331,8.2557,0.2358,-0.6068,0.127
5,negative_training,SHAM,HRSD_24.1,HRSD24,cross-corpus-882,MinMaxScaler,KNN,48,12,5,0.4814,5.0833,6.4276,0.4856,0.026,0.2646
5,negative_training,SHAM,HRSD_24.1,HRSD24,cross-corpus-882,MinMaxScaler,RF,48,12,5,0.4159,5.86,6.8043,0.4313,-0.0915,0.2399
5,negative_training,SHAM,HRSD_24.1,HRSD24,cross-corpus-882,MinMaxScaler,ET,48,12,5,0.2648,6.5575,7.42,0.2738,-0.298,0.1552
5,negative_training,SHAM,HRSD_24.1,HRSD24,cross-corpus-882,MinMaxScaler,GB,48,12,5,0.4904,6.5029,7.8398,0.5247,-0.449,0.2328
5,negative_training,SHAM,HRSD_24.1,HRSD24,cross-corpus-882,MinMaxScaler,XGB,48,12,5,0.3456,6.8972,8.1952,0.3593,-0.5834,0.187
5,negative_training,SHAM,HRSD_24.1,HRSD24,cross-corpus-882,MinMaxScaler,MLP,48,12,5,0.3953,6.1189,7.6812,0.4231,-0.391,0.1376
5,negative_training,SHAM,HRSD_24.1,HRSD24,cross-corpus-882,MinMaxScaler,LGBM,48,12,5,0.3027,6.3001,7.2102,0.3743,-0.2256,0.321
5,negative_training,SHAM,HRSD_24.1,HRSD24,cross-corpus-882,MinMaxScaler,CatBoost,48,12,5,0.3682,6.3838,7.2233,0.3793,-0.2301,0.3245
5,negative_training,SHAM,HRSD_24.1,HRSD24,cross-corpus-882,RobustScaler,Ridge,48,12,5,0.375,6.6065,8.0131,0.4238,-0.5138,0.0388
5,negative_training,SHAM,HRSD_24.1,HRSD24,cross-corpus-882,RobustScaler,Lasso,48,12,5,0.3736,6.6282,8.0306,0.4221,-0.5204,0.0388
5,negative_training,SHAM,HRSD_24.1,HRSD24,cross-corpus-882,RobustScaler,ElasticNet,48,12,5,0.3761,6.5785,7.9928,0.4248,-0.5061,0.0106
5,negative_training,SHAM,HRSD_24.1,HRSD24,cross-corpus-882,RobustScaler,SVR,48,12,5,0.3392,6.5074,7.1559,0.3969,-0.2072,-0.0317
5,negative_training,SHAM,HRSD_24.1,HRSD24,cross-corpus-882,RobustScaler,KNN,48,12,5,0.6972,4.4722,5.1649,0.7027,0.3711,0.4336
5,negative_training,SHAM,HRSD_24.1,HRSD24,cross-corpus-882,RobustScaler,RF,48,12,5,0.3405,6.6352,7.6277,0.386,-0.3717,0.0776
5,negative_training,SHAM,HRSD_24.1,HRSD24,cross-corpus-882,RobustScaler,ET,48,12,5,0.3885,6.0004,7.4599,0.4124,-0.312,0.0494
5,negative_training,SHAM,HRSD_24.1,HRSD24,cross-corpus-882,RobustScaler,GB,48,12,5,0.2618,7.6438,9.4457,0.2992,-1.1034,0.1164
5,negative_training,SHAM,HRSD_24.1,HRSD24,cross-corpus-882,RobustScaler,XGB,48,12,5,0.3325,7.1206,8.8547,0.3712,-0.8485,0.0705
5,negative_training,SHAM,HRSD_24.1,HRSD24,cross-corpus-882,RobustScaler,MLP,48,12,5,0.4367,6.3914,8.0035,0.4955,-0.5102,0.0176
5,negative_training,SHAM,HRSD_24.1,HRSD24,cross-corpus-882,RobustScaler,LGBM,48,12,5,0.2977,6.0989,6.7228,0.3905,-0.0655,0.0638
5,negative_training,SHAM,HRSD_24.1,HRSD24,cross-corpus-882,RobustScaler,CatBoost,48,12,5,0.3753,6.1368,7.6914,0.3952,-0.3947,0.1482
