fold,phase,condition,target,target_short,features,scaler,model,n_train,n_test,n_features,CCC,MAE,RMSE,Pearson_r,R2,Spearman_r
1,positive_training,CR,phq_8,PHQ8,cross-corpus-882,StandardScaler,Ridge,48,12,10,0.0222,4.8169,5.8361,0.0234,-0.5013,-0.0211
1,positive_training,CR,phq_8,PHQ8,cross-corpus-882,StandardScaler,Lasso,48,12,10,0.0443,4.5573,5.6113,0.0482,-0.3879,0.0667
1,positive_training,CR,phq_8,PHQ8,cross-corpus-882,StandardScaler,ElasticNet,48,12,10,0.0325,4.5236,5.583,0.036,-0.3739,-0.0105
1,positive_training,CR,phq_8,PHQ8,cross-corpus-882,StandardScaler,SVR,48,12,10,-0.1009,4.7634,6.0936,-0.1116,-0.6367,-0.0526
1,positive_training,CR,phq_8,PHQ8,cross-corpus-882,StandardScaler,KNN,48,12,10,-0.0284,4.1905,5.6291,-0.0324,-0.3967,0.0526
1,positive_training,CR,phq_8,PHQ8,cross-corpus-882,StandardScaler,RF,48,12,10,0.1888,3.73,4.8713,0.2275,-0.0459,0.1789
1,positive_training,CR,phq_8,PHQ8,cross-corpus-882,StandardScaler,ET,48,12,10,-0.1517,4.7317,5.963,-0.1719,-0.5673,-0.1368
1,positive_training,CR,phq_8,PHQ8,cross-corpus-882,StandardScaler,GB,48,12,10,0.2306,4.3386,5.632,0.2322,-0.3981,0.2421
1,positive_training,CR,phq_8,PHQ8,cross-corpus-882,StandardScaler,XGB,48,12,10,0.1835,4.6907,5.9179,0.1844,-0.5437,0.2351
1,positive_training,CR,phq_8,PHQ8,cross-corpus-882,StandardScaler,MLP,48,12,10,0.1794,4.8197,5.9314,0.1827,-0.5507,0.1544
1,positive_training,CR,phq_8,PHQ8,cross-corpus-882,StandardScaler,LGBM,48,12,10,0.0143,4.7126,5.6939,0.0154,-0.429,-0.1248
1,positive_training,CR,phq_8,PHQ8,cross-corpus-882,StandardScaler,CatBoost,48,12,10,0.1269,3.8712,5.1153,0.1481,-0.1533,0.1333
1,positive_training,CR,phq_8,PHQ8,cross-corpus-882,MinMaxScaler,Ridge,48,12,5,0.114,4.2458,5.2526,0.1291,-0.2161,0.1158
1,positive_training,CR,phq_8,PHQ8,cross-corpus-882,MinMaxScaler,Lasso,48,12,5,0.1281,4.3499,5.2784,0.143,-0.228,0.1719
1,positive_training,CR,phq_8,PHQ8,cross-corpus-882,MinMaxScaler,ElasticNet,48,12,5,0.0922,4.0355,5.1061,0.1136,-0.1492,0.0561
1,positive_training,CR,phq_8,PHQ8,cross-corpus-882,MinMaxScaler,SVR,48,12,5,0.0937,4.8705,5.6701,0.099,-0.4171,0.0702
1,positive_training,CR,phq_8,PHQ8,cross-corpus-882,MinMaxScaler,KNN,48,12,5,0.1515,3.75,4.9523,0.1878,-0.081,0.1338
1,positive_training,CR,phq_8,PHQ8,cross-corpus-882,MinMaxScaler,RF,48,12,5,0.193,4.1533,4.9569,0.2238,-0.083,0.2737
1,positive_training,CR,phq_8,PHQ8,cross-corpus-882,MinMaxScaler,ET,48,12,5,0.252,3.9329,5.0841,0.2658,-0.1393,0.2877
1,positive_training,CR,phq_8,PHQ8,cross-corpus-882,MinMaxScaler,GB,48,12,5,0.2019,5.3879,6.3477,0.2041,-0.776,0.2667
1,positive_training,CR,phq_8,PHQ8,cross-corpus-882,MinMaxScaler,XGB,48,12,5,0.1832,5.908,6.7326,0.1884,-0.9979,0.2772
1,positive_training,CR,phq_8,PHQ8,cross-corpus-882,MinMaxScaler,MLP,48,12,5,0.1197,4.4612,5.3998,0.13,-0.2852,0.0912
1,positive_training,CR,phq_8,PHQ8,cross-corpus-882,MinMaxScaler,LGBM,48,12,5,0.1998,4.0502,4.9444,0.2329,-0.0776,0.0879
1,positive_training,CR,phq_8,PHQ8,cross-corpus-882,MinMaxScaler,CatBoost,48,12,5,0.2448,4.4563,5.4163,0.2483,-0.2931,0.3053
1,positive_training,CR,phq_8,PHQ8,cross-corpus-882,RobustScaler,Ridge,48,12,15,-0.0569,4.394,5.5746,-0.068,-0.3697,-0.1439
1,positive_training,CR,phq_8,PHQ8,cross-corpus-882,RobustScaler,Lasso,48,12,15,-0.0061,4.6429,5.7373,-0.0067,-0.4509,-0.1298
1,positive_training,CR,phq_8,PHQ8,cross-corpus-882,RobustScaler,ElasticNet,48,12,15,-0.0273,4.5479,5.6689,-0.0308,-0.4165,-0.1298
1,positive_training,CR,phq_8,PHQ8,cross-corpus-882,RobustScaler,SVR,48,12,15,-0.1073,4.8087,6.1024,-0.1155,-0.6414,-0.0667
1,positive_training,CR,phq_8,PHQ8,cross-corpus-882,RobustScaler,KNN,48,12,15,-0.2757,5.35,7.0859,-0.2796,-1.2131,-0.3093
1,positive_training,CR,phq_8,PHQ8,cross-corpus-882,RobustScaler,RF,48,12,15,0.0135,4.0771,5.3711,0.0162,-0.2716,-0.0316
1,positive_training,CR,phq_8,PHQ8,cross-corpus-882,RobustScaler,ET,48,12,15,-0.1297,4.3133,5.805,-0.1521,-0.4853,-0.0737
1,positive_training,CR,phq_8,PHQ8,cross-corpus-882,RobustScaler,GB,48,12,15,-0.0291,4.3099,5.6487,-0.0346,-0.4064,-0.1439
1,positive_training,CR,phq_8,PHQ8,cross-corpus-882,RobustScaler,XGB,48,12,15,-0.0519,4.7701,5.9216,-0.0565,-0.5456,0.0737
1,positive_training,CR,phq_8,PHQ8,cross-corpus-882,RobustScaler,MLP,48,12,15,0.1278,5.544,6.6014,0.1332,-0.9208,0.0737
1,positive_training,CR,phq_8,PHQ8,cross-corpus-882,RobustScaler,LGBM,48,12,15,-0.055,4.364,5.8094,-0.0607,-0.4876,-0.0898
1,positive_training,CR,phq_8,PHQ8,cross-corpus-882,RobustScaler,CatBoost,48,12,15,0.1244,4.1829,5.1165,0.1458,-0.1539,0.1263
2,positive_training,CR,phq_8,PHQ8,cross-corpus-882,StandardScaler,Ridge,48,12,5,-0.0919,4.3414,5.3625,-0.0958,-0.7879,0.0807
2,positive_training,CR,phq_8,PHQ8,cross-corpus-882,StandardScaler,Lasso,48,12,5,-0.1117,4.6102,5.6865,-0.1145,-1.0106,-0.014
2,positive_training,CR,phq_8,PHQ8,cross-corpus-882,StandardScaler,ElasticNet,48,12,5,-0.1082,4.5233,5.5799,-0.1117,-0.9358,-0.014
2,positive_training,CR,phq_8,PHQ8,cross-corpus-882,StandardScaler,SVR,48,12,5,0.0035,3.691,4.2455,0.0064,-0.1207,0.0316
2,positive_training,CR,phq_8,PHQ8,cross-corpus-882,StandardScaler,KNN,48,12,5,-0.2518,5.0333,5.8287,-0.2588,-1.1123,-0.1965
2,positive_training,CR,phq_8,PHQ8,cross-corpus-882,StandardScaler,RF,48,12,5,0.1119,3.5709,4.3749,0.1289,-0.19,0.2632
2,positive_training,CR,phq_8,PHQ8,cross-corpus-882,StandardScaler,ET,48,12,5,0.0662,3.7517,4.4111,0.0822,-0.2098,-0.0491
2,positive_training,CR,phq_8,PHQ8,cross-corpus-882,StandardScaler,GB,48,12,5,-0.0996,4.6848,5.7272,-0.1061,-1.0394,-0.0772
2,positive_training,CR,phq_8,PHQ8,cross-corpus-882,StandardScaler,XGB,48,12,5,-0.0525,4.483,5.2493,-0.0562,-0.7132,-0.0877
2,positive_training,CR,phq_8,PHQ8,cross-corpus-882,StandardScaler,MLP,48,12,5,-0.2833,5.5787,7.0364,-0.2896,-2.0784,-0.0982
2,positive_training,CR,phq_8,PHQ8,cross-corpus-882,StandardScaler,LGBM,48,12,5,0.0266,3.7376,4.4986,0.0344,-0.2583,0.1287
2,positive_training,CR,phq_8,PHQ8,cross-corpus-882,StandardScaler,CatBoost,48,12,5,0.0413,3.8955,4.7211,0.0452,-0.3858,-0.0281
2,positive_training,CR,phq_8,PHQ8,cross-corpus-882,MinMaxScaler,Ridge,48,12,5,-0.1656,5.135,5.9333,-0.1866,-1.1889,-0.214
2,positive_training,CR,phq_8,PHQ8,cross-corpus-882,MinMaxScaler,Lasso,48,12,5,-0.1735,4.5933,5.3824,-0.2093,-0.8012,-0.214
2,positive_training,CR,phq_8,PHQ8,cross-corpus-882,MinMaxScaler,ElasticNet,48,12,5,-0.1894,4.7937,5.6762,-0.221,-1.0033,-0.214
2,positive_training,CR,phq_8,PHQ8,cross-corpus-882,MinMaxScaler,SVR,48,12,5,-0.166,5.2787,6.3144,-0.1936,-1.4791,-0.0807
2,positive_training,CR,phq_8,PHQ8,cross-corpus-882,MinMaxScaler,KNN,48,12,5,-0.3482,5.25,5.9523,-0.3649,-1.2029,-0.3533
2,positive_training,CR,phq_8,PHQ8,cross-corpus-882,MinMaxScaler,RF,48,12,5,-0.075,4.1644,4.9586,-0.1012,-0.5288,-0.1088
2,positive_training,CR,phq_8,PHQ8,cross-corpus-882,MinMaxScaler,ET,48,12,5,-0.0378,4.1979,4.6649,-0.0527,-0.353,0.0561
2,positive_training,CR,phq_8,PHQ8,cross-corpus-882,MinMaxScaler,GB,48,12,5,-0.2048,5.6383,6.3709,-0.232,-1.5236,-0.214
2,positive_training,CR,phq_8,PHQ8,cross-corpus-882,MinMaxScaler,XGB,48,12,5,-0.1037,4.745,5.4501,-0.121,-0.8469,-0.0772
2,positive_training,CR,phq_8,PHQ8,cross-corpus-882,MinMaxScaler,MLP,48,12,5,-0.2474,5.5011,6.5595,-0.2666,-1.6752,-0.2316
2,positive_training,CR,phq_8,PHQ8,cross-corpus-882,MinMaxScaler,LGBM,48,12,5,-0.1455,5.1258,5.8108,-0.1833,-1.0994,-0.2332
2,positive_training,CR,phq_8,PHQ8,cross-corpus-882,MinMaxScaler,CatBoost,48,12,5,-0.2076,4.591,5.3432,-0.2648,-0.7751,-0.1579
2,positive_training,CR,phq_8,PHQ8,cross-corpus-882,RobustScaler,Ridge,48,12,5,0.0231,4.3788,5.0149,0.0255,-0.5637,-0.0456
2,positive_training,CR,phq_8,PHQ8,cross-corpus-882,RobustScaler,Lasso,48,12,5,-0.0457,4.9642,5.5759,-0.049,-0.9331,-0.0772
2,positive_training,CR,phq_8,PHQ8,cross-corpus-882,RobustScaler,ElasticNet,48,12,5,-0.0162,4.7458,5.3585,-0.0174,-0.7853,-0.0456
2,positive_training,CR,phq_8,PHQ8,cross-corpus-882,RobustScaler,SVR,48,12,5,-0.0659,3.919,4.5344,-0.1118,-0.2784,-0.1088
2,positive_training,CR,phq_8,PHQ8,cross-corpus-882,RobustScaler,KNN,48,12,5,-0.1338,4.213,5.112,-0.1586,-0.6248,-0.1895
2,positive_training,CR,phq_8,PHQ8,cross-corpus-882,RobustScaler,RF,48,12,5,0.0386,3.8518,4.9192,0.0419,-0.5046,0.0842
2,positive_training,CR,phq_8,PHQ8,cross-corpus-882,RobustScaler,ET,48,12,5,0.0632,4.0513,4.9916,0.0662,-0.5492,0.2105
2,positive_training,CR,phq_8,PHQ8,cross-corpus-882,RobustScaler,GB,48,12,5,-0.1261,5.5398,7.079,-0.1322,-2.1158,-0.1404
2,positive_training,CR,phq_8,PHQ8,cross-corpus-882,RobustScaler,XGB,48,12,5,-0.0391,5.1949,6.3978,-0.0403,-1.545,0.0211
2,positive_training,CR,phq_8,PHQ8,cross-corpus-882,RobustScaler,MLP,48,12,5,-0.1706,5.2446,6.2322,-0.1754,-1.4149,-0.2526
2,positive_training,CR,phq_8,PHQ8,cross-corpus-882,RobustScaler,LGBM,48,12,5,-0.0008,4.2963,5.1155,-0.0009,-0.627,0.0794
2,positive_training,CR,phq_8,PHQ8,cross-corpus-882,RobustScaler,CatBoost,48,12,5,-0.1117,4.9467,6.0857,-0.1132,-1.3028,-0.007
3,positive_training,CR,phq_8,PHQ8,cross-corpus-882,StandardScaler,Ridge,48,12,5,0.0613,6.2026,6.9433,0.0879,-0.1486,-0.0742
3,positive_training,CR,phq_8,PHQ8,cross-corpus-882,StandardScaler,Lasso,48,12,5,0.0522,6.447,7.1535,0.0678,-0.2192,-0.0742
3,positive_training,CR,phq_8,PHQ8,cross-corpus-882,StandardScaler,ElasticNet,48,12,5,0.0569,6.3775,7.0866,0.0757,-0.1965,-0.0742
3,positive_training,CR,phq_8,PHQ8,cross-corpus-882,StandardScaler,SVR,48,12,5,-0.4631,8.1741,9.3402,-0.5122,-1.0785,-0.523
3,positive_training,CR,phq_8,PHQ8,cross-corpus-882,StandardScaler,KNN,48,12,5,-0.118,6.9,7.5956,-0.1642,-0.3746,-0.0779
3,positive_training,CR,phq_8,PHQ8,cross-corpus-882,StandardScaler,RF,48,12,5,0.0215,5.7967,6.6139,0.0462,-0.0422,-0.0071
3,positive_training,CR,phq_8,PHQ8,cross-corpus-882,StandardScaler,ET,48,12,5,-0.1774,6.58,7.5129,-0.2993,-0.3448,-0.2721
3,positive_training,CR,phq_8,PHQ8,cross-corpus-882,StandardScaler,GB,48,12,5,-0.0956,6.3282,7.382,-0.1333,-0.2983,-0.1661
3,positive_training,CR,phq_8,PHQ8,cross-corpus-882,StandardScaler,XGB,48,12,5,-0.2405,6.8933,8.1576,-0.2983,-0.5855,-0.4311
3,positive_training,CR,phq_8,PHQ8,cross-corpus-882,StandardScaler,MLP,48,12,5,0.011,6.8011,7.33,0.0141,-0.2801,-0.0671
3,positive_training,CR,phq_8,PHQ8,cross-corpus-882,StandardScaler,LGBM,48,12,5,-0.0418,5.8935,6.9262,-0.0882,-0.143,-0.2236
3,positive_training,CR,phq_8,PHQ8,cross-corpus-882,StandardScaler,CatBoost,48,12,5,0.007,5.8507,6.7276,0.0138,-0.0784,-0.0389
3,positive_training,CR,phq_8,PHQ8,cross-corpus-882,MinMaxScaler,Ridge,48,12,15,0.0521,6.3479,7.139,0.0717,-0.2143,-0.1166
3,positive_training,CR,phq_8,PHQ8,cross-corpus-882,MinMaxScaler,Lasso,48,12,15,0.0677,5.9871,6.8473,0.1034,-0.1171,-0.0565
3,positive_training,CR,phq_8,PHQ8,cross-corpus-882,MinMaxScaler,ElasticNet,48,12,15,0.0563,5.9486,6.8324,0.0932,-0.1122,-0.0283
3,positive_training,CR,phq_8,PHQ8,cross-corpus-882,MinMaxScaler,SVR,48,12,15,0.0473,5.78,6.7219,0.085,-0.0765,-0.0318
3,positive_training,CR,phq_8,PHQ8,cross-corpus-882,MinMaxScaler,KNN,48,12,15,-0.1821,6.8667,7.8256,-0.233,-0.4591,-0.1838
3,positive_training,CR,phq_8,PHQ8,cross-corpus-882,MinMaxScaler,RF,48,12,15,0.0136,5.8942,6.7376,0.0268,-0.0816,-0.1732
3,positive_training,CR,phq_8,PHQ8,cross-corpus-882,MinMaxScaler,ET,48,12,15,-0.1422,6.4121,7.3935,-0.2464,-0.3024,-0.2191
3,positive_training,CR,phq_8,PHQ8,cross-corpus-882,MinMaxScaler,GB,48,12,15,-0.0115,5.7002,6.7964,-0.0223,-0.1005,-0.106
3,positive_training,CR,phq_8,PHQ8,cross-corpus-882,MinMaxScaler,XGB,48,12,15,-0.0862,6.269,7.3998,-0.1242,-0.3046,-0.152
3,positive_training,CR,phq_8,PHQ8,cross-corpus-882,MinMaxScaler,MLP,48,12,15,0.0942,5.9786,6.8304,0.1401,-0.1115,0.0
3,positive_training,CR,phq_8,PHQ8,cross-corpus-882,MinMaxScaler,LGBM,48,12,15,-0.0441,5.9741,7.0468,-0.0851,-0.1831,-0.4248
3,positive_training,CR,phq_8,PHQ8,cross-corpus-882,MinMaxScaler,CatBoost,48,12,15,0.0308,5.7138,6.7306,0.0575,-0.0793,-0.1095
3,positive_training,CR,phq_8,PHQ8,cross-corpus-882,RobustScaler,Ridge,48,12,5,0.1046,6.1282,6.8773,0.1397,-0.1269,-0.0071
3,positive_training,CR,phq_8,PHQ8,cross-corpus-882,RobustScaler,Lasso,48,12,5,0.14,6.4653,7.1743,0.159,-0.2263,-0.0071
3,positive_training,CR,phq_8,PHQ8,cross-corpus-882,RobustScaler,ElasticNet,48,12,5,0.1138,6.2781,6.995,0.1415,-0.1658,-0.0071
3,positive_training,CR,phq_8,PHQ8,cross-corpus-882,RobustScaler,SVR,48,12,5,-0.0398,6.1397,6.7633,-0.1008,-0.0898,-0.1626
3,positive_training,CR,phq_8,PHQ8,cross-corpus-882,RobustScaler,KNN,48,12,5,-0.0372,6.7857,7.335,-0.0493,-0.2819,-0.0266
3,positive_training,CR,phq_8,PHQ8,cross-corpus-882,RobustScaler,RF,48,12,5,0.1069,5.5696,6.375,0.1998,0.0317,0.1307
3,positive_training,CR,phq_8,PHQ8,cross-corpus-882,RobustScaler,ET,48,12,5,-0.0221,6.2142,6.8863,-0.0397,-0.1298,-0.0848
3,positive_training,CR,phq_8,PHQ8,cross-corpus-882,RobustScaler,GB,48,12,5,0.1329,5.2878,6.4473,0.2021,0.0096,0.1201
3,positive_training,CR,phq_8,PHQ8,cross-corpus-882,RobustScaler,XGB,48,12,5,-0.006,5.6626,6.9292,-0.0092,-0.144,0.0035
3,positive_training,CR,phq_8,PHQ8,cross-corpus-882,RobustScaler,MLP,48,12,5,0.216,7.0295,7.5014,0.2196,-0.3407,0.0636
3,positive_training,CR,phq_8,PHQ8,cross-corpus-882,RobustScaler,LGBM,48,12,5,-0.0937,6.3566,7.2833,-0.1534,-0.2638,-0.1311
3,positive_training,CR,phq_8,PHQ8,cross-corpus-882,RobustScaler,CatBoost,48,12,5,0.0899,5.7407,6.4829,0.1563,-0.0013,0.0919
4,positive_training,CR,phq_8,PHQ8,cross-corpus-882,StandardScaler,Ridge,48,12,5,0.2981,4.4141,5.1632,0.3181,-0.0631,0.3592
4,positive_training,CR,phq_8,PHQ8,cross-corpus-882,StandardScaler,Lasso,48,12,5,0.2988,4.3998,5.1489,0.3191,-0.0572,0.3592
4,positive_training,CR,phq_8,PHQ8,cross-corpus-882,StandardScaler,ElasticNet,48,12,5,0.3019,4.3813,5.1274,0.3222,-0.0484,0.3838
4,positive_training,CR,phq_8,PHQ8,cross-corpus-882,StandardScaler,SVR,48,12,5,0.3116,4.7511,5.4851,0.3172,-0.1998,0.3732
4,positive_training,CR,phq_8,PHQ8,cross-corpus-882,StandardScaler,KNN,48,12,5,0.5033,3.3056,3.9929,0.6144,0.3642,0.4894
4,positive_training,CR,phq_8,PHQ8,cross-corpus-882,StandardScaler,RF,48,12,5,0.33,3.9238,4.5716,0.429,0.1666,0.4859
4,positive_training,CR,phq_8,PHQ8,cross-corpus-882,StandardScaler,ET,48,12,5,0.3808,4.0042,4.493,0.5034,0.195,0.6373
4,positive_training,CR,phq_8,PHQ8,cross-corpus-882,StandardScaler,GB,48,12,5,0.0889,5.2405,6.363,0.0902,-0.6146,0.1901
4,positive_training,CR,phq_8,PHQ8,cross-corpus-882,StandardScaler,XGB,48,12,5,0.1931,4.6247,5.5617,0.2118,-0.2335,0.2676
4,positive_training,CR,phq_8,PHQ8,cross-corpus-882,StandardScaler,MLP,48,12,5,0.3276,4.2253,5.0667,0.3519,-0.0237,0.3451
4,positive_training,CR,phq_8,PHQ8,cross-corpus-882,StandardScaler,LGBM,48,12,5,0.1423,4.201,4.9542,0.2216,0.0212,0.2867
4,positive_training,CR,phq_8,PHQ8,cross-corpus-882,StandardScaler,CatBoost,48,12,5,0.3138,3.9302,4.6938,0.3863,0.1214,0.3697
4,positive_training,CR,phq_8,PHQ8,cross-corpus-882,MinMaxScaler,Ridge,48,12,15,0.5289,3.6664,4.6293,0.536,0.1454,0.5071
4,positive_training,CR,phq_8,PHQ8,cross-corpus-882,MinMaxScaler,Lasso,48,12,15,0.5275,3.7102,4.6508,0.5342,0.1374,0.5071
4,positive_training,CR,phq_8,PHQ8,cross-corpus-882,MinMaxScaler,ElasticNet,48,12,15,0.5216,3.4868,4.4408,0.538,0.2136,0.4789
4,positive_training,CR,phq_8,PHQ8,cross-corpus-882,MinMaxScaler,SVR,48,12,15,0.436,4.0078,4.878,0.4504,0.0511,0.4261
4,positive_training,CR,phq_8,PHQ8,cross-corpus-882,MinMaxScaler,KNN,48,12,15,0.5412,3.287,4.0599,0.5896,0.3427,0.5697
4,positive_training,CR,phq_8,PHQ8,cross-corpus-882,MinMaxScaler,RF,48,12,15,0.2743,3.4679,4.649,0.3832,0.1381,0.2359
4,positive_training,CR,phq_8,PHQ8,cross-corpus-882,MinMaxScaler,ET,48,12,15,0.3445,3.4783,4.6109,0.4182,0.1522,0.257
4,positive_training,CR,phq_8,PHQ8,cross-corpus-882,MinMaxScaler,GB,48,12,15,0.3157,3.9178,5.2654,0.3549,-0.1056,0.2535
4,positive_training,CR,phq_8,PHQ8,cross-corpus-882,MinMaxScaler,XGB,48,12,15,0.3841,3.9543,4.9465,0.4251,0.0243,0.2359
4,positive_training,CR,phq_8,PHQ8,cross-corpus-882,MinMaxScaler,MLP,48,12,15,0.5366,3.4844,4.3008,0.5563,0.2624,0.5387
4,positive_training,CR,phq_8,PHQ8,cross-corpus-882,MinMaxScaler,LGBM,48,12,15,0.22,4.1456,5.0334,0.2849,-0.0103,0.2183
4,positive_training,CR,phq_8,PHQ8,cross-corpus-882,MinMaxScaler,CatBoost,48,12,15,0.1966,4.3154,5.6244,0.2092,-0.2615,0.2042
4,positive_training,CR,phq_8,PHQ8,cross-corpus-882,RobustScaler,Ridge,48,12,5,0.4235,4.2914,4.7088,0.4523,0.1158,0.4789
4,positive_training,CR,phq_8,PHQ8,cross-corpus-882,RobustScaler,Lasso,48,12,5,0.4227,4.28,4.7019,0.4518,0.1184,0.4789
4,positive_training,CR,phq_8,PHQ8,cross-corpus-882,RobustScaler,ElasticNet,48,12,5,0.423,4.2712,4.6955,0.4519,0.1208,0.4789
4,positive_training,CR,phq_8,PHQ8,cross-corpus-882,RobustScaler,SVR,48,12,5,0.2624,4.5502,5.4239,0.2721,-0.1731,0.2078
4,positive_training,CR,phq_8,PHQ8,cross-corpus-882,RobustScaler,KNN,48,12,5,0.4211,3.6548,4.3077,0.5293,0.26,0.3345
4,positive_training,CR,phq_8,PHQ8,cross-corpus-882,RobustScaler,RF,48,12,5,0.331,3.6439,4.5045,0.4606,0.1909,0.4578
4,positive_training,CR,phq_8,PHQ8,cross-corpus-882,RobustScaler,ET,48,12,5,0.4886,3.3292,4.0015,0.6684,0.3615,0.6303
4,positive_training,CR,phq_8,PHQ8,cross-corpus-882,RobustScaler,GB,48,12,5,0.4703,3.8966,4.3733,0.522,0.2373,0.5141
4,positive_training,CR,phq_8,PHQ8,cross-corpus-882,RobustScaler,XGB,48,12,5,0.5077,3.7473,4.4339,0.5567,0.216,0.4683
4,positive_training,CR,phq_8,PHQ8,cross-corpus-882,RobustScaler,MLP,48,12,5,0.4947,4.2867,4.5588,0.5073,0.1712,0.4789
4,positive_training,CR,phq_8,PHQ8,cross-corpus-882,RobustScaler,LGBM,48,12,5,0.2457,3.9957,4.7248,0.3719,0.1098,0.4212
4,positive_training,CR,phq_8,PHQ8,cross-corpus-882,RobustScaler,CatBoost,48,12,5,0.4395,3.6236,4.1987,0.607,0.297,0.5317
5,positive_training,CR,phq_8,PHQ8,cross-corpus-882,StandardScaler,Ridge,48,12,5,0.0375,6.258,7.2998,0.0731,-0.0653,-0.0281
5,positive_training,CR,phq_8,PHQ8,cross-corpus-882,StandardScaler,Lasso,48,12,5,-0.0336,6.6515,7.4551,-0.0993,-0.1111,-0.3123
5,positive_training,CR,phq_8,PHQ8,cross-corpus-882,StandardScaler,ElasticNet,48,12,5,0.0585,6.2883,7.1742,0.1338,-0.029,-0.1544
5,positive_training,CR,phq_8,PHQ8,cross-corpus-882,StandardScaler,SVR,48,12,5,-0.2414,7.6082,8.6487,-0.3226,-0.4954,-0.4211
5,positive_training,CR,phq_8,PHQ8,cross-corpus-882,StandardScaler,KNN,48,12,5,0.0123,6.3833,7.6627,0.0175,-0.1738,-0.1441
5,positive_training,CR,phq_8,PHQ8,cross-corpus-882,StandardScaler,RF,48,12,5,-0.0323,6.7933,7.6,-0.0642,-0.1547,-0.207
5,positive_training,CR,phq_8,PHQ8,cross-corpus-882,StandardScaler,ET,48,12,5,-0.1759,7.3417,8.3114,-0.2986,-0.381,-0.407
5,positive_training,CR,phq_8,PHQ8,cross-corpus-882,StandardScaler,GB,48,12,5,-0.181,7.5643,8.6064,-0.2346,-0.4808,-0.3579
5,positive_training,CR,phq_8,PHQ8,cross-corpus-882,StandardScaler,XGB,48,12,5,-0.1324,7.4228,8.5662,-0.1627,-0.467,-0.2281
5,positive_training,CR,phq_8,PHQ8,cross-corpus-882,StandardScaler,MLP,48,12,5,0.0991,6.5579,7.8793,0.1117,-0.2412,-0.0842
5,positive_training,CR,phq_8,PHQ8,cross-corpus-882,StandardScaler,LGBM,48,12,5,-0.2163,7.6889,8.2846,-0.387,-0.3721,-0.5272
5,positive_training,CR,phq_8,PHQ8,cross-corpus-882,StandardScaler,CatBoost,48,12,5,-0.0891,7.0338,7.9216,-0.1705,-0.2545,-0.2
5,positive_training,CR,phq_8,PHQ8,cross-corpus-882,MinMaxScaler,Ridge,48,12,5,-0.0719,7.1589,7.9398,-0.1261,-0.2603,-0.214
5,positive_training,CR,phq_8,PHQ8,cross-corpus-882,MinMaxScaler,Lasso,48,12,5,-0.0496,6.889,7.7539,-0.0943,-0.2019,-0.1965
5,positive_training,CR,phq_8,PHQ8,cross-corpus-882,MinMaxScaler,ElasticNet,48,12,5,-0.066,6.8914,7.7547,-0.1399,-0.2022,-0.214
5,positive_training,CR,phq_8,PHQ8,cross-corpus-882,MinMaxScaler,SVR,48,12,5,-0.1215,7.1661,8.1134,-0.2154,-0.316,-0.2105
5,positive_training,CR,phq_8,PHQ8,cross-corpus-882,MinMaxScaler,KNN,48,12,5,-0.1761,7.5093,8.4407,-0.2484,-0.4243,-0.1789
5,positive_training,CR,phq_8,PHQ8,cross-corpus-882,MinMaxScaler,RF,48,12,5,-0.0369,6.9278,7.7673,-0.0604,-0.2061,-0.0737
5,positive_training,CR,phq_8,PHQ8,cross-corpus-882,MinMaxScaler,ET,48,12,5,-0.0662,7.1058,7.931,-0.1099,-0.2575,-0.1298
5,positive_training,CR,phq_8,PHQ8,cross-corpus-882,MinMaxScaler,GB,48,12,5,-0.1532,7.1588,8.3745,-0.2033,-0.4021,-0.2211
5,positive_training,CR,phq_8,PHQ8,cross-corpus-882,MinMaxScaler,XGB,48,12,5,-0.0551,6.9148,8.0921,-0.0726,-0.3091,-0.1088
5,positive_training,CR,phq_8,PHQ8,cross-corpus-882,MinMaxScaler,MLP,48,12,5,-0.0556,7.6214,8.3465,-0.0749,-0.3927,-0.1263
5,positive_training,CR,phq_8,PHQ8,cross-corpus-882,MinMaxScaler,LGBM,48,12,5,-0.1461,7.6174,8.4909,-0.214,-0.4413,-0.2912
5,positive_training,CR,phq_8,PHQ8,cross-corpus-882,MinMaxScaler,CatBoost,48,12,5,-0.0544,7.1463,8.039,-0.0802,-0.292,-0.1263
5,positive_training,CR,phq_8,PHQ8,cross-corpus-882,RobustScaler,Ridge,48,12,10,0.0605,6.2255,7.3492,0.1026,-0.0798,-0.1333
5,positive_training,CR,phq_8,PHQ8,cross-corpus-882,RobustScaler,Lasso,48,12,10,0.1319,6.1379,7.1441,0.2244,-0.0203,-0.2
5,positive_training,CR,phq_8,PHQ8,cross-corpus-882,RobustScaler,ElasticNet,48,12,10,-0.0746,6.6793,7.6707,-0.1419,-0.1763,-0.1018
5,positive_training,CR,phq_8,PHQ8,cross-corpus-882,RobustScaler,SVR,48,12,10,-0.2284,7.4346,8.682,-0.3519,-0.5069,-0.3895
5,positive_training,CR,phq_8,PHQ8,cross-corpus-882,RobustScaler,KNN,48,12,10,-0.2172,7.3333,8.588,-0.3205,-0.4745,-0.4165
5,positive_training,CR,phq_8,PHQ8,cross-corpus-882,RobustScaler,RF,48,12,10,-0.0038,6.6683,7.5401,-0.0065,-0.1366,-0.2456
5,positive_training,CR,phq_8,PHQ8,cross-corpus-882,RobustScaler,ET,48,12,10,-0.0995,7.2175,8.0995,-0.1691,-0.3115,-0.2526
5,positive_training,CR,phq_8,PHQ8,cross-corpus-882,RobustScaler,GB,48,12,10,-0.1962,7.7518,8.9254,-0.2408,-0.5926,-0.2702
5,positive_training,CR,phq_8,PHQ8,cross-corpus-882,RobustScaler,XGB,48,12,10,-0.1522,7.3238,8.661,-0.1879,-0.4996,-0.207
5,positive_training,CR,phq_8,PHQ8,cross-corpus-882,RobustScaler,MLP,48,12,10,0.2252,7.3864,8.7495,0.2345,-0.5304,-0.1158
5,positive_training,CR,phq_8,PHQ8,cross-corpus-882,RobustScaler,LGBM,48,12,10,-0.2242,7.6115,8.4433,-0.386,-0.4252,-0.5694
5,positive_training,CR,phq_8,PHQ8,cross-corpus-882,RobustScaler,CatBoost,48,12,10,-0.0663,6.9981,7.8786,-0.1094,-0.2409,-0.2456
1,positive_training,CR,phq_9,PHQ9,cross-corpus-882,StandardScaler,Ridge,48,12,5,-0.1436,7.1309,8.2111,-0.1713,-0.5069,-0.1509
1,positive_training,CR,phq_9,PHQ9,cross-corpus-882,StandardScaler,Lasso,48,12,5,-0.1491,7.2129,8.3091,-0.1728,-0.5431,-0.1509
1,positive_training,CR,phq_9,PHQ9,cross-corpus-882,StandardScaler,ElasticNet,48,12,5,-0.126,6.934,7.9981,-0.1629,-0.4297,-0.1474
1,positive_training,CR,phq_9,PHQ9,cross-corpus-882,StandardScaler,SVR,48,12,5,-0.2025,7.2498,8.641,-0.2597,-0.6688,-0.2877
1,positive_training,CR,phq_9,PHQ9,cross-corpus-882,StandardScaler,KNN,48,12,5,-0.1745,7.0278,7.8607,-0.2753,-0.381,-0.2373
1,positive_training,CR,phq_9,PHQ9,cross-corpus-882,StandardScaler,RF,48,12,5,-0.119,6.7241,7.8152,-0.1716,-0.3651,-0.0842
1,positive_training,CR,phq_9,PHQ9,cross-corpus-882,StandardScaler,ET,48,12,5,-0.1037,6.6206,7.9712,-0.1595,-0.4201,-0.193
1,positive_training,CR,phq_9,PHQ9,cross-corpus-882,StandardScaler,GB,48,12,5,-0.3639,8.2839,9.3846,-0.3997,-0.9684,-0.4
1,positive_training,CR,phq_9,PHQ9,cross-corpus-882,StandardScaler,XGB,48,12,5,-0.4272,8.6176,10.0808,-0.5054,-1.2712,-0.5474
1,positive_training,CR,phq_9,PHQ9,cross-corpus-882,StandardScaler,MLP,48,12,5,-0.0421,6.767,7.7759,-0.0509,-0.3514,-0.2
1,positive_training,CR,phq_9,PHQ9,cross-corpus-882,StandardScaler,LGBM,48,12,5,-0.2482,7.1354,8.0902,-0.3628,-0.4628,-0.328
1,positive_training,CR,phq_9,PHQ9,cross-corpus-882,StandardScaler,CatBoost,48,12,5,-0.2594,7.4526,8.5461,-0.3493,-0.6323,-0.4211
1,positive_training,CR,phq_9,PHQ9,cross-corpus-882,MinMaxScaler,Ridge,48,12,5,-0.2614,7.5478,8.4768,-0.3268,-0.606,-0.2877
1,positive_training,CR,phq_9,PHQ9,cross-corpus-882,MinMaxScaler,Lasso,48,12,5,-0.263,7.591,8.5174,-0.3237,-0.6214,-0.3263
1,positive_training,CR,phq_9,PHQ9,cross-corpus-882,MinMaxScaler,ElasticNet,48,12,5,-0.2482,7.3683,8.28,-0.3347,-0.5323,-0.2842
1,positive_training,CR,phq_9,PHQ9,cross-corpus-882,MinMaxScaler,SVR,48,12,5,-0.3201,7.906,8.9817,-0.3895,-0.803,-0.1895
1,positive_training,CR,phq_9,PHQ9,cross-corpus-882,MinMaxScaler,KNN,48,12,5,-0.219,7.4259,8.4008,-0.3323,-0.5773,-0.2246
1,positive_training,CR,phq_9,PHQ9,cross-corpus-882,MinMaxScaler,RF,48,12,5,-0.1938,7.1275,7.868,-0.3215,-0.3836,-0.2842
1,positive_training,CR,phq_9,PHQ9,cross-corpus-882,MinMaxScaler,ET,48,12,5,-0.2908,7.3625,8.4214,-0.4663,-0.585,-0.5263
1,positive_training,CR,phq_9,PHQ9,cross-corpus-882,MinMaxScaler,GB,48,12,5,-0.2693,7.6729,8.8932,-0.3392,-0.7676,-0.1123
1,positive_training,CR,phq_9,PHQ9,cross-corpus-882,MinMaxScaler,XGB,48,12,5,-0.2755,7.9446,9.3484,-0.342,-0.9532,-0.1404
1,positive_training,CR,phq_9,PHQ9,cross-corpus-882,MinMaxScaler,MLP,48,12,5,-0.2445,7.2821,7.9806,-0.4026,-0.4235,-0.2632
1,positive_training,CR,phq_9,PHQ9,cross-corpus-882,MinMaxScaler,LGBM,48,12,5,-0.0478,6.8468,7.6451,-0.0617,-0.3063,0.065
1,positive_training,CR,phq_9,PHQ9,cross-corpus-882,MinMaxScaler,CatBoost,48,12,5,-0.1155,7.2449,8.2478,-0.1813,-0.5204,-0.1684
1,positive_training,CR,phq_9,PHQ9,cross-corpus-882,RobustScaler,Ridge,48,12,5,-0.1507,7.0711,7.9439,-0.214,-0.4104,-0.193
1,positive_training,CR,phq_9,PHQ9,cross-corpus-882,RobustScaler,Lasso,48,12,5,-0.1243,6.9636,7.8642,-0.1744,-0.3822,-0.1439
1,positive_training,CR,phq_9,PHQ9,cross-corpus-882,RobustScaler,ElasticNet,48,12,5,-0.2003,7.2527,8.0845,-0.2945,-0.4608,-0.3439
1,positive_training,CR,phq_9,PHQ9,cross-corpus-882,RobustScaler,SVR,48,12,5,-0.0826,6.7015,8.126,-0.1703,-0.4758,-0.2281
1,positive_training,CR,phq_9,PHQ9,cross-corpus-882,RobustScaler,KNN,48,12,5,-0.2432,7.5556,8.2966,-0.4002,-0.5384,-0.3803
1,positive_training,CR,phq_9,PHQ9,cross-corpus-882,RobustScaler,RF,48,12,5,-0.0417,6.6283,7.6576,-0.0543,-0.3106,0.0281
1,positive_training,CR,phq_9,PHQ9,cross-corpus-882,RobustScaler,ET,48,12,5,-0.0044,6.4067,7.3289,-0.0065,-0.2005,0.0456
1,positive_training,CR,phq_9,PHQ9,cross-corpus-882,RobustScaler,GB,48,12,5,0.0959,6.4056,7.4404,0.1252,-0.2373,0.2281
1,positive_training,CR,phq_9,PHQ9,cross-corpus-882,RobustScaler,XGB,48,12,5,-0.0007,6.4758,7.8245,-0.0011,-0.3683,0.014
1,positive_training,CR,phq_9,PHQ9,cross-corpus-882,RobustScaler,MLP,48,12,5,-0.259,7.4735,8.3464,-0.4027,-0.5569,-0.414
1,positive_training,CR,phq_9,PHQ9,cross-corpus-882,RobustScaler,LGBM,48,12,5,-0.3052,7.634,8.6351,-0.4319,-0.6665,-0.3857
1,positive_training,CR,phq_9,PHQ9,cross-corpus-882,RobustScaler,CatBoost,48,12,5,0.0902,6.2436,7.2688,0.1123,-0.1809,0.1298
2,positive_training,CR,phq_9,PHQ9,cross-corpus-882,StandardScaler,Ridge,48,12,10,0.1948,5.4843,6.5396,0.2142,-0.1909,0.2156
2,positive_training,CR,phq_9,PHQ9,cross-corpus-882,StandardScaler,Lasso,48,12,10,0.2212,5.572,6.9045,0.2322,-0.3275,0.2014
2,positive_training,CR,phq_9,PHQ9,cross-corpus-882,StandardScaler,ElasticNet,48,12,10,0.1957,5.6063,6.8333,0.2082,-0.3003,0.2014
2,positive_training,CR,phq_9,PHQ9,cross-corpus-882,StandardScaler,SVR,48,12,10,0.345,4.9293,5.7398,0.3824,0.0826,0.3004
2,positive_training,CR,phq_9,PHQ9,cross-corpus-882,StandardScaler,KNN,48,12,10,-0.0246,6.6111,7.7698,-0.0254,-0.6812,0.1166
2,positive_training,CR,phq_9,PHQ9,cross-corpus-882,StandardScaler,RF,48,12,10,0.2231,5.0429,6.0,0.2678,-0.0025,0.1732
2,positive_training,CR,phq_9,PHQ9,cross-corpus-882,StandardScaler,ET,48,12,10,0.2003,4.95,6.0371,0.2452,-0.0149,0.0459
2,positive_training,CR,phq_9,PHQ9,cross-corpus-882,StandardScaler,GB,48,12,10,0.3105,5.1821,6.7911,0.3116,-0.2843,0.2827
2,positive_training,CR,phq_9,PHQ9,cross-corpus-882,StandardScaler,XGB,48,12,10,0.2389,5.1669,6.216,0.2629,-0.076,0.1732
2,positive_training,CR,phq_9,PHQ9,cross-corpus-882,StandardScaler,MLP,48,12,10,0.1435,6.5081,7.616,0.1474,-0.6152,0.0424
2,positive_training,CR,phq_9,PHQ9,cross-corpus-882,StandardScaler,LGBM,48,12,10,-0.1807,6.6117,7.5978,-0.2058,-0.6076,-0.1257
2,positive_training,CR,phq_9,PHQ9,cross-corpus-882,StandardScaler,CatBoost,48,12,10,0.1223,5.4443,7.0157,0.1316,-0.3707,0.152
2,positive_training,CR,phq_9,PHQ9,cross-corpus-882,MinMaxScaler,Ridge,48,12,10,0.3753,4.9761,5.8715,0.4137,0.04,0.4877
2,positive_training,CR,phq_9,PHQ9,cross-corpus-882,MinMaxScaler,Lasso,48,12,10,0.3544,4.9997,5.9768,0.3914,0.0052,0.4877
2,positive_training,CR,phq_9,PHQ9,cross-corpus-882,MinMaxScaler,ElasticNet,48,12,10,0.3974,4.7904,5.6336,0.4435,0.1162,0.4877
2,positive_training,CR,phq_9,PHQ9,cross-corpus-882,MinMaxScaler,SVR,48,12,10,0.4255,4.9243,5.7158,0.4567,0.0902,0.4877
2,positive_training,CR,phq_9,PHQ9,cross-corpus-882,MinMaxScaler,KNN,48,12,10,0.3208,5.2833,6.0042,0.3441,-0.0039,0.2748
2,positive_training,CR,phq_9,PHQ9,cross-corpus-882,MinMaxScaler,RF,48,12,10,0.2928,5.015,5.7281,0.3505,0.0863,0.5159
2,positive_training,CR,phq_9,PHQ9,cross-corpus-882,MinMaxScaler,ET,48,12,10,0.2218,5.2771,6.0336,0.2628,-0.0138,0.4594
2,positive_training,CR,phq_9,PHQ9,cross-corpus-882,MinMaxScaler,GB,48,12,10,0.6099,4.3499,5.0145,0.6143,0.2998,0.6325
2,positive_training,CR,phq_9,PHQ9,cross-corpus-882,MinMaxScaler,XGB,48,12,10,0.6482,4.2413,4.8067,0.6511,0.3566,0.6962
2,positive_training,CR,phq_9,PHQ9,cross-corpus-882,MinMaxScaler,MLP,48,12,10,0.3657,5.3184,6.1017,0.3927,-0.0368,0.5124
2,positive_training,CR,phq_9,PHQ9,cross-corpus-882,MinMaxScaler,LGBM,48,12,10,0.0135,5.6514,6.8618,0.0159,-0.3112,0.1947
2,positive_training,CR,phq_9,PHQ9,cross-corpus-882,MinMaxScaler,CatBoost,48,12,10,0.2277,5.3998,6.3137,0.2476,-0.1101,0.4135
2,positive_training,CR,phq_9,PHQ9,cross-corpus-882,RobustScaler,Ridge,48,12,5,0.232,5.4157,6.6592,0.2484,-0.2349,0.3216
2,positive_training,CR,phq_9,PHQ9,cross-corpus-882,RobustScaler,Lasso,48,12,5,0.2212,5.4135,6.6419,0.2388,-0.2285,0.3216
2,positive_training,CR,phq_9,PHQ9,cross-corpus-882,RobustScaler,ElasticNet,48,12,5,0.2276,5.3625,6.5326,0.2476,-0.1884,0.371
2,positive_training,CR,phq_9,PHQ9,cross-corpus-882,RobustScaler,SVR,48,12,5,0.1973,5.4371,6.6387,0.2132,-0.2273,0.3922
2,positive_training,CR,phq_9,PHQ9,cross-corpus-882,RobustScaler,KNN,48,12,5,0.1533,5.55,6.5876,0.1688,-0.2085,0.1979
2,positive_training,CR,phq_9,PHQ9,cross-corpus-882,RobustScaler,RF,48,12,5,0.3121,4.9488,5.8584,0.3478,0.0442,0.4135
2,positive_training,CR,phq_9,PHQ9,cross-corpus-882,RobustScaler,ET,48,12,5,0.2656,4.7446,5.8786,0.3191,0.0377,0.3922
2,positive_training,CR,phq_9,PHQ9,cross-corpus-882,RobustScaler,GB,48,12,5,0.5085,4.4613,5.538,0.5146,0.1459,0.4064
2,positive_training,CR,phq_9,PHQ9,cross-corpus-882,RobustScaler,XGB,48,12,5,0.266,5.3659,6.1308,0.2928,-0.0467,0.1661
2,positive_training,CR,phq_9,PHQ9,cross-corpus-882,RobustScaler,MLP,48,12,5,0.1198,6.2289,7.0852,0.1283,-0.3979,0.2014
2,positive_training,CR,phq_9,PHQ9,cross-corpus-882,RobustScaler,LGBM,48,12,5,-0.172,6.3019,7.4987,-0.1999,-0.5659,-0.1188
2,positive_training,CR,phq_9,PHQ9,cross-corpus-882,RobustScaler,CatBoost,48,12,5,0.0921,5.7077,6.7,0.1034,-0.2501,0.1944
3,positive_training,CR,phq_9,PHQ9,cross-corpus-882,StandardScaler,Ridge,48,12,5,0.2472,7.1565,7.9474,0.2655,-0.4169,0.1373
3,positive_training,CR,phq_9,PHQ9,cross-corpus-882,StandardScaler,Lasso,48,12,5,0.2395,7.8414,8.7234,0.2588,-0.7071,0.1373
3,positive_training,CR,phq_9,PHQ9,cross-corpus-882,StandardScaler,ElasticNet,48,12,5,0.2431,7.6078,8.4485,0.2615,-0.6012,0.1373
3,positive_training,CR,phq_9,PHQ9,cross-corpus-882,StandardScaler,SVR,48,12,5,0.1301,6.8218,8.28,0.172,-0.538,0.081
3,positive_training,CR,phq_9,PHQ9,cross-corpus-882,StandardScaler,KNN,48,12,5,0.0933,7.0,8.6463,0.1185,-0.6771,0.0972
3,positive_training,CR,phq_9,PHQ9,cross-corpus-882,StandardScaler,RF,48,12,5,0.1169,6.1721,7.2241,0.1363,-0.1708,0.0739
3,positive_training,CR,phq_9,PHQ9,cross-corpus-882,StandardScaler,ET,48,12,5,0.1317,6.4167,7.4406,0.1484,-0.242,0.1373
3,positive_training,CR,phq_9,PHQ9,cross-corpus-882,StandardScaler,GB,48,12,5,0.1601,7.6144,8.4787,0.1613,-0.6127,0.169
3,positive_training,CR,phq_9,PHQ9,cross-corpus-882,StandardScaler,XGB,48,12,5,0.0898,7.3862,8.6184,0.0905,-0.6663,0.1549
3,positive_training,CR,phq_9,PHQ9,cross-corpus-882,StandardScaler,MLP,48,12,5,0.1985,7.8221,8.8207,0.2308,-0.7454,0.1937
3,positive_training,CR,phq_9,PHQ9,cross-corpus-882,StandardScaler,LGBM,48,12,5,-0.0461,6.6294,7.8343,-0.0543,-0.3769,-0.0477
3,positive_training,CR,phq_9,PHQ9,cross-corpus-882,StandardScaler,CatBoost,48,12,5,0.1353,6.9529,8.0137,0.1416,-0.4407,0.081
3,positive_training,CR,phq_9,PHQ9,cross-corpus-882,MinMaxScaler,Ridge,48,12,15,0.304,6.5317,7.4126,0.3226,-0.2326,0.2078
3,positive_training,CR,phq_9,PHQ9,cross-corpus-882,MinMaxScaler,Lasso,48,12,15,0.298,6.6555,7.7212,0.3208,-0.3374,0.2535
3,positive_training,CR,phq_9,PHQ9,cross-corpus-882,MinMaxScaler,ElasticNet,48,12,15,0.3,7.0519,7.9764,0.3208,-0.4273,0.2359
3,positive_training,CR,phq_9,PHQ9,cross-corpus-882,MinMaxScaler,SVR,48,12,15,0.3234,7.5199,8.3282,0.3562,-0.5559,0.2817
3,positive_training,CR,phq_9,PHQ9,cross-corpus-882,MinMaxScaler,KNN,48,12,15,0.1849,6.1111,7.6328,0.2209,-0.307,0.2042
3,positive_training,CR,phq_9,PHQ9,cross-corpus-882,MinMaxScaler,RF,48,12,15,0.2041,5.7925,6.4967,0.2869,0.0531,0.1585
3,positive_training,CR,phq_9,PHQ9,cross-corpus-882,MinMaxScaler,ET,48,12,15,0.2918,5.4567,6.2992,0.3779,0.1098,0.3275
3,positive_training,CR,phq_9,PHQ9,cross-corpus-882,MinMaxScaler,GB,48,12,15,0.2814,5.4431,6.6125,0.3179,0.0191,0.1937
3,positive_training,CR,phq_9,PHQ9,cross-corpus-882,MinMaxScaler,XGB,48,12,15,0.3218,5.1474,6.4233,0.3686,0.0744,0.1866
3,positive_training,CR,phq_9,PHQ9,cross-corpus-882,MinMaxScaler,MLP,48,12,15,0.2692,7.2656,8.3212,0.2998,-0.5534,0.2535
3,positive_training,CR,phq_9,PHQ9,cross-corpus-882,MinMaxScaler,LGBM,48,12,15,0.0846,6.183,7.2678,0.1009,-0.185,0.0775
3,positive_training,CR,phq_9,PHQ9,cross-corpus-882,MinMaxScaler,CatBoost,48,12,15,0.2489,5.8291,7.1304,0.2918,-0.1406,0.1866
3,positive_training,CR,phq_9,PHQ9,cross-corpus-882,RobustScaler,Ridge,48,12,5,0.3124,7.1581,8.2827,0.3379,-0.539,0.3099
3,positive_training,CR,phq_9,PHQ9,cross-corpus-882,RobustScaler,Lasso,48,12,5,0.3101,7.0898,8.204,0.3349,-0.5099,0.2852
3,positive_training,CR,phq_9,PHQ9,cross-corpus-882,RobustScaler,ElasticNet,48,12,5,0.3183,6.8288,7.9288,0.3421,-0.4103,0.3099
3,positive_training,CR,phq_9,PHQ9,cross-corpus-882,RobustScaler,SVR,48,12,5,0.1116,6.5567,7.6847,0.1558,-0.3248,0.0246
3,positive_training,CR,phq_9,PHQ9,cross-corpus-882,RobustScaler,KNN,48,12,5,0.0965,6.5,7.8905,0.12,-0.3967,0.0619
3,positive_training,CR,phq_9,PHQ9,cross-corpus-882,RobustScaler,RF,48,12,5,0.2698,5.5384,6.3054,0.3812,0.1081,0.1972
3,positive_training,CR,phq_9,PHQ9,cross-corpus-882,RobustScaler,ET,48,12,5,0.2951,5.5331,6.1795,0.4092,0.1433,0.2007
3,positive_training,CR,phq_9,PHQ9,cross-corpus-882,RobustScaler,GB,48,12,5,0.4203,5.0238,6.1505,0.464,0.1514,0.331
3,positive_training,CR,phq_9,PHQ9,cross-corpus-882,RobustScaler,XGB,48,12,5,0.4197,5.079,5.8666,0.4971,0.2279,0.3979
3,positive_training,CR,phq_9,PHQ9,cross-corpus-882,RobustScaler,MLP,48,12,5,0.2938,6.7556,8.0433,0.3438,-0.4513,0.324
3,positive_training,CR,phq_9,PHQ9,cross-corpus-882,RobustScaler,LGBM,48,12,5,0.0252,6.521,7.5097,0.0314,-0.2651,-0.1206
3,positive_training,CR,phq_9,PHQ9,cross-corpus-882,RobustScaler,CatBoost,48,12,5,0.2066,5.8714,6.8431,0.2697,-0.0505,0.0704
4,positive_training,CR,phq_9,PHQ9,cross-corpus-882,StandardScaler,Ridge,48,12,15,0.2036,5.9666,6.6363,0.257,0.0022,0.4225
4,positive_training,CR,phq_9,PHQ9,cross-corpus-882,StandardScaler,Lasso,48,12,15,0.1641,6.2485,7.013,0.1924,-0.1143,0.3099
4,positive_training,CR,phq_9,PHQ9,cross-corpus-882,StandardScaler,ElasticNet,48,12,15,0.1896,6.1232,6.8846,0.2237,-0.0738,0.3662
4,positive_training,CR,phq_9,PHQ9,cross-corpus-882,StandardScaler,SVR,48,12,15,0.2447,5.9306,6.5487,0.3114,0.0284,0.3521
4,positive_training,CR,phq_9,PHQ9,cross-corpus-882,StandardScaler,KNN,48,12,15,0.3596,5.3333,6.0487,0.4316,0.1711,0.4162
4,positive_training,CR,phq_9,PHQ9,cross-corpus-882,StandardScaler,RF,48,12,15,0.2116,5.5292,6.2845,0.3272,0.1052,0.324
4,positive_training,CR,phq_9,PHQ9,cross-corpus-882,StandardScaler,ET,48,12,15,0.3112,5.0875,5.8435,0.5018,0.2264,0.5423
4,positive_training,CR,phq_9,PHQ9,cross-corpus-882,StandardScaler,GB,48,12,15,0.4472,5.0693,5.6959,0.5237,0.265,0.5
4,positive_training,CR,phq_9,PHQ9,cross-corpus-882,StandardScaler,XGB,48,12,15,0.2564,5.3079,6.369,0.3543,0.081,0.4507
4,positive_training,CR,phq_9,PHQ9,cross-corpus-882,StandardScaler,MLP,48,12,15,0.0793,7.1963,8.0261,0.0843,-0.4595,0.2465
4,positive_training,CR,phq_9,PHQ9,cross-corpus-882,StandardScaler,LGBM,48,12,15,-0.1404,6.7148,7.5306,-0.228,-0.2848,-0.162
4,positive_training,CR,phq_9,PHQ9,cross-corpus-882,StandardScaler,CatBoost,48,12,15,0.147,6.3532,7.0961,0.1723,-0.1408,0.2676
4,positive_training,CR,phq_9,PHQ9,cross-corpus-882,MinMaxScaler,Ridge,48,12,10,0.2707,5.9364,6.477,0.3266,0.0496,0.4718
4,positive_training,CR,phq_9,PHQ9,cross-corpus-882,MinMaxScaler,Lasso,48,12,10,0.229,6.1397,6.6899,0.2737,-0.014,0.3662
4,positive_training,CR,phq_9,PHQ9,cross-corpus-882,MinMaxScaler,ElasticNet,48,12,10,0.2957,5.823,6.3707,0.355,0.0805,0.4718
4,positive_training,CR,phq_9,PHQ9,cross-corpus-882,MinMaxScaler,SVR,48,12,10,0.3436,5.6289,6.3592,0.388,0.0838,0.4718
4,positive_training,CR,phq_9,PHQ9,cross-corpus-882,MinMaxScaler,KNN,48,12,10,0.3816,5.15,6.3553,0.4187,0.0849,0.4445
4,positive_training,CR,phq_9,PHQ9,cross-corpus-882,MinMaxScaler,RF,48,12,10,0.3023,5.3488,5.9747,0.4424,0.1913,0.5282
4,positive_training,CR,phq_9,PHQ9,cross-corpus-882,MinMaxScaler,ET,48,12,10,0.4328,4.7942,5.5104,0.5746,0.3121,0.5493
4,positive_training,CR,phq_9,PHQ9,cross-corpus-882,MinMaxScaler,GB,48,12,10,0.3995,5.2095,5.9355,0.4632,0.2018,0.3873
4,positive_training,CR,phq_9,PHQ9,cross-corpus-882,MinMaxScaler,XGB,48,12,10,0.2474,6.1626,6.6728,0.2848,-0.0088,0.2606
4,positive_training,CR,phq_9,PHQ9,cross-corpus-882,MinMaxScaler,MLP,48,12,10,0.4268,4.7102,5.7188,0.5196,0.2591,0.5071
4,positive_training,CR,phq_9,PHQ9,cross-corpus-882,MinMaxScaler,LGBM,48,12,10,0.2373,5.5702,6.351,0.3367,0.0862,0.4296
4,positive_training,CR,phq_9,PHQ9,cross-corpus-882,MinMaxScaler,CatBoost,48,12,10,0.2716,5.5783,6.2982,0.374,0.1013,0.4366
4,positive_training,CR,phq_9,PHQ9,cross-corpus-882,RobustScaler,Ridge,48,12,10,0.1796,6.2093,7.0097,0.208,-0.1132,0.2747
4,positive_training,CR,phq_9,PHQ9,cross-corpus-882,RobustScaler,Lasso,48,12,10,0.1945,6.1454,6.8152,0.2319,-0.0523,0.2887
4,positive_training,CR,phq_9,PHQ9,cross-corpus-882,RobustScaler,ElasticNet,48,12,10,0.2023,6.0253,6.6549,0.2541,-0.0034,0.3028
4,positive_training,CR,phq_9,PHQ9,cross-corpus-882,RobustScaler,SVR,48,12,10,0.1933,5.9379,6.8293,0.2426,-0.0567,0.3944
4,positive_training,CR,phq_9,PHQ9,cross-corpus-882,RobustScaler,KNN,48,12,10,0.3076,5.1333,5.9956,0.4311,0.1856,0.4648
4,positive_training,CR,phq_9,PHQ9,cross-corpus-882,RobustScaler,RF,48,12,10,0.0315,6.43,7.2147,0.0426,-0.1793,0.1056
4,positive_training,CR,phq_9,PHQ9,cross-corpus-882,RobustScaler,ET,48,12,10,0.2318,5.505,6.1169,0.4284,0.1523,0.3099
4,positive_training,CR,phq_9,PHQ9,cross-corpus-882,RobustScaler,GB,48,12,10,0.1532,6.0465,7.0018,0.1975,-0.1107,0.2958
4,positive_training,CR,phq_9,PHQ9,cross-corpus-882,RobustScaler,XGB,48,12,10,0.0606,6.3727,7.2504,0.0895,-0.191,0.1197
4,positive_training,CR,phq_9,PHQ9,cross-corpus-882,RobustScaler,MLP,48,12,10,0.0701,7.1716,8.1337,0.0733,-0.4989,0.1831
4,positive_training,CR,phq_9,PHQ9,cross-corpus-882,RobustScaler,LGBM,48,12,10,0.0186,6.3525,7.1605,0.0266,-0.1616,0.1338
4,positive_training,CR,phq_9,PHQ9,cross-corpus-882,RobustScaler,CatBoost,48,12,10,0.098,6.2619,7.0239,0.1399,-0.1177,0.2183
5,positive_training,CR,phq_9,PHQ9,cross-corpus-882,StandardScaler,Ridge,48,12,5,0.085,9.1407,10.4475,0.0937,-0.8794,-0.1506
5,positive_training,CR,phq_9,PHQ9,cross-corpus-882,StandardScaler,Lasso,48,12,5,0.0844,9.135,10.4397,0.0931,-0.8766,-0.1506
5,positive_training,CR,phq_9,PHQ9,cross-corpus-882,StandardScaler,ElasticNet,48,12,5,0.0863,9.065,10.3393,0.0955,-0.8407,-0.1506
5,positive_training,CR,phq_9,PHQ9,cross-corpus-882,StandardScaler,SVR,48,12,5,-0.2896,8.2299,9.8174,-0.349,-0.6596,-0.2802
5,positive_training,CR,phq_9,PHQ9,cross-corpus-882,StandardScaler,KNN,48,12,5,-0.0397,7.3241,8.5086,-0.0555,-0.2466,-0.0193
5,positive_training,CR,phq_9,PHQ9,cross-corpus-882,StandardScaler,RF,48,12,5,-0.2267,8.0428,9.431,-0.3043,-0.5315,-0.3853
5,positive_training,CR,phq_9,PHQ9,cross-corpus-882,StandardScaler,ET,48,12,5,-0.1756,7.4792,9.4033,-0.2122,-0.5225,-0.2417
5,positive_training,CR,phq_9,PHQ9,cross-corpus-882,StandardScaler,GB,48,12,5,-0.1206,7.4774,9.3264,-0.1428,-0.4977,-0.0806
5,positive_training,CR,phq_9,PHQ9,cross-corpus-882,StandardScaler,XGB,48,12,5,-0.2061,7.9965,9.7883,-0.2386,-0.6497,-0.3152
5,positive_training,CR,phq_9,PHQ9,cross-corpus-882,StandardScaler,MLP,48,12,5,0.1212,9.2612,10.7707,0.1323,-0.9975,-0.1576
5,positive_training,CR,phq_9,PHQ9,cross-corpus-882,StandardScaler,LGBM,48,12,5,-0.2798,8.5851,9.6916,-0.3731,-0.6173,-0.3487
5,positive_training,CR,phq_9,PHQ9,cross-corpus-882,StandardScaler,CatBoost,48,12,5,-0.2248,8.04,9.5774,-0.2848,-0.5794,-0.3888
5,positive_training,CR,phq_9,PHQ9,cross-corpus-882,MinMaxScaler,Ridge,48,12,5,-0.0556,8.0063,9.4304,-0.0704,-0.5313,-0.2522
5,positive_training,CR,phq_9,PHQ9,cross-corpus-882,MinMaxScaler,Lasso,48,12,5,0.0057,8.5647,9.8561,0.0066,-0.6727,-0.2522
5,positive_training,CR,phq_9,PHQ9,cross-corpus-882,MinMaxScaler,ElasticNet,48,12,5,-0.0239,8.3171,9.6508,-0.0288,-0.6037,-0.2522
5,positive_training,CR,phq_9,PHQ9,cross-corpus-882,MinMaxScaler,SVR,48,12,5,-0.2942,8.6113,9.9061,-0.3653,-0.6897,-0.3783
5,positive_training,CR,phq_9,PHQ9,cross-corpus-882,MinMaxScaler,KNN,48,12,5,-0.2065,8.0,9.307,-0.2628,-0.4915,-0.2162
5,positive_training,CR,phq_9,PHQ9,cross-corpus-882,MinMaxScaler,RF,48,12,5,-0.1886,8.038,9.528,-0.2362,-0.5632,-0.2312
5,positive_training,CR,phq_9,PHQ9,cross-corpus-882,MinMaxScaler,ET,48,12,5,-0.3171,8.2,9.889,-0.3971,-0.6839,-0.3263
5,positive_training,CR,phq_9,PHQ9,cross-corpus-882,MinMaxScaler,GB,48,12,5,-0.0514,7.1484,9.7643,-0.0551,-0.6417,0.042
5,positive_training,CR,phq_9,PHQ9,cross-corpus-882,MinMaxScaler,XGB,48,12,5,-0.089,7.6486,9.7882,-0.0984,-0.6497,-0.0841
5,positive_training,CR,phq_9,PHQ9,cross-corpus-882,MinMaxScaler,MLP,48,12,5,-0.0622,8.2232,9.6015,-0.0772,-0.5874,-0.2522
5,positive_training,CR,phq_9,PHQ9,cross-corpus-882,MinMaxScaler,LGBM,48,12,5,-0.2163,8.342,9.4047,-0.3062,-0.523,-0.2768
5,positive_training,CR,phq_9,PHQ9,cross-corpus-882,MinMaxScaler,CatBoost,48,12,5,-0.2059,7.9855,9.4463,-0.2623,-0.5365,-0.2662
5,positive_training,CR,phq_9,PHQ9,cross-corpus-882,RobustScaler,Ridge,48,12,5,0.0844,9.1661,10.4845,0.093,-0.8927,-0.1506
5,positive_training,CR,phq_9,PHQ9,cross-corpus-882,RobustScaler,Lasso,48,12,5,0.0862,9.1321,10.4349,0.0951,-0.8749,-0.1506
5,positive_training,CR,phq_9,PHQ9,cross-corpus-882,RobustScaler,ElasticNet,48,12,5,0.0945,9.0494,10.3143,0.1044,-0.8318,-0.1506
5,positive_training,CR,phq_9,PHQ9,cross-corpus-882,RobustScaler,SVR,48,12,5,-0.249,7.9272,9.6737,-0.3009,-0.6113,-0.4063
5,positive_training,CR,phq_9,PHQ9,cross-corpus-882,RobustScaler,KNN,48,12,5,-0.0673,7.3796,8.6686,-0.0914,-0.2939,-0.2207
5,positive_training,CR,phq_9,PHQ9,cross-corpus-882,RobustScaler,RF,48,12,5,-0.2267,8.0428,9.431,-0.3043,-0.5315,-0.3853
5,positive_training,CR,phq_9,PHQ9,cross-corpus-882,RobustScaler,ET,48,12,5,-0.1756,7.4792,9.4033,-0.2122,-0.5225,-0.2417
5,positive_training,CR,phq_9,PHQ9,cross-corpus-882,RobustScaler,GB,48,12,5,-0.1206,7.4774,9.3264,-0.1428,-0.4977,-0.0806
5,positive_training,CR,phq_9,PHQ9,cross-corpus-882,RobustScaler,XGB,48,12,5,-0.2061,7.9965,9.7883,-0.2386,-0.6497,-0.3152
5,positive_training,CR,phq_9,PHQ9,cross-corpus-882,RobustScaler,MLP,48,12,5,0.0734,8.8589,10.3153,0.0808,-0.8322,-0.1471
5,positive_training,CR,phq_9,PHQ9,cross-corpus-882,RobustScaler,LGBM,48,12,5,-0.2798,8.5851,9.6916,-0.3731,-0.6173,-0.3487
5,positive_training,CR,phq_9,PHQ9,cross-corpus-882,RobustScaler,CatBoost,48,12,5,-0.2248,8.04,9.5774,-0.2848,-0.5794,-0.3888
1,positive_training,CR,ads.1,CES-D,cross-corpus-882,StandardScaler,Ridge,47,12,10,-0.2251,11.9688,13.8003,-0.3166,-0.4525,-0.3825
1,positive_training,CR,ads.1,CES-D,cross-corpus-882,StandardScaler,Lasso,47,12,10,-0.268,12.0663,13.9406,-0.3888,-0.4822,-0.3719
1,positive_training,CR,ads.1,CES-D,cross-corpus-882,StandardScaler,ElasticNet,47,12,10,-0.238,11.8088,13.5886,-0.3757,-0.4083,-0.3439
1,positive_training,CR,ads.1,CES-D,cross-corpus-882,StandardScaler,SVR,47,12,10,-0.3071,12.6146,14.8175,-0.3835,-0.6745,-0.4561
1,positive_training,CR,ads.1,CES-D,cross-corpus-882,StandardScaler,KNN,47,12,10,0.0222,10.1751,12.2004,0.0333,-0.1352,-0.2912
1,positive_training,CR,ads.1,CES-D,cross-corpus-882,StandardScaler,RF,47,12,10,-0.1726,11.7753,13.554,-0.2432,-0.4011,-0.2702
1,positive_training,CR,ads.1,CES-D,cross-corpus-882,StandardScaler,ET,47,12,10,-0.2425,12.0812,13.9874,-0.3277,-0.4922,-0.3439
1,positive_training,CR,ads.1,CES-D,cross-corpus-882,StandardScaler,GB,47,12,10,-0.0213,10.4589,12.4733,-0.0308,-0.1866,0.0912
1,positive_training,CR,ads.1,CES-D,cross-corpus-882,StandardScaler,XGB,47,12,10,-0.1573,11.9363,13.6507,-0.2181,-0.4212,0.0281
1,positive_training,CR,ads.1,CES-D,cross-corpus-882,StandardScaler,MLP,47,12,10,-0.1578,12.0992,14.9319,-0.1718,-0.7005,-0.3404
1,positive_training,CR,ads.1,CES-D,cross-corpus-882,StandardScaler,LGBM,47,12,10,-0.2324,13.2002,14.734,-0.2731,-0.6557,-0.3592
1,positive_training,CR,ads.1,CES-D,cross-corpus-882,StandardScaler,CatBoost,47,12,10,-0.1014,11.7253,13.2134,-0.135,-0.3316,-0.0211
1,positive_training,CR,ads.1,CES-D,cross-corpus-882,MinMaxScaler,Ridge,47,12,5,-0.3096,12.4785,14.7631,-0.3828,-0.6622,-0.4246
1,positive_training,CR,ads.1,CES-D,cross-corpus-882,MinMaxScaler,Lasso,47,12,5,-0.313,12.5457,14.8645,-0.3811,-0.6851,-0.4246
1,positive_training,CR,ads.1,CES-D,cross-corpus-882,MinMaxScaler,ElasticNet,47,12,5,-0.3104,12.4762,14.7574,-0.3845,-0.6609,-0.4246
1,positive_training,CR,ads.1,CES-D,cross-corpus-882,MinMaxScaler,SVR,47,12,5,-0.3175,12.1648,14.5568,-0.4112,-0.6161,-0.4246
1,positive_training,CR,ads.1,CES-D,cross-corpus-882,MinMaxScaler,KNN,47,12,5,-0.2751,12.2322,14.5626,-0.3443,-0.6174,-0.4446
1,positive_training,CR,ads.1,CES-D,cross-corpus-882,MinMaxScaler,RF,47,12,5,-0.3458,13.0753,15.2599,-0.4078,-0.776,-0.4947
1,positive_training,CR,ads.1,CES-D,cross-corpus-882,MinMaxScaler,ET,47,12,5,-0.3569,13.0243,15.3243,-0.4195,-0.791,-0.5123
1,positive_training,CR,ads.1,CES-D,cross-corpus-882,MinMaxScaler,GB,47,12,5,-0.301,12.8204,15.0624,-0.3488,-0.7303,-0.386
1,positive_training,CR,ads.1,CES-D,cross-corpus-882,MinMaxScaler,XGB,47,12,5,-0.2985,12.8916,15.0489,-0.346,-0.7272,-0.393
1,positive_training,CR,ads.1,CES-D,cross-corpus-882,MinMaxScaler,MLP,47,12,5,-0.3849,13.2621,15.5132,-0.4477,-0.8354,-0.4281
1,positive_training,CR,ads.1,CES-D,cross-corpus-882,MinMaxScaler,LGBM,47,12,5,-0.1275,12.99,14.6147,-0.1395,-0.629,-0.2362
1,positive_training,CR,ads.1,CES-D,cross-corpus-882,MinMaxScaler,CatBoost,47,12,5,-0.3521,13.1228,15.1389,-0.4207,-0.7479,-0.6211
1,positive_training,CR,ads.1,CES-D,cross-corpus-882,RobustScaler,Ridge,47,12,15,-0.3037,12.8979,14.587,-0.3836,-0.6228,-0.3228
1,positive_training,CR,ads.1,CES-D,cross-corpus-882,RobustScaler,Lasso,47,12,15,-0.2824,12.4898,14.1685,-0.3883,-0.531,-0.3228
1,positive_training,CR,ads.1,CES-D,cross-corpus-882,RobustScaler,ElasticNet,47,12,15,-0.2816,12.462,14.0387,-0.402,-0.5031,-0.3158
1,positive_training,CR,ads.1,CES-D,cross-corpus-882,RobustScaler,SVR,47,12,15,-0.3106,12.8494,14.8274,-0.3832,-0.6767,-0.4421
1,positive_training,CR,ads.1,CES-D,cross-corpus-882,RobustScaler,KNN,47,12,15,-0.3203,12.8013,14.4595,-0.4531,-0.5946,-0.407
1,positive_training,CR,ads.1,CES-D,cross-corpus-882,RobustScaler,RF,47,12,15,-0.1891,11.8592,13.6153,-0.2586,-0.4138,-0.2772
1,positive_training,CR,ads.1,CES-D,cross-corpus-882,RobustScaler,ET,47,12,15,-0.3398,12.5031,14.6267,-0.4457,-0.6317,-0.5193
1,positive_training,CR,ads.1,CES-D,cross-corpus-882,RobustScaler,GB,47,12,15,-0.2027,12.2697,14.6511,-0.2307,-0.6371,-0.2561
1,positive_training,CR,ads.1,CES-D,cross-corpus-882,RobustScaler,XGB,47,12,15,-0.2261,13.0211,15.1578,-0.2485,-0.7523,-0.2597
1,positive_training,CR,ads.1,CES-D,cross-corpus-882,RobustScaler,MLP,47,12,15,-0.1108,12.5472,14.8414,-0.1232,-0.6799,0.0421
1,positive_training,CR,ads.1,CES-D,cross-corpus-882,RobustScaler,LGBM,47,12,15,-0.1831,13.0464,14.7286,-0.2097,-0.6545,-0.1511
1,positive_training,CR,ads.1,CES-D,cross-corpus-882,RobustScaler,CatBoost,47,12,15,-0.2575,12.3693,14.5789,-0.3095,-0.621,-0.3509
2,positive_training,CR,ads.1,CES-D,cross-corpus-882,StandardScaler,Ridge,47,12,5,-0.0997,10.5603,11.6285,-0.1119,-0.71,-0.2683
2,positive_training,CR,ads.1,CES-D,cross-corpus-882,StandardScaler,Lasso,47,12,5,-0.1387,10.6482,11.8116,-0.1586,-0.7643,-0.2973
2,positive_training,CR,ads.1,CES-D,cross-corpus-882,StandardScaler,ElasticNet,47,12,5,-0.1124,11.3061,12.3372,-0.1218,-0.9248,-0.2973
2,positive_training,CR,ads.1,CES-D,cross-corpus-882,StandardScaler,SVR,47,12,5,-0.1369,10.9984,12.4165,-0.1452,-0.9496,-0.29
2,positive_training,CR,ads.1,CES-D,cross-corpus-882,StandardScaler,KNN,47,12,5,0.0784,9.5858,10.8193,0.0835,-0.4803,-0.058
2,positive_training,CR,ads.1,CES-D,cross-corpus-882,StandardScaler,RF,47,12,5,-0.2142,10.4725,11.9933,-0.2282,-0.819,-0.29
2,positive_training,CR,ads.1,CES-D,cross-corpus-882,StandardScaler,ET,47,12,5,-0.0322,9.2105,10.4886,-0.0392,-0.3912,-0.1378
2,positive_training,CR,ads.1,CES-D,cross-corpus-882,StandardScaler,GB,47,12,5,-0.2467,11.457,13.4932,-0.2476,-1.3024,-0.3191
2,positive_training,CR,ads.1,CES-D,cross-corpus-882,StandardScaler,XGB,47,12,5,-0.1851,11.1978,12.4525,-0.1965,-0.9609,-0.3045
2,positive_training,CR,ads.1,CES-D,cross-corpus-882,StandardScaler,MLP,47,12,5,-0.1137,10.6998,12.1897,-0.1513,-0.879,-0.2103
2,positive_training,CR,ads.1,CES-D,cross-corpus-882,StandardScaler,LGBM,47,12,5,-0.1807,10.988,12.4628,-0.1918,-0.9642,-0.2629
2,positive_training,CR,ads.1,CES-D,cross-corpus-882,StandardScaler,CatBoost,47,12,5,-0.2054,10.7636,12.0554,-0.228,-0.8379,-0.2393
2,positive_training,CR,ads.1,CES-D,cross-corpus-882,MinMaxScaler,Ridge,47,12,10,0.2302,7.9177,8.9823,0.2827,-0.0203,0.3916
2,positive_training,CR,ads.1,CES-D,cross-corpus-882,MinMaxScaler,Lasso,47,12,10,0.2382,8.3884,9.351,0.2796,-0.1058,0.2538
2,positive_training,CR,ads.1,CES-D,cross-corpus-882,MinMaxScaler,ElasticNet,47,12,10,0.1466,7.8155,9.1013,0.1948,-0.0475,0.1233
2,positive_training,CR,ads.1,CES-D,cross-corpus-882,MinMaxScaler,SVR,47,12,10,0.1588,8.3425,9.5769,0.1916,-0.1598,0.145
2,positive_training,CR,ads.1,CES-D,cross-corpus-882,MinMaxScaler,KNN,47,12,10,0.3878,7.5349,8.3823,0.4288,0.1115,0.4786
2,positive_training,CR,ads.1,CES-D,cross-corpus-882,MinMaxScaler,RF,47,12,10,0.0005,9.0253,10.2528,0.0006,-0.3294,-0.087
2,positive_training,CR,ads.1,CES-D,cross-corpus-882,MinMaxScaler,ET,47,12,10,0.1238,8.7004,9.6181,0.1434,-0.1699,0.0363
2,positive_training,CR,ads.1,CES-D,cross-corpus-882,MinMaxScaler,GB,47,12,10,0.3357,8.2472,9.2138,0.3539,-0.0736,0.261
2,positive_training,CR,ads.1,CES-D,cross-corpus-882,MinMaxScaler,XGB,47,12,10,0.2604,9.3904,10.5317,0.2759,-0.4026,0.174
2,positive_training,CR,ads.1,CES-D,cross-corpus-882,MinMaxScaler,MLP,47,12,10,0.2243,8.3085,9.352,0.2552,-0.106,0.2175
2,positive_training,CR,ads.1,CES-D,cross-corpus-882,MinMaxScaler,LGBM,47,12,10,0.1292,9.2395,10.5432,0.1455,-0.4057,0.1126
2,positive_training,CR,ads.1,CES-D,cross-corpus-882,MinMaxScaler,CatBoost,47,12,10,0.311,8.4603,9.4837,0.3215,-0.1374,0.2248
2,positive_training,CR,ads.1,CES-D,cross-corpus-882,RobustScaler,Ridge,47,12,10,-0.1847,12.2486,14.2441,-0.1859,-1.5658,-0.1523
2,positive_training,CR,ads.1,CES-D,cross-corpus-882,RobustScaler,Lasso,47,12,10,-0.2325,12.9077,15.1165,-0.2356,-1.8897,-0.2465
2,positive_training,CR,ads.1,CES-D,cross-corpus-882,RobustScaler,ElasticNet,47,12,10,0.043,8.8184,9.8108,0.0552,-0.2172,0.0145
2,positive_training,CR,ads.1,CES-D,cross-corpus-882,RobustScaler,SVR,47,12,10,0.1293,9.1081,10.2035,0.1368,-0.3166,0.0508
2,positive_training,CR,ads.1,CES-D,cross-corpus-882,RobustScaler,KNN,47,12,10,0.0808,7.9679,10.1505,0.0994,-0.3029,-0.058
2,positive_training,CR,ads.1,CES-D,cross-corpus-882,RobustScaler,RF,47,12,10,0.0322,8.7006,10.0553,0.0392,-0.2786,-0.029
2,positive_training,CR,ads.1,CES-D,cross-corpus-882,RobustScaler,ET,47,12,10,0.0198,8.9183,10.3633,0.0227,-0.3582,-0.1523
2,positive_training,CR,ads.1,CES-D,cross-corpus-882,RobustScaler,GB,47,12,10,0.121,10.6187,11.7208,0.1212,-0.7373,0.1595
2,positive_training,CR,ads.1,CES-D,cross-corpus-882,RobustScaler,XGB,47,12,10,0.0339,10.5096,11.5283,0.0348,-0.6807,0.0073
2,positive_training,CR,ads.1,CES-D,cross-corpus-882,RobustScaler,MLP,47,12,10,-0.0092,10.152,11.9044,-0.0099,-0.7921,0.0218
2,positive_training,CR,ads.1,CES-D,cross-corpus-882,RobustScaler,LGBM,47,12,10,0.0618,10.2122,11.1762,0.0658,-0.5796,0.1523
2,positive_training,CR,ads.1,CES-D,cross-corpus-882,RobustScaler,CatBoost,47,12,10,0.2396,8.4829,9.467,0.2659,-0.1334,0.1885
3,positive_training,CR,ads.1,CES-D,cross-corpus-882,StandardScaler,Ridge,47,12,10,-0.2838,15.8605,24.8625,-0.378,-3.6633,-0.0421
3,positive_training,CR,ads.1,CES-D,cross-corpus-882,StandardScaler,Lasso,47,12,10,-0.2639,14.2302,20.4214,-0.3361,-2.1461,0.0281
3,positive_training,CR,ads.1,CES-D,cross-corpus-882,StandardScaler,ElasticNet,47,12,10,-0.285,13.6458,18.4741,-0.3479,-1.5747,-0.0632
3,positive_training,CR,ads.1,CES-D,cross-corpus-882,StandardScaler,SVR,47,12,10,0.1012,12.9092,17.1998,0.1078,-1.2318,0.1719
3,positive_training,CR,ads.1,CES-D,cross-corpus-882,StandardScaler,KNN,47,12,10,-0.2089,12.706,14.3256,-0.3016,-0.5482,-0.2982
3,positive_training,CR,ads.1,CES-D,cross-corpus-882,StandardScaler,RF,47,12,10,0.1181,10.8807,12.1132,0.1468,-0.1069,0.2456
3,positive_training,CR,ads.1,CES-D,cross-corpus-882,StandardScaler,ET,47,12,10,-0.0479,11.9161,13.6992,-0.0572,-0.4158,0.0281
3,positive_training,CR,ads.1,CES-D,cross-corpus-882,StandardScaler,GB,47,12,10,0.2809,9.9613,12.0628,0.3111,-0.0977,0.4702
3,positive_training,CR,ads.1,CES-D,cross-corpus-882,StandardScaler,XGB,47,12,10,0.1346,11.4928,14.3391,0.1376,-0.5511,0.193
3,positive_training,CR,ads.1,CES-D,cross-corpus-882,StandardScaler,MLP,47,12,10,-0.2277,23.0641,42.7352,-0.4332,-12.7776,-0.1754
3,positive_training,CR,ads.1,CES-D,cross-corpus-882,StandardScaler,LGBM,47,12,10,0.3082,9.1779,10.4359,0.5004,0.1784,0.5229
3,positive_training,CR,ads.1,CES-D,cross-corpus-882,StandardScaler,CatBoost,47,12,10,0.2041,10.2582,11.9239,0.2401,-0.0726,0.3684
3,positive_training,CR,ads.1,CES-D,cross-corpus-882,MinMaxScaler,Ridge,47,12,10,-0.2116,13.4538,17.5411,-0.2719,-1.3212,-0.0737
3,positive_training,CR,ads.1,CES-D,cross-corpus-882,MinMaxScaler,Lasso,47,12,10,-0.2242,14.1134,19.8377,-0.3006,-1.9688,0.0035
3,positive_training,CR,ads.1,CES-D,cross-corpus-882,MinMaxScaler,ElasticNet,47,12,10,-0.2451,14.4668,20.4254,-0.3174,-2.1473,-0.007
3,positive_training,CR,ads.1,CES-D,cross-corpus-882,MinMaxScaler,SVR,47,12,10,-0.0155,12.4622,15.5926,-0.0207,-0.8342,0.0456
3,positive_training,CR,ads.1,CES-D,cross-corpus-882,MinMaxScaler,KNN,47,12,10,-0.2037,12.8933,14.3283,-0.2708,-0.5488,-0.3053
3,positive_training,CR,ads.1,CES-D,cross-corpus-882,MinMaxScaler,RF,47,12,10,0.1141,10.9817,12.3314,0.138,-0.1472,0.1754
3,positive_training,CR,ads.1,CES-D,cross-corpus-882,MinMaxScaler,ET,47,12,10,-0.0048,11.5108,13.3837,-0.0059,-0.3513,0.0456
3,positive_training,CR,ads.1,CES-D,cross-corpus-882,MinMaxScaler,GB,47,12,10,0.4063,8.8048,10.9678,0.4378,0.0925,0.5018
3,positive_training,CR,ads.1,CES-D,cross-corpus-882,MinMaxScaler,XGB,47,12,10,0.1564,11.2803,14.2522,0.159,-0.5324,0.2386
3,positive_training,CR,ads.1,CES-D,cross-corpus-882,MinMaxScaler,MLP,47,12,10,0.2137,10.8805,12.9819,0.2566,-0.2714,0.3228
3,positive_training,CR,ads.1,CES-D,cross-corpus-882,MinMaxScaler,LGBM,47,12,10,0.2658,9.9214,11.1739,0.3698,0.0581,0.3726
3,positive_training,CR,ads.1,CES-D,cross-corpus-882,MinMaxScaler,CatBoost,47,12,10,0.128,10.9509,13.0656,0.14,-0.2878,0.2035
3,positive_training,CR,ads.1,CES-D,cross-corpus-882,RobustScaler,Ridge,47,12,10,-0.2914,15.9049,24.9605,-0.3873,-3.7001,-0.1298
3,positive_training,CR,ads.1,CES-D,cross-corpus-882,RobustScaler,Lasso,47,12,10,-0.2538,16.3784,26.2746,-0.3616,-4.208,0.0105
3,positive_training,CR,ads.1,CES-D,cross-corpus-882,RobustScaler,ElasticNet,47,12,10,-0.271,16.2501,25.9522,-0.376,-4.081,-0.0561
3,positive_training,CR,ads.1,CES-D,cross-corpus-882,RobustScaler,SVR,47,12,10,0.1377,10.4189,12.4842,0.163,-0.1758,0.2561
3,positive_training,CR,ads.1,CES-D,cross-corpus-882,RobustScaler,KNN,47,12,10,-0.1365,12.6244,13.921,-0.1784,-0.462,-0.2105
3,positive_training,CR,ads.1,CES-D,cross-corpus-882,RobustScaler,RF,47,12,10,0.1267,10.1611,12.0875,0.1567,-0.1022,0.2877
3,positive_training,CR,ads.1,CES-D,cross-corpus-882,RobustScaler,ET,47,12,10,0.0087,11.1826,13.3529,0.0105,-0.3451,0.1579
3,positive_training,CR,ads.1,CES-D,cross-corpus-882,RobustScaler,GB,47,12,10,0.1562,10.2045,12.9411,0.1747,-0.2634,0.2105
3,positive_training,CR,ads.1,CES-D,cross-corpus-882,RobustScaler,XGB,47,12,10,0.1306,11.2554,14.5459,0.1323,-0.5962,0.0491
3,positive_training,CR,ads.1,CES-D,cross-corpus-882,RobustScaler,MLP,47,12,10,-0.1721,28.1767,57.7398,-0.4311,-24.1508,-0.2246
3,positive_training,CR,ads.1,CES-D,cross-corpus-882,RobustScaler,LGBM,47,12,10,0.2566,9.3135,10.7024,0.412,0.1359,0.4737
3,positive_training,CR,ads.1,CES-D,cross-corpus-882,RobustScaler,CatBoost,47,12,10,0.0637,10.6838,13.2565,0.0707,-0.3257,0.186
4,positive_training,CR,ads.1,CES-D,cross-corpus-882,StandardScaler,Ridge,47,12,10,0.3105,10.9168,12.9491,0.4361,0.1868,0.4974
4,positive_training,CR,ads.1,CES-D,cross-corpus-882,StandardScaler,Lasso,47,12,10,0.2585,11.2383,13.2801,0.3824,0.1447,0.4939
4,positive_training,CR,ads.1,CES-D,cross-corpus-882,StandardScaler,ElasticNet,47,12,10,0.3266,11.0226,13.0581,0.4241,0.173,0.5114
4,positive_training,CR,ads.1,CES-D,cross-corpus-882,StandardScaler,SVR,47,12,10,0.3042,11.8656,13.2291,0.398,0.1512,0.4063
4,positive_training,CR,ads.1,CES-D,cross-corpus-882,StandardScaler,KNN,47,12,10,0.2837,11.4231,13.0462,0.4417,0.1745,0.4077
4,positive_training,CR,ads.1,CES-D,cross-corpus-882,StandardScaler,RF,47,12,10,0.256,10.9012,12.9025,0.5099,0.1926,0.5289
4,positive_training,CR,ads.1,CES-D,cross-corpus-882,StandardScaler,ET,47,12,10,0.2856,11.3176,12.7915,0.4793,0.2064,0.4308
4,positive_training,CR,ads.1,CES-D,cross-corpus-882,StandardScaler,GB,47,12,10,0.208,12.2419,14.1667,0.2751,0.0266,0.0981
4,positive_training,CR,ads.1,CES-D,cross-corpus-882,StandardScaler,XGB,47,12,10,0.1624,12.7543,14.5191,0.2207,-0.0224,0.0876
4,positive_training,CR,ads.1,CES-D,cross-corpus-882,StandardScaler,MLP,47,12,10,0.311,11.9385,13.5519,0.392,0.1093,0.3853
4,positive_training,CR,ads.1,CES-D,cross-corpus-882,StandardScaler,LGBM,47,12,10,0.1088,12.7021,14.5677,0.1621,-0.0293,0.1123
4,positive_training,CR,ads.1,CES-D,cross-corpus-882,StandardScaler,CatBoost,47,12,10,0.1958,12.0905,13.8455,0.2907,0.0703,0.2697
4,positive_training,CR,ads.1,CES-D,cross-corpus-882,MinMaxScaler,Ridge,47,12,5,0.3166,10.599,12.9746,0.4298,0.1836,0.5149
4,positive_training,CR,ads.1,CES-D,cross-corpus-882,MinMaxScaler,Lasso,47,12,5,0.2997,10.67,12.9978,0.426,0.1806,0.5149
4,positive_training,CR,ads.1,CES-D,cross-corpus-882,MinMaxScaler,ElasticNet,47,12,5,0.2941,10.6919,12.9921,0.4276,0.1813,0.5149
4,positive_training,CR,ads.1,CES-D,cross-corpus-882,MinMaxScaler,SVR,47,12,5,0.3199,10.4968,13.0322,0.4232,0.1763,0.5149
4,positive_training,CR,ads.1,CES-D,cross-corpus-882,MinMaxScaler,KNN,47,12,5,0.3205,10.5333,13.3109,0.4289,0.1407,0.5193
4,positive_training,CR,ads.1,CES-D,cross-corpus-882,MinMaxScaler,RF,47,12,5,0.2634,10.8555,12.9009,0.4758,0.1928,0.4273
4,positive_training,CR,ads.1,CES-D,cross-corpus-882,MinMaxScaler,ET,47,12,5,0.2456,10.6511,13.0907,0.4255,0.1689,0.3503
4,positive_training,CR,ads.1,CES-D,cross-corpus-882,MinMaxScaler,GB,47,12,5,0.0765,11.4251,14.9261,0.1087,-0.0805,0.1366
4,positive_training,CR,ads.1,CES-D,cross-corpus-882,MinMaxScaler,XGB,47,12,5,0.3394,10.2253,13.2697,0.4235,0.146,0.2207
4,positive_training,CR,ads.1,CES-D,cross-corpus-882,MinMaxScaler,MLP,47,12,5,0.2679,11.0275,13.3546,0.3747,0.135,0.4799
4,positive_training,CR,ads.1,CES-D,cross-corpus-882,MinMaxScaler,LGBM,47,12,5,0.055,13.2722,15.7357,0.0672,-0.2009,0.0281
4,positive_training,CR,ads.1,CES-D,cross-corpus-882,MinMaxScaler,CatBoost,47,12,5,0.2401,11.1722,13.3227,0.3752,0.1392,0.2137
4,positive_training,CR,ads.1,CES-D,cross-corpus-882,RobustScaler,Ridge,47,12,5,0.4358,10.7197,12.1635,0.5426,0.2824,0.6095
4,positive_training,CR,ads.1,CES-D,cross-corpus-882,RobustScaler,Lasso,47,12,5,0.4392,10.6802,12.1484,0.5433,0.2842,0.6165
4,positive_training,CR,ads.1,CES-D,cross-corpus-882,RobustScaler,ElasticNet,47,12,5,0.4349,10.7245,12.1641,0.5427,0.2824,0.6095
4,positive_training,CR,ads.1,CES-D,cross-corpus-882,RobustScaler,SVR,47,12,5,0.3895,10.6488,12.4399,0.5095,0.2495,0.3608
4,positive_training,CR,ads.1,CES-D,cross-corpus-882,RobustScaler,KNN,47,12,5,0.3044,11.4274,13.2834,0.392,0.1442,0.3181
4,positive_training,CR,ads.1,CES-D,cross-corpus-882,RobustScaler,RF,47,12,5,0.183,11.1812,13.5311,0.3375,0.112,0.4098
4,positive_training,CR,ads.1,CES-D,cross-corpus-882,RobustScaler,ET,47,12,5,0.2498,11.2145,13.2544,0.3858,0.148,0.3257
4,positive_training,CR,ads.1,CES-D,cross-corpus-882,RobustScaler,GB,47,12,5,0.2689,11.7717,13.236,0.3881,0.1503,0.2382
4,positive_training,CR,ads.1,CES-D,cross-corpus-882,RobustScaler,XGB,47,12,5,0.4943,10.2366,11.1922,0.6618,0.3925,0.641
4,positive_training,CR,ads.1,CES-D,cross-corpus-882,RobustScaler,MLP,47,12,5,0.4327,11.0642,12.3253,0.5141,0.2632,0.6025
4,positive_training,CR,ads.1,CES-D,cross-corpus-882,RobustScaler,LGBM,47,12,5,0.0462,12.7211,14.8578,0.075,-0.0707,0.0264
4,positive_training,CR,ads.1,CES-D,cross-corpus-882,RobustScaler,CatBoost,47,12,5,0.1748,12.5848,14.1976,0.241,0.0224,0.0666
5,positive_training,CR,ads.1,CES-D,cross-corpus-882,StandardScaler,Ridge,48,11,5,-0.5551,19.9185,30.5035,-0.576,-2.8716,-0.3781
5,positive_training,CR,ads.1,CES-D,cross-corpus-882,StandardScaler,Lasso,48,11,5,-0.5543,20.0196,30.7495,-0.577,-2.9343,-0.3781
5,positive_training,CR,ads.1,CES-D,cross-corpus-882,StandardScaler,ElasticNet,48,11,5,-0.5572,19.4933,29.4764,-0.5719,-2.6152,-0.3781
5,positive_training,CR,ads.1,CES-D,cross-corpus-882,StandardScaler,SVR,48,11,5,-0.4141,16.9803,19.8813,-0.6235,-0.6447,-0.7244
5,positive_training,CR,ads.1,CES-D,cross-corpus-882,StandardScaler,KNN,48,11,5,-0.0753,15.5109,17.8103,-0.1242,-0.3199,-0.242
5,positive_training,CR,ads.1,CES-D,cross-corpus-882,StandardScaler,RF,48,11,5,0.2736,12.2252,14.4995,0.4252,0.1252,0.4009
5,positive_training,CR,ads.1,CES-D,cross-corpus-882,StandardScaler,ET,48,11,5,-0.1013,14.0723,16.8812,-0.2035,-0.1857,-0.2551
5,positive_training,CR,ads.1,CES-D,cross-corpus-882,StandardScaler,GB,48,11,5,0.3238,12.1859,14.5824,0.4202,0.1152,0.4465
5,positive_training,CR,ads.1,CES-D,cross-corpus-882,StandardScaler,XGB,48,11,5,0.0163,14.2129,16.5939,0.0275,-0.1457,-0.0273
5,positive_training,CR,ads.1,CES-D,cross-corpus-882,StandardScaler,MLP,48,11,5,0.4213,12.3972,14.3363,0.4534,0.1448,0.4556
5,positive_training,CR,ads.1,CES-D,cross-corpus-882,StandardScaler,LGBM,48,11,5,0.1325,12.5843,14.8777,0.3444,0.079,0.2811
5,positive_training,CR,ads.1,CES-D,cross-corpus-882,StandardScaler,CatBoost,48,11,5,0.2856,11.7965,14.3456,0.4336,0.1437,0.3918
5,positive_training,CR,ads.1,CES-D,cross-corpus-882,MinMaxScaler,Ridge,48,11,5,0.0746,13.9142,15.7883,0.1261,-0.0372,0.1868
5,positive_training,CR,ads.1,CES-D,cross-corpus-882,MinMaxScaler,Lasso,48,11,5,0.1265,13.8193,15.6318,0.1934,-0.0167,0.2551
5,positive_training,CR,ads.1,CES-D,cross-corpus-882,MinMaxScaler,ElasticNet,48,11,5,0.0722,13.7512,15.6771,0.1301,-0.0226,0.1868
5,positive_training,CR,ads.1,CES-D,cross-corpus-882,MinMaxScaler,SVR,48,11,5,0.1187,13.5064,15.4149,0.1917,0.0113,0.1002
5,positive_training,CR,ads.1,CES-D,cross-corpus-882,MinMaxScaler,KNN,48,11,5,0.2083,13.4445,15.5025,0.2579,0.0,0.3189
5,positive_training,CR,ads.1,CES-D,cross-corpus-882,MinMaxScaler,RF,48,11,5,0.2223,12.5317,14.8391,0.3298,0.0838,0.1367
5,positive_training,CR,ads.1,CES-D,cross-corpus-882,MinMaxScaler,ET,48,11,5,0.2346,12.7478,15.0275,0.3061,0.0604,0.2733
5,positive_training,CR,ads.1,CES-D,cross-corpus-882,MinMaxScaler,GB,48,11,5,0.494,11.6615,13.8493,0.5484,0.2019,0.5421
5,positive_training,CR,ads.1,CES-D,cross-corpus-882,MinMaxScaler,XGB,48,11,5,0.3979,12.7381,15.0143,0.4224,0.062,0.3417
5,positive_training,CR,ads.1,CES-D,cross-corpus-882,MinMaxScaler,MLP,48,11,5,0.1763,13.9813,15.6188,0.2344,-0.015,0.2688
5,positive_training,CR,ads.1,CES-D,cross-corpus-882,MinMaxScaler,LGBM,48,11,5,0.1031,13.1095,15.5136,0.1688,-0.0014,0.2329
5,positive_training,CR,ads.1,CES-D,cross-corpus-882,MinMaxScaler,CatBoost,48,11,5,0.3738,11.467,13.831,0.4746,0.204,0.4237
5,positive_training,CR,ads.1,CES-D,cross-corpus-882,RobustScaler,Ridge,48,11,5,-0.5908,21.965,32.719,-0.6299,-3.4544,-0.4191
5,positive_training,CR,ads.1,CES-D,cross-corpus-882,RobustScaler,Lasso,48,11,5,-0.5885,22.0904,33.0208,-0.6304,-3.5369,-0.4829
5,positive_training,CR,ads.1,CES-D,cross-corpus-882,RobustScaler,ElasticNet,48,11,5,-0.5924,21.869,32.4936,-0.6294,-3.3932,-0.4191
5,positive_training,CR,ads.1,CES-D,cross-corpus-882,RobustScaler,SVR,48,11,5,-0.4324,17.5189,19.9386,-0.6522,-0.6542,-0.6059
5,positive_training,CR,ads.1,CES-D,cross-corpus-882,RobustScaler,KNN,48,11,5,-0.3354,19.4605,20.522,-0.4307,-0.7524,-0.5803
5,positive_training,CR,ads.1,CES-D,cross-corpus-882,RobustScaler,RF,48,11,5,0.1859,13.3796,15.1967,0.2922,0.0391,0.0866
5,positive_training,CR,ads.1,CES-D,cross-corpus-882,RobustScaler,ET,48,11,5,-0.1934,16.8101,18.2447,-0.2925,-0.385,-0.3781
5,positive_training,CR,ads.1,CES-D,cross-corpus-882,RobustScaler,GB,48,11,5,0.1163,15.2196,16.5675,0.1456,-0.1421,0.1276
5,positive_training,CR,ads.1,CES-D,cross-corpus-882,RobustScaler,XGB,48,11,5,0.0684,16.4201,17.6938,0.0791,-0.3027,0.1276
5,positive_training,CR,ads.1,CES-D,cross-corpus-882,RobustScaler,MLP,48,11,5,-0.4216,17.9344,21.6243,-0.4753,-0.9457,-0.3098
5,positive_training,CR,ads.1,CES-D,cross-corpus-882,RobustScaler,LGBM,48,11,5,0.047,14.0643,15.8908,0.0967,-0.0507,0.2334
5,positive_training,CR,ads.1,CES-D,cross-corpus-882,RobustScaler,CatBoost,48,11,5,0.0114,15.7945,17.0313,0.0161,-0.2069,0.0774
1,positive_training,CR,HRSD_6.1,HRSD6,cross-corpus-882,StandardScaler,Ridge,47,12,10,-0.026,6.289,7.2317,-0.0422,-0.1984,-0.1446
1,positive_training,CR,HRSD_6.1,HRSD6,cross-corpus-882,StandardScaler,Lasso,47,12,10,0.0071,6.1693,7.1788,0.0108,-0.1809,-0.1235
1,positive_training,CR,HRSD_6.1,HRSD6,cross-corpus-882,StandardScaler,ElasticNet,47,12,10,-0.0045,6.2176,7.2099,-0.007,-0.1912,-0.1446
1,positive_training,CR,HRSD_6.1,HRSD6,cross-corpus-882,StandardScaler,SVR,47,12,10,-0.0106,5.9272,7.1513,-0.0161,-0.1719,-0.0811
1,positive_training,CR,HRSD_6.1,HRSD6,cross-corpus-882,StandardScaler,KNN,47,12,10,-0.1297,6.4722,7.3239,-0.245,-0.2292,-0.1241
1,positive_training,CR,HRSD_6.1,HRSD6,cross-corpus-882,StandardScaler,RF,47,12,10,0.004,5.8017,6.7958,0.0093,-0.0583,-0.2716
1,positive_training,CR,HRSD_6.1,HRSD6,cross-corpus-882,StandardScaler,ET,47,12,10,-0.2248,6.6508,7.5979,-0.4912,-0.3229,-0.582
1,positive_training,CR,HRSD_6.1,HRSD6,cross-corpus-882,StandardScaler,GB,47,12,10,0.1962,5.1236,6.3689,0.2869,0.0705,-0.0988
1,positive_training,CR,HRSD_6.1,HRSD6,cross-corpus-882,StandardScaler,XGB,47,12,10,0.1987,5.1612,6.3376,0.2981,0.0796,-0.0106
1,positive_training,CR,HRSD_6.1,HRSD6,cross-corpus-882,StandardScaler,MLP,47,12,10,0.0341,6.1795,7.5823,0.041,-0.3174,0.0071
1,positive_training,CR,HRSD_6.1,HRSD6,cross-corpus-882,StandardScaler,LGBM,47,12,10,0.3034,4.9414,5.7693,0.5404,0.2373,0.254
1,positive_training,CR,HRSD_6.1,HRSD6,cross-corpus-882,StandardScaler,CatBoost,47,12,10,0.1638,5.3335,6.3376,0.305,0.0796,-0.1235
1,positive_training,CR,HRSD_6.1,HRSD6,cross-corpus-882,MinMaxScaler,Ridge,47,12,15,-0.1374,6.635,7.5448,-0.2378,-0.3044,-0.2681
1,positive_training,CR,HRSD_6.1,HRSD6,cross-corpus-882,MinMaxScaler,Lasso,47,12,15,-0.0805,6.4597,7.4777,-0.1218,-0.2813,-0.1658
1,positive_training,CR,HRSD_6.1,HRSD6,cross-corpus-882,MinMaxScaler,ElasticNet,47,12,15,-0.1231,6.6184,7.5774,-0.1971,-0.3157,-0.2081
1,positive_training,CR,HRSD_6.1,HRSD6,cross-corpus-882,MinMaxScaler,SVR,47,12,15,-0.2012,7.1063,8.102,-0.2921,-0.5042,-0.3527
1,positive_training,CR,HRSD_6.1,HRSD6,cross-corpus-882,MinMaxScaler,KNN,47,12,15,-0.2074,6.5185,7.5397,-0.4484,-0.3027,-0.5381
1,positive_training,CR,HRSD_6.1,HRSD6,cross-corpus-882,MinMaxScaler,RF,47,12,15,-0.0179,5.8388,6.9218,-0.0404,-0.0979,-0.2575
1,positive_training,CR,HRSD_6.1,HRSD6,cross-corpus-882,MinMaxScaler,ET,47,12,15,-0.098,6.0467,7.165,-0.2123,-0.1764,-0.2116
1,positive_training,CR,HRSD_6.1,HRSD6,cross-corpus-882,MinMaxScaler,GB,47,12,15,0.0148,6.0344,7.0689,0.0215,-0.1451,-0.1658
1,positive_training,CR,HRSD_6.1,HRSD6,cross-corpus-882,MinMaxScaler,XGB,47,12,15,0.0733,5.6725,6.7444,0.117,-0.0423,-0.2046
1,positive_training,CR,HRSD_6.1,HRSD6,cross-corpus-882,MinMaxScaler,MLP,47,12,15,-0.1959,6.9433,7.8782,-0.3073,-0.4223,-0.4656
1,positive_training,CR,HRSD_6.1,HRSD6,cross-corpus-882,MinMaxScaler,LGBM,47,12,15,0.1336,5.4831,6.3551,0.2843,0.0745,0.1094
1,positive_training,CR,HRSD_6.1,HRSD6,cross-corpus-882,MinMaxScaler,CatBoost,47,12,15,-0.0072,5.7379,7.0388,-0.0124,-0.1353,-0.1482
1,positive_training,CR,HRSD_6.1,HRSD6,cross-corpus-882,RobustScaler,Ridge,47,12,10,-0.0954,6.562,7.4978,-0.1502,-0.2882,-0.2258
1,positive_training,CR,HRSD_6.1,HRSD6,cross-corpus-882,RobustScaler,Lasso,47,12,10,-0.0914,6.7372,7.7497,-0.127,-0.3762,-0.187
1,positive_training,CR,HRSD_6.1,HRSD6,cross-corpus-882,RobustScaler,ElasticNet,47,12,10,-0.0863,6.6281,7.5965,-0.1273,-0.3224,-0.187
1,positive_training,CR,HRSD_6.1,HRSD6,cross-corpus-882,RobustScaler,SVR,47,12,10,-0.0164,6.277,7.2854,-0.0242,-0.2163,-0.2081
1,positive_training,CR,HRSD_6.1,HRSD6,cross-corpus-882,RobustScaler,KNN,47,12,10,-0.1616,6.5278,7.5884,-0.2549,-0.3195,-0.3404
1,positive_training,CR,HRSD_6.1,HRSD6,cross-corpus-882,RobustScaler,RF,47,12,10,-0.0681,6.0217,7.1136,-0.1334,-0.1596,-0.2787
1,positive_training,CR,HRSD_6.1,HRSD6,cross-corpus-882,RobustScaler,ET,47,12,10,-0.2728,6.7454,7.8299,-0.4737,-0.4049,-0.5326
1,positive_training,CR,HRSD_6.1,HRSD6,cross-corpus-882,RobustScaler,GB,47,12,10,0.127,5.5544,6.6551,0.1858,-0.0149,-0.0564
1,positive_training,CR,HRSD_6.1,HRSD6,cross-corpus-882,RobustScaler,XGB,47,12,10,0.2087,5.1668,6.24,0.3296,0.1077,0.06
1,positive_training,CR,HRSD_6.1,HRSD6,cross-corpus-882,RobustScaler,MLP,47,12,10,-0.0126,6.4431,7.6816,-0.0163,-0.3522,-0.1411
1,positive_training,CR,HRSD_6.1,HRSD6,cross-corpus-882,RobustScaler,LGBM,47,12,10,0.1884,5.1744,6.2204,0.3386,0.1133,0.0705
1,positive_training,CR,HRSD_6.1,HRSD6,cross-corpus-882,RobustScaler,CatBoost,47,12,10,0.0359,5.6886,6.8284,0.0618,-0.0685,-0.194
2,positive_training,CR,HRSD_6.1,HRSD6,cross-corpus-882,StandardScaler,Ridge,47,12,10,0.0652,5.6263,6.2929,0.0695,-1.5055,0.0741
2,positive_training,CR,HRSD_6.1,HRSD6,cross-corpus-882,StandardScaler,Lasso,47,12,10,0.0521,6.0558,6.8817,0.0578,-1.9963,0.0741
2,positive_training,CR,HRSD_6.1,HRSD6,cross-corpus-882,StandardScaler,ElasticNet,47,12,10,0.0577,5.8785,6.638,0.0629,-1.7878,0.0741
2,positive_training,CR,HRSD_6.1,HRSD6,cross-corpus-882,StandardScaler,SVR,47,12,10,0.225,5.2837,6.413,0.2824,-1.602,0.0917
2,positive_training,CR,HRSD_6.1,HRSD6,cross-corpus-882,StandardScaler,KNN,47,12,10,0.0009,4.2667,4.9403,0.0011,-0.5442,-0.1451
2,positive_training,CR,HRSD_6.1,HRSD6,cross-corpus-882,StandardScaler,RF,47,12,10,0.0003,4.5146,5.1227,0.0003,-0.6603,-0.1164
2,positive_training,CR,HRSD_6.1,HRSD6,cross-corpus-882,StandardScaler,ET,47,12,10,0.0251,4.4012,4.9718,0.0278,-0.5639,-0.0635
2,positive_training,CR,HRSD_6.1,HRSD6,cross-corpus-882,StandardScaler,GB,47,12,10,-0.0358,4.9323,5.4755,-0.0386,-0.8969,-0.1235
2,positive_training,CR,HRSD_6.1,HRSD6,cross-corpus-882,StandardScaler,XGB,47,12,10,0.0269,4.8972,5.4783,0.0278,-0.8988,-0.0635
2,positive_training,CR,HRSD_6.1,HRSD6,cross-corpus-882,StandardScaler,MLP,47,12,10,0.1193,6.2686,7.4311,0.1386,-2.4938,0.0388
2,positive_training,CR,HRSD_6.1,HRSD6,cross-corpus-882,StandardScaler,LGBM,47,12,10,-0.0786,4.9684,5.4608,-0.0983,-0.8867,-0.1613
2,positive_training,CR,HRSD_6.1,HRSD6,cross-corpus-882,StandardScaler,CatBoost,47,12,10,0.1182,4.1522,4.9128,0.1338,-0.527,-0.0952
2,positive_training,CR,HRSD_6.1,HRSD6,cross-corpus-882,MinMaxScaler,Ridge,47,12,5,0.2186,4.3631,4.6649,0.2293,-0.3768,0.2011
2,positive_training,CR,HRSD_6.1,HRSD6,cross-corpus-882,MinMaxScaler,Lasso,47,12,5,0.2132,4.4126,4.7095,0.2231,-0.4033,0.187
2,positive_training,CR,HRSD_6.1,HRSD6,cross-corpus-882,MinMaxScaler,ElasticNet,47,12,5,0.2226,4.2356,4.5455,0.2367,-0.3072,0.187
2,positive_training,CR,HRSD_6.1,HRSD6,cross-corpus-882,MinMaxScaler,SVR,47,12,5,0.1996,5.4315,6.1814,0.2323,-1.4175,0.0388
2,positive_training,CR,HRSD_6.1,HRSD6,cross-corpus-882,MinMaxScaler,KNN,47,12,5,0.1688,4.131,4.8243,0.174,-0.4725,0.0847
2,positive_training,CR,HRSD_6.1,HRSD6,cross-corpus-882,MinMaxScaler,RF,47,12,5,0.0479,4.3912,5.0996,0.0501,-0.6454,-0.0882
2,positive_training,CR,HRSD_6.1,HRSD6,cross-corpus-882,MinMaxScaler,ET,47,12,5,0.2585,4.1104,4.6644,0.2711,-0.3765,0.1094
2,positive_training,CR,HRSD_6.1,HRSD6,cross-corpus-882,MinMaxScaler,GB,47,12,5,-0.1013,5.3146,6.1108,-0.1019,-1.3626,-0.1587
2,positive_training,CR,HRSD_6.1,HRSD6,cross-corpus-882,MinMaxScaler,XGB,47,12,5,-0.0081,5.2567,5.8635,-0.0086,-1.1752,-0.1164
2,positive_training,CR,HRSD_6.1,HRSD6,cross-corpus-882,MinMaxScaler,MLP,47,12,5,0.2366,4.3651,4.6844,0.2473,-0.3883,0.1728
2,positive_training,CR,HRSD_6.1,HRSD6,cross-corpus-882,MinMaxScaler,LGBM,47,12,5,-0.0139,4.5552,5.1383,-0.0172,-0.6704,0.0053
2,positive_training,CR,HRSD_6.1,HRSD6,cross-corpus-882,MinMaxScaler,CatBoost,47,12,5,0.2866,3.7395,4.277,0.3175,-0.1574,0.1094
2,positive_training,CR,HRSD_6.1,HRSD6,cross-corpus-882,RobustScaler,Ridge,47,12,10,0.0547,6.0162,6.832,0.0605,-1.9532,0.0741
2,positive_training,CR,HRSD_6.1,HRSD6,cross-corpus-882,RobustScaler,Lasso,47,12,10,0.0509,6.0427,6.8591,0.0564,-1.9766,0.0741
2,positive_training,CR,HRSD_6.1,HRSD6,cross-corpus-882,RobustScaler,ElasticNet,47,12,10,0.0531,5.9567,6.7395,0.0584,-1.8737,0.0741
2,positive_training,CR,HRSD_6.1,HRSD6,cross-corpus-882,RobustScaler,SVR,47,12,10,0.2446,5.3642,6.4297,0.3042,-1.6156,0.0494
2,positive_training,CR,HRSD_6.1,HRSD6,cross-corpus-882,RobustScaler,KNN,47,12,10,-0.0751,4.9167,5.6034,-0.0802,-0.9865,-0.1802
2,positive_training,CR,HRSD_6.1,HRSD6,cross-corpus-882,RobustScaler,RF,47,12,10,0.0003,4.5146,5.1227,0.0003,-0.6603,-0.1164
2,positive_training,CR,HRSD_6.1,HRSD6,cross-corpus-882,RobustScaler,ET,47,12,10,0.0251,4.4012,4.9718,0.0278,-0.5639,-0.0635
2,positive_training,CR,HRSD_6.1,HRSD6,cross-corpus-882,RobustScaler,GB,47,12,10,-0.0358,4.9323,5.4755,-0.0386,-0.8969,-0.1235
2,positive_training,CR,HRSD_6.1,HRSD6,cross-corpus-882,RobustScaler,XGB,47,12,10,0.0269,4.8972,5.4783,0.0278,-0.8988,-0.0635
2,positive_training,CR,HRSD_6.1,HRSD6,cross-corpus-882,RobustScaler,MLP,47,12,10,0.0938,6.0249,7.1059,0.1052,-2.1947,0.0494
2,positive_training,CR,HRSD_6.1,HRSD6,cross-corpus-882,RobustScaler,LGBM,47,12,10,0.0034,4.6953,5.2661,0.0044,-0.7545,-0.0195
2,positive_training,CR,HRSD_6.1,HRSD6,cross-corpus-882,RobustScaler,CatBoost,47,12,10,0.1182,4.1522,4.9128,0.1338,-0.527,-0.0952
3,positive_training,CR,HRSD_6.1,HRSD6,cross-corpus-882,StandardScaler,Ridge,47,12,10,0.2126,5.0796,5.352,0.2526,-0.0809,0.1786
3,positive_training,CR,HRSD_6.1,HRSD6,cross-corpus-882,StandardScaler,Lasso,47,12,10,0.2276,5.2037,5.5592,0.2473,-0.1662,0.1786
3,positive_training,CR,HRSD_6.1,HRSD6,cross-corpus-882,StandardScaler,ElasticNet,47,12,10,0.2205,5.1434,5.4506,0.2491,-0.1211,0.1786
3,positive_training,CR,HRSD_6.1,HRSD6,cross-corpus-882,StandardScaler,SVR,47,12,10,0.1828,4.7663,5.2821,0.2257,-0.0529,0.1821
3,positive_training,CR,HRSD_6.1,HRSD6,cross-corpus-882,StandardScaler,KNN,47,12,10,0.3668,4.3056,4.8961,0.4064,0.0954,0.3263
3,positive_training,CR,HRSD_6.1,HRSD6,cross-corpus-882,StandardScaler,RF,47,12,10,0.1972,4.7646,5.1803,0.3173,-0.0127,0.2487
3,positive_training,CR,HRSD_6.1,HRSD6,cross-corpus-882,StandardScaler,ET,47,12,10,0.139,4.7692,5.2103,0.2456,-0.0244,0.2977
3,positive_training,CR,HRSD_6.1,HRSD6,cross-corpus-882,StandardScaler,GB,47,12,10,0.2052,4.6113,5.1637,0.308,-0.0062,0.3117
3,positive_training,CR,HRSD_6.1,HRSD6,cross-corpus-882,StandardScaler,XGB,47,12,10,0.215,5.0487,5.4684,0.2534,-0.1284,0.2382
3,positive_training,CR,HRSD_6.1,HRSD6,cross-corpus-882,StandardScaler,MLP,47,12,10,0.2184,5.1472,5.5536,0.254,-0.1639,0.2172
3,positive_training,CR,HRSD_6.1,HRSD6,cross-corpus-882,StandardScaler,LGBM,47,12,10,0.1711,5.1114,5.5278,0.2454,-0.1531,0.2347
3,positive_training,CR,HRSD_6.1,HRSD6,cross-corpus-882,StandardScaler,CatBoost,47,12,10,0.3087,4.7118,5.1741,0.351,-0.0103,0.3117
3,positive_training,CR,HRSD_6.1,HRSD6,cross-corpus-882,MinMaxScaler,Ridge,47,12,15,0.2018,4.8559,5.2395,0.2471,-0.0359,0.2417
3,positive_training,CR,HRSD_6.1,HRSD6,cross-corpus-882,MinMaxScaler,Lasso,47,12,15,0.2066,4.9656,5.2458,0.2567,-0.0384,0.3187
3,positive_training,CR,HRSD_6.1,HRSD6,cross-corpus-882,MinMaxScaler,ElasticNet,47,12,15,0.1963,5.0421,5.4233,0.2242,-0.1099,0.2417
3,positive_training,CR,HRSD_6.1,HRSD6,cross-corpus-882,MinMaxScaler,SVR,47,12,15,0.2316,5.1364,5.4396,0.2612,-0.1166,0.2417
3,positive_training,CR,HRSD_6.1,HRSD6,cross-corpus-882,MinMaxScaler,KNN,47,12,15,0.2944,4.6389,5.3133,0.319,-0.0653,0.2789
3,positive_training,CR,HRSD_6.1,HRSD6,cross-corpus-882,MinMaxScaler,RF,47,12,15,0.1949,4.6221,5.0092,0.3008,0.0531,0.3888
3,positive_training,CR,HRSD_6.1,HRSD6,cross-corpus-882,MinMaxScaler,ET,47,12,15,0.1828,4.7308,5.0998,0.3066,0.0186,0.3538
3,positive_training,CR,HRSD_6.1,HRSD6,cross-corpus-882,MinMaxScaler,GB,47,12,15,0.1613,4.692,5.1985,0.2327,-0.0198,0.4623
3,positive_training,CR,HRSD_6.1,HRSD6,cross-corpus-882,MinMaxScaler,XGB,47,12,15,0.3158,4.2193,4.6841,0.4416,0.1721,0.5149
3,positive_training,CR,HRSD_6.1,HRSD6,cross-corpus-882,MinMaxScaler,MLP,47,12,15,0.2374,4.8093,5.1663,0.2857,-0.0072,0.3783
3,positive_training,CR,HRSD_6.1,HRSD6,cross-corpus-882,MinMaxScaler,LGBM,47,12,15,0.2133,4.7573,5.2273,0.261,-0.0311,0.3818
3,positive_training,CR,HRSD_6.1,HRSD6,cross-corpus-882,MinMaxScaler,CatBoost,47,12,15,0.145,4.9274,5.3415,0.1893,-0.0767,0.3082
3,positive_training,CR,HRSD_6.1,HRSD6,cross-corpus-882,RobustScaler,Ridge,47,12,5,0.1693,5.0773,5.51,0.1932,-0.1457,0.2067
3,positive_training,CR,HRSD_6.1,HRSD6,cross-corpus-882,RobustScaler,Lasso,47,12,5,0.1659,5.0691,5.4823,0.1924,-0.1342,0.2067
3,positive_training,CR,HRSD_6.1,HRSD6,cross-corpus-882,RobustScaler,ElasticNet,47,12,5,0.17,5.0031,5.4039,0.2028,-0.1019,0.1436
3,positive_training,CR,HRSD_6.1,HRSD6,cross-corpus-882,RobustScaler,SVR,47,12,5,0.0147,4.8368,5.6509,0.0192,-0.205,-0.049
3,positive_training,CR,HRSD_6.1,HRSD6,cross-corpus-882,RobustScaler,KNN,47,12,5,0.1833,4.8,5.2984,0.2516,-0.0594,0.29
3,positive_training,CR,HRSD_6.1,HRSD6,cross-corpus-882,RobustScaler,RF,47,12,5,0.1387,4.5578,5.0727,0.2745,0.029,0.3222
3,positive_training,CR,HRSD_6.1,HRSD6,cross-corpus-882,RobustScaler,ET,47,12,5,0.1048,4.785,5.2666,0.2201,-0.0467,0.2837
3,positive_training,CR,HRSD_6.1,HRSD6,cross-corpus-882,RobustScaler,GB,47,12,5,0.0947,4.9836,5.5576,0.1181,-0.1655,0.2067
3,positive_training,CR,HRSD_6.1,HRSD6,cross-corpus-882,RobustScaler,XGB,47,12,5,0.0868,5.302,5.9819,0.0975,-0.3503,0.1997
3,positive_training,CR,HRSD_6.1,HRSD6,cross-corpus-882,RobustScaler,MLP,47,12,5,0.1546,5.0823,5.5674,0.179,-0.1697,0.2067
3,positive_training,CR,HRSD_6.1,HRSD6,cross-corpus-882,RobustScaler,LGBM,47,12,5,-0.0684,5.0493,5.7439,-0.1021,-0.245,-0.1283
3,positive_training,CR,HRSD_6.1,HRSD6,cross-corpus-882,RobustScaler,CatBoost,47,12,5,0.0579,5.242,5.7357,0.0725,-0.2414,0.1296
4,positive_training,CR,HRSD_6.1,HRSD6,cross-corpus-882,StandardScaler,Ridge,47,12,5,0.2233,4.3236,4.8182,0.2633,-0.134,0.3682
4,positive_training,CR,HRSD_6.1,HRSD6,cross-corpus-882,StandardScaler,Lasso,47,12,5,0.2355,4.4404,4.9291,0.2638,-0.1868,0.3682
4,positive_training,CR,HRSD_6.1,HRSD6,cross-corpus-882,StandardScaler,ElasticNet,47,12,5,0.2328,4.4047,4.9022,0.264,-0.1738,0.3682
4,positive_training,CR,HRSD_6.1,HRSD6,cross-corpus-882,StandardScaler,SVR,47,12,5,0.44,3.8844,4.4441,0.4499,0.0353,0.5346
4,positive_training,CR,HRSD_6.1,HRSD6,cross-corpus-882,StandardScaler,KNN,47,12,5,0.4809,3.5556,3.9838,0.5113,0.2248,0.7181
4,positive_training,CR,HRSD_6.1,HRSD6,cross-corpus-882,StandardScaler,RF,47,12,5,0.2727,4.1171,4.5475,0.3208,-0.0102,0.3505
4,positive_training,CR,HRSD_6.1,HRSD6,cross-corpus-882,StandardScaler,ET,47,12,5,0.2728,4.33,4.6115,0.3218,-0.0388,0.2974
4,positive_training,CR,HRSD_6.1,HRSD6,cross-corpus-882,StandardScaler,GB,47,12,5,0.3676,4.2458,4.9625,0.3738,-0.2029,0.354
4,positive_training,CR,HRSD_6.1,HRSD6,cross-corpus-882,StandardScaler,XGB,47,12,5,0.3101,4.2484,5.0482,0.3156,-0.2448,0.2513
4,positive_training,CR,HRSD_6.1,HRSD6,cross-corpus-882,StandardScaler,MLP,47,12,5,0.2363,4.5462,5.1955,0.2395,-0.3185,0.4744
4,positive_training,CR,HRSD_6.1,HRSD6,cross-corpus-882,StandardScaler,LGBM,47,12,5,-0.1536,4.785,5.5102,-0.2296,-0.4831,-0.2617
4,positive_training,CR,HRSD_6.1,HRSD6,cross-corpus-882,StandardScaler,CatBoost,47,12,5,0.2103,4.4768,5.0854,0.2376,-0.2632,0.046
4,positive_training,CR,HRSD_6.1,HRSD6,cross-corpus-882,MinMaxScaler,Ridge,47,12,10,0.2303,4.3278,4.644,0.2927,-0.0534,0.2443
4,positive_training,CR,HRSD_6.1,HRSD6,cross-corpus-882,MinMaxScaler,Lasso,47,12,10,0.2607,4.3458,4.6255,0.3172,-0.0451,0.2549
4,positive_training,CR,HRSD_6.1,HRSD6,cross-corpus-882,MinMaxScaler,ElasticNet,47,12,10,0.2511,4.3402,4.6268,0.3099,-0.0457,0.2549
4,positive_training,CR,HRSD_6.1,HRSD6,cross-corpus-882,MinMaxScaler,SVR,47,12,10,0.2148,4.2621,4.6015,0.2781,-0.0343,0.1628
4,positive_training,CR,HRSD_6.1,HRSD6,cross-corpus-882,MinMaxScaler,KNN,47,12,10,0.2026,4.4405,4.9192,0.2332,-0.182,0.2611
4,positive_training,CR,HRSD_6.1,HRSD6,cross-corpus-882,MinMaxScaler,RF,47,12,10,0.118,4.478,4.921,0.142,-0.1829,-0.0389
4,positive_training,CR,HRSD_6.1,HRSD6,cross-corpus-882,MinMaxScaler,ET,47,12,10,0.2806,4.24,4.4701,0.3478,0.024,0.3575
4,positive_training,CR,HRSD_6.1,HRSD6,cross-corpus-882,MinMaxScaler,GB,47,12,10,0.1451,4.5067,5.0931,0.161,-0.267,0.1841
4,positive_training,CR,HRSD_6.1,HRSD6,cross-corpus-882,MinMaxScaler,XGB,47,12,10,0.116,4.586,5.3236,0.1242,-0.3843,0.1912
4,positive_training,CR,HRSD_6.1,HRSD6,cross-corpus-882,MinMaxScaler,MLP,47,12,10,0.1288,4.7374,5.126,0.148,-0.2835,-0.0354
4,positive_training,CR,HRSD_6.1,HRSD6,cross-corpus-882,MinMaxScaler,LGBM,47,12,10,-0.1705,4.5545,5.4266,-0.3008,-0.4384,-0.2873
4,positive_training,CR,HRSD_6.1,HRSD6,cross-corpus-882,MinMaxScaler,CatBoost,47,12,10,0.039,4.7661,5.164,0.0481,-0.3026,-0.0637
4,positive_training,CR,HRSD_6.1,HRSD6,cross-corpus-882,RobustScaler,Ridge,47,12,5,0.2596,4.3003,4.8608,0.2726,-0.1541,0.1345
4,positive_training,CR,HRSD_6.1,HRSD6,cross-corpus-882,RobustScaler,Lasso,47,12,5,0.2578,4.3576,4.9138,0.2681,-0.1794,0.1168
4,positive_training,CR,HRSD_6.1,HRSD6,cross-corpus-882,RobustScaler,ElasticNet,47,12,5,0.2592,4.3366,4.8925,0.2704,-0.1692,0.1168
4,positive_training,CR,HRSD_6.1,HRSD6,cross-corpus-882,RobustScaler,SVR,47,12,5,0.0944,5.1092,5.4291,0.1,-0.4398,0.0177
4,positive_training,CR,HRSD_6.1,HRSD6,cross-corpus-882,RobustScaler,KNN,47,12,5,0.2108,4.4815,4.79,0.2496,-0.1208,0.1558
4,positive_training,CR,HRSD_6.1,HRSD6,cross-corpus-882,RobustScaler,RF,47,12,5,0.1861,4.3848,4.9249,0.201,-0.1847,0.085
4,positive_training,CR,HRSD_6.1,HRSD6,cross-corpus-882,RobustScaler,ET,47,12,5,0.1793,4.5767,4.9224,0.1974,-0.1835,0.0602
4,positive_training,CR,HRSD_6.1,HRSD6,cross-corpus-882,RobustScaler,GB,47,12,5,0.0861,4.912,5.4205,0.0901,-0.4352,0.0035
4,positive_training,CR,HRSD_6.1,HRSD6,cross-corpus-882,RobustScaler,XGB,47,12,5,0.1401,4.5357,5.3751,0.1435,-0.4113,0.0425
4,positive_training,CR,HRSD_6.1,HRSD6,cross-corpus-882,RobustScaler,MLP,47,12,5,0.2174,4.4651,4.987,0.2272,-0.2148,0.1628
4,positive_training,CR,HRSD_6.1,HRSD6,cross-corpus-882,RobustScaler,LGBM,47,12,5,0.053,4.2883,5.1251,0.0617,-0.283,0.1121
4,positive_training,CR,HRSD_6.1,HRSD6,cross-corpus-882,RobustScaler,CatBoost,47,12,5,0.1215,4.6809,5.2321,0.1284,-0.3372,-0.0354
5,positive_training,CR,HRSD_6.1,HRSD6,cross-corpus-882,StandardScaler,Ridge,48,11,10,0.3127,3.5472,4.7296,0.3573,-0.0491,0.4102
5,positive_training,CR,HRSD_6.1,HRSD6,cross-corpus-882,StandardScaler,Lasso,48,11,10,0.3009,3.615,4.7325,0.3472,-0.0504,0.4102
5,positive_training,CR,HRSD_6.1,HRSD6,cross-corpus-882,StandardScaler,ElasticNet,48,11,10,0.3375,3.4802,4.661,0.3805,-0.0189,0.4286
5,positive_training,CR,HRSD_6.1,HRSD6,cross-corpus-882,StandardScaler,SVR,48,11,10,0.2691,3.9566,4.4911,0.3334,0.054,0.341
5,positive_training,CR,HRSD_6.1,HRSD6,cross-corpus-882,StandardScaler,KNN,48,11,10,0.2387,4.0606,4.5925,0.3231,0.0109,0.3668
5,positive_training,CR,HRSD_6.1,HRSD6,cross-corpus-882,StandardScaler,RF,48,11,10,0.2419,3.8891,4.5748,0.3279,0.0185,0.2397
5,positive_training,CR,HRSD_6.1,HRSD6,cross-corpus-882,StandardScaler,ET,48,11,10,0.0091,4.5034,5.0511,0.0149,-0.1966,-0.2633
5,positive_training,CR,HRSD_6.1,HRSD6,cross-corpus-882,StandardScaler,GB,48,11,10,0.1884,4.0136,5.0004,0.206,-0.1727,0.1198
5,positive_training,CR,HRSD_6.1,HRSD6,cross-corpus-882,StandardScaler,XGB,48,11,10,0.2643,4.0205,4.7738,0.2895,-0.0688,0.2212
5,positive_training,CR,HRSD_6.1,HRSD6,cross-corpus-882,StandardScaler,MLP,48,11,10,0.3343,3.8427,4.562,0.3726,0.024,0.5024
5,positive_training,CR,HRSD_6.1,HRSD6,cross-corpus-882,StandardScaler,LGBM,48,11,10,0.2425,3.549,4.6013,0.3532,0.007,0.3134
5,positive_training,CR,HRSD_6.1,HRSD6,cross-corpus-882,StandardScaler,CatBoost,48,11,10,0.3008,3.6895,4.4439,0.3572,0.0738,0.3318
5,positive_training,CR,HRSD_6.1,HRSD6,cross-corpus-882,MinMaxScaler,Ridge,48,11,5,0.491,3.4727,3.8932,0.686,0.2892,0.5945
5,positive_training,CR,HRSD_6.1,HRSD6,cross-corpus-882,MinMaxScaler,Lasso,48,11,5,0.5376,3.2423,3.7096,0.7389,0.3546,0.6268
5,positive_training,CR,HRSD_6.1,HRSD6,cross-corpus-882,MinMaxScaler,ElasticNet,48,11,5,0.5533,3.3704,3.8006,0.7079,0.3226,0.613
5,positive_training,CR,HRSD_6.1,HRSD6,cross-corpus-882,MinMaxScaler,SVR,48,11,5,0.5427,3.2099,3.866,0.6968,0.299,0.7051
5,positive_training,CR,HRSD_6.1,HRSD6,cross-corpus-882,MinMaxScaler,KNN,48,11,5,0.5509,3.2121,3.7064,0.6324,0.3557,0.6636
5,positive_training,CR,HRSD_6.1,HRSD6,cross-corpus-882,MinMaxScaler,RF,48,11,5,0.3392,4.0036,4.4214,0.3983,0.0832,0.3042
5,positive_training,CR,HRSD_6.1,HRSD6,cross-corpus-882,MinMaxScaler,ET,48,11,5,0.365,3.4945,4.0976,0.4824,0.2125,0.5162
5,positive_training,CR,HRSD_6.1,HRSD6,cross-corpus-882,MinMaxScaler,GB,48,11,5,0.3427,4.069,4.6319,0.3602,-0.0062,0.3088
5,positive_training,CR,HRSD_6.1,HRSD6,cross-corpus-882,MinMaxScaler,XGB,48,11,5,0.3203,4.362,4.702,0.3371,-0.0369,0.318
5,positive_training,CR,HRSD_6.1,HRSD6,cross-corpus-882,MinMaxScaler,MLP,48,11,5,0.393,4.1824,4.4312,0.4687,0.0791,0.53
5,positive_training,CR,HRSD_6.1,HRSD6,cross-corpus-882,MinMaxScaler,LGBM,48,11,5,0.1994,3.9357,4.5412,0.315,0.0328,0.3611
5,positive_training,CR,HRSD_6.1,HRSD6,cross-corpus-882,MinMaxScaler,CatBoost,48,11,5,0.3953,3.3987,4.2132,0.4443,0.1675,0.4701
5,positive_training,CR,HRSD_6.1,HRSD6,cross-corpus-882,RobustScaler,Ridge,48,11,10,0.2685,4.8798,5.6029,0.27,-0.4723,0.212
5,positive_training,CR,HRSD_6.1,HRSD6,cross-corpus-882,RobustScaler,Lasso,48,11,10,0.2661,4.8993,5.6053,0.2679,-0.4735,0.212
5,positive_training,CR,HRSD_6.1,HRSD6,cross-corpus-882,RobustScaler,ElasticNet,48,11,10,0.2864,4.8581,5.5188,0.2889,-0.4284,0.2397
5,positive_training,CR,HRSD_6.1,HRSD6,cross-corpus-882,RobustScaler,SVR,48,11,10,0.1394,4.0512,4.8353,0.234,-0.0965,0.235
5,positive_training,CR,HRSD_6.1,HRSD6,cross-corpus-882,RobustScaler,KNN,48,11,10,0.1736,4.8788,5.3475,0.2246,-0.3411,0.3852
5,positive_training,CR,HRSD_6.1,HRSD6,cross-corpus-882,RobustScaler,RF,48,11,10,0.1837,4.2291,5.014,0.2409,-0.1791,0.3595
5,positive_training,CR,HRSD_6.1,HRSD6,cross-corpus-882,RobustScaler,ET,48,11,10,0.0725,4.1136,4.9004,0.1298,-0.1262,0.0645
5,positive_training,CR,HRSD_6.1,HRSD6,cross-corpus-882,RobustScaler,GB,48,11,10,0.341,4.175,4.8267,0.3876,-0.0926,0.295
5,positive_training,CR,HRSD_6.1,HRSD6,cross-corpus-882,RobustScaler,XGB,48,11,10,0.1504,4.8129,5.3496,0.1641,-0.3421,0.1659
5,positive_training,CR,HRSD_6.1,HRSD6,cross-corpus-882,RobustScaler,MLP,48,11,10,0.2839,4.6439,5.5849,0.2899,-0.4629,0.3272
5,positive_training,CR,HRSD_6.1,HRSD6,cross-corpus-882,RobustScaler,LGBM,48,11,10,0.3041,3.5347,4.5118,0.378,0.0453,0.3364
5,positive_training,CR,HRSD_6.1,HRSD6,cross-corpus-882,RobustScaler,CatBoost,48,11,10,0.1943,4.3018,5.1008,0.2202,-0.2202,0.3457
1,positive_training,CR,HRSD_17.1,HRSD17,cross-corpus-882,StandardScaler,Ridge,47,12,10,-0.131,11.5109,13.5493,-0.1877,-0.5468,-0.2456
1,positive_training,CR,HRSD_17.1,HRSD17,cross-corpus-882,StandardScaler,Lasso,47,12,10,-0.1223,11.4659,13.4566,-0.176,-0.5257,-0.2456
1,positive_training,CR,HRSD_17.1,HRSD17,cross-corpus-882,StandardScaler,ElasticNet,47,12,10,-0.0989,11.3611,13.2547,-0.1434,-0.4802,-0.1614
1,positive_training,CR,HRSD_17.1,HRSD17,cross-corpus-882,StandardScaler,SVR,47,12,10,-0.146,11.372,12.9621,-0.2423,-0.4156,-0.2632
1,positive_training,CR,HRSD_17.1,HRSD17,cross-corpus-882,StandardScaler,KNN,47,12,10,-0.1896,11.3333,13.0108,-0.3,-0.4263,-0.1356
1,positive_training,CR,HRSD_17.1,HRSD17,cross-corpus-882,StandardScaler,RF,47,12,10,-0.1892,10.4534,12.5873,-0.3455,-0.3349,-0.3228
1,positive_training,CR,HRSD_17.1,HRSD17,cross-corpus-882,StandardScaler,ET,47,12,10,-0.1676,10.51,12.5836,-0.2933,-0.3341,-0.3158
1,positive_training,CR,HRSD_17.1,HRSD17,cross-corpus-882,StandardScaler,GB,47,12,10,-0.2384,11.7229,13.5155,-0.3912,-0.5391,-0.3684
1,positive_training,CR,HRSD_17.1,HRSD17,cross-corpus-882,StandardScaler,XGB,47,12,10,-0.3649,11.5259,13.9594,-0.527,-0.6418,-0.4877
1,positive_training,CR,HRSD_17.1,HRSD17,cross-corpus-882,StandardScaler,MLP,47,12,10,-0.2371,11.951,14.907,-0.267,-0.8723,-0.207
1,positive_training,CR,HRSD_17.1,HRSD17,cross-corpus-882,StandardScaler,LGBM,47,12,10,-0.2496,11.5051,13.1288,-0.3789,-0.4523,-0.2982
1,positive_training,CR,HRSD_17.1,HRSD17,cross-corpus-882,StandardScaler,CatBoost,47,12,10,-0.2615,10.957,13.4213,-0.38,-0.5177,-0.3509
1,positive_training,CR,HRSD_17.1,HRSD17,cross-corpus-882,MinMaxScaler,Ridge,47,12,15,-0.1165,11.0901,12.6339,-0.2031,-0.3448,-0.1228
1,positive_training,CR,HRSD_17.1,HRSD17,cross-corpus-882,MinMaxScaler,Lasso,47,12,15,-0.1471,11.1394,12.7323,-0.2489,-0.3659,-0.2772
1,positive_training,CR,HRSD_17.1,HRSD17,cross-corpus-882,MinMaxScaler,ElasticNet,47,12,15,-0.0855,10.9797,12.7401,-0.1396,-0.3675,-0.1298
1,positive_training,CR,HRSD_17.1,HRSD17,cross-corpus-882,MinMaxScaler,SVR,47,12,15,-0.1538,12.0148,13.6181,-0.2266,-0.5625,-0.2491
1,positive_training,CR,HRSD_17.1,HRSD17,cross-corpus-882,MinMaxScaler,KNN,47,12,15,-0.2222,11.5952,13.1168,-0.4503,-0.4496,-0.6
1,positive_training,CR,HRSD_17.1,HRSD17,cross-corpus-882,MinMaxScaler,RF,47,12,15,-0.2196,10.5142,12.6902,-0.403,-0.3568,-0.42
1,positive_training,CR,HRSD_17.1,HRSD17,cross-corpus-882,MinMaxScaler,ET,47,12,15,-0.2565,11.0525,12.8976,-0.5216,-0.4016,-0.5333
1,positive_training,CR,HRSD_17.1,HRSD17,cross-corpus-882,MinMaxScaler,GB,47,12,15,-0.0801,10.1063,12.3888,-0.1086,-0.2932,-0.2386
1,positive_training,CR,HRSD_17.1,HRSD17,cross-corpus-882,MinMaxScaler,XGB,47,12,15,-0.2311,10.588,13.002,-0.351,-0.4243,-0.4
1,positive_training,CR,HRSD_17.1,HRSD17,cross-corpus-882,MinMaxScaler,MLP,47,12,15,-0.2247,11.8972,13.1866,-0.3556,-0.4651,-0.386
1,positive_training,CR,HRSD_17.1,HRSD17,cross-corpus-882,MinMaxScaler,LGBM,47,12,15,-0.277,11.3231,13.0419,-0.5149,-0.4331,-0.5528
1,positive_training,CR,HRSD_17.1,HRSD17,cross-corpus-882,MinMaxScaler,CatBoost,47,12,15,-0.2369,10.6661,13.0876,-0.3623,-0.4432,-0.3544
1,positive_training,CR,HRSD_17.1,HRSD17,cross-corpus-882,RobustScaler,Ridge,47,12,5,-0.0488,11.2022,12.7177,-0.0697,-0.3627,-0.1228
1,positive_training,CR,HRSD_17.1,HRSD17,cross-corpus-882,RobustScaler,Lasso,47,12,5,-0.0479,11.1843,12.7011,-0.0686,-0.3592,-0.1228
1,positive_training,CR,HRSD_17.1,HRSD17,cross-corpus-882,RobustScaler,ElasticNet,47,12,5,-0.0459,11.1612,12.6784,-0.0659,-0.3543,-0.1228
1,positive_training,CR,HRSD_17.1,HRSD17,cross-corpus-882,RobustScaler,SVR,47,12,5,-0.0492,11.0103,12.7063,-0.071,-0.3603,-0.1439
1,positive_training,CR,HRSD_17.1,HRSD17,cross-corpus-882,RobustScaler,KNN,47,12,5,-0.1698,10.8667,12.7384,-0.2749,-0.3672,-0.3592
1,positive_training,CR,HRSD_17.1,HRSD17,cross-corpus-882,RobustScaler,RF,47,12,5,-0.0619,10.2067,11.9567,-0.1159,-0.2045,-0.0947
1,positive_training,CR,HRSD_17.1,HRSD17,cross-corpus-882,RobustScaler,ET,47,12,5,-0.1353,10.6533,12.4058,-0.2519,-0.2967,-0.3719
1,positive_training,CR,HRSD_17.1,HRSD17,cross-corpus-882,RobustScaler,GB,47,12,5,-0.0115,11.0667,12.5481,-0.0166,-0.3266,-0.0596
1,positive_training,CR,HRSD_17.1,HRSD17,cross-corpus-882,RobustScaler,XGB,47,12,5,-0.159,11.4288,13.0894,-0.2206,-0.4436,-0.3018
1,positive_training,CR,HRSD_17.1,HRSD17,cross-corpus-882,RobustScaler,MLP,47,12,5,-0.1113,11.5694,13.8105,-0.1388,-0.607,-0.1053
1,positive_training,CR,HRSD_17.1,HRSD17,cross-corpus-882,RobustScaler,LGBM,47,12,5,0.0375,10.0468,11.4726,0.058,-0.109,0.1743
1,positive_training,CR,HRSD_17.1,HRSD17,cross-corpus-882,RobustScaler,CatBoost,47,12,5,-0.0683,10.983,12.5564,-0.1049,-0.3284,-0.1474
2,positive_training,CR,HRSD_17.1,HRSD17,cross-corpus-882,StandardScaler,Ridge,47,12,5,-0.0851,8.81,10.3448,-0.0974,-1.1757,-0.0175
2,positive_training,CR,HRSD_17.1,HRSD17,cross-corpus-882,StandardScaler,Lasso,47,12,5,-0.0885,8.8368,10.374,-0.1014,-1.1879,-0.0595
2,positive_training,CR,HRSD_17.1,HRSD17,cross-corpus-882,StandardScaler,ElasticNet,47,12,5,-0.0829,8.7868,10.3203,-0.0947,-1.1654,-0.056
2,positive_training,CR,HRSD_17.1,HRSD17,cross-corpus-882,StandardScaler,SVR,47,12,5,0.0167,10.3433,11.9059,0.0202,-1.8818,-0.1366
2,positive_training,CR,HRSD_17.1,HRSD17,cross-corpus-882,StandardScaler,KNN,47,12,5,-0.1735,9.6667,11.0646,-0.1953,-1.489,-0.1156
2,positive_training,CR,HRSD_17.1,HRSD17,cross-corpus-882,StandardScaler,RF,47,12,5,-0.0578,8.0108,9.4523,-0.0679,-0.8164,-0.063
2,positive_training,CR,HRSD_17.1,HRSD17,cross-corpus-882,StandardScaler,ET,47,12,5,-0.0231,7.7158,9.6099,-0.0267,-0.8775,-0.0245
2,positive_training,CR,HRSD_17.1,HRSD17,cross-corpus-882,StandardScaler,GB,47,12,5,-0.1545,8.804,10.7282,-0.1687,-1.3399,-0.1821
2,positive_training,CR,HRSD_17.1,HRSD17,cross-corpus-882,StandardScaler,XGB,47,12,5,-0.0865,9.9757,11.4345,-0.0916,-1.6581,-0.1506
2,positive_training,CR,HRSD_17.1,HRSD17,cross-corpus-882,StandardScaler,MLP,47,12,5,-0.027,11.4289,12.8418,-0.0321,-2.3527,-0.0245
2,positive_training,CR,HRSD_17.1,HRSD17,cross-corpus-882,StandardScaler,LGBM,47,12,5,-0.0389,7.9458,9.2288,-0.0515,-0.7315,0.0405
2,positive_training,CR,HRSD_17.1,HRSD17,cross-corpus-882,StandardScaler,CatBoost,47,12,5,0.0655,7.8775,9.3267,0.075,-0.7685,-0.0666
2,positive_training,CR,HRSD_17.1,HRSD17,cross-corpus-882,MinMaxScaler,Ridge,47,12,5,0.0849,8.2776,9.2283,0.0906,-0.7314,0.0806
2,positive_training,CR,HRSD_17.1,HRSD17,cross-corpus-882,MinMaxScaler,Lasso,47,12,5,0.0841,7.8856,8.7982,0.0921,-0.5737,0.1436
2,positive_training,CR,HRSD_17.1,HRSD17,cross-corpus-882,MinMaxScaler,ElasticNet,47,12,5,0.0758,8.109,9.0348,0.0816,-0.6595,0.0806
2,positive_training,CR,HRSD_17.1,HRSD17,cross-corpus-882,MinMaxScaler,SVR,47,12,5,0.1054,7.8552,9.6701,0.1178,-0.9011,0.0771
2,positive_training,CR,HRSD_17.1,HRSD17,cross-corpus-882,MinMaxScaler,KNN,47,12,5,-0.0531,8.0,9.3815,-0.0604,-0.7893,-0.0421
2,positive_training,CR,HRSD_17.1,HRSD17,cross-corpus-882,MinMaxScaler,RF,47,12,5,0.0743,7.4142,8.5629,0.083,-0.4907,0.0981
2,positive_training,CR,HRSD_17.1,HRSD17,cross-corpus-882,MinMaxScaler,ET,47,12,5,0.1216,7.2325,8.4051,0.1385,-0.4363,0.2277
2,positive_training,CR,HRSD_17.1,HRSD17,cross-corpus-882,MinMaxScaler,GB,47,12,5,0.0884,8.1171,9.5128,0.0913,-0.8398,0.1191
2,positive_training,CR,HRSD_17.1,HRSD17,cross-corpus-882,MinMaxScaler,XGB,47,12,5,0.0093,7.9406,9.3157,0.0097,-0.7643,0.0315
2,positive_training,CR,HRSD_17.1,HRSD17,cross-corpus-882,MinMaxScaler,MLP,47,12,5,0.1232,7.9656,8.9038,0.1411,-0.6117,0.1366
2,positive_training,CR,HRSD_17.1,HRSD17,cross-corpus-882,MinMaxScaler,LGBM,47,12,5,0.1858,6.6999,7.7383,0.2322,-0.2174,0.1719
2,positive_training,CR,HRSD_17.1,HRSD17,cross-corpus-882,MinMaxScaler,CatBoost,47,12,5,0.138,7.3699,8.7714,0.1423,-0.5642,0.2417
2,positive_training,CR,HRSD_17.1,HRSD17,cross-corpus-882,RobustScaler,Ridge,47,12,5,-0.0813,8.7691,10.3021,-0.0929,-1.1577,-0.056
2,positive_training,CR,HRSD_17.1,HRSD17,cross-corpus-882,RobustScaler,Lasso,47,12,5,-0.0876,8.8253,10.3619,-0.1004,-1.1829,-0.0175
2,positive_training,CR,HRSD_17.1,HRSD17,cross-corpus-882,RobustScaler,ElasticNet,47,12,5,-0.0787,8.7401,10.272,-0.0897,-1.1451,-0.056
2,positive_training,CR,HRSD_17.1,HRSD17,cross-corpus-882,RobustScaler,SVR,47,12,5,0.0132,10.3459,11.9329,0.016,-1.8949,-0.1366
2,positive_training,CR,HRSD_17.1,HRSD17,cross-corpus-882,RobustScaler,KNN,47,12,5,-0.1735,9.6667,11.0646,-0.1953,-1.489,-0.1156
2,positive_training,CR,HRSD_17.1,HRSD17,cross-corpus-882,RobustScaler,RF,47,12,5,-0.0578,8.0108,9.4523,-0.0679,-0.8164,-0.063
2,positive_training,CR,HRSD_17.1,HRSD17,cross-corpus-882,RobustScaler,ET,47,12,5,-0.0231,7.7158,9.6099,-0.0267,-0.8775,-0.0245
2,positive_training,CR,HRSD_17.1,HRSD17,cross-corpus-882,RobustScaler,GB,47,12,5,-0.1545,8.804,10.7282,-0.1687,-1.3399,-0.1821
2,positive_training,CR,HRSD_17.1,HRSD17,cross-corpus-882,RobustScaler,XGB,47,12,5,-0.0865,9.9757,11.4345,-0.0916,-1.6581,-0.1506
2,positive_training,CR,HRSD_17.1,HRSD17,cross-corpus-882,RobustScaler,MLP,47,12,5,0.0106,10.2641,11.6064,0.0121,-1.7387,0.0175
2,positive_training,CR,HRSD_17.1,HRSD17,cross-corpus-882,RobustScaler,LGBM,47,12,5,-0.0428,8.0885,9.2663,-0.0553,-0.7457,0.0123
2,positive_training,CR,HRSD_17.1,HRSD17,cross-corpus-882,RobustScaler,CatBoost,47,12,5,0.0655,7.8775,9.3267,0.075,-0.7685,-0.0666
3,positive_training,CR,HRSD_17.1,HRSD17,cross-corpus-882,StandardScaler,Ridge,47,12,10,0.3233,6.539,8.1349,0.3445,-0.0995,0.3398
3,positive_training,CR,HRSD_17.1,HRSD17,cross-corpus-882,StandardScaler,Lasso,47,12,10,0.3291,7.2404,8.8861,0.3487,-0.312,0.4028
3,positive_training,CR,HRSD_17.1,HRSD17,cross-corpus-882,StandardScaler,ElasticNet,47,12,10,0.3236,7.0261,8.6046,0.3415,-0.2301,0.3818
3,positive_training,CR,HRSD_17.1,HRSD17,cross-corpus-882,StandardScaler,SVR,47,12,10,0.234,7.8986,9.5519,0.2396,-0.5159,0.2067
3,positive_training,CR,HRSD_17.1,HRSD17,cross-corpus-882,StandardScaler,KNN,47,12,10,0.282,6.0,7.3644,0.3521,0.0989,0.3152
3,positive_training,CR,HRSD_17.1,HRSD17,cross-corpus-882,StandardScaler,RF,47,12,10,0.3402,6.3621,6.9133,0.4538,0.2059,0.5044
3,positive_training,CR,HRSD_17.1,HRSD17,cross-corpus-882,StandardScaler,ET,47,12,10,0.2744,6.3696,7.1231,0.4029,0.157,0.4273
3,positive_training,CR,HRSD_17.1,HRSD17,cross-corpus-882,StandardScaler,GB,47,12,10,0.3127,7.1806,8.1549,0.3555,-0.1049,0.3573
3,positive_training,CR,HRSD_17.1,HRSD17,cross-corpus-882,StandardScaler,XGB,47,12,10,0.2355,7.9559,8.8287,0.2413,-0.2951,0.2277
3,positive_training,CR,HRSD_17.1,HRSD17,cross-corpus-882,StandardScaler,MLP,47,12,10,0.2853,7.7064,8.9689,0.292,-0.3365,0.2802
3,positive_training,CR,HRSD_17.1,HRSD17,cross-corpus-882,StandardScaler,LGBM,47,12,10,0.0864,7.0538,8.1962,0.113,-0.1161,0.035
3,positive_training,CR,HRSD_17.1,HRSD17,cross-corpus-882,StandardScaler,CatBoost,47,12,10,0.2661,7.2779,8.3023,0.2916,-0.1452,0.2592
3,positive_training,CR,HRSD_17.1,HRSD17,cross-corpus-882,MinMaxScaler,Ridge,47,12,10,0.3027,7.2017,8.748,0.3175,-0.2715,0.3047
3,positive_training,CR,HRSD_17.1,HRSD17,cross-corpus-882,MinMaxScaler,Lasso,47,12,10,0.3263,6.6814,8.0808,0.3482,-0.0849,0.3748
3,positive_training,CR,HRSD_17.1,HRSD17,cross-corpus-882,MinMaxScaler,ElasticNet,47,12,10,0.3265,6.6125,8.1176,0.3514,-0.0948,0.4308
3,positive_training,CR,HRSD_17.1,HRSD17,cross-corpus-882,MinMaxScaler,SVR,47,12,10,0.2513,6.2393,7.7219,0.3105,0.0093,0.4518
3,positive_training,CR,HRSD_17.1,HRSD17,cross-corpus-882,MinMaxScaler,KNN,47,12,10,0.1674,7.6111,9.1924,0.1907,-0.4039,0.2102
3,positive_training,CR,HRSD_17.1,HRSD17,cross-corpus-882,MinMaxScaler,RF,47,12,10,0.2742,6.8867,7.3823,0.3476,0.0945,0.3433
3,positive_training,CR,HRSD_17.1,HRSD17,cross-corpus-882,MinMaxScaler,ET,47,12,10,0.3559,6.2738,6.9468,0.4711,0.1982,0.4974
3,positive_training,CR,HRSD_17.1,HRSD17,cross-corpus-882,MinMaxScaler,GB,47,12,10,0.3586,6.7912,7.8109,0.3852,-0.0137,0.3923
3,positive_training,CR,HRSD_17.1,HRSD17,cross-corpus-882,MinMaxScaler,XGB,47,12,10,0.3449,7.1814,7.8007,0.371,-0.011,0.3643
3,positive_training,CR,HRSD_17.1,HRSD17,cross-corpus-882,MinMaxScaler,MLP,47,12,10,0.2811,7.3525,8.5747,0.2996,-0.2216,0.2837
3,positive_training,CR,HRSD_17.1,HRSD17,cross-corpus-882,MinMaxScaler,LGBM,47,12,10,0.2484,6.3654,7.4912,0.3184,0.0676,0.2137
3,positive_training,CR,HRSD_17.1,HRSD17,cross-corpus-882,MinMaxScaler,CatBoost,47,12,10,0.1443,7.2444,8.6232,0.1692,-0.2355,0.1541
3,positive_training,CR,HRSD_17.1,HRSD17,cross-corpus-882,RobustScaler,Ridge,47,12,5,0.3163,6.6667,8.6044,0.351,-0.2301,0.3468
3,positive_training,CR,HRSD_17.1,HRSD17,cross-corpus-882,RobustScaler,Lasso,47,12,5,0.3162,6.6556,8.5889,0.3503,-0.2257,0.3468
3,positive_training,CR,HRSD_17.1,HRSD17,cross-corpus-882,RobustScaler,ElasticNet,47,12,5,0.318,6.3888,8.2568,0.3554,-0.1327,0.3468
3,positive_training,CR,HRSD_17.1,HRSD17,cross-corpus-882,RobustScaler,SVR,47,12,5,0.0611,7.1813,8.976,0.0819,-0.3386,0.0595
3,positive_training,CR,HRSD_17.1,HRSD17,cross-corpus-882,RobustScaler,KNN,47,12,5,0.2455,7.1111,8.3699,0.3042,-0.164,0.4694
3,positive_training,CR,HRSD_17.1,HRSD17,cross-corpus-882,RobustScaler,RF,47,12,5,0.2657,6.1775,7.2541,0.392,0.1257,0.4729
3,positive_training,CR,HRSD_17.1,HRSD17,cross-corpus-882,RobustScaler,ET,47,12,5,0.1345,6.4758,7.7765,0.2201,-0.0048,0.2312
3,positive_training,CR,HRSD_17.1,HRSD17,cross-corpus-882,RobustScaler,GB,47,12,5,0.289,7.6945,9.2993,0.2902,-0.4368,0.3012
3,positive_training,CR,HRSD_17.1,HRSD17,cross-corpus-882,RobustScaler,XGB,47,12,5,0.1131,8.1016,9.3907,0.1161,-0.4652,0.2347
3,positive_training,CR,HRSD_17.1,HRSD17,cross-corpus-882,RobustScaler,MLP,47,12,5,0.2467,7.2577,9.1159,0.2772,-0.3807,0.2592
3,positive_training,CR,HRSD_17.1,HRSD17,cross-corpus-882,RobustScaler,LGBM,47,12,5,0.0312,6.8167,8.4225,0.0448,-0.1786,-0.0372
3,positive_training,CR,HRSD_17.1,HRSD17,cross-corpus-882,RobustScaler,CatBoost,47,12,5,0.2311,6.4618,8.0535,0.2817,-0.0776,0.2592
4,positive_training,CR,HRSD_17.1,HRSD17,cross-corpus-882,StandardScaler,Ridge,47,12,10,0.3893,5.2238,6.9014,0.4222,0.1193,0.3451
4,positive_training,CR,HRSD_17.1,HRSD17,cross-corpus-882,StandardScaler,Lasso,47,12,10,0.4381,5.5394,7.2562,0.4465,0.0264,0.5423
4,positive_training,CR,HRSD_17.1,HRSD17,cross-corpus-882,StandardScaler,ElasticNet,47,12,10,0.4258,5.1562,6.8725,0.4489,0.1267,0.3944
4,positive_training,CR,HRSD_17.1,HRSD17,cross-corpus-882,StandardScaler,SVR,47,12,10,0.282,5.9566,7.3487,0.3139,0.0015,0.4507
4,positive_training,CR,HRSD_17.1,HRSD17,cross-corpus-882,StandardScaler,KNN,47,12,10,0.3903,5.4,6.5059,0.4712,0.2174,0.5062
4,positive_training,CR,HRSD_17.1,HRSD17,cross-corpus-882,StandardScaler,RF,47,12,10,0.2039,6.5633,7.2939,0.2596,0.0163,0.3028
4,positive_training,CR,HRSD_17.1,HRSD17,cross-corpus-882,StandardScaler,ET,47,12,10,0.2764,6.445,7.1221,0.3309,0.0621,0.3134
4,positive_training,CR,HRSD_17.1,HRSD17,cross-corpus-882,StandardScaler,GB,47,12,10,0.25,6.5386,7.2961,0.3008,0.0157,0.4331
4,positive_training,CR,HRSD_17.1,HRSD17,cross-corpus-882,StandardScaler,XGB,47,12,10,0.2954,6.235,6.9948,0.3688,0.0953,0.4085
4,positive_training,CR,HRSD_17.1,HRSD17,cross-corpus-882,StandardScaler,MLP,47,12,10,0.2734,6.2937,7.7834,0.2876,-0.1201,0.1937
4,positive_training,CR,HRSD_17.1,HRSD17,cross-corpus-882,StandardScaler,LGBM,47,12,10,0.1259,6.0283,7.0705,0.2849,0.0757,0.2522
4,positive_training,CR,HRSD_17.1,HRSD17,cross-corpus-882,StandardScaler,CatBoost,47,12,10,0.2824,5.5976,6.7703,0.3944,0.1525,0.493
4,positive_training,CR,HRSD_17.1,HRSD17,cross-corpus-882,MinMaxScaler,Ridge,47,12,5,0.1173,7.6191,8.3228,0.1302,-0.2808,0.1268
4,positive_training,CR,HRSD_17.1,HRSD17,cross-corpus-882,MinMaxScaler,Lasso,47,12,5,0.1142,7.6187,8.3546,0.1263,-0.2906,0.1268
4,positive_training,CR,HRSD_17.1,HRSD17,cross-corpus-882,MinMaxScaler,ElasticNet,47,12,5,0.1188,7.6018,8.2639,0.1332,-0.2627,0.1373
4,positive_training,CR,HRSD_17.1,HRSD17,cross-corpus-882,MinMaxScaler,SVR,47,12,5,0.1412,7.6873,8.4547,0.1495,-0.3217,0.1268
4,positive_training,CR,HRSD_17.1,HRSD17,cross-corpus-882,MinMaxScaler,KNN,47,12,5,0.0994,7.619,8.1781,0.1159,-0.2366,-0.1129
4,positive_training,CR,HRSD_17.1,HRSD17,cross-corpus-882,MinMaxScaler,RF,47,12,5,0.0423,7.0761,7.9511,0.0572,-0.1689,0.1444
4,positive_training,CR,HRSD_17.1,HRSD17,cross-corpus-882,MinMaxScaler,ET,47,12,5,0.0701,7.3075,8.0054,0.0874,-0.185,0.2148
4,positive_training,CR,HRSD_17.1,HRSD17,cross-corpus-882,MinMaxScaler,GB,47,12,5,0.3148,6.7218,7.87,0.3213,-0.1452,0.4331
4,positive_training,CR,HRSD_17.1,HRSD17,cross-corpus-882,MinMaxScaler,XGB,47,12,5,0.2295,6.7989,8.3008,0.2361,-0.274,0.3697
4,positive_training,CR,HRSD_17.1,HRSD17,cross-corpus-882,MinMaxScaler,MLP,47,12,5,0.1288,7.7548,8.3955,0.1404,-0.3032,0.1268
4,positive_training,CR,HRSD_17.1,HRSD17,cross-corpus-882,MinMaxScaler,LGBM,47,12,5,-0.2926,7.8962,9.4033,-0.404,-0.6349,-0.2301
4,positive_training,CR,HRSD_17.1,HRSD17,cross-corpus-882,MinMaxScaler,CatBoost,47,12,5,0.0347,7.2038,8.1972,0.042,-0.2424,0.0599
4,positive_training,CR,HRSD_17.1,HRSD17,cross-corpus-882,RobustScaler,Ridge,47,12,5,0.3293,5.9376,6.9923,0.3778,0.096,0.3592
4,positive_training,CR,HRSD_17.1,HRSD17,cross-corpus-882,RobustScaler,Lasso,47,12,5,0.3551,6.182,7.2337,0.3767,0.0325,0.3732
4,positive_training,CR,HRSD_17.1,HRSD17,cross-corpus-882,RobustScaler,ElasticNet,47,12,5,0.351,6.0347,7.1206,0.3805,0.0625,0.3592
4,positive_training,CR,HRSD_17.1,HRSD17,cross-corpus-882,RobustScaler,SVR,47,12,5,0.2657,6.1085,7.185,0.3255,0.0455,0.5458
4,positive_training,CR,HRSD_17.1,HRSD17,cross-corpus-882,RobustScaler,KNN,47,12,5,0.5456,4.8333,5.4242,0.7377,0.456,0.8166
4,positive_training,CR,HRSD_17.1,HRSD17,cross-corpus-882,RobustScaler,RF,47,12,5,0.2965,6.0775,6.7567,0.398,0.1559,0.4965
4,positive_training,CR,HRSD_17.1,HRSD17,cross-corpus-882,RobustScaler,ET,47,12,5,0.3115,6.5425,6.9774,0.3691,0.0998,0.3451
4,positive_training,CR,HRSD_17.1,HRSD17,cross-corpus-882,RobustScaler,GB,47,12,5,0.153,6.9549,7.9222,0.1748,-0.1605,0.0493
4,positive_training,CR,HRSD_17.1,HRSD17,cross-corpus-882,RobustScaler,XGB,47,12,5,0.2977,6.2974,7.3974,0.3293,-0.0118,0.412
4,positive_training,CR,HRSD_17.1,HRSD17,cross-corpus-882,RobustScaler,MLP,47,12,5,0.2071,6.8178,7.8188,0.2307,-0.1304,0.2993
4,positive_training,CR,HRSD_17.1,HRSD17,cross-corpus-882,RobustScaler,LGBM,47,12,5,0.0017,6.5898,7.7192,0.003,-0.1017,-0.0578
4,positive_training,CR,HRSD_17.1,HRSD17,cross-corpus-882,RobustScaler,CatBoost,47,12,5,0.2295,6.3341,7.2391,0.292,0.031,0.3944
5,positive_training,CR,HRSD_17.1,HRSD17,cross-corpus-882,StandardScaler,Ridge,48,11,5,-0.0017,7.3058,8.6656,-0.0062,-0.0802,-0.123
5,positive_training,CR,HRSD_17.1,HRSD17,cross-corpus-882,StandardScaler,Lasso,48,11,5,0.0,7.3011,8.5231,,-0.0449,
5,positive_training,CR,HRSD_17.1,HRSD17,cross-corpus-882,StandardScaler,ElasticNet,48,11,5,-0.0119,7.3536,8.7442,-0.0398,-0.0998,-0.0866
5,positive_training,CR,HRSD_17.1,HRSD17,cross-corpus-882,StandardScaler,SVR,48,11,5,-0.3905,9.4256,10.7532,-0.5645,-0.6633,-0.4146
5,positive_training,CR,HRSD_17.1,HRSD17,cross-corpus-882,StandardScaler,KNN,48,11,5,-0.2207,8.8,11.4768,-0.3494,-0.8946,0.0594
5,positive_training,CR,HRSD_17.1,HRSD17,cross-corpus-882,StandardScaler,RF,48,11,5,-0.1761,8.575,10.4348,-0.2808,-0.5662,0.0319
5,positive_training,CR,HRSD_17.1,HRSD17,cross-corpus-882,StandardScaler,ET,48,11,5,-0.2196,9.1764,10.9114,-0.2897,-0.7126,-0.1868
5,positive_training,CR,HRSD_17.1,HRSD17,cross-corpus-882,StandardScaler,GB,48,11,5,-0.0091,7.3514,9.4292,-0.0137,-0.2789,0.1503
5,positive_training,CR,HRSD_17.1,HRSD17,cross-corpus-882,StandardScaler,XGB,48,11,5,-0.0831,7.7998,10.084,-0.1307,-0.4627,0.1185
5,positive_training,CR,HRSD_17.1,HRSD17,cross-corpus-882,StandardScaler,MLP,48,11,5,-0.4512,11.2173,13.1206,-0.5298,-1.4763,-0.369
5,positive_training,CR,HRSD_17.1,HRSD17,cross-corpus-882,StandardScaler,LGBM,48,11,5,0.0131,7.6651,9.6422,0.0198,-0.3373,0.1863
5,positive_training,CR,HRSD_17.1,HRSD17,cross-corpus-882,StandardScaler,CatBoost,48,11,5,-0.1603,8.0755,9.9412,-0.2997,-0.4215,0.0638
5,positive_training,CR,HRSD_17.1,HRSD17,cross-corpus-882,MinMaxScaler,Ridge,48,11,5,0.5022,5.5751,6.7725,0.6144,0.3402,0.656
5,positive_training,CR,HRSD_17.1,HRSD17,cross-corpus-882,MinMaxScaler,Lasso,48,11,5,0.5738,5.2961,6.4182,0.6605,0.4075,0.7654
5,positive_training,CR,HRSD_17.1,HRSD17,cross-corpus-882,MinMaxScaler,ElasticNet,48,11,5,0.3916,5.8385,7.071,0.5971,0.2808,0.6424
5,positive_training,CR,HRSD_17.1,HRSD17,cross-corpus-882,MinMaxScaler,SVR,48,11,5,0.4315,5.6884,6.9194,0.6185,0.3113,0.615
5,positive_training,CR,HRSD_17.1,HRSD17,cross-corpus-882,MinMaxScaler,KNN,48,11,5,0.3161,6.3535,7.695,0.3975,0.1483,0.533
5,positive_training,CR,HRSD_17.1,HRSD17,cross-corpus-882,MinMaxScaler,RF,48,11,5,0.093,6.6873,8.9253,0.1205,-0.1459,0.1503
5,positive_training,CR,HRSD_17.1,HRSD17,cross-corpus-882,MinMaxScaler,ET,48,11,5,0.034,6.7048,8.7645,0.0518,-0.1049,0.1458
5,positive_training,CR,HRSD_17.1,HRSD17,cross-corpus-882,MinMaxScaler,GB,48,11,5,0.0731,6.9517,9.0068,0.0906,-0.1669,0.082
5,positive_training,CR,HRSD_17.1,HRSD17,cross-corpus-882,MinMaxScaler,XGB,48,11,5,0.0669,6.647,9.2273,0.0787,-0.2247,0.2141
5,positive_training,CR,HRSD_17.1,HRSD17,cross-corpus-882,MinMaxScaler,MLP,48,11,5,0.0294,7.6578,9.1877,0.0424,-0.2142,-0.2141
5,positive_training,CR,HRSD_17.1,HRSD17,cross-corpus-882,MinMaxScaler,LGBM,48,11,5,0.0771,7.3763,9.4707,0.0987,-0.2902,0.2517
5,positive_training,CR,HRSD_17.1,HRSD17,cross-corpus-882,MinMaxScaler,CatBoost,48,11,5,0.0044,7.5959,9.4211,0.0054,-0.2767,0.1595
5,positive_training,CR,HRSD_17.1,HRSD17,cross-corpus-882,RobustScaler,Ridge,48,11,5,-0.0073,7.3008,8.73,-0.0213,-0.0963,-0.1549
5,positive_training,CR,HRSD_17.1,HRSD17,cross-corpus-882,RobustScaler,Lasso,48,11,5,0.0,7.3011,8.5231,,-0.0449,
5,positive_training,CR,HRSD_17.1,HRSD17,cross-corpus-882,RobustScaler,ElasticNet,48,11,5,-0.4376,10.386,13.3547,-0.4845,-1.5654,-0.3736
5,positive_training,CR,HRSD_17.1,HRSD17,cross-corpus-882,RobustScaler,SVR,48,11,5,-0.424,12.8712,15.4062,-0.4952,-2.4141,-0.369
5,positive_training,CR,HRSD_17.1,HRSD17,cross-corpus-882,RobustScaler,KNN,48,11,5,-0.267,9.0545,11.5633,-0.3626,-0.9233,-0.1461
5,positive_training,CR,HRSD_17.1,HRSD17,cross-corpus-882,RobustScaler,RF,48,11,5,-0.2641,8.4145,10.4194,-0.4413,-0.5616,-0.1549
5,positive_training,CR,HRSD_17.1,HRSD17,cross-corpus-882,RobustScaler,ET,48,11,5,-0.3108,9.1318,11.1451,-0.4264,-0.7867,-0.2415
5,positive_training,CR,HRSD_17.1,HRSD17,cross-corpus-882,RobustScaler,GB,48,11,5,0.0542,7.276,8.7991,0.0821,-0.1137,0.1503
5,positive_training,CR,HRSD_17.1,HRSD17,cross-corpus-882,RobustScaler,XGB,48,11,5,-0.1525,9.4863,10.7138,-0.2194,-0.6511,-0.123
5,positive_training,CR,HRSD_17.1,HRSD17,cross-corpus-882,RobustScaler,MLP,48,11,5,-0.4549,10.2992,12.8211,-0.5285,-1.3645,-0.3371
5,positive_training,CR,HRSD_17.1,HRSD17,cross-corpus-882,RobustScaler,LGBM,48,11,5,-0.0004,7.1412,9.1192,-0.0006,-0.1962,-0.0114
5,positive_training,CR,HRSD_17.1,HRSD17,cross-corpus-882,RobustScaler,CatBoost,48,11,5,-0.1989,8.3926,10.1499,-0.3099,-0.4819,-0.1002
1,positive_training,CR,HRSD_21.1,HRSD21,cross-corpus-882,StandardScaler,Ridge,47,12,10,-0.0485,12.0782,14.0314,-0.064,-0.4859,-0.1549
1,positive_training,CR,HRSD_21.1,HRSD21,cross-corpus-882,StandardScaler,Lasso,47,12,10,-0.0422,12.2372,14.2267,-0.0546,-0.5275,-0.1549
1,positive_training,CR,HRSD_21.1,HRSD21,cross-corpus-882,StandardScaler,ElasticNet,47,12,10,-0.0451,12.1797,14.1523,-0.0587,-0.5116,-0.1549
1,positive_training,CR,HRSD_21.1,HRSD21,cross-corpus-882,StandardScaler,SVR,47,12,10,-0.2092,11.952,14.0462,-0.346,-0.489,-0.4437
1,positive_training,CR,HRSD_21.1,HRSD21,cross-corpus-882,StandardScaler,KNN,47,12,10,-0.1754,11.4667,13.697,-0.2696,-0.4159,-0.2958
1,positive_training,CR,HRSD_21.1,HRSD21,cross-corpus-882,StandardScaler,RF,47,12,10,-0.0953,10.775,13.0095,-0.1651,-0.2773,-0.3169
1,positive_training,CR,HRSD_21.1,HRSD21,cross-corpus-882,StandardScaler,ET,47,12,10,-0.1158,10.9083,13.0367,-0.201,-0.2827,-0.2747
1,positive_training,CR,HRSD_21.1,HRSD21,cross-corpus-882,StandardScaler,GB,47,12,10,-0.1127,11.8948,14.1816,-0.1474,-0.5179,-0.331
1,positive_training,CR,HRSD_21.1,HRSD21,cross-corpus-882,StandardScaler,XGB,47,12,10,-0.1723,11.8684,14.2822,-0.2259,-0.5395,-0.3803
1,positive_training,CR,HRSD_21.1,HRSD21,cross-corpus-882,StandardScaler,MLP,47,12,10,-0.2614,13.2731,15.803,-0.3149,-0.8848,-0.4507
1,positive_training,CR,HRSD_21.1,HRSD21,cross-corpus-882,StandardScaler,LGBM,47,12,10,-0.1025,11.4215,13.1736,-0.1526,-0.3098,-0.2394
1,positive_training,CR,HRSD_21.1,HRSD21,cross-corpus-882,StandardScaler,CatBoost,47,12,10,-0.1897,12.0633,14.0789,-0.2836,-0.496,-0.4296
1,positive_training,CR,HRSD_21.1,HRSD21,cross-corpus-882,MinMaxScaler,Ridge,47,12,20,-0.1013,11.8851,13.5461,-0.1702,-0.3849,-0.3028
1,positive_training,CR,HRSD_21.1,HRSD21,cross-corpus-882,MinMaxScaler,Lasso,47,12,20,-0.1553,11.895,13.6909,-0.2589,-0.4147,-0.4507
1,positive_training,CR,HRSD_21.1,HRSD21,cross-corpus-882,MinMaxScaler,ElasticNet,47,12,20,-0.1275,11.629,13.2982,-0.2318,-0.3346,-0.4366
1,positive_training,CR,HRSD_21.1,HRSD21,cross-corpus-882,MinMaxScaler,SVR,47,12,20,-0.1849,12.7835,14.3884,-0.2705,-0.5625,-0.2535
1,positive_training,CR,HRSD_21.1,HRSD21,cross-corpus-882,MinMaxScaler,KNN,47,12,20,-0.2206,12.3833,14.1132,-0.3836,-0.5033,-0.381
1,positive_training,CR,HRSD_21.1,HRSD21,cross-corpus-882,MinMaxScaler,RF,47,12,20,-0.1907,11.4083,13.3654,-0.3754,-0.3482,-0.5
1,positive_training,CR,HRSD_21.1,HRSD21,cross-corpus-882,MinMaxScaler,ET,47,12,20,-0.1766,11.4083,13.3485,-0.3511,-0.3448,-0.4578
1,positive_training,CR,HRSD_21.1,HRSD21,cross-corpus-882,MinMaxScaler,GB,47,12,20,-0.3802,12.6892,15.3385,-0.5097,-0.7756,-0.7254
1,positive_training,CR,HRSD_21.1,HRSD21,cross-corpus-882,MinMaxScaler,XGB,47,12,20,-0.1288,11.4508,13.5414,-0.1752,-0.3839,-0.2958
1,positive_training,CR,HRSD_21.1,HRSD21,cross-corpus-882,MinMaxScaler,MLP,47,12,20,-0.1208,12.2173,13.6923,-0.1872,-0.4149,-0.2465
1,positive_training,CR,HRSD_21.1,HRSD21,cross-corpus-882,MinMaxScaler,LGBM,47,12,20,-0.2388,11.8542,13.704,-0.434,-0.4174,-0.5618
1,positive_training,CR,HRSD_21.1,HRSD21,cross-corpus-882,MinMaxScaler,CatBoost,47,12,20,-0.3225,11.9884,14.4604,-0.4989,-0.5781,-0.5986
1,positive_training,CR,HRSD_21.1,HRSD21,cross-corpus-882,RobustScaler,Ridge,47,12,10,-0.0232,11.7692,13.8335,-0.0313,-0.4443,-0.1127
1,positive_training,CR,HRSD_21.1,HRSD21,cross-corpus-882,RobustScaler,Lasso,47,12,10,-0.012,11.879,14.0793,-0.0158,-0.4961,-0.0493
1,positive_training,CR,HRSD_21.1,HRSD21,cross-corpus-882,RobustScaler,ElasticNet,47,12,10,-0.0169,11.8375,13.9842,-0.0225,-0.4759,-0.1127
1,positive_training,CR,HRSD_21.1,HRSD21,cross-corpus-882,RobustScaler,SVR,47,12,10,-0.1269,11.7839,13.8208,-0.1999,-0.4416,-0.2113
1,positive_training,CR,HRSD_21.1,HRSD21,cross-corpus-882,RobustScaler,KNN,47,12,10,-0.2111,12.0278,14.1941,-0.3326,-0.5205,-0.3732
1,positive_training,CR,HRSD_21.1,HRSD21,cross-corpus-882,RobustScaler,RF,47,12,10,-0.1818,11.2779,13.5493,-0.3092,-0.3855,-0.4437
1,positive_training,CR,HRSD_21.1,HRSD21,cross-corpus-882,RobustScaler,ET,47,12,10,-0.1653,11.2921,13.2925,-0.3116,-0.3335,-0.4155
1,positive_training,CR,HRSD_21.1,HRSD21,cross-corpus-882,RobustScaler,GB,47,12,10,-0.115,11.637,14.0035,-0.1588,-0.48,-0.4155
1,positive_training,CR,HRSD_21.1,HRSD21,cross-corpus-882,RobustScaler,XGB,47,12,10,-0.1189,11.6321,14.1963,-0.154,-0.521,-0.2887
1,positive_training,CR,HRSD_21.1,HRSD21,cross-corpus-882,RobustScaler,MLP,47,12,10,-0.1408,12.4026,15.1754,-0.1726,-0.7381,-0.1479
1,positive_training,CR,HRSD_21.1,HRSD21,cross-corpus-882,RobustScaler,LGBM,47,12,10,-0.0668,11.2523,13.092,-0.0954,-0.2936,-0.1479
1,positive_training,CR,HRSD_21.1,HRSD21,cross-corpus-882,RobustScaler,CatBoost,47,12,10,-0.2078,12.0953,14.2584,-0.3162,-0.5344,-0.4085
2,positive_training,CR,HRSD_21.1,HRSD21,cross-corpus-882,StandardScaler,Ridge,47,12,10,0.1487,10.0406,12.1281,0.1732,-1.5001,0.3298
2,positive_training,CR,HRSD_21.1,HRSD21,cross-corpus-882,StandardScaler,Lasso,47,12,10,0.1523,10.1537,12.3256,0.1783,-1.5822,0.3053
2,positive_training,CR,HRSD_21.1,HRSD21,cross-corpus-882,StandardScaler,ElasticNet,47,12,10,0.1361,9.8355,11.6317,0.1554,-1.2997,0.2667
2,positive_training,CR,HRSD_21.1,HRSD21,cross-corpus-882,StandardScaler,SVR,47,12,10,0.1862,7.8782,9.6174,0.2351,-0.5721,0.186
2,positive_training,CR,HRSD_21.1,HRSD21,cross-corpus-882,StandardScaler,KNN,47,12,10,0.0966,8.3095,9.4047,0.1124,-0.5034,0.0175
2,positive_training,CR,HRSD_21.1,HRSD21,cross-corpus-882,StandardScaler,RF,47,12,10,0.0873,7.8108,9.2288,0.106,-0.4477,0.1439
2,positive_training,CR,HRSD_21.1,HRSD21,cross-corpus-882,StandardScaler,ET,47,12,10,0.2024,7.1208,8.6923,0.2373,-0.2842,0.2
2,positive_training,CR,HRSD_21.1,HRSD21,cross-corpus-882,StandardScaler,GB,47,12,10,0.1492,8.6282,9.8516,0.1598,-0.6497,0.1404
2,positive_training,CR,HRSD_21.1,HRSD21,cross-corpus-882,StandardScaler,XGB,47,12,10,0.178,8.0521,9.5871,0.1955,-0.5623,0.1544
2,positive_training,CR,HRSD_21.1,HRSD21,cross-corpus-882,StandardScaler,MLP,47,12,10,0.104,13.7565,16.6098,0.1332,-3.6893,0.3123
2,positive_training,CR,HRSD_21.1,HRSD21,cross-corpus-882,StandardScaler,LGBM,47,12,10,0.1188,8.1909,9.2235,0.1568,-0.446,0.1088
2,positive_training,CR,HRSD_21.1,HRSD21,cross-corpus-882,StandardScaler,CatBoost,47,12,10,0.2391,8.331,9.4859,0.2611,-0.5294,0.3088
2,positive_training,CR,HRSD_21.1,HRSD21,cross-corpus-882,MinMaxScaler,Ridge,47,12,5,0.0981,8.9728,10.22,0.1054,-0.7753,0.1333
2,positive_training,CR,HRSD_21.1,HRSD21,cross-corpus-882,MinMaxScaler,Lasso,47,12,5,0.108,9.0838,10.5223,0.1147,-0.8819,0.0947
2,positive_training,CR,HRSD_21.1,HRSD21,cross-corpus-882,MinMaxScaler,ElasticNet,47,12,5,0.0936,8.9813,10.2169,0.1006,-0.7743,0.0947
2,positive_training,CR,HRSD_21.1,HRSD21,cross-corpus-882,MinMaxScaler,SVR,47,12,5,0.127,8.4953,10.5306,0.145,-0.8849,0.0912
2,positive_training,CR,HRSD_21.1,HRSD21,cross-corpus-882,MinMaxScaler,KNN,47,12,5,0.1498,8.8056,10.0623,0.1638,-0.721,0.1123
2,positive_training,CR,HRSD_21.1,HRSD21,cross-corpus-882,MinMaxScaler,RF,47,12,5,0.1267,7.6045,8.8343,0.1535,-0.3265,0.193
2,positive_training,CR,HRSD_21.1,HRSD21,cross-corpus-882,MinMaxScaler,ET,47,12,5,0.1198,7.65,9.1723,0.1377,-0.43,0.1088
2,positive_training,CR,HRSD_21.1,HRSD21,cross-corpus-882,MinMaxScaler,GB,47,12,5,0.0628,9.0411,10.5639,0.0651,-0.8968,0.0877
2,positive_training,CR,HRSD_21.1,HRSD21,cross-corpus-882,MinMaxScaler,XGB,47,12,5,0.0241,8.2676,9.9905,0.0258,-0.6965,0.1439
2,positive_training,CR,HRSD_21.1,HRSD21,cross-corpus-882,MinMaxScaler,MLP,47,12,5,0.129,8.6911,9.8484,0.1474,-0.6486,0.1018
2,positive_training,CR,HRSD_21.1,HRSD21,cross-corpus-882,MinMaxScaler,LGBM,47,12,5,0.1677,7.1279,8.6139,0.2178,-0.2612,0.1916
2,positive_training,CR,HRSD_21.1,HRSD21,cross-corpus-882,MinMaxScaler,CatBoost,47,12,5,0.1677,8.253,9.6986,0.1714,-0.5988,0.207
2,positive_training,CR,HRSD_21.1,HRSD21,cross-corpus-882,RobustScaler,Ridge,47,12,5,-0.0733,9.7159,11.6137,-0.0831,-1.2925,0.0175
2,positive_training,CR,HRSD_21.1,HRSD21,cross-corpus-882,RobustScaler,Lasso,47,12,5,-0.0709,9.682,11.581,-0.0802,-1.2797,0.0175
2,positive_training,CR,HRSD_21.1,HRSD21,cross-corpus-882,RobustScaler,ElasticNet,47,12,5,-0.0462,9.3436,11.2535,-0.0516,-1.1525,-0.0596
2,positive_training,CR,HRSD_21.1,HRSD21,cross-corpus-882,RobustScaler,SVR,47,12,5,0.0267,11.0309,13.0702,0.0327,-1.9036,-0.0947
2,positive_training,CR,HRSD_21.1,HRSD21,cross-corpus-882,RobustScaler,KNN,47,12,5,-0.1738,10.3889,12.1579,-0.1971,-1.5124,-0.1371
2,positive_training,CR,HRSD_21.1,HRSD21,cross-corpus-882,RobustScaler,RF,47,12,5,-0.0271,8.4858,10.1023,-0.0331,-0.7347,-0.0351
2,positive_training,CR,HRSD_21.1,HRSD21,cross-corpus-882,RobustScaler,ET,47,12,5,0.0128,8.135,10.3401,0.0154,-0.8173,-0.0211
2,positive_training,CR,HRSD_21.1,HRSD21,cross-corpus-882,RobustScaler,GB,47,12,5,-0.2146,10.4694,12.6206,-0.2327,-1.7073,-0.1754
2,positive_training,CR,HRSD_21.1,HRSD21,cross-corpus-882,RobustScaler,XGB,47,12,5,0.005,9.3285,10.9094,0.0053,-1.0229,-0.0281
2,positive_training,CR,HRSD_21.1,HRSD21,cross-corpus-882,RobustScaler,MLP,47,12,5,0.0061,11.0615,12.7206,0.0069,-1.7504,-0.0035
2,positive_training,CR,HRSD_21.1,HRSD21,cross-corpus-882,RobustScaler,LGBM,47,12,5,-0.0348,8.6564,10.231,-0.0464,-0.7792,0.03
2,positive_training,CR,HRSD_21.1,HRSD21,cross-corpus-882,RobustScaler,CatBoost,47,12,5,0.1005,7.9883,9.8702,0.1189,-0.6559,0.0667
3,positive_training,CR,HRSD_21.1,HRSD21,cross-corpus-882,StandardScaler,Ridge,47,12,10,0.3122,8.7712,9.5324,0.3318,-0.404,0.2827
3,positive_training,CR,HRSD_21.1,HRSD21,cross-corpus-882,StandardScaler,Lasso,47,12,10,0.3069,8.7708,9.5504,0.3259,-0.4093,0.2509
3,positive_training,CR,HRSD_21.1,HRSD21,cross-corpus-882,StandardScaler,ElasticNet,47,12,10,0.2934,8.8345,9.6626,0.3115,-0.4425,0.2827
3,positive_training,CR,HRSD_21.1,HRSD21,cross-corpus-882,StandardScaler,SVR,47,12,10,-0.0137,10.8516,12.2739,-0.0144,-1.3276,0.0424
3,positive_training,CR,HRSD_21.1,HRSD21,cross-corpus-882,StandardScaler,KNN,47,12,10,0.0714,7.8095,9.3854,0.077,-0.361,0.1095
3,positive_training,CR,HRSD_21.1,HRSD21,cross-corpus-882,StandardScaler,RF,47,12,10,0.1646,7.77,8.5136,0.1941,-0.1199,0.1944
3,positive_training,CR,HRSD_21.1,HRSD21,cross-corpus-882,StandardScaler,ET,47,12,10,0.0251,7.9704,9.1011,0.0307,-0.2798,0.0212
3,positive_training,CR,HRSD_21.1,HRSD21,cross-corpus-882,StandardScaler,GB,47,12,10,0.2279,8.3853,9.4595,0.2473,-0.3826,0.2686
3,positive_training,CR,HRSD_21.1,HRSD21,cross-corpus-882,StandardScaler,XGB,47,12,10,0.1532,8.5894,9.9943,0.1617,-0.5433,0.2014
3,positive_training,CR,HRSD_21.1,HRSD21,cross-corpus-882,StandardScaler,MLP,47,12,10,0.1447,10.4647,11.5696,0.148,-1.0682,0.2403
3,positive_training,CR,HRSD_21.1,HRSD21,cross-corpus-882,StandardScaler,LGBM,47,12,10,0.1308,7.857,8.7463,0.1507,-0.1819,0.1307
3,positive_training,CR,HRSD_21.1,HRSD21,cross-corpus-882,StandardScaler,CatBoost,47,12,10,0.0362,8.4079,10.0988,0.0381,-0.5757,-0.0318
3,positive_training,CR,HRSD_21.1,HRSD21,cross-corpus-882,MinMaxScaler,Ridge,47,12,10,0.2311,8.3754,10.002,0.243,-0.5457,0.3039
3,positive_training,CR,HRSD_21.1,HRSD21,cross-corpus-882,MinMaxScaler,Lasso,47,12,10,0.2323,8.5372,10.1604,0.2441,-0.595,0.2438
3,positive_training,CR,HRSD_21.1,HRSD21,cross-corpus-882,MinMaxScaler,ElasticNet,47,12,10,0.2256,8.0044,9.5375,0.2381,-0.4055,0.3039
3,positive_training,CR,HRSD_21.1,HRSD21,cross-corpus-882,MinMaxScaler,SVR,47,12,10,0.112,7.3648,9.574,0.1269,-0.4162,0.152
3,positive_training,CR,HRSD_21.1,HRSD21,cross-corpus-882,MinMaxScaler,KNN,47,12,10,0.0261,8.2,9.97,0.0278,-0.5358,-0.0159
3,positive_training,CR,HRSD_21.1,HRSD21,cross-corpus-882,MinMaxScaler,RF,47,12,10,0.2544,7.23,8.0648,0.2941,-0.0049,0.2262
3,positive_training,CR,HRSD_21.1,HRSD21,cross-corpus-882,MinMaxScaler,ET,47,12,10,0.2363,7.2333,8.1712,0.2772,-0.0316,0.3392
3,positive_training,CR,HRSD_21.1,HRSD21,cross-corpus-882,MinMaxScaler,GB,47,12,10,0.2524,8.3476,9.5399,0.2765,-0.4062,0.2898
3,positive_training,CR,HRSD_21.1,HRSD21,cross-corpus-882,MinMaxScaler,XGB,47,12,10,0.2547,8.0513,9.4546,0.2714,-0.3811,0.2438
3,positive_training,CR,HRSD_21.1,HRSD21,cross-corpus-882,MinMaxScaler,MLP,47,12,10,0.1644,8.7659,10.4767,0.1745,-0.6959,0.2297
3,positive_training,CR,HRSD_21.1,HRSD21,cross-corpus-882,MinMaxScaler,LGBM,47,12,10,0.2897,7.1648,8.1882,0.3209,-0.0359,0.4559
3,positive_training,CR,HRSD_21.1,HRSD21,cross-corpus-882,MinMaxScaler,CatBoost,47,12,10,0.1067,8.3162,9.2003,0.1158,-0.3078,0.1025
3,positive_training,CR,HRSD_21.1,HRSD21,cross-corpus-882,RobustScaler,Ridge,47,12,10,0.3481,8.1462,9.4738,0.3788,-0.3867,0.3074
3,positive_training,CR,HRSD_21.1,HRSD21,cross-corpus-882,RobustScaler,Lasso,47,12,10,0.3412,8.1366,9.5019,0.3711,-0.395,0.3074
3,positive_training,CR,HRSD_21.1,HRSD21,cross-corpus-882,RobustScaler,ElasticNet,47,12,10,0.3274,8.1982,9.6218,0.3566,-0.4304,0.3074
3,positive_training,CR,HRSD_21.1,HRSD21,cross-corpus-882,RobustScaler,SVR,47,12,10,-0.0396,10.6908,11.9519,-0.042,-1.2071,-0.0565
3,positive_training,CR,HRSD_21.1,HRSD21,cross-corpus-882,RobustScaler,KNN,47,12,10,-0.0276,8.5,10.5189,-0.0282,-0.7096,0.0478
3,positive_training,CR,HRSD_21.1,HRSD21,cross-corpus-882,RobustScaler,RF,47,12,10,0.1698,7.6092,8.564,0.199,-0.1332,0.2438
3,positive_training,CR,HRSD_21.1,HRSD21,cross-corpus-882,RobustScaler,ET,47,12,10,0.0205,7.7296,9.0691,0.0257,-0.2708,0.1025
3,positive_training,CR,HRSD_21.1,HRSD21,cross-corpus-882,RobustScaler,GB,47,12,10,0.2949,7.7045,9.1217,0.3452,-0.2856,0.371
3,positive_training,CR,HRSD_21.1,HRSD21,cross-corpus-882,RobustScaler,XGB,47,12,10,0.1408,8.7194,9.8808,0.1518,-0.5084,0.1696
3,positive_training,CR,HRSD_21.1,HRSD21,cross-corpus-882,RobustScaler,MLP,47,12,10,0.1556,10.1208,11.268,0.1595,-0.9617,0.2226
3,positive_training,CR,HRSD_21.1,HRSD21,cross-corpus-882,RobustScaler,LGBM,47,12,10,0.0854,7.691,8.7982,0.1032,-0.196,0.131
3,positive_training,CR,HRSD_21.1,HRSD21,cross-corpus-882,RobustScaler,CatBoost,47,12,10,0.0583,8.844,10.4413,0.0621,-0.6844,0.0671
4,positive_training,CR,HRSD_21.1,HRSD21,cross-corpus-882,StandardScaler,Ridge,47,12,10,0.47,5.8188,7.4393,0.5172,0.234,0.4807
4,positive_training,CR,HRSD_21.1,HRSD21,cross-corpus-882,StandardScaler,Lasso,47,12,10,0.539,5.011,7.3446,0.556,0.2534,0.6211
4,positive_training,CR,HRSD_21.1,HRSD21,cross-corpus-882,StandardScaler,ElasticNet,47,12,10,0.508,5.4282,7.3333,0.5416,0.2557,0.4807
4,positive_training,CR,HRSD_21.1,HRSD21,cross-corpus-882,StandardScaler,SVR,47,12,10,0.4393,6.5167,7.8326,0.4739,0.1509,0.4912
4,positive_training,CR,HRSD_21.1,HRSD21,cross-corpus-882,StandardScaler,KNN,47,12,10,0.3207,7.2,8.466,0.3697,0.008,0.3304
4,positive_training,CR,HRSD_21.1,HRSD21,cross-corpus-882,StandardScaler,RF,47,12,10,0.2399,7.1967,8.0583,0.3436,0.1012,0.4622
4,positive_training,CR,HRSD_21.1,HRSD21,cross-corpus-882,StandardScaler,ET,47,12,10,0.3548,6.8967,7.8324,0.4183,0.1509,0.5193
4,positive_training,CR,HRSD_21.1,HRSD21,cross-corpus-882,StandardScaler,GB,47,12,10,0.477,6.0301,6.8689,0.5973,0.347,0.8035
4,positive_training,CR,HRSD_21.1,HRSD21,cross-corpus-882,StandardScaler,XGB,47,12,10,0.5507,5.2651,6.4585,0.6678,0.4227,0.7579
4,positive_training,CR,HRSD_21.1,HRSD21,cross-corpus-882,StandardScaler,MLP,47,12,10,0.3304,7.4351,8.7027,0.3453,-0.0483,0.3649
4,positive_training,CR,HRSD_21.1,HRSD21,cross-corpus-882,StandardScaler,LGBM,47,12,10,0.2593,6.2761,7.5797,0.5916,0.2048,0.5415
4,positive_training,CR,HRSD_21.1,HRSD21,cross-corpus-882,StandardScaler,CatBoost,47,12,10,0.4096,5.3665,7.0606,0.5892,0.31,0.4912
4,positive_training,CR,HRSD_21.1,HRSD21,cross-corpus-882,MinMaxScaler,Ridge,47,12,5,0.2459,7.2651,8.4536,0.3034,0.0109,0.3298
4,positive_training,CR,HRSD_21.1,HRSD21,cross-corpus-882,MinMaxScaler,Lasso,47,12,5,0.2076,7.4537,8.575,0.2629,-0.0177,0.2947
4,positive_training,CR,HRSD_21.1,HRSD21,cross-corpus-882,MinMaxScaler,ElasticNet,47,12,5,0.2097,7.4419,8.5527,0.2679,-0.0124,0.2947
4,positive_training,CR,HRSD_21.1,HRSD21,cross-corpus-882,MinMaxScaler,SVR,47,12,5,0.2416,7.5167,8.7332,0.2763,-0.0556,0.3158
4,positive_training,CR,HRSD_21.1,HRSD21,cross-corpus-882,MinMaxScaler,KNN,47,12,5,0.451,5.9833,7.1314,0.564,0.2961,0.4464
4,positive_training,CR,HRSD_21.1,HRSD21,cross-corpus-882,MinMaxScaler,RF,47,12,5,0.1712,6.5917,8.1658,0.2848,0.0771,0.3614
4,positive_training,CR,HRSD_21.1,HRSD21,cross-corpus-882,MinMaxScaler,ET,47,12,5,0.191,6.3502,7.9027,0.4098,0.1356,0.3088
4,positive_training,CR,HRSD_21.1,HRSD21,cross-corpus-882,MinMaxScaler,GB,47,12,5,0.3864,6.5241,7.9391,0.4263,0.1276,0.5649
4,positive_training,CR,HRSD_21.1,HRSD21,cross-corpus-882,MinMaxScaler,XGB,47,12,5,0.3813,6.5738,8.13,0.4119,0.0852,0.5544
4,positive_training,CR,HRSD_21.1,HRSD21,cross-corpus-882,MinMaxScaler,MLP,47,12,5,0.2552,7.352,8.4567,0.3121,0.0102,0.4982
4,positive_training,CR,HRSD_21.1,HRSD21,cross-corpus-882,MinMaxScaler,LGBM,47,12,5,0.0154,7.3697,8.8277,0.0318,-0.0786,0.0932
4,positive_training,CR,HRSD_21.1,HRSD21,cross-corpus-882,MinMaxScaler,CatBoost,47,12,5,0.2438,6.4357,7.8883,0.3765,0.1387,0.4877
4,positive_training,CR,HRSD_21.1,HRSD21,cross-corpus-882,RobustScaler,Ridge,47,12,5,0.3668,6.529,8.0542,0.4032,0.1021,0.4105
4,positive_training,CR,HRSD_21.1,HRSD21,cross-corpus-882,RobustScaler,Lasso,47,12,5,0.364,6.5183,8.0523,0.4016,0.1026,0.4105
4,positive_training,CR,HRSD_21.1,HRSD21,cross-corpus-882,RobustScaler,ElasticNet,47,12,5,0.3518,6.4233,7.9891,0.3999,0.1166,0.4105
4,positive_training,CR,HRSD_21.1,HRSD21,cross-corpus-882,RobustScaler,SVR,47,12,5,0.2842,6.8835,8.1623,0.341,0.0779,0.5509
4,positive_training,CR,HRSD_21.1,HRSD21,cross-corpus-882,RobustScaler,KNN,47,12,5,0.4967,5.8167,6.7436,0.6389,0.3706,0.7053
4,positive_training,CR,HRSD_21.1,HRSD21,cross-corpus-882,RobustScaler,RF,47,12,5,0.3425,6.8588,7.6696,0.435,0.1858,0.5088
4,positive_training,CR,HRSD_21.1,HRSD21,cross-corpus-882,RobustScaler,ET,47,12,5,0.3262,6.7408,7.5454,0.4643,0.212,0.5053
4,positive_training,CR,HRSD_21.1,HRSD21,cross-corpus-882,RobustScaler,GB,47,12,5,0.2585,6.947,8.4799,0.2989,0.0047,0.3579
4,positive_training,CR,HRSD_21.1,HRSD21,cross-corpus-882,RobustScaler,XGB,47,12,5,0.3038,6.877,8.3799,0.343,0.0281,0.3965
4,positive_training,CR,HRSD_21.1,HRSD21,cross-corpus-882,RobustScaler,MLP,47,12,5,0.2216,7.4971,8.798,0.2515,-0.0713,0.3649
4,positive_training,CR,HRSD_21.1,HRSD21,cross-corpus-882,RobustScaler,LGBM,47,12,5,0.0243,7.2779,8.7417,0.0464,-0.0577,-0.0054
4,positive_training,CR,HRSD_21.1,HRSD21,cross-corpus-882,RobustScaler,CatBoost,47,12,5,0.2665,6.9711,8.1458,0.3341,0.0816,0.4947
5,positive_training,CR,HRSD_21.1,HRSD21,cross-corpus-882,StandardScaler,Ridge,48,11,5,0.089,8.3416,9.4144,0.2192,0.0387,-0.2511
5,positive_training,CR,HRSD_21.1,HRSD21,cross-corpus-882,StandardScaler,Lasso,48,11,5,0.0953,8.3718,9.4297,0.2045,0.0356,-0.1598
5,positive_training,CR,HRSD_21.1,HRSD21,cross-corpus-882,StandardScaler,ElasticNet,48,11,5,0.095,8.3578,9.448,0.2022,0.0318,-0.2283
5,positive_training,CR,HRSD_21.1,HRSD21,cross-corpus-882,StandardScaler,SVR,48,11,5,-0.1932,9.8787,11.0468,-0.3638,-0.3236,-0.1233
5,positive_training,CR,HRSD_21.1,HRSD21,cross-corpus-882,StandardScaler,KNN,48,11,5,-0.1205,8.9636,11.1676,-0.1601,-0.3527,-0.1674
5,positive_training,CR,HRSD_21.1,HRSD21,cross-corpus-882,StandardScaler,RF,48,11,5,-0.2629,9.7882,11.9923,-0.3643,-0.5598,-0.379
5,positive_training,CR,HRSD_21.1,HRSD21,cross-corpus-882,StandardScaler,ET,48,11,5,-0.3203,10.3155,12.4633,-0.3973,-0.6848,-0.379
5,positive_training,CR,HRSD_21.1,HRSD21,cross-corpus-882,StandardScaler,GB,48,11,5,-0.3794,10.5106,13.4113,-0.4182,-0.9508,-0.4155
5,positive_training,CR,HRSD_21.1,HRSD21,cross-corpus-882,StandardScaler,XGB,48,11,5,-0.2639,9.8453,12.7828,-0.2933,-0.7723,-0.274
5,positive_training,CR,HRSD_21.1,HRSD21,cross-corpus-882,StandardScaler,MLP,48,11,5,0.0836,8.5241,9.7858,0.1332,-0.0387,0.032
5,positive_training,CR,HRSD_21.1,HRSD21,cross-corpus-882,StandardScaler,LGBM,48,11,5,0.0935,7.9948,9.8073,0.1427,-0.0432,0.2051
5,positive_training,CR,HRSD_21.1,HRSD21,cross-corpus-882,StandardScaler,CatBoost,48,11,5,-0.271,10.1819,12.0555,-0.3551,-0.5763,-0.2968
5,positive_training,CR,HRSD_21.1,HRSD21,cross-corpus-882,MinMaxScaler,Ridge,48,11,5,0.0853,9.0763,10.3349,0.1238,-0.1585,-0.0457
5,positive_training,CR,HRSD_21.1,HRSD21,cross-corpus-882,MinMaxScaler,Lasso,48,11,5,0.0965,9.2348,10.4309,0.1331,-0.1801,-0.0228
5,positive_training,CR,HRSD_21.1,HRSD21,cross-corpus-882,MinMaxScaler,ElasticNet,48,11,5,0.0775,8.6522,9.9209,0.1372,-0.0675,-0.0228
5,positive_training,CR,HRSD_21.1,HRSD21,cross-corpus-882,MinMaxScaler,SVR,48,11,5,-0.0297,8.953,10.4273,-0.0559,-0.1793,-0.0913
5,positive_training,CR,HRSD_21.1,HRSD21,cross-corpus-882,MinMaxScaler,KNN,48,11,5,-0.1224,9.5273,10.979,-0.1758,-0.3074,-0.2792
5,positive_training,CR,HRSD_21.1,HRSD21,cross-corpus-882,MinMaxScaler,RF,48,11,5,-0.1176,8.7291,10.7494,-0.2261,-0.2533,0.0411
5,positive_training,CR,HRSD_21.1,HRSD21,cross-corpus-882,MinMaxScaler,ET,48,11,5,-0.1325,8.8555,10.6324,-0.2968,-0.2261,-0.0365
5,positive_training,CR,HRSD_21.1,HRSD21,cross-corpus-882,MinMaxScaler,GB,48,11,5,0.0979,8.2512,10.18,0.1425,-0.124,0.2557
5,positive_training,CR,HRSD_21.1,HRSD21,cross-corpus-882,MinMaxScaler,XGB,48,11,5,0.1181,8.4546,10.3894,0.1442,-0.1707,0.1507
5,positive_training,CR,HRSD_21.1,HRSD21,cross-corpus-882,MinMaxScaler,MLP,48,11,5,0.0794,8.8979,10.3339,0.1162,-0.1583,-0.0228
5,positive_training,CR,HRSD_21.1,HRSD21,cross-corpus-882,MinMaxScaler,LGBM,48,11,5,0.0043,8.9705,10.9532,0.0056,-0.3013,0.0806
5,positive_training,CR,HRSD_21.1,HRSD21,cross-corpus-882,MinMaxScaler,CatBoost,48,11,5,-0.0562,8.7042,10.4827,-0.0967,-0.1919,0.105
5,positive_training,CR,HRSD_21.1,HRSD21,cross-corpus-882,RobustScaler,Ridge,48,11,5,0.0289,8.5927,9.6573,0.0889,-0.0116,-0.0137
5,positive_training,CR,HRSD_21.1,HRSD21,cross-corpus-882,RobustScaler,Lasso,48,11,5,0.0,8.5947,9.6855,,-0.0175,
5,positive_training,CR,HRSD_21.1,HRSD21,cross-corpus-882,RobustScaler,ElasticNet,48,11,5,-0.0947,9.357,11.7081,-0.1083,-0.4868,-0.1233
5,positive_training,CR,HRSD_21.1,HRSD21,cross-corpus-882,RobustScaler,SVR,48,11,5,-0.3784,10.8422,13.2013,-0.4266,-0.8902,-0.3151
5,positive_training,CR,HRSD_21.1,HRSD21,cross-corpus-882,RobustScaler,KNN,48,11,5,-0.1848,9.8485,12.2338,-0.2093,-0.6233,-0.1872
5,positive_training,CR,HRSD_21.1,HRSD21,cross-corpus-882,RobustScaler,RF,48,11,5,-0.1815,9.2182,11.0835,-0.3052,-0.3324,-0.2283
5,positive_training,CR,HRSD_21.1,HRSD21,cross-corpus-882,RobustScaler,ET,48,11,5,-0.2134,9.693,11.1882,-0.3469,-0.3577,-0.4018
5,positive_training,CR,HRSD_21.1,HRSD21,cross-corpus-882,RobustScaler,GB,48,11,5,-0.0649,8.2427,11.2352,-0.0784,-0.3691,-0.1416
5,positive_training,CR,HRSD_21.1,HRSD21,cross-corpus-882,RobustScaler,XGB,48,11,5,-0.0878,9.5778,12.0933,-0.0958,-0.5862,-0.1918
5,positive_training,CR,HRSD_21.1,HRSD21,cross-corpus-882,RobustScaler,MLP,48,11,5,-0.1544,9.5432,11.2698,-0.212,-0.3776,-0.0913
5,positive_training,CR,HRSD_21.1,HRSD21,cross-corpus-882,RobustScaler,LGBM,48,11,5,0.1507,7.7411,9.3569,0.248,0.0504,0.1714
5,positive_training,CR,HRSD_21.1,HRSD21,cross-corpus-882,RobustScaler,CatBoost,48,11,5,-0.2248,9.3511,11.3618,-0.3493,-0.4001,-0.2922
1,positive_training,CR,HRSD_24.1,HRSD24,cross-corpus-882,StandardScaler,Ridge,47,12,10,-0.1405,15.8012,18.2867,-0.2171,-0.3852,-0.3228
1,positive_training,CR,HRSD_24.1,HRSD24,cross-corpus-882,StandardScaler,Lasso,47,12,10,-0.1312,15.4203,17.8975,-0.2139,-0.3269,-0.2667
1,positive_training,CR,HRSD_24.1,HRSD24,cross-corpus-882,StandardScaler,ElasticNet,47,12,10,-0.1608,16.2295,18.789,-0.2334,-0.4624,-0.2947
1,positive_training,CR,HRSD_24.1,HRSD24,cross-corpus-882,StandardScaler,SVR,47,12,10,-0.2265,15.7882,18.4531,-0.3586,-0.4105,-0.3684
1,positive_training,CR,HRSD_24.1,HRSD24,cross-corpus-882,StandardScaler,KNN,47,12,10,-0.1402,15.3981,17.5758,-0.2682,-0.2796,-0.2144
1,positive_training,CR,HRSD_24.1,HRSD24,cross-corpus-882,StandardScaler,RF,47,12,10,-0.0796,15.0033,16.7472,-0.1999,-0.1618,-0.3158
1,positive_training,CR,HRSD_24.1,HRSD24,cross-corpus-882,StandardScaler,ET,47,12,10,-0.1144,15.2329,17.1292,-0.2598,-0.2154,-0.3263
1,positive_training,CR,HRSD_24.1,HRSD24,cross-corpus-882,StandardScaler,GB,47,12,10,-0.4063,18.5001,20.812,-0.6043,-0.7942,-0.7123
1,positive_training,CR,HRSD_24.1,HRSD24,cross-corpus-882,StandardScaler,XGB,47,12,10,-0.5387,19.4166,21.9445,-0.7354,-0.9948,-0.7649
1,positive_training,CR,HRSD_24.1,HRSD24,cross-corpus-882,StandardScaler,MLP,47,12,10,-0.2914,19.1038,22.4806,-0.3313,-1.0935,-0.2667
1,positive_training,CR,HRSD_24.1,HRSD24,cross-corpus-882,StandardScaler,LGBM,47,12,10,-0.1601,15.4156,17.6184,-0.2725,-0.2858,-0.412
1,positive_training,CR,HRSD_24.1,HRSD24,cross-corpus-882,StandardScaler,CatBoost,47,12,10,-0.1394,15.1562,17.2938,-0.2963,-0.2389,-0.3614
1,positive_training,CR,HRSD_24.1,HRSD24,cross-corpus-882,MinMaxScaler,Ridge,47,12,10,-0.19,16.1159,18.3035,-0.3183,-0.3878,-0.4
1,positive_training,CR,HRSD_24.1,HRSD24,cross-corpus-882,MinMaxScaler,Lasso,47,12,10,-0.1852,15.966,18.4587,-0.2958,-0.4114,-0.3965
1,positive_training,CR,HRSD_24.1,HRSD24,cross-corpus-882,MinMaxScaler,ElasticNet,47,12,10,-0.1979,16.2659,18.6495,-0.3092,-0.4407,-0.3439
1,positive_training,CR,HRSD_24.1,HRSD24,cross-corpus-882,MinMaxScaler,SVR,47,12,10,-0.2196,16.6152,19.4209,-0.3048,-0.5624,-0.2807
1,positive_training,CR,HRSD_24.1,HRSD24,cross-corpus-882,MinMaxScaler,KNN,47,12,10,-0.3197,17.0119,19.4556,-0.524,-0.568,-0.7263
1,positive_training,CR,HRSD_24.1,HRSD24,cross-corpus-882,MinMaxScaler,RF,47,12,10,-0.1681,15.1867,17.5115,-0.3461,-0.2703,-0.5263
1,positive_training,CR,HRSD_24.1,HRSD24,cross-corpus-882,MinMaxScaler,ET,47,12,10,-0.1475,15.445,17.3698,-0.3407,-0.2498,-0.4211
1,positive_training,CR,HRSD_24.1,HRSD24,cross-corpus-882,MinMaxScaler,GB,47,12,10,-0.1608,16.4203,19.4786,-0.1991,-0.5717,-0.3509
1,positive_training,CR,HRSD_24.1,HRSD24,cross-corpus-882,MinMaxScaler,XGB,47,12,10,-0.259,16.6214,20.0504,-0.3131,-0.6653,-0.4947
1,positive_training,CR,HRSD_24.1,HRSD24,cross-corpus-882,MinMaxScaler,MLP,47,12,10,-0.2409,16.8874,19.5878,-0.3318,-0.5893,-0.207
1,positive_training,CR,HRSD_24.1,HRSD24,cross-corpus-882,MinMaxScaler,LGBM,47,12,10,-0.0965,14.6719,16.7859,-0.2128,-0.1672,-0.5466
1,positive_training,CR,HRSD_24.1,HRSD24,cross-corpus-882,MinMaxScaler,CatBoost,47,12,10,-0.2425,15.7898,18.525,-0.4061,-0.4216,-0.5193
1,positive_training,CR,HRSD_24.1,HRSD24,cross-corpus-882,RobustScaler,Ridge,47,12,10,-0.0369,15.0889,18.7772,-0.0493,-0.4605,-0.2281
1,positive_training,CR,HRSD_24.1,HRSD24,cross-corpus-882,RobustScaler,Lasso,47,12,10,-0.0197,13.759,16.6327,-0.0349,-0.146,-0.1544
1,positive_training,CR,HRSD_24.1,HRSD24,cross-corpus-882,RobustScaler,ElasticNet,47,12,10,0.0031,14.4041,17.8501,0.0044,-0.3199,-0.1439
1,positive_training,CR,HRSD_24.1,HRSD24,cross-corpus-882,RobustScaler,SVR,47,12,10,-0.1857,16.3775,19.4159,-0.254,-0.5616,-0.4316
1,positive_training,CR,HRSD_24.1,HRSD24,cross-corpus-882,RobustScaler,KNN,47,12,10,-0.0285,14.2,16.4722,-0.0608,-0.124,-0.2355
1,positive_training,CR,HRSD_24.1,HRSD24,cross-corpus-882,RobustScaler,RF,47,12,10,0.0036,13.9896,16.2895,0.0074,-0.0992,-0.2
1,positive_training,CR,HRSD_24.1,HRSD24,cross-corpus-882,RobustScaler,ET,47,12,10,-0.0633,14.6104,16.8598,-0.1286,-0.1775,-0.214
1,positive_training,CR,HRSD_24.1,HRSD24,cross-corpus-882,RobustScaler,GB,47,12,10,-0.2451,17.2192,20.2287,-0.3201,-0.695,-0.4842
1,positive_training,CR,HRSD_24.1,HRSD24,cross-corpus-882,RobustScaler,XGB,47,12,10,-0.2434,16.8021,20.0709,-0.3017,-0.6687,-0.4281
1,positive_training,CR,HRSD_24.1,HRSD24,cross-corpus-882,RobustScaler,MLP,47,12,10,-0.0166,15.1493,18.9982,-0.0198,-0.4951,-0.1228
1,positive_training,CR,HRSD_24.1,HRSD24,cross-corpus-882,RobustScaler,LGBM,47,12,10,-0.0045,13.7859,16.6537,-0.0071,-0.1489,-0.0211
1,positive_training,CR,HRSD_24.1,HRSD24,cross-corpus-882,RobustScaler,CatBoost,47,12,10,-0.089,14.9621,17.0551,-0.187,-0.2049,-0.2807
2,positive_training,CR,HRSD_24.1,HRSD24,cross-corpus-882,StandardScaler,Ridge,47,12,10,0.0555,12.1557,13.8954,0.0612,-1.0671,-0.1329
2,positive_training,CR,HRSD_24.1,HRSD24,cross-corpus-882,StandardScaler,Lasso,47,12,10,0.1417,10.8352,11.9139,0.1542,-0.5195,0.007
2,positive_training,CR,HRSD_24.1,HRSD24,cross-corpus-882,StandardScaler,ElasticNet,47,12,10,0.0812,12.1833,13.7506,0.0879,-1.0242,-0.0559
2,positive_training,CR,HRSD_24.1,HRSD24,cross-corpus-882,StandardScaler,SVR,47,12,10,0.0441,12.7395,15.4952,0.0534,-1.5704,-0.2238
2,positive_training,CR,HRSD_24.1,HRSD24,cross-corpus-882,StandardScaler,KNN,47,12,10,-0.1372,12.05,13.566,-0.1588,-0.9702,-0.3706
2,positive_training,CR,HRSD_24.1,HRSD24,cross-corpus-882,StandardScaler,RF,47,12,10,-0.0938,10.8683,12.7802,-0.1086,-0.7486,-0.2937
2,positive_training,CR,HRSD_24.1,HRSD24,cross-corpus-882,StandardScaler,ET,47,12,10,-0.0471,10.82,12.5446,-0.0561,-0.6847,-0.1818
2,positive_training,CR,HRSD_24.1,HRSD24,cross-corpus-882,StandardScaler,GB,47,12,10,-0.2225,13.1787,14.9705,-0.2363,-1.3993,-0.3846
2,positive_training,CR,HRSD_24.1,HRSD24,cross-corpus-882,StandardScaler,XGB,47,12,10,-0.1717,13.5186,15.2795,-0.1805,-1.4993,-0.3776
2,positive_training,CR,HRSD_24.1,HRSD24,cross-corpus-882,StandardScaler,MLP,47,12,10,0.0817,14.1798,16.8556,0.0937,-2.0416,-0.1678
2,positive_training,CR,HRSD_24.1,HRSD24,cross-corpus-882,StandardScaler,LGBM,47,12,10,-0.0132,11.0363,12.8377,-0.0179,-0.7643,-0.0211
2,positive_training,CR,HRSD_24.1,HRSD24,cross-corpus-882,StandardScaler,CatBoost,47,12,10,-0.0641,10.8167,13.3672,-0.0716,-0.9129,-0.3636
2,positive_training,CR,HRSD_24.1,HRSD24,cross-corpus-882,MinMaxScaler,Ridge,47,12,15,0.1052,11.7476,13.0967,0.1155,-0.8362,-0.1119
2,positive_training,CR,HRSD_24.1,HRSD24,cross-corpus-882,MinMaxScaler,Lasso,47,12,15,0.1444,11.3321,12.405,0.1551,-0.6474,0.007
2,positive_training,CR,HRSD_24.1,HRSD24,cross-corpus-882,MinMaxScaler,ElasticNet,47,12,15,0.1106,11.7534,13.0544,0.1204,-0.8244,-0.1119
2,positive_training,CR,HRSD_24.1,HRSD24,cross-corpus-882,MinMaxScaler,SVR,47,12,15,0.0266,11.3751,12.9022,0.0329,-0.7821,-0.1119
2,positive_training,CR,HRSD_24.1,HRSD24,cross-corpus-882,MinMaxScaler,KNN,47,12,15,0.0197,11.25,14.0808,0.0219,-1.1226,-0.021
2,positive_training,CR,HRSD_24.1,HRSD24,cross-corpus-882,MinMaxScaler,RF,47,12,15,0.0615,9.5325,11.3487,0.0793,-0.3788,-0.042
2,positive_training,CR,HRSD_24.1,HRSD24,cross-corpus-882,MinMaxScaler,ET,47,12,15,0.0353,9.5529,11.3707,0.0464,-0.3842,-0.0769
2,positive_training,CR,HRSD_24.1,HRSD24,cross-corpus-882,MinMaxScaler,GB,47,12,15,-0.0588,12.5891,14.3749,-0.065,-1.2122,-0.3706
2,positive_training,CR,HRSD_24.1,HRSD24,cross-corpus-882,MinMaxScaler,XGB,47,12,15,0.088,11.428,13.1924,0.0908,-0.8632,-0.1329
2,positive_training,CR,HRSD_24.1,HRSD24,cross-corpus-882,MinMaxScaler,MLP,47,12,15,0.094,12.2992,13.4957,0.1024,-0.9498,-0.021
2,positive_training,CR,HRSD_24.1,HRSD24,cross-corpus-882,MinMaxScaler,LGBM,47,12,15,0.1932,9.405,10.9196,0.2731,-0.2765,0.1296
2,positive_training,CR,HRSD_24.1,HRSD24,cross-corpus-882,MinMaxScaler,CatBoost,47,12,15,0.2011,9.9812,11.7852,0.231,-0.4869,-0.0909
2,positive_training,CR,HRSD_24.1,HRSD24,cross-corpus-882,RobustScaler,Ridge,47,12,5,0.0268,12.2083,14.1037,0.0302,-1.1295,-0.1259
2,positive_training,CR,HRSD_24.1,HRSD24,cross-corpus-882,RobustScaler,Lasso,47,12,5,0.0288,12.1815,14.0733,0.0325,-1.1203,-0.1259
2,positive_training,CR,HRSD_24.1,HRSD24,cross-corpus-882,RobustScaler,ElasticNet,47,12,5,0.0369,12.0605,13.9443,0.0415,-1.0816,-0.1259
2,positive_training,CR,HRSD_24.1,HRSD24,cross-corpus-882,RobustScaler,SVR,47,12,5,0.1022,13.5857,15.8235,0.1246,-1.6805,-0.1888
2,positive_training,CR,HRSD_24.1,HRSD24,cross-corpus-882,RobustScaler,KNN,47,12,5,-0.1328,13.2778,15.2151,-0.1496,-1.4783,-0.2098
2,positive_training,CR,HRSD_24.1,HRSD24,cross-corpus-882,RobustScaler,RF,47,12,5,0.0332,10.0388,12.0805,0.0389,-0.5624,-0.1366
2,positive_training,CR,HRSD_24.1,HRSD24,cross-corpus-882,RobustScaler,ET,47,12,5,0.0622,10.5975,12.6887,0.0746,-0.7236,-0.1608
2,positive_training,CR,HRSD_24.1,HRSD24,cross-corpus-882,RobustScaler,GB,47,12,5,0.0045,11.7063,13.8386,0.0049,-1.0502,-0.2098
2,positive_training,CR,HRSD_24.1,HRSD24,cross-corpus-882,RobustScaler,XGB,47,12,5,0.059,12.3275,14.1461,0.0606,-1.1423,-0.2378
2,positive_training,CR,HRSD_24.1,HRSD24,cross-corpus-882,RobustScaler,MLP,47,12,5,0.1011,13.4627,15.6374,0.1148,-1.6178,-0.035
2,positive_training,CR,HRSD_24.1,HRSD24,cross-corpus-882,RobustScaler,LGBM,47,12,5,-0.019,11.257,12.9318,-0.025,-0.7903,-0.0563
2,positive_training,CR,HRSD_24.1,HRSD24,cross-corpus-882,RobustScaler,CatBoost,47,12,5,0.1177,10.4128,12.254,0.1347,-0.6076,-0.1259
3,positive_training,CR,HRSD_24.1,HRSD24,cross-corpus-882,StandardScaler,Ridge,47,12,5,0.2691,10.6058,12.8793,0.2764,-0.3718,0.0421
3,positive_training,CR,HRSD_24.1,HRSD24,cross-corpus-882,StandardScaler,Lasso,47,12,5,0.2648,10.6161,12.8995,0.2721,-0.3761,-0.0175
3,positive_training,CR,HRSD_24.1,HRSD24,cross-corpus-882,StandardScaler,ElasticNet,47,12,5,0.257,10.6437,12.9506,0.2641,-0.3871,-0.0175
3,positive_training,CR,HRSD_24.1,HRSD24,cross-corpus-882,StandardScaler,SVR,47,12,5,-0.2842,11.9235,13.9455,-0.3634,-0.6084,-0.2386
3,positive_training,CR,HRSD_24.1,HRSD24,cross-corpus-882,StandardScaler,KNN,47,12,5,-0.1778,11.1481,13.5385,-0.2156,-0.5159,-0.2724
3,positive_training,CR,HRSD_24.1,HRSD24,cross-corpus-882,StandardScaler,RF,47,12,5,-0.0312,10.2542,12.3153,-0.0411,-0.2543,-0.1509
3,positive_training,CR,HRSD_24.1,HRSD24,cross-corpus-882,StandardScaler,ET,47,12,5,-0.0406,10.2,12.2605,-0.0554,-0.2432,-0.0737
3,positive_training,CR,HRSD_24.1,HRSD24,cross-corpus-882,StandardScaler,GB,47,12,5,0.1893,10.418,12.1565,0.2003,-0.2222,0.0807
3,positive_training,CR,HRSD_24.1,HRSD24,cross-corpus-882,StandardScaler,XGB,47,12,5,0.3699,8.9828,10.4491,0.4028,0.097,0.3368
3,positive_training,CR,HRSD_24.1,HRSD24,cross-corpus-882,StandardScaler,MLP,47,12,5,-0.0347,12.4312,14.6317,-0.0354,-0.7705,-0.1123
3,positive_training,CR,HRSD_24.1,HRSD24,cross-corpus-882,StandardScaler,LGBM,47,12,5,-0.1731,11.0331,13.3721,-0.2167,-0.4788,-0.3393
3,positive_training,CR,HRSD_24.1,HRSD24,cross-corpus-882,StandardScaler,CatBoost,47,12,5,0.1036,10.5876,12.1303,0.1177,-0.2169,0.0351
3,positive_training,CR,HRSD_24.1,HRSD24,cross-corpus-882,MinMaxScaler,Ridge,47,12,10,0.2303,11.4486,13.2465,0.2411,-0.4512,0.1509
3,positive_training,CR,HRSD_24.1,HRSD24,cross-corpus-882,MinMaxScaler,Lasso,47,12,10,0.2355,10.9979,12.7818,0.2488,-0.3511,0.1509
3,positive_training,CR,HRSD_24.1,HRSD24,cross-corpus-882,MinMaxScaler,ElasticNet,47,12,10,0.2306,11.4114,13.2058,0.2414,-0.4422,0.1509
3,positive_training,CR,HRSD_24.1,HRSD24,cross-corpus-882,MinMaxScaler,SVR,47,12,10,0.3226,10.017,11.974,0.3409,-0.1858,0.3474
3,positive_training,CR,HRSD_24.1,HRSD24,cross-corpus-882,MinMaxScaler,KNN,47,12,10,0.1785,10.1667,12.0871,0.2005,-0.2083,0.0914
3,positive_training,CR,HRSD_24.1,HRSD24,cross-corpus-882,MinMaxScaler,RF,47,12,10,0.2015,10.1846,11.0948,0.2451,-0.018,0.2105
3,positive_training,CR,HRSD_24.1,HRSD24,cross-corpus-882,MinMaxScaler,ET,47,12,10,0.0345,10.5808,11.8359,0.0476,-0.1586,-0.007
3,positive_training,CR,HRSD_24.1,HRSD24,cross-corpus-882,MinMaxScaler,GB,47,12,10,0.3119,10.8321,11.9058,0.3195,-0.1723,0.3228
3,positive_training,CR,HRSD_24.1,HRSD24,cross-corpus-882,MinMaxScaler,XGB,47,12,10,0.305,10.7461,11.88,0.3131,-0.1672,0.2737
3,positive_training,CR,HRSD_24.1,HRSD24,cross-corpus-882,MinMaxScaler,MLP,47,12,10,0.1691,12.0022,13.8062,0.1752,-0.5764,0.1614
3,positive_training,CR,HRSD_24.1,HRSD24,cross-corpus-882,MinMaxScaler,LGBM,47,12,10,0.1818,10.309,11.7251,0.2067,-0.137,0.3123
3,positive_training,CR,HRSD_24.1,HRSD24,cross-corpus-882,MinMaxScaler,CatBoost,47,12,10,0.0567,11.3768,12.8954,0.0618,-0.3753,0.0842
3,positive_training,CR,HRSD_24.1,HRSD24,cross-corpus-882,RobustScaler,Ridge,47,12,10,0.2743,11.2227,12.8943,0.2965,-0.375,0.2667
3,positive_training,CR,HRSD_24.1,HRSD24,cross-corpus-882,RobustScaler,Lasso,47,12,10,0.3568,11.083,12.2909,0.3856,-0.2493,0.3228
3,positive_training,CR,HRSD_24.1,HRSD24,cross-corpus-882,RobustScaler,ElasticNet,47,12,10,0.2098,11.2726,13.0514,0.2259,-0.4087,0.1263
3,positive_training,CR,HRSD_24.1,HRSD24,cross-corpus-882,RobustScaler,SVR,47,12,10,0.0896,10.5557,12.3242,0.1085,-0.2561,0.0632
3,positive_training,CR,HRSD_24.1,HRSD24,cross-corpus-882,RobustScaler,KNN,47,12,10,0.1479,10.1833,12.1643,0.1612,-0.2237,0.0877
3,positive_training,CR,HRSD_24.1,HRSD24,cross-corpus-882,RobustScaler,RF,47,12,10,0.1019,10.5075,11.5286,0.1332,-0.0992,0.1193
3,positive_training,CR,HRSD_24.1,HRSD24,cross-corpus-882,RobustScaler,ET,47,12,10,-0.0874,11.2683,12.7047,-0.1151,-0.3349,-0.0947
3,positive_training,CR,HRSD_24.1,HRSD24,cross-corpus-882,RobustScaler,GB,47,12,10,0.0933,10.7392,12.2632,0.107,-0.2437,0.0105
3,positive_training,CR,HRSD_24.1,HRSD24,cross-corpus-882,RobustScaler,XGB,47,12,10,0.11,11.1668,13.2651,0.1128,-0.4552,0.1228
3,positive_training,CR,HRSD_24.1,HRSD24,cross-corpus-882,RobustScaler,MLP,47,12,10,0.1825,13.4862,14.7468,0.1889,-0.7985,0.1684
3,positive_training,CR,HRSD_24.1,HRSD24,cross-corpus-882,RobustScaler,LGBM,47,12,10,0.0089,10.8375,12.5123,0.0111,-0.2948,-0.0616
3,positive_training,CR,HRSD_24.1,HRSD24,cross-corpus-882,RobustScaler,CatBoost,47,12,10,0.0261,11.2548,12.613,0.0303,-0.3157,-0.0175
4,positive_training,CR,HRSD_24.1,HRSD24,cross-corpus-882,StandardScaler,Ridge,47,12,10,0.4579,7.3546,8.8905,0.4885,0.1506,0.4175
4,positive_training,CR,HRSD_24.1,HRSD24,cross-corpus-882,StandardScaler,Lasso,47,12,10,0.5114,7.6397,9.4065,0.514,0.0491,0.4982
4,positive_training,CR,HRSD_24.1,HRSD24,cross-corpus-882,StandardScaler,ElasticNet,47,12,10,0.5101,7.6222,9.3096,0.5136,0.0686,0.5263
4,positive_training,CR,HRSD_24.1,HRSD24,cross-corpus-882,StandardScaler,SVR,47,12,10,0.4264,6.3292,8.0988,0.5478,0.2951,0.4667
4,positive_training,CR,HRSD_24.1,HRSD24,cross-corpus-882,StandardScaler,KNN,47,12,10,0.4125,7.1167,8.5426,0.4953,0.2158,0.5018
4,positive_training,CR,HRSD_24.1,HRSD24,cross-corpus-882,StandardScaler,RF,47,12,10,0.3575,8.078,8.8228,0.4623,0.1635,0.6421
4,positive_training,CR,HRSD_24.1,HRSD24,cross-corpus-882,StandardScaler,ET,47,12,10,0.4372,6.6321,7.927,0.6055,0.3247,0.6281
4,positive_training,CR,HRSD_24.1,HRSD24,cross-corpus-882,StandardScaler,GB,47,12,10,0.4275,7.5669,8.3569,0.5163,0.2495,0.6456
4,positive_training,CR,HRSD_24.1,HRSD24,cross-corpus-882,StandardScaler,XGB,47,12,10,0.412,7.4169,8.4949,0.4876,0.2245,0.4982
4,positive_training,CR,HRSD_24.1,HRSD24,cross-corpus-882,StandardScaler,MLP,47,12,10,0.2868,6.7088,9.7957,0.3228,-0.0312,0.4421
4,positive_training,CR,HRSD_24.1,HRSD24,cross-corpus-882,StandardScaler,LGBM,47,12,10,0.3003,6.9021,8.4269,0.6282,0.2369,0.5684
4,positive_training,CR,HRSD_24.1,HRSD24,cross-corpus-882,StandardScaler,CatBoost,47,12,10,0.5798,5.6798,6.9366,0.7462,0.4829,0.7825
4,positive_training,CR,HRSD_24.1,HRSD24,cross-corpus-882,MinMaxScaler,Ridge,47,12,10,0.2417,7.8207,9.4623,0.3238,0.0378,0.3018
4,positive_training,CR,HRSD_24.1,HRSD24,cross-corpus-882,MinMaxScaler,Lasso,47,12,10,0.3657,7.225,9.0975,0.4156,0.1106,0.3614
4,positive_training,CR,HRSD_24.1,HRSD24,cross-corpus-882,MinMaxScaler,ElasticNet,47,12,10,0.3294,7.3569,9.2067,0.3883,0.0891,0.3614
4,positive_training,CR,HRSD_24.1,HRSD24,cross-corpus-882,MinMaxScaler,SVR,47,12,10,0.2925,7.3091,9.3815,0.339,0.0542,0.2982
4,positive_training,CR,HRSD_24.1,HRSD24,cross-corpus-882,MinMaxScaler,KNN,47,12,10,0.4041,7.5,8.5114,0.4898,0.2215,0.4886
4,positive_training,CR,HRSD_24.1,HRSD24,cross-corpus-882,MinMaxScaler,RF,47,12,10,0.2795,7.8158,8.9541,0.4155,0.1384,0.4175
4,positive_training,CR,HRSD_24.1,HRSD24,cross-corpus-882,MinMaxScaler,ET,47,12,10,0.4139,6.6492,7.9229,0.6643,0.3254,0.7193
4,positive_training,CR,HRSD_24.1,HRSD24,cross-corpus-882,MinMaxScaler,GB,47,12,10,0.3956,8.0374,8.9096,0.4533,0.147,0.607
4,positive_training,CR,HRSD_24.1,HRSD24,cross-corpus-882,MinMaxScaler,XGB,47,12,10,0.5146,7.1891,8.2744,0.5483,0.2643,0.6597
4,positive_training,CR,HRSD_24.1,HRSD24,cross-corpus-882,MinMaxScaler,MLP,47,12,10,0.3685,7.4344,9.1919,0.4015,0.092,0.4842
4,positive_training,CR,HRSD_24.1,HRSD24,cross-corpus-882,MinMaxScaler,LGBM,47,12,10,-0.0282,8.4059,10.2919,-0.0642,-0.1383,-0.1687
4,positive_training,CR,HRSD_24.1,HRSD24,cross-corpus-882,MinMaxScaler,CatBoost,47,12,10,0.4147,6.6726,7.9614,0.5987,0.3189,0.6772
4,positive_training,CR,HRSD_24.1,HRSD24,cross-corpus-882,RobustScaler,Ridge,47,12,5,0.3401,7.2337,9.1589,0.3945,0.0986,0.3018
4,positive_training,CR,HRSD_24.1,HRSD24,cross-corpus-882,RobustScaler,Lasso,47,12,5,0.3728,7.9704,9.8439,0.3827,-0.0413,0.3053
4,positive_training,CR,HRSD_24.1,HRSD24,cross-corpus-882,RobustScaler,ElasticNet,47,12,5,0.3659,7.4466,9.4698,0.3896,0.0363,0.2912
4,positive_training,CR,HRSD_24.1,HRSD24,cross-corpus-882,RobustScaler,SVR,47,12,5,0.3521,7.1138,8.7367,0.4343,0.1797,0.6316
4,positive_training,CR,HRSD_24.1,HRSD24,cross-corpus-882,RobustScaler,KNN,47,12,5,0.5468,6.1667,7.2354,0.7283,0.4374,0.7193
4,positive_training,CR,HRSD_24.1,HRSD24,cross-corpus-882,RobustScaler,RF,47,12,5,0.3488,7.5737,8.6881,0.4521,0.1888,0.5684
4,positive_training,CR,HRSD_24.1,HRSD24,cross-corpus-882,RobustScaler,ET,47,12,5,0.4375,6.8642,7.8413,0.6546,0.3393,0.6842
4,positive_training,CR,HRSD_24.1,HRSD24,cross-corpus-882,RobustScaler,GB,47,12,5,0.377,8.5509,9.2578,0.4029,0.079,0.4807
4,positive_training,CR,HRSD_24.1,HRSD24,cross-corpus-882,RobustScaler,XGB,47,12,5,0.4823,7.1958,9.5982,0.4873,0.01,0.6211
4,positive_training,CR,HRSD_24.1,HRSD24,cross-corpus-882,RobustScaler,MLP,47,12,5,0.2632,7.9536,10.1402,0.2805,-0.105,0.3439
4,positive_training,CR,HRSD_24.1,HRSD24,cross-corpus-882,RobustScaler,LGBM,47,12,5,0.1756,7.6129,9.512,0.2449,0.0277,-0.0738
4,positive_training,CR,HRSD_24.1,HRSD24,cross-corpus-882,RobustScaler,CatBoost,47,12,5,0.3619,7.4993,8.5255,0.4748,0.2189,0.4772
5,positive_training,CR,HRSD_24.1,HRSD24,cross-corpus-882,StandardScaler,Ridge,48,11,10,0.1016,10.3721,11.902,0.2277,0.0337,-0.0229
5,positive_training,CR,HRSD_24.1,HRSD24,cross-corpus-882,StandardScaler,Lasso,48,11,10,0.2386,10.025,11.2921,0.3706,0.1302,0.4028
5,positive_training,CR,HRSD_24.1,HRSD24,cross-corpus-882,StandardScaler,ElasticNet,48,11,10,0.1942,10.1794,11.5163,0.3275,0.0953,0.3204
5,positive_training,CR,HRSD_24.1,HRSD24,cross-corpus-882,StandardScaler,SVR,48,11,10,-0.1444,12.8566,13.8297,-0.2409,-0.3047,-0.3021
5,positive_training,CR,HRSD_24.1,HRSD24,cross-corpus-882,StandardScaler,KNN,48,11,10,0.0976,11.3506,12.3697,0.148,-0.0438,0.2243
5,positive_training,CR,HRSD_24.1,HRSD24,cross-corpus-882,StandardScaler,RF,48,11,10,-0.2278,12.3273,14.2133,-0.4008,-0.3781,-0.3341
5,positive_training,CR,HRSD_24.1,HRSD24,cross-corpus-882,StandardScaler,ET,48,11,10,-0.2918,13.1318,14.9639,-0.4144,-0.5275,-0.4577
5,positive_training,CR,HRSD_24.1,HRSD24,cross-corpus-882,StandardScaler,GB,48,11,10,0.0105,10.4417,13.5569,0.0135,-0.2537,0.0458
5,positive_training,CR,HRSD_24.1,HRSD24,cross-corpus-882,StandardScaler,XGB,48,11,10,0.1146,10.0149,12.4016,0.1638,-0.0491,0.0915
5,positive_training,CR,HRSD_24.1,HRSD24,cross-corpus-882,StandardScaler,MLP,48,11,10,0.2361,10.4659,12.1455,0.2839,-0.0063,0.2517
5,positive_training,CR,HRSD_24.1,HRSD24,cross-corpus-882,StandardScaler,LGBM,48,11,10,0.0104,10.9669,13.113,0.0164,-0.173,0.0851
5,positive_training,CR,HRSD_24.1,HRSD24,cross-corpus-882,StandardScaler,CatBoost,48,11,10,-0.1274,12.5343,14.0766,-0.1761,-0.3517,-0.1602
5,positive_training,CR,HRSD_24.1,HRSD24,cross-corpus-882,MinMaxScaler,Ridge,48,11,5,0.1996,10.0247,11.8903,0.3197,0.0356,0.3661
5,positive_training,CR,HRSD_24.1,HRSD24,cross-corpus-882,MinMaxScaler,Lasso,48,11,5,0.262,9.7081,11.5443,0.384,0.0909,0.476
5,positive_training,CR,HRSD_24.1,HRSD24,cross-corpus-882,MinMaxScaler,ElasticNet,48,11,5,0.2355,10.0421,11.8184,0.3478,0.0472,0.508
5,positive_training,CR,HRSD_24.1,HRSD24,cross-corpus-882,MinMaxScaler,SVR,48,11,5,0.101,11.3086,12.8725,0.1391,-0.1303,0.1831
5,positive_training,CR,HRSD_24.1,HRSD24,cross-corpus-882,MinMaxScaler,KNN,48,11,5,0.149,11.3333,12.1281,0.2105,-0.0034,0.2032
5,positive_training,CR,HRSD_24.1,HRSD24,cross-corpus-882,MinMaxScaler,RF,48,11,5,0.1364,10.8445,12.1762,0.197,-0.0113,0.3387
5,positive_training,CR,HRSD_24.1,HRSD24,cross-corpus-882,MinMaxScaler,ET,48,11,5,0.0295,11.4605,12.7441,0.0473,-0.1079,0.0275
5,positive_training,CR,HRSD_24.1,HRSD24,cross-corpus-882,MinMaxScaler,GB,48,11,5,-0.0428,11.984,15.4678,-0.045,-0.6321,0.206
5,positive_training,CR,HRSD_24.1,HRSD24,cross-corpus-882,MinMaxScaler,XGB,48,11,5,0.0353,11.214,13.5421,0.0428,-0.251,0.2883
5,positive_training,CR,HRSD_24.1,HRSD24,cross-corpus-882,MinMaxScaler,MLP,48,11,5,0.2583,10.4536,12.0499,0.3395,0.0095,0.4897
5,positive_training,CR,HRSD_24.1,HRSD24,cross-corpus-882,MinMaxScaler,LGBM,48,11,5,0.1347,10.0076,12.2025,0.196,-0.0157,0.125
5,positive_training,CR,HRSD_24.1,HRSD24,cross-corpus-882,MinMaxScaler,CatBoost,48,11,5,0.2193,10.4869,12.3426,0.2539,-0.0392,0.4577
5,positive_training,CR,HRSD_24.1,HRSD24,cross-corpus-882,RobustScaler,Ridge,48,11,5,0.0959,10.4386,11.825,0.2768,0.0461,0.1876
5,positive_training,CR,HRSD_24.1,HRSD24,cross-corpus-882,RobustScaler,Lasso,48,11,5,0.0521,11.7184,13.9002,0.058,-0.318,0.0229
5,positive_training,CR,HRSD_24.1,HRSD24,cross-corpus-882,RobustScaler,ElasticNet,48,11,5,0.0551,11.6547,13.8349,0.0616,-0.3057,0.0229
5,positive_training,CR,HRSD_24.1,HRSD24,cross-corpus-882,RobustScaler,SVR,48,11,5,0.0061,12.0284,13.6132,0.0077,-0.2642,0.032
5,positive_training,CR,HRSD_24.1,HRSD24,cross-corpus-882,RobustScaler,KNN,48,11,5,-0.1281,12.5455,14.49,-0.1568,-0.4322,-0.0757
5,positive_training,CR,HRSD_24.1,HRSD24,cross-corpus-882,RobustScaler,RF,48,11,5,0.0341,10.4691,12.4725,0.0599,-0.0612,-0.0092
5,positive_training,CR,HRSD_24.1,HRSD24,cross-corpus-882,RobustScaler,ET,48,11,5,-0.1947,12.0183,13.9937,-0.327,-0.3358,-0.4439
5,positive_training,CR,HRSD_24.1,HRSD24,cross-corpus-882,RobustScaler,GB,48,11,5,0.3279,8.9961,11.4388,0.3945,0.1074,0.2883
5,positive_training,CR,HRSD_24.1,HRSD24,cross-corpus-882,RobustScaler,XGB,48,11,5,0.4097,8.8968,11.2216,0.4568,0.141,0.3936
5,positive_training,CR,HRSD_24.1,HRSD24,cross-corpus-882,RobustScaler,MLP,48,11,5,0.4044,9.1945,11.3003,0.4409,0.1289,0.4302
5,positive_training,CR,HRSD_24.1,HRSD24,cross-corpus-882,RobustScaler,LGBM,48,11,5,0.2084,9.4677,11.5692,0.3109,0.087,0.3318
5,positive_training,CR,HRSD_24.1,HRSD24,cross-corpus-882,RobustScaler,CatBoost,48,11,5,0.1054,10.6209,12.4902,0.1445,-0.0642,0.2334
