fold,phase,condition,target,target_short,features,scaler,model,n_train,n_test,n_features,CCC,MAE,RMSE,Pearson_r,R2,Spearman_r
1,positive_training,CRADK,phq_8,PHQ8,cross-corpus-882,StandardScaler,Ridge,45,12,5,-0.0373,7.316,8.6215,-0.0727,-0.9869,-0.007
1,positive_training,CRADK,phq_8,PHQ8,cross-corpus-882,StandardScaler,Lasso,45,12,5,-0.0267,7.3528,8.6644,-0.0505,-1.0068,0.0351
1,positive_training,CRADK,phq_8,PHQ8,cross-corpus-882,StandardScaler,ElasticNet,45,12,5,-0.0304,7.3423,8.6516,-0.0581,-1.0008,0.0351
1,positive_training,CRADK,phq_8,PHQ8,cross-corpus-882,StandardScaler,SVR,45,12,5,-0.0557,7.1688,8.5318,-0.1416,-0.9458,0.0456
1,positive_training,CRADK,phq_8,PHQ8,cross-corpus-882,StandardScaler,KNN,45,12,5,-0.0356,6.9333,8.1269,-0.0673,-0.7655,0.1575
1,positive_training,CRADK,phq_8,PHQ8,cross-corpus-882,StandardScaler,RF,45,12,5,-0.1138,6.6894,8.1909,-0.2141,-0.7934,-0.1895
1,positive_training,CRADK,phq_8,PHQ8,cross-corpus-882,StandardScaler,ET,45,12,5,-0.1923,7.1875,8.703,-0.3528,-1.0247,-0.3825
1,positive_training,CRADK,phq_8,PHQ8,cross-corpus-882,StandardScaler,GB,45,12,5,-0.2491,7.3864,8.8988,-0.5233,-1.1168,-0.386
1,positive_training,CRADK,phq_8,PHQ8,cross-corpus-882,StandardScaler,XGB,45,12,5,-0.3876,7.0989,8.6861,-0.5592,-1.0168,-0.3544
1,positive_training,CRADK,phq_8,PHQ8,cross-corpus-882,StandardScaler,MLP,45,12,5,-0.0703,7.4494,8.9154,-0.12,-1.1247,-0.0035
1,positive_training,CRADK,phq_8,PHQ8,cross-corpus-882,StandardScaler,LGBM,45,12,5,-0.2558,7.1263,8.8284,-0.4011,-1.0834,-0.3101
1,positive_training,CRADK,phq_8,PHQ8,cross-corpus-882,StandardScaler,CatBoost,45,12,5,-0.2493,6.905,8.5368,-0.4827,-0.9481,-0.3719
1,positive_training,CRADK,phq_8,PHQ8,cross-corpus-882,MinMaxScaler,Ridge,45,12,10,-0.1254,7.1749,8.663,-0.2747,-1.0061,-0.2421
1,positive_training,CRADK,phq_8,PHQ8,cross-corpus-882,MinMaxScaler,Lasso,45,12,10,-0.1058,7.2102,8.9349,-0.1958,-1.134,-0.1895
1,positive_training,CRADK,phq_8,PHQ8,cross-corpus-882,MinMaxScaler,ElasticNet,45,12,10,-0.116,6.9313,8.3142,-0.266,-0.8478,-0.2772
1,positive_training,CRADK,phq_8,PHQ8,cross-corpus-882,MinMaxScaler,SVR,45,12,10,-0.126,7.3257,8.9901,-0.2285,-1.1605,-0.2877
1,positive_training,CRADK,phq_8,PHQ8,cross-corpus-882,MinMaxScaler,KNN,45,12,10,-0.1363,7.2262,8.7559,-0.3161,-1.0493,-0.3579
1,positive_training,CRADK,phq_8,PHQ8,cross-corpus-882,MinMaxScaler,RF,45,12,10,-0.1466,6.4825,7.783,-0.2506,-0.6192,-0.2386
1,positive_training,CRADK,phq_8,PHQ8,cross-corpus-882,MinMaxScaler,ET,45,12,10,-0.167,6.8654,8.2162,-0.2847,-0.8045,-0.407
1,positive_training,CRADK,phq_8,PHQ8,cross-corpus-882,MinMaxScaler,GB,45,12,10,-0.2484,6.8792,8.4087,-0.3653,-0.89,-0.3474
1,positive_training,CRADK,phq_8,PHQ8,cross-corpus-882,MinMaxScaler,XGB,45,12,10,-0.0961,6.3227,8.3522,-0.114,-0.8647,-0.1474
1,positive_training,CRADK,phq_8,PHQ8,cross-corpus-882,MinMaxScaler,MLP,45,12,10,-0.0834,6.52,7.9595,-0.1504,-0.6935,-0.2597
1,positive_training,CRADK,phq_8,PHQ8,cross-corpus-882,MinMaxScaler,LGBM,45,12,10,-0.1519,6.8418,8.262,-0.2742,-0.8247,-0.3392
1,positive_training,CRADK,phq_8,PHQ8,cross-corpus-882,MinMaxScaler,CatBoost,45,12,10,-0.2445,7.053,8.7152,-0.336,-1.0303,-0.3263
1,positive_training,CRADK,phq_8,PHQ8,cross-corpus-882,RobustScaler,Ridge,45,12,5,-0.0359,7.2537,8.5516,-0.0711,-0.9549,-0.007
1,positive_training,CRADK,phq_8,PHQ8,cross-corpus-882,RobustScaler,Lasso,45,12,5,-0.0261,7.3505,8.6609,-0.0495,-1.0051,0.0351
1,positive_training,CRADK,phq_8,PHQ8,cross-corpus-882,RobustScaler,ElasticNet,45,12,5,-0.0299,7.3155,8.6201,-0.0576,-0.9863,-0.007
1,positive_training,CRADK,phq_8,PHQ8,cross-corpus-882,RobustScaler,SVR,45,12,5,-0.0837,7.3165,8.9053,-0.2189,-1.1199,-0.2
1,positive_training,CRADK,phq_8,PHQ8,cross-corpus-882,RobustScaler,KNN,45,12,5,0.011,5.9286,7.2104,0.023,-0.3897,0.0211
1,positive_training,CRADK,phq_8,PHQ8,cross-corpus-882,RobustScaler,RF,45,12,5,-0.1138,6.6894,8.1909,-0.2141,-0.7934,-0.1895
1,positive_training,CRADK,phq_8,PHQ8,cross-corpus-882,RobustScaler,ET,45,12,5,-0.1923,7.1875,8.703,-0.3528,-1.0247,-0.3825
1,positive_training,CRADK,phq_8,PHQ8,cross-corpus-882,RobustScaler,GB,45,12,5,-0.2506,7.401,8.9199,-0.524,-1.1269,-0.386
1,positive_training,CRADK,phq_8,PHQ8,cross-corpus-882,RobustScaler,XGB,45,12,5,-0.3876,7.0989,8.6861,-0.5592,-1.0168,-0.3544
1,positive_training,CRADK,phq_8,PHQ8,cross-corpus-882,RobustScaler,MLP,45,12,5,-0.0522,7.7409,9.4256,-0.0856,-1.3748,0.0035
1,positive_training,CRADK,phq_8,PHQ8,cross-corpus-882,RobustScaler,LGBM,45,12,5,-0.1498,6.7846,8.3285,-0.2711,-0.8542,-0.2137
1,positive_training,CRADK,phq_8,PHQ8,cross-corpus-882,RobustScaler,CatBoost,45,12,5,-0.2493,6.905,8.5368,-0.4827,-0.9481,-0.3719
2,positive_training,CRADK,phq_8,PHQ8,cross-corpus-882,StandardScaler,Ridge,45,12,5,-0.3304,7.432,8.9533,-0.4099,-1.3796,-0.3569
2,positive_training,CRADK,phq_8,PHQ8,cross-corpus-882,StandardScaler,Lasso,45,12,5,-0.332,8.0861,9.7527,-0.406,-1.8234,-0.3569
2,positive_training,CRADK,phq_8,PHQ8,cross-corpus-882,StandardScaler,ElasticNet,45,12,5,-0.3327,7.799,9.3997,-0.4077,-1.6227,-0.3569
2,positive_training,CRADK,phq_8,PHQ8,cross-corpus-882,StandardScaler,SVR,45,12,5,-0.1122,5.9072,6.6358,-0.175,-0.3071,-0.258
2,positive_training,CRADK,phq_8,PHQ8,cross-corpus-882,StandardScaler,KNN,45,12,5,-0.3456,6.5185,7.5151,-0.5134,-0.6765,-0.4276
2,positive_training,CRADK,phq_8,PHQ8,cross-corpus-882,StandardScaler,RF,45,12,5,0.0134,5.0692,6.2761,0.0238,-0.1693,0.0424
2,positive_training,CRADK,phq_8,PHQ8,cross-corpus-882,StandardScaler,ET,45,12,5,-0.028,5.705,6.6351,-0.0417,-0.3069,0.1307
2,positive_training,CRADK,phq_8,PHQ8,cross-corpus-882,StandardScaler,GB,45,12,5,-0.0461,6.21,7.2488,-0.0552,-0.5598,0.0177
2,positive_training,CRADK,phq_8,PHQ8,cross-corpus-882,StandardScaler,XGB,45,12,5,-0.0537,6.3646,7.3802,-0.0598,-0.6168,0.1449
2,positive_training,CRADK,phq_8,PHQ8,cross-corpus-882,StandardScaler,MLP,45,12,5,-0.223,7.813,9.6292,-0.2675,-1.7524,-0.2262
2,positive_training,CRADK,phq_8,PHQ8,cross-corpus-882,StandardScaler,LGBM,45,12,5,-0.1616,5.9688,6.9813,-0.2435,-0.4468,-0.1779
2,positive_training,CRADK,phq_8,PHQ8,cross-corpus-882,StandardScaler,CatBoost,45,12,5,-0.0308,5.5499,6.5817,-0.0457,-0.2859,0.0389
2,positive_training,CRADK,phq_8,PHQ8,cross-corpus-882,MinMaxScaler,Ridge,45,12,5,-0.3176,7.2858,8.7404,-0.3999,-1.2677,-0.3145
2,positive_training,CRADK,phq_8,PHQ8,cross-corpus-882,MinMaxScaler,Lasso,45,12,5,-0.3314,8.042,9.7044,-0.4057,-1.7956,-0.3569
2,positive_training,CRADK,phq_8,PHQ8,cross-corpus-882,MinMaxScaler,ElasticNet,45,12,5,-0.3278,7.7544,9.3179,-0.4031,-1.5773,-0.3145
2,positive_training,CRADK,phq_8,PHQ8,cross-corpus-882,MinMaxScaler,SVR,45,12,5,-0.2995,6.9764,8.1318,-0.3787,-0.9629,-0.2792
2,positive_training,CRADK,phq_8,PHQ8,cross-corpus-882,MinMaxScaler,KNN,45,12,5,-0.3152,6.5714,7.5166,-0.428,-0.6772,-0.4053
2,positive_training,CRADK,phq_8,PHQ8,cross-corpus-882,MinMaxScaler,RF,45,12,5,0.0138,5.0679,6.275,0.0246,-0.1688,0.0424
2,positive_training,CRADK,phq_8,PHQ8,cross-corpus-882,MinMaxScaler,ET,45,12,5,-0.028,5.705,6.6351,-0.0417,-0.3069,0.1307
2,positive_training,CRADK,phq_8,PHQ8,cross-corpus-882,MinMaxScaler,GB,45,12,5,-0.0441,6.2016,7.2333,-0.0529,-0.5531,0.0177
2,positive_training,CRADK,phq_8,PHQ8,cross-corpus-882,MinMaxScaler,XGB,45,12,5,-0.0537,6.3646,7.3802,-0.0598,-0.6168,0.1449
2,positive_training,CRADK,phq_8,PHQ8,cross-corpus-882,MinMaxScaler,MLP,45,12,5,-0.312,8.0446,9.8621,-0.3874,-1.8872,-0.4205
2,positive_training,CRADK,phq_8,PHQ8,cross-corpus-882,MinMaxScaler,LGBM,45,12,5,-0.139,5.912,6.8385,-0.1962,-0.3882,-0.1246
2,positive_training,CRADK,phq_8,PHQ8,cross-corpus-882,MinMaxScaler,CatBoost,45,12,5,-0.0308,5.5499,6.5817,-0.0457,-0.2859,0.0389
2,positive_training,CRADK,phq_8,PHQ8,cross-corpus-882,RobustScaler,Ridge,45,12,5,-0.3278,7.3758,8.8987,-0.3965,-1.3506,-0.4205
2,positive_training,CRADK,phq_8,PHQ8,cross-corpus-882,RobustScaler,Lasso,45,12,5,-0.3326,7.9504,9.5981,-0.4044,-1.7347,-0.3569
2,positive_training,CRADK,phq_8,PHQ8,cross-corpus-882,RobustScaler,ElasticNet,45,12,5,-0.3343,7.7649,9.3664,-0.4038,-1.6042,-0.3852
2,positive_training,CRADK,phq_8,PHQ8,cross-corpus-882,RobustScaler,SVR,45,12,5,-0.2041,6.0848,6.9207,-0.3208,-0.4218,-0.4099
2,positive_training,CRADK,phq_8,PHQ8,cross-corpus-882,RobustScaler,KNN,45,12,5,-0.2428,6.119,7.0453,-0.3556,-0.4734,-0.4021
2,positive_training,CRADK,phq_8,PHQ8,cross-corpus-882,RobustScaler,RF,45,12,5,-0.0042,5.2888,6.422,-0.0069,-0.2242,0.0283
2,positive_training,CRADK,phq_8,PHQ8,cross-corpus-882,RobustScaler,ET,45,12,5,-0.0256,5.66,6.6563,-0.0369,-0.3152,0.0707
2,positive_training,CRADK,phq_8,PHQ8,cross-corpus-882,RobustScaler,GB,45,12,5,-0.0431,6.1963,7.2324,-0.0516,-0.5527,0.0177
2,positive_training,CRADK,phq_8,PHQ8,cross-corpus-882,RobustScaler,XGB,45,12,5,-0.0547,6.3757,7.393,-0.0609,-0.6225,0.1449
2,positive_training,CRADK,phq_8,PHQ8,cross-corpus-882,RobustScaler,MLP,45,12,5,-0.2881,8.6887,10.9161,-0.3415,-2.5372,-0.2686
2,positive_training,CRADK,phq_8,PHQ8,cross-corpus-882,RobustScaler,LGBM,45,12,5,-0.1479,5.9408,6.9602,-0.2239,-0.438,-0.1779
2,positive_training,CRADK,phq_8,PHQ8,cross-corpus-882,RobustScaler,CatBoost,45,12,5,-0.0705,5.7246,6.7564,-0.1014,-0.3551,0.0389
3,positive_training,CRADK,phq_8,PHQ8,cross-corpus-882,StandardScaler,Ridge,46,11,5,0.0376,7.4483,9.0561,0.0379,-1.0064,0.0273
3,positive_training,CRADK,phq_8,PHQ8,cross-corpus-882,StandardScaler,Lasso,46,11,5,0.0373,7.4427,9.0337,0.0375,-0.9965,0.0273
3,positive_training,CRADK,phq_8,PHQ8,cross-corpus-882,StandardScaler,ElasticNet,46,11,5,0.0339,7.4478,8.9955,0.0342,-0.9796,0.0273
3,positive_training,CRADK,phq_8,PHQ8,cross-corpus-882,StandardScaler,SVR,46,11,5,-0.1041,6.5562,7.0252,-0.1879,-0.2074,-0.0866
3,positive_training,CRADK,phq_8,PHQ8,cross-corpus-882,StandardScaler,KNN,46,11,5,-0.1503,7.8485,8.1878,-0.1658,-0.6401,-0.1267
3,positive_training,CRADK,phq_8,PHQ8,cross-corpus-882,StandardScaler,RF,46,11,5,-0.2554,7.27,7.8487,-0.351,-0.507,-0.3417
3,positive_training,CRADK,phq_8,PHQ8,cross-corpus-882,StandardScaler,ET,46,11,5,-0.1794,7.3332,7.7186,-0.2293,-0.4575,-0.2506
3,positive_training,CRADK,phq_8,PHQ8,cross-corpus-882,StandardScaler,GB,46,11,5,-0.0815,7.5884,9.6067,-0.0841,-1.2578,-0.164
3,positive_training,CRADK,phq_8,PHQ8,cross-corpus-882,StandardScaler,XGB,46,11,5,-0.1285,7.1112,8.2927,-0.1385,-0.6824,-0.0592
3,positive_training,CRADK,phq_8,PHQ8,cross-corpus-882,StandardScaler,MLP,46,11,5,-0.0984,10.4366,14.1232,-0.1194,-3.8797,-0.123
3,positive_training,CRADK,phq_8,PHQ8,cross-corpus-882,StandardScaler,LGBM,46,11,5,-0.2913,7.2096,7.7314,-0.4619,-0.4623,-0.4044
3,positive_training,CRADK,phq_8,PHQ8,cross-corpus-882,StandardScaler,CatBoost,46,11,5,-0.2595,7.3548,7.9001,-0.3459,-0.5268,-0.3189
3,positive_training,CRADK,phq_8,PHQ8,cross-corpus-882,MinMaxScaler,Ridge,46,11,10,-0.1168,6.8296,7.3923,-0.1583,-0.3369,-0.1549
3,positive_training,CRADK,phq_8,PHQ8,cross-corpus-882,MinMaxScaler,Lasso,46,11,10,-0.1023,6.7277,7.3054,-0.1441,-0.3056,-0.1549
3,positive_training,CRADK,phq_8,PHQ8,cross-corpus-882,MinMaxScaler,ElasticNet,46,11,10,-0.0998,7.1504,7.944,-0.1109,-0.5439,-0.0957
3,positive_training,CRADK,phq_8,PHQ8,cross-corpus-882,MinMaxScaler,SVR,46,11,10,-0.23,7.0283,7.7334,-0.3228,-0.4631,-0.1731
3,positive_training,CRADK,phq_8,PHQ8,cross-corpus-882,MinMaxScaler,KNN,46,11,10,-0.1493,6.7818,8.0992,-0.1655,-0.6048,-0.087
3,positive_training,CRADK,phq_8,PHQ8,cross-corpus-882,MinMaxScaler,RF,46,11,10,-0.4113,7.1709,8.2973,-0.5622,-0.6842,-0.484
3,positive_training,CRADK,phq_8,PHQ8,cross-corpus-882,MinMaxScaler,ET,46,11,10,-0.3437,7.1305,7.9355,-0.5171,-0.5406,-0.3326
3,positive_training,CRADK,phq_8,PHQ8,cross-corpus-882,MinMaxScaler,GB,46,11,10,-0.4926,7.6835,9.1776,-0.5609,-1.0606,-0.6014
3,positive_training,CRADK,phq_8,PHQ8,cross-corpus-882,MinMaxScaler,XGB,46,11,10,-0.5062,8.3334,9.5345,-0.5702,-1.2239,-0.4692
3,positive_training,CRADK,phq_8,PHQ8,cross-corpus-882,MinMaxScaler,MLP,46,11,10,-0.1925,6.4467,7.2098,-0.3986,-0.2717,-0.3417
3,positive_training,CRADK,phq_8,PHQ8,cross-corpus-882,MinMaxScaler,LGBM,46,11,10,-0.4156,7.0959,8.2638,-0.5786,-0.6707,-0.5137
3,positive_training,CRADK,phq_8,PHQ8,cross-corpus-882,MinMaxScaler,CatBoost,46,11,10,-0.4766,7.6342,8.5886,-0.6294,-0.8046,-0.5057
3,positive_training,CRADK,phq_8,PHQ8,cross-corpus-882,RobustScaler,Ridge,46,11,5,-0.0897,6.5711,7.6472,-0.1057,-0.4307,-0.0774
3,positive_training,CRADK,phq_8,PHQ8,cross-corpus-882,RobustScaler,Lasso,46,11,5,-0.0916,6.5426,7.6118,-0.1094,-0.4175,-0.0774
3,positive_training,CRADK,phq_8,PHQ8,cross-corpus-882,RobustScaler,ElasticNet,46,11,5,-0.0957,6.5327,7.5965,-0.1154,-0.4118,-0.0774
3,positive_training,CRADK,phq_8,PHQ8,cross-corpus-882,RobustScaler,SVR,46,11,5,-0.3095,6.8154,8.1001,-0.3994,-0.6051,-0.4465
3,positive_training,CRADK,phq_8,PHQ8,cross-corpus-882,RobustScaler,KNN,46,11,5,-0.1129,6.3737,7.07,-0.2149,-0.2229,-0.1416
3,positive_training,CRADK,phq_8,PHQ8,cross-corpus-882,RobustScaler,RF,46,11,5,-0.2045,6.3864,7.8866,-0.273,-0.5216,-0.3781
3,positive_training,CRADK,phq_8,PHQ8,cross-corpus-882,RobustScaler,ET,46,11,5,-0.1457,6.3236,7.4644,-0.2038,-0.3631,-0.2415
3,positive_training,CRADK,phq_8,PHQ8,cross-corpus-882,RobustScaler,GB,46,11,5,-0.3609,8.045,9.8227,-0.3922,-1.3604,-0.4055
3,positive_training,CRADK,phq_8,PHQ8,cross-corpus-882,RobustScaler,XGB,46,11,5,-0.3035,7.3191,9.3085,-0.3274,-1.1198,-0.4601
3,positive_training,CRADK,phq_8,PHQ8,cross-corpus-882,RobustScaler,MLP,46,11,5,-0.1069,6.6353,7.8255,-0.1229,-0.4981,-0.0501
3,positive_training,CRADK,phq_8,PHQ8,cross-corpus-882,RobustScaler,LGBM,46,11,5,-0.2646,6.5294,7.7078,-0.3972,-0.4534,-0.2758
3,positive_training,CRADK,phq_8,PHQ8,cross-corpus-882,RobustScaler,CatBoost,46,11,5,-0.3001,6.7035,8.0931,-0.3927,-0.6024,-0.3098
4,positive_training,CRADK,phq_8,PHQ8,cross-corpus-882,StandardScaler,Ridge,46,11,5,-0.1319,5.6333,7.0473,-0.2181,-0.7419,-0.2091
4,positive_training,CRADK,phq_8,PHQ8,cross-corpus-882,StandardScaler,Lasso,46,11,5,-0.1414,5.8635,7.3529,-0.2245,-0.8962,-0.2636
4,positive_training,CRADK,phq_8,PHQ8,cross-corpus-882,StandardScaler,ElasticNet,46,11,5,-0.0998,5.2686,6.3677,-0.199,-0.4221,-0.2091
4,positive_training,CRADK,phq_8,PHQ8,cross-corpus-882,StandardScaler,SVR,46,11,5,-0.1334,5.0702,6.0239,-0.2918,-0.2727,-0.3
4,positive_training,CRADK,phq_8,PHQ8,cross-corpus-882,StandardScaler,KNN,46,11,5,-0.0085,5.5584,6.5959,-0.0115,-0.5259,0.0182
4,positive_training,CRADK,phq_8,PHQ8,cross-corpus-882,StandardScaler,RF,46,11,5,-0.1748,5.3894,6.4274,-0.3581,-0.4489,-0.3818
4,positive_training,CRADK,phq_8,PHQ8,cross-corpus-882,StandardScaler,ET,46,11,5,-0.1747,5.6702,6.8619,-0.2857,-0.6514,-0.3545
4,positive_training,CRADK,phq_8,PHQ8,cross-corpus-882,StandardScaler,GB,46,11,5,-0.1708,6.3123,7.9825,-0.2482,-1.2349,-0.3091
4,positive_training,CRADK,phq_8,PHQ8,cross-corpus-882,StandardScaler,XGB,46,11,5,-0.2467,6.1588,8.0079,-0.3758,-1.2491,-0.3909
4,positive_training,CRADK,phq_8,PHQ8,cross-corpus-882,StandardScaler,MLP,46,11,5,-0.0555,5.7956,6.8903,-0.0844,-0.6651,0.1091
4,positive_training,CRADK,phq_8,PHQ8,cross-corpus-882,StandardScaler,LGBM,46,11,5,-0.065,5.7988,6.4029,-0.1033,-0.4379,-0.2104
4,positive_training,CRADK,phq_8,PHQ8,cross-corpus-882,StandardScaler,CatBoost,46,11,5,-0.109,5.6935,6.7042,-0.164,-0.5764,-0.1455
4,positive_training,CRADK,phq_8,PHQ8,cross-corpus-882,MinMaxScaler,Ridge,46,11,5,-0.0695,6.412,7.4125,-0.1073,-0.9271,-0.0182
4,positive_training,CRADK,phq_8,PHQ8,cross-corpus-882,MinMaxScaler,Lasso,46,11,5,-0.0513,7.1796,8.8279,-0.0711,-1.7333,0.0364
4,positive_training,CRADK,phq_8,PHQ8,cross-corpus-882,MinMaxScaler,ElasticNet,46,11,5,-0.0613,6.8193,8.1081,-0.0878,-1.3057,-0.0182
4,positive_training,CRADK,phq_8,PHQ8,cross-corpus-882,MinMaxScaler,SVR,46,11,5,-0.1033,5.9184,6.7202,-0.1769,-0.5839,-0.0182
4,positive_training,CRADK,phq_8,PHQ8,cross-corpus-882,MinMaxScaler,KNN,46,11,5,-0.1149,6.1299,6.8238,-0.2054,-0.6331,-0.0501
4,positive_training,CRADK,phq_8,PHQ8,cross-corpus-882,MinMaxScaler,RF,46,11,5,-0.143,5.3664,6.655,-0.2385,-0.5533,-0.1182
4,positive_training,CRADK,phq_8,PHQ8,cross-corpus-882,MinMaxScaler,ET,46,11,5,-0.2249,5.8845,7.0964,-0.429,-0.7662,-0.3182
4,positive_training,CRADK,phq_8,PHQ8,cross-corpus-882,MinMaxScaler,GB,46,11,5,-0.0498,5.4543,7.0782,-0.074,-0.7572,-0.0182
4,positive_training,CRADK,phq_8,PHQ8,cross-corpus-882,MinMaxScaler,XGB,46,11,5,-0.1835,5.6682,7.8414,-0.231,-1.1565,-0.3636
4,positive_training,CRADK,phq_8,PHQ8,cross-corpus-882,MinMaxScaler,MLP,46,11,5,-0.1231,6.972,8.1217,-0.1837,-1.3134,-0.0909
4,positive_training,CRADK,phq_8,PHQ8,cross-corpus-882,MinMaxScaler,LGBM,46,11,5,0.0108,5.4195,6.122,0.0187,-0.3145,0.0046
4,positive_training,CRADK,phq_8,PHQ8,cross-corpus-882,MinMaxScaler,CatBoost,46,11,5,-0.0986,5.4254,6.5764,-0.1778,-0.5168,0.0636
4,positive_training,CRADK,phq_8,PHQ8,cross-corpus-882,RobustScaler,Ridge,46,11,5,-0.0921,5.9075,6.7592,-0.1563,-0.6023,-0.0182
4,positive_training,CRADK,phq_8,PHQ8,cross-corpus-882,RobustScaler,Lasso,46,11,5,-0.1037,6.1251,7.1376,-0.1802,-0.7868,-0.0455
4,positive_training,CRADK,phq_8,PHQ8,cross-corpus-882,RobustScaler,ElasticNet,46,11,5,-0.0966,6.0278,6.9794,-0.1609,-0.7084,-0.0182
4,positive_training,CRADK,phq_8,PHQ8,cross-corpus-882,RobustScaler,SVR,46,11,5,-0.1283,5.8656,6.9467,-0.1923,-0.6925,-0.2
4,positive_training,CRADK,phq_8,PHQ8,cross-corpus-882,RobustScaler,KNN,46,11,5,-0.0327,5.5354,6.4301,-0.0557,-0.4501,0.0818
4,positive_training,CRADK,phq_8,PHQ8,cross-corpus-882,RobustScaler,RF,46,11,5,-0.1151,5.3045,6.6188,-0.2194,-0.5365,-0.1818
4,positive_training,CRADK,phq_8,PHQ8,cross-corpus-882,RobustScaler,ET,46,11,5,-0.0985,5.5214,6.9362,-0.1737,-0.6873,-0.2364
4,positive_training,CRADK,phq_8,PHQ8,cross-corpus-882,RobustScaler,GB,46,11,5,-0.119,5.6944,7.3905,-0.1827,-0.9156,-0.3
4,positive_training,CRADK,phq_8,PHQ8,cross-corpus-882,RobustScaler,XGB,46,11,5,-0.1908,6.1945,7.9695,-0.2654,-1.2276,-0.3455
4,positive_training,CRADK,phq_8,PHQ8,cross-corpus-882,RobustScaler,MLP,46,11,5,-0.1757,6.2101,7.281,-0.2331,-0.8593,-0.2091
4,positive_training,CRADK,phq_8,PHQ8,cross-corpus-882,RobustScaler,LGBM,46,11,5,-0.0666,5.6298,6.3139,-0.1115,-0.3982,-0.1927
4,positive_training,CRADK,phq_8,PHQ8,cross-corpus-882,RobustScaler,CatBoost,46,11,5,-0.1368,5.3524,7.1223,-0.2095,-0.7791,-0.2455
5,positive_training,CRADK,phq_8,PHQ8,cross-corpus-882,StandardScaler,Ridge,46,11,5,0.1242,5.4184,6.9629,0.1388,-0.9981,0.2238
5,positive_training,CRADK,phq_8,PHQ8,cross-corpus-882,StandardScaler,Lasso,46,11,5,0.1324,5.4242,6.998,0.1483,-1.0182,0.2238
5,positive_training,CRADK,phq_8,PHQ8,cross-corpus-882,StandardScaler,ElasticNet,46,11,5,0.1199,5.3975,6.9244,0.1339,-0.976,0.2238
5,positive_training,CRADK,phq_8,PHQ8,cross-corpus-882,StandardScaler,SVR,46,11,5,0.2105,4.9325,6.3751,0.3094,-0.6749,0.1959
5,positive_training,CRADK,phq_8,PHQ8,cross-corpus-882,StandardScaler,KNN,46,11,5,0.0307,4.4182,5.7692,0.0399,-0.3717,-0.255
5,positive_training,CRADK,phq_8,PHQ8,cross-corpus-882,StandardScaler,RF,46,11,5,0.1576,4.2536,6.0764,0.2223,-0.5217,0.2658
5,positive_training,CRADK,phq_8,PHQ8,cross-corpus-882,StandardScaler,ET,46,11,5,0.0258,5.7164,7.3374,0.0307,-1.2188,0.07
5,positive_training,CRADK,phq_8,PHQ8,cross-corpus-882,StandardScaler,GB,46,11,5,-0.0195,5.6467,7.2119,-0.0245,-1.1435,-0.1073
5,positive_training,CRADK,phq_8,PHQ8,cross-corpus-882,StandardScaler,XGB,46,11,5,0.0342,5.8217,7.2103,0.0432,-1.1426,0.0305
5,positive_training,CRADK,phq_8,PHQ8,cross-corpus-882,StandardScaler,MLP,46,11,5,0.0217,5.003,6.6193,0.0263,-0.8057,-0.2192
5,positive_training,CRADK,phq_8,PHQ8,cross-corpus-882,StandardScaler,LGBM,46,11,5,0.1676,3.7051,5.3724,0.4031,-0.1895,0.298
5,positive_training,CRADK,phq_8,PHQ8,cross-corpus-882,StandardScaler,CatBoost,46,11,5,0.1565,3.8822,5.831,0.2499,-0.4013,0.1586
5,positive_training,CRADK,phq_8,PHQ8,cross-corpus-882,MinMaxScaler,Ridge,46,11,15,0.1188,3.8319,5.5249,0.1495,-0.258,0.2332
5,positive_training,CRADK,phq_8,PHQ8,cross-corpus-882,MinMaxScaler,Lasso,46,11,15,0.1069,4.0312,5.6955,0.1332,-0.3369,0.1959
5,positive_training,CRADK,phq_8,PHQ8,cross-corpus-882,MinMaxScaler,ElasticNet,46,11,15,0.0834,3.2117,5.2963,0.1373,-0.1561,0.1399
5,positive_training,CRADK,phq_8,PHQ8,cross-corpus-882,MinMaxScaler,SVR,46,11,15,0.0943,3.3795,5.2227,0.1431,-0.1241,0.2612
5,positive_training,CRADK,phq_8,PHQ8,cross-corpus-882,MinMaxScaler,KNN,46,11,15,-0.0824,3.9455,5.398,-0.165,-0.2009,-0.0609
5,positive_training,CRADK,phq_8,PHQ8,cross-corpus-882,MinMaxScaler,RF,46,11,15,0.1523,3.3377,5.2716,0.2345,-0.1453,0.3311
5,positive_training,CRADK,phq_8,PHQ8,cross-corpus-882,MinMaxScaler,ET,46,11,15,0.0606,3.2982,5.3323,0.1057,-0.1718,0.1632
5,positive_training,CRADK,phq_8,PHQ8,cross-corpus-882,MinMaxScaler,GB,46,11,15,-0.1712,4.0319,6.779,-0.2343,-0.8939,0.1119
5,positive_training,CRADK,phq_8,PHQ8,cross-corpus-882,MinMaxScaler,XGB,46,11,15,0.0121,4.254,6.083,0.0202,-0.525,0.0653
5,positive_training,CRADK,phq_8,PHQ8,cross-corpus-882,MinMaxScaler,MLP,46,11,15,0.0556,3.1772,5.264,0.1309,-0.142,0.3171
5,positive_training,CRADK,phq_8,PHQ8,cross-corpus-882,MinMaxScaler,LGBM,46,11,15,0.144,4.0731,5.7474,0.1895,-0.3614,0.2658
5,positive_training,CRADK,phq_8,PHQ8,cross-corpus-882,MinMaxScaler,CatBoost,46,11,15,0.2479,3.4527,5.1817,0.3895,-0.1066,0.4011
5,positive_training,CRADK,phq_8,PHQ8,cross-corpus-882,RobustScaler,Ridge,46,11,15,-0.0294,3.6585,5.6123,-0.0425,-0.2981,0.0233
5,positive_training,CRADK,phq_8,PHQ8,cross-corpus-882,RobustScaler,Lasso,46,11,15,0.159,4.1139,5.8322,0.1779,-0.4018,0.2658
5,positive_training,CRADK,phq_8,PHQ8,cross-corpus-882,RobustScaler,ElasticNet,46,11,15,0.0159,3.7608,5.6035,0.021,-0.294,0.0933
5,positive_training,CRADK,phq_8,PHQ8,cross-corpus-882,RobustScaler,SVR,46,11,15,-0.09,3.761,5.3678,-0.2296,-0.1875,-0.1959
5,positive_training,CRADK,phq_8,PHQ8,cross-corpus-882,RobustScaler,KNN,46,11,15,0.0886,3.8485,5.4197,0.1395,-0.2105,0.0258
5,positive_training,CRADK,phq_8,PHQ8,cross-corpus-882,RobustScaler,RF,46,11,15,0.0711,3.8764,5.8473,0.0982,-0.4091,0.2938
5,positive_training,CRADK,phq_8,PHQ8,cross-corpus-882,RobustScaler,ET,46,11,15,0.0316,3.7755,5.7463,0.0466,-0.3608,0.2099
5,positive_training,CRADK,phq_8,PHQ8,cross-corpus-882,RobustScaler,GB,46,11,15,-0.2877,4.9163,7.5666,-0.3414,-1.3595,-0.0233
5,positive_training,CRADK,phq_8,PHQ8,cross-corpus-882,RobustScaler,XGB,46,11,15,0.0657,3.9868,6.282,0.1068,-0.6264,0.3264
5,positive_training,CRADK,phq_8,PHQ8,cross-corpus-882,RobustScaler,MLP,46,11,15,0.0825,4.4329,6.4195,0.0882,-0.6984,0.1726
5,positive_training,CRADK,phq_8,PHQ8,cross-corpus-882,RobustScaler,LGBM,46,11,15,0.1389,3.9118,5.6913,0.2095,-0.3349,0.3638
5,positive_training,CRADK,phq_8,PHQ8,cross-corpus-882,RobustScaler,CatBoost,46,11,15,0.112,3.6151,5.6094,0.1996,-0.2967,0.3684
1,positive_training,CRADK,phq_9,PHQ9,cross-corpus-882,StandardScaler,Ridge,45,12,5,0.1674,7.2592,8.9001,0.1894,-0.137,0.0668
1,positive_training,CRADK,phq_9,PHQ9,cross-corpus-882,StandardScaler,Lasso,45,12,5,0.1652,7.2523,8.856,0.189,-0.1258,0.0668
1,positive_training,CRADK,phq_9,PHQ9,cross-corpus-882,StandardScaler,ElasticNet,45,12,5,0.1609,7.25,8.8097,0.1869,-0.114,0.1406
1,positive_training,CRADK,phq_9,PHQ9,cross-corpus-882,StandardScaler,SVR,45,12,5,0.0444,7.3901,8.7684,0.0677,-0.1036,0.0211
1,positive_training,CRADK,phq_9,PHQ9,cross-corpus-882,StandardScaler,KNN,45,12,5,-0.0538,7.7407,9.0361,-0.0939,-0.172,-0.2324
1,positive_training,CRADK,phq_9,PHQ9,cross-corpus-882,StandardScaler,RF,45,12,5,-0.0437,7.4594,8.8667,-0.083,-0.1285,-0.1265
1,positive_training,CRADK,phq_9,PHQ9,cross-corpus-882,StandardScaler,ET,45,12,5,-0.086,7.6058,9.127,-0.1505,-0.1957,-0.1582
1,positive_training,CRADK,phq_9,PHQ9,cross-corpus-882,StandardScaler,GB,45,12,5,-0.1195,8.1384,9.6304,-0.1641,-0.3313,-0.0351
1,positive_training,CRADK,phq_9,PHQ9,cross-corpus-882,StandardScaler,XGB,45,12,5,-0.0094,7.8889,9.5229,-0.0114,-0.3017,0.0879
1,positive_training,CRADK,phq_9,PHQ9,cross-corpus-882,StandardScaler,MLP,45,12,5,0.1309,7.3955,8.8634,0.1557,-0.1276,0.0844
1,positive_training,CRADK,phq_9,PHQ9,cross-corpus-882,StandardScaler,LGBM,45,12,5,0.2099,6.6769,7.9332,0.3189,0.0966,0.1117
1,positive_training,CRADK,phq_9,PHQ9,cross-corpus-882,StandardScaler,CatBoost,45,12,5,0.063,7.3746,8.6688,0.0967,-0.0787,-0.0105
1,positive_training,CRADK,phq_9,PHQ9,cross-corpus-882,MinMaxScaler,Ridge,45,12,5,0.0378,7.8331,8.775,0.0565,-0.1053,-0.0246
1,positive_training,CRADK,phq_9,PHQ9,cross-corpus-882,MinMaxScaler,Lasso,45,12,5,0.037,7.6316,8.6014,0.0639,-0.062,0.0492
1,positive_training,CRADK,phq_9,PHQ9,cross-corpus-882,MinMaxScaler,ElasticNet,45,12,5,0.0357,7.7704,8.7234,0.0556,-0.0923,-0.0246
1,positive_training,CRADK,phq_9,PHQ9,cross-corpus-882,MinMaxScaler,SVR,45,12,5,0.0277,7.8826,8.8901,0.0404,-0.1345,-0.0844
1,positive_training,CRADK,phq_9,PHQ9,cross-corpus-882,MinMaxScaler,KNN,45,12,5,0.0477,8.3833,9.1937,0.0594,-0.2133,-0.0229
1,positive_training,CRADK,phq_9,PHQ9,cross-corpus-882,MinMaxScaler,RF,45,12,5,-0.1829,8.4583,9.7778,-0.2669,-0.3723,-0.2777
1,positive_training,CRADK,phq_9,PHQ9,cross-corpus-882,MinMaxScaler,ET,45,12,5,-0.0879,8.2722,9.4547,-0.1237,-0.2831,-0.239
1,positive_training,CRADK,phq_9,PHQ9,cross-corpus-882,MinMaxScaler,GB,45,12,5,-0.1905,8.7552,10.351,-0.2325,-0.5379,-0.1863
1,positive_training,CRADK,phq_9,PHQ9,cross-corpus-882,MinMaxScaler,XGB,45,12,5,-0.1612,8.6597,10.5131,-0.1869,-0.5865,-0.0492
1,positive_training,CRADK,phq_9,PHQ9,cross-corpus-882,MinMaxScaler,MLP,45,12,5,0.0317,7.3864,8.5144,0.0623,-0.0406,-0.007
1,positive_training,CRADK,phq_9,PHQ9,cross-corpus-882,MinMaxScaler,LGBM,45,12,5,0.1875,6.9,8.0611,0.2821,0.0673,0.1607
1,positive_training,CRADK,phq_9,PHQ9,cross-corpus-882,MinMaxScaler,CatBoost,45,12,5,-0.1317,8.0852,9.5055,-0.1998,-0.2969,-0.2601
1,positive_training,CRADK,phq_9,PHQ9,cross-corpus-882,RobustScaler,Ridge,45,12,5,0.1656,7.2074,8.8549,0.1891,-0.1255,0.1793
1,positive_training,CRADK,phq_9,PHQ9,cross-corpus-882,RobustScaler,Lasso,45,12,5,0.1637,7.2034,8.8143,0.189,-0.1152,0.1793
1,positive_training,CRADK,phq_9,PHQ9,cross-corpus-882,RobustScaler,ElasticNet,45,12,5,0.1596,7.2055,8.7782,0.1868,-0.1061,0.2074
1,positive_training,CRADK,phq_9,PHQ9,cross-corpus-882,RobustScaler,SVR,45,12,5,0.1091,7.1106,8.441,0.1647,-0.0227,0.1617
1,positive_training,CRADK,phq_9,PHQ9,cross-corpus-882,RobustScaler,KNN,45,12,5,0.0527,7.5185,8.6776,0.0831,-0.0809,0.0703
1,positive_training,CRADK,phq_9,PHQ9,cross-corpus-882,RobustScaler,RF,45,12,5,-0.0235,7.2812,8.7176,-0.0507,-0.0909,-0.1336
1,positive_training,CRADK,phq_9,PHQ9,cross-corpus-882,RobustScaler,ET,45,12,5,-0.124,7.8433,9.3623,-0.2056,-0.2582,-0.0879
1,positive_training,CRADK,phq_9,PHQ9,cross-corpus-882,RobustScaler,GB,45,12,5,-0.1439,8.3419,9.7124,-0.2013,-0.354,-0.0808
1,positive_training,CRADK,phq_9,PHQ9,cross-corpus-882,RobustScaler,XGB,45,12,5,-0.0336,8.1142,9.8663,-0.039,-0.3973,-0.0211
1,positive_training,CRADK,phq_9,PHQ9,cross-corpus-882,RobustScaler,MLP,45,12,5,0.0839,8.538,10.6372,0.0856,-0.6242,0.0
1,positive_training,CRADK,phq_9,PHQ9,cross-corpus-882,RobustScaler,LGBM,45,12,5,0.1695,6.9134,8.2093,0.245,0.0326,0.0799
1,positive_training,CRADK,phq_9,PHQ9,cross-corpus-882,RobustScaler,CatBoost,45,12,5,-0.0541,7.7482,9.1108,-0.0868,-0.1915,-0.0598
2,positive_training,CRADK,phq_9,PHQ9,cross-corpus-882,StandardScaler,Ridge,45,12,5,0.0147,8.6302,10.2766,0.0156,-1.5881,0.1343
2,positive_training,CRADK,phq_9,PHQ9,cross-corpus-882,StandardScaler,Lasso,45,12,5,0.0279,9.3807,11.4082,0.0312,-2.1894,0.1696
2,positive_training,CRADK,phq_9,PHQ9,cross-corpus-882,StandardScaler,ElasticNet,45,12,5,-0.0137,7.7194,9.1332,-0.0141,-1.0442,0.0141
2,positive_training,CRADK,phq_9,PHQ9,cross-corpus-882,StandardScaler,SVR,45,12,5,-0.0799,6.6166,7.9264,-0.0926,-0.5397,-0.1626
2,positive_training,CRADK,phq_9,PHQ9,cross-corpus-882,StandardScaler,KNN,45,12,5,0.2596,5.3667,6.8901,0.2701,-0.1634,0.422
2,positive_training,CRADK,phq_9,PHQ9,cross-corpus-882,StandardScaler,RF,45,12,5,0.0523,5.5025,7.4423,0.0605,-0.3574,0.205
2,positive_training,CRADK,phq_9,PHQ9,cross-corpus-882,StandardScaler,ET,45,12,5,0.1066,5.7512,7.2151,0.119,-0.2757,0.1979
2,positive_training,CRADK,phq_9,PHQ9,cross-corpus-882,StandardScaler,GB,45,12,5,0.0217,6.0298,7.696,0.024,-0.4515,-0.0177
2,positive_training,CRADK,phq_9,PHQ9,cross-corpus-882,StandardScaler,XGB,45,12,5,-0.005,6.0113,7.7631,-0.0057,-0.4769,-0.1449
2,positive_training,CRADK,phq_9,PHQ9,cross-corpus-882,StandardScaler,MLP,45,12,5,0.0214,8.4065,11.0456,0.024,-1.9899,0.2968
2,positive_training,CRADK,phq_9,PHQ9,cross-corpus-882,StandardScaler,LGBM,45,12,5,-0.1503,6.4771,8.3306,-0.1718,-0.7007,-0.1023
2,positive_training,CRADK,phq_9,PHQ9,cross-corpus-882,StandardScaler,CatBoost,45,12,5,0.0381,6.1433,7.7799,0.0419,-0.4833,-0.0459
2,positive_training,CRADK,phq_9,PHQ9,cross-corpus-882,MinMaxScaler,Ridge,45,12,5,-0.2504,6.85,8.3587,-0.2822,-0.7122,-0.2262
2,positive_training,CRADK,phq_9,PHQ9,cross-corpus-882,MinMaxScaler,Lasso,45,12,5,-0.2114,6.548,8.0381,-0.25,-0.5834,-0.0848
2,positive_training,CRADK,phq_9,PHQ9,cross-corpus-882,MinMaxScaler,ElasticNet,45,12,5,-0.2438,6.7179,8.2294,-0.2813,-0.6596,-0.2262
2,positive_training,CRADK,phq_9,PHQ9,cross-corpus-882,MinMaxScaler,SVR,45,12,5,-0.1666,6.3152,7.8559,-0.1984,-0.5124,-0.0989
2,positive_training,CRADK,phq_9,PHQ9,cross-corpus-882,MinMaxScaler,KNN,45,12,5,0.0513,5.1944,6.6854,0.0756,-0.0953,0.0708
2,positive_training,CRADK,phq_9,PHQ9,cross-corpus-882,MinMaxScaler,RF,45,12,5,-0.2035,5.6567,7.4511,-0.3225,-0.3606,-0.2898
2,positive_training,CRADK,phq_9,PHQ9,cross-corpus-882,MinMaxScaler,ET,45,12,5,-0.1666,5.7933,7.4494,-0.2386,-0.36,-0.3463
2,positive_training,CRADK,phq_9,PHQ9,cross-corpus-882,MinMaxScaler,GB,45,12,5,-0.2901,7.0895,8.5257,-0.3344,-0.7813,-0.5195
2,positive_training,CRADK,phq_9,PHQ9,cross-corpus-882,MinMaxScaler,XGB,45,12,5,-0.4397,6.7412,8.7738,-0.5516,-0.8865,-0.6431
2,positive_training,CRADK,phq_9,PHQ9,cross-corpus-882,MinMaxScaler,MLP,45,12,5,-0.2396,6.8015,8.279,-0.2726,-0.6797,-0.1873
2,positive_training,CRADK,phq_9,PHQ9,cross-corpus-882,MinMaxScaler,LGBM,45,12,5,-0.3738,6.7336,8.8158,-0.4564,-0.9046,-0.3701
2,positive_training,CRADK,phq_9,PHQ9,cross-corpus-882,MinMaxScaler,CatBoost,45,12,5,-0.237,5.6454,7.7515,-0.3502,-0.4725,-0.3569
2,positive_training,CRADK,phq_9,PHQ9,cross-corpus-882,RobustScaler,Ridge,45,12,5,-0.0457,8.8685,10.8067,-0.0484,-1.862,0.1095
2,positive_training,CRADK,phq_9,PHQ9,cross-corpus-882,RobustScaler,Lasso,45,12,5,-0.048,8.8012,10.7167,-0.0507,-1.8145,0.1095
2,positive_training,CRADK,phq_9,PHQ9,cross-corpus-882,RobustScaler,ElasticNet,45,12,5,-0.0513,8.7338,10.6289,-0.0539,-1.7686,0.1095
2,positive_training,CRADK,phq_9,PHQ9,cross-corpus-882,RobustScaler,SVR,45,12,5,-0.1402,6.0221,7.7401,-0.1863,-0.4682,-0.0848
2,positive_training,CRADK,phq_9,PHQ9,cross-corpus-882,RobustScaler,KNN,45,12,5,0.0331,5.7833,7.6991,0.037,-0.4527,0.0
2,positive_training,CRADK,phq_9,PHQ9,cross-corpus-882,RobustScaler,RF,45,12,5,0.0158,5.3992,7.2343,0.0197,-0.2826,0.1095
2,positive_training,CRADK,phq_9,PHQ9,cross-corpus-882,RobustScaler,ET,45,12,5,-0.0174,5.5967,7.2153,-0.0216,-0.2758,0.2332
2,positive_training,CRADK,phq_9,PHQ9,cross-corpus-882,RobustScaler,GB,45,12,5,-0.1262,5.5718,7.9904,-0.17,-0.5647,-0.1696
2,positive_training,CRADK,phq_9,PHQ9,cross-corpus-882,RobustScaler,XGB,45,12,5,-0.3484,7.2187,9.9334,-0.4831,-1.4181,-0.3816
2,positive_training,CRADK,phq_9,PHQ9,cross-corpus-882,RobustScaler,MLP,45,12,5,-0.1138,7.9558,10.0947,-0.1196,-1.4973,0.1095
2,positive_training,CRADK,phq_9,PHQ9,cross-corpus-882,RobustScaler,LGBM,45,12,5,-0.2222,6.2797,8.4998,-0.2801,-0.7705,-0.0927
2,positive_training,CRADK,phq_9,PHQ9,cross-corpus-882,RobustScaler,CatBoost,45,12,5,-0.1776,5.5965,7.8882,-0.2537,-0.5249,-0.212
3,positive_training,CRADK,phq_9,PHQ9,cross-corpus-882,StandardScaler,Ridge,46,11,10,-0.0138,7.0763,7.8926,-0.0466,-0.0374,0.123
3,positive_training,CRADK,phq_9,PHQ9,cross-corpus-882,StandardScaler,Lasso,46,11,10,-0.0762,7.2207,8.1794,-0.2245,-0.1141,-0.0774
3,positive_training,CRADK,phq_9,PHQ9,cross-corpus-882,StandardScaler,ElasticNet,46,11,10,-0.0347,7.1361,8.0828,-0.0818,-0.088,0.1686
3,positive_training,CRADK,phq_9,PHQ9,cross-corpus-882,StandardScaler,SVR,46,11,10,0.0093,6.9473,7.8803,0.0268,-0.0341,-0.041
3,positive_training,CRADK,phq_9,PHQ9,cross-corpus-882,StandardScaler,KNN,46,11,10,-0.0005,7.013,7.974,-0.0016,-0.0589,0.1762
3,positive_training,CRADK,phq_9,PHQ9,cross-corpus-882,StandardScaler,RF,46,11,10,0.0512,6.8586,7.6183,0.207,0.0335,0.1321
3,positive_training,CRADK,phq_9,PHQ9,cross-corpus-882,StandardScaler,ET,46,11,10,0.0876,6.6155,7.5048,0.3183,0.0621,0.595
3,positive_training,CRADK,phq_9,PHQ9,cross-corpus-882,StandardScaler,GB,46,11,10,0.0898,6.721,7.7494,0.1654,-0.0001,0.082
3,positive_training,CRADK,phq_9,PHQ9,cross-corpus-882,StandardScaler,XGB,46,11,10,-0.1835,7.9481,9.107,-0.2902,-0.3812,-0.5148
3,positive_training,CRADK,phq_9,PHQ9,cross-corpus-882,StandardScaler,MLP,46,11,10,-0.2637,9.671,12.7441,-0.2688,-1.7046,-0.3235
3,positive_training,CRADK,phq_9,PHQ9,cross-corpus-882,StandardScaler,LGBM,46,11,10,0.0794,6.8185,7.753,0.1462,-0.001,0.0023
3,positive_training,CRADK,phq_9,PHQ9,cross-corpus-882,StandardScaler,CatBoost,46,11,10,0.1304,6.6768,7.397,0.3149,0.0888,0.164
3,positive_training,CRADK,phq_9,PHQ9,cross-corpus-882,MinMaxScaler,Ridge,46,11,10,0.0088,6.7611,7.8899,0.0216,-0.0366,0.1276
3,positive_training,CRADK,phq_9,PHQ9,cross-corpus-882,MinMaxScaler,Lasso,46,11,10,-0.0354,6.9876,8.1376,-0.0769,-0.1028,0.082
3,positive_training,CRADK,phq_9,PHQ9,cross-corpus-882,MinMaxScaler,ElasticNet,46,11,10,0.0543,6.6053,7.6152,0.1905,0.0343,0.1549
3,positive_training,CRADK,phq_9,PHQ9,cross-corpus-882,MinMaxScaler,SVR,46,11,10,-0.1058,7.4455,8.4743,-0.2278,-0.1959,-0.1002
3,positive_training,CRADK,phq_9,PHQ9,cross-corpus-882,MinMaxScaler,KNN,46,11,10,-0.0056,6.7374,8.0866,-0.0134,-0.089,-0.1093
3,positive_training,CRADK,phq_9,PHQ9,cross-corpus-882,MinMaxScaler,RF,46,11,10,-0.0591,7.0441,8.1433,-0.1507,-0.1043,-0.2055
3,positive_training,CRADK,phq_9,PHQ9,cross-corpus-882,MinMaxScaler,ET,46,11,10,-0.0149,6.8159,7.991,-0.0379,-0.0634,-0.0273
3,positive_training,CRADK,phq_9,PHQ9,cross-corpus-882,MinMaxScaler,GB,46,11,10,-0.0174,7.0875,8.8586,-0.021,-0.3068,-0.164
3,positive_training,CRADK,phq_9,PHQ9,cross-corpus-882,MinMaxScaler,XGB,46,11,10,0.0937,6.5912,8.1295,0.1237,-0.1006,0.0046
3,positive_training,CRADK,phq_9,PHQ9,cross-corpus-882,MinMaxScaler,MLP,46,11,10,0.0756,6.3905,7.6398,0.1815,0.028,0.0273
3,positive_training,CRADK,phq_9,PHQ9,cross-corpus-882,MinMaxScaler,LGBM,46,11,10,-0.0876,7.339,8.3075,-0.1944,-0.1493,-0.2146
3,positive_training,CRADK,phq_9,PHQ9,cross-corpus-882,MinMaxScaler,CatBoost,46,11,10,-0.0675,7.226,8.4027,-0.1184,-0.1758,-0.1777
3,positive_training,CRADK,phq_9,PHQ9,cross-corpus-882,RobustScaler,Ridge,46,11,10,0.0797,6.6338,7.4867,0.347,0.0666,0.2688
3,positive_training,CRADK,phq_9,PHQ9,cross-corpus-882,RobustScaler,Lasso,46,11,10,0.0,7.087,7.7558,,-0.0017,
3,positive_training,CRADK,phq_9,PHQ9,cross-corpus-882,RobustScaler,ElasticNet,46,11,10,0.1133,6.3905,7.4005,0.3469,0.088,0.3326
3,positive_training,CRADK,phq_9,PHQ9,cross-corpus-882,RobustScaler,SVR,46,11,10,0.2378,6.009,7.1559,0.4282,0.1472,0.5695
3,positive_training,CRADK,phq_9,PHQ9,cross-corpus-882,RobustScaler,KNN,46,11,10,0.2563,5.7403,6.8725,0.6533,0.2135,0.6241
3,positive_training,CRADK,phq_9,PHQ9,cross-corpus-882,RobustScaler,RF,46,11,10,0.1643,6.1809,7.2343,0.4328,0.1285,0.3235
3,positive_training,CRADK,phq_9,PHQ9,cross-corpus-882,RobustScaler,ET,46,11,10,0.1393,6.2832,7.3465,0.3538,0.1012,0.4328
3,positive_training,CRADK,phq_9,PHQ9,cross-corpus-882,RobustScaler,GB,46,11,10,0.1347,6.7287,7.7789,0.2029,-0.0077,0.1549
3,positive_training,CRADK,phq_9,PHQ9,cross-corpus-882,RobustScaler,XGB,46,11,10,0.28,6.2546,7.0275,0.4463,0.1776,0.3599
3,positive_training,CRADK,phq_9,PHQ9,cross-corpus-882,RobustScaler,MLP,46,11,10,0.1777,6.259,7.5072,0.2834,0.0615,0.1777
3,positive_training,CRADK,phq_9,PHQ9,cross-corpus-882,RobustScaler,LGBM,46,11,10,0.1822,6.2837,7.4241,0.2929,0.0821,0.3462
3,positive_training,CRADK,phq_9,PHQ9,cross-corpus-882,RobustScaler,CatBoost,46,11,10,0.4041,5.4612,6.3328,0.6537,0.3321,0.6105
4,positive_training,CRADK,phq_9,PHQ9,cross-corpus-882,StandardScaler,Ridge,46,11,10,0.282,6.5346,6.96,0.2949,-0.2031,0.0782
4,positive_training,CRADK,phq_9,PHQ9,cross-corpus-882,StandardScaler,Lasso,46,11,10,0.2642,7.3064,7.7016,0.2704,-0.4731,0.2437
4,positive_training,CRADK,phq_9,PHQ9,cross-corpus-882,StandardScaler,ElasticNet,46,11,10,0.2783,7.053,7.4405,0.2853,-0.3749,0.1793
4,positive_training,CRADK,phq_9,PHQ9,cross-corpus-882,StandardScaler,SVR,46,11,10,0.0793,6.5527,7.1036,0.0921,-0.2532,-0.1104
4,positive_training,CRADK,phq_9,PHQ9,cross-corpus-882,StandardScaler,KNN,46,11,10,-0.0132,6.2424,7.3361,-0.0161,-0.3366,-0.0393
4,positive_training,CRADK,phq_9,PHQ9,cross-corpus-882,StandardScaler,RF,46,11,10,-0.0783,6.4432,7.3398,-0.1015,-0.338,-0.0644
4,positive_training,CRADK,phq_9,PHQ9,cross-corpus-882,StandardScaler,ET,46,11,10,0.0143,6.2473,6.8157,0.0203,-0.1537,-0.0644
4,positive_training,CRADK,phq_9,PHQ9,cross-corpus-882,StandardScaler,GB,46,11,10,0.0173,6.7692,7.5693,0.0189,-0.4229,-0.2023
4,positive_training,CRADK,phq_9,PHQ9,cross-corpus-882,StandardScaler,XGB,46,11,10,-0.083,6.7388,8.0052,-0.089,-0.5915,-0.2207
4,positive_training,CRADK,phq_9,PHQ9,cross-corpus-882,StandardScaler,MLP,46,11,10,0.0531,7.1351,7.806,0.0584,-0.5134,-0.0092
4,positive_training,CRADK,phq_9,PHQ9,cross-corpus-882,StandardScaler,LGBM,46,11,10,-0.0577,6.5652,7.3146,-0.0725,-0.3288,-0.1336
4,positive_training,CRADK,phq_9,PHQ9,cross-corpus-882,StandardScaler,CatBoost,46,11,10,0.0115,6.3961,6.9906,0.0148,-0.2137,-0.1609
4,positive_training,CRADK,phq_9,PHQ9,cross-corpus-882,MinMaxScaler,Ridge,46,11,10,0.1283,6.5043,6.9258,0.1455,-0.1913,0.0322
4,positive_training,CRADK,phq_9,PHQ9,cross-corpus-882,MinMaxScaler,Lasso,46,11,10,0.205,6.5649,6.8844,0.2196,-0.1771,0.023
4,positive_training,CRADK,phq_9,PHQ9,cross-corpus-882,MinMaxScaler,ElasticNet,46,11,10,0.1691,7.0573,7.2917,0.1761,-0.3205,0.0322
4,positive_training,CRADK,phq_9,PHQ9,cross-corpus-882,MinMaxScaler,SVR,46,11,10,0.1564,6.8161,7.21,0.1758,-0.2911,0.0368
4,positive_training,CRADK,phq_9,PHQ9,cross-corpus-882,MinMaxScaler,KNN,46,11,10,0.2148,6.0909,6.9246,0.2386,-0.1909,0.1425
4,positive_training,CRADK,phq_9,PHQ9,cross-corpus-882,MinMaxScaler,RF,46,11,10,0.0082,6.3036,6.9259,0.0109,-0.1913,-0.1104
4,positive_training,CRADK,phq_9,PHQ9,cross-corpus-882,MinMaxScaler,ET,46,11,10,0.103,5.935,6.4922,0.1503,-0.0468,-0.0599
4,positive_training,CRADK,phq_9,PHQ9,cross-corpus-882,MinMaxScaler,GB,46,11,10,0.2002,6.2846,7.0846,0.214,-0.2465,0.0736
4,positive_training,CRADK,phq_9,PHQ9,cross-corpus-882,MinMaxScaler,XGB,46,11,10,0.0641,6.1776,7.3006,0.0713,-0.3237,-0.0368
4,positive_training,CRADK,phq_9,PHQ9,cross-corpus-882,MinMaxScaler,MLP,46,11,10,0.0724,7.478,7.7804,0.0748,-0.5034,0.0322
4,positive_training,CRADK,phq_9,PHQ9,cross-corpus-882,MinMaxScaler,LGBM,46,11,10,0.1073,5.9117,6.8008,0.1289,-0.1487,-0.092
4,positive_training,CRADK,phq_9,PHQ9,cross-corpus-882,MinMaxScaler,CatBoost,46,11,10,0.0256,6.807,7.5637,0.0279,-0.4208,-0.1241
4,positive_training,CRADK,phq_9,PHQ9,cross-corpus-882,RobustScaler,Ridge,46,11,10,0.2821,5.8682,6.5565,0.3037,-0.0676,0.2115
4,positive_training,CRADK,phq_9,PHQ9,cross-corpus-882,RobustScaler,Lasso,46,11,10,0.2721,6.4637,7.2434,0.2758,-0.303,0.1931
4,positive_training,CRADK,phq_9,PHQ9,cross-corpus-882,RobustScaler,ElasticNet,46,11,10,0.2884,6.2128,6.9455,0.2957,-0.1981,0.1931
4,positive_training,CRADK,phq_9,PHQ9,cross-corpus-882,RobustScaler,SVR,46,11,10,0.2084,6.3507,7.0845,0.2192,-0.2465,0.3265
4,positive_training,CRADK,phq_9,PHQ9,cross-corpus-882,RobustScaler,KNN,46,11,10,0.1306,6.4242,7.2641,0.1415,-0.3105,0.1014
4,positive_training,CRADK,phq_9,PHQ9,cross-corpus-882,RobustScaler,RF,46,11,10,0.0204,6.3373,7.0676,0.0255,-0.2406,-0.0644
4,positive_training,CRADK,phq_9,PHQ9,cross-corpus-882,RobustScaler,ET,46,11,10,0.0422,6.1455,6.7222,0.0597,-0.1223,-0.0736
4,positive_training,CRADK,phq_9,PHQ9,cross-corpus-882,RobustScaler,GB,46,11,10,0.1649,6.3366,7.0243,0.1778,-0.2254,-0.0598
4,positive_training,CRADK,phq_9,PHQ9,cross-corpus-882,RobustScaler,XGB,46,11,10,0.13,5.9077,6.9163,0.1479,-0.188,0.115
4,positive_training,CRADK,phq_9,PHQ9,cross-corpus-882,RobustScaler,MLP,46,11,10,0.106,7.3278,8.4324,0.1061,-0.766,-0.0138
4,positive_training,CRADK,phq_9,PHQ9,cross-corpus-882,RobustScaler,LGBM,46,11,10,-0.1051,6.7018,7.4366,-0.1329,-0.3735,-0.2627
4,positive_training,CRADK,phq_9,PHQ9,cross-corpus-882,RobustScaler,CatBoost,46,11,10,0.1347,6.1802,6.9821,0.1536,-0.2107,-0.023
5,positive_training,CRADK,phq_9,PHQ9,cross-corpus-882,StandardScaler,Ridge,46,11,5,-0.5846,5.5676,6.399,-0.6026,-1.5566,-0.7369
5,positive_training,CRADK,phq_9,PHQ9,cross-corpus-882,StandardScaler,Lasso,46,11,5,-0.6012,5.5171,6.3487,-0.6283,-1.5165,-0.7643
5,positive_training,CRADK,phq_9,PHQ9,cross-corpus-882,StandardScaler,ElasticNet,46,11,5,-0.5863,5.5633,6.3926,-0.6052,-1.5514,-0.7369
5,positive_training,CRADK,phq_9,PHQ9,cross-corpus-882,StandardScaler,SVR,46,11,5,-0.2933,4.3579,5.387,-0.5892,-0.8119,-0.6774
5,positive_training,CRADK,phq_9,PHQ9,cross-corpus-882,StandardScaler,KNN,46,11,5,-0.5347,5.7475,6.0778,-0.6169,-1.3063,-0.6995
5,positive_training,CRADK,phq_9,PHQ9,cross-corpus-882,StandardScaler,RF,46,11,5,-0.1356,4.6948,5.5644,-0.1414,-0.9332,-0.3387
5,positive_training,CRADK,phq_9,PHQ9,cross-corpus-882,StandardScaler,ET,46,11,5,-0.2301,4.9005,5.7308,-0.252,-1.0505,-0.2151
5,positive_training,CRADK,phq_9,PHQ9,cross-corpus-882,StandardScaler,GB,46,11,5,-0.0809,4.8989,6.152,-0.0813,-1.363,-0.238
5,positive_training,CRADK,phq_9,PHQ9,cross-corpus-882,StandardScaler,XGB,46,11,5,0.1757,4.9174,6.0895,0.1848,-1.3153,0.0137
5,positive_training,CRADK,phq_9,PHQ9,cross-corpus-882,StandardScaler,MLP,46,11,5,-0.2592,5.192,6.2588,-0.2655,-1.4458,-0.508
5,positive_training,CRADK,phq_9,PHQ9,cross-corpus-882,StandardScaler,LGBM,46,11,5,-0.4376,5.8743,6.441,-0.454,-1.5903,-0.5599
5,positive_training,CRADK,phq_9,PHQ9,cross-corpus-882,StandardScaler,CatBoost,46,11,5,-0.0368,4.2709,5.1469,-0.0383,-0.654,-0.1785
5,positive_training,CRADK,phq_9,PHQ9,cross-corpus-882,MinMaxScaler,Ridge,46,11,10,0.2774,3.8528,4.4895,0.352,-0.2584,0.2883
5,positive_training,CRADK,phq_9,PHQ9,cross-corpus-882,MinMaxScaler,Lasso,46,11,10,0.3453,3.8624,4.8678,0.4262,-0.4795,0.3158
5,positive_training,CRADK,phq_9,PHQ9,cross-corpus-882,MinMaxScaler,ElasticNet,46,11,10,0.3142,3.8916,4.7029,0.391,-0.3809,0.2883
5,positive_training,CRADK,phq_9,PHQ9,cross-corpus-882,MinMaxScaler,SVR,46,11,10,0.2388,3.5207,4.329,0.2909,-0.1701,0.1922
5,positive_training,CRADK,phq_9,PHQ9,cross-corpus-882,MinMaxScaler,KNN,46,11,10,-0.0393,6.1212,7.2516,-0.0747,-2.2832,-0.0851
5,positive_training,CRADK,phq_9,PHQ9,cross-corpus-882,MinMaxScaler,RF,46,11,10,0.1226,4.6327,5.6137,0.1356,-0.9676,0.0915
5,positive_training,CRADK,phq_9,PHQ9,cross-corpus-882,MinMaxScaler,ET,46,11,10,0.1219,4.5836,5.7246,0.1459,-1.0461,0.1055
5,positive_training,CRADK,phq_9,PHQ9,cross-corpus-882,MinMaxScaler,GB,46,11,10,-0.0639,7.0886,8.5924,-0.0764,-3.6096,-0.1236
5,positive_training,CRADK,phq_9,PHQ9,cross-corpus-882,MinMaxScaler,XGB,46,11,10,0.0242,5.0495,6.4969,0.0256,-1.6354,-0.0046
5,positive_training,CRADK,phq_9,PHQ9,cross-corpus-882,MinMaxScaler,MLP,46,11,10,0.3248,3.5686,4.2761,0.4022,-0.1416,0.3844
5,positive_training,CRADK,phq_9,PHQ9,cross-corpus-882,MinMaxScaler,LGBM,46,11,10,-0.0689,5.5186,6.5136,-0.0713,-1.6489,-0.3158
5,positive_training,CRADK,phq_9,PHQ9,cross-corpus-882,MinMaxScaler,CatBoost,46,11,10,0.0538,5.38,6.6095,0.0604,-1.7276,-0.0503
5,positive_training,CRADK,phq_9,PHQ9,cross-corpus-882,RobustScaler,Ridge,46,11,10,0.2997,4.3441,4.9803,0.3056,-0.5486,0.2655
5,positive_training,CRADK,phq_9,PHQ9,cross-corpus-882,RobustScaler,Lasso,46,11,10,0.3119,4.317,4.9691,0.3201,-0.5417,0.2929
5,positive_training,CRADK,phq_9,PHQ9,cross-corpus-882,RobustScaler,ElasticNet,46,11,10,0.3297,4.2516,4.9343,0.3414,-0.5202,0.27
5,positive_training,CRADK,phq_9,PHQ9,cross-corpus-882,RobustScaler,SVR,46,11,10,-0.0478,4.6911,5.9093,-0.0502,-1.1803,-0.206
5,positive_training,CRADK,phq_9,PHQ9,cross-corpus-882,RobustScaler,KNN,46,11,10,0.2464,3.5455,4.5227,0.3097,-0.2771,0.0734
5,positive_training,CRADK,phq_9,PHQ9,cross-corpus-882,RobustScaler,RF,46,11,10,0.0018,4.1533,4.9525,0.0019,-0.5313,-0.2197
5,positive_training,CRADK,phq_9,PHQ9,cross-corpus-882,RobustScaler,ET,46,11,10,0.0311,4.1527,5.2038,0.0344,-0.6907,-0.1876
5,positive_training,CRADK,phq_9,PHQ9,cross-corpus-882,RobustScaler,GB,46,11,10,0.0484,5.4824,6.4018,0.0501,-1.5588,-0.0595
5,positive_training,CRADK,phq_9,PHQ9,cross-corpus-882,RobustScaler,XGB,46,11,10,-0.1946,5.3928,6.2504,-0.1949,-1.4392,-0.206
5,positive_training,CRADK,phq_9,PHQ9,cross-corpus-882,RobustScaler,MLP,46,11,10,0.4025,4.1301,5.0789,0.4385,-0.6106,0.2517
5,positive_training,CRADK,phq_9,PHQ9,cross-corpus-882,RobustScaler,LGBM,46,11,10,-0.1058,5.2717,6.3785,-0.1094,-1.5402,-0.1876
5,positive_training,CRADK,phq_9,PHQ9,cross-corpus-882,RobustScaler,CatBoost,46,11,10,0.1642,3.8067,4.8395,0.1667,-0.4623,-0.0046
1,positive_training,CRADK,ads.1,CES-D,cross-corpus-882,StandardScaler,Ridge,46,12,5,0.0611,10.8963,13.0543,0.0918,-0.0874,-0.1191
1,positive_training,CRADK,ads.1,CES-D,cross-corpus-882,StandardScaler,Lasso,46,12,5,0.0741,11.0705,13.1233,0.1051,-0.0989,-0.063
1,positive_training,CRADK,ads.1,CES-D,cross-corpus-882,StandardScaler,ElasticNet,46,12,5,0.0849,11.1449,13.2102,0.1143,-0.1135,-0.063
1,positive_training,CRADK,ads.1,CES-D,cross-corpus-882,StandardScaler,SVR,46,12,5,-0.121,12.0152,13.6874,-0.2516,-0.1954,-0.3748
1,positive_training,CRADK,ads.1,CES-D,cross-corpus-882,StandardScaler,KNN,46,12,5,-0.2983,13.0,15.8103,-0.3836,-0.595,-0.4982
1,positive_training,CRADK,ads.1,CES-D,cross-corpus-882,StandardScaler,RF,46,12,5,-0.124,12.0437,13.7447,-0.2472,-0.2054,-0.2277
1,positive_training,CRADK,ads.1,CES-D,cross-corpus-882,StandardScaler,ET,46,12,5,-0.266,12.9954,15.0954,-0.4103,-0.454,-0.5114
1,positive_training,CRADK,ads.1,CES-D,cross-corpus-882,StandardScaler,GB,46,12,5,-0.0687,12.2129,13.9246,-0.1005,-0.2372,-0.1891
1,positive_training,CRADK,ads.1,CES-D,cross-corpus-882,StandardScaler,XGB,46,12,5,-0.0771,12.6357,14.1429,-0.1064,-0.2763,-0.1386
1,positive_training,CRADK,ads.1,CES-D,cross-corpus-882,StandardScaler,MLP,46,12,5,0.0049,11.2267,13.5545,0.0071,-0.1723,-0.2277
1,positive_training,CRADK,ads.1,CES-D,cross-corpus-882,StandardScaler,LGBM,46,12,5,-0.0975,11.5487,13.8268,-0.1656,-0.2199,-0.3109
1,positive_training,CRADK,ads.1,CES-D,cross-corpus-882,StandardScaler,CatBoost,46,12,5,-0.2253,12.6455,14.673,-0.363,-0.3737,-0.3573
1,positive_training,CRADK,ads.1,CES-D,cross-corpus-882,MinMaxScaler,Ridge,46,12,5,-0.0035,13.6186,15.2328,-0.0042,-0.4806,-0.3363
1,positive_training,CRADK,ads.1,CES-D,cross-corpus-882,MinMaxScaler,Lasso,46,12,5,-0.0119,13.9177,15.5267,-0.0141,-0.5383,-0.3363
1,positive_training,CRADK,ads.1,CES-D,cross-corpus-882,MinMaxScaler,ElasticNet,46,12,5,-0.0012,12.483,14.1666,-0.0016,-0.2806,-0.3363
1,positive_training,CRADK,ads.1,CES-D,cross-corpus-882,MinMaxScaler,SVR,46,12,5,-0.0566,11.1679,13.5816,-0.0935,-0.177,-0.2942
1,positive_training,CRADK,ads.1,CES-D,cross-corpus-882,MinMaxScaler,KNN,46,12,5,-0.1395,11.7143,14.5722,-0.2234,-0.3549,0.0421
1,positive_training,CRADK,ads.1,CES-D,cross-corpus-882,MinMaxScaler,RF,46,12,5,-0.1717,12.0146,14.6359,-0.3007,-0.3668,-0.3573
1,positive_training,CRADK,ads.1,CES-D,cross-corpus-882,MinMaxScaler,ET,46,12,5,-0.1491,12.6972,15.5161,-0.2301,-0.5362,-0.1821
1,positive_training,CRADK,ads.1,CES-D,cross-corpus-882,MinMaxScaler,GB,46,12,5,-0.0513,12.4998,15.0581,-0.069,-0.4468,-0.0701
1,positive_training,CRADK,ads.1,CES-D,cross-corpus-882,MinMaxScaler,XGB,46,12,5,-0.2064,12.942,16.0661,-0.2487,-0.647,-0.3328
1,positive_training,CRADK,ads.1,CES-D,cross-corpus-882,MinMaxScaler,MLP,46,12,5,0.0066,12.9648,14.6371,0.0079,-0.367,-0.3608
1,positive_training,CRADK,ads.1,CES-D,cross-corpus-882,MinMaxScaler,LGBM,46,12,5,-0.1287,12.1189,14.5763,-0.1995,-0.3557,-0.2478
1,positive_training,CRADK,ads.1,CES-D,cross-corpus-882,MinMaxScaler,CatBoost,46,12,5,-0.152,12.648,15.2217,-0.2274,-0.4784,-0.2382
1,positive_training,CRADK,ads.1,CES-D,cross-corpus-882,RobustScaler,Ridge,46,12,10,0.0523,11.2103,13.7452,0.0713,-0.2055,-0.0806
1,positive_training,CRADK,ads.1,CES-D,cross-corpus-882,RobustScaler,Lasso,46,12,10,0.0643,11.4419,13.9297,0.0839,-0.2381,-0.0525
1,positive_training,CRADK,ads.1,CES-D,cross-corpus-882,RobustScaler,ElasticNet,46,12,10,0.0186,11.3374,13.7369,0.0269,-0.2041,0.0806
1,positive_training,CRADK,ads.1,CES-D,cross-corpus-882,RobustScaler,SVR,46,12,10,-0.1572,12.3776,14.5161,-0.2346,-0.3445,-0.3012
1,positive_training,CRADK,ads.1,CES-D,cross-corpus-882,RobustScaler,KNN,46,12,10,0.2128,9.7222,12.1906,0.3095,0.0518,0.2681
1,positive_training,CRADK,ads.1,CES-D,cross-corpus-882,RobustScaler,RF,46,12,10,-0.1751,12.025,14.3189,-0.2981,-0.3082,-0.3783
1,positive_training,CRADK,ads.1,CES-D,cross-corpus-882,RobustScaler,ET,46,12,10,-0.1565,11.8475,13.9828,-0.313,-0.2475,-0.3678
1,positive_training,CRADK,ads.1,CES-D,cross-corpus-882,RobustScaler,GB,46,12,10,-0.185,12.4614,15.0249,-0.2535,-0.4404,-0.2907
1,positive_training,CRADK,ads.1,CES-D,cross-corpus-882,RobustScaler,XGB,46,12,10,-0.2415,12.1187,15.3895,-0.3693,-0.5112,-0.3187
1,positive_training,CRADK,ads.1,CES-D,cross-corpus-882,RobustScaler,MLP,46,12,10,0.2627,10.8956,12.2465,0.4435,0.043,0.4588
1,positive_training,CRADK,ads.1,CES-D,cross-corpus-882,RobustScaler,LGBM,46,12,10,-0.1055,11.3259,14.4168,-0.1608,-0.3262,-0.2542
1,positive_training,CRADK,ads.1,CES-D,cross-corpus-882,RobustScaler,CatBoost,46,12,10,-0.2757,12.5834,15.1756,-0.4836,-0.4695,-0.4869
2,positive_training,CRADK,ads.1,CES-D,cross-corpus-882,StandardScaler,Ridge,46,12,10,-0.2028,14.2764,23.0312,-0.2952,-7.1163,-0.0385
2,positive_training,CRADK,ads.1,CES-D,cross-corpus-882,StandardScaler,Lasso,46,12,10,-0.2031,14.3204,23.1333,-0.2966,-7.1885,-0.0385
2,positive_training,CRADK,ads.1,CES-D,cross-corpus-882,StandardScaler,ElasticNet,46,12,10,-0.2024,14.2353,22.9392,-0.2938,-7.0516,-0.0385
2,positive_training,CRADK,ads.1,CES-D,cross-corpus-882,StandardScaler,SVR,46,12,10,0.3035,7.2609,9.1039,0.4206,-0.2682,0.2382
2,positive_training,CRADK,ads.1,CES-D,cross-corpus-882,StandardScaler,KNN,46,12,10,-0.2015,8.6492,11.039,-0.2192,-0.8646,-0.3888
2,positive_training,CRADK,ads.1,CES-D,cross-corpus-882,StandardScaler,RF,46,12,10,-0.1319,7.9586,9.7072,-0.1679,-0.4418,-0.2907
2,positive_training,CRADK,ads.1,CES-D,cross-corpus-882,StandardScaler,ET,46,12,10,-0.0339,7.7612,10.1893,-0.0419,-0.5886,-0.2032
2,positive_training,CRADK,ads.1,CES-D,cross-corpus-882,StandardScaler,GB,46,12,10,0.1724,8.2142,9.9632,0.1745,-0.5189,-0.042
2,positive_training,CRADK,ads.1,CES-D,cross-corpus-882,StandardScaler,XGB,46,12,10,0.1457,8.9228,10.7679,0.1461,-0.7741,0.0245
2,positive_training,CRADK,ads.1,CES-D,cross-corpus-882,StandardScaler,MLP,46,12,10,-0.1959,13.3905,21.2227,-0.287,-5.8917,-0.0035
2,positive_training,CRADK,ads.1,CES-D,cross-corpus-882,StandardScaler,LGBM,46,12,10,-0.1629,8.1923,10.0129,-0.1933,-0.5341,-0.2347
2,positive_training,CRADK,ads.1,CES-D,cross-corpus-882,StandardScaler,CatBoost,46,12,10,-0.1154,8.4512,10.4112,-0.1397,-0.6586,-0.2277
2,positive_training,CRADK,ads.1,CES-D,cross-corpus-882,MinMaxScaler,Ridge,46,12,15,-0.1973,9.1921,13.5041,-0.2177,-1.7903,0.0315
2,positive_training,CRADK,ads.1,CES-D,cross-corpus-882,MinMaxScaler,Lasso,46,12,15,-0.1709,10.4963,16.5796,-0.2144,-3.2061,-0.0105
2,positive_training,CRADK,ads.1,CES-D,cross-corpus-882,MinMaxScaler,ElasticNet,46,12,15,-0.1396,8.1677,10.8979,-0.163,-0.8172,0.0315
2,positive_training,CRADK,ads.1,CES-D,cross-corpus-882,MinMaxScaler,SVR,46,12,15,-0.1362,9.3386,14.7057,-0.1575,-2.309,0.0385
2,positive_training,CRADK,ads.1,CES-D,cross-corpus-882,MinMaxScaler,KNN,46,12,15,-0.0997,8.1905,10.347,-0.1119,-0.6382,-0.056
2,positive_training,CRADK,ads.1,CES-D,cross-corpus-882,MinMaxScaler,RF,46,12,15,-0.1996,8.1052,9.5363,-0.2931,-0.3915,-0.3678
2,positive_training,CRADK,ads.1,CES-D,cross-corpus-882,MinMaxScaler,ET,46,12,15,0.0337,7.1836,8.8954,0.0439,-0.2108,0.0876
2,positive_training,CRADK,ads.1,CES-D,cross-corpus-882,MinMaxScaler,GB,46,12,15,-0.2571,9.2114,10.9891,-0.2835,-0.8478,-0.2417
2,positive_training,CRADK,ads.1,CES-D,cross-corpus-882,MinMaxScaler,XGB,46,12,15,-0.087,8.8259,10.1531,-0.1006,-0.5773,0.0525
2,positive_training,CRADK,ads.1,CES-D,cross-corpus-882,MinMaxScaler,MLP,46,12,15,-0.0711,8.1867,10.1659,-0.0902,-0.5813,-0.1086
2,positive_training,CRADK,ads.1,CES-D,cross-corpus-882,MinMaxScaler,LGBM,46,12,15,-0.0163,8.0088,10.1172,-0.0173,-0.5662,-0.0455
2,positive_training,CRADK,ads.1,CES-D,cross-corpus-882,MinMaxScaler,CatBoost,46,12,15,-0.1745,8.8555,10.2416,-0.1993,-0.6049,-0.2417
2,positive_training,CRADK,ads.1,CES-D,cross-corpus-882,RobustScaler,Ridge,46,12,10,-0.1672,13.1012,20.7428,-0.2419,-5.5836,-0.0595
2,positive_training,CRADK,ads.1,CES-D,cross-corpus-882,RobustScaler,Lasso,46,12,10,-0.1657,12.9538,20.5392,-0.2377,-5.455,-0.0595
2,positive_training,CRADK,ads.1,CES-D,cross-corpus-882,RobustScaler,ElasticNet,46,12,10,-0.1642,12.6706,20.1089,-0.2319,-5.1873,-0.0595
2,positive_training,CRADK,ads.1,CES-D,cross-corpus-882,RobustScaler,SVR,46,12,10,0.174,7.5974,9.5644,0.197,-0.3997,0.2312
2,positive_training,CRADK,ads.1,CES-D,cross-corpus-882,RobustScaler,KNN,46,12,10,-0.1104,8.6531,10.3731,-0.1364,-0.6464,-0.1156
2,positive_training,CRADK,ads.1,CES-D,cross-corpus-882,RobustScaler,RF,46,12,10,-0.0829,8.1598,10.0752,-0.0961,-0.5532,-0.2137
2,positive_training,CRADK,ads.1,CES-D,cross-corpus-882,RobustScaler,ET,46,12,10,0.0139,7.5289,10.0401,0.0163,-0.5424,-0.0701
2,positive_training,CRADK,ads.1,CES-D,cross-corpus-882,RobustScaler,GB,46,12,10,0.1767,8.5483,10.2241,0.1943,-0.5995,0.063
2,positive_training,CRADK,ads.1,CES-D,cross-corpus-882,RobustScaler,XGB,46,12,10,0.2231,8.1803,10.239,0.2278,-0.6041,0.0946
2,positive_training,CRADK,ads.1,CES-D,cross-corpus-882,RobustScaler,MLP,46,12,10,-0.1405,12.1695,18.4002,-0.1867,-4.1805,-0.1051
2,positive_training,CRADK,ads.1,CES-D,cross-corpus-882,RobustScaler,LGBM,46,12,10,0.1583,7.9514,9.0338,0.1865,-0.2487,0.1088
2,positive_training,CRADK,ads.1,CES-D,cross-corpus-882,RobustScaler,CatBoost,46,12,10,0.0214,8.5893,9.9797,0.0247,-0.5239,0.021
3,positive_training,CRADK,ads.1,CES-D,cross-corpus-882,StandardScaler,Ridge,46,12,10,-0.2031,17.3409,19.6074,-0.2542,-0.5127,-0.2797
3,positive_training,CRADK,ads.1,CES-D,cross-corpus-882,StandardScaler,Lasso,46,12,10,-0.184,16.9295,19.3352,-0.2361,-0.471,-0.2937
3,positive_training,CRADK,ads.1,CES-D,cross-corpus-882,StandardScaler,ElasticNet,46,12,10,-0.2021,17.3143,19.5862,-0.2535,-0.5094,-0.2797
3,positive_training,CRADK,ads.1,CES-D,cross-corpus-882,StandardScaler,SVR,46,12,10,0.0663,14.0653,16.1574,0.1267,-0.0272,0.0839
3,positive_training,CRADK,ads.1,CES-D,cross-corpus-882,StandardScaler,KNN,46,12,10,-0.0178,15.265,16.657,-0.0355,-0.0917,-0.1049
3,positive_training,CRADK,ads.1,CES-D,cross-corpus-882,StandardScaler,RF,46,12,10,-0.0136,14.1922,16.6405,-0.0333,-0.0895,-0.014
3,positive_training,CRADK,ads.1,CES-D,cross-corpus-882,StandardScaler,ET,46,12,10,0.0183,14.223,16.3994,0.0401,-0.0582,-0.1049
3,positive_training,CRADK,ads.1,CES-D,cross-corpus-882,StandardScaler,GB,46,12,10,-0.0224,13.876,17.5159,-0.0471,-0.2072,-0.1189
3,positive_training,CRADK,ads.1,CES-D,cross-corpus-882,StandardScaler,XGB,46,12,10,0.0851,13.5054,16.674,0.1864,-0.0939,0.1469
3,positive_training,CRADK,ads.1,CES-D,cross-corpus-882,StandardScaler,MLP,46,12,10,0.0523,18.1836,20.4989,0.054,-0.6534,-0.042
3,positive_training,CRADK,ads.1,CES-D,cross-corpus-882,StandardScaler,LGBM,46,12,10,-0.0169,14.3917,16.6533,-0.0559,-0.0912,0.0595
3,positive_training,CRADK,ads.1,CES-D,cross-corpus-882,StandardScaler,CatBoost,46,12,10,0.0841,13.3176,16.303,0.1487,-0.0458,0.0559
3,positive_training,CRADK,ads.1,CES-D,cross-corpus-882,MinMaxScaler,Ridge,46,12,5,-0.1229,15.8087,17.5975,-0.236,-0.2185,-0.1259
3,positive_training,CRADK,ads.1,CES-D,cross-corpus-882,MinMaxScaler,Lasso,46,12,5,-0.135,15.9375,18.0398,-0.2188,-0.2805,-0.1958
3,positive_training,CRADK,ads.1,CES-D,cross-corpus-882,MinMaxScaler,ElasticNet,46,12,5,-0.1163,15.7448,17.4254,-0.2418,-0.1947,-0.1259
3,positive_training,CRADK,ads.1,CES-D,cross-corpus-882,MinMaxScaler,SVR,46,12,5,-0.0846,15.488,16.9248,-0.2362,-0.1271,-0.0909
3,positive_training,CRADK,ads.1,CES-D,cross-corpus-882,MinMaxScaler,KNN,46,12,5,0.1673,14.5555,15.9038,0.2406,0.0048,0.3468
3,positive_training,CRADK,ads.1,CES-D,cross-corpus-882,MinMaxScaler,RF,46,12,5,-0.0657,15.2405,17.1693,-0.1377,-0.1599,-0.1189
3,positive_training,CRADK,ads.1,CES-D,cross-corpus-882,MinMaxScaler,ET,46,12,5,0.0128,14.7876,16.5073,0.027,-0.0722,0.0699
3,positive_training,CRADK,ads.1,CES-D,cross-corpus-882,MinMaxScaler,GB,46,12,5,0.1203,13.9816,15.7911,0.2116,0.0189,0.1958
3,positive_training,CRADK,ads.1,CES-D,cross-corpus-882,MinMaxScaler,XGB,46,12,5,0.0755,13.7519,16.4019,0.1542,-0.0585,0.1678
3,positive_training,CRADK,ads.1,CES-D,cross-corpus-882,MinMaxScaler,MLP,46,12,5,-0.095,15.6077,17.1468,-0.2176,-0.1568,-0.0559
3,positive_training,CRADK,ads.1,CES-D,cross-corpus-882,MinMaxScaler,LGBM,46,12,5,-0.1082,15.524,17.5586,-0.2411,-0.2131,-0.1617
3,positive_training,CRADK,ads.1,CES-D,cross-corpus-882,MinMaxScaler,CatBoost,46,12,5,0.0481,14.2887,16.5861,0.0865,-0.0824,0.0629
3,positive_training,CRADK,ads.1,CES-D,cross-corpus-882,RobustScaler,Ridge,46,12,5,-0.1407,16.2598,17.5521,-0.3087,-0.2122,-0.1818
3,positive_training,CRADK,ads.1,CES-D,cross-corpus-882,RobustScaler,Lasso,46,12,5,-0.145,16.3189,17.4974,-0.335,-0.2046,-0.2727
3,positive_training,CRADK,ads.1,CES-D,cross-corpus-882,RobustScaler,ElasticNet,46,12,5,-0.1293,16.1334,17.3033,-0.3268,-0.178,-0.2448
3,positive_training,CRADK,ads.1,CES-D,cross-corpus-882,RobustScaler,SVR,46,12,5,-0.1633,17.0239,18.3877,-0.2465,-0.3303,-0.1748
3,positive_training,CRADK,ads.1,CES-D,cross-corpus-882,RobustScaler,KNN,46,12,5,-0.0033,16.0111,17.7396,-0.0043,-0.2382,0.0525
3,positive_training,CRADK,ads.1,CES-D,cross-corpus-882,RobustScaler,RF,46,12,5,-0.1274,15.9513,17.5863,-0.2689,-0.2169,-0.2448
3,positive_training,CRADK,ads.1,CES-D,cross-corpus-882,RobustScaler,ET,46,12,5,-0.1354,16.393,17.9496,-0.2322,-0.2677,-0.2098
3,positive_training,CRADK,ads.1,CES-D,cross-corpus-882,RobustScaler,GB,46,12,5,-0.1632,16.0728,18.7116,-0.2572,-0.3776,-0.0699
3,positive_training,CRADK,ads.1,CES-D,cross-corpus-882,RobustScaler,XGB,46,12,5,-0.0389,15.0686,18.6367,-0.0586,-0.3666,-0.014
3,positive_training,CRADK,ads.1,CES-D,cross-corpus-882,RobustScaler,MLP,46,12,5,-0.1812,16.9289,18.4093,-0.2879,-0.3335,-0.2657
3,positive_training,CRADK,ads.1,CES-D,cross-corpus-882,RobustScaler,LGBM,46,12,5,-0.1767,16.53,18.4109,-0.3128,-0.3337,-0.2671
3,positive_training,CRADK,ads.1,CES-D,cross-corpus-882,RobustScaler,CatBoost,46,12,5,-0.0871,15.6933,17.3167,-0.18,-0.1799,-0.1818
4,positive_training,CRADK,ads.1,CES-D,cross-corpus-882,StandardScaler,Ridge,47,11,10,-0.0655,11.7277,14.2656,-0.0858,-0.3209,-0.2909
4,positive_training,CRADK,ads.1,CES-D,cross-corpus-882,StandardScaler,Lasso,47,11,10,-0.1521,12.8187,15.4965,-0.1773,-0.5587,-0.2545
4,positive_training,CRADK,ads.1,CES-D,cross-corpus-882,StandardScaler,ElasticNet,47,11,10,-0.1029,12.1257,14.7298,-0.1283,-0.4083,-0.3364
4,positive_training,CRADK,ads.1,CES-D,cross-corpus-882,StandardScaler,SVR,47,11,10,-0.0519,11.0045,13.0663,-0.1202,-0.1081,-0.1727
4,positive_training,CRADK,ads.1,CES-D,cross-corpus-882,StandardScaler,KNN,47,11,10,0.0718,9.7636,12.8098,0.109,-0.0651,0.0364
4,positive_training,CRADK,ads.1,CES-D,cross-corpus-882,StandardScaler,RF,47,11,10,-0.036,11.5747,13.412,-0.0674,-0.1676,0.0636
4,positive_training,CRADK,ads.1,CES-D,cross-corpus-882,StandardScaler,ET,47,11,10,0.033,10.0362,12.731,0.0609,-0.052,0.0818
4,positive_training,CRADK,ads.1,CES-D,cross-corpus-882,StandardScaler,GB,47,11,10,0.0651,11.4339,13.4592,0.081,-0.1758,0.0727
4,positive_training,CRADK,ads.1,CES-D,cross-corpus-882,StandardScaler,XGB,47,11,10,0.0391,11.2165,13.2042,0.0554,-0.1317,0.1182
4,positive_training,CRADK,ads.1,CES-D,cross-corpus-882,StandardScaler,MLP,47,11,10,-0.0844,16.0291,18.3622,-0.0844,-1.1885,-0.2727
4,positive_training,CRADK,ads.1,CES-D,cross-corpus-882,StandardScaler,LGBM,47,11,10,-0.1593,12.1309,14.6627,-0.2951,-0.3955,-0.164
4,positive_training,CRADK,ads.1,CES-D,cross-corpus-882,StandardScaler,CatBoost,47,11,10,0.0582,10.9399,12.8797,0.095,-0.0767,0.0909
4,positive_training,CRADK,ads.1,CES-D,cross-corpus-882,MinMaxScaler,Ridge,47,11,10,-0.2012,11.4686,14.6245,-0.3132,-0.3882,-0.3545
4,positive_training,CRADK,ads.1,CES-D,cross-corpus-882,MinMaxScaler,Lasso,47,11,10,-0.1969,12.3119,15.07,-0.2616,-0.4741,-0.3727
4,positive_training,CRADK,ads.1,CES-D,cross-corpus-882,MinMaxScaler,ElasticNet,47,11,10,-0.1928,11.8417,14.9056,-0.2643,-0.4421,-0.3545
4,positive_training,CRADK,ads.1,CES-D,cross-corpus-882,MinMaxScaler,SVR,47,11,10,-0.2055,11.805,14.7779,-0.2882,-0.4175,-0.3364
4,positive_training,CRADK,ads.1,CES-D,cross-corpus-882,MinMaxScaler,KNN,47,11,10,-0.3106,12.4994,16.294,-0.3982,-0.7233,-0.3545
4,positive_training,CRADK,ads.1,CES-D,cross-corpus-882,MinMaxScaler,RF,47,11,10,-0.1933,11.2338,14.1877,-0.3903,-0.3065,-0.1545
4,positive_training,CRADK,ads.1,CES-D,cross-corpus-882,MinMaxScaler,ET,47,11,10,-0.2074,11.5768,14.1008,-0.4307,-0.2906,-0.4455
4,positive_training,CRADK,ads.1,CES-D,cross-corpus-882,MinMaxScaler,GB,47,11,10,-0.3048,12.5359,15.9035,-0.409,-0.6416,-0.2909
4,positive_training,CRADK,ads.1,CES-D,cross-corpus-882,MinMaxScaler,XGB,47,11,10,0.1096,10.4792,13.2334,0.1363,-0.1367,0.1182
4,positive_training,CRADK,ads.1,CES-D,cross-corpus-882,MinMaxScaler,MLP,47,11,10,-0.1602,11.7787,15.0372,-0.1976,-0.4677,-0.3
4,positive_training,CRADK,ads.1,CES-D,cross-corpus-882,MinMaxScaler,LGBM,47,11,10,-0.0703,12.2035,14.7337,-0.131,-0.409,0.0636
4,positive_training,CRADK,ads.1,CES-D,cross-corpus-882,MinMaxScaler,CatBoost,47,11,10,-0.2699,12.0396,15.0688,-0.4114,-0.4738,-0.2273
4,positive_training,CRADK,ads.1,CES-D,cross-corpus-882,RobustScaler,Ridge,47,11,15,-0.1035,12.0396,14.6629,-0.1311,-0.3955,-0.2636
4,positive_training,CRADK,ads.1,CES-D,cross-corpus-882,RobustScaler,Lasso,47,11,15,-0.2234,13.3953,16.0561,-0.2594,-0.6733,-0.3727
4,positive_training,CRADK,ads.1,CES-D,cross-corpus-882,RobustScaler,ElasticNet,47,11,15,-0.1422,12.5588,15.1355,-0.1725,-0.4869,-0.4182
4,positive_training,CRADK,ads.1,CES-D,cross-corpus-882,RobustScaler,SVR,47,11,15,0.0317,10.7856,13.0682,0.0529,-0.1085,-0.0909
4,positive_training,CRADK,ads.1,CES-D,cross-corpus-882,RobustScaler,KNN,47,11,15,0.0028,10.3896,13.3646,0.005,-0.1593,0.0455
4,positive_training,CRADK,ads.1,CES-D,cross-corpus-882,RobustScaler,RF,47,11,15,-0.0444,10.8113,13.281,-0.0933,-0.1449,0.0818
4,positive_training,CRADK,ads.1,CES-D,cross-corpus-882,RobustScaler,ET,47,11,15,-0.0465,10.5677,13.5446,-0.0755,-0.1908,0.0
4,positive_training,CRADK,ads.1,CES-D,cross-corpus-882,RobustScaler,GB,47,11,15,-0.0492,10.8154,13.6991,-0.0757,-0.2181,-0.0273
4,positive_training,CRADK,ads.1,CES-D,cross-corpus-882,RobustScaler,XGB,47,11,15,-0.1866,12.1122,14.9951,-0.2481,-0.4594,-0.2364
4,positive_training,CRADK,ads.1,CES-D,cross-corpus-882,RobustScaler,MLP,47,11,15,-0.0512,16.9957,19.485,-0.0521,-1.4643,-0.2818
4,positive_training,CRADK,ads.1,CES-D,cross-corpus-882,RobustScaler,LGBM,47,11,15,-0.254,12.363,15.5232,-0.4689,-0.5641,-0.3554
4,positive_training,CRADK,ads.1,CES-D,cross-corpus-882,RobustScaler,CatBoost,47,11,15,-0.1741,11.8353,14.659,-0.263,-0.3948,-0.1273
5,positive_training,CRADK,ads.1,CES-D,cross-corpus-882,StandardScaler,Ridge,47,11,10,0.4126,6.6844,7.685,0.4339,-0.0469,0.3653
5,positive_training,CRADK,ads.1,CES-D,cross-corpus-882,StandardScaler,Lasso,47,11,10,0.389,6.3412,7.3905,0.4335,0.0318,0.4155
5,positive_training,CRADK,ads.1,CES-D,cross-corpus-882,StandardScaler,ElasticNet,47,11,10,0.3719,5.7403,7.0894,0.4586,0.1091,0.4155
5,positive_training,CRADK,ads.1,CES-D,cross-corpus-882,StandardScaler,SVR,47,11,10,0.1617,8.4912,9.9267,0.1649,-0.7467,0.2648
5,positive_training,CRADK,ads.1,CES-D,cross-corpus-882,StandardScaler,KNN,47,11,10,-0.032,9.697,10.9221,-0.0325,-1.1146,-0.0457
5,positive_training,CRADK,ads.1,CES-D,cross-corpus-882,StandardScaler,RF,47,11,10,0.045,7.0065,9.3667,0.0489,-0.5552,0.2192
5,positive_training,CRADK,ads.1,CES-D,cross-corpus-882,StandardScaler,ET,47,11,10,-0.0139,8.4632,9.684,-0.0142,-0.6624,0.0548
5,positive_training,CRADK,ads.1,CES-D,cross-corpus-882,StandardScaler,GB,47,11,10,-0.105,9.8105,11.6501,-0.1132,-1.4059,-0.1187
5,positive_training,CRADK,ads.1,CES-D,cross-corpus-882,StandardScaler,XGB,47,11,10,-0.168,8.9851,10.8345,-0.1706,-1.0808,-0.2329
5,positive_training,CRADK,ads.1,CES-D,cross-corpus-882,StandardScaler,MLP,47,11,10,0.1022,12.8594,14.5309,0.1277,-2.7429,0.137
5,positive_training,CRADK,ads.1,CES-D,cross-corpus-882,StandardScaler,LGBM,47,11,10,0.1861,6.7499,8.8273,0.2216,-0.3813,0.5434
5,positive_training,CRADK,ads.1,CES-D,cross-corpus-882,StandardScaler,CatBoost,47,11,10,0.0826,8.3421,10.2116,0.0849,-0.8485,0.1233
5,positive_training,CRADK,ads.1,CES-D,cross-corpus-882,MinMaxScaler,Ridge,47,11,10,0.2547,7.5935,8.8282,0.2808,-0.3815,0.3516
5,positive_training,CRADK,ads.1,CES-D,cross-corpus-882,MinMaxScaler,Lasso,47,11,10,0.2469,7.9958,9.2783,0.2665,-0.526,0.3516
5,positive_training,CRADK,ads.1,CES-D,cross-corpus-882,MinMaxScaler,ElasticNet,47,11,10,0.2611,8.0527,9.3113,0.2809,-0.5369,0.3516
5,positive_training,CRADK,ads.1,CES-D,cross-corpus-882,MinMaxScaler,SVR,47,11,10,0.2493,7.3205,9.2014,0.2969,-0.5008,0.4247
5,positive_training,CRADK,ads.1,CES-D,cross-corpus-882,MinMaxScaler,KNN,47,11,10,0.3723,7.0559,7.6366,0.3978,-0.0338,0.4622
5,positive_training,CRADK,ads.1,CES-D,cross-corpus-882,MinMaxScaler,RF,47,11,10,-0.017,8.2065,10.2757,-0.0193,-0.8717,0.1324
5,positive_training,CRADK,ads.1,CES-D,cross-corpus-882,MinMaxScaler,ET,47,11,10,0.0997,7.8193,9.0965,0.1078,-0.4668,0.1644
5,positive_training,CRADK,ads.1,CES-D,cross-corpus-882,MinMaxScaler,GB,47,11,10,-0.0959,10.1445,11.8697,-0.11,-1.4975,0.0274
5,positive_training,CRADK,ads.1,CES-D,cross-corpus-882,MinMaxScaler,XGB,47,11,10,-0.0301,9.0635,11.3274,-0.036,-1.2745,-0.0639
5,positive_training,CRADK,ads.1,CES-D,cross-corpus-882,MinMaxScaler,MLP,47,11,10,0.2696,8.9296,9.8541,0.2836,-0.7213,0.3242
5,positive_training,CRADK,ads.1,CES-D,cross-corpus-882,MinMaxScaler,LGBM,47,11,10,-0.1147,8.1,10.5898,-0.1275,-0.9879,0.0457
5,positive_training,CRADK,ads.1,CES-D,cross-corpus-882,MinMaxScaler,CatBoost,47,11,10,0.0155,8.5104,10.1852,0.0183,-0.8389,0.0
5,positive_training,CRADK,ads.1,CES-D,cross-corpus-882,RobustScaler,Ridge,47,11,10,0.3829,6.4536,7.8622,0.3914,-0.0958,0.4064
5,positive_training,CRADK,ads.1,CES-D,cross-corpus-882,RobustScaler,Lasso,47,11,10,0.4174,6.5278,7.9019,0.4275,-0.1068,0.4247
5,positive_training,CRADK,ads.1,CES-D,cross-corpus-882,RobustScaler,ElasticNet,47,11,10,0.3271,6.4639,7.5583,0.3548,-0.0127,0.4886
5,positive_training,CRADK,ads.1,CES-D,cross-corpus-882,RobustScaler,SVR,47,11,10,0.1034,8.7751,10.2644,0.1076,-0.8676,0.2648
5,positive_training,CRADK,ads.1,CES-D,cross-corpus-882,RobustScaler,KNN,47,11,10,-0.0621,10.0085,11.518,-0.0636,-1.3517,0.1872
5,positive_training,CRADK,ads.1,CES-D,cross-corpus-882,RobustScaler,RF,47,11,10,0.03,7.1549,9.1138,0.0322,-0.4724,0.2922
5,positive_training,CRADK,ads.1,CES-D,cross-corpus-882,RobustScaler,ET,47,11,10,-0.0051,8.0934,9.193,-0.0055,-0.4981,0.0457
5,positive_training,CRADK,ads.1,CES-D,cross-corpus-882,RobustScaler,GB,47,11,10,-0.1639,9.621,10.7855,-0.1684,-1.0621,-0.1644
5,positive_training,CRADK,ads.1,CES-D,cross-corpus-882,RobustScaler,XGB,47,11,10,-0.2057,9.4351,10.9254,-0.2081,-1.1159,-0.1507
5,positive_training,CRADK,ads.1,CES-D,cross-corpus-882,RobustScaler,MLP,47,11,10,0.1334,9.0828,10.2594,0.1378,-0.8658,0.1918
5,positive_training,CRADK,ads.1,CES-D,cross-corpus-882,RobustScaler,LGBM,47,11,10,0.2277,6.45,8.462,0.2569,-0.2693,0.4828
5,positive_training,CRADK,ads.1,CES-D,cross-corpus-882,RobustScaler,CatBoost,47,11,10,0.0039,8.0042,9.934,0.004,-0.7493,0.1644
1,positive_training,CRADK,HRSD_6.1,HRSD6,cross-corpus-882,StandardScaler,Ridge,45,12,5,0.02,5.0237,5.6793,0.0269,-0.2133,-0.0421
1,positive_training,CRADK,HRSD_6.1,HRSD6,cross-corpus-882,StandardScaler,Lasso,45,12,5,0.0141,5.2439,5.9761,0.0169,-0.3434,-0.1018
1,positive_training,CRADK,HRSD_6.1,HRSD6,cross-corpus-882,StandardScaler,ElasticNet,45,12,5,0.0147,5.1497,5.8154,0.0187,-0.2722,-0.1158
1,positive_training,CRADK,HRSD_6.1,HRSD6,cross-corpus-882,StandardScaler,SVR,45,12,5,-0.1847,5.3775,6.1961,-0.2412,-0.4442,-0.4456
1,positive_training,CRADK,HRSD_6.1,HRSD6,cross-corpus-882,StandardScaler,KNN,45,12,5,-0.1253,5.1833,6.1533,-0.1656,-0.4243,-0.1793
1,positive_training,CRADK,HRSD_6.1,HRSD6,cross-corpus-882,StandardScaler,RF,45,12,5,-0.0088,4.8467,5.496,-0.0153,-0.1363,-0.0632
1,positive_training,CRADK,HRSD_6.1,HRSD6,cross-corpus-882,StandardScaler,ET,45,12,5,-0.0422,4.9533,5.5906,-0.0708,-0.1757,-0.1474
1,positive_training,CRADK,HRSD_6.1,HRSD6,cross-corpus-882,StandardScaler,GB,45,12,5,-0.1775,5.4497,6.2968,-0.2322,-0.4915,-0.2702
1,positive_training,CRADK,HRSD_6.1,HRSD6,cross-corpus-882,StandardScaler,XGB,45,12,5,-0.193,5.4747,6.241,-0.263,-0.4652,-0.2632
1,positive_training,CRADK,HRSD_6.1,HRSD6,cross-corpus-882,StandardScaler,MLP,45,12,5,-0.1312,5.6175,6.6828,-0.145,-0.68,-0.2035
1,positive_training,CRADK,HRSD_6.1,HRSD6,cross-corpus-882,StandardScaler,LGBM,45,12,5,0.2249,4.4618,4.8737,0.3482,0.1065,0.4109
1,positive_training,CRADK,HRSD_6.1,HRSD6,cross-corpus-882,StandardScaler,CatBoost,45,12,5,-0.1029,5.1718,5.8477,-0.1567,-0.2864,-0.214
1,positive_training,CRADK,HRSD_6.1,HRSD6,cross-corpus-882,MinMaxScaler,Ridge,45,12,10,-0.1779,5.4791,6.1417,-0.2486,-0.419,-0.3158
1,positive_training,CRADK,HRSD_6.1,HRSD6,cross-corpus-882,MinMaxScaler,Lasso,45,12,10,-0.2383,5.8874,6.5429,-0.3109,-0.6104,-0.4211
1,positive_training,CRADK,HRSD_6.1,HRSD6,cross-corpus-882,MinMaxScaler,ElasticNet,45,12,10,-0.2113,5.7229,6.3685,-0.2805,-0.5257,-0.407
1,positive_training,CRADK,HRSD_6.1,HRSD6,cross-corpus-882,MinMaxScaler,SVR,45,12,10,-0.103,5.0981,5.7727,-0.1599,-0.2536,-0.2456
1,positive_training,CRADK,HRSD_6.1,HRSD6,cross-corpus-882,MinMaxScaler,KNN,45,12,10,-0.0231,5.2778,6.0736,-0.0266,-0.3877,-0.065
1,positive_training,CRADK,HRSD_6.1,HRSD6,cross-corpus-882,MinMaxScaler,RF,45,12,10,-0.1819,5.3758,6.1126,-0.2607,-0.4055,-0.4351
1,positive_training,CRADK,HRSD_6.1,HRSD6,cross-corpus-882,MinMaxScaler,ET,45,12,10,-0.2601,5.5808,6.2913,-0.405,-0.4889,-0.3544
1,positive_training,CRADK,HRSD_6.1,HRSD6,cross-corpus-882,MinMaxScaler,GB,45,12,10,-0.3134,6.6422,7.657,-0.3437,-1.2055,-0.3439
1,positive_training,CRADK,HRSD_6.1,HRSD6,cross-corpus-882,MinMaxScaler,XGB,45,12,10,-0.2797,6.8862,7.5904,-0.3119,-1.1673,-0.3895
1,positive_training,CRADK,HRSD_6.1,HRSD6,cross-corpus-882,MinMaxScaler,MLP,45,12,10,-0.2202,5.6831,6.3262,-0.2917,-0.5055,-0.4877
1,positive_training,CRADK,HRSD_6.1,HRSD6,cross-corpus-882,MinMaxScaler,LGBM,45,12,10,-0.0022,4.896,5.5191,-0.0034,-0.1458,-0.1439
1,positive_training,CRADK,HRSD_6.1,HRSD6,cross-corpus-882,MinMaxScaler,CatBoost,45,12,10,-0.2328,5.5651,6.3028,-0.3214,-0.4944,-0.3719
1,positive_training,CRADK,HRSD_6.1,HRSD6,cross-corpus-882,RobustScaler,Ridge,45,12,5,-0.1024,5.4983,6.13,-0.1393,-0.4135,-0.1088
1,positive_training,CRADK,HRSD_6.1,HRSD6,cross-corpus-882,RobustScaler,Lasso,45,12,5,-0.1236,5.5858,6.2238,-0.1678,-0.4571,-0.1544
1,positive_training,CRADK,HRSD_6.1,HRSD6,cross-corpus-882,RobustScaler,ElasticNet,45,12,5,-0.062,5.2596,5.8995,-0.0867,-0.3092,-0.1193
1,positive_training,CRADK,HRSD_6.1,HRSD6,cross-corpus-882,RobustScaler,SVR,45,12,5,-0.2798,5.7763,6.4807,-0.3851,-0.5799,-0.4456
1,positive_training,CRADK,HRSD_6.1,HRSD6,cross-corpus-882,RobustScaler,KNN,45,12,5,-0.0946,5.2778,6.2613,-0.1171,-0.4747,-0.0176
1,positive_training,CRADK,HRSD_6.1,HRSD6,cross-corpus-882,RobustScaler,RF,45,12,5,-0.0149,4.8387,5.5186,-0.0245,-0.1456,-0.1719
1,positive_training,CRADK,HRSD_6.1,HRSD6,cross-corpus-882,RobustScaler,ET,45,12,5,-0.2358,5.4619,6.1331,-0.3836,-0.415,-0.2316
1,positive_training,CRADK,HRSD_6.1,HRSD6,cross-corpus-882,RobustScaler,GB,45,12,5,-0.2483,5.8681,6.7677,-0.3037,-0.723,-0.3018
1,positive_training,CRADK,HRSD_6.1,HRSD6,cross-corpus-882,RobustScaler,XGB,45,12,5,-0.2,5.4985,6.2461,-0.2791,-0.4676,-0.2105
1,positive_training,CRADK,HRSD_6.1,HRSD6,cross-corpus-882,RobustScaler,MLP,45,12,5,-0.125,5.7484,6.3715,-0.1547,-0.5271,-0.1965
1,positive_training,CRADK,HRSD_6.1,HRSD6,cross-corpus-882,RobustScaler,LGBM,45,12,5,0.189,4.4604,5.0656,0.2843,0.0347,0.3333
1,positive_training,CRADK,HRSD_6.1,HRSD6,cross-corpus-882,RobustScaler,CatBoost,45,12,5,-0.1655,5.3179,6.0179,-0.2643,-0.3623,-0.3158
2,positive_training,CRADK,HRSD_6.1,HRSD6,cross-corpus-882,StandardScaler,Ridge,45,12,5,-0.4109,5.4147,6.948,-0.4254,-1.8548,-0.4488
2,positive_training,CRADK,HRSD_6.1,HRSD6,cross-corpus-882,StandardScaler,Lasso,45,12,5,-0.4066,5.8137,7.4904,-0.4289,-2.318,-0.4488
2,positive_training,CRADK,HRSD_6.1,HRSD6,cross-corpus-882,StandardScaler,ElasticNet,45,12,5,-0.4075,5.7202,7.3588,-0.427,-2.2024,-0.4488
2,positive_training,CRADK,HRSD_6.1,HRSD6,cross-corpus-882,StandardScaler,SVR,45,12,5,-0.3421,4.4281,5.2284,-0.5101,-0.6166,-0.5195
2,positive_training,CRADK,HRSD_6.1,HRSD6,cross-corpus-882,StandardScaler,KNN,45,12,5,-0.4493,4.8929,5.7019,-0.5566,-0.9227,-0.5487
2,positive_training,CRADK,HRSD_6.1,HRSD6,cross-corpus-882,StandardScaler,RF,45,12,5,-0.2266,4.3542,5.2458,-0.2633,-0.6274,-0.4064
2,positive_training,CRADK,HRSD_6.1,HRSD6,cross-corpus-882,StandardScaler,ET,45,12,5,-0.4007,4.6592,5.6218,-0.4654,-0.869,-0.4629
2,positive_training,CRADK,HRSD_6.1,HRSD6,cross-corpus-882,StandardScaler,GB,45,12,5,-0.2197,4.752,5.6323,-0.2305,-0.876,-0.2721
2,positive_training,CRADK,HRSD_6.1,HRSD6,cross-corpus-882,StandardScaler,XGB,45,12,5,-0.2095,4.4206,5.5632,-0.2221,-0.8303,-0.2226
2,positive_training,CRADK,HRSD_6.1,HRSD6,cross-corpus-882,StandardScaler,MLP,45,12,5,-0.4538,6.6639,8.6426,-0.4963,-3.4172,-0.5725
2,positive_training,CRADK,HRSD_6.1,HRSD6,cross-corpus-882,StandardScaler,LGBM,45,12,5,0.0233,4.1248,4.7146,0.0268,-0.3145,-0.0071
2,positive_training,CRADK,HRSD_6.1,HRSD6,cross-corpus-882,StandardScaler,CatBoost,45,12,5,-0.1337,4.1531,5.3204,-0.1434,-0.674,-0.2014
2,positive_training,CRADK,HRSD_6.1,HRSD6,cross-corpus-882,MinMaxScaler,Ridge,45,12,10,-0.2522,6.3315,8.1344,-0.2854,-2.913,-0.4028
2,positive_training,CRADK,HRSD_6.1,HRSD6,cross-corpus-882,MinMaxScaler,Lasso,45,12,10,-0.2868,5.3877,6.7804,-0.3006,-1.7188,-0.4205
2,positive_training,CRADK,HRSD_6.1,HRSD6,cross-corpus-882,MinMaxScaler,ElasticNet,45,12,10,-0.2464,6.9189,8.9583,-0.2972,-3.7458,-0.3816
2,positive_training,CRADK,HRSD_6.1,HRSD6,cross-corpus-882,MinMaxScaler,SVR,45,12,10,-0.1235,4.9981,5.8699,-0.125,-1.0376,-0.1802
2,positive_training,CRADK,HRSD_6.1,HRSD6,cross-corpus-882,MinMaxScaler,KNN,45,12,10,-0.0124,4.3,5.2045,-0.0129,-0.6018,-0.0266
2,positive_training,CRADK,HRSD_6.1,HRSD6,cross-corpus-882,MinMaxScaler,RF,45,12,10,0.0072,4.0821,4.7646,0.0082,-0.3425,-0.0565
2,positive_training,CRADK,HRSD_6.1,HRSD6,cross-corpus-882,MinMaxScaler,ET,45,12,10,-0.0092,4.2425,4.9716,-0.0101,-0.4617,0.0141
2,positive_training,CRADK,HRSD_6.1,HRSD6,cross-corpus-882,MinMaxScaler,GB,45,12,10,-0.0451,5.0055,5.6651,-0.0456,-0.8979,-0.2615
2,positive_training,CRADK,HRSD_6.1,HRSD6,cross-corpus-882,MinMaxScaler,XGB,45,12,10,-0.0123,4.3324,5.1888,-0.0129,-0.5922,-0.1696
2,positive_training,CRADK,HRSD_6.1,HRSD6,cross-corpus-882,MinMaxScaler,MLP,45,12,10,-0.2053,7.0592,9.4712,-0.2609,-4.3048,-0.318
2,positive_training,CRADK,HRSD_6.1,HRSD6,cross-corpus-882,MinMaxScaler,LGBM,45,12,10,0.1896,3.5083,4.1023,0.2438,0.0048,0.2513
2,positive_training,CRADK,HRSD_6.1,HRSD6,cross-corpus-882,MinMaxScaler,CatBoost,45,12,10,0.0764,4.127,5.0234,0.0787,-0.4923,-0.0106
2,positive_training,CRADK,HRSD_6.1,HRSD6,cross-corpus-882,RobustScaler,Ridge,45,12,5,-0.405,5.9798,7.717,-0.4335,-2.5218,-0.4488
2,positive_training,CRADK,HRSD_6.1,HRSD6,cross-corpus-882,RobustScaler,Lasso,45,12,5,-0.4106,5.916,7.6468,-0.4387,-2.458,-0.4488
2,positive_training,CRADK,HRSD_6.1,HRSD6,cross-corpus-882,RobustScaler,ElasticNet,45,12,5,-0.4081,5.7087,7.3928,-0.4322,-2.2321,-0.4488
2,positive_training,CRADK,HRSD_6.1,HRSD6,cross-corpus-882,RobustScaler,SVR,45,12,5,-0.1069,4.4052,5.2899,-0.1141,-0.6548,-0.2615
2,positive_training,CRADK,HRSD_6.1,HRSD6,cross-corpus-882,RobustScaler,KNN,45,12,5,-0.4113,4.5833,5.5572,-0.4907,-0.8263,-0.4502
2,positive_training,CRADK,HRSD_6.1,HRSD6,cross-corpus-882,RobustScaler,RF,45,12,5,-0.1879,4.2962,5.1416,-0.2204,-0.5633,-0.3816
2,positive_training,CRADK,HRSD_6.1,HRSD6,cross-corpus-882,RobustScaler,ET,45,12,5,-0.4007,4.6592,5.6218,-0.4654,-0.869,-0.4629
2,positive_training,CRADK,HRSD_6.1,HRSD6,cross-corpus-882,RobustScaler,GB,45,12,5,-0.1712,4.4798,5.4285,-0.1826,-0.7427,-0.258
2,positive_training,CRADK,HRSD_6.1,HRSD6,cross-corpus-882,RobustScaler,XGB,45,12,5,-0.1758,4.2175,5.3694,-0.1901,-0.7049,-0.1944
2,positive_training,CRADK,HRSD_6.1,HRSD6,cross-corpus-882,RobustScaler,MLP,45,12,5,-0.4435,6.1722,7.8404,-0.4606,-2.6353,-0.5089
2,positive_training,CRADK,HRSD_6.1,HRSD6,cross-corpus-882,RobustScaler,LGBM,45,12,5,0.0469,4.0213,4.5932,0.0555,-0.2477,0.0463
2,positive_training,CRADK,HRSD_6.1,HRSD6,cross-corpus-882,RobustScaler,CatBoost,45,12,5,-0.1337,4.1531,5.3204,-0.1434,-0.674,-0.2014
3,positive_training,CRADK,HRSD_6.1,HRSD6,cross-corpus-882,StandardScaler,Ridge,46,11,10,0.0886,3.8011,4.8434,0.1049,-0.2007,0.0458
3,positive_training,CRADK,HRSD_6.1,HRSD6,cross-corpus-882,StandardScaler,Lasso,46,11,10,-0.0094,4.8063,5.8958,-0.0095,-0.7792,-0.1602
3,positive_training,CRADK,HRSD_6.1,HRSD6,cross-corpus-882,StandardScaler,ElasticNet,46,11,10,0.0638,3.8179,4.532,0.1057,-0.0513,0.1236
3,positive_training,CRADK,HRSD_6.1,HRSD6,cross-corpus-882,StandardScaler,SVR,46,11,10,-0.1097,5.0166,6.4481,-0.1121,-1.1281,-0.1648
3,positive_training,CRADK,HRSD_6.1,HRSD6,cross-corpus-882,StandardScaler,KNN,46,11,10,0.0966,4.0,5.3371,0.1026,-0.458,0.0275
3,positive_training,CRADK,HRSD_6.1,HRSD6,cross-corpus-882,StandardScaler,RF,46,11,10,-0.0943,4.3277,5.4538,-0.1353,-0.5225,-0.1602
3,positive_training,CRADK,HRSD_6.1,HRSD6,cross-corpus-882,StandardScaler,ET,46,11,10,0.08,3.9182,4.849,0.1132,-0.2035,0.151
3,positive_training,CRADK,HRSD_6.1,HRSD6,cross-corpus-882,StandardScaler,GB,46,11,10,-0.127,4.689,6.0685,-0.172,-0.8849,-0.0687
3,positive_training,CRADK,HRSD_6.1,HRSD6,cross-corpus-882,StandardScaler,XGB,46,11,10,-0.0589,4.6345,5.9943,-0.0957,-0.8391,-0.0366
3,positive_training,CRADK,HRSD_6.1,HRSD6,cross-corpus-882,StandardScaler,MLP,46,11,10,0.1542,5.0904,6.1019,0.1558,-0.9058,-0.0412
3,positive_training,CRADK,HRSD_6.1,HRSD6,cross-corpus-882,StandardScaler,LGBM,46,11,10,-0.1645,4.4292,5.6536,-0.2035,-0.636,-0.1632
3,positive_training,CRADK,HRSD_6.1,HRSD6,cross-corpus-882,StandardScaler,CatBoost,46,11,10,-0.0766,4.3186,5.2994,-0.1277,-0.4375,-0.1602
3,positive_training,CRADK,HRSD_6.1,HRSD6,cross-corpus-882,MinMaxScaler,Ridge,46,11,10,0.0347,3.7876,4.6454,0.0524,-0.1046,0.0458
3,positive_training,CRADK,HRSD_6.1,HRSD6,cross-corpus-882,MinMaxScaler,Lasso,46,11,10,0.05,3.7195,4.5768,0.0788,-0.0722,0.0961
3,positive_training,CRADK,HRSD_6.1,HRSD6,cross-corpus-882,MinMaxScaler,ElasticNet,46,11,10,-0.0069,3.9143,4.5774,-0.0146,-0.0724,-0.032
3,positive_training,CRADK,HRSD_6.1,HRSD6,cross-corpus-882,MinMaxScaler,SVR,46,11,10,0.1014,3.9869,4.9902,0.1112,-0.2746,0.1739
3,positive_training,CRADK,HRSD_6.1,HRSD6,cross-corpus-882,MinMaxScaler,KNN,46,11,10,0.0636,3.7792,4.7437,0.0855,-0.1518,0.0368
3,positive_training,CRADK,HRSD_6.1,HRSD6,cross-corpus-882,MinMaxScaler,RF,46,11,10,-0.1317,4.2414,5.5003,-0.1561,-0.5485,-0.2838
3,positive_training,CRADK,HRSD_6.1,HRSD6,cross-corpus-882,MinMaxScaler,ET,46,11,10,-0.042,3.8882,5.0458,-0.0538,-0.3032,-0.1236
3,positive_training,CRADK,HRSD_6.1,HRSD6,cross-corpus-882,MinMaxScaler,GB,46,11,10,-0.0499,4.1898,5.6008,-0.0568,-0.6056,-0.0412
3,positive_training,CRADK,HRSD_6.1,HRSD6,cross-corpus-882,MinMaxScaler,XGB,46,11,10,-0.0247,4.2784,5.8387,-0.027,-0.7449,-0.0137
3,positive_training,CRADK,HRSD_6.1,HRSD6,cross-corpus-882,MinMaxScaler,MLP,46,11,10,-0.0382,3.9546,4.8897,-0.0574,-0.2238,-0.0458
3,positive_training,CRADK,HRSD_6.1,HRSD6,cross-corpus-882,MinMaxScaler,LGBM,46,11,10,-0.1476,4.6342,5.7494,-0.1586,-0.6919,-0.2315
3,positive_training,CRADK,HRSD_6.1,HRSD6,cross-corpus-882,MinMaxScaler,CatBoost,46,11,10,0.0086,3.8556,4.9105,0.0115,-0.2342,-0.0549
3,positive_training,CRADK,HRSD_6.1,HRSD6,cross-corpus-882,RobustScaler,Ridge,46,11,10,0.1042,3.8651,4.8397,0.1214,-0.1989,0.1236
3,positive_training,CRADK,HRSD_6.1,HRSD6,cross-corpus-882,RobustScaler,Lasso,46,11,10,-0.0073,4.7926,5.8802,-0.0074,-0.7698,-0.1602
3,positive_training,CRADK,HRSD_6.1,HRSD6,cross-corpus-882,RobustScaler,ElasticNet,46,11,10,0.1124,3.7078,4.5012,0.1631,-0.037,0.2792
3,positive_training,CRADK,HRSD_6.1,HRSD6,cross-corpus-882,RobustScaler,SVR,46,11,10,-0.0602,4.6974,6.0225,-0.0624,-0.8565,-0.0595
3,positive_training,CRADK,HRSD_6.1,HRSD6,cross-corpus-882,RobustScaler,KNN,46,11,10,0.0675,4.1273,5.2511,0.0805,-0.4114,0.1556
3,positive_training,CRADK,HRSD_6.1,HRSD6,cross-corpus-882,RobustScaler,RF,46,11,10,-0.0959,4.3322,5.4541,-0.1378,-0.5226,-0.1602
3,positive_training,CRADK,HRSD_6.1,HRSD6,cross-corpus-882,RobustScaler,ET,46,11,10,0.08,3.9182,4.849,0.1132,-0.2035,0.151
3,positive_training,CRADK,HRSD_6.1,HRSD6,cross-corpus-882,RobustScaler,GB,46,11,10,-0.127,4.689,6.0685,-0.172,-0.8849,-0.0687
3,positive_training,CRADK,HRSD_6.1,HRSD6,cross-corpus-882,RobustScaler,XGB,46,11,10,-0.0589,4.6345,5.9943,-0.0957,-0.8391,-0.0366
3,positive_training,CRADK,HRSD_6.1,HRSD6,cross-corpus-882,RobustScaler,MLP,46,11,10,0.0688,4.9234,6.004,0.0695,-0.8451,-0.1373
3,positive_training,CRADK,HRSD_6.1,HRSD6,cross-corpus-882,RobustScaler,LGBM,46,11,10,-0.1563,4.4049,5.6515,-0.1873,-0.6348,-0.061
3,positive_training,CRADK,HRSD_6.1,HRSD6,cross-corpus-882,RobustScaler,CatBoost,46,11,10,-0.0766,4.3186,5.2994,-0.1277,-0.4375,-0.1602
4,positive_training,CRADK,HRSD_6.1,HRSD6,cross-corpus-882,StandardScaler,Ridge,46,11,5,-0.0046,3.8052,5.0866,-0.0064,-0.2023,-0.3052
4,positive_training,CRADK,HRSD_6.1,HRSD6,cross-corpus-882,StandardScaler,Lasso,46,11,5,-0.0801,4.2222,5.5985,-0.094,-0.4564,-0.1595
4,positive_training,CRADK,HRSD_6.1,HRSD6,cross-corpus-882,StandardScaler,ElasticNet,46,11,5,-0.0357,3.9978,5.292,-0.046,-0.3013,-0.2506
4,positive_training,CRADK,HRSD_6.1,HRSD6,cross-corpus-882,StandardScaler,SVR,46,11,5,-0.4249,4.9483,6.493,-0.4772,-0.959,-0.4055
4,positive_training,CRADK,HRSD_6.1,HRSD6,cross-corpus-882,StandardScaler,KNN,46,11,5,-0.5834,5.697,7.3512,-0.6224,-1.5111,-0.4977
4,positive_training,CRADK,HRSD_6.1,HRSD6,cross-corpus-882,StandardScaler,RF,46,11,5,-0.1001,4.0055,5.1177,-0.1699,-0.217,-0.1093
4,positive_training,CRADK,HRSD_6.1,HRSD6,cross-corpus-882,StandardScaler,ET,46,11,5,-0.0728,3.6873,4.9759,-0.1532,-0.1505,-0.0547
4,positive_training,CRADK,HRSD_6.1,HRSD6,cross-corpus-882,StandardScaler,GB,46,11,5,-0.0758,4.2738,5.7493,-0.0985,-0.536,-0.2005
4,positive_training,CRADK,HRSD_6.1,HRSD6,cross-corpus-882,StandardScaler,XGB,46,11,5,0.0322,3.9093,5.501,0.0386,-0.4061,0.082
4,positive_training,CRADK,HRSD_6.1,HRSD6,cross-corpus-882,StandardScaler,MLP,46,11,5,-0.2329,4.4936,6.4287,-0.2429,-0.9204,-0.2278
4,positive_training,CRADK,HRSD_6.1,HRSD6,cross-corpus-882,StandardScaler,LGBM,46,11,5,-0.2235,4.8086,5.6001,-0.3068,-0.4573,-0.5566
4,positive_training,CRADK,HRSD_6.1,HRSD6,cross-corpus-882,StandardScaler,CatBoost,46,11,5,-0.1564,4.4241,5.4989,-0.2061,-0.405,-0.2961
4,positive_training,CRADK,HRSD_6.1,HRSD6,cross-corpus-882,MinMaxScaler,Ridge,46,11,10,-0.1217,4.1098,5.4268,-0.1659,-0.3684,-0.2323
4,positive_training,CRADK,HRSD_6.1,HRSD6,cross-corpus-882,MinMaxScaler,Lasso,46,11,10,-0.1194,4.021,5.3788,-0.1679,-0.3443,-0.2232
4,positive_training,CRADK,HRSD_6.1,HRSD6,cross-corpus-882,MinMaxScaler,ElasticNet,46,11,10,-0.1073,4.037,5.1449,-0.1928,-0.23,-0.3235
4,positive_training,CRADK,HRSD_6.1,HRSD6,cross-corpus-882,MinMaxScaler,SVR,46,11,10,-0.178,4.3541,5.448,-0.2728,-0.3792,-0.3144
4,positive_training,CRADK,HRSD_6.1,HRSD6,cross-corpus-882,MinMaxScaler,KNN,46,11,10,0.1266,3.9394,4.9787,0.1746,-0.1518,-0.0023
4,positive_training,CRADK,HRSD_6.1,HRSD6,cross-corpus-882,MinMaxScaler,RF,46,11,10,0.0252,3.8514,4.7561,0.0495,-0.0511,0.041
4,positive_training,CRADK,HRSD_6.1,HRSD6,cross-corpus-882,MinMaxScaler,ET,46,11,10,-0.1401,4.0936,5.2681,-0.2231,-0.2896,-0.2551
4,positive_training,CRADK,HRSD_6.1,HRSD6,cross-corpus-882,MinMaxScaler,GB,46,11,10,-0.0969,4.0165,5.2544,-0.1393,-0.2829,-0.1002
4,positive_training,CRADK,HRSD_6.1,HRSD6,cross-corpus-882,MinMaxScaler,XGB,46,11,10,0.1373,3.522,5.1029,0.16,-0.21,0.1686
4,positive_training,CRADK,HRSD_6.1,HRSD6,cross-corpus-882,MinMaxScaler,MLP,46,11,10,-0.0017,4.1946,5.2239,-0.0022,-0.268,-0.2779
4,positive_training,CRADK,HRSD_6.1,HRSD6,cross-corpus-882,MinMaxScaler,LGBM,46,11,10,0.1714,4.0128,4.6405,0.2284,-0.0007,0.2642
4,positive_training,CRADK,HRSD_6.1,HRSD6,cross-corpus-882,MinMaxScaler,CatBoost,46,11,10,0.1467,3.4824,4.7046,0.199,-0.0284,0.082
4,positive_training,CRADK,HRSD_6.1,HRSD6,cross-corpus-882,RobustScaler,Ridge,46,11,5,0.109,3.821,4.9647,0.1355,-0.1453,-0.1777
4,positive_training,CRADK,HRSD_6.1,HRSD6,cross-corpus-882,RobustScaler,Lasso,46,11,5,0.1071,3.749,4.9124,0.1378,-0.1213,-0.1321
4,positive_training,CRADK,HRSD_6.1,HRSD6,cross-corpus-882,RobustScaler,ElasticNet,46,11,5,0.0991,3.839,4.9342,0.1268,-0.1313,-0.2323
4,positive_training,CRADK,HRSD_6.1,HRSD6,cross-corpus-882,RobustScaler,SVR,46,11,5,-0.2715,4.64,5.6701,-0.3837,-0.4939,-0.5604
4,positive_training,CRADK,HRSD_6.1,HRSD6,cross-corpus-882,RobustScaler,KNN,46,11,5,0.0252,4.1515,4.9939,0.0363,-0.1589,-0.0183
4,positive_training,CRADK,HRSD_6.1,HRSD6,cross-corpus-882,RobustScaler,RF,46,11,5,-0.0522,3.8523,4.9506,-0.1023,-0.1388,-0.0799
4,positive_training,CRADK,HRSD_6.1,HRSD6,cross-corpus-882,RobustScaler,ET,46,11,5,-0.1272,3.787,5.2036,-0.2299,-0.2582,-0.1276
4,positive_training,CRADK,HRSD_6.1,HRSD6,cross-corpus-882,RobustScaler,GB,46,11,5,0.0622,4.7341,5.4375,0.0688,-0.3738,0.1276
4,positive_training,CRADK,HRSD_6.1,HRSD6,cross-corpus-882,RobustScaler,XGB,46,11,5,0.2879,3.9044,4.4519,0.3449,0.0791,0.3052
4,positive_training,CRADK,HRSD_6.1,HRSD6,cross-corpus-882,RobustScaler,MLP,46,11,5,0.0438,3.9918,5.3561,0.0488,-0.333,-0.2096
4,positive_training,CRADK,HRSD_6.1,HRSD6,cross-corpus-882,RobustScaler,LGBM,46,11,5,0.0082,4.3895,4.8995,0.0134,-0.1154,-0.1215
4,positive_training,CRADK,HRSD_6.1,HRSD6,cross-corpus-882,RobustScaler,CatBoost,46,11,5,0.0402,3.8661,4.7867,0.0675,-0.0647,0.1093
5,positive_training,CRADK,HRSD_6.1,HRSD6,cross-corpus-882,StandardScaler,Ridge,46,11,5,0.097,4.0801,4.7475,0.1423,-0.3732,0.1663
5,positive_training,CRADK,HRSD_6.1,HRSD6,cross-corpus-882,StandardScaler,Lasso,46,11,5,0.1015,4.142,4.7846,0.1467,-0.3947,0.1062
5,positive_training,CRADK,HRSD_6.1,HRSD6,cross-corpus-882,StandardScaler,ElasticNet,46,11,5,0.0788,3.844,4.6168,0.1231,-0.2986,0.1755
5,positive_training,CRADK,HRSD_6.1,HRSD6,cross-corpus-882,StandardScaler,SVR,46,11,5,-0.0037,3.7608,4.6026,-0.0112,-0.2906,0.1155
5,positive_training,CRADK,HRSD_6.1,HRSD6,cross-corpus-882,StandardScaler,KNN,46,11,5,-0.0811,3.8889,4.7965,-0.2343,-0.4017,0.0163
5,positive_training,CRADK,HRSD_6.1,HRSD6,cross-corpus-882,StandardScaler,RF,46,11,5,-0.0545,3.8715,4.8607,-0.0784,-0.4395,-0.1571
5,positive_training,CRADK,HRSD_6.1,HRSD6,cross-corpus-882,StandardScaler,ET,46,11,5,-0.0692,4.0236,4.9749,-0.1187,-0.5079,-0.2772
5,positive_training,CRADK,HRSD_6.1,HRSD6,cross-corpus-882,StandardScaler,GB,46,11,5,0.1989,4.4156,5.1704,0.2212,-0.6287,-0.0832
5,positive_training,CRADK,HRSD_6.1,HRSD6,cross-corpus-882,StandardScaler,XGB,46,11,5,0.2181,3.963,4.8634,0.2358,-0.4411,0.0023
5,positive_training,CRADK,HRSD_6.1,HRSD6,cross-corpus-882,StandardScaler,MLP,46,11,5,0.1688,3.9418,4.6425,0.2253,-0.3132,0.194
5,positive_training,CRADK,HRSD_6.1,HRSD6,cross-corpus-882,StandardScaler,LGBM,46,11,5,-0.2406,3.4998,5.0831,-0.3337,-0.5742,-0.0418
5,positive_training,CRADK,HRSD_6.1,HRSD6,cross-corpus-882,StandardScaler,CatBoost,46,11,5,0.0275,3.6615,4.754,0.0352,-0.377,0.0
5,positive_training,CRADK,HRSD_6.1,HRSD6,cross-corpus-882,MinMaxScaler,Ridge,46,11,15,0.1291,3.4337,4.237,0.2226,-0.0938,0.425
5,positive_training,CRADK,HRSD_6.1,HRSD6,cross-corpus-882,MinMaxScaler,Lasso,46,11,15,0.084,3.2576,4.1635,0.2113,-0.0562,0.3187
5,positive_training,CRADK,HRSD_6.1,HRSD6,cross-corpus-882,MinMaxScaler,ElasticNet,46,11,15,0.0692,3.2568,4.1868,0.1691,-0.068,0.425
5,positive_training,CRADK,HRSD_6.1,HRSD6,cross-corpus-882,MinMaxScaler,SVR,46,11,15,0.2125,3.9878,4.4485,0.2927,-0.2057,0.4204
5,positive_training,CRADK,HRSD_6.1,HRSD6,cross-corpus-882,MinMaxScaler,KNN,46,11,15,0.1905,3.6104,4.2944,0.356,-0.1236,0.4527
5,positive_training,CRADK,HRSD_6.1,HRSD6,cross-corpus-882,MinMaxScaler,RF,46,11,15,0.0277,3.7869,4.6404,0.0369,-0.312,0.2679
5,positive_training,CRADK,HRSD_6.1,HRSD6,cross-corpus-882,MinMaxScaler,ET,46,11,15,0.0537,4.0718,4.7877,0.0676,-0.3966,0.1155
5,positive_training,CRADK,HRSD_6.1,HRSD6,cross-corpus-882,MinMaxScaler,GB,46,11,15,0.149,3.6296,4.6028,0.1688,-0.2908,0.2356
5,positive_training,CRADK,HRSD_6.1,HRSD6,cross-corpus-882,MinMaxScaler,XGB,46,11,15,-0.3142,4.9171,6.0333,-0.3387,-1.2178,-0.3372
5,positive_training,CRADK,HRSD_6.1,HRSD6,cross-corpus-882,MinMaxScaler,MLP,46,11,15,-0.0043,3.5821,4.6457,-0.0055,-0.3149,0.1109
5,positive_training,CRADK,HRSD_6.1,HRSD6,cross-corpus-882,MinMaxScaler,LGBM,46,11,15,0.0405,3.4391,4.5119,0.0559,-0.2403,0.3497
5,positive_training,CRADK,HRSD_6.1,HRSD6,cross-corpus-882,MinMaxScaler,CatBoost,46,11,15,0.0502,3.9798,4.6469,0.0632,-0.3156,0.0462
5,positive_training,CRADK,HRSD_6.1,HRSD6,cross-corpus-882,RobustScaler,Ridge,46,11,5,0.2741,3.3183,3.9849,0.4,0.0325,0.5128
5,positive_training,CRADK,HRSD_6.1,HRSD6,cross-corpus-882,RobustScaler,Lasso,46,11,5,0.2756,3.3,3.9719,0.4029,0.0388,0.5128
5,positive_training,CRADK,HRSD_6.1,HRSD6,cross-corpus-882,RobustScaler,ElasticNet,46,11,5,0.255,3.3282,4.0149,0.3804,0.0179,0.5128
5,positive_training,CRADK,HRSD_6.1,HRSD6,cross-corpus-882,RobustScaler,SVR,46,11,5,0.2523,3.5362,4.2033,0.3033,-0.0764,0.3788
5,positive_training,CRADK,HRSD_6.1,HRSD6,cross-corpus-882,RobustScaler,KNN,46,11,5,-0.0364,3.697,4.7392,-0.0449,-0.3684,0.0323
5,positive_training,CRADK,HRSD_6.1,HRSD6,cross-corpus-882,RobustScaler,RF,46,11,5,0.128,3.3562,4.1387,0.2113,-0.0436,0.2495
5,positive_training,CRADK,HRSD_6.1,HRSD6,cross-corpus-882,RobustScaler,ET,46,11,5,0.1969,3.9173,4.4968,0.2358,-0.232,0.1478
5,positive_training,CRADK,HRSD_6.1,HRSD6,cross-corpus-882,RobustScaler,GB,46,11,5,0.3037,4.2334,4.5885,0.357,-0.2828,0.231
5,positive_training,CRADK,HRSD_6.1,HRSD6,cross-corpus-882,RobustScaler,XGB,46,11,5,0.2094,4.6636,5.3319,0.2501,-0.7321,0.1109
5,positive_training,CRADK,HRSD_6.1,HRSD6,cross-corpus-882,RobustScaler,MLP,46,11,5,0.2915,3.3207,3.9311,0.3782,0.0585,0.5128
5,positive_training,CRADK,HRSD_6.1,HRSD6,cross-corpus-882,RobustScaler,LGBM,46,11,5,0.005,3.1452,4.5578,0.0062,-0.2657,0.2336
5,positive_training,CRADK,HRSD_6.1,HRSD6,cross-corpus-882,RobustScaler,CatBoost,46,11,5,0.2222,3.8618,4.4172,0.2647,-0.1888,-0.0647
1,positive_training,CRADK,HRSD_17.1,HRSD17,cross-corpus-882,StandardScaler,Ridge,45,12,10,0.2158,6.7441,7.7425,0.2315,-0.3153,0.2363
1,positive_training,CRADK,HRSD_17.1,HRSD17,cross-corpus-882,StandardScaler,Lasso,45,12,10,0.237,6.4437,7.5099,0.2579,-0.2374,0.2363
1,positive_training,CRADK,HRSD_17.1,HRSD17,cross-corpus-882,StandardScaler,ElasticNet,45,12,10,0.2098,7.271,8.2949,0.2229,-0.5097,0.2363
1,positive_training,CRADK,HRSD_17.1,HRSD17,cross-corpus-882,StandardScaler,SVR,45,12,10,0.1805,6.1193,6.6698,0.2487,0.0239,0.2434
1,positive_training,CRADK,HRSD_17.1,HRSD17,cross-corpus-882,StandardScaler,KNN,45,12,10,0.033,6.0926,7.2883,0.044,-0.1655,0.0477
1,positive_training,CRADK,HRSD_17.1,HRSD17,cross-corpus-882,StandardScaler,RF,45,12,10,0.0915,5.9752,6.8917,0.1385,-0.0421,0.1905
1,positive_training,CRADK,HRSD_17.1,HRSD17,cross-corpus-882,StandardScaler,ET,45,12,10,0.1598,5.8629,6.7792,0.215,-0.0084,0.2505
1,positive_training,CRADK,HRSD_17.1,HRSD17,cross-corpus-882,StandardScaler,GB,45,12,10,0.0404,6.6859,7.3362,0.0525,-0.1809,0.0494
1,positive_training,CRADK,HRSD_17.1,HRSD17,cross-corpus-882,StandardScaler,XGB,45,12,10,0.0242,6.6368,7.6141,0.0286,-0.272,0.1482
1,positive_training,CRADK,HRSD_17.1,HRSD17,cross-corpus-882,StandardScaler,MLP,45,12,10,0.0964,6.9355,8.8842,0.0995,-0.7318,-0.0141
1,positive_training,CRADK,HRSD_17.1,HRSD17,cross-corpus-882,StandardScaler,LGBM,45,12,10,0.0697,6.3999,7.3853,0.0857,-0.1967,0.2363
1,positive_training,CRADK,HRSD_17.1,HRSD17,cross-corpus-882,StandardScaler,CatBoost,45,12,10,0.0477,6.3813,7.0027,0.0753,-0.076,0.134
1,positive_training,CRADK,HRSD_17.1,HRSD17,cross-corpus-882,MinMaxScaler,Ridge,45,12,5,0.0562,6.7516,7.9736,0.0606,-0.395,0.2328
1,positive_training,CRADK,HRSD_17.1,HRSD17,cross-corpus-882,MinMaxScaler,Lasso,45,12,5,0.0556,6.7269,7.9367,0.0603,-0.3821,0.2328
1,positive_training,CRADK,HRSD_17.1,HRSD17,cross-corpus-882,MinMaxScaler,ElasticNet,45,12,5,0.0641,6.6018,7.8115,0.0705,-0.3388,0.2328
1,positive_training,CRADK,HRSD_17.1,HRSD17,cross-corpus-882,MinMaxScaler,SVR,45,12,5,-0.0119,6.7964,7.9884,-0.0133,-0.4002,0.1129
1,positive_training,CRADK,HRSD_17.1,HRSD17,cross-corpus-882,MinMaxScaler,KNN,45,12,5,0.0391,6.2685,7.4401,0.0489,-0.2146,0.0317
1,positive_training,CRADK,HRSD_17.1,HRSD17,cross-corpus-882,MinMaxScaler,RF,45,12,5,0.0803,6.2779,7.3834,0.0963,-0.1961,0.2505
1,positive_training,CRADK,HRSD_17.1,HRSD17,cross-corpus-882,MinMaxScaler,ET,45,12,5,0.0585,6.045,7.6311,0.0667,-0.2777,0.1235
1,positive_training,CRADK,HRSD_17.1,HRSD17,cross-corpus-882,MinMaxScaler,GB,45,12,5,0.0384,7.2177,8.1701,0.0476,-0.4646,0.0776
1,positive_training,CRADK,HRSD_17.1,HRSD17,cross-corpus-882,MinMaxScaler,XGB,45,12,5,-0.0088,7.0789,8.2518,-0.0101,-0.494,0.1693
1,positive_training,CRADK,HRSD_17.1,HRSD17,cross-corpus-882,MinMaxScaler,MLP,45,12,5,0.0202,6.4978,8.1368,0.0216,-0.4527,0.261
1,positive_training,CRADK,HRSD_17.1,HRSD17,cross-corpus-882,MinMaxScaler,LGBM,45,12,5,-0.0599,6.9639,7.8244,-0.0742,-0.3433,0.1519
1,positive_training,CRADK,HRSD_17.1,HRSD17,cross-corpus-882,MinMaxScaler,CatBoost,45,12,5,-0.0481,6.7919,8.0842,-0.0573,-0.434,-0.0035
1,positive_training,CRADK,HRSD_17.1,HRSD17,cross-corpus-882,RobustScaler,Ridge,45,12,10,0.3913,6.8934,8.0959,0.4164,-0.4381,0.2893
1,positive_training,CRADK,HRSD_17.1,HRSD17,cross-corpus-882,RobustScaler,Lasso,45,12,10,0.4002,6.9247,8.1929,0.4271,-0.4728,0.2893
1,positive_training,CRADK,HRSD_17.1,HRSD17,cross-corpus-882,RobustScaler,ElasticNet,45,12,10,0.3697,6.5741,7.5969,0.3906,-0.2663,0.3422
1,positive_training,CRADK,HRSD_17.1,HRSD17,cross-corpus-882,RobustScaler,SVR,45,12,10,0.1067,5.783,6.5048,0.2805,0.0716,0.3245
1,positive_training,CRADK,HRSD_17.1,HRSD17,cross-corpus-882,RobustScaler,KNN,45,12,10,0.1657,5.5741,6.7008,0.2334,0.0148,0.2368
1,positive_training,CRADK,HRSD_17.1,HRSD17,cross-corpus-882,RobustScaler,RF,45,12,10,0.2071,5.4592,6.5017,0.3013,0.0725,0.3139
1,positive_training,CRADK,HRSD_17.1,HRSD17,cross-corpus-882,RobustScaler,ET,45,12,10,0.1836,5.7854,6.8745,0.2301,-0.0369,0.2469
1,positive_training,CRADK,HRSD_17.1,HRSD17,cross-corpus-882,RobustScaler,GB,45,12,10,0.1313,6.2542,7.4575,0.1489,-0.2202,0.1905
1,positive_training,CRADK,HRSD_17.1,HRSD17,cross-corpus-882,RobustScaler,XGB,45,12,10,0.2588,5.5942,6.6597,0.3082,0.0269,0.254
1,positive_training,CRADK,HRSD_17.1,HRSD17,cross-corpus-882,RobustScaler,MLP,45,12,10,0.3954,5.8748,6.9264,0.4174,-0.0526,0.2081
1,positive_training,CRADK,HRSD_17.1,HRSD17,cross-corpus-882,RobustScaler,LGBM,45,12,10,0.2109,5.0813,6.6305,0.3221,0.0354,0.3957
1,positive_training,CRADK,HRSD_17.1,HRSD17,cross-corpus-882,RobustScaler,CatBoost,45,12,10,0.1353,6.0666,6.9828,0.177,-0.0698,0.2081
2,positive_training,CRADK,HRSD_17.1,HRSD17,cross-corpus-882,StandardScaler,Ridge,45,12,5,0.2659,5.9886,7.3454,0.3521,-0.2739,0.4588
2,positive_training,CRADK,HRSD_17.1,HRSD17,cross-corpus-882,StandardScaler,Lasso,45,12,5,0.2536,6.4141,8.6515,0.3164,-0.7672,0.4729
2,positive_training,CRADK,HRSD_17.1,HRSD17,cross-corpus-882,StandardScaler,ElasticNet,45,12,5,0.2577,6.1199,7.9747,0.3237,-0.5015,0.4869
2,positive_training,CRADK,HRSD_17.1,HRSD17,cross-corpus-882,StandardScaler,SVR,45,12,5,0.4793,5.2856,6.0411,0.6705,0.1383,0.6095
2,positive_training,CRADK,HRSD_17.1,HRSD17,cross-corpus-882,StandardScaler,KNN,45,12,5,0.3308,5.1944,6.1024,0.4648,0.1208,0.4359
2,positive_training,CRADK,HRSD_17.1,HRSD17,cross-corpus-882,StandardScaler,RF,45,12,5,0.5373,4.3421,5.1474,0.6956,0.3744,0.725
2,positive_training,CRADK,HRSD_17.1,HRSD17,cross-corpus-882,StandardScaler,ET,45,12,5,0.4922,5.4652,6.1174,0.5826,0.1164,0.7005
2,positive_training,CRADK,HRSD_17.1,HRSD17,cross-corpus-882,StandardScaler,GB,45,12,5,0.6592,4.1358,5.2043,0.6874,0.3605,0.6585
2,positive_training,CRADK,HRSD_17.1,HRSD17,cross-corpus-882,StandardScaler,XGB,45,12,5,0.5634,4.4202,5.7561,0.5692,0.2177,0.4518
2,positive_training,CRADK,HRSD_17.1,HRSD17,cross-corpus-882,StandardScaler,MLP,45,12,5,0.1098,7.8503,12.552,0.1508,-2.7199,0.4518
2,positive_training,CRADK,HRSD_17.1,HRSD17,cross-corpus-882,StandardScaler,LGBM,45,12,5,0.611,4.3816,5.155,0.7886,0.3726,0.762
2,positive_training,CRADK,HRSD_17.1,HRSD17,cross-corpus-882,StandardScaler,CatBoost,45,12,5,0.5828,4.7309,5.2843,0.6701,0.3407,0.627
2,positive_training,CRADK,HRSD_17.1,HRSD17,cross-corpus-882,MinMaxScaler,Ridge,45,12,5,-0.0138,7.0385,9.3177,-0.0176,-1.0499,0.0841
2,positive_training,CRADK,HRSD_17.1,HRSD17,cross-corpus-882,MinMaxScaler,Lasso,45,12,5,-0.0319,7.306,10.6145,-0.0403,-1.6601,0.056
2,positive_training,CRADK,HRSD_17.1,HRSD17,cross-corpus-882,MinMaxScaler,ElasticNet,45,12,5,0.0004,6.7964,8.978,0.0005,-0.9031,0.1401
2,positive_training,CRADK,HRSD_17.1,HRSD17,cross-corpus-882,MinMaxScaler,SVR,45,12,5,0.1425,6.1887,7.2724,0.24,-0.2487,0.2802
2,positive_training,CRADK,HRSD_17.1,HRSD17,cross-corpus-882,MinMaxScaler,KNN,45,12,5,0.1883,5.7262,6.9119,0.2788,-0.128,0.1807
2,positive_training,CRADK,HRSD_17.1,HRSD17,cross-corpus-882,MinMaxScaler,RF,45,12,5,0.2414,5.8137,6.5566,0.3945,-0.015,0.2872
2,positive_training,CRADK,HRSD_17.1,HRSD17,cross-corpus-882,MinMaxScaler,ET,45,12,5,0.1677,5.8996,6.989,0.2759,-0.1533,0.1926
2,positive_training,CRADK,HRSD_17.1,HRSD17,cross-corpus-882,MinMaxScaler,GB,45,12,5,0.0637,6.8173,7.7894,0.0926,-0.4326,0.1366
2,positive_training,CRADK,HRSD_17.1,HRSD17,cross-corpus-882,MinMaxScaler,XGB,45,12,5,0.1581,6.704,7.6973,0.2028,-0.3989,0.1821
2,positive_training,CRADK,HRSD_17.1,HRSD17,cross-corpus-882,MinMaxScaler,MLP,45,12,5,0.022,6.9244,8.8377,0.0304,-0.8441,0.1401
2,positive_training,CRADK,HRSD_17.1,HRSD17,cross-corpus-882,MinMaxScaler,LGBM,45,12,5,0.5143,4.8463,5.3896,0.7075,0.3142,0.7032
2,positive_training,CRADK,HRSD_17.1,HRSD17,cross-corpus-882,MinMaxScaler,CatBoost,45,12,5,0.1079,5.7948,7.0261,0.1549,-0.1655,0.0105
2,positive_training,CRADK,HRSD_17.1,HRSD17,cross-corpus-882,RobustScaler,Ridge,45,12,10,0.025,7.2394,9.7129,0.0297,-1.2274,0.1856
2,positive_training,CRADK,HRSD_17.1,HRSD17,cross-corpus-882,RobustScaler,Lasso,45,12,10,0.0751,6.4146,8.166,0.1024,-0.5744,0.2662
2,positive_training,CRADK,HRSD_17.1,HRSD17,cross-corpus-882,RobustScaler,ElasticNet,45,12,10,0.0635,6.5478,7.6846,0.1,-0.3943,0.0736
2,positive_training,CRADK,HRSD_17.1,HRSD17,cross-corpus-882,RobustScaler,SVR,45,12,10,0.3833,5.2024,6.2477,0.6444,0.0784,0.5779
2,positive_training,CRADK,HRSD_17.1,HRSD17,cross-corpus-882,RobustScaler,KNN,45,12,10,0.2286,5.5238,6.7539,0.3433,-0.077,0.3082
2,positive_training,CRADK,HRSD_17.1,HRSD17,cross-corpus-882,RobustScaler,RF,45,12,10,0.3265,5.4492,6.2749,0.4599,0.0703,0.3958
2,positive_training,CRADK,HRSD_17.1,HRSD17,cross-corpus-882,RobustScaler,ET,45,12,10,0.364,5.0579,6.0243,0.5207,0.1431,0.3678
2,positive_training,CRADK,HRSD_17.1,HRSD17,cross-corpus-882,RobustScaler,GB,45,12,10,0.1337,6.5219,7.8329,0.1536,-0.4486,0.1856
2,positive_training,CRADK,HRSD_17.1,HRSD17,cross-corpus-882,RobustScaler,XGB,45,12,10,0.296,6.2368,7.0707,0.3152,-0.1804,-0.0315
2,positive_training,CRADK,HRSD_17.1,HRSD17,cross-corpus-882,RobustScaler,MLP,45,12,10,-0.0336,9.8063,16.7583,-0.0529,-5.6307,0.1961
2,positive_training,CRADK,HRSD_17.1,HRSD17,cross-corpus-882,RobustScaler,LGBM,45,12,10,0.3753,5.7238,6.3224,0.486,0.0562,0.2887
2,positive_training,CRADK,HRSD_17.1,HRSD17,cross-corpus-882,RobustScaler,CatBoost,45,12,10,0.2332,5.5129,6.4318,0.3465,0.0233,0.2067
3,positive_training,CRADK,HRSD_17.1,HRSD17,cross-corpus-882,StandardScaler,Ridge,46,11,5,-0.2555,8.4597,9.4956,-0.2947,-0.6821,-0.3417
3,positive_training,CRADK,HRSD_17.1,HRSD17,cross-corpus-882,StandardScaler,Lasso,46,11,5,-0.2532,8.4258,9.5472,-0.2881,-0.7004,-0.3098
3,positive_training,CRADK,HRSD_17.1,HRSD17,cross-corpus-882,StandardScaler,ElasticNet,46,11,5,-0.2217,8.0812,9.1863,-0.2673,-0.5743,-0.3098
3,positive_training,CRADK,HRSD_17.1,HRSD17,cross-corpus-882,StandardScaler,SVR,46,11,5,-0.2901,8.6416,9.9284,-0.3178,-0.8389,-0.369
3,positive_training,CRADK,HRSD_17.1,HRSD17,cross-corpus-882,StandardScaler,KNN,46,11,5,-0.2481,9.0,10.4268,-0.2701,-1.0282,-0.2494
3,positive_training,CRADK,HRSD_17.1,HRSD17,cross-corpus-882,StandardScaler,RF,46,11,5,-0.0486,6.4377,8.2392,-0.074,-0.2664,-0.0137
3,positive_training,CRADK,HRSD_17.1,HRSD17,cross-corpus-882,StandardScaler,ET,46,11,5,-0.1158,6.9773,8.5884,-0.1562,-0.376,-0.0866
3,positive_training,CRADK,HRSD_17.1,HRSD17,cross-corpus-882,StandardScaler,GB,46,11,5,-0.1987,8.1383,9.9356,-0.2347,-0.8416,-0.2551
3,positive_training,CRADK,HRSD_17.1,HRSD17,cross-corpus-882,StandardScaler,XGB,46,11,5,-0.0695,7.495,9.2301,-0.0865,-0.5894,-0.2278
3,positive_training,CRADK,HRSD_17.1,HRSD17,cross-corpus-882,StandardScaler,MLP,46,11,5,-0.3257,10.0403,11.2186,-0.3291,-1.3479,-0.4009
3,positive_training,CRADK,HRSD_17.1,HRSD17,cross-corpus-882,StandardScaler,LGBM,46,11,5,0.1258,6.0891,7.6194,0.1638,-0.083,0.2968
3,positive_training,CRADK,HRSD_17.1,HRSD17,cross-corpus-882,StandardScaler,CatBoost,46,11,5,-0.1027,7.1762,8.9031,-0.1366,-0.4787,-0.205
3,positive_training,CRADK,HRSD_17.1,HRSD17,cross-corpus-882,MinMaxScaler,Ridge,46,11,15,-0.1787,7.7059,8.9215,-0.2259,-0.4849,-0.2278
3,positive_training,CRADK,HRSD_17.1,HRSD17,cross-corpus-882,MinMaxScaler,Lasso,46,11,15,-0.1908,7.9444,9.0875,-0.2308,-0.5406,-0.2187
3,positive_training,CRADK,HRSD_17.1,HRSD17,cross-corpus-882,MinMaxScaler,ElasticNet,46,11,15,-0.1493,7.4041,8.6999,-0.1979,-0.412,-0.2278
3,positive_training,CRADK,HRSD_17.1,HRSD17,cross-corpus-882,MinMaxScaler,SVR,46,11,15,-0.1034,7.1231,8.5125,-0.134,-0.3518,-0.1822
3,positive_training,CRADK,HRSD_17.1,HRSD17,cross-corpus-882,MinMaxScaler,KNN,46,11,15,-0.2766,8.4242,9.4815,-0.3272,-0.6771,-0.4018
3,positive_training,CRADK,HRSD_17.1,HRSD17,cross-corpus-882,MinMaxScaler,RF,46,11,15,-0.0695,6.7109,8.3432,-0.1058,-0.2986,0.0
3,positive_training,CRADK,HRSD_17.1,HRSD17,cross-corpus-882,MinMaxScaler,ET,46,11,15,-0.0798,6.8655,8.2857,-0.1234,-0.2808,-0.123
3,positive_training,CRADK,HRSD_17.1,HRSD17,cross-corpus-882,MinMaxScaler,GB,46,11,15,-0.2481,8.0746,9.7696,-0.3539,-0.7806,-0.1549
3,positive_training,CRADK,HRSD_17.1,HRSD17,cross-corpus-882,MinMaxScaler,XGB,46,11,15,-0.1538,7.6555,9.3453,-0.2315,-0.6293,-0.1412
3,positive_training,CRADK,HRSD_17.1,HRSD17,cross-corpus-882,MinMaxScaler,MLP,46,11,15,-0.168,7.8367,9.099,-0.1977,-0.5445,-0.2688
3,positive_training,CRADK,HRSD_17.1,HRSD17,cross-corpus-882,MinMaxScaler,LGBM,46,11,15,-0.1584,7.3604,9.2245,-0.2136,-0.5874,0.0501
3,positive_training,CRADK,HRSD_17.1,HRSD17,cross-corpus-882,MinMaxScaler,CatBoost,46,11,15,-0.1453,7.1089,8.8075,-0.1933,-0.4472,-0.1185
3,positive_training,CRADK,HRSD_17.1,HRSD17,cross-corpus-882,RobustScaler,Ridge,46,11,5,-0.219,8.1817,9.3957,-0.255,-0.6469,-0.2961
3,positive_training,CRADK,HRSD_17.1,HRSD17,cross-corpus-882,RobustScaler,Lasso,46,11,5,-0.2033,8.115,9.345,-0.2348,-0.6292,-0.2369
3,positive_training,CRADK,HRSD_17.1,HRSD17,cross-corpus-882,RobustScaler,ElasticNet,46,11,5,-0.1646,7.5955,8.8945,-0.2084,-0.4759,-0.246
3,positive_training,CRADK,HRSD_17.1,HRSD17,cross-corpus-882,RobustScaler,SVR,46,11,5,-0.2004,8.2824,9.4441,-0.2236,-0.6639,-0.2369
3,positive_training,CRADK,HRSD_17.1,HRSD17,cross-corpus-882,RobustScaler,KNN,46,11,5,-0.0637,8.0606,9.4163,-0.0679,-0.6541,-0.1261
3,positive_training,CRADK,HRSD_17.1,HRSD17,cross-corpus-882,RobustScaler,RF,46,11,5,-0.0264,6.92,8.4895,-0.0396,-0.3445,-0.0091
3,positive_training,CRADK,HRSD_17.1,HRSD17,cross-corpus-882,RobustScaler,ET,46,11,5,-0.0456,6.9636,8.6863,-0.0579,-0.4076,-0.1412
3,positive_training,CRADK,HRSD_17.1,HRSD17,cross-corpus-882,RobustScaler,GB,46,11,5,0.0468,7.8594,9.5667,0.0687,-0.7074,0.082
3,positive_training,CRADK,HRSD_17.1,HRSD17,cross-corpus-882,RobustScaler,XGB,46,11,5,0.135,7.7825,9.3047,0.1883,-0.6151,0.1913
3,positive_training,CRADK,HRSD_17.1,HRSD17,cross-corpus-882,RobustScaler,MLP,46,11,5,-0.2373,9.0994,10.2331,-0.2471,-0.9536,-0.3144
3,positive_training,CRADK,HRSD_17.1,HRSD17,cross-corpus-882,RobustScaler,LGBM,46,11,5,0.0461,6.8644,8.2862,0.0577,-0.2809,0.1598
3,positive_training,CRADK,HRSD_17.1,HRSD17,cross-corpus-882,RobustScaler,CatBoost,46,11,5,-0.0612,7.7069,9.2214,-0.078,-0.5864,0.0319
4,positive_training,CRADK,HRSD_17.1,HRSD17,cross-corpus-882,StandardScaler,Ridge,46,11,5,-0.2129,8.9032,10.5564,-0.2442,-0.6553,-0.3636
4,positive_training,CRADK,HRSD_17.1,HRSD17,cross-corpus-882,StandardScaler,Lasso,46,11,5,-0.2175,8.9021,10.5732,-0.2495,-0.6605,-0.3636
4,positive_training,CRADK,HRSD_17.1,HRSD17,cross-corpus-882,StandardScaler,ElasticNet,46,11,5,-0.2033,8.9016,10.5215,-0.2329,-0.6443,-0.3636
4,positive_training,CRADK,HRSD_17.1,HRSD17,cross-corpus-882,StandardScaler,SVR,46,11,5,0.0232,8.906,9.6528,0.0276,-0.384,-0.0455
4,positive_training,CRADK,HRSD_17.1,HRSD17,cross-corpus-882,StandardScaler,KNN,46,11,5,0.1756,7.0182,8.0886,0.2453,0.0282,0.1777
4,positive_training,CRADK,HRSD_17.1,HRSD17,cross-corpus-882,StandardScaler,RF,46,11,5,0.311,6.8377,7.6693,0.3929,0.1263,0.3636
4,positive_training,CRADK,HRSD_17.1,HRSD17,cross-corpus-882,StandardScaler,ET,46,11,5,0.353,6.8345,7.6558,0.4201,0.1294,0.3182
4,positive_training,CRADK,HRSD_17.1,HRSD17,cross-corpus-882,StandardScaler,GB,46,11,5,0.2788,7.5108,8.3325,0.3098,-0.0313,0.2182
4,positive_training,CRADK,HRSD_17.1,HRSD17,cross-corpus-882,StandardScaler,XGB,46,11,5,0.2556,7.7798,8.5386,0.2796,-0.083,0.2364
4,positive_training,CRADK,HRSD_17.1,HRSD17,cross-corpus-882,StandardScaler,MLP,46,11,5,0.0516,8.5364,9.6517,0.0564,-0.3837,-0.0091
4,positive_training,CRADK,HRSD_17.1,HRSD17,cross-corpus-882,StandardScaler,LGBM,46,11,5,0.0324,7.6051,8.7634,0.0452,-0.1407,-0.0553
4,positive_training,CRADK,HRSD_17.1,HRSD17,cross-corpus-882,StandardScaler,CatBoost,46,11,5,0.3337,7.247,8.1994,0.3606,0.0014,0.2455
4,positive_training,CRADK,HRSD_17.1,HRSD17,cross-corpus-882,MinMaxScaler,Ridge,46,11,5,-0.0642,9.0913,10.4693,-0.069,-0.6281,-0.3
4,positive_training,CRADK,HRSD_17.1,HRSD17,cross-corpus-882,MinMaxScaler,Lasso,46,11,5,-0.0658,9.0477,10.4314,-0.071,-0.6163,-0.3
4,positive_training,CRADK,HRSD_17.1,HRSD17,cross-corpus-882,MinMaxScaler,ElasticNet,46,11,5,-0.063,8.939,10.3316,-0.0686,-0.5855,-0.3
4,positive_training,CRADK,HRSD_17.1,HRSD17,cross-corpus-882,MinMaxScaler,SVR,46,11,5,-0.1444,8.752,10.0869,-0.1823,-0.5113,-0.0091
4,positive_training,CRADK,HRSD_17.1,HRSD17,cross-corpus-882,MinMaxScaler,KNN,46,11,5,-0.1719,8.2727,9.5716,-0.2571,-0.3608,-0.3182
4,positive_training,CRADK,HRSD_17.1,HRSD17,cross-corpus-882,MinMaxScaler,RF,46,11,5,0.0875,7.6841,8.6461,0.1171,-0.1104,0.1364
4,positive_training,CRADK,HRSD_17.1,HRSD17,cross-corpus-882,MinMaxScaler,ET,46,11,5,0.091,7.4474,8.5402,0.1309,-0.0834,0.0636
4,positive_training,CRADK,HRSD_17.1,HRSD17,cross-corpus-882,MinMaxScaler,GB,46,11,5,0.0632,9.0593,10.0208,0.0655,-0.4916,0.1091
4,positive_training,CRADK,HRSD_17.1,HRSD17,cross-corpus-882,MinMaxScaler,XGB,46,11,5,0.1566,8.7681,9.4995,0.1654,-0.3404,0.1818
4,positive_training,CRADK,HRSD_17.1,HRSD17,cross-corpus-882,MinMaxScaler,MLP,46,11,5,-0.0245,8.6545,10.1293,-0.027,-0.5241,0.0091
4,positive_training,CRADK,HRSD_17.1,HRSD17,cross-corpus-882,MinMaxScaler,LGBM,46,11,5,0.0022,7.9388,9.0666,0.0028,-0.221,0.0319
4,positive_training,CRADK,HRSD_17.1,HRSD17,cross-corpus-882,MinMaxScaler,CatBoost,46,11,5,0.0367,8.7677,10.0643,0.0383,-0.5045,-0.0273
4,positive_training,CRADK,HRSD_17.1,HRSD17,cross-corpus-882,RobustScaler,Ridge,46,11,5,-0.209,8.8911,10.5343,-0.2399,-0.6484,-0.3636
4,positive_training,CRADK,HRSD_17.1,HRSD17,cross-corpus-882,RobustScaler,Lasso,46,11,5,-0.2154,8.8956,10.5612,-0.2472,-0.6568,-0.3636
4,positive_training,CRADK,HRSD_17.1,HRSD17,cross-corpus-882,RobustScaler,ElasticNet,46,11,5,-0.1985,8.885,10.4935,-0.2277,-0.6356,-0.3636
4,positive_training,CRADK,HRSD_17.1,HRSD17,cross-corpus-882,RobustScaler,SVR,46,11,5,0.073,8.7249,9.3794,0.0874,-0.3067,0.0091
4,positive_training,CRADK,HRSD_17.1,HRSD17,cross-corpus-882,RobustScaler,KNN,46,11,5,-0.0407,7.8052,8.9829,-0.0632,-0.1986,-0.1279
4,positive_training,CRADK,HRSD_17.1,HRSD17,cross-corpus-882,RobustScaler,RF,46,11,5,0.311,6.8377,7.6693,0.3929,0.1263,0.3636
4,positive_training,CRADK,HRSD_17.1,HRSD17,cross-corpus-882,RobustScaler,ET,46,11,5,0.353,6.8345,7.6558,0.4201,0.1294,0.3182
4,positive_training,CRADK,HRSD_17.1,HRSD17,cross-corpus-882,RobustScaler,GB,46,11,5,0.2788,7.5108,8.3325,0.3098,-0.0313,0.2182
4,positive_training,CRADK,HRSD_17.1,HRSD17,cross-corpus-882,RobustScaler,XGB,46,11,5,0.2556,7.7798,8.5386,0.2796,-0.083,0.2364
4,positive_training,CRADK,HRSD_17.1,HRSD17,cross-corpus-882,RobustScaler,MLP,46,11,5,-0.095,8.4424,9.9489,-0.1095,-0.4702,-0.2727
4,positive_training,CRADK,HRSD_17.1,HRSD17,cross-corpus-882,RobustScaler,LGBM,46,11,5,-0.004,7.8185,8.97,-0.0055,-0.1951,-0.069
4,positive_training,CRADK,HRSD_17.1,HRSD17,cross-corpus-882,RobustScaler,CatBoost,46,11,5,0.3337,7.247,8.1994,0.3606,0.0014,0.2455
5,positive_training,CRADK,HRSD_17.1,HRSD17,cross-corpus-882,StandardScaler,Ridge,46,11,5,0.442,5.2055,9.3774,0.5985,-2.1953,0.7679
5,positive_training,CRADK,HRSD_17.1,HRSD17,cross-corpus-882,StandardScaler,Lasso,46,11,5,0.442,5.2036,9.3792,0.5987,-2.1965,0.7679
5,positive_training,CRADK,HRSD_17.1,HRSD17,cross-corpus-882,StandardScaler,ElasticNet,46,11,5,0.4556,4.9971,8.9156,0.599,-1.8883,0.7679
5,positive_training,CRADK,HRSD_17.1,HRSD17,cross-corpus-882,StandardScaler,SVR,46,11,5,0.2761,3.4627,4.5463,0.7424,0.249,0.5702
5,positive_training,CRADK,HRSD_17.1,HRSD17,cross-corpus-882,StandardScaler,KNN,46,11,5,0.391,3.7172,4.5771,0.489,0.2388,0.5334
5,positive_training,CRADK,HRSD_17.1,HRSD17,cross-corpus-882,StandardScaler,RF,46,11,5,0.4479,3.8609,4.697,0.4948,0.1983,0.4138
5,positive_training,CRADK,HRSD_17.1,HRSD17,cross-corpus-882,StandardScaler,ET,46,11,5,0.3955,3.7284,4.6062,0.4923,0.229,0.3816
5,positive_training,CRADK,HRSD_17.1,HRSD17,cross-corpus-882,StandardScaler,GB,46,11,5,0.5022,4.1942,4.8843,0.5107,0.1331,0.5288
5,positive_training,CRADK,HRSD_17.1,HRSD17,cross-corpus-882,StandardScaler,XGB,46,11,5,0.3802,5.5027,6.1414,0.3836,-0.3705,0.3724
5,positive_training,CRADK,HRSD_17.1,HRSD17,cross-corpus-882,StandardScaler,MLP,46,11,5,0.7087,3.4408,4.013,0.7107,0.4148,0.4644
5,positive_training,CRADK,HRSD_17.1,HRSD17,cross-corpus-882,StandardScaler,LGBM,46,11,5,0.3348,3.5336,4.682,0.5625,0.2035,0.5488
5,positive_training,CRADK,HRSD_17.1,HRSD17,cross-corpus-882,StandardScaler,CatBoost,46,11,5,0.3487,4.4827,5.4572,0.3642,-0.0821,0.2207
5,positive_training,CRADK,HRSD_17.1,HRSD17,cross-corpus-882,MinMaxScaler,Ridge,46,11,10,0.6286,3.6746,5.338,0.6564,-0.0354,0.8138
5,positive_training,CRADK,HRSD_17.1,HRSD17,cross-corpus-882,MinMaxScaler,Lasso,46,11,10,0.6114,3.1726,3.8693,0.6806,0.456,0.7817
5,positive_training,CRADK,HRSD_17.1,HRSD17,cross-corpus-882,MinMaxScaler,ElasticNet,46,11,10,0.6649,3.355,4.124,0.6683,0.382,0.8138
5,positive_training,CRADK,HRSD_17.1,HRSD17,cross-corpus-882,MinMaxScaler,SVR,46,11,10,0.6993,3.2179,3.535,0.788,0.5459,0.7587
5,positive_training,CRADK,HRSD_17.1,HRSD17,cross-corpus-882,MinMaxScaler,KNN,46,11,10,0.1648,5.2727,5.8732,0.2465,-0.2534,0.4134
5,positive_training,CRADK,HRSD_17.1,HRSD17,cross-corpus-882,MinMaxScaler,RF,46,11,10,0.2463,3.9059,5.0417,0.3321,0.0764,0.3403
5,positive_training,CRADK,HRSD_17.1,HRSD17,cross-corpus-882,MinMaxScaler,ET,46,11,10,0.2121,3.9314,5.0193,0.3312,0.0846,0.3081
5,positive_training,CRADK,HRSD_17.1,HRSD17,cross-corpus-882,MinMaxScaler,GB,46,11,10,0.1298,5.0679,5.893,0.1667,-0.2619,0.2943
5,positive_training,CRADK,HRSD_17.1,HRSD17,cross-corpus-882,MinMaxScaler,XGB,46,11,10,-0.1579,5.9953,7.2963,-0.1884,-0.9344,-0.2023
5,positive_training,CRADK,HRSD_17.1,HRSD17,cross-corpus-882,MinMaxScaler,MLP,46,11,10,0.7728,2.691,3.0441,0.8337,0.6633,0.9334
5,positive_training,CRADK,HRSD_17.1,HRSD17,cross-corpus-882,MinMaxScaler,LGBM,46,11,10,0.4955,3.3601,4.1696,0.6229,0.3683,0.6404
5,positive_training,CRADK,HRSD_17.1,HRSD17,cross-corpus-882,MinMaxScaler,CatBoost,46,11,10,0.1247,4.322,5.5039,0.168,-0.1007,0.1333
5,positive_training,CRADK,HRSD_17.1,HRSD17,cross-corpus-882,RobustScaler,Ridge,46,11,5,0.586,3.9432,6.5484,0.6766,-0.5581,0.7863
5,positive_training,CRADK,HRSD_17.1,HRSD17,cross-corpus-882,RobustScaler,Lasso,46,11,5,0.5329,4.488,7.8566,0.6673,-1.2429,0.7679
5,positive_training,CRADK,HRSD_17.1,HRSD17,cross-corpus-882,RobustScaler,ElasticNet,46,11,5,0.5528,4.2817,7.3473,0.6707,-0.9616,0.7679
5,positive_training,CRADK,HRSD_17.1,HRSD17,cross-corpus-882,RobustScaler,SVR,46,11,5,0.6984,2.9222,3.5726,0.7323,0.5362,0.4828
5,positive_training,CRADK,HRSD_17.1,HRSD17,cross-corpus-882,RobustScaler,KNN,46,11,5,0.4334,3.4545,4.7642,0.4674,0.1753,0.3403
5,positive_training,CRADK,HRSD_17.1,HRSD17,cross-corpus-882,RobustScaler,RF,46,11,5,0.4354,3.6936,4.7195,0.4742,0.1906,0.4368
5,positive_training,CRADK,HRSD_17.1,HRSD17,cross-corpus-882,RobustScaler,ET,46,11,5,0.389,3.8464,4.8889,0.4277,0.1315,0.1959
5,positive_training,CRADK,HRSD_17.1,HRSD17,cross-corpus-882,RobustScaler,GB,46,11,5,0.5454,3.7251,4.6684,0.5622,0.2081,0.423
5,positive_training,CRADK,HRSD_17.1,HRSD17,cross-corpus-882,RobustScaler,XGB,46,11,5,0.4899,4.3979,5.3804,0.4906,-0.0519,0.4598
5,positive_training,CRADK,HRSD_17.1,HRSD17,cross-corpus-882,RobustScaler,MLP,46,11,5,0.857,2.2556,2.6554,0.8725,0.7438,0.6575
5,positive_training,CRADK,HRSD_17.1,HRSD17,cross-corpus-882,RobustScaler,LGBM,46,11,5,0.4541,3.5746,4.5082,0.5618,0.2615,0.5535
5,positive_training,CRADK,HRSD_17.1,HRSD17,cross-corpus-882,RobustScaler,CatBoost,46,11,5,0.4685,3.5356,4.515,0.5285,0.2593,0.4506
1,positive_training,CRADK,HRSD_21.1,HRSD21,cross-corpus-882,StandardScaler,Ridge,45,12,10,0.2273,9.1313,10.6874,0.2668,-0.7128,0.1863
1,positive_training,CRADK,HRSD_21.1,HRSD21,cross-corpus-882,StandardScaler,Lasso,45,12,10,0.2215,9.2546,10.7934,0.2598,-0.7469,0.1863
1,positive_training,CRADK,HRSD_21.1,HRSD21,cross-corpus-882,StandardScaler,ElasticNet,45,12,10,0.2466,8.5217,10.1196,0.2899,-0.5356,0.1336
1,positive_training,CRADK,HRSD_21.1,HRSD21,cross-corpus-882,StandardScaler,SVR,45,12,10,-0.2218,8.9567,11.0907,-0.2378,-0.8445,-0.1125
1,positive_training,CRADK,HRSD_21.1,HRSD21,cross-corpus-882,StandardScaler,KNN,45,12,10,0.235,6.3148,7.6212,0.3614,0.129,0.3486
1,positive_training,CRADK,HRSD_21.1,HRSD21,cross-corpus-882,StandardScaler,RF,45,12,10,-0.0089,7.5412,8.8238,-0.0131,-0.1675,-0.0176
1,positive_training,CRADK,HRSD_21.1,HRSD21,cross-corpus-882,StandardScaler,ET,45,12,10,0.053,7.3262,8.4511,0.0874,-0.071,0.1582
1,positive_training,CRADK,HRSD_21.1,HRSD21,cross-corpus-882,StandardScaler,GB,45,12,10,-0.2033,8.8572,10.9511,-0.2388,-0.7983,-0.1687
1,positive_training,CRADK,HRSD_21.1,HRSD21,cross-corpus-882,StandardScaler,XGB,45,12,10,-0.1862,8.953,10.7957,-0.2208,-0.7477,-0.1617
1,positive_training,CRADK,HRSD_21.1,HRSD21,cross-corpus-882,StandardScaler,MLP,45,12,10,0.2629,9.1288,10.7097,0.2839,-0.7199,0.2601
1,positive_training,CRADK,HRSD_21.1,HRSD21,cross-corpus-882,StandardScaler,LGBM,45,12,10,0.1359,6.5904,8.4011,0.2033,-0.0583,0.2923
1,positive_training,CRADK,HRSD_21.1,HRSD21,cross-corpus-882,StandardScaler,CatBoost,45,12,10,0.0302,7.5899,9.0821,0.0391,-0.2369,0.0176
1,positive_training,CRADK,HRSD_21.1,HRSD21,cross-corpus-882,MinMaxScaler,Ridge,45,12,5,0.0916,8.2277,9.4017,0.0997,-0.3255,0.2214
1,positive_training,CRADK,HRSD_21.1,HRSD21,cross-corpus-882,MinMaxScaler,Lasso,45,12,5,0.0912,8.2069,9.368,0.0997,-0.316,0.2214
1,positive_training,CRADK,HRSD_21.1,HRSD21,cross-corpus-882,MinMaxScaler,ElasticNet,45,12,5,0.0996,8.0513,9.2185,0.1106,-0.2743,0.2214
1,positive_training,CRADK,HRSD_21.1,HRSD21,cross-corpus-882,MinMaxScaler,SVR,45,12,5,0.0856,7.9549,9.3104,0.0941,-0.2999,0.2004
1,positive_training,CRADK,HRSD_21.1,HRSD21,cross-corpus-882,MinMaxScaler,KNN,45,12,5,0.1638,7.2857,8.3546,0.2117,-0.0467,0.1968
1,positive_training,CRADK,HRSD_21.1,HRSD21,cross-corpus-882,MinMaxScaler,RF,45,12,5,0.1211,7.4667,8.6929,0.1464,-0.1332,0.2074
1,positive_training,CRADK,HRSD_21.1,HRSD21,cross-corpus-882,MinMaxScaler,ET,45,12,5,0.1297,6.89,8.7403,0.1529,-0.1455,0.1617
1,positive_training,CRADK,HRSD_21.1,HRSD21,cross-corpus-882,MinMaxScaler,GB,45,12,5,0.1877,7.7116,8.8304,0.2348,-0.1693,0.2636
1,positive_training,CRADK,HRSD_21.1,HRSD21,cross-corpus-882,MinMaxScaler,XGB,45,12,5,0.0947,7.8236,9.3307,0.1113,-0.3055,0.1301
1,positive_training,CRADK,HRSD_21.1,HRSD21,cross-corpus-882,MinMaxScaler,MLP,45,12,5,0.1067,7.9754,9.3036,0.1165,-0.298,0.1828
1,positive_training,CRADK,HRSD_21.1,HRSD21,cross-corpus-882,MinMaxScaler,LGBM,45,12,5,0.0193,8.2297,9.085,0.0241,-0.2377,0.164
1,positive_training,CRADK,HRSD_21.1,HRSD21,cross-corpus-882,MinMaxScaler,CatBoost,45,12,5,0.0681,7.7828,9.0007,0.0842,-0.2148,0.1863
1,positive_training,CRADK,HRSD_21.1,HRSD21,cross-corpus-882,RobustScaler,Ridge,45,12,10,0.2788,7.8119,8.9591,0.3033,-0.2036,0.123
1,positive_training,CRADK,HRSD_21.1,HRSD21,cross-corpus-882,RobustScaler,Lasso,45,12,10,0.266,7.7601,9.0169,0.2948,-0.2192,0.1933
1,positive_training,CRADK,HRSD_21.1,HRSD21,cross-corpus-882,RobustScaler,ElasticNet,45,12,10,0.2832,6.9727,8.3336,0.3252,-0.0414,0.1933
1,positive_training,CRADK,HRSD_21.1,HRSD21,cross-corpus-882,RobustScaler,SVR,45,12,10,-0.2246,8.9417,11.2023,-0.257,-0.8818,-0.2882
1,positive_training,CRADK,HRSD_21.1,HRSD21,cross-corpus-882,RobustScaler,KNN,45,12,10,0.2172,6.4722,7.6902,0.3375,0.1132,0.1514
1,positive_training,CRADK,HRSD_21.1,HRSD21,cross-corpus-882,RobustScaler,RF,45,12,10,0.0979,7.1583,8.1973,0.1599,-0.0076,0.1828
1,positive_training,CRADK,HRSD_21.1,HRSD21,cross-corpus-882,RobustScaler,ET,45,12,10,0.1186,7.0162,8.1803,0.1856,-0.0035,0.1722
1,positive_training,CRADK,HRSD_21.1,HRSD21,cross-corpus-882,RobustScaler,GB,45,12,10,0.0021,8.4715,9.939,0.0025,-0.4813,0.116
1,positive_training,CRADK,HRSD_21.1,HRSD21,cross-corpus-882,RobustScaler,XGB,45,12,10,0.0655,7.6955,9.5955,0.0726,-0.3807,0.1265
1,positive_training,CRADK,HRSD_21.1,HRSD21,cross-corpus-882,RobustScaler,MLP,45,12,10,0.1585,10.3453,11.6988,0.1716,-1.0523,-0.0773
1,positive_training,CRADK,HRSD_21.1,HRSD21,cross-corpus-882,RobustScaler,LGBM,45,12,10,0.2119,5.9302,7.8058,0.3511,0.0863,0.3575
1,positive_training,CRADK,HRSD_21.1,HRSD21,cross-corpus-882,RobustScaler,CatBoost,45,12,10,0.114,7.404,8.7404,0.1392,-0.1456,-0.0527
2,positive_training,CRADK,HRSD_21.1,HRSD21,cross-corpus-882,StandardScaler,Ridge,45,12,5,0.2788,7.5077,10.1839,0.344,-0.7737,0.4799
2,positive_training,CRADK,HRSD_21.1,HRSD21,cross-corpus-882,StandardScaler,Lasso,45,12,5,0.2767,7.543,10.287,0.3429,-0.8098,0.4869
2,positive_training,CRADK,HRSD_21.1,HRSD21,cross-corpus-882,StandardScaler,ElasticNet,45,12,5,0.2814,7.2473,9.5389,0.3481,-0.5561,0.5009
2,positive_training,CRADK,HRSD_21.1,HRSD21,cross-corpus-882,StandardScaler,SVR,45,12,5,0.4861,5.9314,7.145,0.7049,0.1269,0.7285
2,positive_training,CRADK,HRSD_21.1,HRSD21,cross-corpus-882,StandardScaler,KNN,45,12,5,0.4027,6.1852,7.047,0.5114,0.1507,0.5123
2,positive_training,CRADK,HRSD_21.1,HRSD21,cross-corpus-882,StandardScaler,RF,45,12,5,0.5031,5.8176,6.5587,0.6405,0.2643,0.5779
2,positive_training,CRADK,HRSD_21.1,HRSD21,cross-corpus-882,StandardScaler,ET,45,12,5,0.5122,6.1858,6.8394,0.6352,0.2,0.6515
2,positive_training,CRADK,HRSD_21.1,HRSD21,cross-corpus-882,StandardScaler,GB,45,12,5,0.5972,5.1002,6.5195,0.6704,0.2731,0.6515
2,positive_training,CRADK,HRSD_21.1,HRSD21,cross-corpus-882,StandardScaler,XGB,45,12,5,0.5926,5.459,6.5362,0.6281,0.2694,0.6795
2,positive_training,CRADK,HRSD_21.1,HRSD21,cross-corpus-882,StandardScaler,MLP,45,12,5,0.1243,8.9695,13.1697,0.1633,-1.9662,0.4063
2,positive_training,CRADK,HRSD_21.1,HRSD21,cross-corpus-882,StandardScaler,LGBM,45,12,5,0.6437,4.9042,5.7991,0.8331,0.4249,0.7605
2,positive_training,CRADK,HRSD_21.1,HRSD21,cross-corpus-882,StandardScaler,CatBoost,45,12,5,0.5203,5.7752,6.4851,0.6495,0.2808,0.62
2,positive_training,CRADK,HRSD_21.1,HRSD21,cross-corpus-882,MinMaxScaler,Ridge,45,12,5,0.3126,6.6822,8.063,0.3748,-0.1118,0.3818
2,positive_training,CRADK,HRSD_21.1,HRSD21,cross-corpus-882,MinMaxScaler,Lasso,45,12,5,0.2765,6.8976,9.2738,0.3287,-0.4709,0.4063
2,positive_training,CRADK,HRSD_21.1,HRSD21,cross-corpus-882,MinMaxScaler,ElasticNet,45,12,5,0.2659,6.6933,8.2181,0.347,-0.155,0.4869
2,positive_training,CRADK,HRSD_21.1,HRSD21,cross-corpus-882,MinMaxScaler,SVR,45,12,5,0.5997,4.9707,5.7343,0.8118,0.4376,0.7285
2,positive_training,CRADK,HRSD_21.1,HRSD21,cross-corpus-882,MinMaxScaler,KNN,45,12,5,0.4069,6.2,7.6407,0.5018,0.0016,0.5009
2,positive_training,CRADK,HRSD_21.1,HRSD21,cross-corpus-882,MinMaxScaler,RF,45,12,5,0.4088,6.5258,7.2565,0.5479,0.0995,0.4869
2,positive_training,CRADK,HRSD_21.1,HRSD21,cross-corpus-882,MinMaxScaler,ET,45,12,5,0.3472,6.3785,7.3985,0.4922,0.0639,0.3888
2,positive_training,CRADK,HRSD_21.1,HRSD21,cross-corpus-882,MinMaxScaler,GB,45,12,5,0.3931,7.2829,8.3212,0.4367,-0.1842,0.1997
2,positive_training,CRADK,HRSD_21.1,HRSD21,cross-corpus-882,MinMaxScaler,XGB,45,12,5,0.6302,5.622,6.2075,0.7122,0.341,0.69
2,positive_training,CRADK,HRSD_21.1,HRSD21,cross-corpus-882,MinMaxScaler,MLP,45,12,5,0.2781,7.4303,8.2444,0.3587,-0.1624,0.4238
2,positive_training,CRADK,HRSD_21.1,HRSD21,cross-corpus-882,MinMaxScaler,LGBM,45,12,5,0.5759,5.4665,6.2001,0.7443,0.3426,0.6325
2,positive_training,CRADK,HRSD_21.1,HRSD21,cross-corpus-882,MinMaxScaler,CatBoost,45,12,5,0.266,6.9562,7.9206,0.349,-0.0729,0.2137
2,positive_training,CRADK,HRSD_21.1,HRSD21,cross-corpus-882,RobustScaler,Ridge,45,12,5,0.2814,7.5171,10.167,0.3473,-0.7678,0.4799
2,positive_training,CRADK,HRSD_21.1,HRSD21,cross-corpus-882,RobustScaler,Lasso,45,12,5,0.2779,7.5513,10.3004,0.3444,-0.8145,0.4869
2,positive_training,CRADK,HRSD_21.1,HRSD21,cross-corpus-882,RobustScaler,ElasticNet,45,12,5,0.2859,7.2466,9.4645,0.3544,-0.532,0.5079
2,positive_training,CRADK,HRSD_21.1,HRSD21,cross-corpus-882,RobustScaler,SVR,45,12,5,0.4494,6.1297,7.285,0.6819,0.0924,0.6445
2,positive_training,CRADK,HRSD_21.1,HRSD21,cross-corpus-882,RobustScaler,KNN,45,12,5,0.4085,5.9815,6.718,0.5658,0.2282,0.5149
2,positive_training,CRADK,HRSD_21.1,HRSD21,cross-corpus-882,RobustScaler,RF,45,12,5,0.5018,5.8222,6.5658,0.6396,0.2627,0.5779
2,positive_training,CRADK,HRSD_21.1,HRSD21,cross-corpus-882,RobustScaler,ET,45,12,5,0.5122,6.1858,6.8394,0.6352,0.2,0.6515
2,positive_training,CRADK,HRSD_21.1,HRSD21,cross-corpus-882,RobustScaler,GB,45,12,5,0.5919,5.1236,6.5619,0.6657,0.2636,0.6515
2,positive_training,CRADK,HRSD_21.1,HRSD21,cross-corpus-882,RobustScaler,XGB,45,12,5,0.5926,5.459,6.5362,0.6281,0.2694,0.6795
2,positive_training,CRADK,HRSD_21.1,HRSD21,cross-corpus-882,RobustScaler,MLP,45,12,5,0.1702,8.3818,12.0301,0.2181,-1.4751,0.4799
2,positive_training,CRADK,HRSD_21.1,HRSD21,cross-corpus-882,RobustScaler,LGBM,45,12,5,0.6274,4.9612,5.8496,0.8413,0.4148,0.7605
2,positive_training,CRADK,HRSD_21.1,HRSD21,cross-corpus-882,RobustScaler,CatBoost,45,12,5,0.5203,5.7752,6.4851,0.6495,0.2808,0.62
3,positive_training,CRADK,HRSD_21.1,HRSD21,cross-corpus-882,StandardScaler,Ridge,46,11,5,-0.2225,8.8238,10.1623,-0.2453,-0.7207,-0.2688
3,positive_training,CRADK,HRSD_21.1,HRSD21,cross-corpus-882,StandardScaler,Lasso,46,11,5,-0.1965,8.6695,10.0686,-0.2163,-0.6892,-0.2005
3,positive_training,CRADK,HRSD_21.1,HRSD21,cross-corpus-882,StandardScaler,ElasticNet,46,11,5,-0.188,8.3101,9.7556,-0.2168,-0.5858,-0.2005
3,positive_training,CRADK,HRSD_21.1,HRSD21,cross-corpus-882,StandardScaler,SVR,46,11,5,-0.245,11.2626,13.0695,-0.2592,-1.8461,-0.2506
3,positive_training,CRADK,HRSD_21.1,HRSD21,cross-corpus-882,StandardScaler,KNN,46,11,5,-0.1656,9.1212,10.9798,-0.1689,-1.0087,-0.0274
3,positive_training,CRADK,HRSD_21.1,HRSD21,cross-corpus-882,StandardScaler,RF,46,11,5,-0.1209,7.6473,9.0926,-0.166,-0.3775,-0.1868
3,positive_training,CRADK,HRSD_21.1,HRSD21,cross-corpus-882,StandardScaler,ET,46,11,5,-0.12,7.7959,9.483,-0.1449,-0.4984,-0.164
3,positive_training,CRADK,HRSD_21.1,HRSD21,cross-corpus-882,StandardScaler,GB,46,11,5,-0.2672,9.1397,11.1262,-0.2839,-1.0627,-0.2825
3,positive_training,CRADK,HRSD_21.1,HRSD21,cross-corpus-882,StandardScaler,XGB,46,11,5,-0.1926,9.3317,10.895,-0.2168,-0.9778,-0.2278
3,positive_training,CRADK,HRSD_21.1,HRSD21,cross-corpus-882,StandardScaler,MLP,46,11,5,-0.1307,10.8178,11.8597,-0.1308,-1.3435,-0.2278
3,positive_training,CRADK,HRSD_21.1,HRSD21,cross-corpus-882,StandardScaler,LGBM,46,11,5,0.0524,7.5803,8.7838,0.0597,-0.2856,-0.0069
3,positive_training,CRADK,HRSD_21.1,HRSD21,cross-corpus-882,StandardScaler,CatBoost,46,11,5,-0.1718,8.2145,10.1136,-0.1973,-0.7043,-0.2278
3,positive_training,CRADK,HRSD_21.1,HRSD21,cross-corpus-882,MinMaxScaler,Ridge,46,11,5,-0.1333,8.4113,9.893,-0.1456,-0.6308,-0.205
3,positive_training,CRADK,HRSD_21.1,HRSD21,cross-corpus-882,MinMaxScaler,Lasso,46,11,5,-0.1313,8.5519,9.9886,-0.1416,-0.6624,-0.1412
3,positive_training,CRADK,HRSD_21.1,HRSD21,cross-corpus-882,MinMaxScaler,ElasticNet,46,11,5,-0.1267,8.1762,9.6027,-0.1441,-0.5364,-0.205
3,positive_training,CRADK,HRSD_21.1,HRSD21,cross-corpus-882,MinMaxScaler,SVR,46,11,5,-0.0956,8.2373,9.9905,-0.1015,-0.6631,-0.1321
3,positive_training,CRADK,HRSD_21.1,HRSD21,cross-corpus-882,MinMaxScaler,KNN,46,11,5,0.094,7.8788,9.7369,0.0952,-0.5797,-0.0457
3,positive_training,CRADK,HRSD_21.1,HRSD21,cross-corpus-882,MinMaxScaler,RF,46,11,5,-0.0895,8.4868,9.8407,-0.1036,-0.6135,-0.0638
3,positive_training,CRADK,HRSD_21.1,HRSD21,cross-corpus-882,MinMaxScaler,ET,46,11,5,-0.0411,8.0632,9.228,-0.0502,-0.4189,-0.123
3,positive_training,CRADK,HRSD_21.1,HRSD21,cross-corpus-882,MinMaxScaler,GB,46,11,5,-0.0991,9.7929,11.0932,-0.1309,-1.0504,-0.0683
3,positive_training,CRADK,HRSD_21.1,HRSD21,cross-corpus-882,MinMaxScaler,XGB,46,11,5,0.0905,8.0015,9.9989,0.1065,-0.6658,-0.0638
3,positive_training,CRADK,HRSD_21.1,HRSD21,cross-corpus-882,MinMaxScaler,MLP,46,11,5,-0.1214,8.3987,9.7364,-0.1353,-0.5795,-0.1686
3,positive_training,CRADK,HRSD_21.1,HRSD21,cross-corpus-882,MinMaxScaler,LGBM,46,11,5,-0.1032,8.1036,9.7066,-0.1236,-0.5699,-0.1332
3,positive_training,CRADK,HRSD_21.1,HRSD21,cross-corpus-882,MinMaxScaler,CatBoost,46,11,5,-0.0124,8.0616,9.4151,-0.0154,-0.477,-0.1048
3,positive_training,CRADK,HRSD_21.1,HRSD21,cross-corpus-882,RobustScaler,Ridge,46,11,5,-0.0802,8.2296,9.475,-0.0901,-0.4959,-0.0592
3,positive_training,CRADK,HRSD_21.1,HRSD21,cross-corpus-882,RobustScaler,Lasso,46,11,5,-0.093,8.2479,9.5894,-0.1033,-0.5322,-0.1503
3,positive_training,CRADK,HRSD_21.1,HRSD21,cross-corpus-882,RobustScaler,ElasticNet,46,11,5,-0.069,7.9633,9.1454,-0.0825,-0.3936,-0.1412
3,positive_training,CRADK,HRSD_21.1,HRSD21,cross-corpus-882,RobustScaler,SVR,46,11,5,-0.0879,8.6678,10.1846,-0.0915,-0.7283,-0.1412
3,positive_training,CRADK,HRSD_21.1,HRSD21,cross-corpus-882,RobustScaler,KNN,46,11,5,-0.1313,9.1515,10.5227,-0.1354,-0.8449,-0.0911
3,positive_training,CRADK,HRSD_21.1,HRSD21,cross-corpus-882,RobustScaler,RF,46,11,5,0.0468,7.7186,8.9212,0.0604,-0.3261,0.0957
3,positive_training,CRADK,HRSD_21.1,HRSD21,cross-corpus-882,RobustScaler,ET,46,11,5,0.0093,7.8075,8.8987,0.0114,-0.3194,0.0911
3,positive_training,CRADK,HRSD_21.1,HRSD21,cross-corpus-882,RobustScaler,GB,46,11,5,-0.117,9.6001,11.3748,-0.1712,-1.1558,-0.2642
3,positive_training,CRADK,HRSD_21.1,HRSD21,cross-corpus-882,RobustScaler,XGB,46,11,5,0.0504,8.6957,10.0766,0.0715,-0.6918,-0.1048
3,positive_training,CRADK,HRSD_21.1,HRSD21,cross-corpus-882,RobustScaler,MLP,46,11,5,-0.1307,9.3132,10.5486,-0.1346,-0.854,-0.164
3,positive_training,CRADK,HRSD_21.1,HRSD21,cross-corpus-882,RobustScaler,LGBM,46,11,5,0.0582,7.4585,8.8665,0.0677,-0.3099,0.1327
3,positive_training,CRADK,HRSD_21.1,HRSD21,cross-corpus-882,RobustScaler,CatBoost,46,11,5,-0.0175,7.9023,9.3102,-0.022,-0.4443,-0.0091
4,positive_training,CRADK,HRSD_21.1,HRSD21,cross-corpus-882,StandardScaler,Ridge,46,11,5,-0.0082,9.7272,11.8078,-0.0092,-0.4434,-0.2141
4,positive_training,CRADK,HRSD_21.1,HRSD21,cross-corpus-882,StandardScaler,Lasso,46,11,5,0.0055,9.6286,11.6219,0.0063,-0.3983,-0.2141
4,positive_training,CRADK,HRSD_21.1,HRSD21,cross-corpus-882,StandardScaler,ElasticNet,46,11,5,0.0055,9.5155,11.4968,0.0064,-0.3683,-0.2141
4,positive_training,CRADK,HRSD_21.1,HRSD21,cross-corpus-882,StandardScaler,SVR,46,11,5,-0.0137,10.7164,11.7174,-0.0155,-0.4214,-0.0456
4,positive_training,CRADK,HRSD_21.1,HRSD21,cross-corpus-882,StandardScaler,KNN,46,11,5,-0.0681,9.3737,10.7545,-0.1122,-0.1974,-0.1096
4,positive_training,CRADK,HRSD_21.1,HRSD21,cross-corpus-882,StandardScaler,RF,46,11,5,0.2378,8.9947,9.6258,0.308,0.0408,0.369
4,positive_training,CRADK,HRSD_21.1,HRSD21,cross-corpus-882,StandardScaler,ET,46,11,5,0.3063,8.7818,9.2658,0.3988,0.1112,0.3144
4,positive_training,CRADK,HRSD_21.1,HRSD21,cross-corpus-882,StandardScaler,GB,46,11,5,0.3611,8.9703,9.5501,0.4003,0.0558,0.2733
4,positive_training,CRADK,HRSD_21.1,HRSD21,cross-corpus-882,StandardScaler,XGB,46,11,5,0.2469,9.4852,10.0497,0.2797,-0.0456,0.3144
4,positive_training,CRADK,HRSD_21.1,HRSD21,cross-corpus-882,StandardScaler,MLP,46,11,5,0.0999,10.1904,11.3934,0.1141,-0.3438,-0.1731
4,positive_training,CRADK,HRSD_21.1,HRSD21,cross-corpus-882,StandardScaler,LGBM,46,11,5,0.0646,9.3044,10.4598,0.0862,-0.1326,0.1267
4,positive_training,CRADK,HRSD_21.1,HRSD21,cross-corpus-882,StandardScaler,CatBoost,46,11,5,0.3,9.1662,9.8932,0.3328,-0.0133,0.3326
4,positive_training,CRADK,HRSD_21.1,HRSD21,cross-corpus-882,MinMaxScaler,Ridge,46,11,5,-0.0085,10.2135,12.0803,-0.0094,-0.5108,-0.164
4,positive_training,CRADK,HRSD_21.1,HRSD21,cross-corpus-882,MinMaxScaler,Lasso,46,11,5,-0.0167,10.2967,12.2035,-0.0182,-0.5418,-0.164
4,positive_training,CRADK,HRSD_21.1,HRSD21,cross-corpus-882,MinMaxScaler,ElasticNet,46,11,5,0.0035,9.8723,11.7228,0.004,-0.4227,-0.1777
4,positive_training,CRADK,HRSD_21.1,HRSD21,cross-corpus-882,MinMaxScaler,SVR,46,11,5,-0.2784,11.9349,13.2071,-0.3202,-0.8058,-0.4191
4,positive_training,CRADK,HRSD_21.1,HRSD21,cross-corpus-882,MinMaxScaler,KNN,46,11,5,0.0156,9.3434,10.516,0.0242,-0.1449,0.1096
4,positive_training,CRADK,HRSD_21.1,HRSD21,cross-corpus-882,MinMaxScaler,RF,46,11,5,0.3251,8.8155,9.2461,0.4179,0.115,0.3781
4,positive_training,CRADK,HRSD_21.1,HRSD21,cross-corpus-882,MinMaxScaler,ET,46,11,5,0.2152,9.2427,9.8829,0.2837,-0.0111,0.3052
4,positive_training,CRADK,HRSD_21.1,HRSD21,cross-corpus-882,MinMaxScaler,GB,46,11,5,0.4378,8.6875,9.1522,0.5014,0.1328,0.3508
4,positive_training,CRADK,HRSD_21.1,HRSD21,cross-corpus-882,MinMaxScaler,XGB,46,11,5,0.299,9.7668,10.4187,0.335,-0.1238,0.246
4,positive_training,CRADK,HRSD_21.1,HRSD21,cross-corpus-882,MinMaxScaler,MLP,46,11,5,0.0039,10.3198,11.772,0.0044,-0.4347,-0.1139
4,positive_training,CRADK,HRSD_21.1,HRSD21,cross-corpus-882,MinMaxScaler,LGBM,46,11,5,0.2683,8.9928,9.5701,0.3434,0.0518,0.2929
4,positive_training,CRADK,HRSD_21.1,HRSD21,cross-corpus-882,MinMaxScaler,CatBoost,46,11,5,0.3318,8.6884,9.1853,0.4114,0.1266,0.3964
4,positive_training,CRADK,HRSD_21.1,HRSD21,cross-corpus-882,RobustScaler,Ridge,46,11,5,-0.0908,10.6083,12.7012,-0.0978,-0.6701,-0.2369
4,positive_training,CRADK,HRSD_21.1,HRSD21,cross-corpus-882,RobustScaler,Lasso,46,11,5,-0.0822,10.5168,12.569,-0.0892,-0.6355,-0.2779
4,positive_training,CRADK,HRSD_21.1,HRSD21,cross-corpus-882,RobustScaler,ElasticNet,46,11,5,-0.1044,10.753,12.8974,-0.1114,-0.7221,-0.2369
4,positive_training,CRADK,HRSD_21.1,HRSD21,cross-corpus-882,RobustScaler,SVR,46,11,5,-0.1978,11.1575,12.2808,-0.2413,-0.5613,-0.3827
4,positive_training,CRADK,HRSD_21.1,HRSD21,cross-corpus-882,RobustScaler,KNN,46,11,5,0.0101,10.5758,11.5963,0.0119,-0.3921,-0.0911
4,positive_training,CRADK,HRSD_21.1,HRSD21,cross-corpus-882,RobustScaler,RF,46,11,5,0.1425,9.5291,10.156,0.1888,-0.0678,0.1868
4,positive_training,CRADK,HRSD_21.1,HRSD21,cross-corpus-882,RobustScaler,ET,46,11,5,0.0759,9.7791,10.5004,0.1031,-0.1414,0.1321
4,positive_training,CRADK,HRSD_21.1,HRSD21,cross-corpus-882,RobustScaler,GB,46,11,5,0.1232,10.5426,11.1024,0.136,-0.2761,0.1139
4,positive_training,CRADK,HRSD_21.1,HRSD21,cross-corpus-882,RobustScaler,XGB,46,11,5,0.1613,10.8337,11.3916,0.1699,-0.3434,0.0137
4,positive_training,CRADK,HRSD_21.1,HRSD21,cross-corpus-882,RobustScaler,MLP,46,11,5,-0.0665,10.656,12.5676,-0.0714,-0.6351,-0.2096
4,positive_training,CRADK,HRSD_21.1,HRSD21,cross-corpus-882,RobustScaler,LGBM,46,11,5,-0.0209,9.8161,11.0852,-0.0265,-0.2721,-0.0321
4,positive_training,CRADK,HRSD_21.1,HRSD21,cross-corpus-882,RobustScaler,CatBoost,46,11,5,0.2122,9.9223,10.4612,0.2353,-0.1329,0.2141
5,positive_training,CRADK,HRSD_21.1,HRSD21,cross-corpus-882,StandardScaler,Ridge,46,11,10,0.7571,4.3024,4.7453,0.7766,0.3959,0.5343
5,positive_training,CRADK,HRSD_21.1,HRSD21,cross-corpus-882,StandardScaler,Lasso,46,11,10,0.8826,2.7129,3.0244,0.8838,0.7546,0.7169
5,positive_training,CRADK,HRSD_21.1,HRSD21,cross-corpus-882,StandardScaler,ElasticNet,46,11,10,0.8009,3.8478,4.171,0.8117,0.5333,0.5206
5,positive_training,CRADK,HRSD_21.1,HRSD21,cross-corpus-882,StandardScaler,SVR,46,11,10,0.5763,3.7141,4.4873,0.7034,0.4598,0.4338
5,positive_training,CRADK,HRSD_21.1,HRSD21,cross-corpus-882,StandardScaler,KNN,46,11,10,0.6266,3.5455,4.6505,0.6706,0.4198,0.5753
5,positive_training,CRADK,HRSD_21.1,HRSD21,cross-corpus-882,StandardScaler,RF,46,11,10,0.4347,4.0064,5.1232,0.5463,0.2958,0.5069
5,positive_training,CRADK,HRSD_21.1,HRSD21,cross-corpus-882,StandardScaler,ET,46,11,10,0.3954,3.7686,5.1545,0.5513,0.2872,0.3881
5,positive_training,CRADK,HRSD_21.1,HRSD21,cross-corpus-882,StandardScaler,GB,46,11,10,0.3966,4.335,5.8653,0.4373,0.077,0.3562
5,positive_training,CRADK,HRSD_21.1,HRSD21,cross-corpus-882,StandardScaler,XGB,46,11,10,0.3053,4.5187,6.075,0.3453,0.0099,0.4749
5,positive_training,CRADK,HRSD_21.1,HRSD21,cross-corpus-882,StandardScaler,MLP,46,11,10,0.5272,6.1234,6.9261,0.568,-0.287,0.4018
5,positive_training,CRADK,HRSD_21.1,HRSD21,cross-corpus-882,StandardScaler,LGBM,46,11,10,0.6524,3.4764,4.1881,0.755,0.5294,0.578
5,positive_training,CRADK,HRSD_21.1,HRSD21,cross-corpus-882,StandardScaler,CatBoost,46,11,10,0.4073,4.4931,5.446,0.4753,0.2043,0.4612
5,positive_training,CRADK,HRSD_21.1,HRSD21,cross-corpus-882,MinMaxScaler,Ridge,46,11,5,0.5225,4.574,6.2297,0.5329,-0.0412,0.5525
5,positive_training,CRADK,HRSD_21.1,HRSD21,cross-corpus-882,MinMaxScaler,Lasso,46,11,5,0.5249,4.5507,6.1602,0.5346,-0.0181,0.5525
5,positive_training,CRADK,HRSD_21.1,HRSD21,cross-corpus-882,MinMaxScaler,ElasticNet,46,11,5,0.5287,4.5162,6.0019,0.5373,0.0335,0.5525
5,positive_training,CRADK,HRSD_21.1,HRSD21,cross-corpus-882,MinMaxScaler,SVR,46,11,5,0.6688,3.6357,4.498,0.6883,0.4572,0.6256
5,positive_training,CRADK,HRSD_21.1,HRSD21,cross-corpus-882,MinMaxScaler,KNN,46,11,5,0.5584,3.6753,4.7574,0.637,0.3928,0.6568
5,positive_training,CRADK,HRSD_21.1,HRSD21,cross-corpus-882,MinMaxScaler,RF,46,11,5,0.5456,3.7486,4.8854,0.6031,0.3597,0.589
5,positive_training,CRADK,HRSD_21.1,HRSD21,cross-corpus-882,MinMaxScaler,ET,46,11,5,0.4882,3.8436,4.9717,0.5976,0.3368,0.548
5,positive_training,CRADK,HRSD_21.1,HRSD21,cross-corpus-882,MinMaxScaler,GB,46,11,5,0.2987,4.8528,6.8266,0.3017,-0.2503,0.1781
5,positive_training,CRADK,HRSD_21.1,HRSD21,cross-corpus-882,MinMaxScaler,XGB,46,11,5,0.3473,4.8094,6.4811,0.3542,-0.127,0.4247
5,positive_training,CRADK,HRSD_21.1,HRSD21,cross-corpus-882,MinMaxScaler,MLP,46,11,5,0.6346,3.628,4.4219,0.6956,0.4754,0.589
5,positive_training,CRADK,HRSD_21.1,HRSD21,cross-corpus-882,MinMaxScaler,LGBM,46,11,5,0.6504,3.3659,4.1967,0.7488,0.5275,0.5463
5,positive_training,CRADK,HRSD_21.1,HRSD21,cross-corpus-882,MinMaxScaler,CatBoost,46,11,5,0.4432,4.0444,5.4844,0.4791,0.193,0.516
5,positive_training,CRADK,HRSD_21.1,HRSD21,cross-corpus-882,RobustScaler,Ridge,46,11,5,0.8474,3.3378,3.7841,0.866,0.6158,0.6347
5,positive_training,CRADK,HRSD_21.1,HRSD21,cross-corpus-882,RobustScaler,Lasso,46,11,5,0.8612,3.1252,3.5437,0.8749,0.6631,0.6575
5,positive_training,CRADK,HRSD_21.1,HRSD21,cross-corpus-882,RobustScaler,ElasticNet,46,11,5,0.8667,3.0147,3.4176,0.8765,0.6866,0.6575
5,positive_training,CRADK,HRSD_21.1,HRSD21,cross-corpus-882,RobustScaler,SVR,46,11,5,0.8174,2.9188,3.3204,0.8441,0.7042,0.6484
5,positive_training,CRADK,HRSD_21.1,HRSD21,cross-corpus-882,RobustScaler,KNN,46,11,5,0.4573,3.7879,4.8301,0.686,0.3741,0.5286
5,positive_training,CRADK,HRSD_21.1,HRSD21,cross-corpus-882,RobustScaler,RF,46,11,5,0.4147,4.034,5.0777,0.6326,0.3083,0.5388
5,positive_training,CRADK,HRSD_21.1,HRSD21,cross-corpus-882,RobustScaler,ET,46,11,5,0.3735,4.182,5.2356,0.5274,0.2646,0.2968
5,positive_training,CRADK,HRSD_21.1,HRSD21,cross-corpus-882,RobustScaler,GB,46,11,5,0.4036,4.3805,5.3021,0.5256,0.2458,0.3973
5,positive_training,CRADK,HRSD_21.1,HRSD21,cross-corpus-882,RobustScaler,XGB,46,11,5,0.3018,4.9461,5.8873,0.3854,0.0701,0.1963
5,positive_training,CRADK,HRSD_21.1,HRSD21,cross-corpus-882,RobustScaler,MLP,46,11,5,0.88,2.9469,3.3285,0.8967,0.7028,0.7215
5,positive_training,CRADK,HRSD_21.1,HRSD21,cross-corpus-882,RobustScaler,LGBM,46,11,5,0.2589,4.831,5.727,0.4027,0.12,0.3982
5,positive_training,CRADK,HRSD_21.1,HRSD21,cross-corpus-882,RobustScaler,CatBoost,46,11,5,0.5341,4.2754,4.6491,0.6839,0.4201,0.621
1,positive_training,CRADK,HRSD_24.1,HRSD24,cross-corpus-882,StandardScaler,Ridge,45,12,10,0.0151,11.9376,13.2322,0.0157,-0.5795,0.028
1,positive_training,CRADK,HRSD_24.1,HRSD24,cross-corpus-882,StandardScaler,Lasso,45,12,10,-0.0075,12.1004,13.4075,-0.0079,-0.6216,0.028
1,positive_training,CRADK,HRSD_24.1,HRSD24,cross-corpus-882,StandardScaler,ElasticNet,45,12,10,0.0283,12.3562,13.7111,0.0291,-0.6959,0.028
1,positive_training,CRADK,HRSD_24.1,HRSD24,cross-corpus-882,StandardScaler,SVR,45,12,10,0.0407,10.4501,13.4521,0.0417,-0.6324,0.1226
1,positive_training,CRADK,HRSD_24.1,HRSD24,cross-corpus-882,StandardScaler,KNN,45,12,10,0.0855,9.7976,11.5049,0.102,-0.194,0.014
1,positive_training,CRADK,HRSD_24.1,HRSD24,cross-corpus-882,StandardScaler,RF,45,12,10,0.0408,9.6062,11.066,0.0609,-0.1047,0.0245
1,positive_training,CRADK,HRSD_24.1,HRSD24,cross-corpus-882,StandardScaler,ET,45,12,10,0.1259,8.8037,10.4206,0.2063,0.0204,0.1961
1,positive_training,CRADK,HRSD_24.1,HRSD24,cross-corpus-882,StandardScaler,GB,45,12,10,0.0295,10.1656,11.6344,0.0366,-0.221,0.0385
1,positive_training,CRADK,HRSD_24.1,HRSD24,cross-corpus-882,StandardScaler,XGB,45,12,10,0.0615,10.2102,12.49,0.0691,-0.4073,0.014
1,positive_training,CRADK,HRSD_24.1,HRSD24,cross-corpus-882,StandardScaler,MLP,45,12,10,-0.0701,11.106,12.6274,-0.0809,-0.4384,-0.2172
1,positive_training,CRADK,HRSD_24.1,HRSD24,cross-corpus-882,StandardScaler,LGBM,45,12,10,0.0775,9.6501,10.8329,0.1159,-0.0586,0.1544
1,positive_training,CRADK,HRSD_24.1,HRSD24,cross-corpus-882,StandardScaler,CatBoost,45,12,10,0.1819,8.7702,10.419,0.2486,0.0207,0.1786
1,positive_training,CRADK,HRSD_24.1,HRSD24,cross-corpus-882,MinMaxScaler,Ridge,45,12,5,-0.0412,11.0327,12.5134,-0.0469,-0.4125,-0.1506
1,positive_training,CRADK,HRSD_24.1,HRSD24,cross-corpus-882,MinMaxScaler,Lasso,45,12,5,-0.0518,11.2404,12.6786,-0.0582,-0.4501,-0.1786
1,positive_training,CRADK,HRSD_24.1,HRSD24,cross-corpus-882,MinMaxScaler,ElasticNet,45,12,5,-0.0416,11.0208,12.4928,-0.0475,-0.4079,-0.1506
1,positive_training,CRADK,HRSD_24.1,HRSD24,cross-corpus-882,MinMaxScaler,SVR,45,12,5,0.2225,8.4232,11.8295,0.2339,-0.2624,0.1331
1,positive_training,CRADK,HRSD_24.1,HRSD24,cross-corpus-882,MinMaxScaler,KNN,45,12,5,0.1775,9.4167,11.2716,0.1989,-0.1461,0.2807
1,positive_training,CRADK,HRSD_24.1,HRSD24,cross-corpus-882,MinMaxScaler,RF,45,12,5,0.1971,9.0096,10.5479,0.2472,-0.0036,0.3082
1,positive_training,CRADK,HRSD_24.1,HRSD24,cross-corpus-882,MinMaxScaler,ET,45,12,5,0.2065,8.9133,10.8045,0.2397,-0.0531,0.3117
1,positive_training,CRADK,HRSD_24.1,HRSD24,cross-corpus-882,MinMaxScaler,GB,45,12,5,-0.2036,13.6902,14.8824,-0.2135,-0.998,-0.056
1,positive_training,CRADK,HRSD_24.1,HRSD24,cross-corpus-882,MinMaxScaler,XGB,45,12,5,0.2165,9.3873,11.1642,0.247,-0.1244,0.3468
1,positive_training,CRADK,HRSD_24.1,HRSD24,cross-corpus-882,MinMaxScaler,MLP,45,12,5,0.0061,10.7072,12.4037,0.0067,-0.3879,0.0105
1,positive_training,CRADK,HRSD_24.1,HRSD24,cross-corpus-882,MinMaxScaler,LGBM,45,12,5,0.0421,10.5131,11.3621,0.0553,-0.1646,0.2109
1,positive_training,CRADK,HRSD_24.1,HRSD24,cross-corpus-882,MinMaxScaler,CatBoost,45,12,5,0.2819,8.7235,10.5214,0.3191,0.0014,0.3117
1,positive_training,CRADK,HRSD_24.1,HRSD24,cross-corpus-882,RobustScaler,Ridge,45,12,15,-0.0312,12.1487,13.5456,-0.0324,-0.6552,-0.056
1,positive_training,CRADK,HRSD_24.1,HRSD24,cross-corpus-882,RobustScaler,Lasso,45,12,15,-0.068,12.436,13.8487,-0.0716,-0.7301,-0.0981
1,positive_training,CRADK,HRSD_24.1,HRSD24,cross-corpus-882,RobustScaler,ElasticNet,45,12,15,-0.004,12.5053,14.049,-0.0041,-0.7805,-0.0771
1,positive_training,CRADK,HRSD_24.1,HRSD24,cross-corpus-882,RobustScaler,SVR,45,12,15,0.0753,10.0384,11.5874,0.0901,-0.2112,-0.0105
1,positive_training,CRADK,HRSD_24.1,HRSD24,cross-corpus-882,RobustScaler,KNN,45,12,15,-0.0908,10.2024,12.3494,-0.112,-0.3758,-0.1331
1,positive_training,CRADK,HRSD_24.1,HRSD24,cross-corpus-882,RobustScaler,RF,45,12,15,0.0613,9.5774,10.8463,0.096,-0.0612,-0.0175
1,positive_training,CRADK,HRSD_24.1,HRSD24,cross-corpus-882,RobustScaler,ET,45,12,15,0.1049,9.2192,10.6267,0.1606,-0.0187,0.1891
1,positive_training,CRADK,HRSD_24.1,HRSD24,cross-corpus-882,RobustScaler,GB,45,12,15,0.098,9.6289,10.8775,0.1366,-0.0673,0.2102
1,positive_training,CRADK,HRSD_24.1,HRSD24,cross-corpus-882,RobustScaler,XGB,45,12,15,-0.0651,10.6865,12.1247,-0.0818,-0.3261,-0.2137
1,positive_training,CRADK,HRSD_24.1,HRSD24,cross-corpus-882,RobustScaler,MLP,45,12,15,0.164,10.0332,11.6848,0.1759,-0.2317,0.1086
1,positive_training,CRADK,HRSD_24.1,HRSD24,cross-corpus-882,RobustScaler,LGBM,45,12,15,-0.0115,9.3785,11.3298,-0.0175,-0.158,-0.007
1,positive_training,CRADK,HRSD_24.1,HRSD24,cross-corpus-882,RobustScaler,CatBoost,45,12,15,0.132,8.9496,10.4816,0.2001,0.0089,0.1786
2,positive_training,CRADK,HRSD_24.1,HRSD24,cross-corpus-882,StandardScaler,Ridge,45,12,10,-0.0452,13.9805,21.2324,-0.0663,-3.7538,0.021
2,positive_training,CRADK,HRSD_24.1,HRSD24,cross-corpus-882,StandardScaler,Lasso,45,12,10,-0.0403,13.1368,19.8309,-0.0561,-3.1469,0.0979
2,positive_training,CRADK,HRSD_24.1,HRSD24,cross-corpus-882,StandardScaler,ElasticNet,45,12,10,-0.0451,13.6161,20.5943,-0.0644,-3.4723,0.049
2,positive_training,CRADK,HRSD_24.1,HRSD24,cross-corpus-882,StandardScaler,SVR,45,12,10,0.1786,8.4544,9.8415,0.314,-0.0213,0.2937
2,positive_training,CRADK,HRSD_24.1,HRSD24,cross-corpus-882,StandardScaler,KNN,45,12,10,0.2714,8.131,9.806,0.3704,-0.014,0.3776
2,positive_training,CRADK,HRSD_24.1,HRSD24,cross-corpus-882,StandardScaler,RF,45,12,10,0.1812,9.1081,10.211,0.2631,-0.0995,0.3287
2,positive_training,CRADK,HRSD_24.1,HRSD24,cross-corpus-882,StandardScaler,ET,45,12,10,0.1128,9.7942,10.9486,0.1557,-0.264,0.1119
2,positive_training,CRADK,HRSD_24.1,HRSD24,cross-corpus-882,StandardScaler,GB,45,12,10,0.2713,10.1499,10.9407,0.3629,-0.2622,0.3287
2,positive_training,CRADK,HRSD_24.1,HRSD24,cross-corpus-882,StandardScaler,XGB,45,12,10,0.3608,8.2629,9.6093,0.5125,0.0263,0.6503
2,positive_training,CRADK,HRSD_24.1,HRSD24,cross-corpus-882,StandardScaler,MLP,45,12,10,-0.3213,17.0016,23.161,-0.3992,-4.6566,-0.4196
2,positive_training,CRADK,HRSD_24.1,HRSD24,cross-corpus-882,StandardScaler,LGBM,45,12,10,0.5399,6.5513,7.8649,0.7085,0.3477,0.7018
2,positive_training,CRADK,HRSD_24.1,HRSD24,cross-corpus-882,StandardScaler,CatBoost,45,12,10,0.054,9.2888,10.696,0.076,-0.2064,0.1259
2,positive_training,CRADK,HRSD_24.1,HRSD24,cross-corpus-882,MinMaxScaler,Ridge,45,12,5,-0.0159,10.7333,13.5946,-0.0197,-0.9488,0.1538
2,positive_training,CRADK,HRSD_24.1,HRSD24,cross-corpus-882,MinMaxScaler,Lasso,45,12,5,-0.03,11.5112,16.0164,-0.0365,-1.705,0.1748
2,positive_training,CRADK,HRSD_24.1,HRSD24,cross-corpus-882,MinMaxScaler,ElasticNet,45,12,5,-0.0031,10.5041,13.3112,-0.0038,-0.8684,0.2028
2,positive_training,CRADK,HRSD_24.1,HRSD24,cross-corpus-882,MinMaxScaler,SVR,45,12,5,0.14,9.0163,10.3242,0.2235,-0.124,0.3007
2,positive_training,CRADK,HRSD_24.1,HRSD24,cross-corpus-882,MinMaxScaler,KNN,45,12,5,0.2795,8.85,10.3058,0.3601,-0.12,0.2937
2,positive_training,CRADK,HRSD_24.1,HRSD24,cross-corpus-882,MinMaxScaler,RF,45,12,5,0.2091,8.9058,10.2381,0.3172,-0.1053,0.2937
2,positive_training,CRADK,HRSD_24.1,HRSD24,cross-corpus-882,MinMaxScaler,ET,45,12,5,0.1879,9.1854,10.6526,0.2748,-0.1966,0.2517
2,positive_training,CRADK,HRSD_24.1,HRSD24,cross-corpus-882,MinMaxScaler,GB,45,12,5,0.0791,10.9192,12.3319,0.1051,-0.6036,0.1399
2,positive_training,CRADK,HRSD_24.1,HRSD24,cross-corpus-882,MinMaxScaler,XGB,45,12,5,0.3305,8.903,10.7202,0.4452,-0.2118,0.5594
2,positive_training,CRADK,HRSD_24.1,HRSD24,cross-corpus-882,MinMaxScaler,MLP,45,12,5,0.015,10.3051,12.1227,0.0207,-0.5497,0.1329
2,positive_training,CRADK,HRSD_24.1,HRSD24,cross-corpus-882,MinMaxScaler,LGBM,45,12,5,0.5309,6.4007,7.8108,0.7189,0.3567,0.6808
2,positive_training,CRADK,HRSD_24.1,HRSD24,cross-corpus-882,MinMaxScaler,CatBoost,45,12,5,0.0383,9.4594,11.1146,0.0541,-0.3027,0.0699
2,positive_training,CRADK,HRSD_24.1,HRSD24,cross-corpus-882,RobustScaler,Ridge,45,12,10,-0.0461,13.9539,21.1812,-0.0674,-3.7309,0.021
2,positive_training,CRADK,HRSD_24.1,HRSD24,cross-corpus-882,RobustScaler,Lasso,45,12,10,-0.0445,14.0322,21.2874,-0.0656,-3.7784,0.014
2,positive_training,CRADK,HRSD_24.1,HRSD24,cross-corpus-882,RobustScaler,ElasticNet,45,12,10,-0.0458,13.7045,20.7203,-0.0658,-3.5272,0.042
2,positive_training,CRADK,HRSD_24.1,HRSD24,cross-corpus-882,RobustScaler,SVR,45,12,10,0.0923,9.122,10.5417,0.1865,-0.1718,0.1259
2,positive_training,CRADK,HRSD_24.1,HRSD24,cross-corpus-882,RobustScaler,KNN,45,12,10,0.2338,8.4259,9.7976,0.3318,-0.0122,0.2137
2,positive_training,CRADK,HRSD_24.1,HRSD24,cross-corpus-882,RobustScaler,RF,45,12,10,0.1812,9.1081,10.211,0.2631,-0.0995,0.3287
2,positive_training,CRADK,HRSD_24.1,HRSD24,cross-corpus-882,RobustScaler,ET,45,12,10,0.1128,9.7942,10.9486,0.1557,-0.264,0.1119
2,positive_training,CRADK,HRSD_24.1,HRSD24,cross-corpus-882,RobustScaler,GB,45,12,10,0.2713,10.1499,10.9407,0.3629,-0.2622,0.3287
2,positive_training,CRADK,HRSD_24.1,HRSD24,cross-corpus-882,RobustScaler,XGB,45,12,10,0.3608,8.2629,9.6093,0.5125,0.0263,0.6503
2,positive_training,CRADK,HRSD_24.1,HRSD24,cross-corpus-882,RobustScaler,MLP,45,12,10,-0.265,15.3238,21.8367,-0.3339,-4.0282,-0.3497
2,positive_training,CRADK,HRSD_24.1,HRSD24,cross-corpus-882,RobustScaler,LGBM,45,12,10,0.5527,6.4705,7.757,0.7311,0.3655,0.7018
2,positive_training,CRADK,HRSD_24.1,HRSD24,cross-corpus-882,RobustScaler,CatBoost,45,12,10,0.054,9.2888,10.696,0.076,-0.2064,0.1259
3,positive_training,CRADK,HRSD_24.1,HRSD24,cross-corpus-882,StandardScaler,Ridge,46,11,5,-0.2495,11.6508,13.7845,-0.2588,-0.9752,-0.1781
3,positive_training,CRADK,HRSD_24.1,HRSD24,cross-corpus-882,StandardScaler,Lasso,46,11,5,-0.2495,11.6984,13.8287,-0.2582,-0.9879,-0.1781
3,positive_training,CRADK,HRSD_24.1,HRSD24,cross-corpus-882,StandardScaler,ElasticNet,46,11,5,-0.2451,11.3774,13.5154,-0.258,-0.8989,-0.1781
3,positive_training,CRADK,HRSD_24.1,HRSD24,cross-corpus-882,StandardScaler,SVR,46,11,5,-0.2641,11.61,13.319,-0.2857,-0.8441,-0.2785
3,positive_training,CRADK,HRSD_24.1,HRSD24,cross-corpus-882,StandardScaler,KNN,46,11,5,-0.143,11.0909,12.6238,-0.155,-0.6566,-0.1598
3,positive_training,CRADK,HRSD_24.1,HRSD24,cross-corpus-882,StandardScaler,RF,46,11,5,-0.0808,8.9273,11.3345,-0.1048,-0.3355,-0.2237
3,positive_training,CRADK,HRSD_24.1,HRSD24,cross-corpus-882,StandardScaler,ET,46,11,5,-0.0315,9.3005,10.9329,-0.0421,-0.2425,-0.1827
3,positive_training,CRADK,HRSD_24.1,HRSD24,cross-corpus-882,StandardScaler,GB,46,11,5,-0.231,11.2199,12.8126,-0.2785,-0.7065,-0.4475
3,positive_training,CRADK,HRSD_24.1,HRSD24,cross-corpus-882,StandardScaler,XGB,46,11,5,-0.1163,11.49,12.5307,-0.1299,-0.6322,-0.2557
3,positive_training,CRADK,HRSD_24.1,HRSD24,cross-corpus-882,StandardScaler,MLP,46,11,5,-0.2377,13.5783,15.4098,-0.2439,-1.4685,-0.3744
3,positive_training,CRADK,HRSD_24.1,HRSD24,cross-corpus-882,StandardScaler,LGBM,46,11,5,0.2031,8.0671,9.5485,0.2776,0.0522,0.3164
3,positive_training,CRADK,HRSD_24.1,HRSD24,cross-corpus-882,StandardScaler,CatBoost,46,11,5,-0.1866,9.9437,11.8793,-0.2386,-0.4669,-0.2648
3,positive_training,CRADK,HRSD_24.1,HRSD24,cross-corpus-882,MinMaxScaler,Ridge,46,11,10,-0.1614,9.9153,11.6099,-0.2154,-0.4012,-0.2557
3,positive_training,CRADK,HRSD_24.1,HRSD24,cross-corpus-882,MinMaxScaler,Lasso,46,11,10,-0.206,10.7859,12.4956,-0.2357,-0.6231,-0.2648
3,positive_training,CRADK,HRSD_24.1,HRSD24,cross-corpus-882,MinMaxScaler,ElasticNet,46,11,10,-0.1935,10.333,12.1553,-0.2332,-0.5359,-0.2557
3,positive_training,CRADK,HRSD_24.1,HRSD24,cross-corpus-882,MinMaxScaler,SVR,46,11,10,-0.2091,10.591,12.5325,-0.2385,-0.6327,-0.1827
3,positive_training,CRADK,HRSD_24.1,HRSD24,cross-corpus-882,MinMaxScaler,KNN,46,11,10,-0.1139,11.3636,13.419,-0.1177,-0.8719,-0.1876
3,positive_training,CRADK,HRSD_24.1,HRSD24,cross-corpus-882,MinMaxScaler,RF,46,11,10,-0.1946,10.1214,12.0823,-0.2454,-0.5175,-0.1735
3,positive_training,CRADK,HRSD_24.1,HRSD24,cross-corpus-882,MinMaxScaler,ET,46,11,10,-0.1251,10.0877,11.7529,-0.1564,-0.4359,-0.0959
3,positive_training,CRADK,HRSD_24.1,HRSD24,cross-corpus-882,MinMaxScaler,GB,46,11,10,-0.4081,12.7209,14.5429,-0.4841,-1.1985,-0.5799
3,positive_training,CRADK,HRSD_24.1,HRSD24,cross-corpus-882,MinMaxScaler,XGB,46,11,10,-0.3768,12.7143,14.44,-0.4291,-1.1675,-0.4475
3,positive_training,CRADK,HRSD_24.1,HRSD24,cross-corpus-882,MinMaxScaler,MLP,46,11,10,-0.0978,9.3642,10.8476,-0.1639,-0.2232,-0.1279
3,positive_training,CRADK,HRSD_24.1,HRSD24,cross-corpus-882,MinMaxScaler,LGBM,46,11,10,-0.181,10.1583,12.1941,-0.2243,-0.5457,-0.0528
3,positive_training,CRADK,HRSD_24.1,HRSD24,cross-corpus-882,MinMaxScaler,CatBoost,46,11,10,-0.3274,10.947,13.0387,-0.3796,-0.7673,-0.3242
3,positive_training,CRADK,HRSD_24.1,HRSD24,cross-corpus-882,RobustScaler,Ridge,46,11,5,-0.1406,10.6283,12.1793,-0.1603,-0.542,-0.1233
3,positive_training,CRADK,HRSD_24.1,HRSD24,cross-corpus-882,RobustScaler,Lasso,46,11,5,-0.1534,10.778,12.3307,-0.1727,-0.5805,-0.1644
3,positive_training,CRADK,HRSD_24.1,HRSD24,cross-corpus-882,RobustScaler,ElasticNet,46,11,5,-0.1273,10.0751,11.7626,-0.1549,-0.4383,-0.1781
3,positive_training,CRADK,HRSD_24.1,HRSD24,cross-corpus-882,RobustScaler,SVR,46,11,5,-0.1781,11.2487,13.0826,-0.1883,-0.7792,-0.2648
3,positive_training,CRADK,HRSD_24.1,HRSD24,cross-corpus-882,RobustScaler,KNN,46,11,5,-0.2093,11.9091,13.4941,-0.218,-0.8929,-0.1876
3,positive_training,CRADK,HRSD_24.1,HRSD24,cross-corpus-882,RobustScaler,RF,46,11,5,-0.0375,9.52,11.2106,-0.0533,-0.3064,-0.032
3,positive_training,CRADK,HRSD_24.1,HRSD24,cross-corpus-882,RobustScaler,ET,46,11,5,0.0102,9.66,11.082,0.0125,-0.2766,-0.0548
3,positive_training,CRADK,HRSD_24.1,HRSD24,cross-corpus-882,RobustScaler,GB,46,11,5,-0.1576,12.5446,14.4348,-0.2089,-1.166,-0.3151
3,positive_training,CRADK,HRSD_24.1,HRSD24,cross-corpus-882,RobustScaler,XGB,46,11,5,-0.0049,11.604,13.2622,-0.0065,-0.8284,-0.2831
3,positive_training,CRADK,HRSD_24.1,HRSD24,cross-corpus-882,RobustScaler,MLP,46,11,5,-0.1848,12.2725,13.5753,-0.1904,-0.9157,-0.2329
3,positive_training,CRADK,HRSD_24.1,HRSD24,cross-corpus-882,RobustScaler,LGBM,46,11,5,0.0305,9.408,11.2823,0.0353,-0.3232,0.0642
3,positive_training,CRADK,HRSD_24.1,HRSD24,cross-corpus-882,RobustScaler,CatBoost,46,11,5,-0.0997,10.3272,12.2781,-0.1257,-0.5671,-0.105
4,positive_training,CRADK,HRSD_24.1,HRSD24,cross-corpus-882,StandardScaler,Ridge,46,11,5,-0.0692,13.0191,14.8385,-0.0842,-0.4308,-0.3462
4,positive_training,CRADK,HRSD_24.1,HRSD24,cross-corpus-882,StandardScaler,Lasso,46,11,5,-0.0667,12.9617,14.7824,-0.0817,-0.42,-0.3371
4,positive_training,CRADK,HRSD_24.1,HRSD24,cross-corpus-882,StandardScaler,ElasticNet,46,11,5,-0.057,12.8486,14.6437,-0.0705,-0.3935,-0.3462
4,positive_training,CRADK,HRSD_24.1,HRSD24,cross-corpus-882,StandardScaler,SVR,46,11,5,0.0118,13.1047,14.2701,0.0148,-0.3233,-0.0683
4,positive_training,CRADK,HRSD_24.1,HRSD24,cross-corpus-882,StandardScaler,KNN,46,11,5,0.0979,11.8909,13.1271,0.128,-0.1198,0.041
4,positive_training,CRADK,HRSD_24.1,HRSD24,cross-corpus-882,StandardScaler,RF,46,11,5,0.2485,10.7855,11.8707,0.3475,0.0843,0.246
4,positive_training,CRADK,HRSD_24.1,HRSD24,cross-corpus-882,StandardScaler,ET,46,11,5,0.2241,11.1645,12.258,0.2956,0.0236,0.1731
4,positive_training,CRADK,HRSD_24.1,HRSD24,cross-corpus-882,StandardScaler,GB,46,11,5,0.2318,11.3672,12.3299,0.2884,0.0121,0.2779
4,positive_training,CRADK,HRSD_24.1,HRSD24,cross-corpus-882,StandardScaler,XGB,46,11,5,0.3786,10.9628,11.8629,0.4132,0.0855,0.2779
4,positive_training,CRADK,HRSD_24.1,HRSD24,cross-corpus-882,StandardScaler,MLP,46,11,5,0.0797,12.6508,14.6259,0.0907,-0.3901,-0.2597
4,positive_training,CRADK,HRSD_24.1,HRSD24,cross-corpus-882,StandardScaler,LGBM,46,11,5,0.0007,11.7766,13.231,0.001,-0.1376,-0.1316
4,positive_training,CRADK,HRSD_24.1,HRSD24,cross-corpus-882,StandardScaler,CatBoost,46,11,5,0.2432,11.655,12.7118,0.2834,-0.0501,0.1048
4,positive_training,CRADK,HRSD_24.1,HRSD24,cross-corpus-882,MinMaxScaler,Ridge,46,11,5,-0.0001,12.9248,15.0767,-0.0001,-0.4771,-0.1868
4,positive_training,CRADK,HRSD_24.1,HRSD24,cross-corpus-882,MinMaxScaler,Lasso,46,11,5,-0.0083,13.0943,15.2454,-0.009,-0.5104,-0.2506
4,positive_training,CRADK,HRSD_24.1,HRSD24,cross-corpus-882,MinMaxScaler,ElasticNet,46,11,5,0.0126,12.4523,14.6294,0.0143,-0.3908,-0.1868
4,positive_training,CRADK,HRSD_24.1,HRSD24,cross-corpus-882,MinMaxScaler,SVR,46,11,5,0.0984,12.736,14.8592,0.1019,-0.4348,0.0364
4,positive_training,CRADK,HRSD_24.1,HRSD24,cross-corpus-882,MinMaxScaler,KNN,46,11,5,0.0754,11.3091,13.2102,0.099,-0.134,0.0957
4,positive_training,CRADK,HRSD_24.1,HRSD24,cross-corpus-882,MinMaxScaler,RF,46,11,5,0.2786,11.205,11.9022,0.3648,0.0794,0.3827
4,positive_training,CRADK,HRSD_24.1,HRSD24,cross-corpus-882,MinMaxScaler,ET,46,11,5,0.2562,11.2882,12.0448,0.3389,0.0572,0.3326
4,positive_training,CRADK,HRSD_24.1,HRSD24,cross-corpus-882,MinMaxScaler,GB,46,11,5,0.418,10.9014,11.5544,0.465,0.1324,0.3781
4,positive_training,CRADK,HRSD_24.1,HRSD24,cross-corpus-882,MinMaxScaler,XGB,46,11,5,0.2483,12.6588,13.4996,0.2817,-0.1843,0.3007
4,positive_training,CRADK,HRSD_24.1,HRSD24,cross-corpus-882,MinMaxScaler,MLP,46,11,5,0.0172,12.8167,14.6301,0.0197,-0.3909,-0.1959
4,positive_training,CRADK,HRSD_24.1,HRSD24,cross-corpus-882,MinMaxScaler,LGBM,46,11,5,0.2825,11.0461,12.0074,0.3575,0.0631,0.2569
4,positive_training,CRADK,HRSD_24.1,HRSD24,cross-corpus-882,MinMaxScaler,CatBoost,46,11,5,0.391,10.4465,11.1202,0.4776,0.1964,0.3326
4,positive_training,CRADK,HRSD_24.1,HRSD24,cross-corpus-882,RobustScaler,Ridge,46,11,5,-0.0598,12.9149,14.7237,-0.0734,-0.4088,-0.3462
4,positive_training,CRADK,HRSD_24.1,HRSD24,cross-corpus-882,RobustScaler,Lasso,46,11,5,-0.0569,12.8735,14.6694,-0.0701,-0.3984,-0.3462
4,positive_training,CRADK,HRSD_24.1,HRSD24,cross-corpus-882,RobustScaler,ElasticNet,46,11,5,-0.0292,12.4403,14.2383,-0.0378,-0.3174,-0.3599
4,positive_training,CRADK,HRSD_24.1,HRSD24,cross-corpus-882,RobustScaler,SVR,46,11,5,0.0453,12.7897,14.0342,0.0562,-0.2799,-0.0046
4,positive_training,CRADK,HRSD_24.1,HRSD24,cross-corpus-882,RobustScaler,KNN,46,11,5,-0.0198,12.8364,14.2334,-0.025,-0.3165,-0.0959
4,positive_training,CRADK,HRSD_24.1,HRSD24,cross-corpus-882,RobustScaler,RF,46,11,5,0.2485,10.7855,11.8707,0.3475,0.0843,0.246
4,positive_training,CRADK,HRSD_24.1,HRSD24,cross-corpus-882,RobustScaler,ET,46,11,5,0.2241,11.1645,12.258,0.2956,0.0236,0.1731
4,positive_training,CRADK,HRSD_24.1,HRSD24,cross-corpus-882,RobustScaler,GB,46,11,5,0.2318,11.3672,12.3299,0.2884,0.0121,0.2779
4,positive_training,CRADK,HRSD_24.1,HRSD24,cross-corpus-882,RobustScaler,XGB,46,11,5,0.3786,10.9628,11.8629,0.4132,0.0855,0.2779
4,positive_training,CRADK,HRSD_24.1,HRSD24,cross-corpus-882,RobustScaler,MLP,46,11,5,0.0014,12.7995,14.9624,0.0016,-0.4548,-0.3508
4,positive_training,CRADK,HRSD_24.1,HRSD24,cross-corpus-882,RobustScaler,LGBM,46,11,5,0.0162,11.8935,13.2998,0.0236,-0.1495,-0.0558
4,positive_training,CRADK,HRSD_24.1,HRSD24,cross-corpus-882,RobustScaler,CatBoost,46,11,5,0.2432,11.655,12.7118,0.2834,-0.0501,0.1048
5,positive_training,CRADK,HRSD_24.1,HRSD24,cross-corpus-882,StandardScaler,Ridge,46,11,10,0.4267,7.993,11.7519,0.5446,-1.7814,0.4155
5,positive_training,CRADK,HRSD_24.1,HRSD24,cross-corpus-882,StandardScaler,Lasso,46,11,10,0.3583,8.8388,13.0126,0.4791,-2.4103,0.3562
5,positive_training,CRADK,HRSD_24.1,HRSD24,cross-corpus-882,StandardScaler,ElasticNet,46,11,10,0.4386,7.8383,11.4879,0.5537,-1.6579,0.4155
5,positive_training,CRADK,HRSD_24.1,HRSD24,cross-corpus-882,StandardScaler,SVR,46,11,10,0.2376,6.3395,7.2469,0.2677,-0.0577,0.2922
5,positive_training,CRADK,HRSD_24.1,HRSD24,cross-corpus-882,StandardScaler,KNN,46,11,10,0.3407,4.5325,6.5146,0.4128,0.1453,0.2426
5,positive_training,CRADK,HRSD_24.1,HRSD24,cross-corpus-882,StandardScaler,RF,46,11,10,0.4052,5.0264,6.0234,0.5231,0.2693,0.4247
5,positive_training,CRADK,HRSD_24.1,HRSD24,cross-corpus-882,StandardScaler,ET,46,11,10,0.3464,4.9182,6.2155,0.4747,0.222,0.1279
5,positive_training,CRADK,HRSD_24.1,HRSD24,cross-corpus-882,StandardScaler,GB,46,11,10,0.553,5.0057,6.0576,0.5897,0.261,0.2968
5,positive_training,CRADK,HRSD_24.1,HRSD24,cross-corpus-882,StandardScaler,XGB,46,11,10,0.3461,4.9089,6.8194,0.379,0.0634,0.1918
5,positive_training,CRADK,HRSD_24.1,HRSD24,cross-corpus-882,StandardScaler,MLP,46,11,10,0.599,4.8722,6.3206,0.5995,0.1954,0.3242
5,positive_training,CRADK,HRSD_24.1,HRSD24,cross-corpus-882,StandardScaler,LGBM,46,11,10,0.3048,4.8543,6.349,0.4701,0.1882,0.4483
5,positive_training,CRADK,HRSD_24.1,HRSD24,cross-corpus-882,StandardScaler,CatBoost,46,11,10,0.3557,4.8858,5.8881,0.6681,0.3018,0.4658
5,positive_training,CRADK,HRSD_24.1,HRSD24,cross-corpus-882,MinMaxScaler,Ridge,46,11,5,0.7395,3.7714,4.4562,0.7789,0.6001,0.5206
5,positive_training,CRADK,HRSD_24.1,HRSD24,cross-corpus-882,MinMaxScaler,Lasso,46,11,5,0.7374,3.7541,4.4587,0.7793,0.5996,0.5206
5,positive_training,CRADK,HRSD_24.1,HRSD24,cross-corpus-882,MinMaxScaler,ElasticNet,46,11,5,0.7186,3.8042,4.5553,0.7707,0.5821,0.5206
5,positive_training,CRADK,HRSD_24.1,HRSD24,cross-corpus-882,MinMaxScaler,SVR,46,11,5,0.6121,5.6438,6.0748,0.6329,0.2568,0.653
5,positive_training,CRADK,HRSD_24.1,HRSD24,cross-corpus-882,MinMaxScaler,KNN,46,11,5,0.426,5.4727,6.2711,0.6267,0.208,0.6743
5,positive_training,CRADK,HRSD_24.1,HRSD24,cross-corpus-882,MinMaxScaler,RF,46,11,5,0.494,5.2018,5.6783,0.6958,0.3506,0.5571
5,positive_training,CRADK,HRSD_24.1,HRSD24,cross-corpus-882,MinMaxScaler,ET,46,11,5,0.5427,4.8168,5.4994,0.778,0.3909,0.6895
5,positive_training,CRADK,HRSD_24.1,HRSD24,cross-corpus-882,MinMaxScaler,GB,46,11,5,0.5667,4.7876,5.953,0.7907,0.2863,0.6073
5,positive_training,CRADK,HRSD_24.1,HRSD24,cross-corpus-882,MinMaxScaler,XGB,46,11,5,0.5082,4.7971,6.5039,0.6509,0.1481,0.6119
5,positive_training,CRADK,HRSD_24.1,HRSD24,cross-corpus-882,MinMaxScaler,MLP,46,11,5,0.6856,4.0106,4.7652,0.7479,0.5427,0.4977
5,positive_training,CRADK,HRSD_24.1,HRSD24,cross-corpus-882,MinMaxScaler,LGBM,46,11,5,0.3312,6.1732,6.7828,0.3739,0.0734,0.4896
5,positive_training,CRADK,HRSD_24.1,HRSD24,cross-corpus-882,MinMaxScaler,CatBoost,46,11,5,0.5124,4.8569,5.4138,0.8524,0.4097,0.8174
5,positive_training,CRADK,HRSD_24.1,HRSD24,cross-corpus-882,RobustScaler,Ridge,46,11,10,0.4464,8.0914,10.9844,0.5433,-1.43,0.4247
5,positive_training,CRADK,HRSD_24.1,HRSD24,cross-corpus-882,RobustScaler,Lasso,46,11,10,0.4561,7.9189,10.7622,0.5501,-1.3327,0.4247
5,positive_training,CRADK,HRSD_24.1,HRSD24,cross-corpus-882,RobustScaler,ElasticNet,46,11,10,0.4986,7.3623,10.1194,0.5891,-1.0624,0.4521
5,positive_training,CRADK,HRSD_24.1,HRSD24,cross-corpus-882,RobustScaler,SVR,46,11,10,0.2668,6.4263,7.1648,0.3456,-0.0339,0.3242
5,positive_training,CRADK,HRSD_24.1,HRSD24,cross-corpus-882,RobustScaler,KNN,46,11,10,0.2486,5.7273,7.1414,0.2951,-0.0271,0.1922
5,positive_training,CRADK,HRSD_24.1,HRSD24,cross-corpus-882,RobustScaler,RF,46,11,10,0.3886,5.19,6.1183,0.5466,0.2461,0.5388
5,positive_training,CRADK,HRSD_24.1,HRSD24,cross-corpus-882,RobustScaler,ET,46,11,10,0.4679,4.9591,5.8912,0.6473,0.301,0.4886
5,positive_training,CRADK,HRSD_24.1,HRSD24,cross-corpus-882,RobustScaler,GB,46,11,10,0.4819,5.1937,6.0724,0.6599,0.2574,0.653
5,positive_training,CRADK,HRSD_24.1,HRSD24,cross-corpus-882,RobustScaler,XGB,46,11,10,0.5864,4.6933,5.6004,0.8248,0.3683,0.6621
5,positive_training,CRADK,HRSD_24.1,HRSD24,cross-corpus-882,RobustScaler,MLP,46,11,10,0.4736,6.0863,7.9865,0.4836,-0.2846,0.2009
5,positive_training,CRADK,HRSD_24.1,HRSD24,cross-corpus-882,RobustScaler,LGBM,46,11,10,0.3947,4.9392,5.9365,0.5606,0.2902,0.6009
5,positive_training,CRADK,HRSD_24.1,HRSD24,cross-corpus-882,RobustScaler,CatBoost,46,11,10,0.5321,4.4431,5.3944,0.7885,0.414,0.7078
