fold,phase,condition,target,target_short,features,scaler,model,n_train,n_test,n_features,CCC,MAE,RMSE,Pearson_r,R2,Spearman_r
1,emotion_induction_1,ADK,phq_8,PHQ8,cross-corpus-882,StandardScaler,Ridge,51,13,5,0.067,11.171,19.9535,0.1173,-8.8718,0.0028
1,emotion_induction_1,ADK,phq_8,PHQ8,cross-corpus-882,StandardScaler,Lasso,51,13,5,0.0545,12.867,24.6772,0.1156,-14.0991,0.0028
1,emotion_induction_1,ADK,phq_8,PHQ8,cross-corpus-882,StandardScaler,ElasticNet,51,13,5,0.0587,12.2543,22.9542,0.1164,-12.0642,0.0028
1,emotion_induction_1,ADK,phq_8,PHQ8,cross-corpus-882,StandardScaler,SVR,51,13,5,-0.0086,6.2357,7.3951,-0.0098,-0.356,-0.0305
1,emotion_induction_1,ADK,phq_8,PHQ8,cross-corpus-882,StandardScaler,KNN,51,13,5,0.1003,5.7077,6.9811,0.1194,-0.2084,0.097
1,emotion_induction_1,ADK,phq_8,PHQ8,cross-corpus-882,StandardScaler,RF,51,13,5,-0.2253,6.3955,7.6548,-0.3106,-0.4529,-0.3297
1,emotion_induction_1,ADK,phq_8,PHQ8,cross-corpus-882,StandardScaler,ET,51,13,5,-0.1443,6.5054,7.8198,-0.1677,-0.5162,-0.108
1,emotion_induction_1,ADK,phq_8,PHQ8,cross-corpus-882,StandardScaler,GB,51,13,5,-0.1813,6.958,7.9989,-0.2105,-0.5864,-0.2687
1,emotion_induction_1,ADK,phq_8,PHQ8,cross-corpus-882,StandardScaler,XGB,51,13,5,-0.1596,7.6999,8.311,-0.1851,-0.7126,-0.2604
1,emotion_induction_1,ADK,phq_8,PHQ8,cross-corpus-882,StandardScaler,MLP,51,13,5,0.0836,8.0189,8.8187,0.0837,-0.9283,0.072
1,emotion_induction_1,ADK,phq_8,PHQ8,cross-corpus-882,StandardScaler,LGBM,51,13,5,-0.3646,6.5431,8.1202,-0.4907,-0.6349,-0.37
1,emotion_induction_1,ADK,phq_8,PHQ8,cross-corpus-882,StandardScaler,CatBoost,51,13,5,-0.2351,6.6952,7.9877,-0.2855,-0.582,-0.3574
1,emotion_induction_1,ADK,phq_8,PHQ8,cross-corpus-882,MinMaxScaler,Ridge,51,13,10,0.1085,10.0196,19.1539,0.1871,-8.0965,0.5069
1,emotion_induction_1,ADK,phq_8,PHQ8,cross-corpus-882,MinMaxScaler,Lasso,51,13,10,0.0916,10.8388,21.6836,0.1755,-10.6579,0.5014
1,emotion_induction_1,ADK,phq_8,PHQ8,cross-corpus-882,MinMaxScaler,ElasticNet,51,13,10,0.1411,8.7583,15.1582,0.2019,-4.6971,0.5153
1,emotion_induction_1,ADK,phq_8,PHQ8,cross-corpus-882,MinMaxScaler,SVR,51,13,10,0.3745,4.8529,5.4771,0.6049,0.2562,0.6011
1,emotion_induction_1,ADK,phq_8,PHQ8,cross-corpus-882,MinMaxScaler,KNN,51,13,10,0.2155,5.2088,6.1363,0.3193,0.0664,0.4321
1,emotion_induction_1,ADK,phq_8,PHQ8,cross-corpus-882,MinMaxScaler,RF,51,13,10,-0.0229,5.9486,6.7546,-0.0395,-0.1313,-0.0388
1,emotion_induction_1,ADK,phq_8,PHQ8,cross-corpus-882,MinMaxScaler,ET,51,13,10,0.1877,5.1423,5.9918,0.3538,0.1098,0.518
1,emotion_induction_1,ADK,phq_8,PHQ8,cross-corpus-882,MinMaxScaler,GB,51,13,10,0.0532,5.5099,7.2564,0.0595,-0.3056,0.0942
1,emotion_induction_1,ADK,phq_8,PHQ8,cross-corpus-882,MinMaxScaler,XGB,51,13,10,0.1318,5.706,6.8827,0.1503,-0.1746,0.133
1,emotion_induction_1,ADK,phq_8,PHQ8,cross-corpus-882,MinMaxScaler,MLP,51,13,10,0.3367,5.2936,6.1866,0.3671,0.051,0.579
1,emotion_induction_1,ADK,phq_8,PHQ8,cross-corpus-882,MinMaxScaler,LGBM,51,13,10,-0.0821,6.0425,6.93,-0.1426,-0.1907,-0.1136
1,emotion_induction_1,ADK,phq_8,PHQ8,cross-corpus-882,MinMaxScaler,CatBoost,51,13,10,-0.0926,6.1693,7.3105,-0.1217,-0.3251,-0.0499
1,emotion_induction_1,ADK,phq_8,PHQ8,cross-corpus-882,RobustScaler,Ridge,51,13,10,0.0666,9.792,17.1235,0.1028,-6.2701,-0.3047
1,emotion_induction_1,ADK,phq_8,PHQ8,cross-corpus-882,RobustScaler,Lasso,51,13,10,0.0586,10.8233,19.5961,0.1014,-8.5213,-0.3158
1,emotion_induction_1,ADK,phq_8,PHQ8,cross-corpus-882,RobustScaler,ElasticNet,51,13,10,0.0627,10.5526,19.6893,0.1094,-8.6121,-0.1468
1,emotion_induction_1,ADK,phq_8,PHQ8,cross-corpus-882,RobustScaler,SVR,51,13,10,-0.1239,5.2772,7.1569,-0.195,-0.27,-0.0277
1,emotion_induction_1,ADK,phq_8,PHQ8,cross-corpus-882,RobustScaler,KNN,51,13,10,-0.0387,5.1209,6.8144,-0.0652,-0.1514,-0.0222
1,emotion_induction_1,ADK,phq_8,PHQ8,cross-corpus-882,RobustScaler,RF,51,13,10,-0.2097,6.0725,7.2941,-0.3866,-0.3192,-0.3103
1,emotion_induction_1,ADK,phq_8,PHQ8,cross-corpus-882,RobustScaler,ET,51,13,10,-0.1515,5.7,7.1372,-0.2717,-0.263,-0.0277
1,emotion_induction_1,ADK,phq_8,PHQ8,cross-corpus-882,RobustScaler,GB,51,13,10,-0.023,5.6849,7.3727,-0.0273,-0.3477,0.133
1,emotion_induction_1,ADK,phq_8,PHQ8,cross-corpus-882,RobustScaler,XGB,51,13,10,-0.1749,6.9057,7.9765,-0.2019,-0.5775,-0.1995
1,emotion_induction_1,ADK,phq_8,PHQ8,cross-corpus-882,RobustScaler,MLP,51,13,10,0.0473,6.5657,8.6036,0.052,-0.8354,-0.1053
1,emotion_induction_1,ADK,phq_8,PHQ8,cross-corpus-882,RobustScaler,LGBM,51,13,10,-0.1724,5.9917,7.2892,-0.2948,-0.3174,-0.1191
1,emotion_induction_1,ADK,phq_8,PHQ8,cross-corpus-882,RobustScaler,CatBoost,51,13,10,-0.1767,5.9466,7.6234,-0.23,-0.441,-0.1468
2,emotion_induction_1,ADK,phq_8,PHQ8,cross-corpus-882,StandardScaler,Ridge,51,13,5,-0.2903,7.187,9.4713,-0.2994,-2.4191,-0.3098
2,emotion_induction_1,ADK,phq_8,PHQ8,cross-corpus-882,StandardScaler,Lasso,51,13,5,-0.2758,6.9995,9.2148,-0.2822,-2.2364,-0.2517
2,emotion_induction_1,ADK,phq_8,PHQ8,cross-corpus-882,StandardScaler,ElasticNet,51,13,5,-0.2612,6.7428,8.8733,-0.2646,-2.001,-0.2351
2,emotion_induction_1,ADK,phq_8,PHQ8,cross-corpus-882,StandardScaler,SVR,51,13,5,-0.1972,6.154,7.1547,-0.2359,-0.9511,-0.2019
2,emotion_induction_1,ADK,phq_8,PHQ8,cross-corpus-882,StandardScaler,KNN,51,13,5,-0.0787,5.1538,6.128,-0.1111,-0.4313,-0.1964
2,emotion_induction_1,ADK,phq_8,PHQ8,cross-corpus-882,StandardScaler,RF,51,13,5,0.045,5.2427,5.7706,0.0587,-0.2692,0.0858
2,emotion_induction_1,ADK,phq_8,PHQ8,cross-corpus-882,StandardScaler,ET,51,13,5,-0.0989,5.9173,6.4308,-0.1173,-0.5763,-0.1826
2,emotion_induction_1,ADK,phq_8,PHQ8,cross-corpus-882,StandardScaler,GB,51,13,5,-0.0637,5.7999,6.2211,-0.0775,-0.4751,-0.1743
2,emotion_induction_1,ADK,phq_8,PHQ8,cross-corpus-882,StandardScaler,XGB,51,13,5,-0.0966,5.9169,6.2739,-0.12,-0.5002,-0.2213
2,emotion_induction_1,ADK,phq_8,PHQ8,cross-corpus-882,StandardScaler,MLP,51,13,5,-0.2316,8.0737,11.6158,-0.2729,-4.1427,-0.26
2,emotion_induction_1,ADK,phq_8,PHQ8,cross-corpus-882,StandardScaler,LGBM,51,13,5,-0.1585,5.1974,6.055,-0.2281,-0.3974,-0.0602
2,emotion_induction_1,ADK,phq_8,PHQ8,cross-corpus-882,StandardScaler,CatBoost,51,13,5,0.1348,5.2097,5.6691,0.1584,-0.2249,0.1024
2,emotion_induction_1,ADK,phq_8,PHQ8,cross-corpus-882,MinMaxScaler,Ridge,51,13,10,-0.283,5.9644,7.033,-0.3058,-0.8853,-0.3569
2,emotion_induction_1,ADK,phq_8,PHQ8,cross-corpus-882,MinMaxScaler,Lasso,51,13,10,-0.1497,5.3403,6.1958,-0.1847,-0.4631,-0.1024
2,emotion_induction_1,ADK,phq_8,PHQ8,cross-corpus-882,MinMaxScaler,ElasticNet,51,13,10,-0.151,5.4138,6.3349,-0.1755,-0.5296,-0.2047
2,emotion_induction_1,ADK,phq_8,PHQ8,cross-corpus-882,MinMaxScaler,SVR,51,13,10,-0.0674,5.2958,6.0505,-0.1355,-0.3953,-0.1328
2,emotion_induction_1,ADK,phq_8,PHQ8,cross-corpus-882,MinMaxScaler,KNN,51,13,10,-0.0615,5.1209,5.8369,-0.0963,-0.2985,-0.2268
2,emotion_induction_1,ADK,phq_8,PHQ8,cross-corpus-882,MinMaxScaler,RF,51,13,10,0.0092,5.1253,5.6962,0.0122,-0.2367,-0.0249
2,emotion_induction_1,ADK,phq_8,PHQ8,cross-corpus-882,MinMaxScaler,ET,51,13,10,0.0419,4.8785,5.4948,0.0624,-0.1508,-0.0526
2,emotion_induction_1,ADK,phq_8,PHQ8,cross-corpus-882,MinMaxScaler,GB,51,13,10,0.1322,5.0221,5.7896,0.1429,-0.2776,0.036
2,emotion_induction_1,ADK,phq_8,PHQ8,cross-corpus-882,MinMaxScaler,XGB,51,13,10,0.0369,5.6607,6.2867,0.0393,-0.5064,-0.0055
2,emotion_induction_1,ADK,phq_8,PHQ8,cross-corpus-882,MinMaxScaler,MLP,51,13,10,-0.2056,5.661,6.6465,-0.2289,-0.6837,-0.1853
2,emotion_induction_1,ADK,phq_8,PHQ8,cross-corpus-882,MinMaxScaler,LGBM,51,13,10,0.1719,4.8977,5.5239,0.2409,-0.163,0.1593
2,emotion_induction_1,ADK,phq_8,PHQ8,cross-corpus-882,MinMaxScaler,CatBoost,51,13,10,0.0332,5.1044,5.6551,0.0432,-0.2189,-0.0221
2,emotion_induction_1,ADK,phq_8,PHQ8,cross-corpus-882,RobustScaler,Ridge,51,13,10,-0.2885,5.5323,6.6692,-0.3762,-0.6953,-0.3624
2,emotion_induction_1,ADK,phq_8,PHQ8,cross-corpus-882,RobustScaler,Lasso,51,13,10,0.0161,4.5344,5.3709,0.1191,-0.0995,0.177
2,emotion_induction_1,ADK,phq_8,PHQ8,cross-corpus-882,RobustScaler,ElasticNet,51,13,10,-0.4121,7.5282,9.5594,-0.4215,-2.483,-0.4315
2,emotion_induction_1,ADK,phq_8,PHQ8,cross-corpus-882,RobustScaler,SVR,51,13,10,-0.2452,5.5968,6.2005,-0.3556,-0.4654,-0.5865
2,emotion_induction_1,ADK,phq_8,PHQ8,cross-corpus-882,RobustScaler,KNN,51,13,10,-0.0841,5.7436,6.511,-0.09,-0.6158,-0.267
2,emotion_induction_1,ADK,phq_8,PHQ8,cross-corpus-882,RobustScaler,RF,51,13,10,0.102,4.7215,5.4713,0.1246,-0.141,-0.0083
2,emotion_induction_1,ADK,phq_8,PHQ8,cross-corpus-882,RobustScaler,ET,51,13,10,0.0507,4.81,5.4874,0.067,-0.1477,-0.0304
2,emotion_induction_1,ADK,phq_8,PHQ8,cross-corpus-882,RobustScaler,GB,51,13,10,0.1359,5.2308,6.0615,0.1415,-0.4004,-0.1024
2,emotion_induction_1,ADK,phq_8,PHQ8,cross-corpus-882,RobustScaler,XGB,51,13,10,0.2096,5.1085,5.8259,0.2152,-0.2936,0.0913
2,emotion_induction_1,ADK,phq_8,PHQ8,cross-corpus-882,RobustScaler,MLP,51,13,10,-0.2456,6.6005,8.8396,-0.25,-1.9782,-0.3652
2,emotion_induction_1,ADK,phq_8,PHQ8,cross-corpus-882,RobustScaler,LGBM,51,13,10,0.1425,4.9897,5.4319,0.1737,-0.1246,0.1687
2,emotion_induction_1,ADK,phq_8,PHQ8,cross-corpus-882,RobustScaler,CatBoost,51,13,10,0.0402,5.0874,5.8029,0.0463,-0.2835,-0.1328
3,emotion_induction_1,ADK,phq_8,PHQ8,cross-corpus-882,StandardScaler,Ridge,51,13,15,-0.4819,8.7523,9.3646,-0.5162,-1.1969,-0.5948
3,emotion_induction_1,ADK,phq_8,PHQ8,cross-corpus-882,StandardScaler,Lasso,51,13,15,-0.4784,8.9966,9.5815,-0.5015,-1.2999,-0.5339
3,emotion_induction_1,ADK,phq_8,PHQ8,cross-corpus-882,StandardScaler,ElasticNet,51,13,15,-0.5003,8.9538,9.5921,-0.527,-1.305,-0.545
3,emotion_induction_1,ADK,phq_8,PHQ8,cross-corpus-882,StandardScaler,SVR,51,13,15,-0.4673,7.882,8.7113,-0.5773,-0.9011,-0.6473
3,emotion_induction_1,ADK,phq_8,PHQ8,cross-corpus-882,StandardScaler,KNN,51,13,15,-0.4133,8.3846,8.9619,-0.4747,-1.0121,-0.4854
3,emotion_induction_1,ADK,phq_8,PHQ8,cross-corpus-882,StandardScaler,RF,51,13,15,-0.1862,6.6704,7.856,-0.2204,-0.5461,-0.277
3,emotion_induction_1,ADK,phq_8,PHQ8,cross-corpus-882,StandardScaler,ET,51,13,15,-0.4544,7.7177,8.8288,-0.5248,-0.9528,-0.6777
3,emotion_induction_1,ADK,phq_8,PHQ8,cross-corpus-882,StandardScaler,GB,51,13,15,-0.2057,7.2239,8.6953,-0.2157,-0.8941,-0.343
3,emotion_induction_1,ADK,phq_8,PHQ8,cross-corpus-882,StandardScaler,XGB,51,13,15,-0.2944,7.7416,9.2,-0.3018,-1.1204,-0.3209
3,emotion_induction_1,ADK,phq_8,PHQ8,cross-corpus-882,StandardScaler,MLP,51,13,15,-0.4677,8.8763,10.2945,-0.4749,-1.6549,-0.5477
3,emotion_induction_1,ADK,phq_8,PHQ8,cross-corpus-882,StandardScaler,LGBM,51,13,15,-0.1538,6.8279,7.6261,-0.1936,-0.4569,-0.2296
3,emotion_induction_1,ADK,phq_8,PHQ8,cross-corpus-882,StandardScaler,CatBoost,51,13,15,-0.325,7.5548,8.7537,-0.3518,-0.9197,-0.4122
3,emotion_induction_1,ADK,phq_8,PHQ8,cross-corpus-882,MinMaxScaler,Ridge,51,13,10,-0.4116,8.5969,9.3922,-0.4286,-1.2099,-0.5948
3,emotion_induction_1,ADK,phq_8,PHQ8,cross-corpus-882,MinMaxScaler,Lasso,51,13,10,-0.4128,8.5968,9.4009,-0.4297,-1.214,-0.5948
3,emotion_induction_1,ADK,phq_8,PHQ8,cross-corpus-882,MinMaxScaler,ElasticNet,51,13,10,-0.4234,8.4915,9.2389,-0.4489,-1.1384,-0.6169
3,emotion_induction_1,ADK,phq_8,PHQ8,cross-corpus-882,MinMaxScaler,SVR,51,13,10,-0.4465,9.0636,10.011,-0.4541,-1.5107,-0.6252
3,emotion_induction_1,ADK,phq_8,PHQ8,cross-corpus-882,MinMaxScaler,KNN,51,13,10,-0.623,8.8718,9.8154,-0.6654,-1.4135,-0.7518
3,emotion_induction_1,ADK,phq_8,PHQ8,cross-corpus-882,MinMaxScaler,RF,51,13,10,-0.1727,6.9585,7.7242,-0.2113,-0.4947,-0.3956
3,emotion_induction_1,ADK,phq_8,PHQ8,cross-corpus-882,MinMaxScaler,ET,51,13,10,-0.4612,7.9128,8.5107,-0.5864,-0.8146,-0.7137
3,emotion_induction_1,ADK,phq_8,PHQ8,cross-corpus-882,MinMaxScaler,GB,51,13,10,-0.1193,7.3321,8.4281,-0.1262,-0.7795,-0.0443
3,emotion_induction_1,ADK,phq_8,PHQ8,cross-corpus-882,MinMaxScaler,XGB,51,13,10,-0.0817,7.2372,8.1293,-0.086,-0.6556,-0.1715
3,emotion_induction_1,ADK,phq_8,PHQ8,cross-corpus-882,MinMaxScaler,MLP,51,13,10,-0.2747,8.059,8.7117,-0.2957,-0.9013,-0.3707
3,emotion_induction_1,ADK,phq_8,PHQ8,cross-corpus-882,MinMaxScaler,LGBM,51,13,10,0.0897,6.1279,6.7508,0.1116,-0.1417,0.0443
3,emotion_induction_1,ADK,phq_8,PHQ8,cross-corpus-882,MinMaxScaler,CatBoost,51,13,10,-0.3723,8.1542,9.0981,-0.4007,-1.0737,-0.4592
3,emotion_induction_1,ADK,phq_8,PHQ8,cross-corpus-882,RobustScaler,Ridge,51,13,10,-0.1735,8.2259,9.0963,-0.1751,-1.0729,-0.5311
3,emotion_induction_1,ADK,phq_8,PHQ8,cross-corpus-882,RobustScaler,Lasso,51,13,10,-0.1423,8.6273,9.6228,-0.1425,-1.3198,-0.5118
3,emotion_induction_1,ADK,phq_8,PHQ8,cross-corpus-882,RobustScaler,ElasticNet,51,13,10,-0.1557,8.4475,9.3995,-0.156,-1.2133,-0.5007
3,emotion_induction_1,ADK,phq_8,PHQ8,cross-corpus-882,RobustScaler,SVR,51,13,10,-0.3928,7.7868,8.9349,-0.4353,-0.9999,-0.4647
3,emotion_induction_1,ADK,phq_8,PHQ8,cross-corpus-882,RobustScaler,KNN,51,13,10,-0.3002,7.1077,7.6689,-0.4836,-0.4734,-0.423
3,emotion_induction_1,ADK,phq_8,PHQ8,cross-corpus-882,RobustScaler,RF,51,13,10,-0.1223,6.5385,7.6237,-0.1458,-0.456,-0.0858
3,emotion_induction_1,ADK,phq_8,PHQ8,cross-corpus-882,RobustScaler,ET,51,13,10,-0.2584,7.0008,7.9281,-0.3262,-0.5746,-0.4952
3,emotion_induction_1,ADK,phq_8,PHQ8,cross-corpus-882,RobustScaler,GB,51,13,10,-0.2758,7.9873,8.9064,-0.3099,-0.9872,-0.3928
3,emotion_induction_1,ADK,phq_8,PHQ8,cross-corpus-882,RobustScaler,XGB,51,13,10,-0.0811,6.5212,7.8323,-0.0917,-0.5368,-0.2573
3,emotion_induction_1,ADK,phq_8,PHQ8,cross-corpus-882,RobustScaler,MLP,51,13,10,-0.2337,9.0835,10.099,-0.2374,-1.555,-0.4149
3,emotion_induction_1,ADK,phq_8,PHQ8,cross-corpus-882,RobustScaler,LGBM,51,13,10,-0.2836,7.3749,8.1162,-0.3506,-0.6502,-0.3024
3,emotion_induction_1,ADK,phq_8,PHQ8,cross-corpus-882,RobustScaler,CatBoost,51,13,10,-0.3198,7.2251,8.1406,-0.3999,-0.6602,-0.4869
4,emotion_induction_1,ADK,phq_8,PHQ8,cross-corpus-882,StandardScaler,Ridge,51,13,5,0.0007,4.8025,5.7976,0.0009,-0.6619,-0.0083
4,emotion_induction_1,ADK,phq_8,PHQ8,cross-corpus-882,StandardScaler,Lasso,51,13,5,0.0196,4.9474,5.9819,0.0222,-0.7692,0.0386
4,emotion_induction_1,ADK,phq_8,PHQ8,cross-corpus-882,StandardScaler,ElasticNet,51,13,5,-0.0089,4.384,5.2334,-0.0129,-0.3542,-0.0331
4,emotion_induction_1,ADK,phq_8,PHQ8,cross-corpus-882,StandardScaler,SVR,51,13,5,-0.0901,6.0439,6.6808,-0.0991,-1.2068,-0.0826
4,emotion_induction_1,ADK,phq_8,PHQ8,cross-corpus-882,StandardScaler,KNN,51,13,5,0.1599,4.4103,5.2052,0.1665,-0.3396,0.2152
4,emotion_induction_1,ADK,phq_8,PHQ8,cross-corpus-882,StandardScaler,RF,51,13,5,-0.1879,4.8778,6.0336,-0.2137,-0.8,-0.1956
4,emotion_induction_1,ADK,phq_8,PHQ8,cross-corpus-882,StandardScaler,ET,51,13,5,-0.0483,4.3062,5.4581,-0.0553,-0.473,0.0
4,emotion_induction_1,ADK,phq_8,PHQ8,cross-corpus-882,StandardScaler,GB,51,13,5,0.0804,4.5203,6.11,0.0882,-0.8459,0.1763
4,emotion_induction_1,ADK,phq_8,PHQ8,cross-corpus-882,StandardScaler,XGB,51,13,5,-0.0817,5.0014,6.5215,-0.0941,-1.1029,0.1185
4,emotion_induction_1,ADK,phq_8,PHQ8,cross-corpus-882,StandardScaler,MLP,51,13,5,-0.0896,5.9478,7.1291,-0.098,-1.513,-0.011
4,emotion_induction_1,ADK,phq_8,PHQ8,cross-corpus-882,StandardScaler,LGBM,51,13,5,-0.229,5.0171,6.51,-0.2746,-1.0955,-0.2144
4,emotion_induction_1,ADK,phq_8,PHQ8,cross-corpus-882,StandardScaler,CatBoost,51,13,5,-0.1279,4.7669,5.8981,-0.1427,-0.72,-0.0854
4,emotion_induction_1,ADK,phq_8,PHQ8,cross-corpus-882,MinMaxScaler,Ridge,51,13,15,0.0045,5.5535,6.5407,0.0047,-1.1153,0.0138
4,emotion_induction_1,ADK,phq_8,PHQ8,cross-corpus-882,MinMaxScaler,Lasso,51,13,15,0.0638,5.0752,6.0536,0.0668,-0.8119,0.0992
4,emotion_induction_1,ADK,phq_8,PHQ8,cross-corpus-882,MinMaxScaler,ElasticNet,51,13,15,-0.0004,5.8779,6.9756,-0.0004,-1.4059,0.0138
4,emotion_induction_1,ADK,phq_8,PHQ8,cross-corpus-882,MinMaxScaler,SVR,51,13,15,-0.0413,6.2337,7.2897,-0.0425,-1.6275,-0.0909
4,emotion_induction_1,ADK,phq_8,PHQ8,cross-corpus-882,MinMaxScaler,KNN,51,13,15,0.0203,4.9231,5.6142,0.0222,-0.5585,0.0413
4,emotion_induction_1,ADK,phq_8,PHQ8,cross-corpus-882,MinMaxScaler,RF,51,13,15,-0.0053,4.5358,5.5685,-0.0061,-0.5331,0.0716
4,emotion_induction_1,ADK,phq_8,PHQ8,cross-corpus-882,MinMaxScaler,ET,51,13,15,0.0086,5.2562,5.9629,0.0092,-0.758,-0.0331
4,emotion_induction_1,ADK,phq_8,PHQ8,cross-corpus-882,MinMaxScaler,GB,51,13,15,-0.1665,6.609,7.7351,-0.1853,-1.9583,-0.157
4,emotion_induction_1,ADK,phq_8,PHQ8,cross-corpus-882,MinMaxScaler,XGB,51,13,15,-0.0618,6.05,7.1703,-0.0741,-1.5421,0.1047
4,emotion_induction_1,ADK,phq_8,PHQ8,cross-corpus-882,MinMaxScaler,MLP,51,13,15,0.0386,4.7888,5.6841,0.0406,-0.5975,0.0
4,emotion_induction_1,ADK,phq_8,PHQ8,cross-corpus-882,MinMaxScaler,LGBM,51,13,15,-0.1991,4.9595,6.2197,-0.2347,-0.9127,-0.1763
4,emotion_induction_1,ADK,phq_8,PHQ8,cross-corpus-882,MinMaxScaler,CatBoost,51,13,15,-0.0059,4.4872,5.5612,-0.0074,-0.5292,0.0441
4,emotion_induction_1,ADK,phq_8,PHQ8,cross-corpus-882,RobustScaler,Ridge,51,13,5,0.048,5.4357,6.5876,0.0521,-1.1457,0.0992
4,emotion_induction_1,ADK,phq_8,PHQ8,cross-corpus-882,RobustScaler,Lasso,51,13,5,0.0192,5.9484,7.1872,0.0202,-1.5541,0.0716
4,emotion_induction_1,ADK,phq_8,PHQ8,cross-corpus-882,RobustScaler,ElasticNet,51,13,5,0.0432,5.5799,6.7266,0.0463,-1.2372,0.0992
4,emotion_induction_1,ADK,phq_8,PHQ8,cross-corpus-882,RobustScaler,SVR,51,13,5,0.1317,5.3033,5.8054,0.1411,-0.6664,0.0661
4,emotion_induction_1,ADK,phq_8,PHQ8,cross-corpus-882,RobustScaler,KNN,51,13,5,0.4126,3.8462,4.3937,0.4903,0.0455,0.5096
4,emotion_induction_1,ADK,phq_8,PHQ8,cross-corpus-882,RobustScaler,RF,51,13,5,0.1223,4.752,5.3931,0.1436,-0.4381,0.1515
4,emotion_induction_1,ADK,phq_8,PHQ8,cross-corpus-882,RobustScaler,ET,51,13,5,0.0493,5.2146,6.0048,0.0517,-0.7828,0.1818
4,emotion_induction_1,ADK,phq_8,PHQ8,cross-corpus-882,RobustScaler,GB,51,13,5,-0.0602,5.5235,6.3614,-0.0629,-1.0009,-0.1019
4,emotion_induction_1,ADK,phq_8,PHQ8,cross-corpus-882,RobustScaler,XGB,51,13,5,0.0055,5.2059,5.99,0.0056,-0.7741,0.0441
4,emotion_induction_1,ADK,phq_8,PHQ8,cross-corpus-882,RobustScaler,MLP,51,13,5,-0.0281,5.8175,7.0947,-0.0296,-1.4887,0.0028
4,emotion_induction_1,ADK,phq_8,PHQ8,cross-corpus-882,RobustScaler,LGBM,51,13,5,-0.0264,4.4185,5.4124,-0.0353,-0.4484,-0.1425
4,emotion_induction_1,ADK,phq_8,PHQ8,cross-corpus-882,RobustScaler,CatBoost,51,13,5,-0.0616,5.1453,5.9436,-0.0671,-0.7467,0.0275
5,emotion_induction_1,ADK,phq_8,PHQ8,cross-corpus-882,StandardScaler,Ridge,52,12,5,-0.0553,7.2424,7.7731,-0.1937,-0.085,0.0772
5,emotion_induction_1,ADK,phq_8,PHQ8,cross-corpus-882,StandardScaler,Lasso,52,12,5,-0.0548,7.8298,8.0981,-0.1037,-0.1776,-0.0386
5,emotion_induction_1,ADK,phq_8,PHQ8,cross-corpus-882,StandardScaler,ElasticNet,52,12,5,-0.054,7.347,7.8138,-0.1619,-0.0964,0.0246
5,emotion_induction_1,ADK,phq_8,PHQ8,cross-corpus-882,StandardScaler,SVR,52,12,5,-0.0382,7.2925,7.7927,-0.0934,-0.0905,0.1789
5,emotion_induction_1,ADK,phq_8,PHQ8,cross-corpus-882,StandardScaler,KNN,52,12,5,-0.0116,7.4762,8.0684,-0.0187,-0.169,0.3269
5,emotion_induction_1,ADK,phq_8,PHQ8,cross-corpus-882,StandardScaler,RF,52,12,5,0.0129,7.3891,7.9786,0.0215,-0.1431,0.2912
5,emotion_induction_1,ADK,phq_8,PHQ8,cross-corpus-882,StandardScaler,ET,52,12,5,-0.0109,7.3458,8.1145,-0.0163,-0.1824,0.0281
5,emotion_induction_1,ADK,phq_8,PHQ8,cross-corpus-882,StandardScaler,GB,52,12,5,0.1358,7.2636,7.8226,0.1795,-0.0989,0.4351
5,emotion_induction_1,ADK,phq_8,PHQ8,cross-corpus-882,StandardScaler,XGB,52,12,5,0.1328,6.911,7.5782,0.1926,-0.0313,0.2737
5,emotion_induction_1,ADK,phq_8,PHQ8,cross-corpus-882,StandardScaler,MLP,52,12,5,-0.0155,8.0648,8.5398,-0.0205,-0.3096,-0.0281
5,emotion_induction_1,ADK,phq_8,PHQ8,cross-corpus-882,StandardScaler,LGBM,52,12,5,-0.0795,7.5683,8.1427,-0.1619,-0.1906,-0.0911
5,emotion_induction_1,ADK,phq_8,PHQ8,cross-corpus-882,StandardScaler,CatBoost,52,12,5,0.0015,7.1827,8.0416,0.0024,-0.1613,0.0912
5,emotion_induction_1,ADK,phq_8,PHQ8,cross-corpus-882,MinMaxScaler,Ridge,52,12,5,-0.0602,7.9639,8.4978,-0.084,-0.2968,-0.1684
5,emotion_induction_1,ADK,phq_8,PHQ8,cross-corpus-882,MinMaxScaler,Lasso,52,12,5,-0.0458,7.8423,8.3567,-0.0669,-0.254,-0.1088
5,emotion_induction_1,ADK,phq_8,PHQ8,cross-corpus-882,MinMaxScaler,ElasticNet,52,12,5,-0.0846,8.1537,8.7614,-0.1108,-0.3785,-0.1684
5,emotion_induction_1,ADK,phq_8,PHQ8,cross-corpus-882,MinMaxScaler,SVR,52,12,5,-0.0622,7.6522,8.2425,-0.0946,-0.22,-0.1684
5,emotion_induction_1,ADK,phq_8,PHQ8,cross-corpus-882,MinMaxScaler,KNN,52,12,5,-0.0263,7.2738,8.2133,-0.0367,-0.2114,-0.0351
5,emotion_induction_1,ADK,phq_8,PHQ8,cross-corpus-882,MinMaxScaler,RF,52,12,5,-0.0753,7.5125,8.3461,-0.1127,-0.2509,-0.2035
5,emotion_induction_1,ADK,phq_8,PHQ8,cross-corpus-882,MinMaxScaler,ET,52,12,5,-0.0243,7.2417,8.0658,-0.037,-0.1682,-0.0456
5,emotion_induction_1,ADK,phq_8,PHQ8,cross-corpus-882,MinMaxScaler,GB,52,12,5,-0.3691,8.6054,9.8806,-0.4508,-0.7531,-0.5439
5,emotion_induction_1,ADK,phq_8,PHQ8,cross-corpus-882,MinMaxScaler,XGB,52,12,5,-0.4411,8.7805,10.2804,-0.5189,-0.8979,-0.586
5,emotion_induction_1,ADK,phq_8,PHQ8,cross-corpus-882,MinMaxScaler,MLP,52,12,5,0.0052,7.8803,8.4686,0.0064,-0.2878,-0.0211
5,emotion_induction_1,ADK,phq_8,PHQ8,cross-corpus-882,MinMaxScaler,LGBM,52,12,5,-0.0906,7.3525,8.2501,-0.1463,-0.2222,-0.2447
5,emotion_induction_1,ADK,phq_8,PHQ8,cross-corpus-882,MinMaxScaler,CatBoost,52,12,5,-0.1585,7.7156,8.9143,-0.2035,-0.427,-0.3825
5,emotion_induction_1,ADK,phq_8,PHQ8,cross-corpus-882,RobustScaler,Ridge,52,12,15,-0.083,7.695,8.0857,-0.1632,-0.174,-0.2491
5,emotion_induction_1,ADK,phq_8,PHQ8,cross-corpus-882,RobustScaler,Lasso,52,12,15,0.0,6.75,7.4625,,-0.0,
5,emotion_induction_1,ADK,phq_8,PHQ8,cross-corpus-882,RobustScaler,ElasticNet,52,12,15,-0.1079,7.8916,8.2883,-0.1879,-0.2336,-0.3088
5,emotion_induction_1,ADK,phq_8,PHQ8,cross-corpus-882,RobustScaler,SVR,52,12,15,-0.0765,7.2405,7.9261,-0.184,-0.1281,-0.1509
5,emotion_induction_1,ADK,phq_8,PHQ8,cross-corpus-882,RobustScaler,KNN,52,12,15,-0.1934,8.3833,9.2219,-0.2366,-0.5272,-0.3251
5,emotion_induction_1,ADK,phq_8,PHQ8,cross-corpus-882,RobustScaler,RF,52,12,15,0.0395,7.2996,8.071,0.0543,-0.1698,0.0596
5,emotion_induction_1,ADK,phq_8,PHQ8,cross-corpus-882,RobustScaler,ET,52,12,15,0.0632,7.2525,7.8336,0.0924,-0.102,0.1684
5,emotion_induction_1,ADK,phq_8,PHQ8,cross-corpus-882,RobustScaler,GB,52,12,15,-0.0216,7.4374,8.9851,-0.0242,-0.4497,-0.1368
5,emotion_induction_1,ADK,phq_8,PHQ8,cross-corpus-882,RobustScaler,XGB,52,12,15,-0.0457,7.4352,8.9901,-0.0529,-0.4514,-0.2
5,emotion_induction_1,ADK,phq_8,PHQ8,cross-corpus-882,RobustScaler,MLP,52,12,15,-0.0173,8.5363,9.5537,-0.0182,-0.639,-0.1298
5,emotion_induction_1,ADK,phq_8,PHQ8,cross-corpus-882,RobustScaler,LGBM,52,12,15,-0.1319,7.6464,8.5323,-0.1974,-0.3073,-0.393
5,emotion_induction_1,ADK,phq_8,PHQ8,cross-corpus-882,RobustScaler,CatBoost,52,12,15,0.0065,7.2279,8.1414,0.009,-0.1903,0.0351
1,emotion_induction_1,ADK,phq_9,PHQ9,cross-corpus-882,StandardScaler,Ridge,51,13,10,0.1734,9.0112,14.0754,0.2433,-3.7144,0.1048
1,emotion_induction_1,ADK,phq_9,PHQ9,cross-corpus-882,StandardScaler,Lasso,51,13,10,0.1615,6.9783,8.1859,0.1744,-0.5946,0.0166
1,emotion_induction_1,ADK,phq_9,PHQ9,cross-corpus-882,StandardScaler,ElasticNet,51,13,10,0.1502,8.2024,10.1487,0.1719,-1.4509,-0.0552
1,emotion_induction_1,ADK,phq_9,PHQ9,cross-corpus-882,StandardScaler,SVR,51,13,10,-0.1398,6.2054,7.2684,-0.2579,-0.2571,-0.2124
1,emotion_induction_1,ADK,phq_9,PHQ9,cross-corpus-882,StandardScaler,KNN,51,13,10,-0.1588,6.6325,7.6328,-0.2153,-0.3864,-0.3084
1,emotion_induction_1,ADK,phq_9,PHQ9,cross-corpus-882,StandardScaler,RF,51,13,10,-0.173,6.5736,7.5072,-0.2613,-0.3411,-0.3421
1,emotion_induction_1,ADK,phq_9,PHQ9,cross-corpus-882,StandardScaler,ET,51,13,10,-0.1044,6.2785,7.5165,-0.1427,-0.3444,-0.2014
1,emotion_induction_1,ADK,phq_9,PHQ9,cross-corpus-882,StandardScaler,GB,51,13,10,-0.2289,6.6166,8.219,-0.2719,-0.6075,-0.3393
1,emotion_induction_1,ADK,phq_9,PHQ9,cross-corpus-882,StandardScaler,XGB,51,13,10,-0.3179,6.9954,8.6067,-0.3693,-0.7627,-0.4469
1,emotion_induction_1,ADK,phq_9,PHQ9,cross-corpus-882,StandardScaler,MLP,51,13,10,-0.2557,7.6431,11.0565,-0.2647,-1.909,-0.2648
1,emotion_induction_1,ADK,phq_9,PHQ9,cross-corpus-882,StandardScaler,LGBM,51,13,10,-0.1037,6.1572,7.3059,-0.1655,-0.2701,-0.1604
1,emotion_induction_1,ADK,phq_9,PHQ9,cross-corpus-882,StandardScaler,CatBoost,51,13,10,-0.1665,6.1703,7.7592,-0.2201,-0.4327,-0.2235
1,emotion_induction_1,ADK,phq_9,PHQ9,cross-corpus-882,MinMaxScaler,Ridge,51,13,10,0.1455,8.22,10.2366,0.1664,-1.4936,0.0166
1,emotion_induction_1,ADK,phq_9,PHQ9,cross-corpus-882,MinMaxScaler,Lasso,51,13,10,0.1361,8.3612,10.3928,0.1551,-1.5702,-0.0634
1,emotion_induction_1,ADK,phq_9,PHQ9,cross-corpus-882,MinMaxScaler,ElasticNet,51,13,10,0.1495,9.1518,12.4811,0.192,-2.7069,0.0166
1,emotion_induction_1,ADK,phq_9,PHQ9,cross-corpus-882,MinMaxScaler,SVR,51,13,10,-0.09,6.6119,7.7927,-0.1142,-0.4451,-0.3062
1,emotion_induction_1,ADK,phq_9,PHQ9,cross-corpus-882,MinMaxScaler,KNN,51,13,10,-0.1009,6.3675,7.5813,-0.1445,-0.3677,-0.2169
1,emotion_induction_1,ADK,phq_9,PHQ9,cross-corpus-882,MinMaxScaler,RF,51,13,10,-0.1475,6.406,7.3981,-0.2381,-0.3024,-0.2731
1,emotion_induction_1,ADK,phq_9,PHQ9,cross-corpus-882,MinMaxScaler,ET,51,13,10,-0.0793,6.6192,7.7817,-0.0994,-0.441,-0.1655
1,emotion_induction_1,ADK,phq_9,PHQ9,cross-corpus-882,MinMaxScaler,GB,51,13,10,-0.2253,6.5632,8.0935,-0.3237,-0.5588,-0.4772
1,emotion_induction_1,ADK,phq_9,PHQ9,cross-corpus-882,MinMaxScaler,XGB,51,13,10,-0.2455,7.1944,8.3893,-0.305,-0.6748,-0.3724
1,emotion_induction_1,ADK,phq_9,PHQ9,cross-corpus-882,MinMaxScaler,MLP,51,13,10,0.1422,6.9628,8.217,0.1582,-0.6067,0.0414
1,emotion_induction_1,ADK,phq_9,PHQ9,cross-corpus-882,MinMaxScaler,LGBM,51,13,10,-0.1901,6.3252,7.4072,-0.3359,-0.3056,-0.3375
1,emotion_induction_1,ADK,phq_9,PHQ9,cross-corpus-882,MinMaxScaler,CatBoost,51,13,10,-0.1991,6.5572,7.8763,-0.2954,-0.4762,-0.4441
1,emotion_induction_1,ADK,phq_9,PHQ9,cross-corpus-882,RobustScaler,Ridge,51,13,5,-0.1295,6.1743,7.2856,-0.2111,-0.2631,-0.2483
1,emotion_induction_1,ADK,phq_9,PHQ9,cross-corpus-882,RobustScaler,Lasso,51,13,5,-0.1603,6.3604,7.552,-0.2281,-0.3572,-0.1986
1,emotion_induction_1,ADK,phq_9,PHQ9,cross-corpus-882,RobustScaler,ElasticNet,51,13,5,-0.1522,6.3217,7.48,-0.2235,-0.3314,-0.2483
1,emotion_induction_1,ADK,phq_9,PHQ9,cross-corpus-882,RobustScaler,SVR,51,13,5,-0.0886,5.9173,7.0598,-0.1717,-0.186,-0.2041
1,emotion_induction_1,ADK,phq_9,PHQ9,cross-corpus-882,RobustScaler,KNN,51,13,5,-0.0998,6.989,7.812,-0.1271,-0.4522,-0.0607
1,emotion_induction_1,ADK,phq_9,PHQ9,cross-corpus-882,RobustScaler,RF,51,13,5,-0.1027,6.3926,7.2265,-0.1633,-0.2427,-0.2841
1,emotion_induction_1,ADK,phq_9,PHQ9,cross-corpus-882,RobustScaler,ET,51,13,5,-0.1592,6.8546,7.7482,-0.2047,-0.4286,-0.3228
1,emotion_induction_1,ADK,phq_9,PHQ9,cross-corpus-882,RobustScaler,GB,51,13,5,-0.1061,7.1244,7.8697,-0.1227,-0.4738,-0.2786
1,emotion_induction_1,ADK,phq_9,PHQ9,cross-corpus-882,RobustScaler,XGB,51,13,5,-0.1111,7.0441,7.9188,-0.1276,-0.4922,-0.3035
1,emotion_induction_1,ADK,phq_9,PHQ9,cross-corpus-882,RobustScaler,MLP,51,13,5,-0.3324,7.3029,8.5286,-0.403,-0.7308,-0.5186
1,emotion_induction_1,ADK,phq_9,PHQ9,cross-corpus-882,RobustScaler,LGBM,51,13,5,-0.1278,6.4593,7.6192,-0.1711,-0.3814,-0.2602
1,emotion_induction_1,ADK,phq_9,PHQ9,cross-corpus-882,RobustScaler,CatBoost,51,13,5,-0.2106,6.9242,7.6978,-0.3022,-0.4101,-0.3559
2,emotion_induction_1,ADK,phq_9,PHQ9,cross-corpus-882,StandardScaler,Ridge,51,13,5,0.1681,4.4635,5.7439,0.3646,0.0269,0.1736
2,emotion_induction_1,ADK,phq_9,PHQ9,cross-corpus-882,StandardScaler,Lasso,51,13,5,0.1467,4.6535,5.893,0.2631,-0.0242,0.0689
2,emotion_induction_1,ADK,phq_9,PHQ9,cross-corpus-882,StandardScaler,ElasticNet,51,13,5,0.1685,4.5174,5.7912,0.3308,0.0108,0.1074
2,emotion_induction_1,ADK,phq_9,PHQ9,cross-corpus-882,StandardScaler,SVR,51,13,5,-0.207,5.8626,7.117,-0.3192,-0.4939,-0.4215
2,emotion_induction_1,ADK,phq_9,PHQ9,cross-corpus-882,StandardScaler,KNN,51,13,5,0.0111,5.1077,6.2166,0.0197,-0.1398,-0.0689
2,emotion_induction_1,ADK,phq_9,PHQ9,cross-corpus-882,StandardScaler,RF,51,13,5,0.1287,5.0922,5.9241,0.194,-0.0351,0.1791
2,emotion_induction_1,ADK,phq_9,PHQ9,cross-corpus-882,StandardScaler,ET,51,13,5,0.0065,5.3946,6.3416,0.0108,-0.1861,-0.0055
2,emotion_induction_1,ADK,phq_9,PHQ9,cross-corpus-882,StandardScaler,GB,51,13,5,0.1115,5.4293,6.556,0.1412,-0.2677,0.0937
2,emotion_induction_1,ADK,phq_9,PHQ9,cross-corpus-882,StandardScaler,XGB,51,13,5,0.17,5.4653,6.457,0.2044,-0.2297,0.1377
2,emotion_induction_1,ADK,phq_9,PHQ9,cross-corpus-882,StandardScaler,MLP,51,13,5,-0.235,5.8812,7.2345,-0.3413,-0.5437,-0.4215
2,emotion_induction_1,ADK,phq_9,PHQ9,cross-corpus-882,StandardScaler,LGBM,51,13,5,0.1204,4.8128,5.9258,0.1862,-0.0357,0.0138
2,emotion_induction_1,ADK,phq_9,PHQ9,cross-corpus-882,StandardScaler,CatBoost,51,13,5,0.0144,5.3953,6.3097,0.0217,-0.1742,0.0248
2,emotion_induction_1,ADK,phq_9,PHQ9,cross-corpus-882,MinMaxScaler,Ridge,51,13,5,0.1817,4.4086,5.6225,0.3846,0.0676,0.2562
2,emotion_induction_1,ADK,phq_9,PHQ9,cross-corpus-882,MinMaxScaler,Lasso,51,13,5,0.1803,4.4114,5.618,0.388,0.0691,0.2562
2,emotion_induction_1,ADK,phq_9,PHQ9,cross-corpus-882,MinMaxScaler,ElasticNet,51,13,5,0.2111,4.3247,5.6105,0.3966,0.0716,0.2948
2,emotion_induction_1,ADK,phq_9,PHQ9,cross-corpus-882,MinMaxScaler,SVR,51,13,5,-0.1422,5.6824,7.007,-0.2124,-0.4481,-0.2039
2,emotion_induction_1,ADK,phq_9,PHQ9,cross-corpus-882,MinMaxScaler,KNN,51,13,5,-0.0061,5.1692,6.7066,-0.0092,-0.3266,-0.2094
2,emotion_induction_1,ADK,phq_9,PHQ9,cross-corpus-882,MinMaxScaler,RF,51,13,5,0.1155,5.0812,5.9705,0.1737,-0.0514,0.011
2,emotion_induction_1,ADK,phq_9,PHQ9,cross-corpus-882,MinMaxScaler,ET,51,13,5,-0.0393,5.4408,6.5549,-0.0645,-0.2673,-0.1736
2,emotion_induction_1,ADK,phq_9,PHQ9,cross-corpus-882,MinMaxScaler,GB,51,13,5,0.0098,5.6918,6.6199,0.0126,-0.2925,-0.0248
2,emotion_induction_1,ADK,phq_9,PHQ9,cross-corpus-882,MinMaxScaler,XGB,51,13,5,0.1119,5.4013,6.3072,0.1448,-0.1733,0.0386
2,emotion_induction_1,ADK,phq_9,PHQ9,cross-corpus-882,MinMaxScaler,MLP,51,13,5,0.0321,4.8398,6.0718,0.1186,-0.0873,0.0964
2,emotion_induction_1,ADK,phq_9,PHQ9,cross-corpus-882,MinMaxScaler,LGBM,51,13,5,0.069,4.8559,6.1038,0.1108,-0.0988,-0.0028
2,emotion_induction_1,ADK,phq_9,PHQ9,cross-corpus-882,MinMaxScaler,CatBoost,51,13,5,0.0715,5.1541,6.1265,0.1041,-0.107,0.0028
2,emotion_induction_1,ADK,phq_9,PHQ9,cross-corpus-882,RobustScaler,Ridge,51,13,10,0.1062,4.5667,5.6868,0.369,0.0462,0.1377
2,emotion_induction_1,ADK,phq_9,PHQ9,cross-corpus-882,RobustScaler,Lasso,51,13,10,0.0183,4.7797,5.9317,0.0951,-0.0378,0.0771
2,emotion_induction_1,ADK,phq_9,PHQ9,cross-corpus-882,RobustScaler,ElasticNet,51,13,10,0.0993,4.5746,5.7342,0.3211,0.0302,0.2011
2,emotion_induction_1,ADK,phq_9,PHQ9,cross-corpus-882,RobustScaler,SVR,51,13,10,0.0545,4.834,6.0138,0.1155,-0.0667,0.0606
2,emotion_induction_1,ADK,phq_9,PHQ9,cross-corpus-882,RobustScaler,KNN,51,13,10,0.1642,4.8242,5.9346,0.2133,-0.0388,0.2414
2,emotion_induction_1,ADK,phq_9,PHQ9,cross-corpus-882,RobustScaler,RF,51,13,10,0.1444,5.0149,5.9893,0.1839,-0.058,0.2149
2,emotion_induction_1,ADK,phq_9,PHQ9,cross-corpus-882,RobustScaler,ET,51,13,10,0.2573,4.8115,5.5491,0.3333,0.0918,0.2287
2,emotion_induction_1,ADK,phq_9,PHQ9,cross-corpus-882,RobustScaler,GB,51,13,10,0.0359,5.8051,7.2597,0.037,-0.5544,-0.011
2,emotion_induction_1,ADK,phq_9,PHQ9,cross-corpus-882,RobustScaler,XGB,51,13,10,0.0238,5.6893,6.9933,0.0255,-0.4424,0.0055
2,emotion_induction_1,ADK,phq_9,PHQ9,cross-corpus-882,RobustScaler,MLP,51,13,10,0.2386,4.615,5.6788,0.3017,0.0488,0.2204
2,emotion_induction_1,ADK,phq_9,PHQ9,cross-corpus-882,RobustScaler,LGBM,51,13,10,0.0892,4.9957,6.4978,0.1022,-0.2453,0.0568
2,emotion_induction_1,ADK,phq_9,PHQ9,cross-corpus-882,RobustScaler,CatBoost,51,13,10,0.219,4.8725,5.7904,0.2688,0.0111,0.1901
3,emotion_induction_1,ADK,phq_9,PHQ9,cross-corpus-882,StandardScaler,Ridge,51,13,5,-0.3454,7.4885,8.5954,-0.372,-1.0597,-0.2382
3,emotion_induction_1,ADK,phq_9,PHQ9,cross-corpus-882,StandardScaler,Lasso,51,13,5,-0.3472,7.7207,8.8582,-0.3671,-1.1876,-0.2161
3,emotion_induction_1,ADK,phq_9,PHQ9,cross-corpus-882,StandardScaler,ElasticNet,51,13,5,-0.3471,7.6734,8.8079,-0.368,-1.1628,-0.2382
3,emotion_induction_1,ADK,phq_9,PHQ9,cross-corpus-882,StandardScaler,SVR,51,13,5,-0.5812,8.5866,9.7266,-0.5947,-1.6375,-0.5042
3,emotion_induction_1,ADK,phq_9,PHQ9,cross-corpus-882,StandardScaler,KNN,51,13,5,-0.5093,7.5495,8.8048,-0.5592,-1.1613,-0.4508
3,emotion_induction_1,ADK,phq_9,PHQ9,cross-corpus-882,StandardScaler,RF,51,13,5,-0.4447,7.4377,8.7403,-0.4777,-1.1297,-0.3684
3,emotion_induction_1,ADK,phq_9,PHQ9,cross-corpus-882,StandardScaler,ET,51,13,5,-0.4243,7.5631,8.8208,-0.451,-1.1691,-0.3823
3,emotion_induction_1,ADK,phq_9,PHQ9,cross-corpus-882,StandardScaler,GB,51,13,5,-0.3791,7.7462,9.2014,-0.3972,-1.3604,-0.4432
3,emotion_induction_1,ADK,phq_9,PHQ9,cross-corpus-882,StandardScaler,XGB,51,13,5,-0.3449,7.0757,8.8405,-0.364,-1.1788,-0.3186
3,emotion_induction_1,ADK,phq_9,PHQ9,cross-corpus-882,StandardScaler,MLP,51,13,5,-0.4146,8.2983,9.4022,-0.4269,-1.4645,-0.3961
3,emotion_induction_1,ADK,phq_9,PHQ9,cross-corpus-882,StandardScaler,LGBM,51,13,5,-0.1749,6.2606,7.4563,-0.2044,-0.55,-0.2476
3,emotion_induction_1,ADK,phq_9,PHQ9,cross-corpus-882,StandardScaler,CatBoost,51,13,5,-0.4705,7.7988,9.4006,-0.4813,-1.4636,-0.4211
3,emotion_induction_1,ADK,phq_9,PHQ9,cross-corpus-882,MinMaxScaler,Ridge,51,13,10,-0.3186,7.9917,8.9914,-0.3279,-1.2539,-0.3546
3,emotion_induction_1,ADK,phq_9,PHQ9,cross-corpus-882,MinMaxScaler,Lasso,51,13,10,-0.3538,7.5901,8.7008,-0.3755,-1.1105,-0.3546
3,emotion_induction_1,ADK,phq_9,PHQ9,cross-corpus-882,MinMaxScaler,ElasticNet,51,13,10,-0.3456,7.3906,8.4715,-0.3738,-1.0007,-0.3546
3,emotion_induction_1,ADK,phq_9,PHQ9,cross-corpus-882,MinMaxScaler,SVR,51,13,10,-0.6648,8.5364,9.4908,-0.709,-1.5112,-0.6288
3,emotion_induction_1,ADK,phq_9,PHQ9,cross-corpus-882,MinMaxScaler,KNN,51,13,10,-0.3862,6.7521,7.9354,-0.4746,-0.7555,-0.5284
3,emotion_induction_1,ADK,phq_9,PHQ9,cross-corpus-882,MinMaxScaler,RF,51,13,10,-0.3322,6.9569,8.284,-0.3618,-0.9132,-0.2826
3,emotion_induction_1,ADK,phq_9,PHQ9,cross-corpus-882,MinMaxScaler,ET,51,13,10,-0.5079,8.0827,9.4165,-0.5214,-1.472,-0.3989
3,emotion_induction_1,ADK,phq_9,PHQ9,cross-corpus-882,MinMaxScaler,GB,51,13,10,-0.3631,7.4343,8.6326,-0.3849,-1.0775,-0.2659
3,emotion_induction_1,ADK,phq_9,PHQ9,cross-corpus-882,MinMaxScaler,XGB,51,13,10,-0.2455,6.8677,8.3004,-0.2577,-0.9208,-0.1524
3,emotion_induction_1,ADK,phq_9,PHQ9,cross-corpus-882,MinMaxScaler,MLP,51,13,10,-0.284,8.4057,9.3414,-0.2878,-1.4327,-0.3934
3,emotion_induction_1,ADK,phq_9,PHQ9,cross-corpus-882,MinMaxScaler,LGBM,51,13,10,-0.1353,6.1355,7.2493,-0.1621,-0.4651,-0.1172
3,emotion_induction_1,ADK,phq_9,PHQ9,cross-corpus-882,MinMaxScaler,CatBoost,51,13,10,-0.4506,7.7516,9.0421,-0.4699,-1.2793,-0.3767
3,emotion_induction_1,ADK,phq_9,PHQ9,cross-corpus-882,RobustScaler,Ridge,51,13,5,-0.1317,6.6179,7.7809,-0.141,-0.6878,-0.2382
3,emotion_induction_1,ADK,phq_9,PHQ9,cross-corpus-882,RobustScaler,Lasso,51,13,5,-0.2085,7.4666,8.6847,-0.2144,-1.1027,-0.2659
3,emotion_induction_1,ADK,phq_9,PHQ9,cross-corpus-882,RobustScaler,ElasticNet,51,13,5,-0.1633,7.1111,8.2735,-0.1694,-0.9083,-0.2659
3,emotion_induction_1,ADK,phq_9,PHQ9,cross-corpus-882,RobustScaler,SVR,51,13,5,-0.3736,7.4781,8.8344,-0.3913,-1.1758,-0.3463
3,emotion_induction_1,ADK,phq_9,PHQ9,cross-corpus-882,RobustScaler,KNN,51,13,5,-0.2921,8.0256,9.3767,-0.3052,-1.4512,-0.3047
3,emotion_induction_1,ADK,phq_9,PHQ9,cross-corpus-882,RobustScaler,RF,51,13,5,-0.3477,7.1773,8.7063,-0.3617,-1.1132,-0.3435
3,emotion_induction_1,ADK,phq_9,PHQ9,cross-corpus-882,RobustScaler,ET,51,13,5,-0.319,7.1185,8.696,-0.3399,-1.1082,-0.3075
3,emotion_induction_1,ADK,phq_9,PHQ9,cross-corpus-882,RobustScaler,GB,51,13,5,-0.1486,6.6852,8.3096,-0.1543,-0.925,-0.2133
3,emotion_induction_1,ADK,phq_9,PHQ9,cross-corpus-882,RobustScaler,XGB,51,13,5,-0.1794,6.7466,8.2642,-0.1878,-0.904,-0.1856
3,emotion_induction_1,ADK,phq_9,PHQ9,cross-corpus-882,RobustScaler,MLP,51,13,5,-0.2077,9.2973,10.6131,-0.2153,-2.1402,-0.2659
3,emotion_induction_1,ADK,phq_9,PHQ9,cross-corpus-882,RobustScaler,LGBM,51,13,5,-0.2153,6.3694,7.5106,-0.2576,-0.5726,-0.2615
3,emotion_induction_1,ADK,phq_9,PHQ9,cross-corpus-882,RobustScaler,CatBoost,51,13,5,-0.427,7.2733,8.8047,-0.4514,-1.1612,-0.4044
4,emotion_induction_1,ADK,phq_9,PHQ9,cross-corpus-882,StandardScaler,Ridge,51,13,5,-0.2387,6.0331,7.0531,-0.2519,-0.9038,-0.3066
4,emotion_induction_1,ADK,phq_9,PHQ9,cross-corpus-882,StandardScaler,Lasso,51,13,5,-0.2421,6.0476,7.0936,-0.2544,-0.9257,-0.2514
4,emotion_induction_1,ADK,phq_9,PHQ9,cross-corpus-882,StandardScaler,ElasticNet,51,13,5,-0.2324,5.9939,6.9847,-0.2471,-0.8671,-0.2901
4,emotion_induction_1,ADK,phq_9,PHQ9,cross-corpus-882,StandardScaler,SVR,51,13,5,-0.145,5.5262,6.3221,-0.1686,-0.5296,-0.3094
4,emotion_induction_1,ADK,phq_9,PHQ9,cross-corpus-882,StandardScaler,KNN,51,13,5,-0.1952,6.2198,6.6562,-0.2468,-0.6955,-0.4438
4,emotion_induction_1,ADK,phq_9,PHQ9,cross-corpus-882,StandardScaler,RF,51,13,5,0.0091,4.9095,5.9741,0.0163,-0.3659,-0.1602
4,emotion_induction_1,ADK,phq_9,PHQ9,cross-corpus-882,StandardScaler,ET,51,13,5,-0.142,5.8331,6.6144,-0.171,-0.6743,-0.3287
4,emotion_induction_1,ADK,phq_9,PHQ9,cross-corpus-882,StandardScaler,GB,51,13,5,0.1339,4.945,6.4005,0.2361,-0.5678,0.0663
4,emotion_induction_1,ADK,phq_9,PHQ9,cross-corpus-882,StandardScaler,XGB,51,13,5,0.194,4.6767,6.0114,0.2463,-0.3829,0.1271
4,emotion_induction_1,ADK,phq_9,PHQ9,cross-corpus-882,StandardScaler,MLP,51,13,5,-0.0424,6.0398,7.5837,-0.0433,-1.201,-0.2403
4,emotion_induction_1,ADK,phq_9,PHQ9,cross-corpus-882,StandardScaler,LGBM,51,13,5,-0.1247,5.4612,6.5707,-0.1602,-0.6523,-0.1042
4,emotion_induction_1,ADK,phq_9,PHQ9,cross-corpus-882,StandardScaler,CatBoost,51,13,5,-0.0296,5.1084,6.0107,-0.0466,-0.3826,-0.1823
4,emotion_induction_1,ADK,phq_9,PHQ9,cross-corpus-882,MinMaxScaler,Ridge,51,13,5,-0.2922,6.641,7.8462,-0.2941,-1.356,-0.4696
4,emotion_induction_1,ADK,phq_9,PHQ9,cross-corpus-882,MinMaxScaler,Lasso,51,13,5,-0.2784,6.0168,7.106,-0.2972,-0.9325,-0.4282
4,emotion_induction_1,ADK,phq_9,PHQ9,cross-corpus-882,MinMaxScaler,ElasticNet,51,13,5,-0.2791,6.4178,7.5204,-0.2846,-1.1644,-0.4116
4,emotion_induction_1,ADK,phq_9,PHQ9,cross-corpus-882,MinMaxScaler,SVR,51,13,5,-0.2149,5.6723,6.558,-0.2513,-0.6459,-0.4751
4,emotion_induction_1,ADK,phq_9,PHQ9,cross-corpus-882,MinMaxScaler,KNN,51,13,5,-0.3058,6.8769,8.2041,-0.3162,-1.5759,-0.3615
4,emotion_induction_1,ADK,phq_9,PHQ9,cross-corpus-882,MinMaxScaler,RF,51,13,5,-0.0461,5.9573,7.1166,-0.0523,-0.9382,-0.1851
4,emotion_induction_1,ADK,phq_9,PHQ9,cross-corpus-882,MinMaxScaler,ET,51,13,5,-0.1236,6.2821,7.5684,-0.1351,-1.1921,-0.2459
4,emotion_induction_1,ADK,phq_9,PHQ9,cross-corpus-882,MinMaxScaler,GB,51,13,5,-0.0581,5.3954,7.3128,-0.0709,-1.0465,-0.1906
4,emotion_induction_1,ADK,phq_9,PHQ9,cross-corpus-882,MinMaxScaler,XGB,51,13,5,-0.1212,5.9798,7.6916,-0.1512,-1.2641,-0.3343
4,emotion_induction_1,ADK,phq_9,PHQ9,cross-corpus-882,MinMaxScaler,MLP,51,13,5,-0.3175,6.6968,7.9964,-0.3211,-1.4471,-0.4116
4,emotion_induction_1,ADK,phq_9,PHQ9,cross-corpus-882,MinMaxScaler,LGBM,51,13,5,-0.3677,5.8838,7.3792,-0.4302,-1.0839,-0.5687
4,emotion_induction_1,ADK,phq_9,PHQ9,cross-corpus-882,MinMaxScaler,CatBoost,51,13,5,-0.147,5.7784,6.8814,-0.1695,-0.8122,-0.3564
4,emotion_induction_1,ADK,phq_9,PHQ9,cross-corpus-882,RobustScaler,Ridge,51,13,5,-0.3819,6.3512,7.6097,-0.3967,-1.2161,-0.5028
4,emotion_induction_1,ADK,phq_9,PHQ9,cross-corpus-882,RobustScaler,Lasso,51,13,5,-0.3679,6.5195,7.7526,-0.3752,-1.3001,-0.5028
4,emotion_induction_1,ADK,phq_9,PHQ9,cross-corpus-882,RobustScaler,ElasticNet,51,13,5,-0.3817,6.2877,7.5583,-0.3991,-1.1863,-0.5028
4,emotion_induction_1,ADK,phq_9,PHQ9,cross-corpus-882,RobustScaler,SVR,51,13,5,-0.3243,5.9197,7.0737,-0.3546,-0.9149,-0.4641
4,emotion_induction_1,ADK,phq_9,PHQ9,cross-corpus-882,RobustScaler,KNN,51,13,5,-0.0848,6.2564,7.9216,-0.0908,-1.4015,-0.2265
4,emotion_induction_1,ADK,phq_9,PHQ9,cross-corpus-882,RobustScaler,RF,51,13,5,-0.0769,5.0086,6.5124,-0.0974,-0.6231,-0.2376
4,emotion_induction_1,ADK,phq_9,PHQ9,cross-corpus-882,RobustScaler,ET,51,13,5,-0.2995,6.3446,7.9207,-0.3209,-1.401,-0.4199
4,emotion_induction_1,ADK,phq_9,PHQ9,cross-corpus-882,RobustScaler,GB,51,13,5,-0.1159,5.4526,6.8094,-0.138,-0.7745,-0.395
4,emotion_induction_1,ADK,phq_9,PHQ9,cross-corpus-882,RobustScaler,XGB,51,13,5,-0.0924,5.5044,7.166,-0.1126,-0.9652,-0.3812
4,emotion_induction_1,ADK,phq_9,PHQ9,cross-corpus-882,RobustScaler,MLP,51,13,5,-0.3714,6.315,7.7157,-0.384,-1.2783,-0.5663
4,emotion_induction_1,ADK,phq_9,PHQ9,cross-corpus-882,RobustScaler,LGBM,51,13,5,-0.3026,5.8262,7.353,-0.3383,-1.0691,-0.4755
4,emotion_induction_1,ADK,phq_9,PHQ9,cross-corpus-882,RobustScaler,CatBoost,51,13,5,-0.2127,5.9279,7.1732,-0.2377,-0.9692,-0.4448
5,emotion_induction_1,ADK,phq_9,PHQ9,cross-corpus-882,StandardScaler,Ridge,52,12,5,0.076,6.6011,7.7255,0.1228,-0.5561,0.2807
5,emotion_induction_1,ADK,phq_9,PHQ9,cross-corpus-882,StandardScaler,Lasso,52,12,5,0.0846,5.9649,6.8717,0.1724,-0.2312,0.3509
5,emotion_induction_1,ADK,phq_9,PHQ9,cross-corpus-882,StandardScaler,ElasticNet,52,12,5,0.06,6.1792,7.0916,0.1186,-0.3112,0.2281
5,emotion_induction_1,ADK,phq_9,PHQ9,cross-corpus-882,StandardScaler,SVR,52,12,5,0.2539,4.7513,5.7284,0.5059,0.1444,0.5298
5,emotion_induction_1,ADK,phq_9,PHQ9,cross-corpus-882,StandardScaler,KNN,52,12,5,0.1241,5.8519,6.7563,0.229,-0.1902,0.1933
5,emotion_induction_1,ADK,phq_9,PHQ9,cross-corpus-882,StandardScaler,RF,52,12,5,0.2065,6.1288,6.9195,0.3368,-0.2483,0.2807
5,emotion_induction_1,ADK,phq_9,PHQ9,cross-corpus-882,StandardScaler,ET,52,12,5,0.1733,6.2228,7.1666,0.2633,-0.3391,0.2526
5,emotion_induction_1,ADK,phq_9,PHQ9,cross-corpus-882,StandardScaler,GB,52,12,5,0.3231,5.5934,6.4142,0.4605,-0.0727,0.4246
5,emotion_induction_1,ADK,phq_9,PHQ9,cross-corpus-882,StandardScaler,XGB,52,12,5,0.2639,5.8841,6.5059,0.4236,-0.1036,0.4
5,emotion_induction_1,ADK,phq_9,PHQ9,cross-corpus-882,StandardScaler,MLP,52,12,5,0.0517,7.0298,9.1034,0.0684,-1.1607,0.2316
5,emotion_induction_1,ADK,phq_9,PHQ9,cross-corpus-882,StandardScaler,LGBM,52,12,5,0.1463,5.3918,6.3332,0.2808,-0.0458,0.2734
5,emotion_induction_1,ADK,phq_9,PHQ9,cross-corpus-882,StandardScaler,CatBoost,52,12,5,0.1852,5.7458,6.6139,0.3347,-0.1405,0.2982
5,emotion_induction_1,ADK,phq_9,PHQ9,cross-corpus-882,MinMaxScaler,Ridge,52,12,5,0.0042,6.7621,7.6588,0.0089,-0.5293,0.1018
5,emotion_induction_1,ADK,phq_9,PHQ9,cross-corpus-882,MinMaxScaler,Lasso,52,12,5,0.0142,6.6677,7.6044,0.0283,-0.5077,0.1614
5,emotion_induction_1,ADK,phq_9,PHQ9,cross-corpus-882,MinMaxScaler,ElasticNet,52,12,5,0.0192,6.4637,7.3009,0.0423,-0.3898,0.1789
5,emotion_induction_1,ADK,phq_9,PHQ9,cross-corpus-882,MinMaxScaler,SVR,52,12,5,0.0323,6.2386,7.1229,0.0663,-0.3228,0.1018
5,emotion_induction_1,ADK,phq_9,PHQ9,cross-corpus-882,MinMaxScaler,KNN,52,12,5,0.1186,5.9722,6.8707,0.205,-0.2308,0.1054
5,emotion_induction_1,ADK,phq_9,PHQ9,cross-corpus-882,MinMaxScaler,RF,52,12,5,0.0898,5.9583,6.9495,0.177,-0.2592,0.0982
5,emotion_induction_1,ADK,phq_9,PHQ9,cross-corpus-882,MinMaxScaler,ET,52,12,5,0.1897,6.07,7.0171,0.3344,-0.2838,0.2211
5,emotion_induction_1,ADK,phq_9,PHQ9,cross-corpus-882,MinMaxScaler,GB,52,12,5,0.1319,5.969,6.9995,0.1883,-0.2774,0.0421
5,emotion_induction_1,ADK,phq_9,PHQ9,cross-corpus-882,MinMaxScaler,XGB,52,12,5,0.0752,5.89,7.2959,0.0866,-0.3878,-0.1754
5,emotion_induction_1,ADK,phq_9,PHQ9,cross-corpus-882,MinMaxScaler,MLP,52,12,5,0.0004,6.7952,7.6239,0.0009,-0.5155,0.0211
5,emotion_induction_1,ADK,phq_9,PHQ9,cross-corpus-882,MinMaxScaler,LGBM,52,12,5,-0.0282,6.357,7.1759,-0.051,-0.3426,-0.0545
5,emotion_induction_1,ADK,phq_9,PHQ9,cross-corpus-882,MinMaxScaler,CatBoost,52,12,5,0.1641,5.7383,6.5756,0.3031,-0.1273,0.207
5,emotion_induction_1,ADK,phq_9,PHQ9,cross-corpus-882,RobustScaler,Ridge,52,12,5,0.0536,6.7779,7.6244,0.1059,-0.5156,0.1825
5,emotion_induction_1,ADK,phq_9,PHQ9,cross-corpus-882,RobustScaler,Lasso,52,12,5,0.0548,6.9858,7.926,0.1009,-0.6379,0.2175
5,emotion_induction_1,ADK,phq_9,PHQ9,cross-corpus-882,RobustScaler,ElasticNet,52,12,5,0.0556,6.9362,7.8414,0.1039,-0.6031,0.1825
5,emotion_induction_1,ADK,phq_9,PHQ9,cross-corpus-882,RobustScaler,SVR,52,12,5,0.1681,5.3247,6.0979,0.4346,0.0305,0.3825
5,emotion_induction_1,ADK,phq_9,PHQ9,cross-corpus-882,RobustScaler,KNN,52,12,5,0.1532,6.2619,7.2073,0.287,-0.3544,0.1599
5,emotion_induction_1,ADK,phq_9,PHQ9,cross-corpus-882,RobustScaler,RF,52,12,5,0.164,6.374,7.0208,0.3358,-0.2852,0.2982
5,emotion_induction_1,ADK,phq_9,PHQ9,cross-corpus-882,RobustScaler,ET,52,12,5,0.1874,6.3142,7.0904,0.3188,-0.3108,0.2772
5,emotion_induction_1,ADK,phq_9,PHQ9,cross-corpus-882,RobustScaler,GB,52,12,5,0.1274,7.0663,7.9993,0.2201,-0.6683,0.1193
5,emotion_induction_1,ADK,phq_9,PHQ9,cross-corpus-882,RobustScaler,XGB,52,12,5,0.0705,6.8652,7.5154,0.1176,-0.4726,0.1965
5,emotion_induction_1,ADK,phq_9,PHQ9,cross-corpus-882,RobustScaler,MLP,52,12,5,0.0562,7.6958,9.6226,0.079,-1.4142,0.2
5,emotion_induction_1,ADK,phq_9,PHQ9,cross-corpus-882,RobustScaler,LGBM,52,12,5,0.0049,6.4486,7.1154,0.0096,-0.32,-0.1385
5,emotion_induction_1,ADK,phq_9,PHQ9,cross-corpus-882,RobustScaler,CatBoost,52,12,5,0.2007,6.2851,6.8344,0.398,-0.2178,0.4316
1,emotion_induction_1,ADK,ads.1,CES-D,cross-corpus-882,StandardScaler,Ridge,50,13,10,0.0049,11.0706,13.5535,0.0117,-0.0983,-0.1293
1,emotion_induction_1,ADK,ads.1,CES-D,cross-corpus-882,StandardScaler,Lasso,50,13,10,0.0,11.6585,13.2306,,-0.0466,
1,emotion_induction_1,ADK,ads.1,CES-D,cross-corpus-882,StandardScaler,ElasticNet,50,13,10,-0.0064,11.337,13.7631,-0.0134,-0.1325,-0.1706
1,emotion_induction_1,ADK,ads.1,CES-D,cross-corpus-882,StandardScaler,SVR,50,13,10,-0.0513,11.6629,13.7428,-0.1946,-0.1292,-0.3384
1,emotion_induction_1,ADK,ads.1,CES-D,cross-corpus-882,StandardScaler,KNN,50,13,10,-0.0453,11.8723,14.412,-0.0729,-0.2419,-0.2036
1,emotion_induction_1,ADK,ads.1,CES-D,cross-corpus-882,StandardScaler,RF,50,13,10,-0.1234,13.0083,15.208,-0.2123,-0.3828,-0.2393
1,emotion_induction_1,ADK,ads.1,CES-D,cross-corpus-882,StandardScaler,ET,50,13,10,-0.1134,13.8686,15.9603,-0.1547,-0.523,-0.1376
1,emotion_induction_1,ADK,ads.1,CES-D,cross-corpus-882,StandardScaler,GB,50,13,10,-0.1454,14.6353,16.6063,-0.1946,-0.6488,-0.1788
1,emotion_induction_1,ADK,ads.1,CES-D,cross-corpus-882,StandardScaler,XGB,50,13,10,-0.1285,13.7093,16.2272,-0.1609,-0.5744,-0.1788
1,emotion_induction_1,ADK,ads.1,CES-D,cross-corpus-882,StandardScaler,MLP,50,13,10,-0.0837,12.6727,15.9553,-0.0928,-0.5221,-0.1348
1,emotion_induction_1,ADK,ads.1,CES-D,cross-corpus-882,StandardScaler,LGBM,50,13,10,-0.2167,14.0115,16.19,-0.3287,-0.5672,-0.2631
1,emotion_induction_1,ADK,ads.1,CES-D,cross-corpus-882,StandardScaler,CatBoost,50,13,10,-0.1103,13.2278,15.3191,-0.1723,-0.4031,-0.2558
1,emotion_induction_1,ADK,ads.1,CES-D,cross-corpus-882,MinMaxScaler,Ridge,50,13,5,-0.0642,12.4063,14.3998,-0.1089,-0.2397,-0.2834
1,emotion_induction_1,ADK,ads.1,CES-D,cross-corpus-882,MinMaxScaler,Lasso,50,13,5,-0.0681,12.5362,14.532,-0.1108,-0.2626,-0.3246
1,emotion_induction_1,ADK,ads.1,CES-D,cross-corpus-882,MinMaxScaler,ElasticNet,50,13,5,-0.0506,12.0414,14.0144,-0.1044,-0.1743,-0.3164
1,emotion_induction_1,ADK,ads.1,CES-D,cross-corpus-882,MinMaxScaler,SVR,50,13,5,-0.0475,12.6472,15.4172,-0.0597,-0.4211,-0.3246
1,emotion_induction_1,ADK,ads.1,CES-D,cross-corpus-882,MinMaxScaler,KNN,50,13,5,-0.0376,12.6153,14.6221,-0.0538,-0.2783,-0.2369
1,emotion_induction_1,ADK,ads.1,CES-D,cross-corpus-882,MinMaxScaler,RF,50,13,5,-0.0174,12.8403,14.5986,-0.0263,-0.2742,-0.1403
1,emotion_induction_1,ADK,ads.1,CES-D,cross-corpus-882,MinMaxScaler,ET,50,13,5,-0.0566,12.3732,14.8356,-0.0798,-0.3159,-0.2558
1,emotion_induction_1,ADK,ads.1,CES-D,cross-corpus-882,MinMaxScaler,GB,50,13,5,-0.0676,14.0877,15.8614,-0.0867,-0.5042,-0.2091
1,emotion_induction_1,ADK,ads.1,CES-D,cross-corpus-882,MinMaxScaler,XGB,50,13,5,0.0364,11.7809,14.4179,0.0455,-0.2429,-0.0083
1,emotion_induction_1,ADK,ads.1,CES-D,cross-corpus-882,MinMaxScaler,MLP,50,13,5,-0.0534,11.9722,14.1735,-0.0887,-0.2011,-0.1981
1,emotion_induction_1,ADK,ads.1,CES-D,cross-corpus-882,MinMaxScaler,LGBM,50,13,5,-0.1506,13.4042,15.5556,-0.214,-0.4468,-0.3444
1,emotion_induction_1,ADK,ads.1,CES-D,cross-corpus-882,MinMaxScaler,CatBoost,50,13,5,-0.017,12.034,14.4409,-0.024,-0.2468,-0.1183
1,emotion_induction_1,ADK,ads.1,CES-D,cross-corpus-882,RobustScaler,Ridge,50,13,5,-0.035,11.5106,14.0908,-0.0665,-0.1871,-0.2146
1,emotion_induction_1,ADK,ads.1,CES-D,cross-corpus-882,RobustScaler,Lasso,50,13,5,-0.1172,12.6475,15.0651,-0.1789,-0.357,-0.2834
1,emotion_induction_1,ADK,ads.1,CES-D,cross-corpus-882,RobustScaler,ElasticNet,50,13,5,-0.0133,11.1847,13.6351,-0.0343,-0.1116,-0.1816
1,emotion_induction_1,ADK,ads.1,CES-D,cross-corpus-882,RobustScaler,SVR,50,13,5,-0.0492,11.6399,13.6216,-0.1625,-0.1094,-0.3824
1,emotion_induction_1,ADK,ads.1,CES-D,cross-corpus-882,RobustScaler,KNN,50,13,5,-0.1876,12.8114,15.4626,-0.303,-0.4295,-0.3912
1,emotion_induction_1,ADK,ads.1,CES-D,cross-corpus-882,RobustScaler,RF,50,13,5,-0.0945,12.4926,14.8815,-0.1614,-0.3241,-0.2256
1,emotion_induction_1,ADK,ads.1,CES-D,cross-corpus-882,RobustScaler,ET,50,13,5,-0.0491,12.4426,14.7994,-0.0694,-0.3095,-0.2366
1,emotion_induction_1,ADK,ads.1,CES-D,cross-corpus-882,RobustScaler,GB,50,13,5,-0.1662,13.3141,16.0121,-0.2531,-0.5329,-0.3879
1,emotion_induction_1,ADK,ads.1,CES-D,cross-corpus-882,RobustScaler,XGB,50,13,5,-0.0777,13.3033,15.4899,-0.1022,-0.4346,-0.1953
1,emotion_induction_1,ADK,ads.1,CES-D,cross-corpus-882,RobustScaler,MLP,50,13,5,-0.0935,12.1087,14.8513,-0.1326,-0.3187,-0.1926
1,emotion_induction_1,ADK,ads.1,CES-D,cross-corpus-882,RobustScaler,LGBM,50,13,5,-0.1436,12.7433,15.2209,-0.2314,-0.3852,-0.3445
1,emotion_induction_1,ADK,ads.1,CES-D,cross-corpus-882,RobustScaler,CatBoost,50,13,5,-0.062,12.852,15.0494,-0.0994,-0.3541,-0.2256
2,emotion_induction_1,ADK,ads.1,CES-D,cross-corpus-882,StandardScaler,Ridge,50,13,10,-0.0848,12.4198,14.3577,-0.1346,-0.2274,-0.1763
2,emotion_induction_1,ADK,ads.1,CES-D,cross-corpus-882,StandardScaler,Lasso,50,13,10,-0.0583,12.0882,14.0101,-0.101,-0.1687,-0.0854
2,emotion_induction_1,ADK,ads.1,CES-D,cross-corpus-882,StandardScaler,ElasticNet,50,13,10,-0.044,11.8286,13.7411,-0.0889,-0.1242,-0.0744
2,emotion_induction_1,ADK,ads.1,CES-D,cross-corpus-882,StandardScaler,SVR,50,13,10,0.1274,11.6313,13.5697,0.1582,-0.0963,0.1791
2,emotion_induction_1,ADK,ads.1,CES-D,cross-corpus-882,StandardScaler,KNN,50,13,10,0.196,11.4062,12.9616,0.2807,-0.0003,0.3021
2,emotion_induction_1,ADK,ads.1,CES-D,cross-corpus-882,StandardScaler,RF,50,13,10,0.053,11.8281,13.6568,0.0749,-0.1105,-0.0551
2,emotion_induction_1,ADK,ads.1,CES-D,cross-corpus-882,StandardScaler,ET,50,13,10,0.094,11.9185,13.6898,0.1206,-0.1158,0.2066
2,emotion_induction_1,ADK,ads.1,CES-D,cross-corpus-882,StandardScaler,GB,50,13,10,0.0463,13.0402,14.8963,0.0548,-0.3212,-0.1295
2,emotion_induction_1,ADK,ads.1,CES-D,cross-corpus-882,StandardScaler,XGB,50,13,10,-0.1533,13.1616,15.0731,-0.2202,-0.3527,-0.2231
2,emotion_induction_1,ADK,ads.1,CES-D,cross-corpus-882,StandardScaler,MLP,50,13,10,0.1246,12.6268,14.04,0.1499,-0.1737,0.0744
2,emotion_induction_1,ADK,ads.1,CES-D,cross-corpus-882,StandardScaler,LGBM,50,13,10,-0.0536,12.992,14.4634,-0.075,-0.2455,-0.0731
2,emotion_induction_1,ADK,ads.1,CES-D,cross-corpus-882,StandardScaler,CatBoost,50,13,10,0.1082,11.4128,13.0742,0.1647,-0.0178,0.0716
2,emotion_induction_1,ADK,ads.1,CES-D,cross-corpus-882,MinMaxScaler,Ridge,50,13,5,-0.0564,12.0724,14.0842,-0.0925,-0.1811,-0.0716
2,emotion_induction_1,ADK,ads.1,CES-D,cross-corpus-882,MinMaxScaler,Lasso,50,13,5,-0.0793,12.3409,14.4339,-0.1181,-0.2404,-0.0441
2,emotion_induction_1,ADK,ads.1,CES-D,cross-corpus-882,MinMaxScaler,ElasticNet,50,13,5,-0.0564,12.0234,13.9832,-0.0983,-0.1642,-0.0496
2,emotion_induction_1,ADK,ads.1,CES-D,cross-corpus-882,MinMaxScaler,SVR,50,13,5,0.1265,12.0921,13.4783,0.1607,-0.0816,0.1047
2,emotion_induction_1,ADK,ads.1,CES-D,cross-corpus-882,MinMaxScaler,KNN,50,13,5,0.1392,10.8998,12.4531,0.3144,0.0767,0.3283
2,emotion_induction_1,ADK,ads.1,CES-D,cross-corpus-882,MinMaxScaler,RF,50,13,5,0.0609,11.6179,13.4582,0.0908,-0.0784,0.0937
2,emotion_induction_1,ADK,ads.1,CES-D,cross-corpus-882,MinMaxScaler,ET,50,13,5,0.1137,11.6341,13.1759,0.1626,-0.0336,0.0992
2,emotion_induction_1,ADK,ads.1,CES-D,cross-corpus-882,MinMaxScaler,GB,50,13,5,0.1815,12.2504,14.0734,0.2074,-0.1793,0.1515
2,emotion_induction_1,ADK,ads.1,CES-D,cross-corpus-882,MinMaxScaler,XGB,50,13,5,-0.1035,13.8795,15.7324,-0.1219,-0.4737,-0.1267
2,emotion_induction_1,ADK,ads.1,CES-D,cross-corpus-882,MinMaxScaler,MLP,50,13,5,-0.0226,11.9383,13.9192,-0.0359,-0.1536,-0.0193
2,emotion_induction_1,ADK,ads.1,CES-D,cross-corpus-882,MinMaxScaler,LGBM,50,13,5,-0.0095,12.9234,14.3351,-0.0126,-0.2235,0.0363
2,emotion_induction_1,ADK,ads.1,CES-D,cross-corpus-882,MinMaxScaler,CatBoost,50,13,5,0.0771,11.7074,13.5471,0.1065,-0.0927,0.1625
2,emotion_induction_1,ADK,ads.1,CES-D,cross-corpus-882,RobustScaler,Ridge,50,13,5,-0.0694,11.8588,14.1573,-0.1138,-0.1934,-0.0606
2,emotion_induction_1,ADK,ads.1,CES-D,cross-corpus-882,RobustScaler,Lasso,50,13,5,-0.0311,11.5382,13.6357,-0.0623,-0.107,-0.0523
2,emotion_induction_1,ADK,ads.1,CES-D,cross-corpus-882,RobustScaler,ElasticNet,50,13,5,-0.0365,11.5606,13.6096,-0.0781,-0.1028,-0.0523
2,emotion_induction_1,ADK,ads.1,CES-D,cross-corpus-882,RobustScaler,SVR,50,13,5,0.1627,10.7269,13.0468,0.2146,-0.0135,0.146
2,emotion_induction_1,ADK,ads.1,CES-D,cross-corpus-882,RobustScaler,KNN,50,13,5,0.205,10.0671,12.5584,0.2883,0.061,0.2369
2,emotion_induction_1,ADK,ads.1,CES-D,cross-corpus-882,RobustScaler,RF,50,13,5,0.0787,11.2936,13.496,0.1107,-0.0845,0.1102
2,emotion_induction_1,ADK,ads.1,CES-D,cross-corpus-882,RobustScaler,ET,50,13,5,0.1164,11.627,13.6139,0.1484,-0.1035,0.168
2,emotion_induction_1,ADK,ads.1,CES-D,cross-corpus-882,RobustScaler,GB,50,13,5,0.3424,10.5499,13.3514,0.364,-0.0614,0.259
2,emotion_induction_1,ADK,ads.1,CES-D,cross-corpus-882,RobustScaler,XGB,50,13,5,0.0321,12.7892,15.9468,0.0336,-0.5141,0.0386
2,emotion_induction_1,ADK,ads.1,CES-D,cross-corpus-882,RobustScaler,MLP,50,13,5,-0.069,12.3361,15.1189,-0.084,-0.361,-0.0882
2,emotion_induction_1,ADK,ads.1,CES-D,cross-corpus-882,RobustScaler,LGBM,50,13,5,-0.0555,12.3126,14.3611,-0.0816,-0.228,-0.1141
2,emotion_induction_1,ADK,ads.1,CES-D,cross-corpus-882,RobustScaler,CatBoost,50,13,5,0.1711,10.924,13.1045,0.2193,-0.0225,0.1433
3,emotion_induction_1,ADK,ads.1,CES-D,cross-corpus-882,StandardScaler,Ridge,50,13,5,-0.1309,11.6837,13.7888,-0.1371,-0.7573,-0.3989
3,emotion_induction_1,ADK,ads.1,CES-D,cross-corpus-882,StandardScaler,Lasso,50,13,5,-0.1291,11.6576,13.7591,-0.1353,-0.7497,-0.3989
3,emotion_induction_1,ADK,ads.1,CES-D,cross-corpus-882,StandardScaler,ElasticNet,50,13,5,-0.1547,10.7702,13.0152,-0.1758,-0.5656,-0.3686
3,emotion_induction_1,ADK,ads.1,CES-D,cross-corpus-882,StandardScaler,SVR,50,13,5,-0.3259,15.3169,17.8551,-0.3284,-1.9465,-0.4622
3,emotion_induction_1,ADK,ads.1,CES-D,cross-corpus-882,StandardScaler,KNN,50,13,5,-0.2294,12.603,14.9596,-0.2342,-1.0683,-0.3411
3,emotion_induction_1,ADK,ads.1,CES-D,cross-corpus-882,StandardScaler,RF,50,13,5,-0.1176,10.4316,12.0561,-0.1572,-0.3434,-0.2201
3,emotion_induction_1,ADK,ads.1,CES-D,cross-corpus-882,StandardScaler,ET,50,13,5,-0.3341,12.9819,14.9735,-0.3505,-1.0722,-0.4099
3,emotion_induction_1,ADK,ads.1,CES-D,cross-corpus-882,StandardScaler,GB,50,13,5,-0.1356,11.8617,13.4182,-0.1456,-0.6641,-0.2448
3,emotion_induction_1,ADK,ads.1,CES-D,cross-corpus-882,StandardScaler,XGB,50,13,5,-0.1204,11.8179,13.7548,-0.1262,-0.7486,-0.2641
3,emotion_induction_1,ADK,ads.1,CES-D,cross-corpus-882,StandardScaler,MLP,50,13,5,-0.1113,11.9506,14.2076,-0.1134,-0.8656,-0.3796
3,emotion_induction_1,ADK,ads.1,CES-D,cross-corpus-882,StandardScaler,LGBM,50,13,5,0.0624,9.1672,10.9246,0.0885,-0.103,0.0402
3,emotion_induction_1,ADK,ads.1,CES-D,cross-corpus-882,StandardScaler,CatBoost,50,13,5,-0.2566,11.5042,13.3142,-0.3053,-0.6384,-0.3604
3,emotion_induction_1,ADK,ads.1,CES-D,cross-corpus-882,MinMaxScaler,Ridge,50,13,5,-0.3185,11.2714,13.0283,-0.4429,-0.5688,-0.4072
3,emotion_induction_1,ADK,ads.1,CES-D,cross-corpus-882,MinMaxScaler,Lasso,50,13,5,-0.3427,11.534,13.3603,-0.4477,-0.6497,-0.4319
3,emotion_induction_1,ADK,ads.1,CES-D,cross-corpus-882,MinMaxScaler,ElasticNet,50,13,5,-0.3461,11.5592,13.4423,-0.4448,-0.6701,-0.4319
3,emotion_induction_1,ADK,ads.1,CES-D,cross-corpus-882,MinMaxScaler,SVR,50,13,5,-0.3612,11.7144,13.7772,-0.4632,-0.7543,-0.4072
3,emotion_induction_1,ADK,ads.1,CES-D,cross-corpus-882,MinMaxScaler,KNN,50,13,5,-0.3484,11.5696,13.2252,-0.4697,-0.6165,-0.4787
3,emotion_induction_1,ADK,ads.1,CES-D,cross-corpus-882,MinMaxScaler,RF,50,13,5,-0.0316,9.6306,11.4651,-0.0441,-0.2149,-0.1788
3,emotion_induction_1,ADK,ads.1,CES-D,cross-corpus-882,MinMaxScaler,ET,50,13,5,0.0287,9.3889,11.936,0.0327,-0.3167,-0.1018
3,emotion_induction_1,ADK,ads.1,CES-D,cross-corpus-882,MinMaxScaler,GB,50,13,5,0.0633,11.0819,13.0354,0.0646,-0.5705,-0.1596
3,emotion_induction_1,ADK,ads.1,CES-D,cross-corpus-882,MinMaxScaler,XGB,50,13,5,0.0201,10.9451,13.4578,0.0204,-0.6739,-0.2889
3,emotion_induction_1,ADK,ads.1,CES-D,cross-corpus-882,MinMaxScaler,MLP,50,13,5,-0.3239,11.4218,13.4332,-0.4101,-0.6678,-0.3961
3,emotion_induction_1,ADK,ads.1,CES-D,cross-corpus-882,MinMaxScaler,LGBM,50,13,5,0.0698,9.4445,11.4806,0.083,-0.2182,0.0875
3,emotion_induction_1,ADK,ads.1,CES-D,cross-corpus-882,MinMaxScaler,CatBoost,50,13,5,-0.0275,10.0958,12.216,-0.0316,-0.3792,-0.2036
3,emotion_induction_1,ADK,ads.1,CES-D,cross-corpus-882,RobustScaler,Ridge,50,13,10,0.0198,11.541,13.7308,0.0204,-0.7425,-0.2613
3,emotion_induction_1,ADK,ads.1,CES-D,cross-corpus-882,RobustScaler,Lasso,50,13,10,0.0548,9.5548,11.5765,0.0662,-0.2386,-0.2311
3,emotion_induction_1,ADK,ads.1,CES-D,cross-corpus-882,RobustScaler,ElasticNet,50,13,10,-0.0176,12.5509,15.1815,-0.0181,-1.1301,-0.3329
3,emotion_induction_1,ADK,ads.1,CES-D,cross-corpus-882,RobustScaler,SVR,50,13,10,-0.1002,10.5181,12.6857,-0.1166,-0.4873,-0.2476
3,emotion_induction_1,ADK,ads.1,CES-D,cross-corpus-882,RobustScaler,KNN,50,13,10,0.0407,10.6562,13.0073,0.0425,-0.5637,-0.0373
3,emotion_induction_1,ADK,ads.1,CES-D,cross-corpus-882,RobustScaler,RF,50,13,10,-0.0096,9.6169,12.0711,-0.0112,-0.3467,-0.099
3,emotion_induction_1,ADK,ads.1,CES-D,cross-corpus-882,RobustScaler,ET,50,13,10,0.0085,9.8154,12.2911,0.0094,-0.3963,-0.0825
3,emotion_induction_1,ADK,ads.1,CES-D,cross-corpus-882,RobustScaler,GB,50,13,10,-0.061,10.5922,13.8318,-0.0651,-0.7682,-0.1348
3,emotion_induction_1,ADK,ads.1,CES-D,cross-corpus-882,RobustScaler,XGB,50,13,10,-0.0486,10.117,12.8772,-0.053,-0.5326,-0.1843
3,emotion_induction_1,ADK,ads.1,CES-D,cross-corpus-882,RobustScaler,MLP,50,13,10,-0.0076,12.581,15.3012,-0.008,-1.1639,-0.3961
3,emotion_induction_1,ADK,ads.1,CES-D,cross-corpus-882,RobustScaler,LGBM,50,13,10,0.0618,9.5351,11.8895,0.0689,-0.3065,-0.0688
3,emotion_induction_1,ADK,ads.1,CES-D,cross-corpus-882,RobustScaler,CatBoost,50,13,10,-0.1091,10.0699,12.5849,-0.1283,-0.4638,-0.1788
4,emotion_induction_1,ADK,ads.1,CES-D,cross-corpus-882,StandardScaler,Ridge,51,12,5,-0.2821,11.0018,13.2238,-0.3205,-0.7503,-0.5509
4,emotion_induction_1,ADK,ads.1,CES-D,cross-corpus-882,StandardScaler,Lasso,51,12,5,-0.3125,11.26,13.5672,-0.3473,-0.8424,-0.5439
4,emotion_induction_1,ADK,ads.1,CES-D,cross-corpus-882,StandardScaler,ElasticNet,51,12,5,-0.2035,10.3984,12.4135,-0.2473,-0.5423,-0.5439
4,emotion_induction_1,ADK,ads.1,CES-D,cross-corpus-882,StandardScaler,SVR,51,12,5,0.1832,9.1903,10.4298,0.2121,-0.0888,-0.0351
4,emotion_induction_1,ADK,ads.1,CES-D,cross-corpus-882,StandardScaler,KNN,51,12,5,-0.261,11.7437,13.4308,-0.2843,-0.8055,-0.2724
4,emotion_induction_1,ADK,ads.1,CES-D,cross-corpus-882,StandardScaler,RF,51,12,5,0.2369,8.1618,9.6517,0.3084,0.0676,0.1825
4,emotion_induction_1,ADK,ads.1,CES-D,cross-corpus-882,StandardScaler,ET,51,12,5,0.2741,8.2739,9.9042,0.3136,0.0182,0.3474
4,emotion_induction_1,ADK,ads.1,CES-D,cross-corpus-882,StandardScaler,GB,51,12,5,0.0876,10.3325,12.0234,0.0911,-0.4469,-0.0842
4,emotion_induction_1,ADK,ads.1,CES-D,cross-corpus-882,StandardScaler,XGB,51,12,5,0.0581,9.8395,10.9363,0.0729,-0.1971,0.1018
4,emotion_induction_1,ADK,ads.1,CES-D,cross-corpus-882,StandardScaler,MLP,51,12,5,-0.1183,9.9681,12.094,-0.1401,-0.464,-0.3368
4,emotion_induction_1,ADK,ads.1,CES-D,cross-corpus-882,StandardScaler,LGBM,51,12,5,0.0369,9.1103,10.5175,0.0619,-0.1072,0.0
4,emotion_induction_1,ADK,ads.1,CES-D,cross-corpus-882,StandardScaler,CatBoost,51,12,5,0.1901,8.7722,10.1673,0.2305,-0.0347,0.1298
4,emotion_induction_1,ADK,ads.1,CES-D,cross-corpus-882,MinMaxScaler,Ridge,51,12,10,-0.0408,10.9249,12.259,-0.0461,-0.5042,-0.1123
4,emotion_induction_1,ADK,ads.1,CES-D,cross-corpus-882,MinMaxScaler,Lasso,51,12,10,-0.0395,11.3404,13.1183,-0.0424,-0.7225,-0.0877
4,emotion_induction_1,ADK,ads.1,CES-D,cross-corpus-882,MinMaxScaler,ElasticNet,51,12,10,-0.0687,11.4185,13.037,-0.075,-0.7012,-0.1333
4,emotion_induction_1,ADK,ads.1,CES-D,cross-corpus-882,MinMaxScaler,SVR,51,12,10,0.0881,10.8187,12.554,0.0933,-0.5775,0.0877
4,emotion_induction_1,ADK,ads.1,CES-D,cross-corpus-882,MinMaxScaler,KNN,51,12,10,-0.0131,10.1944,12.0743,-0.0164,-0.4592,0.0105
4,emotion_induction_1,ADK,ads.1,CES-D,cross-corpus-882,MinMaxScaler,RF,51,12,10,0.2028,8.9794,9.8164,0.2821,0.0355,0.2456
4,emotion_induction_1,ADK,ads.1,CES-D,cross-corpus-882,MinMaxScaler,ET,51,12,10,0.1234,9.9759,11.7041,0.1332,-0.3711,0.1053
4,emotion_induction_1,ADK,ads.1,CES-D,cross-corpus-882,MinMaxScaler,GB,51,12,10,0.1129,10.4045,11.7736,0.1205,-0.3874,0.1088
4,emotion_induction_1,ADK,ads.1,CES-D,cross-corpus-882,MinMaxScaler,XGB,51,12,10,0.1243,10.3071,11.6494,0.1363,-0.3583,0.1368
4,emotion_induction_1,ADK,ads.1,CES-D,cross-corpus-882,MinMaxScaler,MLP,51,12,10,0.0291,9.1639,10.2204,0.059,-0.0455,0.1684
4,emotion_induction_1,ADK,ads.1,CES-D,cross-corpus-882,MinMaxScaler,LGBM,51,12,10,0.057,9.3616,10.6267,0.0867,-0.1303,-0.0317
4,emotion_induction_1,ADK,ads.1,CES-D,cross-corpus-882,MinMaxScaler,CatBoost,51,12,10,0.1261,9.7408,10.9418,0.1521,-0.1983,0.1474
4,emotion_induction_1,ADK,ads.1,CES-D,cross-corpus-882,RobustScaler,Ridge,51,12,5,-0.1574,11.9823,15.952,-0.1668,-1.547,-0.1825
4,emotion_induction_1,ADK,ads.1,CES-D,cross-corpus-882,RobustScaler,Lasso,51,12,5,-0.1554,11.9656,15.9239,-0.1648,-1.538,-0.1825
4,emotion_induction_1,ADK,ads.1,CES-D,cross-corpus-882,RobustScaler,ElasticNet,51,12,5,-0.1921,11.4669,14.7357,-0.1984,-1.1734,-0.1404
4,emotion_induction_1,ADK,ads.1,CES-D,cross-corpus-882,RobustScaler,SVR,51,12,5,0.274,8.1291,9.5935,0.3496,0.0788,0.1684
4,emotion_induction_1,ADK,ads.1,CES-D,cross-corpus-882,RobustScaler,KNN,51,12,5,0.2714,8.0231,10.2464,0.4092,-0.0508,0.2548
4,emotion_induction_1,ADK,ads.1,CES-D,cross-corpus-882,RobustScaler,RF,51,12,5,0.0882,8.557,9.9838,0.1628,0.0023,-0.1088
4,emotion_induction_1,ADK,ads.1,CES-D,cross-corpus-882,RobustScaler,ET,51,12,5,0.1575,9.0999,11.4143,0.184,-0.304,0.0877
4,emotion_induction_1,ADK,ads.1,CES-D,cross-corpus-882,RobustScaler,GB,51,12,5,0.024,10.1237,12.5903,0.0257,-0.5866,-0.0035
4,emotion_induction_1,ADK,ads.1,CES-D,cross-corpus-882,RobustScaler,XGB,51,12,5,0.0607,9.2824,11.0774,0.077,-0.2282,0.0105
4,emotion_induction_1,ADK,ads.1,CES-D,cross-corpus-882,RobustScaler,MLP,51,12,5,-0.0653,10.4603,12.5076,-0.081,-0.5658,-0.0737
4,emotion_induction_1,ADK,ads.1,CES-D,cross-corpus-882,RobustScaler,LGBM,51,12,5,-0.0877,9.556,11.3632,-0.1372,-0.2924,-0.2435
4,emotion_induction_1,ADK,ads.1,CES-D,cross-corpus-882,RobustScaler,CatBoost,51,12,5,0.0265,9.5554,11.501,0.0327,-0.3239,-0.1053
5,emotion_induction_1,ADK,ads.1,CES-D,cross-corpus-882,StandardScaler,Ridge,51,12,5,0.1399,11.2731,12.9285,0.1796,-0.1822,0.1786
5,emotion_induction_1,ADK,ads.1,CES-D,cross-corpus-882,StandardScaler,Lasso,51,12,5,0.0706,11.1928,12.6184,0.1028,-0.1261,0.0946
5,emotion_induction_1,ADK,ads.1,CES-D,cross-corpus-882,StandardScaler,ElasticNet,51,12,5,0.0958,10.8704,12.3349,0.1445,-0.0761,0.0946
5,emotion_induction_1,ADK,ads.1,CES-D,cross-corpus-882,StandardScaler,SVR,51,12,5,-0.0274,11.0771,12.9801,-0.0458,-0.1916,-0.1646
5,emotion_induction_1,ADK,ads.1,CES-D,cross-corpus-882,StandardScaler,KNN,51,12,5,-0.2457,13.4215,15.7084,-0.2817,-0.7452,-0.2935
5,emotion_induction_1,ADK,ads.1,CES-D,cross-corpus-882,StandardScaler,RF,51,12,5,-0.1129,11.7962,14.2049,-0.1365,-0.4271,-0.1856
5,emotion_induction_1,ADK,ads.1,CES-D,cross-corpus-882,StandardScaler,ET,51,12,5,-0.1673,12.3815,14.5803,-0.2008,-0.5036,-0.2837
5,emotion_induction_1,ADK,ads.1,CES-D,cross-corpus-882,StandardScaler,GB,51,12,5,-0.0934,12.2138,15.0163,-0.1006,-0.5948,-0.0666
5,emotion_induction_1,ADK,ads.1,CES-D,cross-corpus-882,StandardScaler,XGB,51,12,5,-0.1766,13.4462,15.7561,-0.1879,-0.7558,-0.2347
5,emotion_induction_1,ADK,ads.1,CES-D,cross-corpus-882,StandardScaler,MLP,51,12,5,0.1701,12.1656,14.8046,0.2154,-0.5502,0.1716
5,emotion_induction_1,ADK,ads.1,CES-D,cross-corpus-882,StandardScaler,LGBM,51,12,5,0.0786,10.9507,12.4406,0.1099,-0.0946,0.1357
5,emotion_induction_1,ADK,ads.1,CES-D,cross-corpus-882,StandardScaler,CatBoost,51,12,5,-0.1757,12.7616,14.9942,-0.2001,-0.5901,-0.1856
5,emotion_induction_1,ADK,ads.1,CES-D,cross-corpus-882,MinMaxScaler,Ridge,51,12,5,0.0294,12.7432,14.3014,0.034,-0.4466,-0.0035
5,emotion_induction_1,ADK,ads.1,CES-D,cross-corpus-882,MinMaxScaler,Lasso,51,12,5,0.0808,12.4267,14.3598,0.0924,-0.4584,0.1716
5,emotion_induction_1,ADK,ads.1,CES-D,cross-corpus-882,MinMaxScaler,ElasticNet,51,12,5,0.0272,11.8985,13.3363,0.035,-0.2579,0.1436
5,emotion_induction_1,ADK,ads.1,CES-D,cross-corpus-882,MinMaxScaler,SVR,51,12,5,0.0126,11.6867,12.9355,0.0177,-0.1835,0.1436
5,emotion_induction_1,ADK,ads.1,CES-D,cross-corpus-882,MinMaxScaler,KNN,51,12,5,-0.161,10.9509,13.629,-0.2738,-0.3138,-0.1541
5,emotion_induction_1,ADK,ads.1,CES-D,cross-corpus-882,MinMaxScaler,RF,51,12,5,0.0719,11.9457,12.9185,0.0929,-0.1803,0.007
5,emotion_induction_1,ADK,ads.1,CES-D,cross-corpus-882,MinMaxScaler,ET,51,12,5,0.1311,11.4845,12.6673,0.1577,-0.1349,0.1401
5,emotion_induction_1,ADK,ads.1,CES-D,cross-corpus-882,MinMaxScaler,GB,51,12,5,0.1677,11.8376,13.0749,0.1826,-0.2091,0.1331
5,emotion_induction_1,ADK,ads.1,CES-D,cross-corpus-882,MinMaxScaler,XGB,51,12,5,0.2461,10.9514,12.5041,0.2674,-0.1058,0.2312
5,emotion_induction_1,ADK,ads.1,CES-D,cross-corpus-882,MinMaxScaler,MLP,51,12,5,0.0033,12.9524,14.415,0.0038,-0.4697,0.0035
5,emotion_induction_1,ADK,ads.1,CES-D,cross-corpus-882,MinMaxScaler,LGBM,51,12,5,-0.0166,11.5644,13.1181,-0.0238,-0.2171,-0.025
5,emotion_induction_1,ADK,ads.1,CES-D,cross-corpus-882,MinMaxScaler,CatBoost,51,12,5,0.1295,11.5282,12.5714,0.1603,-0.1178,0.042
5,emotion_induction_1,ADK,ads.1,CES-D,cross-corpus-882,RobustScaler,Ridge,51,12,5,0.3243,10.1384,11.71,0.4138,0.0302,0.3958
5,emotion_induction_1,ADK,ads.1,CES-D,cross-corpus-882,RobustScaler,Lasso,51,12,5,0.2995,10.1603,11.6568,0.3813,0.039,0.4483
5,emotion_induction_1,ADK,ads.1,CES-D,cross-corpus-882,RobustScaler,ElasticNet,51,12,5,0.3204,9.8193,11.1769,0.429,0.1165,0.3958
5,emotion_induction_1,ADK,ads.1,CES-D,cross-corpus-882,RobustScaler,SVR,51,12,5,0.0104,10.8871,12.9288,0.0149,-0.1822,0.1121
5,emotion_induction_1,ADK,ads.1,CES-D,cross-corpus-882,RobustScaler,KNN,51,12,5,-0.0741,12.0872,13.967,-0.0915,-0.3797,-0.1366
5,emotion_induction_1,ADK,ads.1,CES-D,cross-corpus-882,RobustScaler,RF,51,12,5,0.058,10.5867,12.7475,0.0779,-0.1493,0.042
5,emotion_induction_1,ADK,ads.1,CES-D,cross-corpus-882,RobustScaler,ET,51,12,5,0.1169,10.9194,12.8388,0.1384,-0.1658,0.1156
5,emotion_induction_1,ADK,ads.1,CES-D,cross-corpus-882,RobustScaler,GB,51,12,5,0.1502,11.8131,14.0259,0.1551,-0.3914,0.1786
5,emotion_induction_1,ADK,ads.1,CES-D,cross-corpus-882,RobustScaler,XGB,51,12,5,0.1109,11.7152,14.0372,0.1154,-0.3936,0.0981
5,emotion_induction_1,ADK,ads.1,CES-D,cross-corpus-882,RobustScaler,MLP,51,12,5,0.0182,10.5977,14.4441,0.0193,-0.4756,0.0666
5,emotion_induction_1,ADK,ads.1,CES-D,cross-corpus-882,RobustScaler,LGBM,51,12,5,0.0988,10.6923,12.2677,0.1424,-0.0644,0.0646
5,emotion_induction_1,ADK,ads.1,CES-D,cross-corpus-882,RobustScaler,CatBoost,51,12,5,0.0208,11.022,13.4996,0.0245,-0.2889,-0.049
1,emotion_induction_1,ADK,HRSD_6.1,HRSD6,cross-corpus-882,StandardScaler,Ridge,46,12,5,-0.0659,5.1807,6.1106,-0.0921,-0.6418,0.0036
1,emotion_induction_1,ADK,HRSD_6.1,HRSD6,cross-corpus-882,StandardScaler,Lasso,46,12,5,-0.1307,6.0068,7.0075,-0.1839,-1.1591,-0.2104
1,emotion_induction_1,ADK,HRSD_6.1,HRSD6,cross-corpus-882,StandardScaler,ElasticNet,46,12,5,-0.0963,5.5704,6.5682,-0.1316,-0.8969,-0.1355
1,emotion_induction_1,ADK,HRSD_6.1,HRSD6,cross-corpus-882,StandardScaler,SVR,46,12,5,-0.1978,5.8597,7.036,-0.2478,-1.1767,-0.3067
1,emotion_induction_1,ADK,HRSD_6.1,HRSD6,cross-corpus-882,StandardScaler,KNN,46,12,5,-0.1376,5.8333,6.6944,-0.174,-0.9705,-0.2916
1,emotion_induction_1,ADK,HRSD_6.1,HRSD6,cross-corpus-882,StandardScaler,RF,46,12,5,-0.1371,5.1225,5.9027,-0.1877,-0.532,-0.1089
1,emotion_induction_1,ADK,HRSD_6.1,HRSD6,cross-corpus-882,StandardScaler,ET,46,12,5,-0.1541,4.9233,5.8476,-0.2349,-0.5035,-0.2175
1,emotion_induction_1,ADK,HRSD_6.1,HRSD6,cross-corpus-882,StandardScaler,GB,46,12,5,-0.2561,5.5261,6.629,-0.3066,-0.9322,-0.2425
1,emotion_induction_1,ADK,HRSD_6.1,HRSD6,cross-corpus-882,StandardScaler,XGB,46,12,5,-0.2505,6.0531,7.1279,-0.2844,-1.2339,-0.271
1,emotion_induction_1,ADK,HRSD_6.1,HRSD6,cross-corpus-882,StandardScaler,MLP,46,12,5,-0.1922,7.695,9.3928,-0.2671,-2.8792,-0.2888
1,emotion_induction_1,ADK,HRSD_6.1,HRSD6,cross-corpus-882,StandardScaler,LGBM,46,12,5,-0.1614,5.4025,6.0641,-0.221,-0.6169,-0.025
1,emotion_induction_1,ADK,HRSD_6.1,HRSD6,cross-corpus-882,StandardScaler,CatBoost,46,12,5,-0.1135,5.0489,5.7417,-0.1654,-0.4496,-0.1141
1,emotion_induction_1,ADK,HRSD_6.1,HRSD6,cross-corpus-882,MinMaxScaler,Ridge,46,12,10,0.0577,4.576,6.08,0.0719,-0.6254,0.3174
1,emotion_induction_1,ADK,HRSD_6.1,HRSD6,cross-corpus-882,MinMaxScaler,Lasso,46,12,10,0.0381,4.8215,6.2769,0.0485,-0.7324,0.2567
1,emotion_induction_1,ADK,HRSD_6.1,HRSD6,cross-corpus-882,MinMaxScaler,ElasticNet,46,12,10,0.0624,4.3222,5.7851,0.0772,-0.4715,0.3067
1,emotion_induction_1,ADK,HRSD_6.1,HRSD6,cross-corpus-882,MinMaxScaler,SVR,46,12,10,0.1019,4.1878,5.4939,0.1205,-0.3271,0.1034
1,emotion_induction_1,ADK,HRSD_6.1,HRSD6,cross-corpus-882,MinMaxScaler,KNN,46,12,10,-0.1373,4.7778,6.0584,-0.1563,-0.6138,-0.1268
1,emotion_induction_1,ADK,HRSD_6.1,HRSD6,cross-corpus-882,MinMaxScaler,RF,46,12,10,0.0708,4.4392,5.2904,0.1141,-0.2306,0.1177
1,emotion_induction_1,ADK,HRSD_6.1,HRSD6,cross-corpus-882,MinMaxScaler,ET,46,12,10,-0.0033,4.745,5.6455,-0.0047,-0.4014,0.0321
1,emotion_induction_1,ADK,HRSD_6.1,HRSD6,cross-corpus-882,MinMaxScaler,GB,46,12,10,0.0883,4.6214,5.3486,0.1228,-0.2578,0.2746
1,emotion_induction_1,ADK,HRSD_6.1,HRSD6,cross-corpus-882,MinMaxScaler,XGB,46,12,10,-0.0359,5.1204,6.1513,-0.0436,-0.6637,-0.0392
1,emotion_induction_1,ADK,HRSD_6.1,HRSD6,cross-corpus-882,MinMaxScaler,MLP,46,12,10,0.1081,4.4963,6.3083,0.117,-0.7498,0.189
1,emotion_induction_1,ADK,HRSD_6.1,HRSD6,cross-corpus-882,MinMaxScaler,LGBM,46,12,10,0.0587,4.6483,5.29,0.0943,-0.2304,0.0677
1,emotion_induction_1,ADK,HRSD_6.1,HRSD6,cross-corpus-882,MinMaxScaler,CatBoost,46,12,10,0.098,4.3827,5.2403,0.149,-0.2074,0.1569
1,emotion_induction_1,ADK,HRSD_6.1,HRSD6,cross-corpus-882,RobustScaler,Ridge,46,12,5,-0.1495,5.716,6.7135,-0.1895,-0.9818,-0.2924
1,emotion_induction_1,ADK,HRSD_6.1,HRSD6,cross-corpus-882,RobustScaler,Lasso,46,12,5,-0.1554,6.0423,7.1512,-0.1916,-1.2486,-0.2924
1,emotion_induction_1,ADK,HRSD_6.1,HRSD6,cross-corpus-882,RobustScaler,ElasticNet,46,12,5,-0.1285,5.0921,5.9102,-0.2101,-0.5359,-0.3316
1,emotion_induction_1,ADK,HRSD_6.1,HRSD6,cross-corpus-882,RobustScaler,SVR,46,12,5,-0.267,5.5329,6.9214,-0.3129,-1.1064,-0.2995
1,emotion_induction_1,ADK,HRSD_6.1,HRSD6,cross-corpus-882,RobustScaler,KNN,46,12,5,-0.402,5.6667,7.046,-0.4523,-1.1829,-0.4065
1,emotion_induction_1,ADK,HRSD_6.1,HRSD6,cross-corpus-882,RobustScaler,RF,46,12,5,-0.1325,4.8878,5.977,-0.1855,-0.5708,-0.082
1,emotion_induction_1,ADK,HRSD_6.1,HRSD6,cross-corpus-882,RobustScaler,ET,46,12,5,-0.1259,4.9767,6.1379,-0.1559,-0.6565,-0.1355
1,emotion_induction_1,ADK,HRSD_6.1,HRSD6,cross-corpus-882,RobustScaler,GB,46,12,5,-0.2777,6.2617,7.6185,-0.3232,-1.5521,-0.1605
1,emotion_induction_1,ADK,HRSD_6.1,HRSD6,cross-corpus-882,RobustScaler,XGB,46,12,5,-0.1229,5.5931,6.6681,-0.1548,-0.9551,-0.025
1,emotion_induction_1,ADK,HRSD_6.1,HRSD6,cross-corpus-882,RobustScaler,MLP,46,12,5,-0.2672,9.6162,12.0781,-0.4148,-5.4143,-0.3851
1,emotion_induction_1,ADK,HRSD_6.1,HRSD6,cross-corpus-882,RobustScaler,LGBM,46,12,5,-0.1731,5.3266,6.3161,-0.2236,-0.7541,-0.1009
1,emotion_induction_1,ADK,HRSD_6.1,HRSD6,cross-corpus-882,RobustScaler,CatBoost,46,12,5,-0.108,4.9337,6.0067,-0.1438,-0.5864,-0.0428
2,emotion_induction_1,ADK,HRSD_6.1,HRSD6,cross-corpus-882,StandardScaler,Ridge,46,12,5,-0.1114,6.061,7.1807,-0.1408,-0.4913,0.0742
2,emotion_induction_1,ADK,HRSD_6.1,HRSD6,cross-corpus-882,StandardScaler,Lasso,46,12,5,-0.114,6.2018,7.4122,-0.137,-0.589,0.0742
2,emotion_induction_1,ADK,HRSD_6.1,HRSD6,cross-corpus-882,StandardScaler,ElasticNet,46,12,5,-0.1131,6.1385,7.3067,-0.1388,-0.5441,0.0742
2,emotion_induction_1,ADK,HRSD_6.1,HRSD6,cross-corpus-882,StandardScaler,SVR,46,12,5,0.055,4.9961,6.2764,0.173,-0.1393,0.1873
2,emotion_induction_1,ADK,HRSD_6.1,HRSD6,cross-corpus-882,StandardScaler,KNN,46,12,5,0.0685,5.1429,6.1448,0.1203,-0.092,0.3849
2,emotion_induction_1,ADK,HRSD_6.1,HRSD6,cross-corpus-882,StandardScaler,RF,46,12,5,0.0648,5.0354,5.9681,0.1341,-0.0301,0.0212
2,emotion_induction_1,ADK,HRSD_6.1,HRSD6,cross-corpus-882,StandardScaler,ET,46,12,5,0.033,5.075,6.1111,0.064,-0.0801,0.1237
2,emotion_induction_1,ADK,HRSD_6.1,HRSD6,cross-corpus-882,StandardScaler,GB,46,12,5,0.1003,5.318,6.1653,0.1791,-0.0993,0.0813
2,emotion_induction_1,ADK,HRSD_6.1,HRSD6,cross-corpus-882,StandardScaler,XGB,46,12,5,0.0657,5.3616,6.2884,0.1118,-0.1437,0.0353
2,emotion_induction_1,ADK,HRSD_6.1,HRSD6,cross-corpus-882,StandardScaler,MLP,46,12,5,-0.1318,5.9543,7.4802,-0.1697,-0.6183,0.0707
2,emotion_induction_1,ADK,HRSD_6.1,HRSD6,cross-corpus-882,StandardScaler,LGBM,46,12,5,0.0875,4.8726,5.9825,0.2159,-0.0351,0.1745
2,emotion_induction_1,ADK,HRSD_6.1,HRSD6,cross-corpus-882,StandardScaler,CatBoost,46,12,5,0.0303,5.0869,6.0647,0.0888,-0.0637,0.053
2,emotion_induction_1,ADK,HRSD_6.1,HRSD6,cross-corpus-882,MinMaxScaler,Ridge,46,12,10,-0.0282,5.4988,6.5556,-0.0498,-0.2429,0.0035
2,emotion_induction_1,ADK,HRSD_6.1,HRSD6,cross-corpus-882,MinMaxScaler,Lasso,46,12,10,-0.0465,5.5777,6.6215,-0.0714,-0.268,0.0813
2,emotion_induction_1,ADK,HRSD_6.1,HRSD6,cross-corpus-882,MinMaxScaler,ElasticNet,46,12,10,0.0045,5.3049,6.2033,0.0117,-0.1129,0.0318
2,emotion_induction_1,ADK,HRSD_6.1,HRSD6,cross-corpus-882,MinMaxScaler,SVR,46,12,10,0.0386,5.1541,6.3384,0.0965,-0.1619,0.0141
2,emotion_induction_1,ADK,HRSD_6.1,HRSD6,cross-corpus-882,MinMaxScaler,KNN,46,12,10,0.0372,5.2222,6.1674,0.0749,-0.1001,0.078
2,emotion_induction_1,ADK,HRSD_6.1,HRSD6,cross-corpus-882,MinMaxScaler,RF,46,12,10,-0.03,5.2696,6.1966,-0.1451,-0.1105,-0.0318
2,emotion_induction_1,ADK,HRSD_6.1,HRSD6,cross-corpus-882,MinMaxScaler,ET,46,12,10,0.0745,5.0942,5.9897,0.1436,-0.0376,0.1802
2,emotion_induction_1,ADK,HRSD_6.1,HRSD6,cross-corpus-882,MinMaxScaler,GB,46,12,10,-0.0361,5.4366,6.244,-0.0675,-0.1276,0.0212
2,emotion_induction_1,ADK,HRSD_6.1,HRSD6,cross-corpus-882,MinMaxScaler,XGB,46,12,10,0.0348,5.1966,6.0439,0.0831,-0.0565,0.1095
2,emotion_induction_1,ADK,HRSD_6.1,HRSD6,cross-corpus-882,MinMaxScaler,MLP,46,12,10,-0.0616,5.6708,6.8186,-0.0925,-0.3446,0.106
2,emotion_induction_1,ADK,HRSD_6.1,HRSD6,cross-corpus-882,MinMaxScaler,LGBM,46,12,10,-0.0025,5.3247,6.0629,-0.0076,-0.0631,-0.1679
2,emotion_induction_1,ADK,HRSD_6.1,HRSD6,cross-corpus-882,MinMaxScaler,CatBoost,46,12,10,0.1003,4.9534,5.8568,0.3592,0.0079,0.2262
2,emotion_induction_1,ADK,HRSD_6.1,HRSD6,cross-corpus-882,RobustScaler,Ridge,46,12,5,0.0671,5.1852,6.3607,0.1338,-0.1701,0.1449
2,emotion_induction_1,ADK,HRSD_6.1,HRSD6,cross-corpus-882,RobustScaler,Lasso,46,12,5,0.0721,5.1211,6.275,0.1498,-0.1388,0.1979
2,emotion_induction_1,ADK,HRSD_6.1,HRSD6,cross-corpus-882,RobustScaler,ElasticNet,46,12,5,0.062,5.1121,6.3189,0.1306,-0.1548,0.159
2,emotion_induction_1,ADK,HRSD_6.1,HRSD6,cross-corpus-882,RobustScaler,SVR,46,12,5,0.0895,4.8108,6.2172,0.2989,-0.1179,0.2721
2,emotion_induction_1,ADK,HRSD_6.1,HRSD6,cross-corpus-882,RobustScaler,KNN,46,12,5,0.0679,5.0833,6.1327,0.1533,-0.0877,0.1257
2,emotion_induction_1,ADK,HRSD_6.1,HRSD6,cross-corpus-882,RobustScaler,RF,46,12,5,0.0351,5.0661,6.1558,0.0975,-0.096,-0.0389
2,emotion_induction_1,ADK,HRSD_6.1,HRSD6,cross-corpus-882,RobustScaler,ET,46,12,5,0.1107,4.6697,5.9895,0.2188,-0.0375,-0.0212
2,emotion_induction_1,ADK,HRSD_6.1,HRSD6,cross-corpus-882,RobustScaler,GB,46,12,5,0.1242,5.2147,6.2628,0.1914,-0.1344,0.0601
2,emotion_induction_1,ADK,HRSD_6.1,HRSD6,cross-corpus-882,RobustScaler,XGB,46,12,5,-0.0183,5.3896,6.6216,-0.0302,-0.2681,-0.0671
2,emotion_induction_1,ADK,HRSD_6.1,HRSD6,cross-corpus-882,RobustScaler,MLP,46,12,5,0.0553,4.7822,6.2115,0.1348,-0.1159,0.1343
2,emotion_induction_1,ADK,HRSD_6.1,HRSD6,cross-corpus-882,RobustScaler,LGBM,46,12,5,0.0565,5.1198,5.9732,0.1444,-0.0319,0.0179
2,emotion_induction_1,ADK,HRSD_6.1,HRSD6,cross-corpus-882,RobustScaler,CatBoost,46,12,5,0.0837,4.9101,6.0239,0.2247,-0.0495,-0.0459
3,emotion_induction_1,ADK,HRSD_6.1,HRSD6,cross-corpus-882,StandardScaler,Ridge,46,12,10,-0.0419,5.8922,7.2142,-0.063,-0.5198,-0.2434
3,emotion_induction_1,ADK,HRSD_6.1,HRSD6,cross-corpus-882,StandardScaler,Lasso,46,12,10,-0.0543,5.8519,7.0479,-0.0855,-0.4506,-0.254
3,emotion_induction_1,ADK,HRSD_6.1,HRSD6,cross-corpus-882,StandardScaler,ElasticNet,46,12,10,-0.0341,5.9153,7.2734,-0.05,-0.5449,-0.2222
3,emotion_induction_1,ADK,HRSD_6.1,HRSD6,cross-corpus-882,StandardScaler,SVR,46,12,10,-0.0458,6.0208,7.4038,-0.0754,-0.6008,-0.1094
3,emotion_induction_1,ADK,HRSD_6.1,HRSD6,cross-corpus-882,StandardScaler,KNN,46,12,10,0.1225,5.5667,6.5457,0.1996,-0.2513,-0.0036
3,emotion_induction_1,ADK,HRSD_6.1,HRSD6,cross-corpus-882,StandardScaler,RF,46,12,10,-0.0132,5.4408,6.8434,-0.0291,-0.3677,0.0212
3,emotion_induction_1,ADK,HRSD_6.1,HRSD6,cross-corpus-882,StandardScaler,ET,46,12,10,-0.1028,5.8133,7.3371,-0.235,-0.5721,-0.3286
3,emotion_induction_1,ADK,HRSD_6.1,HRSD6,cross-corpus-882,StandardScaler,GB,46,12,10,0.0264,5.8179,7.523,0.0419,-0.6528,-0.1552
3,emotion_induction_1,ADK,HRSD_6.1,HRSD6,cross-corpus-882,StandardScaler,XGB,46,12,10,-0.0518,6.0727,7.778,-0.0796,-0.7667,-0.1834
3,emotion_induction_1,ADK,HRSD_6.1,HRSD6,cross-corpus-882,StandardScaler,MLP,46,12,10,0.0676,6.0193,7.0663,0.0957,-0.4582,-0.1799
3,emotion_induction_1,ADK,HRSD_6.1,HRSD6,cross-corpus-882,StandardScaler,LGBM,46,12,10,0.035,5.1527,6.4143,0.0682,-0.2015,-0.159
3,emotion_induction_1,ADK,HRSD_6.1,HRSD6,cross-corpus-882,StandardScaler,CatBoost,46,12,10,-0.0567,5.5427,6.9715,-0.1126,-0.4193,-0.3739
3,emotion_induction_1,ADK,HRSD_6.1,HRSD6,cross-corpus-882,MinMaxScaler,Ridge,46,12,10,-0.1324,5.7964,6.9406,-0.3303,-0.4068,-0.4092
3,emotion_induction_1,ADK,HRSD_6.1,HRSD6,cross-corpus-882,MinMaxScaler,Lasso,46,12,10,-0.1374,5.7302,6.9314,-0.3658,-0.403,-0.4374
3,emotion_induction_1,ADK,HRSD_6.1,HRSD6,cross-corpus-882,MinMaxScaler,ElasticNet,46,12,10,-0.1145,5.648,6.7244,-0.4157,-0.3205,-0.4833
3,emotion_induction_1,ADK,HRSD_6.1,HRSD6,cross-corpus-882,MinMaxScaler,SVR,46,12,10,-0.0744,6.0379,7.6194,-0.1324,-0.6954,-0.1517
3,emotion_induction_1,ADK,HRSD_6.1,HRSD6,cross-corpus-882,MinMaxScaler,KNN,46,12,10,0.1009,5.6,6.5646,0.1634,-0.2585,-0.0601
3,emotion_induction_1,ADK,HRSD_6.1,HRSD6,cross-corpus-882,MinMaxScaler,RF,46,12,10,-0.0044,5.5875,7.0008,-0.01,-0.4313,-0.067
3,emotion_induction_1,ADK,HRSD_6.1,HRSD6,cross-corpus-882,MinMaxScaler,ET,46,12,10,-0.0896,5.765,7.3375,-0.211,-0.5723,-0.2716
3,emotion_induction_1,ADK,HRSD_6.1,HRSD6,cross-corpus-882,MinMaxScaler,GB,46,12,10,0.0212,5.4108,7.1199,0.039,-0.4804,-0.1446
3,emotion_induction_1,ADK,HRSD_6.1,HRSD6,cross-corpus-882,MinMaxScaler,XGB,46,12,10,0.0365,5.6259,7.2842,0.062,-0.5495,0.0952
3,emotion_induction_1,ADK,HRSD_6.1,HRSD6,cross-corpus-882,MinMaxScaler,MLP,46,12,10,-0.1504,5.8642,7.0354,-0.367,-0.4455,-0.4057
3,emotion_induction_1,ADK,HRSD_6.1,HRSD6,cross-corpus-882,MinMaxScaler,LGBM,46,12,10,-0.0514,5.7615,7.0515,-0.0788,-0.4521,-0.194
3,emotion_induction_1,ADK,HRSD_6.1,HRSD6,cross-corpus-882,MinMaxScaler,CatBoost,46,12,10,-0.0397,5.9493,7.3856,-0.0783,-0.5929,-0.1975
3,emotion_induction_1,ADK,HRSD_6.1,HRSD6,cross-corpus-882,RobustScaler,Ridge,46,12,5,-0.1739,6.2292,7.0412,-0.3246,-0.4478,-0.5326
3,emotion_induction_1,ADK,HRSD_6.1,HRSD6,cross-corpus-882,RobustScaler,Lasso,46,12,5,-0.0121,5.3621,6.2778,-0.0506,-0.1509,-0.1199
3,emotion_induction_1,ADK,HRSD_6.1,HRSD6,cross-corpus-882,RobustScaler,ElasticNet,46,12,5,-0.1287,5.8657,6.6609,-0.3765,-0.2957,-0.4621
3,emotion_induction_1,ADK,HRSD_6.1,HRSD6,cross-corpus-882,RobustScaler,SVR,46,12,5,-0.0516,5.8824,6.9604,-0.1315,-0.4148,-0.2081
3,emotion_induction_1,ADK,HRSD_6.1,HRSD6,cross-corpus-882,RobustScaler,KNN,46,12,5,-0.1769,6.25,7.2619,-0.2767,-0.54,-0.4717
3,emotion_induction_1,ADK,HRSD_6.1,HRSD6,cross-corpus-882,RobustScaler,RF,46,12,5,-0.0624,5.7041,6.7436,-0.1278,-0.328,-0.2646
3,emotion_induction_1,ADK,HRSD_6.1,HRSD6,cross-corpus-882,RobustScaler,ET,46,12,5,-0.0544,5.7808,6.9122,-0.0984,-0.3953,-0.2187
3,emotion_induction_1,ADK,HRSD_6.1,HRSD6,cross-corpus-882,RobustScaler,GB,46,12,5,0.0744,5.6962,6.712,0.0871,-0.3156,0.0071
3,emotion_induction_1,ADK,HRSD_6.1,HRSD6,cross-corpus-882,RobustScaler,XGB,46,12,5,0.0296,6.2515,7.3177,0.0347,-0.5638,-0.0353
3,emotion_induction_1,ADK,HRSD_6.1,HRSD6,cross-corpus-882,RobustScaler,MLP,46,12,5,-0.1651,6.5244,7.4432,-0.2429,-0.6179,-0.3034
3,emotion_induction_1,ADK,HRSD_6.1,HRSD6,cross-corpus-882,RobustScaler,LGBM,46,12,5,-0.1443,6.0867,7.1436,-0.227,-0.4903,-0.3251
3,emotion_induction_1,ADK,HRSD_6.1,HRSD6,cross-corpus-882,RobustScaler,CatBoost,46,12,5,-0.0046,5.7214,6.7481,-0.0076,-0.3298,-0.1587
4,emotion_induction_1,ADK,HRSD_6.1,HRSD6,cross-corpus-882,StandardScaler,Ridge,47,11,10,0.1994,6.7311,14.2327,0.531,-19.257,0.447
4,emotion_induction_1,ADK,HRSD_6.1,HRSD6,cross-corpus-882,StandardScaler,Lasso,47,11,10,-0.1284,3.0427,3.9725,-0.143,-0.5781,0.0461
4,emotion_induction_1,ADK,HRSD_6.1,HRSD6,cross-corpus-882,StandardScaler,ElasticNet,47,11,10,-0.1275,3.1276,4.0293,-0.1485,-0.6235,-0.0645
4,emotion_induction_1,ADK,HRSD_6.1,HRSD6,cross-corpus-882,StandardScaler,SVR,47,11,10,0.0329,3.6173,3.9661,0.0344,-0.573,0.1337
4,emotion_induction_1,ADK,HRSD_6.1,HRSD6,cross-corpus-882,StandardScaler,KNN,47,11,10,-0.0809,3.5758,4.3158,-0.0918,-0.8626,-0.0509
4,emotion_induction_1,ADK,HRSD_6.1,HRSD6,cross-corpus-882,StandardScaler,RF,47,11,10,-0.2607,3.4755,4.2458,-0.3108,-0.8027,-0.1751
4,emotion_induction_1,ADK,HRSD_6.1,HRSD6,cross-corpus-882,StandardScaler,ET,47,11,10,-0.0525,3.2836,3.893,-0.0605,-0.5155,-0.0184
4,emotion_induction_1,ADK,HRSD_6.1,HRSD6,cross-corpus-882,StandardScaler,GB,47,11,10,-0.4164,4.4816,5.1652,-0.4172,-1.668,-0.3687
4,emotion_induction_1,ADK,HRSD_6.1,HRSD6,cross-corpus-882,StandardScaler,XGB,47,11,10,-0.2056,4.1729,5.0645,-0.206,-1.5649,0.0277
4,emotion_induction_1,ADK,HRSD_6.1,HRSD6,cross-corpus-882,StandardScaler,MLP,47,11,10,0.0473,24.144,60.1899,0.4858,-361.283,0.212
4,emotion_induction_1,ADK,HRSD_6.1,HRSD6,cross-corpus-882,StandardScaler,LGBM,47,11,10,-0.2981,3.5997,4.383,-0.3227,-0.921,-0.1732
4,emotion_induction_1,ADK,HRSD_6.1,HRSD6,cross-corpus-882,StandardScaler,CatBoost,47,11,10,-0.3918,3.6147,4.5053,-0.4323,-1.0298,-0.295
4,emotion_induction_1,ADK,HRSD_6.1,HRSD6,cross-corpus-882,MinMaxScaler,Ridge,47,11,10,0.0586,2.839,3.7926,0.0734,-0.4383,0.0461
4,emotion_induction_1,ADK,HRSD_6.1,HRSD6,cross-corpus-882,MinMaxScaler,Lasso,47,11,10,0.0001,2.8576,3.8058,0.0002,-0.4484,0.0553
4,emotion_induction_1,ADK,HRSD_6.1,HRSD6,cross-corpus-882,MinMaxScaler,ElasticNet,47,11,10,0.0121,3.0724,4.1128,0.0145,-0.6915,0.0599
4,emotion_induction_1,ADK,HRSD_6.1,HRSD6,cross-corpus-882,MinMaxScaler,SVR,47,11,10,0.2308,2.3818,3.0299,0.3145,0.082,0.3364
4,emotion_induction_1,ADK,HRSD_6.1,HRSD6,cross-corpus-882,MinMaxScaler,KNN,47,11,10,-0.2361,3.1636,4.2529,-0.2944,-0.8087,-0.2056
4,emotion_induction_1,ADK,HRSD_6.1,HRSD6,cross-corpus-882,MinMaxScaler,RF,47,11,10,-0.0736,3.3205,4.3106,-0.0839,-0.8582,0.0046
4,emotion_induction_1,ADK,HRSD_6.1,HRSD6,cross-corpus-882,MinMaxScaler,ET,47,11,10,0.0324,3.2714,4.2156,0.0355,-0.7771,0.1014
4,emotion_induction_1,ADK,HRSD_6.1,HRSD6,cross-corpus-882,MinMaxScaler,GB,47,11,10,0.109,3.6511,4.8355,0.12,-1.3382,0.1705
4,emotion_induction_1,ADK,HRSD_6.1,HRSD6,cross-corpus-882,MinMaxScaler,XGB,47,11,10,0.1047,3.4897,4.1442,0.1067,-0.7174,0.235
4,emotion_induction_1,ADK,HRSD_6.1,HRSD6,cross-corpus-882,MinMaxScaler,MLP,47,11,10,0.0325,3.0002,3.9814,0.0404,-0.5851,0.083
4,emotion_induction_1,ADK,HRSD_6.1,HRSD6,cross-corpus-882,MinMaxScaler,LGBM,47,11,10,0.0274,2.8933,3.6376,0.0833,-0.3232,0.2168
4,emotion_induction_1,ADK,HRSD_6.1,HRSD6,cross-corpus-882,MinMaxScaler,CatBoost,47,11,10,-0.0202,3.6064,4.5445,-0.022,-1.0653,0.106
4,emotion_induction_1,ADK,HRSD_6.1,HRSD6,cross-corpus-882,RobustScaler,Ridge,47,11,5,-0.0801,2.9511,3.8916,-0.1161,-0.5145,-0.0415
4,emotion_induction_1,ADK,HRSD_6.1,HRSD6,cross-corpus-882,RobustScaler,Lasso,47,11,5,-0.1068,3.1112,3.9711,-0.1481,-0.5769,-0.2166
4,emotion_induction_1,ADK,HRSD_6.1,HRSD6,cross-corpus-882,RobustScaler,ElasticNet,47,11,5,-0.1108,2.9776,3.859,-0.1629,-0.4892,-0.1705
4,emotion_induction_1,ADK,HRSD_6.1,HRSD6,cross-corpus-882,RobustScaler,SVR,47,11,5,-0.2127,3.6075,4.4844,-0.2355,-1.011,-0.2074
4,emotion_induction_1,ADK,HRSD_6.1,HRSD6,cross-corpus-882,RobustScaler,KNN,47,11,5,-0.3291,3.7662,5.0069,-0.3947,-1.5069,-0.3056
4,emotion_induction_1,ADK,HRSD_6.1,HRSD6,cross-corpus-882,RobustScaler,RF,47,11,5,-0.126,3.3527,4.236,-0.1385,-0.7944,0.0507
4,emotion_induction_1,ADK,HRSD_6.1,HRSD6,cross-corpus-882,RobustScaler,ET,47,11,5,-0.0789,3.3527,4.475,-0.0899,-1.0025,0.1198
4,emotion_induction_1,ADK,HRSD_6.1,HRSD6,cross-corpus-882,RobustScaler,GB,47,11,5,-0.0951,4.1909,5.0723,-0.0984,-1.5728,-0.0369
4,emotion_induction_1,ADK,HRSD_6.1,HRSD6,cross-corpus-882,RobustScaler,XGB,47,11,5,-0.0752,3.6401,4.4354,-0.0774,-0.9673,0.0461
4,emotion_induction_1,ADK,HRSD_6.1,HRSD6,cross-corpus-882,RobustScaler,MLP,47,11,5,-0.1686,3.3515,4.4265,-0.1807,-0.9594,-0.106
4,emotion_induction_1,ADK,HRSD_6.1,HRSD6,cross-corpus-882,RobustScaler,LGBM,47,11,5,-0.2572,3.2551,4.3253,-0.3507,-0.8708,-0.3147
4,emotion_induction_1,ADK,HRSD_6.1,HRSD6,cross-corpus-882,RobustScaler,CatBoost,47,11,5,-0.1368,3.5548,4.4092,-0.1516,-0.9441,-0.0184
5,emotion_induction_1,ADK,HRSD_6.1,HRSD6,cross-corpus-882,StandardScaler,Ridge,47,11,5,0.3084,4.1339,4.8116,0.3226,-0.0994,0.2397
5,emotion_induction_1,ADK,HRSD_6.1,HRSD6,cross-corpus-882,StandardScaler,Lasso,47,11,5,0.3235,4.2732,5.0611,0.3278,-0.2164,0.2996
5,emotion_induction_1,ADK,HRSD_6.1,HRSD6,cross-corpus-882,StandardScaler,ElasticNet,47,11,5,0.2272,3.9684,4.463,0.3107,0.0541,0.2397
5,emotion_induction_1,ADK,HRSD_6.1,HRSD6,cross-corpus-882,StandardScaler,SVR,47,11,5,0.2956,3.4762,4.3853,0.3613,0.0867,0.1014
5,emotion_induction_1,ADK,HRSD_6.1,HRSD6,cross-corpus-882,StandardScaler,KNN,47,11,5,-0.0049,4.5152,5.9467,-0.0051,-0.6794,-0.0093
5,emotion_induction_1,ADK,HRSD_6.1,HRSD6,cross-corpus-882,StandardScaler,RF,47,11,5,0.0406,4.3121,5.2573,0.0517,-0.3125,0.0
5,emotion_induction_1,ADK,HRSD_6.1,HRSD6,cross-corpus-882,StandardScaler,ET,47,11,5,0.2661,3.4641,4.5248,0.318,0.0278,0.1475
5,emotion_induction_1,ADK,HRSD_6.1,HRSD6,cross-corpus-882,StandardScaler,GB,47,11,5,0.1203,3.8853,5.1812,0.1345,-0.2748,0.0553
5,emotion_induction_1,ADK,HRSD_6.1,HRSD6,cross-corpus-882,StandardScaler,XGB,47,11,5,0.1152,3.8451,5.1599,0.1306,-0.2644,0.0184
5,emotion_induction_1,ADK,HRSD_6.1,HRSD6,cross-corpus-882,StandardScaler,MLP,47,11,5,0.3899,4.0286,4.7085,0.4055,-0.0528,0.106
5,emotion_induction_1,ADK,HRSD_6.1,HRSD6,cross-corpus-882,StandardScaler,LGBM,47,11,5,0.1087,4.0853,4.9634,0.1374,-0.1699,0.0668
5,emotion_induction_1,ADK,HRSD_6.1,HRSD6,cross-corpus-882,StandardScaler,CatBoost,47,11,5,0.1901,3.8111,4.72,0.2413,-0.058,0.1705
5,emotion_induction_1,ADK,HRSD_6.1,HRSD6,cross-corpus-882,MinMaxScaler,Ridge,47,11,5,0.3052,4.097,4.657,0.3349,-0.0299,0.4056
5,emotion_induction_1,ADK,HRSD_6.1,HRSD6,cross-corpus-882,MinMaxScaler,Lasso,47,11,5,0.3055,4.143,4.7183,0.3309,-0.0572,0.4056
5,emotion_induction_1,ADK,HRSD_6.1,HRSD6,cross-corpus-882,MinMaxScaler,ElasticNet,47,11,5,0.3298,4.241,4.9365,0.3394,-0.1572,0.4056
5,emotion_induction_1,ADK,HRSD_6.1,HRSD6,cross-corpus-882,MinMaxScaler,SVR,47,11,5,0.4272,3.6759,4.4015,0.442,0.08,0.4056
5,emotion_induction_1,ADK,HRSD_6.1,HRSD6,cross-corpus-882,MinMaxScaler,KNN,47,11,5,0.2054,3.8889,4.4357,0.3199,0.0656,0.3939
5,emotion_induction_1,ADK,HRSD_6.1,HRSD6,cross-corpus-882,MinMaxScaler,RF,47,11,5,0.1277,4.1769,4.862,0.1889,-0.1226,0.0924
5,emotion_induction_1,ADK,HRSD_6.1,HRSD6,cross-corpus-882,MinMaxScaler,ET,47,11,5,0.3598,3.8114,4.8825,0.3902,-0.132,0.3825
5,emotion_induction_1,ADK,HRSD_6.1,HRSD6,cross-corpus-882,MinMaxScaler,GB,47,11,5,0.2889,3.5252,4.6488,0.3325,-0.0263,0.3141
5,emotion_induction_1,ADK,HRSD_6.1,HRSD6,cross-corpus-882,MinMaxScaler,XGB,47,11,5,0.2352,3.8902,4.7218,0.2877,-0.0588,0.3187
5,emotion_induction_1,ADK,HRSD_6.1,HRSD6,cross-corpus-882,MinMaxScaler,MLP,47,11,5,0.2725,4.0159,4.5169,0.3178,0.0311,0.4056
5,emotion_induction_1,ADK,HRSD_6.1,HRSD6,cross-corpus-882,MinMaxScaler,LGBM,47,11,5,0.0824,4.0588,4.6947,0.1628,-0.0466,0.1171
5,emotion_induction_1,ADK,HRSD_6.1,HRSD6,cross-corpus-882,MinMaxScaler,CatBoost,47,11,5,0.2506,3.6963,4.4347,0.374,0.0661,0.194
5,emotion_induction_1,ADK,HRSD_6.1,HRSD6,cross-corpus-882,RobustScaler,Ridge,47,11,5,0.1637,4.1481,4.6965,0.23,-0.0475,0.2397
5,emotion_induction_1,ADK,HRSD_6.1,HRSD6,cross-corpus-882,RobustScaler,Lasso,47,11,5,0.2355,4.3833,5.1045,0.2557,-0.2373,0.1014
5,emotion_induction_1,ADK,HRSD_6.1,HRSD6,cross-corpus-882,RobustScaler,ElasticNet,47,11,5,0.1933,4.2514,4.8065,0.239,-0.0971,0.1613
5,emotion_induction_1,ADK,HRSD_6.1,HRSD6,cross-corpus-882,RobustScaler,SVR,47,11,5,0.2062,4.0158,4.5781,0.2567,0.0047,0.1475
5,emotion_induction_1,ADK,HRSD_6.1,HRSD6,cross-corpus-882,RobustScaler,KNN,47,11,5,0.065,4.4156,5.2704,0.0861,-0.3191,0.0023
5,emotion_induction_1,ADK,HRSD_6.1,HRSD6,cross-corpus-882,RobustScaler,RF,47,11,5,-0.045,4.6595,5.4088,-0.0609,-0.3893,-0.0691
5,emotion_induction_1,ADK,HRSD_6.1,HRSD6,cross-corpus-882,RobustScaler,ET,47,11,5,0.1335,4.6709,5.6208,0.1564,-0.5003,0.1797
5,emotion_induction_1,ADK,HRSD_6.1,HRSD6,cross-corpus-882,RobustScaler,GB,47,11,5,-0.116,5.6281,6.2291,-0.1292,-0.8426,-0.106
5,emotion_induction_1,ADK,HRSD_6.1,HRSD6,cross-corpus-882,RobustScaler,XGB,47,11,5,-0.1002,6.1107,6.8128,-0.113,-1.2041,-0.106
5,emotion_induction_1,ADK,HRSD_6.1,HRSD6,cross-corpus-882,RobustScaler,MLP,47,11,5,0.2699,4.1144,4.8678,0.2976,-0.1253,0.2258
5,emotion_induction_1,ADK,HRSD_6.1,HRSD6,cross-corpus-882,RobustScaler,LGBM,47,11,5,0.0304,4.1831,5.0903,0.0398,-0.2305,0.0186
5,emotion_induction_1,ADK,HRSD_6.1,HRSD6,cross-corpus-882,RobustScaler,CatBoost,47,11,5,-0.0566,4.6238,5.4025,-0.0753,-0.386,-0.1521
1,emotion_induction_1,ADK,HRSD_17.1,HRSD17,cross-corpus-882,StandardScaler,Ridge,46,12,5,-0.2202,7.5889,8.9457,-0.5842,-0.5547,-0.4956
1,emotion_induction_1,ADK,HRSD_17.1,HRSD17,cross-corpus-882,StandardScaler,Lasso,46,12,5,-0.2718,8.183,9.5767,-0.5247,-0.7818,-0.46
1,emotion_induction_1,ADK,HRSD_17.1,HRSD17,cross-corpus-882,StandardScaler,ElasticNet,46,12,5,-0.276,8.0674,9.4901,-0.5645,-0.7497,-0.4493
1,emotion_induction_1,ADK,HRSD_17.1,HRSD17,cross-corpus-882,StandardScaler,SVR,46,12,5,-0.2711,6.9033,8.3645,-0.6203,-0.3593,-0.4635
1,emotion_induction_1,ADK,HRSD_17.1,HRSD17,cross-corpus-882,StandardScaler,KNN,46,12,5,-0.5667,9.9444,11.8157,-0.6698,-1.7124,-0.6287
1,emotion_induction_1,ADK,HRSD_17.1,HRSD17,cross-corpus-882,StandardScaler,RF,46,12,5,-0.4,9.8983,11.9253,-0.5203,-1.7629,-0.5277
1,emotion_induction_1,ADK,HRSD_17.1,HRSD17,cross-corpus-882,StandardScaler,ET,46,12,5,-0.3712,9.2596,11.1113,-0.4879,-1.3986,-0.4778
1,emotion_induction_1,ADK,HRSD_17.1,HRSD17,cross-corpus-882,StandardScaler,GB,46,12,5,-0.3561,11.1636,14.4882,-0.451,-3.0781,-0.3601
1,emotion_induction_1,ADK,HRSD_17.1,HRSD17,cross-corpus-882,StandardScaler,XGB,46,12,5,-0.4792,10.7728,13.3163,-0.5395,-2.4451,-0.4921
1,emotion_induction_1,ADK,HRSD_17.1,HRSD17,cross-corpus-882,StandardScaler,MLP,46,12,5,-0.3906,8.8756,10.8607,-0.5071,-1.2916,-0.6062
1,emotion_induction_1,ADK,HRSD_17.1,HRSD17,cross-corpus-882,StandardScaler,LGBM,46,12,5,-0.3923,9.2232,10.6278,-0.7164,-1.1944,-0.5463
1,emotion_induction_1,ADK,HRSD_17.1,HRSD17,cross-corpus-882,StandardScaler,CatBoost,46,12,5,-0.446,10.2978,12.8008,-0.5342,-2.1835,-0.4528
1,emotion_induction_1,ADK,HRSD_17.1,HRSD17,cross-corpus-882,MinMaxScaler,Ridge,46,12,5,-0.3512,8.6078,10.2116,-0.5538,-1.0259,-0.4956
1,emotion_induction_1,ADK,HRSD_17.1,HRSD17,cross-corpus-882,MinMaxScaler,Lasso,46,12,5,-0.3698,8.9238,10.5768,-0.546,-1.1734,-0.4707
1,emotion_induction_1,ADK,HRSD_17.1,HRSD17,cross-corpus-882,MinMaxScaler,ElasticNet,46,12,5,-0.2701,7.9222,9.3426,-0.5466,-0.6958,-0.4707
1,emotion_induction_1,ADK,HRSD_17.1,HRSD17,cross-corpus-882,MinMaxScaler,SVR,46,12,5,-0.4051,7.7538,9.3071,-0.6001,-0.6829,-0.6597
1,emotion_induction_1,ADK,HRSD_17.1,HRSD17,cross-corpus-882,MinMaxScaler,KNN,46,12,5,-0.4186,9.9167,11.7941,-0.4616,-1.7025,-0.359
1,emotion_induction_1,ADK,HRSD_17.1,HRSD17,cross-corpus-882,MinMaxScaler,RF,46,12,5,-0.3515,8.5442,10.4323,-0.5155,-1.1144,-0.4671
1,emotion_induction_1,ADK,HRSD_17.1,HRSD17,cross-corpus-882,MinMaxScaler,ET,46,12,5,-0.3026,8.8392,10.6884,-0.4078,-1.2195,-0.3138
1,emotion_induction_1,ADK,HRSD_17.1,HRSD17,cross-corpus-882,MinMaxScaler,GB,46,12,5,-0.2519,10.5441,13.1896,-0.3119,-2.3798,-0.3067
1,emotion_induction_1,ADK,HRSD_17.1,HRSD17,cross-corpus-882,MinMaxScaler,XGB,46,12,5,-0.353,9.8194,11.8367,-0.3934,-1.722,-0.3566
1,emotion_induction_1,ADK,HRSD_17.1,HRSD17,cross-corpus-882,MinMaxScaler,MLP,46,12,5,-0.3717,8.3407,10.0518,-0.5535,-0.963,-0.4707
1,emotion_induction_1,ADK,HRSD_17.1,HRSD17,cross-corpus-882,MinMaxScaler,LGBM,46,12,5,-0.3781,8.774,10.1124,-0.7284,-0.9867,-0.6542
1,emotion_induction_1,ADK,HRSD_17.1,HRSD17,cross-corpus-882,MinMaxScaler,CatBoost,46,12,5,-0.2849,9.3274,11.3116,-0.3628,-1.4859,-0.328
1,emotion_induction_1,ADK,HRSD_17.1,HRSD17,cross-corpus-882,RobustScaler,Ridge,46,12,5,-0.1832,7.4539,8.6468,-0.6201,-0.4526,-0.435
1,emotion_induction_1,ADK,HRSD_17.1,HRSD17,cross-corpus-882,RobustScaler,Lasso,46,12,5,-0.0,6.5507,7.6315,,-0.1315,
1,emotion_induction_1,ADK,HRSD_17.1,HRSD17,cross-corpus-882,RobustScaler,ElasticNet,46,12,5,-0.2408,7.7663,9.0977,-0.598,-0.608,-0.4528
1,emotion_induction_1,ADK,HRSD_17.1,HRSD17,cross-corpus-882,RobustScaler,SVR,46,12,5,-0.4193,10.676,12.6072,-0.5267,-2.0879,-0.3922
1,emotion_induction_1,ADK,HRSD_17.1,HRSD17,cross-corpus-882,RobustScaler,KNN,46,12,5,-0.4634,8.6389,10.5797,-0.6319,-1.1746,-0.3209
1,emotion_induction_1,ADK,HRSD_17.1,HRSD17,cross-corpus-882,RobustScaler,RF,46,12,5,-0.4244,10.0133,12.294,-0.5393,-1.9364,-0.4386
1,emotion_induction_1,ADK,HRSD_17.1,HRSD17,cross-corpus-882,RobustScaler,ET,46,12,5,-0.3712,9.2596,11.1113,-0.4879,-1.3986,-0.4778
1,emotion_induction_1,ADK,HRSD_17.1,HRSD17,cross-corpus-882,RobustScaler,GB,46,12,5,-0.3428,11.056,14.4675,-0.4305,-3.0664,-0.3601
1,emotion_induction_1,ADK,HRSD_17.1,HRSD17,cross-corpus-882,RobustScaler,XGB,46,12,5,-0.4792,10.7728,13.3163,-0.5395,-2.4451,-0.4921
1,emotion_induction_1,ADK,HRSD_17.1,HRSD17,cross-corpus-882,RobustScaler,MLP,46,12,5,-0.3747,9.223,11.2299,-0.4862,-1.4501,-0.517
1,emotion_induction_1,ADK,HRSD_17.1,HRSD17,cross-corpus-882,RobustScaler,LGBM,46,12,5,-0.3878,9.1625,10.5764,-0.7119,-1.1732,-0.5478
1,emotion_induction_1,ADK,HRSD_17.1,HRSD17,cross-corpus-882,RobustScaler,CatBoost,46,12,5,-0.446,10.2978,12.8008,-0.5342,-2.1835,-0.4528
2,emotion_induction_1,ADK,HRSD_17.1,HRSD17,cross-corpus-882,StandardScaler,Ridge,46,12,5,0.3902,8.1314,10.0132,0.4057,-0.0689,0.3404
2,emotion_induction_1,ADK,HRSD_17.1,HRSD17,cross-corpus-882,StandardScaler,Lasso,46,12,5,0.3888,8.1143,10.0042,0.4047,-0.0669,0.3404
2,emotion_induction_1,ADK,HRSD_17.1,HRSD17,cross-corpus-882,StandardScaler,ElasticNet,46,12,5,0.3881,8.0969,9.9906,0.4044,-0.064,0.3404
2,emotion_induction_1,ADK,HRSD_17.1,HRSD17,cross-corpus-882,StandardScaler,SVR,46,12,5,0.2113,8.2713,10.3319,0.2857,-0.138,0.0807
2,emotion_induction_1,ADK,HRSD_17.1,HRSD17,cross-corpus-882,StandardScaler,KNN,46,12,5,0.122,8.8333,10.4093,0.1659,-0.1551,0.2077
2,emotion_induction_1,ADK,HRSD_17.1,HRSD17,cross-corpus-882,StandardScaler,RF,46,12,5,0.031,9.0533,10.4788,0.0622,-0.1706,-0.0877
2,emotion_induction_1,ADK,HRSD_17.1,HRSD17,cross-corpus-882,StandardScaler,ET,46,12,5,0.0884,9.0808,10.3058,0.1447,-0.1322,0.0596
2,emotion_induction_1,ADK,HRSD_17.1,HRSD17,cross-corpus-882,StandardScaler,GB,46,12,5,-0.0499,9.7785,11.7227,-0.0663,-0.465,-0.0281
2,emotion_induction_1,ADK,HRSD_17.1,HRSD17,cross-corpus-882,StandardScaler,XGB,46,12,5,0.0381,9.3525,11.0433,0.0527,-0.3001,0.1298
2,emotion_induction_1,ADK,HRSD_17.1,HRSD17,cross-corpus-882,StandardScaler,MLP,46,12,5,0.4458,9.3078,11.2603,0.4543,-0.3517,0.2
2,emotion_induction_1,ADK,HRSD_17.1,HRSD17,cross-corpus-882,StandardScaler,LGBM,46,12,5,0.1785,8.7447,10.2669,0.275,-0.1237,0.2222
2,emotion_induction_1,ADK,HRSD_17.1,HRSD17,cross-corpus-882,StandardScaler,CatBoost,46,12,5,-0.0155,9.3954,11.0316,-0.0252,-0.2973,-0.1123
2,emotion_induction_1,ADK,HRSD_17.1,HRSD17,cross-corpus-882,MinMaxScaler,Ridge,46,12,10,0.1885,8.3262,10.749,0.2245,-0.2317,0.186
2,emotion_induction_1,ADK,HRSD_17.1,HRSD17,cross-corpus-882,MinMaxScaler,Lasso,46,12,10,0.1895,8.5176,10.881,0.2132,-0.2622,0.186
2,emotion_induction_1,ADK,HRSD_17.1,HRSD17,cross-corpus-882,MinMaxScaler,ElasticNet,46,12,10,0.1617,8.1578,9.9363,0.259,-0.0525,0.186
2,emotion_induction_1,ADK,HRSD_17.1,HRSD17,cross-corpus-882,MinMaxScaler,SVR,46,12,10,0.2183,7.617,9.4909,0.4808,0.0397,0.3158
2,emotion_induction_1,ADK,HRSD_17.1,HRSD17,cross-corpus-882,MinMaxScaler,KNN,46,12,10,0.1209,8.1905,9.8425,0.3451,-0.0327,0.2807
2,emotion_induction_1,ADK,HRSD_17.1,HRSD17,cross-corpus-882,MinMaxScaler,RF,46,12,10,0.128,8.3892,9.7125,0.262,-0.0056,0.3234
2,emotion_induction_1,ADK,HRSD_17.1,HRSD17,cross-corpus-882,MinMaxScaler,ET,46,12,10,0.0213,8.7767,10.2906,0.041,-0.1289,-0.1018
2,emotion_induction_1,ADK,HRSD_17.1,HRSD17,cross-corpus-882,MinMaxScaler,GB,46,12,10,0.0506,9.7992,10.6722,0.065,-0.2142,0.0316
2,emotion_induction_1,ADK,HRSD_17.1,HRSD17,cross-corpus-882,MinMaxScaler,XGB,46,12,10,0.0833,9.1547,10.2686,0.1101,-0.1241,-0.0526
2,emotion_induction_1,ADK,HRSD_17.1,HRSD17,cross-corpus-882,MinMaxScaler,MLP,46,12,10,0.4264,6.9396,9.0238,0.4691,0.1319,0.3614
2,emotion_induction_1,ADK,HRSD_17.1,HRSD17,cross-corpus-882,MinMaxScaler,LGBM,46,12,10,0.1326,8.5189,9.8997,0.2387,-0.0448,0.3216
2,emotion_induction_1,ADK,HRSD_17.1,HRSD17,cross-corpus-882,MinMaxScaler,CatBoost,46,12,10,0.1132,8.3736,9.8305,0.2254,-0.0302,0.1474
2,emotion_induction_1,ADK,HRSD_17.1,HRSD17,cross-corpus-882,RobustScaler,Ridge,46,12,10,0.0186,8.4365,10.7159,0.0369,-0.2241,0.207
2,emotion_induction_1,ADK,HRSD_17.1,HRSD17,cross-corpus-882,RobustScaler,Lasso,46,12,10,0.1555,8.0038,9.9907,0.259,-0.0641,0.0386
2,emotion_induction_1,ADK,HRSD_17.1,HRSD17,cross-corpus-882,RobustScaler,ElasticNet,46,12,10,0.0897,8.3316,10.7992,0.1335,-0.2432,0.1509
2,emotion_induction_1,ADK,HRSD_17.1,HRSD17,cross-corpus-882,RobustScaler,SVR,46,12,10,0.1019,8.759,10.7844,0.198,-0.2398,0.0316
2,emotion_induction_1,ADK,HRSD_17.1,HRSD17,cross-corpus-882,RobustScaler,KNN,46,12,10,0.1009,8.0926,9.8067,0.2987,-0.0252,0.3023
2,emotion_induction_1,ADK,HRSD_17.1,HRSD17,cross-corpus-882,RobustScaler,RF,46,12,10,0.0495,8.5872,10.195,0.1385,-0.108,-0.0035
2,emotion_induction_1,ADK,HRSD_17.1,HRSD17,cross-corpus-882,RobustScaler,ET,46,12,10,0.0193,8.5875,10.2764,0.0539,-0.1258,-0.1018
2,emotion_induction_1,ADK,HRSD_17.1,HRSD17,cross-corpus-882,RobustScaler,GB,46,12,10,0.0627,9.7426,10.6727,0.0784,-0.2143,0.1053
2,emotion_induction_1,ADK,HRSD_17.1,HRSD17,cross-corpus-882,RobustScaler,XGB,46,12,10,0.1154,8.8647,10.0024,0.1603,-0.0666,-0.0175
2,emotion_induction_1,ADK,HRSD_17.1,HRSD17,cross-corpus-882,RobustScaler,MLP,46,12,10,0.5392,8.2136,11.0338,0.5653,-0.2978,0.2632
2,emotion_induction_1,ADK,HRSD_17.1,HRSD17,cross-corpus-882,RobustScaler,LGBM,46,12,10,0.1389,8.3939,9.7412,0.2665,-0.0116,0.2211
2,emotion_induction_1,ADK,HRSD_17.1,HRSD17,cross-corpus-882,RobustScaler,CatBoost,46,12,10,0.0637,8.6348,9.9818,0.1401,-0.0622,-0.0035
3,emotion_induction_1,ADK,HRSD_17.1,HRSD17,cross-corpus-882,StandardScaler,Ridge,46,12,5,-0.2369,9.7548,11.8811,-0.5256,-0.8054,-0.1378
3,emotion_induction_1,ADK,HRSD_17.1,HRSD17,cross-corpus-882,StandardScaler,Lasso,46,12,5,-0.2113,9.4095,11.2899,-0.5097,-0.6302,-0.0141
3,emotion_induction_1,ADK,HRSD_17.1,HRSD17,cross-corpus-882,StandardScaler,ElasticNet,46,12,5,-0.263,10.0439,12.3593,-0.5349,-0.9537,-0.2438
3,emotion_induction_1,ADK,HRSD_17.1,HRSD17,cross-corpus-882,StandardScaler,SVR,46,12,5,-0.2193,9.8999,12.273,-0.5219,-0.9265,-0.2474
3,emotion_induction_1,ADK,HRSD_17.1,HRSD17,cross-corpus-882,StandardScaler,KNN,46,12,5,-0.1171,9.3333,11.7226,-0.2683,-0.7576,-0.1307
3,emotion_induction_1,ADK,HRSD_17.1,HRSD17,cross-corpus-882,StandardScaler,RF,46,12,5,-0.0881,9.1676,11.2037,-0.224,-0.6054,-0.1555
3,emotion_induction_1,ADK,HRSD_17.1,HRSD17,cross-corpus-882,StandardScaler,ET,46,12,5,-0.1478,9.5517,11.7307,-0.3609,-0.76,-0.0954
3,emotion_induction_1,ADK,HRSD_17.1,HRSD17,cross-corpus-882,StandardScaler,GB,46,12,5,-0.1311,9.624,12.4662,-0.3435,-0.9876,-0.1082
3,emotion_induction_1,ADK,HRSD_17.1,HRSD17,cross-corpus-882,StandardScaler,XGB,46,12,5,-0.1758,9.9133,12.4975,-0.4105,-0.9976,-0.2513
3,emotion_induction_1,ADK,HRSD_17.1,HRSD17,cross-corpus-882,StandardScaler,MLP,46,12,5,-0.2625,10.2721,12.5975,-0.5141,-1.0297,-0.3569
3,emotion_induction_1,ADK,HRSD_17.1,HRSD17,cross-corpus-882,StandardScaler,LGBM,46,12,5,-0.0384,8.5314,10.3194,-0.0703,-0.362,0.0642
3,emotion_induction_1,ADK,HRSD_17.1,HRSD17,cross-corpus-882,StandardScaler,CatBoost,46,12,5,-0.1305,9.4062,11.5823,-0.3578,-0.7158,-0.1908
3,emotion_induction_1,ADK,HRSD_17.1,HRSD17,cross-corpus-882,MinMaxScaler,Ridge,46,12,5,-0.3817,10.7557,12.3065,-0.6173,-0.937,-0.4523
3,emotion_induction_1,ADK,HRSD_17.1,HRSD17,cross-corpus-882,MinMaxScaler,Lasso,46,12,5,-0.3787,10.7484,12.3331,-0.6097,-0.9454,-0.4523
3,emotion_induction_1,ADK,HRSD_17.1,HRSD17,cross-corpus-882,MinMaxScaler,ElasticNet,46,12,5,-0.3771,10.6855,12.1942,-0.624,-0.9018,-0.4523
3,emotion_induction_1,ADK,HRSD_17.1,HRSD17,cross-corpus-882,MinMaxScaler,SVR,46,12,5,-0.2356,10.0226,11.7006,-0.6593,-0.751,-0.4983
3,emotion_induction_1,ADK,HRSD_17.1,HRSD17,cross-corpus-882,MinMaxScaler,KNN,46,12,5,-0.4104,11.4833,12.85,-0.7006,-1.1119,-0.646
3,emotion_induction_1,ADK,HRSD_17.1,HRSD17,cross-corpus-882,MinMaxScaler,RF,46,12,5,-0.2564,10.5375,11.87,-0.4358,-0.802,-0.3074
3,emotion_induction_1,ADK,HRSD_17.1,HRSD17,cross-corpus-882,MinMaxScaler,ET,46,12,5,-0.3015,10.5833,12.2818,-0.4868,-0.9292,-0.4135
3,emotion_induction_1,ADK,HRSD_17.1,HRSD17,cross-corpus-882,MinMaxScaler,GB,46,12,5,-0.2434,10.9903,12.7816,-0.343,-1.0895,-0.2191
3,emotion_induction_1,ADK,HRSD_17.1,HRSD17,cross-corpus-882,MinMaxScaler,XGB,46,12,5,-0.0859,10.4243,11.7594,-0.1158,-0.7686,-0.0707
3,emotion_induction_1,ADK,HRSD_17.1,HRSD17,cross-corpus-882,MinMaxScaler,MLP,46,12,5,-0.268,9.7017,10.9641,-0.5823,-0.5375,-0.4523
3,emotion_induction_1,ADK,HRSD_17.1,HRSD17,cross-corpus-882,MinMaxScaler,LGBM,46,12,5,-0.0758,9.141,10.1777,-0.1736,-0.3248,-0.0966
3,emotion_induction_1,ADK,HRSD_17.1,HRSD17,cross-corpus-882,MinMaxScaler,CatBoost,46,12,5,-0.2805,10.9409,12.3636,-0.4229,-0.955,-0.2085
3,emotion_induction_1,ADK,HRSD_17.1,HRSD17,cross-corpus-882,RobustScaler,Ridge,46,12,5,-0.1559,9.3163,10.5437,-0.424,-0.4218,-0.3781
3,emotion_induction_1,ADK,HRSD_17.1,HRSD17,cross-corpus-882,RobustScaler,Lasso,46,12,5,-0.1785,9.4899,10.9092,-0.3051,-0.5221,-0.318
3,emotion_induction_1,ADK,HRSD_17.1,HRSD17,cross-corpus-882,RobustScaler,ElasticNet,46,12,5,-0.2056,9.7061,10.9755,-0.4205,-0.5407,-0.4205
3,emotion_induction_1,ADK,HRSD_17.1,HRSD17,cross-corpus-882,RobustScaler,SVR,46,12,5,-0.1082,9.3655,10.7246,-0.4963,-0.471,-0.4417
3,emotion_induction_1,ADK,HRSD_17.1,HRSD17,cross-corpus-882,RobustScaler,KNN,46,12,5,-0.2795,11.1667,12.2497,-0.4271,-0.9192,-0.3062
3,emotion_induction_1,ADK,HRSD_17.1,HRSD17,cross-corpus-882,RobustScaler,RF,46,12,5,-0.1457,9.8064,11.177,-0.3598,-0.5978,-0.311
3,emotion_induction_1,ADK,HRSD_17.1,HRSD17,cross-corpus-882,RobustScaler,ET,46,12,5,-0.1011,9.8525,11.4602,-0.2425,-0.6798,-0.0883
3,emotion_induction_1,ADK,HRSD_17.1,HRSD17,cross-corpus-882,RobustScaler,GB,46,12,5,0.0764,9.4134,10.9294,0.0924,-0.5278,0.1307
3,emotion_induction_1,ADK,HRSD_17.1,HRSD17,cross-corpus-882,RobustScaler,XGB,46,12,5,-0.0361,9.9582,11.3768,-0.0506,-0.6554,0.0212
3,emotion_induction_1,ADK,HRSD_17.1,HRSD17,cross-corpus-882,RobustScaler,MLP,46,12,5,-0.4492,12.8455,14.1552,-0.546,-1.5627,-0.5583
3,emotion_induction_1,ADK,HRSD_17.1,HRSD17,cross-corpus-882,RobustScaler,LGBM,46,12,5,-0.2028,9.8007,11.1627,-0.474,-0.5937,-0.4415
3,emotion_induction_1,ADK,HRSD_17.1,HRSD17,cross-corpus-882,RobustScaler,CatBoost,46,12,5,-0.1193,10.4808,11.8363,-0.1995,-0.7918,-0.2756
4,emotion_induction_1,ADK,HRSD_17.1,HRSD17,cross-corpus-882,StandardScaler,Ridge,47,11,5,-0.0328,9.2564,11.7235,-0.0459,-3.9318,-0.032
4,emotion_induction_1,ADK,HRSD_17.1,HRSD17,cross-corpus-882,StandardScaler,Lasso,47,11,5,-0.0378,9.1846,11.5987,-0.0523,-3.8274,-0.032
4,emotion_induction_1,ADK,HRSD_17.1,HRSD17,cross-corpus-882,StandardScaler,ElasticNet,47,11,5,-0.0385,9.4265,11.9098,-0.0545,-4.0898,-0.032
4,emotion_induction_1,ADK,HRSD_17.1,HRSD17,cross-corpus-882,StandardScaler,SVR,47,11,5,-0.1505,7.3526,8.9492,-0.2146,-1.8739,-0.1693
4,emotion_induction_1,ADK,HRSD_17.1,HRSD17,cross-corpus-882,StandardScaler,KNN,47,11,5,-0.2049,6.3636,7.7107,-0.2827,-1.1335,-0.3028
4,emotion_induction_1,ADK,HRSD_17.1,HRSD17,cross-corpus-882,StandardScaler,RF,47,11,5,-0.0095,7.75,8.8772,-0.0146,-1.8278,0.032
4,emotion_induction_1,ADK,HRSD_17.1,HRSD17,cross-corpus-882,StandardScaler,ET,47,11,5,0.0312,7.6364,8.8027,0.0436,-1.7805,0.032
4,emotion_induction_1,ADK,HRSD_17.1,HRSD17,cross-corpus-882,StandardScaler,GB,47,11,5,-0.0306,8.4717,10.2426,-0.0471,-2.7646,0.0824
4,emotion_induction_1,ADK,HRSD_17.1,HRSD17,cross-corpus-882,StandardScaler,XGB,47,11,5,-0.0562,8.1382,9.6336,-0.0807,-2.3302,0.1556
4,emotion_induction_1,ADK,HRSD_17.1,HRSD17,cross-corpus-882,StandardScaler,MLP,47,11,5,-0.0417,8.8041,11.3063,-0.0541,-3.5871,-0.2334
4,emotion_induction_1,ADK,HRSD_17.1,HRSD17,cross-corpus-882,StandardScaler,LGBM,47,11,5,-0.1057,5.9283,7.4387,-0.2024,-0.9856,0.0664
4,emotion_induction_1,ADK,HRSD_17.1,HRSD17,cross-corpus-882,StandardScaler,CatBoost,47,11,5,-0.1333,8.0607,9.4795,-0.2017,-2.2245,-0.0687
4,emotion_induction_1,ADK,HRSD_17.1,HRSD17,cross-corpus-882,MinMaxScaler,Ridge,47,11,5,-0.0327,5.7186,6.9643,-0.0436,-0.7404,0.0183
4,emotion_induction_1,ADK,HRSD_17.1,HRSD17,cross-corpus-882,MinMaxScaler,Lasso,47,11,5,-0.0393,5.8472,7.067,-0.0512,-0.7921,0.0458
4,emotion_induction_1,ADK,HRSD_17.1,HRSD17,cross-corpus-882,MinMaxScaler,ElasticNet,47,11,5,-0.0146,5.317,6.6609,-0.0209,-0.5921,0.0183
4,emotion_induction_1,ADK,HRSD_17.1,HRSD17,cross-corpus-882,MinMaxScaler,SVR,47,11,5,-0.1096,5.7069,7.3347,-0.1507,-0.9305,-0.0732
4,emotion_induction_1,ADK,HRSD_17.1,HRSD17,cross-corpus-882,MinMaxScaler,KNN,47,11,5,-0.1604,5.6162,7.5471,-0.2526,-1.0439,-0.2197
4,emotion_induction_1,ADK,HRSD_17.1,HRSD17,cross-corpus-882,MinMaxScaler,RF,47,11,5,0.0962,4.91,6.1011,0.1668,-0.3357,0.1693
4,emotion_induction_1,ADK,HRSD_17.1,HRSD17,cross-corpus-882,MinMaxScaler,ET,47,11,5,0.1783,4.5561,5.6764,0.3017,-0.1562,0.2929
4,emotion_induction_1,ADK,HRSD_17.1,HRSD17,cross-corpus-882,MinMaxScaler,GB,47,11,5,-0.0035,6.3654,7.8597,-0.0057,-1.2167,0.1032
4,emotion_induction_1,ADK,HRSD_17.1,HRSD17,cross-corpus-882,MinMaxScaler,XGB,47,11,5,0.1283,5.1136,6.64,0.159,-0.5821,0.1445
4,emotion_induction_1,ADK,HRSD_17.1,HRSD17,cross-corpus-882,MinMaxScaler,MLP,47,11,5,-0.0555,5.5505,7.0586,-0.0733,-0.7879,-0.0092
4,emotion_induction_1,ADK,HRSD_17.1,HRSD17,cross-corpus-882,MinMaxScaler,LGBM,47,11,5,0.0056,4.7764,6.7964,0.0086,-0.6575,0.0736
4,emotion_induction_1,ADK,HRSD_17.1,HRSD17,cross-corpus-882,MinMaxScaler,CatBoost,47,11,5,-0.0496,4.9021,6.6399,-0.0861,-0.5821,-0.0778
4,emotion_induction_1,ADK,HRSD_17.1,HRSD17,cross-corpus-882,RobustScaler,Ridge,47,11,5,-0.0199,7.1646,9.9988,-0.0287,-2.5875,0.0595
4,emotion_induction_1,ADK,HRSD_17.1,HRSD17,cross-corpus-882,RobustScaler,Lasso,47,11,5,-0.0182,6.771,9.2671,-0.0252,-2.0817,0.0595
4,emotion_induction_1,ADK,HRSD_17.1,HRSD17,cross-corpus-882,RobustScaler,ElasticNet,47,11,5,-0.0261,7.3154,10.2787,-0.0384,-2.7912,-0.0183
4,emotion_induction_1,ADK,HRSD_17.1,HRSD17,cross-corpus-882,RobustScaler,SVR,47,11,5,-0.0716,8.0215,10.1859,-0.1261,-2.7231,0.0503
4,emotion_induction_1,ADK,HRSD_17.1,HRSD17,cross-corpus-882,RobustScaler,KNN,47,11,5,0.0448,6.3818,7.992,0.0619,-1.292,0.2903
4,emotion_induction_1,ADK,HRSD_17.1,HRSD17,cross-corpus-882,RobustScaler,RF,47,11,5,-0.0357,6.0957,8.0059,-0.055,-1.2999,0.0412
4,emotion_induction_1,ADK,HRSD_17.1,HRSD17,cross-corpus-882,RobustScaler,ET,47,11,5,0.0955,5.9154,8.1576,0.1318,-1.3879,0.2243
4,emotion_induction_1,ADK,HRSD_17.1,HRSD17,cross-corpus-882,RobustScaler,GB,47,11,5,0.0794,7.0177,8.9026,0.1141,-1.844,0.2609
4,emotion_induction_1,ADK,HRSD_17.1,HRSD17,cross-corpus-882,RobustScaler,XGB,47,11,5,0.0128,6.6841,8.1702,0.0169,-1.3953,0.0595
4,emotion_induction_1,ADK,HRSD_17.1,HRSD17,cross-corpus-882,RobustScaler,MLP,47,11,5,-0.0693,7.7159,10.9301,-0.0949,-3.2869,-0.0595
4,emotion_induction_1,ADK,HRSD_17.1,HRSD17,cross-corpus-882,RobustScaler,LGBM,47,11,5,-0.159,5.748,8.0456,-0.2509,-1.3228,-0.1209
4,emotion_induction_1,ADK,HRSD_17.1,HRSD17,cross-corpus-882,RobustScaler,CatBoost,47,11,5,-0.0454,5.5844,7.87,-0.0626,-1.2225,-0.0137
5,emotion_induction_1,ADK,HRSD_17.1,HRSD17,cross-corpus-882,StandardScaler,Ridge,47,11,5,0.0561,5.6187,6.5643,0.158,0.0088,-0.1276
5,emotion_induction_1,ADK,HRSD_17.1,HRSD17,cross-corpus-882,StandardScaler,Lasso,47,11,5,0.0,6.2282,6.7493,,-0.0479,
5,emotion_induction_1,ADK,HRSD_17.1,HRSD17,cross-corpus-882,StandardScaler,ElasticNet,47,11,5,0.0935,5.5628,6.561,0.1782,0.0097,-0.1276
5,emotion_induction_1,ADK,HRSD_17.1,HRSD17,cross-corpus-882,StandardScaler,SVR,47,11,5,-0.0041,5.6247,6.7121,-0.0138,-0.0364,-0.3736
5,emotion_induction_1,ADK,HRSD_17.1,HRSD17,cross-corpus-882,StandardScaler,KNN,47,11,5,-0.1862,6.0,7.6462,-0.3004,-0.3449,-0.4348
5,emotion_induction_1,ADK,HRSD_17.1,HRSD17,cross-corpus-882,StandardScaler,RF,47,11,5,-0.2375,6.6038,7.6361,-0.4569,-0.3413,-0.5558
5,emotion_induction_1,ADK,HRSD_17.1,HRSD17,cross-corpus-882,StandardScaler,ET,47,11,5,-0.1498,7.9968,8.9519,-0.1568,-0.8435,-0.3645
5,emotion_induction_1,ADK,HRSD_17.1,HRSD17,cross-corpus-882,StandardScaler,GB,47,11,5,0.0906,7.5788,8.7107,0.0938,-0.7455,-0.1686
5,emotion_induction_1,ADK,HRSD_17.1,HRSD17,cross-corpus-882,StandardScaler,XGB,47,11,5,-0.1388,8.429,9.7627,-0.1425,-1.1925,-0.3645
5,emotion_induction_1,ADK,HRSD_17.1,HRSD17,cross-corpus-882,StandardScaler,MLP,47,11,5,0.3028,5.8056,6.9612,0.3145,-0.1147,0.0911
5,emotion_induction_1,ADK,HRSD_17.1,HRSD17,cross-corpus-882,StandardScaler,LGBM,47,11,5,-0.2014,6.3881,7.6806,-0.3215,-0.357,-0.394
5,emotion_induction_1,ADK,HRSD_17.1,HRSD17,cross-corpus-882,StandardScaler,CatBoost,47,11,5,-0.055,6.0363,7.412,-0.0742,-0.2638,-0.3098
5,emotion_induction_1,ADK,HRSD_17.1,HRSD17,cross-corpus-882,MinMaxScaler,Ridge,47,11,5,0.1158,5.6488,6.6189,0.1896,-0.0078,-0.0774
5,emotion_induction_1,ADK,HRSD_17.1,HRSD17,cross-corpus-882,MinMaxScaler,Lasso,47,11,5,0.1189,5.6067,6.6277,0.1863,-0.0105,-0.1093
5,emotion_induction_1,ADK,HRSD_17.1,HRSD17,cross-corpus-882,MinMaxScaler,ElasticNet,47,11,5,0.129,5.6771,6.6917,0.1852,-0.0301,-0.0774
5,emotion_induction_1,ADK,HRSD_17.1,HRSD17,cross-corpus-882,MinMaxScaler,SVR,47,11,5,0.0595,5.3917,6.6571,0.1135,-0.0195,-0.1002
5,emotion_induction_1,ADK,HRSD_17.1,HRSD17,cross-corpus-882,MinMaxScaler,KNN,47,11,5,-0.1896,6.7879,8.2632,-0.2221,-0.5707,-0.2713
5,emotion_induction_1,ADK,HRSD_17.1,HRSD17,cross-corpus-882,MinMaxScaler,RF,47,11,5,-0.033,5.9494,7.1004,-0.0586,-0.1598,-0.2877
5,emotion_induction_1,ADK,HRSD_17.1,HRSD17,cross-corpus-882,MinMaxScaler,ET,47,11,5,0.1237,7.1595,8.2108,0.1327,-0.5508,-0.0774
5,emotion_induction_1,ADK,HRSD_17.1,HRSD17,cross-corpus-882,MinMaxScaler,GB,47,11,5,0.0509,6.2802,7.3512,0.061,-0.2431,-0.2146
5,emotion_induction_1,ADK,HRSD_17.1,HRSD17,cross-corpus-882,MinMaxScaler,XGB,47,11,5,-0.0188,6.3989,7.6027,-0.0224,-0.3296,-0.2192
5,emotion_induction_1,ADK,HRSD_17.1,HRSD17,cross-corpus-882,MinMaxScaler,MLP,47,11,5,-0.0324,5.9541,6.7759,-0.1408,-0.0562,-0.1412
5,emotion_induction_1,ADK,HRSD_17.1,HRSD17,cross-corpus-882,MinMaxScaler,LGBM,47,11,5,-0.2122,6.5212,8.1471,-0.2699,-0.5269,-0.3422
5,emotion_induction_1,ADK,HRSD_17.1,HRSD17,cross-corpus-882,MinMaxScaler,CatBoost,47,11,5,-0.0626,6.1763,7.4006,-0.0862,-0.2599,-0.1595
5,emotion_induction_1,ADK,HRSD_17.1,HRSD17,cross-corpus-882,RobustScaler,Ridge,47,11,5,-0.0038,5.7766,6.7008,-0.0122,-0.0329,-0.0911
5,emotion_induction_1,ADK,HRSD_17.1,HRSD17,cross-corpus-882,RobustScaler,Lasso,47,11,5,-0.0254,5.9383,6.7451,-0.118,-0.0466,-0.2005
5,emotion_induction_1,ADK,HRSD_17.1,HRSD17,cross-corpus-882,RobustScaler,ElasticNet,47,11,5,-0.0285,5.9385,6.7501,-0.1362,-0.0482,-0.328
5,emotion_induction_1,ADK,HRSD_17.1,HRSD17,cross-corpus-882,RobustScaler,SVR,47,11,5,-0.0351,5.7656,6.7976,-0.155,-0.0629,-0.2916
5,emotion_induction_1,ADK,HRSD_17.1,HRSD17,cross-corpus-882,RobustScaler,KNN,47,11,5,0.1205,5.5859,6.9158,0.1515,-0.1002,-0.0638
5,emotion_induction_1,ADK,HRSD_17.1,HRSD17,cross-corpus-882,RobustScaler,RF,47,11,5,0.0139,5.8612,6.9575,0.0223,-0.1135,0.0364
5,emotion_induction_1,ADK,HRSD_17.1,HRSD17,cross-corpus-882,RobustScaler,ET,47,11,5,0.2259,5.7282,7.1642,0.2404,-0.1807,0.2551
5,emotion_induction_1,ADK,HRSD_17.1,HRSD17,cross-corpus-882,RobustScaler,GB,47,11,5,0.184,7.5534,8.8016,0.1861,-0.7821,0.0137
5,emotion_induction_1,ADK,HRSD_17.1,HRSD17,cross-corpus-882,RobustScaler,XGB,47,11,5,0.3379,5.7119,6.7991,0.3501,-0.0634,0.205
5,emotion_induction_1,ADK,HRSD_17.1,HRSD17,cross-corpus-882,RobustScaler,MLP,47,11,5,0.0997,5.2957,6.471,0.2142,0.0368,0.1731
5,emotion_induction_1,ADK,HRSD_17.1,HRSD17,cross-corpus-882,RobustScaler,LGBM,47,11,5,-0.1771,6.4487,7.9065,-0.23,-0.438,-0.2554
5,emotion_induction_1,ADK,HRSD_17.1,HRSD17,cross-corpus-882,RobustScaler,CatBoost,47,11,5,0.14,5.4497,6.6399,0.1952,-0.0142,0.1093
1,emotion_induction_1,ADK,HRSD_21.1,HRSD21,cross-corpus-882,StandardScaler,Ridge,46,12,10,-0.0116,7.9495,9.066,-0.0247,-0.3098,-0.1851
1,emotion_induction_1,ADK,HRSD_21.1,HRSD21,cross-corpus-882,StandardScaler,Lasso,46,12,10,0.0,7.5688,8.583,,-0.174,
1,emotion_induction_1,ADK,HRSD_21.1,HRSD21,cross-corpus-882,StandardScaler,ElasticNet,46,12,10,-0.0352,8.0485,9.2191,-0.0695,-0.3545,-0.1851
1,emotion_induction_1,ADK,HRSD_21.1,HRSD21,cross-corpus-882,StandardScaler,SVR,46,12,10,-0.0048,6.8173,8.0644,-0.1519,-0.0364,-0.1886
1,emotion_induction_1,ADK,HRSD_21.1,HRSD21,cross-corpus-882,StandardScaler,KNN,46,12,10,0.1036,7.7381,8.8928,0.1567,-0.2603,0.041
1,emotion_induction_1,ADK,HRSD_21.1,HRSD21,cross-corpus-882,StandardScaler,RF,46,12,10,-0.1049,9.4039,10.2525,-0.1857,-0.6751,-0.0214
1,emotion_induction_1,ADK,HRSD_21.1,HRSD21,cross-corpus-882,StandardScaler,ET,46,12,10,-0.1515,8.8008,10.0624,-0.2254,-0.6136,-0.0819
1,emotion_induction_1,ADK,HRSD_21.1,HRSD21,cross-corpus-882,StandardScaler,GB,46,12,10,-0.2315,10.0927,11.3555,-0.3049,-1.0549,-0.0498
1,emotion_induction_1,ADK,HRSD_21.1,HRSD21,cross-corpus-882,StandardScaler,XGB,46,12,10,-0.3508,12.2906,13.1683,-0.4304,-1.7634,-0.2491
1,emotion_induction_1,ADK,HRSD_21.1,HRSD21,cross-corpus-882,StandardScaler,MLP,46,12,10,-0.0329,8.4025,10.1875,-0.037,-0.654,-0.1246
1,emotion_induction_1,ADK,HRSD_21.1,HRSD21,cross-corpus-882,StandardScaler,LGBM,46,12,10,-0.127,9.4339,10.3319,-0.2383,-0.7012,-0.0641
1,emotion_induction_1,ADK,HRSD_21.1,HRSD21,cross-corpus-882,StandardScaler,CatBoost,46,12,10,-0.1708,9.0321,9.983,-0.2728,-0.5882,0.032
1,emotion_induction_1,ADK,HRSD_21.1,HRSD21,cross-corpus-882,MinMaxScaler,Ridge,46,12,10,-0.005,7.6633,8.713,-0.0207,-0.2098,-0.0498
1,emotion_induction_1,ADK,HRSD_21.1,HRSD21,cross-corpus-882,MinMaxScaler,Lasso,46,12,10,0.0,7.5688,8.583,,-0.174,
1,emotion_induction_1,ADK,HRSD_21.1,HRSD21,cross-corpus-882,MinMaxScaler,ElasticNet,46,12,10,-0.0117,7.737,8.8878,-0.0311,-0.2588,-0.0498
1,emotion_induction_1,ADK,HRSD_21.1,HRSD21,cross-corpus-882,MinMaxScaler,SVR,46,12,10,-0.0377,7.1654,8.4222,-0.0858,-0.1304,-0.0854
1,emotion_induction_1,ADK,HRSD_21.1,HRSD21,cross-corpus-882,MinMaxScaler,KNN,46,12,10,-0.0677,8.2381,9.5515,-0.1026,-0.4539,-0.1851
1,emotion_induction_1,ADK,HRSD_21.1,HRSD21,cross-corpus-882,MinMaxScaler,RF,46,12,10,-0.1769,10.3166,11.4107,-0.2666,-1.075,-0.1708
1,emotion_induction_1,ADK,HRSD_21.1,HRSD21,cross-corpus-882,MinMaxScaler,ET,46,12,10,-0.1982,10.0871,11.5703,-0.262,-1.1334,-0.1673
1,emotion_induction_1,ADK,HRSD_21.1,HRSD21,cross-corpus-882,MinMaxScaler,GB,46,12,10,-0.1601,11.962,13.5744,-0.1944,-1.9365,-0.1424
1,emotion_induction_1,ADK,HRSD_21.1,HRSD21,cross-corpus-882,MinMaxScaler,XGB,46,12,10,-0.2491,10.9428,12.881,-0.2922,-1.6442,-0.1637
1,emotion_induction_1,ADK,HRSD_21.1,HRSD21,cross-corpus-882,MinMaxScaler,MLP,46,12,10,-0.0441,8.0902,9.1603,-0.1106,-0.3372,-0.0676
1,emotion_induction_1,ADK,HRSD_21.1,HRSD21,cross-corpus-882,MinMaxScaler,LGBM,46,12,10,-0.1277,9.4077,10.474,-0.2787,-0.7483,-0.086
1,emotion_induction_1,ADK,HRSD_21.1,HRSD21,cross-corpus-882,MinMaxScaler,CatBoost,46,12,10,-0.1988,9.783,11.4832,-0.2743,-1.1014,-0.1958
1,emotion_induction_1,ADK,HRSD_21.1,HRSD21,cross-corpus-882,RobustScaler,Ridge,46,12,10,-0.0427,8.6144,9.4997,-0.0865,-0.4381,-0.1032
1,emotion_induction_1,ADK,HRSD_21.1,HRSD21,cross-corpus-882,RobustScaler,Lasso,46,12,10,0.0,7.5688,8.583,,-0.174,
1,emotion_induction_1,ADK,HRSD_21.1,HRSD21,cross-corpus-882,RobustScaler,ElasticNet,46,12,10,-0.0731,8.9774,9.8998,-0.1321,-0.5618,-0.0356
1,emotion_induction_1,ADK,HRSD_21.1,HRSD21,cross-corpus-882,RobustScaler,SVR,46,12,10,-0.2258,9.6095,11.6666,-0.2714,-1.1691,-0.3025
1,emotion_induction_1,ADK,HRSD_21.1,HRSD21,cross-corpus-882,RobustScaler,KNN,46,12,10,-0.0926,8.2222,9.8288,-0.1274,-0.5395,-0.0947
1,emotion_induction_1,ADK,HRSD_21.1,HRSD21,cross-corpus-882,RobustScaler,RF,46,12,10,-0.2236,9.737,10.6904,-0.3613,-0.8213,-0.0427
1,emotion_induction_1,ADK,HRSD_21.1,HRSD21,cross-corpus-882,RobustScaler,ET,46,12,10,-0.2964,10.3017,11.6225,-0.3835,-1.1527,-0.1175
1,emotion_induction_1,ADK,HRSD_21.1,HRSD21,cross-corpus-882,RobustScaler,GB,46,12,10,-0.1888,9.5593,11.0253,-0.2211,-0.9372,-0.089
1,emotion_induction_1,ADK,HRSD_21.1,HRSD21,cross-corpus-882,RobustScaler,XGB,46,12,10,-0.3228,9.1141,10.7199,-0.3982,-0.8313,-0.3132
1,emotion_induction_1,ADK,HRSD_21.1,HRSD21,cross-corpus-882,RobustScaler,MLP,46,12,10,-0.0335,12.2914,16.9077,-0.0435,-3.5557,-0.0498
1,emotion_induction_1,ADK,HRSD_21.1,HRSD21,cross-corpus-882,RobustScaler,LGBM,46,12,10,-0.0583,9.0196,9.8608,-0.1118,-0.5496,-0.1068
1,emotion_induction_1,ADK,HRSD_21.1,HRSD21,cross-corpus-882,RobustScaler,CatBoost,46,12,10,-0.2647,9.3543,10.2516,-0.4097,-0.6748,-0.0854
2,emotion_induction_1,ADK,HRSD_21.1,HRSD21,cross-corpus-882,StandardScaler,Ridge,46,12,10,0.1016,10.4448,13.7454,0.1063,-0.7793,0.1544
2,emotion_induction_1,ADK,HRSD_21.1,HRSD21,cross-corpus-882,StandardScaler,Lasso,46,12,10,0.1554,11.4458,14.4623,0.1608,-0.9697,0.1544
2,emotion_induction_1,ADK,HRSD_21.1,HRSD21,cross-corpus-882,StandardScaler,ElasticNet,46,12,10,0.1361,11.1604,14.2743,0.1409,-0.9188,0.1544
2,emotion_induction_1,ADK,HRSD_21.1,HRSD21,cross-corpus-882,StandardScaler,SVR,46,12,10,0.1054,9.4671,10.9931,0.1906,-0.1381,0.0246
2,emotion_induction_1,ADK,HRSD_21.1,HRSD21,cross-corpus-882,StandardScaler,KNN,46,12,10,0.1691,8.537,10.491,0.3775,-0.0365,0.4375
2,emotion_induction_1,ADK,HRSD_21.1,HRSD21,cross-corpus-882,StandardScaler,RF,46,12,10,0.0728,9.0385,10.7267,0.1791,-0.0836,0.0947
2,emotion_induction_1,ADK,HRSD_21.1,HRSD21,cross-corpus-882,StandardScaler,ET,46,12,10,-0.0018,10.0117,11.3383,-0.0026,-0.2107,0.1053
2,emotion_induction_1,ADK,HRSD_21.1,HRSD21,cross-corpus-882,StandardScaler,GB,46,12,10,0.0949,9.3434,11.1439,0.1195,-0.1695,0.0912
2,emotion_induction_1,ADK,HRSD_21.1,HRSD21,cross-corpus-882,StandardScaler,XGB,46,12,10,0.2192,8.4069,10.2526,0.3224,0.0101,0.186
2,emotion_induction_1,ADK,HRSD_21.1,HRSD21,cross-corpus-882,StandardScaler,MLP,46,12,10,0.4989,10.9216,13.6067,0.5592,-0.7435,0.3789
2,emotion_induction_1,ADK,HRSD_21.1,HRSD21,cross-corpus-882,StandardScaler,LGBM,46,12,10,0.0952,9.3182,11.0109,0.1456,-0.1418,0.1511
2,emotion_induction_1,ADK,HRSD_21.1,HRSD21,cross-corpus-882,StandardScaler,CatBoost,46,12,10,0.0722,9.3039,10.895,0.12,-0.1178,0.1018
2,emotion_induction_1,ADK,HRSD_21.1,HRSD21,cross-corpus-882,MinMaxScaler,Ridge,46,12,10,0.1488,11.3427,14.3299,0.1545,-0.9338,0.1544
2,emotion_induction_1,ADK,HRSD_21.1,HRSD21,cross-corpus-882,MinMaxScaler,Lasso,46,12,10,0.1596,9.9969,12.7948,0.1659,-0.5417,0.1544
2,emotion_induction_1,ADK,HRSD_21.1,HRSD21,cross-corpus-882,MinMaxScaler,ElasticNet,46,12,10,0.1458,10.7569,13.6922,0.1516,-0.7655,0.1544
2,emotion_induction_1,ADK,HRSD_21.1,HRSD21,cross-corpus-882,MinMaxScaler,SVR,46,12,10,0.1383,10.0774,12.3516,0.1538,-0.4367,0.1789
2,emotion_induction_1,ADK,HRSD_21.1,HRSD21,cross-corpus-882,MinMaxScaler,KNN,46,12,10,0.1661,8.5833,10.4794,0.4002,-0.0342,0.3005
2,emotion_induction_1,ADK,HRSD_21.1,HRSD21,cross-corpus-882,MinMaxScaler,RF,46,12,10,0.0467,9.6417,10.9949,0.084,-0.1384,-0.0193
2,emotion_induction_1,ADK,HRSD_21.1,HRSD21,cross-corpus-882,MinMaxScaler,ET,46,12,10,0.026,9.8433,10.9948,0.0412,-0.1384,-0.1053
2,emotion_induction_1,ADK,HRSD_21.1,HRSD21,cross-corpus-882,MinMaxScaler,GB,46,12,10,0.006,10.2669,12.1238,0.0071,-0.3842,-0.0281
2,emotion_induction_1,ADK,HRSD_21.1,HRSD21,cross-corpus-882,MinMaxScaler,XGB,46,12,10,0.1383,9.3022,10.8102,0.2047,-0.1005,0.1439
2,emotion_induction_1,ADK,HRSD_21.1,HRSD21,cross-corpus-882,MinMaxScaler,MLP,46,12,10,0.3716,8.9978,10.8035,0.3842,-0.0991,0.2877
2,emotion_induction_1,ADK,HRSD_21.1,HRSD21,cross-corpus-882,MinMaxScaler,LGBM,46,12,10,0.1674,9.0273,10.5127,0.2478,-0.0408,0.2812
2,emotion_induction_1,ADK,HRSD_21.1,HRSD21,cross-corpus-882,MinMaxScaler,CatBoost,46,12,10,0.0517,9.5,10.9415,0.0951,-0.1274,0.0175
2,emotion_induction_1,ADK,HRSD_21.1,HRSD21,cross-corpus-882,RobustScaler,Ridge,46,12,5,0.5044,7.1743,9.0186,0.5518,0.234,0.4
2,emotion_induction_1,ADK,HRSD_21.1,HRSD21,cross-corpus-882,RobustScaler,Lasso,46,12,5,0.5326,7.5177,9.413,0.5604,0.1656,0.4
2,emotion_induction_1,ADK,HRSD_21.1,HRSD21,cross-corpus-882,RobustScaler,ElasticNet,46,12,5,0.5355,7.5556,9.414,0.5563,0.1654,0.4
2,emotion_induction_1,ADK,HRSD_21.1,HRSD21,cross-corpus-882,RobustScaler,SVR,46,12,5,0.0648,10.1974,12.2075,0.1031,-0.4034,0.1298
2,emotion_induction_1,ADK,HRSD_21.1,HRSD21,cross-corpus-882,RobustScaler,KNN,46,12,5,0.1136,9.4667,11.1397,0.1731,-0.1686,0.2386
2,emotion_induction_1,ADK,HRSD_21.1,HRSD21,cross-corpus-882,RobustScaler,RF,46,12,5,0.0843,8.9,10.568,0.208,-0.0517,0.1895
2,emotion_induction_1,ADK,HRSD_21.1,HRSD21,cross-corpus-882,RobustScaler,ET,46,12,5,0.1486,8.64,10.4431,0.2676,-0.027,0.2667
2,emotion_induction_1,ADK,HRSD_21.1,HRSD21,cross-corpus-882,RobustScaler,GB,46,12,5,0.2141,8.996,11.058,0.2787,-0.1516,0.207
2,emotion_induction_1,ADK,HRSD_21.1,HRSD21,cross-corpus-882,RobustScaler,XGB,46,12,5,0.0753,9.9134,11.601,0.1017,-0.2674,0.0246
2,emotion_induction_1,ADK,HRSD_21.1,HRSD21,cross-corpus-882,RobustScaler,MLP,46,12,5,0.5039,9.061,12.8727,0.5411,-0.5605,0.3754
2,emotion_induction_1,ADK,HRSD_21.1,HRSD21,cross-corpus-882,RobustScaler,LGBM,46,12,5,0.0851,9.38,11.1731,0.1328,-0.1756,0.1408
2,emotion_induction_1,ADK,HRSD_21.1,HRSD21,cross-corpus-882,RobustScaler,CatBoost,46,12,5,0.0984,8.9586,10.7274,0.2028,-0.0837,0.1965
3,emotion_induction_1,ADK,HRSD_21.1,HRSD21,cross-corpus-882,StandardScaler,Ridge,46,12,5,-0.254,11.7317,14.9445,-0.4987,-0.7883,-0.1333
3,emotion_induction_1,ADK,HRSD_21.1,HRSD21,cross-corpus-882,StandardScaler,Lasso,46,12,5,-0.2523,11.6916,14.9142,-0.4977,-0.781,-0.1754
3,emotion_induction_1,ADK,HRSD_21.1,HRSD21,cross-corpus-882,StandardScaler,ElasticNet,46,12,5,-0.2496,11.6599,14.8613,-0.4952,-0.7684,-0.1754
3,emotion_induction_1,ADK,HRSD_21.1,HRSD21,cross-corpus-882,StandardScaler,SVR,46,12,5,-0.0653,10.476,13.4279,-0.3144,-0.4437,-0.0456
3,emotion_induction_1,ADK,HRSD_21.1,HRSD21,cross-corpus-882,StandardScaler,KNN,46,12,5,-0.1365,11.3981,14.0812,-0.2977,-0.5877,-0.2232
3,emotion_induction_1,ADK,HRSD_21.1,HRSD21,cross-corpus-882,StandardScaler,RF,46,12,5,-0.0537,10.1535,13.1179,-0.1206,-0.3778,0.0702
3,emotion_induction_1,ADK,HRSD_21.1,HRSD21,cross-corpus-882,StandardScaler,ET,46,12,5,-0.2701,12.7858,15.7519,-0.4551,-0.9867,-0.4807
3,emotion_induction_1,ADK,HRSD_21.1,HRSD21,cross-corpus-882,StandardScaler,GB,46,12,5,-0.3205,12.4407,15.5321,-0.501,-0.9317,-0.2
3,emotion_induction_1,ADK,HRSD_21.1,HRSD21,cross-corpus-882,StandardScaler,XGB,46,12,5,-0.0522,10.5796,14.2659,-0.0716,-0.6296,-0.1404
3,emotion_induction_1,ADK,HRSD_21.1,HRSD21,cross-corpus-882,StandardScaler,MLP,46,12,5,-0.2764,12.5202,15.3216,-0.4674,-0.8797,-0.2246
3,emotion_induction_1,ADK,HRSD_21.1,HRSD21,cross-corpus-882,StandardScaler,LGBM,46,12,5,0.0194,9.3013,12.6332,0.0439,-0.2779,0.225
3,emotion_induction_1,ADK,HRSD_21.1,HRSD21,cross-corpus-882,StandardScaler,CatBoost,46,12,5,-0.08,10.5883,13.4612,-0.1716,-0.4509,-0.2491
3,emotion_induction_1,ADK,HRSD_21.1,HRSD21,cross-corpus-882,MinMaxScaler,Ridge,46,12,5,-0.247,11.8817,14.9434,-0.4905,-0.788,-0.5018
3,emotion_induction_1,ADK,HRSD_21.1,HRSD21,cross-corpus-882,MinMaxScaler,Lasso,46,12,5,-0.2489,11.9185,14.9929,-0.4907,-0.7999,-0.5018
3,emotion_induction_1,ADK,HRSD_21.1,HRSD21,cross-corpus-882,MinMaxScaler,ElasticNet,46,12,5,-0.2411,11.7806,14.806,-0.4894,-0.7553,-0.5018
3,emotion_induction_1,ADK,HRSD_21.1,HRSD21,cross-corpus-882,MinMaxScaler,SVR,46,12,5,-0.1987,12.0487,15.5556,-0.4155,-0.9375,-0.2912
3,emotion_induction_1,ADK,HRSD_21.1,HRSD21,cross-corpus-882,MinMaxScaler,KNN,46,12,5,-0.245,12.3333,15.1833,-0.4662,-0.8459,-0.4411
3,emotion_induction_1,ADK,HRSD_21.1,HRSD21,cross-corpus-882,MinMaxScaler,RF,46,12,5,-0.1728,11.8158,14.4002,-0.3577,-0.6604,-0.3193
3,emotion_induction_1,ADK,HRSD_21.1,HRSD21,cross-corpus-882,MinMaxScaler,ET,46,12,5,-0.2877,12.6026,15.4428,-0.5093,-0.9095,-0.4281
3,emotion_induction_1,ADK,HRSD_21.1,HRSD21,cross-corpus-882,MinMaxScaler,GB,46,12,5,-0.1249,11.7654,14.2299,-0.2311,-0.6214,-0.1333
3,emotion_induction_1,ADK,HRSD_21.1,HRSD21,cross-corpus-882,MinMaxScaler,XGB,46,12,5,-0.0545,11.3648,13.7724,-0.1458,-0.5188,-0.0877
3,emotion_induction_1,ADK,HRSD_21.1,HRSD21,cross-corpus-882,MinMaxScaler,MLP,46,12,5,-0.258,12.0597,15.1803,-0.4864,-0.8452,-0.5018
3,emotion_induction_1,ADK,HRSD_21.1,HRSD21,cross-corpus-882,MinMaxScaler,LGBM,46,12,5,-0.1343,10.6552,13.6052,-0.4475,-0.4821,-0.2402
3,emotion_induction_1,ADK,HRSD_21.1,HRSD21,cross-corpus-882,MinMaxScaler,CatBoost,46,12,5,-0.1785,11.7577,14.4819,-0.3791,-0.6793,-0.3298
3,emotion_induction_1,ADK,HRSD_21.1,HRSD21,cross-corpus-882,RobustScaler,Ridge,46,12,5,-0.0976,10.7093,13.1236,-0.1719,-0.3791,-0.1719
3,emotion_induction_1,ADK,HRSD_21.1,HRSD21,cross-corpus-882,RobustScaler,Lasso,46,12,5,-0.0979,10.7763,13.2819,-0.1802,-0.4125,-0.0982
3,emotion_induction_1,ADK,HRSD_21.1,HRSD21,cross-corpus-882,RobustScaler,ElasticNet,46,12,5,-0.1201,11.0247,13.5791,-0.1861,-0.4764,-0.2175
3,emotion_induction_1,ADK,HRSD_21.1,HRSD21,cross-corpus-882,RobustScaler,SVR,46,12,5,-0.0039,10.1166,12.8749,-0.02,-0.3273,-0.193
3,emotion_induction_1,ADK,HRSD_21.1,HRSD21,cross-corpus-882,RobustScaler,KNN,46,12,5,-0.0516,10.4352,13.4213,-0.1008,-0.4423,-0.1158
3,emotion_induction_1,ADK,HRSD_21.1,HRSD21,cross-corpus-882,RobustScaler,RF,46,12,5,-0.0698,10.6633,13.6491,-0.1355,-0.4917,-0.1158
3,emotion_induction_1,ADK,HRSD_21.1,HRSD21,cross-corpus-882,RobustScaler,ET,46,12,5,-0.0388,10.6833,13.5897,-0.0652,-0.4787,-0.0421
3,emotion_induction_1,ADK,HRSD_21.1,HRSD21,cross-corpus-882,RobustScaler,GB,46,12,5,-0.2193,12.2846,15.4922,-0.3339,-0.9218,-0.2491
3,emotion_induction_1,ADK,HRSD_21.1,HRSD21,cross-corpus-882,RobustScaler,XGB,46,12,5,-0.1451,11.914,15.0644,-0.2366,-0.8171,-0.1509
3,emotion_induction_1,ADK,HRSD_21.1,HRSD21,cross-corpus-882,RobustScaler,MLP,46,12,5,-0.1578,12.2514,15.5608,-0.2001,-0.9388,-0.186
3,emotion_induction_1,ADK,HRSD_21.1,HRSD21,cross-corpus-882,RobustScaler,LGBM,46,12,5,-0.1475,10.6373,13.9791,-0.3349,-0.5647,-0.1307
3,emotion_induction_1,ADK,HRSD_21.1,HRSD21,cross-corpus-882,RobustScaler,CatBoost,46,12,5,-0.1033,11.028,13.923,-0.2003,-0.5522,-0.1404
4,emotion_induction_1,ADK,HRSD_21.1,HRSD21,cross-corpus-882,StandardScaler,Ridge,47,11,5,-0.0964,7.4797,9.2684,-0.1005,-1.3495,-0.1419
4,emotion_induction_1,ADK,HRSD_21.1,HRSD21,cross-corpus-882,StandardScaler,Lasso,47,11,5,-0.163,7.8756,9.9879,-0.1695,-1.7285,-0.1419
4,emotion_induction_1,ADK,HRSD_21.1,HRSD21,cross-corpus-882,StandardScaler,ElasticNet,47,11,5,-0.0582,6.8656,8.245,-0.0641,-0.8593,-0.1144
4,emotion_induction_1,ADK,HRSD_21.1,HRSD21,cross-corpus-882,StandardScaler,SVR,47,11,5,-0.2767,6.682,8.4971,-0.3605,-0.9747,-0.119
4,emotion_induction_1,ADK,HRSD_21.1,HRSD21,cross-corpus-882,StandardScaler,KNN,47,11,5,-0.3066,7.8687,9.0528,-0.334,-1.2415,-0.2288
4,emotion_induction_1,ADK,HRSD_21.1,HRSD21,cross-corpus-882,StandardScaler,RF,47,11,5,-0.3857,7.3764,9.1207,-0.4569,-1.2752,-0.2655
4,emotion_induction_1,ADK,HRSD_21.1,HRSD21,cross-corpus-882,StandardScaler,ET,47,11,5,-0.2377,7.5982,9.1501,-0.2587,-1.2899,-0.2563
4,emotion_induction_1,ADK,HRSD_21.1,HRSD21,cross-corpus-882,StandardScaler,GB,47,11,5,-0.5148,7.4663,9.8367,-0.5235,-1.6465,-0.3524
4,emotion_induction_1,ADK,HRSD_21.1,HRSD21,cross-corpus-882,StandardScaler,XGB,47,11,5,-0.4856,6.6596,9.1922,-0.5093,-1.3111,-0.3112
4,emotion_induction_1,ADK,HRSD_21.1,HRSD21,cross-corpus-882,StandardScaler,MLP,47,11,5,-0.1706,7.0988,8.6414,-0.1729,-1.0424,-0.27
4,emotion_induction_1,ADK,HRSD_21.1,HRSD21,cross-corpus-882,StandardScaler,LGBM,47,11,5,-0.2679,7.6034,9.2459,-0.3577,-1.3381,-0.0518
4,emotion_induction_1,ADK,HRSD_21.1,HRSD21,cross-corpus-882,StandardScaler,CatBoost,47,11,5,-0.637,6.9797,9.6857,-0.6777,-1.5659,-0.5629
4,emotion_induction_1,ADK,HRSD_21.1,HRSD21,cross-corpus-882,MinMaxScaler,Ridge,47,11,5,-0.3885,8.4264,11.9202,-0.4104,-2.8863,-0.3844
4,emotion_induction_1,ADK,HRSD_21.1,HRSD21,cross-corpus-882,MinMaxScaler,Lasso,47,11,5,-0.3812,8.3861,11.794,-0.4012,-2.8045,-0.3844
4,emotion_induction_1,ADK,HRSD_21.1,HRSD21,cross-corpus-882,MinMaxScaler,ElasticNet,47,11,5,-0.2028,7.1104,10.0773,-0.2144,-1.7775,-0.0046
4,emotion_induction_1,ADK,HRSD_21.1,HRSD21,cross-corpus-882,MinMaxScaler,SVR,47,11,5,-0.3342,7.6033,10.6871,-0.3463,-2.1239,-0.0778
4,emotion_induction_1,ADK,HRSD_21.1,HRSD21,cross-corpus-882,MinMaxScaler,KNN,47,11,5,-0.0876,5.8182,6.9715,-0.117,-0.3293,-0.3372
4,emotion_induction_1,ADK,HRSD_21.1,HRSD21,cross-corpus-882,MinMaxScaler,RF,47,11,5,-0.033,5.1285,6.7856,-0.0583,-0.2594,0.1236
4,emotion_induction_1,ADK,HRSD_21.1,HRSD21,cross-corpus-882,MinMaxScaler,ET,47,11,5,-0.2241,6.3421,8.1667,-0.2434,-0.8242,-0.2517
4,emotion_induction_1,ADK,HRSD_21.1,HRSD21,cross-corpus-882,MinMaxScaler,GB,47,11,5,-0.2097,6.452,8.7455,-0.2244,-1.0919,-0.0732
4,emotion_induction_1,ADK,HRSD_21.1,HRSD21,cross-corpus-882,MinMaxScaler,XGB,47,11,5,-0.1321,5.6461,7.7899,-0.1448,-0.6597,0.032
4,emotion_induction_1,ADK,HRSD_21.1,HRSD21,cross-corpus-882,MinMaxScaler,MLP,47,11,5,-0.1945,8.1982,12.3153,-0.2297,-3.1482,0.0183
4,emotion_induction_1,ADK,HRSD_21.1,HRSD21,cross-corpus-882,MinMaxScaler,LGBM,47,11,5,-0.0833,6.2506,7.9757,-0.0983,-0.7398,0.2276
4,emotion_induction_1,ADK,HRSD_21.1,HRSD21,cross-corpus-882,MinMaxScaler,CatBoost,47,11,5,0.0018,6.1019,7.6845,0.002,-0.6151,0.0961
4,emotion_induction_1,ADK,HRSD_21.1,HRSD21,cross-corpus-882,RobustScaler,Ridge,47,11,5,-0.413,6.8201,11.8425,-0.4622,-2.8358,-0.0549
4,emotion_induction_1,ADK,HRSD_21.1,HRSD21,cross-corpus-882,RobustScaler,Lasso,47,11,5,-0.4039,6.5896,10.8827,-0.4471,-2.2393,-0.0778
4,emotion_induction_1,ADK,HRSD_21.1,HRSD21,cross-corpus-882,RobustScaler,ElasticNet,47,11,5,-0.3697,6.5756,10.4126,-0.4235,-1.9654,-0.0915
4,emotion_induction_1,ADK,HRSD_21.1,HRSD21,cross-corpus-882,RobustScaler,SVR,47,11,5,-0.2743,5.6686,8.3645,-0.3049,-0.9136,0.0137
4,emotion_induction_1,ADK,HRSD_21.1,HRSD21,cross-corpus-882,RobustScaler,KNN,47,11,5,-0.3786,7.0649,9.2798,-0.4379,-1.3553,-0.2989
4,emotion_induction_1,ADK,HRSD_21.1,HRSD21,cross-corpus-882,RobustScaler,RF,47,11,5,-0.3077,5.9329,8.1137,-0.452,-0.8006,-0.206
4,emotion_induction_1,ADK,HRSD_21.1,HRSD21,cross-corpus-882,RobustScaler,ET,47,11,5,-0.3222,6.577,8.3905,-0.3787,-0.9255,-0.3158
4,emotion_induction_1,ADK,HRSD_21.1,HRSD21,cross-corpus-882,RobustScaler,GB,47,11,5,-0.3202,7.3683,9.4964,-0.3289,-1.4665,-0.27
4,emotion_induction_1,ADK,HRSD_21.1,HRSD21,cross-corpus-882,RobustScaler,XGB,47,11,5,-0.3627,6.5258,9.1444,-0.3798,-1.2871,-0.1053
4,emotion_induction_1,ADK,HRSD_21.1,HRSD21,cross-corpus-882,RobustScaler,MLP,47,11,5,-0.4611,8.1981,14.3361,-0.5403,-4.6212,-0.4394
4,emotion_induction_1,ADK,HRSD_21.1,HRSD21,cross-corpus-882,RobustScaler,LGBM,47,11,5,-0.255,6.9716,8.9782,-0.3113,-1.2047,-0.0277
4,emotion_induction_1,ADK,HRSD_21.1,HRSD21,cross-corpus-882,RobustScaler,CatBoost,47,11,5,-0.5927,5.8844,8.7976,-0.7043,-1.1169,-0.3844
5,emotion_induction_1,ADK,HRSD_21.1,HRSD21,cross-corpus-882,StandardScaler,Ridge,47,11,10,0.0805,6.611,7.6199,0.1664,0.0157,-0.3052
5,emotion_induction_1,ADK,HRSD_21.1,HRSD21,cross-corpus-882,StandardScaler,Lasso,47,11,10,-0.0,7.0077,7.785,,-0.0274,
5,emotion_induction_1,ADK,HRSD_21.1,HRSD21,cross-corpus-882,StandardScaler,ElasticNet,47,11,10,0.1176,6.6781,7.6471,0.1895,0.0087,-0.1458
5,emotion_induction_1,ADK,HRSD_21.1,HRSD21,cross-corpus-882,StandardScaler,SVR,47,11,10,0.0553,7.1308,8.943,0.0653,-0.3557,-0.41
5,emotion_induction_1,ADK,HRSD_21.1,HRSD21,cross-corpus-882,StandardScaler,KNN,47,11,10,-0.115,7.2121,9.2032,-0.2272,-0.4358,-0.1913
5,emotion_induction_1,ADK,HRSD_21.1,HRSD21,cross-corpus-882,StandardScaler,RF,47,11,10,-0.0913,7.4182,8.7922,-0.1443,-0.3104,-0.4237
5,emotion_induction_1,ADK,HRSD_21.1,HRSD21,cross-corpus-882,StandardScaler,ET,47,11,10,0.0663,8.88,9.802,0.0672,-0.6287,-0.2785
5,emotion_induction_1,ADK,HRSD_21.1,HRSD21,cross-corpus-882,StandardScaler,GB,47,11,10,0.0258,7.1475,8.5057,0.0334,-0.2264,-0.4419
5,emotion_induction_1,ADK,HRSD_21.1,HRSD21,cross-corpus-882,StandardScaler,XGB,47,11,10,-0.0116,7.2397,8.5782,-0.0176,-0.2474,-0.1963
5,emotion_induction_1,ADK,HRSD_21.1,HRSD21,cross-corpus-882,StandardScaler,MLP,47,11,10,0.2503,7.5928,9.0853,0.2512,-0.3992,-0.0091
5,emotion_induction_1,ADK,HRSD_21.1,HRSD21,cross-corpus-882,StandardScaler,LGBM,47,11,10,-0.2692,7.9395,9.4496,-0.3716,-0.5137,-0.4477
5,emotion_induction_1,ADK,HRSD_21.1,HRSD21,cross-corpus-882,StandardScaler,CatBoost,47,11,10,-0.1261,7.5567,8.8232,-0.2325,-0.3196,-0.4146
5,emotion_induction_1,ADK,HRSD_21.1,HRSD21,cross-corpus-882,MinMaxScaler,Ridge,47,11,5,0.1324,6.5652,7.6371,0.208,0.0113,-0.0774
5,emotion_induction_1,ADK,HRSD_21.1,HRSD21,cross-corpus-882,MinMaxScaler,Lasso,47,11,5,0.1403,6.6285,7.6899,0.2036,-0.0024,-0.0774
5,emotion_induction_1,ADK,HRSD_21.1,HRSD21,cross-corpus-882,MinMaxScaler,ElasticNet,47,11,5,0.148,6.6623,7.7408,0.2039,-0.0157,-0.0774
5,emotion_induction_1,ADK,HRSD_21.1,HRSD21,cross-corpus-882,MinMaxScaler,SVR,47,11,5,0.0555,6.5426,7.7963,0.1213,-0.0303,-0.0774
5,emotion_induction_1,ADK,HRSD_21.1,HRSD21,cross-corpus-882,MinMaxScaler,KNN,47,11,5,-0.1761,8.0505,9.5706,-0.2087,-0.5527,-0.2713
5,emotion_induction_1,ADK,HRSD_21.1,HRSD21,cross-corpus-882,MinMaxScaler,RF,47,11,5,-0.0331,7.0998,8.2113,-0.0592,-0.143,-0.1139
5,emotion_induction_1,ADK,HRSD_21.1,HRSD21,cross-corpus-882,MinMaxScaler,ET,47,11,5,0.064,8.9373,10.1405,0.0674,-0.7431,-0.1503
5,emotion_induction_1,ADK,HRSD_21.1,HRSD21,cross-corpus-882,MinMaxScaler,GB,47,11,5,-0.0056,7.775,8.6747,-0.0068,-0.2756,-0.1872
5,emotion_induction_1,ADK,HRSD_21.1,HRSD21,cross-corpus-882,MinMaxScaler,XGB,47,11,5,-0.0722,7.8521,8.9993,-0.0873,-0.3729,-0.21
5,emotion_induction_1,ADK,HRSD_21.1,HRSD21,cross-corpus-882,MinMaxScaler,MLP,47,11,5,-0.0353,6.9766,7.8655,-0.177,-0.0487,-0.1185
5,emotion_induction_1,ADK,HRSD_21.1,HRSD21,cross-corpus-882,MinMaxScaler,LGBM,47,11,5,-0.2203,7.8367,9.5199,-0.2745,-0.5363,-0.3422
5,emotion_induction_1,ADK,HRSD_21.1,HRSD21,cross-corpus-882,MinMaxScaler,CatBoost,47,11,5,-0.0452,7.2337,8.6259,-0.0603,-0.2613,-0.0638
5,emotion_induction_1,ADK,HRSD_21.1,HRSD21,cross-corpus-882,RobustScaler,Ridge,47,11,5,0.1723,6.1935,7.284,0.3204,0.1006,0.2323
5,emotion_induction_1,ADK,HRSD_21.1,HRSD21,cross-corpus-882,RobustScaler,Lasso,47,11,5,0.2432,6.0049,7.116,0.3766,0.1416,0.3462
5,emotion_induction_1,ADK,HRSD_21.1,HRSD21,cross-corpus-882,RobustScaler,ElasticNet,47,11,5,0.1318,6.3829,7.3775,0.2818,0.0774,0.2323
5,emotion_induction_1,ADK,HRSD_21.1,HRSD21,cross-corpus-882,RobustScaler,SVR,47,11,5,-0.2714,8.9912,10.3748,-0.4981,-0.8246,-0.533
5,emotion_induction_1,ADK,HRSD_21.1,HRSD21,cross-corpus-882,RobustScaler,KNN,47,11,5,-0.1688,7.3131,8.6822,-0.3254,-0.2778,-0.4429
5,emotion_induction_1,ADK,HRSD_21.1,HRSD21,cross-corpus-882,RobustScaler,RF,47,11,5,-0.0999,7.2313,8.345,-0.202,-0.1805,-0.3508
5,emotion_induction_1,ADK,HRSD_21.1,HRSD21,cross-corpus-882,RobustScaler,ET,47,11,5,0.1507,6.985,8.0739,0.18,-0.105,-0.2642
5,emotion_induction_1,ADK,HRSD_21.1,HRSD21,cross-corpus-882,RobustScaler,GB,47,11,5,0.2961,7.7079,8.4703,0.3076,-0.2162,0.1093
5,emotion_induction_1,ADK,HRSD_21.1,HRSD21,cross-corpus-882,RobustScaler,XGB,47,11,5,0.1133,7.3114,8.1507,0.1836,-0.1262,-0.0729
5,emotion_induction_1,ADK,HRSD_21.1,HRSD21,cross-corpus-882,RobustScaler,MLP,47,11,5,0.1746,5.939,7.2766,0.4845,0.1024,0.3098
5,emotion_induction_1,ADK,HRSD_21.1,HRSD21,cross-corpus-882,RobustScaler,LGBM,47,11,5,-0.3101,8.2526,9.7723,-0.4003,-0.6188,-0.5312
5,emotion_induction_1,ADK,HRSD_21.1,HRSD21,cross-corpus-882,RobustScaler,CatBoost,47,11,5,-0.0588,7.3083,8.367,-0.1255,-0.1867,-0.2825
1,emotion_induction_1,ADK,HRSD_24.1,HRSD24,cross-corpus-882,StandardScaler,Ridge,46,12,5,-0.126,16.0491,17.9153,-0.2139,-2.245,-0.1388
1,emotion_induction_1,ADK,HRSD_24.1,HRSD24,cross-corpus-882,StandardScaler,Lasso,46,12,5,0.0,9.5543,10.8469,,-0.1895,
1,emotion_induction_1,ADK,HRSD_24.1,HRSD24,cross-corpus-882,StandardScaler,ElasticNet,46,12,5,-0.1166,14.6618,16.2039,-0.2034,-1.6546,-0.153
1,emotion_induction_1,ADK,HRSD_24.1,HRSD24,cross-corpus-882,StandardScaler,SVR,46,12,5,-0.0138,8.8729,10.0668,-0.3196,-0.0246,-0.1388
1,emotion_induction_1,ADK,HRSD_24.1,HRSD24,cross-corpus-882,StandardScaler,KNN,46,12,5,-0.1592,10.7619,12.8045,-0.2963,-0.6576,-0.246
1,emotion_induction_1,ADK,HRSD_24.1,HRSD24,cross-corpus-882,StandardScaler,RF,46,12,5,-0.0884,11.9565,13.6749,-0.1316,-0.8906,-0.1068
1,emotion_induction_1,ADK,HRSD_24.1,HRSD24,cross-corpus-882,StandardScaler,ET,46,12,5,-0.1973,12.6567,14.272,-0.3393,-1.0594,-0.1708
1,emotion_induction_1,ADK,HRSD_24.1,HRSD24,cross-corpus-882,StandardScaler,GB,46,12,5,-0.092,15.8749,19.0847,-0.1229,-2.6824,-0.1032
1,emotion_induction_1,ADK,HRSD_24.1,HRSD24,cross-corpus-882,StandardScaler,XGB,46,12,5,-0.2556,15.9062,19.9008,-0.3274,-3.0041,-0.1708
1,emotion_induction_1,ADK,HRSD_24.1,HRSD24,cross-corpus-882,StandardScaler,MLP,46,12,5,-0.0694,14.7274,17.6494,-0.0958,-2.1494,-0.0463
1,emotion_induction_1,ADK,HRSD_24.1,HRSD24,cross-corpus-882,StandardScaler,LGBM,46,12,5,-0.0548,11.4428,12.7979,-0.0794,-0.6559,-0.0498
1,emotion_induction_1,ADK,HRSD_24.1,HRSD24,cross-corpus-882,StandardScaler,CatBoost,46,12,5,-0.1683,13.3707,15.9,-0.2183,-1.556,-0.1424
1,emotion_induction_1,ADK,HRSD_24.1,HRSD24,cross-corpus-882,MinMaxScaler,Ridge,46,12,10,-0.0951,10.0156,12.65,-0.1339,-0.6179,-0.1317
1,emotion_induction_1,ADK,HRSD_24.1,HRSD24,cross-corpus-882,MinMaxScaler,Lasso,46,12,10,-0.1198,10.0934,12.9997,-0.158,-0.7085,-0.1495
1,emotion_induction_1,ADK,HRSD_24.1,HRSD24,cross-corpus-882,MinMaxScaler,ElasticNet,46,12,10,-0.0552,9.5008,11.8671,-0.0894,-0.4238,-0.1175
1,emotion_induction_1,ADK,HRSD_24.1,HRSD24,cross-corpus-882,MinMaxScaler,SVR,46,12,10,-0.1315,9.324,12.7084,-0.146,-0.6328,-0.0783
1,emotion_induction_1,ADK,HRSD_24.1,HRSD24,cross-corpus-882,MinMaxScaler,KNN,46,12,10,-0.1811,11.25,13.5288,-0.2227,-0.8505,-0.1052
1,emotion_induction_1,ADK,HRSD_24.1,HRSD24,cross-corpus-882,MinMaxScaler,RF,46,12,10,-0.0931,11.9295,13.7658,-0.1341,-0.9159,-0.0819
1,emotion_induction_1,ADK,HRSD_24.1,HRSD24,cross-corpus-882,MinMaxScaler,ET,46,12,10,-0.1307,12.7392,14.6103,-0.172,-1.1581,-0.0249
1,emotion_induction_1,ADK,HRSD_24.1,HRSD24,cross-corpus-882,MinMaxScaler,GB,46,12,10,-0.0814,16.5359,18.7743,-0.1102,-2.5636,-0.1032
1,emotion_induction_1,ADK,HRSD_24.1,HRSD24,cross-corpus-882,MinMaxScaler,XGB,46,12,10,-0.1441,15.6499,18.6758,-0.1854,-2.5263,-0.1139
1,emotion_induction_1,ADK,HRSD_24.1,HRSD24,cross-corpus-882,MinMaxScaler,MLP,46,12,10,-0.0057,9.4787,11.3586,-0.0093,-0.3044,0.0249
1,emotion_induction_1,ADK,HRSD_24.1,HRSD24,cross-corpus-882,MinMaxScaler,LGBM,46,12,10,-0.1806,12.2192,13.8839,-0.2716,-0.9489,-0.0963
1,emotion_induction_1,ADK,HRSD_24.1,HRSD24,cross-corpus-882,MinMaxScaler,CatBoost,46,12,10,-0.0681,13.9172,15.5209,-0.0901,-1.4355,-0.0356
1,emotion_induction_1,ADK,HRSD_24.1,HRSD24,cross-corpus-882,RobustScaler,Ridge,46,12,10,-0.1319,13.4042,15.0265,-0.1849,-1.2828,-0.1459
1,emotion_induction_1,ADK,HRSD_24.1,HRSD24,cross-corpus-882,RobustScaler,Lasso,46,12,10,-0.1415,13.3294,15.4004,-0.2075,-1.3979,-0.1032
1,emotion_induction_1,ADK,HRSD_24.1,HRSD24,cross-corpus-882,RobustScaler,ElasticNet,46,12,10,-0.1092,11.6595,13.2836,-0.1774,-0.784,-0.0997
1,emotion_induction_1,ADK,HRSD_24.1,HRSD24,cross-corpus-882,RobustScaler,SVR,46,12,10,-0.2155,12.4692,14.6028,-0.2396,-1.1559,-0.1637
1,emotion_induction_1,ADK,HRSD_24.1,HRSD24,cross-corpus-882,RobustScaler,KNN,46,12,10,-0.309,13.9667,16.9275,-0.3477,-1.897,-0.3
1,emotion_induction_1,ADK,HRSD_24.1,HRSD24,cross-corpus-882,RobustScaler,RF,46,12,10,-0.0848,12.1219,13.8981,-0.1048,-0.9529,-0.0071
1,emotion_induction_1,ADK,HRSD_24.1,HRSD24,cross-corpus-882,RobustScaler,ET,46,12,10,-0.1881,13.5167,15.2164,-0.239,-1.3409,-0.1353
1,emotion_induction_1,ADK,HRSD_24.1,HRSD24,cross-corpus-882,RobustScaler,GB,46,12,10,-0.1356,15.4235,18.8544,-0.165,-2.5941,-0.1139
1,emotion_induction_1,ADK,HRSD_24.1,HRSD24,cross-corpus-882,RobustScaler,XGB,46,12,10,-0.1558,14.5977,18.0076,-0.1795,-2.2785,-0.0854
1,emotion_induction_1,ADK,HRSD_24.1,HRSD24,cross-corpus-882,RobustScaler,MLP,46,12,10,-0.1536,13.5589,15.3399,-0.1825,-1.3791,-0.2064
1,emotion_induction_1,ADK,HRSD_24.1,HRSD24,cross-corpus-882,RobustScaler,LGBM,46,12,10,-0.1814,11.9887,13.0853,-0.2384,-0.7311,-0.1248
1,emotion_induction_1,ADK,HRSD_24.1,HRSD24,cross-corpus-882,RobustScaler,CatBoost,46,12,10,-0.0588,12.3903,14.0454,-0.0723,-0.9945,-0.0997
2,emotion_induction_1,ADK,HRSD_24.1,HRSD24,cross-corpus-882,StandardScaler,Ridge,46,12,5,-0.2435,16.6688,23.5657,-0.2503,-1.9126,0.2113
2,emotion_induction_1,ADK,HRSD_24.1,HRSD24,cross-corpus-882,StandardScaler,Lasso,46,12,5,-0.2412,16.2297,21.7136,-0.2449,-1.4728,0.2113
2,emotion_induction_1,ADK,HRSD_24.1,HRSD24,cross-corpus-882,StandardScaler,ElasticNet,46,12,5,-0.2328,17.2856,25.6205,-0.2462,-2.4427,0.2113
2,emotion_induction_1,ADK,HRSD_24.1,HRSD24,cross-corpus-882,StandardScaler,SVR,46,12,5,-0.1515,14.0189,17.1339,-0.1805,-0.5397,-0.0845
2,emotion_induction_1,ADK,HRSD_24.1,HRSD24,cross-corpus-882,StandardScaler,KNN,46,12,5,0.0813,12.6333,14.5797,0.1098,-0.1149,0.2606
2,emotion_induction_1,ADK,HRSD_24.1,HRSD24,cross-corpus-882,StandardScaler,RF,46,12,5,-0.1411,14.2042,16.3937,-0.1847,-0.4095,-0.1197
2,emotion_induction_1,ADK,HRSD_24.1,HRSD24,cross-corpus-882,StandardScaler,ET,46,12,5,-0.1948,15.0621,17.928,-0.2173,-0.6857,-0.162
2,emotion_induction_1,ADK,HRSD_24.1,HRSD24,cross-corpus-882,StandardScaler,GB,46,12,5,-0.3138,17.0975,20.074,-0.325,-1.1134,-0.1761
2,emotion_induction_1,ADK,HRSD_24.1,HRSD24,cross-corpus-882,StandardScaler,XGB,46,12,5,-0.2549,15.5244,17.6385,-0.3102,-0.6317,-0.2394
2,emotion_induction_1,ADK,HRSD_24.1,HRSD24,cross-corpus-882,StandardScaler,MLP,46,12,5,0.2493,12.4005,16.0896,0.2591,-0.3577,0.4296
2,emotion_induction_1,ADK,HRSD_24.1,HRSD24,cross-corpus-882,StandardScaler,LGBM,46,12,5,-0.111,13.5898,15.6652,-0.1743,-0.2871,-0.2147
2,emotion_induction_1,ADK,HRSD_24.1,HRSD24,cross-corpus-882,StandardScaler,CatBoost,46,12,5,-0.1049,13.7624,15.7622,-0.1498,-0.303,-0.0282
2,emotion_induction_1,ADK,HRSD_24.1,HRSD24,cross-corpus-882,MinMaxScaler,Ridge,46,12,10,0.1105,13.998,19.887,0.1133,-1.0743,0.3169
2,emotion_induction_1,ADK,HRSD_24.1,HRSD24,cross-corpus-882,MinMaxScaler,Lasso,46,12,10,0.1153,13.074,18.4239,0.1171,-0.7803,0.2747
2,emotion_induction_1,ADK,HRSD_24.1,HRSD24,cross-corpus-882,MinMaxScaler,ElasticNet,46,12,10,0.1107,13.9297,19.7715,0.1134,-1.0502,0.3169
2,emotion_induction_1,ADK,HRSD_24.1,HRSD24,cross-corpus-882,MinMaxScaler,SVR,46,12,10,0.431,10.437,13.4717,0.4499,0.0481,0.4225
2,emotion_induction_1,ADK,HRSD_24.1,HRSD24,cross-corpus-882,MinMaxScaler,KNN,46,12,10,0.0992,11.8929,14.2065,0.1748,-0.0585,0.3803
2,emotion_induction_1,ADK,HRSD_24.1,HRSD24,cross-corpus-882,MinMaxScaler,RF,46,12,10,0.1789,11.7467,13.4482,0.3068,0.0515,0.324
2,emotion_induction_1,ADK,HRSD_24.1,HRSD24,cross-corpus-882,MinMaxScaler,ET,46,12,10,0.069,12.3575,14.4557,0.1024,-0.096,0.2113
2,emotion_induction_1,ADK,HRSD_24.1,HRSD24,cross-corpus-882,MinMaxScaler,GB,46,12,10,0.1352,13.3805,15.2882,0.1502,-0.2259,0.162
2,emotion_induction_1,ADK,HRSD_24.1,HRSD24,cross-corpus-882,MinMaxScaler,XGB,46,12,10,0.1735,12.484,13.9908,0.2286,-0.0266,-0.0704
2,emotion_induction_1,ADK,HRSD_24.1,HRSD24,cross-corpus-882,MinMaxScaler,MLP,46,12,10,0.3038,14.1787,18.6496,0.3129,-0.8242,0.2817
2,emotion_induction_1,ADK,HRSD_24.1,HRSD24,cross-corpus-882,MinMaxScaler,LGBM,46,12,10,0.1105,12.3511,14.4027,0.1701,-0.088,0.3034
2,emotion_induction_1,ADK,HRSD_24.1,HRSD24,cross-corpus-882,MinMaxScaler,CatBoost,46,12,10,0.2862,11.1658,12.8795,0.4381,0.13,0.3662
2,emotion_induction_1,ADK,HRSD_24.1,HRSD24,cross-corpus-882,RobustScaler,Ridge,46,12,5,0.5776,10.3764,12.4748,0.5914,0.1838,0.3732
2,emotion_induction_1,ADK,HRSD_24.1,HRSD24,cross-corpus-882,RobustScaler,Lasso,46,12,5,0.5695,10.0069,12.1641,0.5923,0.224,0.3732
2,emotion_induction_1,ADK,HRSD_24.1,HRSD24,cross-corpus-882,RobustScaler,ElasticNet,46,12,5,0.5708,9.9858,12.1032,0.5893,0.2317,0.3732
2,emotion_induction_1,ADK,HRSD_24.1,HRSD24,cross-corpus-882,RobustScaler,SVR,46,12,5,0.0742,12.8832,16.0154,0.12,-0.3452,0.1127
2,emotion_induction_1,ADK,HRSD_24.1,HRSD24,cross-corpus-882,RobustScaler,KNN,46,12,5,0.1213,12.2,14.6699,0.187,-0.1287,0.2258
2,emotion_induction_1,ADK,HRSD_24.1,HRSD24,cross-corpus-882,RobustScaler,RF,46,12,5,0.0672,12.2279,14.4749,0.1447,-0.0989,0.1197
2,emotion_induction_1,ADK,HRSD_24.1,HRSD24,cross-corpus-882,RobustScaler,ET,46,12,5,0.1336,11.6458,13.8531,0.2642,-0.0065,0.1338
2,emotion_induction_1,ADK,HRSD_24.1,HRSD24,cross-corpus-882,RobustScaler,GB,46,12,5,0.2517,11.8666,14.4314,0.3391,-0.0923,0.1549
2,emotion_induction_1,ADK,HRSD_24.1,HRSD24,cross-corpus-882,RobustScaler,XGB,46,12,5,0.2251,12.0847,14.2478,0.2981,-0.0647,0.1408
2,emotion_induction_1,ADK,HRSD_24.1,HRSD24,cross-corpus-882,RobustScaler,MLP,46,12,5,0.5323,11.8506,16.8568,0.5736,-0.4903,0.3803
2,emotion_induction_1,ADK,HRSD_24.1,HRSD24,cross-corpus-882,RobustScaler,LGBM,46,12,5,0.0338,12.7837,15.3479,0.0524,-0.2354,0.053
2,emotion_induction_1,ADK,HRSD_24.1,HRSD24,cross-corpus-882,RobustScaler,CatBoost,46,12,5,0.1075,12.57,14.9019,0.1584,-0.1647,0.0423
3,emotion_induction_1,ADK,HRSD_24.1,HRSD24,cross-corpus-882,StandardScaler,Ridge,46,12,5,-0.2389,14.6279,18.7984,-0.3769,-0.7232,-0.1895
3,emotion_induction_1,ADK,HRSD_24.1,HRSD24,cross-corpus-882,StandardScaler,Lasso,46,12,5,-0.2374,14.5764,18.6405,-0.3725,-0.6943,-0.2211
3,emotion_induction_1,ADK,HRSD_24.1,HRSD24,cross-corpus-882,StandardScaler,ElasticNet,46,12,5,-0.1877,14.0634,17.7067,-0.3499,-0.5288,-0.2211
3,emotion_induction_1,ADK,HRSD_24.1,HRSD24,cross-corpus-882,StandardScaler,SVR,46,12,5,-0.0478,13.4384,17.6318,-0.2936,-0.5159,-0.186
3,emotion_induction_1,ADK,HRSD_24.1,HRSD24,cross-corpus-882,StandardScaler,KNN,46,12,5,-0.1572,14.3167,19.3495,-0.2688,-0.8257,-0.1476
3,emotion_induction_1,ADK,HRSD_24.1,HRSD24,cross-corpus-882,StandardScaler,RF,46,12,5,0.002,12.4416,16.837,0.0034,-0.3823,0.2316
3,emotion_induction_1,ADK,HRSD_24.1,HRSD24,cross-corpus-882,StandardScaler,ET,46,12,5,-0.1248,14.1983,18.3586,-0.2211,-0.6435,-0.1301
3,emotion_induction_1,ADK,HRSD_24.1,HRSD24,cross-corpus-882,StandardScaler,GB,46,12,5,-0.1842,14.8476,19.6604,-0.2587,-0.8848,-0.0596
3,emotion_induction_1,ADK,HRSD_24.1,HRSD24,cross-corpus-882,StandardScaler,XGB,46,12,5,-0.1396,14.9326,19.702,-0.169,-0.8928,0.0211
3,emotion_induction_1,ADK,HRSD_24.1,HRSD24,cross-corpus-882,StandardScaler,MLP,46,12,5,-0.314,16.4019,20.8954,-0.3981,-1.1291,-0.2807
3,emotion_induction_1,ADK,HRSD_24.1,HRSD24,cross-corpus-882,StandardScaler,LGBM,46,12,5,0.0415,11.5424,16.2052,0.0757,-0.2805,0.2152
3,emotion_induction_1,ADK,HRSD_24.1,HRSD24,cross-corpus-882,StandardScaler,CatBoost,46,12,5,-0.1122,13.4312,17.7147,-0.1826,-0.5302,-0.0632
3,emotion_induction_1,ADK,HRSD_24.1,HRSD24,cross-corpus-882,MinMaxScaler,Ridge,46,12,5,-0.3153,15.6952,18.7225,-0.5991,-0.7093,-0.4737
3,emotion_induction_1,ADK,HRSD_24.1,HRSD24,cross-corpus-882,MinMaxScaler,Lasso,46,12,5,-0.3462,16.0498,19.3314,-0.6286,-0.8223,-0.3965
3,emotion_induction_1,ADK,HRSD_24.1,HRSD24,cross-corpus-882,MinMaxScaler,ElasticNet,46,12,5,-0.3536,16.2141,19.3536,-0.6177,-0.8264,-0.4456
3,emotion_induction_1,ADK,HRSD_24.1,HRSD24,cross-corpus-882,MinMaxScaler,SVR,46,12,5,-0.1936,15.0761,18.5309,-0.5821,-0.6745,-0.4175
3,emotion_induction_1,ADK,HRSD_24.1,HRSD24,cross-corpus-882,MinMaxScaler,KNN,46,12,5,-0.3803,17.381,20.2742,-0.7061,-1.0043,-0.7007
3,emotion_induction_1,ADK,HRSD_24.1,HRSD24,cross-corpus-882,MinMaxScaler,RF,46,12,5,-0.1142,14.1913,17.1151,-0.2352,-0.4284,-0.193
3,emotion_induction_1,ADK,HRSD_24.1,HRSD24,cross-corpus-882,MinMaxScaler,ET,46,12,5,-0.2826,15.8893,19.2192,-0.5593,-0.8012,-0.4035
3,emotion_induction_1,ADK,HRSD_24.1,HRSD24,cross-corpus-882,MinMaxScaler,GB,46,12,5,-0.3029,17.5731,20.869,-0.3581,-1.1237,-0.1719
3,emotion_induction_1,ADK,HRSD_24.1,HRSD24,cross-corpus-882,MinMaxScaler,XGB,46,12,5,-0.2507,17.324,20.5885,-0.3029,-1.067,-0.1649
3,emotion_induction_1,ADK,HRSD_24.1,HRSD24,cross-corpus-882,MinMaxScaler,MLP,46,12,5,-0.2217,14.469,17.278,-0.5153,-0.4557,-0.386
3,emotion_induction_1,ADK,HRSD_24.1,HRSD24,cross-corpus-882,MinMaxScaler,LGBM,46,12,5,-0.0156,13.3485,16.2244,-0.0343,-0.2836,0.0833
3,emotion_induction_1,ADK,HRSD_24.1,HRSD24,cross-corpus-882,MinMaxScaler,CatBoost,46,12,5,-0.2516,16.4233,19.8054,-0.3576,-0.9127,-0.2912
3,emotion_induction_1,ADK,HRSD_24.1,HRSD24,cross-corpus-882,RobustScaler,Ridge,46,12,10,-0.1545,14.152,16.9075,-0.332,-0.3939,-0.3965
3,emotion_induction_1,ADK,HRSD_24.1,HRSD24,cross-corpus-882,RobustScaler,Lasso,46,12,10,0.0016,12.4522,15.2466,0.0377,-0.1335,0.3579
3,emotion_induction_1,ADK,HRSD_24.1,HRSD24,cross-corpus-882,RobustScaler,ElasticNet,46,12,10,-0.2323,15.2117,17.9984,-0.3541,-0.5796,-0.4316
3,emotion_induction_1,ADK,HRSD_24.1,HRSD24,cross-corpus-882,RobustScaler,SVR,46,12,10,-0.0355,13.4541,16.9916,-0.2258,-0.4078,-0.1298
3,emotion_induction_1,ADK,HRSD_24.1,HRSD24,cross-corpus-882,RobustScaler,KNN,46,12,10,-0.1356,14.3796,17.2135,-0.3151,-0.4448,-0.2724
3,emotion_induction_1,ADK,HRSD_24.1,HRSD24,cross-corpus-882,RobustScaler,RF,46,12,10,-0.1186,13.9853,17.2845,-0.2433,-0.4568,-0.214
3,emotion_induction_1,ADK,HRSD_24.1,HRSD24,cross-corpus-882,RobustScaler,ET,46,12,10,-0.144,14.6667,17.6546,-0.2438,-0.5199,-0.2561
3,emotion_induction_1,ADK,HRSD_24.1,HRSD24,cross-corpus-882,RobustScaler,GB,46,12,10,-0.067,13.8564,17.7789,-0.0908,-0.5413,-0.1088
3,emotion_induction_1,ADK,HRSD_24.1,HRSD24,cross-corpus-882,RobustScaler,XGB,46,12,10,-0.1024,13.4039,18.2672,-0.1357,-0.6271,-0.1368
3,emotion_induction_1,ADK,HRSD_24.1,HRSD24,cross-corpus-882,RobustScaler,MLP,46,12,10,-0.3555,19.9197,25.2857,-0.3656,-2.1177,-0.2737
3,emotion_induction_1,ADK,HRSD_24.1,HRSD24,cross-corpus-882,RobustScaler,LGBM,46,12,10,-0.1783,14.5086,18.0809,-0.383,-0.5941,-0.2724
3,emotion_induction_1,ADK,HRSD_24.1,HRSD24,cross-corpus-882,RobustScaler,CatBoost,46,12,10,-0.0615,13.7468,16.9012,-0.1242,-0.3929,-0.0702
4,emotion_induction_1,ADK,HRSD_24.1,HRSD24,cross-corpus-882,StandardScaler,Ridge,47,11,5,-0.0006,7.6235,9.6874,-0.0009,-0.2942,0.2415
4,emotion_induction_1,ADK,HRSD_24.1,HRSD24,cross-corpus-882,StandardScaler,Lasso,47,11,5,-0.0349,22.2323,38.3622,-0.0863,-19.2953,-0.1595
4,emotion_induction_1,ADK,HRSD_24.1,HRSD24,cross-corpus-882,StandardScaler,ElasticNet,47,11,5,-0.04,21.1693,35.8105,-0.0923,-16.6851,-0.2415
4,emotion_induction_1,ADK,HRSD_24.1,HRSD24,cross-corpus-882,StandardScaler,SVR,47,11,5,0.041,5.7302,8.7198,0.12,-0.0486,0.3189
4,emotion_induction_1,ADK,HRSD_24.1,HRSD24,cross-corpus-882,StandardScaler,KNN,47,11,5,-0.1719,9.2525,11.5199,-0.185,-0.8301,-0.0457
4,emotion_induction_1,ADK,HRSD_24.1,HRSD24,cross-corpus-882,StandardScaler,RF,47,11,5,0.1227,8.0968,9.9429,0.1349,-0.3634,0.1595
4,emotion_induction_1,ADK,HRSD_24.1,HRSD24,cross-corpus-882,StandardScaler,ET,47,11,5,0.1277,7.6468,9.776,0.1428,-0.318,0.1549
4,emotion_induction_1,ADK,HRSD_24.1,HRSD24,cross-corpus-882,StandardScaler,GB,47,11,5,0.1312,10.1949,12.0728,0.1327,-1.0101,0.1503
4,emotion_induction_1,ADK,HRSD_24.1,HRSD24,cross-corpus-882,StandardScaler,XGB,47,11,5,-0.0428,11.024,13.4843,-0.0434,-1.5075,-0.1276
4,emotion_induction_1,ADK,HRSD_24.1,HRSD24,cross-corpus-882,StandardScaler,MLP,47,11,5,-0.1147,12.3209,16.656,-0.1305,-2.8258,-0.2141
4,emotion_induction_1,ADK,HRSD_24.1,HRSD24,cross-corpus-882,StandardScaler,LGBM,47,11,5,0.0078,7.6024,10.2068,0.0087,-0.4367,-0.0185
4,emotion_induction_1,ADK,HRSD_24.1,HRSD24,cross-corpus-882,StandardScaler,CatBoost,47,11,5,0.0935,8.085,10.3701,0.0984,-0.483,0.1367
4,emotion_induction_1,ADK,HRSD_24.1,HRSD24,cross-corpus-882,MinMaxScaler,Ridge,47,11,10,-0.1001,10.678,13.8357,-0.1204,-1.6399,-0.0137
4,emotion_induction_1,ADK,HRSD_24.1,HRSD24,cross-corpus-882,MinMaxScaler,Lasso,47,11,10,-0.1303,12.285,15.5932,-0.1599,-2.3532,-0.0137
4,emotion_induction_1,ADK,HRSD_24.1,HRSD24,cross-corpus-882,MinMaxScaler,ElasticNet,47,11,10,-0.1202,11.7228,15.1794,-0.1475,-2.1776,-0.0137
4,emotion_induction_1,ADK,HRSD_24.1,HRSD24,cross-corpus-882,MinMaxScaler,SVR,47,11,10,-0.1353,9.3235,12.1713,-0.1481,-1.043,0.0592
4,emotion_induction_1,ADK,HRSD_24.1,HRSD24,cross-corpus-882,MinMaxScaler,KNN,47,11,10,-0.2523,8.026,11.225,-0.3377,-0.7376,-0.2511
4,emotion_induction_1,ADK,HRSD_24.1,HRSD24,cross-corpus-882,MinMaxScaler,RF,47,11,10,0.1705,8.5664,10.9287,0.2132,-0.6471,0.205
4,emotion_induction_1,ADK,HRSD_24.1,HRSD24,cross-corpus-882,MinMaxScaler,ET,47,11,10,0.0871,8.268,11.2293,0.0987,-0.739,0.2323
4,emotion_induction_1,ADK,HRSD_24.1,HRSD24,cross-corpus-882,MinMaxScaler,GB,47,11,10,0.1772,10.3635,12.223,0.2293,-1.0604,0.2961
4,emotion_induction_1,ADK,HRSD_24.1,HRSD24,cross-corpus-882,MinMaxScaler,XGB,47,11,10,0.3438,7.7744,9.4576,0.4045,-0.2335,0.5421
4,emotion_induction_1,ADK,HRSD_24.1,HRSD24,cross-corpus-882,MinMaxScaler,MLP,47,11,10,-0.0984,10.2854,14.1688,-0.1193,-1.7685,0.1321
4,emotion_induction_1,ADK,HRSD_24.1,HRSD24,cross-corpus-882,MinMaxScaler,LGBM,47,11,10,0.0677,7.738,9.7064,0.1024,-0.2993,0.0389
4,emotion_induction_1,ADK,HRSD_24.1,HRSD24,cross-corpus-882,MinMaxScaler,CatBoost,47,11,10,0.1331,8.2483,10.3731,0.1578,-0.4839,0.3144
4,emotion_induction_1,ADK,HRSD_24.1,HRSD24,cross-corpus-882,RobustScaler,Ridge,47,11,5,-0.0959,8.6364,11.3364,-0.124,-0.7723,0.0
4,emotion_induction_1,ADK,HRSD_24.1,HRSD24,cross-corpus-882,RobustScaler,Lasso,47,11,5,-0.0953,9.3589,11.6412,-0.1153,-0.8689,-0.0319
4,emotion_induction_1,ADK,HRSD_24.1,HRSD24,cross-corpus-882,RobustScaler,ElasticNet,47,11,5,-0.0813,8.9407,11.4683,-0.1066,-0.8138,-0.1093
4,emotion_induction_1,ADK,HRSD_24.1,HRSD24,cross-corpus-882,RobustScaler,SVR,47,11,5,-0.0186,8.1263,11.336,-0.0241,-0.7722,0.0729
4,emotion_induction_1,ADK,HRSD_24.1,HRSD24,cross-corpus-882,RobustScaler,KNN,47,11,5,0.1272,7.8831,10.3062,0.1454,-0.4648,0.3151
4,emotion_induction_1,ADK,HRSD_24.1,HRSD24,cross-corpus-882,RobustScaler,RF,47,11,5,0.0083,8.6522,11.2698,0.0115,-0.7515,-0.0866
4,emotion_induction_1,ADK,HRSD_24.1,HRSD24,cross-corpus-882,RobustScaler,ET,47,11,5,0.0941,7.4709,10.3289,0.1146,-0.4713,0.1686
4,emotion_induction_1,ADK,HRSD_24.1,HRSD24,cross-corpus-882,RobustScaler,GB,47,11,5,-0.0235,10.689,14.6247,-0.0303,-1.9496,-0.0046
4,emotion_induction_1,ADK,HRSD_24.1,HRSD24,cross-corpus-882,RobustScaler,XGB,47,11,5,-0.0702,10.8537,14.037,-0.0878,-1.7173,-0.0957
4,emotion_induction_1,ADK,HRSD_24.1,HRSD24,cross-corpus-882,RobustScaler,MLP,47,11,5,-0.1127,9.8609,12.746,-0.128,-1.2405,-0.2187
4,emotion_induction_1,ADK,HRSD_24.1,HRSD24,cross-corpus-882,RobustScaler,LGBM,47,11,5,-0.0125,8.2877,10.7365,-0.0209,-0.5897,0.0598
4,emotion_induction_1,ADK,HRSD_24.1,HRSD24,cross-corpus-882,RobustScaler,CatBoost,47,11,5,-0.0666,8.5844,11.4352,-0.0871,-0.8033,-0.1412
5,emotion_induction_1,ADK,HRSD_24.1,HRSD24,cross-corpus-882,StandardScaler,Ridge,47,11,10,-0.0331,52.6854,133.4137,-0.2275,-173.079,-0.3872
5,emotion_induction_1,ADK,HRSD_24.1,HRSD24,cross-corpus-882,StandardScaler,Lasso,47,11,10,-0.0327,51.5548,132.5811,-0.2236,-170.9129,-0.3964
5,emotion_induction_1,ADK,HRSD_24.1,HRSD24,cross-corpus-882,StandardScaler,ElasticNet,47,11,10,-0.0361,51.4875,125.8051,-0.2347,-153.7896,-0.3872
5,emotion_induction_1,ADK,HRSD_24.1,HRSD24,cross-corpus-882,StandardScaler,SVR,47,11,10,-0.44,11.7836,13.7669,-0.5289,-0.8536,-0.6287
5,emotion_induction_1,ADK,HRSD_24.1,HRSD24,cross-corpus-882,StandardScaler,KNN,47,11,10,-0.2747,10.6234,12.5513,-0.375,-0.5407,-0.5708
5,emotion_induction_1,ADK,HRSD_24.1,HRSD24,cross-corpus-882,StandardScaler,RF,47,11,10,-0.1952,9.8942,11.8776,-0.2902,-0.3798,-0.3508
5,emotion_induction_1,ADK,HRSD_24.1,HRSD24,cross-corpus-882,StandardScaler,ET,47,11,10,-0.2401,11.3155,12.7126,-0.2958,-0.5806,-0.4465
5,emotion_induction_1,ADK,HRSD_24.1,HRSD24,cross-corpus-882,StandardScaler,GB,47,11,10,-0.3379,12.7452,13.7634,-0.3821,-0.8527,-0.6515
5,emotion_induction_1,ADK,HRSD_24.1,HRSD24,cross-corpus-882,StandardScaler,XGB,47,11,10,-0.2064,10.4665,12.5223,-0.2537,-0.5336,-0.2825
5,emotion_induction_1,ADK,HRSD_24.1,HRSD24,cross-corpus-882,StandardScaler,MLP,47,11,10,-0.0169,89.7051,254.9868,-0.223,-634.8882,-0.6424
5,emotion_induction_1,ADK,HRSD_24.1,HRSD24,cross-corpus-882,StandardScaler,LGBM,47,11,10,-0.1605,9.7138,12.4843,-0.1902,-0.5243,-0.3494
5,emotion_induction_1,ADK,HRSD_24.1,HRSD24,cross-corpus-882,StandardScaler,CatBoost,47,11,10,-0.2267,10.1428,11.8673,-0.3633,-0.3774,-0.5649
5,emotion_induction_1,ADK,HRSD_24.1,HRSD24,cross-corpus-882,MinMaxScaler,Ridge,47,11,10,-0.0309,52.0627,137.7907,-0.2188,-184.6887,-0.451
5,emotion_induction_1,ADK,HRSD_24.1,HRSD24,cross-corpus-882,MinMaxScaler,Lasso,47,11,10,-0.0291,57.1918,149.1424,-0.2234,-216.5442,-0.3964
5,emotion_induction_1,ADK,HRSD_24.1,HRSD24,cross-corpus-882,MinMaxScaler,ElasticNet,47,11,10,-0.0278,58.3978,154.716,-0.2213,-233.1077,-0.3964
5,emotion_induction_1,ADK,HRSD_24.1,HRSD24,cross-corpus-882,MinMaxScaler,SVR,47,11,10,-0.3961,12.4037,13.9848,-0.4462,-0.9127,-0.4784
5,emotion_induction_1,ADK,HRSD_24.1,HRSD24,cross-corpus-882,MinMaxScaler,KNN,47,11,10,-0.1495,9.3377,11.4382,-0.2576,-0.2796,-0.1822
5,emotion_induction_1,ADK,HRSD_24.1,HRSD24,cross-corpus-882,MinMaxScaler,RF,47,11,10,-0.3801,11.1705,13.2262,-0.4816,-0.7109,-0.533
5,emotion_induction_1,ADK,HRSD_24.1,HRSD24,cross-corpus-882,MinMaxScaler,ET,47,11,10,-0.3446,11.5636,13.3989,-0.4146,-0.7558,-0.5148
5,emotion_induction_1,ADK,HRSD_24.1,HRSD24,cross-corpus-882,MinMaxScaler,GB,47,11,10,-0.2065,10.8696,12.6117,-0.2509,-0.5556,-0.4146
5,emotion_induction_1,ADK,HRSD_24.1,HRSD24,cross-corpus-882,MinMaxScaler,XGB,47,11,10,-0.2502,10.7741,12.9243,-0.2996,-0.6336,-0.4055
5,emotion_induction_1,ADK,HRSD_24.1,HRSD24,cross-corpus-882,MinMaxScaler,MLP,47,11,10,-0.0509,34.9973,84.8362,-0.221,-69.3894,-0.5421
5,emotion_induction_1,ADK,HRSD_24.1,HRSD24,cross-corpus-882,MinMaxScaler,LGBM,47,11,10,-0.4018,11.3374,13.5397,-0.4954,-0.7929,-0.5609
5,emotion_induction_1,ADK,HRSD_24.1,HRSD24,cross-corpus-882,MinMaxScaler,CatBoost,47,11,10,-0.3991,11.0123,13.4442,-0.5107,-0.7677,-0.5831
5,emotion_induction_1,ADK,HRSD_24.1,HRSD24,cross-corpus-882,RobustScaler,Ridge,47,11,5,-0.0167,87.6585,252.0842,-0.2179,-620.4934,-0.4692
5,emotion_induction_1,ADK,HRSD_24.1,HRSD24,cross-corpus-882,RobustScaler,Lasso,47,11,5,-0.0176,82.8033,237.7837,-0.2165,-551.9801,-0.4146
5,emotion_induction_1,ADK,HRSD_24.1,HRSD24,cross-corpus-882,RobustScaler,ElasticNet,47,11,5,-0.0202,73.9868,209.2238,-0.2174,-427.1219,-0.4692
5,emotion_induction_1,ADK,HRSD_24.1,HRSD24,cross-corpus-882,RobustScaler,SVR,47,11,5,-0.18,9.276,11.2887,-0.5459,-0.2463,-0.6014
5,emotion_induction_1,ADK,HRSD_24.1,HRSD24,cross-corpus-882,RobustScaler,KNN,47,11,5,-0.4615,11.8384,13.367,-0.6585,-0.7475,-0.5845
5,emotion_induction_1,ADK,HRSD_24.1,HRSD24,cross-corpus-882,RobustScaler,RF,47,11,5,-0.262,10.288,12.8086,-0.3421,-0.6045,-0.328
5,emotion_induction_1,ADK,HRSD_24.1,HRSD24,cross-corpus-882,RobustScaler,ET,47,11,5,-0.4457,12.1,14.7086,-0.5899,-1.1159,-0.6241
5,emotion_induction_1,ADK,HRSD_24.1,HRSD24,cross-corpus-882,RobustScaler,GB,47,11,5,-0.0592,10.9111,11.9289,-0.0695,-0.3917,-0.3144
5,emotion_induction_1,ADK,HRSD_24.1,HRSD24,cross-corpus-882,RobustScaler,XGB,47,11,5,-0.1571,11.0307,12.4624,-0.1847,-0.519,-0.3599
5,emotion_induction_1,ADK,HRSD_24.1,HRSD24,cross-corpus-882,RobustScaler,MLP,47,11,5,-0.01,141.3996,422.26,-0.2177,-1742.8352,-0.5421
5,emotion_induction_1,ADK,HRSD_24.1,HRSD24,cross-corpus-882,RobustScaler,LGBM,47,11,5,-0.3095,10.8126,13.8753,-0.3378,-0.8829,-0.435
5,emotion_induction_1,ADK,HRSD_24.1,HRSD24,cross-corpus-882,RobustScaler,CatBoost,47,11,5,-0.2825,10.6669,12.7751,-0.3674,-0.5962,-0.4328
